MM:DD:YYYY hh:mm:ss,Library_Version,Session_type,Device_Number,Battery_Voltage,Motor_Turns,FR,Event,Active_Poke,Left_Poke_Count,Right_Poke_Count,Pellet_Count,Block_Pellet_Count,Retrieval_Time,InterPelletInterval,Poke_Time
8/21/2026 17:09:34,1.17.3,StopSig,2,4.07,nan,1,>Left_Regular_trial,Left,1,0,0,423233,nan,nan,nan
8/21/2026 17:09:38,1.17.3,StopSig,2,4.07,nan,1,NoPoke_Regular_(incorrect),Left,1,0,0,426867,nan,nan,nan
8/21/2026 17:10:31,1.17.3,StopSig,2,4.06,nan,1,>Left_Regular_trial,Left,2,0,0,480003,nan,nan,nan
8/21/2026 17:10:35,1.17.3,StopSig,2,4.06,nan,1,NoPoke_Regular_(incorrect),Left,2,0,0,483785,nan,nan,nan
8/21/2026 17:11:42,1.17.3,StopSig,2,4.07,nan,1,>Left_Regular_trial,Left,3,0,0,550585,nan,nan,nan
8/21/2026 17:11:45,1.17.3,StopSig,2,4.06,nan,1,NoPoke_Regular_(incorrect),Left,3,0,0,553926,nan,nan,nan
8/21/2026 17:15:22,1.17.3,StopSig,2,4.06,nan,1,>Left_Regular_trial,Left,4,0,0,770999,nan,nan,nan
8/21/2026 17:15:24,1.17.3,StopSig,2,4.06,nan,1,Right_Regular_(correct),Left,4,1,0,773033,nan,nan,nan
8/21/2026 17:15:24,1.17.3,StopSig,2,3.97,nan,1,RightDuringDispense,Left,4,2,0,773033,nan,nan,0.02
8/21/2026 17:15:29,1.17.3,StopSig,2,4.07,3,1,Pellet,Left,4,2,1,773033,0.41,nan,nan
8/21/2026 17:15:39,1.17.3,StopSig,2,4.06,nan,1,>Left_Regular_trial,Left,5,2,1,788295,nan,nan,nan
8/21/2026 17:15:40,1.17.3,StopSig,2,4.06,nan,1,Right_Regular_(correct),Left,5,3,1,789600,nan,nan,nan
8/21/2026 17:15:50,1.17.3,StopSig,2,4.06,3,1,Pellet,Left,5,3,2,789600,4.30,21,nan
8/21/2026 17:16:08,1.17.3,StopSig,2,4.06,nan,1,Right_no_left,Left,5,4,2,789600,nan,nan,nan
8/21/2026 17:16:10,1.17.3,StopSig,2,4.07,nan,1,>Left_Regular_trial,Left,6,4,2,819076,nan,nan,nan
8/21/2026 17:16:11,1.17.3,StopSig,2,4.07,nan,1,Right_Regular_(correct),Left,6,5,2,820238,nan,nan,nan
8/21/2026 17:16:12,1.17.3,StopSig,2,4.06,nan,1,RightDuringDispense,Left,6,6,2,820238,nan,nan,0.24
8/21/2026 17:16:12,1.17.3,StopSig,2,4.06,1,1,Pellet,Left,6,6,3,820238,0.06,22,nan
8/21/2026 17:16:24,1.17.3,StopSig,2,4.07,nan,1,>Left_Regular_trial,Left,7,6,3,833094,nan,nan,nan
8/21/2026 17:16:28,1.17.3,StopSig,2,4.06,nan,1,NoPoke_Regular_(incorrect),Left,7,6,3,836875,nan,nan,nan
8/21/2026 17:17:10,1.17.3,StopSig,2,4.06,nan,1,>Left_Regular_trial,Left,8,6,3,878967,nan,nan,nan
8/21/2026 17:17:14,1.17.3,StopSig,2,4.06,nan,1,Right_Regular_(correct),Left,8,7,3,882746,nan,nan,nan
8/21/2026 17:17:14,1.17.3,StopSig,2,4.06,nan,1,RightDuringDispense,Left,8,8,3,882746,nan,nan,0.41
8/21/2026 17:17:16,1.17.3,StopSig,2,4.06,1,1,Pellet,Left,8,8,4,882746,0.53,64,nan
8/21/2026 17:17:38,1.17.3,StopSig,2,4.06,nan,1,Right_no_left,Left,8,9,4,882746,nan,nan,nan
8/21/2026 17:17:40,1.17.3,StopSig,2,4.06,nan,1,>Left_Regular_trial,Left,9,9,4,908870,nan,nan,nan
8/21/2026 17:17:41,1.17.3,StopSig,2,4.06,nan,1,Right_Regular_(correct),Left,9,10,4,910321,nan,nan,nan
8/21/2026 17:17:42,1.17.3,StopSig,2,4.07,nan,1,RightDuringDispense,Left,9,11,4,910321,nan,nan,0.07
8/21/2026 17:17:43,1.17.3,StopSig,2,4.07,2,1,Pellet,Left,9,11,5,910321,0.06,27,nan
8/21/2026 17:17:56,1.17.3,StopSig,2,4.06,nan,1,>Left_Regular_trial,Left,10,11,5,924906,nan,nan,nan
8/21/2026 17:17:57,1.17.3,StopSig,2,4.05,nan,1,Right_Regular_(correct),Left,10,12,5,925925,nan,nan,nan
8/21/2026 17:17:57,1.17.3,StopSig,2,4.06,nan,1,RightDuringDispense,Left,10,13,5,925925,nan,nan,0.05
8/21/2026 17:18:00,1.17.3,StopSig,2,4.07,2,1,Pellet,Left,10,13,6,925925,0.71,17,nan
8/21/2026 17:18:25,1.17.3,StopSig,2,4.07,nan,1,Right_no_left,Left,10,14,6,925925,nan,nan,nan
8/21/2026 17:19:51,1.17.3,StopSig,2,4.06,nan,1,Right_no_left,Left,10,15,6,954407,nan,nan,nan
8/21/2026 17:20:49,1.17.3,StopSig,2,4.06,nan,1,>Left_Regular_trial,Left,11,15,6,1098340,nan,nan,nan
8/21/2026 17:20:53,1.17.3,StopSig,2,4.06,nan,1,NoPoke_Regular_(incorrect),Left,11,15,6,1101836,nan,nan,nan
8/21/2026 17:49:01,1.17.3,StopSig,2,4.06,nan,1,>Left_Regular_trial,Left,12,15,6,2790021,nan,nan,nan
8/21/2026 17:49:05,1.17.3,StopSig,2,4.06,nan,1,NoPoke_Regular_(incorrect),Left,12,15,6,2793957,nan,nan,nan
8/21/2026 17:49:38,1.17.3,StopSig,2,4.06,nan,1,>Left_Regular_trial,Left,13,15,6,2826899,nan,nan,nan
8/21/2026 17:49:39,1.17.3,StopSig,2,4.06,nan,1,Right_Regular_(correct),Left,13,16,6,2828503,nan,nan,nan
8/21/2026 17:49:40,1.17.3,StopSig,2,4.06,nan,1,RightDuringDispense,Left,13,17,6,2828503,nan,nan,0.32
8/21/2026 17:49:41,1.17.3,StopSig,2,4.05,2,1,Pellet,Left,13,17,7,2828503,0.06,1901,nan
8/21/2026 17:49:56,1.17.3,StopSig,2,4.05,nan,1,>Left_Regular_trial,Left,14,17,7,2844558,nan,nan,nan
8/21/2026 17:49:59,1.17.3,StopSig,2,4.05,nan,1,NoPoke_Regular_(incorrect),Left,14,17,7,2847906,nan,nan,nan
8/21/2026 17:50:30,1.17.3,StopSig,2,4.05,nan,1,>Left_Regular_trial,Left,15,17,7,2879390,nan,nan,nan
8/21/2026 17:50:34,1.17.3,StopSig,2,4.06,nan,1,NoPoke_Regular_(incorrect),Left,15,17,7,2882886,nan,nan,nan
8/21/2026 17:51:09,1.17.3,StopSig,2,4.05,nan,1,Right_no_left,Left,15,18,7,2882886,nan,nan,nan
8/21/2026 17:51:09,1.17.3,StopSig,2,4.06,nan,1,Right_no_left,Left,15,19,7,2918296,nan,nan,nan
8/21/2026 17:51:10,1.17.3,StopSig,2,4.06,nan,1,Right_no_left,Left,15,20,7,2918731,nan,nan,nan
8/21/2026 17:51:27,1.17.3,StopSig,2,4.06,nan,1,>Left_Regular_trial,Left,16,20,7,2935646,nan,nan,nan
8/21/2026 17:51:29,1.17.3,StopSig,2,4.06,nan,1,Right_Regular_(correct),Left,16,21,7,2937831,nan,nan,nan
8/21/2026 17:51:29,1.17.3,StopSig,2,4.06,nan,1,RightDuringDispense,Left,16,22,7,2937831,nan,nan,0.02
8/21/2026 17:51:33,1.17.3,StopSig,2,4.06,3,1,Pellet,Left,16,22,8,2937831,0.89,112,nan
8/21/2026 18:00:36,1.17.3,StopSig,2,4.06,nan,1,>Left_Regular_trial,Left,17,22,8,3485533,nan,nan,nan
8/21/2026 18:00:39,1.17.3,StopSig,2,4.05,nan,1,Right_Regular_(correct),Left,17,23,8,3488013,nan,nan,nan
8/21/2026 18:00:39,1.17.3,StopSig,2,4.06,nan,1,RightDuringDispense,Left,17,24,8,3488013,nan,nan,0.29
8/21/2026 18:00:41,1.17.3,StopSig,2,4.06,2,1,Pellet,Left,17,24,9,3488013,0.06,548,nan
8/21/2026 18:00:51,1.17.3,StopSig,2,4.06,nan,1,>Left_Regular_trial,Left,18,24,9,3500228,nan,nan,nan
8/21/2026 18:00:53,1.17.3,StopSig,2,4.05,nan,1,Right_Regular_(correct),Left,18,25,9,3501978,nan,nan,nan
8/21/2026 18:01:03,1.17.3,StopSig,2,4.05,2,1,Pellet,Left,18,25,10,3501978,9.47,22,nan
8/21/2026 18:01:22,1.17.3,StopSig,2,4.06,nan,1,Right_no_left,Left,18,26,10,3501978,nan,nan,nan
8/21/2026 18:01:26,1.17.3,StopSig,2,4.05,nan,1,>Left_Stop_trial,Left,19,26,10,3534697,nan,nan,nan
8/21/2026 18:01:29,1.17.3,StopSig,2,4.05,nan,1,NoPoke_STOP_(correct),Left,19,26,10,3537936,nan,nan,nan
8/21/2026 18:01:30,1.17.3,StopSig,2,4.06,1,1,Pellet,Left,19,26,11,3537936,0.95,27,nan
8/21/2026 18:04:12,1.17.3,StopSig,2,4.06,nan,1,Right_no_left,Left,19,27,11,3537936,nan,nan,nan
8/21/2026 18:10:53,1.17.3,StopSig,2,4.05,nan,1,Right_no_left,Left,19,28,11,3701064,nan,nan,nan
8/21/2026 18:12:12,1.17.3,StopSig,2,4.06,nan,1,Right_no_left,Left,19,29,11,4101886,nan,nan,nan
8/21/2026 18:16:26,1.17.3,StopSig,2,4.06,nan,1,>Left_Regular_trial,Left,20,29,11,4434822,nan,nan,nan
8/21/2026 18:16:30,1.17.3,StopSig,2,4.05,nan,1,NoPoke_Regular_(incorrect),Left,20,29,11,4439058,nan,nan,nan
8/21/2026 18:19:47,1.17.3,StopSig,2,4.06,nan,1,>Left_Regular_trial,Left,21,29,11,4635697,nan,nan,nan
8/21/2026 18:19:48,1.17.3,StopSig,2,4.05,nan,1,Right_Regular_(correct),Left,21,30,11,4637449,nan,nan,nan
8/21/2026 18:19:49,1.17.3,StopSig,2,4.05,nan,1,RightDuringDispense,Left,21,31,11,4637449,nan,nan,0.09
8/21/2026 18:19:50,1.17.3,StopSig,2,3.96,nan,1,RightDuringDispense,Left,21,32,11,4637449,nan,nan,1.04
8/21/2026 18:19:51,1.17.3,StopSig,2,4.05,1,1,Pellet,Left,21,32,12,4637449,0.53,1101,nan
8/21/2026 18:20:04,1.17.3,StopSig,2,4.05,nan,1,Right_no_left,Left,21,33,12,4637449,nan,nan,nan
8/21/2026 18:20:09,1.17.3,StopSig,2,4.05,nan,1,>Left_Regular_trial,Left,22,33,12,4658484,nan,nan,nan
8/21/2026 18:20:13,1.17.3,StopSig,2,4.05,nan,1,NoPoke_Regular_(incorrect),Left,22,33,12,4661993,nan,nan,nan
8/21/2026 18:35:41,1.17.3,StopSig,2,4.05,nan,1,>Left_Regular_trial,Left,23,33,12,5590347,nan,nan,nan
8/21/2026 18:35:45,1.17.3,StopSig,2,4.05,nan,1,NoPoke_Regular_(incorrect),Left,23,33,12,5594003,nan,nan,nan
8/21/2026 18:37:55,1.17.3,StopSig,2,4.05,nan,1,>Left_Stop_trial,Left,24,33,12,5724125,nan,nan,nan
8/21/2026 18:37:59,1.17.3,StopSig,2,4.05,nan,1,NoPoke_STOP_(correct),Left,24,33,12,5728099,nan,nan,nan
8/21/2026 18:38:03,1.17.3,StopSig,2,4.05,1,1,Pellet,Left,24,33,13,5728099,3.59,1092,nan
8/21/2026 18:38:12,1.17.3,StopSig,2,4.05,nan,1,>Left_Regular_trial,Left,25,33,13,5740950,nan,nan,nan
8/21/2026 18:38:16,1.17.3,StopSig,2,4.05,nan,1,NoPoke_Regular_(incorrect),Left,25,33,13,5745046,nan,nan,nan
8/21/2026 18:38:48,1.17.3,StopSig,2,4.05,nan,1,Right_no_left,Left,25,34,13,5745046,nan,nan,nan
8/21/2026 18:38:49,1.17.3,StopSig,2,4.05,nan,1,Right_no_left,Left,25,35,13,5777265,nan,nan,nan
8/21/2026 18:40:13,1.17.3,StopSig,2,4.05,nan,1,>Left_Stop_trial,Left,26,35,13,5861867,nan,nan,nan
8/21/2026 18:40:17,1.17.3,StopSig,2,4.05,nan,1,NoPoke_STOP_(correct),Left,26,35,13,5865988,nan,nan,nan
8/21/2026 18:40:26,1.17.3,StopSig,2,4.05,1,1,Pellet,Left,26,35,14,5865988,8.57,143,nan
8/21/2026 18:48:28,1.17.3,StopSig,2,4.05,nan,1,>Left_Regular_trial,Left,27,35,14,6357507,nan,nan,nan
8/21/2026 18:48:32,1.17.3,StopSig,2,4.05,nan,1,NoPoke_Regular_(incorrect),Left,27,35,14,6361014,nan,nan,nan
8/21/2026 19:00:37,1.17.3,StopSig,2,4.05,nan,1,>Left_Stop_trial,Left,28,35,14,7086198,nan,nan,nan
8/21/2026 19:00:41,1.17.3,StopSig,2,4.05,nan,1,NoPoke_STOP_(correct),Left,28,35,14,7090171,nan,nan,nan
8/21/2026 19:00:47,1.17.3,StopSig,2,4.05,4,1,Pellet,Left,28,35,15,7090171,0.47,1221,nan
8/21/2026 19:01:00,1.17.3,StopSig,2,4.05,nan,1,>Left_Regular_trial,Left,29,35,15,7109484,nan,nan,nan
8/21/2026 19:01:01,1.17.3,StopSig,2,4.05,nan,1,Right_Regular_(correct),Left,29,36,15,7110505,nan,nan,nan
8/21/2026 19:01:02,1.17.3,StopSig,2,4.05,2,1,Pellet,Left,29,36,16,7110505,0.06,15,nan
8/21/2026 19:01:12,1.17.3,StopSig,2,4.05,nan,1,>Left_Regular_trial,Left,30,36,16,7121365,nan,nan,nan
8/21/2026 19:01:13,1.17.3,StopSig,2,4.05,nan,1,Right_Regular_(correct),Left,30,37,16,7122386,nan,nan,nan
8/21/2026 19:01:14,1.17.3,StopSig,2,4.05,2,1,Pellet,Left,30,37,17,7122386,0.11,12,nan
8/21/2026 19:01:25,1.17.3,StopSig,2,4.05,nan,1,>Left_Regular_trial,Left,31,37,17,7134076,nan,nan,nan
8/21/2026 19:01:26,1.17.3,StopSig,2,4.05,nan,1,Right_Regular_(correct),Left,31,38,17,7135536,nan,nan,nan
8/21/2026 19:01:27,1.17.3,StopSig,2,4.05,nan,1,RightDuringDispense,Left,31,39,17,7135536,nan,nan,0.05
8/21/2026 19:01:28,1.17.3,StopSig,2,4.05,2,1,Pellet,Left,31,39,18,7135536,0.06,14,nan
8/21/2026 19:01:40,1.17.3,StopSig,2,4.05,nan,1,Right_no_left,Left,31,40,18,7135536,nan,nan,nan
8/21/2026 19:01:40,1.17.3,StopSig,2,4.05,nan,1,Right_no_left,Left,31,41,18,7149523,nan,nan,nan
8/21/2026 19:01:44,1.17.3,StopSig,2,4.05,nan,1,>Left_Regular_trial,Left,32,41,18,7153318,nan,nan,nan
8/21/2026 19:01:45,1.17.3,StopSig,2,4.05,nan,1,Right_Regular_(correct),Left,32,42,18,7154338,nan,nan,nan
8/21/2026 19:01:46,1.17.3,StopSig,2,4.05,nan,1,RightDuringDispense,Left,32,43,18,7154338,nan,nan,0.26
8/21/2026 19:01:49,1.17.3,StopSig,2,4.05,3,1,Pellet,Left,32,43,19,7154338,0.06,21,nan
8/21/2026 19:01:57,1.17.3,StopSig,2,4.05,nan,1,>Left_Regular_trial,Left,33,43,19,7166294,nan,nan,nan
8/21/2026 19:01:58,1.17.3,StopSig,2,4.05,nan,1,Right_Regular_(correct),Left,33,44,19,7167170,nan,nan,nan
8/21/2026 19:01:58,1.17.3,StopSig,2,3.95,nan,1,RightDuringDispense,Left,33,45,19,7167170,nan,nan,0.20
8/21/2026 19:01:59,1.17.3,StopSig,2,4.05,1,1,Pellet,Left,33,45,20,7167170,0.35,10,nan
8/21/2026 19:02:09,1.17.3,StopSig,2,4.05,nan,1,>Left_Regular_trial,Left,34,45,20,7177753,nan,nan,nan
8/21/2026 19:02:12,1.17.3,StopSig,2,4.05,nan,1,NoPoke_Regular_(incorrect),Left,34,45,20,7181116,nan,nan,nan
8/21/2026 19:02:43,1.17.3,StopSig,2,4.05,nan,1,Right_no_left,Left,34,46,20,7181116,nan,nan,nan
8/21/2026 19:02:47,1.17.3,StopSig,2,4.05,nan,1,>Left_Stop_trial,Left,35,46,20,7215823,nan,nan,nan
8/21/2026 19:02:50,1.17.3,StopSig,2,4.05,nan,1,NoPoke_STOP_(correct),Left,35,46,20,7219067,nan,nan,nan
8/21/2026 19:02:51,1.17.3,StopSig,2,4.05,2,1,Pellet,Left,35,46,21,7219067,0.53,52,nan
8/21/2026 19:03:02,1.17.3,StopSig,2,4.05,nan,1,>Left_Regular_trial,Left,36,46,21,7230975,nan,nan,nan
8/21/2026 19:03:03,1.17.3,StopSig,2,4.05,nan,1,Right_Regular_(correct),Left,36,47,21,7232727,nan,nan,nan
8/21/2026 19:03:04,1.17.3,StopSig,2,4.05,2,1,Pellet,Left,36,47,22,7232727,0.06,13,nan
8/21/2026 19:03:14,1.17.3,StopSig,2,4.05,nan,1,>Left_Regular_trial,Left,37,47,22,7243125,nan,nan,nan
8/21/2026 19:03:16,1.17.3,StopSig,2,4.05,nan,1,Right_Regular_(correct),Left,37,48,22,7245169,nan,nan,nan
8/21/2026 19:03:16,1.17.3,StopSig,2,4.05,nan,1,RightDuringDispense,Left,37,49,22,7245169,nan,nan,0.29
8/21/2026 19:03:17,1.17.3,StopSig,2,4.05,2,1,Pellet,Left,37,49,23,7245169,0.17,13,nan
8/21/2026 19:29:42,1.17.3,StopSig,2,4.05,nan,1,Right_no_left,Left,37,50,23,7245169,nan,nan,nan
8/21/2026 19:29:43,1.17.3,StopSig,2,4.05,nan,1,Right_no_left,Left,37,51,23,8831764,nan,nan,nan
8/21/2026 19:30:11,1.17.3,StopSig,2,4.05,nan,1,Right_no_left,Left,37,52,23,8832347,nan,nan,nan
8/21/2026 19:31:40,1.17.3,StopSig,2,4.05,nan,1,>Left_Stop_trial,Left,38,52,23,8948704,nan,nan,nan
8/21/2026 19:31:43,1.17.3,StopSig,2,4.05,nan,1,NoPoke_STOP_(correct),Left,38,52,23,8952240,nan,nan,nan
8/21/2026 19:31:45,1.17.3,StopSig,2,4.05,1,1,Pellet,Left,38,52,24,8952240,1.37,1708,nan
8/21/2026 19:31:56,1.17.3,StopSig,2,4.05,nan,1,>Left_Regular_trial,Left,39,52,24,8965325,nan,nan,nan
8/21/2026 19:31:59,1.17.3,StopSig,2,4.05,nan,1,Right_Regular_(correct),Left,39,53,24,8968395,nan,nan,nan
8/21/2026 19:32:00,1.17.3,StopSig,2,4.05,1,1,Pellet,Left,39,53,25,8968395,0.06,15,nan
8/21/2026 19:32:08,1.17.3,StopSig,2,4.05,nan,1,Right_no_left,Left,39,54,25,8968395,nan,nan,nan
8/21/2026 19:32:11,1.17.3,StopSig,2,4.05,nan,1,>Left_Stop_trial,Left,40,54,25,8979953,nan,nan,nan
8/21/2026 19:32:14,1.17.3,StopSig,2,4.05,nan,1,NoPoke_STOP_(correct),Left,40,54,25,8983197,nan,nan,nan
8/21/2026 19:32:15,1.17.3,StopSig,2,4.04,1,1,Pellet,Left,40,54,26,8983197,0.12,15,nan
8/21/2026 19:32:28,1.17.3,StopSig,2,4.05,nan,1,Right_no_left,Left,40,55,26,8983197,nan,nan,nan
8/21/2026 20:02:27,1.17.3,StopSig,2,4.05,nan,1,>Left_Regular_trial,Left,41,55,26,10795926,nan,nan,nan
8/21/2026 20:02:29,1.17.3,StopSig,2,4.04,nan,1,Right_Regular_(correct),Left,41,56,26,10798121,nan,nan,nan
8/21/2026 20:02:29,1.17.3,StopSig,2,4.04,nan,1,RightDuringDispense,Left,41,57,26,10798121,nan,nan,0.28
8/21/2026 20:02:31,1.17.3,StopSig,2,4.04,1,1,Pellet,Left,41,57,27,10798121,0.65,1816,nan
8/21/2026 20:02:49,1.17.3,StopSig,2,4.05,nan,1,Right_no_left,Left,41,58,27,10798121,nan,nan,nan
8/21/2026 20:02:50,1.17.3,StopSig,2,4.04,nan,1,Right_no_left,Left,41,59,27,10818803,nan,nan,nan
8/21/2026 20:02:53,1.17.3,StopSig,2,4.04,nan,1,>Left_Regular_trial,Left,42,59,27,10822024,nan,nan,nan
8/21/2026 20:02:54,1.17.3,StopSig,2,4.05,nan,1,Right_Regular_(correct),Left,42,60,27,10823197,nan,nan,nan
8/21/2026 20:02:54,1.17.3,StopSig,2,3.94,nan,1,RightDuringDispense,Left,42,61,27,10823197,nan,nan,0.13
8/21/2026 20:02:57,1.17.3,StopSig,2,4.04,2,1,Pellet,Left,42,61,28,10823197,0.23,26,nan
8/21/2026 20:03:09,1.17.3,StopSig,2,4.05,nan,1,Right_no_left,Left,42,62,28,10823197,nan,nan,nan
8/21/2026 20:03:10,1.17.3,StopSig,2,4.05,nan,1,Right_no_left,Left,42,63,28,10839022,nan,nan,nan
8/21/2026 20:03:13,1.17.3,StopSig,2,4.05,nan,1,>Left_Regular_trial,Left,43,63,28,10842690,nan,nan,nan
8/21/2026 20:03:14,1.17.3,StopSig,2,4.04,nan,1,Right_Regular_(correct),Left,43,64,28,10843861,nan,nan,nan
8/21/2026 20:03:15,1.17.3,StopSig,2,4.04,nan,1,RightDuringDispense,Left,43,65,28,10843861,nan,nan,0.01
8/21/2026 20:03:23,1.17.3,StopSig,2,4.04,2,1,Pellet,Left,43,65,29,10843861,6.05,26,nan
8/21/2026 20:03:47,1.17.3,StopSig,2,4.05,nan,1,>Left_Stop_trial,Left,44,65,29,10875841,nan,nan,nan
8/21/2026 20:03:50,1.17.3,StopSig,2,4.05,nan,1,NoPoke_STOP_(correct),Left,44,65,29,10879240,nan,nan,nan
8/21/2026 20:03:51,1.17.3,StopSig,2,4.04,1,1,Pellet,Left,44,65,30,10879240,0.41,28,nan
8/21/2026 20:04:05,1.17.3,StopSig,2,4.04,nan,1,>Left_Regular_trial,Left,45,65,30,10894442,nan,nan,nan
8/21/2026 20:04:07,1.17.3,StopSig,2,4.04,nan,1,Right_Regular_(correct),Left,45,66,30,10896639,nan,nan,nan
8/21/2026 20:04:08,1.17.3,StopSig,2,4.04,nan,1,RightDuringDispense,Left,45,67,30,10896639,nan,nan,0.14
8/21/2026 20:04:16,1.17.3,StopSig,2,4.04,2,1,Pellet,Left,45,67,31,10896639,5.63,25,nan
8/21/2026 20:09:47,1.17.3,StopSig,2,4.05,nan,1,Right_no_left,Left,45,68,31,10896639,nan,nan,nan
8/21/2026 20:09:49,1.17.3,StopSig,2,4.04,nan,1,>Left_Regular_trial,Left,46,68,31,11238740,nan,nan,nan
8/21/2026 20:09:53,1.17.3,StopSig,2,4.05,nan,1,NoPoke_Regular_(incorrect),Left,46,68,31,11242259,nan,nan,nan
8/21/2026 20:11:08,1.17.3,StopSig,2,4.05,nan,1,>Left_Stop_trial,Left,47,68,31,11316997,nan,nan,nan
8/21/2026 20:11:11,1.17.3,StopSig,2,4.04,nan,1,NoPoke_STOP_(correct),Left,47,68,31,11320243,nan,nan,nan
8/21/2026 20:11:14,1.17.3,StopSig,2,4.05,3,1,Pellet,Left,47,68,32,11320243,0.06,418,nan
8/21/2026 20:11:23,1.17.3,StopSig,2,4.04,nan,1,>Left_Regular_trial,Left,48,68,32,11332037,nan,nan,nan
8/21/2026 20:11:23,1.17.3,StopSig,2,4.04,nan,1,Right_Regular_(correct),Left,48,69,32,11332914,nan,nan,nan
8/21/2026 20:11:24,1.17.3,StopSig,2,4.04,nan,1,RightDuringDispense,Left,48,70,32,11332914,nan,nan,0.19
8/21/2026 20:11:25,1.17.3,StopSig,2,4.05,1,1,Pellet,Left,48,70,33,11332914,0.23,11,nan
8/21/2026 20:11:35,1.17.3,StopSig,2,4.05,nan,1,Right_no_left,Left,48,71,33,11332914,nan,nan,nan
8/21/2026 20:11:42,1.17.3,StopSig,2,4.05,nan,1,Right_no_left,Left,48,72,33,11345096,nan,nan,nan
8/21/2026 20:17:14,1.17.3,StopSig,2,4.04,nan,1,>Left_Regular_trial,Left,49,72,33,11683673,nan,nan,nan
8/21/2026 20:17:18,1.17.3,StopSig,2,4.04,nan,1,NoPoke_Regular_(incorrect),Left,49,72,33,11687333,nan,nan,nan
8/21/2026 20:21:41,1.17.3,StopSig,2,4.04,nan,1,Right_no_left,Left,49,73,33,11687333,nan,nan,nan
8/21/2026 20:24:31,1.17.3,StopSig,2,4.04,nan,1,>Left_Regular_trial,Left,50,73,33,12120771,nan,nan,nan
8/21/2026 20:24:35,1.17.3,StopSig,2,4.04,nan,1,NoPoke_Regular_(incorrect),Left,50,73,33,12124289,nan,nan,nan
8/21/2026 20:30:29,1.17.3,StopSig,2,4.04,nan,1,>Left_Regular_trial,Left,51,73,33,12478757,nan,nan,nan
8/21/2026 20:30:33,1.17.3,StopSig,2,4.04,nan,1,NoPoke_Regular_(incorrect),Left,51,73,33,12482273,nan,nan,nan
8/21/2026 20:34:16,1.17.3,StopSig,2,4.04,nan,1,Right_no_left,Left,51,74,33,12482273,nan,nan,nan
8/21/2026 20:34:17,1.17.3,StopSig,2,4.04,nan,1,Right_no_left,Left,51,75,33,12706161,nan,nan,nan
8/21/2026 20:41:16,1.17.3,StopSig,2,4.04,nan,1,Right_no_left,Left,51,76,33,12706597,nan,nan,nan
8/21/2026 20:41:19,1.17.3,StopSig,2,4.04,nan,1,>Left_Regular_trial,Left,52,76,33,13128006,nan,nan,nan
8/21/2026 20:41:20,1.17.3,StopSig,2,4.04,nan,1,Right_Regular_(correct),Left,52,77,33,13129176,nan,nan,nan
8/21/2026 20:41:20,1.17.3,StopSig,2,4.04,nan,1,RightDuringDispense,Left,52,78,33,13129176,nan,nan,0.07
8/21/2026 20:41:21,1.17.3,StopSig,2,3.94,nan,1,RightDuringDispense,Left,52,79,33,13129176,nan,nan,0.10
8/21/2026 20:41:21,1.17.3,StopSig,2,4.04,1,1,Pellet,Left,52,79,34,13129176,0.41,1796,nan
8/21/2026 20:41:38,1.17.3,StopSig,2,4.04,nan,1,Right_no_left,Left,52,80,34,13129176,nan,nan,nan
8/21/2026 20:47:07,1.17.3,StopSig,2,4.04,nan,1,>Left_Regular_trial,Left,53,80,34,13476388,nan,nan,nan
8/21/2026 20:47:11,1.17.3,StopSig,2,4.03,nan,1,NoPoke_Regular_(incorrect),Left,53,80,34,13480347,nan,nan,nan
8/21/2026 20:49:10,1.17.3,StopSig,2,4.03,nan,1,>Left_Regular_trial,Left,54,80,34,13599363,nan,nan,nan
8/21/2026 20:49:11,1.17.3,StopSig,2,4.04,nan,1,Right_Regular_(correct),Left,54,81,34,13600239,nan,nan,nan
8/21/2026 20:49:11,1.17.3,StopSig,2,4.04,nan,1,RightDuringDispense,Left,54,82,34,13600239,nan,nan,0.19
8/21/2026 20:49:12,1.17.3,StopSig,2,4.03,2,1,Pellet,Left,54,82,35,13600239,0.06,471,nan
8/21/2026 20:49:21,1.17.3,StopSig,2,4.04,nan,1,>Left_Stop_trial,Left,55,82,35,13610581,nan,nan,nan
8/21/2026 20:49:25,1.17.3,StopSig,2,4.04,nan,1,NoPoke_STOP_(correct),Left,55,82,35,13614421,nan,nan,nan
8/21/2026 20:49:28,1.17.3,StopSig,2,4.04,3,1,Pellet,Left,55,82,36,13614421,0.06,16,nan
8/21/2026 20:49:38,1.17.3,StopSig,2,4.04,nan,1,>Left_Stop_trial,Left,56,82,36,13627109,nan,nan,nan
8/21/2026 20:49:41,1.17.3,StopSig,2,4.04,nan,1,NoPoke_STOP_(correct),Left,56,82,36,13630362,nan,nan,nan
8/21/2026 20:49:49,1.17.3,StopSig,2,4.04,2,1,Pellet,Left,56,82,37,13630362,5.45,21,nan
8/21/2026 20:50:03,1.17.3,StopSig,2,4.03,nan,1,>Left_Regular_trial,Left,57,82,37,13652819,nan,nan,nan
8/21/2026 20:50:07,1.17.3,StopSig,2,4.04,nan,1,NoPoke_Regular_(incorrect),Left,57,82,37,13656338,nan,nan,nan
8/21/2026 20:54:52,1.17.3,StopSig,2,4.04,nan,1,Right_no_left,Left,57,83,37,13656338,nan,nan,nan
8/21/2026 21:08:34,1.17.3,StopSig,2,4.03,nan,1,>Left_Stop_trial,Left,58,83,37,14763657,nan,nan,nan
8/21/2026 21:08:38,1.17.3,StopSig,2,4.04,nan,1,NoPoke_STOP_(correct),Left,58,83,37,14767496,nan,nan,nan
8/21/2026 21:08:43,1.17.3,StopSig,2,4.04,2,1,Pellet,Left,58,83,38,14767496,1.97,1134,nan
8/21/2026 21:22:53,1.17.3,StopSig,2,4.03,nan,1,>Left_Stop_trial,Left,59,83,38,15622350,nan,nan,nan
8/21/2026 21:22:57,1.17.3,StopSig,2,4.03,nan,1,NoPoke_STOP_(correct),Left,59,83,38,15626483,nan,nan,nan
8/21/2026 21:23:02,1.17.3,StopSig,2,4.03,1,1,Pellet,Left,59,83,39,15626483,4.79,859,nan
8/21/2026 21:23:32,1.17.3,StopSig,2,4.04,nan,1,>Left_Regular_trial,Left,60,83,39,15661600,nan,nan,nan
8/21/2026 21:23:34,1.17.3,StopSig,2,4.04,nan,1,Right_Regular_(correct),Left,60,84,39,15663507,nan,nan,nan
8/21/2026 21:23:34,1.17.3,StopSig,2,3.94,nan,1,RightDuringDispense,Left,60,85,39,15663507,nan,nan,0.01
8/21/2026 21:23:35,1.17.3,StopSig,2,4.03,1,1,Pellet,Left,60,85,40,15663507,0.23,33,nan
8/21/2026 21:23:46,1.17.3,StopSig,2,4.03,nan,1,Right_no_left,Left,60,86,40,15663507,nan,nan,nan
8/21/2026 21:23:49,1.17.3,StopSig,2,4.03,nan,1,>Left_Stop_trial,Left,61,86,40,15678102,nan,nan,nan
8/21/2026 21:23:50,1.17.3,StopSig,2,4.03,nan,1,Right_STOP_(incorrect),Left,61,87,40,15679884,nan,nan,nan
8/21/2026 21:24:21,1.17.3,StopSig,2,4.03,nan,1,>Left_Stop_trial,Left,62,87,40,15710201,nan,nan,nan
8/21/2026 21:24:24,1.17.3,StopSig,2,4.03,nan,1,NoPoke_STOP_(correct),Left,62,87,40,15713449,nan,nan,nan
8/21/2026 21:24:29,1.17.3,StopSig,2,4.04,3,1,Pellet,Left,62,87,41,15713449,0.71,54,nan
8/21/2026 21:24:41,1.17.3,StopSig,2,4.03,nan,1,>Left_Regular_trial,Left,63,87,41,15730112,nan,nan,nan
8/21/2026 21:24:42,1.17.3,StopSig,2,4.03,nan,1,Right_Regular_(correct),Left,63,88,41,15732163,nan,nan,nan
8/21/2026 21:24:43,1.17.3,StopSig,2,4.03,nan,1,RightDuringDispense,Left,63,89,41,15732163,nan,nan,0.04
8/21/2026 21:24:43,1.17.3,StopSig,2,3.94,nan,1,RightDuringDispense,Left,63,90,41,15732163,nan,nan,0.04
8/21/2026 21:24:46,1.17.3,StopSig,2,4.03,2,1,Pellet,Left,63,90,42,15732163,0.23,17,nan
8/21/2026 21:24:55,1.17.3,StopSig,2,4.03,nan,1,>Left_Regular_trial,Left,64,90,42,15744290,nan,nan,nan
8/21/2026 21:24:58,1.17.3,StopSig,2,4.03,nan,1,Right_Regular_(correct),Left,64,91,42,15747956,nan,nan,nan
8/21/2026 21:24:59,1.17.3,StopSig,2,4.04,nan,1,RightDuringDispense,Left,64,92,42,15747956,nan,nan,0.17
8/21/2026 21:25:00,1.17.3,StopSig,2,4.03,1,1,Pellet,Left,64,92,43,15747956,0.29,14,nan
8/21/2026 21:25:13,1.17.3,StopSig,2,4.03,nan,1,>Left_Regular_trial,Left,65,92,43,15762457,nan,nan,nan
8/21/2026 21:25:14,1.17.3,StopSig,2,4.03,nan,1,Right_Regular_(correct),Left,65,93,43,15763627,nan,nan,nan
8/21/2026 21:25:14,1.17.3,StopSig,2,4.03,nan,1,RightDuringDispense,Left,65,94,43,15763627,nan,nan,0.00
8/21/2026 21:25:21,1.17.3,StopSig,2,4.03,2,1,Pellet,Left,65,94,44,15763627,4.07,21,nan
8/21/2026 21:27:23,1.17.3,StopSig,2,4.03,nan,1,Right_no_left,Left,65,95,44,15763627,nan,nan,nan
8/21/2026 21:31:24,1.17.3,StopSig,2,4.03,nan,1,>Left_Regular_trial,Left,66,95,44,16133693,nan,nan,nan
8/21/2026 21:31:28,1.17.3,StopSig,2,4.03,nan,1,NoPoke_Regular_(incorrect),Left,66,95,44,16137501,nan,nan,nan
8/21/2026 21:34:51,1.17.3,StopSig,2,4.03,nan,1,>Left_Regular_trial,Left,67,95,44,16340229,nan,nan,nan
8/21/2026 21:34:54,1.17.3,StopSig,2,4.03,nan,1,NoPoke_Regular_(incorrect),Left,67,95,44,16343451,nan,nan,nan
8/21/2026 21:47:24,1.17.3,StopSig,2,4.03,nan,1,>Left_Regular_trial,Left,68,95,44,17093655,nan,nan,nan
8/21/2026 21:47:28,1.17.3,StopSig,2,4.03,nan,1,NoPoke_Regular_(incorrect),Left,68,95,44,17097464,nan,nan,nan
8/21/2026 21:49:45,1.17.3,StopSig,2,4.03,nan,1,Right_no_left,Left,68,96,44,17097464,nan,nan,nan
8/21/2026 21:49:54,1.17.3,StopSig,2,4.03,nan,1,Right_no_left,Left,68,97,44,17235198,nan,nan,nan
8/21/2026 21:49:55,1.17.3,StopSig,2,4.03,nan,1,Right_no_left,Left,68,98,44,17243559,nan,nan,nan
8/21/2026 21:50:04,1.17.3,StopSig,2,4.03,nan,1,>Left_Regular_trial,Left,69,98,44,17253976,nan,nan,nan
8/21/2026 21:50:06,1.17.3,StopSig,2,4.03,nan,1,Right_Regular_(correct),Left,69,99,44,17255440,nan,nan,nan
8/21/2026 21:50:07,1.17.3,StopSig,2,4.03,1,1,Pellet,Left,69,99,45,17255440,0.23,1486,nan
8/21/2026 21:50:18,1.17.3,StopSig,2,4.03,nan,1,>Left_Regular_trial,Left,70,99,45,17268078,nan,nan,nan
8/21/2026 21:50:22,1.17.3,StopSig,2,4.03,nan,1,NoPoke_Regular_(incorrect),Left,70,99,45,17271594,nan,nan,nan
8/21/2026 21:51:17,1.17.3,StopSig,2,4.03,nan,1,>Left_Stop_trial,Left,71,99,45,17326687,nan,nan,nan
8/21/2026 21:51:19,1.17.3,StopSig,2,4.03,nan,1,Right_STOP_(incorrect),Left,71,100,45,17328613,nan,nan,nan
8/21/2026 21:55:22,1.17.3,StopSig,2,4.03,nan,1,>Left_Regular_trial,Left,72,100,45,17571772,nan,nan,nan
8/21/2026 21:55:26,1.17.3,StopSig,2,4.03,nan,1,NoPoke_Regular_(incorrect),Left,72,100,45,17575588,nan,nan,nan
8/21/2026 21:55:56,1.17.3,StopSig,2,4.03,nan,1,>Left_Regular_trial,Left,73,100,45,17606052,nan,nan,nan
8/21/2026 21:55:58,1.17.3,StopSig,2,4.03,nan,1,Right_Regular_(correct),Left,73,101,45,17607369,nan,nan,nan
8/21/2026 21:55:58,1.17.3,StopSig,2,4.03,nan,1,RightDuringDispense,Left,73,102,45,17607369,nan,nan,0.12
8/21/2026 21:55:58,1.17.3,StopSig,2,3.94,nan,1,RightDuringDispense,Left,73,103,45,17607369,nan,nan,0.10
8/21/2026 21:56:02,1.17.3,StopSig,2,4.03,3,1,Pellet,Left,73,103,46,17607369,0.59,355,nan
8/21/2026 21:56:16,1.17.3,StopSig,2,4.03,nan,1,>Left_Regular_trial,Left,74,103,46,17625198,nan,nan,nan
8/21/2026 21:56:16,1.17.3,StopSig,2,4.03,nan,1,Right_Regular_(correct),Left,74,104,46,17626222,nan,nan,nan
8/21/2026 21:56:18,1.17.3,StopSig,2,4.03,2,1,Pellet,Left,74,104,47,17626222,0.89,16,nan
8/21/2026 21:56:29,1.17.3,StopSig,2,4.03,nan,1,>Left_Regular_trial,Left,75,104,47,17638696,nan,nan,nan
8/21/2026 21:56:33,1.17.3,StopSig,2,4.03,nan,1,NoPoke_Regular_(incorrect),Left,75,104,47,17642510,nan,nan,nan
8/21/2026 21:57:04,1.17.3,StopSig,2,4.03,nan,1,Right_no_left,Left,75,105,47,17642510,nan,nan,nan
8/21/2026 21:57:07,1.17.3,StopSig,2,4.03,nan,1,>Left_Regular_trial,Left,76,105,47,17677077,nan,nan,nan
8/21/2026 21:57:08,1.17.3,StopSig,2,4.03,nan,1,Right_Regular_(correct),Left,76,106,47,17678101,nan,nan,nan
8/21/2026 21:57:09,1.17.3,StopSig,2,4.03,nan,1,RightDuringDispense,Left,76,107,47,17678101,nan,nan,0.13
8/21/2026 21:57:10,1.17.3,StopSig,2,4.03,2,1,Pellet,Left,76,107,48,17678101,0.17,52,nan
8/21/2026 21:57:20,1.17.3,StopSig,2,4.03,nan,1,>Left_Regular_trial,Left,77,107,48,17689602,nan,nan,nan
8/21/2026 21:57:24,1.17.3,StopSig,2,4.03,nan,1,NoPoke_Regular_(incorrect),Left,77,107,48,17693559,nan,nan,nan
8/21/2026 21:57:56,1.17.3,StopSig,2,4.03,nan,1,>Left_Regular_trial,Left,78,107,48,17726075,nan,nan,nan
8/21/2026 21:58:00,1.17.3,StopSig,2,4.03,nan,1,NoPoke_Regular_(incorrect),Left,78,107,48,17729595,nan,nan,nan
8/21/2026 22:04:27,1.17.3,StopSig,2,4.03,nan,1,>Left_Regular_trial,Left,79,107,48,18116913,nan,nan,nan
8/21/2026 22:04:31,1.17.3,StopSig,2,4.03,nan,1,NoPoke_Regular_(incorrect),Left,79,107,48,18120580,nan,nan,nan
8/21/2026 22:10:04,1.17.3,StopSig,2,4.03,nan,1,>Left_Stop_trial,Left,80,107,48,18453417,nan,nan,nan
8/21/2026 22:10:08,1.17.3,StopSig,2,4.03,nan,1,NoPoke_STOP_(correct),Left,80,107,48,18457551,nan,nan,nan
8/21/2026 22:10:10,1.17.3,StopSig,2,4.03,1,1,Pellet,Left,80,107,49,18457551,1.07,780,nan
8/21/2026 22:10:27,1.17.3,StopSig,2,4.03,nan,1,>Left_Regular_trial,Left,81,107,49,18477057,nan,nan,nan
8/21/2026 22:10:31,1.17.3,StopSig,2,4.03,nan,1,NoPoke_Regular_(incorrect),Left,81,107,49,18480575,nan,nan,nan
8/21/2026 22:17:46,1.17.3,StopSig,2,4.03,nan,1,Right_no_left,Left,81,108,49,18480575,nan,nan,nan
8/21/2026 22:18:00,1.17.3,StopSig,2,4.03,nan,1,>Left_Regular_trial,Left,82,108,49,18929356,nan,nan,nan
8/21/2026 22:18:03,1.17.3,StopSig,2,4.03,nan,1,NoPoke_Regular_(incorrect),Left,82,108,49,18932586,nan,nan,nan
8/21/2026 22:24:43,1.17.3,StopSig,2,4.03,nan,1,Right_no_left,Left,82,109,49,18932586,nan,nan,nan
8/21/2026 22:24:48,1.17.3,StopSig,2,4.03,nan,1,>Left_Regular_trial,Left,83,109,49,19337438,nan,nan,nan
8/21/2026 22:24:48,1.17.3,StopSig,2,4.03,nan,1,Right_Regular_(correct),Left,83,110,49,19338316,nan,nan,nan
8/21/2026 22:24:49,1.17.3,StopSig,2,4.03,nan,1,RightDuringDispense,Left,83,111,49,19338316,nan,nan,0.05
8/21/2026 22:24:49,1.17.3,StopSig,2,3.93,nan,1,RightDuringDispense,Left,83,112,49,19338316,nan,nan,0.27
8/21/2026 22:24:52,1.17.3,StopSig,2,4.03,3,1,Pellet,Left,83,112,50,19338316,0.06,882,nan
8/21/2026 22:25:01,1.17.3,StopSig,2,4.03,nan,1,>Left_Regular_trial,Left,84,112,50,19350794,nan,nan,nan
8/21/2026 22:25:05,1.17.3,StopSig,2,4.03,nan,1,NoPoke_Regular_(incorrect),Left,84,112,50,19354610,nan,nan,nan
8/21/2026 22:30:02,1.17.3,StopSig,2,4.03,nan,1,Right_no_left,Left,84,113,50,19354610,nan,nan,nan
8/21/2026 22:31:47,1.17.3,StopSig,2,4.03,nan,1,>Left_Regular_trial,Left,85,113,50,19756332,nan,nan,nan
8/21/2026 22:31:50,1.17.3,StopSig,2,4.03,nan,1,NoPoke_Regular_(incorrect),Left,85,113,50,19759708,nan,nan,nan
8/21/2026 22:33:17,1.17.3,StopSig,2,4.03,nan,1,>Left_Regular_trial,Left,86,113,50,19846901,nan,nan,nan
8/21/2026 22:33:18,1.17.3,StopSig,2,4.03,nan,1,Right_Regular_(correct),Left,86,114,50,19848367,nan,nan,nan
8/21/2026 22:33:19,1.17.3,StopSig,2,4.03,nan,1,RightDuringDispense,Left,86,115,50,19848367,nan,nan,0.12
8/21/2026 22:33:21,1.17.3,StopSig,2,4.03,nan,1,LeftDuringDispense,Left,87,115,50,19848367,nan,nan,0.01
8/21/2026 22:33:22,1.17.3,StopSig,2,4.03,2,1,Pellet,Left,87,115,51,19848367,0.41,510,nan
8/21/2026 22:33:35,1.17.3,StopSig,2,4.03,nan,1,>Left_Regular_trial,Left,88,115,51,19864652,nan,nan,nan
8/21/2026 22:33:36,1.17.3,StopSig,2,4.03,nan,1,Right_Regular_(correct),Left,88,116,51,19865677,nan,nan,nan
8/21/2026 22:33:37,1.17.3,StopSig,2,4.03,1,1,Pellet,Left,88,116,52,19865677,0.23,15,nan
8/21/2026 22:33:49,1.17.3,StopSig,2,4.03,nan,1,>Left_Regular_trial,Left,89,116,52,19878478,nan,nan,nan
8/21/2026 22:33:53,1.17.3,StopSig,2,4.03,nan,1,NoPoke_Regular_(incorrect),Left,89,116,52,19882593,nan,nan,nan
8/21/2026 22:34:31,1.17.3,StopSig,2,4.03,nan,1,>Left_Regular_trial,Left,90,116,52,19920846,nan,nan,nan
8/21/2026 22:34:35,1.17.3,StopSig,2,4.03,nan,1,NoPoke_Regular_(incorrect),Left,90,116,52,19924662,nan,nan,nan
8/21/2026 22:35:25,1.17.3,StopSig,2,4.03,nan,1,>Left_Regular_trial,Left,91,116,52,19974378,nan,nan,nan
8/21/2026 22:35:28,1.17.3,StopSig,2,4.03,nan,1,NoPoke_Regular_(incorrect),Left,91,116,52,19977605,nan,nan,nan
8/21/2026 22:37:20,1.17.3,StopSig,2,4.03,nan,1,>Left_Regular_trial,Left,92,116,52,20089868,nan,nan,nan
8/21/2026 22:37:24,1.17.3,StopSig,2,4.03,nan,1,NoPoke_Regular_(incorrect),Left,92,116,52,20093684,nan,nan,nan
8/21/2026 22:45:11,1.17.3,StopSig,2,4.02,nan,1,Right_no_left,Left,92,117,52,20093684,nan,nan,nan
8/21/2026 22:45:16,1.17.3,StopSig,2,4.03,nan,1,Right_no_left,Left,92,118,52,20561230,nan,nan,nan
8/21/2026 22:45:53,1.17.3,StopSig,2,4.03,nan,1,Right_no_left,Left,92,119,52,20565778,nan,nan,nan
8/21/2026 22:45:55,1.17.3,StopSig,2,4.03,nan,1,>Left_Regular_trial,Left,93,119,52,20605015,nan,nan,nan
8/21/2026 22:45:56,1.17.3,StopSig,2,4.03,nan,1,Right_Regular_(correct),Left,93,120,52,20605746,nan,nan,nan
8/21/2026 22:45:56,1.17.3,StopSig,2,4.03,nan,1,RightDuringDispense,Left,93,121,52,20605746,nan,nan,0.37
8/21/2026 22:46:03,1.17.3,StopSig,2,4.03,2,1,Pellet,Left,93,121,53,20605746,3.29,746,nan
8/21/2026 22:46:14,1.17.3,StopSig,2,4.03,nan,1,Right_no_left,Left,93,122,53,20605746,nan,nan,nan
8/21/2026 22:46:21,1.17.3,StopSig,2,4.03,nan,1,>Left_Regular_trial,Left,94,122,53,20630575,nan,nan,nan
8/21/2026 22:46:23,1.17.3,StopSig,2,4.03,nan,1,Right_Regular_(correct),Left,94,123,53,20632482,nan,nan,nan
8/21/2026 22:46:23,1.17.3,StopSig,2,4.03,nan,1,RightDuringDispense,Left,94,124,53,20632482,nan,nan,0.06
8/21/2026 22:46:23,1.17.3,StopSig,2,3.93,nan,1,RightDuringDispense,Left,94,125,53,20632482,nan,nan,0.00
8/21/2026 22:46:30,1.17.3,StopSig,2,4.03,2,1,Pellet,Left,94,125,54,20632482,4.07,27,nan
8/21/2026 22:46:47,1.17.3,StopSig,2,4.03,nan,1,>Left_Regular_trial,Left,95,125,54,20656767,nan,nan,nan
8/21/2026 22:46:48,1.17.3,StopSig,2,4.03,nan,1,Right_Regular_(correct),Left,95,126,54,20658088,nan,nan,nan
8/21/2026 22:46:49,1.17.3,StopSig,2,4.03,1,1,Pellet,Left,95,126,55,20658088,0.17,19,nan
8/21/2026 22:47:00,1.17.3,StopSig,2,4.03,nan,1,>Left_Regular_trial,Left,96,126,55,20670020,nan,nan,nan
8/21/2026 22:47:02,1.17.3,StopSig,2,4.03,nan,1,Right_Regular_(correct),Left,96,127,55,20672076,nan,nan,nan
8/21/2026 22:47:03,1.17.3,StopSig,2,4.03,2,1,Pellet,Left,96,127,56,20672076,0.06,14,nan
8/21/2026 22:47:16,1.17.3,StopSig,2,4.03,nan,1,>Left_Regular_trial,Left,97,127,56,20686001,nan,nan,nan
8/21/2026 22:47:20,1.17.3,StopSig,2,4.03,nan,1,NoPoke_Regular_(incorrect),Left,97,127,56,20689670,nan,nan,nan
8/21/2026 22:51:29,1.17.3,StopSig,2,4.03,nan,1,>Left_Regular_trial,Left,98,127,56,20938326,nan,nan,nan
8/21/2026 22:51:32,1.17.3,StopSig,2,4.03,nan,1,NoPoke_Regular_(incorrect),Left,98,127,56,20941704,nan,nan,nan
8/21/2026 22:59:19,1.17.3,StopSig,2,4.03,nan,1,>Left_Regular_trial,Left,99,127,56,21408513,nan,nan,nan
8/21/2026 22:59:20,1.17.3,StopSig,2,4.02,nan,1,Right_Regular_(correct),Left,99,128,56,21410275,nan,nan,nan
8/21/2026 22:59:21,1.17.3,StopSig,2,4.02,nan,1,RightDuringDispense,Left,99,129,56,21410275,nan,nan,0.08
8/21/2026 22:59:26,1.17.3,StopSig,2,4.03,2,1,Pellet,Left,99,129,57,21410275,2.39,743,nan
8/21/2026 23:01:15,1.17.3,StopSig,2,4.03,nan,1,>Left_Regular_trial,Left,100,129,57,21524664,nan,nan,nan
8/21/2026 23:01:19,1.17.3,StopSig,2,4.03,nan,1,NoPoke_Regular_(incorrect),Left,100,129,57,21528781,nan,nan,nan
8/21/2026 23:03:26,1.17.3,StopSig,2,4.02,nan,1,>Left_Regular_trial,Left,101,129,57,21655908,nan,nan,nan
8/21/2026 23:03:30,1.17.3,StopSig,2,4.03,nan,1,NoPoke_Regular_(incorrect),Left,101,129,57,21659728,nan,nan,nan
8/21/2026 23:04:48,1.17.3,StopSig,2,4.02,nan,1,>Left_Regular_trial,Left,102,129,57,21737960,nan,nan,nan
8/21/2026 23:04:52,1.17.3,StopSig,2,4.03,nan,1,NoPoke_Regular_(incorrect),Left,102,129,57,21741785,nan,nan,nan
8/21/2026 23:05:26,1.17.3,StopSig,2,4.03,nan,1,Right_no_left,Left,102,130,57,21741785,nan,nan,nan
8/21/2026 23:05:27,1.17.3,StopSig,2,4.02,nan,1,Right_no_left,Left,102,131,57,21775928,nan,nan,nan
8/21/2026 23:05:30,1.17.3,StopSig,2,4.03,nan,1,>Left_Regular_trial,Left,103,131,57,21779602,nan,nan,nan
8/21/2026 23:05:32,1.17.3,StopSig,2,4.03,nan,1,Right_Regular_(correct),Left,103,132,57,21782099,nan,nan,nan
8/21/2026 23:05:33,1.17.3,StopSig,2,4.02,nan,1,RightDuringDispense,Left,103,133,57,21782099,nan,nan,0.22
8/21/2026 23:05:37,1.17.3,StopSig,2,4.02,2,1,Pellet,Left,103,133,58,21782099,1.07,370,nan
8/21/2026 23:05:51,1.17.3,StopSig,2,4.02,nan,1,>Left_Regular_trial,Left,104,133,58,21801055,nan,nan,nan
8/21/2026 23:05:55,1.17.3,StopSig,2,4.03,nan,1,NoPoke_Regular_(incorrect),Left,104,133,58,21804732,nan,nan,nan
8/21/2026 23:14:26,1.17.3,StopSig,2,4.02,nan,1,>Left_Regular_trial,Left,105,133,58,22315616,nan,nan,nan
8/21/2026 23:14:28,1.17.3,StopSig,2,4.03,nan,1,Right_Regular_(correct),Left,105,134,58,22317970,nan,nan,nan
8/21/2026 23:14:29,1.17.3,StopSig,2,4.02,1,1,Pellet,Left,105,134,59,22317970,0.23,533,nan
8/21/2026 23:14:37,1.17.3,StopSig,2,4.03,nan,1,>Left_Regular_trial,Left,106,134,59,22326818,nan,nan,nan
8/21/2026 23:14:39,1.17.3,StopSig,2,4.02,nan,1,Right_Regular_(correct),Left,106,135,59,22328580,nan,nan,nan
8/21/2026 23:14:40,1.17.3,StopSig,2,4.02,1,1,Pellet,Left,106,135,60,22328580,0.29,11,nan
8/21/2026 23:14:50,1.17.3,StopSig,2,4.02,nan,1,>Left_Regular_trial,Left,107,135,60,22339367,nan,nan,nan
8/21/2026 23:14:51,1.17.3,StopSig,2,4.03,nan,1,Right_Regular_(correct),Left,107,136,60,22340541,nan,nan,nan
8/21/2026 23:14:56,1.17.3,StopSig,2,4.03,3,1,Pellet,Left,107,136,61,22340541,0.06,16,nan
8/21/2026 23:15:04,1.17.3,StopSig,2,4.02,nan,1,Right_no_left,Left,107,137,61,22340541,nan,nan,nan
8/21/2026 23:15:07,1.17.3,StopSig,2,4.02,nan,1,>Left_Stop_trial,Left,108,137,61,22356282,nan,nan,nan
8/21/2026 23:15:07,1.17.3,StopSig,2,4.02,nan,1,Right_STOP_(incorrect),Left,108,138,61,22357025,nan,nan,nan
8/21/2026 23:25:38,1.17.3,StopSig,2,4.02,nan,1,Right_no_left,Left,108,139,61,22357025,nan,nan,nan
8/21/2026 23:25:39,1.17.3,StopSig,2,4.03,nan,1,Right_no_left,Left,108,140,61,22988179,nan,nan,nan
8/21/2026 23:25:44,1.17.3,StopSig,2,4.02,nan,1,Right_no_left,Left,108,141,61,22988913,nan,nan,nan
8/21/2026 23:25:45,1.17.3,StopSig,2,4.02,nan,1,Right_no_left,Left,108,142,61,22993765,nan,nan,nan
8/21/2026 23:25:48,1.17.3,StopSig,2,4.03,nan,1,>Left_Stop_trial,Left,109,142,61,22998030,nan,nan,nan
8/21/2026 23:25:52,1.17.3,StopSig,2,4.02,nan,1,NoPoke_STOP_(correct),Left,109,142,61,23001729,nan,nan,nan
8/21/2026 23:25:56,1.17.3,StopSig,2,4.02,2,1,Pellet,Left,109,142,62,23001729,1.25,660,nan
8/21/2026 23:26:08,1.17.3,StopSig,2,4.02,nan,1,>Left_Stop_trial,Left,110,142,62,23017998,nan,nan,nan
8/21/2026 23:26:12,1.17.3,StopSig,2,4.02,nan,1,NoPoke_STOP_(correct),Left,110,142,62,23021845,nan,nan,nan
8/21/2026 23:26:14,1.17.3,StopSig,2,4.03,1,1,Pellet,Left,110,142,63,23021845,1.13,18,nan
8/21/2026 23:26:37,1.17.3,StopSig,2,4.03,nan,1,>Left_Regular_trial,Left,111,142,63,23046793,nan,nan,nan
8/21/2026 23:26:40,1.17.3,StopSig,2,4.02,nan,1,Right_Regular_(correct),Left,111,143,63,23050024,nan,nan,nan
8/21/2026 23:26:40,1.17.3,StopSig,2,4.02,nan,1,RightDuringDispense,Left,111,144,63,23050024,nan,nan,0.11
8/21/2026 23:26:42,1.17.3,StopSig,2,4.03,1,1,Pellet,Left,111,144,64,23050024,0.77,28,nan
8/21/2026 23:26:49,1.17.3,StopSig,2,4.02,nan,1,>Left_Regular_trial,Left,112,144,64,23058963,nan,nan,nan
8/21/2026 23:26:51,1.17.3,StopSig,2,4.02,nan,1,Right_Regular_(correct),Left,112,145,64,23060580,nan,nan,nan
8/21/2026 23:26:51,1.17.3,StopSig,2,4.03,nan,1,RightDuringDispense,Left,112,146,64,23060580,nan,nan,0.11
8/21/2026 23:26:58,1.17.3,StopSig,2,4.02,2,1,Pellet,Left,112,146,65,23060580,4.37,16,nan
8/21/2026 23:27:17,1.17.3,StopSig,2,4.03,nan,1,>Left_Stop_trial,Left,113,146,65,23086742,nan,nan,nan
8/21/2026 23:27:21,1.17.3,StopSig,2,4.02,nan,1,NoPoke_STOP_(correct),Left,113,146,65,23090734,nan,nan,nan
8/21/2026 23:27:22,1.17.3,StopSig,2,4.03,1,1,Pellet,Left,113,146,66,23090734,0.35,24,nan
8/21/2026 23:27:31,1.17.3,StopSig,2,4.02,nan,1,>Left_Regular_trial,Left,114,146,66,23100850,nan,nan,nan
8/21/2026 23:27:33,1.17.3,StopSig,2,4.02,nan,1,Right_Regular_(correct),Left,114,147,66,23102759,nan,nan,nan
8/21/2026 23:27:33,1.17.3,StopSig,2,4.03,nan,1,RightDuringDispense,Left,114,148,66,23102759,nan,nan,0.37
8/21/2026 23:27:34,1.17.3,StopSig,2,3.93,nan,1,RightDuringDispense,Left,114,149,66,23102759,nan,nan,0.61
8/21/2026 23:27:38,1.17.3,StopSig,2,4.02,2,1,Pellet,Left,114,149,67,23102759,0.65,16,nan
8/21/2026 23:27:54,1.17.3,StopSig,2,4.02,nan,1,Right_no_left,Left,114,150,67,23102759,nan,nan,nan
8/21/2026 23:46:29,1.17.3,StopSig,2,4.02,nan,1,>Left_Stop_trial,Left,115,150,67,24239067,nan,nan,nan
8/21/2026 23:46:33,1.17.3,StopSig,2,4.02,nan,1,NoPoke_STOP_(correct),Left,115,150,67,24242765,nan,nan,nan
8/21/2026 23:46:37,1.17.3,StopSig,2,4.02,2,1,Pellet,Left,115,150,68,24242765,1.31,1139,nan
8/21/2026 23:53:53,1.17.3,StopSig,2,4.02,nan,1,Right_no_left,Left,115,151,68,24242765,nan,nan,nan
8/21/2026 23:53:56,1.17.3,StopSig,2,4.02,nan,1,Right_no_left,Left,115,152,68,24683707,nan,nan,nan
8/21/2026 23:54:19,1.17.3,StopSig,2,4.02,nan,1,>Left_Stop_trial,Left,116,152,68,24708419,nan,nan,nan
8/21/2026 23:54:22,1.17.3,StopSig,2,4.02,nan,1,NoPoke_STOP_(correct),Left,116,152,68,24711825,nan,nan,nan
8/21/2026 23:54:25,1.17.3,StopSig,2,4.02,2,1,Pellet,Left,116,152,69,24711825,0.53,468,nan
8/22/2026 0:06:25,1.17.3,StopSig,2,4.02,nan,1,>Left_Regular_trial,Left,117,152,69,25434499,nan,nan,nan
8/22/2026 0:06:28,1.17.3,StopSig,2,4.02,nan,1,NoPoke_Regular_(incorrect),Left,117,152,69,25437883,nan,nan,nan
8/22/2026 0:07:59,1.17.3,StopSig,2,4.02,nan,1,>Left_Stop_trial,Left,118,152,69,25529105,nan,nan,nan
8/22/2026 0:08:03,1.17.3,StopSig,2,4.02,nan,1,NoPoke_STOP_(correct),Left,118,152,69,25532809,nan,nan,nan
8/22/2026 0:08:06,1.17.3,StopSig,2,4.02,2,1,Pellet,Left,118,152,70,25532809,0.47,821,nan
8/22/2026 0:08:15,1.17.3,StopSig,2,4.02,nan,1,Right_no_left,Left,118,153,70,25532809,nan,nan,nan
8/22/2026 0:08:18,1.17.3,StopSig,2,4.02,nan,1,Right_no_left,Left,118,154,70,25545476,nan,nan,nan
8/22/2026 0:08:19,1.17.3,StopSig,2,4.02,nan,1,Right_no_left,Left,118,155,70,25548713,nan,nan,nan
8/22/2026 0:08:21,1.17.3,StopSig,2,4.02,nan,1,>Left_Stop_trial,Left,119,155,70,25550477,nan,nan,nan
8/22/2026 0:08:21,1.17.3,StopSig,2,4.02,nan,1,Right_STOP_(incorrect),Left,119,156,70,25551517,nan,nan,nan
8/22/2026 0:08:52,1.17.3,StopSig,2,4.02,nan,1,>Left_Regular_trial,Left,120,156,70,25581838,nan,nan,nan
8/22/2026 0:08:56,1.17.3,StopSig,2,4.02,nan,1,NoPoke_Regular_(incorrect),Left,120,156,70,25585814,nan,nan,nan
8/22/2026 0:11:37,1.17.3,StopSig,2,4.02,nan,1,>Left_Regular_trial,Left,121,156,70,25746668,nan,nan,nan
8/22/2026 0:11:41,1.17.3,StopSig,2,4.02,nan,1,NoPoke_Regular_(incorrect),Left,121,156,70,25750927,nan,nan,nan
8/22/2026 0:23:39,1.17.3,StopSig,2,4.02,nan,1,Right_no_left,Left,121,157,70,25750927,nan,nan,nan
8/22/2026 0:23:39,1.17.3,StopSig,2,4.02,nan,1,Right_no_left,Left,121,158,70,26468811,nan,nan,nan
8/22/2026 0:23:40,1.17.3,StopSig,2,4.02,nan,1,Right_no_left,Left,121,159,70,26469103,nan,nan,nan
8/22/2026 0:23:42,1.17.3,StopSig,2,4.02,nan,1,>Left_Stop_trial,Left,122,159,70,26472191,nan,nan,nan
8/22/2026 0:23:46,1.17.3,StopSig,2,4.02,nan,1,NoPoke_STOP_(correct),Left,122,159,70,26475894,nan,nan,nan
8/22/2026 0:23:47,1.17.3,StopSig,2,4.02,1,1,Pellet,Left,122,159,71,26475894,0.83,941,nan
8/22/2026 0:23:57,1.17.3,StopSig,2,4.02,nan,1,>Left_Regular_trial,Left,123,159,71,26487489,nan,nan,nan
8/22/2026 0:23:58,1.17.3,StopSig,2,4.02,nan,1,Right_Regular_(correct),Left,123,160,71,26488517,nan,nan,nan
8/22/2026 0:23:59,1.17.3,StopSig,2,3.93,nan,1,RightDuringDispense,Left,123,161,71,26488517,nan,nan,0.05
8/22/2026 0:24:00,1.17.3,StopSig,2,4.02,1,1,Pellet,Left,123,161,72,26488517,0.06,13,nan
8/22/2026 0:24:09,1.17.3,StopSig,2,4.02,nan,1,>Left_Regular_trial,Left,124,161,72,26499293,nan,nan,nan
8/22/2026 0:24:13,1.17.3,StopSig,2,4.02,nan,1,NoPoke_Regular_(incorrect),Left,124,161,72,26502971,nan,nan,nan
8/22/2026 0:30:09,1.17.3,StopSig,2,4.02,nan,1,Right_no_left,Left,124,162,72,26502971,nan,nan,nan
8/22/2026 0:30:09,1.17.3,StopSig,2,4.02,nan,1,Right_no_left,Left,124,163,72,26859162,nan,nan,nan
8/22/2026 0:30:10,1.17.3,StopSig,2,4.02,nan,1,Right_no_left,Left,124,164,72,26859454,nan,nan,nan
8/22/2026 0:31:18,1.17.3,StopSig,2,4.02,nan,1,Right_no_left,Left,124,165,72,26860187,nan,nan,nan
8/22/2026 0:31:22,1.17.3,StopSig,2,4.02,nan,1,Right_no_left,Left,124,166,72,26928614,nan,nan,nan
8/22/2026 0:31:28,1.17.3,StopSig,2,4.02,nan,1,Right_no_left,Left,124,167,72,26932289,nan,nan,nan
8/22/2026 0:36:28,1.17.3,StopSig,2,4.02,nan,1,Right_no_left,Left,124,168,72,26938173,nan,nan,nan
8/22/2026 0:51:29,1.17.3,StopSig,2,4.01,nan,1,>Left_Regular_trial,Left,125,168,72,28138988,nan,nan,nan
8/22/2026 0:51:33,1.17.3,StopSig,2,4.02,nan,1,NoPoke_Regular_(incorrect),Left,125,168,72,28142960,nan,nan,nan
8/22/2026 0:53:44,1.17.3,StopSig,2,4.02,nan,1,>Left_Regular_trial,Left,126,168,72,28274351,nan,nan,nan
8/22/2026 0:53:46,1.17.3,StopSig,2,4.01,nan,1,Right_Regular_(correct),Left,126,169,72,28276264,nan,nan,nan
8/22/2026 0:53:46,1.17.3,StopSig,2,4.02,nan,1,RightDuringDispense,Left,126,170,72,28276264,nan,nan,0.06
8/22/2026 0:53:51,1.17.3,StopSig,2,4.02,2,1,Pellet,Left,126,170,73,28276264,1.55,1791,nan
8/22/2026 0:54:02,1.17.3,StopSig,2,4.02,nan,1,>Left_Stop_trial,Left,127,170,73,28291620,nan,nan,nan
8/22/2026 0:54:05,1.17.3,StopSig,2,4.02,nan,1,NoPoke_STOP_(correct),Left,127,170,73,28295028,nan,nan,nan
8/22/2026 0:54:07,1.17.3,StopSig,2,4.02,1,1,Pellet,Left,127,170,74,28295028,1.19,16,nan
8/22/2026 0:54:27,1.17.3,StopSig,2,4.02,nan,1,Right_no_left,Left,127,171,74,28295028,nan,nan,nan
8/22/2026 0:54:33,1.17.3,StopSig,2,4.02,nan,1,>Left_Regular_trial,Left,128,171,74,28322688,nan,nan,nan
8/22/2026 0:54:33,1.17.3,StopSig,2,4.02,nan,1,Right_Regular_(correct),Left,128,172,74,28323421,nan,nan,nan
8/22/2026 0:54:34,1.17.3,StopSig,2,3.93,nan,1,RightDuringDispense,Left,128,173,74,28323421,nan,nan,0.12
8/22/2026 0:54:35,1.17.3,StopSig,2,4.02,2,1,Pellet,Left,128,173,75,28323421,0.06,28,nan
8/22/2026 1:00:30,1.17.3,StopSig,2,4.02,nan,1,>Left_Regular_trial,Left,129,173,75,28680301,nan,nan,nan
8/22/2026 1:00:32,1.17.3,StopSig,2,4.02,nan,1,Right_Regular_(correct),Left,129,174,75,28682505,nan,nan,nan
8/22/2026 1:00:33,1.17.3,StopSig,2,4.02,nan,1,RightDuringDispense,Left,129,175,75,28682505,nan,nan,0.12
8/22/2026 1:00:37,1.17.3,StopSig,2,4.02,2,1,Pellet,Left,129,175,76,28682505,1.31,362,nan
8/22/2026 1:00:46,1.17.3,StopSig,2,4.02,nan,1,>Left_Regular_trial,Left,130,175,76,28696318,nan,nan,nan
8/22/2026 1:00:48,1.17.3,StopSig,2,4.02,nan,1,Right_Regular_(correct),Left,130,176,76,28698669,nan,nan,nan
8/22/2026 1:00:50,1.17.3,StopSig,2,4.02,1,1,Pellet,Left,130,176,77,28698669,0.35,13,nan
8/22/2026 1:01:05,1.17.3,StopSig,2,4.02,nan,1,>Left_Regular_trial,Left,131,176,77,28715382,nan,nan,nan
8/22/2026 1:01:06,1.17.3,StopSig,2,4.02,nan,1,Right_Regular_(correct),Left,131,177,77,28716557,nan,nan,nan
8/22/2026 1:01:09,1.17.3,StopSig,2,4.01,3,1,Pellet,Left,131,177,78,28716557,0.06,19,nan
8/22/2026 1:01:18,1.17.3,StopSig,2,4.02,nan,1,>Left_Stop_trial,Left,132,177,78,28727544,nan,nan,nan
8/22/2026 1:01:21,1.17.3,StopSig,2,4.02,nan,1,NoPoke_STOP_(correct),Left,132,177,78,28730946,nan,nan,nan
8/22/2026 1:01:22,1.17.3,StopSig,2,4.02,1,1,Pellet,Left,132,177,79,28730946,0.53,13,nan
8/22/2026 1:01:38,1.17.3,StopSig,2,4.02,nan,1,>Left_Regular_trial,Left,133,177,79,28748191,nan,nan,nan
8/22/2026 1:01:39,1.17.3,StopSig,2,4.02,nan,1,Right_Regular_(correct),Left,133,178,79,28749073,nan,nan,nan
8/22/2026 1:01:40,1.17.3,StopSig,2,4.01,nan,1,RightDuringDispense,Left,133,179,79,28749073,nan,nan,0.65
8/22/2026 1:01:49,1.17.3,StopSig,2,4.02,2,1,Pellet,Left,133,179,80,28749073,6.53,27,nan
8/22/2026 1:11:23,1.17.3,StopSig,2,4.01,nan,1,>Left_Regular_trial,Left,134,179,80,29333051,nan,nan,nan
8/22/2026 1:11:27,1.17.3,StopSig,2,4.02,nan,1,NoPoke_Regular_(incorrect),Left,134,179,80,29337015,nan,nan,nan
8/22/2026 1:14:29,1.17.3,StopSig,2,4.02,nan,1,>Left_Stop_trial,Left,135,179,80,29518600,nan,nan,nan
8/22/2026 1:14:32,1.17.3,StopSig,2,4.02,nan,1,NoPoke_STOP_(correct),Left,135,179,80,29522004,nan,nan,nan
8/22/2026 1:14:50,1.17.3,StopSig,2,4.02,2,1,Pellet,Left,135,179,81,29522004,15.05,781,nan
8/22/2026 1:15:19,1.17.3,StopSig,2,4.02,nan,1,>Left_Regular_trial,Left,136,179,81,29569376,nan,nan,nan
8/22/2026 1:15:23,1.17.3,StopSig,2,4.02,nan,1,NoPoke_Regular_(incorrect),Left,136,179,81,29573048,nan,nan,nan
8/22/2026 1:16:52,1.17.3,StopSig,2,4.02,nan,1,>Left_Regular_trial,Left,137,179,81,29662315,nan,nan,nan
8/22/2026 1:16:56,1.17.3,StopSig,2,4.02,nan,1,NoPoke_Regular_(incorrect),Left,137,179,81,29665986,nan,nan,nan
8/22/2026 1:19:14,1.17.3,StopSig,2,4.02,nan,1,>Left_Regular_trial,Left,138,179,81,29804411,nan,nan,nan
8/22/2026 1:19:18,1.17.3,StopSig,2,4.01,nan,1,NoPoke_Regular_(incorrect),Left,138,179,81,29808084,nan,nan,nan
8/22/2026 1:36:53,1.17.3,StopSig,2,4.01,nan,1,>Left_Regular_trial,Left,139,179,81,30863139,nan,nan,nan
8/22/2026 1:36:55,1.17.3,StopSig,2,4.01,nan,1,Right_Regular_(correct),Left,139,180,81,30865049,nan,nan,nan
8/22/2026 1:36:58,1.17.3,StopSig,2,4.01,2,1,Pellet,Left,139,180,82,30865049,0.47,1328,nan
8/22/2026 1:37:09,1.17.3,StopSig,2,4.02,nan,1,>Left_Regular_trial,Left,140,180,82,30879454,nan,nan,nan
8/22/2026 1:37:13,1.17.3,StopSig,2,4.01,nan,1,NoPoke_Regular_(incorrect),Left,140,180,82,30883131,nan,nan,nan
8/22/2026 1:58:41,1.17.3,StopSig,2,4.01,nan,1,Right_no_left,Left,140,181,82,30883131,nan,nan,nan
8/22/2026 1:58:44,1.17.3,StopSig,2,4.01,nan,1,>Left_Regular_trial,Left,141,181,82,32174553,nan,nan,nan
8/22/2026 1:58:46,1.17.3,StopSig,2,4.01,nan,1,Right_Regular_(correct),Left,141,182,82,32176315,nan,nan,nan
8/22/2026 1:58:46,1.17.3,StopSig,2,4.01,nan,1,RightDuringDispense,Left,141,183,82,32176315,nan,nan,0.03
8/22/2026 1:58:48,1.17.3,StopSig,2,4.01,1,1,Pellet,Left,141,183,83,32176315,0.77,1310,nan
8/22/2026 1:59:02,1.17.3,StopSig,2,4.01,nan,1,>Left_Stop_trial,Left,142,183,83,32192275,nan,nan,nan
8/22/2026 1:59:06,1.17.3,StopSig,2,4.02,nan,1,NoPoke_STOP_(correct),Left,142,183,83,32196125,nan,nan,nan
8/22/2026 1:59:07,1.17.3,StopSig,2,4.00,1,1,Pellet,Left,142,183,84,32196125,0.23,19,nan
8/22/2026 1:59:19,1.17.3,StopSig,2,4.00,nan,1,Right_no_left,Left,142,184,84,32196125,nan,nan,nan
8/22/2026 1:59:27,1.17.3,StopSig,2,4.01,nan,1,>Left_Stop_trial,Left,143,184,84,32216865,nan,nan,nan
8/22/2026 1:59:30,1.17.3,StopSig,2,4.02,nan,1,NoPoke_STOP_(correct),Left,143,184,84,32220126,nan,nan,nan
8/22/2026 1:59:31,1.17.3,StopSig,2,4.01,1,1,Pellet,Left,143,184,85,32220126,0.77,24,nan
8/22/2026 1:59:42,1.17.3,StopSig,2,4.01,nan,1,>Left_Stop_trial,Left,144,184,85,32232061,nan,nan,nan
8/22/2026 1:59:43,1.17.3,StopSig,2,4.01,nan,1,Right_STOP_(incorrect),Left,144,185,85,32233101,nan,nan,nan
8/22/2026 2:00:13,1.17.3,StopSig,2,4.01,nan,1,>Left_Regular_trial,Left,145,185,85,32263421,nan,nan,nan
8/22/2026 2:00:17,1.17.3,StopSig,2,4.00,nan,1,NoPoke_Regular_(incorrect),Left,145,185,85,32267102,nan,nan,nan
8/22/2026 2:07:44,1.17.3,StopSig,2,4.01,nan,1,Right_no_left,Left,145,186,85,32267102,nan,nan,nan
8/22/2026 2:07:49,1.17.3,StopSig,2,4.01,nan,1,>Left_Regular_trial,Left,146,186,85,32719097,nan,nan,nan
8/22/2026 2:07:51,1.17.3,StopSig,2,4.01,nan,1,Right_Regular_(correct),Left,146,187,85,32721599,nan,nan,nan
8/22/2026 2:07:52,1.17.3,StopSig,2,4.01,nan,1,RightDuringDispense,Left,146,188,85,32721599,nan,nan,0.06
8/22/2026 2:07:53,1.17.3,StopSig,2,4.01,1,1,Pellet,Left,146,188,86,32721599,0.41,502,nan
8/22/2026 2:08:09,1.17.3,StopSig,2,4.01,nan,1,>Left_Regular_trial,Left,147,188,86,32739331,nan,nan,nan
8/22/2026 2:08:10,1.17.3,StopSig,2,4.01,nan,1,Right_Regular_(correct),Left,147,189,86,32740361,nan,nan,nan
8/22/2026 2:08:11,1.17.3,StopSig,2,4.01,1,1,Pellet,Left,147,189,87,32740361,0.12,18,nan
8/22/2026 2:08:21,1.17.3,StopSig,2,4.01,nan,1,>Left_Regular_trial,Left,148,189,87,32751456,nan,nan,nan
8/22/2026 2:08:22,1.17.3,StopSig,2,4.01,nan,1,Right_Regular_(correct),Left,148,190,87,32752780,nan,nan,nan
8/22/2026 2:08:23,1.17.3,StopSig,2,4.01,1,1,Pellet,Left,148,190,88,32752780,0.06,12,nan
8/22/2026 2:08:33,1.17.3,StopSig,2,4.01,nan,1,>Left_Regular_trial,Left,149,190,88,32763150,nan,nan,nan
8/22/2026 2:08:37,1.17.3,StopSig,2,4.01,nan,1,NoPoke_Regular_(incorrect),Left,149,190,88,32767128,nan,nan,nan
8/22/2026 2:09:07,1.17.3,StopSig,2,4.01,nan,1,Right_no_left,Left,149,191,88,32767128,nan,nan,nan
8/22/2026 2:09:11,1.17.3,StopSig,2,4.01,nan,1,>Left_Regular_trial,Left,150,191,88,32801568,nan,nan,nan
8/22/2026 2:09:15,1.17.3,StopSig,2,4.01,nan,1,NoPoke_Regular_(incorrect),Left,150,191,88,32805104,nan,nan,nan
8/22/2026 3:54:13,1.17.3,StopSig,2,4.00,nan,1,>Left_Regular_trial,Left,151,191,88,39103564,nan,nan,nan
8/22/2026 3:54:15,1.17.3,StopSig,2,4.00,nan,1,Right_Regular_(correct),Left,151,192,88,39105180,nan,nan,nan
8/22/2026 3:54:15,1.17.3,StopSig,2,3.90,nan,1,RightDuringDispense,Left,151,193,88,39105180,nan,nan,0.07
8/22/2026 3:54:19,1.17.3,StopSig,2,4.00,2,1,Pellet,Left,151,193,89,39105180,1.43,6356,nan
8/22/2026 3:54:35,1.17.3,StopSig,2,4.00,nan,1,>Left_Regular_trial,Left,152,193,89,39125345,nan,nan,nan
8/22/2026 3:54:37,1.17.3,StopSig,2,4.00,nan,1,Right_Regular_(correct),Left,152,194,89,39127700,nan,nan,nan
8/22/2026 3:54:38,1.17.3,StopSig,2,4.00,1,1,Pellet,Left,152,194,90,39127700,0.17,19,nan
8/22/2026 3:54:54,1.17.3,StopSig,2,4.00,nan,1,Right_no_left,Left,152,195,90,39127700,nan,nan,nan
8/22/2026 3:54:58,1.17.3,StopSig,2,4.00,nan,1,>Left_Regular_trial,Left,153,195,90,39148496,nan,nan,nan
8/22/2026 3:55:00,1.17.3,StopSig,2,4.00,nan,1,Right_Regular_(correct),Left,153,196,90,39150558,nan,nan,nan
8/22/2026 3:55:00,1.17.3,StopSig,2,4.00,nan,1,RightDuringDispense,Left,153,197,90,39150558,nan,nan,0.17
8/22/2026 3:55:04,1.17.3,StopSig,2,4.00,2,1,Pellet,Left,153,197,91,39150558,0.41,26,nan
8/22/2026 4:09:34,1.17.3,StopSig,2,4.00,nan,1,Right_no_left,Left,153,198,91,39150558,nan,nan,nan
8/22/2026 4:09:38,1.17.3,StopSig,2,4.00,nan,1,>Left_Regular_trial,Left,154,198,91,40028610,nan,nan,nan
8/22/2026 4:09:39,1.17.3,StopSig,2,4.00,nan,1,Right_Regular_(correct),Left,154,199,91,40029788,nan,nan,nan
8/22/2026 4:09:40,1.17.3,StopSig,2,4.00,2,1,Pellet,Left,154,199,92,40029788,0.23,876,nan
8/22/2026 4:09:56,1.17.3,StopSig,2,4.00,nan,1,>Left_Regular_trial,Left,155,199,92,40046809,nan,nan,nan
8/22/2026 4:09:58,1.17.3,StopSig,2,4.00,nan,1,Right_Regular_(correct),Left,155,200,92,40049016,nan,nan,nan
8/22/2026 4:09:59,1.17.3,StopSig,2,4.00,1,1,Pellet,Left,155,200,93,40049016,0.17,19,nan
8/22/2026 4:10:11,1.17.3,StopSig,2,4.00,nan,1,Right_no_left,Left,155,201,93,40049016,nan,nan,nan
8/22/2026 4:10:19,1.17.3,StopSig,2,4.00,nan,1,>Left_Regular_trial,Left,156,201,93,40069775,nan,nan,nan
8/22/2026 4:10:20,1.17.3,StopSig,2,4.00,nan,1,Right_Regular_(correct),Left,156,202,93,40070508,nan,nan,nan
8/22/2026 4:10:21,1.17.3,StopSig,2,4.00,1,1,Pellet,Left,156,202,94,40070508,0.17,22,nan
8/22/2026 4:10:32,1.17.3,StopSig,2,4.00,nan,1,>Left_Regular_trial,Left,157,202,94,40082540,nan,nan,nan
8/22/2026 4:10:33,1.17.3,StopSig,2,4.00,nan,1,Right_Regular_(correct),Left,157,203,94,40083571,nan,nan,nan
8/22/2026 4:10:33,1.17.3,StopSig,2,4.00,nan,1,RightDuringDispense,Left,157,204,94,40083571,nan,nan,0.06
8/22/2026 4:10:42,1.17.3,StopSig,2,4.00,2,1,Pellet,Left,157,204,95,40083571,5.57,21,nan
8/22/2026 4:10:58,1.17.3,StopSig,2,4.00,nan,1,>Left_Stop_trial,Left,158,204,95,40108629,nan,nan,nan
8/22/2026 4:11:02,1.17.3,StopSig,2,4.00,nan,1,NoPoke_STOP_(correct),Left,158,204,95,40112478,nan,nan,nan
8/22/2026 4:11:06,1.17.3,StopSig,2,4.00,2,1,Pellet,Left,158,204,96,40112478,1.01,24,nan
8/22/2026 4:11:17,1.17.3,StopSig,2,4.00,nan,1,>Left_Regular_trial,Left,159,204,96,40127913,nan,nan,nan
8/22/2026 4:11:21,1.17.3,StopSig,2,4.00,nan,1,NoPoke_Regular_(incorrect),Left,159,204,96,40131443,nan,nan,nan
8/22/2026 4:12:18,1.17.3,StopSig,2,4.00,nan,1,Right_no_left,Left,159,205,96,40131443,nan,nan,nan
8/22/2026 4:18:08,1.17.3,StopSig,2,4.00,nan,1,>Left_Stop_trial,Left,160,205,96,40537809,nan,nan,nan
8/22/2026 4:18:08,1.17.3,StopSig,2,4.00,nan,1,Right_STOP_(incorrect),Left,160,206,96,40539151,nan,nan,nan
8/22/2026 4:19:19,1.17.3,StopSig,2,4.00,nan,1,Right_no_left,Left,160,207,96,40539151,nan,nan,nan
8/22/2026 4:19:22,1.17.3,StopSig,2,4.00,nan,1,>Left_Regular_trial,Left,161,207,96,40612209,nan,nan,nan
8/22/2026 4:19:22,1.17.3,StopSig,2,4.00,nan,1,Right_Regular_(correct),Left,161,208,96,40612943,nan,nan,nan
8/22/2026 4:19:23,1.17.3,StopSig,2,4.00,1,1,Pellet,Left,161,208,97,40612943,0.47,497,nan
8/22/2026 4:19:38,1.17.3,StopSig,2,3.99,nan,1,>Left_Regular_trial,Left,162,208,97,40629021,nan,nan,nan
8/22/2026 4:19:39,1.17.3,StopSig,2,4.00,nan,1,Right_Regular_(correct),Left,162,209,97,40629755,nan,nan,nan
8/22/2026 4:19:40,1.17.3,StopSig,2,4.00,1,1,Pellet,Left,162,209,98,40629755,0.35,17,nan
8/22/2026 4:19:59,1.17.3,StopSig,2,4.00,nan,1,>Left_Stop_trial,Left,163,209,98,40649162,nan,nan,nan
8/22/2026 4:20:02,1.17.3,StopSig,2,4.00,nan,1,NoPoke_STOP_(correct),Left,163,209,98,40652427,nan,nan,nan
8/22/2026 4:20:03,1.17.3,StopSig,2,4.00,1,1,Pellet,Left,163,209,99,40652427,0.41,23,nan
8/22/2026 4:20:15,1.17.3,StopSig,2,4.00,nan,1,>Left_Regular_trial,Left,164,209,99,40665313,nan,nan,nan
8/22/2026 4:20:19,1.17.3,StopSig,2,4.00,nan,1,NoPoke_Regular_(incorrect),Left,164,209,99,40669438,nan,nan,nan
8/22/2026 4:25:37,1.17.3,StopSig,2,4.00,nan,1,>Left_Regular_trial,Left,165,209,99,40987397,nan,nan,nan
8/22/2026 4:25:40,1.17.3,StopSig,2,4.00,nan,1,Right_Regular_(correct),Left,165,210,99,40990639,nan,nan,nan
8/22/2026 4:25:41,1.17.3,StopSig,2,4.00,nan,1,RightDuringDispense,Left,165,211,99,40990639,nan,nan,0.35
8/22/2026 4:25:42,1.17.3,StopSig,2,3.99,2,1,Pellet,Left,165,211,100,40990639,0.17,339,nan
8/22/2026 4:25:52,1.17.3,StopSig,2,4.00,nan,1,>Left_Regular_trial,Left,166,211,100,41002904,nan,nan,nan
8/22/2026 4:25:56,1.17.3,StopSig,2,4.00,nan,1,Right_Regular_(correct),Left,166,212,100,41006291,nan,nan,nan
8/22/2026 4:25:57,1.17.3,StopSig,2,4.00,2,1,Pellet,Left,166,212,101,41006291,0.12,15,nan
8/22/2026 4:43:24,1.17.3,StopSig,2,4.00,nan,1,>Left_Regular_trial,Left,167,212,101,42054198,nan,nan,nan
8/22/2026 4:43:25,1.17.3,StopSig,2,3.99,nan,1,Right_Regular_(correct),Left,167,213,101,42056110,nan,nan,nan
8/22/2026 4:43:29,1.17.3,StopSig,2,4.00,2,1,Pellet,Left,167,213,102,42056110,0.53,1052,nan
8/22/2026 4:43:51,1.17.3,StopSig,2,4.00,nan,1,Right_no_left,Left,167,214,102,42056110,nan,nan,nan
8/22/2026 4:49:57,1.17.3,StopSig,2,4.00,nan,1,>Left_Regular_trial,Left,168,214,102,42448020,nan,nan,nan
8/22/2026 4:50:01,1.17.3,StopSig,2,3.99,nan,1,NoPoke_Regular_(incorrect),Left,168,214,102,42451558,nan,nan,nan
8/22/2026 4:55:19,1.17.3,StopSig,2,3.99,nan,1,>Left_Regular_trial,Left,169,214,102,42769489,nan,nan,nan
8/22/2026 4:55:20,1.17.3,StopSig,2,4.00,nan,1,Right_Regular_(correct),Left,169,215,102,42770666,nan,nan,nan
8/22/2026 4:56:04,1.17.3,StopSig,2,3.99,1,1,Pellet,Left,169,215,103,42770666,43.67,755,nan
8/22/2026 4:56:34,1.17.3,StopSig,2,4.00,nan,1,Right_no_left,Left,169,216,103,42770666,nan,nan,nan
8/22/2026 4:56:42,1.17.3,StopSig,2,4.00,nan,1,>Left_Regular_trial,Left,170,216,103,42852663,nan,nan,nan
8/22/2026 4:56:46,1.17.3,StopSig,2,4.00,nan,1,NoPoke_Regular_(incorrect),Left,170,216,103,42856494,nan,nan,nan
8/22/2026 4:57:25,1.17.3,StopSig,2,4.00,nan,1,Right_no_left,Left,170,217,103,42856494,nan,nan,nan
8/22/2026 4:57:26,1.17.3,StopSig,2,4.00,nan,1,Right_no_left,Left,170,218,103,42895797,nan,nan,nan
8/22/2026 4:57:44,1.17.3,StopSig,2,3.99,nan,1,>Left_Regular_trial,Left,171,218,103,42914800,nan,nan,nan
8/22/2026 4:57:45,1.17.3,StopSig,2,4.00,nan,1,Right_Regular_(correct),Left,171,219,103,42915831,nan,nan,nan
8/22/2026 4:57:45,1.17.3,StopSig,2,3.99,nan,1,RightDuringDispense,Left,171,220,103,42915831,nan,nan,0.05
8/22/2026 4:57:47,1.17.3,StopSig,2,3.90,nan,1,RightDuringDispense,Left,171,221,103,42915831,nan,nan,0.47
8/22/2026 4:57:47,1.17.3,StopSig,2,3.99,1,1,Pellet,Left,171,221,104,42915831,0.59,103,nan
8/22/2026 4:58:12,1.17.3,StopSig,2,3.99,nan,1,>Left_Regular_trial,Left,172,221,104,42942431,nan,nan,nan
8/22/2026 4:58:13,1.17.3,StopSig,2,3.99,nan,1,Right_Regular_(correct),Left,172,222,104,42943757,nan,nan,nan
8/22/2026 4:58:14,1.17.3,StopSig,2,3.99,2,1,Pellet,Left,172,222,105,42943757,0.17,27,nan
8/22/2026 4:58:23,1.17.3,StopSig,2,4.00,nan,1,>Left_Regular_trial,Left,173,222,105,42953496,nan,nan,nan
8/22/2026 4:58:24,1.17.3,StopSig,2,3.99,nan,1,Right_Regular_(correct),Left,173,223,105,42954673,nan,nan,nan
8/22/2026 4:58:25,1.17.3,StopSig,2,4.00,2,1,Pellet,Left,173,223,106,42954673,0.06,11,nan
8/22/2026 4:58:45,1.17.3,StopSig,2,3.99,nan,1,>Left_Regular_trial,Left,174,223,106,42975184,nan,nan,nan
8/22/2026 4:58:45,1.17.3,StopSig,2,3.99,nan,1,Right_Regular_(correct),Left,174,224,106,42976067,nan,nan,nan
8/22/2026 4:58:46,1.17.3,StopSig,2,4.00,2,1,Pellet,Left,174,224,107,42976067,0.06,21,nan
8/22/2026 4:58:57,1.17.3,StopSig,2,3.99,nan,1,Right_no_left,Left,174,225,107,42976067,nan,nan,nan
8/22/2026 4:58:57,1.17.3,StopSig,2,3.99,nan,1,Right_no_left,Left,174,226,107,42987994,nan,nan,nan
8/22/2026 4:59:01,1.17.3,StopSig,2,4.00,nan,1,>Left_Regular_trial,Left,175,226,107,42991680,nan,nan,nan
8/22/2026 4:59:02,1.17.3,StopSig,2,4.00,nan,1,Right_Regular_(correct),Left,175,227,107,42993152,nan,nan,nan
8/22/2026 4:59:03,1.17.3,StopSig,2,3.90,nan,1,RightDuringDispense,Left,175,228,107,42993152,nan,nan,0.03
8/22/2026 4:59:06,1.17.3,StopSig,2,4.00,3,1,Pellet,Left,175,228,108,42993152,0.06,20,nan
8/22/2026 4:59:17,1.17.3,StopSig,2,3.99,nan,1,>Left_Regular_trial,Left,176,228,108,43007867,nan,nan,nan
8/22/2026 4:59:18,1.17.3,StopSig,2,4.00,nan,1,Right_Regular_(correct),Left,176,229,108,43009195,nan,nan,nan
8/22/2026 4:59:19,1.17.3,StopSig,2,3.99,nan,1,RightDuringDispense,Left,176,230,108,43009195,nan,nan,0.03
8/22/2026 4:59:20,1.17.3,StopSig,2,4.00,2,1,Pellet,Left,176,230,109,43009195,0.06,14,nan
8/22/2026 4:59:30,1.17.3,StopSig,2,3.99,nan,1,Right_no_left,Left,176,231,109,43009195,nan,nan,nan
8/22/2026 4:59:30,1.17.3,StopSig,2,4.00,nan,1,Right_no_left,Left,176,232,109,43020652,nan,nan,nan
8/22/2026 4:59:34,1.17.3,StopSig,2,4.00,nan,1,>Left_Regular_trial,Left,177,232,109,43024635,nan,nan,nan
8/22/2026 4:59:35,1.17.3,StopSig,2,3.99,nan,1,Right_Regular_(correct),Left,177,233,109,43025664,nan,nan,nan
8/22/2026 4:59:35,1.17.3,StopSig,2,3.99,nan,1,RightDuringDispense,Left,177,234,109,43025664,nan,nan,0.28
8/22/2026 4:59:39,1.17.3,StopSig,2,3.99,2,1,Pellet,Left,177,234,110,43025664,0.65,19,nan
8/22/2026 5:10:02,1.17.3,StopSig,2,4.00,nan,1,>Left_Regular_trial,Left,178,234,110,43652469,nan,nan,nan
8/22/2026 5:10:06,1.17.3,StopSig,2,3.99,nan,1,NoPoke_Regular_(incorrect),Left,178,234,110,43656593,nan,nan,nan
8/22/2026 5:31:21,1.17.3,StopSig,2,3.99,nan,1,Right_no_left,Left,178,235,110,43656593,nan,nan,nan
8/22/2026 5:31:23,1.17.3,StopSig,2,3.99,nan,1,>Left_Regular_trial,Left,179,235,110,44933904,nan,nan,nan
8/22/2026 5:31:24,1.17.3,StopSig,2,3.99,nan,1,Right_Regular_(correct),Left,179,236,110,44935080,nan,nan,nan
8/22/2026 5:31:30,1.17.3,StopSig,2,3.99,3,1,Pellet,Left,179,236,111,44935080,0.65,1911,nan
8/22/2026 5:31:40,1.17.3,StopSig,2,3.99,nan,1,>Left_Regular_trial,Left,180,236,111,44951177,nan,nan,nan
8/22/2026 5:31:41,1.17.3,StopSig,2,3.99,nan,1,Right_Regular_(correct),Left,180,237,111,44952059,nan,nan,nan
8/22/2026 5:31:47,1.17.3,StopSig,2,3.99,3,1,Pellet,Left,180,237,112,44952059,0.53,17,nan
8/22/2026 5:31:57,1.17.3,StopSig,2,3.99,nan,1,>Left_Stop_trial,Left,181,237,112,44967876,nan,nan,nan
8/22/2026 5:32:01,1.17.3,StopSig,2,3.99,nan,1,NoPoke_STOP_(correct),Left,181,237,112,44971579,nan,nan,nan
8/22/2026 5:32:02,1.17.3,StopSig,2,4.00,1,1,Pellet,Left,181,237,113,44971579,0.47,15,nan
8/22/2026 5:32:10,1.17.3,StopSig,2,3.99,nan,1,>Left_Regular_trial,Left,182,237,113,44980776,nan,nan,nan
8/22/2026 5:32:11,1.17.3,StopSig,2,3.99,nan,1,Right_Regular_(correct),Left,182,238,113,44981953,nan,nan,nan
8/22/2026 5:32:21,1.17.3,StopSig,2,3.98,2,1,Pellet,Left,182,238,114,44981953,6.95,19,nan
8/22/2026 5:32:39,1.17.3,StopSig,2,3.99,nan,1,>Left_Regular_trial,Left,183,238,114,45009416,nan,nan,nan
8/22/2026 5:32:43,1.17.3,StopSig,2,3.99,nan,1,NoPoke_Regular_(incorrect),Left,183,238,114,45013545,nan,nan,nan
8/22/2026 7:20:08,1.17.3,StopSig,2,3.98,nan,1,>Left_Stop_trial,Left,184,238,114,51458854,nan,nan,nan
8/22/2026 7:20:12,1.17.3,StopSig,2,3.98,nan,1,NoPoke_STOP_(correct),Left,184,238,114,51462855,nan,nan,nan
8/22/2026 7:20:15,1.17.3,StopSig,2,3.98,2,1,Pellet,Left,184,238,115,51462855,0.71,6474,nan
8/22/2026 7:20:30,1.17.3,StopSig,2,3.98,nan,1,>Left_Regular_trial,Left,185,238,115,51480628,nan,nan,nan
8/22/2026 7:20:31,1.17.3,StopSig,2,3.98,nan,1,Right_Regular_(correct),Left,185,239,115,51481955,nan,nan,nan
8/22/2026 7:20:37,1.17.3,StopSig,2,3.98,3,1,Pellet,Left,185,239,116,51481955,1.13,22,nan
8/22/2026 7:20:52,1.17.3,StopSig,2,3.98,nan,1,>Left_Stop_trial,Left,186,239,116,51503108,nan,nan,nan
8/22/2026 7:20:54,1.17.3,StopSig,2,3.98,nan,1,Right_STOP_(incorrect),Left,186,240,116,51504598,nan,nan,nan
8/22/2026 7:21:58,1.17.3,StopSig,2,3.98,nan,1,Right_no_left,Left,186,241,116,51504598,nan,nan,nan
8/22/2026 7:22:07,1.17.3,StopSig,2,3.98,nan,1,>Left_Regular_trial,Left,187,241,116,51578237,nan,nan,nan
8/22/2026 7:22:08,1.17.3,StopSig,2,3.98,nan,1,Right_Regular_(correct),Left,187,242,116,51579265,nan,nan,nan
8/22/2026 7:22:09,1.17.3,StopSig,2,3.98,2,1,Pellet,Left,187,242,117,51579265,0.06,92,nan
8/22/2026 7:24:48,1.17.3,StopSig,2,3.98,nan,1,>Left_Regular_trial,Left,188,242,117,51739004,nan,nan,nan
8/22/2026 7:24:52,1.17.3,StopSig,2,3.98,nan,1,NoPoke_Regular_(incorrect),Left,188,242,117,51742833,nan,nan,nan
8/22/2026 7:40:06,1.17.3,StopSig,2,3.98,nan,1,>Left_Regular_trial,Left,189,242,117,52656497,nan,nan,nan
8/22/2026 7:40:07,1.17.3,StopSig,2,3.98,nan,1,Right_Regular_(correct),Left,189,243,117,52658263,nan,nan,nan
8/22/2026 7:40:07,1.17.3,StopSig,2,3.98,nan,1,RightDuringDispense,Left,189,244,117,52658263,nan,nan,0.05
8/22/2026 7:40:11,1.17.3,StopSig,2,3.98,2,1,Pellet,Left,189,244,118,52658263,0.71,1082,nan
8/22/2026 7:40:23,1.17.3,StopSig,2,3.98,nan,1,>Left_Stop_trial,Left,190,244,118,52674161,nan,nan,nan
8/22/2026 7:40:27,1.17.3,StopSig,2,3.98,nan,1,NoPoke_STOP_(correct),Left,190,244,118,52677873,nan,nan,nan
8/22/2026 7:40:28,1.17.3,StopSig,2,3.98,1,1,Pellet,Left,190,244,119,52677873,0.47,17,nan
8/22/2026 7:40:39,1.17.3,StopSig,2,3.98,nan,1,>Left_Regular_trial,Left,191,244,119,52690281,nan,nan,nan
8/22/2026 7:40:43,1.17.3,StopSig,2,3.98,nan,1,NoPoke_Regular_(incorrect),Left,191,244,119,52693810,nan,nan,nan
8/22/2026 7:41:41,1.17.3,StopSig,2,3.98,nan,1,>Left_Stop_trial,Left,192,244,119,52751480,nan,nan,nan
8/22/2026 7:41:44,1.17.3,StopSig,2,3.98,nan,1,NoPoke_STOP_(correct),Left,192,244,119,52754889,nan,nan,nan
8/22/2026 7:41:48,1.17.3,StopSig,2,3.98,2,1,Pellet,Left,192,244,120,52754889,1.19,80,nan
8/22/2026 8:21:25,1.17.3,StopSig,2,3.98,nan,1,>Left_Regular_trial,Left,193,244,120,55136244,nan,nan,nan
8/22/2026 8:21:29,1.17.3,StopSig,2,3.98,nan,1,NoPoke_Regular_(incorrect),Left,193,244,120,55139927,nan,nan,nan
8/22/2026 8:23:53,1.17.3,StopSig,2,3.98,nan,1,Right_no_left,Left,193,245,120,55139927,nan,nan,nan
8/22/2026 8:23:55,1.17.3,StopSig,2,3.98,nan,1,>Left_Regular_trial,Left,194,245,120,55286360,nan,nan,nan
8/22/2026 8:23:59,1.17.3,StopSig,2,3.98,nan,1,NoPoke_Regular_(incorrect),Left,194,245,120,55289899,nan,nan,nan
8/22/2026 10:36:11,1.17.3,StopSig,2,3.96,nan,1,Right_no_left,Left,194,246,120,55289899,nan,nan,nan
8/22/2026 10:36:14,1.17.3,StopSig,2,3.96,nan,1,>Left_Stop_trial,Left,195,246,120,63225364,nan,nan,nan
8/22/2026 10:36:18,1.17.3,StopSig,2,3.96,nan,1,NoPoke_STOP_(correct),Left,195,246,120,63229367,nan,nan,nan
8/22/2026 10:36:22,1.17.3,StopSig,2,3.96,2,1,Pellet,Left,195,246,121,63229367,1.13,10474,nan
8/22/2026 10:36:44,1.17.3,StopSig,2,3.96,nan,1,>Left_Regular_trial,Left,196,246,121,63255234,nan,nan,nan
8/22/2026 10:36:48,1.17.3,StopSig,2,3.96,nan,1,NoPoke_Regular_(incorrect),Left,196,246,121,63259358,nan,nan,nan
8/22/2026 10:37:43,1.17.3,StopSig,2,3.96,nan,1,Right_no_left,Left,196,247,121,63259358,nan,nan,nan
8/22/2026 10:40:02,1.17.3,StopSig,2,3.96,nan,1,>Left_Regular_trial,Left,197,247,121,63453461,nan,nan,nan
8/22/2026 10:40:04,1.17.3,StopSig,2,3.96,nan,1,Right_Regular_(correct),Left,197,248,121,63455668,nan,nan,nan
8/22/2026 10:40:05,1.17.3,StopSig,2,3.96,1,1,Pellet,Left,197,248,122,63455668,0.59,223,nan
8/22/2026 10:40:27,1.17.3,StopSig,2,3.96,nan,1,>Left_Stop_trial,Left,198,248,122,63478095,nan,nan,nan
8/22/2026 10:40:28,1.17.3,StopSig,2,3.96,nan,1,Right_STOP_(incorrect),Left,198,249,122,63479137,nan,nan,nan
8/22/2026 10:44:28,1.17.3,StopSig,2,3.96,nan,1,Right_no_left,Left,198,250,122,63479137,nan,nan,nan
8/22/2026 10:45:13,1.17.3,StopSig,2,3.96,nan,1,Right_no_left,Left,198,251,122,63720084,nan,nan,nan
8/22/2026 10:47:24,1.17.3,StopSig,2,3.96,nan,1,Right_no_left,Left,198,252,122,63765201,nan,nan,nan
8/22/2026 10:52:27,1.17.3,StopSig,2,3.96,nan,1,Right_no_left,Left,198,253,122,63895467,nan,nan,nan
8/22/2026 10:52:30,1.17.3,StopSig,2,3.96,nan,1,Right_no_left,Left,198,254,122,64198543,nan,nan,nan
8/22/2026 10:52:41,1.17.3,StopSig,2,3.96,nan,1,Right_no_left,Left,198,255,122,64201343,nan,nan,nan
8/22/2026 10:52:45,1.17.3,StopSig,2,3.96,nan,1,>Left_Stop_trial,Left,199,255,122,64215650,nan,nan,nan
8/22/2026 10:52:48,1.17.3,StopSig,2,3.96,nan,1,NoPoke_STOP_(correct),Left,199,255,122,64219358,nan,nan,nan
8/22/2026 10:52:50,1.17.3,StopSig,2,3.96,1,1,Pellet,Left,199,255,123,64219358,1.67,765,nan
8/22/2026 10:53:14,1.17.3,StopSig,2,3.96,nan,1,>Left_Regular_trial,Left,200,255,123,64245374,nan,nan,nan
8/22/2026 10:53:18,1.17.3,StopSig,2,3.96,nan,1,NoPoke_Regular_(incorrect),Left,200,255,123,64249356,nan,nan,nan
8/22/2026 10:54:25,1.17.3,StopSig,2,3.96,nan,1,Right_no_left,Left,200,256,123,64249356,nan,nan,nan
8/22/2026 10:54:28,1.17.3,StopSig,2,3.96,nan,1,>Left_Regular_trial,Left,201,256,123,64319517,nan,nan,nan
8/22/2026 10:54:30,1.17.3,StopSig,2,3.96,nan,1,Right_Regular_(correct),Left,201,257,123,64321284,nan,nan,nan
8/22/2026 10:54:30,1.17.3,StopSig,2,3.96,nan,1,RightDuringDispense,Left,201,258,123,64321284,nan,nan,0.04
8/22/2026 10:54:31,1.17.3,StopSig,2,3.96,2,1,Pellet,Left,201,258,124,64321284,0.06,101,nan
8/22/2026 10:54:42,1.17.3,StopSig,2,3.97,nan,1,>Left_Stop_trial,Left,202,258,124,64333601,nan,nan,nan
8/22/2026 10:54:46,1.17.3,StopSig,2,3.96,nan,1,NoPoke_STOP_(correct),Left,202,258,124,64337310,nan,nan,nan
8/22/2026 10:54:47,1.17.3,StopSig,2,3.96,1,1,Pellet,Left,202,258,125,64337310,0.12,15,nan
8/22/2026 10:54:55,1.17.3,StopSig,2,3.96,nan,1,>Left_Regular_trial,Left,203,258,125,64346234,nan,nan,nan
8/22/2026 10:54:56,1.17.3,StopSig,2,3.96,nan,1,Right_Regular_(correct),Left,203,259,125,64347707,nan,nan,nan
8/22/2026 10:54:57,1.17.3,StopSig,2,3.96,nan,1,RightDuringDispense,Left,203,260,125,64347707,nan,nan,0.20
8/22/2026 10:54:57,1.17.3,StopSig,2,3.96,1,1,Pellet,Left,203,260,126,64347707,0.11,11,nan
8/22/2026 10:55:19,1.17.3,StopSig,2,3.96,nan,1,>Left_Stop_trial,Left,204,260,126,64370453,nan,nan,nan
8/22/2026 10:55:20,1.17.3,StopSig,2,3.96,nan,1,Right_STOP_(incorrect),Left,204,261,126,64371495,nan,nan,nan
8/22/2026 11:26:51,1.17.3,StopSig,2,3.96,nan,1,>Left_Regular_trial,Left,205,261,126,66262911,nan,nan,nan
8/22/2026 11:26:55,1.17.3,StopSig,2,3.96,nan,1,NoPoke_Regular_(incorrect),Left,205,261,126,66266450,nan,nan,nan
8/22/2026 14:00:12,1.17.3,StopSig,2,3.95,nan,1,Right_no_left,Left,205,262,126,66266450,nan,nan,nan
8/22/2026 14:00:14,1.17.3,StopSig,2,3.95,nan,1,>Left_Regular_trial,Left,206,262,126,75466283,nan,nan,nan
8/22/2026 14:00:18,1.17.3,StopSig,2,3.94,nan,1,NoPoke_Regular_(incorrect),Left,206,262,126,75469824,nan,nan,nan
8/22/2026 14:03:46,1.17.3,StopSig,2,3.94,nan,1,Right_no_left,Left,206,263,126,75469824,nan,nan,nan
8/22/2026 14:08:35,1.17.3,StopSig,2,3.95,nan,1,Right_no_left,Left,206,264,126,75677992,nan,nan,nan
8/22/2026 14:08:43,1.17.3,StopSig,2,3.95,nan,1,>Left_Regular_trial,Left,207,264,126,75974844,nan,nan,nan
8/22/2026 14:08:45,1.17.3,StopSig,2,3.94,nan,1,Right_Regular_(correct),Left,207,265,126,75976907,nan,nan,nan
8/22/2026 14:08:48,1.17.3,StopSig,2,3.95,2,1,Pellet,Left,207,265,127,75976907,0.29,11631,nan
8/22/2026 14:09:00,1.17.3,StopSig,2,3.94,nan,1,>Left_Regular_trial,Left,208,265,127,75991508,nan,nan,nan
8/22/2026 14:09:00,1.17.3,StopSig,2,3.94,nan,1,Right_Regular_(correct),Left,208,266,127,75992394,nan,nan,nan
8/22/2026 14:09:09,1.17.3,StopSig,2,3.95,2,1,Pellet,Left,208,266,128,75992394,6.41,21,nan
8/22/2026 14:09:37,1.17.3,StopSig,2,3.94,nan,1,Right_no_left,Left,208,267,128,75992394,nan,nan,nan
8/22/2026 16:32:55,1.17.3,StopSig,2,3.93,nan,1,>Left_Regular_trial,Left,209,267,128,84626760,nan,nan,nan
8/22/2026 16:32:56,1.17.3,StopSig,2,3.94,nan,1,Right_Regular_(correct),Left,209,268,128,84627940,nan,nan,nan
8/22/2026 16:32:56,1.17.3,StopSig,2,3.93,nan,1,RightDuringDispense,Left,209,269,128,84627940,nan,nan,0.09
8/22/2026 16:32:57,1.17.3,StopSig,2,3.93,2,1,Pellet,Left,209,269,129,84627940,0.12,8628,nan
8/22/2026 16:33:13,1.17.3,StopSig,2,3.93,nan,1,Right_no_left,Left,209,270,129,84627940,nan,nan,nan
8/22/2026 16:33:13,1.17.3,StopSig,2,3.94,nan,1,Right_no_left,Left,209,271,129,84645380,nan,nan,nan
8/22/2026 16:33:18,1.17.3,StopSig,2,3.93,nan,1,>Left_Regular_trial,Left,210,271,129,84649807,nan,nan,nan
8/22/2026 16:33:19,1.17.3,StopSig,2,3.93,nan,1,Right_Regular_(correct),Left,210,272,129,84651726,nan,nan,nan
8/22/2026 16:33:23,1.17.3,StopSig,2,3.93,3,1,Pellet,Left,210,272,130,84651726,0.17,26,nan
8/22/2026 16:33:34,1.17.3,StopSig,2,3.94,nan,1,Right_no_left,Left,210,273,130,84651726,nan,nan,nan
8/22/2026 16:33:42,1.17.3,StopSig,2,3.93,nan,1,Right_no_left,Left,210,274,130,84666950,nan,nan,nan
8/22/2026 16:33:45,1.17.3,StopSig,2,3.93,nan,1,Right_no_left,Left,210,275,130,84674477,nan,nan,nan
8/22/2026 16:33:46,1.17.3,StopSig,2,3.94,nan,1,Right_no_left,Left,210,276,130,84677725,nan,nan,nan
8/22/2026 16:33:48,1.17.3,StopSig,2,3.94,nan,1,Right_no_left,Left,210,277,130,84678903,nan,nan,nan
8/22/2026 16:34:00,1.17.3,StopSig,2,3.93,nan,1,>Left_Regular_trial,Left,211,277,130,84692332,nan,nan,nan
8/22/2026 16:34:04,1.17.3,StopSig,2,3.94,nan,1,NoPoke_Regular_(incorrect),Left,211,277,130,84696163,nan,nan,nan
8/22/2026 16:37:39,1.17.3,StopSig,2,3.94,nan,1,>Left_Regular_trial,Left,212,277,130,84911709,nan,nan,nan
8/22/2026 16:37:43,1.17.3,StopSig,2,3.94,nan,1,NoPoke_Regular_(incorrect),Left,212,277,130,84915102,nan,nan,nan
8/22/2026 17:58:09,1.17.3,StopSig,2,3.93,nan,1,Right_no_left,Left,212,278,130,84915102,nan,nan,nan
8/22/2026 17:58:12,1.17.3,StopSig,2,3.93,nan,1,>Left_Regular_trial,Left,213,278,130,89744150,nan,nan,nan
8/22/2026 17:58:12,1.17.3,StopSig,2,3.93,nan,1,Right_Regular_(correct),Left,213,279,130,89745033,nan,nan,nan
8/22/2026 17:58:13,1.17.3,StopSig,2,3.93,nan,1,RightDuringDispense,Left,213,280,130,89745033,nan,nan,0.13
8/22/2026 17:58:23,1.17.3,StopSig,2,3.93,3,1,Pellet,Left,213,280,131,89745033,6.89,5100,nan
8/22/2026 17:58:41,1.17.3,StopSig,2,3.93,nan,1,>Left_Regular_trial,Left,214,280,131,89773532,nan,nan,nan
8/22/2026 17:58:42,1.17.3,StopSig,2,3.93,nan,1,Right_Regular_(correct),Left,214,281,131,89774857,nan,nan,nan
8/22/2026 17:58:43,1.17.3,StopSig,2,3.93,1,1,Pellet,Left,214,281,132,89774857,0.41,20,nan
8/22/2026 17:59:05,1.17.3,StopSig,2,3.93,nan,1,Right_no_left,Left,214,282,132,89774857,nan,nan,nan
8/22/2026 17:59:19,1.17.3,StopSig,2,3.93,nan,1,>Left_Regular_trial,Left,215,282,132,89811501,nan,nan,nan
8/22/2026 17:59:22,1.17.3,StopSig,2,3.93,nan,1,Right_Regular_(correct),Left,215,283,132,89814895,nan,nan,nan
8/22/2026 17:59:23,1.17.3,StopSig,2,3.93,nan,1,RightDuringDispense,Left,215,284,132,89814895,nan,nan,0.01
8/22/2026 17:59:26,1.17.3,StopSig,2,3.93,3,1,Pellet,Left,215,284,133,89814895,0.17,43,nan
8/22/2026 17:59:41,1.17.3,StopSig,2,3.93,nan,1,Right_no_left,Left,215,285,133,89814895,nan,nan,nan
8/22/2026 17:59:45,1.17.3,StopSig,2,3.93,nan,1,>Left_Regular_trial,Left,216,285,133,89837940,nan,nan,nan
8/22/2026 17:59:47,1.17.3,StopSig,2,3.93,nan,1,Right_Regular_(correct),Left,216,286,133,89839119,nan,nan,nan
8/22/2026 17:59:47,1.17.3,StopSig,2,3.93,1,1,Pellet,Left,216,286,134,89839119,0.47,21,nan
8/22/2026 18:00:02,1.17.3,StopSig,2,3.93,nan,1,Right_no_left,Left,216,287,134,89839119,nan,nan,nan
8/22/2026 18:08:56,1.17.3,StopSig,2,3.93,nan,1,>Left_Regular_trial,Left,217,287,134,90388331,nan,nan,nan
8/22/2026 18:09:00,1.17.3,StopSig,2,3.93,nan,1,NoPoke_Regular_(incorrect),Left,217,287,134,90392462,nan,nan,nan
8/22/2026 18:11:09,1.17.3,StopSig,2,3.93,nan,1,Right_no_left,Left,217,288,134,90392462,nan,nan,nan
8/22/2026 18:11:39,1.17.3,StopSig,2,3.93,nan,1,Right_no_left,Left,217,289,134,90522211,nan,nan,nan
8/22/2026 18:14:06,1.17.3,StopSig,2,3.93,nan,1,Right_no_left,Left,217,290,134,90551412,nan,nan,nan
8/22/2026 18:14:10,1.17.3,StopSig,2,3.93,nan,1,Right_no_left,Left,217,291,134,90699256,nan,nan,nan
8/22/2026 18:14:13,1.17.3,StopSig,2,3.93,nan,1,Right_no_left,Left,217,292,134,90702941,nan,nan,nan
8/22/2026 18:14:15,1.17.3,StopSig,2,3.93,nan,1,>Left_Regular_trial,Left,218,292,134,90707361,nan,nan,nan
8/22/2026 18:14:16,1.17.3,StopSig,2,3.93,nan,1,Right_Regular_(correct),Left,218,293,134,90708391,nan,nan,nan
8/22/2026 18:14:16,1.17.3,StopSig,2,3.93,nan,1,RightDuringDispense,Left,218,294,134,90708391,nan,nan,0.04
8/22/2026 18:14:17,1.17.3,StopSig,2,3.93,2,1,Pellet,Left,218,294,135,90708391,0.35,870,nan
8/22/2026 18:14:37,1.17.3,StopSig,2,3.92,nan,1,>Left_Regular_trial,Left,219,294,135,90729445,nan,nan,nan
8/22/2026 18:14:38,1.17.3,StopSig,2,3.93,nan,1,Right_Regular_(correct),Left,219,295,135,90730475,nan,nan,nan
8/22/2026 18:14:41,1.17.3,StopSig,2,3.93,3,1,Pellet,Left,219,295,136,90730475,0.11,24,nan
8/22/2026 18:14:53,1.17.3,StopSig,2,3.93,nan,1,Right_no_left,Left,219,296,136,90730475,nan,nan,nan
8/22/2026 18:14:54,1.17.3,StopSig,2,3.93,nan,1,Right_no_left,Left,219,297,136,90746200,nan,nan,nan
8/22/2026 18:14:55,1.17.3,StopSig,2,3.93,nan,1,>Left_Regular_trial,Left,220,297,136,90747821,nan,nan,nan
8/22/2026 18:14:56,1.17.3,StopSig,2,3.93,nan,1,Right_Regular_(correct),Left,220,298,136,90748852,nan,nan,nan
8/22/2026 18:14:57,1.17.3,StopSig,2,3.93,nan,1,RightDuringDispense,Left,220,299,136,90748852,nan,nan,0.01
8/22/2026 18:14:58,1.17.3,StopSig,2,3.93,2,1,Pellet,Left,220,299,137,90748852,0.23,17,nan
8/22/2026 18:15:08,1.17.3,StopSig,2,3.93,nan,1,Right_no_left,Left,220,300,137,90748852,nan,nan,nan
8/22/2026 18:15:11,1.17.3,StopSig,2,3.93,nan,1,>Left_Regular_trial,Left,221,300,137,90763998,nan,nan,nan
8/22/2026 18:15:12,1.17.3,StopSig,2,3.93,nan,1,Right_Regular_(correct),Left,221,301,137,90764881,nan,nan,nan
8/22/2026 18:15:18,1.17.3,StopSig,2,3.93,3,1,Pellet,Left,221,301,138,90764881,0.35,20,nan
8/22/2026 18:15:27,1.17.3,StopSig,2,3.93,nan,1,Right_no_left,Left,221,302,138,90764881,nan,nan,nan
8/22/2026 18:18:02,1.17.3,StopSig,2,3.93,nan,1,Right_no_left,Left,221,303,138,90779735,nan,nan,nan
8/22/2026 18:20:33,1.17.3,StopSig,2,3.93,nan,1,Right_no_left,Left,221,304,138,90934626,nan,nan,nan
8/22/2026 18:20:38,1.17.3,StopSig,2,3.93,nan,1,>Left_Regular_trial,Left,222,304,138,91090309,nan,nan,nan
8/22/2026 18:20:42,1.17.3,StopSig,2,3.93,nan,1,NoPoke_Regular_(incorrect),Left,222,304,138,91094446,nan,nan,nan
8/22/2026 18:47:06,1.17.3,StopSig,2,3.93,nan,1,Right_no_left,Left,222,305,138,91094446,nan,nan,nan
8/22/2026 18:48:00,1.17.3,StopSig,2,3.93,nan,1,>Left_Regular_trial,Left,223,305,138,92732100,nan,nan,nan
8/22/2026 18:48:01,1.17.3,StopSig,2,3.92,nan,1,Right_Regular_(correct),Left,223,306,138,92734168,nan,nan,nan
8/22/2026 18:48:02,1.17.3,StopSig,2,3.93,nan,1,RightDuringDispense,Left,223,307,138,92734168,nan,nan,0.03
8/22/2026 18:48:05,1.17.3,StopSig,2,3.93,2,1,Pellet,Left,223,307,139,92734168,0.41,1967,nan
8/22/2026 19:00:43,1.17.3,StopSig,2,3.93,nan,1,Right_no_left,Left,223,308,139,92734168,nan,nan,nan
8/22/2026 19:41:33,1.17.3,StopSig,2,3.92,nan,1,Right_no_left,Left,223,309,139,93495935,nan,nan,nan
8/22/2026 19:41:51,1.17.3,StopSig,2,3.93,nan,1,>Left_Regular_trial,Left,224,309,139,95963604,nan,nan,nan
8/22/2026 19:41:55,1.17.3,StopSig,2,3.92,nan,1,NoPoke_Regular_(incorrect),Left,224,309,139,95967587,nan,nan,nan
8/22/2026 19:45:16,1.17.3,StopSig,2,3.92,nan,1,Right_no_left,Left,224,310,139,95967587,nan,nan,nan
8/22/2026 19:48:25,1.17.3,StopSig,2,3.92,nan,1,Right_no_left,Left,224,311,139,96168822,nan,nan,nan
8/22/2026 19:55:50,1.17.3,StopSig,2,3.92,nan,1,Right_no_left,Left,224,312,139,96357769,nan,nan,nan
8/22/2026 19:55:50,1.17.3,StopSig,2,3.93,nan,1,Right_no_left,Left,224,313,139,96802984,nan,nan,nan
8/22/2026 19:55:52,1.17.3,StopSig,2,3.92,nan,1,>Left_Regular_trial,Left,225,313,139,96804901,nan,nan,nan
8/22/2026 19:55:56,1.17.3,StopSig,2,3.92,nan,1,NoPoke_Regular_(incorrect),Left,225,313,139,96808591,nan,nan,nan
8/22/2026 19:56:28,1.17.3,StopSig,2,3.92,nan,1,>Left_Regular_trial,Left,226,313,139,96840832,nan,nan,nan
8/22/2026 19:56:30,1.17.3,StopSig,2,3.91,nan,1,Right_Regular_(correct),Left,226,314,139,96843196,nan,nan,nan
8/22/2026 19:56:33,1.17.3,StopSig,2,3.92,2,1,Pellet,Left,226,314,140,96843196,0.29,4108,nan
8/22/2026 19:56:44,1.17.3,StopSig,2,3.91,nan,1,>Left_Stop_trial,Left,227,314,140,96856926,nan,nan,nan
8/22/2026 19:56:45,1.17.3,StopSig,2,3.92,nan,1,Right_STOP_(incorrect),Left,227,315,140,96857818,nan,nan,nan
8/22/2026 19:57:15,1.17.3,StopSig,2,3.92,nan,1,>Left_Regular_trial,Left,228,315,140,96888138,nan,nan,nan
8/22/2026 19:57:19,1.17.3,StopSig,2,3.93,nan,1,NoPoke_Regular_(incorrect),Left,228,315,140,96891682,nan,nan,nan
8/22/2026 19:58:04,1.17.3,StopSig,2,3.92,nan,1,>Left_Regular_trial,Left,229,315,140,96936769,nan,nan,nan
8/22/2026 19:58:08,1.17.3,StopSig,2,3.92,nan,1,NoPoke_Regular_(incorrect),Left,229,315,140,96940607,nan,nan,nan
8/22/2026 20:01:39,1.17.3,StopSig,2,3.92,nan,1,>Left_Regular_trial,Left,230,315,140,97152029,nan,nan,nan
8/22/2026 20:01:43,1.17.3,StopSig,2,3.92,nan,1,NoPoke_Regular_(incorrect),Left,230,315,140,97155718,nan,nan,nan
8/22/2026 20:02:52,1.17.3,StopSig,2,3.91,nan,1,>Left_Stop_trial,Left,231,315,140,97224905,nan,nan,nan
8/22/2026 20:02:56,1.17.3,StopSig,2,3.92,nan,1,NoPoke_STOP_(correct),Left,231,315,140,97228617,nan,nan,nan
8/22/2026 20:02:57,1.17.3,StopSig,2,3.92,1,1,Pellet,Left,231,315,141,97228617,0.59,384,nan
8/22/2026 20:03:12,1.17.3,StopSig,2,3.92,nan,1,>Left_Regular_trial,Left,232,315,141,97244876,nan,nan,nan
8/22/2026 20:03:13,1.17.3,StopSig,2,3.92,nan,1,Right_Regular_(correct),Left,232,316,141,97245759,nan,nan,nan
8/22/2026 20:03:14,1.17.3,StopSig,2,3.92,1,1,Pellet,Left,232,316,142,97245759,0.11,17,nan
8/22/2026 20:03:25,1.17.3,StopSig,2,3.92,nan,1,>Left_Stop_trial,Left,233,316,142,97257002,nan,nan,nan
8/22/2026 20:03:28,1.17.3,StopSig,2,3.92,nan,1,NoPoke_STOP_(correct),Left,233,316,142,97260716,nan,nan,nan
8/22/2026 20:03:38,1.17.3,StopSig,2,3.92,2,1,Pellet,Left,233,316,143,97260716,7.31,24,nan
8/22/2026 20:03:56,1.17.3,StopSig,2,3.92,nan,1,>Left_Stop_trial,Left,234,316,143,97288223,nan,nan,nan
8/22/2026 20:03:59,1.17.3,StopSig,2,3.92,nan,1,NoPoke_STOP_(correct),Left,234,316,143,97291643,nan,nan,nan
8/22/2026 20:04:02,1.17.3,StopSig,2,3.92,2,1,Pellet,Left,234,316,144,97291643,0.47,24,nan
8/22/2026 20:49:49,1.17.3,StopSig,2,3.91,nan,1,>Left_Regular_trial,Left,235,316,144,100041424,nan,nan,nan
8/22/2026 20:49:51,1.17.3,StopSig,2,3.91,nan,1,Right_Regular_(correct),Left,235,317,144,100043785,nan,nan,nan
8/22/2026 20:49:51,1.17.3,StopSig,2,3.91,nan,1,RightDuringDispense,Left,235,318,144,100043785,nan,nan,0.16
8/22/2026 20:49:55,1.17.3,StopSig,2,3.91,3,1,Pellet,Left,235,318,145,100043785,0.17,2753,nan
8/22/2026 20:50:12,1.17.3,StopSig,2,3.91,nan,1,Right_no_left,Left,235,319,145,100043785,nan,nan,nan
8/22/2026 20:50:15,1.17.3,StopSig,2,3.92,nan,1,Right_no_left,Left,235,320,145,100065430,nan,nan,nan
8/22/2026 20:50:16,1.17.3,StopSig,2,3.91,nan,1,Right_no_left,Left,235,321,145,100068383,nan,nan,nan
8/22/2026 20:50:19,1.17.3,StopSig,2,3.91,nan,1,Right_no_left,Left,235,322,145,100068675,nan,nan,nan
8/22/2026 20:50:23,1.17.3,StopSig,2,3.91,nan,1,Right_no_left,Left,235,323,145,100071926,nan,nan,nan
8/22/2026 20:50:23,1.17.3,StopSig,2,3.92,nan,1,Right_no_left,Left,235,324,145,100075769,nan,nan,nan
8/22/2026 20:50:25,1.17.3,StopSig,2,3.91,nan,1,>Left_Stop_trial,Left,236,324,145,100077392,nan,nan,nan
8/22/2026 20:50:26,1.17.3,StopSig,2,3.91,nan,1,Right_STOP_(incorrect),Left,236,325,145,100078735,nan,nan,nan
8/22/2026 20:50:56,1.17.3,StopSig,2,3.91,nan,1,>Left_Regular_trial,Left,237,325,145,100109055,nan,nan,nan
8/22/2026 20:51:00,1.17.3,StopSig,2,3.92,nan,1,NoPoke_Regular_(incorrect),Left,237,325,145,100112750,nan,nan,nan
8/22/2026 20:52:04,1.17.3,StopSig,2,3.91,nan,1,Right_no_left,Left,237,326,145,100112750,nan,nan,nan
8/22/2026 20:52:30,1.17.3,StopSig,2,3.91,nan,1,>Left_Stop_trial,Left,238,326,145,100202329,nan,nan,nan
8/22/2026 20:52:33,1.17.3,StopSig,2,3.91,nan,1,NoPoke_STOP_(correct),Left,238,326,145,100205752,nan,nan,nan
8/22/2026 20:52:35,1.17.3,StopSig,2,3.91,2,1,Pellet,Left,238,326,146,100205752,0.95,160,nan
8/22/2026 20:53:01,1.17.3,StopSig,2,3.91,nan,1,>Left_Stop_trial,Left,239,326,146,100233353,nan,nan,nan
8/22/2026 20:53:04,1.17.3,StopSig,2,3.92,nan,1,NoPoke_STOP_(correct),Left,239,326,146,100236775,nan,nan,nan
8/22/2026 20:53:05,1.17.3,StopSig,2,3.92,2,1,Pellet,Left,239,326,147,100236775,0.53,30,nan
8/22/2026 20:53:22,1.17.3,StopSig,2,3.92,nan,1,Right_no_left,Left,239,327,147,100236775,nan,nan,nan
8/22/2026 20:57:55,1.17.3,StopSig,2,3.91,nan,1,>Left_Regular_trial,Left,240,327,147,100528255,nan,nan,nan
8/22/2026 20:57:59,1.17.3,StopSig,2,3.91,nan,1,NoPoke_Regular_(incorrect),Left,240,327,147,100531798,nan,nan,nan
8/22/2026 20:59:22,1.17.3,StopSig,2,3.91,nan,1,Right_no_left,Left,240,328,147,100531798,nan,nan,nan
8/22/2026 21:05:08,1.17.3,StopSig,2,3.91,nan,1,>Left_Regular_trial,Left,241,328,147,100961356,nan,nan,nan
8/22/2026 21:05:12,1.17.3,StopSig,2,3.91,nan,1,NoPoke_Regular_(incorrect),Left,241,328,147,100964748,nan,nan,nan
8/22/2026 21:05:57,1.17.3,StopSig,2,3.92,nan,1,>Left_Regular_trial,Left,242,328,147,101010273,nan,nan,nan
8/22/2026 21:06:01,1.17.3,StopSig,2,3.92,nan,1,NoPoke_Regular_(incorrect),Left,242,328,147,101013815,nan,nan,nan
8/22/2026 21:06:38,1.17.3,StopSig,2,3.91,nan,1,Right_no_left,Left,242,329,147,101013815,nan,nan,nan
8/22/2026 21:13:47,1.17.3,StopSig,2,3.91,nan,1,>Left_Stop_trial,Left,243,329,147,101479692,nan,nan,nan
8/22/2026 21:13:51,1.17.3,StopSig,2,3.91,nan,1,NoPoke_STOP_(correct),Left,243,329,147,101483844,nan,nan,nan
8/22/2026 21:13:52,1.17.3,StopSig,2,3.91,1,1,Pellet,Left,243,329,148,101483844,0.53,1247,nan
8/22/2026 21:14:05,1.17.3,StopSig,2,3.91,nan,1,Right_no_left,Left,243,330,148,101483844,nan,nan,nan
8/22/2026 21:14:05,1.17.3,StopSig,2,3.91,nan,1,Right_no_left,Left,243,331,148,101497887,nan,nan,nan
8/22/2026 21:14:10,1.17.3,StopSig,2,3.91,nan,1,Right_no_left,Left,243,332,148,101498328,nan,nan,nan
8/22/2026 21:14:12,1.17.3,StopSig,2,3.91,nan,1,>Left_Stop_trial,Left,244,332,148,101504963,nan,nan,nan
8/22/2026 21:14:16,1.17.3,StopSig,2,3.91,nan,1,NoPoke_STOP_(correct),Left,244,332,148,101508822,nan,nan,nan
8/22/2026 21:14:17,1.17.3,StopSig,2,3.91,1,1,Pellet,Left,244,332,149,101508822,0.35,25,nan
8/22/2026 21:16:48,1.17.3,StopSig,2,3.91,nan,1,Right_no_left,Left,244,333,149,101508822,nan,nan,nan
8/22/2026 21:25:37,1.17.3,StopSig,2,3.91,nan,1,>Left_Regular_trial,Left,245,333,149,102190240,nan,nan,nan
8/22/2026 21:25:41,1.17.3,StopSig,2,3.91,nan,1,NoPoke_Regular_(incorrect),Left,245,333,149,102193783,nan,nan,nan
8/22/2026 21:31:40,1.17.3,StopSig,2,3.91,nan,1,Right_no_left,Left,245,334,149,102193783,nan,nan,nan
8/22/2026 21:31:40,1.17.3,StopSig,2,3.91,nan,1,Right_no_left,Left,245,335,149,102553209,nan,nan,nan
8/22/2026 21:34:11,1.17.3,StopSig,2,3.91,nan,1,>Left_Regular_trial,Left,246,335,149,102703574,nan,nan,nan
8/22/2026 21:34:14,1.17.3,StopSig,2,3.91,nan,1,NoPoke_Regular_(incorrect),Left,246,335,149,102706821,nan,nan,nan
8/22/2026 21:39:50,1.17.3,StopSig,2,3.91,nan,1,>Left_Regular_trial,Left,247,335,149,103042702,nan,nan,nan
8/22/2026 21:39:54,1.17.3,StopSig,2,3.91,nan,1,NoPoke_Regular_(incorrect),Left,247,335,149,103046836,nan,nan,nan
8/22/2026 21:54:02,1.17.3,StopSig,2,3.91,nan,1,Right_no_left,Left,247,336,149,103046836,nan,nan,nan
8/22/2026 21:54:04,1.17.3,StopSig,2,3.91,nan,1,>Left_Regular_trial,Left,248,336,149,103896870,nan,nan,nan
8/22/2026 21:54:08,1.17.3,StopSig,2,3.91,nan,1,NoPoke_Regular_(incorrect),Left,248,336,149,103900857,nan,nan,nan
8/22/2026 21:54:40,1.17.3,StopSig,2,3.91,nan,1,>Left_Stop_trial,Left,249,336,149,103932655,nan,nan,nan
8/22/2026 21:54:43,1.17.3,StopSig,2,3.91,nan,1,NoPoke_STOP_(correct),Left,249,336,149,103935928,nan,nan,nan
8/22/2026 21:54:48,1.17.3,StopSig,2,3.91,3,1,Pellet,Left,249,336,150,103935928,0.35,2431,nan
8/22/2026 21:54:58,1.17.3,StopSig,2,3.91,nan,1,>Left_Regular_trial,Left,250,336,150,103951287,nan,nan,nan
8/22/2026 21:55:02,1.17.3,StopSig,2,3.91,nan,1,NoPoke_Regular_(incorrect),Left,250,336,150,103954980,nan,nan,nan
8/22/2026 21:55:46,1.17.3,StopSig,2,3.91,nan,1,>Left_Regular_trial,Left,251,336,150,103998757,nan,nan,nan
8/22/2026 21:55:48,1.17.3,StopSig,2,3.91,nan,1,Right_Regular_(correct),Left,251,337,150,104001562,nan,nan,nan
8/22/2026 21:55:49,1.17.3,StopSig,2,3.91,nan,1,RightDuringDispense,Left,251,338,150,104001562,nan,nan,0.22
8/22/2026 21:55:50,1.17.3,StopSig,2,3.91,1,1,Pellet,Left,251,338,151,104001562,0.29,62,nan
8/22/2026 21:56:13,1.17.3,StopSig,2,3.91,nan,1,>Left_Regular_trial,Left,252,338,151,104026020,nan,nan,nan
8/22/2026 21:56:17,1.17.3,StopSig,2,3.91,nan,1,NoPoke_Regular_(incorrect),Left,252,338,151,104029862,nan,nan,nan
8/22/2026 21:59:24,1.17.3,StopSig,2,3.91,nan,1,Right_no_left,Left,252,339,151,104029862,nan,nan,nan
8/22/2026 21:59:25,1.17.3,StopSig,2,3.91,nan,1,Right_no_left,Left,252,340,151,104217530,nan,nan,nan
8/22/2026 22:03:58,1.17.3,StopSig,2,3.91,nan,1,Right_no_left,Left,252,341,151,104218118,nan,nan,nan
8/22/2026 22:28:44,1.17.3,StopSig,2,3.91,nan,1,Right_no_left,Left,252,342,151,104491439,nan,nan,nan
8/22/2026 22:29:12,1.17.3,StopSig,2,3.91,nan,1,>Left_Regular_trial,Left,253,342,151,106005019,nan,nan,nan
8/22/2026 22:29:14,1.17.3,StopSig,2,3.91,nan,1,Right_Regular_(correct),Left,253,343,151,106007233,nan,nan,nan
8/22/2026 22:29:15,1.17.3,StopSig,2,3.91,2,1,Pellet,Left,253,343,152,106007233,0.41,2005,nan
8/22/2026 22:29:33,1.17.3,StopSig,2,3.91,nan,1,>Left_Regular_trial,Left,254,343,152,106026021,nan,nan,nan
8/22/2026 22:29:35,1.17.3,StopSig,2,3.91,nan,1,Right_Regular_(correct),Left,254,344,152,106028088,nan,nan,nan
8/22/2026 22:29:35,1.17.3,StopSig,2,3.91,nan,1,RightDuringDispense,Left,254,345,152,106028088,nan,nan,0.00
8/22/2026 22:29:36,1.17.3,StopSig,2,3.91,1,1,Pellet,Left,254,345,153,106028088,0.23,21,nan
8/22/2026 22:29:51,1.17.3,StopSig,2,3.91,nan,1,Right_no_left,Left,254,346,153,106028088,nan,nan,nan
8/22/2026 22:29:53,1.17.3,StopSig,2,3.91,nan,1,Right_no_left,Left,254,347,153,106044513,nan,nan,nan
8/22/2026 22:29:55,1.17.3,StopSig,2,3.91,nan,1,>Left_Regular_trial,Left,255,347,153,106048353,nan,nan,nan
8/22/2026 22:29:56,1.17.3,StopSig,2,3.91,nan,1,Right_Regular_(correct),Left,255,348,153,106049092,nan,nan,nan
8/22/2026 22:29:59,1.17.3,StopSig,2,3.91,3,1,Pellet,Left,255,348,154,106049092,0.06,23,nan
8/22/2026 22:42:34,1.17.3,StopSig,2,3.91,nan,1,>Left_Regular_trial,Left,256,348,154,106807292,nan,nan,nan
8/22/2026 22:42:38,1.17.3,StopSig,2,3.91,nan,1,NoPoke_Regular_(incorrect),Left,256,348,154,106810986,nan,nan,nan
8/22/2026 22:43:19,1.17.3,StopSig,2,3.91,nan,1,>Left_Regular_trial,Left,257,348,154,106852249,nan,nan,nan
8/22/2026 22:43:23,1.17.3,StopSig,2,3.91,nan,1,NoPoke_Regular_(incorrect),Left,257,348,154,106856091,nan,nan,nan
8/22/2026 22:44:36,1.17.3,StopSig,2,3.91,nan,1,>Left_Regular_trial,Left,258,348,154,106929405,nan,nan,nan
8/22/2026 22:44:40,1.17.3,StopSig,2,3.91,nan,1,NoPoke_Regular_(incorrect),Left,258,348,154,106933098,nan,nan,nan
8/22/2026 22:46:41,1.17.3,StopSig,2,3.91,nan,1,>Left_Regular_trial,Left,259,348,154,107054235,nan,nan,nan
8/22/2026 22:46:45,1.17.3,StopSig,2,3.90,nan,1,NoPoke_Regular_(incorrect),Left,259,348,154,107058077,nan,nan,nan
8/22/2026 22:50:35,1.17.3,StopSig,2,3.91,nan,1,>Left_Regular_trial,Left,260,348,154,107288019,nan,nan,nan
8/22/2026 22:50:38,1.17.3,StopSig,2,3.91,nan,1,Right_Regular_(correct),Left,260,349,154,107291566,nan,nan,nan
8/22/2026 22:50:40,1.17.3,StopSig,2,3.91,1,1,Pellet,Left,260,349,155,107291566,0.71,1240,nan
8/22/2026 22:50:53,1.17.3,StopSig,2,3.91,nan,1,>Left_Regular_trial,Left,261,349,155,107305981,nan,nan,nan
8/22/2026 22:50:54,1.17.3,StopSig,2,3.91,nan,1,Right_Regular_(correct),Left,261,350,155,107307311,nan,nan,nan
8/22/2026 22:51:02,1.17.3,StopSig,2,3.91,4,1,Pellet,Left,261,350,156,107307311,1.19,23,nan
8/22/2026 22:51:19,1.17.3,StopSig,2,3.91,nan,1,Right_no_left,Left,261,351,156,107307311,nan,nan,nan
8/22/2026 22:51:19,1.17.3,StopSig,2,3.90,nan,1,Right_no_left,Left,261,352,156,107332302,nan,nan,nan
8/22/2026 22:51:23,1.17.3,StopSig,2,3.91,nan,1,>Left_Regular_trial,Left,262,352,156,107336437,nan,nan,nan
8/22/2026 22:51:24,1.17.3,StopSig,2,3.91,nan,1,Right_Regular_(correct),Left,262,353,156,107337471,nan,nan,nan
8/22/2026 22:51:25,1.17.3,StopSig,2,3.91,1,1,Pellet,Left,262,353,157,107337471,0.06,23,nan
8/22/2026 22:51:41,1.17.3,StopSig,2,3.91,nan,1,>Left_Regular_trial,Left,263,353,157,107354160,nan,nan,nan
8/22/2026 22:51:42,1.17.3,StopSig,2,3.90,nan,1,Right_Regular_(correct),Left,263,354,157,107355192,nan,nan,nan
8/22/2026 22:51:43,1.17.3,StopSig,2,3.90,1,1,Pellet,Left,263,354,158,107355192,0.17,18,nan
8/22/2026 22:51:53,1.17.3,StopSig,2,3.91,nan,1,>Left_Regular_trial,Left,264,354,158,107366260,nan,nan,nan
8/22/2026 22:51:54,1.17.3,StopSig,2,3.91,nan,1,Right_Regular_(correct),Left,264,355,158,107367292,nan,nan,nan
8/22/2026 22:51:55,1.17.3,StopSig,2,3.91,1,1,Pellet,Left,264,355,159,107367292,0.29,12,nan
8/22/2026 22:52:05,1.17.3,StopSig,2,3.91,nan,1,>Left_Regular_trial,Left,265,355,159,107378519,nan,nan,nan
8/22/2026 22:52:06,1.17.3,StopSig,2,3.91,nan,1,Right_Regular_(correct),Left,265,356,159,107379700,nan,nan,nan
8/22/2026 22:52:20,1.17.3,StopSig,2,3.91,4,1,Pellet,Left,265,356,160,107379700,8.22,25,nan
8/22/2026 22:52:38,1.17.3,StopSig,2,3.90,nan,1,Right_no_left,Left,265,357,160,107379700,nan,nan,nan
8/22/2026 22:52:44,1.17.3,StopSig,2,3.91,nan,1,>Left_Stop_trial,Left,266,357,160,107416680,nan,nan,nan
8/22/2026 22:52:44,1.17.3,StopSig,2,3.91,nan,1,Right_STOP_(incorrect),Left,266,358,160,107417573,nan,nan,nan
8/22/2026 23:05:27,1.17.3,StopSig,2,3.90,nan,1,Right_no_left,Left,266,359,160,107417573,nan,nan,nan
8/22/2026 23:09:25,1.17.3,StopSig,2,3.90,nan,1,Right_no_left,Left,266,360,160,108180480,nan,nan,nan
8/22/2026 23:11:42,1.17.3,StopSig,2,3.91,nan,1,>Left_Stop_trial,Left,267,360,160,108554462,nan,nan,nan
8/22/2026 23:11:42,1.17.3,StopSig,2,3.91,nan,1,Right_STOP_(incorrect),Left,267,361,160,108555205,nan,nan,nan
8/22/2026 23:21:04,1.17.3,StopSig,2,3.90,nan,1,>Left_Regular_trial,Left,268,361,160,109117069,nan,nan,nan
8/22/2026 23:21:08,1.17.3,StopSig,2,3.90,nan,1,NoPoke_Regular_(incorrect),Left,268,361,160,109121058,nan,nan,nan
8/22/2026 23:22:41,1.17.3,StopSig,2,3.90,nan,1,Right_no_left,Left,268,362,160,109121058,nan,nan,nan
8/22/2026 23:22:42,1.17.3,StopSig,2,3.90,nan,1,>Left_Regular_trial,Left,269,362,160,109215128,nan,nan,nan
8/22/2026 23:22:46,1.17.3,StopSig,2,3.91,nan,1,NoPoke_Regular_(incorrect),Left,269,362,160,109219122,nan,nan,nan
8/22/2026 23:23:59,1.17.3,StopSig,2,3.91,nan,1,>Left_Stop_trial,Left,270,362,160,109291778,nan,nan,nan
8/22/2026 23:24:02,1.17.3,StopSig,2,3.90,nan,1,NoPoke_STOP_(correct),Left,270,362,160,109295051,nan,nan,nan
8/22/2026 23:24:05,1.17.3,StopSig,2,3.91,3,1,Pellet,Left,270,362,161,109295051,0.65,1905,nan
8/22/2026 23:24:22,1.17.3,StopSig,2,3.90,nan,1,>Left_Regular_trial,Left,271,362,161,109315557,nan,nan,nan
8/22/2026 23:24:26,1.17.3,StopSig,2,3.90,nan,1,NoPoke_Regular_(incorrect),Left,271,362,161,109319098,nan,nan,nan
8/22/2026 23:31:41,1.17.3,StopSig,2,3.90,nan,1,>Left_Regular_trial,Left,272,362,161,109753783,nan,nan,nan
8/22/2026 23:31:41,1.17.3,StopSig,2,3.91,nan,1,Right_Regular_(correct),Left,272,363,161,109754814,nan,nan,nan
8/22/2026 23:31:42,1.17.3,StopSig,2,3.90,nan,1,RightDuringDispense,Left,272,364,161,109754814,nan,nan,0.29
8/22/2026 23:31:45,1.17.3,StopSig,2,3.91,2,1,Pellet,Left,272,364,162,109754814,0.41,460,nan
8/22/2026 23:31:59,1.17.3,StopSig,2,3.90,nan,1,Right_no_left,Left,272,365,162,109754814,nan,nan,nan
8/22/2026 23:32:02,1.17.3,StopSig,2,3.91,nan,1,>Left_Stop_trial,Left,273,365,162,109774926,nan,nan,nan
8/22/2026 23:32:06,1.17.3,StopSig,2,3.90,nan,1,NoPoke_STOP_(correct),Left,273,365,162,109779088,nan,nan,nan
8/22/2026 23:32:13,1.17.3,StopSig,2,3.90,4,1,Pellet,Left,273,365,163,109779088,1.61,28,nan
8/22/2026 23:32:24,1.17.3,StopSig,2,3.90,nan,1,>Left_Regular_trial,Left,274,365,163,109797608,nan,nan,nan
8/22/2026 23:32:25,1.17.3,StopSig,2,3.90,nan,1,Right_Regular_(correct),Left,274,366,163,109798788,nan,nan,nan
8/22/2026 23:32:27,1.17.3,StopSig,2,3.90,2,1,Pellet,Left,274,366,164,109798788,0.12,14,nan
8/22/2026 23:32:36,1.17.3,StopSig,2,3.91,nan,1,Right_no_left,Left,274,367,164,109798788,nan,nan,nan
8/22/2026 23:32:39,1.17.3,StopSig,2,3.91,nan,1,>Left_Regular_trial,Left,275,367,164,109812219,nan,nan,nan
8/22/2026 23:32:40,1.17.3,StopSig,2,3.91,nan,1,Right_Regular_(correct),Left,275,368,164,109813103,nan,nan,nan
8/22/2026 23:32:41,1.17.3,StopSig,2,3.90,2,1,Pellet,Left,275,368,165,109813103,0.06,14,nan
8/22/2026 23:32:51,1.17.3,StopSig,2,3.90,nan,1,>Left_Regular_trial,Left,276,368,165,109823811,nan,nan,nan
8/22/2026 23:32:51,1.17.3,StopSig,2,3.90,nan,1,Right_Regular_(correct),Left,276,369,165,109824548,nan,nan,nan
8/22/2026 23:32:52,1.17.3,StopSig,2,3.91,2,1,Pellet,Left,276,369,166,109824548,0.06,11,nan
8/22/2026 23:33:04,1.17.3,StopSig,2,3.90,nan,1,Right_no_left,Left,276,370,166,109824548,nan,nan,nan
8/22/2026 23:33:08,1.17.3,StopSig,2,3.91,nan,1,Right_no_left,Left,276,371,166,109837530,nan,nan,nan
8/22/2026 23:33:10,1.17.3,StopSig,2,3.90,nan,1,Right_no_left,Left,276,372,166,109841815,nan,nan,nan
8/22/2026 23:33:20,1.17.3,StopSig,2,3.90,nan,1,>Left_Regular_trial,Left,277,372,166,109853642,nan,nan,nan
8/22/2026 23:33:22,1.17.3,StopSig,2,3.91,nan,1,Right_Regular_(correct),Left,277,373,166,109855563,nan,nan,nan
8/22/2026 23:33:27,1.17.3,StopSig,2,3.90,4,1,Pellet,Left,277,373,167,109855563,0.06,35,nan
8/22/2026 23:33:53,1.17.3,StopSig,2,3.90,nan,1,>Left_Regular_trial,Left,278,373,167,109886603,nan,nan,nan
8/22/2026 23:33:55,1.17.3,StopSig,2,3.90,nan,1,Right_Regular_(correct),Left,278,374,167,109887930,nan,nan,nan
8/22/2026 23:33:58,1.17.3,StopSig,2,3.90,3,1,Pellet,Left,278,374,168,109887930,0.12,31,nan
8/22/2026 23:34:08,1.17.3,StopSig,2,3.90,nan,1,>Left_Regular_trial,Left,279,374,168,109901638,nan,nan,nan
8/22/2026 23:34:12,1.17.3,StopSig,2,3.91,nan,1,NoPoke_Regular_(incorrect),Left,279,374,168,109905182,nan,nan,nan
8/22/2026 23:34:43,1.17.3,StopSig,2,3.90,nan,1,>Left_Regular_trial,Left,280,374,168,109936536,nan,nan,nan
8/22/2026 23:34:47,1.17.3,StopSig,2,3.90,nan,1,NoPoke_Regular_(incorrect),Left,280,374,168,109940083,nan,nan,nan
8/22/2026 23:35:32,1.17.3,StopSig,2,3.90,nan,1,>Left_Regular_trial,Left,281,374,168,109985347,nan,nan,nan
8/22/2026 23:35:36,1.17.3,StopSig,2,3.90,nan,1,NoPoke_Regular_(incorrect),Left,281,374,168,109989188,nan,nan,nan
8/22/2026 23:36:53,1.17.3,StopSig,2,3.90,nan,1,Right_no_left,Left,281,375,168,109989188,nan,nan,nan
8/22/2026 23:42:35,1.17.3,StopSig,2,3.90,nan,1,Right_no_left,Left,281,376,168,110066816,nan,nan,nan
8/22/2026 23:47:53,1.17.3,StopSig,2,3.91,nan,1,Right_no_left,Left,281,377,168,110408292,nan,nan,nan
8/22/2026 23:47:55,1.17.3,StopSig,2,3.90,nan,1,>Left_Regular_trial,Left,282,377,168,110728213,nan,nan,nan
8/22/2026 23:47:56,1.17.3,StopSig,2,3.91,nan,1,Right_Regular_(correct),Left,282,378,168,110729097,nan,nan,nan
8/22/2026 23:48:03,1.17.3,StopSig,2,3.90,4,1,Pellet,Left,282,378,169,110729097,0.83,845,nan
8/22/2026 23:55:04,1.17.3,StopSig,2,3.90,nan,1,>Left_Stop_trial,Left,283,378,169,111156802,nan,nan,nan
8/22/2026 23:55:07,1.17.3,StopSig,2,3.90,nan,1,NoPoke_STOP_(correct),Left,283,378,169,111160225,nan,nan,nan
8/22/2026 23:55:13,1.17.3,StopSig,2,3.90,3,1,Pellet,Left,283,378,170,111160225,0.77,430,nan
8/23/2026 0:06:08,1.17.3,StopSig,2,3.90,nan,1,>Left_Stop_trial,Left,284,378,170,111821359,nan,nan,nan
8/23/2026 0:06:12,1.17.3,StopSig,2,3.89,nan,1,NoPoke_STOP_(correct),Left,284,378,170,111825223,nan,nan,nan
8/23/2026 0:06:13,1.17.3,StopSig,2,3.90,1,1,Pellet,Left,284,378,171,111825223,0.71,660,nan
8/23/2026 0:06:27,1.17.3,StopSig,2,3.90,nan,1,>Left_Stop_trial,Left,285,378,171,111840451,nan,nan,nan
8/23/2026 0:06:28,1.17.3,StopSig,2,3.89,nan,1,Right_STOP_(incorrect),Left,285,379,171,111841346,nan,nan,nan
8/23/2026 0:06:58,1.17.3,StopSig,2,3.90,nan,1,>Left_Regular_trial,Left,286,379,171,111871666,nan,nan,nan
8/23/2026 0:07:02,1.17.3,StopSig,2,3.90,nan,1,NoPoke_Regular_(incorrect),Left,286,379,171,111875209,nan,nan,nan
8/23/2026 0:17:43,1.17.3,StopSig,2,3.90,nan,1,>Left_Regular_trial,Left,287,379,171,112516542,nan,nan,nan
8/23/2026 0:17:47,1.17.3,StopSig,2,3.90,nan,1,NoPoke_Regular_(incorrect),Left,287,379,171,112520227,nan,nan,nan
8/23/2026 0:24:43,1.17.3,StopSig,2,3.89,nan,1,Right_no_left,Left,287,380,171,112520227,nan,nan,nan
8/23/2026 0:24:57,1.17.3,StopSig,2,3.90,nan,1,>Left_Regular_trial,Left,288,380,171,112950764,nan,nan,nan
8/23/2026 0:25:01,1.17.3,StopSig,2,3.90,nan,1,NoPoke_Regular_(incorrect),Left,288,380,171,112954310,nan,nan,nan
8/23/2026 0:28:42,1.17.3,StopSig,2,3.90,nan,1,Right_no_left,Left,288,381,171,112954310,nan,nan,nan
8/23/2026 0:28:44,1.17.3,StopSig,2,3.89,nan,1,>Left_Regular_trial,Left,289,381,171,113177021,nan,nan,nan
8/23/2026 0:28:47,1.17.3,StopSig,2,3.89,nan,1,NoPoke_Regular_(incorrect),Left,289,381,171,113180272,nan,nan,nan
8/23/2026 0:36:11,1.17.3,StopSig,2,3.90,nan,1,Right_no_left,Left,289,382,171,113180272,nan,nan,nan
8/23/2026 0:36:14,1.17.3,StopSig,2,3.89,nan,1,>Left_Regular_trial,Left,290,382,171,113626953,nan,nan,nan
8/23/2026 0:36:15,1.17.3,StopSig,2,3.89,nan,1,Right_Regular_(correct),Left,290,383,171,113629020,nan,nan,nan
8/23/2026 0:36:16,1.17.3,StopSig,2,3.89,nan,1,RightDuringDispense,Left,290,384,171,113629020,nan,nan,0.01
8/23/2026 0:36:17,1.17.3,StopSig,2,3.89,1,1,Pellet,Left,290,384,172,113629020,0.59,1804,nan
8/23/2026 0:37:31,1.17.3,StopSig,2,3.89,nan,1,Right_no_left,Left,290,385,172,113629020,nan,nan,nan
8/23/2026 0:47:18,1.17.3,StopSig,2,3.89,nan,1,>Left_Regular_trial,Left,291,385,172,114291625,nan,nan,nan
8/23/2026 0:47:22,1.17.3,StopSig,2,3.89,nan,1,NoPoke_Regular_(incorrect),Left,291,385,172,114295314,nan,nan,nan
8/23/2026 0:51:33,1.17.3,StopSig,2,3.89,nan,1,>Left_Regular_trial,Left,292,385,172,114545964,nan,nan,nan
8/23/2026 0:51:36,1.17.3,StopSig,2,3.90,nan,1,NoPoke_Regular_(incorrect),Left,292,385,172,114549360,nan,nan,nan
8/23/2026 0:52:07,1.17.3,StopSig,2,3.89,nan,1,>Left_Regular_trial,Left,293,385,172,114579976,nan,nan,nan
8/23/2026 0:52:08,1.17.3,StopSig,2,3.89,nan,1,Right_Regular_(correct),Left,293,386,172,114581157,nan,nan,nan
8/23/2026 0:52:08,1.17.3,StopSig,2,3.89,nan,1,RightDuringDispense,Left,293,387,172,114581157,nan,nan,0.02
8/23/2026 0:52:09,1.17.3,StopSig,2,3.89,1,1,Pellet,Left,293,387,173,114581157,0.17,952,nan
8/23/2026 0:52:22,1.17.3,StopSig,2,3.89,nan,1,>Left_Stop_trial,Left,294,387,173,114594649,nan,nan,nan
8/23/2026 0:52:25,1.17.3,StopSig,2,3.89,nan,1,NoPoke_STOP_(correct),Left,294,387,173,114598364,nan,nan,nan
8/23/2026 0:52:26,1.17.3,StopSig,2,3.89,1,1,Pellet,Left,294,387,174,114598364,0.35,17,nan
8/23/2026 0:52:38,1.17.3,StopSig,2,3.89,nan,1,>Left_Regular_trial,Left,295,387,174,114611192,nan,nan,nan
8/23/2026 0:52:42,1.17.3,StopSig,2,3.90,nan,1,NoPoke_Regular_(incorrect),Left,295,387,174,114615335,nan,nan,nan
8/23/2026 0:53:24,1.17.3,StopSig,2,3.89,nan,1,>Left_Stop_trial,Left,296,387,174,114657036,nan,nan,nan
8/23/2026 0:53:27,1.17.3,StopSig,2,3.89,nan,1,NoPoke_STOP_(correct),Left,296,387,174,114660308,nan,nan,nan
8/23/2026 0:53:35,1.17.3,StopSig,2,3.89,1,1,Pellet,Left,296,387,175,114660308,7.13,68,nan
8/23/2026 0:53:49,1.17.3,StopSig,2,3.89,nan,1,>Left_Regular_trial,Left,297,387,175,114682452,nan,nan,nan
8/23/2026 0:53:53,1.17.3,StopSig,2,3.89,nan,1,NoPoke_Regular_(incorrect),Left,297,387,175,114686294,nan,nan,nan
8/23/2026 1:04:05,1.17.3,StopSig,2,3.89,nan,1,>Left_Regular_trial,Left,298,387,175,115298222,nan,nan,nan
8/23/2026 1:04:09,1.17.3,StopSig,2,3.89,nan,1,NoPoke_Regular_(incorrect),Left,298,387,175,115302356,nan,nan,nan
8/23/2026 1:11:40,1.17.3,StopSig,2,3.90,nan,1,Right_no_left,Left,298,388,175,115302356,nan,nan,nan
8/23/2026 1:11:41,1.17.3,StopSig,2,3.89,nan,1,Right_no_left,Left,298,389,175,115753883,nan,nan,nan
8/23/2026 1:13:27,1.17.3,StopSig,2,3.89,nan,1,Right_no_left,Left,298,390,175,115754474,nan,nan,nan
8/23/2026 1:13:31,1.17.3,StopSig,2,3.89,nan,1,>Left_Regular_trial,Left,299,390,175,115864368,nan,nan,nan
8/23/2026 1:13:35,1.17.3,StopSig,2,3.89,nan,1,NoPoke_Regular_(incorrect),Left,299,390,175,115868352,nan,nan,nan
8/23/2026 1:24:47,1.17.3,StopSig,2,3.89,nan,1,Right_no_left,Left,299,391,175,115868352,nan,nan,nan
8/23/2026 1:27:46,1.17.3,StopSig,2,3.89,nan,1,Right_no_left,Left,299,392,175,116540967,nan,nan,nan
8/23/2026 1:35:22,1.17.3,StopSig,2,3.89,nan,1,>Left_Regular_trial,Left,300,392,175,117175575,nan,nan,nan
8/23/2026 1:35:26,1.17.3,StopSig,2,3.89,nan,1,NoPoke_Regular_(incorrect),Left,300,392,175,117179414,nan,nan,nan
8/23/2026 1:47:42,1.17.3,StopSig,2,3.89,nan,1,>Left_Regular_trial,Left,301,392,175,117915326,nan,nan,nan
8/23/2026 1:47:46,1.17.3,StopSig,2,3.89,nan,1,NoPoke_Regular_(incorrect),Left,301,392,175,117919455,nan,nan,nan
8/23/2026 1:48:38,1.17.3,StopSig,2,3.89,nan,1,>Left_Regular_trial,Left,302,392,175,117971181,nan,nan,nan
8/23/2026 1:48:41,1.17.3,StopSig,2,3.89,nan,1,NoPoke_Regular_(incorrect),Left,302,392,175,117974431,nan,nan,nan
8/23/2026 1:52:39,1.17.3,StopSig,2,3.89,nan,1,>Left_Regular_trial,Left,303,392,175,118212879,nan,nan,nan
8/23/2026 1:52:40,1.17.3,StopSig,2,3.89,nan,1,Right_Regular_(correct),Left,303,393,175,118214206,nan,nan,nan
8/23/2026 1:52:48,1.17.3,StopSig,2,3.89,4,1,Pellet,Left,303,393,176,118214206,0.06,3554,nan
8/23/2026 1:53:10,1.17.3,StopSig,2,3.89,nan,1,>Left_Stop_trial,Left,304,393,176,118243414,nan,nan,nan
8/23/2026 1:53:14,1.17.3,StopSig,2,3.89,nan,1,NoPoke_STOP_(correct),Left,304,393,176,118247423,nan,nan,nan
8/23/2026 1:53:16,1.17.3,StopSig,2,3.89,2,1,Pellet,Left,304,393,177,118247423,1.01,28,nan
8/23/2026 1:53:26,1.17.3,StopSig,2,3.89,nan,1,>Left_Stop_trial,Left,305,393,177,118259616,nan,nan,nan
8/23/2026 1:53:30,1.17.3,StopSig,2,3.89,nan,1,NoPoke_STOP_(correct),Left,305,393,177,118263476,nan,nan,nan
8/23/2026 1:53:32,1.17.3,StopSig,2,3.89,2,1,Pellet,Left,305,393,178,118263476,1.19,16,nan
8/23/2026 1:53:43,1.17.3,StopSig,2,3.89,nan,1,Right_no_left,Left,305,394,178,118263476,nan,nan,nan
8/23/2026 1:53:48,1.17.3,StopSig,2,3.89,nan,1,>Left_Regular_trial,Left,306,394,178,118281225,nan,nan,nan
8/23/2026 1:53:48,1.17.3,StopSig,2,3.89,nan,1,Right_Regular_(correct),Left,306,395,178,118282109,nan,nan,nan
8/23/2026 1:53:51,1.17.3,StopSig,2,3.89,3,1,Pellet,Left,306,395,179,118282109,0.06,19,nan
8/23/2026 1:54:02,1.17.3,StopSig,2,3.89,nan,1,>Left_Stop_trial,Left,307,395,179,118294793,nan,nan,nan
8/23/2026 1:54:05,1.17.3,StopSig,2,3.89,nan,1,NoPoke_STOP_(correct),Left,307,395,179,118298507,nan,nan,nan
8/23/2026 1:54:08,1.17.3,StopSig,2,3.89,2,1,Pellet,Left,307,395,180,118298507,0.77,17,nan
8/23/2026 1:54:18,1.17.3,StopSig,2,3.89,nan,1,>Left_Stop_trial,Left,308,395,180,118310964,nan,nan,nan
8/23/2026 1:54:21,1.17.3,StopSig,2,3.89,nan,1,NoPoke_STOP_(correct),Left,308,395,180,118314531,nan,nan,nan
8/23/2026 1:54:22,1.17.3,StopSig,2,3.89,1,1,Pellet,Left,308,395,181,118314531,0.71,14,nan
8/23/2026 1:54:36,1.17.3,StopSig,2,3.89,nan,1,>Left_Stop_trial,Left,309,395,181,118329433,nan,nan,nan
8/23/2026 1:54:40,1.17.3,StopSig,2,3.89,nan,1,NoPoke_STOP_(correct),Left,309,395,181,118333441,nan,nan,nan
8/23/2026 1:54:41,1.17.3,StopSig,2,3.89,1,1,Pellet,Left,309,395,182,118333441,0.53,19,nan
8/23/2026 2:18:32,1.17.3,StopSig,2,3.89,nan,1,Right_no_left,Left,309,396,182,118333441,nan,nan,nan
8/23/2026 2:19:21,1.17.3,StopSig,2,3.89,nan,1,Right_no_left,Left,309,397,182,119766278,nan,nan,nan
8/23/2026 2:19:31,1.17.3,StopSig,2,3.89,nan,1,>Left_Stop_trial,Left,310,397,182,119824108,nan,nan,nan
8/23/2026 2:19:34,1.17.3,StopSig,2,3.89,nan,1,NoPoke_STOP_(correct),Left,310,397,182,119827525,nan,nan,nan
8/23/2026 2:19:40,1.17.3,StopSig,2,3.89,2,1,Pellet,Left,310,397,183,119827525,3.41,1499,nan
8/23/2026 2:19:56,1.17.3,StopSig,2,3.89,nan,1,>Left_Regular_trial,Left,311,397,183,119849512,nan,nan,nan
8/23/2026 2:19:59,1.17.3,StopSig,2,3.89,nan,1,Right_Regular_(correct),Left,311,398,183,119852903,nan,nan,nan
8/23/2026 2:19:59,1.17.3,StopSig,2,3.89,nan,1,RightDuringDispense,Left,311,399,183,119852903,nan,nan,0.08
8/23/2026 2:20:01,1.17.3,StopSig,2,3.89,2,1,Pellet,Left,311,399,184,119852903,0.47,21,nan
8/23/2026 2:20:09,1.17.3,StopSig,2,3.89,nan,1,>Left_Stop_trial,Left,312,399,184,119861999,nan,nan,nan
8/23/2026 2:20:12,1.17.3,StopSig,2,3.89,nan,1,NoPoke_STOP_(correct),Left,312,399,184,119865567,nan,nan,nan
8/23/2026 2:20:13,1.17.3,StopSig,2,3.89,1,1,Pellet,Left,312,399,185,119865567,0.59,12,nan
8/23/2026 2:20:24,1.17.3,StopSig,2,3.89,nan,1,>Left_Regular_trial,Left,313,399,185,119877452,nan,nan,nan
8/23/2026 2:20:24,1.17.3,StopSig,2,3.89,nan,1,Right_Regular_(correct),Left,313,400,185,119878189,nan,nan,nan
8/23/2026 2:20:25,1.17.3,StopSig,2,3.89,2,1,Pellet,Left,313,400,186,119878189,0.06,12,nan
8/23/2026 2:20:35,1.17.3,StopSig,2,3.89,nan,1,Right_no_left,Left,313,401,186,119878189,nan,nan,nan
8/23/2026 2:20:38,1.17.3,StopSig,2,3.89,nan,1,Right_no_left,Left,313,402,186,119888870,nan,nan,nan
8/23/2026 2:21:31,1.17.3,StopSig,2,3.89,nan,1,Right_no_left,Left,313,403,186,119892415,nan,nan,nan
8/23/2026 2:21:58,1.17.3,StopSig,2,3.89,nan,1,>Left_Regular_trial,Left,314,403,186,119971162,nan,nan,nan
8/23/2026 2:22:01,1.17.3,StopSig,2,3.89,nan,1,NoPoke_Regular_(incorrect),Left,314,403,186,119974557,nan,nan,nan
8/23/2026 2:40:48,1.17.3,StopSig,2,3.89,nan,1,>Left_Regular_trial,Left,315,403,186,121101651,nan,nan,nan
8/23/2026 2:40:52,1.17.3,StopSig,2,3.89,nan,1,NoPoke_Regular_(incorrect),Left,315,403,186,121105638,nan,nan,nan
8/23/2026 2:41:37,1.17.3,StopSig,2,3.88,nan,1,>Left_Stop_trial,Left,316,403,186,121150728,nan,nan,nan
8/23/2026 2:41:41,1.17.3,StopSig,2,3.89,nan,1,NoPoke_STOP_(correct),Left,316,403,186,121154588,nan,nan,nan
8/23/2026 2:41:45,1.17.3,StopSig,2,3.89,2,1,Pellet,Left,316,403,187,121154588,1.07,1280,nan
8/23/2026 2:42:00,1.17.3,StopSig,2,3.89,nan,1,Right_no_left,Left,316,404,187,121154588,nan,nan,nan
8/23/2026 2:42:02,1.17.3,StopSig,2,3.89,nan,1,>Left_Stop_trial,Left,317,404,187,121175661,nan,nan,nan
8/23/2026 2:42:06,1.17.3,StopSig,2,3.89,nan,1,NoPoke_STOP_(correct),Left,317,404,187,121179521,nan,nan,nan
8/23/2026 2:42:10,1.17.3,StopSig,2,3.89,2,1,Pellet,Left,317,404,188,121179521,1.07,25,nan
8/23/2026 2:48:06,1.17.3,StopSig,2,3.88,nan,1,>Left_Regular_trial,Left,318,404,188,121539621,nan,nan,nan
8/23/2026 2:48:10,1.17.3,StopSig,2,3.89,nan,1,NoPoke_Regular_(incorrect),Left,318,404,188,121543610,nan,nan,nan
8/23/2026 2:53:43,1.17.3,StopSig,2,3.89,nan,1,>Left_Stop_trial,Left,319,404,188,121876374,nan,nan,nan
8/23/2026 2:53:46,1.17.3,StopSig,2,3.89,nan,1,NoPoke_STOP_(correct),Left,319,404,188,121879648,nan,nan,nan
8/23/2026 2:53:50,1.17.3,StopSig,2,3.88,2,1,Pellet,Left,319,404,189,121879648,1.43,700,nan
8/23/2026 2:54:00,1.17.3,StopSig,2,3.89,nan,1,Right_no_left,Left,319,405,189,121879648,nan,nan,nan
8/23/2026 2:54:02,1.17.3,StopSig,2,3.89,nan,1,>Left_Regular_trial,Left,320,405,189,121895945,nan,nan,nan
8/23/2026 2:54:03,1.17.3,StopSig,2,3.89,nan,1,Right_Regular_(correct),Left,320,406,189,121897125,nan,nan,nan
8/23/2026 2:54:04,1.17.3,StopSig,2,3.88,nan,1,RightDuringDispense,Left,320,407,189,121897125,nan,nan,0.00
8/23/2026 2:54:05,1.17.3,StopSig,2,3.89,2,1,Pellet,Left,320,407,190,121897125,0.23,15,nan
8/23/2026 2:54:17,1.17.3,StopSig,2,3.89,nan,1,Right_no_left,Left,320,408,190,121897125,nan,nan,nan
8/23/2026 2:54:19,1.17.3,StopSig,2,3.88,nan,1,>Left_Stop_trial,Left,321,408,190,121911983,nan,nan,nan
8/23/2026 2:54:22,1.17.3,StopSig,2,3.89,nan,1,NoPoke_STOP_(correct),Left,321,408,190,121915549,nan,nan,nan
8/23/2026 2:54:25,1.17.3,StopSig,2,3.89,2,1,Pellet,Left,321,408,191,121915549,0.95,20,nan
8/23/2026 2:54:38,1.17.3,StopSig,2,3.89,nan,1,>Left_Regular_trial,Left,322,408,191,121931354,nan,nan,nan
8/23/2026 2:54:41,1.17.3,StopSig,2,3.89,nan,1,NoPoke_Regular_(incorrect),Left,322,408,191,121934602,nan,nan,nan
8/23/2026 3:02:24,1.17.3,StopSig,2,3.89,nan,1,>Left_Regular_trial,Left,323,408,191,122397991,nan,nan,nan
8/23/2026 3:02:28,1.17.3,StopSig,2,3.89,nan,1,NoPoke_Regular_(incorrect),Left,323,408,191,122401683,nan,nan,nan
8/23/2026 3:29:31,1.17.3,StopSig,2,3.88,nan,1,>Left_Stop_trial,Left,324,408,191,124024736,nan,nan,nan
8/23/2026 3:29:35,1.17.3,StopSig,2,3.88,nan,1,NoPoke_STOP_(correct),Left,324,408,191,124028746,nan,nan,nan
8/23/2026 3:29:39,1.17.3,StopSig,2,3.88,1,1,Pellet,Left,324,408,192,124028746,3.59,2114,nan
8/23/2026 3:32:31,1.17.3,StopSig,2,3.88,nan,1,Right_no_left,Left,324,409,192,124028746,nan,nan,nan
8/23/2026 3:32:56,1.17.3,StopSig,2,3.89,nan,1,Right_no_left,Left,324,410,192,124204997,nan,nan,nan
8/23/2026 3:33:00,1.17.3,StopSig,2,3.89,nan,1,>Left_Stop_trial,Left,325,410,192,124233525,nan,nan,nan
8/23/2026 3:33:04,1.17.3,StopSig,2,3.88,nan,1,NoPoke_STOP_(correct),Left,325,410,192,124237682,nan,nan,nan
8/23/2026 3:33:06,1.17.3,StopSig,2,3.89,1,1,Pellet,Left,325,410,193,124237682,1.97,207,nan
8/23/2026 3:34:13,1.17.3,StopSig,2,3.88,nan,1,>Left_Regular_trial,Left,326,410,193,124307197,nan,nan,nan
8/23/2026 3:34:17,1.17.3,StopSig,2,3.88,nan,1,NoPoke_Regular_(incorrect),Left,326,410,193,124310740,nan,nan,nan
8/23/2026 3:35:05,1.17.3,StopSig,2,3.88,nan,1,Right_no_left,Left,326,411,193,124310740,nan,nan,nan
8/23/2026 3:35:06,1.17.3,StopSig,2,3.89,nan,1,>Left_Regular_trial,Left,327,411,193,124359971,nan,nan,nan
8/23/2026 3:35:10,1.17.3,StopSig,2,3.88,nan,1,NoPoke_Regular_(incorrect),Left,327,411,193,124363658,nan,nan,nan
8/23/2026 3:43:56,1.17.3,StopSig,2,3.88,nan,1,>Left_Regular_trial,Left,328,411,193,124889720,nan,nan,nan
8/23/2026 3:44:00,1.17.3,StopSig,2,3.89,nan,1,NoPoke_Regular_(incorrect),Left,328,411,193,124893706,nan,nan,nan
8/23/2026 3:46:39,1.17.3,StopSig,2,3.88,nan,1,>Left_Regular_trial,Left,329,411,193,125053064,nan,nan,nan
8/23/2026 3:46:41,1.17.3,StopSig,2,3.88,nan,1,Right_Regular_(correct),Left,329,412,193,125054685,nan,nan,nan
8/23/2026 3:46:42,1.17.3,StopSig,2,3.88,1,1,Pellet,Left,329,412,194,125054685,0.47,816,nan
8/23/2026 3:46:53,1.17.3,StopSig,2,3.88,nan,1,Right_no_left,Left,329,413,194,125054685,nan,nan,nan
8/23/2026 3:46:54,1.17.3,StopSig,2,3.89,nan,1,>Left_Regular_trial,Left,330,413,194,125068012,nan,nan,nan
8/23/2026 3:46:55,1.17.3,StopSig,2,3.88,nan,1,Right_Regular_(correct),Left,330,414,194,125069043,nan,nan,nan
8/23/2026 3:46:55,1.17.3,StopSig,2,3.88,nan,1,RightDuringDispense,Left,330,415,194,125069043,nan,nan,0.02
8/23/2026 3:47:04,1.17.3,StopSig,2,3.88,2,1,Pellet,Left,330,415,195,125069043,6.23,22,nan
8/23/2026 3:47:17,1.17.3,StopSig,2,3.88,nan,1,Right_no_left,Left,330,416,195,125069043,nan,nan,nan
8/23/2026 3:47:22,1.17.3,StopSig,2,3.88,nan,1,Right_no_left,Left,330,417,195,125091339,nan,nan,nan
8/23/2026 3:47:24,1.17.3,StopSig,2,3.88,nan,1,>Left_Regular_trial,Left,331,417,195,125097685,nan,nan,nan
8/23/2026 3:47:28,1.17.3,StopSig,2,3.88,nan,1,NoPoke_Regular_(incorrect),Left,331,417,195,125101664,nan,nan,nan
8/23/2026 4:11:23,1.17.3,StopSig,2,3.88,nan,1,>Left_Regular_trial,Left,332,417,195,126536983,nan,nan,nan
8/23/2026 4:11:27,1.17.3,StopSig,2,3.88,nan,1,NoPoke_Regular_(incorrect),Left,332,417,195,126540813,nan,nan,nan
8/23/2026 4:13:24,1.17.3,StopSig,2,3.88,nan,1,Right_no_left,Left,332,418,195,126540813,nan,nan,nan
8/23/2026 4:15:15,1.17.3,StopSig,2,3.88,nan,1,>Left_Stop_trial,Left,333,418,195,126769044,nan,nan,nan
8/23/2026 4:15:19,1.17.3,StopSig,2,3.88,nan,1,NoPoke_STOP_(correct),Left,333,418,195,126772756,nan,nan,nan
8/23/2026 4:15:29,1.17.3,StopSig,2,3.88,1,1,Pellet,Left,333,418,196,126772756,9.47,1705,nan
8/23/2026 4:17:31,1.17.3,StopSig,2,3.87,nan,1,>Left_Regular_trial,Left,334,418,196,126905093,nan,nan,nan
8/23/2026 4:17:32,1.17.3,StopSig,2,3.88,nan,1,Right_Regular_(correct),Left,334,419,196,126906421,nan,nan,nan
8/23/2026 4:17:33,1.17.3,StopSig,2,3.88,nan,1,RightDuringDispense,Left,334,420,196,126906421,nan,nan,0.23
8/23/2026 4:17:38,1.17.3,StopSig,2,3.87,3,1,Pellet,Left,334,420,197,126906421,0.59,129,nan
8/23/2026 4:17:48,1.17.3,StopSig,2,3.88,nan,1,Right_no_left,Left,334,421,197,126906421,nan,nan,nan
8/23/2026 4:17:49,1.17.3,StopSig,2,3.88,nan,1,>Left_Regular_trial,Left,335,421,197,126923109,nan,nan,nan
8/23/2026 4:17:50,1.17.3,StopSig,2,3.87,nan,1,Right_Regular_(correct),Left,335,422,197,126924141,nan,nan,nan
8/23/2026 4:17:51,1.17.3,StopSig,2,3.87,2,1,Pellet,Left,335,422,198,126924141,0.17,13,nan
8/23/2026 4:18:00,1.17.3,StopSig,2,3.87,nan,1,>Left_Stop_trial,Left,336,422,198,126934011,nan,nan,nan
8/23/2026 4:18:01,1.17.3,StopSig,2,3.88,nan,1,Right_STOP_(incorrect),Left,336,423,198,126934904,nan,nan,nan
8/23/2026 4:18:31,1.17.3,StopSig,2,3.88,nan,1,>Left_Regular_trial,Left,337,423,198,126965224,nan,nan,nan
8/23/2026 4:18:35,1.17.3,StopSig,2,3.87,nan,1,NoPoke_Regular_(incorrect),Left,337,423,198,126968769,nan,nan,nan
8/23/2026 4:34:03,1.17.3,StopSig,2,3.87,nan,1,>Left_Stop_trial,Left,338,423,198,127897044,nan,nan,nan
8/23/2026 4:34:07,1.17.3,StopSig,2,3.87,nan,1,NoPoke_STOP_(correct),Left,338,423,198,127900908,nan,nan,nan
8/23/2026 4:34:09,1.17.3,StopSig,2,3.87,1,1,Pellet,Left,338,423,199,127900908,1.43,978,nan
8/23/2026 4:51:27,1.17.3,StopSig,2,3.88,nan,1,>Left_Stop_trial,Left,339,423,199,128940867,nan,nan,nan
8/23/2026 4:51:31,1.17.3,StopSig,2,3.87,nan,1,NoPoke_STOP_(correct),Left,339,423,199,128944879,nan,nan,nan
8/23/2026 4:51:34,1.17.3,StopSig,2,3.87,2,1,Pellet,Left,339,423,200,128944879,0.71,1045,nan
8/23/2026 4:51:56,1.17.3,StopSig,2,3.87,nan,1,Right_no_left,Left,339,424,200,128944879,nan,nan,nan
8/23/2026 4:51:59,1.17.3,StopSig,2,3.87,nan,1,>Left_Regular_trial,Left,340,424,200,128972814,nan,nan,nan
8/23/2026 4:52:03,1.17.3,StopSig,2,3.87,nan,1,NoPoke_Regular_(incorrect),Left,340,424,200,128976951,nan,nan,nan
8/23/2026 5:03:01,1.17.3,StopSig,2,3.88,nan,1,>Left_Regular_trial,Left,341,424,200,129634672,nan,nan,nan
8/23/2026 5:03:03,1.17.3,StopSig,2,3.87,nan,1,Right_Regular_(correct),Left,341,425,200,129637477,nan,nan,nan
8/23/2026 5:03:04,1.17.3,StopSig,2,3.87,nan,1,RightDuringDispense,Left,341,426,200,129637477,nan,nan,0.14
8/23/2026 5:03:12,1.17.3,StopSig,2,3.87,5,1,Pellet,Left,341,426,201,129637477,1.31,698,nan
8/23/2026 5:03:24,1.17.3,StopSig,2,3.88,nan,1,>Left_Regular_trial,Left,342,426,201,129658123,nan,nan,nan
8/23/2026 5:03:28,1.17.3,StopSig,2,3.87,nan,1,NoPoke_Regular_(incorrect),Left,342,426,201,129661967,nan,nan,nan
8/23/2026 5:13:35,1.17.3,StopSig,2,3.87,nan,1,>Left_Regular_trial,Left,343,426,201,130269349,nan,nan,nan
8/23/2026 5:13:39,1.17.3,StopSig,2,3.88,nan,1,NoPoke_Regular_(incorrect),Left,343,426,201,130272892,nan,nan,nan
8/23/2026 5:16:46,1.17.3,StopSig,2,3.87,nan,1,Right_no_left,Left,343,427,201,130272892,nan,nan,nan
8/23/2026 5:16:48,1.17.3,StopSig,2,3.87,nan,1,>Left_Regular_trial,Left,344,427,201,130461738,nan,nan,nan
8/23/2026 5:16:50,1.17.3,StopSig,2,3.87,nan,1,Right_Regular_(correct),Left,344,428,201,130464541,nan,nan,nan
8/23/2026 5:16:54,1.17.3,StopSig,2,3.87,3,1,Pellet,Left,344,428,202,130464541,0.17,822,nan
8/23/2026 5:17:03,1.17.3,StopSig,2,3.87,nan,1,>Left_Regular_trial,Left,345,428,202,130477066,nan,nan,nan
8/23/2026 5:17:07,1.17.3,StopSig,2,3.87,nan,1,NoPoke_Regular_(incorrect),Left,345,428,202,130480907,nan,nan,nan
8/23/2026 5:21:46,1.17.3,StopSig,2,3.87,nan,1,>Left_Regular_trial,Left,346,428,202,130760040,nan,nan,nan
8/23/2026 5:21:50,1.17.3,StopSig,2,3.87,nan,1,NoPoke_Regular_(incorrect),Left,346,428,202,130763883,nan,nan,nan
8/23/2026 5:35:07,1.17.3,StopSig,2,3.87,nan,1,>Left_Regular_trial,Left,347,428,202,131561378,nan,nan,nan
8/23/2026 5:35:11,1.17.3,StopSig,2,3.87,nan,1,Right_Regular_(correct),Left,347,429,202,131564778,nan,nan,nan
8/23/2026 5:35:14,1.17.3,StopSig,2,3.87,3,1,Pellet,Left,347,429,203,131564778,0.12,1100,nan
8/23/2026 5:35:40,1.17.3,StopSig,2,3.87,nan,1,>Left_Regular_trial,Left,348,429,203,131594374,nan,nan,nan
8/23/2026 5:35:44,1.17.3,StopSig,2,3.87,nan,1,NoPoke_Regular_(incorrect),Left,348,429,203,131597923,nan,nan,nan
8/23/2026 5:36:36,1.17.3,StopSig,2,3.87,nan,1,>Left_Regular_trial,Left,349,429,203,131650299,nan,nan,nan
8/23/2026 5:36:40,1.17.3,StopSig,2,3.87,nan,1,NoPoke_Regular_(incorrect),Left,349,429,203,131653996,nan,nan,nan
8/23/2026 5:37:18,1.17.3,StopSig,2,3.87,nan,1,>Left_Regular_trial,Left,350,429,203,131692155,nan,nan,nan
8/23/2026 5:37:22,1.17.3,StopSig,2,3.87,nan,1,NoPoke_Regular_(incorrect),Left,350,429,203,131696001,nan,nan,nan
8/23/2026 5:37:52,1.17.3,StopSig,2,3.87,nan,1,>Left_Regular_trial,Left,351,429,203,131726321,nan,nan,nan
8/23/2026 5:37:56,1.17.3,StopSig,2,3.87,nan,1,NoPoke_Regular_(incorrect),Left,351,429,203,131730014,nan,nan,nan
8/23/2026 6:18:11,1.17.3,StopSig,2,3.87,nan,1,Right_no_left,Left,351,430,203,131730014,nan,nan,nan
8/23/2026 6:18:13,1.17.3,StopSig,2,3.87,nan,1,>Left_Regular_trial,Left,352,430,203,134146965,nan,nan,nan
8/23/2026 6:18:17,1.17.3,StopSig,2,3.87,nan,1,NoPoke_Regular_(incorrect),Left,352,430,203,134151107,nan,nan,nan
8/23/2026 6:25:36,1.17.3,StopSig,2,3.87,nan,1,>Left_Regular_trial,Left,353,430,203,134590304,nan,nan,nan
8/23/2026 6:25:40,1.17.3,StopSig,2,3.87,nan,1,NoPoke_Regular_(incorrect),Left,353,430,203,134594149,nan,nan,nan
8/23/2026 8:13:32,1.17.3,StopSig,2,3.86,nan,1,>Left_Regular_trial,Left,354,430,203,141066873,nan,nan,nan
8/23/2026 8:13:36,1.17.3,StopSig,2,3.86,nan,1,NoPoke_Regular_(incorrect),Left,354,430,203,141070274,nan,nan,nan
8/23/2026 8:16:40,1.17.3,StopSig,2,3.86,nan,1,>Left_Regular_trial,Left,355,430,203,141254670,nan,nan,nan
8/23/2026 8:16:44,1.17.3,StopSig,2,3.86,nan,1,NoPoke_Regular_(incorrect),Left,355,430,203,141258365,nan,nan,nan
8/23/2026 8:18:24,1.17.3,StopSig,2,3.86,nan,1,Right_no_left,Left,355,431,203,141258365,nan,nan,nan
8/23/2026 8:18:26,1.17.3,StopSig,2,3.86,nan,1,>Left_Regular_trial,Left,356,431,203,141360412,nan,nan,nan
8/23/2026 8:18:27,1.17.3,StopSig,2,3.86,nan,1,Right_Regular_(correct),Left,356,432,203,141362038,nan,nan,nan
8/23/2026 8:18:31,1.17.3,StopSig,2,3.85,3,1,Pellet,Left,356,432,204,141362038,0.06,9797,nan
8/23/2026 8:18:41,1.17.3,StopSig,2,3.86,nan,1,>Left_Regular_trial,Left,357,432,204,141375788,nan,nan,nan
8/23/2026 8:18:45,1.17.3,StopSig,2,3.86,nan,1,NoPoke_Regular_(incorrect),Left,357,432,204,141379334,nan,nan,nan
8/23/2026 9:27:56,1.17.3,StopSig,2,3.85,nan,1,Right_no_left,Left,357,433,204,141379334,nan,nan,nan
8/23/2026 9:29:52,1.17.3,StopSig,2,3.86,nan,1,Right_no_left,Left,357,434,204,145530855,nan,nan,nan
8/23/2026 9:29:54,1.17.3,StopSig,2,3.85,nan,1,Right_no_left,Left,357,435,204,145647113,nan,nan,nan
8/23/2026 9:33:38,1.17.3,StopSig,2,3.85,nan,1,Right_no_left,Left,357,436,204,145649032,nan,nan,nan
8/23/2026 9:33:40,1.17.3,StopSig,2,3.85,nan,1,Right_no_left,Left,357,437,204,145872741,nan,nan,nan
8/23/2026 9:33:41,1.17.3,StopSig,2,3.85,nan,1,Right_no_left,Left,357,438,204,145875400,nan,nan,nan
8/23/2026 9:33:43,1.17.3,StopSig,2,3.85,nan,1,>Left_Regular_trial,Left,358,438,204,145878062,nan,nan,nan
8/23/2026 9:33:44,1.17.3,StopSig,2,3.85,nan,1,Right_Regular_(correct),Left,358,439,204,145879095,nan,nan,nan
8/23/2026 9:33:54,1.17.3,StopSig,2,3.85,6,1,Pellet,Left,358,439,205,145879095,0.06,4523,nan
8/23/2026 9:34:06,1.17.3,StopSig,2,3.85,nan,1,>Left_Regular_trial,Left,359,439,205,145900403,nan,nan,nan
8/23/2026 9:34:07,1.17.3,StopSig,2,3.85,nan,1,Right_Regular_(correct),Left,359,440,205,145901436,nan,nan,nan
8/23/2026 9:34:10,1.17.3,StopSig,2,3.85,3,1,Pellet,Left,359,440,206,145901436,0.06,16,nan
8/23/2026 9:34:22,1.17.3,StopSig,2,3.85,nan,1,>Left_Regular_trial,Left,360,440,206,145916909,nan,nan,nan
8/23/2026 9:34:23,1.17.3,StopSig,2,3.85,nan,1,Right_Regular_(correct),Left,360,441,206,145917646,nan,nan,nan
8/23/2026 9:34:23,1.17.3,StopSig,2,3.85,nan,1,RightDuringDispense,Left,360,442,206,145917646,nan,nan,0.02
8/23/2026 9:34:35,1.17.3,StopSig,2,3.85,3,1,Pellet,Left,360,442,207,145917646,6.59,25,nan
8/23/2026 9:34:54,1.17.3,StopSig,2,3.85,nan,1,>Left_Regular_trial,Left,361,442,207,145948553,nan,nan,nan
8/23/2026 9:34:56,1.17.3,StopSig,2,3.85,nan,1,Right_Regular_(correct),Left,361,443,207,145950619,nan,nan,nan
8/23/2026 9:34:56,1.17.3,StopSig,2,3.85,nan,1,RightDuringDispense,Left,361,444,207,145950619,nan,nan,0.06
8/23/2026 9:35:02,1.17.3,StopSig,2,3.85,4,1,Pellet,Left,361,444,208,145950619,0.06,27,nan
8/23/2026 9:35:29,1.17.3,StopSig,2,3.85,nan,1,>Left_Regular_trial,Left,362,444,208,145983323,nan,nan,nan
8/23/2026 9:35:33,1.17.3,StopSig,2,3.85,nan,1,NoPoke_Regular_(incorrect),Left,362,444,208,145987466,nan,nan,nan
8/23/2026 11:57:53,1.17.3,StopSig,2,3.85,nan,1,>Left_Regular_trial,Left,363,444,208,154527520,nan,nan,nan
8/23/2026 11:57:56,1.17.3,StopSig,2,3.84,nan,1,NoPoke_Regular_(incorrect),Left,363,444,208,154530934,nan,nan,nan
8/23/2026 11:58:44,1.17.3,StopSig,2,3.84,nan,1,>Left_Regular_trial,Left,364,444,208,154579241,nan,nan,nan
8/23/2026 11:58:48,1.17.3,StopSig,2,3.84,nan,1,NoPoke_Regular_(incorrect),Left,364,444,208,154582951,nan,nan,nan
8/23/2026 12:00:46,1.17.3,StopSig,2,3.84,nan,1,>Left_Regular_trial,Left,365,444,208,154701271,nan,nan,nan
8/23/2026 12:00:48,1.17.3,StopSig,2,3.84,nan,1,Right_Regular_(correct),Left,365,445,208,154703200,nan,nan,nan
8/23/2026 12:00:49,1.17.3,StopSig,2,3.84,nan,1,RightDuringDispense,Left,365,446,208,154703200,nan,nan,0.29
8/23/2026 12:00:50,1.17.3,StopSig,2,3.85,2,1,Pellet,Left,365,446,209,154703200,0.06,8748,nan
8/23/2026 12:01:03,1.17.3,StopSig,2,3.84,nan,1,>Left_Regular_trial,Left,366,446,209,154718220,nan,nan,nan
8/23/2026 12:01:05,1.17.3,StopSig,2,3.84,nan,1,Right_Regular_(correct),Left,366,447,209,154719704,nan,nan,nan
8/23/2026 12:01:06,1.17.3,StopSig,2,3.84,2,1,Pellet,Left,366,447,210,154719704,0.29,16,nan
8/23/2026 12:01:18,1.17.3,StopSig,2,3.84,nan,1,>Left_Regular_trial,Left,367,447,210,154733215,nan,nan,nan
8/23/2026 12:01:19,1.17.3,StopSig,2,3.84,nan,1,Right_Regular_(correct),Left,367,448,210,154734398,nan,nan,nan
8/23/2026 12:01:28,1.17.3,StopSig,2,3.84,2,1,Pellet,Left,367,448,211,154734398,6.29,22,nan
8/23/2026 12:01:57,1.17.3,StopSig,2,3.84,nan,1,Right_no_left,Left,367,449,211,154734398,nan,nan,nan
8/23/2026 13:54:53,1.17.3,StopSig,2,3.83,nan,1,>Left_Regular_trial,Left,368,449,211,161547944,nan,nan,nan
8/23/2026 13:54:55,1.17.3,StopSig,2,3.83,nan,1,Right_Regular_(correct),Left,368,450,211,161550168,nan,nan,nan
8/23/2026 13:54:55,1.17.3,StopSig,2,3.83,nan,1,RightDuringDispense,Left,368,451,211,161550168,nan,nan,0.14
8/23/2026 13:55:07,1.17.3,StopSig,2,3.83,5,1,Pellet,Left,368,451,212,161550168,4.55,6819,nan
8/23/2026 13:55:32,1.17.3,StopSig,2,3.83,nan,1,Right_no_left,Left,368,452,212,161550168,nan,nan,nan
8/23/2026 13:55:36,1.17.3,StopSig,2,3.83,nan,1,>Left_Stop_trial,Left,369,452,212,161590553,nan,nan,nan
8/23/2026 13:55:39,1.17.3,StopSig,2,3.83,nan,1,NoPoke_STOP_(correct),Left,369,452,212,161594140,nan,nan,nan
8/23/2026 13:55:40,1.17.3,StopSig,2,3.83,2,1,Pellet,Left,369,452,213,161594140,0.53,33,nan
8/23/2026 13:55:51,1.17.3,StopSig,2,3.84,nan,1,Right_no_left,Left,369,453,213,161594140,nan,nan,nan
8/23/2026 13:55:53,1.17.3,StopSig,2,3.83,nan,1,>Left_Regular_trial,Left,370,453,213,161608069,nan,nan,nan
8/23/2026 13:55:54,1.17.3,StopSig,2,3.83,nan,1,Right_Regular_(correct),Left,370,454,213,161609402,nan,nan,nan
8/23/2026 13:55:54,1.17.3,StopSig,2,3.83,nan,1,RightDuringDispense,Left,370,455,213,161609402,nan,nan,0.06
8/23/2026 13:55:55,1.17.3,StopSig,2,3.74,nan,1,RightDuringDispense,Left,370,456,213,161609402,nan,nan,0.02
8/23/2026 13:56:03,1.17.3,StopSig,2,3.83,3,1,Pellet,Left,370,456,214,161609402,3.05,23,nan
8/23/2026 13:56:25,1.17.3,StopSig,2,3.83,nan,1,Right_no_left,Left,370,457,214,161609402,nan,nan,nan
8/23/2026 14:03:37,1.17.3,StopSig,2,3.83,nan,1,Right_no_left,Left,370,458,214,161640824,nan,nan,nan
8/23/2026 16:04:14,1.17.3,StopSig,2,3.83,nan,1,Right_no_left,Left,370,459,214,162072570,nan,nan,nan
8/23/2026 16:04:15,1.17.3,StopSig,2,3.82,nan,1,Right_no_left,Left,370,460,214,169310407,nan,nan,nan
8/23/2026 16:04:20,1.17.3,StopSig,2,3.82,nan,1,>Left_Regular_trial,Left,371,460,214,169315161,nan,nan,nan
8/23/2026 16:04:21,1.17.3,StopSig,2,3.82,nan,1,Right_Regular_(correct),Left,371,461,214,169316494,nan,nan,nan
8/23/2026 16:04:21,1.17.3,StopSig,2,3.82,nan,1,RightDuringDispense,Left,371,462,214,169316494,nan,nan,0.43
8/23/2026 16:04:35,1.17.3,StopSig,2,3.82,4,1,Pellet,Left,371,462,215,169316494,7.91,7712,nan
8/23/2026 16:04:54,1.17.3,StopSig,2,3.82,nan,1,>Left_Regular_trial,Left,372,462,215,169349746,nan,nan,nan
8/23/2026 16:04:56,1.17.3,StopSig,2,3.82,nan,1,Right_Regular_(correct),Left,372,463,215,169351975,nan,nan,nan
8/23/2026 16:04:57,1.17.3,StopSig,2,3.73,nan,1,RightDuringDispense,Left,372,464,215,169351975,nan,nan,0.02
8/23/2026 16:05:07,1.17.3,StopSig,2,3.82,3,1,Pellet,Left,372,464,216,169351975,7.07,32,nan
8/23/2026 16:05:26,1.17.3,StopSig,2,3.82,nan,1,Right_no_left,Left,372,465,216,169351975,nan,nan,nan
8/23/2026 16:05:33,1.17.3,StopSig,2,3.82,nan,1,Right_no_left,Left,372,466,216,169381954,nan,nan,nan
8/23/2026 16:05:33,1.17.3,StopSig,2,3.82,nan,1,Right_no_left,Left,372,467,216,169388497,nan,nan,nan
8/23/2026 16:13:06,1.17.3,StopSig,2,3.82,nan,1,Right_no_left,Left,372,468,216,169389236,nan,nan,nan
8/23/2026 16:13:11,1.17.3,StopSig,2,3.82,nan,1,>Left_Regular_trial,Left,373,468,216,169846272,nan,nan,nan
8/23/2026 16:13:13,1.17.3,StopSig,2,3.82,nan,1,Right_Regular_(correct),Left,373,469,216,169848646,nan,nan,nan
8/23/2026 16:13:13,1.17.3,StopSig,2,3.82,nan,1,RightDuringDispense,Left,373,470,216,169848646,nan,nan,0.03
8/23/2026 16:13:15,1.17.3,StopSig,2,3.82,2,1,Pellet,Left,373,470,217,169848646,0.35,488,nan
8/23/2026 16:13:29,1.17.3,StopSig,2,3.82,nan,1,>Left_Stop_trial,Left,374,470,217,169864458,nan,nan,nan
8/23/2026 16:13:33,1.17.3,StopSig,2,3.82,nan,1,NoPoke_STOP_(correct),Left,374,470,217,169868630,nan,nan,nan
8/23/2026 16:13:36,1.17.3,StopSig,2,3.82,2,1,Pellet,Left,374,470,218,169868630,0.47,21,nan
8/23/2026 16:13:47,1.17.3,StopSig,2,3.82,nan,1,>Left_Stop_trial,Left,375,470,218,169882670,nan,nan,nan
8/23/2026 16:13:51,1.17.3,StopSig,2,3.82,nan,1,NoPoke_STOP_(correct),Left,375,470,218,169886552,nan,nan,nan
8/23/2026 16:13:54,1.17.3,StopSig,2,3.82,3,1,Pellet,Left,375,470,219,169886552,0.06,18,nan
8/23/2026 16:14:05,1.17.3,StopSig,2,3.82,nan,1,Right_no_left,Left,375,471,219,169886552,nan,nan,nan
8/23/2026 16:14:08,1.17.3,StopSig,2,3.82,nan,1,>Left_Regular_trial,Left,376,471,219,169904114,nan,nan,nan
8/23/2026 16:14:10,1.17.3,StopSig,2,3.82,nan,1,Right_Regular_(correct),Left,376,472,219,169905742,nan,nan,nan
8/23/2026 16:14:10,1.17.3,StopSig,2,3.73,nan,1,RightDuringDispense,Left,376,473,219,169905742,nan,nan,0.08
8/23/2026 16:14:11,1.17.3,StopSig,2,3.82,1,1,Pellet,Left,376,473,220,169905742,0.35,17,nan
8/23/2026 16:14:25,1.17.3,StopSig,2,3.82,nan,1,>Left_Regular_trial,Left,377,473,220,169920195,nan,nan,nan
8/23/2026 16:14:25,1.17.3,StopSig,2,3.82,nan,1,Right_Regular_(correct),Left,377,474,220,169921231,nan,nan,nan
8/23/2026 16:14:26,1.17.3,StopSig,2,3.82,nan,1,RightDuringDispense,Left,377,475,220,169921231,nan,nan,0.07
8/23/2026 16:14:27,1.17.3,StopSig,2,3.82,2,1,Pellet,Left,377,475,221,169921231,0.06,16,nan
8/23/2026 17:36:45,1.17.3,StopSig,2,3.82,nan,1,Right_no_left,Left,377,476,221,169921231,nan,nan,nan
8/23/2026 17:36:49,1.17.3,StopSig,2,3.82,nan,1,>Left_Regular_trial,Left,378,476,221,174864892,nan,nan,nan
8/23/2026 17:36:50,1.17.3,StopSig,2,3.82,nan,1,Right_Regular_(correct),Left,378,477,221,174866077,nan,nan,nan
8/23/2026 17:36:50,1.17.3,StopSig,2,3.82,nan,1,RightDuringDispense,Left,378,478,221,174866077,nan,nan,0.07
8/23/2026 17:37:01,1.17.3,StopSig,2,3.82,2,1,Pellet,Left,378,478,222,174866077,7.61,4954,nan
8/23/2026 17:37:19,1.17.3,StopSig,2,3.82,nan,1,Right_no_left,Left,378,479,222,174866077,nan,nan,nan
8/23/2026 17:37:22,1.17.3,StopSig,2,3.82,nan,1,Right_no_left,Left,378,480,222,174895259,nan,nan,nan
8/23/2026 17:37:31,1.17.3,StopSig,2,3.82,nan,1,>Left_Regular_trial,Left,379,480,222,174906406,nan,nan,nan
8/23/2026 17:37:32,1.17.3,StopSig,2,3.82,nan,1,Right_Regular_(correct),Left,379,481,222,174908037,nan,nan,nan
8/23/2026 17:37:33,1.17.3,StopSig,2,3.82,nan,1,RightDuringDispense,Left,379,482,222,174908037,nan,nan,0.38
8/23/2026 17:37:33,1.17.3,StopSig,2,3.73,nan,1,RightDuringDispense,Left,379,483,222,174908037,nan,nan,0.03
8/23/2026 17:37:45,1.17.3,StopSig,2,3.82,3,1,Pellet,Left,379,483,223,174908037,6.77,44,nan
8/23/2026 17:38:03,1.17.3,StopSig,2,3.82,nan,1,>Left_Regular_trial,Left,380,483,223,174938954,nan,nan,nan
8/23/2026 17:38:05,1.17.3,StopSig,2,3.82,nan,1,Right_Regular_(correct),Left,380,484,223,174940886,nan,nan,nan
8/23/2026 17:38:06,1.17.3,StopSig,2,3.82,1,1,Pellet,Left,380,484,224,174940886,0.35,21,nan
8/23/2026 17:38:18,1.17.3,StopSig,2,3.82,nan,1,>Left_Regular_trial,Left,381,484,224,174953564,nan,nan,nan
8/23/2026 17:38:19,1.17.3,StopSig,2,3.82,nan,1,Right_Regular_(correct),Left,381,485,224,174954750,nan,nan,nan
8/23/2026 17:38:20,1.17.3,StopSig,2,3.82,2,1,Pellet,Left,381,485,225,174954750,0.12,14,nan
8/23/2026 17:38:31,1.17.3,StopSig,2,3.82,nan,1,>Left_Regular_trial,Left,382,485,225,174967191,nan,nan,nan
8/23/2026 17:38:32,1.17.3,StopSig,2,3.82,nan,1,Right_Regular_(correct),Left,382,486,225,174968380,nan,nan,nan
8/23/2026 17:38:33,1.17.3,StopSig,2,3.82,1,1,Pellet,Left,382,486,226,174968380,0.23,13,nan
8/23/2026 17:38:46,1.17.3,StopSig,2,3.82,nan,1,Right_no_left,Left,382,487,226,174968380,nan,nan,nan
8/23/2026 17:44:43,1.17.3,StopSig,2,3.82,nan,1,>Left_Stop_trial,Left,383,487,226,175338388,nan,nan,nan
8/23/2026 17:44:46,1.17.3,StopSig,2,3.82,nan,1,NoPoke_STOP_(correct),Left,383,487,226,175341826,nan,nan,nan
8/23/2026 17:44:50,1.17.3,StopSig,2,3.82,1,1,Pellet,Left,383,487,227,175341826,3.65,377,nan
8/23/2026 17:45:11,1.17.3,StopSig,2,3.82,nan,1,Right_no_left,Left,383,488,227,175341826,nan,nan,nan
8/23/2026 17:51:55,1.17.3,StopSig,2,3.82,nan,1,Right_no_left,Left,383,489,227,175367559,nan,nan,nan
8/23/2026 17:52:17,1.17.3,StopSig,2,3.82,nan,1,Right_no_left,Left,383,490,227,175770829,nan,nan,nan
8/23/2026 18:36:20,1.17.3,StopSig,2,3.82,nan,1,>Left_Stop_trial,Left,384,490,227,178435382,nan,nan,nan
8/23/2026 18:36:23,1.17.3,StopSig,2,3.82,nan,1,NoPoke_STOP_(correct),Left,384,490,227,178438973,nan,nan,nan
8/23/2026 18:36:28,1.17.3,StopSig,2,3.81,3,1,Pellet,Left,384,490,228,178438973,0.06,3098,nan
8/23/2026 18:36:39,1.17.3,StopSig,2,3.82,nan,1,Right_no_left,Left,384,491,228,178438973,nan,nan,nan
8/23/2026 18:36:41,1.17.3,StopSig,2,3.81,nan,1,>Left_Stop_trial,Left,385,491,228,178456451,nan,nan,nan
8/23/2026 18:36:44,1.17.3,StopSig,2,3.81,nan,1,NoPoke_STOP_(correct),Left,385,491,228,178459892,nan,nan,nan
8/23/2026 18:36:47,1.17.3,StopSig,2,3.81,2,1,Pellet,Left,385,491,229,178459892,0.53,19,nan
8/23/2026 18:36:58,1.17.3,StopSig,2,3.82,nan,1,Right_no_left,Left,385,492,229,178459892,nan,nan,nan
8/23/2026 18:36:59,1.17.3,StopSig,2,3.81,nan,1,Right_no_left,Left,385,493,229,178474285,nan,nan,nan
8/23/2026 18:37:01,1.17.3,StopSig,2,3.82,nan,1,>Left_Regular_trial,Left,386,493,229,178476960,nan,nan,nan
8/23/2026 18:37:05,1.17.3,StopSig,2,3.81,nan,1,NoPoke_Regular_(incorrect),Left,386,493,229,178480975,nan,nan,nan
8/23/2026 18:37:36,1.17.3,StopSig,2,3.81,nan,1,>Left_Stop_trial,Left,387,493,229,178511746,nan,nan,nan
8/23/2026 18:37:40,1.17.3,StopSig,2,3.81,nan,1,NoPoke_STOP_(correct),Left,387,493,229,178515928,nan,nan,nan
8/23/2026 18:37:50,1.17.3,StopSig,2,3.81,2,1,Pellet,Left,387,493,230,178515928,7.49,63,nan
8/23/2026 18:38:07,1.17.3,StopSig,2,3.81,nan,1,Right_no_left,Left,387,494,230,178515928,nan,nan,nan
8/23/2026 18:38:20,1.17.3,StopSig,2,3.81,nan,1,>Left_Regular_trial,Left,388,494,230,178556422,nan,nan,nan
8/23/2026 18:38:21,1.17.3,StopSig,2,3.81,nan,1,Right_Regular_(correct),Left,388,495,230,178557315,nan,nan,nan
8/23/2026 18:38:31,1.17.3,StopSig,2,3.81,2,1,Pellet,Left,388,495,231,178557315,7.43,41,nan
8/23/2026 18:38:55,1.17.3,StopSig,2,3.81,nan,1,Right_no_left,Left,388,496,231,178557315,nan,nan,nan
8/23/2026 18:39:02,1.17.3,StopSig,2,3.81,nan,1,>Left_Regular_trial,Left,389,496,231,178598509,nan,nan,nan
8/23/2026 18:39:04,1.17.3,StopSig,2,3.81,nan,1,Right_Regular_(correct),Left,389,497,231,178600440,nan,nan,nan
8/23/2026 18:39:07,1.17.3,StopSig,2,3.81,3,1,Pellet,Left,389,497,232,178600440,0.06,36,nan
8/23/2026 18:39:18,1.17.3,StopSig,2,3.81,nan,1,>Left_Regular_trial,Left,390,497,232,178614256,nan,nan,nan
8/23/2026 18:39:22,1.17.3,StopSig,2,3.81,nan,1,NoPoke_Regular_(incorrect),Left,390,497,232,178617972,nan,nan,nan
8/23/2026 18:40:03,1.17.3,StopSig,2,3.81,nan,1,>Left_Regular_trial,Left,391,497,232,178659302,nan,nan,nan
8/23/2026 18:40:07,1.17.3,StopSig,2,3.82,nan,1,NoPoke_Regular_(incorrect),Left,391,497,232,178663017,nan,nan,nan
8/23/2026 18:41:04,1.17.3,StopSig,2,3.82,nan,1,Right_no_left,Left,391,498,232,178663017,nan,nan,nan
8/23/2026 18:41:05,1.17.3,StopSig,2,3.81,nan,1,Right_no_left,Left,391,499,232,178720232,nan,nan,nan
8/23/2026 18:41:09,1.17.3,StopSig,2,3.81,nan,1,>Left_Stop_trial,Left,392,499,232,178724537,nan,nan,nan
8/23/2026 18:41:12,1.17.3,StopSig,2,3.81,nan,1,NoPoke_STOP_(correct),Left,392,499,232,178727974,nan,nan,nan
8/23/2026 18:41:17,1.17.3,StopSig,2,3.81,3,1,Pellet,Left,392,499,233,178727974,2.03,130,nan
8/23/2026 18:41:37,1.17.3,StopSig,2,3.82,nan,1,Right_no_left,Left,392,500,233,178727974,nan,nan,nan
8/23/2026 18:41:40,1.17.3,StopSig,2,3.81,nan,1,>Left_Regular_trial,Left,393,500,233,178756445,nan,nan,nan
8/23/2026 18:41:42,1.17.3,StopSig,2,3.81,nan,1,Right_Regular_(correct),Left,393,501,233,178758523,nan,nan,nan
8/23/2026 18:41:44,1.17.3,StopSig,2,3.81,2,1,Pellet,Left,393,501,234,178758523,0.06,26,nan
8/23/2026 18:41:56,1.17.3,StopSig,2,3.82,nan,1,Right_no_left,Left,393,502,234,178758523,nan,nan,nan
8/23/2026 18:41:58,1.17.3,StopSig,2,3.81,nan,1,>Left_Regular_trial,Left,394,502,234,178774131,nan,nan,nan
8/23/2026 18:41:59,1.17.3,StopSig,2,3.81,nan,1,Right_Regular_(correct),Left,394,503,234,178775614,nan,nan,nan
8/23/2026 18:42:07,1.17.3,StopSig,2,3.81,2,1,Pellet,Left,394,503,235,178775614,5.03,24,nan
8/23/2026 18:46:21,1.17.3,StopSig,2,3.81,nan,1,>Left_Regular_trial,Left,395,503,235,179037481,nan,nan,nan
8/23/2026 18:46:25,1.17.3,StopSig,2,3.81,nan,1,NoPoke_Regular_(incorrect),Left,395,503,235,179040904,nan,nan,nan
8/23/2026 18:51:56,1.17.3,StopSig,2,3.81,nan,1,Right_no_left,Left,395,504,235,179040904,nan,nan,nan
8/23/2026 18:51:58,1.17.3,StopSig,2,3.81,nan,1,>Left_Stop_trial,Left,396,504,235,179374111,nan,nan,nan
8/23/2026 18:52:02,1.17.3,StopSig,2,3.82,nan,1,NoPoke_STOP_(correct),Left,396,504,235,179377998,nan,nan,nan
8/23/2026 18:52:08,1.17.3,StopSig,2,3.81,4,1,Pellet,Left,396,504,236,179377998,0.77,601,nan
8/23/2026 18:53:59,1.17.3,StopSig,2,3.81,nan,1,Right_no_left,Left,396,505,236,179377998,nan,nan,nan
8/23/2026 19:19:33,1.17.3,StopSig,2,3.81,nan,1,>Left_Regular_trial,Left,397,505,236,181028981,nan,nan,nan
8/23/2026 19:19:37,1.17.3,StopSig,2,3.81,nan,1,NoPoke_Regular_(incorrect),Left,397,505,236,181032992,nan,nan,nan
8/23/2026 19:20:09,1.17.3,StopSig,2,3.81,nan,1,Right_no_left,Left,397,506,236,181032992,nan,nan,nan
8/23/2026 19:20:16,1.17.3,StopSig,2,3.81,nan,1,Right_no_left,Left,397,507,236,181065547,nan,nan,nan
8/23/2026 19:25:48,1.17.3,StopSig,2,3.80,nan,1,>Left_Regular_trial,Left,398,507,236,181403912,nan,nan,nan
8/23/2026 19:25:52,1.17.3,StopSig,2,3.81,nan,1,NoPoke_Regular_(incorrect),Left,398,507,236,181408076,nan,nan,nan
8/23/2026 19:29:06,1.17.3,StopSig,2,3.81,nan,1,Right_no_left,Left,398,508,236,181408076,nan,nan,nan
8/23/2026 19:35:21,1.17.3,StopSig,2,3.80,nan,1,>Left_Regular_trial,Left,399,508,236,181977185,nan,nan,nan
8/23/2026 19:35:25,1.17.3,StopSig,2,3.80,nan,1,Right_Regular_(correct),Left,399,509,236,181980904,nan,nan,nan
8/23/2026 19:35:25,1.17.3,StopSig,2,3.80,nan,1,RightDuringDispense,Left,399,510,236,181980904,nan,nan,0.28
8/23/2026 19:35:28,1.17.3,StopSig,2,3.71,nan,1,LeftDuringDispense,Left,400,510,236,181980904,nan,nan,0.24
8/23/2026 19:35:31,1.17.3,StopSig,2,3.81,2,1,Pellet,Left,400,510,237,181980904,2.63,2603,nan
8/23/2026 19:35:42,1.17.3,StopSig,2,3.80,nan,1,Right_no_left,Left,400,511,237,181980904,nan,nan,nan
8/23/2026 19:35:44,1.17.3,StopSig,2,3.81,nan,1,>Left_Regular_trial,Left,401,511,237,182000003,nan,nan,nan
8/23/2026 19:35:48,1.17.3,StopSig,2,3.80,nan,1,NoPoke_Regular_(incorrect),Left,401,511,237,182004157,nan,nan,nan
8/23/2026 19:36:54,1.17.3,StopSig,2,3.80,nan,1,Right_no_left,Left,401,512,237,182004157,nan,nan,nan
8/23/2026 19:46:01,1.17.3,StopSig,2,3.80,nan,1,>Left_Regular_trial,Left,402,512,237,182616874,nan,nan,nan
8/23/2026 19:46:04,1.17.3,StopSig,2,3.80,nan,1,NoPoke_Regular_(incorrect),Left,402,512,237,182620139,nan,nan,nan
8/23/2026 19:49:50,1.17.3,StopSig,2,3.81,nan,1,>Left_Regular_trial,Left,403,512,237,182846446,nan,nan,nan
8/23/2026 19:49:54,1.17.3,StopSig,2,3.80,nan,1,NoPoke_Regular_(incorrect),Left,403,512,237,182850157,nan,nan,nan
8/23/2026 19:51:27,1.17.3,StopSig,2,3.80,nan,1,Right_no_left,Left,403,513,237,182850157,nan,nan,nan
8/23/2026 19:51:32,1.17.3,StopSig,2,3.80,nan,1,>Left_Stop_trial,Left,404,513,237,182947628,nan,nan,nan
8/23/2026 19:51:35,1.17.3,StopSig,2,3.80,nan,1,NoPoke_STOP_(correct),Left,404,513,237,182951060,nan,nan,nan
8/23/2026 19:51:36,1.17.3,StopSig,2,3.80,2,1,Pellet,Left,404,513,238,182951060,0.65,965,nan
8/23/2026 19:51:47,1.17.3,StopSig,2,3.81,nan,1,>Left_Regular_trial,Left,405,513,238,182963629,nan,nan,nan
8/23/2026 19:51:51,1.17.3,StopSig,2,3.81,nan,1,NoPoke_Regular_(incorrect),Left,405,513,238,182967193,nan,nan,nan
8/23/2026 19:54:27,1.17.3,StopSig,2,3.80,nan,1,>Left_Regular_trial,Left,406,513,238,183123035,nan,nan,nan
8/23/2026 19:54:28,1.17.3,StopSig,2,3.80,nan,1,Right_Regular_(correct),Left,406,514,238,183124370,nan,nan,nan
8/23/2026 19:54:31,1.17.3,StopSig,2,3.80,3,1,Pellet,Left,406,514,239,183124370,0.06,175,nan
8/23/2026 19:54:43,1.17.3,StopSig,2,3.81,nan,1,>Left_Stop_trial,Left,407,514,239,183138968,nan,nan,nan
8/23/2026 19:54:47,1.17.3,StopSig,2,3.80,nan,1,NoPoke_STOP_(correct),Left,407,514,239,183143145,nan,nan,nan
8/23/2026 19:54:50,1.17.3,StopSig,2,3.80,2,1,Pellet,Left,407,514,240,183143145,0.77,19,nan
8/23/2026 19:55:09,1.17.3,StopSig,2,3.80,nan,1,Right_no_left,Left,407,515,240,183143145,nan,nan,nan
8/23/2026 19:55:09,1.17.3,StopSig,2,3.80,nan,1,Right_no_left,Left,407,516,240,183165289,nan,nan,nan
8/23/2026 19:55:12,1.17.3,StopSig,2,3.80,nan,1,>Left_Stop_trial,Left,408,516,240,183167961,nan,nan,nan
8/23/2026 19:55:16,1.17.3,StopSig,2,3.80,nan,1,NoPoke_STOP_(correct),Left,408,516,240,183172142,nan,nan,nan
8/23/2026 19:55:19,1.17.3,StopSig,2,3.80,2,1,Pellet,Left,408,516,241,183172142,0.71,29,nan
8/23/2026 19:55:30,1.17.3,StopSig,2,3.80,nan,1,Right_no_left,Left,408,517,241,183172142,nan,nan,nan
8/23/2026 19:55:31,1.17.3,StopSig,2,3.81,nan,1,>Left_Regular_trial,Left,409,517,241,183187577,nan,nan,nan
8/23/2026 19:55:32,1.17.3,StopSig,2,3.81,nan,1,Right_Regular_(correct),Left,409,518,241,183188613,nan,nan,nan
8/23/2026 19:55:41,1.17.3,StopSig,2,3.80,3,1,Pellet,Left,409,518,242,183188613,3.71,22,nan
8/23/2026 20:57:53,1.17.3,StopSig,2,3.80,nan,1,>Left_Stop_trial,Left,410,518,242,186928684,nan,nan,nan
8/23/2026 20:57:56,1.17.3,StopSig,2,3.80,nan,1,NoPoke_STOP_(correct),Left,410,518,242,186932269,nan,nan,nan
8/23/2026 20:57:59,1.17.3,StopSig,2,3.80,2,1,Pellet,Left,410,518,243,186932269,0.59,3738,nan
8/23/2026 21:03:55,1.17.3,StopSig,2,3.80,nan,1,>Left_Regular_trial,Left,411,518,243,187291586,nan,nan,nan
8/23/2026 21:03:59,1.17.3,StopSig,2,3.80,nan,1,NoPoke_Regular_(incorrect),Left,411,518,243,187295294,nan,nan,nan
8/23/2026 21:05:24,1.17.3,StopSig,2,3.80,nan,1,Right_no_left,Left,411,519,243,187295294,nan,nan,nan
8/23/2026 21:05:26,1.17.3,StopSig,2,3.80,nan,1,>Left_Stop_trial,Left,412,519,243,187382309,nan,nan,nan
8/23/2026 21:05:30,1.17.3,StopSig,2,3.80,nan,1,NoPoke_STOP_(correct),Left,412,519,243,187386339,nan,nan,nan
8/23/2026 21:05:33,1.17.3,StopSig,2,3.80,2,1,Pellet,Left,412,519,244,187386339,0.59,454,nan
8/23/2026 21:05:47,1.17.3,StopSig,2,3.80,nan,1,>Left_Regular_trial,Left,413,519,244,187403658,nan,nan,nan
8/23/2026 21:05:49,1.17.3,StopSig,2,3.80,nan,1,Right_Regular_(correct),Left,413,520,244,187405139,nan,nan,nan
8/23/2026 21:05:49,1.17.3,StopSig,2,3.80,nan,1,RightDuringDispense,Left,413,521,244,187405139,nan,nan,0.29
8/23/2026 21:05:52,1.17.3,StopSig,2,3.80,2,1,Pellet,Left,413,521,245,187405139,0.23,19,nan
8/23/2026 21:06:02,1.17.3,StopSig,2,3.80,nan,1,>Left_Regular_trial,Left,414,521,245,187418372,nan,nan,nan
8/23/2026 21:06:06,1.17.3,StopSig,2,3.80,nan,1,NoPoke_Regular_(incorrect),Left,414,521,245,187422379,nan,nan,nan
8/23/2026 21:15:34,1.17.3,StopSig,2,3.80,nan,1,Right_no_left,Left,414,522,245,187422379,nan,nan,nan
8/23/2026 21:23:16,1.17.3,StopSig,2,3.80,nan,1,>Left_Regular_trial,Left,415,522,245,188452686,nan,nan,nan
8/23/2026 21:23:18,1.17.3,StopSig,2,3.80,nan,1,Right_Regular_(correct),Left,415,523,245,188454469,nan,nan,nan
8/23/2026 21:23:19,1.17.3,StopSig,2,3.80,1,1,Pellet,Left,415,523,246,188454469,0.17,1047,nan
8/23/2026 21:23:28,1.17.3,StopSig,2,3.80,nan,1,>Left_Regular_trial,Left,416,523,246,188464807,nan,nan,nan
8/23/2026 21:23:31,1.17.3,StopSig,2,3.80,nan,1,Right_Regular_(correct),Left,416,524,246,188468074,nan,nan,nan
8/23/2026 21:23:32,1.17.3,StopSig,2,3.79,2,1,Pellet,Left,416,524,247,188468074,0.06,13,nan
8/23/2026 21:23:44,1.17.3,StopSig,2,3.80,nan,1,>Left_Regular_trial,Left,417,524,247,188480149,nan,nan,nan
8/23/2026 21:23:47,1.17.3,StopSig,2,3.80,nan,1,Right_Regular_(correct),Left,417,525,247,188484005,nan,nan,nan
8/23/2026 21:23:59,1.17.3,StopSig,2,3.80,3,1,Pellet,Left,417,525,248,188484005,8.33,27,nan
8/23/2026 21:24:17,1.17.3,StopSig,2,3.80,nan,1,Right_no_left,Left,417,526,248,188484005,nan,nan,nan
8/23/2026 21:24:19,1.17.3,StopSig,2,3.80,nan,1,>Left_Regular_trial,Left,418,526,248,188515009,nan,nan,nan
8/23/2026 21:24:19,1.17.3,StopSig,2,3.80,nan,1,Right_Regular_(correct),Left,418,527,248,188515752,nan,nan,nan
8/23/2026 21:24:31,1.17.3,StopSig,2,3.80,4,1,Pellet,Left,418,527,249,188515752,5.21,32,nan
8/23/2026 21:24:46,1.17.3,StopSig,2,3.80,nan,1,>Left_Stop_trial,Left,419,527,249,188541728,nan,nan,nan
8/23/2026 21:24:49,1.17.3,StopSig,2,3.80,nan,1,NoPoke_STOP_(correct),Left,419,527,249,188545311,nan,nan,nan
8/23/2026 21:24:50,1.17.3,StopSig,2,3.80,1,1,Pellet,Left,419,527,250,188545311,0.41,19,nan
8/23/2026 21:25:03,1.17.3,StopSig,2,3.80,nan,1,>Left_Regular_trial,Left,420,527,250,188559589,nan,nan,nan
8/23/2026 21:25:04,1.17.3,StopSig,2,3.80,nan,1,Right_Regular_(correct),Left,420,528,250,188560626,nan,nan,nan
8/23/2026 21:25:11,1.17.3,StopSig,2,3.80,3,1,Pellet,Left,420,528,251,188560626,2.51,21,nan
8/23/2026 21:44:59,1.17.3,StopSig,2,3.80,nan,1,Right_no_left,Left,420,529,251,188560626,nan,nan,nan
8/23/2026 21:45:01,1.17.3,StopSig,2,3.80,nan,1,>Left_Regular_trial,Left,421,529,251,189757300,nan,nan,nan
8/23/2026 21:45:02,1.17.3,StopSig,2,3.80,nan,1,Right_Regular_(correct),Left,421,530,251,189758339,nan,nan,nan
8/23/2026 21:45:05,1.17.3,StopSig,2,3.80,2,1,Pellet,Left,421,530,252,189758339,0.35,1194,nan
8/23/2026 21:45:18,1.17.3,StopSig,2,3.80,nan,1,>Left_Regular_trial,Left,422,530,252,189774193,nan,nan,nan
8/23/2026 21:45:21,1.17.3,StopSig,2,3.80,nan,1,NoPoke_Regular_(incorrect),Left,422,530,252,189777462,nan,nan,nan
8/23/2026 22:05:32,1.17.3,StopSig,2,3.79,nan,1,>Left_Regular_trial,Left,423,530,252,190988388,nan,nan,nan
8/23/2026 22:05:36,1.17.3,StopSig,2,3.80,nan,1,NoPoke_Regular_(incorrect),Left,423,530,252,190992554,nan,nan,nan
8/23/2026 22:06:19,1.17.3,StopSig,2,3.80,nan,1,>Left_Regular_trial,Left,424,530,252,191035387,nan,nan,nan
8/23/2026 22:06:21,1.17.3,StopSig,2,3.80,nan,1,Right_Regular_(correct),Left,424,531,252,191037617,nan,nan,nan
8/23/2026 22:06:22,1.17.3,StopSig,2,3.79,1,1,Pellet,Left,424,531,253,191037617,0.47,1277,nan
8/23/2026 22:07:17,1.17.3,StopSig,2,3.80,nan,1,Right_no_left,Left,424,532,253,191037617,nan,nan,nan
8/23/2026 22:07:25,1.17.3,StopSig,2,3.80,nan,1,>Left_Regular_trial,Left,425,532,253,191101462,nan,nan,nan
8/23/2026 22:07:29,1.17.3,StopSig,2,3.80,nan,1,NoPoke_Regular_(incorrect),Left,425,532,253,191105477,nan,nan,nan
8/23/2026 22:09:20,1.17.3,StopSig,2,3.80,nan,1,>Left_Regular_trial,Left,426,532,253,191216682,nan,nan,nan
8/23/2026 22:09:24,1.17.3,StopSig,2,3.79,nan,1,NoPoke_Regular_(incorrect),Left,426,532,253,191220551,nan,nan,nan
8/23/2026 22:12:32,1.17.3,StopSig,2,3.80,nan,1,>Left_Regular_trial,Left,427,532,253,191408747,nan,nan,nan
8/23/2026 22:12:36,1.17.3,StopSig,2,3.80,nan,1,NoPoke_Regular_(incorrect),Left,427,532,253,191412461,nan,nan,nan
8/23/2026 22:57:01,1.17.3,StopSig,2,3.79,nan,1,>Left_Regular_trial,Left,428,532,253,194077728,nan,nan,nan
8/23/2026 22:57:03,1.17.3,StopSig,2,3.80,nan,1,Right_Regular_(correct),Left,428,533,253,194080107,nan,nan,nan
8/23/2026 22:57:04,1.17.3,StopSig,2,3.79,1,1,Pellet,Left,428,533,254,194080107,0.12,3042,nan
8/23/2026 22:57:21,1.17.3,StopSig,2,3.79,nan,1,>Left_Regular_trial,Left,429,533,254,194097259,nan,nan,nan
8/23/2026 22:57:24,1.17.3,StopSig,2,3.80,nan,1,NoPoke_Regular_(incorrect),Left,429,533,254,194100678,nan,nan,nan
8/23/2026 22:58:00,1.17.3,StopSig,2,3.79,nan,1,>Left_Regular_trial,Left,430,533,254,194136357,nan,nan,nan
8/23/2026 22:58:01,1.17.3,StopSig,2,3.79,nan,1,Right_Regular_(correct),Left,430,534,254,194137693,nan,nan,nan
8/23/2026 22:58:02,1.17.3,StopSig,2,3.79,1,1,Pellet,Left,430,534,255,194137693,0.17,58,nan
8/23/2026 22:58:17,1.17.3,StopSig,2,3.79,nan,1,Right_no_left,Left,430,535,255,194137693,nan,nan,nan
8/23/2026 22:58:20,1.17.3,StopSig,2,3.79,nan,1,>Left_Regular_trial,Left,431,535,255,194156892,nan,nan,nan
8/23/2026 22:58:24,1.17.3,StopSig,2,3.79,nan,1,NoPoke_Regular_(incorrect),Left,431,535,255,194160610,nan,nan,nan
8/23/2026 22:58:59,1.17.3,StopSig,2,3.79,nan,1,Right_no_left,Left,431,536,255,194160610,nan,nan,nan
8/23/2026 22:59:01,1.17.3,StopSig,2,3.79,nan,1,>Left_Regular_trial,Left,432,536,255,194197330,nan,nan,nan
8/23/2026 22:59:03,1.17.3,StopSig,2,3.79,nan,1,Right_Regular_(correct),Left,432,537,255,194199412,nan,nan,nan
8/23/2026 22:59:03,1.17.3,StopSig,2,3.79,1,1,Pellet,Left,432,537,256,194199412,0.17,61,nan
8/23/2026 22:59:15,1.17.3,StopSig,2,3.79,nan,1,>Left_Regular_trial,Left,433,537,256,194211621,nan,nan,nan
8/23/2026 22:59:19,1.17.3,StopSig,2,3.79,nan,1,NoPoke_Regular_(incorrect),Left,433,537,256,194215637,nan,nan,nan
8/23/2026 22:59:50,1.17.3,StopSig,2,3.78,nan,1,>Left_Regular_trial,Left,434,537,256,194247152,nan,nan,nan
8/23/2026 22:59:54,1.17.3,StopSig,2,3.79,nan,1,NoPoke_Regular_(incorrect),Left,434,537,256,194250571,nan,nan,nan
8/23/2026 23:00:41,1.17.3,StopSig,2,3.79,nan,1,Right_no_left,Left,434,538,256,194250571,nan,nan,nan
8/23/2026 23:00:42,1.17.3,StopSig,2,3.79,nan,1,>Left_Regular_trial,Left,435,538,256,194299195,nan,nan,nan
8/23/2026 23:00:46,1.17.3,StopSig,2,3.79,nan,1,NoPoke_Regular_(incorrect),Left,435,538,256,194302618,nan,nan,nan
8/23/2026 23:01:25,1.17.3,StopSig,2,3.79,nan,1,Right_no_left,Left,435,539,256,194302618,nan,nan,nan
8/23/2026 23:01:41,1.17.3,StopSig,2,3.79,nan,1,Right_no_left,Left,435,540,256,194341721,nan,nan,nan
8/23/2026 23:01:49,1.17.3,StopSig,2,3.79,nan,1,>Left_Regular_trial,Left,436,540,256,194365527,nan,nan,nan
8/23/2026 23:01:53,1.17.3,StopSig,2,3.79,nan,1,NoPoke_Regular_(incorrect),Left,436,540,256,194369690,nan,nan,nan
8/23/2026 23:05:36,1.17.3,StopSig,2,3.79,nan,1,Right_no_left,Left,436,541,256,194369690,nan,nan,nan
8/23/2026 23:05:44,1.17.3,StopSig,2,3.79,nan,1,>Left_Regular_trial,Left,437,541,256,194601039,nan,nan,nan
8/23/2026 23:05:48,1.17.3,StopSig,2,3.79,nan,1,NoPoke_Regular_(incorrect),Left,437,541,256,194604605,nan,nan,nan
8/23/2026 23:06:27,1.17.3,StopSig,2,3.79,nan,1,>Left_Regular_trial,Left,438,541,256,194643405,nan,nan,nan
8/23/2026 23:06:27,1.17.3,StopSig,2,3.79,nan,1,Right_Regular_(correct),Left,438,542,256,194644294,nan,nan,nan
8/23/2026 23:06:28,1.17.3,StopSig,2,3.79,nan,1,RightDuringDispense,Left,438,543,256,194644294,nan,nan,0.04
8/23/2026 23:06:44,1.17.3,StopSig,2,3.79,6,1,Pellet,Left,438,543,257,194644294,7.01,461,nan
8/23/2026 23:07:13,1.17.3,StopSig,2,3.79,nan,1,>Left_Regular_trial,Left,439,543,257,194690114,nan,nan,nan
8/23/2026 23:07:17,1.17.3,StopSig,2,3.79,nan,1,Right_Regular_(correct),Left,439,544,257,194693680,nan,nan,nan
8/23/2026 23:07:28,1.17.3,StopSig,2,3.79,4,1,Pellet,Left,439,544,258,194693680,4.25,44,nan
8/23/2026 23:07:45,1.17.3,StopSig,2,3.78,nan,1,>Left_Regular_trial,Left,440,544,258,194721744,nan,nan,nan
8/23/2026 23:07:46,1.17.3,StopSig,2,3.79,nan,1,Right_Regular_(correct),Left,440,545,258,194722933,nan,nan,nan
8/23/2026 23:07:49,1.17.3,StopSig,2,3.78,3,1,Pellet,Left,440,545,259,194722933,0.06,21,nan
8/23/2026 23:08:01,1.17.3,StopSig,2,3.79,nan,1,>Left_Regular_trial,Left,441,545,259,194738092,nan,nan,nan
8/23/2026 23:08:03,1.17.3,StopSig,2,3.79,nan,1,Right_Regular_(correct),Left,441,546,259,194739725,nan,nan,nan
8/23/2026 23:08:04,1.17.3,StopSig,2,3.79,1,1,Pellet,Left,441,546,260,194739725,0.06,15,nan
8/23/2026 23:08:11,1.17.3,StopSig,2,3.79,nan,1,>Left_Regular_trial,Left,442,546,260,194748163,nan,nan,nan
8/23/2026 23:08:12,1.17.3,StopSig,2,3.78,nan,1,Right_Regular_(correct),Left,442,547,260,194749350,nan,nan,nan
8/23/2026 23:08:16,1.17.3,StopSig,2,3.79,3,1,Pellet,Left,442,547,261,194749350,0.65,12,nan
8/23/2026 23:08:27,1.17.3,StopSig,2,3.79,nan,1,>Left_Regular_trial,Left,443,547,261,194764036,nan,nan,nan
8/23/2026 23:08:31,1.17.3,StopSig,2,3.78,nan,1,NoPoke_Regular_(incorrect),Left,443,547,261,194767604,nan,nan,nan
8/23/2026 23:11:36,1.17.3,StopSig,2,3.80,nan,1,>Left_Regular_trial,Left,444,547,261,194952293,nan,nan,nan
8/23/2026 23:11:39,1.17.3,StopSig,2,3.79,nan,1,NoPoke_Regular_(incorrect),Left,444,547,261,194955702,nan,nan,nan
8/23/2026 23:13:55,1.17.3,StopSig,2,3.79,nan,1,>Left_Regular_trial,Left,445,547,261,195091614,nan,nan,nan
8/23/2026 23:13:59,1.17.3,StopSig,2,3.79,nan,1,NoPoke_Regular_(incorrect),Left,445,547,261,195095622,nan,nan,nan
8/23/2026 23:15:58,1.17.3,StopSig,2,3.79,nan,1,Right_no_left,Left,445,548,261,195095622,nan,nan,nan
8/23/2026 23:17:42,1.17.3,StopSig,2,3.78,nan,1,>Left_Regular_trial,Left,446,548,261,195318686,nan,nan,nan
8/23/2026 23:17:46,1.17.3,StopSig,2,3.78,nan,1,NoPoke_Regular_(incorrect),Left,446,548,261,195322696,nan,nan,nan
8/23/2026 23:26:16,1.17.3,StopSig,2,3.79,nan,1,>Left_Regular_trial,Left,447,548,261,195833263,nan,nan,nan
8/23/2026 23:26:20,1.17.3,StopSig,2,3.79,nan,1,NoPoke_Regular_(incorrect),Left,447,548,261,195836681,nan,nan,nan
8/23/2026 23:29:11,1.17.3,StopSig,2,3.79,nan,1,Right_no_left,Left,447,549,261,195836681,nan,nan,nan
8/23/2026 23:29:13,1.17.3,StopSig,2,3.79,nan,1,>Left_Regular_trial,Left,448,549,261,196010066,nan,nan,nan
8/23/2026 23:29:17,1.17.3,StopSig,2,3.78,nan,1,NoPoke_Regular_(incorrect),Left,448,549,261,196013634,nan,nan,nan
8/23/2026 23:30:53,1.17.3,StopSig,2,3.78,nan,1,>Left_Stop_trial,Left,449,549,261,196109273,nan,nan,nan
8/23/2026 23:30:56,1.17.3,StopSig,2,3.78,nan,1,NoPoke_STOP_(correct),Left,449,549,261,196112711,nan,nan,nan
8/23/2026 23:30:57,1.17.3,StopSig,2,3.79,2,1,Pellet,Left,449,549,262,196112711,0.29,1361,nan
8/23/2026 23:31:13,1.17.3,StopSig,2,3.78,nan,1,>Left_Regular_trial,Left,450,549,262,196129478,nan,nan,nan
8/23/2026 23:31:16,1.17.3,StopSig,2,3.78,nan,1,NoPoke_Regular_(incorrect),Left,450,549,262,196132748,nan,nan,nan
8/23/2026 23:32:31,1.17.3,StopSig,2,3.78,nan,1,Right_no_left,Left,450,550,262,196132748,nan,nan,nan
8/23/2026 23:32:35,1.17.3,StopSig,2,3.78,nan,1,Right_no_left,Left,450,551,262,196207730,nan,nan,nan
8/23/2026 23:32:45,1.17.3,StopSig,2,3.79,nan,1,Right_no_left,Left,450,552,262,196212344,nan,nan,nan
8/23/2026 23:32:47,1.17.3,StopSig,2,3.79,nan,1,>Left_Stop_trial,Left,451,552,262,196223355,nan,nan,nan
8/23/2026 23:32:50,1.17.3,StopSig,2,3.78,nan,1,NoPoke_STOP_(correct),Left,451,552,262,196226646,nan,nan,nan
8/23/2026 23:32:55,1.17.3,StopSig,2,3.78,3,1,Pellet,Left,451,552,263,196226646,0.65,118,nan
8/23/2026 23:33:07,1.17.3,StopSig,2,3.78,nan,1,>Left_Regular_trial,Left,452,552,263,196243813,nan,nan,nan
8/23/2026 23:33:11,1.17.3,StopSig,2,3.78,nan,1,NoPoke_Regular_(incorrect),Left,452,552,263,196247682,nan,nan,nan
8/23/2026 23:33:53,1.17.3,StopSig,2,3.78,nan,1,>Left_Regular_trial,Left,453,552,263,196289620,nan,nan,nan
8/23/2026 23:33:53,1.17.3,StopSig,2,3.79,nan,1,Right_Regular_(correct),Left,453,553,263,196290212,nan,nan,nan
8/23/2026 23:33:54,1.17.3,StopSig,2,3.78,1,1,Pellet,Left,453,553,264,196290212,0.17,59,nan
8/23/2026 23:34:04,1.17.3,StopSig,2,3.78,nan,1,>Left_Stop_trial,Left,454,553,264,196300498,nan,nan,nan
8/23/2026 23:34:08,1.17.3,StopSig,2,3.78,nan,1,NoPoke_STOP_(correct),Left,454,553,264,196304681,nan,nan,nan
8/23/2026 23:34:09,1.17.3,StopSig,2,3.78,1,1,Pellet,Left,454,553,265,196304681,0.23,15,nan
8/23/2026 23:34:29,1.17.3,StopSig,2,3.78,nan,1,Right_no_left,Left,454,554,265,196304681,nan,nan,nan
8/23/2026 23:34:29,1.17.3,StopSig,2,3.79,nan,1,Right_no_left,Left,454,555,265,196325993,nan,nan,nan
8/23/2026 23:34:48,1.17.3,StopSig,2,3.79,nan,1,Right_no_left,Left,454,556,265,196326289,nan,nan,nan
8/23/2026 23:34:51,1.17.3,StopSig,2,3.78,nan,1,>Left_Regular_trial,Left,455,556,265,196348168,nan,nan,nan
8/23/2026 23:34:52,1.17.3,StopSig,2,3.78,nan,1,Right_Regular_(correct),Left,455,557,265,196349207,nan,nan,nan
8/23/2026 23:34:53,1.17.3,StopSig,2,3.79,1,1,Pellet,Left,455,557,266,196349207,0.17,44,nan
8/23/2026 23:35:04,1.17.3,StopSig,2,3.79,nan,1,>Left_Stop_trial,Left,456,557,266,196360113,nan,nan,nan
8/23/2026 23:35:07,1.17.3,StopSig,2,3.79,nan,1,NoPoke_STOP_(correct),Left,456,557,266,196363707,nan,nan,nan
8/23/2026 23:35:10,1.17.3,StopSig,2,3.79,2,1,Pellet,Left,456,557,267,196363707,0.77,17,nan
8/23/2026 23:35:20,1.17.3,StopSig,2,3.78,nan,1,Right_no_left,Left,456,558,267,196363707,nan,nan,nan
8/23/2026 23:35:21,1.17.3,StopSig,2,3.78,nan,1,Right_no_left,Left,456,559,267,196377477,nan,nan,nan
8/23/2026 23:35:21,1.17.3,StopSig,2,3.79,nan,1,Right_no_left,Left,456,560,267,196377771,nan,nan,nan
8/23/2026 23:35:27,1.17.3,StopSig,2,3.78,nan,1,>Left_Regular_trial,Left,457,560,267,196383728,nan,nan,nan
8/23/2026 23:35:28,1.17.3,StopSig,2,3.79,nan,1,Right_Regular_(correct),Left,457,561,267,196385063,nan,nan,nan
8/23/2026 23:35:31,1.17.3,StopSig,2,3.78,3,1,Pellet,Left,457,561,268,196385063,0.06,21,nan
8/23/2026 23:35:42,1.17.3,StopSig,2,3.78,nan,1,>Left_Stop_trial,Left,458,561,268,196398724,nan,nan,nan
8/23/2026 23:35:46,1.17.3,StopSig,2,3.79,nan,1,NoPoke_STOP_(correct),Left,458,561,268,196402762,nan,nan,nan
8/23/2026 23:35:49,1.17.3,StopSig,2,3.78,2,1,Pellet,Left,458,561,269,196402762,0.17,18,nan
8/23/2026 23:36:01,1.17.3,StopSig,2,3.79,nan,1,Right_no_left,Left,458,562,269,196402762,nan,nan,nan
8/23/2026 23:36:12,1.17.3,StopSig,2,3.78,nan,1,Right_no_left,Left,458,563,269,196418463,nan,nan,nan
8/23/2026 23:36:16,1.17.3,StopSig,2,3.78,nan,1,Right_no_left,Left,458,564,269,196428893,nan,nan,nan
8/23/2026 23:36:18,1.17.3,StopSig,2,3.78,nan,1,>Left_Regular_trial,Left,459,564,269,196434403,nan,nan,nan
8/23/2026 23:36:19,1.17.3,StopSig,2,3.78,nan,1,Right_Regular_(correct),Left,459,565,269,196436189,nan,nan,nan
8/23/2026 23:36:20,1.17.3,StopSig,2,3.78,nan,1,RightDuringDispense,Left,459,566,269,196436189,nan,nan,0.04
8/23/2026 23:36:20,1.17.3,StopSig,2,3.78,1,1,Pellet,Left,459,566,270,196436189,0.12,31,nan
8/23/2026 23:36:30,1.17.3,StopSig,2,3.78,nan,1,>Left_Stop_trial,Left,460,566,270,196446801,nan,nan,nan
8/23/2026 23:36:34,1.17.3,StopSig,2,3.78,nan,1,NoPoke_STOP_(correct),Left,460,566,270,196450690,nan,nan,nan
8/23/2026 23:36:35,1.17.3,StopSig,2,3.78,1,1,Pellet,Left,460,566,271,196450690,0.41,15,nan
8/23/2026 23:36:46,1.17.3,StopSig,2,3.79,nan,1,Right_no_left,Left,460,567,271,196450690,nan,nan,nan
8/23/2026 23:36:51,1.17.3,StopSig,2,3.79,nan,1,>Left_Regular_trial,Left,461,567,271,196468166,nan,nan,nan
8/23/2026 23:36:52,1.17.3,StopSig,2,3.79,nan,1,Right_Regular_(correct),Left,461,568,271,196469202,nan,nan,nan
8/23/2026 23:36:55,1.17.3,StopSig,2,3.79,3,1,Pellet,Left,461,568,272,196469202,0.06,20,nan
8/23/2026 23:37:03,1.17.3,StopSig,2,3.78,nan,1,>Left_Regular_trial,Left,462,568,272,196479795,nan,nan,nan
8/23/2026 23:37:04,1.17.3,StopSig,2,3.78,nan,1,Right_Regular_(correct),Left,462,569,272,196481429,nan,nan,nan
8/23/2026 23:37:10,1.17.3,StopSig,2,3.79,4,1,Pellet,Left,462,569,273,196481429,0.06,15,nan
8/23/2026 23:37:18,1.17.3,StopSig,2,3.79,nan,1,Right_no_left,Left,462,570,273,196481429,nan,nan,nan
8/23/2026 23:55:23,1.17.3,StopSig,2,3.78,nan,1,Right_no_left,Left,462,571,273,196495581,nan,nan,nan
8/24/2026 0:04:00,1.17.3,StopSig,2,3.78,nan,1,>Left_Regular_trial,Left,463,571,273,198097108,nan,nan,nan
8/24/2026 0:04:04,1.17.3,StopSig,2,3.78,nan,1,NoPoke_Regular_(incorrect),Left,463,571,273,198100819,nan,nan,nan
8/24/2026 0:05:57,1.17.3,StopSig,2,3.78,nan,1,>Left_Stop_trial,Left,464,571,273,198214084,nan,nan,nan
8/24/2026 0:06:01,1.17.3,StopSig,2,3.78,nan,1,NoPoke_STOP_(correct),Left,464,571,273,198217817,nan,nan,nan
8/24/2026 0:06:02,1.17.3,StopSig,2,3.78,2,1,Pellet,Left,464,571,274,198217817,0.29,1732,nan
8/24/2026 0:06:29,1.17.3,StopSig,2,3.79,nan,1,>Left_Regular_trial,Left,465,571,274,198245402,nan,nan,nan
8/24/2026 0:06:32,1.17.3,StopSig,2,3.79,nan,1,NoPoke_Regular_(incorrect),Left,465,571,274,198248817,nan,nan,nan
8/24/2026 0:13:35,1.17.3,StopSig,2,3.78,nan,1,Right_no_left,Left,465,572,274,198248817,nan,nan,nan
8/24/2026 0:13:51,1.17.3,StopSig,2,3.78,nan,1,>Left_Regular_trial,Left,466,572,274,198688073,nan,nan,nan
8/24/2026 0:13:55,1.17.3,StopSig,2,3.78,nan,1,NoPoke_Regular_(incorrect),Left,466,572,274,198691785,nan,nan,nan
8/24/2026 0:16:05,1.17.3,StopSig,2,3.78,nan,1,Right_no_left,Left,466,573,274,198691785,nan,nan,nan
8/24/2026 0:16:07,1.17.3,StopSig,2,3.78,nan,1,>Left_Regular_trial,Left,467,573,274,198823478,nan,nan,nan
8/24/2026 0:16:08,1.17.3,StopSig,2,3.78,nan,1,Right_Regular_(correct),Left,467,574,274,198825406,nan,nan,nan
8/24/2026 0:16:10,1.17.3,StopSig,2,3.78,2,1,Pellet,Left,467,574,275,198825406,0.17,608,nan
8/24/2026 0:16:23,1.17.3,StopSig,2,3.78,nan,1,>Left_Stop_trial,Left,468,574,275,198839842,nan,nan,nan
8/24/2026 0:16:27,1.17.3,StopSig,2,3.78,nan,1,NoPoke_STOP_(correct),Left,468,574,275,198843876,nan,nan,nan
8/24/2026 0:16:28,1.17.3,StopSig,2,3.78,1,1,Pellet,Left,468,574,276,198843876,0.35,18,nan
8/24/2026 0:28:05,1.17.3,StopSig,2,3.78,nan,1,>Left_Regular_trial,Left,469,574,276,199542327,nan,nan,nan
8/24/2026 0:28:09,1.17.3,StopSig,2,3.78,nan,1,NoPoke_Regular_(incorrect),Left,469,574,276,199545895,nan,nan,nan
8/24/2026 0:29:09,1.17.3,StopSig,2,3.78,nan,1,>Left_Regular_trial,Left,470,574,276,199605829,nan,nan,nan
8/24/2026 0:29:13,1.17.3,StopSig,2,3.78,nan,1,NoPoke_Regular_(incorrect),Left,470,574,276,199609843,nan,nan,nan
8/24/2026 0:33:22,1.17.3,StopSig,2,3.78,nan,1,Right_no_left,Left,470,575,276,199609843,nan,nan,nan
8/24/2026 0:33:30,1.17.3,StopSig,2,3.78,nan,1,>Left_Regular_trial,Left,471,575,276,199866840,nan,nan,nan
8/24/2026 0:33:34,1.17.3,StopSig,2,3.78,nan,1,NoPoke_Regular_(incorrect),Left,471,575,276,199870848,nan,nan,nan
8/24/2026 0:37:34,1.17.3,StopSig,2,3.78,nan,1,>Left_Stop_trial,Left,472,575,276,200110827,nan,nan,nan
8/24/2026 0:37:38,1.17.3,StopSig,2,3.78,nan,1,NoPoke_STOP_(correct),Left,472,575,276,200114865,nan,nan,nan
8/24/2026 0:37:43,1.17.3,StopSig,2,3.78,3,1,Pellet,Left,472,575,277,200114865,0.65,1275,nan
8/24/2026 0:38:08,1.17.3,StopSig,2,3.78,nan,1,Right_no_left,Left,472,576,277,200114865,nan,nan,nan
8/24/2026 0:38:10,1.17.3,StopSig,2,3.78,nan,1,>Left_Regular_trial,Left,473,576,277,200146682,nan,nan,nan
8/24/2026 0:38:14,1.17.3,StopSig,2,3.78,nan,1,NoPoke_Regular_(incorrect),Left,473,576,277,200150842,nan,nan,nan
8/24/2026 1:07:53,1.17.3,StopSig,2,3.78,nan,1,>Left_Regular_trial,Left,474,576,277,201930213,nan,nan,nan
8/24/2026 1:07:57,1.17.3,StopSig,2,3.78,nan,1,NoPoke_Regular_(incorrect),Left,474,576,277,201933920,nan,nan,nan
8/24/2026 1:09:08,1.17.3,StopSig,2,3.78,nan,1,>Left_Regular_trial,Left,475,576,277,202005384,nan,nan,nan
8/24/2026 1:09:09,1.17.3,StopSig,2,3.78,nan,1,Right_Regular_(correct),Left,475,577,277,202006569,nan,nan,nan
8/24/2026 1:09:13,1.17.3,StopSig,2,3.78,3,1,Pellet,Left,475,577,278,202006569,0.59,1890,nan
8/24/2026 1:09:30,1.17.3,StopSig,2,3.78,nan,1,Right_no_left,Left,475,578,278,202006569,nan,nan,nan
8/24/2026 1:09:32,1.17.3,StopSig,2,3.78,nan,1,Right_no_left,Left,475,579,278,202027001,nan,nan,nan
8/24/2026 1:09:37,1.17.3,StopSig,2,3.78,nan,1,>Left_Stop_trial,Left,476,579,278,202034132,nan,nan,nan
8/24/2026 1:09:41,1.17.3,StopSig,2,3.78,nan,1,NoPoke_STOP_(correct),Left,476,579,278,202038015,nan,nan,nan
8/24/2026 1:09:42,1.17.3,StopSig,2,3.78,1,1,Pellet,Left,476,579,279,202038015,0.47,29,nan
8/24/2026 1:09:54,1.17.3,StopSig,2,3.78,nan,1,Right_no_left,Left,476,580,279,202038015,nan,nan,nan
8/24/2026 1:09:55,1.17.3,StopSig,2,3.78,nan,1,Right_no_left,Left,476,581,279,202051706,nan,nan,nan
8/24/2026 1:09:57,1.17.3,StopSig,2,3.78,nan,1,>Left_Regular_trial,Left,477,581,279,202054229,nan,nan,nan
8/24/2026 1:09:59,1.17.3,StopSig,2,3.77,nan,1,Right_Regular_(correct),Left,477,582,279,202055859,nan,nan,nan
8/24/2026 1:10:08,1.17.3,StopSig,2,3.78,3,1,Pellet,Left,477,582,280,202055859,4.97,26,nan
8/24/2026 1:10:29,1.17.3,StopSig,2,3.78,nan,1,Right_no_left,Left,477,583,280,202055859,nan,nan,nan
8/24/2026 1:10:33,1.17.3,StopSig,2,3.78,nan,1,>Left_Stop_trial,Left,478,583,280,202089248,nan,nan,nan
8/24/2026 1:10:36,1.17.3,StopSig,2,3.78,nan,1,NoPoke_STOP_(correct),Left,478,583,280,202092983,nan,nan,nan
8/24/2026 1:10:37,1.17.3,StopSig,2,3.78,1,1,Pellet,Left,478,583,281,202092983,0.47,29,nan
8/24/2026 1:18:38,1.17.3,StopSig,2,3.78,nan,1,Right_no_left,Left,478,584,281,202092983,nan,nan,nan
8/24/2026 1:18:39,1.17.3,StopSig,2,3.78,nan,1,>Left_Regular_trial,Left,479,584,281,202576068,nan,nan,nan
8/24/2026 1:18:43,1.17.3,StopSig,2,3.78,nan,1,NoPoke_Regular_(incorrect),Left,479,584,281,202579927,nan,nan,nan
8/24/2026 3:01:03,1.17.3,StopSig,2,3.76,nan,1,>Left_Stop_trial,Left,480,584,281,208719605,nan,nan,nan
8/24/2026 3:01:06,1.17.3,StopSig,2,3.77,nan,1,NoPoke_STOP_(correct),Left,480,584,281,208723191,nan,nan,nan
8/24/2026 3:01:10,1.17.3,StopSig,2,3.77,3,1,Pellet,Left,480,584,282,208723191,1.13,6633,nan
8/24/2026 3:01:48,1.17.3,StopSig,2,3.77,nan,1,Right_no_left,Left,480,585,282,208723191,nan,nan,nan
8/24/2026 3:01:50,1.17.3,StopSig,2,3.77,nan,1,>Left_Regular_trial,Left,481,585,282,208767445,nan,nan,nan
8/24/2026 3:01:54,1.17.3,StopSig,2,3.76,nan,1,NoPoke_Regular_(incorrect),Left,481,585,282,208771161,nan,nan,nan
8/24/2026 3:03:34,1.17.3,StopSig,2,3.76,nan,1,Right_no_left,Left,481,586,282,208771161,nan,nan,nan
8/24/2026 3:04:30,1.17.3,StopSig,2,3.76,nan,1,>Left_Regular_trial,Left,482,586,282,208926849,nan,nan,nan
8/24/2026 3:04:33,1.17.3,StopSig,2,3.76,nan,1,NoPoke_Regular_(incorrect),Left,482,586,282,208930272,nan,nan,nan
8/24/2026 3:05:20,1.17.3,StopSig,2,3.77,nan,1,>Left_Regular_trial,Left,483,586,282,208977584,nan,nan,nan
8/24/2026 3:05:24,1.17.3,StopSig,2,3.77,nan,1,NoPoke_Regular_(incorrect),Left,483,586,282,208981306,nan,nan,nan
8/24/2026 3:05:56,1.17.3,StopSig,2,3.76,nan,1,>Left_Regular_trial,Left,484,586,282,209013564,nan,nan,nan
8/24/2026 3:06:00,1.17.3,StopSig,2,3.77,nan,1,NoPoke_Regular_(incorrect),Left,484,586,282,209017288,nan,nan,nan
8/24/2026 3:06:34,1.17.3,StopSig,2,3.76,nan,1,Right_no_left,Left,484,587,282,209017288,nan,nan,nan
8/24/2026 3:06:36,1.17.3,StopSig,2,3.76,nan,1,>Left_Regular_trial,Left,485,587,282,209053267,nan,nan,nan
8/24/2026 3:06:38,1.17.3,StopSig,2,3.77,nan,1,Right_Regular_(correct),Left,485,588,282,209055497,nan,nan,nan
8/24/2026 3:06:39,1.17.3,StopSig,2,3.76,2,1,Pellet,Left,485,588,283,209055497,0.06,329,nan
8/24/2026 3:06:51,1.17.3,StopSig,2,3.76,nan,1,Right_no_left,Left,485,589,283,209055497,nan,nan,nan
8/24/2026 3:07:04,1.17.3,StopSig,2,3.77,nan,1,Right_no_left,Left,485,590,283,209068708,nan,nan,nan
8/24/2026 3:07:10,1.17.3,StopSig,2,3.77,nan,1,>Left_Regular_trial,Left,486,590,283,209087475,nan,nan,nan
8/24/2026 3:07:11,1.17.3,StopSig,2,3.77,nan,1,Right_Regular_(correct),Left,486,591,283,209088811,nan,nan,nan
8/24/2026 3:07:12,1.17.3,StopSig,2,3.77,2,1,Pellet,Left,486,591,284,209088811,0.06,33,nan
8/24/2026 3:07:23,1.17.3,StopSig,2,3.76,nan,1,>Left_Stop_trial,Left,487,591,284,209100340,nan,nan,nan
8/24/2026 3:07:27,1.17.3,StopSig,2,3.76,nan,1,NoPoke_STOP_(correct),Left,487,591,284,209104223,nan,nan,nan
8/24/2026 3:07:28,1.17.3,StopSig,2,3.77,2,1,Pellet,Left,487,591,285,209104223,0.23,16,nan
8/24/2026 3:07:40,1.17.3,StopSig,2,3.77,nan,1,Right_no_left,Left,487,592,285,209104223,nan,nan,nan
8/24/2026 3:07:42,1.17.3,StopSig,2,3.76,nan,1,>Left_Regular_trial,Left,488,592,285,209119173,nan,nan,nan
8/24/2026 3:07:45,1.17.3,StopSig,2,3.76,nan,1,Right_Regular_(correct),Left,488,593,285,209122002,nan,nan,nan
8/24/2026 3:08:00,1.17.3,StopSig,2,3.76,5,1,Pellet,Left,488,593,286,209122002,8.09,32,nan
8/24/2026 3:08:16,1.17.3,StopSig,2,3.76,nan,1,>Left_Stop_trial,Left,489,593,286,209153295,nan,nan,nan
8/24/2026 3:08:20,1.17.3,StopSig,2,3.77,nan,1,NoPoke_STOP_(correct),Left,489,593,286,209157187,nan,nan,nan
8/24/2026 3:08:25,1.17.3,StopSig,2,3.76,3,1,Pellet,Left,489,593,287,209157187,0.23,25,nan
8/24/2026 3:08:37,1.17.3,StopSig,2,3.77,nan,1,>Left_Regular_trial,Left,490,593,287,209174337,nan,nan,nan
8/24/2026 3:08:38,1.17.3,StopSig,2,3.76,nan,1,Right_Regular_(correct),Left,490,594,287,209175375,nan,nan,nan
8/24/2026 3:08:46,1.17.3,StopSig,2,3.76,4,1,Pellet,Left,490,594,288,209175375,1.13,21,nan
8/24/2026 3:09:03,1.17.3,StopSig,2,3.77,nan,1,Right_no_left,Left,490,595,288,209175375,nan,nan,nan
8/24/2026 3:09:07,1.17.3,StopSig,2,3.76,nan,1,>Left_Regular_trial,Left,491,595,288,209204437,nan,nan,nan
8/24/2026 3:09:08,1.17.3,StopSig,2,3.76,nan,1,Right_Regular_(correct),Left,491,596,288,209205627,nan,nan,nan
8/24/2026 3:09:17,1.17.3,StopSig,2,3.77,3,1,Pellet,Left,491,596,289,209205627,4.01,31,nan
8/24/2026 3:09:34,1.17.3,StopSig,2,3.76,nan,1,>Left_Regular_trial,Left,492,596,289,209231506,nan,nan,nan
8/24/2026 3:09:38,1.17.3,StopSig,2,3.76,nan,1,NoPoke_Regular_(incorrect),Left,492,596,289,209235227,nan,nan,nan
8/24/2026 3:15:43,1.17.3,StopSig,2,3.76,nan,1,>Left_Stop_trial,Left,493,596,289,209600402,nan,nan,nan
8/24/2026 3:15:47,1.17.3,StopSig,2,3.77,nan,1,NoPoke_STOP_(correct),Left,493,596,289,209604292,nan,nan,nan
8/24/2026 3:15:51,1.17.3,StopSig,2,3.76,2,1,Pellet,Left,493,596,290,209604292,0.89,393,nan
8/24/2026 3:23:26,1.17.3,StopSig,2,3.76,nan,1,>Left_Stop_trial,Left,494,596,290,210063473,nan,nan,nan
8/24/2026 3:23:30,1.17.3,StopSig,2,3.76,nan,1,NoPoke_STOP_(correct),Left,494,596,290,210067212,nan,nan,nan
8/24/2026 3:23:31,1.17.3,StopSig,2,3.76,1,1,Pellet,Left,494,596,291,210067212,0.83,461,nan
8/24/2026 3:24:04,1.17.3,StopSig,2,3.76,nan,1,>Left_Regular_trial,Left,495,596,291,210101117,nan,nan,nan
8/24/2026 3:24:04,1.17.3,StopSig,2,3.76,nan,1,Right_Regular_(correct),Left,495,597,291,210102006,nan,nan,nan
8/24/2026 3:24:08,1.17.3,StopSig,2,3.76,3,1,Pellet,Left,495,597,292,210102006,0.06,37,nan
8/24/2026 3:24:19,1.17.3,StopSig,2,3.76,nan,1,Right_no_left,Left,495,598,292,210102006,nan,nan,nan
8/24/2026 3:24:21,1.17.3,StopSig,2,3.77,nan,1,>Left_Stop_trial,Left,496,598,292,210117972,nan,nan,nan
8/24/2026 3:24:24,1.17.3,StopSig,2,3.76,nan,1,NoPoke_STOP_(correct),Left,496,598,292,210121267,nan,nan,nan
8/24/2026 3:24:25,1.17.3,StopSig,2,3.76,2,1,Pellet,Left,496,598,293,210121267,0.47,17,nan
8/24/2026 3:24:37,1.17.3,StopSig,2,3.76,nan,1,Right_no_left,Left,496,599,293,210121267,nan,nan,nan
8/24/2026 3:24:37,1.17.3,StopSig,2,3.76,nan,1,Right_no_left,Left,496,600,293,210134238,nan,nan,nan
8/24/2026 3:24:42,1.17.3,StopSig,2,3.76,nan,1,>Left_Regular_trial,Left,497,600,293,210139147,nan,nan,nan
8/24/2026 3:24:43,1.17.3,StopSig,2,3.76,nan,1,Right_Regular_(correct),Left,497,601,293,210140336,nan,nan,nan
8/24/2026 3:24:46,1.17.3,StopSig,2,3.76,3,1,Pellet,Left,497,601,294,210140336,0.06,21,nan
8/24/2026 3:24:56,1.17.3,StopSig,2,3.76,nan,1,>Left_Stop_trial,Left,498,601,294,210153357,nan,nan,nan
8/24/2026 3:25:00,1.17.3,StopSig,2,3.76,nan,1,NoPoke_STOP_(correct),Left,498,601,294,210157242,nan,nan,nan
8/24/2026 3:25:01,1.17.3,StopSig,2,3.76,2,1,Pellet,Left,498,601,295,210157242,0.41,15,nan
8/24/2026 3:25:14,1.17.3,StopSig,2,3.76,nan,1,Right_no_left,Left,498,602,295,210157242,nan,nan,nan
8/24/2026 3:25:16,1.17.3,StopSig,2,3.76,nan,1,>Left_Stop_trial,Left,499,602,295,210172784,nan,nan,nan
8/24/2026 3:25:19,1.17.3,StopSig,2,3.76,nan,1,NoPoke_STOP_(correct),Left,499,602,295,210176226,nan,nan,nan
8/24/2026 3:25:20,1.17.3,StopSig,2,3.76,1,1,Pellet,Left,499,602,296,210176226,0.29,19,nan
8/24/2026 3:25:31,1.17.3,StopSig,2,3.76,nan,1,Right_no_left,Left,499,603,296,210176226,nan,nan,nan
8/24/2026 3:25:32,1.17.3,StopSig,2,3.76,nan,1,>Left_Stop_trial,Left,500,603,296,210189534,nan,nan,nan
8/24/2026 3:25:36,1.17.3,StopSig,2,3.76,nan,1,NoPoke_STOP_(correct),Left,500,603,296,210193275,nan,nan,nan
8/24/2026 3:25:44,1.17.3,StopSig,2,3.76,3,1,Pellet,Left,500,603,297,210193275,3.47,24,nan
8/24/2026 5:10:04,1.17.3,StopSig,2,3.76,nan,1,>Left_Stop_trial,Left,501,603,297,216461728,nan,nan,nan
8/24/2026 5:10:08,1.17.3,StopSig,2,3.76,nan,1,NoPoke_STOP_(correct),Left,501,603,297,216465611,nan,nan,nan
8/24/2026 5:10:12,1.17.3,StopSig,2,3.76,2,1,Pellet,Left,501,603,298,216465611,1.25,6268,nan
8/24/2026 5:11:28,1.17.3,StopSig,2,3.75,nan,1,>Left_Regular_trial,Left,502,603,298,216545942,nan,nan,nan
8/24/2026 5:11:32,1.17.3,StopSig,2,3.75,nan,1,Right_Regular_(correct),Left,502,604,298,216549360,nan,nan,nan
8/24/2026 5:11:42,1.17.3,StopSig,2,3.75,6,1,Pellet,Left,502,604,299,216549360,0.77,90,nan
8/24/2026 5:15:04,1.17.3,StopSig,2,3.76,nan,1,>Left_Stop_trial,Left,503,604,299,216761819,nan,nan,nan
8/24/2026 5:15:08,1.17.3,StopSig,2,3.75,nan,1,NoPoke_STOP_(correct),Left,503,604,299,216765556,nan,nan,nan
8/24/2026 5:15:09,1.17.3,StopSig,2,3.75,1,1,Pellet,Left,503,604,300,216765556,0.41,207,nan
8/24/2026 5:16:04,1.17.3,StopSig,2,3.76,nan,1,>Left_Regular_trial,Left,504,604,300,216821844,nan,nan,nan
8/24/2026 5:16:05,1.17.3,StopSig,2,3.76,nan,1,Right_Regular_(correct),Left,504,605,300,216822733,nan,nan,nan
8/24/2026 5:16:06,1.17.3,StopSig,2,3.75,nan,1,RightDuringDispense,Left,504,606,300,216822733,nan,nan,0.79
8/24/2026 5:16:07,1.17.3,StopSig,2,3.75,2,1,Pellet,Left,504,606,301,216822733,0.41,58,nan
8/24/2026 5:16:20,1.17.3,StopSig,2,3.76,nan,1,Right_no_left,Left,504,607,301,216822733,nan,nan,nan
8/24/2026 5:16:27,1.17.3,StopSig,2,3.76,nan,1,Right_no_left,Left,504,608,301,216837555,nan,nan,nan
8/24/2026 5:31:54,1.17.3,StopSig,2,3.75,nan,1,>Left_Regular_trial,Left,505,608,301,217771814,nan,nan,nan
8/24/2026 5:31:58,1.17.3,StopSig,2,3.75,nan,1,Right_Regular_(correct),Left,505,609,301,217775530,nan,nan,nan
8/24/2026 5:31:58,1.17.3,StopSig,2,3.75,nan,1,RightDuringDispense,Left,505,610,301,217775530,nan,nan,0.04
8/24/2026 5:31:59,1.17.3,StopSig,2,3.75,2,1,Pellet,Left,505,610,302,217775530,0.12,952,nan
8/24/2026 5:32:10,1.17.3,StopSig,2,3.75,nan,1,Right_no_left,Left,505,611,302,217775530,nan,nan,nan
8/24/2026 5:32:12,1.17.3,StopSig,2,3.75,nan,1,>Left_Regular_trial,Left,506,611,302,217789508,nan,nan,nan
8/24/2026 5:32:13,1.17.3,StopSig,2,3.75,nan,1,Right_Regular_(correct),Left,506,612,302,217790545,nan,nan,nan
8/24/2026 5:32:13,1.17.3,StopSig,2,3.75,1,1,Pellet,Left,506,612,303,217790545,0.06,14,nan
8/24/2026 5:32:22,1.17.3,StopSig,2,3.75,nan,1,>Left_Regular_trial,Left,507,612,303,217799889,nan,nan,nan
8/24/2026 5:32:23,1.17.3,StopSig,2,3.76,nan,1,Right_Regular_(correct),Left,507,613,303,217800629,nan,nan,nan
8/24/2026 5:32:23,1.17.3,StopSig,2,3.75,nan,1,RightDuringDispense,Left,507,614,303,217800629,nan,nan,0.01
8/24/2026 5:32:26,1.17.3,StopSig,2,3.74,2,1,Pellet,Left,507,614,304,217800629,0.11,13,nan
8/24/2026 5:32:36,1.17.3,StopSig,2,3.75,nan,1,>Left_Regular_trial,Left,508,614,304,217813509,nan,nan,nan
8/24/2026 5:32:39,1.17.3,StopSig,2,3.75,nan,1,Right_Regular_(correct),Left,508,615,304,217817225,nan,nan,nan
8/24/2026 5:32:43,1.17.3,StopSig,2,3.75,2,1,Pellet,Left,508,615,305,217817225,0.47,16,nan
8/24/2026 5:32:54,1.17.3,StopSig,2,3.75,nan,1,Right_no_left,Left,508,616,305,217817225,nan,nan,nan
8/24/2026 5:32:56,1.17.3,StopSig,2,3.75,nan,1,>Left_Regular_trial,Left,509,616,305,217833912,nan,nan,nan
8/24/2026 5:32:57,1.17.3,StopSig,2,3.75,nan,1,Right_Regular_(correct),Left,509,617,305,217834953,nan,nan,nan
8/24/2026 5:33:05,1.17.3,StopSig,2,3.75,3,1,Pellet,Left,509,617,306,217834953,2.93,23,nan
8/24/2026 5:33:25,1.17.3,StopSig,2,3.75,nan,1,>Left_Regular_trial,Left,510,617,306,217862482,nan,nan,nan
8/24/2026 5:33:27,1.17.3,StopSig,2,3.75,nan,1,Right_Regular_(correct),Left,510,618,306,217865006,nan,nan,nan
8/24/2026 5:33:27,1.17.3,StopSig,2,3.75,nan,1,RightDuringDispense,Left,510,619,306,217865006,nan,nan,0.00
8/24/2026 5:33:29,1.17.3,StopSig,2,3.75,2,1,Pellet,Left,510,619,307,217865006,0.17,24,nan
8/24/2026 5:33:38,1.17.3,StopSig,2,3.76,nan,1,Right_no_left,Left,510,620,307,217865006,nan,nan,nan
8/24/2026 5:33:40,1.17.3,StopSig,2,3.76,nan,1,>Left_Regular_trial,Left,511,620,307,217877375,nan,nan,nan
8/24/2026 5:33:40,1.17.3,StopSig,2,3.75,nan,1,Right_Regular_(correct),Left,511,621,307,217878114,nan,nan,nan
8/24/2026 5:33:41,1.17.3,StopSig,2,3.75,2,1,Pellet,Left,511,621,308,217878114,0.06,12,nan
8/24/2026 5:33:51,1.17.3,StopSig,2,3.76,nan,1,>Left_Regular_trial,Left,512,621,308,217888846,nan,nan,nan
8/24/2026 5:33:53,1.17.3,StopSig,2,3.75,nan,1,Right_Regular_(correct),Left,512,622,308,217890477,nan,nan,nan
8/24/2026 5:33:56,1.17.3,StopSig,2,3.76,3,1,Pellet,Left,512,622,309,217890477,0.59,15,nan
8/24/2026 5:36:18,1.17.3,StopSig,2,3.75,nan,1,>Left_Regular_trial,Left,513,622,309,218036190,nan,nan,nan
8/24/2026 5:36:22,1.17.3,StopSig,2,3.75,nan,1,NoPoke_Regular_(incorrect),Left,513,622,309,218039610,nan,nan,nan
8/24/2026 5:44:23,1.17.3,StopSig,2,3.75,nan,1,>Left_Regular_trial,Left,514,622,309,218520329,nan,nan,nan
8/24/2026 5:44:26,1.17.3,StopSig,2,3.75,nan,1,NoPoke_Regular_(incorrect),Left,514,622,309,218523596,nan,nan,nan
8/24/2026 5:51:57,1.17.3,StopSig,2,3.75,nan,1,Right_no_left,Left,514,623,309,218523596,nan,nan,nan
8/24/2026 5:52:01,1.17.3,StopSig,2,3.75,nan,1,Right_no_left,Left,514,624,309,218975037,nan,nan,nan
8/24/2026 5:52:04,1.17.3,StopSig,2,3.75,nan,1,Right_no_left,Left,514,625,309,218979049,nan,nan,nan
8/24/2026 5:52:06,1.17.3,StopSig,2,3.76,nan,1,>Left_Regular_trial,Left,515,625,309,218983362,nan,nan,nan
8/24/2026 5:52:07,1.17.3,StopSig,2,3.74,nan,1,Right_Regular_(correct),Left,515,626,309,218985144,nan,nan,nan
8/24/2026 5:52:08,1.17.3,StopSig,2,3.75,nan,1,RightDuringDispense,Left,515,627,309,218985144,nan,nan,0.22
8/24/2026 5:52:09,1.17.3,StopSig,2,3.75,2,1,Pellet,Left,515,627,310,218985144,0.41,1093,nan
8/24/2026 5:52:19,1.17.3,StopSig,2,3.75,nan,1,>Left_Stop_trial,Left,516,627,310,218996770,nan,nan,nan
8/24/2026 5:52:23,1.17.3,StopSig,2,3.75,nan,1,NoPoke_STOP_(correct),Left,516,627,310,219000656,nan,nan,nan
8/24/2026 5:52:24,1.17.3,StopSig,2,3.75,2,1,Pellet,Left,516,627,311,219000656,0.06,15,nan
8/24/2026 5:52:45,1.17.3,StopSig,2,3.75,nan,1,>Left_Stop_trial,Left,517,627,311,219022867,nan,nan,nan
8/24/2026 5:52:49,1.17.3,StopSig,2,3.75,nan,1,NoPoke_STOP_(correct),Left,517,627,311,219026597,nan,nan,nan
8/24/2026 5:52:50,1.17.3,StopSig,2,3.74,1,1,Pellet,Left,517,627,312,219026597,0.35,26,nan
8/24/2026 5:53:06,1.17.3,StopSig,2,3.75,nan,1,>Left_Regular_trial,Left,518,627,312,219043322,nan,nan,nan
8/24/2026 5:53:06,1.17.3,StopSig,2,3.74,nan,1,Right_Regular_(correct),Left,518,628,312,219043913,nan,nan,nan
8/24/2026 5:53:07,1.17.3,StopSig,2,3.74,1,1,Pellet,Left,518,628,313,219043913,0.17,17,nan
8/24/2026 5:53:22,1.17.3,StopSig,2,3.75,nan,1,>Left_Regular_trial,Left,519,628,313,219059316,nan,nan,nan
8/24/2026 5:53:25,1.17.3,StopSig,2,3.75,nan,1,NoPoke_Regular_(incorrect),Left,519,628,313,219062585,nan,nan,nan
8/24/2026 6:10:35,1.17.3,StopSig,2,3.74,nan,1,>Left_Regular_trial,Left,520,628,313,220093077,nan,nan,nan
8/24/2026 6:10:39,1.17.3,StopSig,2,3.74,nan,1,NoPoke_Regular_(incorrect),Left,520,628,313,220096644,nan,nan,nan
8/24/2026 6:21:17,1.17.3,StopSig,2,3.75,nan,1,Right_no_left,Left,520,629,313,220096644,nan,nan,nan
8/24/2026 6:21:18,1.17.3,StopSig,2,3.75,nan,1,>Left_Regular_trial,Left,521,629,313,220736241,nan,nan,nan
8/24/2026 6:21:19,1.17.3,StopSig,2,3.74,nan,1,Right_Regular_(correct),Left,521,630,313,220736981,nan,nan,nan
8/24/2026 6:21:19,1.17.3,StopSig,2,3.74,nan,1,RightDuringDispense,Left,521,631,313,220736981,nan,nan,0.10
8/24/2026 6:21:25,1.17.3,StopSig,2,3.74,4,1,Pellet,Left,521,631,314,220736981,0.06,1698,nan
8/24/2026 6:21:38,1.17.3,StopSig,2,3.74,nan,1,Right_no_left,Left,521,632,314,220736981,nan,nan,nan
8/24/2026 6:21:41,1.17.3,StopSig,2,3.74,nan,1,Right_no_left,Left,521,633,314,220755949,nan,nan,nan
8/24/2026 6:21:42,1.17.3,StopSig,2,3.75,nan,1,Right_no_left,Left,521,634,314,220759511,nan,nan,nan
8/24/2026 6:21:43,1.17.3,StopSig,2,3.75,nan,1,>Left_Regular_trial,Left,522,634,314,220761293,nan,nan,nan
8/24/2026 6:21:45,1.17.3,StopSig,2,3.75,nan,1,Right_Regular_(correct),Left,522,635,314,220762478,nan,nan,nan
8/24/2026 6:21:46,1.17.3,StopSig,2,3.75,2,1,Pellet,Left,522,635,315,220762478,0.06,21,nan
8/24/2026 6:21:58,1.17.3,StopSig,2,3.74,nan,1,Right_no_left,Left,522,636,315,220762478,nan,nan,nan
8/24/2026 6:22:00,1.17.3,StopSig,2,3.75,nan,1,>Left_Stop_trial,Left,523,636,315,220777106,nan,nan,nan
8/24/2026 6:22:03,1.17.3,StopSig,2,3.75,nan,1,NoPoke_STOP_(correct),Left,523,636,315,220780698,nan,nan,nan
8/24/2026 6:22:04,1.17.3,StopSig,2,3.74,2,1,Pellet,Left,523,636,316,220780698,0.35,18,nan
8/24/2026 6:22:15,1.17.3,StopSig,2,3.75,nan,1,Right_no_left,Left,523,637,316,220780698,nan,nan,nan
8/24/2026 6:22:16,1.17.3,StopSig,2,3.74,nan,1,>Left_Regular_trial,Left,524,637,316,220794117,nan,nan,nan
8/24/2026 6:22:17,1.17.3,StopSig,2,3.75,nan,1,Right_Regular_(correct),Left,524,638,316,220795303,nan,nan,nan
8/24/2026 6:22:27,1.17.3,StopSig,2,3.74,6,1,Pellet,Left,524,638,317,220795303,0.06,23,nan
8/24/2026 6:22:37,1.17.3,StopSig,2,3.74,nan,1,Right_no_left,Left,524,639,317,220795303,nan,nan,nan
8/24/2026 6:22:39,1.17.3,StopSig,2,3.75,nan,1,>Left_Regular_trial,Left,525,639,317,220816548,nan,nan,nan
8/24/2026 6:22:40,1.17.3,StopSig,2,3.74,nan,1,Right_Regular_(correct),Left,525,640,317,220817734,nan,nan,nan
8/24/2026 6:22:41,1.17.3,StopSig,2,3.74,2,1,Pellet,Left,525,640,318,220817734,0.06,14,nan
8/24/2026 6:22:50,1.17.3,StopSig,2,3.74,nan,1,>Left_Stop_trial,Left,526,640,318,220827448,nan,nan,nan
8/24/2026 6:22:53,1.17.3,StopSig,2,3.74,nan,1,NoPoke_STOP_(correct),Left,526,640,318,220830741,nan,nan,nan
8/24/2026 6:22:54,1.17.3,StopSig,2,3.74,1,1,Pellet,Left,526,640,319,220830741,0.47,13,nan
8/24/2026 6:23:03,1.17.3,StopSig,2,3.75,nan,1,>Left_Regular_trial,Left,527,640,319,220841202,nan,nan,nan
8/24/2026 6:23:07,1.17.3,StopSig,2,3.75,nan,1,NoPoke_Regular_(incorrect),Left,527,640,319,220844768,nan,nan,nan
8/24/2026 8:20:19,1.17.3,StopSig,2,3.74,nan,1,>Left_Stop_trial,Left,528,640,319,227876715,nan,nan,nan
8/24/2026 8:20:22,1.17.3,StopSig,2,3.74,nan,1,NoPoke_STOP_(correct),Left,528,640,319,227880002,nan,nan,nan
8/24/2026 8:20:25,1.17.3,StopSig,2,3.74,2,1,Pellet,Left,528,640,320,227880002,0.35,7051,nan
8/24/2026 8:20:43,1.17.3,StopSig,2,3.74,nan,1,>Left_Regular_trial,Left,529,640,320,227901130,nan,nan,nan
8/24/2026 8:20:47,1.17.3,StopSig,2,3.74,nan,1,NoPoke_Regular_(incorrect),Left,529,640,320,227904992,nan,nan,nan
8/24/2026 8:21:22,1.17.3,StopSig,2,3.74,nan,1,Right_no_left,Left,529,641,320,227904992,nan,nan,nan
8/24/2026 8:21:49,1.17.3,StopSig,2,3.74,nan,1,>Left_Regular_trial,Left,530,641,320,227967530,nan,nan,nan
8/24/2026 8:21:53,1.17.3,StopSig,2,3.73,nan,1,NoPoke_Regular_(incorrect),Left,530,641,320,227971089,nan,nan,nan
8/24/2026 8:25:09,1.17.3,StopSig,2,3.74,nan,1,Right_no_left,Left,530,642,320,227971089,nan,nan,nan
8/24/2026 8:26:19,1.17.3,StopSig,2,3.73,nan,1,>Left_Stop_trial,Left,531,642,320,228237201,nan,nan,nan
8/24/2026 8:26:23,1.17.3,StopSig,2,3.73,nan,1,NoPoke_STOP_(correct),Left,531,642,320,228241085,nan,nan,nan
8/24/2026 8:26:28,1.17.3,StopSig,2,3.74,3,1,Pellet,Left,531,642,321,228241085,0.41,363,nan
8/24/2026 8:26:46,1.17.3,StopSig,2,3.73,nan,1,Right_no_left,Left,531,643,321,228241085,nan,nan,nan
8/24/2026 8:26:47,1.17.3,StopSig,2,3.74,nan,1,>Left_Regular_trial,Left,532,643,321,228265329,nan,nan,nan
8/24/2026 8:26:48,1.17.3,StopSig,2,3.74,nan,1,Right_Regular_(correct),Left,532,644,321,228266366,nan,nan,nan
8/24/2026 8:26:49,1.17.3,StopSig,2,3.74,1,1,Pellet,Left,532,644,322,228266366,0.41,21,nan
8/24/2026 8:27:01,1.17.3,StopSig,2,3.73,nan,1,Right_no_left,Left,532,645,322,228266366,nan,nan,nan
8/24/2026 8:27:03,1.17.3,StopSig,2,3.73,nan,1,>Left_Stop_trial,Left,533,645,322,228280789,nan,nan,nan
8/24/2026 8:27:06,1.17.3,StopSig,2,3.74,nan,1,NoPoke_STOP_(correct),Left,533,645,322,228284076,nan,nan,nan
8/24/2026 8:27:07,1.17.3,StopSig,2,3.74,1,1,Pellet,Left,533,645,323,228284076,0.29,18,nan
8/24/2026 8:27:17,1.17.3,StopSig,2,3.73,nan,1,Right_no_left,Left,533,646,323,228284076,nan,nan,nan
8/24/2026 8:27:19,1.17.3,StopSig,2,3.74,nan,1,>Left_Regular_trial,Left,534,646,323,228296823,nan,nan,nan
8/24/2026 8:27:20,1.17.3,StopSig,2,3.74,nan,1,Right_Regular_(correct),Left,534,647,323,228297860,nan,nan,nan
8/24/2026 8:27:20,1.17.3,StopSig,2,3.73,2,1,Pellet,Left,534,647,324,228297860,0.06,13,nan
8/24/2026 8:27:31,1.17.3,StopSig,2,3.73,nan,1,Right_no_left,Left,534,648,324,228297860,nan,nan,nan
8/24/2026 8:27:34,1.17.3,StopSig,2,3.73,nan,1,>Left_Stop_trial,Left,535,648,324,228311387,nan,nan,nan
8/24/2026 8:27:37,1.17.3,StopSig,2,3.73,nan,1,NoPoke_STOP_(correct),Left,535,648,324,228314971,nan,nan,nan
8/24/2026 8:27:38,1.17.3,StopSig,2,3.74,1,1,Pellet,Left,535,648,325,228314971,0.83,18,nan
8/24/2026 8:27:51,1.17.3,StopSig,2,3.73,nan,1,Right_no_left,Left,535,649,325,228314971,nan,nan,nan
8/24/2026 8:27:52,1.17.3,StopSig,2,3.74,nan,1,Right_no_left,Left,535,650,325,228329841,nan,nan,nan
8/24/2026 8:27:54,1.17.3,StopSig,2,3.74,nan,1,>Left_Stop_trial,Left,536,650,325,228331772,nan,nan,nan
8/24/2026 8:27:57,1.17.3,StopSig,2,3.74,nan,1,NoPoke_STOP_(correct),Left,536,650,325,228335060,nan,nan,nan
8/24/2026 8:27:58,1.17.3,StopSig,2,3.74,1,1,Pellet,Left,536,650,326,228335060,0.47,20,nan
8/24/2026 8:28:08,1.17.3,StopSig,2,3.74,nan,1,Right_no_left,Left,536,651,326,228335060,nan,nan,nan
8/24/2026 9:06:30,1.17.3,StopSig,2,3.73,nan,1,>Left_Stop_trial,Left,537,651,326,230648278,nan,nan,nan
8/24/2026 9:06:34,1.17.3,StopSig,2,3.73,nan,1,NoPoke_STOP_(correct),Left,537,651,326,230652161,nan,nan,nan
8/24/2026 9:06:39,1.17.3,StopSig,2,3.73,3,1,Pellet,Left,537,651,327,230652161,0.59,2321,nan
8/24/2026 9:46:41,1.17.3,StopSig,2,3.73,nan,1,Right_no_left,Left,537,652,327,230652161,nan,nan,nan
8/24/2026 9:46:45,1.17.3,StopSig,2,3.73,nan,1,>Left_Regular_trial,Left,538,652,327,233063603,nan,nan,nan
8/24/2026 9:46:49,1.17.3,StopSig,2,3.73,nan,1,NoPoke_Regular_(incorrect),Left,538,652,327,233067316,nan,nan,nan
8/24/2026 10:44:51,1.17.3,StopSig,2,3.73,nan,1,>Left_Stop_trial,Left,539,652,327,236549028,nan,nan,nan
8/24/2026 10:44:54,1.17.3,StopSig,2,3.73,nan,1,NoPoke_STOP_(correct),Left,539,652,327,236552460,nan,nan,nan
8/24/2026 10:44:55,1.17.3,StopSig,2,3.72,1,1,Pellet,Left,539,652,328,236552460,0.53,5896,nan
8/24/2026 10:45:41,1.17.3,StopSig,2,3.73,nan,1,>Left_Stop_trial,Left,540,652,328,236599641,nan,nan,nan
8/24/2026 10:45:45,1.17.3,StopSig,2,3.73,nan,1,NoPoke_STOP_(correct),Left,540,652,328,236603371,nan,nan,nan
8/24/2026 10:45:48,1.17.3,StopSig,2,3.73,2,1,Pellet,Left,540,652,329,236603371,0.35,53,nan
8/24/2026 10:46:33,1.17.3,StopSig,2,3.73,nan,1,>Left_Stop_trial,Left,541,652,329,236651023,nan,nan,nan
8/24/2026 10:46:36,1.17.3,StopSig,2,3.72,nan,1,NoPoke_STOP_(correct),Left,541,652,329,236654454,nan,nan,nan
8/24/2026 10:46:37,1.17.3,StopSig,2,3.72,1,1,Pellet,Left,541,652,330,236654454,0.53,49,nan
8/24/2026 10:46:53,1.17.3,StopSig,2,3.73,nan,1,Right_no_left,Left,541,653,330,236654454,nan,nan,nan
8/24/2026 10:46:53,1.17.3,StopSig,2,3.72,nan,1,Right_no_left,Left,541,654,330,236671532,nan,nan,nan
8/24/2026 10:46:56,1.17.3,StopSig,2,3.72,nan,1,Right_no_left,Left,541,655,330,236671974,nan,nan,nan
8/24/2026 10:46:59,1.17.3,StopSig,2,3.73,nan,1,>Left_Regular_trial,Left,542,655,330,236677311,nan,nan,nan
8/24/2026 10:47:00,1.17.3,StopSig,2,3.73,nan,1,Right_Regular_(correct),Left,542,656,330,236678643,nan,nan,nan
8/24/2026 10:47:08,1.17.3,StopSig,2,3.73,5,1,Pellet,Left,542,656,331,236678643,0.06,31,nan
8/24/2026 10:56:06,1.17.3,StopSig,2,3.73,nan,1,>Left_Stop_trial,Left,543,656,331,237223855,nan,nan,nan
8/24/2026 10:56:06,1.17.3,StopSig,2,3.73,nan,1,Right_STOP_(incorrect),Left,543,657,331,237224599,nan,nan,nan
8/24/2026 10:56:39,1.17.3,StopSig,2,3.72,nan,1,Right_no_left,Left,543,658,331,237224599,nan,nan,nan
8/24/2026 10:56:41,1.17.3,StopSig,2,3.73,nan,1,>Left_Regular_trial,Left,544,658,331,237259220,nan,nan,nan
8/24/2026 10:56:42,1.17.3,StopSig,2,3.73,nan,1,Right_Regular_(correct),Left,544,659,331,237260998,nan,nan,nan
8/24/2026 10:56:43,1.17.3,StopSig,2,3.72,nan,1,RightDuringDispense,Left,544,660,331,237260998,nan,nan,0.12
8/24/2026 10:56:46,1.17.3,StopSig,2,3.72,3,1,Pellet,Left,544,660,332,237260998,0.06,578,nan
8/24/2026 10:56:59,1.17.3,StopSig,2,3.73,nan,1,Right_no_left,Left,544,661,332,237260998,nan,nan,nan
8/24/2026 10:57:01,1.17.3,StopSig,2,3.72,nan,1,>Left_Stop_trial,Left,545,661,332,237279342,nan,nan,nan
8/24/2026 10:57:05,1.17.3,StopSig,2,3.73,nan,1,NoPoke_STOP_(correct),Left,545,661,332,237283366,nan,nan,nan
8/24/2026 10:57:08,1.17.3,StopSig,2,3.72,2,1,Pellet,Left,545,661,333,237283366,0.23,22,nan
8/24/2026 10:57:23,1.17.3,StopSig,2,3.72,nan,1,>Left_Regular_trial,Left,546,661,333,237301557,nan,nan,nan
8/24/2026 10:57:24,1.17.3,StopSig,2,3.73,nan,1,Right_Regular_(correct),Left,546,662,333,237302741,nan,nan,nan
8/24/2026 10:57:34,1.17.3,StopSig,2,3.73,6,1,Pellet,Left,546,662,334,237302741,0.71,26,nan
8/24/2026 10:57:46,1.17.3,StopSig,2,3.72,nan,1,Right_no_left,Left,546,663,334,237302741,nan,nan,nan
8/24/2026 10:57:49,1.17.3,StopSig,2,3.73,nan,1,Right_no_left,Left,546,664,334,237324842,nan,nan,nan
8/24/2026 10:57:52,1.17.3,StopSig,2,3.72,nan,1,>Left_Regular_trial,Left,547,664,334,237330924,nan,nan,nan
8/24/2026 10:57:53,1.17.3,StopSig,2,3.73,nan,1,Right_Regular_(correct),Left,547,665,334,237331959,nan,nan,nan
8/24/2026 10:58:02,1.17.3,StopSig,2,3.72,2,1,Pellet,Left,547,665,335,237331959,5.99,28,nan
8/24/2026 10:58:22,1.17.3,StopSig,2,3.72,nan,1,Right_no_left,Left,547,666,335,237331959,nan,nan,nan
8/24/2026 10:58:23,1.17.3,StopSig,2,3.73,nan,1,>Left_Stop_trial,Left,548,666,335,237361591,nan,nan,nan
8/24/2026 10:58:27,1.17.3,StopSig,2,3.72,nan,1,NoPoke_STOP_(correct),Left,548,666,335,237365474,nan,nan,nan
8/24/2026 10:58:28,1.17.3,StopSig,2,3.72,1,1,Pellet,Left,548,666,336,237365474,0.41,26,nan
8/24/2026 13:31:03,1.17.3,StopSig,2,3.71,nan,1,>Left_Regular_trial,Left,549,666,336,246521429,nan,nan,nan
8/24/2026 13:31:04,1.17.3,StopSig,2,3.71,nan,1,Right_Regular_(correct),Left,549,667,336,246522911,nan,nan,nan
8/24/2026 13:31:09,1.17.3,StopSig,2,3.71,3,1,Pellet,Left,549,667,337,246522911,0.47,9161,nan
8/24/2026 13:31:25,1.17.3,StopSig,2,3.71,nan,1,>Left_Stop_trial,Left,550,667,337,246543234,nan,nan,nan
8/24/2026 13:31:28,1.17.3,StopSig,2,3.71,nan,1,NoPoke_STOP_(correct),Left,550,667,337,246546812,nan,nan,nan
8/24/2026 13:31:29,1.17.3,StopSig,2,3.71,1,1,Pellet,Left,550,667,338,246546812,0.41,20,nan
8/24/2026 13:31:49,1.17.3,StopSig,2,3.71,nan,1,>Left_Regular_trial,Left,551,667,338,246568146,nan,nan,nan
8/24/2026 13:31:50,1.17.3,StopSig,2,3.71,nan,1,Right_Regular_(correct),Left,551,668,338,246569480,nan,nan,nan
8/24/2026 13:32:00,1.17.3,StopSig,2,3.70,2,1,Pellet,Left,551,668,339,246569480,6.53,31,nan
8/24/2026 13:32:22,1.17.3,StopSig,2,3.71,nan,1,Right_no_left,Left,551,669,339,246569480,nan,nan,nan
8/24/2026 13:32:25,1.17.3,StopSig,2,3.71,nan,1,>Left_Stop_trial,Left,552,669,339,246604012,nan,nan,nan
8/24/2026 13:32:29,1.17.3,StopSig,2,3.71,nan,1,NoPoke_STOP_(correct),Left,552,669,339,246607892,nan,nan,nan
8/24/2026 13:32:32,1.17.3,StopSig,2,3.71,2,1,Pellet,Left,552,669,340,246607892,0.29,32,nan
8/24/2026 13:32:44,1.17.3,StopSig,2,3.71,nan,1,Right_no_left,Left,552,670,340,246607892,nan,nan,nan
8/24/2026 13:32:45,1.17.3,StopSig,2,3.71,nan,1,>Left_Regular_trial,Left,553,670,340,246623939,nan,nan,nan
8/24/2026 13:32:46,1.17.3,StopSig,2,3.71,nan,1,Right_Regular_(correct),Left,553,671,340,246625272,nan,nan,nan
8/24/2026 13:32:49,1.17.3,StopSig,2,3.71,3,1,Pellet,Left,553,671,341,246625272,0.06,17,nan
8/24/2026 13:32:59,1.17.3,StopSig,2,3.71,nan,1,Right_no_left,Left,553,672,341,246625272,nan,nan,nan
8/24/2026 13:36:23,1.17.3,StopSig,2,3.71,nan,1,>Left_Regular_trial,Left,554,672,341,246841656,nan,nan,nan
8/24/2026 13:36:27,1.17.3,StopSig,2,3.71,nan,1,NoPoke_Regular_(incorrect),Left,554,672,341,246845805,nan,nan,nan
8/24/2026 13:39:08,1.17.3,StopSig,2,3.71,nan,1,>Left_Regular_trial,Left,555,672,341,247007196,nan,nan,nan
8/24/2026 13:39:11,1.17.3,StopSig,2,3.71,nan,1,Right_Regular_(correct),Left,555,673,341,247010456,nan,nan,nan
8/24/2026 13:39:12,1.17.3,StopSig,2,3.71,nan,1,RightDuringDispense,Left,555,674,341,247010456,nan,nan,0.10
8/24/2026 13:39:13,1.17.3,StopSig,2,3.71,2,1,Pellet,Left,555,674,342,247010456,0.06,384,nan
8/24/2026 13:39:26,1.17.3,StopSig,2,3.71,nan,1,>Left_Stop_trial,Left,556,674,342,247024597,nan,nan,nan
8/24/2026 13:39:29,1.17.3,StopSig,2,3.71,nan,1,NoPoke_STOP_(correct),Left,556,674,342,247027881,nan,nan,nan
8/24/2026 13:39:32,1.17.3,StopSig,2,3.71,3,1,Pellet,Left,556,674,343,247027881,0.59,19,nan
8/24/2026 13:39:44,1.17.3,StopSig,2,3.71,nan,1,Right_no_left,Left,556,675,343,247027881,nan,nan,nan
8/24/2026 13:39:46,1.17.3,StopSig,2,3.71,nan,1,>Left_Stop_trial,Left,557,675,343,247044322,nan,nan,nan
8/24/2026 13:39:49,1.17.3,StopSig,2,3.71,nan,1,NoPoke_STOP_(correct),Left,557,675,343,247047901,nan,nan,nan
8/24/2026 13:39:50,1.17.3,StopSig,2,3.71,1,1,Pellet,Left,557,675,344,247047901,0.47,18,nan
8/24/2026 13:40:01,1.17.3,StopSig,2,3.71,nan,1,>Left_Regular_trial,Left,558,675,344,247060155,nan,nan,nan
8/24/2026 13:40:05,1.17.3,StopSig,2,3.71,nan,1,Right_Regular_(correct),Left,558,676,344,247063716,nan,nan,nan
8/24/2026 13:40:05,1.17.3,StopSig,2,3.71,nan,1,RightDuringDispense,Left,558,677,344,247063716,nan,nan,0.24
8/24/2026 13:40:06,1.17.3,StopSig,2,3.71,2,1,Pellet,Left,558,677,345,247063716,0.11,16,nan
8/24/2026 13:40:17,1.17.3,StopSig,2,3.71,nan,1,>Left_Stop_trial,Left,559,677,345,247075933,nan,nan,nan
8/24/2026 13:40:21,1.17.3,StopSig,2,3.71,nan,1,NoPoke_STOP_(correct),Left,559,677,345,247079809,nan,nan,nan
8/24/2026 13:40:26,1.17.3,StopSig,2,3.71,3,1,Pellet,Left,559,677,346,247079809,0.35,20,nan
8/24/2026 13:40:41,1.17.3,StopSig,2,3.71,nan,1,Right_no_left,Left,559,678,346,247079809,nan,nan,nan
8/24/2026 13:40:44,1.17.3,StopSig,2,3.71,nan,1,>Left_Stop_trial,Left,560,678,346,247102894,nan,nan,nan
8/24/2026 13:40:48,1.17.3,StopSig,2,3.71,nan,1,NoPoke_STOP_(correct),Left,560,678,346,247106922,nan,nan,nan
8/24/2026 13:40:50,1.17.3,StopSig,2,3.71,1,1,Pellet,Left,560,678,347,247106922,0.95,23,nan
8/24/2026 13:41:03,1.17.3,StopSig,2,3.71,nan,1,>Left_Regular_trial,Left,561,678,347,247121825,nan,nan,nan
8/24/2026 13:41:04,1.17.3,StopSig,2,3.71,nan,1,Right_Regular_(correct),Left,561,679,347,247122711,nan,nan,nan
8/24/2026 13:41:04,1.17.3,StopSig,2,3.71,nan,1,RightDuringDispense,Left,561,680,347,247122711,nan,nan,0.03
8/24/2026 13:41:16,1.17.3,StopSig,2,3.71,7,1,Pellet,Left,561,680,348,247122711,0.23,27,nan
8/24/2026 16:25:22,1.17.3,StopSig,2,3.70,nan,1,Right_no_left,Left,561,681,348,247122711,nan,nan,nan
8/24/2026 16:25:25,1.17.3,StopSig,2,3.70,nan,1,>Left_Stop_trial,Left,562,681,348,256983998,nan,nan,nan
8/24/2026 16:25:28,1.17.3,StopSig,2,3.69,nan,1,NoPoke_STOP_(correct),Left,562,681,348,256987280,nan,nan,nan
8/24/2026 16:25:29,1.17.3,StopSig,2,3.70,2,1,Pellet,Left,562,681,349,256987280,0.59,9853,nan
8/24/2026 16:25:44,1.17.3,StopSig,2,3.69,nan,1,Right_no_left,Left,562,682,349,256987280,nan,nan,nan
8/24/2026 16:25:46,1.17.3,StopSig,2,3.70,nan,1,>Left_Stop_trial,Left,563,682,349,257005311,nan,nan,nan
8/24/2026 16:25:50,1.17.3,StopSig,2,3.70,nan,1,NoPoke_STOP_(correct),Left,563,682,349,257009340,nan,nan,nan
8/24/2026 16:25:51,1.17.3,StopSig,2,3.70,2,1,Pellet,Left,563,682,350,257009340,0.71,22,nan
8/24/2026 16:26:05,1.17.3,StopSig,2,3.70,nan,1,Right_no_left,Left,563,683,350,257009340,nan,nan,nan
8/24/2026 16:26:08,1.17.3,StopSig,2,3.70,nan,1,Right_no_left,Left,563,684,350,257024563,nan,nan,nan
8/24/2026 16:26:09,1.17.3,StopSig,2,3.69,nan,1,>Left_Regular_trial,Left,564,684,350,257028866,nan,nan,nan
8/24/2026 16:26:11,1.17.3,StopSig,2,3.69,nan,1,Right_Regular_(correct),Left,564,685,350,257030202,nan,nan,nan
8/24/2026 16:26:12,1.17.3,StopSig,2,3.69,2,1,Pellet,Left,564,685,351,257030202,0.17,21,nan
8/24/2026 16:26:25,1.17.3,StopSig,2,3.69,nan,1,Right_no_left,Left,564,686,351,257030202,nan,nan,nan
8/24/2026 16:26:26,1.17.3,StopSig,2,3.69,nan,1,>Left_Regular_trial,Left,565,686,351,257045631,nan,nan,nan
8/24/2026 16:26:27,1.17.3,StopSig,2,3.70,nan,1,Right_Regular_(correct),Left,565,687,351,257046816,nan,nan,nan
8/24/2026 16:26:30,1.17.3,StopSig,2,3.69,2,1,Pellet,Left,565,687,352,257046816,0.17,18,nan
8/24/2026 16:26:42,1.17.3,StopSig,2,3.70,nan,1,Right_no_left,Left,565,688,352,257046816,nan,nan,nan
8/24/2026 16:26:44,1.17.3,StopSig,2,3.70,nan,1,>Left_Regular_trial,Left,566,688,352,257062909,nan,nan,nan
8/24/2026 16:26:45,1.17.3,StopSig,2,3.70,nan,1,Right_Regular_(correct),Left,566,689,352,257064094,nan,nan,nan
8/24/2026 16:26:48,1.17.3,StopSig,2,3.69,3,1,Pellet,Left,566,689,353,257064094,0.65,18,nan
8/24/2026 16:27:05,1.17.3,StopSig,2,3.69,nan,1,Right_no_left,Left,566,690,353,257064094,nan,nan,nan
8/24/2026 16:27:06,1.17.3,StopSig,2,3.69,nan,1,>Left_Regular_trial,Left,567,690,353,257085520,nan,nan,nan
8/24/2026 16:27:07,1.17.3,StopSig,2,3.69,nan,1,Right_Regular_(correct),Left,567,691,353,257086999,nan,nan,nan
8/24/2026 16:27:08,1.17.3,StopSig,2,3.70,nan,1,RightDuringDispense,Left,567,692,353,257086999,nan,nan,0.00
8/24/2026 16:27:17,1.17.3,StopSig,2,3.69,3,1,Pellet,Left,567,692,354,257086999,6.11,29,nan
8/24/2026 17:14:52,1.17.3,StopSig,2,3.69,nan,1,>Left_Regular_trial,Left,568,692,354,259951586,nan,nan,nan
8/24/2026 17:14:56,1.17.3,StopSig,2,3.69,nan,1,NoPoke_Regular_(incorrect),Left,568,692,354,259955433,nan,nan,nan
8/24/2026 17:25:20,1.17.3,StopSig,2,3.69,nan,1,>Left_Regular_trial,Left,569,692,354,260579065,nan,nan,nan
8/24/2026 17:25:23,1.17.3,StopSig,2,3.69,nan,1,NoPoke_Regular_(incorrect),Left,569,692,354,260582470,nan,nan,nan
8/24/2026 17:28:06,1.17.3,StopSig,2,3.69,nan,1,Right_no_left,Left,569,693,354,260582470,nan,nan,nan
8/24/2026 17:28:26,1.17.3,StopSig,2,3.69,nan,1,>Left_Regular_trial,Left,570,693,354,260765282,nan,nan,nan
8/24/2026 17:28:27,1.17.3,StopSig,2,3.69,nan,1,Right_Regular_(correct),Left,570,694,354,260766316,nan,nan,nan
8/24/2026 17:28:32,1.17.3,StopSig,2,3.69,3,1,Pellet,Left,570,694,355,260766316,0.23,3675,nan
8/24/2026 17:28:44,1.17.3,StopSig,2,3.69,nan,1,Right_no_left,Left,570,695,355,260766316,nan,nan,nan
8/24/2026 17:28:46,1.17.3,StopSig,2,3.69,nan,1,Right_no_left,Left,570,696,355,260783823,nan,nan,nan
8/24/2026 17:28:50,1.17.3,StopSig,2,3.69,nan,1,>Left_Regular_trial,Left,571,696,355,260789748,nan,nan,nan
8/24/2026 17:28:51,1.17.3,StopSig,2,3.69,nan,1,Right_Regular_(correct),Left,571,697,355,260790633,nan,nan,nan
8/24/2026 17:28:51,1.17.3,StopSig,2,3.69,nan,1,RightDuringDispense,Left,571,698,355,260790633,nan,nan,0.08
8/24/2026 17:28:52,1.17.3,StopSig,2,3.60,nan,1,RightDuringDispense,Left,571,699,355,260790633,nan,nan,0.11
8/24/2026 17:28:57,1.17.3,StopSig,2,3.69,3,1,Pellet,Left,571,699,356,260790633,0.23,25,nan
8/24/2026 17:29:10,1.17.3,StopSig,2,3.69,nan,1,>Left_Regular_trial,Left,572,699,356,260809732,nan,nan,nan
8/24/2026 17:29:12,1.17.3,StopSig,2,3.69,nan,1,Right_Regular_(correct),Left,572,700,356,260812100,nan,nan,nan
8/24/2026 17:29:13,1.17.3,StopSig,2,3.69,nan,1,RightDuringDispense,Left,572,701,356,260812100,nan,nan,0.00
8/24/2026 17:29:22,1.17.3,StopSig,2,3.69,2,1,Pellet,Left,572,701,357,260812100,6.23,25,nan
8/24/2026 17:29:41,1.17.3,StopSig,2,3.69,nan,1,>Left_Regular_trial,Left,573,701,357,260840873,nan,nan,nan
8/24/2026 17:29:45,1.17.3,StopSig,2,3.69,nan,1,NoPoke_Regular_(incorrect),Left,573,701,357,260844419,nan,nan,nan
8/24/2026 17:33:38,1.17.3,StopSig,2,3.69,nan,1,>Left_Regular_trial,Left,574,701,357,261077096,nan,nan,nan
8/24/2026 17:33:41,1.17.3,StopSig,2,3.69,nan,1,NoPoke_Regular_(incorrect),Left,574,701,357,261080493,nan,nan,nan
8/24/2026 17:52:04,1.17.3,StopSig,2,3.69,nan,1,>Left_Regular_trial,Left,575,701,357,262183296,nan,nan,nan
8/24/2026 17:52:08,1.17.3,StopSig,2,3.69,nan,1,Right_Regular_(correct),Left,575,702,357,262187288,nan,nan,nan
8/24/2026 17:52:11,1.17.3,StopSig,2,3.69,2,1,Pellet,Left,575,702,358,262187288,0.59,1369,nan
8/24/2026 17:52:21,1.17.3,StopSig,2,3.69,nan,1,>Left_Regular_trial,Left,576,702,358,262201071,nan,nan,nan
8/24/2026 17:52:22,1.17.3,StopSig,2,3.69,nan,1,Right_Regular_(correct),Left,576,703,358,262202104,nan,nan,nan
8/24/2026 17:52:23,1.17.3,StopSig,2,3.69,2,1,Pellet,Left,576,703,359,262202104,0.06,12,nan
8/24/2026 17:52:32,1.17.3,StopSig,2,3.69,nan,1,>Left_Regular_trial,Left,577,703,359,262211755,nan,nan,nan
8/24/2026 17:52:33,1.17.3,StopSig,2,3.69,nan,1,Right_Regular_(correct),Left,577,704,359,262212787,nan,nan,nan
8/24/2026 17:52:38,1.17.3,StopSig,2,3.69,3,1,Pellet,Left,577,704,360,262212787,0.29,15,nan
8/24/2026 17:52:48,1.17.3,StopSig,2,3.69,nan,1,>Left_Regular_trial,Left,578,704,360,262227460,nan,nan,nan
8/24/2026 17:52:49,1.17.3,StopSig,2,3.69,nan,1,Right_Regular_(correct),Left,578,705,360,262228345,nan,nan,nan
8/24/2026 17:52:50,1.17.3,StopSig,2,3.69,2,1,Pellet,Left,578,705,361,262228345,0.06,12,nan
8/24/2026 17:53:09,1.17.3,StopSig,2,3.69,nan,1,Right_no_left,Left,578,706,361,262228345,nan,nan,nan
8/24/2026 17:53:12,1.17.3,StopSig,2,3.69,nan,1,>Left_Stop_trial,Left,579,706,361,262251388,nan,nan,nan
8/24/2026 17:53:16,1.17.3,StopSig,2,3.69,nan,1,NoPoke_STOP_(correct),Left,579,706,361,262255551,nan,nan,nan
8/24/2026 17:53:17,1.17.3,StopSig,2,3.69,1,1,Pellet,Left,579,706,362,262255551,0.23,27,nan
8/24/2026 17:53:29,1.17.3,StopSig,2,3.69,nan,1,>Left_Stop_trial,Left,580,706,362,262268357,nan,nan,nan
8/24/2026 17:53:33,1.17.3,StopSig,2,3.69,nan,1,NoPoke_STOP_(correct),Left,580,706,362,262272525,nan,nan,nan
8/24/2026 17:53:34,1.17.3,StopSig,2,3.69,1,1,Pellet,Left,580,706,363,262272525,0.89,17,nan
8/24/2026 17:53:45,1.17.3,StopSig,2,3.69,nan,1,Right_no_left,Left,580,707,363,262272525,nan,nan,nan
8/24/2026 17:53:47,1.17.3,StopSig,2,3.69,nan,1,Right_no_left,Left,580,708,363,262284474,nan,nan,nan
8/24/2026 17:53:49,1.17.3,StopSig,2,3.69,nan,1,>Left_Regular_trial,Left,581,708,363,262288177,nan,nan,nan
8/24/2026 17:53:49,1.17.3,StopSig,2,3.69,nan,1,Right_Regular_(correct),Left,581,709,363,262288914,nan,nan,nan
8/24/2026 17:53:50,1.17.3,StopSig,2,3.69,1,1,Pellet,Left,581,709,364,262288914,0.12,16,nan
8/24/2026 17:54:08,1.17.3,StopSig,2,3.69,nan,1,Right_no_left,Left,581,710,364,262288914,nan,nan,nan
8/24/2026 19:03:22,1.17.3,StopSig,2,3.69,nan,1,>Left_Regular_trial,Left,582,710,364,266461690,nan,nan,nan
8/24/2026 19:03:24,1.17.3,StopSig,2,3.69,nan,1,Right_Regular_(correct),Left,582,711,364,266463614,nan,nan,nan
8/24/2026 19:03:24,1.17.3,StopSig,2,3.69,nan,1,RightDuringDispense,Left,582,712,364,266463614,nan,nan,0.05
8/24/2026 19:03:31,1.17.3,StopSig,2,3.69,4,1,Pellet,Left,582,712,365,266463614,0.35,4181,nan
8/24/2026 19:03:44,1.17.3,StopSig,2,3.69,nan,1,Right_no_left,Left,582,713,365,266463614,nan,nan,nan
8/24/2026 19:03:52,1.17.3,StopSig,2,3.69,nan,1,>Left_Regular_trial,Left,583,713,365,266492087,nan,nan,nan
8/24/2026 19:03:53,1.17.3,StopSig,2,3.69,nan,1,Right_Regular_(correct),Left,583,714,365,266492975,nan,nan,nan
8/24/2026 19:03:54,1.17.3,StopSig,2,3.69,2,1,Pellet,Left,583,714,366,266492975,0.06,23,nan
8/24/2026 19:04:06,1.17.3,StopSig,2,3.69,nan,1,>Left_Regular_trial,Left,584,714,366,266505723,nan,nan,nan
8/24/2026 19:04:10,1.17.3,StopSig,2,3.69,nan,1,Right_Regular_(correct),Left,584,715,366,266509716,nan,nan,nan
8/24/2026 19:04:11,1.17.3,StopSig,2,3.69,1,1,Pellet,Left,584,715,367,266509716,0.41,17,nan
8/24/2026 19:04:20,1.17.3,StopSig,2,3.69,nan,1,Right_no_left,Left,584,716,367,266509716,nan,nan,nan
8/24/2026 19:04:22,1.17.3,StopSig,2,3.69,nan,1,>Left_Regular_trial,Left,585,716,367,266522034,nan,nan,nan
8/24/2026 19:04:23,1.17.3,StopSig,2,3.69,nan,1,Right_Regular_(correct),Left,585,717,367,266522919,nan,nan,nan
8/24/2026 19:04:35,1.17.3,StopSig,2,3.69,7,1,Pellet,Left,585,717,368,266522919,0.35,24,nan
8/24/2026 19:04:45,1.17.3,StopSig,2,3.69,nan,1,>Left_Regular_trial,Left,586,717,368,266544686,nan,nan,nan
8/24/2026 19:04:49,1.17.3,StopSig,2,3.68,nan,1,NoPoke_Regular_(incorrect),Left,586,717,368,266548684,nan,nan,nan
8/24/2026 19:10:41,1.17.3,StopSig,2,3.69,nan,1,Right_no_left,Left,586,718,368,266548684,nan,nan,nan
8/24/2026 19:11:03,1.17.3,StopSig,2,3.69,nan,1,Right_no_left,Left,586,719,368,266900695,nan,nan,nan
8/24/2026 19:12:06,1.17.3,StopSig,2,3.69,nan,1,Right_no_left,Left,586,720,368,266923054,nan,nan,nan
8/24/2026 19:12:08,1.17.3,StopSig,2,3.69,nan,1,>Left_Regular_trial,Left,587,720,368,266988013,nan,nan,nan
8/24/2026 19:12:12,1.17.3,StopSig,2,3.69,nan,1,NoPoke_Regular_(incorrect),Left,587,720,368,266991715,nan,nan,nan
8/24/2026 19:15:10,1.17.3,StopSig,2,3.69,nan,1,>Left_Stop_trial,Left,588,720,368,267169073,nan,nan,nan
8/24/2026 19:15:13,1.17.3,StopSig,2,3.69,nan,1,NoPoke_STOP_(correct),Left,588,720,368,267172648,nan,nan,nan
8/24/2026 19:15:30,1.17.3,StopSig,2,3.69,2,1,Pellet,Left,588,720,369,267172648,16.39,655,nan
8/24/2026 19:15:44,1.17.3,StopSig,2,3.69,nan,1,>Left_Regular_trial,Left,589,720,369,267204204,nan,nan,nan
8/24/2026 19:15:48,1.17.3,StopSig,2,3.69,nan,1,NoPoke_Regular_(incorrect),Left,589,720,369,267207756,nan,nan,nan
8/24/2026 19:24:42,1.17.3,StopSig,2,3.69,nan,1,Right_no_left,Left,589,721,369,267207756,nan,nan,nan
8/24/2026 19:24:45,1.17.3,StopSig,2,3.69,nan,1,>Left_Regular_trial,Left,590,721,369,267744540,nan,nan,nan
8/24/2026 19:24:49,1.17.3,StopSig,2,3.69,nan,1,NoPoke_Regular_(incorrect),Left,590,721,369,267748682,nan,nan,nan
8/24/2026 19:27:39,1.17.3,StopSig,2,3.69,nan,1,Right_no_left,Left,590,722,369,267748682,nan,nan,nan
8/24/2026 19:27:40,1.17.3,StopSig,2,3.69,nan,1,Right_no_left,Left,590,723,369,267919382,nan,nan,nan
8/24/2026 19:27:41,1.17.3,StopSig,2,3.69,nan,1,>Left_Regular_trial,Left,591,723,369,267921305,nan,nan,nan
8/24/2026 19:27:43,1.17.3,StopSig,2,3.69,nan,1,Right_Regular_(correct),Left,591,724,369,267922930,nan,nan,nan
8/24/2026 19:27:44,1.17.3,StopSig,2,3.69,2,1,Pellet,Left,591,724,370,267922930,0.06,734,nan
8/24/2026 19:27:54,1.17.3,StopSig,2,3.69,nan,1,>Left_Stop_trial,Left,592,724,370,267933939,nan,nan,nan
8/24/2026 19:27:58,1.17.3,StopSig,2,3.69,nan,1,NoPoke_STOP_(correct),Left,592,724,370,267937806,nan,nan,nan
8/24/2026 19:27:59,1.17.3,StopSig,2,3.69,1,1,Pellet,Left,592,724,371,267937806,0.35,15,nan
8/24/2026 19:28:10,1.17.3,StopSig,2,3.69,nan,1,Right_no_left,Left,592,725,371,267937806,nan,nan,nan
8/24/2026 19:28:11,1.17.3,StopSig,2,3.69,nan,1,>Left_Regular_trial,Left,593,725,371,267951313,nan,nan,nan
8/24/2026 19:28:12,1.17.3,StopSig,2,3.69,nan,1,Right_Regular_(correct),Left,593,726,371,267952349,nan,nan,nan
8/24/2026 19:28:15,1.17.3,StopSig,2,3.69,3,1,Pellet,Left,593,726,372,267952349,0.06,16,nan
8/24/2026 19:28:25,1.17.3,StopSig,2,3.69,nan,1,Right_no_left,Left,593,727,372,267952349,nan,nan,nan
8/24/2026 19:28:28,1.17.3,StopSig,2,3.69,nan,1,>Left_Stop_trial,Left,594,727,372,267967786,nan,nan,nan
8/24/2026 19:28:32,1.17.3,StopSig,2,3.69,nan,1,NoPoke_STOP_(correct),Left,594,727,372,267971802,nan,nan,nan
8/24/2026 19:28:44,1.17.3,StopSig,2,3.69,7,1,Pellet,Left,594,727,373,267971802,0.29,29,nan
8/24/2026 19:28:59,1.17.3,StopSig,2,3.69,nan,1,Right_no_left,Left,594,728,373,267971802,nan,nan,nan
8/24/2026 19:29:01,1.17.3,StopSig,2,3.69,nan,1,>Left_Regular_trial,Left,595,728,373,268001136,nan,nan,nan
8/24/2026 19:29:03,1.17.3,StopSig,2,3.69,nan,1,Right_Regular_(correct),Left,595,729,373,268002911,nan,nan,nan
8/24/2026 19:29:11,1.17.3,StopSig,2,3.69,2,1,Pellet,Left,595,729,374,268002911,4.97,27,nan
8/24/2026 19:29:27,1.17.3,StopSig,2,3.69,nan,1,Right_no_left,Left,595,730,374,268002911,nan,nan,nan
8/24/2026 19:29:29,1.17.3,StopSig,2,3.69,nan,1,Right_no_left,Left,595,731,374,268027464,nan,nan,nan
8/24/2026 19:30:56,1.17.3,StopSig,2,3.68,nan,1,Right_no_left,Left,595,732,374,268028793,nan,nan,nan
8/24/2026 19:41:34,1.17.3,StopSig,2,3.69,nan,1,>Left_Regular_trial,Left,596,732,374,268754185,nan,nan,nan
8/24/2026 19:41:38,1.17.3,StopSig,2,3.69,nan,1,NoPoke_Regular_(incorrect),Left,596,732,374,268757732,nan,nan,nan
8/24/2026 19:43:32,1.17.3,StopSig,2,3.69,nan,1,Right_no_left,Left,596,733,374,268757732,nan,nan,nan
8/24/2026 20:02:57,1.17.3,StopSig,2,3.69,nan,1,>Left_Regular_trial,Left,597,733,374,270036918,nan,nan,nan
8/24/2026 20:03:01,1.17.3,StopSig,2,3.69,nan,1,NoPoke_Regular_(incorrect),Left,597,733,374,270040913,nan,nan,nan
8/24/2026 20:17:45,1.17.3,StopSig,2,3.68,nan,1,Right_no_left,Left,597,734,374,270040913,nan,nan,nan
8/24/2026 20:17:48,1.17.3,StopSig,2,3.68,nan,1,Right_no_left,Left,597,735,374,270925560,nan,nan,nan
8/24/2026 20:17:49,1.17.3,StopSig,2,3.68,nan,1,Right_no_left,Left,597,736,374,270928221,nan,nan,nan
8/24/2026 20:17:52,1.17.3,StopSig,2,3.68,nan,1,>Left_Regular_trial,Left,598,736,374,270932065,nan,nan,nan
8/24/2026 20:17:53,1.17.3,StopSig,2,3.69,nan,1,Right_Regular_(correct),Left,598,737,374,270933098,nan,nan,nan
8/24/2026 20:17:59,1.17.3,StopSig,2,3.69,3,1,Pellet,Left,598,737,375,270933098,0.89,2928,nan
8/24/2026 20:18:10,1.17.3,StopSig,2,3.69,nan,1,Right_no_left,Left,598,738,375,270933098,nan,nan,nan
8/24/2026 20:18:12,1.17.3,StopSig,2,3.68,nan,1,>Left_Stop_trial,Left,599,738,375,270951470,nan,nan,nan
8/24/2026 20:18:15,1.17.3,StopSig,2,3.69,nan,1,NoPoke_STOP_(correct),Left,599,738,375,270954897,nan,nan,nan
8/24/2026 20:18:20,1.17.3,StopSig,2,3.68,3,1,Pellet,Left,599,738,376,270954897,0.59,21,nan
8/24/2026 20:18:30,1.17.3,StopSig,2,3.68,nan,1,Right_no_left,Left,599,739,376,270954897,nan,nan,nan
8/24/2026 20:18:33,1.17.3,StopSig,2,3.69,nan,1,>Left_Regular_trial,Left,600,739,376,270972921,nan,nan,nan
8/24/2026 20:18:36,1.17.3,StopSig,2,3.68,nan,1,Right_Regular_(correct),Left,600,740,376,270976181,nan,nan,nan
8/24/2026 20:18:37,1.17.3,StopSig,2,3.68,nan,1,RightDuringDispense,Left,600,741,376,270976181,nan,nan,0.21
8/24/2026 20:18:42,1.17.3,StopSig,2,3.68,3,1,Pellet,Left,600,741,377,270976181,0.77,22,nan
8/24/2026 20:18:51,1.17.3,StopSig,2,3.69,nan,1,>Left_Regular_trial,Left,601,741,377,270990925,nan,nan,nan
8/24/2026 20:18:52,1.17.3,StopSig,2,3.69,nan,1,Right_Regular_(correct),Left,601,742,377,270991809,nan,nan,nan
8/24/2026 20:18:55,1.17.3,StopSig,2,3.69,2,1,Pellet,Left,601,742,378,270991809,0.35,13,nan
8/24/2026 20:19:05,1.17.3,StopSig,2,3.69,nan,1,Right_no_left,Left,601,743,378,270991809,nan,nan,nan
8/24/2026 20:19:08,1.17.3,StopSig,2,3.68,nan,1,Right_no_left,Left,601,744,378,271005477,nan,nan,nan
8/24/2026 20:19:10,1.17.3,StopSig,2,3.69,nan,1,>Left_Stop_trial,Left,602,744,378,271009322,nan,nan,nan
8/24/2026 20:19:13,1.17.3,StopSig,2,3.69,nan,1,NoPoke_STOP_(correct),Left,602,744,378,271012895,nan,nan,nan
8/24/2026 20:19:14,1.17.3,StopSig,2,3.68,1,1,Pellet,Left,602,744,379,271012895,0.41,19,nan
8/24/2026 20:44:11,1.17.3,StopSig,2,3.68,nan,1,Right_no_left,Left,602,745,379,271012895,nan,nan,nan
8/24/2026 20:44:18,1.17.3,StopSig,2,3.68,nan,1,Right_no_left,Left,602,746,379,272511520,nan,nan,nan
8/24/2026 20:44:18,1.17.3,StopSig,2,3.68,nan,1,Right_no_left,Left,602,747,379,272518329,nan,nan,nan
8/24/2026 20:44:20,1.17.3,StopSig,2,3.68,nan,1,>Left_Stop_trial,Left,603,747,379,272519511,nan,nan,nan
8/24/2026 20:44:23,1.17.3,StopSig,2,3.68,nan,1,NoPoke_STOP_(correct),Left,603,747,379,272522937,nan,nan,nan
8/24/2026 20:44:24,1.17.3,StopSig,2,3.68,1,1,Pellet,Left,603,747,380,272522937,0.29,1510,nan
8/24/2026 20:44:35,1.17.3,StopSig,2,3.68,nan,1,>Left_Stop_trial,Left,604,747,380,272534661,nan,nan,nan
8/24/2026 20:44:38,1.17.3,StopSig,2,3.69,nan,1,NoPoke_STOP_(correct),Left,604,747,380,272537938,nan,nan,nan
8/24/2026 20:44:43,1.17.3,StopSig,2,3.68,3,1,Pellet,Left,604,747,381,272537938,0.35,19,nan
8/24/2026 20:44:55,1.17.3,StopSig,2,3.68,nan,1,>Left_Stop_trial,Left,605,747,381,272554504,nan,nan,nan
8/24/2026 20:44:58,1.17.3,StopSig,2,3.68,nan,1,NoPoke_STOP_(correct),Left,605,747,381,272557928,nan,nan,nan
8/24/2026 20:45:02,1.17.3,StopSig,2,3.69,2,1,Pellet,Left,605,747,382,272557928,1.07,19,nan
8/24/2026 20:45:18,1.17.3,StopSig,2,3.67,nan,1,Right_no_left,Left,605,748,382,272557928,nan,nan,nan
8/24/2026 20:45:19,1.17.3,StopSig,2,3.69,nan,1,>Left_Regular_trial,Left,606,748,382,272579300,nan,nan,nan
8/24/2026 20:45:20,1.17.3,StopSig,2,3.68,nan,1,Right_Regular_(correct),Left,606,749,382,272580189,nan,nan,nan
8/24/2026 20:45:21,1.17.3,StopSig,2,3.68,2,1,Pellet,Left,606,749,383,272580189,0.06,19,nan
8/24/2026 20:45:29,1.17.3,StopSig,2,3.68,nan,1,>Left_Regular_trial,Left,607,749,383,272588796,nan,nan,nan
8/24/2026 20:45:30,1.17.3,StopSig,2,3.68,nan,1,Right_Regular_(correct),Left,607,750,383,272589831,nan,nan,nan
8/24/2026 20:45:30,1.17.3,StopSig,2,3.68,nan,1,RightDuringDispense,Left,607,751,383,272589831,nan,nan,0.11
8/24/2026 20:45:30,1.17.3,StopSig,2,3.59,nan,1,RightDuringDispense,Left,607,752,383,272589831,nan,nan,0.08
8/24/2026 20:45:40,1.17.3,StopSig,2,3.68,3,1,Pellet,Left,607,752,384,272589831,6.23,19,nan
8/24/2026 20:45:57,1.17.3,StopSig,2,3.68,nan,1,Right_no_left,Left,607,753,384,272589831,nan,nan,nan
8/24/2026 20:45:58,1.17.3,StopSig,2,3.68,nan,1,Right_no_left,Left,607,754,384,272617585,nan,nan,nan
8/24/2026 20:46:00,1.17.3,StopSig,2,3.69,nan,1,Right_no_left,Left,607,755,384,272617878,nan,nan,nan
8/24/2026 20:46:04,1.17.3,StopSig,2,3.68,nan,1,>Left_Regular_trial,Left,608,755,384,272624249,nan,nan,nan
8/24/2026 20:46:05,1.17.3,StopSig,2,3.69,nan,1,Right_Regular_(correct),Left,608,756,384,272625284,nan,nan,nan
8/24/2026 20:46:05,1.17.3,StopSig,2,3.68,nan,1,RightDuringDispense,Left,608,757,384,272625284,nan,nan,0.04
8/24/2026 20:46:20,1.17.3,StopSig,2,3.68,7,1,Pellet,Left,608,757,385,272625284,1.31,40,nan
8/24/2026 20:46:37,1.17.3,StopSig,2,3.68,nan,1,>Left_Regular_trial,Left,609,757,385,272657141,nan,nan,nan
8/24/2026 20:46:38,1.17.3,StopSig,2,3.68,nan,1,Right_Regular_(correct),Left,609,758,385,272658030,nan,nan,nan
8/24/2026 20:46:38,1.17.3,StopSig,2,3.68,nan,1,RightDuringDispense,Left,609,759,385,272658030,nan,nan,0.09
8/24/2026 20:46:46,1.17.3,StopSig,2,3.68,5,1,Pellet,Left,609,759,386,272658030,0.65,26,nan
8/24/2026 20:47:04,1.17.3,StopSig,2,3.67,nan,1,>Left_Stop_trial,Left,610,759,386,272684215,nan,nan,nan
8/24/2026 20:47:08,1.17.3,StopSig,2,3.68,nan,1,NoPoke_STOP_(correct),Left,610,759,386,272687937,nan,nan,nan
8/24/2026 20:47:11,1.17.3,StopSig,2,3.68,3,1,Pellet,Left,610,759,387,272687937,0.53,25,nan
8/24/2026 21:27:14,1.17.3,StopSig,2,3.67,nan,1,Right_no_left,Left,610,760,387,272687937,nan,nan,nan
8/24/2026 21:27:17,1.17.3,StopSig,2,3.68,nan,1,Right_no_left,Left,610,761,387,275094496,nan,nan,nan
8/24/2026 21:27:21,1.17.3,StopSig,2,3.68,nan,1,>Left_Regular_trial,Left,611,761,387,275101002,nan,nan,nan
8/24/2026 21:27:22,1.17.3,StopSig,2,3.68,nan,1,Right_Regular_(correct),Left,611,762,387,275102625,nan,nan,nan
8/24/2026 21:27:23,1.17.3,StopSig,2,3.68,nan,1,RightDuringDispense,Left,611,763,387,275102625,nan,nan,0.73
8/24/2026 21:27:28,1.17.3,StopSig,2,3.68,3,1,Pellet,Left,611,763,388,275102625,0.06,2417,nan
8/24/2026 21:27:42,1.17.3,StopSig,2,3.68,nan,1,>Left_Stop_trial,Left,612,763,388,275122314,nan,nan,nan
8/24/2026 21:27:46,1.17.3,StopSig,2,3.67,nan,1,NoPoke_STOP_(correct),Left,612,763,388,275126036,nan,nan,nan
8/24/2026 21:27:49,1.17.3,StopSig,2,3.68,3,1,Pellet,Left,612,763,389,275126036,0.35,21,nan
8/24/2026 21:28:05,1.17.3,StopSig,2,3.68,nan,1,Right_no_left,Left,612,764,389,275126036,nan,nan,nan
8/24/2026 21:28:07,1.17.3,StopSig,2,3.69,nan,1,>Left_Regular_trial,Left,613,764,389,275147041,nan,nan,nan
8/24/2026 21:28:08,1.17.3,StopSig,2,3.69,nan,1,Right_Regular_(correct),Left,613,765,389,275148223,nan,nan,nan
8/24/2026 21:28:16,1.17.3,StopSig,2,3.68,4,1,Pellet,Left,613,765,390,275148223,1.37,27,nan
8/24/2026 21:28:41,1.17.3,StopSig,2,3.68,nan,1,Right_no_left,Left,613,766,390,275148223,nan,nan,nan
8/24/2026 21:28:41,1.17.3,StopSig,2,3.68,nan,1,Right_no_left,Left,613,767,390,275181249,nan,nan,nan
8/24/2026 21:28:49,1.17.3,StopSig,2,3.67,nan,1,>Left_Regular_trial,Left,614,767,390,275188946,nan,nan,nan
8/24/2026 21:28:50,1.17.3,StopSig,2,3.68,nan,1,Right_Regular_(correct),Left,614,768,390,275189831,nan,nan,nan
8/24/2026 21:28:50,1.17.3,StopSig,2,3.68,nan,1,RightDuringDispense,Left,614,769,390,275189831,nan,nan,0.06
8/24/2026 21:29:06,1.17.3,StopSig,2,3.68,5,1,Pellet,Left,614,769,391,275189831,8.21,50,nan
8/24/2026 21:29:24,1.17.3,StopSig,2,3.68,nan,1,Right_no_left,Left,614,770,391,275189831,nan,nan,nan
8/24/2026 21:29:27,1.17.3,StopSig,2,3.68,nan,1,>Left_Stop_trial,Left,615,770,391,275226404,nan,nan,nan
8/24/2026 21:29:30,1.17.3,StopSig,2,3.68,nan,1,NoPoke_STOP_(correct),Left,615,770,391,275230121,nan,nan,nan
8/24/2026 21:29:31,1.17.3,StopSig,2,3.68,2,1,Pellet,Left,615,770,392,275230121,0.29,25,nan
8/24/2026 21:29:44,1.17.3,StopSig,2,3.68,nan,1,Right_no_left,Left,615,771,392,275230121,nan,nan,nan
8/24/2026 21:29:45,1.17.3,StopSig,2,3.68,nan,1,Right_no_left,Left,615,772,392,275244430,nan,nan,nan
8/24/2026 21:29:46,1.17.3,StopSig,2,3.68,nan,1,>Left_Regular_trial,Left,616,772,392,275246647,nan,nan,nan
8/24/2026 21:29:48,1.17.3,StopSig,2,3.68,nan,1,Right_Regular_(correct),Left,616,773,392,275247976,nan,nan,nan
8/24/2026 21:29:58,1.17.3,StopSig,2,3.68,6,1,Pellet,Left,616,773,393,275247976,0.47,27,nan
8/24/2026 21:30:14,1.17.3,StopSig,2,3.68,nan,1,Right_no_left,Left,616,774,393,275247976,nan,nan,nan
8/24/2026 21:30:15,1.17.3,StopSig,2,3.68,nan,1,>Left_Regular_trial,Left,617,774,393,275275488,nan,nan,nan
8/24/2026 21:30:16,1.17.3,StopSig,2,3.68,nan,1,Right_Regular_(correct),Left,617,775,393,275276373,nan,nan,nan
8/24/2026 21:30:17,1.17.3,StopSig,2,3.68,2,1,Pellet,Left,617,775,394,275276373,0.11,19,nan
8/24/2026 21:37:14,1.17.3,StopSig,2,3.68,nan,1,>Left_Stop_trial,Left,618,775,394,275694069,nan,nan,nan
8/24/2026 21:37:18,1.17.3,StopSig,2,3.68,nan,1,NoPoke_STOP_(correct),Left,618,775,394,275698083,nan,nan,nan
8/24/2026 21:37:19,1.17.3,StopSig,2,3.68,2,1,Pellet,Left,618,775,395,275698083,0.59,422,nan
8/24/2026 21:53:34,1.17.3,StopSig,2,3.67,nan,1,>Left_Stop_trial,Left,619,775,395,276674366,nan,nan,nan
8/24/2026 21:53:38,1.17.3,StopSig,2,3.68,nan,1,NoPoke_STOP_(correct),Left,619,775,395,276678085,nan,nan,nan
8/24/2026 21:53:41,1.17.3,StopSig,2,3.68,2,1,Pellet,Left,619,775,396,276678085,0.59,982,nan
8/24/2026 22:13:20,1.17.3,StopSig,2,3.68,nan,1,Right_no_left,Left,619,776,396,276678085,nan,nan,nan
8/24/2026 22:17:42,1.17.3,StopSig,2,3.68,nan,1,>Left_Regular_trial,Left,620,776,396,278122766,nan,nan,nan
8/24/2026 22:17:46,1.17.3,StopSig,2,3.68,nan,1,NoPoke_Regular_(incorrect),Left,620,776,396,278126170,nan,nan,nan
8/24/2026 22:22:15,1.17.3,StopSig,2,3.68,nan,1,>Left_Regular_trial,Left,621,776,396,278395739,nan,nan,nan
8/24/2026 22:22:19,1.17.3,StopSig,2,3.68,nan,1,NoPoke_Regular_(incorrect),Left,621,776,396,278399144,nan,nan,nan
8/24/2026 22:24:50,1.17.3,StopSig,2,3.68,nan,1,>Left_Regular_trial,Left,622,776,396,278550073,nan,nan,nan
8/24/2026 22:24:51,1.17.3,StopSig,2,3.68,nan,1,Right_Regular_(correct),Left,622,777,396,278551700,nan,nan,nan
8/24/2026 22:24:57,1.17.3,StopSig,2,3.68,4,1,Pellet,Left,622,777,397,278551700,0.35,1876,nan
8/24/2026 22:25:09,1.17.3,StopSig,2,3.67,nan,1,>Left_Regular_trial,Left,623,777,397,278568921,nan,nan,nan
8/24/2026 22:25:09,1.17.3,StopSig,2,3.67,nan,1,Right_Regular_(correct),Left,623,778,397,278569658,nan,nan,nan
8/24/2026 22:25:10,1.17.3,StopSig,2,3.67,2,1,Pellet,Left,623,778,398,278569658,0.06,13,nan
8/24/2026 22:25:22,1.17.3,StopSig,2,3.68,nan,1,>Left_Regular_trial,Left,624,778,398,278582276,nan,nan,nan
8/24/2026 22:25:23,1.17.3,StopSig,2,3.67,nan,1,Right_Regular_(correct),Left,624,779,398,278583310,nan,nan,nan
8/24/2026 22:25:30,1.17.3,StopSig,2,3.68,3,1,Pellet,Left,624,779,399,278583310,4.61,20,nan
8/24/2026 22:25:47,1.17.3,StopSig,2,3.68,nan,1,Right_no_left,Left,624,780,399,278583310,nan,nan,nan
8/24/2026 22:25:48,1.17.3,StopSig,2,3.68,nan,1,>Left_Regular_trial,Left,625,780,399,278608686,nan,nan,nan
8/24/2026 22:25:50,1.17.3,StopSig,2,3.68,nan,1,Right_Regular_(correct),Left,625,781,399,278610018,nan,nan,nan
8/24/2026 22:25:50,1.17.3,StopSig,2,3.67,nan,1,RightDuringDispense,Left,625,782,399,278610018,nan,nan,0.04
8/24/2026 22:26:02,1.17.3,StopSig,2,3.67,5,1,Pellet,Left,625,782,400,278610018,4.43,32,nan
8/24/2026 22:26:18,1.17.3,StopSig,2,3.68,nan,1,>Left_Regular_trial,Left,626,782,400,278638105,nan,nan,nan
8/24/2026 22:26:19,1.17.3,StopSig,2,3.68,nan,1,Right_Regular_(correct),Left,626,783,400,278639587,nan,nan,nan
8/24/2026 22:26:20,1.17.3,StopSig,2,3.67,nan,1,RightDuringDispense,Left,626,784,400,278639587,nan,nan,0.10
8/24/2026 22:26:30,1.17.3,StopSig,2,3.68,5,1,Pellet,Left,626,784,401,278639587,1.19,28,nan
8/24/2026 22:26:48,1.17.3,StopSig,2,3.67,nan,1,Right_no_left,Left,626,785,401,278639587,nan,nan,nan
8/24/2026 22:26:50,1.17.3,StopSig,2,3.68,nan,1,>Left_Regular_trial,Left,627,785,401,278669887,nan,nan,nan
8/24/2026 22:26:53,1.17.3,StopSig,2,3.67,nan,1,NoPoke_Regular_(incorrect),Left,627,785,401,278673146,nan,nan,nan
8/24/2026 22:44:30,1.17.3,StopSig,2,3.67,nan,1,Right_no_left,Left,627,786,401,278673146,nan,nan,nan
8/24/2026 22:59:10,1.17.3,StopSig,2,3.67,nan,1,Right_no_left,Left,627,787,401,279730646,nan,nan,nan
8/24/2026 23:04:33,1.17.3,StopSig,2,3.67,nan,1,>Left_Regular_trial,Left,628,787,401,280933361,nan,nan,nan
8/24/2026 23:04:34,1.17.3,StopSig,2,3.68,nan,1,Right_Regular_(correct),Left,628,788,401,280934099,nan,nan,nan
8/24/2026 23:04:34,1.17.3,StopSig,2,3.67,nan,1,RightDuringDispense,Left,628,789,401,280934099,nan,nan,0.10
8/24/2026 23:04:39,1.17.3,StopSig,2,3.67,3,1,Pellet,Left,628,789,402,280934099,0.47,2289,nan
8/24/2026 23:04:58,1.17.3,StopSig,2,3.67,nan,1,Right_no_left,Left,628,790,402,280934099,nan,nan,nan
8/24/2026 23:05:00,1.17.3,StopSig,2,3.67,nan,1,>Left_Regular_trial,Left,629,790,402,280960136,nan,nan,nan
8/24/2026 23:05:04,1.17.3,StopSig,2,3.67,nan,1,NoPoke_Regular_(incorrect),Left,629,790,402,280964284,nan,nan,nan
8/24/2026 23:10:57,1.17.3,StopSig,2,3.67,nan,1,Right_no_left,Left,629,791,402,280964284,nan,nan,nan
8/24/2026 23:11:22,1.17.3,StopSig,2,3.67,nan,1,>Left_Regular_trial,Left,630,791,402,281342787,nan,nan,nan
8/24/2026 23:11:24,1.17.3,StopSig,2,3.68,nan,1,Right_Regular_(correct),Left,630,792,402,281344559,nan,nan,nan
8/24/2026 23:11:25,1.17.3,StopSig,2,3.67,2,1,Pellet,Left,630,792,403,281344559,0.06,406,nan
8/24/2026 23:11:36,1.17.3,StopSig,2,3.68,nan,1,Right_no_left,Left,630,793,403,281344559,nan,nan,nan
8/24/2026 23:11:40,1.17.3,StopSig,2,3.67,nan,1,Right_no_left,Left,630,794,403,281356565,nan,nan,nan
8/24/2026 23:11:41,1.17.3,StopSig,2,3.67,nan,1,>Left_Regular_trial,Left,631,794,403,281361742,nan,nan,nan
8/24/2026 23:11:42,1.17.3,StopSig,2,3.67,nan,1,Right_Regular_(correct),Left,631,795,403,281363069,nan,nan,nan
8/24/2026 23:11:46,1.17.3,StopSig,2,3.68,3,1,Pellet,Left,631,795,404,281363069,0.06,21,nan
8/24/2026 23:11:56,1.17.3,StopSig,2,3.67,nan,1,>Left_Regular_trial,Left,632,795,404,281376281,nan,nan,nan
8/24/2026 23:11:57,1.17.3,StopSig,2,3.67,nan,1,Right_Regular_(correct),Left,632,796,404,281377316,nan,nan,nan
8/24/2026 23:11:57,1.17.3,StopSig,2,3.68,nan,1,RightDuringDispense,Left,632,797,404,281377316,nan,nan,0.03
8/24/2026 23:12:00,1.17.3,StopSig,2,3.67,3,1,Pellet,Left,632,797,405,281377316,0.06,14,nan
8/24/2026 23:12:10,1.17.3,StopSig,2,3.67,nan,1,Right_no_left,Left,632,798,405,281377316,nan,nan,nan
8/24/2026 23:12:13,1.17.3,StopSig,2,3.67,nan,1,>Left_Regular_trial,Left,633,798,405,281393317,nan,nan,nan
8/24/2026 23:12:14,1.17.3,StopSig,2,3.67,nan,1,Right_Regular_(correct),Left,633,799,405,281394650,nan,nan,nan
8/24/2026 23:12:19,1.17.3,StopSig,2,3.67,4,1,Pellet,Left,633,799,406,281394650,0.12,19,nan
8/24/2026 23:12:29,1.17.3,StopSig,2,3.67,nan,1,>Left_Regular_trial,Left,634,799,406,281409903,nan,nan,nan
8/24/2026 23:12:30,1.17.3,StopSig,2,3.67,nan,1,Right_Regular_(correct),Left,634,800,406,281410937,nan,nan,nan
8/24/2026 23:12:32,1.17.3,StopSig,2,3.68,2,1,Pellet,Left,634,800,407,281410937,0.06,13,nan
8/24/2026 23:12:43,1.17.3,StopSig,2,3.67,nan,1,Right_no_left,Left,634,801,407,281410937,nan,nan,nan
8/24/2026 23:12:44,1.17.3,StopSig,2,3.67,nan,1,Right_no_left,Left,634,802,407,281423983,nan,nan,nan
8/24/2026 23:12:46,1.17.3,StopSig,2,3.68,nan,1,>Left_Regular_trial,Left,635,802,407,281426646,nan,nan,nan
8/24/2026 23:12:47,1.17.3,StopSig,2,3.67,nan,1,Right_Regular_(correct),Left,635,803,407,281427532,nan,nan,nan
8/24/2026 23:12:50,1.17.3,StopSig,2,3.67,3,1,Pellet,Left,635,803,408,281427532,0.06,18,nan
8/24/2026 23:13:00,1.17.3,StopSig,2,3.67,nan,1,>Left_Regular_trial,Left,636,803,408,281440689,nan,nan,nan
8/24/2026 23:13:01,1.17.3,StopSig,2,3.67,nan,1,Right_Regular_(correct),Left,636,804,408,281441724,nan,nan,nan
8/24/2026 23:13:11,1.17.3,StopSig,2,3.67,4,1,Pellet,Left,636,804,409,281441724,2.87,21,nan
8/24/2026 23:13:27,1.17.3,StopSig,2,3.67,nan,1,>Left_Regular_trial,Left,637,804,409,281467416,nan,nan,nan
8/24/2026 23:13:31,1.17.3,StopSig,2,3.67,nan,1,NoPoke_Regular_(incorrect),Left,637,804,409,281471266,nan,nan,nan
8/24/2026 23:24:27,1.17.3,StopSig,2,3.67,nan,1,>Left_Regular_trial,Left,638,804,409,282127002,nan,nan,nan
8/24/2026 23:24:30,1.17.3,StopSig,2,3.67,nan,1,NoPoke_Regular_(incorrect),Left,638,804,409,282130410,nan,nan,nan
8/24/2026 23:26:42,1.17.3,StopSig,2,3.67,nan,1,Right_no_left,Left,638,805,409,282130410,nan,nan,nan
8/24/2026 23:26:43,1.17.3,StopSig,2,3.67,nan,1,>Left_Regular_trial,Left,639,805,409,282263699,nan,nan,nan
8/24/2026 23:26:47,1.17.3,StopSig,2,3.68,nan,1,NoPoke_Regular_(incorrect),Left,639,805,409,282267408,nan,nan,nan
8/24/2026 23:27:34,1.17.3,StopSig,2,3.67,nan,1,>Left_Regular_trial,Left,640,805,409,282314488,nan,nan,nan
8/24/2026 23:27:38,1.17.3,StopSig,2,3.67,nan,1,NoPoke_Regular_(incorrect),Left,640,805,409,282318339,nan,nan,nan
8/24/2026 23:29:11,1.17.3,StopSig,2,3.67,nan,1,Right_no_left,Left,640,806,409,282318339,nan,nan,nan
8/24/2026 23:29:13,1.17.3,StopSig,2,3.67,nan,1,>Left_Regular_trial,Left,641,806,409,282413342,nan,nan,nan
8/24/2026 23:29:14,1.17.3,StopSig,2,3.67,nan,1,Right_Regular_(correct),Left,641,807,409,282414824,nan,nan,nan
8/24/2026 23:29:28,1.17.3,StopSig,2,3.67,3,1,Pellet,Left,641,807,410,282414824,8.63,977,nan
8/24/2026 23:29:41,1.17.3,StopSig,2,3.68,nan,1,>Left_Stop_trial,Left,642,807,410,282440955,nan,nan,nan
8/24/2026 23:29:44,1.17.3,StopSig,2,3.67,nan,1,NoPoke_STOP_(correct),Left,642,807,410,282444381,nan,nan,nan
8/24/2026 23:29:45,1.17.3,StopSig,2,3.67,1,1,Pellet,Left,642,807,411,282444381,0.29,17,nan
8/24/2026 23:30:00,1.17.3,StopSig,2,3.67,nan,1,Right_no_left,Left,642,808,411,282444381,nan,nan,nan
8/24/2026 23:30:13,1.17.3,StopSig,2,3.67,nan,1,Right_no_left,Left,642,809,411,282460713,nan,nan,nan
8/24/2026 23:30:16,1.17.3,StopSig,2,3.67,nan,1,>Left_Regular_trial,Left,643,809,411,282476262,nan,nan,nan
8/24/2026 23:30:17,1.17.3,StopSig,2,3.67,nan,1,Right_Regular_(correct),Left,643,810,411,282477147,nan,nan,nan
8/24/2026 23:30:24,1.17.3,StopSig,2,3.68,5,1,Pellet,Left,643,810,412,282477147,0.06,39,nan
8/24/2026 23:30:46,1.17.3,StopSig,2,3.67,nan,1,Right_no_left,Left,643,811,412,282477147,nan,nan,nan
8/24/2026 23:30:51,1.17.3,StopSig,2,3.67,nan,1,>Left_Regular_trial,Left,644,811,412,282511235,nan,nan,nan
8/24/2026 23:30:52,1.17.3,StopSig,2,3.67,nan,1,Right_Regular_(correct),Left,644,812,412,282512267,nan,nan,nan
8/24/2026 23:31:04,1.17.3,StopSig,2,3.67,7,1,Pellet,Left,644,812,413,282512267,0.06,40,nan
8/24/2026 23:31:13,1.17.3,StopSig,2,3.67,nan,1,>Left_Regular_trial,Left,645,812,413,282533446,nan,nan,nan
8/24/2026 23:31:14,1.17.3,StopSig,2,3.67,nan,1,Right_Regular_(correct),Left,645,813,413,282534338,nan,nan,nan
8/24/2026 23:31:14,1.17.3,StopSig,2,3.67,nan,1,RightDuringDispense,Left,645,814,413,282534338,nan,nan,0.05
8/24/2026 23:31:22,1.17.3,StopSig,2,3.67,5,1,Pellet,Left,645,814,414,282534338,0.71,18,nan
8/24/2026 23:31:36,1.17.3,StopSig,2,3.67,nan,1,>Left_Regular_trial,Left,646,814,414,282556313,nan,nan,nan
8/24/2026 23:31:37,1.17.3,StopSig,2,3.67,nan,1,Right_Regular_(correct),Left,646,815,414,282557641,nan,nan,nan
8/24/2026 23:31:39,1.17.3,StopSig,2,3.67,nan,1,RightDuringDispense,Left,646,816,414,282557641,nan,nan,1.24
8/24/2026 23:31:44,1.17.3,StopSig,2,3.67,3,1,Pellet,Left,646,816,415,282557641,0.23,22,nan
8/24/2026 23:31:55,1.17.3,StopSig,2,3.67,nan,1,>Left_Regular_trial,Left,647,816,415,282575091,nan,nan,nan
8/24/2026 23:31:58,1.17.3,StopSig,2,3.67,nan,1,NoPoke_Regular_(incorrect),Left,647,816,415,282578343,nan,nan,nan
8/24/2026 23:56:21,1.17.3,StopSig,2,3.67,nan,1,Right_no_left,Left,647,817,415,282578343,nan,nan,nan
8/24/2026 23:57:41,1.17.3,StopSig,2,3.67,nan,1,Right_no_left,Left,647,818,415,284041409,nan,nan,nan
8/24/2026 23:57:46,1.17.3,StopSig,2,3.67,nan,1,>Left_Stop_trial,Left,648,818,415,284125879,nan,nan,nan
8/24/2026 23:57:49,1.17.3,StopSig,2,3.67,nan,1,NoPoke_STOP_(correct),Left,648,818,415,284129452,nan,nan,nan
8/24/2026 23:57:50,1.17.3,StopSig,2,3.67,1,1,Pellet,Left,648,818,416,284129452,0.35,1566,nan
8/24/2026 23:58:01,1.17.3,StopSig,2,3.67,nan,1,Right_no_left,Left,648,819,416,284129452,nan,nan,nan
8/24/2026 23:58:03,1.17.3,StopSig,2,3.67,nan,1,>Left_Stop_trial,Left,649,819,416,284143260,nan,nan,nan
8/24/2026 23:58:07,1.17.3,StopSig,2,3.67,nan,1,NoPoke_STOP_(correct),Left,649,819,416,284147427,nan,nan,nan
8/24/2026 23:58:11,1.17.3,StopSig,2,3.67,2,1,Pellet,Left,649,819,417,284147427,1.07,21,nan
8/24/2026 23:58:25,1.17.3,StopSig,2,3.67,nan,1,Right_no_left,Left,649,820,417,284147427,nan,nan,nan
8/24/2026 23:58:25,1.17.3,StopSig,2,3.67,nan,1,Right_no_left,Left,649,821,417,284165580,nan,nan,nan
8/24/2026 23:58:26,1.17.3,StopSig,2,3.67,nan,1,>Left_Regular_trial,Left,650,821,417,284166764,nan,nan,nan
8/24/2026 23:58:28,1.17.3,StopSig,2,3.67,nan,1,Right_Regular_(correct),Left,650,822,417,284168982,nan,nan,nan
8/24/2026 23:58:41,1.17.3,StopSig,2,3.68,7,1,Pellet,Left,650,822,418,284168982,0.89,30,nan
8/24/2026 23:58:53,1.17.3,StopSig,2,3.67,nan,1,Right_no_left,Left,650,823,418,284168982,nan,nan,nan
8/24/2026 23:58:54,1.17.3,StopSig,2,3.67,nan,1,>Left_Regular_trial,Left,651,823,418,284194183,nan,nan,nan
8/24/2026 23:58:55,1.17.3,StopSig,2,3.67,nan,1,Right_Regular_(correct),Left,651,824,418,284195516,nan,nan,nan
8/24/2026 23:58:58,1.17.3,StopSig,2,3.67,3,1,Pellet,Left,651,824,419,284195516,0.06,17,nan
8/24/2026 23:59:07,1.17.3,StopSig,2,3.67,nan,1,Right_no_left,Left,651,825,419,284195516,nan,nan,nan
8/24/2026 23:59:08,1.17.3,StopSig,2,3.67,nan,1,>Left_Regular_trial,Left,652,825,419,284208668,nan,nan,nan
8/24/2026 23:59:09,1.17.3,StopSig,2,3.67,nan,1,Right_Regular_(correct),Left,652,826,419,284210148,nan,nan,nan
8/24/2026 23:59:19,1.17.3,StopSig,2,3.67,6,1,Pellet,Left,652,826,420,284210148,0.06,21,nan
8/24/2026 23:59:29,1.17.3,StopSig,2,3.67,nan,1,Right_no_left,Left,652,827,420,284210148,nan,nan,nan
8/24/2026 23:59:31,1.17.3,StopSig,2,3.67,nan,1,Right_no_left,Left,652,828,420,284229658,nan,nan,nan
8/24/2026 23:59:32,1.17.3,StopSig,2,3.67,nan,1,>Left_Regular_trial,Left,653,828,420,284232473,nan,nan,nan
8/24/2026 23:59:33,1.17.3,StopSig,2,3.67,nan,1,Right_Regular_(correct),Left,653,829,420,284233806,nan,nan,nan
8/24/2026 23:59:37,1.17.3,StopSig,2,3.67,3,1,Pellet,Left,653,829,421,284233806,0.06,17,nan
8/24/2026 23:59:39,1.17.3,StopSig,2,3.67,nan,1,>Left_Regular_trial,Left,654,829,421,284239144,nan,nan,nan
8/24/2026 23:59:42,1.17.3,StopSig,2,3.67,nan,1,NoPoke_Regular_(incorrect),Left,654,829,421,284242401,nan,nan,nan
8/25/2026 0:00:22,1.17.3,StopSig,2,3.67,nan,1,Right_no_left,Left,654,830,421,284242401,nan,nan,nan
8/25/2026 0:00:26,1.17.3,StopSig,2,3.67,nan,1,Right_no_left,Left,654,831,421,284282950,nan,nan,nan
8/25/2026 0:00:27,1.17.3,StopSig,2,3.67,nan,1,Right_no_left,Left,654,832,421,284286505,nan,nan,nan
8/25/2026 0:00:30,1.17.3,StopSig,2,3.67,nan,1,Right_no_left,Left,654,833,421,284287983,nan,nan,nan
8/25/2026 0:00:30,1.17.3,StopSig,2,3.67,nan,1,Right_no_left,Left,654,834,421,284290351,nan,nan,nan
8/25/2026 0:00:37,1.17.3,StopSig,2,3.67,nan,1,Right_no_left,Left,654,835,421,284290793,nan,nan,nan
8/25/2026 0:00:38,1.17.3,StopSig,2,3.67,nan,1,Right_no_left,Left,654,836,421,284297607,nan,nan,nan
8/25/2026 0:00:39,1.17.3,StopSig,2,3.67,nan,1,Right_no_left,Left,654,837,421,284298495,nan,nan,nan
8/25/2026 0:00:44,1.17.3,StopSig,2,3.67,nan,1,>Left_Regular_trial,Left,655,837,421,284304864,nan,nan,nan
8/25/2026 0:00:48,1.17.3,StopSig,2,3.68,nan,1,NoPoke_Regular_(incorrect),Left,655,837,421,284308419,nan,nan,nan
8/25/2026 0:16:02,1.17.3,StopSig,2,3.67,nan,1,Right_no_left,Left,655,838,421,284308419,nan,nan,nan
8/25/2026 0:16:34,1.17.3,StopSig,2,3.67,nan,1,Right_no_left,Left,655,839,421,285223265,nan,nan,nan
8/25/2026 0:16:36,1.17.3,StopSig,2,3.67,nan,1,Right_no_left,Left,655,840,421,285255138,nan,nan,nan
8/25/2026 0:16:37,1.17.3,StopSig,2,3.67,nan,1,Right_no_left,Left,655,841,421,285256765,nan,nan,nan
8/25/2026 0:16:39,1.17.3,StopSig,2,3.67,nan,1,Right_no_left,Left,655,842,421,285258095,nan,nan,nan
8/25/2026 0:16:42,1.17.3,StopSig,2,3.67,nan,1,Right_no_left,Left,655,843,421,285260313,nan,nan,nan
8/25/2026 0:16:43,1.17.3,StopSig,2,3.67,nan,1,Right_no_left,Left,655,844,421,285262680,nan,nan,nan
8/25/2026 0:16:46,1.17.3,StopSig,2,3.67,nan,1,>Left_Regular_trial,Left,656,844,421,285266087,nan,nan,nan
8/25/2026 0:16:47,1.17.3,StopSig,2,3.67,nan,1,Right_Regular_(correct),Left,656,845,421,285267417,nan,nan,nan
8/25/2026 0:16:52,1.17.3,StopSig,2,3.67,4,1,Pellet,Left,656,845,422,285267417,0.29,1036,nan
8/25/2026 0:17:01,1.17.3,StopSig,2,3.67,nan,1,>Left_Regular_trial,Left,657,845,422,285281119,nan,nan,nan
8/25/2026 0:17:03,1.17.3,StopSig,2,3.67,nan,1,Right_Regular_(correct),Left,657,846,422,285284078,nan,nan,nan
8/25/2026 0:17:05,1.17.3,StopSig,2,3.67,nan,1,RightDuringDispense,Left,657,847,422,285284078,nan,nan,1.17
8/25/2026 0:17:05,1.17.3,StopSig,2,3.58,nan,1,RightDuringDispense,Left,657,848,422,285284078,nan,nan,0.05
8/25/2026 0:17:09,1.17.3,StopSig,2,3.67,3,1,Pellet,Left,657,848,423,285284078,0.23,17,nan
8/25/2026 0:17:18,1.17.3,StopSig,2,3.67,nan,1,>Left_Stop_trial,Left,658,848,423,285298161,nan,nan,nan
8/25/2026 0:17:21,1.17.3,StopSig,2,3.67,nan,1,NoPoke_STOP_(correct),Left,658,848,423,285301442,nan,nan,nan
8/25/2026 0:17:24,1.17.3,StopSig,2,3.67,2,1,Pellet,Left,658,848,424,285301442,0.83,15,nan
8/25/2026 0:17:41,1.17.3,StopSig,2,3.67,nan,1,Right_no_left,Left,658,849,424,285301442,nan,nan,nan
8/25/2026 0:17:43,1.17.3,StopSig,2,3.67,nan,1,>Left_Regular_trial,Left,659,849,424,285323109,nan,nan,nan
8/25/2026 0:17:43,1.17.3,StopSig,2,3.67,nan,1,Right_Regular_(correct),Left,659,850,424,285324143,nan,nan,nan
8/25/2026 0:17:44,1.17.3,StopSig,2,3.67,nan,1,RightDuringDispense,Left,659,851,424,285324143,nan,nan,0.07
8/25/2026 0:17:49,1.17.3,StopSig,2,3.67,4,1,Pellet,Left,659,851,425,285324143,0.06,25,nan
8/25/2026 0:17:58,1.17.3,StopSig,2,3.67,nan,1,>Left_Regular_trial,Left,660,851,425,285338521,nan,nan,nan
8/25/2026 0:18:00,1.17.3,StopSig,2,3.67,nan,1,Right_Regular_(correct),Left,660,852,425,285340592,nan,nan,nan
8/25/2026 0:18:07,1.17.3,StopSig,2,3.67,3,1,Pellet,Left,660,852,426,285340592,4.43,18,nan
8/25/2026 0:18:22,1.17.3,StopSig,2,3.67,nan,1,Right_no_left,Left,660,853,426,285340592,nan,nan,nan
8/25/2026 0:18:25,1.17.3,StopSig,2,3.67,nan,1,>Left_Regular_trial,Left,661,853,426,285365561,nan,nan,nan
8/25/2026 0:18:26,1.17.3,StopSig,2,3.67,nan,1,Right_Regular_(correct),Left,661,854,426,285366299,nan,nan,nan
8/25/2026 0:18:26,1.17.3,StopSig,2,3.67,nan,1,RightDuringDispense,Left,661,855,426,285366299,nan,nan,0.03
8/25/2026 0:18:27,1.17.3,StopSig,2,3.67,2,1,Pellet,Left,661,855,427,285366299,0.06,20,nan
8/25/2026 0:18:34,1.17.3,StopSig,2,3.67,nan,1,>Left_Regular_trial,Left,662,855,427,285374451,nan,nan,nan
8/25/2026 0:18:35,1.17.3,StopSig,2,3.67,nan,1,Right_Regular_(correct),Left,662,856,427,285375637,nan,nan,nan
8/25/2026 0:18:43,1.17.3,StopSig,2,3.67,5,1,Pellet,Left,662,856,428,285375637,0.23,16,nan
8/25/2026 0:18:53,1.17.3,StopSig,2,3.67,nan,1,>Left_Regular_trial,Left,663,856,428,285393343,nan,nan,nan
8/25/2026 0:18:54,1.17.3,StopSig,2,3.67,nan,1,Right_Regular_(correct),Left,663,857,428,285394378,nan,nan,nan
8/25/2026 0:19:03,1.17.3,StopSig,2,3.67,2,1,Pellet,Left,663,857,429,285394378,6.29,20,nan
8/25/2026 0:19:19,1.17.3,StopSig,2,3.67,nan,1,Right_no_left,Left,663,858,429,285394378,nan,nan,nan
8/25/2026 0:26:47,1.17.3,StopSig,2,3.67,nan,1,>Left_Stop_trial,Left,664,858,429,285867665,nan,nan,nan
8/25/2026 0:26:51,1.17.3,StopSig,2,3.67,nan,1,NoPoke_STOP_(correct),Left,664,858,429,285871543,nan,nan,nan
8/25/2026 0:27:06,1.17.3,StopSig,2,3.67,8,1,Pellet,Left,664,858,430,285871543,0.95,483,nan
8/25/2026 0:27:23,1.17.3,StopSig,2,3.67,nan,1,Right_no_left,Left,664,859,430,285871543,nan,nan,nan
8/25/2026 0:27:24,1.17.3,StopSig,2,3.67,nan,1,Right_no_left,Left,664,860,430,285904264,nan,nan,nan
8/25/2026 0:30:50,1.17.3,StopSig,2,3.67,nan,1,Right_no_left,Left,664,861,430,285905151,nan,nan,nan
8/25/2026 2:33:59,1.17.3,StopSig,2,3.67,nan,1,Right_no_left,Left,664,862,430,286111009,nan,nan,nan
8/25/2026 2:34:43,1.17.3,StopSig,2,3.67,nan,1,>Left_Stop_trial,Left,665,862,430,293543294,nan,nan,nan
8/25/2026 2:34:46,1.17.3,StopSig,2,3.67,nan,1,NoPoke_STOP_(correct),Left,665,862,430,293546875,nan,nan,nan
8/25/2026 2:35:03,1.17.3,StopSig,2,3.67,8,1,Pellet,Left,665,862,431,293546875,0.95,7676,nan
8/25/2026 2:43:15,1.17.3,StopSig,2,3.67,nan,1,Right_no_left,Left,665,863,431,293546875,nan,nan,nan
8/25/2026 2:45:34,1.17.3,StopSig,2,3.67,nan,1,>Left_Regular_trial,Left,666,863,431,294194939,nan,nan,nan
8/25/2026 2:45:35,1.17.3,StopSig,2,3.67,nan,1,Right_Regular_(correct),Left,666,864,431,294195974,nan,nan,nan
8/25/2026 2:45:35,1.17.3,StopSig,2,3.67,nan,1,RightDuringDispense,Left,666,865,431,294195974,nan,nan,0.33
8/25/2026 2:45:37,1.17.3,StopSig,2,3.67,1,1,Pellet,Left,666,865,432,294195974,0.41,635,nan
8/25/2026 2:45:50,1.17.3,StopSig,2,3.67,nan,1,Right_no_left,Left,666,866,432,294195974,nan,nan,nan
8/25/2026 2:45:52,1.17.3,StopSig,2,3.67,nan,1,Right_no_left,Left,666,867,432,294210911,nan,nan,nan
8/25/2026 2:45:53,1.17.3,StopSig,2,3.67,nan,1,>Left_Regular_trial,Left,667,867,432,294214173,nan,nan,nan
8/25/2026 2:45:54,1.17.3,StopSig,2,3.67,nan,1,Right_Regular_(correct),Left,667,868,432,294214763,nan,nan,nan
8/25/2026 2:45:59,1.17.3,StopSig,2,3.66,3,1,Pellet,Left,667,868,433,294214763,0.06,22,nan
8/25/2026 2:46:08,1.17.3,StopSig,2,3.66,nan,1,Right_no_left,Left,667,869,433,294214763,nan,nan,nan
8/25/2026 2:46:08,1.17.3,StopSig,2,3.67,nan,1,Right_no_left,Left,667,870,433,294229256,nan,nan,nan
8/25/2026 2:46:10,1.17.3,StopSig,2,3.66,nan,1,>Left_Regular_trial,Left,668,870,433,294231180,nan,nan,nan
8/25/2026 2:46:11,1.17.3,StopSig,2,3.67,nan,1,Right_Regular_(correct),Left,668,871,433,294231919,nan,nan,nan
8/25/2026 2:46:21,1.17.3,StopSig,2,3.67,4,1,Pellet,Left,668,871,434,294231919,5.09,22,nan
8/25/2026 2:46:36,1.17.3,StopSig,2,3.67,nan,1,Right_no_left,Left,668,872,434,294231919,nan,nan,nan
8/25/2026 2:46:38,1.17.3,StopSig,2,3.67,nan,1,>Left_Regular_trial,Left,669,872,434,294259077,nan,nan,nan
8/25/2026 2:46:39,1.17.3,StopSig,2,3.67,nan,1,Right_Regular_(correct),Left,669,873,434,294259963,nan,nan,nan
8/25/2026 2:46:40,1.17.3,StopSig,2,3.67,2,1,Pellet,Left,669,873,435,294259963,0.06,19,nan
8/25/2026 2:46:54,1.17.3,StopSig,2,3.67,nan,1,Right_no_left,Left,669,874,435,294259963,nan,nan,nan
8/25/2026 2:46:56,1.17.3,StopSig,2,3.66,nan,1,>Left_Stop_trial,Left,670,874,435,294276324,nan,nan,nan
8/25/2026 2:46:59,1.17.3,StopSig,2,3.67,nan,1,NoPoke_STOP_(correct),Left,670,874,435,294279900,nan,nan,nan
8/25/2026 2:47:00,1.17.3,StopSig,2,3.67,1,1,Pellet,Left,670,874,436,294279900,0.35,20,nan
8/25/2026 2:47:20,1.17.3,StopSig,2,3.67,nan,1,Right_no_left,Left,670,875,436,294279900,nan,nan,nan
8/25/2026 2:54:04,1.17.3,StopSig,2,3.67,nan,1,Right_no_left,Left,670,876,436,294301623,nan,nan,nan
8/25/2026 2:54:08,1.17.3,StopSig,2,3.67,nan,1,>Left_Regular_trial,Left,671,876,436,294708640,nan,nan,nan
8/25/2026 2:54:11,1.17.3,StopSig,2,3.67,nan,1,NoPoke_Regular_(incorrect),Left,671,876,436,294711896,nan,nan,nan
8/25/2026 2:55:55,1.17.3,StopSig,2,3.67,nan,1,>Left_Regular_trial,Left,672,876,436,294816323,nan,nan,nan
8/25/2026 2:55:59,1.17.3,StopSig,2,3.67,nan,1,NoPoke_Regular_(incorrect),Left,672,876,436,294819880,nan,nan,nan
8/25/2026 2:59:43,1.17.3,StopSig,2,3.66,nan,1,>Left_Regular_trial,Left,673,876,436,295043937,nan,nan,nan
8/25/2026 2:59:45,1.17.3,StopSig,2,3.67,nan,1,Right_Regular_(correct),Left,673,877,436,295046158,nan,nan,nan
8/25/2026 2:59:45,1.17.3,StopSig,2,3.67,nan,1,RightDuringDispense,Left,673,878,436,295046158,nan,nan,0.02
8/25/2026 2:59:55,1.17.3,StopSig,2,3.67,6,1,Pellet,Left,673,878,437,295046158,0.47,775,nan
8/25/2026 3:00:07,1.17.3,StopSig,2,3.67,nan,1,>Left_Stop_trial,Left,674,878,437,295067403,nan,nan,nan
8/25/2026 3:00:10,1.17.3,StopSig,2,3.67,nan,1,NoPoke_STOP_(correct),Left,674,878,437,295070833,nan,nan,nan
8/25/2026 3:00:15,1.17.3,StopSig,2,3.67,3,1,Pellet,Left,674,878,438,295070833,0.47,20,nan
8/25/2026 3:00:28,1.17.3,StopSig,2,3.66,nan,1,>Left_Stop_trial,Left,675,878,438,295088811,nan,nan,nan
8/25/2026 3:00:32,1.17.3,StopSig,2,3.67,nan,1,NoPoke_STOP_(correct),Left,675,878,438,295092835,nan,nan,nan
8/25/2026 3:00:40,1.17.3,StopSig,2,3.67,5,1,Pellet,Left,675,878,439,295092835,0.35,25,nan
8/25/2026 3:00:50,1.17.3,StopSig,2,3.67,nan,1,>Left_Regular_trial,Left,676,878,439,295111368,nan,nan,nan
8/25/2026 3:00:52,1.17.3,StopSig,2,3.67,nan,1,Right_Regular_(correct),Left,676,879,439,295112699,nan,nan,nan
8/25/2026 3:00:59,1.17.3,StopSig,2,3.66,3,1,Pellet,Left,676,879,440,295112699,4.31,19,nan
8/25/2026 3:01:17,1.17.3,StopSig,2,3.67,nan,1,>Left_Regular_trial,Left,677,879,440,295138242,nan,nan,nan
8/25/2026 3:01:18,1.17.3,StopSig,2,3.67,nan,1,Right_Regular_(correct),Left,677,880,440,295139423,nan,nan,nan
8/25/2026 3:01:28,1.17.3,StopSig,2,3.67,6,1,Pellet,Left,677,880,441,295139423,0.06,29,nan
8/25/2026 3:01:39,1.17.3,StopSig,2,3.67,nan,1,>Left_Regular_trial,Left,678,880,441,295159949,nan,nan,nan
8/25/2026 3:01:40,1.17.3,StopSig,2,3.66,nan,1,Right_Regular_(correct),Left,678,881,441,295161131,nan,nan,nan
8/25/2026 3:01:43,1.17.3,StopSig,2,3.66,3,1,Pellet,Left,678,881,442,295161131,0.06,15,nan
8/25/2026 3:01:58,1.17.3,StopSig,2,3.67,nan,1,>Left_Stop_trial,Left,679,881,442,295178252,nan,nan,nan
8/25/2026 3:02:01,1.17.3,StopSig,2,3.67,nan,1,NoPoke_STOP_(correct),Left,679,881,442,295181829,nan,nan,nan
8/25/2026 3:02:08,1.17.3,StopSig,2,3.67,5,1,Pellet,Left,679,881,443,295181829,0.29,25,nan
8/25/2026 3:02:20,1.17.3,StopSig,2,3.67,nan,1,>Left_Stop_trial,Left,680,881,443,295200728,nan,nan,nan
8/25/2026 3:02:24,1.17.3,StopSig,2,3.67,nan,1,NoPoke_STOP_(correct),Left,680,881,443,295204899,nan,nan,nan
8/25/2026 3:02:25,1.17.3,StopSig,2,3.67,2,1,Pellet,Left,680,881,444,295204899,0.35,17,nan
8/25/2026 3:02:38,1.17.3,StopSig,2,3.67,nan,1,>Left_Stop_trial,Left,681,881,444,295219170,nan,nan,nan
8/25/2026 3:02:42,1.17.3,StopSig,2,3.67,nan,1,NoPoke_STOP_(correct),Left,681,881,444,295222893,nan,nan,nan
8/25/2026 3:02:43,1.17.3,StopSig,2,3.67,1,1,Pellet,Left,681,881,445,295222893,0.29,18,nan
8/25/2026 3:02:54,1.17.3,StopSig,2,3.67,nan,1,>Left_Regular_trial,Left,682,881,445,295235410,nan,nan,nan
8/25/2026 3:02:55,1.17.3,StopSig,2,3.66,nan,1,Right_Regular_(correct),Left,682,882,445,295236445,nan,nan,nan
8/25/2026 3:02:56,1.17.3,StopSig,2,3.67,nan,1,RightDuringDispense,Left,682,883,445,295236445,nan,nan,0.09
8/25/2026 3:03:03,1.17.3,StopSig,2,3.67,5,1,Pellet,Left,682,883,446,295236445,0.06,20,nan
8/25/2026 3:03:15,1.17.3,StopSig,2,3.67,nan,1,>Left_Regular_trial,Left,683,883,446,295256321,nan,nan,nan
8/25/2026 3:03:17,1.17.3,StopSig,2,3.67,nan,1,Right_Regular_(correct),Left,683,884,446,295258099,nan,nan,nan
8/25/2026 3:03:30,1.17.3,StopSig,2,3.66,4,1,Pellet,Left,683,884,447,295258099,6.29,27,nan
8/25/2026 3:03:47,1.17.3,StopSig,2,3.67,nan,1,Right_no_left,Left,683,885,447,295258099,nan,nan,nan
8/25/2026 3:04:11,1.17.3,StopSig,2,3.67,nan,1,Right_no_left,Left,683,886,447,295288081,nan,nan,nan
8/25/2026 3:04:11,1.17.3,StopSig,2,3.67,nan,1,Right_no_left,Left,683,887,447,295311962,nan,nan,nan
8/25/2026 3:11:40,1.17.3,StopSig,2,3.66,nan,1,>Left_Regular_trial,Left,684,887,447,295760929,nan,nan,nan
8/25/2026 3:11:44,1.17.3,StopSig,2,3.66,nan,1,NoPoke_Regular_(incorrect),Left,684,887,447,295764923,nan,nan,nan
8/25/2026 5:00:51,1.17.3,StopSig,2,3.66,nan,1,>Left_Regular_trial,Left,685,887,447,302312094,nan,nan,nan
8/25/2026 5:00:55,1.17.3,StopSig,2,3.66,nan,1,NoPoke_Regular_(incorrect),Left,685,887,447,302316244,nan,nan,nan
8/25/2026 5:01:36,1.17.3,StopSig,2,3.66,nan,1,Right_no_left,Left,685,888,447,302316244,nan,nan,nan
8/25/2026 5:05:05,1.17.3,StopSig,2,3.66,nan,1,Right_no_left,Left,685,889,447,302357677,nan,nan,nan
8/25/2026 5:09:53,1.17.3,StopSig,2,3.66,nan,1,>Left_Regular_trial,Left,686,889,447,302854828,nan,nan,nan
8/25/2026 5:09:57,1.17.3,StopSig,2,3.66,nan,1,NoPoke_Regular_(incorrect),Left,686,889,447,302858241,nan,nan,nan
8/25/2026 5:11:09,1.17.3,StopSig,2,3.66,nan,1,Right_no_left,Left,686,890,447,302858241,nan,nan,nan
8/25/2026 5:13:59,1.17.3,StopSig,2,3.66,nan,1,>Left_Stop_trial,Left,687,890,447,303099650,nan,nan,nan
8/25/2026 5:14:02,1.17.3,StopSig,2,3.66,nan,1,NoPoke_STOP_(correct),Left,687,890,447,303103225,nan,nan,nan
8/25/2026 5:14:03,1.17.3,StopSig,2,3.66,1,1,Pellet,Left,687,890,448,303103225,0.41,7833,nan
8/25/2026 5:14:18,1.17.3,StopSig,2,3.66,nan,1,Right_no_left,Left,687,891,448,303103225,nan,nan,nan
8/25/2026 5:14:20,1.17.3,StopSig,2,3.66,nan,1,>Left_Regular_trial,Left,688,891,448,303121336,nan,nan,nan
8/25/2026 5:14:21,1.17.3,StopSig,2,3.66,nan,1,Right_Regular_(correct),Left,688,892,448,303122222,nan,nan,nan
8/25/2026 5:14:26,1.17.3,StopSig,2,3.66,4,1,Pellet,Left,688,892,449,303122222,0.06,23,nan
8/25/2026 5:14:38,1.17.3,StopSig,2,3.66,nan,1,Right_no_left,Left,688,893,449,303122222,nan,nan,nan
8/25/2026 5:14:40,1.17.3,StopSig,2,3.67,nan,1,>Left_Stop_trial,Left,689,893,449,303140882,nan,nan,nan
8/25/2026 5:14:43,1.17.3,StopSig,2,3.66,nan,1,NoPoke_STOP_(correct),Left,689,893,449,303144310,nan,nan,nan
8/25/2026 5:14:46,1.17.3,StopSig,2,3.66,3,1,Pellet,Left,689,893,450,303144310,0.59,20,nan
8/25/2026 5:14:55,1.17.3,StopSig,2,3.66,nan,1,Right_no_left,Left,689,894,450,303144310,nan,nan,nan
8/25/2026 5:14:55,1.17.3,StopSig,2,3.66,nan,1,Right_no_left,Left,689,895,450,303156672,nan,nan,nan
8/25/2026 5:14:57,1.17.3,StopSig,2,3.66,nan,1,>Left_Regular_trial,Left,690,895,450,303158006,nan,nan,nan
8/25/2026 5:14:58,1.17.3,StopSig,2,3.66,nan,1,Right_Regular_(correct),Left,690,896,450,303159040,nan,nan,nan
8/25/2026 5:14:58,1.17.3,StopSig,2,3.57,nan,1,RightDuringDispense,Left,690,897,450,303159040,nan,nan,0.01
8/25/2026 5:14:59,1.17.3,StopSig,2,3.65,1,1,Pellet,Left,690,897,451,303159040,0.06,12,nan
8/25/2026 5:15:09,1.17.3,StopSig,2,3.66,nan,1,>Left_Regular_trial,Left,691,897,451,303170683,nan,nan,nan
8/25/2026 5:15:10,1.17.3,StopSig,2,3.66,nan,1,Right_Regular_(correct),Left,691,898,451,303171718,nan,nan,nan
8/25/2026 5:15:13,1.17.3,StopSig,2,3.66,2,1,Pellet,Left,691,898,452,303171718,1.91,15,nan
8/25/2026 5:15:25,1.17.3,StopSig,2,3.66,nan,1,>Left_Regular_trial,Left,692,898,452,303186402,nan,nan,nan
8/25/2026 5:15:26,1.17.3,StopSig,2,3.66,nan,1,Right_Regular_(correct),Left,692,899,452,303187289,nan,nan,nan
8/25/2026 5:15:41,1.17.3,StopSig,2,3.66,5,1,Pellet,Left,692,899,453,303187289,5.69,28,nan
8/25/2026 5:16:01,1.17.3,StopSig,2,3.66,nan,1,>Left_Regular_trial,Left,693,899,453,303222508,nan,nan,nan
8/25/2026 5:16:02,1.17.3,StopSig,2,3.66,nan,1,Right_Regular_(correct),Left,693,900,453,303223988,nan,nan,nan
8/25/2026 5:16:03,1.17.3,StopSig,2,3.66,nan,1,RightDuringDispense,Left,693,901,453,303223988,nan,nan,0.02
8/25/2026 5:16:15,1.17.3,StopSig,2,3.66,7,1,Pellet,Left,693,901,454,303223988,0.35,34,nan
8/25/2026 5:19:19,1.17.3,StopSig,2,3.66,nan,1,Right_no_left,Left,693,902,454,303223988,nan,nan,nan
8/25/2026 5:19:20,1.17.3,StopSig,2,3.65,nan,1,Right_no_left,Left,693,903,454,303421115,nan,nan,nan
8/25/2026 5:19:32,1.17.3,StopSig,2,3.66,nan,1,>Left_Regular_trial,Left,694,903,454,303432969,nan,nan,nan
8/25/2026 5:19:35,1.17.3,StopSig,2,3.66,nan,1,NoPoke_Regular_(incorrect),Left,694,903,454,303436225,nan,nan,nan
8/25/2026 5:21:51,1.17.3,StopSig,2,3.66,nan,1,>Left_Regular_trial,Left,695,903,454,303572827,nan,nan,nan
8/25/2026 5:21:55,1.17.3,StopSig,2,3.66,nan,1,NoPoke_Regular_(incorrect),Left,695,903,454,303576233,nan,nan,nan
8/25/2026 5:25:37,1.17.3,StopSig,2,3.66,nan,1,>Left_Regular_trial,Left,696,903,454,303798334,nan,nan,nan
8/25/2026 5:25:41,1.17.3,StopSig,2,3.66,nan,1,NoPoke_Regular_(incorrect),Left,696,903,454,303802337,nan,nan,nan
8/25/2026 5:28:51,1.17.3,StopSig,2,3.66,nan,1,Right_no_left,Left,696,904,454,303802337,nan,nan,nan
8/25/2026 5:30:54,1.17.3,StopSig,2,3.66,nan,1,Right_no_left,Left,696,905,454,303992588,nan,nan,nan
8/25/2026 5:30:56,1.17.3,StopSig,2,3.66,nan,1,Right_no_left,Left,696,906,454,304115846,nan,nan,nan
8/25/2026 5:41:09,1.17.3,StopSig,2,3.66,nan,1,>Left_Regular_trial,Left,697,906,454,304730388,nan,nan,nan
8/25/2026 5:41:13,1.17.3,StopSig,2,3.66,nan,1,NoPoke_Regular_(incorrect),Left,697,906,454,304734385,nan,nan,nan
8/25/2026 5:46:09,1.17.3,StopSig,2,3.66,nan,1,>Left_Regular_trial,Left,698,906,454,305030203,nan,nan,nan
8/25/2026 5:46:13,1.17.3,StopSig,2,3.66,nan,1,NoPoke_Regular_(incorrect),Left,698,906,454,305034354,nan,nan,nan
8/25/2026 5:48:38,1.17.3,StopSig,2,3.66,nan,1,>Left_Regular_trial,Left,699,906,454,305179798,nan,nan,nan
8/25/2026 5:48:42,1.17.3,StopSig,2,3.66,nan,1,NoPoke_Regular_(incorrect),Left,699,906,454,305183355,nan,nan,nan
8/25/2026 5:51:25,1.17.3,StopSig,2,3.65,nan,1,>Left_Regular_trial,Left,700,906,454,305345994,nan,nan,nan
8/25/2026 5:51:28,1.17.3,StopSig,2,3.66,nan,1,NoPoke_Regular_(incorrect),Left,700,906,454,305349398,nan,nan,nan
8/25/2026 5:52:30,1.17.3,StopSig,2,3.66,nan,1,>Left_Regular_trial,Left,701,906,454,305411448,nan,nan,nan
8/25/2026 5:52:34,1.17.3,StopSig,2,3.65,nan,1,NoPoke_Regular_(incorrect),Left,701,906,454,305415299,nan,nan,nan
8/25/2026 5:53:05,1.17.3,StopSig,2,3.67,nan,1,Right_no_left,Left,701,907,454,305415299,nan,nan,nan
8/25/2026 5:53:07,1.17.3,StopSig,2,3.65,nan,1,>Left_Regular_trial,Left,702,907,454,305448578,nan,nan,nan
8/25/2026 5:53:08,1.17.3,StopSig,2,3.66,nan,1,Right_Regular_(correct),Left,702,908,454,305449464,nan,nan,nan
8/25/2026 5:53:19,1.17.3,StopSig,2,3.66,3,1,Pellet,Left,702,908,455,305449464,6.47,2224,nan
8/25/2026 5:53:41,1.17.3,StopSig,2,3.66,nan,1,>Left_Regular_trial,Left,703,908,455,305482369,nan,nan,nan
8/25/2026 5:53:44,1.17.3,StopSig,2,3.66,nan,1,Right_Regular_(correct),Left,703,909,455,305485629,nan,nan,nan
8/25/2026 5:53:52,1.17.3,StopSig,2,3.66,5,1,Pellet,Left,703,909,456,305485629,0.12,33,nan
8/25/2026 5:54:02,1.17.3,StopSig,2,3.66,nan,1,Right_no_left,Left,703,910,456,305485629,nan,nan,nan
8/25/2026 5:54:04,1.17.3,StopSig,2,3.66,nan,1,Right_no_left,Left,703,911,456,305503473,nan,nan,nan
8/25/2026 5:54:08,1.17.3,StopSig,2,3.65,nan,1,>Left_Regular_trial,Left,704,911,456,305509099,nan,nan,nan
8/25/2026 5:54:08,1.17.3,StopSig,2,3.66,nan,1,Right_Regular_(correct),Left,704,912,456,305509984,nan,nan,nan
8/25/2026 5:54:16,1.17.3,StopSig,2,3.66,4,1,Pellet,Left,704,912,457,305509984,0.83,24,nan
8/25/2026 5:54:32,1.17.3,StopSig,2,3.65,nan,1,>Left_Regular_trial,Left,705,912,457,305533111,nan,nan,nan
8/25/2026 5:54:35,1.17.3,StopSig,2,3.66,nan,1,NoPoke_Regular_(incorrect),Left,705,912,457,305536366,nan,nan,nan
8/25/2026 8:14:01,1.17.3,StopSig,2,3.65,nan,1,>Left_Regular_trial,Left,706,912,457,313902660,nan,nan,nan
8/25/2026 8:14:02,1.17.3,StopSig,2,3.65,nan,1,Right_Regular_(correct),Left,706,913,457,313903989,nan,nan,nan
8/25/2026 8:14:02,1.17.3,StopSig,2,3.65,nan,1,RightDuringDispense,Left,706,914,457,313903989,nan,nan,0.03
8/25/2026 8:14:08,1.17.3,StopSig,2,3.65,4,1,Pellet,Left,706,914,458,313903989,0.29,8392,nan
8/25/2026 8:14:24,1.17.3,StopSig,2,3.65,nan,1,>Left_Regular_trial,Left,707,914,458,313925603,nan,nan,nan
8/25/2026 8:14:25,1.17.3,StopSig,2,3.66,nan,1,Right_Regular_(correct),Left,707,915,458,313926490,nan,nan,nan
8/25/2026 8:14:26,1.17.3,StopSig,2,3.65,2,1,Pellet,Left,707,915,459,313926490,0.23,18,nan
8/25/2026 8:14:40,1.17.3,StopSig,2,3.65,nan,1,>Left_Regular_trial,Left,708,915,459,313941897,nan,nan,nan
8/25/2026 8:14:41,1.17.3,StopSig,2,3.65,nan,1,Right_Regular_(correct),Left,708,916,459,313942634,nan,nan,nan
8/25/2026 8:14:42,1.17.3,StopSig,2,3.66,2,1,Pellet,Left,708,916,460,313942634,0.06,16,nan
8/25/2026 8:14:53,1.17.3,StopSig,2,3.65,nan,1,Right_no_left,Left,708,917,460,313942634,nan,nan,nan
8/25/2026 8:14:56,1.17.3,StopSig,2,3.65,nan,1,>Left_Regular_trial,Left,709,917,460,313957416,nan,nan,nan
8/25/2026 8:14:58,1.17.3,StopSig,2,3.65,nan,1,Right_Regular_(correct),Left,709,918,460,313960225,nan,nan,nan
8/25/2026 8:15:08,1.17.3,StopSig,2,3.65,6,1,Pellet,Left,709,918,461,313960225,0.29,26,nan
8/25/2026 8:15:32,1.17.3,StopSig,2,3.65,nan,1,Right_no_left,Left,709,919,461,313960225,nan,nan,nan
8/25/2026 8:20:48,1.17.3,StopSig,2,3.65,nan,1,>Left_Regular_trial,Left,710,919,461,314309485,nan,nan,nan
8/25/2026 8:20:51,1.17.3,StopSig,2,3.65,nan,1,NoPoke_Regular_(incorrect),Left,710,919,461,314312738,nan,nan,nan
8/25/2026 8:21:56,1.17.3,StopSig,2,3.65,nan,1,Right_no_left,Left,710,920,461,314312738,nan,nan,nan
8/25/2026 8:22:30,1.17.3,StopSig,2,3.65,nan,1,Right_no_left,Left,710,921,461,314378253,nan,nan,nan
8/25/2026 8:22:32,1.17.3,StopSig,2,3.65,nan,1,>Left_Regular_trial,Left,711,921,461,314413499,nan,nan,nan
8/25/2026 8:22:35,1.17.3,StopSig,2,3.65,nan,1,NoPoke_Regular_(incorrect),Left,711,921,461,314416753,nan,nan,nan
8/25/2026 8:28:18,1.17.3,StopSig,2,3.65,nan,1,Right_no_left,Left,711,922,461,314416753,nan,nan,nan
8/25/2026 8:32:38,1.17.3,StopSig,2,3.65,nan,1,>Left_Regular_trial,Left,712,922,461,315019828,nan,nan,nan
8/25/2026 8:32:42,1.17.3,StopSig,2,3.65,nan,1,NoPoke_Regular_(incorrect),Left,712,922,461,315023824,nan,nan,nan
8/25/2026 8:35:43,1.17.3,StopSig,2,3.65,nan,1,Right_no_left,Left,712,923,461,315023824,nan,nan,nan
8/25/2026 10:36:29,1.17.3,StopSig,2,3.65,nan,1,Right_no_left,Left,712,924,461,315204907,nan,nan,nan
8/25/2026 10:38:48,1.17.3,StopSig,2,3.65,nan,1,>Left_Regular_trial,Left,713,924,461,322590352,nan,nan,nan
8/25/2026 10:38:52,1.17.3,StopSig,2,3.65,nan,1,NoPoke_Regular_(incorrect),Left,713,924,461,322594048,nan,nan,nan
8/25/2026 10:43:52,1.17.3,StopSig,2,3.65,nan,1,Right_no_left,Left,713,925,461,322594048,nan,nan,nan
8/25/2026 10:44:57,1.17.3,StopSig,2,3.65,nan,1,>Left_Stop_trial,Left,714,925,461,322959249,nan,nan,nan
8/25/2026 10:45:01,1.17.3,StopSig,2,3.65,nan,1,NoPoke_STOP_(correct),Left,714,925,461,322963113,nan,nan,nan
8/25/2026 10:45:05,1.17.3,StopSig,2,3.65,3,1,Pellet,Left,714,925,462,322963113,1.01,8997,nan
8/25/2026 10:48:00,1.17.3,StopSig,2,3.65,nan,1,Right_no_left,Left,714,926,462,322963113,nan,nan,nan
8/25/2026 10:56:17,1.17.3,StopSig,2,3.65,nan,1,>Left_Regular_trial,Left,715,926,462,323639592,nan,nan,nan
8/25/2026 10:56:21,1.17.3,StopSig,2,3.65,nan,1,NoPoke_Regular_(incorrect),Left,715,926,462,323643147,nan,nan,nan
8/25/2026 10:56:55,1.17.3,StopSig,2,3.65,nan,1,>Left_Stop_trial,Left,716,926,462,323676875,nan,nan,nan
8/25/2026 10:56:58,1.17.3,StopSig,2,3.65,nan,1,NoPoke_STOP_(correct),Left,716,926,462,323680154,nan,nan,nan
8/25/2026 10:57:00,1.17.3,StopSig,2,3.65,1,1,Pellet,Left,716,926,463,323680154,1.13,715,nan
8/25/2026 10:57:11,1.17.3,StopSig,2,3.65,nan,1,>Left_Stop_trial,Left,717,926,463,323692527,nan,nan,nan
8/25/2026 10:57:14,1.17.3,StopSig,2,3.65,nan,1,NoPoke_STOP_(correct),Left,717,926,463,323696101,nan,nan,nan
8/25/2026 10:57:23,1.17.3,StopSig,2,3.65,1,1,Pellet,Left,717,926,464,323696101,8.63,23,nan
8/25/2026 10:57:42,1.17.3,StopSig,2,3.65,nan,1,Right_no_left,Left,717,927,464,323696101,nan,nan,nan
8/25/2026 10:57:47,1.17.3,StopSig,2,3.65,nan,1,>Left_Regular_trial,Left,718,927,464,323729286,nan,nan,nan
8/25/2026 10:57:50,1.17.3,StopSig,2,3.65,nan,1,Right_Regular_(correct),Left,718,928,464,323732835,nan,nan,nan
8/25/2026 10:57:51,1.17.3,StopSig,2,3.65,nan,1,RightDuringDispense,Left,718,929,464,323732835,nan,nan,0.04
8/25/2026 10:57:56,1.17.3,StopSig,2,3.65,4,1,Pellet,Left,718,929,465,323732835,0.06,33,nan
8/25/2026 10:58:07,1.17.3,StopSig,2,3.65,nan,1,Right_no_left,Left,718,930,465,323732835,nan,nan,nan
8/25/2026 10:58:08,1.17.3,StopSig,2,3.64,nan,1,>Left_Regular_trial,Left,719,930,465,323750581,nan,nan,nan
8/25/2026 10:58:09,1.17.3,StopSig,2,3.65,nan,1,Right_Regular_(correct),Left,719,931,465,323751319,nan,nan,nan
8/25/2026 10:58:18,1.17.3,StopSig,2,3.65,3,1,Pellet,Left,719,931,466,323751319,5.99,22,nan
8/25/2026 10:58:35,1.17.3,StopSig,2,3.65,nan,1,Right_no_left,Left,719,932,466,323751319,nan,nan,nan
8/25/2026 10:58:37,1.17.3,StopSig,2,3.65,nan,1,>Left_Regular_trial,Left,720,932,466,323779461,nan,nan,nan
8/25/2026 10:58:38,1.17.3,StopSig,2,3.65,nan,1,Right_Regular_(correct),Left,720,933,466,323780643,nan,nan,nan
8/25/2026 10:58:46,1.17.3,StopSig,2,3.65,2,1,Pellet,Left,720,933,467,323780643,4.43,28,nan
8/25/2026 12:40:21,1.17.3,StopSig,2,3.65,nan,1,Right_no_left,Left,720,934,467,323780643,nan,nan,nan
8/25/2026 12:41:54,1.17.3,StopSig,2,3.65,nan,1,>Left_Regular_trial,Left,721,934,467,329976354,nan,nan,nan
8/25/2026 12:41:58,1.17.3,StopSig,2,3.64,nan,1,NoPoke_Regular_(incorrect),Left,721,934,467,329980343,nan,nan,nan
8/25/2026 12:42:40,1.17.3,StopSig,2,3.65,nan,1,>Left_Regular_trial,Left,722,934,467,330022206,nan,nan,nan
8/25/2026 12:42:44,1.17.3,StopSig,2,3.65,nan,1,NoPoke_Regular_(incorrect),Left,722,934,467,330026351,nan,nan,nan
8/25/2026 12:43:22,1.17.3,StopSig,2,3.65,nan,1,>Left_Regular_trial,Left,723,934,467,330064524,nan,nan,nan
8/25/2026 12:43:26,1.17.3,StopSig,2,3.65,nan,1,NoPoke_Regular_(incorrect),Left,723,934,467,330068373,nan,nan,nan
8/25/2026 12:45:33,1.17.3,StopSig,2,3.65,nan,1,>Left_Stop_trial,Left,724,934,467,330195096,nan,nan,nan
8/25/2026 12:45:36,1.17.3,StopSig,2,3.65,nan,1,NoPoke_STOP_(correct),Left,724,934,467,330198373,nan,nan,nan
8/25/2026 12:45:37,1.17.3,StopSig,2,3.65,1,1,Pellet,Left,724,934,468,330198373,0.41,6411,nan
8/25/2026 12:45:55,1.17.3,StopSig,2,3.64,nan,1,Right_no_left,Left,724,935,468,330198373,nan,nan,nan
8/25/2026 12:46:07,1.17.3,StopSig,2,3.65,nan,1,>Left_Regular_trial,Left,725,935,468,330229493,nan,nan,nan
8/25/2026 12:46:08,1.17.3,StopSig,2,3.64,nan,1,Right_Regular_(correct),Left,725,936,468,330230380,nan,nan,nan
8/25/2026 12:46:13,1.17.3,StopSig,2,3.64,4,1,Pellet,Left,725,936,469,330230380,0.06,36,nan
8/25/2026 12:46:37,1.17.3,StopSig,2,3.65,nan,1,Right_no_left,Left,725,937,469,330230380,nan,nan,nan
8/25/2026 12:46:37,1.17.3,StopSig,2,3.65,nan,1,Right_no_left,Left,725,938,469,330259672,nan,nan,nan
8/25/2026 12:46:39,1.17.3,StopSig,2,3.65,nan,1,>Left_Regular_trial,Left,726,938,469,330261449,nan,nan,nan
8/25/2026 12:46:40,1.17.3,StopSig,2,3.64,nan,1,Right_Regular_(correct),Left,726,939,469,330262781,nan,nan,nan
8/25/2026 12:46:41,1.17.3,StopSig,2,3.65,nan,1,RightDuringDispense,Left,726,940,469,330262781,nan,nan,0.23
8/25/2026 12:46:49,1.17.3,StopSig,2,3.65,3,1,Pellet,Left,726,940,470,330262781,5.15,36,nan
8/25/2026 14:55:24,1.17.3,StopSig,2,3.65,nan,1,Right_no_left,Left,726,941,470,330262781,nan,nan,nan
8/25/2026 14:55:25,1.17.3,StopSig,2,3.64,nan,1,Right_no_left,Left,726,942,470,337987377,nan,nan,nan
8/25/2026 14:55:27,1.17.3,StopSig,2,3.64,nan,1,>Left_Regular_trial,Left,727,942,470,337989746,nan,nan,nan
8/25/2026 14:55:28,1.17.3,StopSig,2,3.64,nan,1,Right_Regular_(correct),Left,727,943,470,337990928,nan,nan,nan
8/25/2026 14:55:31,1.17.3,StopSig,2,3.64,2,1,Pellet,Left,727,943,471,337990928,0.29,7722,nan
8/25/2026 14:55:46,1.17.3,StopSig,2,3.64,nan,1,>Left_Regular_trial,Left,728,943,471,338008795,nan,nan,nan
8/25/2026 14:55:47,1.17.3,StopSig,2,3.65,nan,1,Right_Regular_(correct),Left,728,944,471,338009681,nan,nan,nan
8/25/2026 14:55:47,1.17.3,StopSig,2,3.64,nan,1,RightDuringDispense,Left,728,945,471,338009681,nan,nan,0.10
8/25/2026 14:55:53,1.17.3,StopSig,2,3.64,3,1,Pellet,Left,728,945,472,338009681,1.43,22,nan
8/25/2026 14:56:08,1.17.3,StopSig,2,3.64,nan,1,Right_no_left,Left,728,946,472,338009681,nan,nan,nan
8/25/2026 14:56:11,1.17.3,StopSig,2,3.64,nan,1,>Left_Regular_trial,Left,729,946,472,338034228,nan,nan,nan
8/25/2026 14:56:12,1.17.3,StopSig,2,3.65,nan,1,Right_Regular_(correct),Left,729,947,472,338035262,nan,nan,nan
8/25/2026 14:56:15,1.17.3,StopSig,2,3.64,2,1,Pellet,Left,729,947,473,338035262,0.35,22,nan
8/25/2026 14:56:27,1.17.3,StopSig,2,3.64,nan,1,>Left_Stop_trial,Left,730,947,473,338049799,nan,nan,nan
8/25/2026 14:56:31,1.17.3,StopSig,2,3.64,nan,1,NoPoke_STOP_(correct),Left,730,947,473,338053673,nan,nan,nan
8/25/2026 14:56:32,1.17.3,StopSig,2,3.65,1,1,Pellet,Left,730,947,474,338053673,0.59,17,nan
8/25/2026 14:56:48,1.17.3,StopSig,2,3.64,nan,1,Right_no_left,Left,730,948,474,338053673,nan,nan,nan
8/25/2026 14:56:55,1.17.3,StopSig,2,3.64,nan,1,Right_no_left,Left,730,949,474,338071181,nan,nan,nan
8/25/2026 14:56:56,1.17.3,StopSig,2,3.64,nan,1,>Left_Stop_trial,Left,731,949,474,338078888,nan,nan,nan
8/25/2026 14:57:00,1.17.3,StopSig,2,3.64,nan,1,NoPoke_STOP_(correct),Left,731,949,474,338082760,nan,nan,nan
8/25/2026 14:57:05,1.17.3,StopSig,2,3.64,3,1,Pellet,Left,731,949,475,338082760,0.53,33,nan
8/25/2026 14:57:18,1.17.3,StopSig,2,3.65,nan,1,Right_no_left,Left,731,950,475,338082760,nan,nan,nan
8/25/2026 14:57:19,1.17.3,StopSig,2,3.64,nan,1,Right_no_left,Left,731,951,475,338101157,nan,nan,nan
8/25/2026 14:58:01,1.17.3,StopSig,2,3.64,nan,1,>Left_Stop_trial,Left,732,951,475,338143924,nan,nan,nan
8/25/2026 14:58:05,1.17.3,StopSig,2,3.64,nan,1,NoPoke_STOP_(correct),Left,732,951,475,338147799,nan,nan,nan
8/25/2026 14:58:10,1.17.3,StopSig,2,3.64,3,1,Pellet,Left,732,951,476,338147799,0.53,65,nan
8/25/2026 14:58:20,1.17.3,StopSig,2,3.64,nan,1,>Left_Regular_trial,Left,733,951,476,338163337,nan,nan,nan
8/25/2026 14:58:22,1.17.3,StopSig,2,3.65,nan,1,Right_Regular_(correct),Left,733,952,476,338164668,nan,nan,nan
8/25/2026 14:58:23,1.17.3,StopSig,2,3.64,1,1,Pellet,Left,733,952,477,338164668,0.12,13,nan
8/25/2026 14:58:34,1.17.3,StopSig,2,3.64,nan,1,>Left_Regular_trial,Left,734,952,477,338176400,nan,nan,nan
8/25/2026 14:58:34,1.17.3,StopSig,2,3.65,nan,1,Right_Regular_(correct),Left,734,953,477,338177286,nan,nan,nan
8/25/2026 14:58:35,1.17.3,StopSig,2,3.64,nan,1,RightDuringDispense,Left,734,954,477,338177286,nan,nan,0.01
8/25/2026 14:58:44,1.17.3,StopSig,2,3.64,3,1,Pellet,Left,734,954,478,338177286,6.17,21,nan
8/25/2026 15:05:38,1.17.3,StopSig,2,3.64,nan,1,Right_no_left,Left,734,955,478,338177286,nan,nan,nan
8/25/2026 15:05:40,1.17.3,StopSig,2,3.65,nan,1,>Left_Regular_trial,Left,735,955,478,338602818,nan,nan,nan
8/25/2026 15:05:44,1.17.3,StopSig,2,3.64,nan,1,NoPoke_Regular_(incorrect),Left,735,955,478,338606821,nan,nan,nan
8/25/2026 15:07:08,1.17.3,StopSig,2,3.64,nan,1,Right_no_left,Left,735,956,478,338606821,nan,nan,nan
8/25/2026 15:13:52,1.17.3,StopSig,2,3.64,nan,1,Right_no_left,Left,735,957,478,338690857,nan,nan,nan
8/25/2026 16:52:25,1.17.3,StopSig,2,3.64,nan,1,Right_no_left,Left,735,958,478,339095179,nan,nan,nan
8/25/2026 16:52:29,1.17.3,StopSig,2,3.64,nan,1,Right_no_left,Left,735,959,478,345008088,nan,nan,nan
8/25/2026 16:52:34,1.17.3,StopSig,2,3.64,nan,1,Right_no_left,Left,735,960,478,345012242,nan,nan,nan
8/25/2026 16:52:36,1.17.3,StopSig,2,3.64,nan,1,>Left_Stop_trial,Left,736,960,478,345018918,nan,nan,nan
8/25/2026 16:52:40,1.17.3,StopSig,2,3.64,nan,1,NoPoke_STOP_(correct),Left,736,960,478,345023093,nan,nan,nan
8/25/2026 16:52:41,1.17.3,StopSig,2,3.64,2,1,Pellet,Left,736,960,479,345023093,0.17,6837,nan
8/25/2026 16:52:54,1.17.3,StopSig,2,3.64,nan,1,Right_no_left,Left,736,961,479,345023093,nan,nan,nan
8/25/2026 16:52:56,1.17.3,StopSig,2,3.64,nan,1,>Left_Stop_trial,Left,737,961,479,345039274,nan,nan,nan
8/25/2026 16:53:00,1.17.3,StopSig,2,3.64,nan,1,NoPoke_STOP_(correct),Left,737,961,479,345042999,nan,nan,nan
8/25/2026 16:53:01,1.17.3,StopSig,2,3.64,2,1,Pellet,Left,737,961,480,345042999,0.29,20,nan
8/25/2026 16:53:15,1.17.3,StopSig,2,3.64,nan,1,Right_no_left,Left,737,962,480,345042999,nan,nan,nan
8/25/2026 16:53:15,1.17.3,StopSig,2,3.64,nan,1,Right_no_left,Left,737,963,480,345058252,nan,nan,nan
8/25/2026 16:53:18,1.17.3,StopSig,2,3.64,nan,1,Right_no_left,Left,737,964,480,345058843,nan,nan,nan
8/25/2026 16:53:18,1.17.3,StopSig,2,3.64,nan,1,Right_no_left,Left,737,965,480,345061362,nan,nan,nan
8/25/2026 16:53:21,1.17.3,StopSig,2,3.64,nan,1,>Left_Regular_trial,Left,738,965,480,345064179,nan,nan,nan
8/25/2026 16:53:23,1.17.3,StopSig,2,3.64,nan,1,Right_Regular_(correct),Left,738,966,480,345066107,nan,nan,nan
8/25/2026 16:53:32,1.17.3,StopSig,2,3.64,3,1,Pellet,Left,738,966,481,345066107,6.59,31,nan
8/25/2026 16:53:55,1.17.3,StopSig,2,3.64,nan,1,Right_no_left,Left,738,967,481,345066107,nan,nan,nan
8/25/2026 16:53:56,1.17.3,StopSig,2,3.64,nan,1,Right_no_left,Left,738,968,481,345098432,nan,nan,nan
8/25/2026 16:53:58,1.17.3,StopSig,2,3.64,nan,1,>Left_Regular_trial,Left,739,968,481,345101397,nan,nan,nan
8/25/2026 16:53:59,1.17.3,StopSig,2,3.64,nan,1,Right_Regular_(correct),Left,739,969,481,345102730,nan,nan,nan
8/25/2026 16:54:00,1.17.3,StopSig,2,3.64,1,1,Pellet,Left,739,969,482,345102730,0.12,28,nan
8/25/2026 16:54:10,1.17.3,StopSig,2,3.64,nan,1,Right_no_left,Left,739,970,482,345102730,nan,nan,nan
8/25/2026 16:54:10,1.17.3,StopSig,2,3.64,nan,1,Right_no_left,Left,739,971,482,345113419,nan,nan,nan
8/25/2026 16:54:11,1.17.3,StopSig,2,3.64,nan,1,Right_no_left,Left,739,972,482,345113713,nan,nan,nan
8/25/2026 16:54:13,1.17.3,StopSig,2,3.64,nan,1,>Left_Regular_trial,Left,740,972,482,345115935,nan,nan,nan
8/25/2026 16:54:14,1.17.3,StopSig,2,3.64,nan,1,Right_Regular_(correct),Left,740,973,482,345116824,nan,nan,nan
8/25/2026 16:54:14,1.17.3,StopSig,2,3.55,nan,1,RightDuringDispense,Left,740,974,482,345116824,nan,nan,0.06
8/25/2026 16:54:23,1.17.3,StopSig,2,3.64,2,1,Pellet,Left,740,974,483,345116824,5.99,23,nan
8/25/2026 16:54:44,1.17.3,StopSig,2,3.64,nan,1,>Left_Stop_trial,Left,741,974,483,345146886,nan,nan,nan
8/25/2026 16:54:48,1.17.3,StopSig,2,3.64,nan,1,NoPoke_STOP_(correct),Left,741,974,483,345151054,nan,nan,nan
8/25/2026 16:54:51,1.17.3,StopSig,2,3.64,2,1,Pellet,Left,741,974,484,345151054,0.41,28,nan
8/25/2026 16:55:03,1.17.3,StopSig,2,3.64,nan,1,>Left_Regular_trial,Left,742,974,484,345166310,nan,nan,nan
8/25/2026 16:55:05,1.17.3,StopSig,2,3.64,nan,1,Right_Regular_(correct),Left,742,975,484,345167790,nan,nan,nan
8/25/2026 16:55:05,1.17.3,StopSig,2,3.64,nan,1,RightDuringDispense,Left,742,976,484,345167790,nan,nan,0.13
8/25/2026 16:55:13,1.17.3,StopSig,2,3.64,2,1,Pellet,Left,742,976,485,345167790,5.39,22,nan
8/25/2026 18:19:32,1.17.3,StopSig,2,3.64,nan,1,Right_no_left,Left,742,977,485,345167790,nan,nan,nan
8/25/2026 18:19:33,1.17.3,StopSig,2,3.64,nan,1,Right_no_left,Left,742,978,485,350236092,nan,nan,nan
8/25/2026 18:19:37,1.17.3,StopSig,2,3.64,nan,1,Right_no_left,Left,742,979,485,350236682,nan,nan,nan
8/25/2026 18:19:41,1.17.3,StopSig,2,3.64,nan,1,>Left_Stop_trial,Left,743,979,485,350243649,nan,nan,nan
8/25/2026 18:19:44,1.17.3,StopSig,2,3.64,nan,1,NoPoke_STOP_(correct),Left,743,979,485,350247226,nan,nan,nan
8/25/2026 18:19:45,1.17.3,StopSig,2,3.64,2,1,Pellet,Left,743,979,486,350247226,0.11,5072,nan
8/25/2026 18:19:58,1.17.3,StopSig,2,3.64,nan,1,Right_no_left,Left,743,980,486,350247226,nan,nan,nan
8/25/2026 18:20:00,1.17.3,StopSig,2,3.64,nan,1,>Left_Regular_trial,Left,744,980,486,350263019,nan,nan,nan
8/25/2026 18:20:01,1.17.3,StopSig,2,3.64,nan,1,Right_Regular_(correct),Left,744,981,486,350264648,nan,nan,nan
8/25/2026 18:20:10,1.17.3,StopSig,2,3.64,2,1,Pellet,Left,744,981,487,350264648,5.63,24,nan
8/25/2026 18:20:32,1.17.3,StopSig,2,3.64,nan,1,>Left_Regular_trial,Left,745,981,487,350295697,nan,nan,nan
8/25/2026 18:20:35,1.17.3,StopSig,2,3.64,nan,1,Right_Regular_(correct),Left,745,982,487,350298512,nan,nan,nan
8/25/2026 18:20:36,1.17.3,StopSig,2,3.64,2,1,Pellet,Left,745,982,488,350298512,0.06,27,nan
8/25/2026 18:20:50,1.17.3,StopSig,2,3.64,nan,1,>Left_Regular_trial,Left,746,982,488,350313198,nan,nan,nan
8/25/2026 18:20:53,1.17.3,StopSig,2,3.64,nan,1,Right_Regular_(correct),Left,746,983,488,350316315,nan,nan,nan
8/25/2026 18:20:54,1.17.3,StopSig,2,3.64,nan,1,RightWithPellet,Left,746,984,488,350316315,nan,nan,0.05
8/25/2026 18:20:54,1.17.3,StopSig,2,3.64,1,1,Pellet,Left,746,984,489,350316315,0.99,18,nan
8/25/2026 18:21:04,1.17.3,StopSig,2,3.64,nan,1,>Left_Stop_trial,Left,747,984,489,350327321,nan,nan,nan
8/25/2026 18:21:08,1.17.3,StopSig,2,3.64,nan,1,NoPoke_STOP_(correct),Left,747,984,489,350331195,nan,nan,nan
8/25/2026 18:21:11,1.17.3,StopSig,2,3.64,2,1,Pellet,Left,747,984,490,350331195,0.95,17,nan
8/25/2026 18:21:22,1.17.3,StopSig,2,3.64,nan,1,Right_no_left,Left,747,985,490,350331195,nan,nan,nan
8/25/2026 18:21:23,1.17.3,StopSig,2,3.64,nan,1,Right_no_left,Left,747,986,490,350346059,nan,nan,nan
8/25/2026 18:21:23,1.17.3,StopSig,2,3.64,nan,1,Right_no_left,Left,747,987,490,350346352,nan,nan,nan
8/25/2026 18:21:24,1.17.3,StopSig,2,3.64,nan,1,Right_no_left,Left,747,988,490,350346942,nan,nan,nan
8/25/2026 18:21:24,1.17.3,StopSig,2,3.64,nan,1,Right_no_left,Left,747,989,490,350347828,nan,nan,nan
8/25/2026 18:21:27,1.17.3,StopSig,2,3.64,nan,1,>Left_Stop_trial,Left,748,989,490,350349755,nan,nan,nan
8/25/2026 18:21:30,1.17.3,StopSig,2,3.64,nan,1,NoPoke_STOP_(correct),Left,748,989,490,350353186,nan,nan,nan
8/25/2026 18:21:31,1.17.3,StopSig,2,3.64,2,1,Pellet,Left,748,989,491,350353186,0.17,20,nan
8/25/2026 18:21:40,1.17.3,StopSig,2,3.64,nan,1,Right_no_left,Left,748,990,491,350353186,nan,nan,nan
8/25/2026 18:21:42,1.17.3,StopSig,2,3.64,nan,1,>Left_Regular_trial,Left,749,990,491,350365842,nan,nan,nan
8/25/2026 18:21:46,1.17.3,StopSig,2,3.64,nan,1,NoPoke_Regular_(incorrect),Left,749,990,491,350369249,nan,nan,nan
8/25/2026 18:23:58,1.17.3,StopSig,2,3.64,nan,1,Right_no_left,Left,749,991,491,350369249,nan,nan,nan
8/25/2026 18:26:21,1.17.3,StopSig,2,3.64,nan,1,>Left_Stop_trial,Left,750,991,491,350643715,nan,nan,nan
8/25/2026 18:26:24,1.17.3,StopSig,2,3.64,nan,1,NoPoke_STOP_(correct),Left,750,991,491,350647292,nan,nan,nan
8/25/2026 18:26:25,1.17.3,StopSig,2,3.64,1,1,Pellet,Left,750,991,492,350647292,0.29,294,nan
8/25/2026 18:26:38,1.17.3,StopSig,2,3.64,nan,1,>Left_Regular_trial,Left,751,991,492,350661828,nan,nan,nan
8/25/2026 18:26:40,1.17.3,StopSig,2,3.64,nan,1,Right_Regular_(correct),Left,751,992,492,350663011,nan,nan,nan
8/25/2026 18:26:48,1.17.3,StopSig,2,3.64,2,1,Pellet,Left,751,992,493,350663011,5.99,23,nan
8/25/2026 18:27:07,1.17.3,StopSig,2,3.64,nan,1,>Left_Regular_trial,Left,752,992,493,350690248,nan,nan,nan
8/25/2026 18:27:08,1.17.3,StopSig,2,3.64,nan,1,Right_Regular_(correct),Left,752,993,493,350691432,nan,nan,nan
8/25/2026 18:27:09,1.17.3,StopSig,2,3.64,nan,1,RightDuringDispense,Left,752,994,493,350691432,nan,nan,0.30
8/25/2026 18:27:10,1.17.3,StopSig,2,3.64,2,1,Pellet,Left,752,994,494,350691432,0.23,22,nan
8/25/2026 18:27:21,1.17.3,StopSig,2,3.64,nan,1,>Left_Stop_trial,Left,753,994,494,350704272,nan,nan,nan
8/25/2026 18:27:25,1.17.3,StopSig,2,3.64,nan,1,NoPoke_STOP_(correct),Left,753,994,494,350708295,nan,nan,nan
8/25/2026 18:27:26,1.17.3,StopSig,2,3.64,2,1,Pellet,Left,753,994,495,350708295,0.23,16,nan
8/25/2026 18:27:49,1.17.3,StopSig,2,3.64,nan,1,>Left_Stop_trial,Left,754,994,495,350732344,nan,nan,nan
8/25/2026 18:27:53,1.17.3,StopSig,2,3.64,nan,1,NoPoke_STOP_(correct),Left,754,994,495,350736219,nan,nan,nan
8/25/2026 18:27:56,1.17.3,StopSig,2,3.64,3,1,Pellet,Left,754,994,496,350736219,0.17,30,nan
8/25/2026 18:28:40,1.17.3,StopSig,2,3.64,nan,1,Right_no_left,Left,754,995,496,350736219,nan,nan,nan
8/25/2026 18:30:26,1.17.3,StopSig,2,3.64,nan,1,>Left_Regular_trial,Left,755,995,496,350889844,nan,nan,nan
8/25/2026 18:30:30,1.17.3,StopSig,2,3.64,nan,1,NoPoke_Regular_(incorrect),Left,755,995,496,350893258,nan,nan,nan
8/25/2026 18:41:52,1.17.3,StopSig,2,3.64,nan,1,>Left_Stop_trial,Left,756,995,496,351575074,nan,nan,nan
8/25/2026 18:41:55,1.17.3,StopSig,2,3.64,nan,1,NoPoke_STOP_(correct),Left,756,995,496,351578356,nan,nan,nan
8/25/2026 18:41:57,1.17.3,StopSig,2,3.64,2,1,Pellet,Left,756,995,497,351578356,0.89,841,nan
8/25/2026 18:42:12,1.17.3,StopSig,2,3.64,nan,1,Right_no_left,Left,756,996,497,351578356,nan,nan,nan
8/25/2026 18:47:30,1.17.3,StopSig,2,3.64,nan,1,>Left_Regular_trial,Left,757,996,497,351913006,nan,nan,nan
8/25/2026 18:47:33,1.17.3,StopSig,2,3.64,nan,1,NoPoke_Regular_(incorrect),Left,757,996,497,351916265,nan,nan,nan
8/25/2026 18:49:41,1.17.3,StopSig,2,3.64,nan,1,>Left_Regular_trial,Left,758,996,497,352044205,nan,nan,nan
8/25/2026 18:49:45,1.17.3,StopSig,2,3.64,nan,1,NoPoke_Regular_(incorrect),Left,758,996,497,352048358,nan,nan,nan
8/25/2026 18:54:30,1.17.3,StopSig,2,3.64,nan,1,>Left_Stop_trial,Left,759,996,497,352333273,nan,nan,nan
8/25/2026 18:54:34,1.17.3,StopSig,2,3.64,nan,1,NoPoke_STOP_(correct),Left,759,996,497,352337300,nan,nan,nan
8/25/2026 18:54:35,1.17.3,StopSig,2,3.64,2,1,Pellet,Left,759,996,498,352337300,0.17,758,nan
8/25/2026 19:05:09,1.17.3,StopSig,2,3.64,nan,1,>Left_Regular_trial,Left,760,996,498,352972944,nan,nan,nan
8/25/2026 19:05:11,1.17.3,StopSig,2,3.64,nan,1,Right_Regular_(correct),Left,760,997,498,352974277,nan,nan,nan
8/25/2026 19:05:12,1.17.3,StopSig,2,3.64,2,1,Pellet,Left,760,997,499,352974277,0.53,637,nan
8/25/2026 19:05:23,1.17.3,StopSig,2,3.64,nan,1,Right_no_left,Left,760,998,499,352974277,nan,nan,nan
8/25/2026 19:05:25,1.17.3,StopSig,2,3.64,nan,1,Right_no_left,Left,760,999,499,352986371,nan,nan,nan
8/25/2026 19:05:28,1.17.3,StopSig,2,3.64,nan,1,>Left_Regular_trial,Left,761,999,499,352991119,nan,nan,nan
8/25/2026 19:05:30,1.17.3,StopSig,2,3.64,nan,1,Right_Regular_(correct),Left,761,1000,499,352993934,nan,nan,nan
8/25/2026 19:05:34,1.17.3,StopSig,2,3.64,2,1,Pellet,Left,761,1000,500,352993934,0.53,22,nan
8/25/2026 19:05:51,1.17.3,StopSig,2,3.64,nan,1,Right_no_left,Left,761,1001,500,352993934,nan,nan,nan
8/25/2026 19:05:51,1.17.3,StopSig,2,3.64,nan,1,Right_no_left,Left,761,1002,500,353014349,nan,nan,nan
8/25/2026 19:05:53,1.17.3,StopSig,2,3.64,nan,1,>Left_Regular_trial,Left,762,1002,500,353016722,nan,nan,nan
8/25/2026 19:05:54,1.17.3,StopSig,2,3.64,nan,1,Right_Regular_(correct),Left,762,1003,500,353018056,nan,nan,nan
8/25/2026 19:06:09,1.17.3,StopSig,2,3.64,4,1,Pellet,Left,762,1003,501,353018056,7.37,35,nan
8/25/2026 19:06:24,1.17.3,StopSig,2,3.64,nan,1,Right_no_left,Left,762,1004,501,353018056,nan,nan,nan
8/25/2026 19:06:28,1.17.3,StopSig,2,3.64,nan,1,>Left_Regular_trial,Left,763,1004,501,353051759,nan,nan,nan
8/25/2026 19:06:29,1.17.3,StopSig,2,3.64,nan,1,Right_Regular_(correct),Left,763,1005,501,353052795,nan,nan,nan
8/25/2026 19:06:47,1.17.3,StopSig,2,3.64,2,1,Pellet,Left,763,1005,502,353052795,15.42,38,nan
8/25/2026 19:07:25,1.17.3,StopSig,2,3.64,nan,1,Right_no_left,Left,763,1006,502,353052795,nan,nan,nan
8/25/2026 19:07:30,1.17.3,StopSig,2,3.64,nan,1,Right_no_left,Left,763,1007,502,353109221,nan,nan,nan
8/25/2026 19:07:31,1.17.3,StopSig,2,3.64,nan,1,Right_no_left,Left,763,1008,502,353113973,nan,nan,nan
8/25/2026 19:07:48,1.17.3,StopSig,2,3.64,nan,1,Right_no_left,Left,763,1009,502,353114266,nan,nan,nan
8/25/2026 19:07:51,1.17.3,StopSig,2,3.64,nan,1,Right_no_left,Left,763,1010,502,353131948,nan,nan,nan
8/25/2026 19:07:52,1.17.3,StopSig,2,3.64,nan,1,Right_no_left,Left,763,1011,502,353134471,nan,nan,nan
8/25/2026 19:56:50,1.17.3,StopSig,2,3.64,nan,1,>Left_Regular_trial,Left,764,1011,502,356073729,nan,nan,nan
8/25/2026 19:56:51,1.17.3,StopSig,2,3.64,nan,1,Right_Regular_(correct),Left,764,1012,502,356074765,nan,nan,nan
8/25/2026 19:56:51,1.17.3,StopSig,2,3.64,nan,1,RightDuringDispense,Left,764,1013,502,356074765,nan,nan,0.08
8/25/2026 19:56:52,1.17.3,StopSig,2,3.64,2,1,Pellet,Left,764,1013,503,356074765,0.06,3005,nan
8/25/2026 19:57:04,1.17.3,StopSig,2,3.64,nan,1,Right_no_left,Left,764,1014,503,356074765,nan,nan,nan
8/25/2026 19:57:06,1.17.3,StopSig,2,3.64,nan,1,>Left_Regular_trial,Left,765,1014,503,356089759,nan,nan,nan
8/25/2026 19:57:07,1.17.3,StopSig,2,3.64,nan,1,Right_Regular_(correct),Left,765,1015,503,356090646,nan,nan,nan
8/25/2026 19:57:19,1.17.3,StopSig,2,3.64,6,1,Pellet,Left,765,1015,504,356090646,0.59,27,nan
8/25/2026 19:57:31,1.17.3,StopSig,2,3.64,nan,1,>Left_Regular_trial,Left,766,1015,504,356114280,nan,nan,nan
8/25/2026 19:57:31,1.17.3,StopSig,2,3.64,nan,1,Right_Regular_(correct),Left,766,1016,504,356115170,nan,nan,nan
8/25/2026 19:57:32,1.17.3,StopSig,2,3.64,nan,1,RightDuringDispense,Left,766,1017,504,356115170,nan,nan,0.14
8/25/2026 19:57:42,1.17.3,StopSig,2,3.64,4,1,Pellet,Left,766,1017,505,356115170,2.69,23,nan
8/25/2026 19:57:58,1.17.3,StopSig,2,3.64,nan,1,>Left_Regular_trial,Left,767,1017,505,356141264,nan,nan,nan
8/25/2026 19:58:02,1.17.3,StopSig,2,3.64,nan,1,NoPoke_Regular_(incorrect),Left,767,1017,505,356145415,nan,nan,nan
8/25/2026 19:58:49,1.17.3,StopSig,2,3.64,nan,1,Right_no_left,Left,767,1018,505,356145415,nan,nan,nan
8/25/2026 19:58:50,1.17.3,StopSig,2,3.64,nan,1,Right_no_left,Left,767,1019,505,356193252,nan,nan,nan
8/25/2026 19:58:53,1.17.3,StopSig,2,3.64,nan,1,>Left_Regular_trial,Left,768,1019,505,356196961,nan,nan,nan
8/25/2026 19:58:54,1.17.3,StopSig,2,3.64,nan,1,Right_Regular_(correct),Left,768,1020,505,356197849,nan,nan,nan
8/25/2026 19:58:58,1.17.3,StopSig,2,3.64,2,1,Pellet,Left,768,1020,506,356197849,0.77,76,nan
8/25/2026 19:59:10,1.17.3,StopSig,2,3.64,nan,1,Right_no_left,Left,768,1021,506,356197849,nan,nan,nan
8/25/2026 19:59:12,1.17.3,StopSig,2,3.64,nan,1,>Left_Regular_trial,Left,769,1021,506,356215939,nan,nan,nan
8/25/2026 19:59:13,1.17.3,StopSig,2,3.64,nan,1,Right_Regular_(correct),Left,769,1022,506,356216529,nan,nan,nan
8/25/2026 19:59:19,1.17.3,StopSig,2,3.64,4,1,Pellet,Left,769,1022,507,356216529,0.06,21,nan
8/25/2026 19:59:33,1.17.3,StopSig,2,3.64,nan,1,Right_no_left,Left,769,1023,507,356216529,nan,nan,nan
8/25/2026 19:59:36,1.17.3,StopSig,2,3.64,nan,1,>Left_Regular_trial,Left,770,1023,507,356239095,nan,nan,nan
8/25/2026 19:59:36,1.17.3,StopSig,2,3.63,nan,1,Right_Regular_(correct),Left,770,1024,507,356239983,nan,nan,nan
8/25/2026 19:59:44,1.17.3,StopSig,2,3.63,3,1,Pellet,Left,770,1024,508,356239983,4.25,25,nan
8/25/2026 20:00:08,1.17.3,StopSig,2,3.64,nan,1,>Left_Regular_trial,Left,771,1024,508,356271206,nan,nan,nan
8/25/2026 20:00:10,1.17.3,StopSig,2,3.64,nan,1,Right_Regular_(correct),Left,771,1025,508,356273282,nan,nan,nan
8/25/2026 20:00:19,1.17.3,StopSig,2,3.64,2,1,Pellet,Left,771,1025,509,356273282,6.77,35,nan
8/25/2026 20:15:40,1.17.3,StopSig,2,3.64,nan,1,>Left_Regular_trial,Left,772,1025,509,357203295,nan,nan,nan
8/25/2026 20:15:43,1.17.3,StopSig,2,3.64,nan,1,NoPoke_Regular_(incorrect),Left,772,1025,509,357206560,nan,nan,nan
8/25/2026 20:22:41,1.17.3,StopSig,2,3.64,nan,1,>Left_Regular_trial,Left,773,1025,509,357624857,nan,nan,nan
8/25/2026 20:22:45,1.17.3,StopSig,2,3.64,nan,1,NoPoke_Regular_(incorrect),Left,773,1025,509,357628571,nan,nan,nan
8/25/2026 20:23:36,1.17.3,StopSig,2,3.64,nan,1,>Left_Regular_trial,Left,774,1025,509,357680005,nan,nan,nan
8/25/2026 20:23:40,1.17.3,StopSig,2,3.64,nan,1,NoPoke_Regular_(incorrect),Left,774,1025,509,357683568,nan,nan,nan
8/25/2026 20:29:33,1.17.3,StopSig,2,3.63,nan,1,Right_no_left,Left,774,1026,509,357683568,nan,nan,nan
8/25/2026 20:29:35,1.17.3,StopSig,2,3.64,nan,1,>Left_Regular_trial,Left,775,1026,509,358039082,nan,nan,nan
8/25/2026 20:29:39,1.17.3,StopSig,2,3.64,nan,1,NoPoke_Regular_(incorrect),Left,775,1026,509,358042501,nan,nan,nan
8/25/2026 20:31:15,1.17.3,StopSig,2,3.64,nan,1,>Left_Regular_trial,Left,776,1026,509,358138387,nan,nan,nan
8/25/2026 20:31:19,1.17.3,StopSig,2,3.64,nan,1,NoPoke_Regular_(incorrect),Left,776,1026,509,358142544,nan,nan,nan
8/25/2026 20:32:25,1.17.3,StopSig,2,3.64,nan,1,Right_no_left,Left,776,1027,509,358142544,nan,nan,nan
8/25/2026 20:32:27,1.17.3,StopSig,2,3.63,nan,1,>Left_Regular_trial,Left,777,1027,509,358210183,nan,nan,nan
8/25/2026 20:32:29,1.17.3,StopSig,2,3.64,nan,1,Right_Regular_(correct),Left,777,1028,509,358213153,nan,nan,nan
8/25/2026 20:32:35,1.17.3,StopSig,2,3.64,3,1,Pellet,Left,777,1028,510,358213153,0.77,1936,nan
8/25/2026 20:32:47,1.17.3,StopSig,2,3.64,nan,1,Right_no_left,Left,777,1029,510,358213153,nan,nan,nan
8/25/2026 20:32:49,1.17.3,StopSig,2,3.64,nan,1,>Left_Regular_trial,Left,778,1029,510,358232690,nan,nan,nan
8/25/2026 20:32:50,1.17.3,StopSig,2,3.64,nan,1,Right_Regular_(correct),Left,778,1030,510,358233429,nan,nan,nan
8/25/2026 20:32:57,1.17.3,StopSig,2,3.64,2,1,Pellet,Left,778,1030,511,358233429,4.79,22,nan
8/25/2026 20:33:24,1.17.3,StopSig,2,3.64,nan,1,Right_no_left,Left,778,1031,511,358233429,nan,nan,nan
8/25/2026 20:33:27,1.17.3,StopSig,2,3.64,nan,1,>Left_Regular_trial,Left,779,1031,511,358270863,nan,nan,nan
8/25/2026 20:33:28,1.17.3,StopSig,2,3.64,nan,1,Right_Regular_(correct),Left,779,1032,511,358271897,nan,nan,nan
8/25/2026 20:33:28,1.17.3,StopSig,2,3.64,nan,1,RightDuringDispense,Left,779,1033,511,358271897,nan,nan,0.03
8/25/2026 20:33:40,1.17.3,StopSig,2,3.64,2,1,Pellet,Left,779,1033,512,358271897,8.75,43,nan
8/25/2026 20:33:57,1.17.3,StopSig,2,3.64,nan,1,>Left_Stop_trial,Left,780,1033,512,358300861,nan,nan,nan
8/25/2026 20:34:01,1.17.3,StopSig,2,3.63,nan,1,NoPoke_STOP_(correct),Left,780,1033,512,358304594,nan,nan,nan
8/25/2026 20:34:02,1.17.3,StopSig,2,3.64,1,1,Pellet,Left,780,1033,513,358304594,0.35,22,nan
8/25/2026 20:34:17,1.17.3,StopSig,2,3.63,nan,1,Right_no_left,Left,780,1034,513,358304594,nan,nan,nan
8/25/2026 20:34:17,1.17.3,StopSig,2,3.63,nan,1,Right_no_left,Left,780,1035,513,358320727,nan,nan,nan
8/25/2026 20:34:27,1.17.3,StopSig,2,3.64,nan,1,Right_no_left,Left,780,1036,513,358321021,nan,nan,nan
8/25/2026 20:34:30,1.17.3,StopSig,2,3.64,nan,1,>Left_Stop_trial,Left,781,1036,513,358333649,nan,nan,nan
8/25/2026 20:34:34,1.17.3,StopSig,2,3.64,nan,1,NoPoke_STOP_(correct),Left,781,1036,513,358337528,nan,nan,nan
8/25/2026 20:34:35,1.17.3,StopSig,2,3.64,2,1,Pellet,Left,781,1036,514,358337528,0.29,33,nan
8/25/2026 20:34:45,1.17.3,StopSig,2,3.64,nan,1,Right_no_left,Left,781,1037,514,358337528,nan,nan,nan
8/25/2026 20:34:48,1.17.3,StopSig,2,3.64,nan,1,Right_no_left,Left,781,1038,514,358348605,nan,nan,nan
8/25/2026 20:34:50,1.17.3,StopSig,2,3.64,nan,1,>Left_Regular_trial,Left,782,1038,514,358353648,nan,nan,nan
8/25/2026 20:34:51,1.17.3,StopSig,2,3.64,nan,1,Right_Regular_(correct),Left,782,1039,514,358354536,nan,nan,nan
8/25/2026 20:34:52,1.17.3,StopSig,2,3.63,1,1,Pellet,Left,782,1039,515,358354536,0.23,17,nan
8/25/2026 20:34:59,1.17.3,StopSig,2,3.64,nan,1,>Left_Regular_trial,Left,783,1039,515,358362859,nan,nan,nan
8/25/2026 20:35:00,1.17.3,StopSig,2,3.64,nan,1,Right_Regular_(correct),Left,783,1040,515,358363896,nan,nan,nan
8/25/2026 20:35:13,1.17.3,StopSig,2,3.64,5,1,Pellet,Left,783,1040,516,358363896,5.03,21,nan
8/25/2026 20:35:31,1.17.3,StopSig,2,3.64,nan,1,>Left_Regular_trial,Left,784,1040,516,358394342,nan,nan,nan
8/25/2026 20:35:31,1.17.3,StopSig,2,3.64,nan,1,Right_Regular_(correct),Left,784,1041,516,358395230,nan,nan,nan
8/25/2026 20:35:52,1.17.3,StopSig,2,3.64,8,1,Pellet,Left,784,1041,517,358395230,5.21,39,nan
8/25/2026 20:36:07,1.17.3,StopSig,2,3.64,nan,1,Right_no_left,Left,784,1042,517,358395230,nan,nan,nan
8/25/2026 20:36:10,1.17.3,StopSig,2,3.63,nan,1,>Left_Regular_trial,Left,785,1042,517,358433397,nan,nan,nan
8/25/2026 20:36:10,1.17.3,StopSig,2,3.64,nan,1,Right_Regular_(correct),Left,785,1043,517,358434285,nan,nan,nan
8/25/2026 20:36:11,1.17.3,StopSig,2,3.63,2,1,Pellet,Left,785,1043,518,358434285,0.06,19,nan
8/25/2026 20:36:23,1.17.3,StopSig,2,3.64,nan,1,Right_no_left,Left,785,1044,518,358434285,nan,nan,nan
8/25/2026 20:36:26,1.17.3,StopSig,2,3.64,nan,1,>Left_Regular_trial,Left,786,1044,518,358449805,nan,nan,nan
8/25/2026 20:36:29,1.17.3,StopSig,2,3.64,nan,1,Right_Regular_(correct),Left,786,1045,518,358452774,nan,nan,nan
8/25/2026 20:36:30,1.17.3,StopSig,2,3.64,nan,1,RightDuringDispense,Left,786,1046,518,358452774,nan,nan,0.27
8/25/2026 20:36:32,1.17.3,StopSig,2,3.64,2,1,Pellet,Left,786,1046,519,358452774,0.06,21,nan
8/25/2026 20:36:43,1.17.3,StopSig,2,3.63,nan,1,>Left_Regular_trial,Left,787,1046,519,358466351,nan,nan,nan
8/25/2026 20:36:46,1.17.3,StopSig,2,3.64,nan,1,NoPoke_Regular_(incorrect),Left,787,1046,519,358469616,nan,nan,nan
8/25/2026 21:39:06,1.17.3,StopSig,2,3.64,nan,1,Right_no_left,Left,787,1047,519,358469616,nan,nan,nan
8/25/2026 21:39:45,1.17.3,StopSig,2,3.64,nan,1,>Left_Stop_trial,Left,788,1047,519,362248491,nan,nan,nan
8/25/2026 21:39:48,1.17.3,StopSig,2,3.63,nan,1,NoPoke_STOP_(correct),Left,788,1047,519,362251778,nan,nan,nan
8/25/2026 21:39:49,1.17.3,StopSig,2,3.64,1,1,Pellet,Left,788,1047,520,362251778,0.83,3797,nan
8/25/2026 21:40:15,1.17.3,StopSig,2,3.64,nan,1,Right_no_left,Left,788,1048,520,362251778,nan,nan,nan
8/25/2026 21:42:07,1.17.3,StopSig,2,3.63,nan,1,Right_no_left,Left,788,1049,520,362278667,nan,nan,nan
8/25/2026 21:48:14,1.17.3,StopSig,2,3.63,nan,1,>Left_Stop_trial,Left,789,1049,520,362757154,nan,nan,nan
8/25/2026 21:48:17,1.17.3,StopSig,2,3.64,nan,1,NoPoke_STOP_(correct),Left,789,1049,520,362760741,nan,nan,nan
8/25/2026 21:48:20,1.17.3,StopSig,2,3.64,2,1,Pellet,Left,789,1049,521,362760741,0.53,511,nan
8/25/2026 22:01:06,1.17.3,StopSig,2,3.64,nan,1,Right_no_left,Left,789,1050,521,362760741,nan,nan,nan
8/25/2026 22:03:26,1.17.3,StopSig,2,3.64,nan,1,Right_no_left,Left,789,1051,521,363529754,nan,nan,nan
8/25/2026 22:03:45,1.17.3,StopSig,2,3.63,nan,1,Right_no_left,Left,789,1052,521,363669900,nan,nan,nan
8/25/2026 22:03:54,1.17.3,StopSig,2,3.64,nan,1,>Left_Regular_trial,Left,790,1052,521,363697832,nan,nan,nan
8/25/2026 22:03:55,1.17.3,StopSig,2,3.63,nan,1,Right_Regular_(correct),Left,790,1053,521,363698868,nan,nan,nan
8/25/2026 22:03:55,1.17.3,StopSig,2,3.54,nan,1,RightDuringDispense,Left,790,1054,521,363698868,nan,nan,0.11
8/25/2026 22:03:56,1.17.3,StopSig,2,3.63,2,1,Pellet,Left,790,1054,522,363698868,0.23,936,nan
8/25/2026 22:04:07,1.17.3,StopSig,2,3.64,nan,1,>Left_Regular_trial,Left,791,1054,522,363710952,nan,nan,nan
8/25/2026 22:04:08,1.17.3,StopSig,2,3.63,nan,1,Right_Regular_(correct),Left,791,1055,522,363711842,nan,nan,nan
8/25/2026 22:04:08,1.17.3,StopSig,2,3.64,nan,1,RightDuringDispense,Left,791,1056,522,363711842,nan,nan,0.03
8/25/2026 22:04:09,1.17.3,StopSig,2,3.64,2,1,Pellet,Left,791,1056,523,363711842,0.06,13,nan
8/25/2026 22:04:17,1.17.3,StopSig,2,3.64,nan,1,Right_no_left,Left,791,1057,523,363711842,nan,nan,nan
8/25/2026 22:04:18,1.17.3,StopSig,2,3.64,nan,1,Right_no_left,Left,791,1058,523,363721553,nan,nan,nan
8/25/2026 22:04:19,1.17.3,StopSig,2,3.64,nan,1,Right_no_left,Left,791,1059,523,363721849,nan,nan,nan
8/25/2026 22:04:19,1.17.3,StopSig,2,3.64,nan,1,Right_no_left,Left,791,1060,523,363723034,nan,nan,nan
8/25/2026 22:04:21,1.17.3,StopSig,2,3.64,nan,1,>Left_Regular_trial,Left,792,1060,523,363725111,nan,nan,nan
8/25/2026 22:04:22,1.17.3,StopSig,2,3.64,nan,1,Right_Regular_(correct),Left,792,1061,523,363726445,nan,nan,nan
8/25/2026 22:04:32,1.17.3,StopSig,2,3.63,3,1,Pellet,Left,792,1061,524,363726445,6.83,23,nan
8/25/2026 22:04:46,1.17.3,StopSig,2,3.63,nan,1,>Left_Stop_trial,Left,793,1061,524,363749694,nan,nan,nan
8/25/2026 22:04:50,1.17.3,StopSig,2,3.64,nan,1,NoPoke_STOP_(correct),Left,793,1061,524,363753871,nan,nan,nan
8/25/2026 22:04:59,1.17.3,StopSig,2,3.63,2,1,Pellet,Left,793,1061,525,363753871,8.09,27,nan
8/25/2026 22:05:12,1.17.3,StopSig,2,3.63,nan,1,>Left_Stop_trial,Left,794,1061,525,363775973,nan,nan,nan
8/25/2026 22:05:16,1.17.3,StopSig,2,3.64,nan,1,NoPoke_STOP_(correct),Left,794,1061,525,363779854,nan,nan,nan
8/25/2026 22:05:19,1.17.3,StopSig,2,3.63,2,1,Pellet,Left,794,1061,526,363779854,0.35,20,nan
8/25/2026 22:05:38,1.17.3,StopSig,2,3.64,nan,1,Right_no_left,Left,794,1062,526,363779854,nan,nan,nan
8/25/2026 22:05:38,1.17.3,StopSig,2,3.63,nan,1,Right_no_left,Left,794,1063,526,363801702,nan,nan,nan
8/25/2026 22:05:40,1.17.3,StopSig,2,3.64,nan,1,Right_no_left,Left,794,1064,526,363802145,nan,nan,nan
8/25/2026 22:05:47,1.17.3,StopSig,2,3.63,nan,1,>Left_Regular_trial,Left,795,1064,526,363811362,nan,nan,nan
8/25/2026 22:05:48,1.17.3,StopSig,2,3.63,nan,1,Right_Regular_(correct),Left,795,1065,526,363811955,nan,nan,nan
8/25/2026 22:05:57,1.17.3,StopSig,2,3.63,4,1,Pellet,Left,795,1065,527,363811955,2.15,38,nan
8/25/2026 22:06:11,1.17.3,StopSig,2,3.63,nan,1,Right_no_left,Left,795,1066,527,363811955,nan,nan,nan
8/25/2026 22:06:13,1.17.3,StopSig,2,3.63,nan,1,>Left_Regular_trial,Left,796,1066,527,363836693,nan,nan,nan
8/25/2026 22:06:14,1.17.3,StopSig,2,3.63,nan,1,Right_Regular_(correct),Left,796,1067,527,363837582,nan,nan,nan
8/25/2026 22:06:21,1.17.3,StopSig,2,3.64,2,1,Pellet,Left,796,1067,528,363837582,4.55,24,nan
8/25/2026 22:06:36,1.17.3,StopSig,2,3.63,nan,1,Right_no_left,Left,796,1068,528,363837582,nan,nan,nan
8/25/2026 22:06:37,1.17.3,StopSig,2,3.64,nan,1,>Left_Regular_trial,Left,797,1068,528,363861394,nan,nan,nan
8/25/2026 22:06:39,1.17.3,StopSig,2,3.64,nan,1,Right_Regular_(correct),Left,797,1069,528,363862581,nan,nan,nan
8/25/2026 22:06:48,1.17.3,StopSig,2,3.64,4,1,Pellet,Left,797,1069,529,363862581,4.37,27,nan
8/25/2026 22:07:06,1.17.3,StopSig,2,3.63,nan,1,Right_no_left,Left,797,1070,529,363862581,nan,nan,nan
8/25/2026 22:07:08,1.17.3,StopSig,2,3.64,nan,1,>Left_Stop_trial,Left,798,1070,529,363891629,nan,nan,nan
8/25/2026 22:07:12,1.17.3,StopSig,2,3.64,nan,1,NoPoke_STOP_(correct),Left,798,1070,529,363895809,nan,nan,nan
8/25/2026 22:07:13,1.17.3,StopSig,2,3.63,2,1,Pellet,Left,798,1070,530,363895809,0.41,25,nan
8/25/2026 22:07:22,1.17.3,StopSig,2,3.64,nan,1,>Left_Regular_trial,Left,799,1070,530,363905839,nan,nan,nan
8/25/2026 22:07:26,1.17.3,StopSig,2,3.63,nan,1,Right_Regular_(correct),Left,799,1071,530,363909850,nan,nan,nan
8/25/2026 22:07:26,1.17.3,StopSig,2,3.63,nan,1,RightDuringDispense,Left,799,1072,530,363909850,nan,nan,0.08
8/25/2026 22:07:27,1.17.3,StopSig,2,3.64,2,1,Pellet,Left,799,1072,531,363909850,0.06,14,nan
8/25/2026 22:27:24,1.17.3,StopSig,2,3.63,nan,1,Right_no_left,Left,799,1073,531,363909850,nan,nan,nan
8/25/2026 22:30:42,1.17.3,StopSig,2,3.63,nan,1,>Left_Regular_trial,Left,800,1073,531,365306123,nan,nan,nan
8/25/2026 22:30:46,1.17.3,StopSig,2,3.64,nan,1,NoPoke_Regular_(incorrect),Left,800,1073,531,365309837,nan,nan,nan
8/25/2026 22:50:01,1.17.3,StopSig,2,3.64,nan,1,>Left_Stop_trial,Left,801,1073,531,366465097,nan,nan,nan
8/25/2026 22:50:02,1.17.3,StopSig,2,3.64,nan,1,Right_STOP_(incorrect),Left,801,1074,531,366465993,nan,nan,nan
8/25/2026 22:50:33,1.17.3,StopSig,2,3.63,nan,1,>Left_Stop_trial,Left,802,1074,531,366496313,nan,nan,nan
8/25/2026 22:50:33,1.17.3,StopSig,2,3.63,nan,1,Right_STOP_(incorrect),Left,802,1075,531,366497061,nan,nan,nan
8/25/2026 22:51:04,1.17.3,StopSig,2,3.64,nan,1,>Left_Stop_trial,Left,803,1075,531,366527381,nan,nan,nan
8/25/2026 22:51:07,1.17.3,StopSig,2,3.63,nan,1,NoPoke_STOP_(correct),Left,803,1075,531,366530964,nan,nan,nan
8/25/2026 22:51:11,1.17.3,StopSig,2,3.63,2,1,Pellet,Left,803,1075,532,366530964,0.95,2624,nan
8/25/2026 22:51:23,1.17.3,StopSig,2,3.64,nan,1,Right_no_left,Left,803,1076,532,366530964,nan,nan,nan
8/25/2026 22:51:24,1.17.3,StopSig,2,3.63,nan,1,Right_no_left,Left,803,1077,532,366547641,nan,nan,nan
8/25/2026 22:51:27,1.17.3,StopSig,2,3.63,nan,1,>Left_Regular_trial,Left,804,1077,532,366550758,nan,nan,nan
8/25/2026 22:51:31,1.17.3,StopSig,2,3.63,nan,1,NoPoke_Regular_(incorrect),Left,804,1077,532,366554914,nan,nan,nan
8/25/2026 22:52:02,1.17.3,StopSig,2,3.63,nan,1,Right_no_left,Left,804,1078,532,366554914,nan,nan,nan
8/25/2026 22:52:04,1.17.3,StopSig,2,3.63,nan,1,>Left_Regular_trial,Left,805,1078,532,366587759,nan,nan,nan
8/25/2026 22:52:05,1.17.3,StopSig,2,3.63,nan,1,Right_Regular_(correct),Left,805,1079,532,366588949,nan,nan,nan
8/25/2026 22:52:08,1.17.3,StopSig,2,3.63,2,1,Pellet,Left,805,1079,533,366588949,0.41,57,nan
8/25/2026 22:52:21,1.17.3,StopSig,2,3.63,nan,1,>Left_Stop_trial,Left,806,1079,533,366604539,nan,nan,nan
8/25/2026 22:52:24,1.17.3,StopSig,2,3.63,nan,1,NoPoke_STOP_(correct),Left,806,1079,533,366607978,nan,nan,nan
8/25/2026 22:52:25,1.17.3,StopSig,2,3.63,2,1,Pellet,Left,806,1079,534,366607978,0.23,17,nan
8/25/2026 22:52:40,1.17.3,StopSig,2,3.63,nan,1,>Left_Regular_trial,Left,807,1079,534,366623542,nan,nan,nan
8/25/2026 22:52:43,1.17.3,StopSig,2,3.64,nan,1,NoPoke_Regular_(incorrect),Left,807,1079,534,366626957,nan,nan,nan
8/25/2026 22:53:15,1.17.3,StopSig,2,3.64,nan,1,Right_no_left,Left,807,1080,534,366626957,nan,nan,nan
8/25/2026 22:53:16,1.17.3,StopSig,2,3.63,nan,1,Right_no_left,Left,807,1081,534,366659504,nan,nan,nan
8/25/2026 22:53:19,1.17.3,StopSig,2,3.63,nan,1,>Left_Stop_trial,Left,808,1081,534,366662474,nan,nan,nan
8/25/2026 22:53:22,1.17.3,StopSig,2,3.63,nan,1,NoPoke_STOP_(correct),Left,808,1081,534,366665919,nan,nan,nan
8/25/2026 22:53:25,1.17.3,StopSig,2,3.63,2,1,Pellet,Left,808,1081,535,366665919,0.12,60,nan
8/25/2026 22:53:35,1.17.3,StopSig,2,3.63,nan,1,Right_no_left,Left,808,1082,535,366665919,nan,nan,nan
8/25/2026 22:53:37,1.17.3,StopSig,2,3.64,nan,1,>Left_Regular_trial,Left,809,1082,535,366681272,nan,nan,nan
8/25/2026 22:53:41,1.17.3,StopSig,2,3.63,nan,1,Right_Regular_(correct),Left,809,1083,535,366684692,nan,nan,nan
8/25/2026 22:53:49,1.17.3,StopSig,2,3.63,2,1,Pellet,Left,809,1083,536,366684692,6.12,24,nan
8/25/2026 22:54:08,1.17.3,StopSig,2,3.64,nan,1,>Left_Regular_trial,Left,810,1083,536,366711711,nan,nan,nan
8/25/2026 22:54:10,1.17.3,StopSig,2,3.63,nan,1,Right_Regular_(correct),Left,810,1084,536,366714236,nan,nan,nan
8/25/2026 22:54:19,1.17.3,StopSig,2,3.62,2,1,Pellet,Left,810,1084,537,366714236,6.41,30,nan
8/25/2026 22:54:38,1.17.3,StopSig,2,3.63,nan,1,Right_no_left,Left,810,1085,537,366714236,nan,nan,nan
8/25/2026 22:54:40,1.17.3,StopSig,2,3.64,nan,1,>Left_Stop_trial,Left,811,1085,537,366743940,nan,nan,nan
8/25/2026 22:54:44,1.17.3,StopSig,2,3.63,nan,1,NoPoke_STOP_(correct),Left,811,1085,537,366747968,nan,nan,nan
8/25/2026 22:54:51,1.17.3,StopSig,2,3.63,4,1,Pellet,Left,811,1085,538,366747968,0.41,32,nan
8/25/2026 22:55:01,1.17.3,StopSig,2,3.63,nan,1,Right_no_left,Left,811,1086,538,366747968,nan,nan,nan
8/25/2026 22:55:02,1.17.3,StopSig,2,3.63,nan,1,Right_no_left,Left,811,1087,538,366765613,nan,nan,nan
8/25/2026 22:55:03,1.17.3,StopSig,2,3.64,nan,1,>Left_Regular_trial,Left,812,1087,538,366767247,nan,nan,nan
8/25/2026 22:55:04,1.17.3,StopSig,2,3.63,nan,1,Right_Regular_(correct),Left,812,1088,538,366768434,nan,nan,nan
8/25/2026 22:55:13,1.17.3,StopSig,2,3.63,2,1,Pellet,Left,812,1088,539,366768434,6.41,22,nan
8/25/2026 22:55:31,1.17.3,StopSig,2,3.63,nan,1,Right_no_left,Left,812,1089,539,366768434,nan,nan,nan
8/25/2026 22:55:34,1.17.3,StopSig,2,3.63,nan,1,>Left_Stop_trial,Left,813,1089,539,366797307,nan,nan,nan
8/25/2026 22:55:37,1.17.3,StopSig,2,3.64,nan,1,NoPoke_STOP_(correct),Left,813,1089,539,366800897,nan,nan,nan
8/25/2026 22:55:38,1.17.3,StopSig,2,3.64,1,1,Pellet,Left,813,1089,540,366800897,0.47,25,nan
8/25/2026 22:55:50,1.17.3,StopSig,2,3.63,nan,1,Right_no_left,Left,813,1090,540,366800897,nan,nan,nan
8/25/2026 22:55:50,1.17.3,StopSig,2,3.63,nan,1,Right_no_left,Left,813,1091,540,366814120,nan,nan,nan
8/25/2026 22:55:52,1.17.3,StopSig,2,3.64,nan,1,>Left_Stop_trial,Left,814,1091,540,366815453,nan,nan,nan
8/25/2026 22:55:55,1.17.3,StopSig,2,3.63,nan,1,NoPoke_STOP_(correct),Left,814,1091,540,366818890,nan,nan,nan
8/25/2026 22:56:00,1.17.3,StopSig,2,3.63,3,1,Pellet,Left,814,1091,541,366818890,0.59,22,nan
8/25/2026 22:56:12,1.17.3,StopSig,2,3.63,nan,1,Right_no_left,Left,814,1092,541,366818890,nan,nan,nan
8/25/2026 22:56:15,1.17.3,StopSig,2,3.63,nan,1,Right_no_left,Left,814,1093,541,366836689,nan,nan,nan
8/25/2026 22:56:17,1.17.3,StopSig,2,3.63,nan,1,>Left_Regular_trial,Left,815,1093,541,366840993,nan,nan,nan
8/25/2026 22:56:18,1.17.3,StopSig,2,3.63,nan,1,Right_Regular_(correct),Left,815,1094,541,366841735,nan,nan,nan
8/25/2026 22:56:27,1.17.3,StopSig,2,3.63,4,1,Pellet,Left,815,1094,542,366841735,4.07,27,nan
8/25/2026 22:56:46,1.17.3,StopSig,2,3.63,nan,1,Right_no_left,Left,815,1095,542,366841735,nan,nan,nan
8/25/2026 22:56:47,1.17.3,StopSig,2,3.63,nan,1,Right_no_left,Left,815,1096,542,366870306,nan,nan,nan
8/25/2026 22:56:48,1.17.3,StopSig,2,3.63,nan,1,>Left_Regular_trial,Left,816,1096,542,366872385,nan,nan,nan
8/25/2026 22:56:49,1.17.3,StopSig,2,3.63,nan,1,Right_Regular_(correct),Left,816,1097,542,366873425,nan,nan,nan
8/25/2026 22:56:50,1.17.3,StopSig,2,3.63,2,1,Pellet,Left,816,1097,543,366873425,0.06,23,nan
8/25/2026 22:57:05,1.17.3,StopSig,2,3.63,nan,1,>Left_Stop_trial,Left,817,1097,543,366888596,nan,nan,nan
8/25/2026 22:57:08,1.17.3,StopSig,2,3.63,nan,1,NoPoke_STOP_(correct),Left,817,1097,543,366891881,nan,nan,nan
8/25/2026 22:57:09,1.17.3,StopSig,2,3.63,2,1,Pellet,Left,817,1097,544,366891881,0.11,19,nan
8/25/2026 22:57:25,1.17.3,StopSig,2,3.63,nan,1,Right_no_left,Left,817,1098,544,366891881,nan,nan,nan
8/25/2026 22:57:27,1.17.3,StopSig,2,3.64,nan,1,>Left_Regular_trial,Left,818,1098,544,366911225,nan,nan,nan
8/25/2026 22:57:28,1.17.3,StopSig,2,3.63,nan,1,Right_Regular_(correct),Left,818,1099,544,366912410,nan,nan,nan
8/25/2026 22:57:34,1.17.3,StopSig,2,3.63,4,1,Pellet,Left,818,1099,545,366912410,0.12,24,nan
8/25/2026 22:57:45,1.17.3,StopSig,2,3.63,nan,1,>Left_Regular_trial,Left,819,1099,545,366929440,nan,nan,nan
8/25/2026 22:57:47,1.17.3,StopSig,2,3.63,nan,1,Right_Regular_(correct),Left,819,1100,545,366931072,nan,nan,nan
8/25/2026 22:57:57,1.17.3,StopSig,2,3.63,2,1,Pellet,Left,819,1100,546,366931072,8.51,23,nan
8/25/2026 22:59:52,1.17.3,StopSig,2,3.64,nan,1,Right_no_left,Left,819,1101,546,366931072,nan,nan,nan
8/25/2026 23:13:50,1.17.3,StopSig,2,3.63,nan,1,>Left_Stop_trial,Left,820,1101,546,367894263,nan,nan,nan
8/25/2026 23:13:54,1.17.3,StopSig,2,3.63,nan,1,NoPoke_STOP_(correct),Left,820,1101,546,367897995,nan,nan,nan
8/25/2026 23:13:55,1.17.3,StopSig,2,3.63,2,1,Pellet,Left,820,1101,547,367897995,0.71,959,nan
8/25/2026 23:16:19,1.17.3,StopSig,2,3.63,nan,1,Right_no_left,Left,820,1102,547,367897995,nan,nan,nan
8/25/2026 23:19:17,1.17.3,StopSig,2,3.64,nan,1,>Left_Regular_trial,Left,821,1102,547,368221318,nan,nan,nan
8/25/2026 23:19:21,1.17.3,StopSig,2,3.63,nan,1,NoPoke_Regular_(incorrect),Left,821,1102,547,368225024,nan,nan,nan
8/25/2026 23:30:11,1.17.3,StopSig,2,3.63,nan,1,>Left_Regular_trial,Left,822,1102,547,368875526,nan,nan,nan
8/25/2026 23:30:15,1.17.3,StopSig,2,3.63,nan,1,NoPoke_Regular_(incorrect),Left,822,1102,547,368879089,nan,nan,nan
8/25/2026 23:30:46,1.17.3,StopSig,2,3.63,nan,1,>Left_Regular_trial,Left,823,1102,547,368910599,nan,nan,nan
8/25/2026 23:30:50,1.17.3,StopSig,2,3.63,nan,1,NoPoke_Regular_(incorrect),Left,823,1102,547,368914013,nan,nan,nan
8/25/2026 23:37:10,1.17.3,StopSig,2,3.63,nan,1,Right_no_left,Left,823,1103,547,368914013,nan,nan,nan
8/25/2026 23:37:12,1.17.3,StopSig,2,3.63,nan,1,>Left_Regular_trial,Left,824,1103,547,369296014,nan,nan,nan
8/25/2026 23:37:13,1.17.3,StopSig,2,3.63,nan,1,Right_Regular_(correct),Left,824,1104,547,369296902,nan,nan,nan
8/25/2026 23:37:16,1.17.3,StopSig,2,3.63,2,1,Pellet,Left,824,1104,548,369296902,0.29,1401,nan
8/25/2026 23:37:28,1.17.3,StopSig,2,3.63,nan,1,Right_no_left,Left,824,1105,548,369296902,nan,nan,nan
8/25/2026 23:37:32,1.17.3,StopSig,2,3.63,nan,1,>Left_Regular_trial,Left,825,1105,548,369315899,nan,nan,nan
8/25/2026 23:37:33,1.17.3,StopSig,2,3.63,nan,1,Right_Regular_(correct),Left,825,1106,548,369316790,nan,nan,nan
8/25/2026 23:37:38,1.17.3,StopSig,2,3.63,3,1,Pellet,Left,825,1106,549,369316790,0.53,22,nan
8/25/2026 23:37:53,1.17.3,StopSig,2,3.63,nan,1,Right_no_left,Left,825,1107,549,369316790,nan,nan,nan
8/25/2026 23:37:55,1.17.3,StopSig,2,3.63,nan,1,>Left_Stop_trial,Left,826,1107,549,369338403,nan,nan,nan
8/25/2026 23:37:58,1.17.3,StopSig,2,3.63,nan,1,NoPoke_STOP_(correct),Left,826,1107,549,369341987,nan,nan,nan
8/25/2026 23:37:59,1.17.3,StopSig,2,3.63,1,1,Pellet,Left,826,1107,550,369341987,0.41,21,nan
8/25/2026 23:38:11,1.17.3,StopSig,2,3.63,nan,1,Right_no_left,Left,826,1108,550,369341987,nan,nan,nan
8/25/2026 23:38:13,1.17.3,StopSig,2,3.63,nan,1,Right_no_left,Left,826,1109,550,369355055,nan,nan,nan
8/25/2026 23:38:16,1.17.3,StopSig,2,3.63,nan,1,Right_no_left,Left,826,1110,550,369357284,nan,nan,nan
8/25/2026 23:38:19,1.17.3,StopSig,2,3.63,nan,1,>Left_Regular_trial,Left,827,1110,550,369363526,nan,nan,nan
8/25/2026 23:38:20,1.17.3,StopSig,2,3.63,nan,1,Right_Regular_(correct),Left,827,1111,550,369364268,nan,nan,nan
8/25/2026 23:38:21,1.17.3,StopSig,2,3.63,2,1,Pellet,Left,827,1111,551,369364268,0.06,22,nan
8/25/2026 23:38:30,1.17.3,StopSig,2,3.63,nan,1,Right_no_left,Left,827,1112,551,369364268,nan,nan,nan
8/25/2026 23:38:32,1.17.3,StopSig,2,3.64,nan,1,>Left_Regular_trial,Left,828,1112,551,369375866,nan,nan,nan
8/25/2026 23:38:32,1.17.3,StopSig,2,3.63,nan,1,Right_Regular_(correct),Left,828,1113,551,369376754,nan,nan,nan
8/25/2026 23:38:33,1.17.3,StopSig,2,3.63,1,1,Pellet,Left,828,1113,552,369376754,0.06,12,nan
8/25/2026 23:38:45,1.17.3,StopSig,2,3.63,nan,1,Right_no_left,Left,828,1114,552,369376754,nan,nan,nan
8/25/2026 23:38:45,1.17.3,StopSig,2,3.63,nan,1,Right_no_left,Left,828,1115,552,369389161,nan,nan,nan
8/25/2026 23:38:47,1.17.3,StopSig,2,3.63,nan,1,>Left_Regular_trial,Left,829,1115,552,369390793,nan,nan,nan
8/25/2026 23:38:47,1.17.3,StopSig,2,3.63,nan,1,Right_Regular_(correct),Left,829,1116,552,369391681,nan,nan,nan
8/25/2026 23:38:50,1.17.3,StopSig,2,3.63,2,1,Pellet,Left,829,1116,553,369391681,0.35,17,nan
8/25/2026 23:39:02,1.17.3,StopSig,2,3.63,nan,1,Right_no_left,Left,829,1117,553,369391681,nan,nan,nan
8/25/2026 23:39:03,1.17.3,StopSig,2,3.63,nan,1,>Left_Regular_trial,Left,830,1117,553,369407327,nan,nan,nan
8/25/2026 23:39:04,1.17.3,StopSig,2,3.63,nan,1,Right_Regular_(correct),Left,830,1118,553,369408214,nan,nan,nan
8/25/2026 23:39:16,1.17.3,StopSig,2,3.63,4,1,Pellet,Left,830,1118,554,369408214,6.65,26,nan
8/25/2026 23:44:27,1.17.3,StopSig,2,3.64,nan,1,>Left_Regular_trial,Left,831,1118,554,369731369,nan,nan,nan
8/25/2026 23:44:31,1.17.3,StopSig,2,3.63,nan,1,NoPoke_Regular_(incorrect),Left,831,1118,554,369735075,nan,nan,nan
8/25/2026 23:55:22,1.17.3,StopSig,2,3.63,nan,1,>Left_Regular_trial,Left,832,1118,554,370386307,nan,nan,nan
8/25/2026 23:55:26,1.17.3,StopSig,2,3.64,nan,1,NoPoke_Regular_(incorrect),Left,832,1118,554,370390018,nan,nan,nan
8/26/2026 0:02:59,1.17.3,StopSig,2,3.64,nan,1,Right_no_left,Left,832,1119,554,370390018,nan,nan,nan
8/26/2026 0:03:12,1.17.3,StopSig,2,3.63,nan,1,Right_no_left,Left,832,1120,554,370843524,nan,nan,nan
8/26/2026 0:03:31,1.17.3,StopSig,2,3.63,nan,1,>Left_Regular_trial,Left,833,1120,554,370875330,nan,nan,nan
8/26/2026 0:03:35,1.17.3,StopSig,2,3.63,nan,1,NoPoke_Regular_(incorrect),Left,833,1120,554,370879043,nan,nan,nan
8/26/2026 0:23:39,1.17.3,StopSig,2,3.63,nan,1,Right_no_left,Left,833,1121,554,370879043,nan,nan,nan
8/26/2026 2:11:02,1.17.3,StopSig,2,3.62,nan,1,>Left_Regular_trial,Left,834,1121,554,378527023,nan,nan,nan
8/26/2026 2:11:06,1.17.3,StopSig,2,3.62,nan,1,NoPoke_Regular_(incorrect),Left,834,1121,554,378530430,nan,nan,nan
8/26/2026 2:11:49,1.17.3,StopSig,2,3.63,nan,1,Right_no_left,Left,834,1122,554,378530430,nan,nan,nan
8/26/2026 2:11:56,1.17.3,StopSig,2,3.63,nan,1,>Left_Regular_trial,Left,835,1122,554,378580773,nan,nan,nan
8/26/2026 2:12:00,1.17.3,StopSig,2,3.62,nan,1,NoPoke_Regular_(incorrect),Left,835,1122,554,378584481,nan,nan,nan
8/26/2026 2:12:43,1.17.3,StopSig,2,3.62,nan,1,>Left_Regular_trial,Left,836,1122,554,378627286,nan,nan,nan
8/26/2026 2:12:47,1.17.3,StopSig,2,3.62,nan,1,NoPoke_Regular_(incorrect),Left,836,1122,554,378631443,nan,nan,nan
8/26/2026 2:14:17,1.17.3,StopSig,2,3.63,nan,1,>Left_Regular_trial,Left,837,1122,554,378721349,nan,nan,nan
8/26/2026 2:14:21,1.17.3,StopSig,2,3.63,nan,1,NoPoke_Regular_(incorrect),Left,837,1122,554,378725503,nan,nan,nan
8/26/2026 2:16:22,1.17.3,StopSig,2,3.63,nan,1,>Left_Regular_trial,Left,838,1122,554,378847018,nan,nan,nan
8/26/2026 2:16:25,1.17.3,StopSig,2,3.63,nan,1,Right_Regular_(correct),Left,838,1123,554,378849987,nan,nan,nan
8/26/2026 2:16:27,1.17.3,StopSig,2,3.62,2,1,Pellet,Left,838,1123,555,378849987,0.17,9431,nan
8/26/2026 2:16:38,1.17.3,StopSig,2,3.63,nan,1,>Left_Regular_trial,Left,839,1123,555,378862550,nan,nan,nan
8/26/2026 2:16:39,1.17.3,StopSig,2,3.62,nan,1,Right_Regular_(correct),Left,839,1124,555,378863438,nan,nan,nan
8/26/2026 2:16:40,1.17.3,StopSig,2,3.63,2,1,Pellet,Left,839,1124,556,378863438,0.06,13,nan
8/26/2026 2:16:57,1.17.3,StopSig,2,3.62,nan,1,Right_no_left,Left,839,1125,556,378863438,nan,nan,nan
8/26/2026 2:16:57,1.17.3,StopSig,2,3.62,nan,1,Right_no_left,Left,839,1126,556,378881411,nan,nan,nan
8/26/2026 2:16:59,1.17.3,StopSig,2,3.62,nan,1,>Left_Regular_trial,Left,840,1126,556,378883638,nan,nan,nan
8/26/2026 2:17:00,1.17.3,StopSig,2,3.62,nan,1,Right_Regular_(correct),Left,840,1127,556,378884377,nan,nan,nan
8/26/2026 2:17:05,1.17.3,StopSig,2,3.63,3,1,Pellet,Left,840,1127,557,378884377,0.12,25,nan
8/26/2026 2:17:14,1.17.3,StopSig,2,3.62,nan,1,Right_no_left,Left,840,1128,557,378884377,nan,nan,nan
8/26/2026 2:17:17,1.17.3,StopSig,2,3.63,nan,1,>Left_Regular_trial,Left,841,1128,557,378901247,nan,nan,nan
8/26/2026 2:17:17,1.17.3,StopSig,2,3.63,nan,1,Right_Regular_(correct),Left,841,1129,557,378901986,nan,nan,nan
8/26/2026 2:17:26,1.17.3,StopSig,2,3.62,3,1,Pellet,Left,841,1129,558,378901986,5.09,21,nan
8/26/2026 2:17:40,1.17.3,StopSig,2,3.63,nan,1,Right_no_left,Left,841,1130,558,378901986,nan,nan,nan
8/26/2026 2:17:40,1.17.3,StopSig,2,3.63,nan,1,Right_no_left,Left,841,1131,558,378924742,nan,nan,nan
8/26/2026 2:17:43,1.17.3,StopSig,2,3.62,nan,1,>Left_Regular_trial,Left,842,1131,558,378927705,nan,nan,nan
8/26/2026 2:17:44,1.17.3,StopSig,2,3.62,nan,1,Right_Regular_(correct),Left,842,1132,558,378928741,nan,nan,nan
8/26/2026 2:17:46,1.17.3,StopSig,2,3.63,2,1,Pellet,Left,842,1132,559,378928741,0.12,20,nan
8/26/2026 2:18:01,1.17.3,StopSig,2,3.63,nan,1,>Left_Regular_trial,Left,843,1132,559,378945090,nan,nan,nan
8/26/2026 2:18:01,1.17.3,StopSig,2,3.63,nan,1,Right_Regular_(correct),Left,843,1133,559,378946126,nan,nan,nan
8/26/2026 2:18:02,1.17.3,StopSig,2,3.62,nan,1,RightDuringDispense,Left,843,1134,559,378946126,nan,nan,0.01
8/26/2026 2:18:12,1.17.3,StopSig,2,3.63,3,1,Pellet,Left,843,1134,560,378946126,7.13,26,nan
8/26/2026 2:18:26,1.17.3,StopSig,2,3.63,nan,1,Right_no_left,Left,843,1135,560,378946126,nan,nan,nan
8/26/2026 2:18:34,1.17.3,StopSig,2,3.63,nan,1,>Left_Stop_trial,Left,844,1135,560,378978540,nan,nan,nan
8/26/2026 2:18:35,1.17.3,StopSig,2,3.62,nan,1,Right_STOP_(incorrect),Left,844,1136,560,378979285,nan,nan,nan
8/26/2026 2:19:49,1.17.3,StopSig,2,3.63,nan,1,>Left_Regular_trial,Left,845,1136,560,379053589,nan,nan,nan
8/26/2026 2:19:53,1.17.3,StopSig,2,3.63,nan,1,NoPoke_Regular_(incorrect),Left,845,1136,560,379057450,nan,nan,nan
8/26/2026 2:20:38,1.17.3,StopSig,2,3.63,nan,1,Right_no_left,Left,845,1137,560,379057450,nan,nan,nan
8/26/2026 2:34:47,1.17.3,StopSig,2,3.62,nan,1,>Left_Stop_trial,Left,846,1137,560,379951367,nan,nan,nan
8/26/2026 2:34:51,1.17.3,StopSig,2,3.63,nan,1,NoPoke_STOP_(correct),Left,846,1137,560,379955547,nan,nan,nan
8/26/2026 2:34:59,1.17.3,StopSig,2,3.62,5,1,Pellet,Left,846,1137,561,379955547,0.41,1007,nan
8/26/2026 2:35:13,1.17.3,StopSig,2,3.62,nan,1,>Left_Stop_trial,Left,847,1137,561,379977551,nan,nan,nan
8/26/2026 2:35:17,1.17.3,StopSig,2,3.63,nan,1,NoPoke_STOP_(correct),Left,847,1137,561,379981430,nan,nan,nan
8/26/2026 2:35:18,1.17.3,StopSig,2,3.62,2,1,Pellet,Left,847,1137,562,379981430,0.29,19,nan
8/26/2026 2:35:31,1.17.3,StopSig,2,3.62,nan,1,Right_no_left,Left,847,1138,562,379981430,nan,nan,nan
8/26/2026 2:35:31,1.17.3,StopSig,2,3.62,nan,1,Right_no_left,Left,847,1139,562,379995947,nan,nan,nan
8/26/2026 2:35:33,1.17.3,StopSig,2,3.63,nan,1,>Left_Regular_trial,Left,848,1139,562,379997579,nan,nan,nan
8/26/2026 2:35:33,1.17.3,StopSig,2,3.63,nan,1,Right_Regular_(correct),Left,848,1140,562,379998170,nan,nan,nan
8/26/2026 2:35:44,1.17.3,StopSig,2,3.62,4,1,Pellet,Left,848,1140,563,379998170,3.05,26,nan
8/26/2026 2:35:59,1.17.3,StopSig,2,3.62,nan,1,Right_no_left,Left,848,1141,563,379998170,nan,nan,nan
8/26/2026 2:35:59,1.17.3,StopSig,2,3.62,nan,1,Right_no_left,Left,848,1142,563,380023594,nan,nan,nan
8/26/2026 2:41:29,1.17.3,StopSig,2,3.63,nan,1,Right_no_left,Left,848,1143,563,380024185,nan,nan,nan
8/26/2026 2:54:22,1.17.3,StopSig,2,3.62,nan,1,Right_no_left,Left,848,1144,563,380353543,nan,nan,nan
8/26/2026 2:54:30,1.17.3,StopSig,2,3.63,nan,1,>Left_Regular_trial,Left,849,1144,563,381135074,nan,nan,nan
8/26/2026 2:54:32,1.17.3,StopSig,2,3.63,nan,1,Right_Regular_(correct),Left,849,1145,563,381136556,nan,nan,nan
8/26/2026 2:54:35,1.17.3,StopSig,2,3.63,2,1,Pellet,Left,849,1145,564,381136556,0.65,1131,nan
8/26/2026 2:54:52,1.17.3,StopSig,2,3.62,nan,1,>Left_Regular_trial,Left,850,1145,564,381156511,nan,nan,nan
8/26/2026 2:54:55,1.17.3,StopSig,2,3.62,nan,1,Right_Regular_(correct),Left,850,1146,564,381159480,nan,nan,nan
8/26/2026 2:54:58,1.17.3,StopSig,2,3.63,2,1,Pellet,Left,850,1146,565,381159480,0.35,23,nan
8/26/2026 2:55:09,1.17.3,StopSig,2,3.62,nan,1,>Left_Regular_trial,Left,851,1146,565,381173317,nan,nan,nan
8/26/2026 2:55:09,1.17.3,StopSig,2,3.62,nan,1,Right_Regular_(correct),Left,851,1147,565,381174205,nan,nan,nan
8/26/2026 2:55:10,1.17.3,StopSig,2,3.62,nan,1,RightDuringDispense,Left,851,1148,565,381174205,nan,nan,0.02
8/26/2026 2:55:11,1.17.3,StopSig,2,3.63,2,1,Pellet,Left,851,1148,566,381174205,0.06,13,nan
8/26/2026 2:55:21,1.17.3,StopSig,2,3.62,nan,1,Right_no_left,Left,851,1149,566,381174205,nan,nan,nan
8/26/2026 2:55:21,1.17.3,StopSig,2,3.62,nan,1,Right_no_left,Left,851,1150,566,381185644,nan,nan,nan
8/26/2026 2:55:22,1.17.3,StopSig,2,3.63,nan,1,>Left_Regular_trial,Left,852,1150,566,381187128,nan,nan,nan
8/26/2026 2:55:23,1.17.3,StopSig,2,3.62,nan,1,Right_Regular_(correct),Left,852,1151,566,381188017,nan,nan,nan
8/26/2026 2:55:29,1.17.3,StopSig,2,3.62,4,1,Pellet,Left,852,1151,567,381188017,0.06,18,nan
8/26/2026 2:55:39,1.17.3,StopSig,2,3.63,nan,1,>Left_Stop_trial,Left,853,1151,567,381202987,nan,nan,nan
8/26/2026 2:55:42,1.17.3,StopSig,2,3.62,nan,1,NoPoke_STOP_(correct),Left,853,1151,567,381206571,nan,nan,nan
8/26/2026 2:55:43,1.17.3,StopSig,2,3.63,2,1,Pellet,Left,853,1151,568,381206571,0.17,14,nan
8/26/2026 2:55:57,1.17.3,StopSig,2,3.62,nan,1,>Left_Regular_trial,Left,854,1151,568,381221834,nan,nan,nan
8/26/2026 2:55:58,1.17.3,StopSig,2,3.62,nan,1,Right_Regular_(correct),Left,854,1152,568,381222574,nan,nan,nan
8/26/2026 2:55:58,1.17.3,StopSig,2,3.62,nan,1,RightDuringDispense,Left,854,1153,568,381222574,nan,nan,0.25
8/26/2026 2:56:06,1.17.3,StopSig,2,3.62,2,1,Pellet,Left,854,1153,569,381222574,5.09,23,nan
8/26/2026 2:56:23,1.17.3,StopSig,2,3.63,nan,1,>Left_Regular_trial,Left,855,1153,569,381247952,nan,nan,nan
8/26/2026 2:56:24,1.17.3,StopSig,2,3.63,nan,1,Right_Regular_(correct),Left,855,1154,569,381248692,nan,nan,nan
8/26/2026 2:56:25,1.17.3,StopSig,2,3.62,1,1,Pellet,Left,855,1154,570,381248692,0.06,19,nan
8/26/2026 2:56:35,1.17.3,StopSig,2,3.62,nan,1,Right_no_left,Left,855,1155,570,381248692,nan,nan,nan
8/26/2026 2:56:37,1.17.3,StopSig,2,3.62,nan,1,Right_no_left,Left,855,1156,570,381259674,nan,nan,nan
8/26/2026 2:56:39,1.17.3,StopSig,2,3.62,nan,1,>Left_Regular_trial,Left,856,1156,570,381263389,nan,nan,nan
8/26/2026 2:56:39,1.17.3,StopSig,2,3.62,nan,1,Right_Regular_(correct),Left,856,1157,570,381264277,nan,nan,nan
8/26/2026 2:56:48,1.17.3,StopSig,2,3.62,2,1,Pellet,Left,856,1157,571,381264277,5.81,23,nan
8/26/2026 2:59:29,1.17.3,StopSig,2,3.63,nan,1,>Left_Regular_trial,Left,857,1157,571,381433555,nan,nan,nan
8/26/2026 2:59:33,1.17.3,StopSig,2,3.62,nan,1,NoPoke_Regular_(incorrect),Left,857,1157,571,381437560,nan,nan,nan
8/26/2026 3:03:35,1.17.3,StopSig,2,3.63,nan,1,Right_no_left,Left,857,1158,571,381437560,nan,nan,nan
8/26/2026 3:03:41,1.17.3,StopSig,2,3.62,nan,1,Right_no_left,Left,857,1159,571,381680383,nan,nan,nan
8/26/2026 3:03:44,1.17.3,StopSig,2,3.63,nan,1,>Left_Regular_trial,Left,858,1159,571,381688251,nan,nan,nan
8/26/2026 3:03:45,1.17.3,StopSig,2,3.63,nan,1,Right_Regular_(correct),Left,858,1160,571,381690182,nan,nan,nan
8/26/2026 3:03:58,1.17.3,StopSig,2,3.63,4,1,Pellet,Left,858,1160,572,381690182,7.31,430,nan
8/26/2026 3:04:10,1.17.3,StopSig,2,3.62,nan,1,Right_no_left,Left,858,1161,572,381690182,nan,nan,nan
8/26/2026 3:04:12,1.17.3,StopSig,2,3.63,nan,1,>Left_Regular_trial,Left,859,1161,572,381716949,nan,nan,nan
8/26/2026 3:04:13,1.17.3,StopSig,2,3.62,nan,1,Right_Regular_(correct),Left,859,1162,572,381717688,nan,nan,nan
8/26/2026 3:04:21,1.17.3,StopSig,2,3.62,3,1,Pellet,Left,859,1162,573,381717688,4.97,23,nan
8/26/2026 3:04:36,1.17.3,StopSig,2,3.62,nan,1,>Left_Stop_trial,Left,860,1162,573,381740738,nan,nan,nan
8/26/2026 3:04:40,1.17.3,StopSig,2,3.63,nan,1,NoPoke_STOP_(correct),Left,860,1162,573,381744621,nan,nan,nan
8/26/2026 3:04:41,1.17.3,StopSig,2,3.63,2,1,Pellet,Left,860,1162,574,381744621,0.23,20,nan
8/26/2026 3:04:52,1.17.3,StopSig,2,3.62,nan,1,Right_no_left,Left,860,1163,574,381744621,nan,nan,nan
8/26/2026 3:04:55,1.17.3,StopSig,2,3.63,nan,1,>Left_Stop_trial,Left,861,1163,574,381759200,nan,nan,nan
8/26/2026 3:04:58,1.17.3,StopSig,2,3.62,nan,1,NoPoke_STOP_(correct),Left,861,1163,574,381762634,nan,nan,nan
8/26/2026 3:05:03,1.17.3,StopSig,2,3.62,3,1,Pellet,Left,861,1163,575,381762634,0.23,22,nan
8/26/2026 3:05:16,1.17.3,StopSig,2,3.62,nan,1,Right_no_left,Left,861,1164,575,381762634,nan,nan,nan
8/26/2026 3:05:18,1.17.3,StopSig,2,3.62,nan,1,>Left_Regular_trial,Left,862,1164,575,381782302,nan,nan,nan
8/26/2026 3:05:18,1.17.3,StopSig,2,3.62,nan,1,Right_Regular_(correct),Left,862,1165,575,381783193,nan,nan,nan
8/26/2026 3:05:25,1.17.3,StopSig,2,3.63,3,1,Pellet,Left,862,1165,576,381783193,3.89,22,nan
8/26/2026 3:05:42,1.17.3,StopSig,2,3.62,nan,1,>Left_Regular_trial,Left,863,1165,576,381807010,nan,nan,nan
8/26/2026 3:05:43,1.17.3,StopSig,2,3.62,nan,1,Right_Regular_(correct),Left,863,1166,576,381807899,nan,nan,nan
8/26/2026 3:05:54,1.17.3,StopSig,2,3.62,3,1,Pellet,Left,863,1166,577,381807899,8.03,29,nan
8/26/2026 3:14:06,1.17.3,StopSig,2,3.63,nan,1,>Left_Regular_trial,Left,864,1166,577,382310393,nan,nan,nan
8/26/2026 3:14:10,1.17.3,StopSig,2,3.63,nan,1,NoPoke_Regular_(incorrect),Left,864,1166,577,382314547,nan,nan,nan
8/26/2026 3:45:43,1.17.3,StopSig,2,3.63,nan,1,>Left_Regular_trial,Left,865,1166,577,384208234,nan,nan,nan
8/26/2026 3:45:47,1.17.3,StopSig,2,3.62,nan,1,NoPoke_Regular_(incorrect),Left,865,1166,577,384211650,nan,nan,nan
8/26/2026 5:51:18,1.17.3,StopSig,2,3.62,nan,1,Right_no_left,Left,865,1167,577,384211650,nan,nan,nan
8/26/2026 5:52:35,1.17.3,StopSig,2,3.62,nan,1,>Left_Stop_trial,Left,866,1167,577,391820200,nan,nan,nan
8/26/2026 5:52:39,1.17.3,StopSig,2,3.62,nan,1,NoPoke_STOP_(correct),Left,866,1167,577,391824082,nan,nan,nan
8/26/2026 5:52:40,1.17.3,StopSig,2,3.62,1,1,Pellet,Left,866,1167,578,391824082,0.41,10006,nan
8/26/2026 5:53:01,1.17.3,StopSig,2,3.62,nan,1,>Left_Stop_trial,Left,867,1167,578,391846221,nan,nan,nan
8/26/2026 5:53:05,1.17.3,StopSig,2,3.62,nan,1,NoPoke_STOP_(correct),Left,867,1167,578,391849958,nan,nan,nan
8/26/2026 5:53:10,1.17.3,StopSig,2,3.62,3,1,Pellet,Left,867,1167,579,391849958,0.65,30,nan
8/26/2026 5:53:23,1.17.3,StopSig,2,3.62,nan,1,Right_no_left,Left,867,1168,579,391849958,nan,nan,nan
8/26/2026 5:53:25,1.17.3,StopSig,2,3.62,nan,1,>Left_Regular_trial,Left,868,1168,579,391869991,nan,nan,nan
8/26/2026 5:53:29,1.17.3,StopSig,2,3.62,nan,1,NoPoke_Regular_(incorrect),Left,868,1168,579,391874005,nan,nan,nan
8/26/2026 5:57:23,1.17.3,StopSig,2,3.62,nan,1,Right_no_left,Left,868,1169,579,391874005,nan,nan,nan
8/26/2026 5:59:59,1.17.3,StopSig,2,3.62,nan,1,Right_no_left,Left,868,1170,579,392108809,nan,nan,nan
8/26/2026 6:00:11,1.17.3,StopSig,2,3.62,nan,1,Right_no_left,Left,868,1171,579,392264899,nan,nan,nan
8/26/2026 6:00:18,1.17.3,StopSig,2,3.62,nan,1,Right_no_left,Left,868,1172,579,392276645,nan,nan,nan
8/26/2026 6:00:27,1.17.3,StopSig,2,3.62,nan,1,>Left_Stop_trial,Left,869,1172,579,392292251,nan,nan,nan
8/26/2026 6:00:31,1.17.3,StopSig,2,3.62,nan,1,NoPoke_STOP_(correct),Left,869,1172,579,392295988,nan,nan,nan
8/26/2026 6:00:32,1.17.3,StopSig,2,3.62,1,1,Pellet,Left,869,1172,580,392295988,0.47,442,nan
8/26/2026 6:00:50,1.17.3,StopSig,2,3.62,nan,1,Right_no_left,Left,869,1173,580,392295988,nan,nan,nan
8/26/2026 6:00:55,1.17.3,StopSig,2,3.62,nan,1,Right_no_left,Left,869,1174,580,392315512,nan,nan,nan
8/26/2026 6:01:01,1.17.3,StopSig,2,3.62,nan,1,Right_no_left,Left,869,1175,580,392319972,nan,nan,nan
8/26/2026 6:01:03,1.17.3,StopSig,2,3.62,nan,1,>Left_Regular_trial,Left,870,1175,580,392328150,nan,nan,nan
8/26/2026 6:01:07,1.17.3,StopSig,2,3.62,nan,1,Right_Regular_(correct),Left,870,1176,580,392331861,nan,nan,nan
8/26/2026 6:01:07,1.17.3,StopSig,2,3.53,nan,1,RightDuringDispense,Left,870,1177,580,392331861,nan,nan,0.07
8/26/2026 6:01:08,1.17.3,StopSig,2,3.62,2,1,Pellet,Left,870,1177,581,392331861,0.17,36,nan
8/26/2026 6:01:19,1.17.3,StopSig,2,3.62,nan,1,Right_no_left,Left,870,1178,581,392331861,nan,nan,nan
8/26/2026 6:01:21,1.17.3,StopSig,2,3.62,nan,1,>Left_Regular_trial,Left,871,1178,581,392346464,nan,nan,nan
8/26/2026 6:01:22,1.17.3,StopSig,2,3.62,nan,1,Right_Regular_(correct),Left,871,1179,581,392347207,nan,nan,nan
8/26/2026 6:01:23,1.17.3,StopSig,2,3.62,1,1,Pellet,Left,871,1179,582,392347207,0.11,15,nan
8/26/2026 6:01:31,1.17.3,StopSig,2,3.62,nan,1,>Left_Regular_trial,Left,872,1179,582,392356278,nan,nan,nan
8/26/2026 6:01:32,1.17.3,StopSig,2,3.62,nan,1,Right_Regular_(correct),Left,872,1180,582,392357314,nan,nan,nan
8/26/2026 6:01:33,1.17.3,StopSig,2,3.62,1,1,Pellet,Left,872,1180,583,392357314,0.23,10,nan
8/26/2026 6:01:54,1.17.3,StopSig,2,3.62,nan,1,>Left_Stop_trial,Left,873,1180,583,392379142,nan,nan,nan
8/26/2026 6:01:58,1.17.3,StopSig,2,3.62,nan,1,NoPoke_STOP_(correct),Left,873,1180,583,392383024,nan,nan,nan
8/26/2026 6:01:59,1.17.3,StopSig,2,3.62,1,1,Pellet,Left,873,1180,584,392383024,0.29,26,nan
8/26/2026 6:02:10,1.17.3,StopSig,2,3.62,nan,1,>Left_Regular_trial,Left,874,1180,584,392395226,nan,nan,nan
8/26/2026 6:02:11,1.17.3,StopSig,2,3.62,nan,1,Right_Regular_(correct),Left,874,1181,584,392395968,nan,nan,nan
8/26/2026 6:02:11,1.17.3,StopSig,2,3.62,nan,1,RightDuringDispense,Left,874,1182,584,392395968,nan,nan,0.06
8/26/2026 6:02:16,1.17.3,StopSig,2,3.62,4,1,Pellet,Left,874,1182,585,392395968,0.06,17,nan
8/26/2026 6:02:43,1.17.3,StopSig,2,3.62,nan,1,>Left_Regular_trial,Left,875,1182,585,392428609,nan,nan,nan
8/26/2026 6:02:44,1.17.3,StopSig,2,3.62,nan,1,Right_Regular_(correct),Left,875,1183,585,392429647,nan,nan,nan
8/26/2026 6:02:45,1.17.3,StopSig,2,3.62,nan,1,RightDuringDispense,Left,875,1184,585,392429647,nan,nan,0.18
8/26/2026 6:02:46,1.17.3,StopSig,2,3.62,2,1,Pellet,Left,875,1184,586,392429647,0.06,30,nan
8/26/2026 6:02:59,1.17.3,StopSig,2,3.62,nan,1,>Left_Stop_trial,Left,876,1184,586,392444194,nan,nan,nan
8/26/2026 6:03:00,1.17.3,StopSig,2,3.62,nan,1,Right_STOP_(incorrect),Left,876,1185,586,392445090,nan,nan,nan
8/26/2026 6:03:31,1.17.3,StopSig,2,3.62,nan,1,>Left_Stop_trial,Left,877,1185,586,392475411,nan,nan,nan
8/26/2026 6:03:34,1.17.3,StopSig,2,3.62,nan,1,NoPoke_STOP_(correct),Left,877,1185,586,392479001,nan,nan,nan
8/26/2026 6:03:35,1.17.3,StopSig,2,3.62,2,1,Pellet,Left,877,1185,587,392479001,0.59,49,nan
8/26/2026 6:14:18,1.17.3,StopSig,2,3.62,nan,1,>Left_Regular_trial,Left,878,1185,587,393122683,nan,nan,nan
8/26/2026 6:14:21,1.17.3,StopSig,2,3.62,nan,1,NoPoke_Regular_(incorrect),Left,878,1185,587,393126098,nan,nan,nan
8/26/2026 6:16:17,1.17.3,StopSig,2,3.62,nan,1,>Left_Stop_trial,Left,879,1185,587,393242346,nan,nan,nan
8/26/2026 6:16:21,1.17.3,StopSig,2,3.62,nan,1,NoPoke_STOP_(correct),Left,879,1185,587,393246082,nan,nan,nan
8/26/2026 6:16:25,1.17.3,StopSig,2,3.62,2,1,Pellet,Left,879,1185,588,393246082,0.89,770,nan
8/26/2026 8:34:04,1.17.3,StopSig,2,3.62,nan,1,>Left_Regular_trial,Left,880,1185,588,401510023,nan,nan,nan
8/26/2026 8:34:08,1.17.3,StopSig,2,3.62,nan,1,NoPoke_Regular_(incorrect),Left,880,1185,588,401513444,nan,nan,nan
8/26/2026 8:35:07,1.17.3,StopSig,2,3.62,nan,1,Right_no_left,Left,880,1186,588,401513444,nan,nan,nan
8/26/2026 8:35:07,1.17.3,StopSig,2,3.62,nan,1,Right_no_left,Left,880,1187,588,401572953,nan,nan,nan
8/26/2026 8:35:08,1.17.3,StopSig,2,3.62,nan,1,Right_no_left,Left,880,1188,588,401573247,nan,nan,nan
8/26/2026 8:35:10,1.17.3,StopSig,2,3.62,nan,1,>Left_Regular_trial,Left,881,1188,588,401575478,nan,nan,nan
8/26/2026 8:35:11,1.17.3,StopSig,2,3.62,nan,1,Right_Regular_(correct),Left,881,1189,588,401576814,nan,nan,nan
8/26/2026 8:35:12,1.17.3,StopSig,2,3.62,1,1,Pellet,Left,881,1189,589,401576814,0.12,8327,nan
8/26/2026 8:35:29,1.17.3,StopSig,2,3.62,nan,1,>Left_Regular_trial,Left,882,1189,589,401594243,nan,nan,nan
8/26/2026 8:35:29,1.17.3,StopSig,2,3.62,nan,1,Right_Regular_(correct),Left,882,1190,589,401595133,nan,nan,nan
8/26/2026 8:35:33,1.17.3,StopSig,2,3.62,3,1,Pellet,Left,882,1190,590,401595133,0.23,21,nan
8/26/2026 8:35:49,1.17.3,StopSig,2,3.62,nan,1,>Left_Regular_trial,Left,883,1190,590,401614235,nan,nan,nan
8/26/2026 8:35:50,1.17.3,StopSig,2,3.62,nan,1,Right_Regular_(correct),Left,883,1191,590,401615273,nan,nan,nan
8/26/2026 8:35:50,1.17.3,StopSig,2,3.62,nan,1,RightDuringDispense,Left,883,1192,590,401615273,nan,nan,0.07
8/26/2026 8:35:59,1.17.3,StopSig,2,3.62,3,1,Pellet,Left,883,1192,591,401615273,5.81,26,nan
8/26/2026 8:36:14,1.17.3,StopSig,2,3.62,nan,1,>Left_Regular_trial,Left,884,1192,591,401639995,nan,nan,nan
8/26/2026 8:36:15,1.17.3,StopSig,2,3.62,nan,1,Right_Regular_(correct),Left,884,1193,591,401641032,nan,nan,nan
8/26/2026 8:36:26,1.17.3,StopSig,2,3.62,3,1,Pellet,Left,884,1193,592,401641032,6.17,27,nan
8/26/2026 8:36:46,1.17.3,StopSig,2,3.61,nan,1,Right_no_left,Left,884,1194,592,401641032,nan,nan,nan
8/26/2026 8:38:49,1.17.3,StopSig,2,3.62,nan,1,Right_no_left,Left,884,1195,592,401671544,nan,nan,nan
8/26/2026 8:44:38,1.17.3,StopSig,2,3.62,nan,1,>Left_Regular_trial,Left,885,1195,592,402143337,nan,nan,nan
8/26/2026 8:44:42,1.17.3,StopSig,2,3.62,nan,1,NoPoke_Regular_(incorrect),Left,885,1195,592,402147498,nan,nan,nan
8/26/2026 10:37:06,1.17.3,StopSig,2,3.62,nan,1,>Left_Regular_trial,Left,886,1195,592,408891501,nan,nan,nan
8/26/2026 10:37:09,1.17.3,StopSig,2,3.61,nan,1,NoPoke_Regular_(incorrect),Left,886,1195,592,408894768,nan,nan,nan
8/26/2026 10:37:54,1.17.3,StopSig,2,3.62,nan,1,Right_no_left,Left,886,1196,592,408894768,nan,nan,nan
8/26/2026 10:40:36,1.17.3,StopSig,2,3.62,nan,1,Right_no_left,Left,886,1197,592,408939950,nan,nan,nan
8/26/2026 10:40:38,1.17.3,StopSig,2,3.62,nan,1,>Left_Stop_trial,Left,887,1197,592,409104009,nan,nan,nan
8/26/2026 10:40:42,1.17.3,StopSig,2,3.62,nan,1,NoPoke_STOP_(correct),Left,887,1197,592,409107742,nan,nan,nan
8/26/2026 10:40:43,1.17.3,StopSig,2,3.62,1,1,Pellet,Left,887,1197,593,409107742,0.23,7457,nan
8/26/2026 10:58:07,1.17.3,StopSig,2,3.62,nan,1,Right_no_left,Left,887,1198,593,409107742,nan,nan,nan
8/26/2026 10:58:16,1.17.3,StopSig,2,3.62,nan,1,>Left_Regular_trial,Left,888,1198,593,410161559,nan,nan,nan
8/26/2026 10:58:17,1.17.3,StopSig,2,3.61,nan,1,Right_Regular_(correct),Left,888,1199,593,410162597,nan,nan,nan
8/26/2026 10:58:20,1.17.3,StopSig,2,3.62,2,1,Pellet,Left,888,1199,594,410162597,0.29,1057,nan
8/26/2026 10:58:33,1.17.3,StopSig,2,3.62,nan,1,>Left_Regular_trial,Left,889,1199,594,410178754,nan,nan,nan
8/26/2026 10:58:34,1.17.3,StopSig,2,3.62,nan,1,Right_Regular_(correct),Left,889,1200,594,410179643,nan,nan,nan
8/26/2026 10:58:34,1.17.3,StopSig,2,3.62,nan,1,RightDuringDispense,Left,889,1201,594,410179643,nan,nan,0.02
8/26/2026 10:58:43,1.17.3,StopSig,2,3.62,2,1,Pellet,Left,889,1201,595,410179643,5.93,23,nan
8/26/2026 10:58:59,1.17.3,StopSig,2,3.62,nan,1,Right_no_left,Left,889,1202,595,410179643,nan,nan,nan
8/26/2026 10:59:03,1.17.3,StopSig,2,3.61,nan,1,>Left_Regular_trial,Left,890,1202,595,410209118,nan,nan,nan
8/26/2026 10:59:04,1.17.3,StopSig,2,3.62,nan,1,Right_Regular_(correct),Left,890,1203,595,410210007,nan,nan,nan
8/26/2026 10:59:13,1.17.3,StopSig,2,3.61,2,1,Pellet,Left,890,1203,596,410210007,5.87,30,nan
8/26/2026 10:59:29,1.17.3,StopSig,2,3.62,nan,1,>Left_Regular_trial,Left,891,1203,596,410235114,nan,nan,nan
8/26/2026 10:59:31,1.17.3,StopSig,2,3.62,nan,1,Right_Regular_(correct),Left,891,1204,596,410237491,nan,nan,nan
8/26/2026 10:59:32,1.17.3,StopSig,2,3.62,nan,1,RightDuringDispense,Left,891,1205,596,410237491,nan,nan,0.24
8/26/2026 10:59:35,1.17.3,StopSig,2,3.61,3,1,Pellet,Left,891,1205,597,410237491,0.06,22,nan
8/26/2026 10:59:48,1.17.3,StopSig,2,3.61,nan,1,>Left_Stop_trial,Left,892,1205,597,410253611,nan,nan,nan
8/26/2026 10:59:52,1.17.3,StopSig,2,3.62,nan,1,NoPoke_STOP_(correct),Left,892,1205,597,410257792,nan,nan,nan
8/26/2026 11:00:03,1.17.3,StopSig,2,3.62,5,1,Pellet,Left,892,1205,598,410257792,3.71,28,nan
8/26/2026 11:00:34,1.17.3,StopSig,2,3.62,nan,1,>Left_Regular_trial,Left,893,1205,598,410300013,nan,nan,nan
8/26/2026 11:00:38,1.17.3,StopSig,2,3.62,nan,1,NoPoke_Regular_(incorrect),Left,893,1205,598,410303875,nan,nan,nan
8/26/2026 13:23:15,1.17.3,StopSig,2,3.61,nan,1,Right_no_left,Left,893,1206,598,410303875,nan,nan,nan
8/26/2026 13:23:18,1.17.3,StopSig,2,3.61,nan,1,>Left_Regular_trial,Left,894,1206,598,418864045,nan,nan,nan
8/26/2026 13:23:22,1.17.3,StopSig,2,3.61,nan,1,NoPoke_Regular_(incorrect),Left,894,1206,598,418868214,nan,nan,nan
8/26/2026 13:25:41,1.17.3,StopSig,2,3.61,nan,1,Right_no_left,Left,894,1207,598,418868214,nan,nan,nan
8/26/2026 13:27:49,1.17.3,StopSig,2,3.61,nan,1,Right_no_left,Left,894,1208,598,419007868,nan,nan,nan
8/26/2026 13:29:32,1.17.3,StopSig,2,3.61,nan,1,Right_no_left,Left,894,1209,598,419135429,nan,nan,nan
