MM:DD:YYYY hh:mm:ss,Library_Version,Session_type,Device_Number,Battery_Voltage,Motor_Turns,FR,Event,Active_Poke,Left_Poke_Count,Right_Poke_Count,Pellet_Count,Block_Pellet_Count,Retrieval_Time,InterPelletInterval,Poke_Time
8/21/2026 17:14:43,1.17.3,StopSig,57,4.20,nan,1,Right_no_left,Left,0,1,0,0,nan,nan,nan
8/21/2026 17:15:04,1.17.3,StopSig,57,4.19,nan,1,Right_no_left,Left,0,2,0,407773,nan,nan,nan
8/21/2026 17:17:19,1.17.3,StopSig,57,4.20,nan,1,Right_no_left,Left,0,3,0,428480,nan,nan,nan
8/21/2026 17:17:26,1.17.3,StopSig,57,4.20,nan,1,Right_no_left,Left,0,4,0,563555,nan,nan,nan
8/21/2026 17:17:27,1.17.3,StopSig,57,4.20,nan,1,Right_no_left,Left,0,5,0,570998,nan,nan,nan
8/21/2026 17:18:07,1.17.3,StopSig,57,4.20,nan,1,Right_no_left,Left,0,6,0,571428,nan,nan,nan
8/21/2026 17:18:08,1.17.3,StopSig,57,4.20,nan,1,Right_no_left,Left,0,7,0,612006,nan,nan,nan
8/21/2026 17:18:19,1.17.3,StopSig,57,4.20,nan,1,>Left_Regular_trial,Left,1,7,0,623388,nan,nan,nan
8/21/2026 17:18:22,1.17.3,StopSig,57,4.20,nan,1,Right_Regular_(correct),Left,1,8,0,626153,nan,nan,nan
8/21/2026 17:18:22,1.17.3,StopSig,57,4.20,nan,1,RightDuringDispense,Left,1,9,0,626153,nan,nan,0.01
8/21/2026 17:18:25,1.17.3,StopSig,57,4.19,2,1,Pellet,Left,1,9,1,626153,0.47,nan,nan
8/21/2026 17:19:26,1.17.3,StopSig,57,4.20,nan,1,>Left_Regular_trial,Left,2,9,1,690139,nan,nan,nan
8/21/2026 17:19:29,1.17.3,StopSig,57,4.20,nan,1,Right_Regular_(correct),Left,2,10,1,693050,nan,nan,nan
8/21/2026 17:19:29,1.17.3,StopSig,57,4.20,nan,1,RightDuringDispense,Left,2,11,1,693050,nan,nan,0.15
8/21/2026 17:19:30,1.17.3,StopSig,57,4.20,1,1,Pellet,Left,2,11,2,693050,0.29,65,nan
8/21/2026 17:19:50,1.17.3,StopSig,57,4.20,nan,1,Right_no_left,Left,2,12,2,693050,nan,nan,nan
8/21/2026 17:19:56,1.17.3,StopSig,57,4.20,nan,1,Right_no_left,Left,2,13,2,714815,nan,nan,nan
8/21/2026 17:19:57,1.17.3,StopSig,57,4.19,nan,1,Right_no_left,Left,2,14,2,720509,nan,nan,nan
8/21/2026 17:24:05,1.17.3,StopSig,57,4.20,nan,1,Right_no_left,Left,2,15,2,721671,nan,nan,nan
8/21/2026 17:24:08,1.17.3,StopSig,57,4.20,nan,1,>Left_Regular_trial,Left,3,15,2,972291,nan,nan,nan
8/21/2026 17:24:12,1.17.3,StopSig,57,4.19,nan,1,NoPoke_Regular_(incorrect),Left,3,15,2,976239,nan,nan,nan
8/21/2026 17:24:56,1.17.3,StopSig,57,4.20,nan,1,Right_no_left,Left,3,16,2,976239,nan,nan,nan
8/21/2026 17:25:00,1.17.3,StopSig,57,4.20,nan,1,Right_no_left,Left,3,17,2,1021023,nan,nan,nan
8/21/2026 17:25:13,1.17.3,StopSig,57,4.20,nan,1,Right_no_left,Left,3,18,2,1024965,nan,nan,nan
8/21/2026 17:25:29,1.17.3,StopSig,57,4.20,nan,1,Right_no_left,Left,3,19,2,1037388,nan,nan,nan
8/21/2026 17:25:48,1.17.3,StopSig,57,4.20,nan,1,Right_no_left,Left,3,20,2,1053777,nan,nan,nan
8/21/2026 17:25:50,1.17.3,StopSig,57,4.20,nan,1,Right_no_left,Left,3,21,2,1072789,nan,nan,nan
8/21/2026 17:25:52,1.17.3,StopSig,57,4.20,nan,1,Right_no_left,Left,3,22,2,1074245,nan,nan,nan
8/21/2026 18:04:19,1.17.3,StopSig,57,4.19,nan,1,>Left_Regular_trial,Left,4,22,2,3383370,nan,nan,nan
8/21/2026 18:04:22,1.17.3,StopSig,57,4.19,nan,1,Right_Regular_(correct),Left,4,23,2,3386877,nan,nan,nan
8/21/2026 18:04:26,1.17.3,StopSig,57,4.19,2,1,Pellet,Left,4,23,3,3386877,1.43,2696,nan
8/21/2026 18:05:00,1.17.3,StopSig,57,4.19,nan,1,Right_no_left,Left,4,24,3,3386877,nan,nan,nan
8/21/2026 18:05:01,1.17.3,StopSig,57,4.19,nan,1,Right_no_left,Left,4,25,3,3424498,nan,nan,nan
8/21/2026 18:05:20,1.17.3,StopSig,57,4.18,nan,1,>Left_Regular_trial,Left,5,25,3,3444118,nan,nan,nan
8/21/2026 18:05:23,1.17.3,StopSig,57,4.19,nan,1,NoPoke_Regular_(incorrect),Left,5,25,3,3447333,nan,nan,nan
8/21/2026 18:05:58,1.17.3,StopSig,57,4.19,nan,1,Right_no_left,Left,5,26,3,3447333,nan,nan,nan
8/21/2026 18:06:02,1.17.3,StopSig,57,4.19,nan,1,>Left_Regular_trial,Left,6,26,3,3485998,nan,nan,nan
8/21/2026 18:06:04,1.17.3,StopSig,57,4.19,nan,1,Right_Regular_(correct),Left,6,27,3,3488629,nan,nan,nan
8/21/2026 18:06:04,1.17.3,StopSig,57,4.18,nan,1,RightDuringDispense,Left,6,28,3,3488629,nan,nan,0.21
8/21/2026 18:06:06,1.17.3,StopSig,57,4.19,1,1,Pellet,Left,6,28,4,3488629,0.35,100,nan
8/21/2026 18:06:30,1.17.3,StopSig,57,4.19,nan,1,>Left_Regular_trial,Left,7,28,4,3514215,nan,nan,nan
8/21/2026 18:06:34,1.17.3,StopSig,57,4.19,nan,1,NoPoke_Regular_(incorrect),Left,7,28,4,3518316,nan,nan,nan
8/21/2026 18:07:11,1.17.3,StopSig,57,4.20,nan,1,Right_no_left,Left,7,29,4,3518316,nan,nan,nan
8/21/2026 18:07:15,1.17.3,StopSig,57,4.19,nan,1,>Left_Regular_trial,Left,8,29,4,3559745,nan,nan,nan
8/21/2026 18:07:18,1.17.3,StopSig,57,4.19,nan,1,Right_Regular_(correct),Left,8,30,4,3562960,nan,nan,nan
8/21/2026 18:07:20,1.17.3,StopSig,57,4.19,1,1,Pellet,Left,8,30,5,3562960,0.77,74,nan
8/21/2026 18:07:34,1.17.3,StopSig,57,4.19,nan,1,>Left_Regular_trial,Left,9,30,5,3578110,nan,nan,nan
8/21/2026 18:07:37,1.17.3,StopSig,57,4.19,nan,1,NoPoke_Regular_(incorrect),Left,9,30,5,3581325,nan,nan,nan
8/21/2026 18:15:23,1.17.3,StopSig,57,4.19,nan,1,Right_no_left,Left,9,31,5,3581325,nan,nan,nan
8/21/2026 18:15:25,1.17.3,StopSig,57,4.19,nan,1,>Left_Regular_trial,Left,10,31,5,4049132,nan,nan,nan
8/21/2026 18:15:28,1.17.3,StopSig,57,4.18,nan,1,NoPoke_Regular_(incorrect),Left,10,31,5,4052347,nan,nan,nan
8/21/2026 18:22:29,1.17.3,StopSig,57,4.19,nan,1,>Left_Regular_trial,Left,11,31,5,4473724,nan,nan,nan
8/21/2026 18:22:33,1.17.3,StopSig,57,4.18,nan,1,NoPoke_Regular_(incorrect),Left,11,31,5,4477377,nan,nan,nan
8/21/2026 18:25:58,1.17.3,StopSig,57,4.18,nan,1,>Left_Regular_trial,Left,12,31,5,4682075,nan,nan,nan
8/21/2026 18:26:01,1.17.3,StopSig,57,4.19,nan,1,NoPoke_Regular_(incorrect),Left,12,31,5,4685438,nan,nan,nan
8/21/2026 18:27:32,1.17.3,StopSig,57,4.19,nan,1,>Left_Regular_trial,Left,13,31,5,4776563,nan,nan,nan
8/21/2026 18:27:36,1.17.3,StopSig,57,4.18,nan,1,NoPoke_Regular_(incorrect),Left,13,31,5,4780381,nan,nan,nan
8/21/2026 18:29:37,1.17.3,StopSig,57,4.19,nan,1,>Left_Regular_trial,Left,14,31,5,4901277,nan,nan,nan
8/21/2026 18:29:41,1.17.3,StopSig,57,4.19,nan,1,NoPoke_Regular_(incorrect),Left,14,31,5,4905372,nan,nan,nan
8/21/2026 18:36:36,1.17.3,StopSig,57,4.18,nan,1,>Left_Regular_trial,Left,15,31,5,5320331,nan,nan,nan
8/21/2026 18:36:40,1.17.3,StopSig,57,4.18,nan,1,Right_Regular_(correct),Left,15,32,5,5324281,nan,nan,nan
8/21/2026 18:36:44,1.17.3,StopSig,57,4.18,2,1,Pellet,Left,15,32,6,5324281,1.43,1764,nan
8/21/2026 18:37:01,1.17.3,StopSig,57,4.18,nan,1,>Left_Regular_trial,Left,16,32,6,5345987,nan,nan,nan
8/21/2026 18:37:03,1.17.3,StopSig,57,4.19,nan,1,Right_Regular_(correct),Left,16,33,6,5347886,nan,nan,nan
8/21/2026 18:37:05,1.17.3,StopSig,57,4.18,1,1,Pellet,Left,16,33,7,5347886,0.95,21,nan
8/21/2026 18:37:22,1.17.3,StopSig,57,4.18,nan,1,>Left_Regular_trial,Left,17,33,7,5366709,nan,nan,nan
8/21/2026 18:37:24,1.17.3,StopSig,57,4.18,nan,1,Right_Regular_(correct),Left,17,34,7,5369198,nan,nan,nan
8/21/2026 18:37:26,1.17.3,StopSig,57,4.18,1,1,Pellet,Left,17,34,8,5369198,0.41,21,nan
8/21/2026 18:37:53,1.17.3,StopSig,57,4.18,nan,1,>Left_Regular_trial,Left,18,34,8,5397442,nan,nan,nan
8/21/2026 18:37:54,1.17.3,StopSig,57,4.19,nan,1,Right_Regular_(correct),Left,18,35,8,5399194,nan,nan,nan
8/21/2026 18:37:55,1.17.3,StopSig,57,4.18,2,1,Pellet,Left,18,35,9,5399194,0.17,29,nan
8/21/2026 18:38:15,1.17.3,StopSig,57,4.19,nan,1,Right_no_left,Left,18,36,9,5399194,nan,nan,nan
8/21/2026 18:38:16,1.17.3,StopSig,57,4.18,nan,1,Right_no_left,Left,18,37,9,5419998,nan,nan,nan
8/21/2026 18:38:16,1.17.3,StopSig,57,4.18,nan,1,Right_no_left,Left,18,38,9,5421017,nan,nan,nan
8/21/2026 18:38:19,1.17.3,StopSig,57,4.18,nan,1,>Left_Regular_trial,Left,19,38,9,5423652,nan,nan,nan
8/21/2026 18:38:21,1.17.3,StopSig,57,4.18,nan,1,Right_Regular_(correct),Left,19,39,9,5425992,nan,nan,nan
8/21/2026 18:38:22,1.17.3,StopSig,57,4.18,1,1,Pellet,Left,19,39,10,5425992,0.29,27,nan
8/21/2026 18:38:42,1.17.3,StopSig,57,4.19,nan,1,Right_no_left,Left,19,40,10,5425992,nan,nan,nan
8/21/2026 18:38:43,1.17.3,StopSig,57,4.19,nan,1,Right_no_left,Left,19,41,10,5447023,nan,nan,nan
8/21/2026 18:38:45,1.17.3,StopSig,57,4.18,nan,1,>Left_Regular_trial,Left,20,41,10,5449656,nan,nan,nan
8/21/2026 18:38:47,1.17.3,StopSig,57,4.18,nan,1,Right_Regular_(correct),Left,20,42,10,5451997,nan,nan,nan
8/21/2026 18:38:51,1.17.3,StopSig,57,4.18,2,1,Pellet,Left,20,42,11,5451997,0.47,29,nan
8/21/2026 18:39:11,1.17.3,StopSig,57,4.18,nan,1,>Left_Stop_trial,Left,21,42,11,5475502,nan,nan,nan
8/21/2026 18:39:15,1.17.3,StopSig,57,4.18,nan,1,NoPoke_STOP_(correct),Left,21,42,11,5479479,nan,nan,nan
8/21/2026 18:39:35,1.17.3,StopSig,57,4.18,nan,1,RightWithPellet,Left,21,43,11,5479479,nan,nan,0.11
8/21/2026 18:39:39,1.17.3,StopSig,57,4.18,nan,1,LeftWithPellet,Left,22,43,11,5479479,nan,nan,0.07
8/21/2026 18:39:41,1.17.3,StopSig,57,4.19,nan,1,RightWithPellet,Left,22,44,11,5479479,nan,nan,0.04
8/21/2026 18:39:46,1.17.3,StopSig,57,4.18,nan,1,LeftWithPellet,Left,23,44,11,5479479,nan,nan,0.09
8/21/2026 18:39:47,1.17.3,StopSig,57,4.18,nan,1,RightWithPellet,Left,23,45,11,5479479,nan,nan,0.04
8/21/2026 18:39:48,1.17.3,StopSig,57,4.18,1,1,Pellet,Left,23,45,12,5479479,32.12,57,nan
8/21/2026 18:39:50,1.17.3,StopSig,57,4.19,nan,1,>Left_Regular_trial,Left,24,45,12,5514451,nan,nan,nan
8/21/2026 18:39:50,1.17.3,StopSig,57,4.19,nan,1,Right_Regular_(correct),Left,24,46,12,5515177,nan,nan,nan
8/21/2026 18:40:06,1.17.3,StopSig,57,4.18,nan,1,LeftWithPellet,Left,25,46,12,5515177,nan,nan,0.01
8/21/2026 18:40:10,1.17.3,StopSig,57,4.18,nan,1,RightWithPellet,Left,25,47,12,5515177,nan,nan,0.17
8/21/2026 18:42:33,1.17.3,StopSig,57,4.18,2,1,Pellet,Left,25,47,13,5515177,Timed_out,165,nan
8/21/2026 18:50:19,1.17.3,StopSig,57,4.18,nan,1,>Left_Regular_trial,Left,26,47,13,6143549,nan,nan,nan
8/21/2026 18:50:23,1.17.3,StopSig,57,4.18,nan,1,NoPoke_Regular_(incorrect),Left,26,47,13,6147506,nan,nan,nan
8/21/2026 18:51:33,1.17.3,StopSig,57,4.19,nan,1,Right_no_left,Left,26,48,13,6147506,nan,nan,nan
8/21/2026 18:51:37,1.17.3,StopSig,57,4.18,nan,1,>Left_Regular_trial,Left,27,48,13,6221271,nan,nan,nan
8/21/2026 18:51:41,1.17.3,StopSig,57,4.18,nan,1,NoPoke_Regular_(incorrect),Left,27,48,13,6225519,nan,nan,nan
8/21/2026 18:53:20,1.17.3,StopSig,57,4.18,nan,1,Right_no_left,Left,27,49,13,6225519,nan,nan,nan
8/21/2026 18:56:42,1.17.3,StopSig,57,4.18,nan,1,Right_no_left,Left,27,50,13,6324560,nan,nan,nan
8/21/2026 18:56:52,1.17.3,StopSig,57,4.18,nan,1,Right_no_left,Left,27,51,13,6527034,nan,nan,nan
8/21/2026 18:57:15,1.17.3,StopSig,57,4.19,nan,1,Right_no_left,Left,27,52,13,6536868,nan,nan,nan
8/21/2026 19:02:56,1.17.3,StopSig,57,4.18,nan,1,>Left_Regular_trial,Left,28,52,13,6900278,nan,nan,nan
8/21/2026 19:02:58,1.17.3,StopSig,57,4.18,nan,1,Right_Regular_(correct),Left,28,53,13,6903062,nan,nan,nan
8/21/2026 19:02:59,1.17.3,StopSig,57,4.18,1,1,Pellet,Left,28,53,14,6903062,0.35,1226,nan
8/21/2026 19:03:18,1.17.3,StopSig,57,4.18,nan,1,Right_no_left,Left,28,54,14,6903062,nan,nan,nan
8/21/2026 19:03:20,1.17.3,StopSig,57,4.19,nan,1,Right_no_left,Left,28,55,14,6922994,nan,nan,nan
8/21/2026 19:03:26,1.17.3,StopSig,57,4.18,nan,1,Right_no_left,Left,28,56,14,6924454,nan,nan,nan
8/21/2026 19:03:28,1.17.3,StopSig,57,4.18,nan,1,>Left_Stop_trial,Left,29,56,14,6932232,nan,nan,nan
8/21/2026 19:03:31,1.17.3,StopSig,57,4.19,nan,1,NoPoke_STOP_(correct),Left,29,56,14,6935480,nan,nan,nan
8/21/2026 19:03:38,1.17.3,StopSig,57,4.18,1,1,Pellet,Left,29,56,15,6935480,6.59,39,nan
8/21/2026 19:04:53,1.17.3,StopSig,57,4.18,nan,1,Right_no_left,Left,29,57,15,6935480,nan,nan,nan
8/21/2026 19:13:19,1.17.3,StopSig,57,4.19,nan,1,Right_no_left,Left,29,58,15,7018001,nan,nan,nan
8/21/2026 19:13:30,1.17.3,StopSig,57,4.18,nan,1,>Left_Regular_trial,Left,30,58,15,7534704,nan,nan,nan
8/21/2026 19:13:33,1.17.3,StopSig,57,4.18,nan,1,Right_Regular_(correct),Left,30,59,15,7537339,nan,nan,nan
8/21/2026 19:13:34,1.17.3,StopSig,57,4.18,1,1,Pellet,Left,30,59,16,7537339,0.59,596,nan
8/21/2026 19:13:57,1.17.3,StopSig,57,4.18,nan,1,>Left_Regular_trial,Left,31,59,16,7561458,nan,nan,nan
8/21/2026 19:14:01,1.17.3,StopSig,57,4.18,nan,1,NoPoke_Regular_(incorrect),Left,31,59,16,7565557,nan,nan,nan
8/21/2026 19:16:02,1.17.3,StopSig,57,4.18,nan,1,>Left_Stop_trial,Left,32,59,16,7686670,nan,nan,nan
8/21/2026 19:16:06,1.17.3,StopSig,57,4.18,nan,1,NoPoke_STOP_(correct),Left,32,59,16,7690504,nan,nan,nan
8/21/2026 19:19:09,1.17.3,StopSig,57,4.18,nan,1,LeftWithPellet,Left,33,59,16,7690504,nan,nan,0.19
8/21/2026 19:19:12,1.17.3,StopSig,57,4.18,nan,1,RightWithPellet,Left,33,60,16,7690504,nan,nan,0.07
8/21/2026 19:19:39,1.17.3,StopSig,57,4.18,nan,1,LeftWithPellet,Left,34,60,16,7690504,nan,nan,0.17
8/21/2026 19:19:42,1.17.3,StopSig,57,4.18,nan,1,RightWithPellet,Left,34,61,16,7690504,nan,nan,0.06
8/21/2026 19:27:42,1.17.3,StopSig,57,4.18,nan,1,RightWithPellet,Left,34,62,16,7690504,nan,nan,0.09
8/21/2026 19:27:48,1.17.3,StopSig,57,4.18,nan,1,RightWithPellet,Left,34,63,16,7690504,nan,nan,0.28
8/21/2026 19:27:52,1.17.3,StopSig,57,4.18,nan,1,LeftWithPellet,Left,35,63,16,7690504,nan,nan,0.12
8/21/2026 19:27:53,1.17.3,StopSig,57,4.18,nan,1,RightWithPellet,Left,35,64,16,7690504,nan,nan,0.01
8/21/2026 19:27:55,1.17.3,StopSig,57,4.18,nan,1,RightWithPellet,Left,35,65,16,7690504,nan,nan,0.04
8/21/2026 19:27:59,1.17.3,StopSig,57,4.18,nan,1,RightWithPellet,Left,35,66,16,7690504,nan,nan,0.00
8/21/2026 19:28:01,1.17.3,StopSig,57,4.18,nan,1,RightWithPellet,Left,35,67,16,7690504,nan,nan,0.11
8/21/2026 19:28:03,1.17.3,StopSig,57,4.18,nan,1,LeftWithPellet,Left,36,67,16,7690504,nan,nan,0.10
8/21/2026 19:28:06,1.17.3,StopSig,57,4.18,nan,1,RightWithPellet,Left,36,68,16,7690504,nan,nan,0.14
8/21/2026 19:28:08,1.17.3,StopSig,57,4.18,nan,1,RightWithPellet,Left,36,69,16,7690504,nan,nan,0.01
8/21/2026 19:28:11,1.17.3,StopSig,57,4.18,nan,1,LeftWithPellet,Left,37,69,16,7690504,nan,nan,0.22
8/21/2026 19:28:11,1.17.3,StopSig,57,4.18,nan,1,LeftWithPellet,Left,38,69,16,7690504,nan,nan,0.35
8/21/2026 19:28:14,1.17.3,StopSig,57,4.18,nan,1,RightWithPellet,Left,38,70,16,7690504,nan,nan,0.07
8/21/2026 19:28:16,1.17.3,StopSig,57,4.18,nan,1,RightWithPellet,Left,38,71,16,7690504,nan,nan,0.15
8/21/2026 19:28:19,1.17.3,StopSig,57,4.18,nan,1,LeftWithPellet,Left,39,71,16,7690504,nan,nan,0.11
8/21/2026 19:28:21,1.17.3,StopSig,57,4.18,nan,1,RightWithPellet,Left,39,72,16,7690504,nan,nan,0.02
8/21/2026 19:28:24,1.17.3,StopSig,57,4.18,nan,1,LeftWithPellet,Left,40,72,16,7690504,nan,nan,0.23
8/21/2026 19:28:26,1.17.3,StopSig,57,4.18,nan,1,RightWithPellet,Left,40,73,16,7690504,nan,nan,0.13
8/21/2026 19:28:29,1.17.3,StopSig,57,4.18,nan,1,LeftWithPellet,Left,41,73,16,7690504,nan,nan,0.07
8/21/2026 19:28:30,1.17.3,StopSig,57,4.18,nan,1,RightWithPellet,Left,41,74,16,7690504,nan,nan,0.05
8/21/2026 19:28:31,1.17.3,StopSig,57,4.18,nan,1,RightWithPellet,Left,41,75,16,7690504,nan,nan,0.04
8/21/2026 19:28:37,1.17.3,StopSig,57,4.18,nan,1,RightWithPellet,Left,41,76,16,7690504,nan,nan,0.23
8/21/2026 19:28:38,1.17.3,StopSig,57,4.18,nan,1,LeftWithPellet,Left,42,76,16,7690504,nan,nan,0.25
8/21/2026 19:28:41,1.17.3,StopSig,57,4.18,nan,1,RightWithPellet,Left,42,77,16,7690504,nan,nan,0.09
8/21/2026 19:29:04,1.17.3,StopSig,57,4.18,nan,1,LeftWithPellet,Left,43,77,16,7690504,nan,nan,0.08
8/21/2026 19:29:05,1.17.3,StopSig,57,4.18,nan,1,LeftWithPellet,Left,44,77,16,7690504,nan,nan,0.34
8/21/2026 19:29:10,1.17.3,StopSig,57,4.18,nan,1,RightWithPellet,Left,44,78,16,7690504,nan,nan,0.10
8/21/2026 19:29:11,1.17.3,StopSig,57,4.18,nan,1,LeftWithPellet,Left,45,78,16,7690504,nan,nan,0.02
8/21/2026 19:29:12,1.17.3,StopSig,57,4.18,nan,1,RightWithPellet,Left,45,79,16,7690504,nan,nan,0.02
8/21/2026 19:29:14,1.17.3,StopSig,57,4.18,nan,1,LeftWithPellet,Left,46,79,16,7690504,nan,nan,0.43
8/21/2026 19:29:15,1.17.3,StopSig,57,4.18,nan,1,RightWithPellet,Left,46,80,16,7690504,nan,nan,0.18
8/21/2026 19:29:21,1.17.3,StopSig,57,4.18,nan,1,RightWithPellet,Left,46,81,16,7690504,nan,nan,0.02
8/21/2026 19:29:27,1.17.3,StopSig,57,4.17,nan,1,LeftWithPellet,Left,47,81,16,7690504,nan,nan,0.15
8/21/2026 19:31:33,1.17.3,StopSig,57,4.17,nan,1,LeftWithPellet,Left,48,81,16,7690504,nan,nan,0.09
8/21/2026 19:31:45,1.17.3,StopSig,57,4.17,nan,1,LeftWithPellet,Left,49,81,16,7690504,nan,nan,0.04
8/21/2026 19:31:46,1.17.3,StopSig,57,4.17,nan,1,RightWithPellet,Left,49,82,16,7690504,nan,nan,0.05
8/21/2026 19:31:48,1.17.3,StopSig,57,4.17,nan,1,LeftWithPellet,Left,50,82,16,7690504,nan,nan,0.04
8/21/2026 19:31:49,1.17.3,StopSig,57,4.18,nan,1,RightWithPellet,Left,50,83,16,7690504,nan,nan,0.16
8/21/2026 19:31:50,1.17.3,StopSig,57,4.18,nan,1,LeftWithPellet,Left,51,83,16,7690504,nan,nan,0.05
8/21/2026 19:31:51,1.17.3,StopSig,57,4.18,nan,1,RightWithPellet,Left,51,84,16,7690504,nan,nan,0.04
8/21/2026 19:31:51,1.17.3,StopSig,57,4.18,nan,1,RightWithPellet,Left,51,85,16,7690504,nan,nan,0.09
8/21/2026 19:31:53,1.17.3,StopSig,57,4.18,nan,1,RightWithPellet,Left,51,86,16,7690504,nan,nan,0.07
8/21/2026 19:31:53,1.17.3,StopSig,57,4.18,nan,1,RightWithPellet,Left,51,87,16,7690504,nan,nan,0.29
8/21/2026 19:31:55,1.17.3,StopSig,57,4.18,nan,1,LeftWithPellet,Left,52,87,16,7690504,nan,nan,0.16
8/21/2026 19:32:01,1.17.3,StopSig,57,4.18,nan,1,LeftWithPellet,Left,53,87,16,7690504,nan,nan,0.09
8/21/2026 19:32:03,1.17.3,StopSig,57,4.18,nan,1,RightWithPellet,Left,53,88,16,7690504,nan,nan,0.01
8/21/2026 19:32:04,1.17.3,StopSig,57,4.18,nan,1,RightWithPellet,Left,53,89,16,7690504,nan,nan,0.17
8/21/2026 19:32:06,1.17.3,StopSig,57,4.18,nan,1,LeftWithPellet,Left,54,89,16,7690504,nan,nan,0.14
8/21/2026 19:32:07,1.17.3,StopSig,57,4.18,nan,1,RightWithPellet,Left,54,90,16,7690504,nan,nan,0.11
8/21/2026 19:32:09,1.17.3,StopSig,57,4.18,nan,1,LeftWithPellet,Left,55,90,16,7690504,nan,nan,0.43
8/21/2026 19:32:12,1.17.3,StopSig,57,4.18,nan,1,RightWithPellet,Left,55,91,16,7690504,nan,nan,0.12
8/21/2026 19:32:13,1.17.3,StopSig,57,4.18,nan,1,LeftWithPellet,Left,56,91,16,7690504,nan,nan,0.10
8/21/2026 19:32:14,1.17.3,StopSig,57,4.18,nan,1,RightWithPellet,Left,56,92,16,7690504,nan,nan,0.05
8/21/2026 19:32:17,1.17.3,StopSig,57,4.18,nan,1,LeftWithPellet,Left,57,92,16,7690504,nan,nan,0.15
8/21/2026 19:32:18,1.17.3,StopSig,57,4.18,nan,1,RightWithPellet,Left,57,93,16,7690504,nan,nan,0.10
8/21/2026 19:32:21,1.17.3,StopSig,57,4.18,nan,1,RightWithPellet,Left,57,94,16,7690504,nan,nan,0.71
8/21/2026 19:32:25,1.17.3,StopSig,57,4.18,nan,1,LeftWithPellet,Left,58,94,16,7690504,nan,nan,0.56
8/21/2026 19:32:29,1.17.3,StopSig,57,4.18,nan,1,LeftWithPellet,Left,59,94,16,7690504,nan,nan,0.07
8/21/2026 19:32:31,1.17.3,StopSig,57,4.18,nan,1,RightWithPellet,Left,59,95,16,7690504,nan,nan,0.04
8/21/2026 19:32:33,1.17.3,StopSig,57,4.18,nan,1,LeftWithPellet,Left,60,95,16,7690504,nan,nan,0.36
8/21/2026 19:32:34,1.17.3,StopSig,57,4.18,nan,1,RightWithPellet,Left,60,96,16,7690504,nan,nan,0.03
8/21/2026 19:32:36,1.17.3,StopSig,57,4.18,nan,1,RightWithPellet,Left,60,97,16,7690504,nan,nan,0.12
8/21/2026 19:40:17,1.17.3,StopSig,57,4.18,nan,1,RightWithPellet,Left,60,98,16,7690504,nan,nan,0.16
8/21/2026 19:40:58,1.17.3,StopSig,57,4.18,1,1,Pellet,Left,60,98,17,7690504,Timed_out,1644,nan
8/21/2026 19:41:47,1.17.3,StopSig,57,4.18,nan,1,>Left_Stop_trial,Left,61,98,17,9231697,nan,nan,nan
8/21/2026 19:41:51,1.17.3,StopSig,57,4.18,nan,1,NoPoke_STOP_(correct),Left,61,98,17,9235527,nan,nan,nan
8/21/2026 19:41:51,1.17.3,StopSig,57,4.18,nan,1,RightDuringDispense,Left,61,99,17,9235527,nan,nan,0.10
8/21/2026 19:42:02,1.17.3,StopSig,57,4.18,1,1,Pellet,Left,61,99,18,9235527,10.19,64,nan
8/21/2026 19:42:05,1.17.3,StopSig,57,4.18,nan,1,Right_no_left,Left,61,100,18,9235527,nan,nan,nan
8/21/2026 19:42:09,1.17.3,StopSig,57,4.18,nan,1,>Left_Stop_trial,Left,62,100,18,9253238,nan,nan,nan
8/21/2026 19:42:11,1.17.3,StopSig,57,4.18,nan,1,Right_STOP_(incorrect),Left,62,101,18,9255608,nan,nan,nan
8/21/2026 19:42:41,1.17.3,StopSig,57,4.18,nan,1,>Left_Regular_trial,Left,63,101,18,9285921,nan,nan,nan
8/21/2026 19:42:42,1.17.3,StopSig,57,4.18,nan,1,Right_Regular_(correct),Left,63,102,18,9286942,nan,nan,nan
8/21/2026 19:42:53,1.17.3,StopSig,57,4.18,nan,1,LeftWithPellet,Left,64,102,18,9286942,nan,nan,0.22
8/21/2026 19:42:56,1.17.3,StopSig,57,4.18,nan,1,RightWithPellet,Left,64,103,18,9286942,nan,nan,0.10
8/21/2026 19:42:58,1.17.3,StopSig,57,4.18,nan,1,LeftWithPellet,Left,65,103,18,9286942,nan,nan,0.34
8/21/2026 19:43:00,1.17.3,StopSig,57,4.18,nan,1,RightWithPellet,Left,65,104,18,9286942,nan,nan,0.10
8/21/2026 19:43:01,1.17.3,StopSig,57,4.18,nan,1,RightWithPellet,Left,65,105,18,9286942,nan,nan,0.15
8/21/2026 19:43:03,1.17.3,StopSig,57,4.18,nan,1,RightWithPellet,Left,65,106,18,9286942,nan,nan,0.15
8/21/2026 19:43:06,1.17.3,StopSig,57,4.18,nan,1,LeftWithPellet,Left,66,106,18,9286942,nan,nan,0.46
8/21/2026 19:43:07,1.17.3,StopSig,57,4.18,nan,1,RightWithPellet,Left,66,107,18,9286942,nan,nan,0.07
8/21/2026 19:43:10,1.17.3,StopSig,57,4.18,nan,1,RightWithPellet,Left,66,108,18,9286942,nan,nan,0.46
8/21/2026 19:43:13,1.17.3,StopSig,57,4.18,nan,1,LeftWithPellet,Left,67,108,18,9286942,nan,nan,0.37
8/21/2026 19:43:14,1.17.3,StopSig,57,4.18,nan,1,RightWithPellet,Left,67,109,18,9286942,nan,nan,0.05
8/21/2026 19:43:15,1.17.3,StopSig,57,4.18,nan,1,RightWithPellet,Left,67,110,18,9286942,nan,nan,0.10
8/21/2026 19:43:18,1.17.3,StopSig,57,4.18,nan,1,RightWithPellet,Left,67,111,18,9286942,nan,nan,0.07
8/21/2026 19:43:19,1.17.3,StopSig,57,4.18,nan,1,LeftWithPellet,Left,68,111,18,9286942,nan,nan,0.16
8/21/2026 19:43:21,1.17.3,StopSig,57,4.18,nan,1,RightWithPellet,Left,68,112,18,9286942,nan,nan,0.09
8/21/2026 19:43:27,1.17.3,StopSig,57,4.18,nan,1,LeftWithPellet,Left,69,112,18,9286942,nan,nan,0.13
8/21/2026 19:43:31,1.17.3,StopSig,57,4.18,nan,1,RightWithPellet,Left,69,113,18,9286942,nan,nan,0.13
8/21/2026 19:43:32,1.17.3,StopSig,57,4.18,nan,1,LeftWithPellet,Left,70,113,18,9286942,nan,nan,0.14
8/21/2026 19:43:33,1.17.3,StopSig,57,4.18,nan,1,RightWithPellet,Left,70,114,18,9286942,nan,nan,0.08
8/21/2026 19:43:35,1.17.3,StopSig,57,4.18,nan,1,LeftWithPellet,Left,71,114,18,9286942,nan,nan,0.14
8/21/2026 19:43:36,1.17.3,StopSig,57,4.18,nan,1,RightWithPellet,Left,71,115,18,9286942,nan,nan,0.10
8/21/2026 19:43:38,1.17.3,StopSig,57,4.18,nan,1,RightWithPellet,Left,71,116,18,9286942,nan,nan,0.09
8/21/2026 19:43:40,1.17.3,StopSig,57,4.18,nan,1,LeftWithPellet,Left,72,116,18,9286942,nan,nan,0.16
8/21/2026 19:43:42,1.17.3,StopSig,57,4.18,nan,1,LeftWithPellet,Left,73,116,18,9286942,nan,nan,1.03
8/21/2026 19:43:43,1.17.3,StopSig,57,4.18,nan,1,LeftWithPellet,Left,74,116,18,9286942,nan,nan,0.31
8/21/2026 19:43:46,1.17.3,StopSig,57,4.18,nan,1,RightWithPellet,Left,74,117,18,9286942,nan,nan,0.09
8/21/2026 19:43:50,1.17.3,StopSig,57,4.18,nan,1,LeftWithPellet,Left,75,117,18,9286942,nan,nan,0.13
8/21/2026 19:43:53,1.17.3,StopSig,57,4.18,nan,1,RightWithPellet,Left,75,118,18,9286942,nan,nan,0.06
8/21/2026 19:44:01,1.17.3,StopSig,57,4.18,nan,1,RightWithPellet,Left,75,119,18,9286942,nan,nan,0.01
8/21/2026 19:44:12,1.17.3,StopSig,57,4.18,nan,1,RightWithPellet,Left,75,120,18,9286942,nan,nan,0.12
8/21/2026 19:44:14,1.17.3,StopSig,57,4.18,nan,1,RightWithPellet,Left,75,121,18,9286942,nan,nan,0.68
8/21/2026 19:44:15,1.17.3,StopSig,57,4.18,nan,1,RightWithPellet,Left,75,122,18,9286942,nan,nan,0.74
8/21/2026 19:44:17,1.17.3,StopSig,57,4.18,nan,1,RightWithPellet,Left,75,123,18,9286942,nan,nan,0.23
8/21/2026 19:44:19,1.17.3,StopSig,57,4.18,nan,1,RightWithPellet,Left,75,124,18,9286942,nan,nan,0.02
8/21/2026 19:44:22,1.17.3,StopSig,57,4.18,nan,1,LeftWithPellet,Left,76,124,18,9286942,nan,nan,0.34
8/21/2026 19:44:25,1.17.3,StopSig,57,4.18,nan,1,RightWithPellet,Left,76,125,18,9286942,nan,nan,0.06
8/21/2026 19:44:27,1.17.3,StopSig,57,4.18,nan,1,LeftWithPellet,Left,77,125,18,9286942,nan,nan,0.19
8/21/2026 19:44:28,1.17.3,StopSig,57,4.18,nan,1,RightWithPellet,Left,77,126,18,9286942,nan,nan,0.09
8/21/2026 19:44:30,1.17.3,StopSig,57,4.18,nan,1,RightWithPellet,Left,77,127,18,9286942,nan,nan,0.58
8/21/2026 19:45:54,1.17.3,StopSig,57,4.18,1,1,Pellet,Left,77,127,19,9286942,Timed_out,232,nan
8/21/2026 19:47:21,1.17.3,StopSig,57,4.18,nan,1,Right_no_left,Left,77,128,19,9286942,nan,nan,nan
8/21/2026 19:52:11,1.17.3,StopSig,57,4.18,nan,1,>Left_Regular_trial,Left,78,128,19,9855822,nan,nan,nan
8/21/2026 19:52:15,1.17.3,StopSig,57,4.18,nan,1,NoPoke_Regular_(incorrect),Left,78,128,19,9859638,nan,nan,nan
8/21/2026 19:53:13,1.17.3,StopSig,57,4.18,nan,1,>Left_Stop_trial,Left,79,128,19,9917456,nan,nan,nan
8/21/2026 19:53:16,1.17.3,StopSig,57,4.18,nan,1,Right_STOP_(incorrect),Left,79,129,19,9920854,nan,nan,nan
8/21/2026 19:54:06,1.17.3,StopSig,57,4.18,nan,1,Right_no_left,Left,79,130,19,9920854,nan,nan,nan
8/21/2026 19:54:07,1.17.3,StopSig,57,4.18,nan,1,Right_no_left,Left,79,131,19,9970863,nan,nan,nan
8/21/2026 19:54:09,1.17.3,StopSig,57,4.18,nan,1,Right_no_left,Left,79,132,19,9971589,nan,nan,nan
8/21/2026 19:59:55,1.17.3,StopSig,57,4.18,nan,1,Right_no_left,Left,79,133,19,9973637,nan,nan,nan
8/21/2026 19:59:57,1.17.3,StopSig,57,4.18,nan,1,Right_no_left,Left,79,134,19,10320395,nan,nan,nan
8/21/2026 20:00:01,1.17.3,StopSig,57,4.18,nan,1,Right_no_left,Left,79,135,19,10322455,nan,nan,nan
8/21/2026 20:00:02,1.17.3,StopSig,57,4.18,nan,1,>Left_Regular_trial,Left,80,135,19,10327011,nan,nan,nan
8/21/2026 20:00:05,1.17.3,StopSig,57,4.18,nan,1,Right_Regular_(correct),Left,80,136,19,10330242,nan,nan,nan
8/21/2026 20:00:27,1.17.3,StopSig,57,4.18,nan,1,LeftWithPellet,Left,81,136,19,10330242,nan,nan,0.13
8/21/2026 20:00:31,1.17.3,StopSig,57,4.17,nan,1,RightWithPellet,Left,81,137,19,10330242,nan,nan,0.07
8/21/2026 20:00:33,1.17.3,StopSig,57,4.18,nan,1,LeftWithPellet,Left,82,137,19,10330242,nan,nan,0.11
8/21/2026 20:00:38,1.17.3,StopSig,57,4.18,nan,1,RightWithPellet,Left,82,138,19,10330242,nan,nan,0.10
8/21/2026 20:00:40,1.17.3,StopSig,57,4.18,nan,1,LeftWithPellet,Left,83,138,19,10330242,nan,nan,0.10
8/21/2026 20:00:42,1.17.3,StopSig,57,4.18,nan,1,RightWithPellet,Left,83,139,19,10330242,nan,nan,0.16
8/21/2026 20:00:45,1.17.3,StopSig,57,4.18,nan,1,LeftWithPellet,Left,84,139,19,10330242,nan,nan,0.04
8/21/2026 20:00:46,1.17.3,StopSig,57,4.18,nan,1,RightWithPellet,Left,84,140,19,10330242,nan,nan,0.03
8/21/2026 20:00:49,1.17.3,StopSig,57,4.18,nan,1,RightWithPellet,Left,84,141,19,10330242,nan,nan,0.14
8/21/2026 20:00:54,1.17.3,StopSig,57,4.18,nan,1,RightWithPellet,Left,84,142,19,10330242,nan,nan,0.15
8/21/2026 20:00:59,1.17.3,StopSig,57,4.18,nan,1,LeftWithPellet,Left,85,142,19,10330242,nan,nan,0.18
8/21/2026 20:01:00,1.17.3,StopSig,57,4.18,nan,1,RightWithPellet,Left,85,143,19,10330242,nan,nan,0.21
8/21/2026 20:01:04,1.17.3,StopSig,57,4.18,nan,1,LeftWithPellet,Left,86,143,19,10330242,nan,nan,0.09
8/21/2026 20:01:05,1.17.3,StopSig,57,4.18,nan,1,RightWithPellet,Left,86,144,19,10330242,nan,nan,0.05
8/21/2026 20:01:07,1.17.3,StopSig,57,4.18,nan,1,RightWithPellet,Left,86,145,19,10330242,nan,nan,0.04
8/21/2026 20:01:08,1.17.3,StopSig,57,4.18,nan,1,RightWithPellet,Left,86,146,19,10330242,nan,nan,0.06
8/21/2026 20:10:17,1.17.3,StopSig,57,4.18,nan,1,RightWithPellet,Left,86,147,19,10330242,nan,nan,0.05
8/21/2026 20:10:20,1.17.3,StopSig,57,4.17,nan,1,RightWithPellet,Left,86,148,19,10330242,nan,nan,0.06
8/21/2026 20:10:23,1.17.3,StopSig,57,4.18,nan,1,LeftWithPellet,Left,87,148,19,10330242,nan,nan,0.07
8/21/2026 20:10:24,1.17.3,StopSig,57,4.18,nan,1,RightWithPellet,Left,87,149,19,10330242,nan,nan,0.10
8/21/2026 20:10:27,1.17.3,StopSig,57,4.17,nan,1,LeftWithPellet,Left,88,149,19,10330242,nan,nan,0.15
8/21/2026 20:10:28,1.17.3,StopSig,57,4.17,nan,1,RightWithPellet,Left,88,150,19,10330242,nan,nan,0.06
8/21/2026 20:10:29,1.17.3,StopSig,57,4.18,nan,1,RightWithPellet,Left,88,151,19,10330242,nan,nan,0.06
8/21/2026 20:10:31,1.17.3,StopSig,57,4.18,nan,1,LeftWithPellet,Left,89,151,19,10330242,nan,nan,0.26
8/21/2026 20:10:43,1.17.3,StopSig,57,4.18,nan,1,RightWithPellet,Left,89,152,19,10330242,nan,nan,0.32
8/21/2026 20:13:05,1.17.3,StopSig,57,4.18,nan,1,RightWithPellet,Left,89,153,19,10330242,nan,nan,0.00
8/21/2026 20:13:05,1.17.3,StopSig,57,4.18,nan,1,RightWithPellet,Left,89,154,19,10330242,nan,nan,0.03
8/21/2026 20:14:38,1.17.3,StopSig,57,4.18,nan,1,LeftWithPellet,Left,90,154,19,10330242,nan,nan,0.24
8/21/2026 20:14:40,1.17.3,StopSig,57,4.18,nan,1,RightWithPellet,Left,90,155,19,10330242,nan,nan,0.13
8/21/2026 20:14:44,1.17.3,StopSig,57,4.17,nan,1,LeftWithPellet,Left,91,155,19,10330242,nan,nan,0.16
8/21/2026 20:14:49,1.17.3,StopSig,57,4.17,nan,1,RightWithPellet,Left,91,156,19,10330242,nan,nan,0.00
8/21/2026 20:14:50,1.17.3,StopSig,57,4.18,nan,1,LeftWithPellet,Left,92,156,19,10330242,nan,nan,0.08
8/21/2026 20:14:51,1.17.3,StopSig,57,4.17,nan,1,LeftWithPellet,Left,93,156,19,10330242,nan,nan,0.63
8/21/2026 20:14:53,1.17.3,StopSig,57,4.17,nan,1,RightWithPellet,Left,93,157,19,10330242,nan,nan,0.01
8/21/2026 20:14:54,1.17.3,StopSig,57,4.18,nan,1,RightWithPellet,Left,93,158,19,10330242,nan,nan,0.03
8/21/2026 20:14:56,1.17.3,StopSig,57,4.18,nan,1,RightWithPellet,Left,93,159,19,10330242,nan,nan,0.09
8/21/2026 20:14:58,1.17.3,StopSig,57,4.17,nan,1,LeftWithPellet,Left,94,159,19,10330242,nan,nan,0.07
8/21/2026 20:14:59,1.17.3,StopSig,57,4.17,nan,1,LeftWithPellet,Left,95,159,19,10330242,nan,nan,0.08
8/21/2026 20:15:00,1.17.3,StopSig,57,4.18,nan,1,LeftWithPellet,Left,96,159,19,10330242,nan,nan,0.08
8/21/2026 20:15:01,1.17.3,StopSig,57,4.18,nan,1,LeftWithPellet,Left,97,159,19,10330242,nan,nan,0.22
8/21/2026 20:15:01,1.17.3,StopSig,57,4.18,nan,1,RightWithPellet,Left,97,160,19,10330242,nan,nan,0.15
8/21/2026 20:15:03,1.17.3,StopSig,57,4.18,nan,1,RightWithPellet,Left,97,161,19,10330242,nan,nan,0.07
8/21/2026 20:15:03,1.17.3,StopSig,57,4.18,nan,1,RightWithPellet,Left,97,162,19,10330242,nan,nan,0.00
8/21/2026 20:15:04,1.17.3,StopSig,57,4.17,nan,1,RightWithPellet,Left,97,163,19,10330242,nan,nan,0.31
8/21/2026 20:15:06,1.17.3,StopSig,57,4.17,nan,1,RightWithPellet,Left,97,164,19,10330242,nan,nan,0.02
8/21/2026 20:15:10,1.17.3,StopSig,57,4.18,nan,1,LeftWithPellet,Left,98,164,19,10330242,nan,nan,0.16
8/21/2026 20:15:13,1.17.3,StopSig,57,4.17,nan,1,RightWithPellet,Left,98,165,19,10330242,nan,nan,0.00
8/21/2026 20:15:15,1.17.3,StopSig,57,4.18,nan,1,RightWithPellet,Left,98,166,19,10330242,nan,nan,0.05
8/21/2026 20:15:17,1.17.3,StopSig,57,4.18,nan,1,LeftWithPellet,Left,99,166,19,10330242,nan,nan,0.10
8/21/2026 20:15:18,1.17.3,StopSig,57,4.18,nan,1,LeftWithPellet,Left,100,166,19,10330242,nan,nan,0.04
8/21/2026 20:15:19,1.17.3,StopSig,57,4.18,nan,1,RightWithPellet,Left,100,167,19,10330242,nan,nan,0.03
8/21/2026 20:15:22,1.17.3,StopSig,57,4.18,nan,1,LeftWithPellet,Left,101,167,19,10330242,nan,nan,0.05
8/21/2026 20:15:32,1.17.3,StopSig,57,4.18,nan,1,RightWithPellet,Left,101,168,19,10330242,nan,nan,0.21
8/21/2026 20:15:33,1.17.3,StopSig,57,4.17,nan,1,RightWithPellet,Left,101,169,19,10330242,nan,nan,0.00
8/21/2026 20:15:34,1.17.3,StopSig,57,4.17,nan,1,LeftWithPellet,Left,102,169,19,10330242,nan,nan,0.12
8/21/2026 20:15:35,1.17.3,StopSig,57,4.18,nan,1,LeftWithPellet,Left,103,169,19,10330242,nan,nan,0.13
8/21/2026 20:15:38,1.17.3,StopSig,57,4.17,nan,1,RightWithPellet,Left,103,170,19,10330242,nan,nan,0.13
8/21/2026 20:15:40,1.17.3,StopSig,57,4.18,nan,1,LeftWithPellet,Left,104,170,19,10330242,nan,nan,0.30
8/21/2026 20:15:41,1.17.3,StopSig,57,4.18,nan,1,RightWithPellet,Left,104,171,19,10330242,nan,nan,0.05
8/21/2026 20:15:44,1.17.3,StopSig,57,4.18,nan,1,LeftWithPellet,Left,105,171,19,10330242,nan,nan,0.34
8/21/2026 20:15:46,1.17.3,StopSig,57,4.17,nan,1,RightWithPellet,Left,105,172,19,10330242,nan,nan,0.11
8/21/2026 20:15:50,1.17.3,StopSig,57,4.17,nan,1,LeftWithPellet,Left,106,172,19,10330242,nan,nan,0.28
8/21/2026 20:15:51,1.17.3,StopSig,57,4.18,nan,1,RightWithPellet,Left,106,173,19,10330242,nan,nan,0.05
8/21/2026 20:15:51,1.17.3,StopSig,57,4.18,nan,1,RightWithPellet,Left,106,174,19,10330242,nan,nan,0.08
8/21/2026 20:15:53,1.17.3,StopSig,57,4.18,nan,1,RightWithPellet,Left,106,175,19,10330242,nan,nan,0.17
8/21/2026 20:16:07,1.17.3,StopSig,57,4.18,nan,1,LeftWithPellet,Left,107,175,19,10330242,nan,nan,0.07
8/21/2026 20:16:21,1.17.3,StopSig,57,4.18,nan,1,LeftWithPellet,Left,108,175,19,10330242,nan,nan,0.63
8/21/2026 20:16:22,1.17.3,StopSig,57,4.18,nan,1,RightWithPellet,Left,108,176,19,10330242,nan,nan,0.14
8/21/2026 20:16:25,1.17.3,StopSig,57,4.18,nan,1,RightWithPellet,Left,108,177,19,10330242,nan,nan,0.11
8/21/2026 20:16:27,1.17.3,StopSig,57,4.16,nan,1,LeftWithPellet,Left,109,177,19,10330242,nan,nan,0.22
8/21/2026 20:16:28,1.17.3,StopSig,57,4.16,nan,1,RightWithPellet,Left,109,178,19,10330242,nan,nan,0.14
8/21/2026 20:16:37,1.17.3,StopSig,57,4.16,nan,1,RightWithPellet,Left,109,179,19,10330242,nan,nan,0.10
8/21/2026 20:16:55,1.17.3,StopSig,57,4.16,nan,1,RightWithPellet,Left,109,180,19,10330242,nan,nan,0.11
8/21/2026 20:22:42,1.17.3,StopSig,57,4.17,nan,1,LeftWithPellet,Left,110,180,19,10330242,nan,nan,0.28
8/21/2026 20:22:45,1.17.3,StopSig,57,4.18,nan,1,LeftWithPellet,Left,111,180,19,10330242,nan,nan,0.10
8/21/2026 20:22:53,1.17.3,StopSig,57,4.17,nan,1,RightWithPellet,Left,111,181,19,10330242,nan,nan,0.00
8/21/2026 20:22:55,1.17.3,StopSig,57,4.17,nan,1,RightWithPellet,Left,111,182,19,10330242,nan,nan,0.32
8/21/2026 20:22:57,1.17.3,StopSig,57,4.17,nan,1,LeftWithPellet,Left,112,182,19,10330242,nan,nan,0.06
8/21/2026 20:22:57,1.17.3,StopSig,57,4.18,nan,1,RightWithPellet,Left,112,183,19,10330242,nan,nan,0.04
8/21/2026 20:22:59,1.17.3,StopSig,57,4.18,nan,1,LeftWithPellet,Left,113,183,19,10330242,nan,nan,0.09
8/21/2026 20:23:00,1.17.3,StopSig,57,4.18,nan,1,RightWithPellet,Left,113,184,19,10330242,nan,nan,0.07
8/21/2026 20:23:04,1.17.3,StopSig,57,4.18,nan,1,LeftWithPellet,Left,114,184,19,10330242,nan,nan,0.24
8/21/2026 20:23:05,1.17.3,StopSig,57,4.18,nan,1,RightWithPellet,Left,114,185,19,10330242,nan,nan,0.03
8/21/2026 20:23:07,1.17.3,StopSig,57,4.17,nan,1,RightWithPellet,Left,114,186,19,10330242,nan,nan,0.03
8/21/2026 20:23:09,1.17.3,StopSig,57,4.18,nan,1,LeftWithPellet,Left,115,186,19,10330242,nan,nan,0.01
8/21/2026 20:23:10,1.17.3,StopSig,57,4.17,nan,1,RightWithPellet,Left,115,187,19,10330242,nan,nan,0.12
8/21/2026 20:23:11,1.17.3,StopSig,57,4.18,nan,1,RightWithPellet,Left,115,188,19,10330242,nan,nan,0.01
8/21/2026 20:23:13,1.17.3,StopSig,57,4.17,nan,1,RightWithPellet,Left,115,189,19,10330242,nan,nan,0.04
8/21/2026 20:23:14,1.17.3,StopSig,57,4.18,1,1,Pellet,Left,115,189,20,10330242,Timed_out,2240,nan
8/21/2026 20:23:16,1.17.3,StopSig,57,4.18,nan,1,>Left_Stop_trial,Left,116,189,20,11720225,nan,nan,nan
8/21/2026 20:23:19,1.17.3,StopSig,57,4.18,nan,1,NoPoke_STOP_(correct),Left,116,189,20,11723633,nan,nan,nan
8/21/2026 20:25:19,1.17.3,StopSig,57,4.18,nan,1,LeftWithPellet,Left,117,189,20,11723633,nan,nan,0.20
8/21/2026 20:25:20,1.17.3,StopSig,57,4.17,nan,1,RightWithPellet,Left,117,190,20,11723633,nan,nan,0.05
8/21/2026 20:25:24,1.17.3,StopSig,57,4.18,nan,1,LeftWithPellet,Left,118,190,20,11723633,nan,nan,0.13
8/21/2026 20:25:28,1.17.3,StopSig,57,4.18,nan,1,RightWithPellet,Left,118,191,20,11723633,nan,nan,0.07
8/21/2026 20:25:30,1.17.3,StopSig,57,4.17,nan,1,LeftWithPellet,Left,119,191,20,11723633,nan,nan,0.17
8/21/2026 20:25:34,1.17.3,StopSig,57,4.18,nan,1,LeftWithPellet,Left,120,191,20,11723633,nan,nan,0.03
8/21/2026 20:25:35,1.17.3,StopSig,57,4.17,nan,1,RightWithPellet,Left,120,192,20,11723633,nan,nan,0.07
8/21/2026 20:25:38,1.17.3,StopSig,57,4.18,nan,1,LeftWithPellet,Left,121,192,20,11723633,nan,nan,0.28
8/21/2026 20:25:38,1.17.3,StopSig,57,4.18,nan,1,RightWithPellet,Left,121,193,20,11723633,nan,nan,0.03
8/21/2026 20:25:41,1.17.3,StopSig,57,4.18,nan,1,RightWithPellet,Left,121,194,20,11723633,nan,nan,0.04
8/21/2026 20:25:42,1.17.3,StopSig,57,4.17,nan,1,RightWithPellet,Left,121,195,20,11723633,nan,nan,0.49
8/21/2026 20:25:43,1.17.3,StopSig,57,4.17,nan,1,LeftWithPellet,Left,122,195,20,11723633,nan,nan,0.07
8/21/2026 20:25:45,1.17.3,StopSig,57,4.17,nan,1,LeftWithPellet,Left,123,195,20,11723633,nan,nan,0.15
8/21/2026 20:25:52,1.17.3,StopSig,57,4.18,nan,1,LeftWithPellet,Left,124,195,20,11723633,nan,nan,0.10
8/21/2026 20:25:54,1.17.3,StopSig,57,4.17,nan,1,RightWithPellet,Left,124,196,20,11723633,nan,nan,0.24
8/21/2026 20:25:56,1.17.3,StopSig,57,4.18,nan,1,LeftWithPellet,Left,125,196,20,11723633,nan,nan,0.17
8/21/2026 20:25:57,1.17.3,StopSig,57,4.18,nan,1,RightWithPellet,Left,125,197,20,11723633,nan,nan,0.07
8/21/2026 20:25:59,1.17.3,StopSig,57,4.18,nan,1,RightWithPellet,Left,125,198,20,11723633,nan,nan,0.02
8/21/2026 20:26:02,1.17.3,StopSig,57,4.18,nan,1,LeftWithPellet,Left,126,198,20,11723633,nan,nan,0.03
8/21/2026 20:26:03,1.17.3,StopSig,57,4.17,nan,1,LeftWithPellet,Left,127,198,20,11723633,nan,nan,0.11
8/21/2026 20:26:03,1.17.3,StopSig,57,4.17,nan,1,RightWithPellet,Left,127,199,20,11723633,nan,nan,0.15
8/21/2026 20:26:05,1.17.3,StopSig,57,4.17,nan,1,LeftWithPellet,Left,128,199,20,11723633,nan,nan,0.12
8/21/2026 20:26:07,1.17.3,StopSig,57,4.17,nan,1,RightWithPellet,Left,128,200,20,11723633,nan,nan,0.06
8/21/2026 20:33:10,1.17.3,StopSig,57,4.17,nan,1,LeftWithPellet,Left,129,200,20,11723633,nan,nan,0.03
8/21/2026 20:33:11,1.17.3,StopSig,57,4.17,nan,1,RightWithPellet,Left,129,201,20,11723633,nan,nan,0.04
8/21/2026 20:33:19,1.17.3,StopSig,57,4.17,nan,1,LeftWithPellet,Left,130,201,20,11723633,nan,nan,0.03
8/21/2026 20:33:20,1.17.3,StopSig,57,4.17,nan,1,RightWithPellet,Left,130,202,20,11723633,nan,nan,0.23
8/21/2026 20:35:15,1.17.3,StopSig,57,4.17,nan,1,LeftWithPellet,Left,131,202,20,11723633,nan,nan,0.03
8/21/2026 20:36:20,1.17.3,StopSig,57,4.18,nan,1,RightWithPellet,Left,131,203,20,11723633,nan,nan,0.24
8/21/2026 20:36:22,1.17.3,StopSig,57,4.18,nan,1,RightWithPellet,Left,131,204,20,11723633,nan,nan,0.05
8/21/2026 20:36:24,1.17.3,StopSig,57,4.17,nan,1,LeftWithPellet,Left,132,204,20,11723633,nan,nan,0.05
8/21/2026 20:36:26,1.17.3,StopSig,57,4.17,nan,1,RightWithPellet,Left,132,205,20,11723633,nan,nan,0.04
8/21/2026 20:36:27,1.17.3,StopSig,57,4.18,nan,1,RightWithPellet,Left,132,206,20,11723633,nan,nan,0.05
8/21/2026 20:36:29,1.17.3,StopSig,57,4.18,nan,1,RightWithPellet,Left,132,207,20,11723633,nan,nan,0.32
8/21/2026 20:36:51,1.17.3,StopSig,57,4.17,nan,1,LeftWithPellet,Left,133,207,20,11723633,nan,nan,0.15
8/21/2026 20:36:53,1.17.3,StopSig,57,4.18,nan,1,RightWithPellet,Left,133,208,20,11723633,nan,nan,0.00
8/21/2026 20:36:54,1.17.3,StopSig,57,4.17,nan,1,LeftWithPellet,Left,134,208,20,11723633,nan,nan,0.05
8/21/2026 20:36:55,1.17.3,StopSig,57,4.18,nan,1,LeftWithPellet,Left,135,208,20,11723633,nan,nan,0.11
8/21/2026 20:36:56,1.17.3,StopSig,57,4.17,nan,1,LeftWithPellet,Left,136,208,20,11723633,nan,nan,0.09
8/21/2026 20:36:57,1.17.3,StopSig,57,4.18,nan,1,RightWithPellet,Left,136,209,20,11723633,nan,nan,0.16
8/21/2026 20:36:59,1.17.3,StopSig,57,4.17,nan,1,RightWithPellet,Left,136,210,20,11723633,nan,nan,0.04
8/21/2026 20:37:01,1.17.3,StopSig,57,4.18,nan,1,LeftWithPellet,Left,137,210,20,11723633,nan,nan,0.01
8/21/2026 20:37:02,1.17.3,StopSig,57,4.18,nan,1,LeftWithPellet,Left,138,210,20,11723633,nan,nan,0.02
8/21/2026 20:37:03,1.17.3,StopSig,57,4.17,nan,1,RightWithPellet,Left,138,211,20,11723633,nan,nan,0.01
8/21/2026 20:37:05,1.17.3,StopSig,57,4.17,nan,1,RightWithPellet,Left,138,212,20,11723633,nan,nan,0.17
8/21/2026 20:37:10,1.17.3,StopSig,57,4.17,nan,1,RightWithPellet,Left,138,213,20,11723633,nan,nan,0.07
8/21/2026 20:37:14,1.17.3,StopSig,57,4.17,nan,1,RightWithPellet,Left,138,214,20,11723633,nan,nan,0.11
8/21/2026 20:37:21,1.17.3,StopSig,57,4.17,nan,1,RightWithPellet,Left,138,215,20,11723633,nan,nan,0.04
8/21/2026 20:37:49,1.17.3,StopSig,57,4.17,nan,1,RightWithPellet,Left,138,216,20,11723633,nan,nan,0.19
8/21/2026 20:37:50,1.17.3,StopSig,57,4.17,nan,1,RightWithPellet,Left,138,217,20,11723633,nan,nan,0.34
8/21/2026 20:40:31,1.17.3,StopSig,57,4.17,nan,1,RightWithPellet,Left,138,218,20,11723633,nan,nan,0.35
8/21/2026 20:40:33,1.17.3,StopSig,57,4.17,nan,1,RightWithPellet,Left,138,219,20,11723633,nan,nan,0.40
8/21/2026 20:40:34,1.17.3,StopSig,57,4.17,nan,1,RightWithPellet,Left,138,220,20,11723633,nan,nan,0.56
8/21/2026 20:40:37,1.17.3,StopSig,57,4.17,nan,1,RightWithPellet,Left,138,221,20,11723633,nan,nan,0.05
8/21/2026 20:40:39,1.17.3,StopSig,57,4.17,nan,1,LeftWithPellet,Left,139,221,20,11723633,nan,nan,0.21
8/21/2026 20:40:42,1.17.3,StopSig,57,4.18,nan,1,RightWithPellet,Left,139,222,20,11723633,nan,nan,0.23
8/21/2026 20:40:43,1.17.3,StopSig,57,4.17,nan,1,RightWithPellet,Left,139,223,20,11723633,nan,nan,0.04
8/21/2026 20:40:46,1.17.3,StopSig,57,4.17,nan,1,LeftWithPellet,Left,140,223,20,11723633,nan,nan,0.10
8/21/2026 20:40:47,1.17.3,StopSig,57,4.17,nan,1,RightWithPellet,Left,140,224,20,11723633,nan,nan,0.10
8/21/2026 20:40:50,1.17.3,StopSig,57,4.17,nan,1,RightWithPellet,Left,140,225,20,11723633,nan,nan,0.12
8/21/2026 20:40:51,1.17.3,StopSig,57,4.17,nan,1,RightWithPellet,Left,140,226,20,11723633,nan,nan,0.08
8/21/2026 20:40:54,1.17.3,StopSig,57,4.18,nan,1,LeftWithPellet,Left,141,226,20,11723633,nan,nan,0.43
8/21/2026 20:40:54,1.17.3,StopSig,57,4.18,nan,1,RightWithPellet,Left,141,227,20,11723633,nan,nan,0.06
8/21/2026 20:40:56,1.17.3,StopSig,57,4.17,nan,1,RightWithPellet,Left,141,228,20,11723633,nan,nan,0.21
8/21/2026 20:40:57,1.17.3,StopSig,57,4.17,nan,1,RightWithPellet,Left,141,229,20,11723633,nan,nan,0.19
8/21/2026 20:40:58,1.17.3,StopSig,57,4.18,nan,1,RightWithPellet,Left,141,230,20,11723633,nan,nan,0.47
8/21/2026 20:41:03,1.17.3,StopSig,57,4.17,nan,1,LeftWithPellet,Left,142,230,20,11723633,nan,nan,0.11
8/21/2026 20:41:04,1.17.3,StopSig,57,4.17,nan,1,RightWithPellet,Left,142,231,20,11723633,nan,nan,0.04
8/21/2026 20:41:06,1.17.3,StopSig,57,4.17,nan,1,LeftWithPellet,Left,143,231,20,11723633,nan,nan,0.35
8/21/2026 20:41:07,1.17.3,StopSig,57,4.17,nan,1,RightWithPellet,Left,143,232,20,11723633,nan,nan,0.09
8/21/2026 20:41:09,1.17.3,StopSig,57,4.17,nan,1,RightWithPellet,Left,143,233,20,11723633,nan,nan,0.09
8/21/2026 20:41:09,1.17.3,StopSig,57,4.17,nan,1,RightWithPellet,Left,143,234,20,11723633,nan,nan,0.08
8/21/2026 20:41:13,1.17.3,StopSig,57,4.17,nan,1,LeftWithPellet,Left,144,234,20,11723633,nan,nan,0.44
8/21/2026 20:41:14,1.17.3,StopSig,57,4.16,nan,1,RightWithPellet,Left,144,235,20,11723633,nan,nan,0.02
8/21/2026 20:41:16,1.17.3,StopSig,57,4.17,nan,1,RightWithPellet,Left,144,236,20,11723633,nan,nan,0.06
8/21/2026 20:41:18,1.17.3,StopSig,57,4.17,nan,1,LeftWithPellet,Left,145,236,20,11723633,nan,nan,0.19
8/21/2026 20:41:19,1.17.3,StopSig,57,4.17,nan,1,LeftWithPellet,Left,146,236,20,11723633,nan,nan,0.46
8/21/2026 20:41:20,1.17.3,StopSig,57,4.17,nan,1,RightWithPellet,Left,146,237,20,11723633,nan,nan,0.06
8/21/2026 20:41:21,1.17.3,StopSig,57,4.18,nan,1,RightWithPellet,Left,146,238,20,11723633,nan,nan,0.06
8/21/2026 20:41:28,1.17.3,StopSig,57,4.17,nan,1,LeftWithPellet,Left,147,238,20,11723633,nan,nan,0.55
8/21/2026 20:41:33,1.17.3,StopSig,57,4.17,nan,1,RightWithPellet,Left,147,239,20,11723633,nan,nan,0.06
8/21/2026 20:41:35,1.17.3,StopSig,57,4.18,nan,1,LeftWithPellet,Left,148,239,20,11723633,nan,nan,0.20
8/21/2026 20:41:35,1.17.3,StopSig,57,4.17,nan,1,LeftWithPellet,Left,149,239,20,11723633,nan,nan,0.06
8/21/2026 20:41:36,1.17.3,StopSig,57,4.17,nan,1,LeftWithPellet,Left,150,239,20,11723633,nan,nan,0.03
8/21/2026 20:41:38,1.17.3,StopSig,57,4.18,nan,1,LeftWithPellet,Left,151,239,20,11723633,nan,nan,0.41
8/21/2026 20:41:39,1.17.3,StopSig,57,4.17,nan,1,LeftWithPellet,Left,152,239,20,11723633,nan,nan,0.74
8/21/2026 20:41:40,1.17.3,StopSig,57,4.18,nan,1,LeftWithPellet,Left,153,239,20,11723633,nan,nan,0.06
8/21/2026 20:41:40,1.17.3,StopSig,57,4.17,nan,1,LeftWithPellet,Left,154,239,20,11723633,nan,nan,0.05
8/21/2026 20:41:44,1.17.3,StopSig,57,4.17,nan,1,RightWithPellet,Left,154,240,20,11723633,nan,nan,0.03
8/21/2026 20:49:44,1.17.3,StopSig,57,4.18,nan,1,RightWithPellet,Left,154,241,20,11723633,nan,nan,0.09
8/21/2026 20:49:45,1.17.3,StopSig,57,4.18,nan,1,RightWithPellet,Left,154,242,20,11723633,nan,nan,0.08
8/21/2026 20:49:51,1.17.3,StopSig,57,4.18,nan,1,LeftWithPellet,Left,155,242,20,11723633,nan,nan,0.03
8/21/2026 20:49:53,1.17.3,StopSig,57,4.17,nan,1,RightWithPellet,Left,155,243,20,11723633,nan,nan,0.14
8/21/2026 20:49:56,1.17.3,StopSig,57,4.17,nan,1,RightWithPellet,Left,155,244,20,11723633,nan,nan,0.05
8/21/2026 20:49:59,1.17.3,StopSig,57,4.17,nan,1,RightWithPellet,Left,155,245,20,11723633,nan,nan,0.06
8/21/2026 20:50:00,1.17.3,StopSig,57,4.17,nan,1,RightWithPellet,Left,155,246,20,11723633,nan,nan,0.07
8/21/2026 20:50:02,1.17.3,StopSig,57,4.17,nan,1,LeftWithPellet,Left,156,246,20,11723633,nan,nan,0.01
8/21/2026 20:50:04,1.17.3,StopSig,57,4.18,nan,1,LeftWithPellet,Left,157,246,20,11723633,nan,nan,0.03
8/21/2026 20:50:06,1.17.3,StopSig,57,4.17,nan,1,RightWithPellet,Left,157,247,20,11723633,nan,nan,0.17
8/21/2026 20:50:07,1.17.3,StopSig,57,4.18,nan,1,RightWithPellet,Left,157,248,20,11723633,nan,nan,0.03
8/21/2026 20:50:10,1.17.3,StopSig,57,4.17,nan,1,RightWithPellet,Left,157,249,20,11723633,nan,nan,1.43
8/21/2026 20:50:10,1.17.3,StopSig,57,4.17,nan,1,RightWithPellet,Left,157,250,20,11723633,nan,nan,0.23
8/21/2026 20:50:13,1.17.3,StopSig,57,4.17,2,1,Pellet,Left,157,250,21,11723633,Timed_out,1619,nan
8/21/2026 20:50:14,1.17.3,StopSig,57,4.17,nan,1,>Left_Regular_trial,Left,158,250,21,13338733,nan,nan,nan
8/21/2026 20:50:16,1.17.3,StopSig,57,4.17,nan,1,Right_Regular_(correct),Left,158,251,21,13340939,nan,nan,nan
8/21/2026 20:50:35,1.17.3,StopSig,57,4.17,nan,1,LeftWithPellet,Left,159,251,21,13340939,nan,nan,0.06
8/21/2026 20:50:36,1.17.3,StopSig,57,4.17,nan,1,LeftWithPellet,Left,160,251,21,13340939,nan,nan,0.04
8/21/2026 20:50:37,1.17.3,StopSig,57,4.17,nan,1,LeftWithPellet,Left,161,251,21,13340939,nan,nan,0.39
8/21/2026 20:52:31,1.17.3,StopSig,57,4.17,nan,1,RightWithPellet,Left,161,252,21,13340939,nan,nan,0.00
8/21/2026 20:53:00,1.17.3,StopSig,57,4.17,1,1,Pellet,Left,161,252,22,13340939,Timed_out,167,nan
8/21/2026 20:53:42,1.17.3,StopSig,57,4.17,nan,1,>Left_Stop_trial,Left,162,252,22,13546171,nan,nan,nan
8/21/2026 20:53:44,1.17.3,StopSig,57,4.17,nan,1,Right_STOP_(incorrect),Left,162,253,22,13549287,nan,nan,nan
8/21/2026 20:54:35,1.17.3,StopSig,57,4.17,nan,1,>Left_Regular_trial,Left,163,253,22,13599823,nan,nan,nan
8/21/2026 20:54:39,1.17.3,StopSig,57,4.17,nan,1,NoPoke_Regular_(incorrect),Left,163,253,22,13603801,nan,nan,nan
8/21/2026 20:59:09,1.17.3,StopSig,57,4.16,nan,1,Right_no_left,Left,163,254,22,13603801,nan,nan,nan
8/21/2026 20:59:09,1.17.3,StopSig,57,4.17,nan,1,Right_no_left,Left,163,255,22,13874233,nan,nan,nan
8/21/2026 20:59:11,1.17.3,StopSig,57,4.16,nan,1,>Left_Regular_trial,Left,164,255,22,13876293,nan,nan,nan
8/21/2026 20:59:14,1.17.3,StopSig,57,4.17,nan,1,Right_Regular_(correct),Left,164,256,22,13879097,nan,nan,nan
8/21/2026 20:59:43,1.17.3,StopSig,57,4.17,1,1,Pellet,Left,164,256,23,13879097,28.62,403,nan
8/21/2026 21:01:46,1.17.3,StopSig,57,4.18,nan,1,Right_no_left,Left,164,257,23,13879097,nan,nan,nan
8/21/2026 21:01:48,1.17.3,StopSig,57,4.17,nan,1,Right_no_left,Left,164,258,23,14031255,nan,nan,nan
8/21/2026 21:01:51,1.17.3,StopSig,57,4.17,nan,1,Right_no_left,Left,164,259,23,14032722,nan,nan,nan
8/21/2026 21:01:54,1.17.3,StopSig,57,4.17,nan,1,>Left_Stop_trial,Left,165,259,23,14038921,nan,nan,nan
8/21/2026 21:01:58,1.17.3,StopSig,57,4.17,nan,1,NoPoke_STOP_(correct),Left,165,259,23,14042770,nan,nan,nan
8/21/2026 21:02:28,1.17.3,StopSig,57,4.17,nan,1,RightWithPellet,Left,165,260,23,14042770,nan,nan,0.24
8/21/2026 21:02:32,1.17.3,StopSig,57,4.17,nan,1,RightWithPellet,Left,165,261,23,14042770,nan,nan,0.07
8/21/2026 21:02:36,1.17.3,StopSig,57,4.16,nan,1,RightWithPellet,Left,165,262,23,14042770,nan,nan,1.39
8/21/2026 21:02:37,1.17.3,StopSig,57,4.17,nan,1,RightWithPellet,Left,165,263,23,14042770,nan,nan,0.10
8/21/2026 21:02:40,1.17.3,StopSig,57,4.16,nan,1,RightWithPellet,Left,165,264,23,14042770,nan,nan,0.25
8/21/2026 21:02:40,1.17.3,StopSig,57,4.17,nan,1,RightWithPellet,Left,165,265,23,14042770,nan,nan,0.37
8/21/2026 21:02:43,1.17.3,StopSig,57,4.17,nan,1,LeftWithPellet,Left,166,265,23,14042770,nan,nan,0.22
8/21/2026 21:02:44,1.17.3,StopSig,57,4.17,nan,1,RightWithPellet,Left,166,266,23,14042770,nan,nan,0.24
8/21/2026 21:02:47,1.17.3,StopSig,57,4.17,nan,1,LeftWithPellet,Left,167,266,23,14042770,nan,nan,0.32
8/21/2026 21:02:48,1.17.3,StopSig,57,4.17,nan,1,RightWithPellet,Left,167,267,23,14042770,nan,nan,0.18
8/21/2026 21:02:50,1.17.3,StopSig,57,4.18,nan,1,RightWithPellet,Left,167,268,23,14042770,nan,nan,0.52
8/21/2026 21:02:52,1.17.3,StopSig,57,4.17,nan,1,RightWithPellet,Left,167,269,23,14042770,nan,nan,0.26
8/21/2026 21:02:54,1.17.3,StopSig,57,4.17,nan,1,LeftWithPellet,Left,168,269,23,14042770,nan,nan,0.01
8/21/2026 21:02:56,1.17.3,StopSig,57,4.18,nan,1,RightWithPellet,Left,168,270,23,14042770,nan,nan,0.12
8/21/2026 21:02:58,1.17.3,StopSig,57,4.17,nan,1,LeftWithPellet,Left,169,270,23,14042770,nan,nan,0.16
8/21/2026 21:02:59,1.17.3,StopSig,57,4.18,nan,1,RightWithPellet,Left,169,271,23,14042770,nan,nan,0.17
8/21/2026 21:03:01,1.17.3,StopSig,57,4.18,nan,1,RightWithPellet,Left,169,272,23,14042770,nan,nan,0.13
8/21/2026 21:03:03,1.17.3,StopSig,57,4.17,nan,1,RightWithPellet,Left,169,273,23,14042770,nan,nan,0.10
8/21/2026 21:03:05,1.17.3,StopSig,57,4.17,nan,1,LeftWithPellet,Left,170,273,23,14042770,nan,nan,0.02
8/21/2026 21:03:05,1.17.3,StopSig,57,4.17,nan,1,LeftWithPellet,Left,171,273,23,14042770,nan,nan,0.07
8/21/2026 21:03:12,1.17.3,StopSig,57,4.17,nan,1,LeftWithPellet,Left,172,273,23,14042770,nan,nan,0.05
8/21/2026 21:03:12,1.17.3,StopSig,57,4.16,nan,1,LeftWithPellet,Left,173,273,23,14042770,nan,nan,0.10
8/21/2026 21:03:15,1.17.3,StopSig,57,4.17,nan,1,RightWithPellet,Left,173,274,23,14042770,nan,nan,0.04
8/21/2026 21:03:17,1.17.3,StopSig,57,4.17,nan,1,LeftWithPellet,Left,174,274,23,14042770,nan,nan,0.04
8/21/2026 21:03:18,1.17.3,StopSig,57,4.17,nan,1,LeftWithPellet,Left,175,274,23,14042770,nan,nan,0.12
8/21/2026 21:03:19,1.17.3,StopSig,57,4.17,nan,1,RightWithPellet,Left,175,275,23,14042770,nan,nan,0.05
8/21/2026 21:03:21,1.17.3,StopSig,57,4.17,nan,1,RightWithPellet,Left,175,276,23,14042770,nan,nan,0.06
8/21/2026 21:03:22,1.17.3,StopSig,57,4.18,2,1,Pellet,Left,175,276,24,14042770,Timed_out,219,nan
8/21/2026 21:34:57,1.17.3,StopSig,57,4.16,nan,1,Right_no_left,Left,175,277,24,14042770,nan,nan,nan
8/21/2026 21:35:00,1.17.3,StopSig,57,4.16,nan,1,>Left_Stop_trial,Left,176,277,24,16024689,nan,nan,nan
8/21/2026 21:35:04,1.17.3,StopSig,57,4.17,nan,1,NoPoke_STOP_(correct),Left,176,277,24,16028830,nan,nan,nan
8/21/2026 21:35:24,1.17.3,StopSig,57,4.16,nan,1,RightWithPellet,Left,176,278,24,16028830,nan,nan,0.17
8/21/2026 21:38:49,1.17.3,StopSig,57,4.16,nan,1,RightWithPellet,Left,176,279,24,16028830,nan,nan,0.06
8/21/2026 21:38:52,1.17.3,StopSig,57,4.16,nan,1,RightWithPellet,Left,176,280,24,16028830,nan,nan,0.16
8/21/2026 21:38:55,1.17.3,StopSig,57,4.16,nan,1,LeftWithPellet,Left,177,280,24,16028830,nan,nan,0.13
8/21/2026 21:38:57,1.17.3,StopSig,57,4.17,nan,1,RightWithPellet,Left,177,281,24,16028830,nan,nan,0.09
8/21/2026 21:39:00,1.17.3,StopSig,57,4.17,nan,1,RightWithPellet,Left,177,282,24,16028830,nan,nan,0.02
8/21/2026 21:39:03,1.17.3,StopSig,57,4.17,nan,1,LeftWithPellet,Left,178,282,24,16028830,nan,nan,0.56
8/21/2026 21:39:04,1.17.3,StopSig,57,4.16,nan,1,RightWithPellet,Left,178,283,24,16028830,nan,nan,0.05
8/21/2026 21:39:05,1.17.3,StopSig,57,4.16,nan,1,RightWithPellet,Left,178,284,24,16028830,nan,nan,0.08
8/21/2026 21:39:06,1.17.3,StopSig,57,4.17,nan,1,RightWithPellet,Left,178,285,24,16028830,nan,nan,0.02
8/21/2026 21:39:11,1.17.3,StopSig,57,4.16,nan,1,RightWithPellet,Left,178,286,24,16028830,nan,nan,0.07
8/21/2026 21:39:19,1.17.3,StopSig,57,4.16,nan,1,LeftWithPellet,Left,179,286,24,16028830,nan,nan,0.24
8/21/2026 21:39:20,1.17.3,StopSig,57,4.16,nan,1,RightWithPellet,Left,179,287,24,16028830,nan,nan,0.06
8/21/2026 21:39:24,1.17.3,StopSig,57,4.16,nan,1,RightWithPellet,Left,179,288,24,16028830,nan,nan,0.12
8/21/2026 21:48:54,1.17.3,StopSig,57,4.16,nan,1,LeftWithPellet,Left,180,288,24,16028830,nan,nan,0.23
8/21/2026 21:48:56,1.17.3,StopSig,57,4.16,nan,1,RightWithPellet,Left,180,289,24,16028830,nan,nan,0.08
8/21/2026 21:49:00,1.17.3,StopSig,57,4.16,nan,1,LeftWithPellet,Left,181,289,24,16028830,nan,nan,0.11
8/21/2026 21:49:11,1.17.3,StopSig,57,4.16,nan,1,LeftWithPellet,Left,182,289,24,16028830,nan,nan,0.01
8/21/2026 21:49:12,1.17.3,StopSig,57,4.16,nan,1,RightWithPellet,Left,182,290,24,16028830,nan,nan,0.09
8/21/2026 21:49:14,1.17.3,StopSig,57,4.16,nan,1,RightWithPellet,Left,182,291,24,16028830,nan,nan,0.04
8/21/2026 21:49:17,1.17.3,StopSig,57,4.16,nan,1,RightWithPellet,Left,182,292,24,16028830,nan,nan,0.66
8/21/2026 21:49:27,1.17.3,StopSig,57,4.16,nan,1,LeftWithPellet,Left,183,292,24,16028830,nan,nan,0.03
8/21/2026 21:49:28,1.17.3,StopSig,57,4.16,nan,1,LeftWithPellet,Left,184,292,24,16028830,nan,nan,0.17
8/21/2026 21:49:32,1.17.3,StopSig,57,4.16,nan,1,RightWithPellet,Left,184,293,24,16028830,nan,nan,0.07
8/21/2026 21:49:34,1.17.3,StopSig,57,4.16,nan,1,LeftWithPellet,Left,185,293,24,16028830,nan,nan,0.41
8/21/2026 21:49:35,1.17.3,StopSig,57,4.16,nan,1,RightWithPellet,Left,185,294,24,16028830,nan,nan,0.06
8/21/2026 21:49:38,1.17.3,StopSig,57,4.16,nan,1,LeftWithPellet,Left,186,294,24,16028830,nan,nan,0.45
8/21/2026 21:49:40,1.17.3,StopSig,57,4.16,nan,1,RightWithPellet,Left,186,295,24,16028830,nan,nan,0.07
8/21/2026 21:49:42,1.17.3,StopSig,57,4.16,nan,1,RightWithPellet,Left,186,296,24,16028830,nan,nan,0.05
8/21/2026 21:49:44,1.17.3,StopSig,57,4.16,nan,1,LeftWithPellet,Left,187,296,24,16028830,nan,nan,0.02
8/21/2026 21:51:37,1.17.3,StopSig,57,4.16,nan,1,LeftWithPellet,Left,188,296,24,16028830,nan,nan,0.19
8/21/2026 21:53:12,1.17.3,StopSig,57,4.16,nan,1,RightWithPellet,Left,188,297,24,16028830,nan,nan,0.05
8/21/2026 21:53:13,1.17.3,StopSig,57,4.16,nan,1,RightWithPellet,Left,188,298,24,16028830,nan,nan,0.12
8/21/2026 23:02:52,1.17.3,StopSig,57,4.16,nan,1,RightWithPellet,Left,188,299,24,16028830,nan,nan,0.50
8/21/2026 23:02:57,1.17.3,StopSig,57,4.16,nan,1,LeftWithPellet,Left,189,299,24,16028830,nan,nan,0.15
8/21/2026 23:04:07,1.17.3,StopSig,57,4.16,nan,1,LeftWithPellet,Left,190,299,24,16028830,nan,nan,0.81
8/21/2026 23:04:20,1.17.3,StopSig,57,4.16,nan,1,LeftWithPellet,Left,191,299,24,16028830,nan,nan,0.09
8/21/2026 23:04:22,1.17.3,StopSig,57,4.15,nan,1,RightWithPellet,Left,191,300,24,16028830,nan,nan,0.22
8/21/2026 23:04:27,1.17.3,StopSig,57,4.16,nan,1,RightWithPellet,Left,191,301,24,16028830,nan,nan,0.00
8/21/2026 23:04:29,1.17.3,StopSig,57,4.16,nan,1,LeftWithPellet,Left,192,301,24,16028830,nan,nan,0.08
8/21/2026 23:04:30,1.17.3,StopSig,57,4.16,nan,1,RightWithPellet,Left,192,302,24,16028830,nan,nan,0.03
8/21/2026 23:04:34,1.17.3,StopSig,57,4.16,nan,1,RightWithPellet,Left,192,303,24,16028830,nan,nan,0.19
8/21/2026 23:04:37,1.17.3,StopSig,57,4.16,nan,1,RightWithPellet,Left,192,304,24,16028830,nan,nan,0.17
8/21/2026 23:04:38,1.17.3,StopSig,57,4.15,nan,1,LeftWithPellet,Left,193,304,24,16028830,nan,nan,0.02
8/21/2026 23:04:39,1.17.3,StopSig,57,4.16,nan,1,RightWithPellet,Left,193,305,24,16028830,nan,nan,0.03
8/21/2026 23:04:42,1.17.3,StopSig,57,4.16,nan,1,RightWithPellet,Left,193,306,24,16028830,nan,nan,0.17
8/21/2026 23:04:44,1.17.3,StopSig,57,4.16,nan,1,LeftWithPellet,Left,194,306,24,16028830,nan,nan,0.16
8/21/2026 23:04:46,1.17.3,StopSig,57,4.16,nan,1,RightWithPellet,Left,194,307,24,16028830,nan,nan,0.00
8/21/2026 23:04:48,1.17.3,StopSig,57,4.16,nan,1,LeftWithPellet,Left,195,307,24,16028830,nan,nan,0.02
8/21/2026 23:04:49,1.17.3,StopSig,57,4.16,nan,1,LeftWithPellet,Left,196,307,24,16028830,nan,nan,0.12
8/21/2026 23:04:56,1.17.3,StopSig,57,4.16,nan,1,RightWithPellet,Left,196,308,24,16028830,nan,nan,0.09
8/21/2026 23:05:01,1.17.3,StopSig,57,4.16,nan,1,RightWithPellet,Left,196,309,24,16028830,nan,nan,0.17
8/21/2026 23:05:04,1.17.3,StopSig,57,4.16,nan,1,LeftWithPellet,Left,197,309,24,16028830,nan,nan,0.52
8/21/2026 23:05:05,1.17.3,StopSig,57,4.16,nan,1,RightWithPellet,Left,197,310,24,16028830,nan,nan,0.02
8/21/2026 23:05:30,1.17.3,StopSig,57,4.16,nan,1,LeftWithPellet,Left,198,310,24,16028830,nan,nan,0.89
8/21/2026 23:05:31,1.17.3,StopSig,57,4.15,nan,1,LeftWithPellet,Left,199,310,24,16028830,nan,nan,0.53
8/21/2026 23:05:32,1.17.3,StopSig,57,4.16,nan,1,LeftWithPellet,Left,200,310,24,16028830,nan,nan,0.41
8/21/2026 23:05:32,1.17.3,StopSig,57,4.16,nan,1,LeftWithPellet,Left,201,310,24,16028830,nan,nan,0.02
8/21/2026 23:05:32,1.17.3,StopSig,57,4.16,nan,1,LeftWithPellet,Left,202,310,24,16028830,nan,nan,0.05
8/21/2026 23:05:34,1.17.3,StopSig,57,4.16,nan,1,LeftWithPellet,Left,203,310,24,16028830,nan,nan,0.24
8/21/2026 23:05:36,1.17.3,StopSig,57,4.16,nan,1,RightWithPellet,Left,203,311,24,16028830,nan,nan,0.13
8/21/2026 23:05:44,1.17.3,StopSig,57,4.16,nan,1,LeftWithPellet,Left,204,311,24,16028830,nan,nan,0.06
8/21/2026 23:05:47,1.17.3,StopSig,57,4.16,nan,1,RightWithPellet,Left,204,312,24,16028830,nan,nan,0.25
8/21/2026 23:05:48,1.17.3,StopSig,57,4.15,nan,1,RightWithPellet,Left,204,313,24,16028830,nan,nan,0.53
8/21/2026 23:05:50,1.17.3,StopSig,57,4.16,nan,1,RightWithPellet,Left,204,314,24,16028830,nan,nan,0.29
8/21/2026 23:05:52,1.17.3,StopSig,57,4.16,nan,1,LeftWithPellet,Left,205,314,24,16028830,nan,nan,0.17
8/21/2026 23:05:57,1.17.3,StopSig,57,4.16,nan,1,RightWithPellet,Left,205,315,24,16028830,nan,nan,0.04
8/21/2026 23:06:06,1.17.3,StopSig,57,4.16,nan,1,LeftWithPellet,Left,206,315,24,16028830,nan,nan,0.17
8/21/2026 23:06:11,1.17.3,StopSig,57,4.16,nan,1,LeftWithPellet,Left,207,315,24,16028830,nan,nan,0.13
8/21/2026 23:06:14,1.17.3,StopSig,57,4.16,nan,1,LeftWithPellet,Left,208,315,24,16028830,nan,nan,0.15
8/21/2026 23:06:16,1.17.3,StopSig,57,4.15,nan,1,RightWithPellet,Left,208,316,24,16028830,nan,nan,0.10
8/21/2026 23:10:59,1.17.3,StopSig,57,4.16,nan,1,LeftWithPellet,Left,209,316,24,16028830,nan,nan,0.02
8/21/2026 23:11:00,1.17.3,StopSig,57,4.16,nan,1,RightWithPellet,Left,209,317,24,16028830,nan,nan,0.01
8/21/2026 23:11:06,1.17.3,StopSig,57,4.15,nan,1,LeftWithPellet,Left,210,317,24,16028830,nan,nan,0.16
8/21/2026 23:11:10,1.17.3,StopSig,57,4.16,nan,1,LeftWithPellet,Left,211,317,24,16028830,nan,nan,0.17
8/21/2026 23:12:40,1.17.3,StopSig,57,4.16,nan,1,RightWithPellet,Left,211,318,24,16028830,nan,nan,0.26
8/21/2026 23:12:41,1.17.3,StopSig,57,4.15,nan,1,RightWithPellet,Left,211,319,24,16028830,nan,nan,0.23
8/21/2026 23:12:42,1.17.3,StopSig,57,4.16,nan,1,RightWithPellet,Left,211,320,24,16028830,nan,nan,0.25
8/21/2026 23:13:32,1.17.3,StopSig,57,4.15,nan,1,LeftWithPellet,Left,212,320,24,16028830,nan,nan,0.10
8/21/2026 23:13:35,1.17.3,StopSig,57,4.16,nan,1,RightWithPellet,Left,212,321,24,16028830,nan,nan,0.11
8/21/2026 23:13:35,1.17.3,StopSig,57,4.16,nan,1,RightWithPellet,Left,212,322,24,16028830,nan,nan,0.01
8/21/2026 23:13:37,1.17.3,StopSig,57,4.16,nan,1,LeftWithPellet,Left,213,322,24,16028830,nan,nan,0.02
8/21/2026 23:13:39,1.17.3,StopSig,57,4.16,nan,1,RightWithPellet,Left,213,323,24,16028830,nan,nan,0.09
8/21/2026 23:13:41,1.17.3,StopSig,57,4.16,nan,1,LeftWithPellet,Left,214,323,24,16028830,nan,nan,0.03
8/21/2026 23:13:42,1.17.3,StopSig,57,4.15,nan,1,RightWithPellet,Left,214,324,24,16028830,nan,nan,0.07
8/21/2026 23:13:46,1.17.3,StopSig,57,4.16,nan,1,RightWithPellet,Left,214,325,24,16028830,nan,nan,0.06
8/21/2026 23:13:51,1.17.3,StopSig,57,4.16,nan,1,LeftWithPellet,Left,215,325,24,16028830,nan,nan,0.04
8/21/2026 23:13:53,1.17.3,StopSig,57,4.16,nan,1,LeftWithPellet,Left,216,325,24,16028830,nan,nan,0.10
8/21/2026 23:13:54,1.17.3,StopSig,57,4.15,nan,1,RightWithPellet,Left,216,326,24,16028830,nan,nan,0.01
8/21/2026 23:13:58,1.17.3,StopSig,57,4.16,nan,1,LeftWithPellet,Left,217,326,24,16028830,nan,nan,0.23
8/21/2026 23:14:13,1.17.3,StopSig,57,4.16,nan,1,RightWithPellet,Left,217,327,24,16028830,nan,nan,0.08
8/21/2026 23:16:52,1.17.3,StopSig,57,4.16,nan,1,LeftWithPellet,Left,218,327,24,16028830,nan,nan,0.09
8/21/2026 23:18:22,1.17.3,StopSig,57,4.16,nan,1,LeftWithPellet,Left,219,327,24,16028830,nan,nan,0.04
8/21/2026 23:18:24,1.17.3,StopSig,57,4.16,nan,1,RightWithPellet,Left,219,328,24,16028830,nan,nan,0.20
8/21/2026 23:18:26,1.17.3,StopSig,57,4.15,nan,1,RightWithPellet,Left,219,329,24,16028830,nan,nan,0.08
8/21/2026 23:18:31,1.17.3,StopSig,57,4.16,nan,1,RightWithPellet,Left,219,330,24,16028830,nan,nan,0.00
8/21/2026 23:22:27,1.17.3,StopSig,57,4.16,nan,1,RightWithPellet,Left,219,331,24,16028830,nan,nan,0.15
8/21/2026 23:25:49,1.17.3,StopSig,57,4.16,nan,1,LeftWithPellet,Left,220,331,24,16028830,nan,nan,0.15
8/21/2026 23:25:51,1.17.3,StopSig,57,4.16,nan,1,RightWithPellet,Left,220,332,24,16028830,nan,nan,0.07
8/21/2026 23:25:53,1.17.3,StopSig,57,4.16,nan,1,RightWithPellet,Left,220,333,24,16028830,nan,nan,0.07
8/21/2026 23:25:58,1.17.3,StopSig,57,4.15,nan,1,LeftWithPellet,Left,221,333,24,16028830,nan,nan,0.15
8/21/2026 23:26:01,1.17.3,StopSig,57,4.16,nan,1,LeftWithPellet,Left,222,333,24,16028830,nan,nan,0.17
8/21/2026 23:26:05,1.17.3,StopSig,57,4.16,nan,1,LeftWithPellet,Left,223,333,24,16028830,nan,nan,0.20
8/21/2026 23:26:07,1.17.3,StopSig,57,4.15,nan,1,LeftWithPellet,Left,224,333,24,16028830,nan,nan,0.06
8/21/2026 23:33:05,1.17.3,StopSig,57,4.16,nan,1,LeftWithPellet,Left,225,333,24,16028830,nan,nan,0.06
8/21/2026 23:33:08,1.17.3,StopSig,57,4.15,nan,1,RightWithPellet,Left,225,334,24,16028830,nan,nan,0.05
8/21/2026 23:33:11,1.17.3,StopSig,57,4.16,nan,1,RightWithPellet,Left,225,335,24,16028830,nan,nan,0.13
8/21/2026 23:33:19,1.17.3,StopSig,57,4.16,nan,1,RightWithPellet,Left,225,336,24,16028830,nan,nan,0.07
8/21/2026 23:33:26,1.17.3,StopSig,57,4.15,nan,1,RightWithPellet,Left,225,337,24,16028830,nan,nan,0.07
8/21/2026 23:33:30,1.17.3,StopSig,57,4.15,nan,1,RightWithPellet,Left,225,338,24,16028830,nan,nan,0.04
8/21/2026 23:33:31,1.17.3,StopSig,57,4.15,nan,1,LeftWithPellet,Left,226,338,24,16028830,nan,nan,0.08
8/21/2026 23:33:37,1.17.3,StopSig,57,4.15,nan,1,LeftWithPellet,Left,227,338,24,16028830,nan,nan,0.34
8/21/2026 23:33:38,1.17.3,StopSig,57,4.16,nan,1,RightWithPellet,Left,227,339,24,16028830,nan,nan,0.06
8/21/2026 23:33:44,1.17.3,StopSig,57,4.16,nan,1,RightWithPellet,Left,227,340,24,16028830,nan,nan,0.03
8/21/2026 23:41:04,1.17.3,StopSig,57,4.15,nan,1,LeftWithPellet,Left,228,340,24,16028830,nan,nan,0.06
8/21/2026 23:41:07,1.17.3,StopSig,57,4.16,nan,1,LeftWithPellet,Left,229,340,24,16028830,nan,nan,0.15
8/21/2026 23:41:07,1.17.3,StopSig,57,4.15,nan,1,RightWithPellet,Left,229,341,24,16028830,nan,nan,0.08
8/21/2026 23:41:09,1.17.3,StopSig,57,4.15,nan,1,RightWithPellet,Left,229,342,24,16028830,nan,nan,0.02
8/21/2026 23:41:11,1.17.3,StopSig,57,4.16,nan,1,LeftWithPellet,Left,230,342,24,16028830,nan,nan,0.01
8/21/2026 23:41:13,1.17.3,StopSig,57,4.15,nan,1,LeftWithPellet,Left,231,342,24,16028830,nan,nan,0.27
8/21/2026 23:41:21,1.17.3,StopSig,57,4.15,nan,1,LeftWithPellet,Left,232,342,24,16028830,nan,nan,0.10
8/21/2026 23:41:24,1.17.3,StopSig,57,4.15,nan,1,LeftWithPellet,Left,233,342,24,16028830,nan,nan,0.10
8/21/2026 23:41:25,1.17.3,StopSig,57,4.16,nan,1,RightWithPellet,Left,233,343,24,16028830,nan,nan,0.13
8/21/2026 23:42:58,1.17.3,StopSig,57,4.15,nan,1,LeftWithPellet,Left,234,343,24,16028830,nan,nan,0.04
8/21/2026 23:43:12,1.17.3,StopSig,57,4.15,nan,1,RightWithPellet,Left,234,344,24,16028830,nan,nan,0.20
8/21/2026 23:43:12,1.17.3,StopSig,57,4.16,nan,1,RightWithPellet,Left,234,345,24,16028830,nan,nan,0.22
8/21/2026 23:43:15,1.17.3,StopSig,57,4.15,nan,1,LeftWithPellet,Left,235,345,24,16028830,nan,nan,0.32
8/21/2026 23:49:15,1.17.3,StopSig,57,4.15,nan,1,RightWithPellet,Left,235,346,24,16028830,nan,nan,0.14
8/21/2026 23:49:16,1.17.3,StopSig,57,4.15,nan,1,LeftWithPellet,Left,236,346,24,16028830,nan,nan,0.07
8/21/2026 23:49:20,1.17.3,StopSig,57,4.16,nan,1,LeftWithPellet,Left,237,346,24,16028830,nan,nan,0.02
8/21/2026 23:49:25,1.17.3,StopSig,57,4.15,nan,1,RightWithPellet,Left,237,347,24,16028830,nan,nan,0.01
8/21/2026 23:49:28,1.17.3,StopSig,57,4.15,nan,1,LeftWithPellet,Left,238,347,24,16028830,nan,nan,0.11
8/21/2026 23:49:29,1.17.3,StopSig,57,4.15,nan,1,RightWithPellet,Left,238,348,24,16028830,nan,nan,0.34
8/21/2026 23:49:39,1.17.3,StopSig,57,4.15,nan,1,RightWithPellet,Left,238,349,24,16028830,nan,nan,0.01
8/21/2026 23:50:58,1.17.3,StopSig,57,4.15,nan,1,LeftWithPellet,Left,239,349,24,16028830,nan,nan,0.16
8/21/2026 23:50:59,1.17.3,StopSig,57,4.16,nan,1,RightWithPellet,Left,239,350,24,16028830,nan,nan,0.03
8/21/2026 23:51:02,1.17.3,StopSig,57,4.16,nan,1,RightWithPellet,Left,239,351,24,16028830,nan,nan,0.19
8/21/2026 23:51:04,1.17.3,StopSig,57,4.15,nan,1,LeftWithPellet,Left,240,351,24,16028830,nan,nan,0.17
8/21/2026 23:51:05,1.17.3,StopSig,57,4.15,nan,1,RightWithPellet,Left,240,352,24,16028830,nan,nan,0.07
8/21/2026 23:56:05,1.17.3,StopSig,57,4.15,nan,1,RightWithPellet,Left,240,353,24,16028830,nan,nan,0.08
8/21/2026 23:56:07,1.17.3,StopSig,57,4.15,nan,1,LeftWithPellet,Left,241,353,24,16028830,nan,nan,0.39
8/21/2026 23:56:11,1.17.3,StopSig,57,4.16,nan,1,RightWithPellet,Left,241,354,24,16028830,nan,nan,0.09
8/21/2026 23:56:13,1.17.3,StopSig,57,4.14,nan,1,LeftWithPellet,Left,242,354,24,16028830,nan,nan,0.14
8/21/2026 23:57:06,1.17.3,StopSig,57,4.14,nan,1,RightWithPellet,Left,242,355,24,16028830,nan,nan,0.28
8/21/2026 23:57:07,1.17.3,StopSig,57,4.14,nan,1,RightWithPellet,Left,242,356,24,16028830,nan,nan,0.81
8/21/2026 23:57:08,1.17.3,StopSig,57,4.14,nan,1,LeftWithPellet,Left,243,356,24,16028830,nan,nan,0.20
8/21/2026 23:57:10,1.17.3,StopSig,57,4.14,nan,1,RightWithPellet,Left,243,357,24,16028830,nan,nan,0.01
8/21/2026 23:57:14,1.17.3,StopSig,57,4.15,nan,1,RightWithPellet,Left,243,358,24,16028830,nan,nan,0.03
8/21/2026 23:57:17,1.17.3,StopSig,57,4.15,nan,1,RightWithPellet,Left,243,359,24,16028830,nan,nan,0.05
8/21/2026 23:57:19,1.17.3,StopSig,57,4.15,nan,1,LeftWithPellet,Left,244,359,24,16028830,nan,nan,0.20
8/21/2026 23:57:26,1.17.3,StopSig,57,4.15,nan,1,LeftWithPellet,Left,245,359,24,16028830,nan,nan,0.16
8/21/2026 23:57:28,1.17.3,StopSig,57,4.16,nan,1,RightWithPellet,Left,245,360,24,16028830,nan,nan,0.00
8/21/2026 23:57:30,1.17.3,StopSig,57,4.14,nan,1,RightWithPellet,Left,245,361,24,16028830,nan,nan,0.14
8/21/2026 23:57:32,1.17.3,StopSig,57,4.15,nan,1,LeftWithPellet,Left,246,361,24,16028830,nan,nan,0.02
8/21/2026 23:57:34,1.17.3,StopSig,57,4.15,nan,1,RightWithPellet,Left,246,362,24,16028830,nan,nan,0.02
8/21/2026 23:57:36,1.17.3,StopSig,57,4.15,nan,1,RightWithPellet,Left,246,363,24,16028830,nan,nan,0.53
8/21/2026 23:57:37,1.17.3,StopSig,57,4.15,nan,1,LeftWithPellet,Left,247,363,24,16028830,nan,nan,0.18
8/21/2026 23:57:38,1.17.3,StopSig,57,4.15,nan,1,LeftWithPellet,Left,248,363,24,16028830,nan,nan,0.14
8/21/2026 23:57:39,1.17.3,StopSig,57,4.16,nan,1,RightWithPellet,Left,248,364,24,16028830,nan,nan,0.08
8/21/2026 23:57:42,1.17.3,StopSig,57,4.15,nan,1,RightWithPellet,Left,248,365,24,16028830,nan,nan,0.00
8/21/2026 23:57:48,1.17.3,StopSig,57,4.15,nan,1,LeftWithPellet,Left,249,365,24,16028830,nan,nan,0.08
8/21/2026 23:57:53,1.17.3,StopSig,57,4.16,nan,1,LeftWithPellet,Left,250,365,24,16028830,nan,nan,0.10
8/21/2026 23:57:54,1.17.3,StopSig,57,4.15,nan,1,RightWithPellet,Left,250,366,24,16028830,nan,nan,0.06
8/21/2026 23:57:57,1.17.3,StopSig,57,4.15,nan,1,RightWithPellet,Left,250,367,24,16028830,nan,nan,0.03
8/21/2026 23:59:34,1.17.3,StopSig,57,4.15,nan,1,LeftWithPellet,Left,251,367,24,16028830,nan,nan,0.04
8/21/2026 23:59:40,1.17.3,StopSig,57,4.15,nan,1,LeftWithPellet,Left,252,367,24,16028830,nan,nan,0.07
8/21/2026 23:59:43,1.17.3,StopSig,57,4.15,nan,1,RightWithPellet,Left,252,368,24,16028830,nan,nan,0.02
8/21/2026 23:59:46,1.17.3,StopSig,57,4.15,nan,1,LeftWithPellet,Left,253,368,24,16028830,nan,nan,0.15
8/22/2026 0:04:04,1.17.3,StopSig,57,4.15,nan,1,LeftWithPellet,Left,254,368,24,16028830,nan,nan,0.12
8/22/2026 0:04:07,1.17.3,StopSig,57,4.15,nan,1,RightWithPellet,Left,254,369,24,16028830,nan,nan,0.17
8/22/2026 0:04:10,1.17.3,StopSig,57,4.15,nan,1,RightWithPellet,Left,254,370,24,16028830,nan,nan,0.11
8/22/2026 0:04:11,1.17.3,StopSig,57,4.15,nan,1,RightWithPellet,Left,254,371,24,16028830,nan,nan,0.03
8/22/2026 0:04:13,1.17.3,StopSig,57,4.15,nan,1,LeftWithPellet,Left,255,371,24,16028830,nan,nan,0.13
8/22/2026 0:04:15,1.17.3,StopSig,57,4.15,nan,1,LeftWithPellet,Left,256,371,24,16028830,nan,nan,0.22
8/22/2026 0:04:16,1.17.3,StopSig,57,4.15,nan,1,LeftWithPellet,Left,257,371,24,16028830,nan,nan,0.02
8/22/2026 0:04:19,1.17.3,StopSig,57,4.15,nan,1,RightWithPellet,Left,257,372,24,16028830,nan,nan,0.01
8/22/2026 0:04:21,1.17.3,StopSig,57,4.15,nan,1,RightWithPellet,Left,257,373,24,16028830,nan,nan,0.18
8/22/2026 0:04:24,1.17.3,StopSig,57,4.14,nan,1,LeftWithPellet,Left,258,373,24,16028830,nan,nan,0.03
8/22/2026 0:04:28,1.17.3,StopSig,57,4.15,nan,1,RightWithPellet,Left,258,374,24,16028830,nan,nan,0.11
8/22/2026 0:04:29,1.17.3,StopSig,57,4.15,nan,1,RightWithPellet,Left,258,375,24,16028830,nan,nan,0.04
8/22/2026 0:04:30,1.17.3,StopSig,57,4.15,nan,1,RightWithPellet,Left,258,376,24,16028830,nan,nan,0.03
8/22/2026 0:04:30,1.17.3,StopSig,57,4.15,nan,1,RightWithPellet,Left,258,377,24,16028830,nan,nan,0.06
8/22/2026 0:04:32,1.17.3,StopSig,57,4.15,nan,1,RightWithPellet,Left,258,378,24,16028830,nan,nan,0.11
8/22/2026 0:04:36,1.17.3,StopSig,57,4.15,nan,1,RightWithPellet,Left,258,379,24,16028830,nan,nan,0.23
8/22/2026 0:04:40,1.17.3,StopSig,57,4.15,nan,1,RightWithPellet,Left,258,380,24,16028830,nan,nan,0.62
8/22/2026 0:04:43,1.17.3,StopSig,57,4.15,nan,1,RightWithPellet,Left,258,381,24,16028830,nan,nan,0.53
8/22/2026 0:04:44,1.17.3,StopSig,57,4.16,nan,1,RightWithPellet,Left,258,382,24,16028830,nan,nan,0.07
8/22/2026 0:04:46,1.17.3,StopSig,57,4.15,nan,1,RightWithPellet,Left,258,383,24,16028830,nan,nan,0.42
8/22/2026 0:04:48,1.17.3,StopSig,57,4.15,nan,1,RightWithPellet,Left,258,384,24,16028830,nan,nan,0.27
8/22/2026 0:04:48,1.17.3,StopSig,57,4.15,nan,1,RightWithPellet,Left,258,385,24,16028830,nan,nan,0.30
8/22/2026 0:04:52,1.17.3,StopSig,57,4.15,nan,1,RightWithPellet,Left,258,386,24,16028830,nan,nan,0.07
8/22/2026 0:04:53,1.17.3,StopSig,57,4.15,nan,1,RightWithPellet,Left,258,387,24,16028830,nan,nan,0.10
8/22/2026 0:04:54,1.17.3,StopSig,57,4.15,nan,1,RightWithPellet,Left,258,388,24,16028830,nan,nan,0.34
8/22/2026 0:04:55,1.17.3,StopSig,57,4.15,nan,1,RightWithPellet,Left,258,389,24,16028830,nan,nan,0.55
8/22/2026 0:04:58,1.17.3,StopSig,57,4.15,nan,1,RightWithPellet,Left,258,390,24,16028830,nan,nan,0.28
8/22/2026 0:05:08,1.17.3,StopSig,57,4.15,1,1,Pellet,Left,258,390,25,16028830,Timed_out,10906,nan
8/22/2026 0:05:09,1.17.3,StopSig,57,4.15,nan,1,>Left_Regular_trial,Left,259,390,25,25034763,nan,nan,nan
8/22/2026 0:05:13,1.17.3,StopSig,57,4.15,nan,1,NoPoke_Regular_(incorrect),Left,259,390,25,25038163,nan,nan,nan
8/22/2026 0:05:50,1.17.3,StopSig,57,4.15,nan,1,>Left_Regular_trial,Left,260,390,25,25074835,nan,nan,nan
8/22/2026 0:05:51,1.17.3,StopSig,57,4.15,nan,1,Right_Regular_(correct),Left,260,391,25,25076159,nan,nan,nan
8/22/2026 0:06:10,1.17.3,StopSig,57,4.15,nan,1,RightWithPellet,Left,260,392,25,25076159,nan,nan,0.37
8/22/2026 0:06:22,1.17.3,StopSig,57,4.15,nan,1,RightWithPellet,Left,260,393,25,25076159,nan,nan,0.06
8/22/2026 0:06:24,1.17.3,StopSig,57,4.15,nan,1,RightWithPellet,Left,260,394,25,25076159,nan,nan,0.08
8/22/2026 0:06:26,1.17.3,StopSig,57,4.15,nan,1,LeftWithPellet,Left,261,394,25,25076159,nan,nan,0.08
8/22/2026 0:06:26,1.17.3,StopSig,57,4.15,nan,1,LeftWithPellet,Left,262,394,25,25076159,nan,nan,0.26
8/22/2026 0:06:31,1.17.3,StopSig,57,4.15,nan,1,RightWithPellet,Left,262,395,25,25076159,nan,nan,0.19
8/22/2026 0:06:33,1.17.3,StopSig,57,4.15,nan,1,RightWithPellet,Left,262,396,25,25076159,nan,nan,0.10
8/22/2026 0:06:36,1.17.3,StopSig,57,4.15,nan,1,LeftWithPellet,Left,263,396,25,25076159,nan,nan,0.14
8/22/2026 0:06:38,1.17.3,StopSig,57,4.16,nan,1,LeftWithPellet,Left,264,396,25,25076159,nan,nan,2.24
8/22/2026 0:06:39,1.17.3,StopSig,57,4.15,nan,1,LeftWithPellet,Left,265,396,25,25076159,nan,nan,0.46
8/22/2026 0:06:40,1.17.3,StopSig,57,4.15,nan,1,LeftWithPellet,Left,266,396,25,25076159,nan,nan,0.06
8/22/2026 0:06:43,1.17.3,StopSig,57,4.15,nan,1,RightWithPellet,Left,266,397,25,25076159,nan,nan,0.27
8/22/2026 0:06:45,1.17.3,StopSig,57,4.16,nan,1,LeftWithPellet,Left,267,397,25,25076159,nan,nan,0.20
8/22/2026 0:06:45,1.17.3,StopSig,57,4.15,nan,1,LeftWithPellet,Left,268,397,25,25076159,nan,nan,0.01
8/22/2026 0:06:49,1.17.3,StopSig,57,4.15,nan,1,RightWithPellet,Left,268,398,25,25076159,nan,nan,0.22
8/22/2026 0:06:51,1.17.3,StopSig,57,4.15,nan,1,LeftWithPellet,Left,269,398,25,25076159,nan,nan,0.13
8/22/2026 0:06:56,1.17.3,StopSig,57,4.15,nan,1,RightWithPellet,Left,269,399,25,25076159,nan,nan,0.12
8/22/2026 0:06:59,1.17.3,StopSig,57,4.15,nan,1,LeftWithPellet,Left,270,399,25,25076159,nan,nan,1.15
8/22/2026 0:07:00,1.17.3,StopSig,57,4.15,nan,1,RightWithPellet,Left,270,400,25,25076159,nan,nan,0.07
8/22/2026 0:07:03,1.17.3,StopSig,57,4.15,nan,1,RightWithPellet,Left,270,401,25,25076159,nan,nan,0.25
8/22/2026 0:07:06,1.17.3,StopSig,57,4.14,nan,1,RightWithPellet,Left,270,402,25,25076159,nan,nan,0.51
8/22/2026 0:07:11,1.17.3,StopSig,57,4.15,nan,1,LeftWithPellet,Left,271,402,25,25076159,nan,nan,0.16
8/22/2026 0:07:11,1.17.3,StopSig,57,4.15,nan,1,LeftWithPellet,Left,272,402,25,25076159,nan,nan,0.05
8/22/2026 0:07:12,1.17.3,StopSig,57,4.14,nan,1,RightWithPellet,Left,272,403,25,25076159,nan,nan,0.02
8/22/2026 0:07:14,1.17.3,StopSig,57,4.15,nan,1,RightWithPellet,Left,272,404,25,25076159,nan,nan,0.26
8/22/2026 0:07:17,1.17.3,StopSig,57,4.15,nan,1,LeftWithPellet,Left,273,404,25,25076159,nan,nan,0.25
8/22/2026 0:07:18,1.17.3,StopSig,57,4.14,nan,1,LeftWithPellet,Left,274,404,25,25076159,nan,nan,0.26
8/22/2026 0:07:19,1.17.3,StopSig,57,4.15,nan,1,LeftWithPellet,Left,275,404,25,25076159,nan,nan,0.32
8/22/2026 0:07:20,1.17.3,StopSig,57,4.15,nan,1,RightWithPellet,Left,275,405,25,25076159,nan,nan,0.11
8/22/2026 0:07:26,1.17.3,StopSig,57,4.15,nan,1,LeftWithPellet,Left,276,405,25,25076159,nan,nan,0.18
8/22/2026 0:18:23,1.17.3,StopSig,57,4.15,nan,1,RightWithPellet,Left,276,406,25,25076159,nan,nan,0.08
8/22/2026 0:19:08,1.17.3,StopSig,57,4.15,nan,1,LeftWithPellet,Left,277,406,25,25076159,nan,nan,0.18
8/22/2026 0:19:09,1.17.3,StopSig,57,4.15,nan,1,LeftWithPellet,Left,278,406,25,25076159,nan,nan,0.01
8/22/2026 0:19:13,1.17.3,StopSig,57,4.15,nan,1,RightWithPellet,Left,278,407,25,25076159,nan,nan,0.05
8/22/2026 0:19:15,1.17.3,StopSig,57,4.15,nan,1,LeftWithPellet,Left,279,407,25,25076159,nan,nan,0.11
8/22/2026 0:19:17,1.17.3,StopSig,57,4.15,nan,1,RightWithPellet,Left,279,408,25,25076159,nan,nan,0.01
8/22/2026 0:19:21,1.17.3,StopSig,57,4.14,nan,1,RightWithPellet,Left,279,409,25,25076159,nan,nan,0.04
8/22/2026 0:19:24,1.17.3,StopSig,57,4.14,nan,1,RightWithPellet,Left,279,410,25,25076159,nan,nan,0.00
8/22/2026 0:19:34,1.17.3,StopSig,57,4.15,nan,1,RightWithPellet,Left,279,411,25,25076159,nan,nan,0.05
8/22/2026 0:19:37,1.17.3,StopSig,57,4.15,nan,1,RightWithPellet,Left,279,412,25,25076159,nan,nan,0.09
8/22/2026 0:22:59,1.17.3,StopSig,57,4.15,nan,1,LeftWithPellet,Left,280,412,25,25076159,nan,nan,0.11
8/22/2026 0:23:02,1.17.3,StopSig,57,4.14,nan,1,RightWithPellet,Left,280,413,25,25076159,nan,nan,0.15
8/22/2026 0:23:04,1.17.3,StopSig,57,4.15,nan,1,LeftWithPellet,Left,281,413,25,25076159,nan,nan,0.13
8/22/2026 0:23:05,1.17.3,StopSig,57,4.15,nan,1,RightWithPellet,Left,281,414,25,25076159,nan,nan,0.15
8/22/2026 0:23:07,1.17.3,StopSig,57,4.15,nan,1,RightWithPellet,Left,281,415,25,25076159,nan,nan,0.01
8/22/2026 0:23:08,1.17.3,StopSig,57,4.15,nan,1,RightWithPellet,Left,281,416,25,25076159,nan,nan,0.08
8/22/2026 0:23:11,1.17.3,StopSig,57,4.15,nan,1,LeftWithPellet,Left,282,416,25,25076159,nan,nan,0.04
8/22/2026 0:23:50,1.17.3,StopSig,57,4.15,nan,1,LeftWithPellet,Left,283,416,25,25076159,nan,nan,0.01
8/22/2026 0:23:52,1.17.3,StopSig,57,4.15,nan,1,RightWithPellet,Left,283,417,25,25076159,nan,nan,0.08
8/22/2026 0:23:54,1.17.3,StopSig,57,4.15,nan,1,RightWithPellet,Left,283,418,25,25076159,nan,nan,0.17
8/22/2026 0:23:56,1.17.3,StopSig,57,4.14,nan,1,RightWithPellet,Left,283,419,25,25076159,nan,nan,0.03
8/22/2026 0:23:59,1.17.3,StopSig,57,4.14,nan,1,LeftWithPellet,Left,284,419,25,25076159,nan,nan,0.05
8/22/2026 0:23:59,1.17.3,StopSig,57,4.15,nan,1,RightWithPellet,Left,284,420,25,25076159,nan,nan,0.05
8/22/2026 0:24:03,1.17.3,StopSig,57,4.15,1,1,Pellet,Left,284,420,26,25076159,Timed_out,1135,nan
8/22/2026 0:24:08,1.17.3,StopSig,57,4.15,nan,1,>Left_Stop_trial,Left,285,420,26,26173218,nan,nan,nan
8/22/2026 0:24:12,1.17.3,StopSig,57,4.14,nan,1,NoPoke_STOP_(correct),Left,285,420,26,26177223,nan,nan,nan
8/22/2026 0:24:14,1.17.3,StopSig,57,4.15,1,1,Pellet,Left,285,420,27,26177223,1.97,11,nan
8/22/2026 0:24:41,1.17.3,StopSig,57,4.14,nan,1,>Left_Regular_trial,Left,286,420,27,26205891,nan,nan,nan
8/22/2026 0:24:44,1.17.3,StopSig,57,4.15,nan,1,NoPoke_Regular_(incorrect),Left,286,420,27,26209281,nan,nan,nan
8/22/2026 0:26:13,1.17.3,StopSig,57,4.14,nan,1,Right_no_left,Left,286,421,27,26209281,nan,nan,nan
8/22/2026 0:26:17,1.17.3,StopSig,57,4.15,nan,1,>Left_Stop_trial,Left,287,421,27,26301635,nan,nan,nan
8/22/2026 0:26:20,1.17.3,StopSig,57,4.15,nan,1,NoPoke_STOP_(correct),Left,287,421,27,26305192,nan,nan,nan
8/22/2026 0:26:23,1.17.3,StopSig,57,4.15,1,1,Pellet,Left,287,421,28,26305192,2.15,129,nan
8/22/2026 0:26:41,1.17.3,StopSig,57,4.15,nan,1,>Left_Regular_trial,Left,288,421,28,26326125,nan,nan,nan
8/22/2026 0:26:45,1.17.3,StopSig,57,4.15,nan,1,NoPoke_Regular_(incorrect),Left,288,421,28,26330255,nan,nan,nan
8/22/2026 0:27:25,1.17.3,StopSig,57,4.14,nan,1,Right_no_left,Left,288,422,28,26330255,nan,nan,nan
8/22/2026 0:27:26,1.17.3,StopSig,57,4.15,nan,1,Right_no_left,Left,288,423,28,26370753,nan,nan,nan
8/22/2026 0:27:28,1.17.3,StopSig,57,4.14,nan,1,Right_no_left,Left,288,424,28,26372083,nan,nan,nan
8/22/2026 0:27:31,1.17.3,StopSig,57,4.14,nan,1,Right_no_left,Left,288,425,28,26373259,nan,nan,nan
8/22/2026 0:27:33,1.17.3,StopSig,57,4.14,nan,1,Right_no_left,Left,288,426,28,26376649,nan,nan,nan
8/22/2026 0:27:33,1.17.3,StopSig,57,4.14,nan,1,Right_no_left,Left,288,427,28,26378121,nan,nan,nan
8/22/2026 0:27:35,1.17.3,StopSig,57,4.14,nan,1,>Left_Regular_trial,Left,289,427,28,26379887,nan,nan,nan
8/22/2026 0:27:37,1.17.3,StopSig,57,4.15,nan,1,Right_Regular_(correct),Left,289,428,28,26382835,nan,nan,nan
8/22/2026 0:27:43,1.17.3,StopSig,57,4.14,1,1,Pellet,Left,289,428,29,26382835,5.15,80,nan
8/22/2026 0:27:54,1.17.3,StopSig,57,4.15,nan,1,>Left_Stop_trial,Left,290,428,29,26399244,nan,nan,nan
8/22/2026 0:27:58,1.17.3,StopSig,57,4.15,nan,1,NoPoke_STOP_(correct),Left,290,428,29,26403248,nan,nan,nan
8/22/2026 0:28:05,1.17.3,StopSig,57,4.14,1,1,Pellet,Left,290,428,30,26403248,6.95,22,nan
8/22/2026 0:28:24,1.17.3,StopSig,57,4.14,nan,1,>Left_Regular_trial,Left,291,428,30,26429774,nan,nan,nan
8/22/2026 0:28:28,1.17.3,StopSig,57,4.15,nan,1,NoPoke_Regular_(incorrect),Left,291,428,30,26433170,nan,nan,nan
8/22/2026 0:29:00,1.17.3,StopSig,57,4.14,nan,1,Right_no_left,Left,291,429,30,26433170,nan,nan,nan
8/22/2026 0:29:04,1.17.3,StopSig,57,4.14,nan,1,Right_no_left,Left,291,430,30,26465989,nan,nan,nan
8/22/2026 0:29:08,1.17.3,StopSig,57,4.14,nan,1,>Left_Regular_trial,Left,292,430,30,26473214,nan,nan,nan
8/22/2026 0:29:10,1.17.3,StopSig,57,4.14,nan,1,Right_Regular_(correct),Left,292,431,30,26475423,nan,nan,nan
8/22/2026 0:29:11,1.17.3,StopSig,57,4.14,nan,1,RightDuringDispense,Left,292,432,30,26475423,nan,nan,0.54
8/22/2026 0:29:43,1.17.3,StopSig,57,4.14,nan,1,RightWithPellet,Left,292,433,30,26475423,nan,nan,0.57
8/22/2026 0:29:46,1.17.3,StopSig,57,4.15,nan,1,LeftWithPellet,Left,293,433,30,26475423,nan,nan,0.09
8/22/2026 0:29:48,1.17.3,StopSig,57,4.14,nan,1,LeftWithPellet,Left,294,433,30,26475423,nan,nan,0.25
8/22/2026 0:29:53,1.17.3,StopSig,57,4.14,nan,1,LeftWithPellet,Left,295,433,30,26475423,nan,nan,0.19
8/22/2026 0:29:54,1.17.3,StopSig,57,4.15,nan,1,LeftWithPellet,Left,296,433,30,26475423,nan,nan,0.37
8/22/2026 0:30:00,1.17.3,StopSig,57,4.14,nan,1,RightWithPellet,Left,296,434,30,26475423,nan,nan,0.05
8/22/2026 0:30:02,1.17.3,StopSig,57,4.14,nan,1,RightWithPellet,Left,296,435,30,26475423,nan,nan,0.22
8/22/2026 0:30:03,1.17.3,StopSig,57,4.14,nan,1,RightWithPellet,Left,296,436,30,26475423,nan,nan,0.18
8/22/2026 0:30:03,1.17.3,StopSig,57,4.15,1,1,Pellet,Left,296,436,31,26475423,51.62,118,nan
8/22/2026 0:30:05,1.17.3,StopSig,57,4.14,nan,1,>Left_Regular_trial,Left,297,436,31,26530097,nan,nan,nan
8/22/2026 0:30:07,1.17.3,StopSig,57,4.15,nan,1,Right_Regular_(correct),Left,297,437,31,26532156,nan,nan,nan
8/22/2026 0:30:07,1.17.3,StopSig,57,4.08,nan,1,RightDuringDispense,Left,297,438,31,26532156,nan,nan,0.23
8/22/2026 0:30:29,1.17.3,StopSig,57,4.14,nan,1,LeftWithPellet,Left,298,438,31,26532156,nan,nan,0.09
8/22/2026 0:30:31,1.17.3,StopSig,57,4.14,nan,1,RightWithPellet,Left,298,439,31,26532156,nan,nan,0.14
8/22/2026 0:30:35,1.17.3,StopSig,57,4.14,nan,1,LeftWithPellet,Left,299,439,31,26532156,nan,nan,0.02
8/22/2026 0:30:35,1.17.3,StopSig,57,4.14,nan,1,LeftWithPellet,Left,300,439,31,26532156,nan,nan,0.12
8/22/2026 0:30:36,1.17.3,StopSig,57,4.14,nan,1,LeftWithPellet,Left,301,439,31,26532156,nan,nan,0.15
8/22/2026 0:30:37,1.17.3,StopSig,57,4.16,nan,1,RightWithPellet,Left,301,440,31,26532156,nan,nan,0.37
8/22/2026 0:30:41,1.17.3,StopSig,57,4.14,nan,1,LeftWithPellet,Left,302,440,31,26532156,nan,nan,0.39
8/22/2026 0:30:42,1.17.3,StopSig,57,4.13,nan,1,LeftWithPellet,Left,303,440,31,26532156,nan,nan,0.21
8/22/2026 0:30:43,1.17.3,StopSig,57,4.13,nan,1,RightWithPellet,Left,303,441,31,26532156,nan,nan,0.11
8/22/2026 0:30:49,1.17.3,StopSig,57,4.13,nan,1,RightWithPellet,Left,303,442,31,26532156,nan,nan,1.01
8/22/2026 0:30:51,1.17.3,StopSig,57,4.12,nan,1,RightWithPellet,Left,303,443,31,26532156,nan,nan,0.48
8/22/2026 0:30:53,1.17.3,StopSig,57,4.15,nan,1,LeftWithPellet,Left,304,443,31,26532156,nan,nan,0.12
8/22/2026 0:30:55,1.17.3,StopSig,57,4.14,nan,1,LeftWithPellet,Left,305,443,31,26532156,nan,nan,0.56
8/22/2026 0:30:56,1.17.3,StopSig,57,4.14,nan,1,LeftWithPellet,Left,306,443,31,26532156,nan,nan,0.30
8/22/2026 0:30:57,1.17.3,StopSig,57,4.14,nan,1,RightWithPellet,Left,306,444,31,26532156,nan,nan,0.12
8/22/2026 0:31:07,1.17.3,StopSig,57,4.15,nan,1,RightWithPellet,Left,306,445,31,26532156,nan,nan,0.09
8/22/2026 0:31:07,1.17.3,StopSig,57,4.14,nan,1,RightWithPellet,Left,306,446,31,26532156,nan,nan,0.07
8/22/2026 0:31:11,1.17.3,StopSig,57,4.14,nan,1,LeftWithPellet,Left,307,446,31,26532156,nan,nan,0.11
8/22/2026 0:31:14,1.17.3,StopSig,57,4.14,nan,1,LeftWithPellet,Left,308,446,31,26532156,nan,nan,0.18
8/22/2026 0:31:14,1.17.3,StopSig,57,4.15,nan,1,LeftWithPellet,Left,309,446,31,26532156,nan,nan,0.09
8/22/2026 0:31:16,1.17.3,StopSig,57,4.15,nan,1,RightWithPellet,Left,309,447,31,26532156,nan,nan,0.12
8/22/2026 0:31:19,1.17.3,StopSig,57,4.15,nan,1,LeftWithPellet,Left,310,447,31,26532156,nan,nan,0.47
8/22/2026 0:31:19,1.17.3,StopSig,57,4.14,nan,1,LeftWithPellet,Left,311,447,31,26532156,nan,nan,0.14
8/22/2026 0:31:21,1.17.3,StopSig,57,4.14,nan,1,LeftWithPellet,Left,312,447,31,26532156,nan,nan,0.28
8/22/2026 0:31:23,1.17.3,StopSig,57,4.15,nan,1,RightWithPellet,Left,312,448,31,26532156,nan,nan,0.09
8/22/2026 0:47:49,1.17.3,StopSig,57,4.14,nan,1,RightWithPellet,Left,312,449,31,26532156,nan,nan,0.06
8/22/2026 0:48:09,1.17.3,StopSig,57,4.14,nan,1,LeftWithPellet,Left,313,449,31,26532156,nan,nan,0.09
8/22/2026 0:48:20,1.17.3,StopSig,57,4.14,nan,1,LeftWithPellet,Left,314,449,31,26532156,nan,nan,0.04
8/22/2026 0:48:27,1.17.3,StopSig,57,4.14,nan,1,RightWithPellet,Left,314,450,31,26532156,nan,nan,0.42
8/22/2026 0:48:31,1.17.3,StopSig,57,4.14,nan,1,LeftWithPellet,Left,315,450,31,26532156,nan,nan,0.12
8/22/2026 0:48:42,1.17.3,StopSig,57,4.14,nan,1,RightWithPellet,Left,315,451,31,26532156,nan,nan,0.11
8/22/2026 0:49:29,1.17.3,StopSig,57,4.15,nan,1,LeftWithPellet,Left,316,451,31,26532156,nan,nan,0.09
8/22/2026 0:49:37,1.17.3,StopSig,57,4.14,nan,1,LeftWithPellet,Left,317,451,31,26532156,nan,nan,0.06
8/22/2026 0:49:40,1.17.3,StopSig,57,4.14,nan,1,RightWithPellet,Left,317,452,31,26532156,nan,nan,0.08
8/22/2026 0:49:49,1.17.3,StopSig,57,4.14,nan,1,RightWithPellet,Left,317,453,31,26532156,nan,nan,1.01
8/22/2026 0:49:51,1.17.3,StopSig,57,4.15,nan,1,RightWithPellet,Left,317,454,31,26532156,nan,nan,0.08
8/22/2026 0:49:52,1.17.3,StopSig,57,4.14,nan,1,LeftWithPellet,Left,318,454,31,26532156,nan,nan,0.16
8/22/2026 0:49:59,1.17.3,StopSig,57,4.15,nan,1,RightWithPellet,Left,318,455,31,26532156,nan,nan,0.11
8/22/2026 0:50:03,1.17.3,StopSig,57,4.14,nan,1,LeftWithPellet,Left,319,455,31,26532156,nan,nan,0.12
8/22/2026 0:50:04,1.17.3,StopSig,57,4.15,nan,1,LeftWithPellet,Left,320,455,31,26532156,nan,nan,0.33
8/22/2026 0:50:06,1.17.3,StopSig,57,4.15,nan,1,RightWithPellet,Left,320,456,31,26532156,nan,nan,0.02
8/22/2026 0:50:10,1.17.3,StopSig,57,4.14,nan,1,RightWithPellet,Left,320,457,31,26532156,nan,nan,0.00
8/22/2026 0:50:13,1.17.3,StopSig,57,4.14,nan,1,RightWithPellet,Left,320,458,31,26532156,nan,nan,0.13
8/22/2026 0:50:15,1.17.3,StopSig,57,4.15,nan,1,LeftWithPellet,Left,321,458,31,26532156,nan,nan,0.18
8/22/2026 0:50:18,1.17.3,StopSig,57,4.14,nan,1,RightWithPellet,Left,321,459,31,26532156,nan,nan,0.25
8/22/2026 0:50:20,1.17.3,StopSig,57,4.14,nan,1,RightWithPellet,Left,321,460,31,26532156,nan,nan,0.02
8/22/2026 0:50:22,1.17.3,StopSig,57,4.14,nan,1,LeftWithPellet,Left,322,460,31,26532156,nan,nan,0.08
8/22/2026 0:50:24,1.17.3,StopSig,57,4.14,nan,1,LeftWithPellet,Left,323,460,31,26532156,nan,nan,0.25
8/22/2026 0:50:26,1.17.3,StopSig,57,4.14,nan,1,LeftWithPellet,Left,324,460,31,26532156,nan,nan,0.34
8/22/2026 0:50:28,1.17.3,StopSig,57,4.14,nan,1,RightWithPellet,Left,324,461,31,26532156,nan,nan,0.02
8/22/2026 0:50:30,1.17.3,StopSig,57,4.14,nan,1,RightWithPellet,Left,324,462,31,26532156,nan,nan,0.03
8/22/2026 0:50:32,1.17.3,StopSig,57,4.14,nan,1,RightWithPellet,Left,324,463,31,26532156,nan,nan,0.60
8/22/2026 0:50:36,1.17.3,StopSig,57,4.14,nan,1,LeftWithPellet,Left,325,463,31,26532156,nan,nan,0.05
8/22/2026 0:50:44,1.17.3,StopSig,57,4.14,nan,1,RightWithPellet,Left,325,464,31,26532156,nan,nan,0.11
8/22/2026 1:42:36,1.17.3,StopSig,57,4.14,nan,1,RightWithPellet,Left,325,465,31,26532156,nan,nan,0.13
8/22/2026 1:42:39,1.17.3,StopSig,57,4.14,nan,1,LeftWithPellet,Left,326,465,31,26532156,nan,nan,0.34
8/22/2026 1:42:43,1.17.3,StopSig,57,4.14,nan,1,LeftWithPellet,Left,327,465,31,26532156,nan,nan,0.19
8/22/2026 1:42:54,1.17.3,StopSig,57,4.14,nan,1,RightWithPellet,Left,327,466,31,26532156,nan,nan,0.68
8/22/2026 1:42:55,1.17.3,StopSig,57,4.14,nan,1,RightWithPellet,Left,327,467,31,26532156,nan,nan,0.23
8/22/2026 1:42:56,1.17.3,StopSig,57,4.14,nan,1,RightWithPellet,Left,327,468,31,26532156,nan,nan,0.52
8/22/2026 1:48:19,1.17.3,StopSig,57,4.14,nan,1,RightWithPellet,Left,327,469,31,26532156,nan,nan,0.10
8/22/2026 1:48:24,1.17.3,StopSig,57,4.14,nan,1,LeftWithPellet,Left,328,469,31,26532156,nan,nan,1.74
8/22/2026 1:48:28,1.17.3,StopSig,57,4.14,nan,1,RightWithPellet,Left,328,470,31,26532156,nan,nan,0.11
8/22/2026 1:48:32,1.17.3,StopSig,57,4.14,nan,1,RightWithPellet,Left,328,471,31,26532156,nan,nan,0.25
8/22/2026 1:48:47,1.17.3,StopSig,57,4.14,nan,1,RightWithPellet,Left,328,472,31,26532156,nan,nan,0.03
8/22/2026 1:48:50,1.17.3,StopSig,57,4.14,nan,1,RightWithPellet,Left,328,473,31,26532156,nan,nan,0.03
8/22/2026 1:48:50,1.17.3,StopSig,57,4.14,nan,1,RightWithPellet,Left,328,474,31,26532156,nan,nan,0.03
8/22/2026 1:48:58,1.17.3,StopSig,57,4.14,nan,1,LeftWithPellet,Left,329,474,31,26532156,nan,nan,0.08
8/22/2026 1:48:59,1.17.3,StopSig,57,4.14,nan,1,RightWithPellet,Left,329,475,31,26532156,nan,nan,0.06
8/22/2026 1:49:04,1.17.3,StopSig,57,4.14,nan,1,RightWithPellet,Left,329,476,31,26532156,nan,nan,0.09
8/22/2026 1:49:07,1.17.3,StopSig,57,4.14,nan,1,RightWithPellet,Left,329,477,31,26532156,nan,nan,0.18
8/22/2026 1:49:09,1.17.3,StopSig,57,4.14,nan,1,LeftWithPellet,Left,330,477,31,26532156,nan,nan,0.24
8/22/2026 1:50:01,1.17.3,StopSig,57,4.14,nan,1,LeftWithPellet,Left,331,477,31,26532156,nan,nan,0.22
8/22/2026 1:50:05,1.17.3,StopSig,57,4.14,nan,1,RightWithPellet,Left,331,478,31,26532156,nan,nan,0.11
8/22/2026 1:50:08,1.17.3,StopSig,57,4.14,nan,1,RightWithPellet,Left,331,479,31,26532156,nan,nan,0.05
8/22/2026 1:50:10,1.17.3,StopSig,57,4.14,nan,1,LeftWithPellet,Left,332,479,31,26532156,nan,nan,0.11
8/22/2026 1:50:13,1.17.3,StopSig,57,4.14,nan,1,RightWithPellet,Left,332,480,31,26532156,nan,nan,0.06
8/22/2026 1:50:19,1.17.3,StopSig,57,4.14,nan,1,RightWithPellet,Left,332,481,31,26532156,nan,nan,0.03
8/22/2026 1:50:21,1.17.3,StopSig,57,4.14,nan,1,LeftWithPellet,Left,333,481,31,26532156,nan,nan,0.14
8/22/2026 1:50:22,1.17.3,StopSig,57,4.14,nan,1,RightWithPellet,Left,333,482,31,26532156,nan,nan,0.00
8/22/2026 1:50:25,1.17.3,StopSig,57,4.14,nan,1,RightWithPellet,Left,333,483,31,26532156,nan,nan,0.09
8/22/2026 1:51:49,1.17.3,StopSig,57,4.14,nan,1,RightWithPellet,Left,333,484,31,26532156,nan,nan,0.00
8/22/2026 1:52:19,1.17.3,StopSig,57,4.14,nan,1,LeftWithPellet,Left,334,484,31,26532156,nan,nan,0.13
8/22/2026 1:52:21,1.17.3,StopSig,57,4.14,nan,1,RightWithPellet,Left,334,485,31,26532156,nan,nan,0.48
8/22/2026 1:52:25,1.17.3,StopSig,57,4.14,nan,1,LeftWithPellet,Left,335,485,31,26532156,nan,nan,0.20
8/22/2026 1:52:28,1.17.3,StopSig,57,4.14,nan,1,RightWithPellet,Left,335,486,31,26532156,nan,nan,0.15
8/22/2026 1:52:30,1.17.3,StopSig,57,4.14,nan,1,LeftWithPellet,Left,336,486,31,26532156,nan,nan,0.42
8/22/2026 1:52:34,1.17.3,StopSig,57,4.14,nan,1,LeftWithPellet,Left,337,486,31,26532156,nan,nan,0.16
8/22/2026 1:52:37,1.17.3,StopSig,57,4.14,nan,1,RightWithPellet,Left,337,487,31,26532156,nan,nan,0.29
8/22/2026 1:52:38,1.17.3,StopSig,57,4.14,nan,1,RightWithPellet,Left,337,488,31,26532156,nan,nan,0.17
8/22/2026 1:52:40,1.17.3,StopSig,57,4.14,nan,1,LeftWithPellet,Left,338,488,31,26532156,nan,nan,0.28
8/22/2026 1:52:41,1.17.3,StopSig,57,4.14,nan,1,LeftWithPellet,Left,339,488,31,26532156,nan,nan,0.05
8/22/2026 1:52:42,1.17.3,StopSig,57,4.14,nan,1,RightWithPellet,Left,339,489,31,26532156,nan,nan,0.06
8/22/2026 1:52:45,1.17.3,StopSig,57,4.14,nan,1,LeftWithPellet,Left,340,489,31,26532156,nan,nan,0.19
8/22/2026 1:52:47,1.17.3,StopSig,57,4.14,nan,1,LeftWithPellet,Left,341,489,31,26532156,nan,nan,0.14
8/22/2026 1:52:48,1.17.3,StopSig,57,4.14,nan,1,RightWithPellet,Left,341,490,31,26532156,nan,nan,0.12
8/22/2026 1:56:46,1.17.3,StopSig,57,4.14,nan,1,LeftWithPellet,Left,342,490,31,26532156,nan,nan,0.14
8/22/2026 1:56:49,1.17.3,StopSig,57,4.14,nan,1,RightWithPellet,Left,342,491,31,26532156,nan,nan,0.12
8/22/2026 1:56:52,1.17.3,StopSig,57,4.14,nan,1,LeftWithPellet,Left,343,491,31,26532156,nan,nan,0.25
8/22/2026 1:56:53,1.17.3,StopSig,57,4.14,nan,1,RightWithPellet,Left,343,492,31,26532156,nan,nan,0.03
8/22/2026 1:56:57,1.17.3,StopSig,57,4.14,nan,1,RightWithPellet,Left,343,493,31,26532156,nan,nan,0.22
8/22/2026 1:58:44,1.17.3,StopSig,57,4.14,nan,1,RightWithPellet,Left,343,494,31,26532156,nan,nan,0.17
8/22/2026 1:58:45,1.17.3,StopSig,57,4.14,nan,1,RightWithPellet,Left,343,495,31,26532156,nan,nan,0.05
8/22/2026 1:58:54,1.17.3,StopSig,57,4.14,nan,1,LeftWithPellet,Left,344,495,31,26532156,nan,nan,0.11
8/22/2026 1:58:56,1.17.3,StopSig,57,4.14,nan,1,RightWithPellet,Left,344,496,31,26532156,nan,nan,0.00
8/22/2026 1:58:58,1.17.3,StopSig,57,4.13,nan,1,LeftWithPellet,Left,345,496,31,26532156,nan,nan,0.08
8/22/2026 1:58:58,1.17.3,StopSig,57,4.14,nan,1,LeftWithPellet,Left,346,496,31,26532156,nan,nan,0.04
8/22/2026 1:58:59,1.17.3,StopSig,57,4.14,nan,1,RightWithPellet,Left,346,497,31,26532156,nan,nan,0.01
8/22/2026 1:59:01,1.17.3,StopSig,57,4.14,nan,1,RightWithPellet,Left,346,498,31,26532156,nan,nan,0.14
8/22/2026 1:59:03,1.17.3,StopSig,57,4.14,nan,1,LeftWithPellet,Left,347,498,31,26532156,nan,nan,0.20
8/22/2026 1:59:07,1.17.3,StopSig,57,4.14,nan,1,LeftWithPellet,Left,348,498,31,26532156,nan,nan,0.09
8/22/2026 1:59:11,1.17.3,StopSig,57,4.14,nan,1,RightWithPellet,Left,348,499,31,26532156,nan,nan,0.51
8/22/2026 1:59:30,1.17.3,StopSig,57,4.14,nan,1,LeftWithPellet,Left,349,499,31,26532156,nan,nan,0.22
8/22/2026 1:59:54,1.17.3,StopSig,57,4.14,nan,1,LeftWithPellet,Left,350,499,31,26532156,nan,nan,0.14
8/22/2026 2:00:13,1.17.3,StopSig,57,4.14,nan,1,LeftWithPellet,Left,351,499,31,26532156,nan,nan,0.13
8/22/2026 2:00:14,1.17.3,StopSig,57,4.14,nan,1,LeftWithPellet,Left,352,499,31,26532156,nan,nan,0.33
8/22/2026 2:00:20,1.17.3,StopSig,57,4.14,nan,1,LeftWithPellet,Left,353,499,31,26532156,nan,nan,0.47
8/22/2026 2:00:23,1.17.3,StopSig,57,4.14,nan,1,RightWithPellet,Left,353,500,31,26532156,nan,nan,0.02
8/22/2026 2:00:24,1.17.3,StopSig,57,4.14,nan,1,RightWithPellet,Left,353,501,31,26532156,nan,nan,0.19
8/22/2026 2:00:27,1.17.3,StopSig,57,4.14,nan,1,LeftWithPellet,Left,354,501,31,26532156,nan,nan,0.06
8/22/2026 2:00:28,1.17.3,StopSig,57,4.14,nan,1,LeftWithPellet,Left,355,501,31,26532156,nan,nan,0.11
8/22/2026 2:00:29,1.17.3,StopSig,57,4.14,nan,1,RightWithPellet,Left,355,502,31,26532156,nan,nan,0.11
8/22/2026 2:00:31,1.17.3,StopSig,57,4.14,nan,1,RightWithPellet,Left,355,503,31,26532156,nan,nan,0.01
8/22/2026 2:00:38,1.17.3,StopSig,57,4.14,nan,1,LeftWithPellet,Left,356,503,31,26532156,nan,nan,0.01
8/22/2026 2:00:41,1.17.3,StopSig,57,4.14,nan,1,RightWithPellet,Left,356,504,31,26532156,nan,nan,0.21
8/22/2026 2:00:43,1.17.3,StopSig,57,4.14,nan,1,RightWithPellet,Left,356,505,31,26532156,nan,nan,0.27
8/22/2026 2:00:43,1.17.3,StopSig,57,4.13,1,1,Pellet,Left,356,505,32,26532156,Timed_out,5440,nan
8/22/2026 2:00:48,1.17.3,StopSig,57,4.14,nan,1,>Left_Regular_trial,Left,357,505,32,31973137,nan,nan,nan
8/22/2026 2:00:50,1.17.3,StopSig,57,4.14,nan,1,Right_Regular_(correct),Left,357,506,32,31975643,nan,nan,nan
8/22/2026 2:01:27,1.17.3,StopSig,57,4.14,nan,1,LeftWithPellet,Left,358,506,32,31975643,nan,nan,0.32
8/22/2026 2:01:29,1.17.3,StopSig,57,4.14,nan,1,RightWithPellet,Left,358,507,32,31975643,nan,nan,0.11
8/22/2026 2:01:31,1.17.3,StopSig,57,4.14,nan,1,LeftWithPellet,Left,359,507,32,31975643,nan,nan,0.15
8/22/2026 2:01:32,1.17.3,StopSig,57,4.14,nan,1,LeftWithPellet,Left,360,507,32,31975643,nan,nan,0.29
8/22/2026 2:01:34,1.17.3,StopSig,57,4.14,nan,1,LeftWithPellet,Left,361,507,32,31975643,nan,nan,0.16
8/22/2026 2:01:34,1.17.3,StopSig,57,4.14,nan,1,LeftWithPellet,Left,362,507,32,31975643,nan,nan,0.16
8/22/2026 2:01:35,1.17.3,StopSig,57,4.14,nan,1,RightWithPellet,Left,362,508,32,31975643,nan,nan,0.36
8/22/2026 2:01:37,1.17.3,StopSig,57,4.14,nan,1,RightWithPellet,Left,362,509,32,31975643,nan,nan,0.08
8/22/2026 2:01:39,1.17.3,StopSig,57,4.14,nan,1,RightWithPellet,Left,362,510,32,31975643,nan,nan,0.07
8/22/2026 2:01:42,1.17.3,StopSig,57,4.14,nan,1,LeftWithPellet,Left,363,510,32,31975643,nan,nan,0.77
8/22/2026 2:01:44,1.17.3,StopSig,57,4.14,nan,1,RightWithPellet,Left,363,511,32,31975643,nan,nan,0.04
8/22/2026 2:01:46,1.17.3,StopSig,57,4.14,nan,1,RightWithPellet,Left,363,512,32,31975643,nan,nan,0.37
8/22/2026 2:01:49,1.17.3,StopSig,57,4.14,nan,1,LeftWithPellet,Left,364,512,32,31975643,nan,nan,0.12
8/22/2026 2:01:50,1.17.3,StopSig,57,4.14,nan,1,LeftWithPellet,Left,365,512,32,31975643,nan,nan,0.25
8/22/2026 2:01:51,1.17.3,StopSig,57,4.14,nan,1,RightWithPellet,Left,365,513,32,31975643,nan,nan,0.17
8/22/2026 2:01:54,1.17.3,StopSig,57,4.14,nan,1,RightWithPellet,Left,365,514,32,31975643,nan,nan,0.12
8/22/2026 2:03:34,1.17.3,StopSig,57,4.14,nan,1,LeftWithPellet,Left,366,514,32,31975643,nan,nan,0.07
8/22/2026 2:04:46,1.17.3,StopSig,57,4.14,nan,1,RightWithPellet,Left,366,515,32,31975643,nan,nan,0.20
8/22/2026 2:05:17,1.17.3,StopSig,57,4.14,nan,1,RightWithPellet,Left,366,516,32,31975643,nan,nan,0.19
8/22/2026 2:05:18,1.17.3,StopSig,57,4.14,nan,1,RightWithPellet,Left,366,517,32,31975643,nan,nan,0.18
8/22/2026 2:05:20,1.17.3,StopSig,57,4.14,nan,1,LeftWithPellet,Left,367,517,32,31975643,nan,nan,0.16
8/22/2026 2:05:22,1.17.3,StopSig,57,4.14,nan,1,RightWithPellet,Left,367,518,32,31975643,nan,nan,0.37
8/22/2026 2:05:29,1.17.3,StopSig,57,4.14,nan,1,RightWithPellet,Left,367,519,32,31975643,nan,nan,0.45
8/22/2026 2:05:30,1.17.3,StopSig,57,4.14,nan,1,RightWithPellet,Left,367,520,32,31975643,nan,nan,0.03
8/22/2026 2:05:32,1.17.3,StopSig,57,4.14,nan,1,LeftWithPellet,Left,368,520,32,31975643,nan,nan,0.21
8/22/2026 2:05:33,1.17.3,StopSig,57,4.14,nan,1,LeftWithPellet,Left,369,520,32,31975643,nan,nan,0.20
8/22/2026 2:05:34,1.17.3,StopSig,57,4.14,nan,1,RightWithPellet,Left,369,521,32,31975643,nan,nan,0.04
8/22/2026 2:05:36,1.17.3,StopSig,57,4.14,nan,1,RightWithPellet,Left,369,522,32,31975643,nan,nan,0.01
8/22/2026 2:05:37,1.17.3,StopSig,57,4.14,nan,1,RightWithPellet,Left,369,523,32,31975643,nan,nan,0.08
8/22/2026 2:05:39,1.17.3,StopSig,57,4.14,nan,1,LeftWithPellet,Left,370,523,32,31975643,nan,nan,0.42
8/22/2026 2:05:40,1.17.3,StopSig,57,4.14,nan,1,RightWithPellet,Left,370,524,32,31975643,nan,nan,0.08
8/22/2026 2:05:42,1.17.3,StopSig,57,4.13,nan,1,LeftWithPellet,Left,371,524,32,31975643,nan,nan,0.59
8/22/2026 2:05:44,1.17.3,StopSig,57,4.14,nan,1,RightWithPellet,Left,371,525,32,31975643,nan,nan,0.29
8/22/2026 2:05:47,1.17.3,StopSig,57,4.14,nan,1,RightWithPellet,Left,371,526,32,31975643,nan,nan,0.47
8/22/2026 2:05:48,1.17.3,StopSig,57,4.14,nan,1,LeftWithPellet,Left,372,526,32,31975643,nan,nan,0.11
8/22/2026 2:05:49,1.17.3,StopSig,57,4.14,nan,1,LeftWithPellet,Left,373,526,32,31975643,nan,nan,0.17
8/22/2026 2:05:51,1.17.3,StopSig,57,4.14,nan,1,RightWithPellet,Left,373,527,32,31975643,nan,nan,0.03
8/22/2026 2:05:52,1.17.3,StopSig,57,4.14,nan,1,RightWithPellet,Left,373,528,32,31975643,nan,nan,0.34
8/22/2026 2:05:54,1.17.3,StopSig,57,4.14,nan,1,RightWithPellet,Left,373,529,32,31975643,nan,nan,0.35
8/22/2026 2:05:55,1.17.3,StopSig,57,4.14,nan,1,RightWithPellet,Left,373,530,32,31975643,nan,nan,0.92
8/22/2026 2:05:57,1.17.3,StopSig,57,4.14,nan,1,RightWithPellet,Left,373,531,32,31975643,nan,nan,0.07
8/22/2026 2:05:58,1.17.3,StopSig,57,4.13,nan,1,RightWithPellet,Left,373,532,32,31975643,nan,nan,0.05
8/22/2026 2:05:59,1.17.3,StopSig,57,4.12,nan,1,RightWithPellet,Left,373,533,32,31975643,nan,nan,0.08
8/22/2026 2:06:00,1.17.3,StopSig,57,4.14,nan,1,RightWithPellet,Left,373,534,32,31975643,nan,nan,0.01
8/22/2026 2:06:00,1.17.3,StopSig,57,4.14,nan,1,RightWithPellet,Left,373,535,32,31975643,nan,nan,0.35
8/22/2026 2:06:03,1.17.3,StopSig,57,4.14,nan,1,RightWithPellet,Left,373,536,32,31975643,nan,nan,0.16
8/22/2026 2:06:03,1.17.3,StopSig,57,4.14,nan,1,RightWithPellet,Left,373,537,32,31975643,nan,nan,0.10
8/22/2026 2:06:05,1.17.3,StopSig,57,4.14,nan,1,RightWithPellet,Left,373,538,32,31975643,nan,nan,1.05
8/22/2026 2:06:05,1.17.3,StopSig,57,4.14,nan,1,RightWithPellet,Left,373,539,32,31975643,nan,nan,0.02
8/22/2026 2:06:07,1.17.3,StopSig,57,4.14,nan,1,RightWithPellet,Left,373,540,32,31975643,nan,nan,0.34
8/22/2026 2:06:09,1.17.3,StopSig,57,4.14,nan,1,RightWithPellet,Left,373,541,32,31975643,nan,nan,0.19
8/22/2026 2:06:11,1.17.3,StopSig,57,4.14,nan,1,RightWithPellet,Left,373,542,32,31975643,nan,nan,0.18
8/22/2026 2:06:14,1.17.3,StopSig,57,4.14,nan,1,RightWithPellet,Left,373,543,32,31975643,nan,nan,0.05
8/22/2026 2:06:14,1.17.3,StopSig,57,4.14,nan,1,RightWithPellet,Left,373,544,32,31975643,nan,nan,0.23
8/22/2026 2:06:16,1.17.3,StopSig,57,4.14,nan,1,RightWithPellet,Left,373,545,32,31975643,nan,nan,0.96
8/22/2026 2:06:17,1.17.3,StopSig,57,4.14,nan,1,RightWithPellet,Left,373,546,32,31975643,nan,nan,0.29
8/22/2026 2:06:25,1.17.3,StopSig,57,4.14,nan,1,LeftWithPellet,Left,374,546,32,31975643,nan,nan,0.40
8/22/2026 2:06:30,1.17.3,StopSig,57,4.14,nan,1,RightWithPellet,Left,374,547,32,31975643,nan,nan,0.23
8/22/2026 2:06:34,1.17.3,StopSig,57,4.14,nan,1,RightWithPellet,Left,374,548,32,31975643,nan,nan,0.00
8/22/2026 2:06:35,1.17.3,StopSig,57,4.14,nan,1,RightWithPellet,Left,374,549,32,31975643,nan,nan,0.26
8/22/2026 2:06:37,1.17.3,StopSig,57,4.14,nan,1,RightWithPellet,Left,374,550,32,31975643,nan,nan,0.20
8/22/2026 2:06:38,1.17.3,StopSig,57,4.14,nan,1,RightWithPellet,Left,374,551,32,31975643,nan,nan,0.05
8/22/2026 2:06:39,1.17.3,StopSig,57,4.14,nan,1,RightWithPellet,Left,374,552,32,31975643,nan,nan,0.13
8/22/2026 2:06:39,1.17.3,StopSig,57,4.14,nan,1,RightWithPellet,Left,374,553,32,31975643,nan,nan,0.14
8/22/2026 2:06:40,1.17.3,StopSig,57,4.14,nan,1,RightWithPellet,Left,374,554,32,31975643,nan,nan,0.73
8/22/2026 2:06:41,1.17.3,StopSig,57,4.14,nan,1,RightWithPellet,Left,374,555,32,31975643,nan,nan,0.06
8/22/2026 2:06:43,1.17.3,StopSig,57,4.14,nan,1,RightWithPellet,Left,374,556,32,31975643,nan,nan,0.56
8/22/2026 2:06:43,1.17.3,StopSig,57,4.14,nan,1,RightWithPellet,Left,374,557,32,31975643,nan,nan,0.01
8/22/2026 2:06:45,1.17.3,StopSig,57,4.14,nan,1,LeftWithPellet,Left,375,557,32,31975643,nan,nan,0.21
8/22/2026 2:06:47,1.17.3,StopSig,57,4.14,nan,1,LeftWithPellet,Left,376,557,32,31975643,nan,nan,0.50
8/22/2026 2:06:53,1.17.3,StopSig,57,4.14,nan,1,RightWithPellet,Left,376,558,32,31975643,nan,nan,0.13
8/22/2026 2:06:56,1.17.3,StopSig,57,4.14,nan,1,LeftWithPellet,Left,377,558,32,31975643,nan,nan,0.14
8/22/2026 2:06:58,1.17.3,StopSig,57,4.14,nan,1,RightWithPellet,Left,377,559,32,31975643,nan,nan,0.77
8/22/2026 2:07:00,1.17.3,StopSig,57,4.14,nan,1,RightWithPellet,Left,377,560,32,31975643,nan,nan,0.13
8/22/2026 2:07:07,1.17.3,StopSig,57,4.14,nan,1,LeftWithPellet,Left,378,560,32,31975643,nan,nan,0.14
8/22/2026 2:07:09,1.17.3,StopSig,57,4.14,nan,1,RightWithPellet,Left,378,561,32,31975643,nan,nan,0.16
8/22/2026 2:08:17,1.17.3,StopSig,57,4.14,nan,1,LeftWithPellet,Left,379,561,32,31975643,nan,nan,0.16
8/22/2026 2:08:18,1.17.3,StopSig,57,4.14,nan,1,LeftWithPellet,Left,380,561,32,31975643,nan,nan,0.35
8/22/2026 2:08:19,1.17.3,StopSig,57,4.14,nan,1,RightWithPellet,Left,380,562,32,31975643,nan,nan,0.00
8/22/2026 2:08:20,1.17.3,StopSig,57,4.14,nan,1,RightWithPellet,Left,380,563,32,31975643,nan,nan,0.23
8/22/2026 2:08:22,1.17.3,StopSig,57,4.14,nan,1,LeftWithPellet,Left,381,563,32,31975643,nan,nan,0.13
8/22/2026 2:08:24,1.17.3,StopSig,57,4.14,nan,1,LeftWithPellet,Left,382,563,32,31975643,nan,nan,0.00
8/22/2026 2:08:27,1.17.3,StopSig,57,4.14,nan,1,RightWithPellet,Left,382,564,32,31975643,nan,nan,0.12
8/22/2026 2:08:31,1.17.3,StopSig,57,4.14,nan,1,LeftWithPellet,Left,383,564,32,31975643,nan,nan,0.38
8/22/2026 2:08:32,1.17.3,StopSig,57,4.14,nan,1,RightWithPellet,Left,383,565,32,31975643,nan,nan,0.01
8/22/2026 2:08:33,1.17.3,StopSig,57,4.14,2,1,Pellet,Left,383,565,33,31975643,Timed_out,470,nan
8/22/2026 2:08:36,1.17.3,StopSig,57,4.14,nan,1,Right_no_left,Left,383,566,33,31975643,nan,nan,nan
8/22/2026 2:08:43,1.17.3,StopSig,57,4.13,nan,1,Right_no_left,Left,383,567,33,32441387,nan,nan,nan
8/22/2026 2:08:53,1.17.3,StopSig,57,4.13,nan,1,>Left_Regular_trial,Left,384,567,33,32458060,nan,nan,nan
8/22/2026 2:08:55,1.17.3,StopSig,57,4.14,nan,1,Right_Regular_(correct),Left,384,568,33,32460714,nan,nan,nan
8/22/2026 2:08:55,1.17.3,StopSig,57,4.13,nan,1,RightDuringDispense,Left,384,569,33,32460714,nan,nan,0.19
8/22/2026 2:15:11,1.17.3,StopSig,57,4.14,nan,1,LeftWithPellet,Left,385,569,33,32460714,nan,nan,0.08
8/22/2026 2:16:31,1.17.3,StopSig,57,4.14,nan,1,LeftWithPellet,Left,386,569,33,32460714,nan,nan,0.01
8/22/2026 2:16:32,1.17.3,StopSig,57,4.14,nan,1,LeftWithPellet,Left,387,569,33,32460714,nan,nan,0.03
8/22/2026 2:16:34,1.17.3,StopSig,57,4.13,nan,1,RightWithPellet,Left,387,570,33,32460714,nan,nan,0.18
8/22/2026 2:16:36,1.17.3,StopSig,57,4.14,nan,1,LeftWithPellet,Left,388,570,33,32460714,nan,nan,0.03
8/22/2026 2:16:41,1.17.3,StopSig,57,4.14,nan,1,RightWithPellet,Left,388,571,33,32460714,nan,nan,0.86
8/22/2026 2:16:44,1.17.3,StopSig,57,4.14,nan,1,RightWithPellet,Left,388,572,33,32460714,nan,nan,0.48
8/22/2026 2:16:47,1.17.3,StopSig,57,4.14,nan,1,LeftWithPellet,Left,389,572,33,32460714,nan,nan,0.67
8/22/2026 2:16:48,1.17.3,StopSig,57,4.14,nan,1,LeftWithPellet,Left,390,572,33,32460714,nan,nan,0.06
8/22/2026 2:20:45,1.17.3,StopSig,57,4.14,nan,1,RightWithPellet,Left,390,573,33,32460714,nan,nan,0.07
8/22/2026 2:20:47,1.17.3,StopSig,57,4.13,nan,1,RightWithPellet,Left,390,574,33,32460714,nan,nan,0.00
8/22/2026 2:20:48,1.17.3,StopSig,57,4.14,nan,1,LeftWithPellet,Left,391,574,33,32460714,nan,nan,0.06
8/22/2026 2:20:56,1.17.3,StopSig,57,4.14,nan,1,RightWithPellet,Left,391,575,33,32460714,nan,nan,0.04
8/22/2026 2:20:58,1.17.3,StopSig,57,4.14,nan,1,LeftWithPellet,Left,392,575,33,32460714,nan,nan,0.11
8/22/2026 2:20:59,1.17.3,StopSig,57,4.14,nan,1,LeftWithPellet,Left,393,575,33,32460714,nan,nan,0.10
8/22/2026 2:21:04,1.17.3,StopSig,57,4.14,nan,1,RightWithPellet,Left,393,576,33,32460714,nan,nan,0.04
8/22/2026 2:21:05,1.17.3,StopSig,57,4.14,nan,1,LeftWithPellet,Left,394,576,33,32460714,nan,nan,0.05
8/22/2026 2:21:10,1.17.3,StopSig,57,4.14,nan,1,RightWithPellet,Left,394,577,33,32460714,nan,nan,0.05
8/22/2026 2:21:13,1.17.3,StopSig,57,4.14,nan,1,LeftWithPellet,Left,395,577,33,32460714,nan,nan,0.12
8/22/2026 2:21:26,1.17.3,StopSig,57,4.14,nan,1,LeftWithPellet,Left,396,577,33,32460714,nan,nan,0.01
8/22/2026 2:21:28,1.17.3,StopSig,57,4.13,nan,1,RightWithPellet,Left,396,578,33,32460714,nan,nan,0.03
8/22/2026 2:21:31,1.17.3,StopSig,57,4.14,nan,1,LeftWithPellet,Left,397,578,33,32460714,nan,nan,0.22
8/22/2026 2:21:33,1.17.3,StopSig,57,4.14,nan,1,RightWithPellet,Left,397,579,33,32460714,nan,nan,0.03
8/22/2026 2:21:36,1.17.3,StopSig,57,4.14,nan,1,RightWithPellet,Left,397,580,33,32460714,nan,nan,0.03
8/22/2026 2:21:39,1.17.3,StopSig,57,4.14,nan,1,LeftWithPellet,Left,398,580,33,32460714,nan,nan,0.18
8/22/2026 2:21:39,1.17.3,StopSig,57,4.14,nan,1,LeftWithPellet,Left,399,580,33,32460714,nan,nan,0.15
8/22/2026 2:21:43,1.17.3,StopSig,57,4.14,nan,1,LeftWithPellet,Left,400,580,33,32460714,nan,nan,0.06
8/22/2026 2:21:44,1.17.3,StopSig,57,4.14,nan,1,LeftWithPellet,Left,401,580,33,32460714,nan,nan,0.02
8/22/2026 2:21:47,1.17.3,StopSig,57,4.14,nan,1,RightWithPellet,Left,401,581,33,32460714,nan,nan,0.01
8/22/2026 2:21:48,1.17.3,StopSig,57,4.13,nan,1,RightWithPellet,Left,401,582,33,32460714,nan,nan,0.25
8/22/2026 2:21:50,1.17.3,StopSig,57,4.14,nan,1,LeftWithPellet,Left,402,582,33,32460714,nan,nan,0.10
8/22/2026 2:21:50,1.17.3,StopSig,57,4.14,nan,1,LeftWithPellet,Left,403,582,33,32460714,nan,nan,0.25
8/22/2026 2:21:51,1.17.3,StopSig,57,4.14,nan,1,LeftWithPellet,Left,404,582,33,32460714,nan,nan,0.14
8/22/2026 2:21:52,1.17.3,StopSig,57,4.14,nan,1,RightWithPellet,Left,404,583,33,32460714,nan,nan,0.02
8/22/2026 2:21:53,1.17.3,StopSig,57,4.13,nan,1,RightWithPellet,Left,404,584,33,32460714,nan,nan,0.03
8/22/2026 2:21:57,1.17.3,StopSig,57,4.13,nan,1,LeftWithPellet,Left,405,584,33,32460714,nan,nan,0.03
8/22/2026 2:22:01,1.17.3,StopSig,57,4.14,nan,1,LeftWithPellet,Left,406,584,33,32460714,nan,nan,0.10
8/22/2026 2:22:02,1.17.3,StopSig,57,4.14,nan,1,RightWithPellet,Left,406,585,33,32460714,nan,nan,0.02
8/22/2026 2:24:26,1.17.3,StopSig,57,4.14,nan,1,RightWithPellet,Left,406,586,33,32460714,nan,nan,0.40
8/22/2026 2:24:29,1.17.3,StopSig,57,4.14,nan,1,LeftWithPellet,Left,407,586,33,32460714,nan,nan,0.10
8/22/2026 2:28:16,1.17.3,StopSig,57,4.13,nan,1,RightWithPellet,Left,407,587,33,32460714,nan,nan,0.13
8/22/2026 2:28:16,1.17.3,StopSig,57,4.14,nan,1,RightWithPellet,Left,407,588,33,32460714,nan,nan,0.17
8/22/2026 2:28:18,1.17.3,StopSig,57,4.14,nan,1,RightWithPellet,Left,407,589,33,32460714,nan,nan,0.21
8/22/2026 2:28:21,1.17.3,StopSig,57,4.14,nan,1,LeftWithPellet,Left,408,589,33,32460714,nan,nan,0.28
8/22/2026 2:28:21,1.17.3,StopSig,57,4.14,nan,1,LeftWithPellet,Left,409,589,33,32460714,nan,nan,0.03
8/22/2026 2:28:23,1.17.3,StopSig,57,4.14,nan,1,RightWithPellet,Left,409,590,33,32460714,nan,nan,0.31
8/22/2026 2:28:24,1.17.3,StopSig,57,4.13,nan,1,RightWithPellet,Left,409,591,33,32460714,nan,nan,0.29
8/22/2026 2:28:26,1.17.3,StopSig,57,4.13,nan,1,LeftWithPellet,Left,410,591,33,32460714,nan,nan,0.23
8/22/2026 2:28:30,1.17.3,StopSig,57,4.14,nan,1,RightWithPellet,Left,410,592,33,32460714,nan,nan,0.29
8/22/2026 2:28:32,1.17.3,StopSig,57,4.13,nan,1,LeftWithPellet,Left,411,592,33,32460714,nan,nan,0.72
8/22/2026 2:28:36,1.17.3,StopSig,57,4.13,nan,1,RightWithPellet,Left,411,593,33,32460714,nan,nan,0.45
8/22/2026 2:28:40,1.17.3,StopSig,57,4.14,nan,1,LeftWithPellet,Left,412,593,33,32460714,nan,nan,0.08
8/22/2026 2:28:43,1.17.3,StopSig,57,4.14,nan,1,RightWithPellet,Left,412,594,33,32460714,nan,nan,0.29
8/22/2026 2:28:44,1.17.3,StopSig,57,4.14,nan,1,RightWithPellet,Left,412,595,33,32460714,nan,nan,0.54
8/22/2026 2:28:46,1.17.3,StopSig,57,4.13,nan,1,LeftWithPellet,Left,413,595,33,32460714,nan,nan,0.16
8/22/2026 2:28:47,1.17.3,StopSig,57,4.14,nan,1,LeftWithPellet,Left,414,595,33,32460714,nan,nan,0.09
8/22/2026 2:28:48,1.17.3,StopSig,57,4.14,nan,1,LeftWithPellet,Left,415,595,33,32460714,nan,nan,0.22
8/22/2026 2:28:49,1.17.3,StopSig,57,4.13,nan,1,RightWithPellet,Left,415,596,33,32460714,nan,nan,0.21
8/22/2026 2:28:51,1.17.3,StopSig,57,4.13,nan,1,RightWithPellet,Left,415,597,33,32460714,nan,nan,0.39
8/22/2026 2:28:53,1.17.3,StopSig,57,4.14,nan,1,LeftWithPellet,Left,416,597,33,32460714,nan,nan,0.19
8/22/2026 2:28:57,1.17.3,StopSig,57,4.13,nan,1,RightWithPellet,Left,416,598,33,32460714,nan,nan,0.39
8/22/2026 2:28:57,1.17.3,StopSig,57,4.14,nan,1,RightWithPellet,Left,416,599,33,32460714,nan,nan,0.00
8/22/2026 2:29:11,1.17.3,StopSig,57,4.13,nan,1,LeftWithPellet,Left,417,599,33,32460714,nan,nan,0.00
8/22/2026 2:29:12,1.17.3,StopSig,57,4.14,nan,1,LeftWithPellet,Left,418,599,33,32460714,nan,nan,0.14
8/22/2026 2:29:13,1.17.3,StopSig,57,4.14,nan,1,LeftWithPellet,Left,419,599,33,32460714,nan,nan,0.14
8/22/2026 2:29:15,1.17.3,StopSig,57,4.14,nan,1,RightWithPellet,Left,419,600,33,32460714,nan,nan,0.59
8/22/2026 2:29:18,1.17.3,StopSig,57,4.14,nan,1,LeftWithPellet,Left,420,600,33,32460714,nan,nan,0.15
8/22/2026 2:29:20,1.17.3,StopSig,57,4.14,nan,1,LeftWithPellet,Left,421,600,33,32460714,nan,nan,0.27
8/22/2026 2:29:23,1.17.3,StopSig,57,4.14,nan,1,RightWithPellet,Left,421,601,33,32460714,nan,nan,0.19
8/22/2026 2:29:29,1.17.3,StopSig,57,4.14,nan,1,LeftWithPellet,Left,422,601,33,32460714,nan,nan,0.08
8/22/2026 2:29:29,1.17.3,StopSig,57,4.13,nan,1,LeftWithPellet,Left,423,601,33,32460714,nan,nan,0.17
8/22/2026 2:29:35,1.17.3,StopSig,57,4.14,nan,1,RightWithPellet,Left,423,602,33,32460714,nan,nan,0.03
8/22/2026 2:33:04,1.17.3,StopSig,57,4.13,2,1,Pellet,Left,423,602,34,32460714,Timed_out,1471,nan
8/22/2026 2:36:21,1.17.3,StopSig,57,4.14,nan,1,Right_no_left,Left,423,603,34,32460714,nan,nan,nan
8/22/2026 2:36:27,1.17.3,StopSig,57,4.14,nan,1,Right_no_left,Left,423,604,34,34107218,nan,nan,nan
8/22/2026 2:36:32,1.17.3,StopSig,57,4.13,nan,1,>Left_Regular_trial,Left,424,604,34,34117969,nan,nan,nan
8/22/2026 2:36:36,1.17.3,StopSig,57,4.14,nan,1,NoPoke_Regular_(incorrect),Left,424,604,34,34121499,nan,nan,nan
8/22/2026 2:37:11,1.17.3,StopSig,57,4.14,nan,1,Right_no_left,Left,424,605,34,34121499,nan,nan,nan
8/22/2026 2:37:11,1.17.3,StopSig,57,4.13,nan,1,Right_no_left,Left,424,606,34,34156960,nan,nan,nan
8/22/2026 2:37:14,1.17.3,StopSig,57,4.14,nan,1,Right_no_left,Left,424,607,34,34157255,nan,nan,nan
8/22/2026 2:37:15,1.17.3,StopSig,57,4.13,nan,1,Right_no_left,Left,424,608,34,34159764,nan,nan,nan
8/22/2026 2:37:17,1.17.3,StopSig,57,4.14,nan,1,Right_no_left,Left,424,609,34,34161230,nan,nan,nan
8/22/2026 2:37:19,1.17.3,StopSig,57,4.14,nan,1,Right_no_left,Left,424,610,34,34162697,nan,nan,nan
8/22/2026 2:37:19,1.17.3,StopSig,57,4.14,nan,1,Right_no_left,Left,424,611,34,34164752,nan,nan,nan
8/22/2026 2:37:21,1.17.3,StopSig,57,4.14,nan,1,Right_no_left,Left,424,612,34,34165342,nan,nan,nan
8/22/2026 2:37:22,1.17.3,StopSig,57,4.13,nan,1,Right_no_left,Left,424,613,34,34166659,nan,nan,nan
8/22/2026 2:37:24,1.17.3,StopSig,57,4.14,nan,1,Right_no_left,Left,424,614,34,34168124,nan,nan,nan
8/22/2026 2:37:25,1.17.3,StopSig,57,4.13,nan,1,Right_no_left,Left,424,615,34,34169443,nan,nan,nan
8/22/2026 2:37:26,1.17.3,StopSig,57,4.13,nan,1,Right_no_left,Left,424,616,34,34171349,nan,nan,nan
8/22/2026 2:37:27,1.17.3,StopSig,57,4.14,nan,1,Right_no_left,Left,424,617,34,34171938,nan,nan,nan
8/22/2026 2:37:27,1.17.3,StopSig,57,4.13,nan,1,Right_no_left,Left,424,618,34,34172521,nan,nan,nan
8/22/2026 2:37:29,1.17.3,StopSig,57,4.14,nan,1,Right_no_left,Left,424,619,34,34172956,nan,nan,nan
8/22/2026 2:37:29,1.17.3,StopSig,57,4.13,nan,1,Right_no_left,Left,424,620,34,34174716,nan,nan,nan
8/22/2026 2:37:32,1.17.3,StopSig,57,4.14,nan,1,>Left_Stop_trial,Left,425,620,34,34177655,nan,nan,nan
8/22/2026 2:37:36,1.17.3,StopSig,57,4.13,nan,1,NoPoke_STOP_(correct),Left,425,620,34,34181509,nan,nan,nan
8/22/2026 2:38:01,1.17.3,StopSig,57,4.13,nan,1,RightWithPellet,Left,425,621,34,34181509,nan,nan,0.05
8/22/2026 2:38:02,1.17.3,StopSig,57,4.14,nan,1,RightWithPellet,Left,425,622,34,34181509,nan,nan,0.23
8/22/2026 2:38:10,1.17.3,StopSig,57,4.14,nan,1,LeftWithPellet,Left,426,622,34,34181509,nan,nan,0.05
8/22/2026 2:38:11,1.17.3,StopSig,57,4.14,nan,1,LeftWithPellet,Left,427,622,34,34181509,nan,nan,0.06
8/22/2026 2:38:14,1.17.3,StopSig,57,4.14,nan,1,RightWithPellet,Left,427,623,34,34181509,nan,nan,0.12
8/22/2026 2:38:16,1.17.3,StopSig,57,4.13,nan,1,LeftWithPellet,Left,428,623,34,34181509,nan,nan,0.13
8/22/2026 2:38:17,1.17.3,StopSig,57,4.14,nan,1,LeftWithPellet,Left,429,623,34,34181509,nan,nan,0.45
8/22/2026 2:38:18,1.17.3,StopSig,57,4.13,nan,1,LeftWithPellet,Left,430,623,34,34181509,nan,nan,0.22
8/22/2026 2:38:23,1.17.3,StopSig,57,4.13,nan,1,RightWithPellet,Left,430,624,34,34181509,nan,nan,0.44
8/22/2026 2:38:26,1.17.3,StopSig,57,4.14,nan,1,LeftWithPellet,Left,431,624,34,34181509,nan,nan,0.02
8/22/2026 2:38:29,1.17.3,StopSig,57,4.13,nan,1,RightWithPellet,Left,431,625,34,34181509,nan,nan,0.14
8/22/2026 2:38:30,1.17.3,StopSig,57,4.13,nan,1,RightWithPellet,Left,431,626,34,34181509,nan,nan,0.67
8/22/2026 2:38:34,1.17.3,StopSig,57,4.14,nan,1,LeftWithPellet,Left,432,626,34,34181509,nan,nan,0.46
8/22/2026 2:38:37,1.17.3,StopSig,57,4.14,nan,1,RightWithPellet,Left,432,627,34,34181509,nan,nan,0.28
8/22/2026 2:38:40,1.17.3,StopSig,57,4.12,nan,1,LeftWithPellet,Left,433,627,34,34181509,nan,nan,0.06
8/22/2026 2:38:43,1.17.3,StopSig,57,4.12,nan,1,RightWithPellet,Left,433,628,34,34181509,nan,nan,0.08
8/22/2026 2:38:44,1.17.3,StopSig,57,4.12,nan,1,RightWithPellet,Left,433,629,34,34181509,nan,nan,0.01
8/22/2026 2:39:00,1.17.3,StopSig,57,4.12,nan,1,RightWithPellet,Left,433,630,34,34181509,nan,nan,0.01
8/22/2026 2:39:02,1.17.3,StopSig,57,4.12,nan,1,RightWithPellet,Left,433,631,34,34181509,nan,nan,0.11
8/22/2026 2:39:03,1.17.3,StopSig,57,4.14,nan,1,RightWithPellet,Left,433,632,34,34181509,nan,nan,0.13
8/22/2026 2:39:04,1.17.3,StopSig,57,4.13,nan,1,RightWithPellet,Left,433,633,34,34181509,nan,nan,0.06
8/22/2026 2:43:35,1.17.3,StopSig,57,4.13,nan,1,LeftWithPellet,Left,434,633,34,34181509,nan,nan,0.05
8/22/2026 2:43:37,1.17.3,StopSig,57,4.13,nan,1,RightWithPellet,Left,434,634,34,34181509,nan,nan,0.10
8/22/2026 2:43:42,1.17.3,StopSig,57,4.13,nan,1,LeftWithPellet,Left,435,634,34,34181509,nan,nan,0.03
8/22/2026 2:43:45,1.17.3,StopSig,57,4.14,nan,1,RightWithPellet,Left,435,635,34,34181509,nan,nan,0.31
8/22/2026 2:43:46,1.17.3,StopSig,57,4.13,nan,1,RightWithPellet,Left,435,636,34,34181509,nan,nan,0.13
8/22/2026 2:43:47,1.17.3,StopSig,57,4.14,nan,1,RightWithPellet,Left,435,637,34,34181509,nan,nan,0.14
8/22/2026 2:43:49,1.17.3,StopSig,57,4.14,nan,1,LeftWithPellet,Left,436,637,34,34181509,nan,nan,0.00
8/22/2026 2:43:54,1.17.3,StopSig,57,4.13,nan,1,RightWithPellet,Left,436,638,34,34181509,nan,nan,0.17
8/22/2026 2:43:58,1.17.3,StopSig,57,4.13,nan,1,LeftWithPellet,Left,437,638,34,34181509,nan,nan,0.45
8/22/2026 2:44:05,1.17.3,StopSig,57,4.13,nan,1,RightWithPellet,Left,437,639,34,34181509,nan,nan,0.11
8/22/2026 2:44:07,1.17.3,StopSig,57,4.13,nan,1,RightWithPellet,Left,437,640,34,34181509,nan,nan,0.17
8/22/2026 2:44:08,1.17.3,StopSig,57,4.13,nan,1,RightWithPellet,Left,437,641,34,34181509,nan,nan,0.14
8/22/2026 2:44:09,1.17.3,StopSig,57,4.13,nan,1,RightWithPellet,Left,437,642,34,34181509,nan,nan,0.03
8/22/2026 2:44:15,1.17.3,StopSig,57,4.13,nan,1,RightWithPellet,Left,437,643,34,34181509,nan,nan,0.01
8/22/2026 2:44:16,1.17.3,StopSig,57,4.14,nan,1,RightWithPellet,Left,437,644,34,34181509,nan,nan,0.24
8/22/2026 2:44:18,1.17.3,StopSig,57,4.14,nan,1,RightWithPellet,Left,437,645,34,34181509,nan,nan,0.47
8/22/2026 2:44:19,1.17.3,StopSig,57,4.13,nan,1,RightWithPellet,Left,437,646,34,34181509,nan,nan,0.24
8/22/2026 2:44:20,1.17.3,StopSig,57,4.14,nan,1,RightWithPellet,Left,437,647,34,34181509,nan,nan,0.48
8/22/2026 2:44:27,1.17.3,StopSig,57,4.13,nan,1,RightWithPellet,Left,437,648,34,34181509,nan,nan,0.05
8/22/2026 2:44:30,1.17.3,StopSig,57,4.14,1,1,Pellet,Left,437,648,35,34181509,Timed_out,686,nan
8/22/2026 2:44:34,1.17.3,StopSig,57,4.14,nan,1,Right_no_left,Left,437,649,35,34181509,nan,nan,nan
8/22/2026 2:44:50,1.17.3,StopSig,57,4.13,nan,1,Right_no_left,Left,437,650,35,34600320,nan,nan,nan
8/22/2026 2:44:52,1.17.3,StopSig,57,4.13,nan,1,Right_no_left,Left,437,651,35,34615782,nan,nan,nan
8/22/2026 2:44:55,1.17.3,StopSig,57,4.13,nan,1,Right_no_left,Left,437,652,35,34618280,nan,nan,nan
8/22/2026 2:45:00,1.17.3,StopSig,57,4.13,nan,1,Right_no_left,Left,437,653,35,34621370,nan,nan,nan
8/22/2026 2:45:02,1.17.3,StopSig,57,4.14,nan,1,Right_no_left,Left,437,654,35,34625929,nan,nan,nan
8/22/2026 2:45:04,1.17.3,StopSig,57,4.13,nan,1,Right_no_left,Left,437,655,35,34627691,nan,nan,nan
8/22/2026 2:45:07,1.17.3,StopSig,57,4.14,nan,1,Right_no_left,Left,437,656,35,34630041,nan,nan,nan
8/22/2026 2:45:08,1.17.3,StopSig,57,4.13,nan,1,Right_no_left,Left,437,657,35,34633276,nan,nan,nan
8/22/2026 2:45:13,1.17.3,StopSig,57,4.14,nan,1,Right_no_left,Left,437,658,35,34633866,nan,nan,nan
8/22/2026 2:45:15,1.17.3,StopSig,57,4.14,nan,1,Right_no_left,Left,437,659,35,34638424,nan,nan,nan
8/22/2026 2:45:17,1.17.3,StopSig,57,4.13,nan,1,Right_no_left,Left,437,660,35,34640481,nan,nan,nan
8/22/2026 2:45:18,1.17.3,StopSig,57,4.14,nan,1,Right_no_left,Left,437,661,35,34643274,nan,nan,nan
8/22/2026 2:45:18,1.17.3,StopSig,57,4.14,nan,1,Right_no_left,Left,437,662,35,34643710,nan,nan,nan
8/22/2026 2:45:19,1.17.3,StopSig,57,4.14,nan,1,Right_no_left,Left,437,663,35,34644152,nan,nan,nan
8/22/2026 2:45:21,1.17.3,StopSig,57,4.13,nan,1,Right_no_left,Left,437,664,35,34645030,nan,nan,nan
8/22/2026 2:45:25,1.17.3,StopSig,57,4.13,nan,1,Right_no_left,Left,437,665,35,34647381,nan,nan,nan
8/22/2026 2:45:25,1.17.3,StopSig,57,4.13,nan,1,Right_no_left,Left,437,666,35,34650468,nan,nan,nan
8/22/2026 2:45:26,1.17.3,StopSig,57,4.13,nan,1,Right_no_left,Left,437,667,35,34651199,nan,nan,nan
8/22/2026 2:45:34,1.17.3,StopSig,57,4.13,nan,1,Right_no_left,Left,437,668,35,34652231,nan,nan,nan
8/22/2026 2:45:35,1.17.3,StopSig,57,4.13,nan,1,Right_no_left,Left,437,669,35,34660030,nan,nan,nan
8/22/2026 2:45:38,1.17.3,StopSig,57,4.14,nan,1,Right_no_left,Left,437,670,35,34660908,nan,nan,nan
8/22/2026 2:45:41,1.17.3,StopSig,57,4.13,nan,1,Right_no_left,Left,437,671,35,34663554,nan,nan,nan
8/22/2026 2:45:42,1.17.3,StopSig,57,4.14,nan,1,Right_no_left,Left,437,672,35,34667082,nan,nan,nan
8/22/2026 2:45:44,1.17.3,StopSig,57,4.13,nan,1,Right_no_left,Left,437,673,35,34668407,nan,nan,nan
8/22/2026 2:45:45,1.17.3,StopSig,57,4.13,nan,1,Right_no_left,Left,437,674,35,34670020,nan,nan,nan
8/22/2026 2:45:49,1.17.3,StopSig,57,4.13,nan,1,>Left_Regular_trial,Left,438,674,35,34674872,nan,nan,nan
8/22/2026 2:45:51,1.17.3,StopSig,57,4.13,nan,1,Right_Regular_(correct),Left,438,675,35,34677085,nan,nan,nan
8/22/2026 2:47:52,1.17.3,StopSig,57,4.13,3,1,Pellet,Left,438,675,36,34677085,Timed_out,202,nan
8/22/2026 4:32:21,1.17.3,StopSig,57,4.12,nan,1,Right_no_left,Left,438,676,36,34677085,nan,nan,nan
8/22/2026 4:32:28,1.17.3,StopSig,57,4.12,nan,1,Right_no_left,Left,438,677,36,41067347,nan,nan,nan
8/22/2026 4:32:33,1.17.3,StopSig,57,4.12,nan,1,Right_no_left,Left,438,678,36,41073678,nan,nan,nan
8/22/2026 4:32:49,1.17.3,StopSig,57,4.12,nan,1,Right_no_left,Left,438,679,36,41079270,nan,nan,nan
8/22/2026 4:33:04,1.17.3,StopSig,57,4.12,nan,1,Right_no_left,Left,438,680,36,41094741,nan,nan,nan
8/22/2026 4:35:48,1.17.3,StopSig,57,4.12,nan,1,Right_no_left,Left,438,681,36,41110504,nan,nan,nan
8/22/2026 4:35:54,1.17.3,StopSig,57,4.12,nan,1,Right_no_left,Left,438,682,36,41274616,nan,nan,nan
8/22/2026 4:36:20,1.17.3,StopSig,57,4.12,nan,1,Right_no_left,Left,438,683,36,41280357,nan,nan,nan
8/22/2026 4:40:59,1.17.3,StopSig,57,4.12,nan,1,Right_no_left,Left,438,684,36,41306015,nan,nan,nan
8/22/2026 4:41:15,1.17.3,StopSig,57,4.12,nan,1,>Left_Regular_trial,Left,439,684,36,41601203,nan,nan,nan
8/22/2026 4:41:19,1.17.3,StopSig,57,4.12,nan,1,NoPoke_Regular_(incorrect),Left,439,684,36,41604731,nan,nan,nan
8/22/2026 4:45:47,1.17.3,StopSig,57,4.12,nan,1,Right_no_left,Left,439,685,36,41604731,nan,nan,nan
8/22/2026 4:45:47,1.17.3,StopSig,57,4.12,nan,1,Right_no_left,Left,439,686,36,41872831,nan,nan,nan
8/22/2026 4:45:49,1.17.3,StopSig,57,4.12,nan,1,Right_no_left,Left,439,687,36,41873415,nan,nan,nan
8/22/2026 4:45:50,1.17.3,StopSig,57,4.12,nan,1,Right_no_left,Left,439,688,36,41875030,nan,nan,nan
8/22/2026 4:45:52,1.17.3,StopSig,57,4.12,nan,1,Right_no_left,Left,439,689,36,41876350,nan,nan,nan
8/22/2026 4:45:54,1.17.3,StopSig,57,4.12,nan,1,Right_no_left,Left,439,690,36,41877972,nan,nan,nan
8/22/2026 4:46:13,1.17.3,StopSig,57,4.12,nan,1,Right_no_left,Left,439,691,36,41879735,nan,nan,nan
8/22/2026 4:46:16,1.17.3,StopSig,57,4.12,nan,1,>Left_Regular_trial,Left,440,691,36,41901538,nan,nan,nan
8/22/2026 4:46:17,1.17.3,StopSig,57,4.12,nan,1,Right_Regular_(correct),Left,440,692,36,41903005,nan,nan,nan
8/22/2026 4:46:18,1.17.3,StopSig,57,4.12,nan,1,RightDuringDispense,Left,440,693,36,41903005,nan,nan,0.43
8/22/2026 4:47:19,1.17.3,StopSig,57,4.11,nan,1,RightWithPellet,Left,440,694,36,41903005,nan,nan,0.28
8/22/2026 4:47:22,1.17.3,StopSig,57,4.12,nan,1,LeftWithPellet,Left,441,694,36,41903005,nan,nan,0.09
8/22/2026 4:47:23,1.17.3,StopSig,57,4.12,nan,1,RightWithPellet,Left,441,695,36,41903005,nan,nan,0.04
8/22/2026 4:47:26,1.17.3,StopSig,57,4.12,nan,1,LeftWithPellet,Left,442,695,36,41903005,nan,nan,0.03
8/22/2026 4:47:29,1.17.3,StopSig,57,4.12,nan,1,LeftWithPellet,Left,443,695,36,41903005,nan,nan,0.14
8/22/2026 4:47:32,1.17.3,StopSig,57,4.12,nan,1,RightWithPellet,Left,443,696,36,41903005,nan,nan,0.63
8/22/2026 4:47:35,1.17.3,StopSig,57,4.12,nan,1,LeftWithPellet,Left,444,696,36,41903005,nan,nan,0.12
8/22/2026 4:47:37,1.17.3,StopSig,57,4.12,nan,1,RightWithPellet,Left,444,697,36,41903005,nan,nan,0.22
8/22/2026 4:47:53,1.17.3,StopSig,57,4.12,1,1,Pellet,Left,444,697,37,41903005,Timed_out,7201,nan
8/22/2026 4:48:15,1.17.3,StopSig,57,4.12,nan,1,>Left_Regular_trial,Left,445,697,37,42020407,nan,nan,nan
8/22/2026 4:48:18,1.17.3,StopSig,57,4.12,nan,1,NoPoke_Regular_(incorrect),Left,445,697,37,42023793,nan,nan,nan
8/22/2026 4:49:12,1.17.3,StopSig,57,4.12,nan,1,Right_no_left,Left,445,698,37,42023793,nan,nan,nan
8/22/2026 4:49:21,1.17.3,StopSig,57,4.12,nan,1,Right_no_left,Left,445,699,37,42078092,nan,nan,nan
8/22/2026 4:49:22,1.17.3,StopSig,57,4.12,nan,1,Right_no_left,Left,445,700,37,42086922,nan,nan,nan
8/22/2026 4:49:23,1.17.3,StopSig,57,4.12,nan,1,Right_no_left,Left,445,701,37,42088094,nan,nan,nan
8/22/2026 4:49:25,1.17.3,StopSig,57,4.12,nan,1,Right_no_left,Left,445,702,37,42089272,nan,nan,nan
8/22/2026 4:49:26,1.17.3,StopSig,57,4.12,nan,1,Right_no_left,Left,445,703,37,42090883,nan,nan,nan
8/22/2026 4:49:27,1.17.3,StopSig,57,4.12,nan,1,Right_no_left,Left,445,704,37,42091907,nan,nan,nan
8/22/2026 4:49:28,1.17.3,StopSig,57,4.12,nan,1,Right_no_left,Left,445,705,37,42092784,nan,nan,nan
8/22/2026 4:49:31,1.17.3,StopSig,57,4.12,nan,1,>Left_Regular_trial,Left,446,705,37,42096760,nan,nan,nan
8/22/2026 4:49:33,1.17.3,StopSig,57,4.12,nan,1,Right_Regular_(correct),Left,446,706,37,42099262,nan,nan,nan
8/22/2026 4:49:34,1.17.3,StopSig,57,4.12,nan,1,RightDuringDispense,Left,446,707,37,42099262,nan,nan,0.32
8/22/2026 4:49:52,1.17.3,StopSig,57,4.12,1,1,Pellet,Left,446,707,38,42099262,17.58,119,nan
8/22/2026 4:52:52,1.17.3,StopSig,57,4.12,nan,1,Right_no_left,Left,446,708,38,42099262,nan,nan,nan
8/22/2026 4:52:53,1.17.3,StopSig,57,4.12,nan,1,Right_no_left,Left,446,709,38,42298084,nan,nan,nan
8/22/2026 4:52:55,1.17.3,StopSig,57,4.12,nan,1,>Left_Stop_trial,Left,447,709,38,42301031,nan,nan,nan
8/22/2026 4:52:59,1.17.3,StopSig,57,4.12,nan,1,NoPoke_STOP_(correct),Left,447,709,38,42304730,nan,nan,nan
8/22/2026 4:53:22,1.17.3,StopSig,57,4.12,nan,1,RightWithPellet,Left,447,710,38,42304730,nan,nan,0.40
8/22/2026 4:53:23,1.17.3,StopSig,57,4.12,nan,1,RightWithPellet,Left,447,711,38,42304730,nan,nan,0.10
8/22/2026 4:53:23,1.17.3,StopSig,57,4.12,nan,1,RightWithPellet,Left,447,712,38,42304730,nan,nan,0.02
8/22/2026 4:53:25,1.17.3,StopSig,57,4.12,nan,1,LeftWithPellet,Left,448,712,38,42304730,nan,nan,0.13
8/22/2026 4:53:27,1.17.3,StopSig,57,4.12,nan,1,RightWithPellet,Left,448,713,38,42304730,nan,nan,0.05
8/22/2026 4:53:33,1.17.3,StopSig,57,4.12,nan,1,RightWithPellet,Left,448,714,38,42304730,nan,nan,0.16
8/22/2026 4:53:34,1.17.3,StopSig,57,4.12,nan,1,RightWithPellet,Left,448,715,38,42304730,nan,nan,0.26
8/22/2026 4:53:41,1.17.3,StopSig,57,4.12,nan,1,RightWithPellet,Left,448,716,38,42304730,nan,nan,0.11
8/22/2026 4:53:43,1.17.3,StopSig,57,4.12,nan,1,RightWithPellet,Left,448,717,38,42304730,nan,nan,0.08
8/22/2026 4:53:45,1.17.3,StopSig,57,4.12,nan,1,RightWithPellet,Left,448,718,38,42304730,nan,nan,0.11
8/22/2026 4:57:09,1.17.3,StopSig,57,4.12,nan,1,RightWithPellet,Left,448,719,38,42304730,nan,nan,0.00
8/22/2026 4:57:18,1.17.3,StopSig,57,4.12,nan,1,LeftWithPellet,Left,449,719,38,42304730,nan,nan,0.04
8/22/2026 4:57:20,1.17.3,StopSig,57,4.12,nan,1,RightWithPellet,Left,449,720,38,42304730,nan,nan,0.41
8/22/2026 4:57:22,1.17.3,StopSig,57,4.12,nan,1,LeftWithPellet,Left,450,720,38,42304730,nan,nan,0.07
8/22/2026 4:57:24,1.17.3,StopSig,57,4.12,nan,1,RightWithPellet,Left,450,721,38,42304730,nan,nan,0.34
8/22/2026 4:57:25,1.17.3,StopSig,57,4.12,nan,1,LeftWithPellet,Left,451,721,38,42304730,nan,nan,0.02
8/22/2026 4:57:26,1.17.3,StopSig,57,4.12,nan,1,RightWithPellet,Left,451,722,38,42304730,nan,nan,0.03
8/22/2026 4:58:33,1.17.3,StopSig,57,4.12,nan,1,LeftWithPellet,Left,452,722,38,42304730,nan,nan,0.01
8/22/2026 4:58:36,1.17.3,StopSig,57,4.12,nan,1,RightWithPellet,Left,452,723,38,42304730,nan,nan,0.24
8/22/2026 4:58:38,1.17.3,StopSig,57,4.12,nan,1,RightWithPellet,Left,452,724,38,42304730,nan,nan,0.19
8/22/2026 4:58:41,1.17.3,StopSig,57,4.12,nan,1,LeftWithPellet,Left,453,724,38,42304730,nan,nan,0.16
8/22/2026 4:58:42,1.17.3,StopSig,57,4.12,nan,1,RightWithPellet,Left,453,725,38,42304730,nan,nan,0.12
8/22/2026 4:58:44,1.17.3,StopSig,57,4.11,nan,1,LeftWithPellet,Left,454,725,38,42304730,nan,nan,0.19
8/22/2026 4:58:45,1.17.3,StopSig,57,4.12,nan,1,LeftWithPellet,Left,455,725,38,42304730,nan,nan,0.20
8/22/2026 4:58:46,1.17.3,StopSig,57,4.12,nan,1,RightWithPellet,Left,455,726,38,42304730,nan,nan,0.15
8/22/2026 4:58:51,1.17.3,StopSig,57,4.12,nan,1,LeftWithPellet,Left,456,726,38,42304730,nan,nan,0.14
8/22/2026 4:58:52,1.17.3,StopSig,57,4.12,nan,1,RightWithPellet,Left,456,727,38,42304730,nan,nan,0.25
8/22/2026 4:58:53,1.17.3,StopSig,57,4.12,nan,1,RightWithPellet,Left,456,728,38,42304730,nan,nan,0.09
8/22/2026 4:58:54,1.17.3,StopSig,57,4.12,nan,1,RightWithPellet,Left,456,729,38,42304730,nan,nan,0.15
8/22/2026 4:58:55,1.17.3,StopSig,57,4.12,1,1,Pellet,Left,456,729,39,42304730,Timed_out,543,nan
8/22/2026 4:58:55,1.17.3,StopSig,57,4.12,nan,1,>Left_Stop_trial,Left,457,729,39,42661103,nan,nan,nan
8/22/2026 4:58:59,1.17.3,StopSig,57,4.12,nan,1,NoPoke_STOP_(correct),Left,457,729,39,42664803,nan,nan,nan
8/22/2026 5:00:01,1.17.3,StopSig,57,4.12,nan,1,RightWithPellet,Left,457,730,39,42664803,nan,nan,0.04
8/22/2026 5:01:33,1.17.3,StopSig,57,4.12,nan,1,RightWithPellet,Left,457,731,39,42664803,nan,nan,0.46
8/22/2026 5:01:35,1.17.3,StopSig,57,4.12,nan,1,LeftWithPellet,Left,458,731,39,42664803,nan,nan,0.32
8/22/2026 5:01:36,1.17.3,StopSig,57,4.12,nan,1,RightWithPellet,Left,458,732,39,42664803,nan,nan,0.42
8/22/2026 5:01:38,1.17.3,StopSig,57,4.12,nan,1,RightWithPellet,Left,458,733,39,42664803,nan,nan,0.02
8/22/2026 5:01:39,1.17.3,StopSig,57,4.12,nan,1,LeftWithPellet,Left,459,733,39,42664803,nan,nan,0.08
8/22/2026 5:01:44,1.17.3,StopSig,57,4.12,nan,1,RightWithPellet,Left,459,734,39,42664803,nan,nan,0.02
8/22/2026 5:05:12,1.17.3,StopSig,57,4.12,nan,1,RightWithPellet,Left,459,735,39,42664803,nan,nan,0.37
8/22/2026 5:05:15,1.17.3,StopSig,57,4.12,nan,1,RightWithPellet,Left,459,736,39,42664803,nan,nan,0.19
8/22/2026 5:05:16,1.17.3,StopSig,57,4.12,nan,1,LeftWithPellet,Left,460,736,39,42664803,nan,nan,0.01
8/22/2026 5:05:18,1.17.3,StopSig,57,4.12,nan,1,RightWithPellet,Left,460,737,39,42664803,nan,nan,0.13
8/22/2026 5:05:20,1.17.3,StopSig,57,4.12,nan,1,LeftWithPellet,Left,461,737,39,42664803,nan,nan,0.06
8/22/2026 5:05:22,1.17.3,StopSig,57,4.12,nan,1,RightWithPellet,Left,461,738,39,42664803,nan,nan,0.01
8/22/2026 5:05:25,1.17.3,StopSig,57,4.12,nan,1,RightWithPellet,Left,461,739,39,42664803,nan,nan,0.14
8/22/2026 5:05:30,1.17.3,StopSig,57,4.12,nan,1,RightWithPellet,Left,461,740,39,42664803,nan,nan,0.06
8/22/2026 5:05:32,1.17.3,StopSig,57,4.12,nan,1,LeftWithPellet,Left,462,740,39,42664803,nan,nan,0.16
8/22/2026 5:05:37,1.17.3,StopSig,57,4.12,nan,1,RightWithPellet,Left,462,741,39,42664803,nan,nan,0.46
8/22/2026 5:05:39,1.17.3,StopSig,57,4.12,nan,1,LeftWithPellet,Left,463,741,39,42664803,nan,nan,0.17
8/22/2026 5:05:39,1.17.3,StopSig,57,4.12,nan,1,LeftWithPellet,Left,464,741,39,42664803,nan,nan,0.04
8/22/2026 5:05:42,1.17.3,StopSig,57,4.12,nan,1,RightWithPellet,Left,464,742,39,42664803,nan,nan,0.18
8/22/2026 5:05:43,1.17.3,StopSig,57,4.12,nan,1,LeftWithPellet,Left,465,742,39,42664803,nan,nan,0.02
8/22/2026 5:05:46,1.17.3,StopSig,57,4.12,nan,1,RightWithPellet,Left,465,743,39,42664803,nan,nan,0.40
8/22/2026 5:05:49,1.17.3,StopSig,57,4.12,nan,1,RightWithPellet,Left,465,744,39,42664803,nan,nan,0.16
8/22/2026 5:05:52,1.17.3,StopSig,57,4.12,nan,1,LeftWithPellet,Left,466,744,39,42664803,nan,nan,0.05
8/22/2026 5:07:07,1.17.3,StopSig,57,4.12,1,1,Pellet,Left,466,744,40,42664803,Timed_out,492,nan
8/22/2026 5:08:29,1.17.3,StopSig,57,4.12,nan,1,Right_no_left,Left,466,745,40,42664803,nan,nan,nan
8/22/2026 5:08:30,1.17.3,StopSig,57,4.12,nan,1,Right_no_left,Left,466,746,40,43235496,nan,nan,nan
8/22/2026 5:08:36,1.17.3,StopSig,57,4.12,nan,1,Right_no_left,Left,466,747,40,43236527,nan,nan,nan
8/22/2026 5:08:37,1.17.3,StopSig,57,4.12,nan,1,Right_no_left,Left,466,748,40,43241826,nan,nan,nan
8/22/2026 5:08:38,1.17.3,StopSig,57,4.11,nan,1,Right_no_left,Left,466,749,40,43242998,nan,nan,nan
8/22/2026 5:08:41,1.17.3,StopSig,57,4.12,nan,1,Right_no_left,Left,466,750,40,43243876,nan,nan,nan
8/22/2026 5:08:41,1.17.3,StopSig,57,4.12,nan,1,Right_no_left,Left,466,751,40,43247111,nan,nan,nan
8/22/2026 5:08:42,1.17.3,StopSig,57,4.12,nan,1,Right_no_left,Left,466,752,40,43247560,nan,nan,nan
8/22/2026 5:08:45,1.17.3,StopSig,57,4.12,nan,1,Right_no_left,Left,466,753,40,43248585,nan,nan,nan
8/22/2026 5:08:47,1.17.3,StopSig,57,4.12,nan,1,Right_no_left,Left,466,754,40,43251527,nan,nan,nan
8/22/2026 5:08:48,1.17.3,StopSig,57,4.12,nan,1,Right_no_left,Left,466,755,40,43253142,nan,nan,nan
8/22/2026 5:08:52,1.17.3,StopSig,57,4.12,nan,1,>Left_Stop_trial,Left,467,755,40,43257262,nan,nan,nan
8/22/2026 5:08:55,1.17.3,StopSig,57,4.12,nan,1,NoPoke_STOP_(correct),Left,467,755,40,43260831,nan,nan,nan
8/22/2026 5:09:38,1.17.3,StopSig,57,4.12,nan,1,RightWithPellet,Left,467,756,40,43260831,nan,nan,0.29
8/22/2026 5:09:40,1.17.3,StopSig,57,4.12,nan,1,RightWithPellet,Left,467,757,40,43260831,nan,nan,0.65
8/22/2026 5:09:47,1.17.3,StopSig,57,4.11,nan,1,LeftWithPellet,Left,468,757,40,43260831,nan,nan,0.00
8/22/2026 5:09:48,1.17.3,StopSig,57,4.12,nan,1,LeftWithPellet,Left,469,757,40,43260831,nan,nan,0.29
8/22/2026 5:09:50,1.17.3,StopSig,57,4.12,nan,1,RightWithPellet,Left,469,758,40,43260831,nan,nan,0.05
8/22/2026 5:09:59,1.17.3,StopSig,57,4.12,nan,1,RightWithPellet,Left,469,759,40,43260831,nan,nan,0.44
8/22/2026 5:10:01,1.17.3,StopSig,57,4.12,nan,1,RightWithPellet,Left,469,760,40,43260831,nan,nan,0.00
8/22/2026 5:10:01,1.17.3,StopSig,57,4.12,nan,1,RightWithPellet,Left,469,761,40,43260831,nan,nan,0.15
8/22/2026 5:10:06,1.17.3,StopSig,57,4.12,nan,1,RightWithPellet,Left,469,762,40,43260831,nan,nan,0.13
8/22/2026 5:10:23,1.17.3,StopSig,57,4.12,nan,1,LeftWithPellet,Left,470,762,40,43260831,nan,nan,0.07
8/22/2026 5:10:24,1.17.3,StopSig,57,4.11,nan,1,LeftWithPellet,Left,471,762,40,43260831,nan,nan,0.26
8/22/2026 5:10:26,1.17.3,StopSig,57,4.12,nan,1,RightWithPellet,Left,471,763,40,43260831,nan,nan,0.06
8/22/2026 5:10:26,1.17.3,StopSig,57,4.12,nan,1,RightWithPellet,Left,471,764,40,43260831,nan,nan,0.09
8/22/2026 5:10:29,1.17.3,StopSig,57,4.12,nan,1,LeftWithPellet,Left,472,764,40,43260831,nan,nan,0.40
8/22/2026 5:10:29,1.17.3,StopSig,57,4.12,nan,1,LeftWithPellet,Left,473,764,40,43260831,nan,nan,0.15
8/22/2026 5:10:32,1.17.3,StopSig,57,4.12,nan,1,RightWithPellet,Left,473,765,40,43260831,nan,nan,0.36
8/22/2026 5:10:34,1.17.3,StopSig,57,4.12,nan,1,LeftWithPellet,Left,474,765,40,43260831,nan,nan,0.45
8/22/2026 5:10:37,1.17.3,StopSig,57,4.12,nan,1,RightWithPellet,Left,474,766,40,43260831,nan,nan,0.23
8/22/2026 5:11:29,1.17.3,StopSig,57,4.12,nan,1,RightWithPellet,Left,474,767,40,43260831,nan,nan,0.03
8/22/2026 5:12:42,1.17.3,StopSig,57,4.12,nan,1,RightWithPellet,Left,474,768,40,43260831,nan,nan,0.00
8/22/2026 5:12:46,1.17.3,StopSig,57,4.12,nan,1,RightWithPellet,Left,474,769,40,43260831,nan,nan,0.26
8/22/2026 5:12:53,1.17.3,StopSig,57,4.12,nan,1,LeftWithPellet,Left,475,769,40,43260831,nan,nan,0.01
8/22/2026 5:13:40,1.17.3,StopSig,57,4.12,nan,1,RightWithPellet,Left,475,770,40,43260831,nan,nan,0.08
8/22/2026 5:13:42,1.17.3,StopSig,57,4.12,nan,1,RightWithPellet,Left,475,771,40,43260831,nan,nan,0.86
8/22/2026 5:13:46,1.17.3,StopSig,57,4.12,nan,1,LeftWithPellet,Left,476,771,40,43260831,nan,nan,0.10
8/22/2026 5:13:48,1.17.3,StopSig,57,4.12,nan,1,RightWithPellet,Left,476,772,40,43260831,nan,nan,0.47
8/22/2026 5:17:03,1.17.3,StopSig,57,4.12,nan,1,RightWithPellet,Left,476,773,40,43260831,nan,nan,0.13
8/22/2026 5:17:05,1.17.3,StopSig,57,4.12,nan,1,RightWithPellet,Left,476,774,40,43260831,nan,nan,0.45
8/22/2026 5:17:06,1.17.3,StopSig,57,4.12,nan,1,RightWithPellet,Left,476,775,40,43260831,nan,nan,0.17
8/22/2026 5:17:13,1.17.3,StopSig,57,4.12,nan,1,RightWithPellet,Left,476,776,40,43260831,nan,nan,0.11
8/22/2026 5:17:23,1.17.3,StopSig,57,4.12,nan,1,LeftWithPellet,Left,477,776,40,43260831,nan,nan,0.04
8/22/2026 5:17:25,1.17.3,StopSig,57,4.12,nan,1,RightWithPellet,Left,477,777,40,43260831,nan,nan,0.22
8/22/2026 5:17:27,1.17.3,StopSig,57,4.12,nan,1,RightWithPellet,Left,477,778,40,43260831,nan,nan,0.17
8/22/2026 5:17:27,1.17.3,StopSig,57,4.12,nan,1,RightWithPellet,Left,477,779,40,43260831,nan,nan,0.30
8/22/2026 5:17:30,1.17.3,StopSig,57,4.11,nan,1,LeftWithPellet,Left,478,779,40,43260831,nan,nan,0.18
8/22/2026 5:17:32,1.17.3,StopSig,57,4.12,nan,1,RightWithPellet,Left,478,780,40,43260831,nan,nan,0.41
8/22/2026 5:17:33,1.17.3,StopSig,57,4.12,nan,1,RightWithPellet,Left,478,781,40,43260831,nan,nan,0.61
8/22/2026 5:17:35,1.17.3,StopSig,57,4.12,nan,1,RightWithPellet,Left,478,782,40,43260831,nan,nan,0.12
8/22/2026 5:17:37,1.17.3,StopSig,57,4.12,nan,1,LeftWithPellet,Left,479,782,40,43260831,nan,nan,0.18
8/22/2026 5:17:38,1.17.3,StopSig,57,4.12,nan,1,RightWithPellet,Left,479,783,40,43260831,nan,nan,0.17
8/22/2026 5:17:42,1.17.3,StopSig,57,4.12,nan,1,LeftWithPellet,Left,480,783,40,43260831,nan,nan,0.16
8/22/2026 5:17:42,1.17.3,StopSig,57,4.12,nan,1,LeftWithPellet,Left,481,783,40,43260831,nan,nan,0.06
8/22/2026 5:17:44,1.17.3,StopSig,57,4.12,nan,1,RightWithPellet,Left,481,784,40,43260831,nan,nan,0.09
8/22/2026 5:17:47,1.17.3,StopSig,57,4.12,nan,1,RightWithPellet,Left,481,785,40,43260831,nan,nan,0.60
8/22/2026 5:17:50,1.17.3,StopSig,57,4.12,nan,1,LeftWithPellet,Left,482,785,40,43260831,nan,nan,0.10
8/22/2026 5:17:51,1.17.3,StopSig,57,4.12,nan,1,RightWithPellet,Left,482,786,40,43260831,nan,nan,0.02
8/22/2026 5:20:34,1.17.3,StopSig,57,4.12,nan,1,RightWithPellet,Left,482,787,40,43260831,nan,nan,0.05
8/22/2026 5:20:36,1.17.3,StopSig,57,4.12,nan,1,RightWithPellet,Left,482,788,40,43260831,nan,nan,0.03
8/22/2026 5:20:38,1.17.3,StopSig,57,4.12,nan,1,RightWithPellet,Left,482,789,40,43260831,nan,nan,0.27
8/22/2026 5:20:40,1.17.3,StopSig,57,4.12,nan,1,RightWithPellet,Left,482,790,40,43260831,nan,nan,0.29
8/22/2026 5:20:42,1.17.3,StopSig,57,4.12,nan,1,LeftWithPellet,Left,483,790,40,43260831,nan,nan,0.13
8/22/2026 5:20:44,1.17.3,StopSig,57,4.12,nan,1,RightWithPellet,Left,483,791,40,43260831,nan,nan,0.07
8/22/2026 5:20:47,1.17.3,StopSig,57,4.12,nan,1,RightWithPellet,Left,483,792,40,43260831,nan,nan,0.19
8/22/2026 5:20:48,1.17.3,StopSig,57,4.12,nan,1,RightWithPellet,Left,483,793,40,43260831,nan,nan,0.21
8/22/2026 5:20:50,1.17.3,StopSig,57,4.12,nan,1,LeftWithPellet,Left,484,793,40,43260831,nan,nan,0.07
8/22/2026 5:20:50,1.17.3,StopSig,57,4.12,nan,1,LeftWithPellet,Left,485,793,40,43260831,nan,nan,0.38
8/22/2026 5:20:52,1.17.3,StopSig,57,4.12,nan,1,RightWithPellet,Left,485,794,40,43260831,nan,nan,0.03
8/22/2026 5:20:53,1.17.3,StopSig,57,4.12,nan,1,RightWithPellet,Left,485,795,40,43260831,nan,nan,0.10
8/22/2026 5:20:55,1.17.3,StopSig,57,4.12,nan,1,RightWithPellet,Left,485,796,40,43260831,nan,nan,0.19
8/22/2026 5:20:57,1.17.3,StopSig,57,4.12,nan,1,LeftWithPellet,Left,486,796,40,43260831,nan,nan,0.23
8/22/2026 5:20:58,1.17.3,StopSig,57,4.12,nan,1,LeftWithPellet,Left,487,796,40,43260831,nan,nan,0.27
8/22/2026 5:21:01,1.17.3,StopSig,57,4.12,nan,1,RightWithPellet,Left,487,797,40,43260831,nan,nan,0.39
8/22/2026 5:21:02,1.17.3,StopSig,57,4.12,nan,1,RightWithPellet,Left,487,798,40,43260831,nan,nan,0.32
8/22/2026 5:21:04,1.17.3,StopSig,57,4.12,nan,1,RightWithPellet,Left,487,799,40,43260831,nan,nan,0.22
8/22/2026 5:21:07,1.17.3,StopSig,57,4.12,nan,1,LeftWithPellet,Left,488,799,40,43260831,nan,nan,0.16
8/22/2026 5:21:08,1.17.3,StopSig,57,4.12,nan,1,LeftWithPellet,Left,489,799,40,43260831,nan,nan,0.17
8/22/2026 5:21:10,1.17.3,StopSig,57,4.12,nan,1,RightWithPellet,Left,489,800,40,43260831,nan,nan,0.37
8/22/2026 5:21:11,1.17.3,StopSig,57,4.12,nan,1,RightWithPellet,Left,489,801,40,43260831,nan,nan,0.14
8/22/2026 5:21:13,1.17.3,StopSig,57,4.11,nan,1,RightWithPellet,Left,489,802,40,43260831,nan,nan,0.17
8/22/2026 5:21:14,1.17.3,StopSig,57,4.11,nan,1,RightWithPellet,Left,489,803,40,43260831,nan,nan,0.28
8/22/2026 5:21:16,1.17.3,StopSig,57,4.12,nan,1,LeftWithPellet,Left,490,803,40,43260831,nan,nan,0.06
8/22/2026 5:21:18,1.17.3,StopSig,57,4.12,2,1,Pellet,Left,490,803,41,43260831,Timed_out,851,nan
8/22/2026 5:21:20,1.17.3,StopSig,57,4.12,nan,1,Right_no_left,Left,490,804,41,43260831,nan,nan,nan
8/22/2026 5:21:25,1.17.3,StopSig,57,4.12,nan,1,Right_no_left,Left,490,805,41,44005905,nan,nan,nan
8/22/2026 5:21:28,1.17.3,StopSig,57,4.12,nan,1,Right_no_left,Left,490,806,41,44011643,nan,nan,nan
8/22/2026 5:21:29,1.17.3,StopSig,57,4.12,nan,1,Right_no_left,Left,490,807,41,44014433,nan,nan,nan
8/22/2026 5:21:30,1.17.3,StopSig,57,4.12,nan,1,Right_no_left,Left,490,808,41,44015016,nan,nan,nan
8/22/2026 5:21:31,1.17.3,StopSig,57,4.12,nan,1,Right_no_left,Left,490,809,41,44016334,nan,nan,nan
8/22/2026 5:21:34,1.17.3,StopSig,57,4.12,nan,1,Right_no_left,Left,490,810,41,44017653,nan,nan,nan
8/22/2026 5:21:34,1.17.3,StopSig,57,4.12,nan,1,Right_no_left,Left,490,811,41,44020149,nan,nan,nan
8/22/2026 5:21:38,1.17.3,StopSig,57,4.12,nan,1,Right_no_left,Left,490,812,41,44020590,nan,nan,nan
8/22/2026 5:21:39,1.17.3,StopSig,57,4.12,nan,1,Right_no_left,Left,490,813,41,44024552,nan,nan,nan
8/22/2026 5:21:40,1.17.3,StopSig,57,4.11,nan,1,Right_no_left,Left,490,814,41,44025575,nan,nan,nan
8/22/2026 5:21:43,1.17.3,StopSig,57,4.12,nan,1,>Left_Regular_trial,Left,491,814,41,44029098,nan,nan,nan
8/22/2026 5:21:45,1.17.3,StopSig,57,4.12,nan,1,Right_Regular_(correct),Left,491,815,41,44031295,nan,nan,nan
8/22/2026 5:21:46,1.17.3,StopSig,57,4.12,nan,1,RightDuringDispense,Left,491,816,41,44031295,nan,nan,0.25
8/22/2026 5:45:00,1.17.3,StopSig,57,4.12,nan,1,RightWithPellet,Left,491,817,41,44031295,nan,nan,0.03
8/22/2026 5:46:54,1.17.3,StopSig,57,4.12,nan,1,RightWithPellet,Left,491,818,41,44031295,nan,nan,0.22
8/22/2026 5:46:54,1.17.3,StopSig,57,4.12,nan,1,RightWithPellet,Left,491,819,41,44031295,nan,nan,0.00
8/22/2026 5:46:58,1.17.3,StopSig,57,4.12,nan,1,RightWithPellet,Left,491,820,41,44031295,nan,nan,0.03
8/22/2026 5:46:58,1.17.3,StopSig,57,4.12,nan,1,RightWithPellet,Left,491,821,41,44031295,nan,nan,0.38
8/22/2026 5:46:59,1.17.3,StopSig,57,4.12,nan,1,RightWithPellet,Left,491,822,41,44031295,nan,nan,0.34
8/22/2026 5:49:29,1.17.3,StopSig,57,4.11,nan,1,RightWithPellet,Left,491,823,41,44031295,nan,nan,0.67
8/22/2026 5:49:38,1.17.3,StopSig,57,4.11,nan,1,RightWithPellet,Left,491,824,41,44031295,nan,nan,0.47
8/22/2026 5:49:38,1.17.3,StopSig,57,4.11,nan,1,RightWithPellet,Left,491,825,41,44031295,nan,nan,0.06
8/22/2026 5:49:45,1.17.3,StopSig,57,4.12,nan,1,LeftWithPellet,Left,492,825,41,44031295,nan,nan,0.50
8/22/2026 5:49:52,1.17.3,StopSig,57,4.11,nan,1,LeftWithPellet,Left,493,825,41,44031295,nan,nan,0.38
8/22/2026 5:49:53,1.17.3,StopSig,57,4.12,nan,1,LeftWithPellet,Left,494,825,41,44031295,nan,nan,0.19
8/22/2026 5:49:55,1.17.3,StopSig,57,4.12,nan,1,LeftWithPellet,Left,495,825,41,44031295,nan,nan,0.24
8/22/2026 5:49:57,1.17.3,StopSig,57,4.12,nan,1,RightWithPellet,Left,495,826,41,44031295,nan,nan,0.02
8/22/2026 5:49:57,1.17.3,StopSig,57,4.12,nan,1,RightWithPellet,Left,495,827,41,44031295,nan,nan,0.00
8/22/2026 5:50:01,1.17.3,StopSig,57,4.12,nan,1,RightWithPellet,Left,495,828,41,44031295,nan,nan,0.17
8/22/2026 5:50:03,1.17.3,StopSig,57,4.12,nan,1,RightWithPellet,Left,495,829,41,44031295,nan,nan,0.38
8/22/2026 5:50:03,1.17.3,StopSig,57,4.12,nan,1,RightWithPellet,Left,495,830,41,44031295,nan,nan,0.46
8/22/2026 5:50:15,1.17.3,StopSig,57,4.12,nan,1,LeftWithPellet,Left,496,830,41,44031295,nan,nan,0.13
8/22/2026 5:50:16,1.17.3,StopSig,57,4.11,nan,1,LeftWithPellet,Left,497,830,41,44031295,nan,nan,0.21
8/22/2026 5:50:29,1.17.3,StopSig,57,4.12,1,1,Pellet,Left,497,830,42,44031295,Timed_out,1751,nan
8/22/2026 5:50:36,1.17.3,StopSig,57,4.12,nan,1,Right_no_left,Left,497,831,42,44031295,nan,nan,nan
8/22/2026 5:50:42,1.17.3,StopSig,57,4.12,nan,1,Right_no_left,Left,497,832,42,45762759,nan,nan,nan
8/22/2026 5:50:44,1.17.3,StopSig,57,4.11,nan,1,Right_no_left,Left,497,833,42,45768495,nan,nan,nan
8/22/2026 5:50:45,1.17.3,StopSig,57,4.12,nan,1,Right_no_left,Left,497,834,42,45770705,nan,nan,nan
8/22/2026 5:50:48,1.17.3,StopSig,57,4.11,nan,1,Right_no_left,Left,497,835,42,45771435,nan,nan,nan
8/22/2026 5:50:48,1.17.3,StopSig,57,4.12,nan,1,Right_no_left,Left,497,836,42,45774080,nan,nan,nan
8/22/2026 5:50:51,1.17.3,StopSig,57,4.11,nan,1,Right_no_left,Left,497,837,42,45774811,nan,nan,nan
8/22/2026 5:50:52,1.17.3,StopSig,57,4.11,nan,1,Right_no_left,Left,497,838,42,45777163,nan,nan,nan
8/22/2026 5:50:54,1.17.3,StopSig,57,4.11,nan,1,Right_no_left,Left,497,839,42,45777900,nan,nan,nan
8/22/2026 5:50:55,1.17.3,StopSig,57,4.12,nan,1,Right_no_left,Left,497,840,42,45779956,nan,nan,nan
8/22/2026 5:50:58,1.17.3,StopSig,57,4.11,nan,1,Right_no_left,Left,497,841,42,45780982,nan,nan,nan
8/22/2026 5:51:00,1.17.3,StopSig,57,4.12,nan,1,Right_no_left,Left,497,842,42,45784363,nan,nan,nan
8/22/2026 5:51:02,1.17.3,StopSig,57,4.12,nan,1,Right_no_left,Left,497,843,42,45786711,nan,nan,nan
8/22/2026 5:51:05,1.17.3,StopSig,57,4.12,nan,1,Right_no_left,Left,497,844,42,45788331,nan,nan,nan
8/22/2026 5:51:09,1.17.3,StopSig,57,4.11,nan,1,>Left_Stop_trial,Left,498,844,42,45794358,nan,nan,nan
8/22/2026 5:51:12,1.17.3,StopSig,57,4.12,nan,1,NoPoke_STOP_(correct),Left,498,844,42,45797909,nan,nan,nan
8/22/2026 5:51:48,1.17.3,StopSig,57,4.12,nan,1,RightWithPellet,Left,498,845,42,45797909,nan,nan,0.35
8/22/2026 5:52:07,1.17.3,StopSig,57,4.11,nan,1,RightWithPellet,Left,498,846,42,45797909,nan,nan,0.49
8/22/2026 5:52:08,1.17.3,StopSig,57,4.12,nan,1,RightWithPellet,Left,498,847,42,45797909,nan,nan,0.06
8/22/2026 5:52:09,1.17.3,StopSig,57,4.12,nan,1,RightWithPellet,Left,498,848,42,45797909,nan,nan,0.64
8/22/2026 5:52:10,1.17.3,StopSig,57,4.12,nan,1,RightWithPellet,Left,498,849,42,45797909,nan,nan,0.35
8/22/2026 5:52:12,1.17.3,StopSig,57,4.12,nan,1,RightWithPellet,Left,498,850,42,45797909,nan,nan,0.52
8/22/2026 5:52:15,1.17.3,StopSig,57,4.12,nan,1,LeftWithPellet,Left,499,850,42,45797909,nan,nan,0.22
8/22/2026 5:52:15,1.17.3,StopSig,57,4.12,nan,1,LeftWithPellet,Left,500,850,42,45797909,nan,nan,0.10
8/22/2026 5:52:17,1.17.3,StopSig,57,4.11,nan,1,LeftWithPellet,Left,501,850,42,45797909,nan,nan,0.29
8/22/2026 5:52:20,1.17.3,StopSig,57,4.12,nan,1,RightWithPellet,Left,501,851,42,45797909,nan,nan,0.31
8/22/2026 5:52:22,1.17.3,StopSig,57,4.12,nan,1,RightWithPellet,Left,501,852,42,45797909,nan,nan,0.58
8/22/2026 5:52:24,1.17.3,StopSig,57,4.11,nan,1,RightWithPellet,Left,501,853,42,45797909,nan,nan,0.49
8/22/2026 5:52:27,1.17.3,StopSig,57,4.11,nan,1,RightWithPellet,Left,501,854,42,45797909,nan,nan,0.74
8/22/2026 5:52:29,1.17.3,StopSig,57,4.12,nan,1,LeftWithPellet,Left,502,854,42,45797909,nan,nan,0.11
8/22/2026 5:52:32,1.17.3,StopSig,57,4.12,nan,1,RightWithPellet,Left,502,855,42,45797909,nan,nan,0.32
8/22/2026 5:52:35,1.17.3,StopSig,57,4.12,nan,1,RightWithPellet,Left,502,856,42,45797909,nan,nan,0.52
8/22/2026 5:52:37,1.17.3,StopSig,57,4.11,nan,1,LeftWithPellet,Left,503,856,42,45797909,nan,nan,0.02
8/22/2026 5:52:38,1.17.3,StopSig,57,4.12,nan,1,LeftWithPellet,Left,504,856,42,45797909,nan,nan,0.20
8/22/2026 5:52:41,1.17.3,StopSig,57,4.11,nan,1,RightWithPellet,Left,504,857,42,45797909,nan,nan,0.10
8/22/2026 5:52:44,1.17.3,StopSig,57,4.12,nan,1,RightWithPellet,Left,504,858,42,45797909,nan,nan,0.47
8/22/2026 5:52:46,1.17.3,StopSig,57,4.12,nan,1,LeftWithPellet,Left,505,858,42,45797909,nan,nan,0.02
8/22/2026 5:52:47,1.17.3,StopSig,57,4.11,nan,1,LeftWithPellet,Left,506,858,42,45797909,nan,nan,0.48
8/22/2026 5:52:48,1.17.3,StopSig,57,4.12,4,1,Pellet,Left,506,858,43,45797909,Timed_out,139,nan
8/22/2026 5:52:50,1.17.3,StopSig,57,4.11,nan,1,Right_no_left,Left,506,859,43,45797909,nan,nan,nan
8/22/2026 5:52:56,1.17.3,StopSig,57,4.12,nan,1,>Left_Regular_trial,Left,507,859,43,45901760,nan,nan,nan
8/22/2026 5:53:00,1.17.3,StopSig,57,4.11,nan,1,NoPoke_Regular_(incorrect),Left,507,859,43,45905880,nan,nan,nan
8/22/2026 5:54:25,1.17.3,StopSig,57,4.11,nan,1,Right_no_left,Left,507,860,43,45905880,nan,nan,nan
8/22/2026 5:54:27,1.17.3,StopSig,57,4.10,nan,1,Right_no_left,Left,507,861,43,45991157,nan,nan,nan
8/22/2026 5:54:29,1.17.3,StopSig,57,4.11,nan,1,Right_no_left,Left,507,862,43,45993361,nan,nan,nan
8/22/2026 5:54:30,1.17.3,StopSig,57,4.09,nan,1,Right_no_left,Left,507,863,43,45995269,nan,nan,nan
8/22/2026 5:54:32,1.17.3,StopSig,57,4.11,nan,1,Right_no_left,Left,507,864,43,45996590,nan,nan,nan
8/22/2026 5:54:35,1.17.3,StopSig,57,4.10,nan,1,Right_no_left,Left,507,865,43,45998499,nan,nan,nan
8/22/2026 5:54:39,1.17.3,StopSig,57,4.11,nan,1,Right_no_left,Left,507,866,43,46001439,nan,nan,nan
8/22/2026 5:54:41,1.17.3,StopSig,57,4.11,nan,1,Right_no_left,Left,507,867,43,46005121,nan,nan,nan
8/22/2026 5:54:43,1.17.3,StopSig,57,4.12,nan,1,Right_no_left,Left,507,868,43,46007768,nan,nan,nan
8/22/2026 5:54:46,1.17.3,StopSig,57,4.11,nan,1,Right_no_left,Left,507,869,43,46009529,nan,nan,nan
8/22/2026 5:54:50,1.17.3,StopSig,57,4.12,nan,1,Right_no_left,Left,507,870,43,46012471,nan,nan,nan
8/22/2026 5:54:53,1.17.3,StopSig,57,4.11,nan,1,Right_no_left,Left,507,871,43,46015854,nan,nan,nan
8/22/2026 5:54:57,1.17.3,StopSig,57,4.11,nan,1,Right_no_left,Left,507,872,43,46019388,nan,nan,nan
8/22/2026 5:55:00,1.17.3,StopSig,57,4.11,nan,1,Right_no_left,Left,507,873,43,46022914,nan,nan,nan
8/22/2026 5:55:01,1.17.3,StopSig,57,4.12,nan,1,Right_no_left,Left,507,874,43,46026000,nan,nan,nan
8/22/2026 5:55:03,1.17.3,StopSig,57,4.12,nan,1,Right_no_left,Left,507,875,43,46027026,nan,nan,nan
8/22/2026 5:55:05,1.17.3,StopSig,57,4.11,nan,1,Right_no_left,Left,507,876,43,46029523,nan,nan,nan
8/22/2026 5:55:07,1.17.3,StopSig,57,4.11,nan,1,Right_no_left,Left,507,877,43,46031439,nan,nan,nan
8/22/2026 5:55:12,1.17.3,StopSig,57,4.11,nan,1,Right_no_left,Left,507,878,43,46033790,nan,nan,nan
8/22/2026 5:55:17,1.17.3,StopSig,57,4.11,nan,1,Right_no_left,Left,507,879,43,46038349,nan,nan,nan
8/22/2026 5:55:51,1.17.3,StopSig,57,4.12,nan,1,Right_no_left,Left,507,880,43,46043795,nan,nan,nan
8/22/2026 8:20:26,1.17.3,StopSig,57,4.11,nan,1,Right_no_left,Left,507,881,43,46077376,nan,nan,nan
8/22/2026 8:20:30,1.17.3,StopSig,57,4.11,nan,1,Right_no_left,Left,507,882,43,54752360,nan,nan,nan
8/22/2026 8:20:35,1.17.3,StopSig,57,4.10,nan,1,Right_no_left,Left,507,883,43,54757069,nan,nan,nan
8/22/2026 8:20:37,1.17.3,StopSig,57,4.10,nan,1,Right_no_left,Left,507,884,43,54761929,nan,nan,nan
8/22/2026 8:20:40,1.17.3,StopSig,57,4.10,nan,1,Right_no_left,Left,507,885,43,54763250,nan,nan,nan
8/22/2026 8:20:47,1.17.3,StopSig,57,4.11,nan,1,Right_no_left,Left,507,886,43,54766192,nan,nan,nan
8/22/2026 8:20:48,1.17.3,StopSig,57,4.11,nan,1,Right_no_left,Left,507,887,43,54773270,nan,nan,nan
8/22/2026 8:20:52,1.17.3,StopSig,57,4.11,nan,1,Right_no_left,Left,507,888,43,54774591,nan,nan,nan
8/22/2026 8:20:53,1.17.3,StopSig,57,4.11,nan,1,Right_no_left,Left,507,889,43,54778860,nan,nan,nan
8/22/2026 8:20:54,1.17.3,StopSig,57,4.10,nan,1,Right_no_left,Left,507,890,43,54779886,nan,nan,nan
8/22/2026 8:20:56,1.17.3,StopSig,57,4.11,nan,1,Right_no_left,Left,507,891,43,54781070,nan,nan,nan
8/22/2026 8:21:06,1.17.3,StopSig,57,4.11,nan,1,Right_no_left,Left,507,892,43,54782259,nan,nan,nan
8/22/2026 8:21:07,1.17.3,StopSig,57,4.11,nan,1,Right_no_left,Left,507,893,43,54792706,nan,nan,nan
8/22/2026 8:21:09,1.17.3,StopSig,57,4.11,nan,1,Right_no_left,Left,507,894,43,54793437,nan,nan,nan
8/22/2026 8:21:19,1.17.3,StopSig,57,4.11,nan,1,Right_no_left,Left,507,895,43,54795788,nan,nan,nan
8/22/2026 8:21:42,1.17.3,StopSig,57,4.11,nan,1,Right_no_left,Left,507,896,43,54805942,nan,nan,nan
8/22/2026 8:21:45,1.17.3,StopSig,57,4.11,nan,1,Right_no_left,Left,507,897,43,54828768,nan,nan,nan
8/22/2026 8:21:46,1.17.3,StopSig,57,4.11,nan,1,Right_no_left,Left,507,898,43,54831272,nan,nan,nan
8/22/2026 8:21:49,1.17.3,StopSig,57,4.11,nan,1,Right_no_left,Left,507,899,43,54832297,nan,nan,nan
8/22/2026 8:21:51,1.17.3,StopSig,57,4.10,nan,1,Right_no_left,Left,507,900,43,54835238,nan,nan,nan
8/22/2026 8:21:52,1.17.3,StopSig,57,4.11,nan,1,Right_no_left,Left,507,901,43,54837147,nan,nan,nan
8/22/2026 8:22:00,1.17.3,StopSig,57,4.10,nan,1,Right_no_left,Left,507,902,43,54838761,nan,nan,nan
8/22/2026 8:22:03,1.17.3,StopSig,57,4.11,nan,1,>Left_Stop_trial,Left,508,902,43,54849360,nan,nan,nan
8/22/2026 8:22:07,1.17.3,StopSig,57,4.11,nan,1,NoPoke_STOP_(correct),Left,508,902,43,54853212,nan,nan,nan
8/22/2026 8:22:45,1.17.3,StopSig,57,4.11,nan,1,LeftWithPellet,Left,509,902,43,54853212,nan,nan,0.46
8/22/2026 8:22:48,1.17.3,StopSig,57,4.11,nan,1,LeftWithPellet,Left,510,902,43,54853212,nan,nan,0.49
8/22/2026 8:27:22,1.17.3,StopSig,57,4.10,nan,1,RightWithPellet,Left,510,903,43,54853212,nan,nan,0.02
8/22/2026 8:27:26,1.17.3,StopSig,57,4.10,nan,1,RightWithPellet,Left,510,904,43,54853212,nan,nan,0.09
8/22/2026 8:27:31,1.17.3,StopSig,57,4.10,nan,1,RightWithPellet,Left,510,905,43,54853212,nan,nan,0.08
8/22/2026 8:27:31,1.17.3,StopSig,57,4.11,nan,1,RightWithPellet,Left,510,906,43,54853212,nan,nan,0.07
8/22/2026 8:27:34,1.17.3,StopSig,57,4.11,nan,1,RightWithPellet,Left,510,907,43,54853212,nan,nan,0.76
8/22/2026 8:28:05,1.17.3,StopSig,57,4.11,nan,1,RightWithPellet,Left,510,908,43,54853212,nan,nan,0.45
8/22/2026 8:28:12,1.17.3,StopSig,57,4.10,nan,1,RightWithPellet,Left,510,909,43,54853212,nan,nan,0.00
8/22/2026 8:28:12,1.17.3,StopSig,57,4.10,nan,1,RightWithPellet,Left,510,910,43,54853212,nan,nan,0.12
8/22/2026 8:28:16,1.17.3,StopSig,57,4.11,nan,1,RightWithPellet,Left,510,911,43,54853212,nan,nan,0.27
8/22/2026 8:28:18,1.17.3,StopSig,57,4.11,nan,1,LeftWithPellet,Left,511,911,43,54853212,nan,nan,0.09
8/22/2026 8:28:19,1.17.3,StopSig,57,4.11,nan,1,LeftWithPellet,Left,512,911,43,54853212,nan,nan,0.06
8/22/2026 8:28:20,1.17.3,StopSig,57,4.10,nan,1,RightWithPellet,Left,512,912,43,54853212,nan,nan,0.47
8/22/2026 8:28:22,1.17.3,StopSig,57,4.11,nan,1,RightWithPellet,Left,512,913,43,54853212,nan,nan,0.09
8/22/2026 8:28:25,1.17.3,StopSig,57,4.10,nan,1,LeftWithPellet,Left,513,913,43,54853212,nan,nan,0.15
8/22/2026 8:28:27,1.17.3,StopSig,57,4.11,nan,1,LeftWithPellet,Left,514,913,43,54853212,nan,nan,0.17
8/22/2026 8:28:28,1.17.3,StopSig,57,4.11,nan,1,RightWithPellet,Left,514,914,43,54853212,nan,nan,0.13
8/22/2026 8:28:30,1.17.3,StopSig,57,4.10,nan,1,RightWithPellet,Left,514,915,43,54853212,nan,nan,0.38
8/22/2026 8:28:34,1.17.3,StopSig,57,4.10,nan,1,RightWithPellet,Left,514,916,43,54853212,nan,nan,0.58
8/22/2026 8:28:42,1.17.3,StopSig,57,4.09,nan,1,RightWithPellet,Left,514,917,43,54853212,nan,nan,0.54
8/22/2026 8:30:29,1.17.3,StopSig,57,4.11,nan,1,LeftWithPellet,Left,515,917,43,54853212,nan,nan,0.12
8/22/2026 8:30:29,1.17.3,StopSig,57,4.10,nan,1,LeftWithPellet,Left,516,917,43,54853212,nan,nan,0.06
8/22/2026 8:30:35,1.17.3,StopSig,57,4.11,nan,1,LeftWithPellet,Left,517,917,43,54853212,nan,nan,0.13
8/22/2026 8:30:55,1.17.3,StopSig,57,4.10,nan,1,RightWithPellet,Left,517,918,43,54853212,nan,nan,0.17
8/22/2026 8:30:56,1.17.3,StopSig,57,4.11,nan,1,RightWithPellet,Left,517,919,43,54853212,nan,nan,0.53
8/22/2026 8:30:57,1.17.3,StopSig,57,4.11,nan,1,RightWithPellet,Left,517,920,43,54853212,nan,nan,0.14
8/22/2026 8:31:00,1.17.3,StopSig,57,4.10,nan,1,RightWithPellet,Left,517,921,43,54853212,nan,nan,0.15
8/22/2026 8:31:03,1.17.3,StopSig,57,4.11,nan,1,LeftWithPellet,Left,518,921,43,54853212,nan,nan,0.09
8/22/2026 8:31:05,1.17.3,StopSig,57,4.10,nan,1,RightWithPellet,Left,518,922,43,54853212,nan,nan,0.19
8/22/2026 8:31:07,1.17.3,StopSig,57,4.11,nan,1,RightWithPellet,Left,518,923,43,54853212,nan,nan,0.15
8/22/2026 8:34:42,1.17.3,StopSig,57,4.10,nan,1,LeftWithPellet,Left,519,923,43,54853212,nan,nan,0.22
8/22/2026 8:34:44,1.17.3,StopSig,57,4.10,nan,1,RightWithPellet,Left,519,924,43,54853212,nan,nan,0.37
8/22/2026 8:34:47,1.17.3,StopSig,57,4.11,nan,1,RightWithPellet,Left,519,925,43,54853212,nan,nan,0.30
8/22/2026 8:34:49,1.17.3,StopSig,57,4.11,nan,1,RightWithPellet,Left,519,926,43,54853212,nan,nan,0.46
8/22/2026 8:34:52,1.17.3,StopSig,57,4.11,nan,1,LeftWithPellet,Left,520,926,43,54853212,nan,nan,0.04
8/22/2026 9:59:31,1.17.3,StopSig,57,4.10,nan,1,RightWithPellet,Left,520,927,43,54853212,nan,nan,0.43
8/22/2026 9:59:38,1.17.3,StopSig,57,4.09,nan,1,LeftWithPellet,Left,521,927,43,54853212,nan,nan,0.07
8/22/2026 9:59:39,1.17.3,StopSig,57,4.09,nan,1,RightWithPellet,Left,521,928,43,54853212,nan,nan,0.11
8/22/2026 9:59:42,1.17.3,StopSig,57,4.10,nan,1,RightWithPellet,Left,521,929,43,54853212,nan,nan,0.39
8/22/2026 11:14:55,1.17.3,StopSig,57,4.09,nan,1,RightWithPellet,Left,521,930,43,54853212,nan,nan,0.70
8/22/2026 11:14:59,1.17.3,StopSig,57,4.09,nan,1,RightWithPellet,Left,521,931,43,54853212,nan,nan,0.64
8/22/2026 11:15:09,1.17.3,StopSig,57,4.09,nan,1,RightWithPellet,Left,521,932,43,54853212,nan,nan,0.20
8/22/2026 11:15:12,1.17.3,StopSig,57,4.09,nan,1,LeftWithPellet,Left,522,932,43,54853212,nan,nan,0.60
8/22/2026 11:15:17,1.17.3,StopSig,57,4.09,nan,1,LeftWithPellet,Left,523,932,43,54853212,nan,nan,0.16
8/22/2026 11:15:20,1.17.3,StopSig,57,4.09,nan,1,RightWithPellet,Left,523,933,43,54853212,nan,nan,0.02
8/22/2026 11:15:21,1.17.3,StopSig,57,4.09,nan,1,RightWithPellet,Left,523,934,43,54853212,nan,nan,0.21
8/22/2026 11:15:23,1.17.3,StopSig,57,4.09,nan,1,RightWithPellet,Left,523,935,43,54853212,nan,nan,0.38
8/22/2026 11:15:25,1.17.3,StopSig,57,4.09,nan,1,RightWithPellet,Left,523,936,43,54853212,nan,nan,0.22
8/22/2026 11:15:26,1.17.3,StopSig,57,4.09,nan,1,RightWithPellet,Left,523,937,43,54853212,nan,nan,0.07
8/22/2026 11:15:29,1.17.3,StopSig,57,4.09,nan,1,LeftWithPellet,Left,524,937,43,54853212,nan,nan,0.72
8/22/2026 11:15:32,1.17.3,StopSig,57,4.09,nan,1,RightWithPellet,Left,524,938,43,54853212,nan,nan,0.03
8/22/2026 11:15:35,1.17.3,StopSig,57,4.09,nan,1,RightWithPellet,Left,524,939,43,54853212,nan,nan,0.56
8/22/2026 11:15:37,1.17.3,StopSig,57,4.09,nan,1,RightWithPellet,Left,524,940,43,54853212,nan,nan,0.00
8/22/2026 11:15:40,1.17.3,StopSig,57,4.09,nan,1,LeftWithPellet,Left,525,940,43,54853212,nan,nan,0.22
8/22/2026 11:15:40,1.17.3,StopSig,57,4.09,nan,1,LeftWithPellet,Left,526,940,43,54853212,nan,nan,0.33
8/22/2026 11:17:27,1.17.3,StopSig,57,4.09,nan,1,RightWithPellet,Left,526,941,43,54853212,nan,nan,0.18
8/22/2026 11:17:28,1.17.3,StopSig,57,4.09,nan,1,RightWithPellet,Left,526,942,43,54853212,nan,nan,0.54
8/22/2026 11:18:37,1.17.3,StopSig,57,4.09,nan,1,LeftWithPellet,Left,527,942,43,54853212,nan,nan,0.22
8/22/2026 11:18:38,1.17.3,StopSig,57,4.09,nan,1,LeftWithPellet,Left,528,942,43,54853212,nan,nan,0.21
8/22/2026 11:18:40,1.17.3,StopSig,57,4.09,nan,1,RightWithPellet,Left,528,943,43,54853212,nan,nan,0.45
8/22/2026 11:18:42,1.17.3,StopSig,57,4.09,nan,1,LeftWithPellet,Left,529,943,43,54853212,nan,nan,0.01
8/22/2026 11:18:47,1.17.3,StopSig,57,4.09,nan,1,LeftWithPellet,Left,530,943,43,54853212,nan,nan,0.11
8/22/2026 11:18:50,1.17.3,StopSig,57,4.09,nan,1,RightWithPellet,Left,530,944,43,54853212,nan,nan,0.01
8/22/2026 11:18:51,1.17.3,StopSig,57,4.09,nan,1,RightWithPellet,Left,530,945,43,54853212,nan,nan,0.17
8/22/2026 11:18:51,1.17.3,StopSig,57,4.09,nan,1,RightWithPellet,Left,530,946,43,54853212,nan,nan,0.07
8/22/2026 11:18:53,1.17.3,StopSig,57,4.09,nan,1,LeftWithPellet,Left,531,946,43,54853212,nan,nan,0.02
8/22/2026 11:18:54,1.17.3,StopSig,57,4.09,nan,1,LeftWithPellet,Left,532,946,43,54853212,nan,nan,0.17
8/22/2026 11:18:57,1.17.3,StopSig,57,4.09,nan,1,RightWithPellet,Left,532,947,43,54853212,nan,nan,0.28
8/22/2026 11:18:58,1.17.3,StopSig,57,4.09,nan,1,RightWithPellet,Left,532,948,43,54853212,nan,nan,0.35
8/22/2026 11:19:00,1.17.3,StopSig,57,4.09,nan,1,LeftWithPellet,Left,533,948,43,54853212,nan,nan,0.13
8/22/2026 11:19:03,1.17.3,StopSig,57,4.09,nan,1,RightWithPellet,Left,533,949,43,54853212,nan,nan,0.13
8/22/2026 11:19:04,1.17.3,StopSig,57,4.09,nan,1,LeftWithPellet,Left,534,949,43,54853212,nan,nan,0.12
8/22/2026 11:19:06,1.17.3,StopSig,57,4.09,nan,1,LeftWithPellet,Left,535,949,43,54853212,nan,nan,0.33
8/22/2026 11:19:07,1.17.3,StopSig,57,4.09,nan,1,RightWithPellet,Left,535,950,43,54853212,nan,nan,0.21
8/22/2026 11:19:15,1.17.3,StopSig,57,4.09,nan,1,RightWithPellet,Left,535,951,43,54853212,nan,nan,0.19
8/22/2026 11:21:03,1.17.3,StopSig,57,4.09,nan,1,LeftWithPellet,Left,536,951,43,54853212,nan,nan,0.15
8/22/2026 11:21:07,1.17.3,StopSig,57,4.09,nan,1,LeftWithPellet,Left,537,951,43,54853212,nan,nan,0.21
8/22/2026 11:21:08,1.17.3,StopSig,57,4.09,nan,1,LeftWithPellet,Left,538,951,43,54853212,nan,nan,0.04
8/22/2026 11:21:09,1.17.3,StopSig,57,4.09,nan,1,LeftWithPellet,Left,539,951,43,54853212,nan,nan,0.04
8/22/2026 11:21:12,1.17.3,StopSig,57,4.09,nan,1,RightWithPellet,Left,539,952,43,54853212,nan,nan,0.39
8/22/2026 11:21:13,1.17.3,StopSig,57,4.09,nan,1,RightWithPellet,Left,539,953,43,54853212,nan,nan,0.19
8/22/2026 11:21:18,1.17.3,StopSig,57,4.09,nan,1,LeftWithPellet,Left,540,953,43,54853212,nan,nan,0.52
8/22/2026 11:21:20,1.17.3,StopSig,57,4.09,nan,1,RightWithPellet,Left,540,954,43,54853212,nan,nan,0.23
8/22/2026 11:21:21,1.17.3,StopSig,57,4.09,nan,1,RightWithPellet,Left,540,955,43,54853212,nan,nan,0.17
8/22/2026 11:21:23,1.17.3,StopSig,57,4.09,nan,1,LeftWithPellet,Left,541,955,43,54853212,nan,nan,0.03
8/22/2026 11:21:23,1.17.3,StopSig,57,4.09,nan,1,LeftWithPellet,Left,542,955,43,54853212,nan,nan,0.08
8/22/2026 11:21:25,1.17.3,StopSig,57,4.09,nan,1,LeftWithPellet,Left,543,955,43,54853212,nan,nan,0.17
8/22/2026 11:21:27,1.17.3,StopSig,57,4.09,nan,1,RightWithPellet,Left,543,956,43,54853212,nan,nan,0.07
8/22/2026 11:21:27,1.17.3,StopSig,57,4.09,nan,1,RightWithPellet,Left,543,957,43,54853212,nan,nan,0.07
8/22/2026 11:23:49,1.17.3,StopSig,57,4.09,nan,1,LeftWithPellet,Left,544,957,43,54853212,nan,nan,0.07
8/22/2026 11:23:50,1.17.3,StopSig,57,4.09,nan,1,RightWithPellet,Left,544,958,43,54853212,nan,nan,0.35
8/22/2026 11:23:52,1.17.3,StopSig,57,4.09,nan,1,RightWithPellet,Left,544,959,43,54853212,nan,nan,0.08
8/22/2026 11:23:53,1.17.3,StopSig,57,4.09,nan,1,RightWithPellet,Left,544,960,43,54853212,nan,nan,0.07
8/22/2026 11:23:55,1.17.3,StopSig,57,4.09,nan,1,LeftWithPellet,Left,545,960,43,54853212,nan,nan,0.49
8/22/2026 11:23:57,1.17.3,StopSig,57,4.09,nan,1,LeftWithPellet,Left,546,960,43,54853212,nan,nan,0.24
8/22/2026 11:23:58,1.17.3,StopSig,57,4.09,nan,1,RightWithPellet,Left,546,961,43,54853212,nan,nan,0.01
8/22/2026 11:24:04,1.17.3,StopSig,57,4.09,nan,1,LeftWithPellet,Left,547,961,43,54853212,nan,nan,0.06
8/22/2026 11:24:06,1.17.3,StopSig,57,4.09,nan,1,RightWithPellet,Left,547,962,43,54853212,nan,nan,0.64
8/22/2026 11:24:08,1.17.3,StopSig,57,4.09,nan,1,RightWithPellet,Left,547,963,43,54853212,nan,nan,0.20
8/22/2026 11:28:40,1.17.3,StopSig,57,4.09,nan,1,RightWithPellet,Left,547,964,43,54853212,nan,nan,0.55
8/22/2026 11:28:44,1.17.3,StopSig,57,4.09,nan,1,RightWithPellet,Left,547,965,43,54853212,nan,nan,0.06
8/22/2026 11:28:46,1.17.3,StopSig,57,4.09,nan,1,RightWithPellet,Left,547,966,43,54853212,nan,nan,0.18
8/22/2026 11:28:54,1.17.3,StopSig,57,4.09,nan,1,RightWithPellet,Left,547,967,43,54853212,nan,nan,0.02
8/22/2026 11:28:55,1.17.3,StopSig,57,4.09,nan,1,RightWithPellet,Left,547,968,43,54853212,nan,nan,0.29
8/22/2026 11:28:58,1.17.3,StopSig,57,4.09,nan,1,LeftWithPellet,Left,548,968,43,54853212,nan,nan,0.19
8/22/2026 11:28:59,1.17.3,StopSig,57,4.09,nan,1,RightWithPellet,Left,548,969,43,54853212,nan,nan,0.06
8/22/2026 11:29:01,1.17.3,StopSig,57,4.09,nan,1,RightWithPellet,Left,548,970,43,54853212,nan,nan,0.06
8/22/2026 11:29:05,1.17.3,StopSig,57,4.08,nan,1,LeftWithPellet,Left,549,970,43,54853212,nan,nan,0.39
8/22/2026 11:29:06,1.17.3,StopSig,57,4.09,nan,1,RightWithPellet,Left,549,971,43,54853212,nan,nan,0.66
8/22/2026 11:29:08,1.17.3,StopSig,57,4.09,nan,1,RightWithPellet,Left,549,972,43,54853212,nan,nan,0.07
8/22/2026 11:29:10,1.17.3,StopSig,57,4.09,nan,1,RightWithPellet,Left,549,973,43,54853212,nan,nan,0.18
8/22/2026 11:50:56,1.17.3,StopSig,57,4.09,nan,1,RightWithPellet,Left,549,974,43,54853212,nan,nan,0.12
8/22/2026 11:57:26,1.17.3,StopSig,57,4.09,nan,1,RightWithPellet,Left,549,975,43,54853212,nan,nan,0.12
8/22/2026 13:48:55,1.17.3,StopSig,57,4.08,nan,1,RightWithPellet,Left,549,976,43,54853212,nan,nan,0.13
8/22/2026 13:48:58,1.17.3,StopSig,57,4.08,nan,1,RightWithPellet,Left,549,977,43,54853212,nan,nan,0.27
8/22/2026 13:49:18,1.17.3,StopSig,57,4.08,nan,1,RightWithPellet,Left,549,978,43,54853212,nan,nan,0.02
8/22/2026 13:49:20,1.17.3,StopSig,57,4.07,nan,1,RightWithPellet,Left,549,979,43,54853212,nan,nan,0.98
8/22/2026 14:52:34,1.17.3,StopSig,57,4.07,nan,1,LeftWithPellet,Left,550,979,43,54853212,nan,nan,0.56
8/22/2026 14:58:17,1.17.3,StopSig,57,4.07,nan,1,RightWithPellet,Left,550,980,43,54853212,nan,nan,0.06
8/22/2026 16:14:42,1.17.3,StopSig,57,4.06,nan,1,RightWithPellet,Left,550,981,43,54853212,nan,nan,0.31
8/22/2026 16:14:43,1.17.3,StopSig,57,4.06,nan,1,RightWithPellet,Left,550,982,43,54853212,nan,nan,0.54
8/22/2026 17:22:57,1.17.3,StopSig,57,4.07,nan,1,LeftWithPellet,Left,551,982,43,54853212,nan,nan,0.24
8/22/2026 17:33:05,1.17.3,StopSig,57,4.06,nan,1,RightWithPellet,Left,551,983,43,54853212,nan,nan,0.07
8/22/2026 17:33:06,1.17.3,StopSig,57,4.07,nan,1,RightWithPellet,Left,551,984,43,54853212,nan,nan,0.02
8/22/2026 17:33:06,1.17.3,StopSig,57,4.07,nan,1,RightWithPellet,Left,551,985,43,54853212,nan,nan,0.10
8/22/2026 17:33:07,1.17.3,StopSig,57,4.07,nan,1,RightWithPellet,Left,551,986,43,54853212,nan,nan,0.33
8/22/2026 17:33:52,1.17.3,StopSig,57,4.06,nan,1,LeftWithPellet,Left,552,986,43,54853212,nan,nan,0.15
8/22/2026 18:14:59,1.17.3,StopSig,57,4.06,nan,1,RightWithPellet,Left,552,987,43,54853212,nan,nan,0.23
8/22/2026 18:17:16,1.17.3,StopSig,57,4.06,nan,1,RightWithPellet,Left,552,988,43,54853212,nan,nan,0.05
8/22/2026 18:21:32,1.17.3,StopSig,57,4.07,nan,1,LeftWithPellet,Left,553,988,43,54853212,nan,nan,0.20
8/22/2026 18:28:19,1.17.3,StopSig,57,4.06,nan,1,LeftWithPellet,Left,554,988,43,54853212,nan,nan,0.10
8/22/2026 18:28:19,1.17.3,StopSig,57,4.07,nan,1,LeftWithPellet,Left,555,988,43,54853212,nan,nan,0.37
8/22/2026 18:28:24,1.17.3,StopSig,57,4.06,nan,1,RightWithPellet,Left,555,989,43,54853212,nan,nan,0.54
8/22/2026 18:28:30,1.17.3,StopSig,57,4.06,nan,1,RightWithPellet,Left,555,990,43,54853212,nan,nan,0.01
8/22/2026 18:41:09,1.17.3,StopSig,57,4.06,nan,1,LeftWithPellet,Left,556,990,43,54853212,nan,nan,0.35
8/22/2026 18:41:12,1.17.3,StopSig,57,4.07,nan,1,RightWithPellet,Left,556,991,43,54853212,nan,nan,0.30
8/22/2026 18:41:15,1.17.3,StopSig,57,4.06,nan,1,RightWithPellet,Left,556,992,43,54853212,nan,nan,0.24
8/22/2026 18:41:30,1.17.3,StopSig,57,4.05,nan,1,LeftWithPellet,Left,557,992,43,54853212,nan,nan,0.15
8/22/2026 18:41:34,1.17.3,StopSig,57,4.06,nan,1,RightWithPellet,Left,557,993,43,54853212,nan,nan,0.10
8/22/2026 18:41:36,1.17.3,StopSig,57,4.06,nan,1,RightWithPellet,Left,557,994,43,54853212,nan,nan,0.22
8/22/2026 18:41:37,1.17.3,StopSig,57,4.06,nan,1,RightWithPellet,Left,557,995,43,54853212,nan,nan,0.17
8/22/2026 18:59:54,1.17.3,StopSig,57,4.06,nan,1,LeftWithPellet,Left,558,995,43,54853212,nan,nan,0.04
8/22/2026 19:00:07,1.17.3,StopSig,57,4.06,nan,1,RightWithPellet,Left,558,996,43,54853212,nan,nan,0.07
8/22/2026 19:00:30,1.17.3,StopSig,57,4.05,nan,1,RightWithPellet,Left,558,997,43,54853212,nan,nan,0.20
8/22/2026 19:06:32,1.17.3,StopSig,57,4.05,nan,1,LeftWithPellet,Left,559,997,43,54853212,nan,nan,0.08
8/22/2026 19:06:37,1.17.3,StopSig,57,4.06,nan,1,RightWithPellet,Left,559,998,43,54853212,nan,nan,0.02
8/22/2026 19:20:02,1.17.3,StopSig,57,4.06,nan,1,LeftWithPellet,Left,560,998,43,54853212,nan,nan,0.11
8/22/2026 19:24:22,1.17.3,StopSig,57,4.06,nan,1,RightWithPellet,Left,560,999,43,54853212,nan,nan,0.05
8/22/2026 19:42:12,1.17.3,StopSig,57,4.05,nan,1,RightWithPellet,Left,560,1000,43,54853212,nan,nan,0.05
8/22/2026 19:53:17,1.17.3,StopSig,57,4.05,nan,1,RightWithPellet,Left,560,1001,43,54853212,nan,nan,0.20
8/22/2026 20:08:59,1.17.3,StopSig,57,4.05,nan,1,RightWithPellet,Left,560,1002,43,54853212,nan,nan,0.04
8/22/2026 20:09:01,1.17.3,StopSig,57,4.06,nan,1,LeftWithPellet,Left,561,1002,43,54853212,nan,nan,0.02
8/22/2026 20:11:25,1.17.3,StopSig,57,4.05,nan,1,RightWithPellet,Left,561,1003,43,54853212,nan,nan,0.01
8/22/2026 20:11:25,1.17.3,StopSig,57,4.05,nan,1,RightWithPellet,Left,561,1004,43,54853212,nan,nan,0.42
8/22/2026 20:26:25,1.17.3,StopSig,57,4.05,nan,1,RightWithPellet,Left,561,1005,43,54853212,nan,nan,0.01
8/22/2026 20:47:22,1.17.3,StopSig,57,4.05,nan,1,LeftWithPellet,Left,562,1005,43,54853212,nan,nan,0.07
8/22/2026 20:56:43,1.17.3,StopSig,57,4.05,nan,1,RightWithPellet,Left,562,1006,43,54853212,nan,nan,0.03
8/22/2026 20:58:27,1.17.3,StopSig,57,4.05,nan,1,RightWithPellet,Left,562,1007,43,54853212,nan,nan,0.01
8/22/2026 21:04:21,1.17.3,StopSig,57,4.05,nan,1,LeftWithPellet,Left,563,1007,43,54853212,nan,nan,0.01
8/22/2026 21:04:23,1.17.3,StopSig,57,4.05,nan,1,RightWithPellet,Left,563,1008,43,54853212,nan,nan,0.16
8/22/2026 21:52:41,1.17.3,StopSig,57,4.05,nan,1,RightWithPellet,Left,563,1009,43,54853212,nan,nan,0.08
8/22/2026 22:42:24,1.17.3,StopSig,57,4.04,nan,1,RightWithPellet,Left,563,1010,43,54853212,nan,nan,0.32
8/22/2026 23:12:48,1.17.3,StopSig,57,4.04,nan,1,RightWithPellet,Left,563,1011,43,54853212,nan,nan,0.05
8/22/2026 23:12:50,1.17.3,StopSig,57,4.03,nan,1,RightWithPellet,Left,563,1012,43,54853212,nan,nan,0.37
8/22/2026 23:35:02,1.17.3,StopSig,57,4.03,nan,1,LeftWithPellet,Left,564,1012,43,54853212,nan,nan,0.22
8/22/2026 23:36:42,1.17.3,StopSig,57,4.04,nan,1,RightWithPellet,Left,564,1013,43,54853212,nan,nan,0.00
8/22/2026 23:41:42,1.17.3,StopSig,57,4.04,nan,1,RightWithPellet,Left,564,1014,43,54853212,nan,nan,0.27
8/22/2026 23:42:56,1.17.3,StopSig,57,4.04,nan,1,RightWithPellet,Left,564,1015,43,54853212,nan,nan,0.14
8/22/2026 23:57:36,1.17.3,StopSig,57,4.03,nan,1,RightWithPellet,Left,564,1016,43,54853212,nan,nan,0.09
8/23/2026 0:20:23,1.17.3,StopSig,57,4.04,nan,1,LeftWithPellet,Left,565,1016,43,54853212,nan,nan,0.12
8/23/2026 0:20:23,1.17.3,StopSig,57,4.03,nan,1,RightWithPellet,Left,565,1017,43,54853212,nan,nan,0.04
8/23/2026 0:20:24,1.17.3,StopSig,57,4.03,nan,1,RightWithPellet,Left,565,1018,43,54853212,nan,nan,0.38
8/23/2026 1:00:34,1.17.3,StopSig,57,4.03,nan,1,LeftWithPellet,Left,566,1018,43,54853212,nan,nan,0.57
8/23/2026 1:00:38,1.17.3,StopSig,57,4.03,nan,1,RightWithPellet,Left,566,1019,43,54853212,nan,nan,0.06
8/23/2026 1:00:40,1.17.3,StopSig,57,4.03,nan,1,RightWithPellet,Left,566,1020,43,54853212,nan,nan,0.11
8/23/2026 1:00:44,1.17.3,StopSig,57,4.03,nan,1,RightWithPellet,Left,566,1021,43,54853212,nan,nan,0.01
8/23/2026 1:02:42,1.17.3,StopSig,57,4.03,nan,1,RightWithPellet,Left,566,1022,43,54853212,nan,nan,0.38
8/23/2026 1:16:39,1.17.3,StopSig,57,4.03,nan,1,RightWithPellet,Left,566,1023,43,54853212,nan,nan,0.13
8/23/2026 1:19:30,1.17.3,StopSig,57,4.03,nan,1,LeftWithPellet,Left,567,1023,43,54853212,nan,nan,0.18
8/23/2026 1:20:10,1.17.3,StopSig,57,4.03,nan,1,RightWithPellet,Left,567,1024,43,54853212,nan,nan,0.08
8/23/2026 1:20:12,1.17.3,StopSig,57,4.03,nan,1,LeftWithPellet,Left,568,1024,43,54853212,nan,nan,0.09
8/23/2026 1:22:06,1.17.3,StopSig,57,4.03,nan,1,RightWithPellet,Left,568,1025,43,54853212,nan,nan,0.16
8/23/2026 1:42:23,1.17.3,StopSig,57,4.03,nan,1,LeftWithPellet,Left,569,1025,43,54853212,nan,nan,0.14
8/23/2026 2:58:23,1.17.3,StopSig,57,4.02,nan,1,LeftWithPellet,Left,570,1025,43,54853212,nan,nan,0.32
8/23/2026 3:00:41,1.17.3,StopSig,57,4.02,nan,1,RightWithPellet,Left,570,1026,43,54853212,nan,nan,0.01
8/23/2026 3:00:42,1.17.3,StopSig,57,4.02,nan,1,RightWithPellet,Left,570,1027,43,54853212,nan,nan,0.11
8/23/2026 3:01:55,1.17.3,StopSig,57,4.02,nan,1,RightWithPellet,Left,570,1028,43,54853212,nan,nan,0.03
8/23/2026 3:01:56,1.17.3,StopSig,57,4.02,nan,1,RightWithPellet,Left,570,1029,43,54853212,nan,nan,0.00
8/23/2026 3:01:58,1.17.3,StopSig,57,4.02,nan,1,LeftWithPellet,Left,571,1029,43,54853212,nan,nan,0.04
8/23/2026 3:12:16,1.17.3,StopSig,57,4.02,nan,1,RightWithPellet,Left,571,1030,43,54853212,nan,nan,0.14
8/23/2026 3:12:24,1.17.3,StopSig,57,4.02,nan,1,RightWithPellet,Left,571,1031,43,54853212,nan,nan,0.06
8/23/2026 3:18:35,1.17.3,StopSig,57,4.02,nan,1,LeftWithPellet,Left,572,1031,43,54853212,nan,nan,0.08
8/23/2026 3:30:01,1.17.3,StopSig,57,4.02,nan,1,LeftWithPellet,Left,573,1031,43,54853212,nan,nan,1.09
8/23/2026 3:46:23,1.17.3,StopSig,57,4.02,nan,1,RightWithPellet,Left,573,1032,43,54853212,nan,nan,0.08
8/23/2026 5:21:18,1.17.3,StopSig,57,4.01,nan,1,LeftWithPellet,Left,574,1032,43,54853212,nan,nan,0.13
8/23/2026 5:24:17,1.17.3,StopSig,57,4.01,nan,1,LeftWithPellet,Left,575,1032,43,54853212,nan,nan,0.01
8/23/2026 5:24:21,1.17.3,StopSig,57,4.02,nan,1,RightWithPellet,Left,575,1033,43,54853212,nan,nan,0.04
8/23/2026 5:45:15,1.17.3,StopSig,57,4.01,nan,1,LeftWithPellet,Left,576,1033,43,54853212,nan,nan,0.12
8/23/2026 5:57:37,1.17.3,StopSig,57,4.01,nan,1,RightWithPellet,Left,576,1034,43,54853212,nan,nan,0.01
8/23/2026 5:57:40,1.17.3,StopSig,57,4.00,nan,1,LeftWithPellet,Left,577,1034,43,54853212,nan,nan,0.12
8/23/2026 5:57:41,1.17.3,StopSig,57,4.01,nan,1,RightWithPellet,Left,577,1035,43,54853212,nan,nan,0.00
8/23/2026 5:57:43,1.17.3,StopSig,57,4.01,nan,1,RightWithPellet,Left,577,1036,43,54853212,nan,nan,0.47
8/23/2026 5:57:44,1.17.3,StopSig,57,4.01,nan,1,RightWithPellet,Left,577,1037,43,54853212,nan,nan,0.05
8/23/2026 6:00:57,1.17.3,StopSig,57,4.00,nan,1,LeftWithPellet,Left,578,1037,43,54853212,nan,nan,0.22
8/23/2026 6:01:05,1.17.3,StopSig,57,4.00,nan,1,RightWithPellet,Left,578,1038,43,54853212,nan,nan,0.13
8/23/2026 6:01:08,1.17.3,StopSig,57,4.01,nan,1,LeftWithPellet,Left,579,1038,43,54853212,nan,nan,0.28
8/23/2026 6:01:13,1.17.3,StopSig,57,4.01,nan,1,RightWithPellet,Left,579,1039,43,54853212,nan,nan,0.19
8/23/2026 6:01:20,1.17.3,StopSig,57,4.01,nan,1,LeftWithPellet,Left,580,1039,43,54853212,nan,nan,0.13
8/23/2026 6:01:28,1.17.3,StopSig,57,4.00,nan,1,LeftWithPellet,Left,581,1039,43,54853212,nan,nan,0.37
8/23/2026 6:03:31,1.17.3,StopSig,57,4.00,nan,1,RightWithPellet,Left,581,1040,43,54853212,nan,nan,0.06
8/23/2026 6:16:28,1.17.3,StopSig,57,4.01,nan,1,RightWithPellet,Left,581,1041,43,54853212,nan,nan,0.00
8/23/2026 6:17:35,1.17.3,StopSig,57,4.01,nan,1,RightWithPellet,Left,581,1042,43,54853212,nan,nan,0.02
8/23/2026 6:18:02,1.17.3,StopSig,57,4.01,nan,1,RightWithPellet,Left,581,1043,43,54853212,nan,nan,0.14
8/23/2026 6:18:03,1.17.3,StopSig,57,4.01,nan,1,RightWithPellet,Left,581,1044,43,54853212,nan,nan,1.18
8/23/2026 6:18:06,1.17.3,StopSig,57,4.01,nan,1,RightWithPellet,Left,581,1045,43,54853212,nan,nan,0.71
8/23/2026 9:26:54,1.17.3,StopSig,57,3.99,nan,1,RightWithPellet,Left,581,1046,43,54853212,nan,nan,0.49
8/23/2026 9:33:07,1.17.3,StopSig,57,3.99,nan,1,RightWithPellet,Left,581,1047,43,54853212,nan,nan,0.33
8/23/2026 9:33:08,1.17.3,StopSig,57,3.99,nan,1,RightWithPellet,Left,581,1048,43,54853212,nan,nan,0.13
8/23/2026 9:33:09,1.17.3,StopSig,57,3.99,nan,1,RightWithPellet,Left,581,1049,43,54853212,nan,nan,0.04
8/23/2026 9:34:32,1.17.3,StopSig,57,3.99,nan,1,RightWithPellet,Left,581,1050,43,54853212,nan,nan,0.25
8/23/2026 9:34:34,1.17.3,StopSig,57,3.99,nan,1,RightWithPellet,Left,581,1051,43,54853212,nan,nan,0.07
8/23/2026 9:34:36,1.17.3,StopSig,57,4.00,nan,1,RightWithPellet,Left,581,1052,43,54853212,nan,nan,0.13
8/23/2026 9:41:39,1.17.3,StopSig,57,3.98,nan,1,RightWithPellet,Left,581,1053,43,54853212,nan,nan,0.05
8/23/2026 9:42:13,1.17.3,StopSig,57,4.00,nan,1,LeftWithPellet,Left,582,1053,43,54853212,nan,nan,0.08
8/23/2026 9:46:27,1.17.3,StopSig,57,3.99,nan,1,LeftWithPellet,Left,583,1053,43,54853212,nan,nan,0.07
8/23/2026 9:48:30,1.17.3,StopSig,57,3.99,nan,1,LeftWithPellet,Left,584,1053,43,54853212,nan,nan,0.15
8/23/2026 12:11:28,1.17.3,StopSig,57,3.98,nan,1,LeftWithPellet,Left,585,1053,43,54853212,nan,nan,0.11
8/23/2026 12:16:13,1.17.3,StopSig,57,3.98,nan,1,LeftWithPellet,Left,586,1053,43,54853212,nan,nan,0.40
8/23/2026 12:16:15,1.17.3,StopSig,57,3.98,nan,1,RightWithPellet,Left,586,1054,43,54853212,nan,nan,0.27
8/23/2026 12:16:16,1.17.3,StopSig,57,3.98,nan,1,RightWithPellet,Left,586,1055,43,54853212,nan,nan,0.06
8/23/2026 14:45:03,1.17.3,StopSig,57,3.96,nan,1,RightWithPellet,Left,586,1056,43,54853212,nan,nan,0.01
8/23/2026 14:53:40,1.17.3,StopSig,57,3.96,nan,1,LeftWithPellet,Left,587,1056,43,54853212,nan,nan,0.67
8/23/2026 14:54:40,1.17.3,StopSig,57,3.96,nan,1,RightWithPellet,Left,587,1057,43,54853212,nan,nan,0.19
8/23/2026 14:54:52,1.17.3,StopSig,57,3.96,nan,1,RightWithPellet,Left,587,1058,43,54853212,nan,nan,0.04
8/23/2026 15:01:10,1.17.3,StopSig,57,3.96,nan,1,RightWithPellet,Left,587,1059,43,54853212,nan,nan,0.15
8/23/2026 15:03:57,1.17.3,StopSig,57,3.96,nan,1,RightWithPellet,Left,587,1060,43,54853212,nan,nan,0.04
8/23/2026 15:03:59,1.17.3,StopSig,57,3.96,nan,1,LeftWithPellet,Left,588,1060,43,54853212,nan,nan,0.23
8/23/2026 15:04:02,1.17.3,StopSig,57,3.96,nan,1,RightWithPellet,Left,588,1061,43,54853212,nan,nan,0.21
8/23/2026 15:04:03,1.17.3,StopSig,57,3.96,nan,1,RightWithPellet,Left,588,1062,43,54853212,nan,nan,0.14
8/23/2026 15:10:56,1.17.3,StopSig,57,3.96,nan,1,RightWithPellet,Left,588,1063,43,54853212,nan,nan,0.22
8/23/2026 15:10:57,1.17.3,StopSig,57,3.96,nan,1,RightWithPellet,Left,588,1064,43,54853212,nan,nan,0.05
8/23/2026 15:11:31,1.17.3,StopSig,57,3.96,nan,1,RightWithPellet,Left,588,1065,43,54853212,nan,nan,0.02
8/23/2026 15:11:33,1.17.3,StopSig,57,3.96,nan,1,LeftWithPellet,Left,589,1065,43,54853212,nan,nan,0.11
8/23/2026 15:11:34,1.17.3,StopSig,57,3.96,nan,1,RightWithPellet,Left,589,1066,43,54853212,nan,nan,0.11
8/23/2026 16:31:18,1.17.3,StopSig,57,3.95,nan,1,RightWithPellet,Left,589,1067,43,54853212,nan,nan,0.14
8/23/2026 16:31:21,1.17.3,StopSig,57,3.96,nan,1,LeftWithPellet,Left,590,1067,43,54853212,nan,nan,0.06
8/23/2026 16:31:24,1.17.3,StopSig,57,3.96,nan,1,RightWithPellet,Left,590,1068,43,54853212,nan,nan,0.17
8/23/2026 16:31:42,1.17.3,StopSig,57,3.96,nan,1,RightWithPellet,Left,590,1069,43,54853212,nan,nan,0.17
8/23/2026 16:31:45,1.17.3,StopSig,57,3.96,nan,1,RightWithPellet,Left,590,1070,43,54853212,nan,nan,0.14
8/23/2026 16:31:46,1.17.3,StopSig,57,3.96,nan,1,RightWithPellet,Left,590,1071,43,54853212,nan,nan,0.24
8/23/2026 16:31:48,1.17.3,StopSig,57,3.96,nan,1,RightWithPellet,Left,590,1072,43,54853212,nan,nan,0.50
8/23/2026 16:31:55,1.17.3,StopSig,57,3.96,nan,1,LeftWithPellet,Left,591,1072,43,54853212,nan,nan,0.45
8/23/2026 16:31:59,1.17.3,StopSig,57,3.96,nan,1,RightWithPellet,Left,591,1073,43,54853212,nan,nan,0.28
8/23/2026 16:40:33,1.17.3,StopSig,57,3.96,nan,1,RightWithPellet,Left,591,1074,43,54853212,nan,nan,0.12
8/23/2026 16:40:34,1.17.3,StopSig,57,3.96,nan,1,RightWithPellet,Left,591,1075,43,54853212,nan,nan,0.16
8/23/2026 16:46:40,1.17.3,StopSig,57,3.96,nan,1,RightWithPellet,Left,591,1076,43,54853212,nan,nan,0.02
8/23/2026 16:49:00,1.17.3,StopSig,57,3.95,nan,1,LeftWithPellet,Left,592,1076,43,54853212,nan,nan,0.21
8/23/2026 16:49:13,1.17.3,StopSig,57,3.95,nan,1,LeftWithPellet,Left,593,1076,43,54853212,nan,nan,0.03
8/23/2026 16:49:20,1.17.3,StopSig,57,3.96,nan,1,RightWithPellet,Left,593,1077,43,54853212,nan,nan,0.19
8/23/2026 16:49:22,1.17.3,StopSig,57,3.96,nan,1,LeftWithPellet,Left,594,1077,43,54853212,nan,nan,0.44
8/23/2026 16:50:48,1.17.3,StopSig,57,3.95,nan,1,RightWithPellet,Left,594,1078,43,54853212,nan,nan,0.09
8/23/2026 16:50:52,1.17.3,StopSig,57,3.96,nan,1,RightWithPellet,Left,594,1079,43,54853212,nan,nan,0.09
8/23/2026 16:50:58,1.17.3,StopSig,57,3.96,nan,1,RightWithPellet,Left,594,1080,43,54853212,nan,nan,0.31
8/23/2026 16:50:59,1.17.3,StopSig,57,3.95,nan,1,RightWithPellet,Left,594,1081,43,54853212,nan,nan,0.25
8/23/2026 16:51:00,1.17.3,StopSig,57,3.96,nan,1,RightWithPellet,Left,594,1082,43,54853212,nan,nan,0.24
8/23/2026 16:51:04,1.17.3,StopSig,57,3.96,nan,1,LeftWithPellet,Left,595,1082,43,54853212,nan,nan,0.34
8/23/2026 16:51:15,1.17.3,StopSig,57,3.95,nan,1,RightWithPellet,Left,595,1083,43,54853212,nan,nan,0.08
8/23/2026 16:51:17,1.17.3,StopSig,57,3.95,nan,1,LeftWithPellet,Left,596,1083,43,54853212,nan,nan,0.44
8/23/2026 16:51:17,1.17.3,StopSig,57,3.96,nan,1,LeftWithPellet,Left,597,1083,43,54853212,nan,nan,0.47
8/23/2026 16:51:19,1.17.3,StopSig,57,3.96,nan,1,RightWithPellet,Left,597,1084,43,54853212,nan,nan,0.16
8/23/2026 16:51:22,1.17.3,StopSig,57,3.96,nan,1,RightWithPellet,Left,597,1085,43,54853212,nan,nan,0.28
8/23/2026 16:51:26,1.17.3,StopSig,57,3.96,nan,1,RightWithPellet,Left,597,1086,43,54853212,nan,nan,0.34
8/23/2026 16:51:30,1.17.3,StopSig,57,3.95,nan,1,RightWithPellet,Left,597,1087,43,54853212,nan,nan,0.02
8/23/2026 16:51:31,1.17.3,StopSig,57,3.96,nan,1,RightWithPellet,Left,597,1088,43,54853212,nan,nan,0.21
8/23/2026 16:51:32,1.17.3,StopSig,57,3.96,nan,1,LeftWithPellet,Left,598,1088,43,54853212,nan,nan,0.03
8/23/2026 16:51:48,1.17.3,StopSig,57,3.96,nan,1,LeftWithPellet,Left,599,1088,43,54853212,nan,nan,0.31
8/23/2026 16:51:51,1.17.3,StopSig,57,3.94,nan,1,RightWithPellet,Left,599,1089,43,54853212,nan,nan,0.25
8/23/2026 16:51:54,1.17.3,StopSig,57,3.94,nan,1,LeftWithPellet,Left,600,1089,43,54853212,nan,nan,0.13
8/23/2026 16:51:55,1.17.3,StopSig,57,3.94,nan,1,LeftWithPellet,Left,601,1089,43,54853212,nan,nan,0.07
8/23/2026 16:51:58,1.17.3,StopSig,57,3.94,nan,1,RightWithPellet,Left,601,1090,43,54853212,nan,nan,0.02
8/23/2026 16:52:00,1.17.3,StopSig,57,3.96,nan,1,RightWithPellet,Left,601,1091,43,54853212,nan,nan,0.52
8/23/2026 16:52:02,1.17.3,StopSig,57,3.96,nan,1,LeftWithPellet,Left,602,1091,43,54853212,nan,nan,0.01
8/23/2026 16:52:04,1.17.3,StopSig,57,3.96,nan,1,LeftWithPellet,Left,603,1091,43,54853212,nan,nan,0.83
8/23/2026 16:52:06,1.17.3,StopSig,57,3.96,nan,1,RightWithPellet,Left,603,1092,43,54853212,nan,nan,0.17
8/23/2026 16:52:08,1.17.3,StopSig,57,3.96,nan,1,RightWithPellet,Left,603,1093,43,54853212,nan,nan,0.12
8/23/2026 16:52:08,1.17.3,StopSig,57,3.96,nan,1,RightWithPellet,Left,603,1094,43,54853212,nan,nan,0.13
8/23/2026 16:52:13,1.17.3,StopSig,57,3.95,nan,1,LeftWithPellet,Left,604,1094,43,54853212,nan,nan,0.91
8/23/2026 16:52:16,1.17.3,StopSig,57,3.96,nan,1,LeftWithPellet,Left,605,1094,43,54853212,nan,nan,0.08
8/23/2026 16:52:16,1.17.3,StopSig,57,3.96,nan,1,LeftWithPellet,Left,606,1094,43,54853212,nan,nan,0.23
8/23/2026 16:52:17,1.17.3,StopSig,57,3.96,nan,1,LeftWithPellet,Left,607,1094,43,54853212,nan,nan,0.25
8/23/2026 16:52:23,1.17.3,StopSig,57,3.96,nan,1,RightWithPellet,Left,607,1095,43,54853212,nan,nan,0.08
8/23/2026 16:52:30,1.17.3,StopSig,57,3.96,nan,1,RightWithPellet,Left,607,1096,43,54853212,nan,nan,0.26
8/23/2026 16:52:34,1.17.3,StopSig,57,3.96,nan,1,LeftWithPellet,Left,608,1096,43,54853212,nan,nan,0.31
8/23/2026 16:52:37,1.17.3,StopSig,57,3.95,nan,1,LeftWithPellet,Left,609,1096,43,54853212,nan,nan,0.31
8/23/2026 16:52:38,1.17.3,StopSig,57,3.96,nan,1,LeftWithPellet,Left,610,1096,43,54853212,nan,nan,0.36
8/23/2026 16:52:43,1.17.3,StopSig,57,3.96,nan,1,RightWithPellet,Left,610,1097,43,54853212,nan,nan,0.09
8/23/2026 16:52:44,1.17.3,StopSig,57,3.96,nan,1,LeftWithPellet,Left,611,1097,43,54853212,nan,nan,0.06
8/23/2026 16:52:45,1.17.3,StopSig,57,3.95,nan,1,LeftWithPellet,Left,612,1097,43,54853212,nan,nan,0.16
8/23/2026 16:52:48,1.17.3,StopSig,57,3.96,nan,1,RightWithPellet,Left,612,1098,43,54853212,nan,nan,0.29
8/23/2026 16:52:55,1.17.3,StopSig,57,3.95,nan,1,RightWithPellet,Left,612,1099,43,54853212,nan,nan,0.08
8/23/2026 16:53:03,1.17.3,StopSig,57,3.96,nan,1,LeftWithPellet,Left,613,1099,43,54853212,nan,nan,0.74
8/23/2026 16:53:05,1.17.3,StopSig,57,3.96,nan,1,LeftWithPellet,Left,614,1099,43,54853212,nan,nan,0.28
8/23/2026 16:53:08,1.17.3,StopSig,57,3.95,nan,1,LeftWithPellet,Left,615,1099,43,54853212,nan,nan,0.39
8/23/2026 16:53:10,1.17.3,StopSig,57,3.96,nan,1,LeftWithPellet,Left,616,1099,43,54853212,nan,nan,0.03
8/23/2026 16:53:13,1.17.3,StopSig,57,3.96,nan,1,LeftWithPellet,Left,617,1099,43,54853212,nan,nan,0.49
8/23/2026 16:53:14,1.17.3,StopSig,57,3.95,nan,1,LeftWithPellet,Left,618,1099,43,54853212,nan,nan,0.31
8/23/2026 16:53:14,1.17.3,StopSig,57,3.95,nan,1,LeftWithPellet,Left,619,1099,43,54853212,nan,nan,0.09
8/23/2026 16:53:17,1.17.3,StopSig,57,3.96,nan,1,LeftWithPellet,Left,620,1099,43,54853212,nan,nan,0.37
8/23/2026 16:53:18,1.17.3,StopSig,57,3.96,nan,1,RightWithPellet,Left,620,1100,43,54853212,nan,nan,0.01
8/23/2026 16:53:19,1.17.3,StopSig,57,3.95,nan,1,RightWithPellet,Left,620,1101,43,54853212,nan,nan,0.30
8/23/2026 16:53:20,1.17.3,StopSig,57,3.95,nan,1,RightWithPellet,Left,620,1102,43,54853212,nan,nan,0.17
8/23/2026 16:53:21,1.17.3,StopSig,57,3.96,nan,1,RightWithPellet,Left,620,1103,43,54853212,nan,nan,0.20
8/23/2026 16:53:23,1.17.3,StopSig,57,3.96,nan,1,RightWithPellet,Left,620,1104,43,54853212,nan,nan,0.09
8/23/2026 16:53:24,1.17.3,StopSig,57,3.96,nan,1,RightWithPellet,Left,620,1105,43,54853212,nan,nan,0.17
8/23/2026 16:53:25,1.17.3,StopSig,57,3.95,nan,1,RightWithPellet,Left,620,1106,43,54853212,nan,nan,0.07
8/23/2026 16:53:28,1.17.3,StopSig,57,3.95,nan,1,LeftWithPellet,Left,621,1106,43,54853212,nan,nan,0.36
8/23/2026 16:53:31,1.17.3,StopSig,57,3.96,nan,1,LeftWithPellet,Left,622,1106,43,54853212,nan,nan,0.40
8/23/2026 16:53:38,1.17.3,StopSig,57,3.95,nan,1,LeftWithPellet,Left,623,1106,43,54853212,nan,nan,0.15
8/23/2026 16:59:50,1.17.3,StopSig,57,3.96,nan,1,LeftWithPellet,Left,624,1106,43,54853212,nan,nan,0.13
8/23/2026 17:00:00,1.17.3,StopSig,57,3.96,nan,1,RightWithPellet,Left,624,1107,43,54853212,nan,nan,0.06
8/23/2026 17:00:01,1.17.3,StopSig,57,3.96,nan,1,RightWithPellet,Left,624,1108,43,54853212,nan,nan,0.15
8/23/2026 17:00:03,1.17.3,StopSig,57,3.95,nan,1,RightWithPellet,Left,624,1109,43,54853212,nan,nan,0.01
8/23/2026 17:02:31,1.17.3,StopSig,57,3.96,nan,1,RightWithPellet,Left,624,1110,43,54853212,nan,nan,0.11
8/23/2026 17:18:11,1.17.3,StopSig,57,3.96,nan,1,RightWithPellet,Left,624,1111,43,54853212,nan,nan,0.06
8/23/2026 17:18:12,1.17.3,StopSig,57,3.96,nan,1,LeftWithPellet,Left,625,1111,43,54853212,nan,nan,0.15
8/23/2026 17:18:13,1.17.3,StopSig,57,3.96,nan,1,LeftWithPellet,Left,626,1111,43,54853212,nan,nan,0.27
8/23/2026 17:18:14,1.17.3,StopSig,57,3.95,nan,1,RightWithPellet,Left,626,1112,43,54853212,nan,nan,0.26
8/23/2026 17:18:15,1.17.3,StopSig,57,3.95,nan,1,RightWithPellet,Left,626,1113,43,54853212,nan,nan,0.02
8/23/2026 17:18:18,1.17.3,StopSig,57,3.95,nan,1,LeftWithPellet,Left,627,1113,43,54853212,nan,nan,0.38
8/23/2026 17:18:20,1.17.3,StopSig,57,3.95,nan,1,LeftWithPellet,Left,628,1113,43,54853212,nan,nan,0.59
8/23/2026 17:18:22,1.17.3,StopSig,57,3.95,nan,1,RightWithPellet,Left,628,1114,43,54853212,nan,nan,0.02
8/23/2026 18:14:51,1.17.3,StopSig,57,3.94,nan,1,RightWithPellet,Left,628,1115,43,54853212,nan,nan,0.15
8/23/2026 18:15:00,1.17.3,StopSig,57,3.95,nan,1,RightWithPellet,Left,628,1116,43,54853212,nan,nan,0.28
8/23/2026 18:15:01,1.17.3,StopSig,57,3.95,nan,1,RightWithPellet,Left,628,1117,43,54853212,nan,nan,0.17
8/23/2026 18:15:03,1.17.3,StopSig,57,3.95,nan,1,LeftWithPellet,Left,629,1117,43,54853212,nan,nan,0.03
8/23/2026 18:15:04,1.17.3,StopSig,57,3.95,nan,1,LeftWithPellet,Left,630,1117,43,54853212,nan,nan,0.15
8/23/2026 18:15:05,1.17.3,StopSig,57,3.95,nan,1,LeftWithPellet,Left,631,1117,43,54853212,nan,nan,0.17
8/23/2026 18:15:10,1.17.3,StopSig,57,3.95,nan,1,RightWithPellet,Left,631,1118,43,54853212,nan,nan,0.63
8/23/2026 18:15:18,1.17.3,StopSig,57,3.95,nan,1,LeftWithPellet,Left,632,1118,43,54853212,nan,nan,0.21
8/23/2026 18:15:22,1.17.3,StopSig,57,3.95,nan,1,RightWithPellet,Left,632,1119,43,54853212,nan,nan,0.05
8/23/2026 18:15:24,1.17.3,StopSig,57,3.94,nan,1,RightWithPellet,Left,632,1120,43,54853212,nan,nan,0.15
8/23/2026 18:15:25,1.17.3,StopSig,57,3.95,nan,1,RightWithPellet,Left,632,1121,43,54853212,nan,nan,0.09
8/23/2026 18:15:27,1.17.3,StopSig,57,3.95,nan,1,LeftWithPellet,Left,633,1121,43,54853212,nan,nan,0.39
8/23/2026 18:15:28,1.17.3,StopSig,57,3.95,nan,1,LeftWithPellet,Left,634,1121,43,54853212,nan,nan,0.22
8/23/2026 18:15:31,1.17.3,StopSig,57,3.95,nan,1,RightWithPellet,Left,634,1122,43,54853212,nan,nan,0.22
8/23/2026 18:15:31,1.17.3,StopSig,57,3.95,nan,1,RightWithPellet,Left,634,1123,43,54853212,nan,nan,0.08
8/23/2026 18:15:35,1.17.3,StopSig,57,3.95,nan,1,LeftWithPellet,Left,635,1123,43,54853212,nan,nan,0.51
8/23/2026 18:15:38,1.17.3,StopSig,57,3.95,nan,1,RightWithPellet,Left,635,1124,43,54853212,nan,nan,0.08
8/23/2026 18:15:39,1.17.3,StopSig,57,3.94,nan,1,RightWithPellet,Left,635,1125,43,54853212,nan,nan,0.41
8/23/2026 18:15:40,1.17.3,StopSig,57,3.95,nan,1,RightWithPellet,Left,635,1126,43,54853212,nan,nan,0.09
8/23/2026 18:15:41,1.17.3,StopSig,57,3.94,nan,1,RightWithPellet,Left,635,1127,43,54853212,nan,nan,0.37
8/23/2026 18:15:43,1.17.3,StopSig,57,3.94,nan,1,LeftWithPellet,Left,636,1127,43,54853212,nan,nan,0.24
8/23/2026 18:15:44,1.17.3,StopSig,57,3.95,nan,1,LeftWithPellet,Left,637,1127,43,54853212,nan,nan,0.03
8/23/2026 18:15:47,1.17.3,StopSig,57,3.94,nan,1,RightWithPellet,Left,637,1128,43,54853212,nan,nan,0.01
8/23/2026 18:15:49,1.17.3,StopSig,57,3.94,nan,1,LeftWithPellet,Left,638,1128,43,54853212,nan,nan,0.25
8/23/2026 18:15:51,1.17.3,StopSig,57,3.94,nan,1,RightWithPellet,Left,638,1129,43,54853212,nan,nan,0.00
8/23/2026 18:22:45,1.17.3,StopSig,57,3.95,nan,1,RightWithPellet,Left,638,1130,43,54853212,nan,nan,0.36
8/23/2026 18:22:46,1.17.3,StopSig,57,3.95,nan,1,RightWithPellet,Left,638,1131,43,54853212,nan,nan,0.11
8/23/2026 18:22:47,1.17.3,StopSig,57,3.94,nan,1,RightWithPellet,Left,638,1132,43,54853212,nan,nan,0.56
8/23/2026 18:22:49,1.17.3,StopSig,57,3.94,nan,1,RightWithPellet,Left,638,1133,43,54853212,nan,nan,0.10
8/23/2026 18:22:50,1.17.3,StopSig,57,3.94,nan,1,RightWithPellet,Left,638,1134,43,54853212,nan,nan,0.04
8/23/2026 18:22:51,1.17.3,StopSig,57,3.94,nan,1,RightWithPellet,Left,638,1135,43,54853212,nan,nan,0.34
8/23/2026 18:22:53,1.17.3,StopSig,57,3.94,nan,1,RightWithPellet,Left,638,1136,43,54853212,nan,nan,0.28
8/23/2026 18:22:57,1.17.3,StopSig,57,3.94,nan,1,RightWithPellet,Left,638,1137,43,54853212,nan,nan,0.01
8/23/2026 18:22:59,1.17.3,StopSig,57,3.94,nan,1,RightWithPellet,Left,638,1138,43,54853212,nan,nan,0.05
8/23/2026 18:23:07,1.17.3,StopSig,57,3.94,nan,1,LeftWithPellet,Left,639,1138,43,54853212,nan,nan,0.17
8/23/2026 18:23:09,1.17.3,StopSig,57,3.94,nan,1,RightWithPellet,Left,639,1139,43,54853212,nan,nan,0.12
8/23/2026 18:24:57,1.17.3,StopSig,57,3.94,nan,1,LeftWithPellet,Left,640,1139,43,54853212,nan,nan,0.21
8/23/2026 18:33:28,1.17.3,StopSig,57,3.95,nan,1,LeftWithPellet,Left,641,1139,43,54853212,nan,nan,0.01
8/23/2026 18:33:46,1.17.3,StopSig,57,3.94,nan,1,LeftWithPellet,Left,642,1139,43,54853212,nan,nan,0.05
8/23/2026 18:33:47,1.17.3,StopSig,57,3.95,nan,1,RightWithPellet,Left,642,1140,43,54853212,nan,nan,0.01
8/23/2026 18:33:50,1.17.3,StopSig,57,3.95,nan,1,LeftWithPellet,Left,643,1140,43,54853212,nan,nan,0.06
8/23/2026 18:33:52,1.17.3,StopSig,57,3.94,nan,1,RightWithPellet,Left,643,1141,43,54853212,nan,nan,0.07
8/23/2026 18:33:57,1.17.3,StopSig,57,3.95,nan,1,RightWithPellet,Left,643,1142,43,54853212,nan,nan,0.11
8/23/2026 18:33:59,1.17.3,StopSig,57,3.95,nan,1,LeftWithPellet,Left,644,1142,43,54853212,nan,nan,0.13
8/23/2026 18:34:00,1.17.3,StopSig,57,3.94,nan,1,LeftWithPellet,Left,645,1142,43,54853212,nan,nan,0.02
8/23/2026 18:34:02,1.17.3,StopSig,57,3.95,nan,1,RightWithPellet,Left,645,1143,43,54853212,nan,nan,0.11
8/23/2026 18:34:03,1.17.3,StopSig,57,3.95,nan,1,RightWithPellet,Left,645,1144,43,54853212,nan,nan,0.11
8/23/2026 18:38:28,1.17.3,StopSig,57,3.95,nan,1,RightWithPellet,Left,645,1145,43,54853212,nan,nan,0.14
8/23/2026 18:38:40,1.17.3,StopSig,57,3.94,nan,1,LeftWithPellet,Left,646,1145,43,54853212,nan,nan,0.04
8/23/2026 18:38:56,1.17.3,StopSig,57,3.94,nan,1,LeftWithPellet,Left,647,1145,43,54853212,nan,nan,0.09
8/23/2026 18:45:02,1.17.3,StopSig,57,3.94,nan,1,RightWithPellet,Left,647,1146,43,54853212,nan,nan,0.04
8/23/2026 18:45:03,1.17.3,StopSig,57,3.95,nan,1,LeftWithPellet,Left,648,1146,43,54853212,nan,nan,0.12
8/23/2026 18:45:05,1.17.3,StopSig,57,3.94,nan,1,LeftWithPellet,Left,649,1146,43,54853212,nan,nan,0.14
8/23/2026 18:45:08,1.17.3,StopSig,57,3.95,nan,1,RightWithPellet,Left,649,1147,43,54853212,nan,nan,0.10
8/23/2026 18:45:15,1.17.3,StopSig,57,3.94,nan,1,RightWithPellet,Left,649,1148,43,54853212,nan,nan,0.09
8/23/2026 18:55:31,1.17.3,StopSig,57,3.95,nan,1,RightWithPellet,Left,649,1149,43,54853212,nan,nan,0.17
8/23/2026 19:02:39,1.17.3,StopSig,57,3.94,nan,1,RightWithPellet,Left,649,1150,43,54853212,nan,nan,0.44
8/23/2026 19:08:17,1.17.3,StopSig,57,3.94,nan,1,RightWithPellet,Left,649,1151,43,54853212,nan,nan,1.81
8/23/2026 19:08:20,1.17.3,StopSig,57,3.94,nan,1,RightWithPellet,Left,649,1152,43,54853212,nan,nan,1.93
8/23/2026 19:08:21,1.17.3,StopSig,57,3.94,nan,1,RightWithPellet,Left,649,1153,43,54853212,nan,nan,0.12
8/23/2026 19:11:55,1.17.3,StopSig,57,3.94,nan,1,RightWithPellet,Left,649,1154,43,54853212,nan,nan,0.03
8/23/2026 19:11:58,1.17.3,StopSig,57,3.94,nan,1,RightWithPellet,Left,649,1155,43,54853212,nan,nan,0.04
8/23/2026 19:12:00,1.17.3,StopSig,57,3.94,nan,1,RightWithPellet,Left,649,1156,43,54853212,nan,nan,0.24
8/23/2026 19:12:01,1.17.3,StopSig,57,3.94,nan,1,LeftWithPellet,Left,650,1156,43,54853212,nan,nan,0.01
8/23/2026 19:12:05,1.17.3,StopSig,57,3.94,nan,1,RightWithPellet,Left,650,1157,43,54853212,nan,nan,0.23
8/23/2026 19:12:09,1.17.3,StopSig,57,3.94,nan,1,RightWithPellet,Left,650,1158,43,54853212,nan,nan,0.02
8/23/2026 19:12:36,1.17.3,StopSig,57,3.94,nan,1,RightWithPellet,Left,650,1159,43,54853212,nan,nan,0.30
8/23/2026 19:13:38,1.17.3,StopSig,57,3.94,nan,1,RightWithPellet,Left,650,1160,43,54853212,nan,nan,0.00
8/23/2026 19:13:39,1.17.3,StopSig,57,3.94,nan,1,RightWithPellet,Left,650,1161,43,54853212,nan,nan,0.12
8/23/2026 19:13:41,1.17.3,StopSig,57,3.94,nan,1,RightWithPellet,Left,650,1162,43,54853212,nan,nan,0.33
8/23/2026 19:13:44,1.17.3,StopSig,57,3.94,nan,1,LeftWithPellet,Left,651,1162,43,54853212,nan,nan,0.10
8/23/2026 19:13:44,1.17.3,StopSig,57,3.94,nan,1,LeftWithPellet,Left,652,1162,43,54853212,nan,nan,0.02
8/23/2026 19:13:45,1.17.3,StopSig,57,3.94,nan,1,RightWithPellet,Left,652,1163,43,54853212,nan,nan,0.18
8/23/2026 19:13:52,1.17.3,StopSig,57,3.94,nan,1,RightWithPellet,Left,652,1164,43,54853212,nan,nan,0.27
8/23/2026 19:13:55,1.17.3,StopSig,57,3.94,nan,1,LeftWithPellet,Left,653,1164,43,54853212,nan,nan,0.12
8/23/2026 19:27:35,1.17.3,StopSig,57,3.95,nan,1,LeftWithPellet,Left,654,1164,43,54853212,nan,nan,0.17
8/23/2026 19:27:40,1.17.3,StopSig,57,3.94,nan,1,LeftWithPellet,Left,655,1164,43,54853212,nan,nan,0.19
8/23/2026 19:27:41,1.17.3,StopSig,57,3.94,nan,1,RightWithPellet,Left,655,1165,43,54853212,nan,nan,0.11
8/23/2026 19:27:42,1.17.3,StopSig,57,3.94,nan,1,RightWithPellet,Left,655,1166,43,54853212,nan,nan,0.22
8/23/2026 19:28:22,1.17.3,StopSig,57,3.94,nan,1,RightWithPellet,Left,655,1167,43,54853212,nan,nan,0.08
8/23/2026 19:28:23,1.17.3,StopSig,57,3.94,nan,1,RightWithPellet,Left,655,1168,43,54853212,nan,nan,0.13
8/23/2026 19:28:27,1.17.3,StopSig,57,3.94,nan,1,LeftWithPellet,Left,656,1168,43,54853212,nan,nan,0.06
8/23/2026 19:28:28,1.17.3,StopSig,57,3.94,nan,1,RightWithPellet,Left,656,1169,43,54853212,nan,nan,0.04
8/23/2026 19:28:29,1.17.3,StopSig,57,3.94,nan,1,RightWithPellet,Left,656,1170,43,54853212,nan,nan,0.08
8/23/2026 19:28:36,1.17.3,StopSig,57,3.94,nan,1,LeftWithPellet,Left,657,1170,43,54853212,nan,nan,0.03
8/23/2026 19:28:44,1.17.3,StopSig,57,3.94,nan,1,RightWithPellet,Left,657,1171,43,54853212,nan,nan,0.15
8/23/2026 19:28:45,1.17.3,StopSig,57,3.94,nan,1,RightWithPellet,Left,657,1172,43,54853212,nan,nan,0.27
8/23/2026 19:28:49,1.17.3,StopSig,57,3.94,nan,1,LeftWithPellet,Left,658,1172,43,54853212,nan,nan,0.25
8/23/2026 19:45:04,1.17.3,StopSig,57,3.94,nan,1,RightWithPellet,Left,658,1173,43,54853212,nan,nan,0.21
8/23/2026 19:45:06,1.17.3,StopSig,57,3.94,nan,1,RightWithPellet,Left,658,1174,43,54853212,nan,nan,0.12
8/23/2026 19:45:09,1.17.3,StopSig,57,3.94,nan,1,LeftWithPellet,Left,659,1174,43,54853212,nan,nan,0.15
8/23/2026 19:45:10,1.17.3,StopSig,57,3.94,nan,1,LeftWithPellet,Left,660,1174,43,54853212,nan,nan,0.04
8/23/2026 19:45:13,1.17.3,StopSig,57,3.94,nan,1,RightWithPellet,Left,660,1175,43,54853212,nan,nan,0.39
8/23/2026 19:45:16,1.17.3,StopSig,57,3.94,nan,1,LeftWithPellet,Left,661,1175,43,54853212,nan,nan,0.05
8/23/2026 19:45:17,1.17.3,StopSig,57,3.94,nan,1,LeftWithPellet,Left,662,1175,43,54853212,nan,nan,0.15
8/23/2026 19:45:18,1.17.3,StopSig,57,3.94,nan,1,RightWithPellet,Left,662,1176,43,54853212,nan,nan,0.19
8/23/2026 19:45:22,1.17.3,StopSig,57,3.94,nan,1,RightWithPellet,Left,662,1177,43,54853212,nan,nan,0.09
8/23/2026 19:45:25,1.17.3,StopSig,57,3.94,nan,1,LeftWithPellet,Left,663,1177,43,54853212,nan,nan,0.37
8/23/2026 19:45:27,1.17.3,StopSig,57,3.94,nan,1,RightWithPellet,Left,663,1178,43,54853212,nan,nan,0.30
8/23/2026 19:45:29,1.17.3,StopSig,57,3.94,nan,1,LeftWithPellet,Left,664,1178,43,54853212,nan,nan,0.39
8/23/2026 19:45:31,1.17.3,StopSig,57,3.94,nan,1,RightWithPellet,Left,664,1179,43,54853212,nan,nan,0.03
8/23/2026 19:45:31,1.17.3,StopSig,57,3.94,nan,1,RightWithPellet,Left,664,1180,43,54853212,nan,nan,0.02
8/23/2026 19:45:33,1.17.3,StopSig,57,3.94,nan,1,LeftWithPellet,Left,665,1180,43,54853212,nan,nan,0.52
8/23/2026 19:45:34,1.17.3,StopSig,57,3.93,nan,1,LeftWithPellet,Left,666,1180,43,54853212,nan,nan,0.12
8/23/2026 19:45:37,1.17.3,StopSig,57,3.93,nan,1,RightWithPellet,Left,666,1181,43,54853212,nan,nan,0.46
8/23/2026 19:45:38,1.17.3,StopSig,57,3.93,nan,1,RightWithPellet,Left,666,1182,43,54853212,nan,nan,0.26
8/23/2026 19:45:43,1.17.3,StopSig,57,3.93,nan,1,LeftWithPellet,Left,667,1182,43,54853212,nan,nan,0.19
8/23/2026 19:45:45,1.17.3,StopSig,57,3.94,nan,1,LeftWithPellet,Left,668,1182,43,54853212,nan,nan,0.22
8/23/2026 19:45:48,1.17.3,StopSig,57,3.94,nan,1,RightWithPellet,Left,668,1183,43,54853212,nan,nan,0.02
8/23/2026 19:45:51,1.17.3,StopSig,57,3.94,nan,1,LeftWithPellet,Left,669,1183,43,54853212,nan,nan,0.16
8/23/2026 19:45:54,1.17.3,StopSig,57,3.94,nan,1,RightWithPellet,Left,669,1184,43,54853212,nan,nan,0.30
8/23/2026 19:45:56,1.17.3,StopSig,57,3.94,nan,1,LeftWithPellet,Left,670,1184,43,54853212,nan,nan,0.01
8/23/2026 19:46:00,1.17.3,StopSig,57,3.94,nan,1,RightWithPellet,Left,670,1185,43,54853212,nan,nan,0.48
8/23/2026 19:46:03,1.17.3,StopSig,57,3.94,nan,1,LeftWithPellet,Left,671,1185,43,54853212,nan,nan,0.51
8/23/2026 19:46:04,1.17.3,StopSig,57,3.94,nan,1,LeftWithPellet,Left,672,1185,43,54853212,nan,nan,0.19
8/23/2026 19:46:05,1.17.3,StopSig,57,3.94,nan,1,RightWithPellet,Left,672,1186,43,54853212,nan,nan,0.10
8/23/2026 19:46:06,1.17.3,StopSig,57,3.94,nan,1,RightWithPellet,Left,672,1187,43,54853212,nan,nan,0.18
8/23/2026 19:46:10,1.17.3,StopSig,57,3.94,nan,1,LeftWithPellet,Left,673,1187,43,54853212,nan,nan,0.10
8/23/2026 19:46:11,1.17.3,StopSig,57,3.94,nan,1,LeftWithPellet,Left,674,1187,43,54853212,nan,nan,0.24
8/23/2026 19:46:12,1.17.3,StopSig,57,3.94,nan,1,RightWithPellet,Left,674,1188,43,54853212,nan,nan,0.11
8/23/2026 19:46:15,1.17.3,StopSig,57,3.94,nan,1,LeftWithPellet,Left,675,1188,43,54853212,nan,nan,0.04
8/23/2026 19:46:16,1.17.3,StopSig,57,3.94,nan,1,LeftWithPellet,Left,676,1188,43,54853212,nan,nan,0.35
8/23/2026 19:46:17,1.17.3,StopSig,57,3.94,nan,1,RightWithPellet,Left,676,1189,43,54853212,nan,nan,0.07
8/23/2026 19:46:24,1.17.3,StopSig,57,3.94,nan,1,LeftWithPellet,Left,677,1189,43,54853212,nan,nan,0.50
8/23/2026 19:46:25,1.17.3,StopSig,57,3.94,nan,1,RightWithPellet,Left,677,1190,43,54853212,nan,nan,0.02
8/23/2026 19:46:28,1.17.3,StopSig,57,3.94,nan,1,RightWithPellet,Left,677,1191,43,54853212,nan,nan,0.15
8/23/2026 19:46:30,1.17.3,StopSig,57,3.94,nan,1,LeftWithPellet,Left,678,1191,43,54853212,nan,nan,0.07
8/23/2026 19:46:30,1.17.3,StopSig,57,3.94,nan,1,LeftWithPellet,Left,679,1191,43,54853212,nan,nan,0.08
8/23/2026 19:46:32,1.17.3,StopSig,57,3.94,nan,1,RightWithPellet,Left,679,1192,43,54853212,nan,nan,0.05
8/23/2026 19:46:34,1.17.3,StopSig,57,3.94,nan,1,RightWithPellet,Left,679,1193,43,54853212,nan,nan,0.52
8/23/2026 19:46:38,1.17.3,StopSig,57,3.94,nan,1,LeftWithPellet,Left,680,1193,43,54853212,nan,nan,0.20
8/23/2026 19:46:42,1.17.3,StopSig,57,3.94,nan,1,LeftWithPellet,Left,681,1193,43,54853212,nan,nan,0.25
8/23/2026 19:46:43,1.17.3,StopSig,57,3.94,nan,1,LeftWithPellet,Left,682,1193,43,54853212,nan,nan,0.03
8/23/2026 19:46:43,1.17.3,StopSig,57,3.94,nan,1,LeftWithPellet,Left,683,1193,43,54853212,nan,nan,0.03
8/23/2026 19:46:46,1.17.3,StopSig,57,3.94,nan,1,RightWithPellet,Left,683,1194,43,54853212,nan,nan,0.22
8/23/2026 19:46:49,1.17.3,StopSig,57,3.94,nan,1,LeftWithPellet,Left,684,1194,43,54853212,nan,nan,0.16
8/23/2026 19:46:53,1.17.3,StopSig,57,3.94,nan,1,LeftWithPellet,Left,685,1194,43,54853212,nan,nan,0.14
8/23/2026 19:54:19,1.17.3,StopSig,57,3.94,nan,1,LeftWithPellet,Left,686,1194,43,54853212,nan,nan,0.09
8/23/2026 19:54:20,1.17.3,StopSig,57,3.94,nan,1,RightWithPellet,Left,686,1195,43,54853212,nan,nan,0.06
8/23/2026 19:55:29,1.17.3,StopSig,57,3.94,nan,1,RightWithPellet,Left,686,1196,43,54853212,nan,nan,0.04
8/23/2026 19:55:29,1.17.3,StopSig,57,3.94,nan,1,RightWithPellet,Left,686,1197,43,54853212,nan,nan,0.10
8/23/2026 19:55:31,1.17.3,StopSig,57,3.94,nan,1,LeftWithPellet,Left,687,1197,43,54853212,nan,nan,0.06
8/23/2026 19:55:34,1.17.3,StopSig,57,3.94,nan,1,RightWithPellet,Left,687,1198,43,54853212,nan,nan,0.50
8/23/2026 19:55:36,1.17.3,StopSig,57,3.94,nan,1,LeftWithPellet,Left,688,1198,43,54853212,nan,nan,0.10
8/23/2026 19:55:39,1.17.3,StopSig,57,3.94,nan,1,RightWithPellet,Left,688,1199,43,54853212,nan,nan,0.01
8/23/2026 19:55:42,1.17.3,StopSig,57,3.94,nan,1,LeftWithPellet,Left,689,1199,43,54853212,nan,nan,0.49
8/23/2026 19:55:43,1.17.3,StopSig,57,3.94,nan,1,LeftWithPellet,Left,690,1199,43,54853212,nan,nan,0.15
8/23/2026 19:55:45,1.17.3,StopSig,57,3.94,nan,1,RightWithPellet,Left,690,1200,43,54853212,nan,nan,0.13
8/23/2026 19:55:46,1.17.3,StopSig,57,3.94,nan,1,LeftWithPellet,Left,691,1200,43,54853212,nan,nan,0.41
8/23/2026 19:55:48,1.17.3,StopSig,57,3.94,nan,1,RightWithPellet,Left,691,1201,43,54853212,nan,nan,0.02
8/23/2026 19:55:51,1.17.3,StopSig,57,3.94,nan,1,LeftWithPellet,Left,692,1201,43,54853212,nan,nan,0.64
8/23/2026 19:55:54,1.17.3,StopSig,57,3.94,nan,1,RightWithPellet,Left,692,1202,43,54853212,nan,nan,0.02
8/23/2026 19:55:58,1.17.3,StopSig,57,3.94,nan,1,LeftWithPellet,Left,693,1202,43,54853212,nan,nan,0.54
8/23/2026 19:56:00,1.17.3,StopSig,57,3.94,nan,1,RightWithPellet,Left,693,1203,43,54853212,nan,nan,0.09
8/23/2026 19:56:04,1.17.3,StopSig,57,3.94,nan,1,RightWithPellet,Left,693,1204,43,54853212,nan,nan,0.50
8/23/2026 19:56:06,1.17.3,StopSig,57,3.94,nan,1,LeftWithPellet,Left,694,1204,43,54853212,nan,nan,0.59
8/23/2026 19:56:08,1.17.3,StopSig,57,3.94,nan,1,RightWithPellet,Left,694,1205,43,54853212,nan,nan,0.40
8/23/2026 19:56:11,1.17.3,StopSig,57,3.94,nan,1,LeftWithPellet,Left,695,1205,43,54853212,nan,nan,0.14
8/23/2026 19:56:12,1.17.3,StopSig,57,3.94,nan,1,LeftWithPellet,Left,696,1205,43,54853212,nan,nan,0.27
8/23/2026 19:56:14,1.17.3,StopSig,57,3.94,nan,1,RightWithPellet,Left,696,1206,43,54853212,nan,nan,0.04
8/23/2026 19:56:18,1.17.3,StopSig,57,3.94,nan,1,RightWithPellet,Left,696,1207,43,54853212,nan,nan,0.76
8/23/2026 19:56:21,1.17.3,StopSig,57,3.94,nan,1,LeftWithPellet,Left,697,1207,43,54853212,nan,nan,0.34
8/23/2026 19:56:31,1.17.3,StopSig,57,3.94,nan,1,LeftWithPellet,Left,698,1207,43,54853212,nan,nan,0.05
8/23/2026 19:56:36,1.17.3,StopSig,57,3.94,nan,1,RightWithPellet,Left,698,1208,43,54853212,nan,nan,0.12
8/23/2026 19:56:41,1.17.3,StopSig,57,3.94,nan,1,LeftWithPellet,Left,699,1208,43,54853212,nan,nan,0.14
8/23/2026 19:56:47,1.17.3,StopSig,57,3.94,nan,1,RightWithPellet,Left,699,1209,43,54853212,nan,nan,0.07
8/23/2026 19:56:51,1.17.3,StopSig,57,3.94,nan,1,LeftWithPellet,Left,700,1209,43,54853212,nan,nan,0.19
8/23/2026 19:58:16,1.17.3,StopSig,57,3.94,nan,1,LeftWithPellet,Left,701,1209,43,54853212,nan,nan,0.10
8/23/2026 19:58:44,1.17.3,StopSig,57,3.94,nan,1,RightWithPellet,Left,701,1210,43,54853212,nan,nan,0.20
8/23/2026 20:11:46,1.17.3,StopSig,57,3.94,nan,1,RightWithPellet,Left,701,1211,43,54853212,nan,nan,0.06
8/23/2026 20:12:25,1.17.3,StopSig,57,3.94,nan,1,RightWithPellet,Left,701,1212,43,54853212,nan,nan,0.09
8/23/2026 20:12:25,1.17.3,StopSig,57,3.94,nan,1,RightWithPellet,Left,701,1213,43,54853212,nan,nan,0.01
8/23/2026 20:15:16,1.17.3,StopSig,57,3.94,nan,1,RightWithPellet,Left,701,1214,43,54853212,nan,nan,0.02
8/23/2026 20:15:17,1.17.3,StopSig,57,3.94,nan,1,RightWithPellet,Left,701,1215,43,54853212,nan,nan,0.10
8/23/2026 20:15:19,1.17.3,StopSig,57,3.94,nan,1,LeftWithPellet,Left,702,1215,43,54853212,nan,nan,0.30
8/23/2026 20:15:22,1.17.3,StopSig,57,3.94,nan,1,RightWithPellet,Left,702,1216,43,54853212,nan,nan,0.25
8/23/2026 20:15:22,1.17.3,StopSig,57,3.94,nan,1,RightWithPellet,Left,702,1217,43,54853212,nan,nan,0.09
8/23/2026 20:15:24,1.17.3,StopSig,57,3.94,nan,1,RightWithPellet,Left,702,1218,43,54853212,nan,nan,0.18
8/23/2026 20:15:25,1.17.3,StopSig,57,3.94,nan,1,RightWithPellet,Left,702,1219,43,54853212,nan,nan,0.08
8/23/2026 20:15:29,1.17.3,StopSig,57,3.94,nan,1,RightWithPellet,Left,702,1220,43,54853212,nan,nan,0.01
8/23/2026 20:15:31,1.17.3,StopSig,57,3.94,nan,1,LeftWithPellet,Left,703,1220,43,54853212,nan,nan,0.42
8/23/2026 20:15:32,1.17.3,StopSig,57,3.94,nan,1,RightWithPellet,Left,703,1221,43,54853212,nan,nan,0.00
8/23/2026 20:15:34,1.17.3,StopSig,57,3.94,nan,1,RightWithPellet,Left,703,1222,43,54853212,nan,nan,0.25
8/23/2026 20:15:36,1.17.3,StopSig,57,3.94,nan,1,LeftWithPellet,Left,704,1222,43,54853212,nan,nan,0.03
8/23/2026 20:15:37,1.17.3,StopSig,57,3.94,nan,1,RightWithPellet,Left,704,1223,43,54853212,nan,nan,0.07
8/23/2026 20:15:38,1.17.3,StopSig,57,3.94,nan,1,RightWithPellet,Left,704,1224,43,54853212,nan,nan,0.04
8/23/2026 20:15:39,1.17.3,StopSig,57,3.94,nan,1,RightWithPellet,Left,704,1225,43,54853212,nan,nan,0.29
8/23/2026 20:15:45,1.17.3,StopSig,57,3.94,nan,1,RightWithPellet,Left,704,1226,43,54853212,nan,nan,0.37
8/23/2026 20:15:51,1.17.3,StopSig,57,3.94,nan,1,RightWithPellet,Left,704,1227,43,54853212,nan,nan,0.36
8/23/2026 20:15:57,1.17.3,StopSig,57,3.94,nan,1,LeftWithPellet,Left,705,1227,43,54853212,nan,nan,0.30
8/23/2026 20:16:02,1.17.3,StopSig,57,3.94,nan,1,RightWithPellet,Left,705,1228,43,54853212,nan,nan,0.56
8/23/2026 20:16:03,1.17.3,StopSig,57,3.94,nan,1,RightWithPellet,Left,705,1229,43,54853212,nan,nan,0.15
8/23/2026 20:16:04,1.17.3,StopSig,57,3.94,nan,1,LeftWithPellet,Left,706,1229,43,54853212,nan,nan,0.02
8/23/2026 20:16:08,1.17.3,StopSig,57,3.94,nan,1,LeftWithPellet,Left,707,1229,43,54853212,nan,nan,0.10
8/23/2026 20:16:09,1.17.3,StopSig,57,3.94,nan,1,LeftWithPellet,Left,708,1229,43,54853212,nan,nan,0.07
8/23/2026 20:16:10,1.17.3,StopSig,57,3.94,nan,1,RightWithPellet,Left,708,1230,43,54853212,nan,nan,0.06
8/23/2026 20:16:12,1.17.3,StopSig,57,3.94,nan,1,LeftWithPellet,Left,709,1230,43,54853212,nan,nan,0.12
8/23/2026 20:16:12,1.17.3,StopSig,57,3.94,nan,1,LeftWithPellet,Left,710,1230,43,54853212,nan,nan,0.04
8/23/2026 20:16:13,1.17.3,StopSig,57,3.94,nan,1,RightWithPellet,Left,710,1231,43,54853212,nan,nan,0.03
8/23/2026 20:16:15,1.17.3,StopSig,57,3.94,nan,1,LeftWithPellet,Left,711,1231,43,54853212,nan,nan,0.17
8/23/2026 20:16:16,1.17.3,StopSig,57,3.93,nan,1,RightWithPellet,Left,711,1232,43,54853212,nan,nan,0.06
8/23/2026 20:16:18,1.17.3,StopSig,57,3.94,nan,1,RightWithPellet,Left,711,1233,43,54853212,nan,nan,0.53
8/23/2026 20:16:19,1.17.3,StopSig,57,3.94,nan,1,RightWithPellet,Left,711,1234,43,54853212,nan,nan,0.04
8/23/2026 20:16:20,1.17.3,StopSig,57,3.94,nan,1,RightWithPellet,Left,711,1235,43,54853212,nan,nan,0.28
8/23/2026 20:16:23,1.17.3,StopSig,57,3.94,nan,1,LeftWithPellet,Left,712,1235,43,54853212,nan,nan,0.20
8/23/2026 20:16:24,1.17.3,StopSig,57,3.94,nan,1,RightWithPellet,Left,712,1236,43,54853212,nan,nan,0.07
8/23/2026 20:16:27,1.17.3,StopSig,57,3.94,nan,1,RightWithPellet,Left,712,1237,43,54853212,nan,nan,0.12
8/23/2026 20:16:31,1.17.3,StopSig,57,3.94,nan,1,RightWithPellet,Left,712,1238,43,54853212,nan,nan,0.06
8/23/2026 20:16:38,1.17.3,StopSig,57,3.94,nan,1,RightWithPellet,Left,712,1239,43,54853212,nan,nan,0.06
8/23/2026 20:16:41,1.17.3,StopSig,57,3.94,nan,1,RightWithPellet,Left,712,1240,43,54853212,nan,nan,0.13
8/23/2026 20:16:47,1.17.3,StopSig,57,3.94,nan,1,LeftWithPellet,Left,713,1240,43,54853212,nan,nan,0.07
8/23/2026 20:16:49,1.17.3,StopSig,57,3.94,nan,1,RightWithPellet,Left,713,1241,43,54853212,nan,nan,0.18
8/23/2026 20:16:54,1.17.3,StopSig,57,3.94,nan,1,LeftWithPellet,Left,714,1241,43,54853212,nan,nan,0.20
8/23/2026 20:16:56,1.17.3,StopSig,57,3.93,nan,1,RightWithPellet,Left,714,1242,43,54853212,nan,nan,0.02
8/23/2026 20:16:58,1.17.3,StopSig,57,3.94,nan,1,RightWithPellet,Left,714,1243,43,54853212,nan,nan,0.39
8/23/2026 20:16:59,1.17.3,StopSig,57,3.93,nan,1,LeftWithPellet,Left,715,1243,43,54853212,nan,nan,0.04
8/23/2026 20:17:00,1.17.3,StopSig,57,3.94,nan,1,LeftWithPellet,Left,716,1243,43,54853212,nan,nan,0.20
8/23/2026 20:32:35,1.17.3,StopSig,57,3.94,nan,1,LeftWithPellet,Left,717,1243,43,54853212,nan,nan,0.07
8/23/2026 20:32:36,1.17.3,StopSig,57,3.94,nan,1,RightWithPellet,Left,717,1244,43,54853212,nan,nan,0.06
8/23/2026 20:47:17,1.17.3,StopSig,57,3.94,nan,1,LeftWithPellet,Left,718,1244,43,54853212,nan,nan,0.03
8/23/2026 20:47:20,1.17.3,StopSig,57,3.94,nan,1,RightWithPellet,Left,718,1245,43,54853212,nan,nan,0.10
8/23/2026 20:47:23,1.17.3,StopSig,57,3.94,nan,1,RightWithPellet,Left,718,1246,43,54853212,nan,nan,0.09
8/23/2026 20:47:26,1.17.3,StopSig,57,3.94,nan,1,LeftWithPellet,Left,719,1246,43,54853212,nan,nan,0.17
8/23/2026 20:47:35,1.17.3,StopSig,57,3.93,nan,1,LeftWithPellet,Left,720,1246,43,54853212,nan,nan,0.14
8/23/2026 20:47:39,1.17.3,StopSig,57,3.94,nan,1,RightWithPellet,Left,720,1247,43,54853212,nan,nan,0.06
8/23/2026 20:47:42,1.17.3,StopSig,57,3.94,nan,1,LeftWithPellet,Left,721,1247,43,54853212,nan,nan,0.51
8/23/2026 20:47:44,1.17.3,StopSig,57,3.93,nan,1,RightWithPellet,Left,721,1248,43,54853212,nan,nan,0.15
8/23/2026 20:47:46,1.17.3,StopSig,57,3.94,nan,1,RightWithPellet,Left,721,1249,43,54853212,nan,nan,0.44
8/23/2026 20:47:49,1.17.3,StopSig,57,3.94,nan,1,LeftWithPellet,Left,722,1249,43,54853212,nan,nan,0.34
8/23/2026 20:47:58,1.17.3,StopSig,57,3.94,nan,1,LeftWithPellet,Left,723,1249,43,54853212,nan,nan,0.11
8/23/2026 20:47:59,1.17.3,StopSig,57,3.93,nan,1,RightWithPellet,Left,723,1250,43,54853212,nan,nan,0.10
8/23/2026 20:53:04,1.17.3,StopSig,57,3.93,nan,1,RightWithPellet,Left,723,1251,43,54853212,nan,nan,0.02
8/23/2026 20:53:07,1.17.3,StopSig,57,3.94,nan,1,LeftWithPellet,Left,724,1251,43,54853212,nan,nan,0.08
8/23/2026 20:53:09,1.17.3,StopSig,57,3.94,nan,1,RightWithPellet,Left,724,1252,43,54853212,nan,nan,0.23
8/23/2026 20:53:13,1.17.3,StopSig,57,3.94,nan,1,RightWithPellet,Left,724,1253,43,54853212,nan,nan,0.19
8/23/2026 20:53:14,1.17.3,StopSig,57,3.94,nan,1,LeftWithPellet,Left,725,1253,43,54853212,nan,nan,0.06
8/23/2026 20:53:47,1.17.3,StopSig,57,3.94,nan,1,RightWithPellet,Left,725,1254,43,54853212,nan,nan,0.81
8/23/2026 20:53:56,1.17.3,StopSig,57,3.93,nan,1,RightWithPellet,Left,725,1255,43,54853212,nan,nan,0.14
8/23/2026 20:53:58,1.17.3,StopSig,57,3.93,nan,1,LeftWithPellet,Left,726,1255,43,54853212,nan,nan,0.10
8/23/2026 20:53:59,1.17.3,StopSig,57,3.93,nan,1,RightWithPellet,Left,726,1256,43,54853212,nan,nan,0.04
8/23/2026 20:54:00,1.17.3,StopSig,57,3.94,nan,1,RightWithPellet,Left,726,1257,43,54853212,nan,nan,0.23
8/23/2026 20:54:04,1.17.3,StopSig,57,3.94,nan,1,RightWithPellet,Left,726,1258,43,54853212,nan,nan,0.26
8/23/2026 20:54:05,1.17.3,StopSig,57,3.93,nan,1,LeftWithPellet,Left,727,1258,43,54853212,nan,nan,0.03
8/23/2026 21:01:21,1.17.3,StopSig,57,3.94,nan,1,LeftWithPellet,Left,728,1258,43,54853212,nan,nan,0.11
8/23/2026 21:01:21,1.17.3,StopSig,57,3.94,nan,1,RightWithPellet,Left,728,1259,43,54853212,nan,nan,0.07
8/23/2026 21:01:23,1.17.3,StopSig,57,3.93,nan,1,RightWithPellet,Left,728,1260,43,54853212,nan,nan,0.16
8/23/2026 21:01:26,1.17.3,StopSig,57,3.94,nan,1,RightWithPellet,Left,728,1261,43,54853212,nan,nan,0.11
8/23/2026 21:03:33,1.17.3,StopSig,57,3.93,nan,1,LeftWithPellet,Left,729,1261,43,54853212,nan,nan,0.24
8/23/2026 21:03:35,1.17.3,StopSig,57,3.94,nan,1,RightWithPellet,Left,729,1262,43,54853212,nan,nan,0.18
8/23/2026 21:03:37,1.17.3,StopSig,57,3.94,nan,1,LeftWithPellet,Left,730,1262,43,54853212,nan,nan,0.29
8/23/2026 21:16:02,1.17.3,StopSig,57,3.93,nan,1,RightWithPellet,Left,730,1263,43,54853212,nan,nan,0.12
8/23/2026 21:16:04,1.17.3,StopSig,57,3.93,nan,1,LeftWithPellet,Left,731,1263,43,54853212,nan,nan,0.18
8/23/2026 21:22:47,1.17.3,StopSig,57,3.94,nan,1,RightWithPellet,Left,731,1264,43,54853212,nan,nan,0.11
8/23/2026 21:24:55,1.17.3,StopSig,57,3.93,nan,1,RightWithPellet,Left,731,1265,43,54853212,nan,nan,0.03
8/23/2026 21:24:57,1.17.3,StopSig,57,3.93,nan,1,LeftWithPellet,Left,732,1265,43,54853212,nan,nan,0.16
8/23/2026 21:24:59,1.17.3,StopSig,57,3.93,nan,1,RightWithPellet,Left,732,1266,43,54853212,nan,nan,0.15
8/23/2026 21:52:22,1.17.3,StopSig,57,3.93,nan,1,LeftWithPellet,Left,733,1266,43,54853212,nan,nan,0.04
8/23/2026 21:52:23,1.17.3,StopSig,57,3.93,nan,1,RightWithPellet,Left,733,1267,43,54853212,nan,nan,0.12
8/23/2026 21:52:24,1.17.3,StopSig,57,3.93,nan,1,RightWithPellet,Left,733,1268,43,54853212,nan,nan,0.16
8/23/2026 21:56:54,1.17.3,StopSig,57,3.93,nan,1,RightWithPellet,Left,733,1269,43,54853212,nan,nan,0.08
8/23/2026 21:56:56,1.17.3,StopSig,57,3.93,nan,1,RightWithPellet,Left,733,1270,43,54853212,nan,nan,0.08
8/23/2026 21:56:57,1.17.3,StopSig,57,3.93,nan,1,RightWithPellet,Left,733,1271,43,54853212,nan,nan,0.26
8/23/2026 21:57:00,1.17.3,StopSig,57,3.92,nan,1,LeftWithPellet,Left,734,1271,43,54853212,nan,nan,0.25
8/23/2026 21:57:02,1.17.3,StopSig,57,3.93,nan,1,RightWithPellet,Left,734,1272,43,54853212,nan,nan,0.04
8/23/2026 21:57:05,1.17.3,StopSig,57,3.93,nan,1,LeftWithPellet,Left,735,1272,43,54853212,nan,nan,0.50
8/23/2026 21:57:05,1.17.3,StopSig,57,3.93,nan,1,RightWithPellet,Left,735,1273,43,54853212,nan,nan,0.07
8/23/2026 21:57:07,1.17.3,StopSig,57,3.93,nan,1,RightWithPellet,Left,735,1274,43,54853212,nan,nan,0.19
8/23/2026 21:57:09,1.17.3,StopSig,57,3.93,nan,1,RightWithPellet,Left,735,1275,43,54853212,nan,nan,0.44
8/23/2026 21:57:10,1.17.3,StopSig,57,3.93,nan,1,LeftWithPellet,Left,736,1275,43,54853212,nan,nan,0.17
8/23/2026 21:57:13,1.17.3,StopSig,57,3.93,nan,1,RightWithPellet,Left,736,1276,43,54853212,nan,nan,0.06
8/23/2026 21:57:13,1.17.3,StopSig,57,3.93,nan,1,RightWithPellet,Left,736,1277,43,54853212,nan,nan,0.16
8/23/2026 21:57:16,1.17.3,StopSig,57,3.93,nan,1,RightWithPellet,Left,736,1278,43,54853212,nan,nan,0.08
8/23/2026 21:57:19,1.17.3,StopSig,57,3.93,nan,1,LeftWithPellet,Left,737,1278,43,54853212,nan,nan,0.27
8/23/2026 21:57:20,1.17.3,StopSig,57,3.93,nan,1,RightWithPellet,Left,737,1279,43,54853212,nan,nan,0.09
8/23/2026 21:57:25,1.17.3,StopSig,57,3.93,nan,1,RightWithPellet,Left,737,1280,43,54853212,nan,nan,0.23
8/23/2026 21:57:30,1.17.3,StopSig,57,3.94,nan,1,RightWithPellet,Left,737,1281,43,54853212,nan,nan,0.65
8/23/2026 21:57:33,1.17.3,StopSig,57,3.93,nan,1,LeftWithPellet,Left,738,1281,43,54853212,nan,nan,0.68
8/23/2026 21:57:38,1.17.3,StopSig,57,3.93,nan,1,LeftWithPellet,Left,739,1281,43,54853212,nan,nan,0.02
8/23/2026 21:57:41,1.17.3,StopSig,57,3.93,nan,1,RightWithPellet,Left,739,1282,43,54853212,nan,nan,0.00
8/23/2026 21:57:42,1.17.3,StopSig,57,3.93,nan,1,RightWithPellet,Left,739,1283,43,54853212,nan,nan,0.13
8/23/2026 21:57:44,1.17.3,StopSig,57,3.93,nan,1,LeftWithPellet,Left,740,1283,43,54853212,nan,nan,0.14
8/23/2026 22:09:52,1.17.3,StopSig,57,3.93,nan,1,LeftWithPellet,Left,741,1283,43,54853212,nan,nan,0.01
8/23/2026 22:09:58,1.17.3,StopSig,57,3.93,nan,1,RightWithPellet,Left,741,1284,43,54853212,nan,nan,0.17
8/23/2026 22:09:59,1.17.3,StopSig,57,3.93,nan,1,LeftWithPellet,Left,742,1284,43,54853212,nan,nan,0.03
8/23/2026 22:24:05,1.17.3,StopSig,57,3.93,nan,1,LeftWithPellet,Left,743,1284,43,54853212,nan,nan,0.00
8/23/2026 22:24:22,1.17.3,StopSig,57,3.93,nan,1,RightWithPellet,Left,743,1285,43,54853212,nan,nan,0.14
8/23/2026 22:24:25,1.17.3,StopSig,57,3.93,nan,1,LeftWithPellet,Left,744,1285,43,54853212,nan,nan,0.25
8/23/2026 22:24:26,1.17.3,StopSig,57,3.93,nan,1,RightWithPellet,Left,744,1286,43,54853212,nan,nan,0.16
8/23/2026 22:24:28,1.17.3,StopSig,57,3.93,nan,1,LeftWithPellet,Left,745,1286,43,54853212,nan,nan,0.22
8/23/2026 22:29:19,1.17.3,StopSig,57,3.93,nan,1,RightWithPellet,Left,745,1287,43,54853212,nan,nan,0.01
8/23/2026 22:29:20,1.17.3,StopSig,57,3.93,nan,1,RightWithPellet,Left,745,1288,43,54853212,nan,nan,0.10
8/23/2026 22:33:48,1.17.3,StopSig,57,3.93,nan,1,LeftWithPellet,Left,746,1288,43,54853212,nan,nan,0.06
8/23/2026 22:33:50,1.17.3,StopSig,57,3.93,nan,1,RightWithPellet,Left,746,1289,43,54853212,nan,nan,0.25
8/23/2026 22:33:59,1.17.3,StopSig,57,3.93,nan,1,RightWithPellet,Left,746,1290,43,54853212,nan,nan,0.20
8/23/2026 22:34:02,1.17.3,StopSig,57,3.93,nan,1,RightWithPellet,Left,746,1291,43,54853212,nan,nan,0.04
8/23/2026 22:39:56,1.17.3,StopSig,57,3.93,nan,1,RightWithPellet,Left,746,1292,43,54853212,nan,nan,0.11
8/23/2026 22:39:57,1.17.3,StopSig,57,3.93,nan,1,LeftWithPellet,Left,747,1292,43,54853212,nan,nan,0.19
8/23/2026 22:41:51,1.17.3,StopSig,57,3.93,nan,1,RightWithPellet,Left,747,1293,43,54853212,nan,nan,0.12
8/23/2026 22:42:31,1.17.3,StopSig,57,3.93,nan,1,RightWithPellet,Left,747,1294,43,54853212,nan,nan,0.02
8/23/2026 22:43:02,1.17.3,StopSig,57,3.93,nan,1,RightWithPellet,Left,747,1295,43,54853212,nan,nan,0.00
8/23/2026 22:43:20,1.17.3,StopSig,57,3.93,nan,1,RightWithPellet,Left,747,1296,43,54853212,nan,nan,0.12
8/23/2026 22:43:22,1.17.3,StopSig,57,3.93,nan,1,LeftWithPellet,Left,748,1296,43,54853212,nan,nan,0.03
8/23/2026 22:49:15,1.17.3,StopSig,57,3.93,nan,1,RightWithPellet,Left,748,1297,43,54853212,nan,nan,0.26
8/23/2026 22:49:15,1.17.3,StopSig,57,3.93,nan,1,RightWithPellet,Left,748,1298,43,54853212,nan,nan,0.05
8/23/2026 22:49:16,1.17.3,StopSig,57,3.93,nan,1,LeftWithPellet,Left,749,1298,43,54853212,nan,nan,0.03
8/23/2026 22:49:18,1.17.3,StopSig,57,3.93,nan,1,RightWithPellet,Left,749,1299,43,54853212,nan,nan,0.21
8/23/2026 22:49:21,1.17.3,StopSig,57,3.93,nan,1,RightWithPellet,Left,749,1300,43,54853212,nan,nan,0.19
8/23/2026 22:49:22,1.17.3,StopSig,57,3.93,nan,1,LeftWithPellet,Left,750,1300,43,54853212,nan,nan,0.12
8/23/2026 22:49:29,1.17.3,StopSig,57,3.93,nan,1,RightWithPellet,Left,750,1301,43,54853212,nan,nan,0.18
8/23/2026 22:49:30,1.17.3,StopSig,57,3.93,nan,1,RightWithPellet,Left,750,1302,43,54853212,nan,nan,0.08
8/23/2026 22:49:32,1.17.3,StopSig,57,3.93,nan,1,LeftWithPellet,Left,751,1302,43,54853212,nan,nan,0.08
8/23/2026 22:49:34,1.17.3,StopSig,57,3.93,nan,1,RightWithPellet,Left,751,1303,43,54853212,nan,nan,0.37
8/23/2026 22:49:35,1.17.3,StopSig,57,3.93,nan,1,LeftWithPellet,Left,752,1303,43,54853212,nan,nan,0.28
8/23/2026 22:49:36,1.17.3,StopSig,57,3.93,nan,1,RightWithPellet,Left,752,1304,43,54853212,nan,nan,0.04
8/23/2026 22:49:37,1.17.3,StopSig,57,3.93,nan,1,RightWithPellet,Left,752,1305,43,54853212,nan,nan,0.28
8/23/2026 22:49:38,1.17.3,StopSig,57,3.93,nan,1,RightWithPellet,Left,752,1306,43,54853212,nan,nan,0.09
8/23/2026 22:50:03,1.17.3,StopSig,57,3.93,nan,1,RightWithPellet,Left,752,1307,43,54853212,nan,nan,0.06
8/23/2026 23:00:35,1.17.3,StopSig,57,3.93,nan,1,RightWithPellet,Left,752,1308,43,54853212,nan,nan,0.02
8/23/2026 23:00:37,1.17.3,StopSig,57,3.93,nan,1,LeftWithPellet,Left,753,1308,43,54853212,nan,nan,0.07
8/23/2026 23:06:13,1.17.3,StopSig,57,3.92,nan,1,LeftWithPellet,Left,754,1308,43,54853212,nan,nan,0.01
8/23/2026 23:06:13,1.17.3,StopSig,57,3.93,nan,1,RightWithPellet,Left,754,1309,43,54853212,nan,nan,0.07
8/23/2026 23:06:16,1.17.3,StopSig,57,3.93,nan,1,LeftWithPellet,Left,755,1309,43,54853212,nan,nan,0.06
8/23/2026 23:06:19,1.17.3,StopSig,57,3.93,nan,1,RightWithPellet,Left,755,1310,43,54853212,nan,nan,0.08
8/23/2026 23:15:56,1.17.3,StopSig,57,3.93,nan,1,RightWithPellet,Left,755,1311,43,54853212,nan,nan,0.09
8/23/2026 23:16:07,1.17.3,StopSig,57,3.93,nan,1,RightWithPellet,Left,755,1312,43,54853212,nan,nan,0.20
8/23/2026 23:16:08,1.17.3,StopSig,57,3.93,nan,1,LeftWithPellet,Left,756,1312,43,54853212,nan,nan,0.23
8/23/2026 23:19:11,1.17.3,StopSig,57,3.93,nan,1,LeftWithPellet,Left,757,1312,43,54853212,nan,nan,0.16
8/23/2026 23:23:38,1.17.3,StopSig,57,3.93,nan,1,RightWithPellet,Left,757,1313,43,54853212,nan,nan,0.02
8/23/2026 23:23:39,1.17.3,StopSig,57,3.93,nan,1,LeftWithPellet,Left,758,1313,43,54853212,nan,nan,0.13
8/23/2026 23:23:41,1.17.3,StopSig,57,3.92,nan,1,RightWithPellet,Left,758,1314,43,54853212,nan,nan,0.04
8/23/2026 23:23:42,1.17.3,StopSig,57,3.93,nan,1,RightWithPellet,Left,758,1315,43,54853212,nan,nan,0.08
8/23/2026 23:23:47,1.17.3,StopSig,57,3.93,nan,1,RightWithPellet,Left,758,1316,43,54853212,nan,nan,0.05
8/23/2026 23:24:08,1.17.3,StopSig,57,3.93,nan,1,RightWithPellet,Left,758,1317,43,54853212,nan,nan,0.08
8/23/2026 23:24:16,1.17.3,StopSig,57,3.93,nan,1,LeftWithPellet,Left,759,1317,43,54853212,nan,nan,0.10
8/23/2026 23:24:19,1.17.3,StopSig,57,3.93,nan,1,RightWithPellet,Left,759,1318,43,54853212,nan,nan,0.04
8/23/2026 23:24:20,1.17.3,StopSig,57,3.93,nan,1,LeftWithPellet,Left,760,1318,43,54853212,nan,nan,0.11
8/23/2026 23:24:21,1.17.3,StopSig,57,3.93,nan,1,RightWithPellet,Left,760,1319,43,54853212,nan,nan,0.16
8/23/2026 23:24:22,1.17.3,StopSig,57,3.93,nan,1,RightWithPellet,Left,760,1320,43,54853212,nan,nan,0.17
8/23/2026 23:24:23,1.17.3,StopSig,57,3.93,nan,1,LeftWithPellet,Left,761,1320,43,54853212,nan,nan,0.24
8/23/2026 23:24:24,1.17.3,StopSig,57,3.93,nan,1,RightWithPellet,Left,761,1321,43,54853212,nan,nan,0.09
8/23/2026 23:24:26,1.17.3,StopSig,57,3.93,nan,1,RightWithPellet,Left,761,1322,43,54853212,nan,nan,0.19
8/23/2026 23:24:27,1.17.3,StopSig,57,3.92,nan,1,LeftWithPellet,Left,762,1322,43,54853212,nan,nan,0.03
8/23/2026 23:24:28,1.17.3,StopSig,57,3.93,nan,1,RightWithPellet,Left,762,1323,43,54853212,nan,nan,0.10
8/23/2026 23:29:44,1.17.3,StopSig,57,3.93,nan,1,RightWithPellet,Left,762,1324,43,54853212,nan,nan,0.08
8/23/2026 23:35:21,1.17.3,StopSig,57,3.93,nan,1,LeftWithPellet,Left,763,1324,43,54853212,nan,nan,0.04
8/23/2026 23:35:22,1.17.3,StopSig,57,3.93,nan,1,RightWithPellet,Left,763,1325,43,54853212,nan,nan,0.00
8/23/2026 23:42:50,1.17.3,StopSig,57,3.93,nan,1,LeftWithPellet,Left,764,1325,43,54853212,nan,nan,0.62
8/23/2026 23:42:51,1.17.3,StopSig,57,3.93,nan,1,RightWithPellet,Left,764,1326,43,54853212,nan,nan,0.05
8/23/2026 23:42:57,1.17.3,StopSig,57,3.93,nan,1,LeftWithPellet,Left,765,1326,43,54853212,nan,nan,0.03
8/23/2026 23:42:58,1.17.3,StopSig,57,3.93,nan,1,RightWithPellet,Left,765,1327,43,54853212,nan,nan,0.07
8/23/2026 23:42:58,1.17.3,StopSig,57,3.93,nan,1,RightWithPellet,Left,765,1328,43,54853212,nan,nan,0.15
8/23/2026 23:50:15,1.17.3,StopSig,57,3.93,nan,1,LeftWithPellet,Left,766,1328,43,54853212,nan,nan,0.04
8/23/2026 23:54:16,1.17.3,StopSig,57,3.92,nan,1,RightWithPellet,Left,766,1329,43,54853212,nan,nan,0.14
8/23/2026 23:55:08,1.17.3,StopSig,57,3.92,nan,1,RightWithPellet,Left,766,1330,43,54853212,nan,nan,0.14
8/23/2026 23:57:30,1.17.3,StopSig,57,3.92,nan,1,RightWithPellet,Left,766,1331,43,54853212,nan,nan,0.07
8/23/2026 23:57:32,1.17.3,StopSig,57,3.93,nan,1,LeftWithPellet,Left,767,1331,43,54853212,nan,nan,0.16
8/23/2026 23:57:33,1.17.3,StopSig,57,3.93,nan,1,RightWithPellet,Left,767,1332,43,54853212,nan,nan,0.04
8/24/2026 0:06:38,1.17.3,StopSig,57,3.92,nan,1,RightWithPellet,Left,767,1333,43,54853212,nan,nan,0.20
8/24/2026 0:06:39,1.17.3,StopSig,57,3.92,nan,1,LeftWithPellet,Left,768,1333,43,54853212,nan,nan,0.01
8/24/2026 0:12:56,1.17.3,StopSig,57,3.93,nan,1,LeftWithPellet,Left,769,1333,43,54853212,nan,nan,0.27
8/24/2026 0:12:57,1.17.3,StopSig,57,3.93,nan,1,LeftWithPellet,Left,770,1333,43,54853212,nan,nan,0.25
8/24/2026 0:12:58,1.17.3,StopSig,57,3.92,nan,1,RightWithPellet,Left,770,1334,43,54853212,nan,nan,0.04
8/24/2026 0:13:02,1.17.3,StopSig,57,3.92,nan,1,RightWithPellet,Left,770,1335,43,54853212,nan,nan,0.09
8/24/2026 0:13:03,1.17.3,StopSig,57,3.93,nan,1,LeftWithPellet,Left,771,1335,43,54853212,nan,nan,0.16
8/24/2026 0:13:05,1.17.3,StopSig,57,3.93,nan,1,RightWithPellet,Left,771,1336,43,54853212,nan,nan,0.32
8/24/2026 0:13:19,1.17.3,StopSig,57,3.92,nan,1,RightWithPellet,Left,771,1337,43,54853212,nan,nan,0.49
8/24/2026 0:13:24,1.17.3,StopSig,57,3.93,nan,1,RightWithPellet,Left,771,1338,43,54853212,nan,nan,0.37
8/24/2026 0:13:29,1.17.3,StopSig,57,3.92,nan,1,RightWithPellet,Left,771,1339,43,54853212,nan,nan,0.33
8/24/2026 0:13:29,1.17.3,StopSig,57,3.92,nan,1,RightWithPellet,Left,771,1340,43,54853212,nan,nan,0.10
8/24/2026 0:13:32,1.17.3,StopSig,57,3.93,nan,1,LeftWithPellet,Left,772,1340,43,54853212,nan,nan,0.33
8/24/2026 0:13:33,1.17.3,StopSig,57,3.92,nan,1,LeftWithPellet,Left,773,1340,43,54853212,nan,nan,0.37
8/24/2026 0:13:34,1.17.3,StopSig,57,3.92,nan,1,RightWithPellet,Left,773,1341,43,54853212,nan,nan,0.09
8/24/2026 0:13:38,1.17.3,StopSig,57,3.92,nan,1,RightWithPellet,Left,773,1342,43,54853212,nan,nan,0.15
8/24/2026 0:13:42,1.17.3,StopSig,57,3.93,nan,1,RightWithPellet,Left,773,1343,43,54853212,nan,nan,0.31
8/24/2026 0:13:43,1.17.3,StopSig,57,3.93,nan,1,RightWithPellet,Left,773,1344,43,54853212,nan,nan,0.03
8/24/2026 0:13:46,1.17.3,StopSig,57,3.92,nan,1,RightWithPellet,Left,773,1345,43,54853212,nan,nan,0.07
8/24/2026 0:13:51,1.17.3,StopSig,57,3.93,nan,1,LeftWithPellet,Left,774,1345,43,54853212,nan,nan,0.25
8/24/2026 0:13:58,1.17.3,StopSig,57,3.93,nan,1,RightWithPellet,Left,774,1346,43,54853212,nan,nan,0.21
8/24/2026 0:13:59,1.17.3,StopSig,57,3.92,nan,1,RightWithPellet,Left,774,1347,43,54853212,nan,nan,0.42
8/24/2026 0:14:03,1.17.3,StopSig,57,3.92,nan,1,LeftWithPellet,Left,775,1347,43,54853212,nan,nan,0.08
8/24/2026 0:14:03,1.17.3,StopSig,57,3.93,nan,1,LeftWithPellet,Left,776,1347,43,54853212,nan,nan,0.02
8/24/2026 0:14:06,1.17.3,StopSig,57,3.92,nan,1,RightWithPellet,Left,776,1348,43,54853212,nan,nan,0.06
8/24/2026 0:14:11,1.17.3,StopSig,57,3.92,nan,1,LeftWithPellet,Left,777,1348,43,54853212,nan,nan,0.39
8/24/2026 0:14:13,1.17.3,StopSig,57,3.92,nan,1,RightWithPellet,Left,777,1349,43,54853212,nan,nan,0.13
8/24/2026 0:14:15,1.17.3,StopSig,57,3.92,nan,1,LeftWithPellet,Left,778,1349,43,54853212,nan,nan,0.13
8/24/2026 0:14:18,1.17.3,StopSig,57,3.93,nan,1,RightWithPellet,Left,778,1350,43,54853212,nan,nan,0.07
8/24/2026 0:14:18,1.17.3,StopSig,57,3.93,nan,1,RightWithPellet,Left,778,1351,43,54853212,nan,nan,0.16
8/24/2026 0:14:21,1.17.3,StopSig,57,3.92,nan,1,LeftWithPellet,Left,779,1351,43,54853212,nan,nan,0.06
8/24/2026 0:14:22,1.17.3,StopSig,57,3.93,nan,1,LeftWithPellet,Left,780,1351,43,54853212,nan,nan,0.28
8/24/2026 0:14:27,1.17.3,StopSig,57,3.92,nan,1,LeftWithPellet,Left,781,1351,43,54853212,nan,nan,0.16
8/24/2026 0:14:31,1.17.3,StopSig,57,3.92,nan,1,LeftWithPellet,Left,782,1351,43,54853212,nan,nan,0.05
8/24/2026 0:14:33,1.17.3,StopSig,57,3.93,nan,1,LeftWithPellet,Left,783,1351,43,54853212,nan,nan,0.63
8/24/2026 0:14:33,1.17.3,StopSig,57,3.93,nan,1,LeftWithPellet,Left,784,1351,43,54853212,nan,nan,0.21
8/24/2026 0:14:36,1.17.3,StopSig,57,3.92,nan,1,RightWithPellet,Left,784,1352,43,54853212,nan,nan,0.66
8/24/2026 0:14:38,1.17.3,StopSig,57,3.92,nan,1,LeftWithPellet,Left,785,1352,43,54853212,nan,nan,0.14
8/24/2026 0:14:43,1.17.3,StopSig,57,3.92,nan,1,LeftWithPellet,Left,786,1352,43,54853212,nan,nan,0.03
8/24/2026 0:14:50,1.17.3,StopSig,57,3.92,nan,1,RightWithPellet,Left,786,1353,43,54853212,nan,nan,0.15
8/24/2026 0:15:01,1.17.3,StopSig,57,3.92,nan,1,RightWithPellet,Left,786,1354,43,54853212,nan,nan,0.28
8/24/2026 0:15:04,1.17.3,StopSig,57,3.92,nan,1,LeftWithPellet,Left,787,1354,43,54853212,nan,nan,0.06
8/24/2026 0:15:04,1.17.3,StopSig,57,3.92,nan,1,LeftWithPellet,Left,788,1354,43,54853212,nan,nan,0.10
8/24/2026 0:15:06,1.17.3,StopSig,57,3.92,nan,1,RightWithPellet,Left,788,1355,43,54853212,nan,nan,0.08
8/24/2026 0:15:06,1.17.3,StopSig,57,3.92,nan,1,RightWithPellet,Left,788,1356,43,54853212,nan,nan,0.23
8/24/2026 0:15:08,1.17.3,StopSig,57,3.92,nan,1,RightWithPellet,Left,788,1357,43,54853212,nan,nan,0.93
8/24/2026 0:15:09,1.17.3,StopSig,57,3.92,nan,1,LeftWithPellet,Left,789,1357,43,54853212,nan,nan,0.06
8/24/2026 0:26:25,1.17.3,StopSig,57,3.92,nan,1,RightWithPellet,Left,789,1358,43,54853212,nan,nan,0.14
8/24/2026 0:30:10,1.17.3,StopSig,57,3.93,nan,1,LeftWithPellet,Left,790,1358,43,54853212,nan,nan,0.07
8/24/2026 0:50:18,1.17.3,StopSig,57,3.92,nan,1,RightWithPellet,Left,790,1359,43,54853212,nan,nan,0.02
8/24/2026 0:51:48,1.17.3,StopSig,57,3.92,nan,1,RightWithPellet,Left,790,1360,43,54853212,nan,nan,0.11
8/24/2026 0:51:52,1.17.3,StopSig,57,3.91,nan,1,RightWithPellet,Left,790,1361,43,54853212,nan,nan,0.19
8/24/2026 0:51:53,1.17.3,StopSig,57,3.92,nan,1,LeftWithPellet,Left,791,1361,43,54853212,nan,nan,0.14
8/24/2026 0:51:55,1.17.3,StopSig,57,3.91,nan,1,LeftWithPellet,Left,792,1361,43,54853212,nan,nan,0.08
8/24/2026 0:51:56,1.17.3,StopSig,57,3.92,nan,1,RightWithPellet,Left,792,1362,43,54853212,nan,nan,0.15
8/24/2026 0:51:56,1.17.3,StopSig,57,3.92,nan,1,RightWithPellet,Left,792,1363,43,54853212,nan,nan,0.24
8/24/2026 0:57:15,1.17.3,StopSig,57,3.92,nan,1,LeftWithPellet,Left,793,1363,43,54853212,nan,nan,0.12
8/24/2026 0:57:18,1.17.3,StopSig,57,3.92,nan,1,RightWithPellet,Left,793,1364,43,54853212,nan,nan,0.09
8/24/2026 1:19:45,1.17.3,StopSig,57,3.91,nan,1,RightWithPellet,Left,793,1365,43,54853212,nan,nan,0.10
8/24/2026 1:19:47,1.17.3,StopSig,57,3.91,2,1,Pellet,Left,793,1365,44,54853212,Timed_out,156419,nan
8/24/2026 1:19:48,1.17.3,StopSig,57,3.92,nan,1,Right_no_left,Left,793,1366,44,54853212,nan,nan,nan
8/24/2026 1:19:53,1.17.3,StopSig,57,3.91,nan,1,>Left_Regular_trial,Left,794,1366,44,202325854,nan,nan,nan
8/24/2026 1:19:57,1.17.3,StopSig,57,3.91,nan,1,NoPoke_Regular_(incorrect),Left,794,1366,44,202329541,nan,nan,nan
8/24/2026 1:20:28,1.17.3,StopSig,57,3.91,nan,1,Right_no_left,Left,794,1367,44,202329541,nan,nan,nan
8/24/2026 1:20:31,1.17.3,StopSig,57,3.93,nan,1,>Left_Stop_trial,Left,795,1367,44,202363107,nan,nan,nan
8/24/2026 1:20:34,1.17.3,StopSig,57,3.91,nan,1,NoPoke_STOP_(correct),Left,795,1367,44,202366522,nan,nan,nan
8/24/2026 1:21:23,1.17.3,StopSig,57,3.91,nan,1,LeftWithPellet,Left,796,1367,44,202366522,nan,nan,0.19
8/24/2026 1:21:26,1.17.3,StopSig,57,3.91,nan,1,RightWithPellet,Left,796,1368,44,202366522,nan,nan,0.08
8/24/2026 1:21:27,1.17.3,StopSig,57,3.92,nan,1,RightWithPellet,Left,796,1369,44,202366522,nan,nan,0.18
8/24/2026 1:21:29,1.17.3,StopSig,57,3.92,nan,1,LeftWithPellet,Left,797,1369,44,202366522,nan,nan,0.04
8/24/2026 1:21:30,1.17.3,StopSig,57,3.92,nan,1,LeftWithPellet,Left,798,1369,44,202366522,nan,nan,0.07
8/24/2026 1:21:32,1.17.3,StopSig,57,3.92,3,1,Pellet,Left,798,1369,45,202366522,55.68,105,nan
8/24/2026 1:21:34,1.17.3,StopSig,57,3.92,nan,1,Right_no_left,Left,798,1370,45,202366522,nan,nan,nan
8/24/2026 1:21:37,1.17.3,StopSig,57,3.91,nan,1,Right_no_left,Left,798,1371,45,202426797,nan,nan,nan
8/24/2026 1:21:38,1.17.3,StopSig,57,3.92,nan,1,Right_no_left,Left,798,1372,45,202429598,nan,nan,nan
8/24/2026 1:21:41,1.17.3,StopSig,57,3.92,nan,1,>Left_Stop_trial,Left,799,1372,45,202433728,nan,nan,nan
8/24/2026 1:21:45,1.17.3,StopSig,57,3.91,nan,1,NoPoke_STOP_(correct),Left,799,1372,45,202437448,nan,nan,nan
8/24/2026 1:22:16,1.17.3,StopSig,57,3.92,nan,1,LeftWithPellet,Left,800,1372,45,202437448,nan,nan,0.07
8/24/2026 1:22:17,1.17.3,StopSig,57,3.91,nan,1,LeftWithPellet,Left,801,1372,45,202437448,nan,nan,0.38
8/24/2026 1:22:21,1.17.3,StopSig,57,3.92,nan,1,RightWithPellet,Left,801,1373,45,202437448,nan,nan,0.01
8/24/2026 1:22:22,1.17.3,StopSig,57,3.91,nan,1,RightWithPellet,Left,801,1374,45,202437448,nan,nan,0.23
8/24/2026 1:22:27,1.17.3,StopSig,57,3.92,nan,1,LeftWithPellet,Left,802,1374,45,202437448,nan,nan,1.07
8/24/2026 1:22:29,1.17.3,StopSig,57,3.92,nan,1,RightWithPellet,Left,802,1375,45,202437448,nan,nan,0.12
8/24/2026 1:22:31,1.17.3,StopSig,57,3.91,nan,1,RightWithPellet,Left,802,1376,45,202437448,nan,nan,1.10
8/24/2026 1:22:34,1.17.3,StopSig,57,3.92,nan,1,LeftWithPellet,Left,803,1376,45,202437448,nan,nan,0.17
8/24/2026 1:22:35,1.17.3,StopSig,57,3.91,nan,1,LeftWithPellet,Left,804,1376,45,202437448,nan,nan,0.23
8/24/2026 1:22:36,1.17.3,StopSig,57,3.92,nan,1,LeftWithPellet,Left,805,1376,45,202437448,nan,nan,0.10
8/24/2026 1:22:37,1.17.3,StopSig,57,3.92,nan,1,RightWithPellet,Left,805,1377,45,202437448,nan,nan,0.09
8/24/2026 1:22:39,1.17.3,StopSig,57,3.91,nan,1,RightWithPellet,Left,805,1378,45,202437448,nan,nan,0.75
8/24/2026 1:22:45,1.17.3,StopSig,57,3.92,nan,1,RightWithPellet,Left,805,1379,45,202437448,nan,nan,0.12
8/24/2026 1:22:46,1.17.3,StopSig,57,3.92,1,1,Pellet,Left,805,1379,46,202437448,Timed_out,74,nan
8/24/2026 1:22:47,1.17.3,StopSig,57,3.91,nan,1,>Left_Stop_trial,Left,806,1379,46,202499219,nan,nan,nan
8/24/2026 1:22:50,1.17.3,StopSig,57,3.92,nan,1,NoPoke_STOP_(correct),Left,806,1379,46,202502491,nan,nan,nan
8/24/2026 1:24:12,1.17.3,StopSig,57,3.92,nan,1,LeftWithPellet,Left,807,1379,46,202502491,nan,nan,0.37
8/24/2026 1:24:13,1.17.3,StopSig,57,3.92,nan,1,LeftWithPellet,Left,808,1379,46,202502491,nan,nan,0.24
8/24/2026 1:24:19,1.17.3,StopSig,57,3.92,nan,1,RightWithPellet,Left,808,1380,46,202502491,nan,nan,0.46
8/24/2026 1:24:20,1.17.3,StopSig,57,3.91,nan,1,RightWithPellet,Left,808,1381,46,202502491,nan,nan,0.15
8/24/2026 1:24:25,1.17.3,StopSig,57,3.92,nan,1,LeftWithPellet,Left,809,1381,46,202502491,nan,nan,0.03
8/24/2026 1:24:25,1.17.3,StopSig,57,3.92,nan,1,LeftWithPellet,Left,810,1381,46,202502491,nan,nan,0.43
8/24/2026 1:24:27,1.17.3,StopSig,57,3.92,nan,1,LeftWithPellet,Left,811,1381,46,202502491,nan,nan,0.20
8/24/2026 1:24:29,1.17.3,StopSig,57,3.91,nan,1,LeftWithPellet,Left,812,1381,46,202502491,nan,nan,0.41
8/24/2026 1:24:30,1.17.3,StopSig,57,3.91,nan,1,LeftWithPellet,Left,813,1381,46,202502491,nan,nan,0.09
8/24/2026 1:24:31,1.17.3,StopSig,57,3.91,nan,1,RightWithPellet,Left,813,1382,46,202502491,nan,nan,0.13
8/24/2026 1:24:33,1.17.3,StopSig,57,3.91,nan,1,LeftWithPellet,Left,814,1382,46,202502491,nan,nan,0.07
8/24/2026 1:24:40,1.17.3,StopSig,57,3.91,nan,1,LeftWithPellet,Left,815,1382,46,202502491,nan,nan,0.19
8/24/2026 1:24:41,1.17.3,StopSig,57,3.92,nan,1,LeftWithPellet,Left,816,1382,46,202502491,nan,nan,0.14
8/24/2026 1:24:41,1.17.3,StopSig,57,3.91,nan,1,LeftWithPellet,Left,817,1382,46,202502491,nan,nan,0.26
8/24/2026 1:24:42,1.17.3,StopSig,57,3.91,nan,1,LeftWithPellet,Left,818,1382,46,202502491,nan,nan,0.12
8/24/2026 1:24:46,1.17.3,StopSig,57,3.91,nan,1,RightWithPellet,Left,818,1383,46,202502491,nan,nan,0.36
8/24/2026 1:24:48,1.17.3,StopSig,57,3.92,nan,1,LeftWithPellet,Left,819,1383,46,202502491,nan,nan,0.12
8/24/2026 1:24:50,1.17.3,StopSig,57,3.91,nan,1,RightWithPellet,Left,819,1384,46,202502491,nan,nan,0.52
8/24/2026 1:24:51,1.17.3,StopSig,57,3.91,nan,1,RightWithPellet,Left,819,1385,46,202502491,nan,nan,0.24
8/24/2026 1:24:57,1.17.3,StopSig,57,3.91,nan,1,RightWithPellet,Left,819,1386,46,202502491,nan,nan,0.63
8/24/2026 1:24:59,1.17.3,StopSig,57,3.91,nan,1,LeftWithPellet,Left,820,1386,46,202502491,nan,nan,0.46
8/24/2026 1:25:04,1.17.3,StopSig,57,3.92,1,1,Pellet,Left,820,1386,47,202502491,Timed_out,138,nan
8/24/2026 1:25:05,1.17.3,StopSig,57,3.92,nan,1,>Left_Regular_trial,Left,821,1386,47,202637832,nan,nan,nan
8/24/2026 1:25:09,1.17.3,StopSig,57,3.92,nan,1,Right_Regular_(correct),Left,821,1387,47,202641376,nan,nan,nan
8/24/2026 1:25:44,1.17.3,StopSig,57,3.91,nan,1,LeftWithPellet,Left,822,1387,47,202641376,nan,nan,0.44
8/24/2026 1:25:46,1.17.3,StopSig,57,3.91,nan,1,RightWithPellet,Left,822,1388,47,202641376,nan,nan,0.45
8/24/2026 1:25:48,1.17.3,StopSig,57,3.91,nan,1,RightWithPellet,Left,822,1389,47,202641376,nan,nan,0.30
8/24/2026 1:25:51,1.17.3,StopSig,57,3.92,nan,1,LeftWithPellet,Left,823,1389,47,202641376,nan,nan,0.02
8/24/2026 1:25:52,1.17.3,StopSig,57,3.92,nan,1,LeftWithPellet,Left,824,1389,47,202641376,nan,nan,0.55
8/24/2026 1:25:53,1.17.3,StopSig,57,3.92,nan,1,LeftWithPellet,Left,825,1389,47,202641376,nan,nan,0.17
8/24/2026 1:25:55,1.17.3,StopSig,57,3.91,nan,1,RightWithPellet,Left,825,1390,47,202641376,nan,nan,0.26
8/24/2026 1:25:59,1.17.3,StopSig,57,3.91,nan,1,LeftWithPellet,Left,826,1390,47,202641376,nan,nan,0.06
8/24/2026 1:26:05,1.17.3,StopSig,57,3.92,nan,1,LeftWithPellet,Left,827,1390,47,202641376,nan,nan,0.99
8/24/2026 1:26:06,1.17.3,StopSig,57,3.91,nan,1,RightWithPellet,Left,827,1391,47,202641376,nan,nan,0.08
8/24/2026 1:26:06,1.17.3,StopSig,57,3.91,nan,1,RightWithPellet,Left,827,1392,47,202641376,nan,nan,0.18
8/24/2026 1:26:08,1.17.3,StopSig,57,3.92,1,1,Pellet,Left,827,1392,48,202641376,58.37,64,nan
8/24/2026 1:26:09,1.17.3,StopSig,57,3.92,nan,1,>Left_Regular_trial,Left,828,1392,48,202701363,nan,nan,nan
8/24/2026 1:26:13,1.17.3,StopSig,57,3.92,nan,1,NoPoke_Regular_(incorrect),Left,828,1392,48,202705504,nan,nan,nan
8/24/2026 1:26:46,1.17.3,StopSig,57,3.91,nan,1,Right_no_left,Left,828,1393,48,202705504,nan,nan,nan
8/24/2026 1:26:48,1.17.3,StopSig,57,3.91,nan,1,Right_no_left,Left,828,1394,48,202739081,nan,nan,nan
8/24/2026 1:26:49,1.17.3,StopSig,57,3.91,nan,1,Right_no_left,Left,828,1395,48,202740999,nan,nan,nan
8/24/2026 1:26:52,1.17.3,StopSig,57,3.92,nan,1,>Left_Regular_trial,Left,829,1395,48,202744696,nan,nan,nan
8/24/2026 1:26:54,1.17.3,StopSig,57,3.92,nan,1,Right_Regular_(correct),Left,829,1396,48,202747207,nan,nan,nan
8/24/2026 1:26:55,1.17.3,StopSig,57,3.85,nan,1,RightDuringDispense,Left,829,1397,48,202747207,nan,nan,0.05
8/24/2026 1:27:34,1.17.3,StopSig,57,3.92,nan,1,LeftWithPellet,Left,830,1397,48,202747207,nan,nan,0.07
8/24/2026 1:27:37,1.17.3,StopSig,57,3.92,nan,1,RightWithPellet,Left,830,1398,48,202747207,nan,nan,0.05
8/24/2026 1:27:39,1.17.3,StopSig,57,3.91,nan,1,RightWithPellet,Left,830,1399,48,202747207,nan,nan,0.44
8/24/2026 1:27:39,1.17.3,StopSig,57,3.92,2,1,Pellet,Left,830,1399,49,202747207,41.92,91,nan
8/24/2026 1:27:40,1.17.3,StopSig,57,3.91,nan,1,>Left_Regular_trial,Left,831,1399,49,202792808,nan,nan,nan
8/24/2026 1:27:44,1.17.3,StopSig,57,3.91,nan,1,Right_Regular_(correct),Left,831,1400,49,202796504,nan,nan,nan
8/24/2026 1:27:44,1.17.3,StopSig,57,3.91,nan,1,RightDuringDispense,Left,831,1401,49,202796504,nan,nan,0.30
8/24/2026 1:27:56,1.17.3,StopSig,57,3.91,1,1,Pellet,Left,831,1401,50,202796504,10.91,17,nan
8/24/2026 1:28:16,1.17.3,StopSig,57,3.91,nan,1,Right_no_left,Left,831,1402,50,202796504,nan,nan,nan
8/24/2026 1:28:19,1.17.3,StopSig,57,3.92,nan,1,Right_no_left,Left,831,1403,50,202829313,nan,nan,nan
8/24/2026 1:28:22,1.17.3,StopSig,57,3.91,nan,1,>Left_Regular_trial,Left,832,1403,50,202834343,nan,nan,nan
8/24/2026 1:28:26,1.17.3,StopSig,57,3.91,nan,1,Right_Regular_(correct),Left,832,1404,50,202838333,nan,nan,nan
8/24/2026 1:28:57,1.17.3,StopSig,57,3.91,nan,1,LeftWithPellet,Left,833,1404,50,202838333,nan,nan,0.40
8/24/2026 1:28:59,1.17.3,StopSig,57,3.91,nan,1,RightWithPellet,Left,833,1405,50,202838333,nan,nan,0.19
8/24/2026 1:29:01,1.17.3,StopSig,57,3.91,nan,1,LeftWithPellet,Left,834,1405,50,202838333,nan,nan,0.02
8/24/2026 1:29:02,1.17.3,StopSig,57,3.92,nan,1,LeftWithPellet,Left,835,1405,50,202838333,nan,nan,0.51
8/24/2026 1:29:04,1.17.3,StopSig,57,3.91,nan,1,RightWithPellet,Left,835,1406,50,202838333,nan,nan,0.07
8/24/2026 1:29:05,1.17.3,StopSig,57,3.92,nan,1,RightWithPellet,Left,835,1407,50,202838333,nan,nan,0.29
8/24/2026 1:29:06,1.17.3,StopSig,57,3.91,nan,1,RightWithPellet,Left,835,1408,50,202838333,nan,nan,0.12
8/24/2026 1:29:07,1.17.3,StopSig,57,3.91,1,1,Pellet,Left,835,1408,51,202838333,40.22,71,nan
8/24/2026 1:29:08,1.17.3,StopSig,57,3.91,nan,1,>Left_Regular_trial,Left,836,1408,51,202880184,nan,nan,nan
8/24/2026 1:29:11,1.17.3,StopSig,57,3.91,nan,1,NoPoke_Regular_(incorrect),Left,836,1408,51,202883432,nan,nan,nan
8/24/2026 1:29:42,1.17.3,StopSig,57,3.92,nan,1,>Left_Regular_trial,Left,837,1408,51,202914490,nan,nan,nan
8/24/2026 1:29:43,1.17.3,StopSig,57,3.92,nan,1,Right_Regular_(correct),Left,837,1409,51,202916111,nan,nan,nan
8/24/2026 1:29:44,1.17.3,StopSig,57,3.91,nan,1,RightDuringDispense,Left,837,1410,51,202916111,nan,nan,0.14
8/24/2026 1:30:19,1.17.3,StopSig,57,3.91,nan,1,LeftWithPellet,Left,838,1410,51,202916111,nan,nan,0.06
8/24/2026 1:30:21,1.17.3,StopSig,57,3.91,nan,1,RightWithPellet,Left,838,1411,51,202916111,nan,nan,0.07
8/24/2026 1:30:25,1.17.3,StopSig,57,3.91,nan,1,RightWithPellet,Left,838,1412,51,202916111,nan,nan,0.21
8/24/2026 1:30:29,1.17.3,StopSig,57,3.92,nan,1,RightWithPellet,Left,838,1413,51,202916111,nan,nan,0.34
8/24/2026 1:30:30,1.17.3,StopSig,57,3.92,nan,1,RightWithPellet,Left,838,1414,51,202916111,nan,nan,0.36
8/24/2026 1:30:31,1.17.3,StopSig,57,3.91,nan,1,RightWithPellet,Left,838,1415,51,202916111,nan,nan,0.18
8/24/2026 1:30:33,1.17.3,StopSig,57,3.92,nan,1,LeftWithPellet,Left,839,1415,51,202916111,nan,nan,0.68
8/24/2026 1:30:34,1.17.3,StopSig,57,3.92,nan,1,LeftWithPellet,Left,840,1415,51,202916111,nan,nan,0.36
8/24/2026 1:30:35,1.17.3,StopSig,57,3.91,nan,1,LeftWithPellet,Left,841,1415,51,202916111,nan,nan,0.33
8/24/2026 1:30:36,1.17.3,StopSig,57,3.92,nan,1,LeftWithPellet,Left,842,1415,51,202916111,nan,nan,0.17
8/24/2026 1:30:37,1.17.3,StopSig,57,3.91,nan,1,RightWithPellet,Left,842,1416,51,202916111,nan,nan,0.07
8/24/2026 1:30:40,1.17.3,StopSig,57,3.92,nan,1,RightWithPellet,Left,842,1417,51,202916111,nan,nan,0.37
8/24/2026 1:30:42,1.17.3,StopSig,57,3.92,2,1,Pellet,Left,842,1417,52,202916111,57.13,95,nan
8/24/2026 1:30:43,1.17.3,StopSig,57,3.92,nan,1,>Left_Regular_trial,Left,843,1417,52,202975842,nan,nan,nan
8/24/2026 1:30:47,1.17.3,StopSig,57,3.92,nan,1,NoPoke_Regular_(incorrect),Left,843,1417,52,202979537,nan,nan,nan
8/24/2026 1:31:38,1.17.3,StopSig,57,3.92,nan,1,>Left_Regular_trial,Left,844,1417,52,203030225,nan,nan,nan
8/24/2026 1:31:41,1.17.3,StopSig,57,3.91,nan,1,NoPoke_Regular_(incorrect),Left,844,1417,52,203033467,nan,nan,nan
8/24/2026 1:32:20,1.17.3,StopSig,57,3.91,nan,1,Right_no_left,Left,844,1418,52,203033467,nan,nan,nan
8/24/2026 1:32:20,1.17.3,StopSig,57,3.92,nan,1,Right_no_left,Left,844,1419,52,203072493,nan,nan,nan
8/24/2026 1:32:23,1.17.3,StopSig,57,3.91,nan,1,>Left_Regular_trial,Left,845,1419,52,203075154,nan,nan,nan
8/24/2026 1:32:25,1.17.3,StopSig,57,3.92,nan,1,Right_Regular_(correct),Left,845,1420,52,203078104,nan,nan,nan
8/24/2026 1:32:44,1.17.3,StopSig,57,3.92,1,1,Pellet,Left,845,1420,53,203078104,17.65,122,nan
8/24/2026 1:33:01,1.17.3,StopSig,57,3.91,nan,1,>Left_Regular_trial,Left,846,1420,53,203113260,nan,nan,nan
8/24/2026 1:33:03,1.17.3,StopSig,57,3.91,nan,1,Right_Regular_(correct),Left,846,1421,53,203115326,nan,nan,nan
8/24/2026 1:33:17,1.17.3,StopSig,57,3.92,1,1,Pellet,Left,846,1421,54,203115326,14.10,33,nan
8/24/2026 1:33:54,1.17.3,StopSig,57,3.91,nan,1,Right_no_left,Left,846,1422,54,203115326,nan,nan,nan
8/24/2026 1:33:56,1.17.3,StopSig,57,3.91,nan,1,>Left_Regular_trial,Left,847,1422,54,203168722,nan,nan,nan
8/24/2026 1:33:58,1.17.3,StopSig,57,3.91,nan,1,Right_Regular_(correct),Left,847,1423,54,203171082,nan,nan,nan
8/24/2026 1:33:59,1.17.3,StopSig,57,3.91,nan,1,RightDuringDispense,Left,847,1424,54,203171082,nan,nan,0.42
8/24/2026 1:34:36,1.17.3,StopSig,57,3.92,nan,1,RightWithPellet,Left,847,1425,54,203171082,nan,nan,0.51
8/24/2026 1:34:36,1.17.3,StopSig,57,3.92,nan,1,RightWithPellet,Left,847,1426,54,203171082,nan,nan,0.04
8/24/2026 1:34:37,1.17.3,StopSig,57,3.91,2,1,Pellet,Left,847,1426,55,203171082,35.28,80,nan
8/24/2026 1:34:38,1.17.3,StopSig,57,3.91,nan,1,>Left_Regular_trial,Left,848,1426,55,203210763,nan,nan,nan
8/24/2026 1:34:41,1.17.3,StopSig,57,3.91,nan,1,Right_Regular_(correct),Left,848,1427,55,203213569,nan,nan,nan
8/24/2026 1:35:05,1.17.3,StopSig,57,3.92,nan,1,LeftWithPellet,Left,849,1427,55,203213569,nan,nan,0.30
8/24/2026 1:35:08,1.17.3,StopSig,57,3.91,nan,1,RightWithPellet,Left,849,1428,55,203213569,nan,nan,0.48
8/24/2026 1:35:10,1.17.3,StopSig,57,3.91,nan,1,RightWithPellet,Left,849,1429,55,203213569,nan,nan,0.49
8/24/2026 1:35:14,1.17.3,StopSig,57,3.92,nan,1,LeftWithPellet,Left,850,1429,55,203213569,nan,nan,0.18
8/24/2026 1:35:14,1.17.3,StopSig,57,3.92,nan,1,RightWithPellet,Left,850,1430,55,203213569,nan,nan,0.04
8/24/2026 1:35:16,1.17.3,StopSig,57,3.92,nan,1,RightWithPellet,Left,850,1431,55,203213569,nan,nan,0.41
8/24/2026 1:35:20,1.17.3,StopSig,57,3.91,nan,1,RightWithPellet,Left,850,1432,55,203213569,nan,nan,0.44
8/24/2026 1:35:21,1.17.3,StopSig,57,3.91,nan,1,LeftWithPellet,Left,851,1432,55,203213569,nan,nan,0.38
8/24/2026 1:35:22,1.17.3,StopSig,57,3.92,nan,1,LeftWithPellet,Left,852,1432,55,203213569,nan,nan,0.61
8/24/2026 1:35:23,1.17.3,StopSig,57,3.92,1,1,Pellet,Left,852,1432,56,203213569,40.08,46,nan
8/24/2026 1:35:23,1.17.3,StopSig,57,3.91,nan,1,Right_no_left,Left,852,1433,56,203213569,nan,nan,nan
8/24/2026 1:35:24,1.17.3,StopSig,57,3.91,nan,1,Right_no_left,Left,852,1434,56,203256350,nan,nan,nan
8/24/2026 1:35:28,1.17.3,StopSig,57,3.91,nan,1,>Left_Regular_trial,Left,853,1434,56,203260192,nan,nan,nan
8/24/2026 1:35:29,1.17.3,StopSig,57,3.91,nan,1,Right_Regular_(correct),Left,853,1435,56,203262257,nan,nan,nan
8/24/2026 1:35:46,1.17.3,StopSig,57,3.91,2,1,Pellet,Left,853,1435,57,203262257,14.04,23,nan
8/24/2026 9:41:15,1.17.3,StopSig,57,3.87,nan,1,>Left_Regular_trial,Left,854,1435,57,232409016,nan,nan,nan
8/24/2026 9:41:16,1.17.3,StopSig,57,3.87,nan,1,Right_Regular_(correct),Left,854,1436,57,232409601,nan,nan,nan
8/24/2026 9:41:16,1.17.3,StopSig,57,3.88,nan,1,RightDuringDispense,Left,854,1437,57,232409601,nan,nan,0.11
8/24/2026 9:41:23,1.17.3,StopSig,57,3.87,nan,1,LeftWithPellet,Left,855,1437,57,232409601,nan,nan,0.35
8/24/2026 9:41:24,1.17.3,StopSig,57,3.88,nan,1,LeftWithPellet,Left,856,1437,57,232409601,nan,nan,0.27
8/24/2026 9:41:25,1.17.3,StopSig,57,3.87,nan,1,RightWithPellet,Left,856,1438,57,232409601,nan,nan,0.31
8/24/2026 9:41:28,1.17.3,StopSig,57,3.87,nan,1,RightWithPellet,Left,856,1439,57,232409601,nan,nan,0.38
8/24/2026 9:41:49,1.17.3,StopSig,57,3.87,nan,1,LeftWithPellet,Left,857,1439,57,232409601,nan,nan,0.36
8/24/2026 9:41:50,1.17.3,StopSig,57,3.87,nan,1,RightWithPellet,Left,857,1440,57,232409601,nan,nan,0.30
8/24/2026 9:41:53,1.17.3,StopSig,57,3.85,1,1,Pellet,Left,857,1440,58,232409601,35.80,29167,nan
8/24/2026 9:42:42,1.17.3,StopSig,57,3.85,nan,1,>Left_Regular_trial,Left,858,1440,58,232496174,nan,nan,nan
8/24/2026 9:42:43,1.17.3,StopSig,57,3.85,nan,1,Right_Regular_(correct),Left,858,1441,58,232496761,nan,nan,nan
8/24/2026 9:42:43,1.17.3,StopSig,57,3.86,nan,1,RightDuringDispense,Left,858,1442,58,232496761,nan,nan,0.01
8/24/2026 9:42:47,1.17.3,StopSig,57,3.85,3,1,Pellet,Left,858,1442,59,232496761,1.13,54,nan
8/24/2026 9:42:50,1.17.3,StopSig,57,3.88,nan,1,>Left_Regular_trial,Left,859,1442,59,232503642,nan,nan,nan
8/24/2026 9:42:51,1.17.3,StopSig,57,3.87,nan,1,Right_Regular_(correct),Left,859,1443,59,232504524,nan,nan,nan
8/24/2026 9:42:51,1.17.3,StopSig,57,3.87,nan,1,RightDuringDispense,Left,859,1444,59,232504524,nan,nan,0.06
8/24/2026 9:43:04,1.17.3,StopSig,57,3.87,3,1,Pellet,Left,859,1444,60,232504524,8.27,17,nan
8/24/2026 9:43:18,1.17.3,StopSig,57,3.88,nan,1,>Left_Regular_trial,Left,860,1444,60,232532253,nan,nan,nan
8/24/2026 9:43:19,1.17.3,StopSig,57,3.88,nan,1,Right_Regular_(correct),Left,860,1445,60,232533142,nan,nan,nan
8/24/2026 9:43:20,1.17.3,StopSig,57,3.87,nan,1,RightDuringDispense,Left,860,1446,60,232533142,nan,nan,0.11
8/24/2026 9:43:38,1.17.3,StopSig,57,3.87,nan,1,LeftWithPellet,Left,861,1446,60,232533142,nan,nan,0.37
8/24/2026 9:43:41,1.17.3,StopSig,57,3.87,nan,1,RightWithPellet,Left,861,1447,60,232533142,nan,nan,0.32
8/24/2026 9:43:50,1.17.3,StopSig,57,3.87,3,1,Pellet,Left,861,1447,61,232533142,25.62,46,nan
8/24/2026 9:43:52,1.17.3,StopSig,57,3.87,nan,1,>Left_Stop_trial,Left,862,1447,61,232566052,nan,nan,nan
8/24/2026 9:43:56,1.17.3,StopSig,57,3.88,nan,1,NoPoke_STOP_(correct),Left,862,1447,61,232569766,nan,nan,nan
8/24/2026 9:44:57,1.17.3,StopSig,57,3.88,nan,1,LeftWithPellet,Left,863,1447,61,232569766,nan,nan,1.06
8/24/2026 9:45:00,1.17.3,StopSig,57,3.87,4,1,Pellet,Left,863,1447,62,232569766,58.84,70,nan
8/24/2026 9:53:54,1.17.3,StopSig,57,3.87,nan,1,>Left_Stop_trial,Left,864,1447,62,233167750,nan,nan,nan
8/24/2026 9:53:58,1.17.3,StopSig,57,3.87,nan,1,NoPoke_STOP_(correct),Left,864,1447,62,233171780,nan,nan,nan
8/24/2026 9:53:59,1.17.3,StopSig,57,3.87,2,1,Pellet,Left,864,1447,63,233171780,0.59,539,nan
8/24/2026 9:55:34,1.17.3,StopSig,57,3.87,nan,1,>Left_Stop_trial,Left,865,1447,63,233267860,nan,nan,nan
8/24/2026 9:55:38,1.17.3,StopSig,57,3.87,nan,1,NoPoke_STOP_(correct),Left,865,1447,63,233271726,nan,nan,nan
8/24/2026 9:55:41,1.17.3,StopSig,57,3.87,2,1,Pellet,Left,865,1447,64,233271726,1.91,102,nan
8/24/2026 9:56:22,1.17.3,StopSig,57,3.87,nan,1,>Left_Stop_trial,Left,866,1447,64,233315730,nan,nan,nan
8/24/2026 9:56:26,1.17.3,StopSig,57,3.87,nan,1,NoPoke_STOP_(correct),Left,866,1447,64,233319744,nan,nan,nan
8/24/2026 9:56:30,1.17.3,StopSig,57,3.87,1,1,Pellet,Left,866,1447,65,233319744,3.23,49,nan
8/24/2026 9:57:02,1.17.3,StopSig,57,3.87,nan,1,>Left_Stop_trial,Left,867,1447,65,233355451,nan,nan,nan
8/24/2026 9:57:05,1.17.3,StopSig,57,3.87,nan,1,NoPoke_STOP_(correct),Left,867,1447,65,233358723,nan,nan,nan
8/24/2026 9:57:07,1.17.3,StopSig,57,3.87,nan,1,LeftWithPellet,Left,868,1447,65,233358723,nan,nan,0.17
8/24/2026 9:57:09,1.17.3,StopSig,57,3.87,1,1,Pellet,Left,868,1447,66,233358723,3.87,39,nan
8/24/2026 9:57:25,1.17.3,StopSig,57,3.87,nan,1,Right_no_left,Left,868,1448,66,233358723,nan,nan,nan
8/24/2026 9:57:27,1.17.3,StopSig,57,3.88,nan,1,>Left_Regular_trial,Left,869,1448,66,233381005,nan,nan,nan
8/24/2026 9:57:31,1.17.3,StopSig,57,3.87,nan,1,NoPoke_Regular_(incorrect),Left,869,1448,66,233384850,nan,nan,nan
8/24/2026 9:58:21,1.17.3,StopSig,57,3.87,nan,1,>Left_Stop_trial,Left,870,1448,66,233435038,nan,nan,nan
8/24/2026 9:58:25,1.17.3,StopSig,57,3.87,nan,1,NoPoke_STOP_(correct),Left,870,1448,66,233438757,nan,nan,nan
8/24/2026 9:58:27,1.17.3,StopSig,57,3.87,1,1,Pellet,Left,870,1448,67,233438757,1.91,78,nan
8/24/2026 9:58:55,1.17.3,StopSig,57,3.87,nan,1,>Left_Stop_trial,Left,871,1448,67,233468220,nan,nan,nan
8/24/2026 9:58:58,1.17.3,StopSig,57,3.87,nan,1,NoPoke_STOP_(correct),Left,871,1448,67,233471788,nan,nan,nan
8/24/2026 9:59:14,1.17.3,StopSig,57,3.87,1,1,Pellet,Left,871,1448,68,233471788,15.36,47,nan
8/24/2026 9:59:23,1.17.3,StopSig,57,3.87,nan,1,Right_no_left,Left,871,1449,68,233471788,nan,nan,nan
8/24/2026 9:59:29,1.17.3,StopSig,57,3.88,nan,1,>Left_Stop_trial,Left,872,1449,68,233502757,nan,nan,nan
8/24/2026 9:59:33,1.17.3,StopSig,57,3.87,nan,1,NoPoke_STOP_(correct),Left,872,1449,68,233506771,nan,nan,nan
8/24/2026 9:59:35,1.17.3,StopSig,57,3.87,1,1,Pellet,Left,872,1449,69,233506771,1.13,21,nan
8/24/2026 9:59:51,1.17.3,StopSig,57,3.88,nan,1,>Left_Regular_trial,Left,873,1449,69,233524705,nan,nan,nan
8/24/2026 9:59:54,1.17.3,StopSig,57,3.87,nan,1,Right_Regular_(correct),Left,873,1450,69,233527808,nan,nan,nan
8/24/2026 9:59:54,1.17.3,StopSig,57,3.87,nan,1,RightDuringDispense,Left,873,1451,69,233527808,nan,nan,0.21
8/24/2026 9:59:56,1.17.3,StopSig,57,3.87,1,1,Pellet,Left,873,1451,70,233527808,0.53,20,nan
8/24/2026 10:00:19,1.17.3,StopSig,57,3.87,nan,1,>Left_Regular_trial,Left,874,1451,70,233552751,nan,nan,nan
8/24/2026 10:00:23,1.17.3,StopSig,57,3.87,nan,1,NoPoke_Regular_(incorrect),Left,874,1451,70,233556740,nan,nan,nan
8/24/2026 10:00:54,1.17.3,StopSig,57,3.87,nan,1,Right_no_left,Left,874,1452,70,233556740,nan,nan,nan
8/24/2026 10:00:56,1.17.3,StopSig,57,3.88,nan,1,Right_no_left,Left,874,1453,70,233587938,nan,nan,nan
8/24/2026 10:00:56,1.17.3,StopSig,57,3.87,nan,1,Right_no_left,Left,874,1454,70,233589855,nan,nan,nan
8/24/2026 10:00:58,1.17.3,StopSig,57,3.87,nan,1,>Left_Regular_trial,Left,875,1454,70,233591475,nan,nan,nan
8/24/2026 10:01:01,1.17.3,StopSig,57,3.87,nan,1,NoPoke_Regular_(incorrect),Left,875,1454,70,233594727,nan,nan,nan
8/24/2026 10:06:03,1.17.3,StopSig,57,3.88,nan,1,Right_no_left,Left,875,1455,70,233594727,nan,nan,nan
8/24/2026 10:06:05,1.17.3,StopSig,57,3.88,nan,1,>Left_Regular_trial,Left,876,1455,70,233899172,nan,nan,nan
8/24/2026 10:06:09,1.17.3,StopSig,57,3.87,nan,1,NoPoke_Regular_(incorrect),Left,876,1455,70,233902864,nan,nan,nan
8/24/2026 10:11:09,1.17.3,StopSig,57,3.87,nan,1,>Left_Regular_trial,Left,877,1455,70,234202848,nan,nan,nan
8/24/2026 10:11:13,1.17.3,StopSig,57,3.87,nan,1,NoPoke_Regular_(incorrect),Left,877,1455,70,234206833,nan,nan,nan
8/24/2026 10:13:07,1.17.3,StopSig,57,3.87,nan,1,>Left_Regular_trial,Left,878,1455,70,234320581,nan,nan,nan
8/24/2026 10:13:10,1.17.3,StopSig,57,3.88,nan,1,NoPoke_Regular_(incorrect),Left,878,1455,70,234323827,nan,nan,nan
8/24/2026 10:13:41,1.17.3,StopSig,57,3.87,nan,1,>Left_Regular_trial,Left,879,1455,70,234355326,nan,nan,nan
8/24/2026 10:13:44,1.17.3,StopSig,57,3.88,nan,1,Right_Regular_(correct),Left,879,1456,70,234358430,nan,nan,nan
8/24/2026 10:13:45,1.17.3,StopSig,57,3.87,nan,1,RightDuringDispense,Left,879,1457,70,234358430,nan,nan,0.15
8/24/2026 10:13:46,1.17.3,StopSig,57,3.87,1,1,Pellet,Left,879,1457,71,234358430,0.53,831,nan
8/24/2026 10:14:17,1.17.3,StopSig,57,3.87,nan,1,>Left_Regular_trial,Left,880,1457,71,234390675,nan,nan,nan
8/24/2026 10:14:21,1.17.3,StopSig,57,3.87,nan,1,NoPoke_Regular_(incorrect),Left,880,1457,71,234394803,nan,nan,nan
8/24/2026 10:15:38,1.17.3,StopSig,57,3.87,nan,1,>Left_Stop_trial,Left,881,1457,71,234471784,nan,nan,nan
8/24/2026 10:15:42,1.17.3,StopSig,57,3.87,nan,1,NoPoke_STOP_(correct),Left,881,1457,71,234475786,nan,nan,nan
8/24/2026 10:15:44,1.17.3,StopSig,57,3.87,1,1,Pellet,Left,881,1457,72,234475786,1.49,118,nan
8/24/2026 10:16:03,1.17.3,StopSig,57,3.87,nan,1,>Left_Regular_trial,Left,882,1457,72,234496800,nan,nan,nan
8/24/2026 10:16:07,1.17.3,StopSig,57,3.87,nan,1,NoPoke_Regular_(incorrect),Left,882,1457,72,234500785,nan,nan,nan
8/24/2026 10:16:55,1.17.3,StopSig,57,3.87,nan,1,>Left_Regular_trial,Left,883,1457,72,234549289,nan,nan,nan
8/24/2026 10:16:59,1.17.3,StopSig,57,3.87,nan,1,NoPoke_Regular_(incorrect),Left,883,1457,72,234552831,nan,nan,nan
8/24/2026 10:30:05,1.17.3,StopSig,57,3.87,nan,1,>Left_Regular_trial,Left,884,1457,72,235339425,nan,nan,nan
8/24/2026 10:30:08,1.17.3,StopSig,57,3.87,nan,1,Right_Regular_(correct),Left,884,1458,72,235342229,nan,nan,nan
8/24/2026 10:30:09,1.17.3,StopSig,57,3.87,nan,1,RightDuringDispense,Left,884,1459,72,235342229,nan,nan,0.18
8/24/2026 10:30:10,1.17.3,StopSig,57,3.87,1,1,Pellet,Left,884,1459,73,235342229,0.41,866,nan
8/24/2026 10:30:31,1.17.3,StopSig,57,3.87,nan,1,>Left_Stop_trial,Left,885,1459,73,235364182,nan,nan,nan
8/24/2026 10:30:34,1.17.3,StopSig,57,3.87,nan,1,NoPoke_STOP_(correct),Left,885,1459,73,235367897,nan,nan,nan
8/24/2026 10:30:36,1.17.3,StopSig,57,3.87,1,1,Pellet,Left,885,1459,74,235367897,1.13,26,nan
8/24/2026 10:30:53,1.17.3,StopSig,57,3.87,nan,1,>Left_Stop_trial,Left,886,1459,74,235386939,nan,nan,nan
8/24/2026 10:30:57,1.17.3,StopSig,57,3.87,nan,1,NoPoke_STOP_(correct),Left,886,1459,74,235390802,nan,nan,nan
8/24/2026 10:30:58,1.17.3,StopSig,57,3.87,1,1,Pellet,Left,886,1459,75,235390802,0.41,22,nan
8/24/2026 10:32:35,1.17.3,StopSig,57,3.87,nan,1,>Left_Regular_trial,Left,887,1459,75,235489345,nan,nan,nan
8/24/2026 10:32:39,1.17.3,StopSig,57,3.87,nan,1,Right_Regular_(correct),Left,887,1460,75,235492741,nan,nan,nan
8/24/2026 10:32:40,1.17.3,StopSig,57,3.87,1,1,Pellet,Left,887,1460,76,235492741,0.59,102,nan
8/24/2026 10:32:58,1.17.3,StopSig,57,3.87,nan,1,>Left_Regular_trial,Left,888,1460,76,235512081,nan,nan,nan
8/24/2026 10:33:02,1.17.3,StopSig,57,3.87,nan,1,NoPoke_Regular_(incorrect),Left,888,1460,76,235515924,nan,nan,nan
8/24/2026 10:34:10,1.17.3,StopSig,57,3.87,nan,1,>Left_Stop_trial,Left,889,1460,76,235584139,nan,nan,nan
8/24/2026 10:34:14,1.17.3,StopSig,57,3.87,nan,1,NoPoke_STOP_(correct),Left,889,1460,76,235587855,nan,nan,nan
8/24/2026 10:34:14,1.17.3,StopSig,57,3.87,nan,1,LeftDuringDispense,Left,890,1460,76,235587855,nan,nan,0.20
8/24/2026 10:34:16,1.17.3,StopSig,57,3.87,1,1,Pellet,Left,890,1460,77,235587855,1.49,96,nan
8/24/2026 10:34:38,1.17.3,StopSig,57,3.87,nan,1,>Left_Regular_trial,Left,891,1460,77,235611689,nan,nan,nan
8/24/2026 10:34:42,1.17.3,StopSig,57,3.87,nan,1,NoPoke_Regular_(incorrect),Left,891,1460,77,235615820,nan,nan,nan
8/24/2026 10:37:21,1.17.3,StopSig,57,3.87,nan,1,>Left_Regular_trial,Left,892,1460,77,235774838,nan,nan,nan
8/24/2026 10:37:25,1.17.3,StopSig,57,3.87,nan,1,NoPoke_Regular_(incorrect),Left,892,1460,77,235778830,nan,nan,nan
8/24/2026 10:38:44,1.17.3,StopSig,57,3.87,nan,1,>Left_Regular_trial,Left,893,1460,77,235857515,nan,nan,nan
8/24/2026 10:38:47,1.17.3,StopSig,57,3.87,nan,1,NoPoke_Regular_(incorrect),Left,893,1460,77,235860911,nan,nan,nan
8/24/2026 10:42:04,1.17.3,StopSig,57,3.87,nan,1,>Left_Stop_trial,Left,894,1460,77,236057355,nan,nan,nan
8/24/2026 10:42:07,1.17.3,StopSig,57,3.87,nan,1,NoPoke_STOP_(correct),Left,894,1460,77,236060919,nan,nan,nan
8/24/2026 10:42:08,1.17.3,StopSig,57,3.87,1,1,Pellet,Left,894,1460,78,236060919,0.41,472,nan
8/24/2026 10:42:57,1.17.3,StopSig,57,3.87,nan,1,>Left_Regular_trial,Left,895,1460,78,236111078,nan,nan,nan
8/24/2026 10:42:59,1.17.3,StopSig,57,3.87,nan,1,Right_Regular_(correct),Left,895,1461,78,236112848,nan,nan,nan
8/24/2026 10:42:59,1.17.3,StopSig,57,3.87,nan,1,RightDuringDispense,Left,895,1462,78,236112848,nan,nan,0.11
8/24/2026 10:43:00,1.17.3,StopSig,57,3.87,1,1,Pellet,Left,895,1462,79,236112848,0.41,52,nan
8/24/2026 10:43:26,1.17.3,StopSig,57,3.87,nan,1,>Left_Stop_trial,Left,896,1462,79,236140004,nan,nan,nan
8/24/2026 10:43:30,1.17.3,StopSig,57,3.87,nan,1,NoPoke_STOP_(correct),Left,896,1462,79,236143867,nan,nan,nan
8/24/2026 10:43:31,1.17.3,StopSig,57,3.87,1,1,Pellet,Left,896,1462,80,236143867,0.89,31,nan
8/24/2026 10:44:15,1.17.3,StopSig,57,3.87,nan,1,Right_no_left,Left,896,1463,80,236143867,nan,nan,nan
8/24/2026 10:44:16,1.17.3,StopSig,57,3.87,nan,1,Right_no_left,Left,896,1464,80,236188873,nan,nan,nan
8/24/2026 10:44:18,1.17.3,StopSig,57,3.87,nan,1,Right_no_left,Left,896,1465,80,236190643,nan,nan,nan
8/24/2026 10:44:18,1.17.3,StopSig,57,3.87,nan,1,Right_no_left,Left,896,1466,80,236192117,nan,nan,nan
8/24/2026 10:44:19,1.17.3,StopSig,57,3.87,nan,1,Right_no_left,Left,896,1467,80,236192556,nan,nan,nan
8/24/2026 10:44:21,1.17.3,StopSig,57,3.87,nan,1,Right_no_left,Left,896,1468,80,236193734,nan,nan,nan
8/24/2026 10:44:21,1.17.3,StopSig,57,3.87,nan,1,Right_no_left,Left,896,1469,80,236195060,nan,nan,nan
8/24/2026 10:44:23,1.17.3,StopSig,57,3.87,nan,1,Right_no_left,Left,896,1470,80,236195498,nan,nan,nan
8/24/2026 10:44:26,1.17.3,StopSig,57,3.87,nan,1,>Left_Stop_trial,Left,897,1470,80,236200078,nan,nan,nan
8/24/2026 10:44:30,1.17.3,StopSig,57,3.87,nan,1,NoPoke_STOP_(correct),Left,897,1470,80,236203938,nan,nan,nan
8/24/2026 10:44:31,1.17.3,StopSig,57,3.87,1,1,Pellet,Left,897,1470,81,236203938,0.47,60,nan
8/24/2026 10:45:17,1.17.3,StopSig,57,3.87,nan,1,Right_no_left,Left,897,1471,81,236203938,nan,nan,nan
8/24/2026 10:45:20,1.17.3,StopSig,57,3.87,nan,1,Right_no_left,Left,897,1472,81,236251252,nan,nan,nan
8/24/2026 10:45:20,1.17.3,StopSig,57,3.87,nan,1,Right_no_left,Left,897,1473,81,236254347,nan,nan,nan
8/24/2026 10:45:23,1.17.3,StopSig,57,3.87,nan,1,>Left_Regular_trial,Left,898,1473,81,236256705,nan,nan,nan
8/24/2026 10:45:27,1.17.3,StopSig,57,3.87,nan,1,NoPoke_Regular_(incorrect),Left,898,1473,81,236260839,nan,nan,nan
8/24/2026 10:48:13,1.17.3,StopSig,57,3.87,nan,1,>Left_Regular_trial,Left,899,1473,81,236427160,nan,nan,nan
8/24/2026 10:48:17,1.17.3,StopSig,57,3.87,nan,1,NoPoke_Regular_(incorrect),Left,899,1473,81,236430851,nan,nan,nan
8/24/2026 10:56:06,1.17.3,StopSig,57,3.87,nan,1,>Left_Regular_trial,Left,900,1473,81,236900330,nan,nan,nan
8/24/2026 10:56:09,1.17.3,StopSig,57,3.87,nan,1,Right_Regular_(correct),Left,900,1474,81,236903429,nan,nan,nan
8/24/2026 10:56:11,1.17.3,StopSig,57,3.87,1,1,Pellet,Left,900,1474,82,236903429,1.07,700,nan
8/24/2026 10:59:07,1.17.3,StopSig,57,3.87,nan,1,Right_no_left,Left,900,1475,82,236903429,nan,nan,nan
8/24/2026 10:59:08,1.17.3,StopSig,57,3.87,nan,1,Right_no_left,Left,900,1476,82,237081160,nan,nan,nan
8/24/2026 10:59:41,1.17.3,StopSig,57,3.87,nan,1,>Left_Regular_trial,Left,901,1476,82,237115332,nan,nan,nan
8/24/2026 10:59:45,1.17.3,StopSig,57,3.87,nan,1,NoPoke_Regular_(incorrect),Left,901,1476,82,237118874,nan,nan,nan
8/24/2026 11:00:37,1.17.3,StopSig,57,3.87,nan,1,Right_no_left,Left,901,1477,82,237118874,nan,nan,nan
8/24/2026 11:00:37,1.17.3,StopSig,57,3.87,nan,1,Right_no_left,Left,901,1478,82,237170906,nan,nan,nan
8/24/2026 11:00:38,1.17.3,StopSig,57,3.87,nan,1,Right_no_left,Left,901,1479,82,237171787,nan,nan,nan
8/24/2026 11:00:39,1.17.3,StopSig,57,3.87,nan,1,Right_no_left,Left,901,1480,82,237172668,nan,nan,nan
8/24/2026 11:00:41,1.17.3,StopSig,57,3.87,nan,1,Right_no_left,Left,901,1481,82,237173106,nan,nan,nan
8/24/2026 11:00:44,1.17.3,StopSig,57,3.87,nan,1,Right_no_left,Left,901,1482,82,237175022,nan,nan,nan
8/24/2026 11:00:51,1.17.3,StopSig,57,3.87,nan,1,>Left_Regular_trial,Left,902,1482,82,237184626,nan,nan,nan
8/24/2026 11:00:54,1.17.3,StopSig,57,3.87,nan,1,Right_Regular_(correct),Left,902,1483,82,237187875,nan,nan,nan
8/24/2026 11:00:54,1.17.3,StopSig,57,3.87,nan,1,RightDuringDispense,Left,902,1484,82,237187875,nan,nan,0.23
8/24/2026 11:00:55,1.17.3,StopSig,57,3.80,nan,1,RightDuringDispense,Left,902,1485,82,237187875,nan,nan,0.08
8/24/2026 11:00:56,1.17.3,StopSig,57,3.87,nan,1,RightWithPellet,Left,902,1486,82,237187875,nan,nan,0.08
8/24/2026 11:00:58,1.17.3,StopSig,57,3.87,1,1,Pellet,Left,902,1486,83,237187875,2.23,287,nan
8/24/2026 11:01:40,1.17.3,StopSig,57,3.87,nan,1,>Left_Stop_trial,Left,903,1486,83,237233582,nan,nan,nan
8/24/2026 11:01:43,1.17.3,StopSig,57,3.87,nan,1,NoPoke_STOP_(correct),Left,903,1486,83,237236851,nan,nan,nan
8/24/2026 11:01:44,1.17.3,StopSig,57,3.87,1,1,Pellet,Left,903,1486,84,237236851,0.59,46,nan
8/24/2026 11:02:04,1.17.3,StopSig,57,3.87,nan,1,Right_no_left,Left,903,1487,84,237236851,nan,nan,nan
8/24/2026 11:02:04,1.17.3,StopSig,57,3.87,nan,1,Right_no_left,Left,903,1488,84,237258039,nan,nan,nan
8/24/2026 11:02:05,1.17.3,StopSig,57,3.87,nan,1,Right_no_left,Left,903,1489,84,237258625,nan,nan,nan
8/24/2026 11:02:08,1.17.3,StopSig,57,3.87,nan,1,>Left_Stop_trial,Left,904,1489,84,237261577,nan,nan,nan
8/24/2026 11:02:11,1.17.3,StopSig,57,3.87,nan,1,NoPoke_STOP_(correct),Left,904,1489,84,237264994,nan,nan,nan
8/24/2026 11:02:14,1.17.3,StopSig,57,3.87,2,1,Pellet,Left,904,1489,85,237264994,0.47,30,nan
8/24/2026 11:02:46,1.17.3,StopSig,57,3.85,nan,1,Right_no_left,Left,904,1490,85,237264994,nan,nan,nan
8/24/2026 11:02:48,1.17.3,StopSig,57,3.85,nan,1,>Left_Stop_trial,Left,905,1490,85,237302066,nan,nan,nan
8/24/2026 11:02:52,1.17.3,StopSig,57,3.86,nan,1,NoPoke_STOP_(correct),Left,905,1490,85,237305928,nan,nan,nan
8/24/2026 11:02:53,1.17.3,StopSig,57,3.86,1,1,Pellet,Left,905,1490,86,237305928,0.77,39,nan
8/24/2026 11:03:21,1.17.3,StopSig,57,3.87,nan,1,>Left_Regular_trial,Left,906,1490,86,237334813,nan,nan,nan
8/24/2026 11:03:23,1.17.3,StopSig,57,3.87,nan,1,Right_Regular_(correct),Left,906,1491,86,237337040,nan,nan,nan
8/24/2026 11:03:24,1.17.3,StopSig,57,3.87,1,1,Pellet,Left,906,1491,87,237337040,0.35,31,nan
8/24/2026 11:03:58,1.17.3,StopSig,57,3.87,nan,1,>Left_Stop_trial,Left,907,1491,87,237371652,nan,nan,nan
8/24/2026 11:04:01,1.17.3,StopSig,57,3.87,nan,1,NoPoke_STOP_(correct),Left,907,1491,87,237374917,nan,nan,nan
8/24/2026 11:04:20,1.17.3,StopSig,57,3.87,1,1,Pellet,Left,907,1491,88,237374917,18.84,56,nan
8/24/2026 11:04:46,1.17.3,StopSig,57,3.87,nan,1,>Left_Regular_trial,Left,908,1491,88,237419971,nan,nan,nan
8/24/2026 11:04:49,1.17.3,StopSig,57,3.87,nan,1,Right_Regular_(correct),Left,908,1492,88,237423069,nan,nan,nan
8/24/2026 11:04:49,1.17.3,StopSig,57,3.87,nan,1,RightDuringDispense,Left,908,1493,88,237423069,nan,nan,0.13
8/24/2026 11:04:50,1.17.3,StopSig,57,3.87,1,1,Pellet,Left,908,1493,89,237423069,0.41,30,nan
8/24/2026 11:05:11,1.17.3,StopSig,57,3.87,nan,1,>Left_Stop_trial,Left,909,1493,89,237444855,nan,nan,nan
8/24/2026 11:05:15,1.17.3,StopSig,57,3.87,nan,1,NoPoke_STOP_(correct),Left,909,1493,89,237448872,nan,nan,nan
8/24/2026 11:05:16,1.17.3,StopSig,57,3.87,1,1,Pellet,Left,909,1493,90,237448872,0.59,26,nan
8/24/2026 11:05:38,1.17.3,StopSig,57,3.87,nan,1,Right_no_left,Left,909,1494,90,237448872,nan,nan,nan
8/24/2026 11:05:41,1.17.3,StopSig,57,3.87,nan,1,>Left_Stop_trial,Left,910,1494,90,237475024,nan,nan,nan
8/24/2026 11:05:45,1.17.3,StopSig,57,3.87,nan,1,NoPoke_STOP_(correct),Left,910,1494,90,237478888,nan,nan,nan
8/24/2026 11:05:46,1.17.3,StopSig,57,3.87,1,1,Pellet,Left,910,1494,91,237478888,0.47,30,nan
8/24/2026 11:06:04,1.17.3,StopSig,57,3.87,nan,1,>Left_Stop_trial,Left,911,1494,91,237498127,nan,nan,nan
8/24/2026 11:06:08,1.17.3,StopSig,57,3.87,nan,1,NoPoke_STOP_(correct),Left,911,1494,91,237501980,nan,nan,nan
8/24/2026 11:06:12,1.17.3,StopSig,57,3.87,2,1,Pellet,Left,911,1494,92,237501980,1.73,26,nan
8/24/2026 11:06:30,1.17.3,StopSig,57,3.87,nan,1,Right_no_left,Left,911,1495,92,237501980,nan,nan,nan
8/24/2026 11:06:32,1.17.3,StopSig,57,3.87,nan,1,>Left_Stop_trial,Left,912,1495,92,237525447,nan,nan,nan
8/24/2026 11:06:35,1.17.3,StopSig,57,3.87,nan,1,NoPoke_STOP_(correct),Left,912,1495,92,237528862,nan,nan,nan
8/24/2026 11:06:36,1.17.3,StopSig,57,3.87,1,1,Pellet,Left,912,1495,93,237528862,0.41,24,nan
8/24/2026 11:06:54,1.17.3,StopSig,57,3.87,nan,1,>Left_Regular_trial,Left,913,1495,93,237548518,nan,nan,nan
8/24/2026 11:06:58,1.17.3,StopSig,57,3.87,nan,1,NoPoke_Regular_(incorrect),Left,913,1495,93,237551917,nan,nan,nan
8/24/2026 11:33:41,1.17.3,StopSig,57,3.87,nan,1,Right_no_left,Left,913,1496,93,237551917,nan,nan,nan
8/24/2026 11:35:16,1.17.3,StopSig,57,3.87,nan,1,Right_no_left,Left,913,1497,93,239155364,nan,nan,nan
8/24/2026 11:35:17,1.17.3,StopSig,57,3.87,nan,1,Right_no_left,Left,913,1498,93,239250178,nan,nan,nan
8/24/2026 11:35:19,1.17.3,StopSig,57,3.87,nan,1,Right_no_left,Left,913,1499,93,239251206,nan,nan,nan
8/24/2026 11:35:20,1.17.3,StopSig,57,3.87,nan,1,Right_no_left,Left,913,1500,93,239253571,nan,nan,nan
8/24/2026 11:35:21,1.17.3,StopSig,57,3.87,nan,1,Right_no_left,Left,913,1501,93,239254009,nan,nan,nan
8/24/2026 11:35:23,1.17.3,StopSig,57,3.87,nan,1,Right_no_left,Left,913,1502,93,239255334,nan,nan,nan
8/24/2026 11:35:24,1.17.3,StopSig,57,3.87,nan,1,Right_no_left,Left,913,1503,93,239257554,nan,nan,nan
8/24/2026 11:35:25,1.17.3,StopSig,57,3.87,nan,1,Right_no_left,Left,913,1504,93,239258140,nan,nan,nan
8/24/2026 11:35:27,1.17.3,StopSig,57,3.87,nan,1,Right_no_left,Left,913,1505,93,239259619,nan,nan,nan
8/24/2026 11:35:28,1.17.3,StopSig,57,3.87,nan,1,Right_no_left,Left,913,1506,93,239260943,nan,nan,nan
8/24/2026 11:35:30,1.17.3,StopSig,57,3.87,nan,1,Right_no_left,Left,913,1507,93,239262858,nan,nan,nan
8/24/2026 11:35:31,1.17.3,StopSig,57,3.87,nan,1,Right_no_left,Left,913,1508,93,239264035,nan,nan,nan
8/24/2026 11:35:34,1.17.3,StopSig,57,3.87,nan,1,Right_no_left,Left,913,1509,93,239265654,nan,nan,nan
8/24/2026 11:35:35,1.17.3,StopSig,57,3.87,nan,1,Right_no_left,Left,913,1510,93,239268020,nan,nan,nan
8/24/2026 11:35:37,1.17.3,StopSig,57,3.87,nan,1,Right_no_left,Left,913,1511,93,239269345,nan,nan,nan
8/24/2026 11:36:03,1.17.3,StopSig,57,3.87,nan,1,Right_no_left,Left,913,1512,93,239271554,nan,nan,nan
8/24/2026 11:36:05,1.17.3,StopSig,57,3.87,nan,1,Right_no_left,Left,913,1513,93,239297510,nan,nan,nan
8/24/2026 11:36:06,1.17.3,StopSig,57,3.87,nan,1,Right_no_left,Left,913,1514,93,239299425,nan,nan,nan
8/24/2026 11:36:07,1.17.3,StopSig,57,3.86,nan,1,Right_no_left,Left,913,1515,93,239300755,nan,nan,nan
8/24/2026 11:36:08,1.17.3,StopSig,57,3.87,nan,1,Right_no_left,Left,913,1516,93,239301340,nan,nan,nan
8/24/2026 11:36:09,1.17.3,StopSig,57,3.87,nan,1,Right_no_left,Left,913,1517,93,239302221,nan,nan,nan
8/24/2026 11:36:10,1.17.3,StopSig,57,3.87,nan,1,Right_no_left,Left,913,1518,93,239302954,nan,nan,nan
8/24/2026 11:36:59,1.17.3,StopSig,57,3.86,nan,1,Right_no_left,Left,913,1519,93,239303982,nan,nan,nan
8/24/2026 12:25:29,1.17.3,StopSig,57,3.86,nan,1,Right_no_left,Left,913,1520,93,239353460,nan,nan,nan
8/24/2026 12:25:31,1.17.3,StopSig,57,3.87,nan,1,Right_no_left,Left,913,1521,93,242263667,nan,nan,nan
8/24/2026 12:25:32,1.17.3,StopSig,57,3.87,nan,1,Right_no_left,Left,913,1522,93,242265732,nan,nan,nan
8/24/2026 12:47:44,1.17.3,StopSig,57,3.86,nan,1,Right_no_left,Left,913,1523,93,242266614,nan,nan,nan
8/24/2026 12:47:45,1.17.3,StopSig,57,3.86,nan,1,Right_no_left,Left,913,1524,93,243598593,nan,nan,nan
8/24/2026 12:47:48,1.17.3,StopSig,57,3.86,nan,1,Right_no_left,Left,913,1525,93,243599777,nan,nan,nan
8/24/2026 12:47:50,1.17.3,StopSig,57,3.86,nan,1,Right_no_left,Left,913,1526,93,243603021,nan,nan,nan
8/24/2026 12:48:18,1.17.3,StopSig,57,3.86,nan,1,>Left_Regular_trial,Left,914,1526,93,243632733,nan,nan,nan
8/24/2026 12:48:22,1.17.3,StopSig,57,3.85,nan,1,NoPoke_Regular_(incorrect),Left,914,1526,93,243636129,nan,nan,nan
8/24/2026 12:48:54,1.17.3,StopSig,57,3.86,nan,1,>Left_Regular_trial,Left,915,1526,93,243667777,nan,nan,nan
8/24/2026 12:48:57,1.17.3,StopSig,57,3.86,nan,1,NoPoke_Regular_(incorrect),Left,915,1526,93,243671180,nan,nan,nan
8/24/2026 13:43:06,1.17.3,StopSig,57,3.85,nan,1,>Left_Stop_trial,Left,916,1526,93,246920375,nan,nan,nan
8/24/2026 13:43:10,1.17.3,StopSig,57,3.85,nan,1,NoPoke_STOP_(correct),Left,916,1526,93,246924237,nan,nan,nan
8/24/2026 13:43:11,1.17.3,StopSig,57,3.85,1,1,Pellet,Left,916,1526,94,246924237,0.71,9395,nan
8/24/2026 13:43:33,1.17.3,StopSig,57,3.85,nan,1,>Left_Stop_trial,Left,917,1526,94,246947567,nan,nan,nan
8/24/2026 13:43:37,1.17.3,StopSig,57,3.85,nan,1,NoPoke_STOP_(correct),Left,917,1526,94,246951284,nan,nan,nan
8/24/2026 13:43:38,1.17.3,StopSig,57,3.86,1,1,Pellet,Left,917,1526,95,246951284,1.01,27,nan
8/24/2026 13:44:15,1.17.3,StopSig,57,3.86,nan,1,>Left_Regular_trial,Left,918,1526,95,246989753,nan,nan,nan
8/24/2026 13:44:17,1.17.3,StopSig,57,3.85,nan,1,Right_Regular_(correct),Left,918,1527,95,246991992,nan,nan,nan
8/24/2026 13:44:18,1.17.3,StopSig,57,3.85,nan,1,RightDuringDispense,Left,918,1528,95,246991992,nan,nan,0.13
8/24/2026 13:44:19,1.17.3,StopSig,57,3.85,1,1,Pellet,Left,918,1528,96,246991992,0.53,41,nan
8/24/2026 13:44:39,1.17.3,StopSig,57,3.85,nan,1,Right_no_left,Left,918,1529,96,246991992,nan,nan,nan
8/24/2026 13:44:46,1.17.3,StopSig,57,3.85,nan,1,>Left_Regular_trial,Left,919,1529,96,247020355,nan,nan,nan
8/24/2026 13:44:50,1.17.3,StopSig,57,3.85,nan,1,NoPoke_Regular_(incorrect),Left,919,1529,96,247024341,nan,nan,nan
8/24/2026 13:56:06,1.17.3,StopSig,57,3.85,nan,1,>Left_Regular_trial,Left,920,1529,96,247700905,nan,nan,nan
8/24/2026 13:56:10,1.17.3,StopSig,57,3.86,nan,1,NoPoke_Regular_(incorrect),Left,920,1529,96,247704311,nan,nan,nan
8/24/2026 14:05:45,1.17.3,StopSig,57,3.85,nan,1,Right_no_left,Left,920,1530,96,247704311,nan,nan,nan
8/24/2026 14:05:46,1.17.3,StopSig,57,3.85,nan,1,Right_no_left,Left,920,1531,96,248279656,nan,nan,nan
8/24/2026 14:05:47,1.17.3,StopSig,57,3.85,nan,1,Right_no_left,Left,920,1532,96,248281131,nan,nan,nan
8/24/2026 14:05:48,1.17.3,StopSig,57,3.85,nan,1,Right_no_left,Left,920,1533,96,248281421,nan,nan,nan
8/24/2026 14:05:49,1.17.3,StopSig,57,3.85,nan,1,>Left_Regular_trial,Left,921,1533,96,248283938,nan,nan,nan
8/24/2026 14:05:51,1.17.3,StopSig,57,3.86,nan,1,Right_Regular_(correct),Left,921,1534,96,248285116,nan,nan,nan
8/24/2026 14:05:51,1.17.3,StopSig,57,3.85,nan,1,RightDuringDispense,Left,921,1535,96,248285116,nan,nan,0.13
8/24/2026 14:05:52,1.17.3,StopSig,57,3.85,1,1,Pellet,Left,921,1535,97,248285116,0.29,1293,nan
8/24/2026 14:06:16,1.17.3,StopSig,57,3.85,nan,1,>Left_Stop_trial,Left,922,1535,97,248309989,nan,nan,nan
8/24/2026 14:06:19,1.17.3,StopSig,57,3.85,nan,1,NoPoke_STOP_(correct),Left,922,1535,97,248313408,nan,nan,nan
8/24/2026 14:06:23,1.17.3,StopSig,57,3.85,2,1,Pellet,Left,922,1535,98,248313408,1.13,31,nan
8/24/2026 14:06:43,1.17.3,StopSig,57,3.85,nan,1,>Left_Regular_trial,Left,923,1535,98,248337829,nan,nan,nan
8/24/2026 14:06:45,1.17.3,StopSig,57,3.85,nan,1,Right_Regular_(correct),Left,923,1536,98,248339155,nan,nan,nan
8/24/2026 14:06:46,1.17.3,StopSig,57,3.85,1,1,Pellet,Left,923,1536,99,248339155,0.29,23,nan
8/24/2026 14:07:07,1.17.3,StopSig,57,3.85,nan,1,Right_no_left,Left,923,1537,99,248339155,nan,nan,nan
8/24/2026 14:07:08,1.17.3,StopSig,57,3.85,nan,1,Right_no_left,Left,923,1538,99,248361693,nan,nan,nan
8/24/2026 14:07:09,1.17.3,StopSig,57,3.85,nan,1,Right_no_left,Left,923,1539,99,248362575,nan,nan,nan
8/24/2026 14:07:13,1.17.3,StopSig,57,3.85,nan,1,Right_no_left,Left,923,1540,99,248363901,nan,nan,nan
8/24/2026 14:07:53,1.17.3,StopSig,57,3.85,nan,1,>Left_Stop_trial,Left,924,1540,99,248407527,nan,nan,nan
8/24/2026 14:07:56,1.17.3,StopSig,57,3.85,nan,1,Right_STOP_(incorrect),Left,924,1541,99,248411092,nan,nan,nan
8/24/2026 14:08:27,1.17.3,StopSig,57,3.85,nan,1,>Left_Regular_trial,Left,925,1541,99,248441409,nan,nan,nan
8/24/2026 14:08:31,1.17.3,StopSig,57,3.85,nan,1,NoPoke_Regular_(incorrect),Left,925,1541,99,248445396,nan,nan,nan
8/24/2026 14:09:37,1.17.3,StopSig,57,3.85,nan,1,>Left_Regular_trial,Left,926,1541,99,248511923,nan,nan,nan
8/24/2026 14:09:41,1.17.3,StopSig,57,3.85,nan,1,NoPoke_Regular_(incorrect),Left,926,1541,99,248515325,nan,nan,nan
8/24/2026 14:19:31,1.17.3,StopSig,57,3.85,nan,1,Right_no_left,Left,926,1542,99,248515325,nan,nan,nan
8/24/2026 14:37:38,1.17.3,StopSig,57,3.85,nan,1,Right_no_left,Left,926,1543,99,249106031,nan,nan,nan
8/24/2026 15:07:57,1.17.3,StopSig,57,3.85,nan,1,>Left_Regular_trial,Left,927,1543,99,252012038,nan,nan,nan
8/24/2026 15:08:01,1.17.3,StopSig,57,3.85,nan,1,NoPoke_Regular_(incorrect),Left,927,1543,99,252015442,nan,nan,nan
8/24/2026 15:22:09,1.17.3,StopSig,57,3.85,nan,1,>Left_Regular_trial,Left,928,1543,99,252863710,nan,nan,nan
8/24/2026 15:22:13,1.17.3,StopSig,57,3.85,nan,1,NoPoke_Regular_(incorrect),Left,928,1543,99,252867580,nan,nan,nan
8/24/2026 15:22:59,1.17.3,StopSig,57,3.85,nan,1,>Left_Regular_trial,Left,929,1543,99,252913521,nan,nan,nan
8/24/2026 15:23:01,1.17.3,StopSig,57,3.84,nan,1,Right_Regular_(correct),Left,929,1544,99,252916044,nan,nan,nan
8/24/2026 15:23:02,1.17.3,StopSig,57,3.85,nan,1,RightDuringDispense,Left,929,1545,99,252916044,nan,nan,0.11
8/24/2026 15:23:04,1.17.3,StopSig,57,3.85,1,1,Pellet,Left,929,1545,100,252916044,1.13,4578,nan
8/24/2026 15:23:25,1.17.3,StopSig,57,3.85,nan,1,Right_no_left,Left,929,1546,100,252916044,nan,nan,nan
8/24/2026 15:23:27,1.17.3,StopSig,57,3.85,nan,1,Right_no_left,Left,929,1547,100,252940319,nan,nan,nan
8/24/2026 15:23:30,1.17.3,StopSig,57,3.85,nan,1,>Left_Regular_trial,Left,930,1547,100,252944329,nan,nan,nan
8/24/2026 15:23:32,1.17.3,StopSig,57,3.85,nan,1,Right_Regular_(correct),Left,930,1548,100,252947007,nan,nan,nan
8/24/2026 15:23:33,1.17.3,StopSig,57,3.85,1,1,Pellet,Left,930,1548,101,252947007,0.23,29,nan
8/24/2026 15:23:56,1.17.3,StopSig,57,3.85,nan,1,>Left_Regular_trial,Left,931,1548,101,252970656,nan,nan,nan
8/24/2026 15:23:57,1.17.3,StopSig,57,3.85,nan,1,Right_Regular_(correct),Left,931,1549,101,252972135,nan,nan,nan
8/24/2026 15:23:58,1.17.3,StopSig,57,3.84,nan,1,RightDuringDispense,Left,931,1550,101,252972135,nan,nan,0.24
8/24/2026 15:24:01,1.17.3,StopSig,57,3.85,2,1,Pellet,Left,931,1550,102,252972135,0.29,28,nan
8/24/2026 15:24:30,1.17.3,StopSig,57,3.85,nan,1,Right_no_left,Left,931,1551,102,252972135,nan,nan,nan
8/24/2026 15:24:31,1.17.3,StopSig,57,3.85,nan,1,Right_no_left,Left,931,1552,102,253005202,nan,nan,nan
8/24/2026 15:24:33,1.17.3,StopSig,57,3.85,nan,1,>Left_Regular_trial,Left,932,1552,102,253007871,nan,nan,nan
8/24/2026 15:24:36,1.17.3,StopSig,57,3.84,nan,1,Right_Regular_(correct),Left,932,1553,102,253010990,nan,nan,nan
8/24/2026 15:24:39,1.17.3,StopSig,57,3.85,2,1,Pellet,Left,932,1553,103,253010990,0.47,38,nan
8/24/2026 15:25:01,1.17.3,StopSig,57,3.85,nan,1,>Left_Regular_trial,Left,933,1553,103,253035880,nan,nan,nan
8/24/2026 15:25:05,1.17.3,StopSig,57,3.85,nan,1,NoPoke_Regular_(incorrect),Left,933,1553,103,253039599,nan,nan,nan
8/24/2026 15:55:47,1.17.3,StopSig,57,3.84,nan,1,>Left_Regular_trial,Left,934,1553,103,254882142,nan,nan,nan
8/24/2026 15:55:51,1.17.3,StopSig,57,3.84,nan,1,NoPoke_Regular_(incorrect),Left,934,1553,103,254885562,nan,nan,nan
8/24/2026 16:03:21,1.17.3,StopSig,57,3.84,nan,1,>Left_Regular_trial,Left,935,1553,103,255335556,nan,nan,nan
8/24/2026 16:03:25,1.17.3,StopSig,57,3.84,nan,1,NoPoke_Regular_(incorrect),Left,935,1553,103,255339574,nan,nan,nan
8/24/2026 16:09:15,1.17.3,StopSig,57,3.85,nan,1,Right_no_left,Left,935,1554,103,255339574,nan,nan,nan
8/24/2026 16:09:17,1.17.3,StopSig,57,3.84,nan,1,Right_no_left,Left,935,1555,103,255690207,nan,nan,nan
8/24/2026 16:09:21,1.17.3,StopSig,57,3.84,nan,1,>Left_Regular_trial,Left,936,1555,103,255695424,nan,nan,nan
8/24/2026 16:09:25,1.17.3,StopSig,57,3.84,nan,1,NoPoke_Regular_(incorrect),Left,936,1555,103,255699592,nan,nan,nan
8/24/2026 16:10:33,1.17.3,StopSig,57,3.84,nan,1,Right_no_left,Left,936,1556,103,255699592,nan,nan,nan
8/24/2026 16:22:27,1.17.3,StopSig,57,3.84,nan,1,Right_no_left,Left,936,1557,103,255768048,nan,nan,nan
8/24/2026 16:24:21,1.17.3,StopSig,57,3.84,nan,1,Right_no_left,Left,936,1558,103,256482104,nan,nan,nan
8/24/2026 16:24:24,1.17.3,StopSig,57,3.84,nan,1,Right_no_left,Left,936,1559,103,256596108,nan,nan,nan
8/24/2026 17:10:09,1.17.3,StopSig,57,3.83,nan,1,Right_no_left,Left,936,1560,103,256599233,nan,nan,nan
8/24/2026 17:10:11,1.17.3,StopSig,57,3.83,nan,1,Right_no_left,Left,936,1561,103,259344611,nan,nan,nan
8/24/2026 17:10:12,1.17.3,StopSig,57,3.83,nan,1,Right_no_left,Left,936,1562,103,259345796,nan,nan,nan
8/24/2026 17:20:21,1.17.3,StopSig,57,3.83,nan,1,>Left_Regular_trial,Left,937,1562,103,259955421,nan,nan,nan
8/24/2026 17:20:24,1.17.3,StopSig,57,3.83,nan,1,NoPoke_Regular_(incorrect),Left,937,1562,103,259958847,nan,nan,nan
8/24/2026 17:33:50,1.17.3,StopSig,57,3.83,nan,1,Right_no_left,Left,937,1563,103,259958847,nan,nan,nan
8/24/2026 17:33:50,1.17.3,StopSig,57,3.83,nan,1,Right_no_left,Left,937,1564,103,260764886,nan,nan,nan
8/24/2026 17:34:05,1.17.3,StopSig,57,3.83,nan,1,>Left_Regular_trial,Left,938,1564,103,260779618,nan,nan,nan
8/24/2026 17:34:09,1.17.3,StopSig,57,3.83,nan,1,NoPoke_Regular_(incorrect),Left,938,1564,103,260783782,nan,nan,nan
8/24/2026 17:41:54,1.17.3,StopSig,57,3.83,nan,1,Right_no_left,Left,938,1565,103,260783782,nan,nan,nan
8/24/2026 17:41:55,1.17.3,StopSig,57,3.83,nan,1,Right_no_left,Left,938,1566,103,261249245,nan,nan,nan
8/24/2026 17:42:19,1.17.3,StopSig,57,3.83,nan,1,Right_no_left,Left,938,1567,103,261250429,nan,nan,nan
8/24/2026 17:42:20,1.17.3,StopSig,57,3.83,nan,1,Right_no_left,Left,938,1568,103,261273966,nan,nan,nan
8/24/2026 17:42:31,1.17.3,StopSig,57,3.83,nan,1,Right_no_left,Left,938,1569,103,261274864,nan,nan,nan
8/24/2026 17:45:47,1.17.3,StopSig,57,3.83,nan,1,Right_no_left,Left,938,1570,103,261286638,nan,nan,nan
8/24/2026 17:45:47,1.17.3,StopSig,57,3.82,nan,1,Right_no_left,Left,938,1571,103,261481811,nan,nan,nan
8/24/2026 17:45:50,1.17.3,StopSig,57,3.82,nan,1,Right_no_left,Left,938,1572,103,261482549,nan,nan,nan
8/24/2026 17:45:51,1.17.3,StopSig,57,3.83,nan,1,Right_no_left,Left,938,1573,103,261485370,nan,nan,nan
8/24/2026 17:45:57,1.17.3,StopSig,57,3.83,nan,1,Right_no_left,Left,938,1574,103,261486108,nan,nan,nan
8/24/2026 17:45:58,1.17.3,StopSig,57,3.83,nan,1,Right_no_left,Left,938,1575,103,261492360,nan,nan,nan
8/24/2026 17:45:58,1.17.3,StopSig,57,3.83,nan,1,Right_no_left,Left,938,1576,103,261492800,nan,nan,nan
8/24/2026 17:45:59,1.17.3,StopSig,57,3.83,nan,1,Right_no_left,Left,938,1577,103,261493240,nan,nan,nan
8/24/2026 17:46:00,1.17.3,StopSig,57,3.83,nan,1,>Left_Regular_trial,Left,939,1577,103,261495318,nan,nan,nan
8/24/2026 17:46:04,1.17.3,StopSig,57,3.83,nan,1,Right_Regular_(correct),Left,939,1578,103,261498586,nan,nan,nan
8/24/2026 17:46:22,1.17.3,StopSig,57,3.83,nan,1,LeftWithPellet,Left,940,1578,103,261498586,nan,nan,0.07
8/24/2026 17:46:23,1.17.3,StopSig,57,3.83,nan,1,LeftWithPellet,Left,941,1578,103,261498586,nan,nan,0.27
8/24/2026 17:46:24,1.17.3,StopSig,57,3.83,nan,1,LeftWithPellet,Left,942,1578,103,261498586,nan,nan,0.11
8/24/2026 17:46:25,1.17.3,StopSig,57,3.83,nan,1,RightWithPellet,Left,942,1579,103,261498586,nan,nan,0.02
8/24/2026 17:46:26,1.17.3,StopSig,57,3.83,nan,1,RightWithPellet,Left,942,1580,103,261498586,nan,nan,0.17
8/24/2026 17:46:27,1.17.3,StopSig,57,3.83,nan,1,RightWithPellet,Left,942,1581,103,261498586,nan,nan,0.06
8/24/2026 17:46:28,1.17.3,StopSig,57,3.83,nan,1,RightWithPellet,Left,942,1582,103,261498586,nan,nan,0.30
8/24/2026 17:46:30,1.17.3,StopSig,57,3.83,nan,1,LeftWithPellet,Left,943,1582,103,261498586,nan,nan,0.29
8/24/2026 17:46:30,1.17.3,StopSig,57,3.83,nan,1,LeftWithPellet,Left,944,1582,103,261498586,nan,nan,0.17
8/24/2026 17:46:51,1.17.3,StopSig,57,3.83,nan,1,RightWithPellet,Left,944,1583,103,261498586,nan,nan,0.07
8/24/2026 17:47:06,1.17.3,StopSig,57,3.83,1,1,Pellet,Left,944,1583,104,261498586,Timed_out,8547,nan
8/24/2026 17:47:16,1.17.3,StopSig,57,3.83,nan,1,>Left_Regular_trial,Left,945,1583,104,261571238,nan,nan,nan
8/24/2026 17:47:20,1.17.3,StopSig,57,3.83,nan,1,NoPoke_Regular_(incorrect),Left,945,1583,104,261574804,nan,nan,nan
8/24/2026 17:50:27,1.17.3,StopSig,57,3.83,nan,1,Right_no_left,Left,945,1584,104,261574804,nan,nan,nan
8/24/2026 17:50:31,1.17.3,StopSig,57,3.83,nan,1,>Left_Regular_trial,Left,946,1584,104,261765648,nan,nan,nan
8/24/2026 17:50:35,1.17.3,StopSig,57,3.83,nan,1,Right_Regular_(correct),Left,946,1585,104,261769823,nan,nan,nan
8/24/2026 17:50:58,1.17.3,StopSig,57,3.84,nan,1,RightWithPellet,Left,946,1586,104,261769823,nan,nan,0.36
8/24/2026 17:50:58,1.17.3,StopSig,57,3.83,nan,1,RightWithPellet,Left,946,1587,104,261769823,nan,nan,0.07
8/24/2026 17:51:14,1.17.3,StopSig,57,3.83,nan,1,LeftWithPellet,Left,947,1587,104,261769823,nan,nan,0.04
8/24/2026 17:51:16,1.17.3,StopSig,57,3.83,nan,1,RightWithPellet,Left,947,1588,104,261769823,nan,nan,0.33
8/24/2026 17:51:17,1.17.3,StopSig,57,3.83,1,1,Pellet,Left,947,1588,105,261769823,41.75,251,nan
8/24/2026 17:51:18,1.17.3,StopSig,57,3.83,nan,1,Right_no_left,Left,947,1589,105,261769823,nan,nan,nan
8/24/2026 17:51:19,1.17.3,StopSig,57,3.83,nan,1,Right_no_left,Left,947,1590,105,261813226,nan,nan,nan
8/24/2026 17:51:23,1.17.3,StopSig,57,3.83,nan,1,>Left_Regular_trial,Left,948,1590,105,261818278,nan,nan,nan
8/24/2026 17:51:25,1.17.3,StopSig,57,3.83,nan,1,Right_Regular_(correct),Left,948,1591,105,261820214,nan,nan,nan
8/24/2026 17:51:25,1.17.3,StopSig,57,3.76,nan,1,RightDuringDispense,Left,948,1592,105,261820214,nan,nan,0.08
8/24/2026 17:51:27,1.17.3,StopSig,57,3.83,1,1,Pellet,Left,948,1592,106,261820214,0.65,10,nan
8/24/2026 17:51:44,1.17.3,StopSig,57,3.83,nan,1,>Left_Regular_trial,Left,949,1592,106,261839111,nan,nan,nan
8/24/2026 17:51:45,1.17.3,StopSig,57,3.83,nan,1,Right_Regular_(correct),Left,949,1593,106,261840445,nan,nan,nan
8/24/2026 17:51:46,1.17.3,StopSig,57,3.83,1,1,Pellet,Left,949,1593,107,261840445,0.35,19,nan
8/24/2026 17:52:09,1.17.3,StopSig,57,3.83,nan,1,Right_no_left,Left,949,1594,107,261840445,nan,nan,nan
8/24/2026 17:52:10,1.17.3,StopSig,57,3.83,nan,1,Right_no_left,Left,949,1595,107,261864484,nan,nan,nan
8/24/2026 17:52:11,1.17.3,StopSig,57,3.83,nan,1,Right_no_left,Left,949,1596,107,261865668,nan,nan,nan
8/24/2026 17:52:12,1.17.3,StopSig,57,3.83,nan,1,Right_no_left,Left,949,1597,107,261866406,nan,nan,nan
8/24/2026 17:52:13,1.17.3,StopSig,57,3.83,nan,1,Right_no_left,Left,949,1598,107,261867449,nan,nan,nan
8/24/2026 17:52:15,1.17.3,StopSig,57,3.83,nan,1,>Left_Regular_trial,Left,950,1598,107,261869676,nan,nan,nan
8/24/2026 17:52:16,1.17.3,StopSig,57,3.83,nan,1,Right_Regular_(correct),Left,950,1599,107,261871457,nan,nan,nan
8/24/2026 17:52:17,1.17.3,StopSig,57,3.83,1,1,Pellet,Left,950,1599,108,261871457,0.29,31,nan
8/24/2026 17:52:43,1.17.3,StopSig,57,3.83,nan,1,>Left_Regular_trial,Left,951,1599,108,261897963,nan,nan,nan
8/24/2026 17:52:44,1.17.3,StopSig,57,3.83,nan,1,Right_Regular_(correct),Left,951,1600,108,261898999,nan,nan,nan
8/24/2026 17:52:45,1.17.3,StopSig,57,3.83,1,1,Pellet,Left,951,1600,109,261898999,0.35,28,nan
8/24/2026 17:53:02,1.17.3,StopSig,57,3.83,nan,1,Right_no_left,Left,951,1601,109,261898999,nan,nan,nan
8/24/2026 17:53:04,1.17.3,StopSig,57,3.83,nan,1,Right_no_left,Left,951,1602,109,261917370,nan,nan,nan
8/24/2026 17:53:06,1.17.3,StopSig,57,3.83,nan,1,>Left_Regular_trial,Left,952,1602,109,261920644,nan,nan,nan
8/24/2026 17:53:07,1.17.3,StopSig,57,3.83,nan,1,Right_Regular_(correct),Left,952,1603,109,261922277,nan,nan,nan
8/24/2026 17:53:08,1.17.3,StopSig,57,3.83,1,1,Pellet,Left,952,1603,110,261922277,0.17,23,nan
8/24/2026 17:53:30,1.17.3,StopSig,57,3.83,nan,1,>Left_Regular_trial,Left,953,1603,110,261944600,nan,nan,nan
8/24/2026 17:53:31,1.17.3,StopSig,57,3.83,nan,1,Right_Regular_(correct),Left,953,1604,110,261946232,nan,nan,nan
8/24/2026 17:53:32,1.17.3,StopSig,57,3.83,nan,1,RightDuringDispense,Left,953,1605,110,261946232,nan,nan,0.19
8/24/2026 17:53:33,1.17.3,StopSig,57,3.83,1,1,Pellet,Left,953,1605,111,261946232,0.23,25,nan
8/24/2026 17:53:52,1.17.3,StopSig,57,3.83,nan,1,>Left_Stop_trial,Left,954,1605,111,261966201,nan,nan,nan
8/24/2026 17:53:55,1.17.3,StopSig,57,3.83,nan,1,NoPoke_STOP_(correct),Left,954,1605,111,261969796,nan,nan,nan
8/24/2026 17:54:04,1.17.3,StopSig,57,3.83,5,1,Pellet,Left,954,1605,112,261969796,0.06,31,nan
8/24/2026 17:54:29,1.17.3,StopSig,57,3.83,nan,1,>Left_Stop_trial,Left,955,1605,112,262003987,nan,nan,nan
8/24/2026 17:54:33,1.17.3,StopSig,57,3.83,nan,1,NoPoke_STOP_(correct),Left,955,1605,112,262007871,nan,nan,nan
8/24/2026 17:54:35,1.17.3,StopSig,57,3.83,2,1,Pellet,Left,955,1605,113,262007871,0.89,31,nan
8/24/2026 17:54:56,1.17.3,StopSig,57,3.83,nan,1,Right_no_left,Left,955,1606,113,262007871,nan,nan,nan
8/24/2026 17:54:59,1.17.3,StopSig,57,3.83,nan,1,Right_no_left,Left,955,1607,113,262030779,nan,nan,nan
8/24/2026 17:55:00,1.17.3,StopSig,57,3.83,nan,1,Right_no_left,Left,955,1608,113,262034502,nan,nan,nan
8/24/2026 17:55:01,1.17.3,StopSig,57,3.83,nan,1,Right_no_left,Left,955,1609,113,262035090,nan,nan,nan
8/24/2026 17:55:03,1.17.3,StopSig,57,3.83,nan,1,>Left_Regular_trial,Left,956,1609,113,262038360,nan,nan,nan
8/24/2026 17:55:05,1.17.3,StopSig,57,3.83,nan,1,Right_Regular_(correct),Left,956,1610,113,262039843,nan,nan,nan
8/24/2026 17:55:06,1.17.3,StopSig,57,3.83,2,1,Pellet,Left,956,1610,114,262039843,0.23,31,nan
8/24/2026 17:55:25,1.17.3,StopSig,57,3.83,nan,1,Right_no_left,Left,956,1611,114,262039843,nan,nan,nan
8/24/2026 17:55:26,1.17.3,StopSig,57,3.83,nan,1,Right_no_left,Left,956,1612,114,262059758,nan,nan,nan
8/24/2026 17:55:27,1.17.3,StopSig,57,3.83,nan,1,>Left_Regular_trial,Left,957,1612,114,262062280,nan,nan,nan
8/24/2026 17:55:29,1.17.3,StopSig,57,3.83,nan,1,Right_Regular_(correct),Left,957,1613,114,262063612,nan,nan,nan
8/24/2026 17:55:29,1.17.3,StopSig,57,3.83,nan,1,RightDuringDispense,Left,957,1614,114,262063612,nan,nan,0.13
8/24/2026 17:55:30,1.17.3,StopSig,57,3.83,2,1,Pellet,Left,957,1614,115,262063612,0.23,24,nan
8/24/2026 17:55:49,1.17.3,StopSig,57,3.83,nan,1,>Left_Regular_trial,Left,958,1614,115,262083983,nan,nan,nan
8/24/2026 17:55:50,1.17.3,StopSig,57,3.83,nan,1,Right_Regular_(correct),Left,958,1615,115,262085018,nan,nan,nan
8/24/2026 17:55:51,1.17.3,StopSig,57,3.83,1,1,Pellet,Left,958,1615,116,262085018,0.35,21,nan
8/24/2026 17:56:12,1.17.3,StopSig,57,3.83,nan,1,>Left_Stop_trial,Left,959,1615,116,262107031,nan,nan,nan
8/24/2026 17:56:15,1.17.3,StopSig,57,3.83,nan,1,Right_STOP_(incorrect),Left,959,1616,116,262109880,nan,nan,nan
8/24/2026 17:56:45,1.17.3,StopSig,57,3.83,nan,1,>Left_Regular_trial,Left,960,1616,116,262140198,nan,nan,nan
8/24/2026 17:56:49,1.17.3,StopSig,57,3.83,nan,1,NoPoke_Regular_(incorrect),Left,960,1616,116,262143914,nan,nan,nan
8/24/2026 17:57:33,1.17.3,StopSig,57,3.83,nan,1,Right_no_left,Left,960,1617,116,262143914,nan,nan,nan
8/24/2026 17:58:01,1.17.3,StopSig,57,3.83,nan,1,>Left_Stop_trial,Left,961,1617,116,262215882,nan,nan,nan
8/24/2026 17:58:05,1.17.3,StopSig,57,3.83,nan,1,NoPoke_STOP_(correct),Left,961,1617,116,262219912,nan,nan,nan
8/24/2026 17:58:06,1.17.3,StopSig,57,3.83,1,1,Pellet,Left,961,1617,117,262219912,0.29,135,nan
8/24/2026 17:58:26,1.17.3,StopSig,57,3.83,nan,1,Right_no_left,Left,961,1618,117,262219912,nan,nan,nan
8/24/2026 17:58:27,1.17.3,StopSig,57,3.83,nan,1,Right_no_left,Left,961,1619,117,262241123,nan,nan,nan
8/24/2026 17:58:30,1.17.3,StopSig,57,3.83,nan,1,>Left_Regular_trial,Left,962,1619,117,262244692,nan,nan,nan
8/24/2026 17:58:31,1.17.3,StopSig,57,3.83,nan,1,Right_Regular_(correct),Left,962,1620,117,262246025,nan,nan,nan
8/24/2026 17:58:32,1.17.3,StopSig,57,3.83,1,1,Pellet,Left,962,1620,118,262246025,0.47,26,nan
8/24/2026 18:02:50,1.17.3,StopSig,57,3.83,nan,1,Right_no_left,Left,962,1621,118,262246025,nan,nan,nan
8/24/2026 18:06:48,1.17.3,StopSig,57,3.83,nan,1,>Left_Regular_trial,Left,963,1621,118,262742802,nan,nan,nan
8/24/2026 18:06:49,1.17.3,StopSig,57,3.83,nan,1,Right_Regular_(correct),Left,963,1622,118,262744154,nan,nan,nan
8/24/2026 18:06:50,1.17.3,StopSig,57,3.83,1,1,Pellet,Left,963,1622,119,262744154,0.41,498,nan
8/24/2026 18:07:09,1.17.3,StopSig,57,3.83,nan,1,Right_no_left,Left,963,1623,119,262744154,nan,nan,nan
8/24/2026 18:07:11,1.17.3,StopSig,57,3.83,nan,1,Right_no_left,Left,963,1624,119,262764772,nan,nan,nan
8/24/2026 18:07:12,1.17.3,StopSig,57,3.83,nan,1,Right_no_left,Left,963,1625,119,262766553,nan,nan,nan
8/24/2026 18:07:14,1.17.3,StopSig,57,3.83,nan,1,Right_no_left,Left,963,1626,119,262767595,nan,nan,nan
8/24/2026 18:07:15,1.17.3,StopSig,57,3.83,nan,1,Right_no_left,Left,963,1627,119,262769078,nan,nan,nan
8/24/2026 18:22:49,1.17.3,StopSig,57,3.83,nan,1,>Left_Regular_trial,Left,964,1627,119,263704028,nan,nan,nan
8/24/2026 18:22:53,1.17.3,StopSig,57,3.83,nan,1,NoPoke_Regular_(incorrect),Left,964,1627,119,263707894,nan,nan,nan
8/24/2026 18:33:24,1.17.3,StopSig,57,3.83,nan,1,Right_no_left,Left,964,1628,119,263707894,nan,nan,nan
8/24/2026 18:49:32,1.17.3,StopSig,57,3.82,nan,1,Right_no_left,Left,964,1629,119,264339678,nan,nan,nan
8/24/2026 18:49:33,1.17.3,StopSig,57,3.83,nan,1,Right_no_left,Left,964,1630,119,265306957,nan,nan,nan
8/24/2026 18:49:36,1.17.3,StopSig,57,3.82,nan,1,Right_no_left,Left,964,1631,119,265308738,nan,nan,nan
8/24/2026 18:49:37,1.17.3,StopSig,57,3.83,nan,1,Right_no_left,Left,964,1632,119,265311413,nan,nan,nan
8/24/2026 18:49:40,1.17.3,StopSig,57,3.83,nan,1,Right_no_left,Left,964,1633,119,265312300,nan,nan,nan
8/24/2026 18:49:43,1.17.3,StopSig,57,3.83,nan,1,Right_no_left,Left,964,1634,119,265315576,nan,nan,nan
8/24/2026 18:49:44,1.17.3,StopSig,57,3.83,nan,1,Right_no_left,Left,964,1635,119,265318549,nan,nan,nan
8/24/2026 18:49:45,1.17.3,StopSig,57,3.83,nan,1,Right_no_left,Left,964,1636,119,265319138,nan,nan,nan
8/24/2026 18:49:46,1.17.3,StopSig,57,3.82,nan,1,Right_no_left,Left,964,1637,119,265320472,nan,nan,nan
8/24/2026 18:49:48,1.17.3,StopSig,57,3.83,nan,1,>Left_Regular_trial,Left,965,1637,119,265322997,nan,nan,nan
8/24/2026 18:49:49,1.17.3,StopSig,57,3.83,nan,1,Right_Regular_(correct),Left,965,1638,119,265323891,nan,nan,nan
8/24/2026 18:49:50,1.17.3,StopSig,57,3.83,1,1,Pellet,Left,965,1638,120,265323891,0.41,2580,nan
8/24/2026 18:50:23,1.17.3,StopSig,57,3.83,nan,1,Right_no_left,Left,965,1639,120,265323891,nan,nan,nan
8/24/2026 18:50:47,1.17.3,StopSig,57,3.83,nan,1,Right_no_left,Left,965,1640,120,265358158,nan,nan,nan
8/24/2026 18:52:10,1.17.3,StopSig,57,3.83,nan,1,Right_no_left,Left,965,1641,120,265382762,nan,nan,nan
8/24/2026 18:52:11,1.17.3,StopSig,57,3.83,nan,1,Right_no_left,Left,965,1642,120,265465621,nan,nan,nan
8/24/2026 18:52:13,1.17.3,StopSig,57,3.82,nan,1,Right_no_left,Left,965,1643,120,265466370,nan,nan,nan
8/24/2026 18:52:14,1.17.3,StopSig,57,3.83,nan,1,Right_no_left,Left,965,1644,120,265468152,nan,nan,nan
8/24/2026 18:52:14,1.17.3,StopSig,57,3.82,nan,1,Right_no_left,Left,965,1645,120,265469190,nan,nan,nan
8/24/2026 18:52:15,1.17.3,StopSig,57,3.83,nan,1,Right_no_left,Left,965,1646,120,265469630,nan,nan,nan
8/24/2026 18:52:16,1.17.3,StopSig,57,3.83,nan,1,Right_no_left,Left,965,1647,120,265470823,nan,nan,nan
8/24/2026 18:52:18,1.17.3,StopSig,57,3.83,nan,1,Right_no_left,Left,965,1648,120,265471264,nan,nan,nan
8/24/2026 18:52:18,1.17.3,StopSig,57,3.83,nan,1,Right_no_left,Left,965,1649,120,265473195,nan,nan,nan
8/24/2026 18:52:44,1.17.3,StopSig,57,3.82,nan,1,Right_no_left,Left,965,1650,120,265473635,nan,nan,nan
8/24/2026 18:52:45,1.17.3,StopSig,57,3.83,nan,1,Right_no_left,Left,965,1651,120,265498979,nan,nan,nan
8/24/2026 19:04:20,1.17.3,StopSig,57,3.83,nan,1,>Left_Regular_trial,Left,966,1651,120,266195011,nan,nan,nan
8/24/2026 19:04:21,1.17.3,StopSig,57,3.82,nan,1,Right_Regular_(correct),Left,966,1652,120,266196505,nan,nan,nan
8/24/2026 19:04:22,1.17.3,StopSig,57,3.83,1,1,Pellet,Left,966,1652,121,266196505,0.06,872,nan
8/24/2026 19:04:28,1.17.3,StopSig,57,3.83,nan,1,>Left_Regular_trial,Left,967,1652,121,266203192,nan,nan,nan
8/24/2026 19:04:29,1.17.3,StopSig,57,3.83,nan,1,Right_Regular_(correct),Left,967,1653,121,266204079,nan,nan,nan
8/24/2026 19:04:30,1.17.3,StopSig,57,3.83,1,1,Pellet,Left,967,1653,122,266204079,0.17,8,nan
8/24/2026 19:04:51,1.17.3,StopSig,57,3.83,nan,1,Right_no_left,Left,967,1654,122,266204079,nan,nan,nan
8/24/2026 19:10:17,1.17.3,StopSig,57,3.83,nan,1,Right_no_left,Left,967,1655,122,266226598,nan,nan,nan
8/24/2026 19:10:19,1.17.3,StopSig,57,3.83,nan,1,Right_no_left,Left,967,1656,122,266552311,nan,nan,nan
8/24/2026 19:12:15,1.17.3,StopSig,57,3.82,nan,1,>Left_Regular_trial,Left,968,1656,122,266670542,nan,nan,nan
8/24/2026 19:12:17,1.17.3,StopSig,57,3.83,nan,1,Right_Regular_(correct),Left,968,1657,122,266671877,nan,nan,nan
8/24/2026 19:12:18,1.17.3,StopSig,57,3.83,1,1,Pellet,Left,968,1657,123,266671877,1.07,468,nan
8/24/2026 19:12:34,1.17.3,StopSig,57,3.83,nan,1,Right_no_left,Left,968,1658,123,266671877,nan,nan,nan
8/24/2026 19:12:37,1.17.3,StopSig,57,3.82,nan,1,Right_no_left,Left,968,1659,123,266689421,nan,nan,nan
8/24/2026 19:12:38,1.17.3,StopSig,57,3.83,nan,1,Right_no_left,Left,968,1660,123,266692253,nan,nan,nan
8/24/2026 19:12:42,1.17.3,StopSig,57,3.82,nan,1,>Left_Regular_trial,Left,969,1660,123,266697315,nan,nan,nan
8/24/2026 19:12:43,1.17.3,StopSig,57,3.83,nan,1,Right_Regular_(correct),Left,969,1661,123,266698649,nan,nan,nan
8/24/2026 19:12:44,1.17.3,StopSig,57,3.82,1,1,Pellet,Left,969,1661,124,266698649,0.35,26,nan
8/24/2026 19:13:02,1.17.3,StopSig,57,3.83,nan,1,Right_no_left,Left,969,1662,124,266698649,nan,nan,nan
8/24/2026 19:13:03,1.17.3,StopSig,57,3.83,nan,1,Right_no_left,Left,969,1663,124,266717314,nan,nan,nan
8/24/2026 19:13:07,1.17.3,StopSig,57,3.83,nan,1,Right_no_left,Left,969,1664,124,266718499,nan,nan,nan
8/24/2026 19:13:10,1.17.3,StopSig,57,3.82,nan,1,>Left_Stop_trial,Left,970,1664,124,266724600,nan,nan,nan
8/24/2026 19:13:13,1.17.3,StopSig,57,3.82,nan,1,NoPoke_STOP_(correct),Left,970,1664,124,266728038,nan,nan,nan
8/24/2026 19:13:15,1.17.3,StopSig,57,3.83,1,1,Pellet,Left,970,1664,125,266728038,1.49,31,nan
8/24/2026 21:09:36,1.17.3,StopSig,57,3.80,nan,1,>Left_Regular_trial,Left,971,1664,125,273711079,nan,nan,nan
8/24/2026 21:09:39,1.17.3,StopSig,57,3.80,nan,1,Right_Regular_(correct),Left,971,1665,125,273714199,nan,nan,nan
8/24/2026 21:09:39,1.17.3,StopSig,57,3.79,nan,1,RightDuringDispense,Left,971,1666,125,273714199,nan,nan,0.13
8/24/2026 21:09:41,1.17.3,StopSig,57,3.79,1,1,Pellet,Left,971,1666,126,273714199,0.83,6986,nan
8/24/2026 21:10:03,1.17.3,StopSig,57,3.79,nan,1,Right_no_left,Left,971,1667,126,273714199,nan,nan,nan
8/24/2026 21:10:06,1.17.3,StopSig,57,3.82,nan,1,Right_no_left,Left,971,1668,126,273738805,nan,nan,nan
8/24/2026 21:23:52,1.17.3,StopSig,57,3.81,nan,1,Right_no_left,Left,971,1669,126,273741774,nan,nan,nan
8/24/2026 21:23:54,1.17.3,StopSig,57,3.82,nan,1,Right_no_left,Left,971,1670,126,274567556,nan,nan,nan
8/24/2026 21:23:55,1.17.3,StopSig,57,3.82,nan,1,Right_no_left,Left,971,1671,126,274569635,nan,nan,nan
8/24/2026 21:23:56,1.17.3,StopSig,57,3.81,nan,1,Right_no_left,Left,971,1672,126,274570681,nan,nan,nan
8/24/2026 21:39:01,1.17.3,StopSig,57,3.81,nan,1,Right_no_left,Left,971,1673,126,274571276,nan,nan,nan
8/24/2026 21:39:04,1.17.3,StopSig,57,3.81,nan,1,Right_no_left,Left,971,1674,126,275476884,nan,nan,nan
8/24/2026 21:39:05,1.17.3,StopSig,57,3.82,nan,1,Right_no_left,Left,971,1675,126,275479706,nan,nan,nan
8/24/2026 21:49:30,1.17.3,StopSig,57,3.81,nan,1,Right_no_left,Left,971,1676,126,275480444,nan,nan,nan
8/24/2026 21:49:31,1.17.3,StopSig,57,3.81,nan,1,Right_no_left,Left,971,1677,126,276105751,nan,nan,nan
8/24/2026 21:49:32,1.17.3,StopSig,57,3.81,nan,1,Right_no_left,Left,971,1678,126,276106644,nan,nan,nan
8/24/2026 21:49:35,1.17.3,StopSig,57,3.81,nan,1,Right_no_left,Left,971,1679,126,276107976,nan,nan,nan
8/24/2026 21:49:36,1.17.3,StopSig,57,3.82,nan,1,Right_no_left,Left,971,1680,126,276110799,nan,nan,nan
8/24/2026 21:49:38,1.17.3,StopSig,57,3.82,nan,1,>Left_Stop_trial,Left,972,1680,126,276113175,nan,nan,nan
8/24/2026 21:49:42,1.17.3,StopSig,57,3.80,nan,1,NoPoke_STOP_(correct),Left,972,1680,126,276117362,nan,nan,nan
8/24/2026 21:58:40,1.17.3,StopSig,57,3.81,nan,1,RightWithPellet,Left,972,1681,126,276117362,nan,nan,0.09
8/24/2026 21:58:41,1.17.3,StopSig,57,3.81,nan,1,RightWithPellet,Left,972,1682,126,276117362,nan,nan,0.35
8/24/2026 22:50:12,1.17.3,StopSig,57,3.81,nan,1,RightWithPellet,Left,972,1683,126,276117362,nan,nan,0.06
8/24/2026 22:58:41,1.17.3,StopSig,57,3.80,nan,1,RightWithPellet,Left,972,1684,126,276117362,nan,nan,0.07
8/24/2026 23:11:54,1.17.3,StopSig,57,3.81,2,1,Pellet,Left,972,1684,127,276117362,Timed_out,7333,nan
8/24/2026 23:22:12,1.17.3,StopSig,57,3.80,nan,1,>Left_Regular_trial,Left,973,1684,127,281667489,nan,nan,nan
8/24/2026 23:22:16,1.17.3,StopSig,57,3.80,nan,1,NoPoke_Regular_(incorrect),Left,973,1684,127,281671507,nan,nan,nan
8/24/2026 23:23:48,1.17.3,StopSig,57,3.80,nan,1,>Left_Regular_trial,Left,974,1684,127,281764131,nan,nan,nan
8/24/2026 23:23:52,1.17.3,StopSig,57,3.80,nan,1,NoPoke_Regular_(incorrect),Left,974,1684,127,281767552,nan,nan,nan
8/24/2026 23:25:12,1.17.3,StopSig,57,3.80,nan,1,>Left_Regular_trial,Left,975,1684,127,281847637,nan,nan,nan
8/24/2026 23:25:13,1.17.3,StopSig,57,3.80,nan,1,Right_Regular_(correct),Left,975,1685,127,281848823,nan,nan,nan
8/24/2026 23:25:13,1.17.3,StopSig,57,3.73,nan,1,RightDuringDispense,Left,975,1686,127,281848823,nan,nan,0.04
8/24/2026 23:25:35,1.17.3,StopSig,57,3.80,nan,1,RightWithPellet,Left,975,1687,127,281848823,nan,nan,0.22
8/24/2026 23:31:59,1.17.3,StopSig,57,3.80,1,1,Pellet,Left,975,1687,128,281848823,Timed_out,1205,nan
8/24/2026 23:32:03,1.17.3,StopSig,57,3.80,nan,1,Right_no_left,Left,975,1688,128,281848823,nan,nan,nan
8/24/2026 23:32:05,1.17.3,StopSig,57,3.80,nan,1,Right_no_left,Left,975,1689,128,282259002,nan,nan,nan
8/24/2026 23:32:07,1.17.3,StopSig,57,3.80,nan,1,Right_no_left,Left,975,1690,128,282260786,nan,nan,nan
8/24/2026 23:32:15,1.17.3,StopSig,57,3.80,nan,1,Right_no_left,Left,975,1691,128,282262570,nan,nan,nan
8/24/2026 23:32:17,1.17.3,StopSig,57,3.80,nan,1,Right_no_left,Left,975,1692,128,282271365,nan,nan,nan
8/24/2026 23:32:20,1.17.3,StopSig,57,3.80,nan,1,Right_no_left,Left,975,1693,128,282272706,nan,nan,nan
8/24/2026 23:32:23,1.17.3,StopSig,57,3.80,nan,1,Right_no_left,Left,975,1694,128,282276280,nan,nan,nan
8/24/2026 23:32:24,1.17.3,StopSig,57,3.80,nan,1,Right_no_left,Left,975,1695,128,282279108,nan,nan,nan
8/24/2026 23:32:27,1.17.3,StopSig,57,3.80,nan,1,>Left_Regular_trial,Left,976,1695,128,282282383,nan,nan,nan
8/24/2026 23:32:28,1.17.3,StopSig,57,3.80,nan,1,Right_Regular_(correct),Left,976,1696,128,282283421,nan,nan,nan
8/24/2026 23:32:44,1.17.3,StopSig,57,3.80,nan,1,LeftWithPellet,Left,977,1696,128,282283421,nan,nan,0.00
8/24/2026 23:32:45,1.17.3,StopSig,57,3.80,nan,1,RightWithPellet,Left,977,1697,128,282283421,nan,nan,0.10
8/24/2026 23:32:45,1.17.3,StopSig,57,3.80,nan,1,RightWithPellet,Left,977,1698,128,282283421,nan,nan,0.15
8/24/2026 23:46:35,1.17.3,StopSig,57,3.80,nan,1,LeftWithPellet,Left,978,1698,128,282283421,nan,nan,0.00
8/24/2026 23:47:03,1.17.3,StopSig,57,3.80,nan,1,RightWithPellet,Left,978,1699,128,282283421,nan,nan,0.01
8/24/2026 23:50:07,1.17.3,StopSig,57,3.80,nan,1,LeftWithPellet,Left,979,1699,128,282283421,nan,nan,0.04
8/24/2026 23:50:44,1.17.3,StopSig,57,3.80,nan,1,RightWithPellet,Left,979,1700,128,282283421,nan,nan,0.15
8/24/2026 23:50:54,1.17.3,StopSig,57,3.80,nan,1,RightWithPellet,Left,979,1701,128,282283421,nan,nan,0.03
8/24/2026 23:50:57,1.17.3,StopSig,57,3.80,nan,1,RightWithPellet,Left,979,1702,128,282283421,nan,nan,0.16
8/25/2026 0:07:28,1.17.3,StopSig,57,3.80,nan,1,RightWithPellet,Left,979,1703,128,282283421,nan,nan,0.01
8/25/2026 0:07:32,1.17.3,StopSig,57,3.80,nan,1,LeftWithPellet,Left,980,1703,128,282283421,nan,nan,0.14
8/25/2026 0:08:02,1.17.3,StopSig,57,3.80,nan,1,RightWithPellet,Left,980,1704,128,282283421,nan,nan,0.44
8/25/2026 0:08:04,1.17.3,StopSig,57,3.80,nan,1,LeftWithPellet,Left,981,1704,128,282283421,nan,nan,0.05
8/25/2026 0:11:14,1.17.3,StopSig,57,3.80,nan,1,LeftWithPellet,Left,982,1704,128,282283421,nan,nan,0.01
8/25/2026 0:14:16,1.17.3,StopSig,57,3.80,nan,1,LeftWithPellet,Left,983,1704,128,282283421,nan,nan,0.01
8/25/2026 0:32:33,1.17.3,StopSig,57,3.80,nan,1,RightWithPellet,Left,983,1705,128,282283421,nan,nan,0.09
8/25/2026 0:33:10,1.17.3,StopSig,57,3.80,nan,1,LeftWithPellet,Left,984,1705,128,282283421,nan,nan,0.09
8/25/2026 0:42:01,1.17.3,StopSig,57,3.79,nan,1,RightWithPellet,Left,984,1706,128,282283421,nan,nan,0.26
8/25/2026 0:42:37,1.17.3,StopSig,57,3.80,nan,1,LeftWithPellet,Left,985,1706,128,282283421,nan,nan,0.10
8/25/2026 0:42:40,1.17.3,StopSig,57,3.80,nan,1,RightWithPellet,Left,985,1707,128,282283421,nan,nan,0.07
8/25/2026 0:42:50,1.17.3,StopSig,57,3.80,nan,1,LeftWithPellet,Left,986,1707,128,282283421,nan,nan,0.07
8/25/2026 0:42:52,1.17.3,StopSig,57,3.80,nan,1,RightWithPellet,Left,986,1708,128,282283421,nan,nan,0.10
8/25/2026 0:42:53,1.17.3,StopSig,57,3.80,nan,1,RightWithPellet,Left,986,1709,128,282283421,nan,nan,0.13
8/25/2026 0:46:25,1.17.3,StopSig,57,3.79,nan,1,LeftWithPellet,Left,987,1709,128,282283421,nan,nan,0.08
8/25/2026 0:47:59,1.17.3,StopSig,57,3.80,nan,1,LeftWithPellet,Left,988,1709,128,282283421,nan,nan,0.04
8/25/2026 0:48:00,1.17.3,StopSig,57,3.80,nan,1,RightWithPellet,Left,988,1710,128,282283421,nan,nan,0.02
8/25/2026 0:48:02,1.17.3,StopSig,57,3.79,nan,1,RightWithPellet,Left,988,1711,128,282283421,nan,nan,0.06
8/25/2026 0:48:04,1.17.3,StopSig,57,3.80,nan,1,LeftWithPellet,Left,989,1711,128,282283421,nan,nan,0.14
8/25/2026 0:48:06,1.17.3,StopSig,57,3.80,nan,1,RightWithPellet,Left,989,1712,128,282283421,nan,nan,0.07
8/25/2026 0:48:07,1.17.3,StopSig,57,3.80,nan,1,RightWithPellet,Left,989,1713,128,282283421,nan,nan,0.08
8/25/2026 0:48:09,1.17.3,StopSig,57,3.79,nan,1,RightWithPellet,Left,989,1714,128,282283421,nan,nan,0.03
8/25/2026 0:48:14,1.17.3,StopSig,57,3.80,nan,1,LeftWithPellet,Left,990,1714,128,282283421,nan,nan,0.03
8/25/2026 0:51:15,1.17.3,StopSig,57,3.80,nan,1,RightWithPellet,Left,990,1715,128,282283421,nan,nan,0.07
8/25/2026 0:51:15,1.17.3,StopSig,57,3.80,nan,1,LeftWithPellet,Left,991,1715,128,282283421,nan,nan,0.06
8/25/2026 1:14:04,1.17.3,StopSig,57,3.80,nan,1,RightWithPellet,Left,991,1716,128,282283421,nan,nan,0.04
8/25/2026 1:14:09,1.17.3,StopSig,57,3.79,nan,1,LeftWithPellet,Left,992,1716,128,282283421,nan,nan,0.21
8/25/2026 1:14:31,1.17.3,StopSig,57,3.79,nan,1,RightWithPellet,Left,992,1717,128,282283421,nan,nan,0.03
8/25/2026 1:25:48,1.17.3,StopSig,57,3.78,nan,1,RightWithPellet,Left,992,1718,128,282283421,nan,nan,0.10
8/25/2026 1:40:00,1.17.3,StopSig,57,3.78,nan,1,RightWithPellet,Left,992,1719,128,282283421,nan,nan,0.07
8/25/2026 1:42:29,1.17.3,StopSig,57,3.79,nan,1,LeftWithPellet,Left,993,1719,128,282283421,nan,nan,0.23
8/25/2026 1:43:34,1.17.3,StopSig,57,3.78,nan,1,LeftWithPellet,Left,994,1719,128,282283421,nan,nan,0.01
8/25/2026 1:48:24,1.17.3,StopSig,57,3.79,nan,1,RightWithPellet,Left,994,1720,128,282283421,nan,nan,0.22
8/25/2026 1:48:25,1.17.3,StopSig,57,3.79,nan,1,RightWithPellet,Left,994,1721,128,282283421,nan,nan,0.13
8/25/2026 1:48:30,1.17.3,StopSig,57,3.79,nan,1,RightWithPellet,Left,994,1722,128,282283421,nan,nan,0.08
8/25/2026 1:48:33,1.17.3,StopSig,57,3.79,nan,1,RightWithPellet,Left,994,1723,128,282283421,nan,nan,0.07
8/25/2026 1:48:36,1.17.3,StopSig,57,3.79,nan,1,LeftWithPellet,Left,995,1723,128,282283421,nan,nan,0.09
8/25/2026 2:02:02,1.17.3,StopSig,57,3.79,nan,1,LeftWithPellet,Left,996,1723,128,282283421,nan,nan,0.16
8/25/2026 2:04:17,1.17.3,StopSig,57,3.78,nan,1,RightWithPellet,Left,996,1724,128,282283421,nan,nan,0.05
8/25/2026 2:04:23,1.17.3,StopSig,57,3.79,nan,1,RightWithPellet,Left,996,1725,128,282283421,nan,nan,0.02
8/25/2026 2:04:31,1.17.3,StopSig,57,3.79,nan,1,RightWithPellet,Left,996,1726,128,282283421,nan,nan,0.42
8/25/2026 2:04:33,1.17.3,StopSig,57,3.79,nan,1,RightWithPellet,Left,996,1727,128,282283421,nan,nan,0.26
8/25/2026 2:04:35,1.17.3,StopSig,57,3.78,nan,1,LeftWithPellet,Left,997,1727,128,282283421,nan,nan,0.12
8/25/2026 2:08:31,1.17.3,StopSig,57,3.78,1,1,Pellet,Left,997,1727,129,282283421,Timed_out,9392,nan
8/25/2026 2:08:44,1.17.3,StopSig,57,3.78,nan,1,>Left_Regular_trial,Left,998,1727,129,291660216,nan,nan,nan
8/25/2026 2:08:48,1.17.3,StopSig,57,3.78,nan,1,NoPoke_Regular_(incorrect),Left,998,1727,129,291663945,nan,nan,nan
8/25/2026 2:12:22,1.17.3,StopSig,57,3.79,nan,1,>Left_Regular_trial,Left,999,1727,129,291877855,nan,nan,nan
8/25/2026 2:12:26,1.17.3,StopSig,57,3.78,nan,1,NoPoke_Regular_(incorrect),Left,999,1727,129,291881872,nan,nan,nan
8/25/2026 2:13:44,1.17.3,StopSig,57,3.78,nan,1,>Left_Regular_trial,Left,1000,1727,129,291960313,nan,nan,nan
8/25/2026 2:13:48,1.17.3,StopSig,57,3.79,nan,1,NoPoke_Regular_(incorrect),Left,1000,1727,129,291963892,nan,nan,nan
8/25/2026 2:21:18,1.17.3,StopSig,57,3.78,nan,1,Right_no_left,Left,1000,1728,129,291963892,nan,nan,nan
8/25/2026 2:21:19,1.17.3,StopSig,57,3.78,nan,1,Right_no_left,Left,1000,1729,129,292414778,nan,nan,nan
8/25/2026 2:58:09,1.17.3,StopSig,57,3.78,nan,1,Right_no_left,Left,1000,1730,129,292415219,nan,nan,nan
8/25/2026 4:01:20,1.17.3,StopSig,57,3.78,nan,1,Right_no_left,Left,1000,1731,129,294625794,nan,nan,nan
8/25/2026 4:03:20,1.17.3,StopSig,57,3.78,nan,1,>Left_Regular_trial,Left,1001,1731,129,298536634,nan,nan,nan
8/25/2026 4:03:21,1.17.3,StopSig,57,3.78,nan,1,Right_Regular_(correct),Left,1001,1732,129,298537671,nan,nan,nan
8/25/2026 4:03:22,1.17.3,StopSig,57,3.78,nan,1,RightDuringDispense,Left,1001,1733,129,298537671,nan,nan,0.11
8/25/2026 4:03:23,1.17.3,StopSig,57,3.77,1,1,Pellet,Left,1001,1733,130,298537671,0.71,6892,nan
8/25/2026 4:10:58,1.17.3,StopSig,57,3.78,nan,1,Right_no_left,Left,1001,1734,130,298537671,nan,nan,nan
8/25/2026 4:12:36,1.17.3,StopSig,57,3.78,nan,1,Right_no_left,Left,1001,1735,130,298994551,nan,nan,nan
8/25/2026 4:13:59,1.17.3,StopSig,57,3.78,nan,1,>Left_Regular_trial,Left,1002,1735,130,299175356,nan,nan,nan
8/25/2026 4:14:03,1.17.3,StopSig,57,3.78,nan,1,NoPoke_Regular_(incorrect),Left,1002,1735,130,299179225,nan,nan,nan
8/25/2026 4:15:32,1.17.3,StopSig,57,3.78,nan,1,Right_no_left,Left,1002,1736,130,299179225,nan,nan,nan
8/25/2026 4:25:21,1.17.3,StopSig,57,3.78,nan,1,>Left_Regular_trial,Left,1003,1736,130,299857476,nan,nan,nan
8/25/2026 4:25:25,1.17.3,StopSig,57,3.78,nan,1,NoPoke_Regular_(incorrect),Left,1003,1736,130,299861207,nan,nan,nan
8/25/2026 4:26:01,1.17.3,StopSig,57,3.78,nan,1,Right_no_left,Left,1003,1737,130,299861207,nan,nan,nan
8/25/2026 4:26:21,1.17.3,StopSig,57,3.77,nan,1,>Left_Regular_trial,Left,1004,1737,130,299916886,nan,nan,nan
8/25/2026 4:26:22,1.17.3,StopSig,57,3.78,nan,1,Right_Regular_(correct),Left,1004,1738,130,299918371,nan,nan,nan
8/25/2026 4:26:23,1.17.3,StopSig,57,3.78,1,1,Pellet,Left,1004,1738,131,299918371,0.47,1380,nan
8/25/2026 4:37:35,1.17.3,StopSig,57,3.77,nan,1,Right_no_left,Left,1004,1739,131,299918371,nan,nan,nan
8/25/2026 4:42:12,1.17.3,StopSig,57,3.78,nan,1,>Left_Stop_trial,Left,1005,1739,131,300868118,nan,nan,nan
8/25/2026 4:42:16,1.17.3,StopSig,57,3.77,nan,1,NoPoke_STOP_(correct),Left,1005,1739,131,300872306,nan,nan,nan
8/25/2026 4:42:29,1.17.3,StopSig,57,3.77,2,1,Pellet,Left,1005,1739,132,300872306,10.37,966,nan
8/25/2026 6:38:53,1.17.3,StopSig,57,3.76,nan,1,Right_no_left,Left,1005,1740,132,300872306,nan,nan,nan
8/25/2026 6:38:57,1.17.3,StopSig,57,3.76,nan,1,Right_no_left,Left,1005,1741,132,307870235,nan,nan,nan
8/25/2026 6:38:59,1.17.3,StopSig,57,3.76,nan,1,Right_no_left,Left,1005,1742,132,307874260,nan,nan,nan
8/25/2026 6:39:00,1.17.3,StopSig,57,3.76,nan,1,Right_no_left,Left,1005,1743,132,307876043,nan,nan,nan
8/25/2026 6:39:02,1.17.3,StopSig,57,3.77,nan,1,Right_no_left,Left,1005,1744,132,307877231,nan,nan,nan
8/25/2026 6:39:03,1.17.3,StopSig,57,3.76,nan,1,>Left_Stop_trial,Left,1006,1744,132,307879768,nan,nan,nan
8/25/2026 6:39:07,1.17.3,StopSig,57,3.76,nan,1,NoPoke_STOP_(correct),Left,1006,1744,132,307883512,nan,nan,nan
8/25/2026 6:39:12,1.17.3,StopSig,57,3.76,4,1,Pellet,Left,1006,1744,133,307883512,0.12,7003,nan
8/25/2026 6:39:40,1.17.3,StopSig,57,3.76,nan,1,Right_no_left,Left,1006,1745,133,307883512,nan,nan,nan
8/25/2026 6:39:45,1.17.3,StopSig,57,3.76,nan,1,Right_no_left,Left,1006,1746,133,307916892,nan,nan,nan
8/25/2026 6:41:07,1.17.3,StopSig,57,3.76,nan,1,Right_no_left,Left,1006,1747,133,307922266,nan,nan,nan
8/25/2026 6:49:35,1.17.3,StopSig,57,3.76,nan,1,>Left_Regular_trial,Left,1007,1747,133,308511236,nan,nan,nan
8/25/2026 6:49:38,1.17.3,StopSig,57,3.76,nan,1,NoPoke_Regular_(incorrect),Left,1007,1747,133,308514510,nan,nan,nan
8/25/2026 6:52:46,1.17.3,StopSig,57,3.76,nan,1,Right_no_left,Left,1007,1748,133,308514510,nan,nan,nan
8/25/2026 6:59:53,1.17.3,StopSig,57,3.76,nan,1,Right_no_left,Left,1007,1749,133,308703312,nan,nan,nan
8/25/2026 7:04:10,1.17.3,StopSig,57,3.76,nan,1,Right_no_left,Left,1007,1750,133,309130149,nan,nan,nan
8/25/2026 9:23:11,1.17.3,StopSig,57,3.75,nan,1,>Left_Regular_trial,Left,1008,1750,133,317728264,nan,nan,nan
8/25/2026 9:23:15,1.17.3,StopSig,57,3.75,nan,1,NoPoke_Regular_(incorrect),Left,1008,1750,133,317731841,nan,nan,nan
8/25/2026 9:46:10,1.17.3,StopSig,57,3.74,nan,1,Right_no_left,Left,1008,1751,133,317731841,nan,nan,nan
8/25/2026 10:46:20,1.17.3,StopSig,57,3.74,nan,1,>Left_Regular_trial,Left,1009,1751,133,322716921,nan,nan,nan
8/25/2026 10:46:24,1.17.3,StopSig,57,3.74,nan,1,NoPoke_Regular_(incorrect),Left,1009,1751,133,322721088,nan,nan,nan
8/25/2026 10:47:48,1.17.3,StopSig,57,3.74,nan,1,>Left_Regular_trial,Left,1010,1751,133,322805402,nan,nan,nan
8/25/2026 10:47:50,1.17.3,StopSig,57,3.74,nan,1,Right_Regular_(correct),Left,1010,1752,133,322807329,nan,nan,nan
8/25/2026 10:47:50,1.17.3,StopSig,57,3.74,nan,1,RightDuringDispense,Left,1010,1753,133,322807329,nan,nan,0.10
8/25/2026 10:47:55,1.17.3,StopSig,57,3.74,2,1,Pellet,Left,1010,1753,134,322807329,2.03,14923,nan
8/25/2026 10:48:13,1.17.3,StopSig,57,3.74,nan,1,Right_no_left,Left,1010,1754,134,322807329,nan,nan,nan
8/25/2026 10:49:03,1.17.3,StopSig,57,3.74,nan,1,Right_no_left,Left,1010,1755,134,322830544,nan,nan,nan
8/25/2026 10:49:19,1.17.3,StopSig,57,3.74,nan,1,Right_no_left,Left,1010,1756,134,322880220,nan,nan,nan
8/25/2026 10:49:22,1.17.3,StopSig,57,3.74,nan,1,Right_no_left,Left,1010,1757,134,322896727,nan,nan,nan
8/25/2026 10:49:25,1.17.3,StopSig,57,3.73,nan,1,Right_no_left,Left,1010,1758,134,322899405,nan,nan,nan
8/25/2026 10:49:58,1.17.3,StopSig,57,3.72,nan,1,>Left_Regular_trial,Left,1011,1758,134,322935557,nan,nan,nan
8/25/2026 10:50:00,1.17.3,StopSig,57,3.74,nan,1,Right_Regular_(correct),Left,1011,1759,134,322937644,nan,nan,nan
8/25/2026 10:50:01,1.17.3,StopSig,57,3.74,1,1,Pellet,Left,1011,1759,135,322937644,0.35,126,nan
8/25/2026 10:53:11,1.17.3,StopSig,57,3.72,nan,1,>Left_Regular_trial,Left,1012,1759,135,323128000,nan,nan,nan
8/25/2026 10:53:15,1.17.3,StopSig,57,3.74,nan,1,NoPoke_Regular_(incorrect),Left,1012,1759,135,323132017,nan,nan,nan
8/25/2026 10:55:10,1.17.3,StopSig,57,3.74,nan,1,>Left_Regular_trial,Left,1013,1759,135,323246862,nan,nan,nan
8/25/2026 10:55:12,1.17.3,StopSig,57,3.74,nan,1,Right_Regular_(correct),Left,1013,1760,135,323248940,nan,nan,nan
8/25/2026 10:55:13,1.17.3,StopSig,57,3.74,1,1,Pellet,Left,1013,1760,136,323248940,0.41,312,nan
8/25/2026 10:59:21,1.17.3,StopSig,57,3.74,nan,1,Right_no_left,Left,1013,1761,136,323248940,nan,nan,nan
8/25/2026 10:59:24,1.17.3,StopSig,57,3.74,nan,1,Right_no_left,Left,1013,1762,136,323498150,nan,nan,nan
8/25/2026 10:59:26,1.17.3,StopSig,57,3.74,nan,1,Right_no_left,Left,1013,1763,136,323501714,nan,nan,nan
8/25/2026 10:59:27,1.17.3,StopSig,57,3.74,nan,1,>Left_Stop_trial,Left,1014,1763,136,323504090,nan,nan,nan
8/25/2026 10:59:28,1.17.3,StopSig,57,3.74,nan,1,Right_STOP_(incorrect),Left,1014,1764,136,323505134,nan,nan,nan
8/25/2026 10:59:58,1.17.3,StopSig,57,3.74,nan,1,>Left_Regular_trial,Left,1015,1764,136,323535453,nan,nan,nan
8/25/2026 11:00:02,1.17.3,StopSig,57,3.74,nan,1,NoPoke_Regular_(incorrect),Left,1015,1764,136,323539033,nan,nan,nan
8/25/2026 11:09:05,1.17.3,StopSig,57,3.74,nan,1,>Left_Stop_trial,Left,1016,1764,136,324081571,nan,nan,nan
8/25/2026 11:09:08,1.17.3,StopSig,57,3.74,nan,1,NoPoke_STOP_(correct),Left,1016,1764,136,324085155,nan,nan,nan
8/25/2026 11:09:31,1.17.3,StopSig,57,3.74,nan,1,RightWithPellet,Left,1016,1765,136,324085155,nan,nan,0.09
8/25/2026 11:10:02,1.17.3,StopSig,57,3.74,nan,1,LeftWithPellet,Left,1017,1765,136,324085155,nan,nan,0.01
8/25/2026 11:10:04,1.17.3,StopSig,57,3.74,nan,1,RightWithPellet,Left,1017,1766,136,324085155,nan,nan,0.17
8/25/2026 11:16:07,1.17.3,StopSig,57,3.74,nan,1,LeftWithPellet,Left,1018,1766,136,324085155,nan,nan,0.09
8/25/2026 11:20:38,1.17.3,StopSig,57,3.74,nan,1,RightWithPellet,Left,1018,1767,136,324085155,nan,nan,0.13
8/25/2026 12:35:23,1.17.3,StopSig,57,3.73,nan,1,RightWithPellet,Left,1018,1768,136,324085155,nan,nan,0.02
8/25/2026 12:35:25,1.17.3,StopSig,57,3.73,nan,1,RightWithPellet,Left,1018,1769,136,324085155,nan,nan,0.21
8/25/2026 12:35:26,1.17.3,StopSig,57,3.74,nan,1,RightWithPellet,Left,1018,1770,136,324085155,nan,nan,0.02
8/25/2026 12:35:26,1.17.3,StopSig,57,3.74,nan,1,RightWithPellet,Left,1018,1771,136,324085155,nan,nan,0.32
8/25/2026 12:41:12,1.17.3,StopSig,57,3.73,nan,1,LeftWithPellet,Left,1019,1771,136,324085155,nan,nan,0.22
8/25/2026 12:47:15,1.17.3,StopSig,57,3.73,nan,1,RightWithPellet,Left,1019,1772,136,324085155,nan,nan,0.15
8/25/2026 12:50:11,1.17.3,StopSig,57,3.74,nan,1,LeftWithPellet,Left,1020,1772,136,324085155,nan,nan,0.05
8/25/2026 12:51:41,1.17.3,StopSig,57,3.74,nan,1,RightWithPellet,Left,1020,1773,136,324085155,nan,nan,0.66
8/25/2026 13:03:21,1.17.3,StopSig,57,3.73,nan,1,RightWithPellet,Left,1020,1774,136,324085155,nan,nan,0.19
8/25/2026 15:18:57,1.17.3,StopSig,57,3.72,nan,1,RightWithPellet,Left,1020,1775,136,324085155,nan,nan,0.42
8/25/2026 15:19:14,1.17.3,StopSig,57,3.72,nan,1,LeftWithPellet,Left,1021,1775,136,324085155,nan,nan,0.19
8/25/2026 15:19:16,1.17.3,StopSig,57,3.72,nan,1,RightWithPellet,Left,1021,1776,136,324085155,nan,nan,0.43
8/25/2026 15:19:18,1.17.3,StopSig,57,3.72,nan,1,RightWithPellet,Left,1021,1777,136,324085155,nan,nan,0.10
8/25/2026 15:19:20,1.17.3,StopSig,57,3.72,nan,1,LeftWithPellet,Left,1022,1777,136,324085155,nan,nan,0.17
8/25/2026 15:19:21,1.17.3,StopSig,57,3.72,nan,1,RightWithPellet,Left,1022,1778,136,324085155,nan,nan,0.08
8/25/2026 15:19:23,1.17.3,StopSig,57,3.71,nan,1,LeftWithPellet,Left,1023,1778,136,324085155,nan,nan,0.11
8/25/2026 15:19:23,1.17.3,StopSig,57,3.72,nan,1,LeftWithPellet,Left,1024,1778,136,324085155,nan,nan,0.11
8/25/2026 15:19:25,1.17.3,StopSig,57,3.72,nan,1,RightWithPellet,Left,1024,1779,136,324085155,nan,nan,0.49
8/25/2026 15:19:26,1.17.3,StopSig,57,3.72,nan,1,RightWithPellet,Left,1024,1780,136,324085155,nan,nan,0.23
8/25/2026 15:30:03,1.17.3,StopSig,57,3.72,nan,1,LeftWithPellet,Left,1025,1780,136,324085155,nan,nan,0.09
8/25/2026 15:30:10,1.17.3,StopSig,57,3.72,nan,1,RightWithPellet,Left,1025,1781,136,324085155,nan,nan,0.17
8/25/2026 15:30:36,1.17.3,StopSig,57,3.72,nan,1,RightWithPellet,Left,1025,1782,136,324085155,nan,nan,0.20
8/25/2026 15:37:45,1.17.3,StopSig,57,3.72,1,1,Pellet,Left,1025,1782,137,324085155,Timed_out,16952,nan
8/25/2026 16:28:21,1.17.3,StopSig,57,3.72,nan,1,>Left_Regular_trial,Left,1026,1782,137,343238902,nan,nan,nan
8/25/2026 16:28:23,1.17.3,StopSig,57,3.72,nan,1,Right_Regular_(correct),Left,1026,1783,137,343241279,nan,nan,nan
8/25/2026 16:28:24,1.17.3,StopSig,57,3.72,nan,1,RightDuringDispense,Left,1026,1784,137,343241279,nan,nan,0.27
8/25/2026 16:28:25,1.17.3,StopSig,57,3.72,1,1,Pellet,Left,1026,1784,138,343241279,0.65,3040,nan
8/25/2026 16:28:55,1.17.3,StopSig,57,3.72,nan,1,Right_no_left,Left,1026,1785,138,343241279,nan,nan,nan
8/25/2026 16:28:56,1.17.3,StopSig,57,3.71,nan,1,Right_no_left,Left,1026,1786,138,343272777,nan,nan,nan
8/25/2026 16:28:59,1.17.3,StopSig,57,3.72,nan,1,>Left_Regular_trial,Left,1027,1786,138,343276647,nan,nan,nan
8/25/2026 16:29:01,1.17.3,StopSig,57,3.72,nan,1,Right_Regular_(correct),Left,1027,1787,138,343278882,nan,nan,nan
8/25/2026 16:29:03,1.17.3,StopSig,57,3.72,1,1,Pellet,Left,1027,1787,139,343278882,1.55,38,nan
8/25/2026 16:29:28,1.17.3,StopSig,57,3.71,nan,1,>Left_Regular_trial,Left,1028,1787,139,343305475,nan,nan,nan
8/25/2026 16:29:29,1.17.3,StopSig,57,3.71,nan,1,Right_Regular_(correct),Left,1028,1788,139,343306661,nan,nan,nan
8/25/2026 16:29:30,1.17.3,StopSig,57,3.71,1,1,Pellet,Left,1028,1788,140,343306661,0.41,27,nan
8/25/2026 16:29:52,1.17.3,StopSig,57,3.72,nan,1,Right_no_left,Left,1028,1789,140,343306661,nan,nan,nan
8/25/2026 16:29:53,1.17.3,StopSig,57,3.72,nan,1,Right_no_left,Left,1028,1790,140,343330399,nan,nan,nan
8/25/2026 16:29:56,1.17.3,StopSig,57,3.71,nan,1,>Left_Stop_trial,Left,1029,1790,140,343333222,nan,nan,nan
8/25/2026 16:29:59,1.17.3,StopSig,57,3.72,nan,1,NoPoke_STOP_(correct),Left,1029,1790,140,343336810,nan,nan,nan
8/25/2026 16:30:03,1.17.3,StopSig,57,3.72,2,1,Pellet,Left,1029,1790,141,343336810,3.47,33,nan
8/25/2026 16:30:19,1.17.3,StopSig,57,3.72,nan,1,>Left_Regular_trial,Left,1030,1790,141,343356945,nan,nan,nan
8/25/2026 16:30:21,1.17.3,StopSig,57,3.72,nan,1,Right_Regular_(correct),Left,1030,1791,141,343358724,nan,nan,nan
8/25/2026 16:30:22,1.17.3,StopSig,57,3.72,1,1,Pellet,Left,1030,1791,142,343358724,0.41,19,nan
8/25/2026 16:30:47,1.17.3,StopSig,57,3.72,nan,1,>Left_Stop_trial,Left,1031,1791,142,343385007,nan,nan,nan
8/25/2026 16:30:51,1.17.3,StopSig,57,3.72,nan,1,NoPoke_STOP_(correct),Left,1031,1791,142,343388744,nan,nan,nan
8/25/2026 16:30:53,1.17.3,StopSig,57,3.71,1,1,Pellet,Left,1031,1791,143,343388744,1.79,31,nan
8/25/2026 16:31:09,1.17.3,StopSig,57,3.72,nan,1,>Left_Regular_trial,Left,1032,1791,143,343406449,nan,nan,nan
8/25/2026 16:31:12,1.17.3,StopSig,57,3.72,nan,1,NoPoke_Regular_(incorrect),Left,1032,1791,143,343409862,nan,nan,nan
8/25/2026 16:40:35,1.17.3,StopSig,57,3.72,nan,1,>Left_Regular_trial,Left,1033,1791,143,343972990,nan,nan,nan
8/25/2026 16:40:39,1.17.3,StopSig,57,3.72,nan,1,NoPoke_Regular_(incorrect),Left,1033,1791,143,343976857,nan,nan,nan
8/25/2026 17:10:35,1.17.3,StopSig,57,3.72,nan,1,Right_no_left,Left,1033,1792,143,343976857,nan,nan,nan
8/25/2026 17:10:36,1.17.3,StopSig,57,3.71,nan,1,Right_no_left,Left,1033,1793,143,345773629,nan,nan,nan
8/25/2026 17:10:40,1.17.3,StopSig,57,3.71,nan,1,>Left_Stop_trial,Left,1034,1793,143,345777637,nan,nan,nan
8/25/2026 17:10:43,1.17.3,StopSig,57,3.71,nan,1,NoPoke_STOP_(correct),Left,1034,1793,143,345780922,nan,nan,nan
8/25/2026 17:10:46,1.17.3,StopSig,57,3.71,2,1,Pellet,Left,1034,1793,144,345780922,0.65,2393,nan
8/25/2026 17:11:04,1.17.3,StopSig,57,3.71,nan,1,>Left_Regular_trial,Left,1035,1793,144,345801936,nan,nan,nan
8/25/2026 17:11:05,1.17.3,StopSig,57,3.72,nan,1,Right_Regular_(correct),Left,1035,1794,144,345803415,nan,nan,nan
8/25/2026 17:11:07,1.17.3,StopSig,57,3.71,1,1,Pellet,Left,1035,1794,145,345803415,0.59,21,nan
8/25/2026 17:11:24,1.17.3,StopSig,57,3.71,nan,1,>Left_Regular_trial,Left,1036,1794,145,345822072,nan,nan,nan
8/25/2026 17:11:28,1.17.3,StopSig,57,3.71,nan,1,NoPoke_Regular_(incorrect),Left,1036,1794,145,345825934,nan,nan,nan
8/25/2026 17:20:26,1.17.3,StopSig,57,3.71,nan,1,>Left_Regular_trial,Left,1037,1794,145,346364224,nan,nan,nan
8/25/2026 17:20:30,1.17.3,StopSig,57,3.71,nan,1,NoPoke_Regular_(incorrect),Left,1037,1794,145,346367935,nan,nan,nan
8/25/2026 17:25:10,1.17.3,StopSig,57,3.71,nan,1,>Left_Regular_trial,Left,1038,1794,145,346647531,nan,nan,nan
8/25/2026 17:25:13,1.17.3,StopSig,57,3.71,nan,1,NoPoke_Regular_(incorrect),Left,1038,1794,145,346650953,nan,nan,nan
8/25/2026 17:29:19,1.17.3,StopSig,57,3.71,nan,1,>Left_Stop_trial,Left,1039,1794,145,346896431,nan,nan,nan
8/25/2026 17:29:22,1.17.3,StopSig,57,3.71,nan,1,NoPoke_STOP_(correct),Left,1039,1794,145,346899867,nan,nan,nan
8/25/2026 17:29:24,1.17.3,StopSig,57,3.71,1,1,Pellet,Left,1039,1794,146,346899867,1.25,1097,nan
8/25/2026 17:29:47,1.17.3,StopSig,57,3.71,nan,1,>Left_Regular_trial,Left,1040,1794,146,346925379,nan,nan,nan
8/25/2026 17:29:51,1.17.3,StopSig,57,3.71,nan,1,NoPoke_Regular_(incorrect),Left,1040,1794,146,346928949,nan,nan,nan
8/25/2026 17:30:23,1.17.3,StopSig,57,3.71,nan,1,Right_no_left,Left,1040,1795,146,346928949,nan,nan,nan
8/25/2026 17:30:27,1.17.3,StopSig,57,3.71,nan,1,>Left_Regular_trial,Left,1041,1795,146,346964617,nan,nan,nan
8/25/2026 17:30:30,1.17.3,StopSig,57,3.71,nan,1,NoPoke_Regular_(incorrect),Left,1041,1795,146,346967881,nan,nan,nan
8/25/2026 17:31:09,1.17.3,StopSig,57,3.71,nan,1,Right_no_left,Left,1041,1796,146,346967881,nan,nan,nan
8/25/2026 17:31:10,1.17.3,StopSig,57,3.71,nan,1,Right_no_left,Left,1041,1797,146,347006964,nan,nan,nan
8/25/2026 17:31:12,1.17.3,StopSig,57,3.71,nan,1,Right_no_left,Left,1041,1798,146,347007849,nan,nan,nan
8/25/2026 17:31:14,1.17.3,StopSig,57,3.71,nan,1,Right_no_left,Left,1041,1799,146,347010367,nan,nan,nan
8/25/2026 17:31:15,1.17.3,StopSig,57,3.71,nan,1,Right_no_left,Left,1041,1800,146,347011847,nan,nan,nan
8/25/2026 17:31:19,1.17.3,StopSig,57,3.71,nan,1,Right_no_left,Left,1041,1801,146,347013333,nan,nan,nan
8/25/2026 17:41:18,1.17.3,StopSig,57,3.71,nan,1,Right_no_left,Left,1041,1802,146,347016894,nan,nan,nan
8/25/2026 17:41:19,1.17.3,StopSig,57,3.71,nan,1,Right_no_left,Left,1041,1803,146,347616422,nan,nan,nan
8/25/2026 17:41:20,1.17.3,StopSig,57,3.71,nan,1,Right_no_left,Left,1041,1804,146,347617319,nan,nan,nan
8/25/2026 17:41:26,1.17.3,StopSig,57,3.71,nan,1,>Left_Regular_trial,Left,1042,1804,146,347623701,nan,nan,nan
8/25/2026 17:41:28,1.17.3,StopSig,57,3.71,nan,1,Right_Regular_(correct),Left,1042,1805,146,347625782,nan,nan,nan
8/25/2026 17:41:29,1.17.3,StopSig,57,3.71,1,1,Pellet,Left,1042,1805,147,347625782,0.65,725,nan
8/25/2026 17:41:46,1.17.3,StopSig,57,3.71,nan,1,>Left_Regular_trial,Left,1043,1805,147,347643654,nan,nan,nan
8/25/2026 17:41:48,1.17.3,StopSig,57,3.71,nan,1,Right_Regular_(correct),Left,1043,1806,147,347646175,nan,nan,nan
8/25/2026 17:41:49,1.17.3,StopSig,57,3.71,1,1,Pellet,Left,1043,1806,148,347646175,0.35,20,nan
8/25/2026 17:42:00,1.17.3,StopSig,57,3.71,nan,1,>Left_Regular_trial,Left,1044,1806,148,347658186,nan,nan,nan
8/25/2026 17:42:04,1.17.3,StopSig,57,3.71,nan,1,NoPoke_Regular_(incorrect),Left,1044,1806,148,347661901,nan,nan,nan
8/25/2026 17:45:08,1.17.3,StopSig,57,3.71,nan,1,>Left_Stop_trial,Left,1045,1806,148,347845496,nan,nan,nan
8/25/2026 17:45:09,1.17.3,StopSig,57,3.71,nan,1,Right_STOP_(incorrect),Left,1045,1807,148,347847446,nan,nan,nan
8/25/2026 17:45:40,1.17.3,StopSig,57,3.71,nan,1,>Left_Stop_trial,Left,1046,1807,148,347877764,nan,nan,nan
8/25/2026 17:45:44,1.17.3,StopSig,57,3.71,nan,1,NoPoke_STOP_(correct),Left,1046,1807,148,347881952,nan,nan,nan
8/25/2026 17:45:44,1.17.3,StopSig,57,3.64,nan,1,RightDuringDispense,Left,1046,1808,148,347881952,nan,nan,0.15
8/25/2026 17:45:45,1.17.3,StopSig,57,3.71,1,1,Pellet,Left,1046,1808,149,347881952,0.41,236,nan
8/25/2026 17:45:59,1.17.3,StopSig,57,3.71,nan,1,Right_no_left,Left,1046,1809,149,347881952,nan,nan,nan
8/25/2026 17:46:00,1.17.3,StopSig,57,3.71,nan,1,>Left_Regular_trial,Left,1047,1809,149,347898420,nan,nan,nan
8/25/2026 17:46:02,1.17.3,StopSig,57,3.71,nan,1,Right_Regular_(correct),Left,1047,1810,149,347899909,nan,nan,nan
8/25/2026 17:46:02,1.17.3,StopSig,57,3.64,nan,1,RightDuringDispense,Left,1047,1811,149,347899909,nan,nan,0.08
8/25/2026 17:46:03,1.17.3,StopSig,57,3.71,1,1,Pellet,Left,1047,1811,150,347899909,0.41,18,nan
8/25/2026 17:46:16,1.17.3,StopSig,57,3.71,nan,1,>Left_Regular_trial,Left,1048,1811,150,347914463,nan,nan,nan
8/25/2026 17:46:20,1.17.3,StopSig,57,3.71,nan,1,NoPoke_Regular_(incorrect),Left,1048,1811,150,347917884,nan,nan,nan
8/25/2026 17:47:08,1.17.3,StopSig,57,3.71,nan,1,>Left_Regular_trial,Left,1049,1811,150,347966486,nan,nan,nan
8/25/2026 17:47:10,1.17.3,StopSig,57,3.71,nan,1,Right_Regular_(correct),Left,1049,1812,150,347967817,nan,nan,nan
8/25/2026 17:47:10,1.17.3,StopSig,57,3.71,nan,1,RightDuringDispense,Left,1049,1813,150,347967817,nan,nan,0.14
8/25/2026 17:47:11,1.17.3,StopSig,57,3.71,1,1,Pellet,Left,1049,1813,151,347967817,0.41,68,nan
8/25/2026 17:47:27,1.17.3,StopSig,57,3.71,nan,1,Right_no_left,Left,1049,1814,151,347967817,nan,nan,nan
8/25/2026 17:47:29,1.17.3,StopSig,57,3.71,nan,1,>Left_Regular_trial,Left,1050,1814,151,347986795,nan,nan,nan
8/25/2026 17:47:30,1.17.3,StopSig,57,3.71,nan,1,Right_Regular_(correct),Left,1050,1815,151,347988126,nan,nan,nan
8/25/2026 17:47:43,1.17.3,StopSig,57,3.71,1,1,Pellet,Left,1050,1815,152,347988126,12.77,32,nan
8/25/2026 17:48:02,1.17.3,StopSig,57,3.71,nan,1,>Left_Regular_trial,Left,1051,1815,152,348019608,nan,nan,nan
8/25/2026 17:48:03,1.17.3,StopSig,57,3.71,nan,1,Right_Regular_(correct),Left,1051,1816,152,348021541,nan,nan,nan
8/25/2026 17:48:04,1.17.3,StopSig,57,3.71,nan,1,RightDuringDispense,Left,1051,1817,152,348021541,nan,nan,0.53
8/25/2026 17:48:05,1.17.3,StopSig,57,3.71,1,1,Pellet,Left,1051,1817,153,348021541,0.23,22,nan
8/25/2026 17:48:21,1.17.3,StopSig,57,3.71,nan,1,>Left_Regular_trial,Left,1052,1817,153,348038814,nan,nan,nan
8/25/2026 17:48:23,1.17.3,StopSig,57,3.71,nan,1,Right_Regular_(correct),Left,1052,1818,153,348041634,nan,nan,nan
8/25/2026 17:48:24,1.17.3,StopSig,57,3.71,nan,1,RightDuringDispense,Left,1052,1819,153,348041634,nan,nan,0.25
8/25/2026 17:48:27,1.17.3,StopSig,57,3.71,2,1,Pellet,Left,1052,1819,154,348041634,0.23,22,nan
8/25/2026 17:48:46,1.17.3,StopSig,57,3.71,nan,1,>Left_Regular_trial,Left,1053,1819,154,348064259,nan,nan,nan
8/25/2026 17:48:48,1.17.3,StopSig,57,3.71,nan,1,Right_Regular_(correct),Left,1053,1820,154,348065889,nan,nan,nan
8/25/2026 17:49:04,1.17.3,StopSig,57,3.71,2,1,Pellet,Left,1053,1820,155,348065889,13.56,37,nan
8/25/2026 17:49:22,1.17.3,StopSig,57,3.71,nan,1,>Left_Regular_trial,Left,1054,1820,155,348099925,nan,nan,nan
8/25/2026 17:49:23,1.17.3,StopSig,57,3.71,nan,1,Right_Regular_(correct),Left,1054,1821,155,348101120,nan,nan,nan
8/25/2026 17:49:24,1.17.3,StopSig,57,3.71,1,1,Pellet,Left,1054,1821,156,348101120,0.29,20,nan
8/25/2026 17:49:43,1.17.3,StopSig,57,3.71,nan,1,>Left_Regular_trial,Left,1055,1821,156,348121211,nan,nan,nan
8/25/2026 17:49:45,1.17.3,StopSig,57,3.71,nan,1,Right_Regular_(correct),Left,1055,1822,156,348122997,nan,nan,nan
8/25/2026 17:49:45,1.17.3,StopSig,57,3.71,nan,1,RightDuringDispense,Left,1055,1823,156,348122997,nan,nan,0.12
8/25/2026 17:49:46,1.17.3,StopSig,57,3.71,1,1,Pellet,Left,1055,1823,157,348122997,0.17,22,nan
8/25/2026 17:50:01,1.17.3,StopSig,57,3.71,nan,1,Right_no_left,Left,1055,1824,157,348122997,nan,nan,nan
8/25/2026 17:50:02,1.17.3,StopSig,57,3.71,nan,1,Right_no_left,Left,1055,1825,157,348139045,nan,nan,nan
8/25/2026 17:50:05,1.17.3,StopSig,57,3.69,nan,1,>Left_Regular_trial,Left,1056,1825,157,348143510,nan,nan,nan
8/25/2026 17:50:08,1.17.3,StopSig,57,3.71,nan,1,Right_Regular_(correct),Left,1056,1826,157,348146035,nan,nan,nan
8/25/2026 17:50:09,1.17.3,StopSig,57,3.69,1,1,Pellet,Left,1056,1826,158,348146035,0.29,23,nan
8/25/2026 17:50:34,1.17.3,StopSig,57,3.69,nan,1,Right_no_left,Left,1056,1827,158,348146035,nan,nan,nan
8/25/2026 17:50:35,1.17.3,StopSig,57,3.71,nan,1,Right_no_left,Left,1056,1828,158,348172071,nan,nan,nan
8/25/2026 17:51:39,1.17.3,StopSig,57,3.71,nan,1,>Left_Regular_trial,Left,1057,1828,158,348237040,nan,nan,nan
8/25/2026 17:51:41,1.17.3,StopSig,57,3.71,nan,1,Right_Regular_(correct),Left,1057,1829,158,348238969,nan,nan,nan
8/25/2026 17:51:42,1.17.3,StopSig,57,3.71,1,1,Pellet,Left,1057,1829,159,348238969,0.23,93,nan
8/25/2026 17:51:53,1.17.3,StopSig,57,3.71,nan,1,Right_no_left,Left,1057,1830,159,348238969,nan,nan,nan
8/25/2026 17:51:56,1.17.3,StopSig,57,3.71,nan,1,>Left_Regular_trial,Left,1058,1830,159,348253635,nan,nan,nan
8/25/2026 17:51:59,1.17.3,StopSig,57,3.71,nan,1,NoPoke_Regular_(incorrect),Left,1058,1830,159,348256910,nan,nan,nan
8/25/2026 17:58:21,1.17.3,StopSig,57,3.71,nan,1,>Left_Regular_trial,Left,1059,1830,159,348639578,nan,nan,nan
8/25/2026 17:58:24,1.17.3,StopSig,57,3.71,nan,1,Right_Regular_(correct),Left,1059,1831,159,348642552,nan,nan,nan
8/25/2026 17:58:26,1.17.3,StopSig,57,3.71,1,1,Pellet,Left,1059,1831,160,348642552,0.77,404,nan
8/25/2026 17:58:46,1.17.3,StopSig,57,3.71,nan,1,Right_no_left,Left,1059,1832,160,348642552,nan,nan,nan
8/25/2026 17:58:47,1.17.3,StopSig,57,3.71,nan,1,Right_no_left,Left,1059,1833,160,348664071,nan,nan,nan
8/25/2026 17:58:48,1.17.3,StopSig,57,3.71,nan,1,Right_no_left,Left,1059,1834,160,348665406,nan,nan,nan
8/25/2026 17:58:51,1.17.3,StopSig,57,3.71,nan,1,>Left_Regular_trial,Left,1060,1834,160,348669125,nan,nan,nan
8/25/2026 17:58:55,1.17.3,StopSig,57,3.71,nan,1,NoPoke_Regular_(incorrect),Left,1060,1834,160,348672992,nan,nan,nan
8/25/2026 17:59:53,1.17.3,StopSig,57,3.71,nan,1,>Left_Regular_trial,Left,1061,1834,160,348731471,nan,nan,nan
8/25/2026 17:59:57,1.17.3,StopSig,57,3.71,nan,1,NoPoke_Regular_(incorrect),Left,1061,1834,160,348735037,nan,nan,nan
8/25/2026 18:00:42,1.17.3,StopSig,57,3.71,nan,1,Right_no_left,Left,1061,1835,160,348735037,nan,nan,nan
8/25/2026 18:00:42,1.17.3,StopSig,57,3.71,nan,1,Right_no_left,Left,1061,1836,160,348780095,nan,nan,nan
8/25/2026 18:00:43,1.17.3,StopSig,57,3.71,nan,1,Right_no_left,Left,1061,1837,160,348780535,nan,nan,nan
8/25/2026 18:00:46,1.17.3,StopSig,57,3.71,nan,1,>Left_Stop_trial,Left,1062,1837,160,348783961,nan,nan,nan
8/25/2026 18:00:47,1.17.3,StopSig,57,3.71,nan,1,Right_STOP_(incorrect),Left,1062,1838,160,348785006,nan,nan,nan
8/25/2026 18:01:18,1.17.3,StopSig,57,3.70,nan,1,>Left_Stop_trial,Left,1063,1838,160,348815325,nan,nan,nan
8/25/2026 18:01:21,1.17.3,StopSig,57,3.71,nan,1,NoPoke_STOP_(correct),Left,1063,1838,160,348818915,nan,nan,nan
8/25/2026 18:01:49,1.17.3,StopSig,57,3.71,nan,1,LeftWithPellet,Left,1064,1838,160,348818915,nan,nan,0.19
8/25/2026 18:01:50,1.17.3,StopSig,57,3.71,1,1,Pellet,Left,1064,1838,161,348818915,28.88,204,nan
8/25/2026 18:02:15,1.17.3,StopSig,57,3.71,nan,1,Right_no_left,Left,1064,1839,161,348818915,nan,nan,nan
8/25/2026 18:02:19,1.17.3,StopSig,57,3.71,nan,1,>Left_Regular_trial,Left,1065,1839,161,348877080,nan,nan,nan
8/25/2026 18:02:20,1.17.3,StopSig,57,3.71,nan,1,Right_Regular_(correct),Left,1065,1840,161,348878415,nan,nan,nan
8/25/2026 18:02:23,1.17.3,StopSig,57,3.71,3,1,Pellet,Left,1065,1840,162,348878415,0.06,33,nan
8/25/2026 18:02:42,1.17.3,StopSig,57,3.71,nan,1,Right_no_left,Left,1065,1841,162,348878415,nan,nan,nan
8/25/2026 18:02:44,1.17.3,StopSig,57,3.71,nan,1,Right_no_left,Left,1065,1842,162,348900117,nan,nan,nan
8/25/2026 18:02:47,1.17.3,StopSig,57,3.71,nan,1,>Left_Stop_trial,Left,1066,1842,162,348904431,nan,nan,nan
8/25/2026 18:02:50,1.17.3,StopSig,57,3.71,nan,1,NoPoke_STOP_(correct),Left,1066,1842,162,348908024,nan,nan,nan
8/25/2026 18:02:51,1.17.3,StopSig,57,3.71,1,1,Pellet,Left,1066,1842,163,348908024,0.47,28,nan
8/25/2026 18:03:21,1.17.3,StopSig,57,3.71,nan,1,Right_no_left,Left,1066,1843,163,348908024,nan,nan,nan
8/25/2026 18:04:23,1.17.3,StopSig,57,3.71,nan,1,Right_no_left,Left,1066,1844,163,348939110,nan,nan,nan
8/25/2026 18:04:32,1.17.3,StopSig,57,3.71,nan,1,Right_no_left,Left,1066,1845,163,349001112,nan,nan,nan
8/25/2026 18:04:36,1.17.3,StopSig,57,3.71,nan,1,Right_no_left,Left,1066,1846,163,349010344,nan,nan,nan
8/25/2026 18:04:37,1.17.3,StopSig,57,3.71,nan,1,Right_no_left,Left,1066,1847,163,349014219,nan,nan,nan
8/25/2026 18:04:57,1.17.3,StopSig,57,3.71,nan,1,Right_no_left,Left,1066,1848,163,349015405,nan,nan,nan
8/25/2026 18:35:46,1.17.3,StopSig,57,3.71,nan,1,>Left_Stop_trial,Left,1067,1848,163,350883776,nan,nan,nan
8/25/2026 18:35:47,1.17.3,StopSig,57,3.71,nan,1,Right_STOP_(incorrect),Left,1067,1849,163,350884972,nan,nan,nan
8/25/2026 18:36:17,1.17.3,StopSig,57,3.71,nan,1,>Left_Regular_trial,Left,1068,1849,163,350915291,nan,nan,nan
8/25/2026 18:36:21,1.17.3,StopSig,57,3.71,nan,1,NoPoke_Regular_(incorrect),Left,1068,1849,163,350919019,nan,nan,nan
8/25/2026 18:44:14,1.17.3,StopSig,57,3.71,nan,1,>Left_Regular_trial,Left,1069,1849,163,351391745,nan,nan,nan
8/25/2026 18:44:17,1.17.3,StopSig,57,3.71,nan,1,NoPoke_Regular_(incorrect),Left,1069,1849,163,351395015,nan,nan,nan
8/25/2026 18:51:41,1.17.3,StopSig,57,3.71,nan,1,Right_no_left,Left,1069,1850,163,351395015,nan,nan,nan
8/25/2026 18:51:42,1.17.3,StopSig,57,3.71,nan,1,Right_no_left,Left,1069,1851,163,351839166,nan,nan,nan
8/25/2026 18:51:45,1.17.3,StopSig,57,3.71,nan,1,>Left_Regular_trial,Left,1070,1851,163,351842740,nan,nan,nan
8/25/2026 18:51:46,1.17.3,StopSig,57,3.70,nan,1,Right_Regular_(correct),Left,1070,1852,163,351844370,nan,nan,nan
8/25/2026 18:51:47,1.17.3,StopSig,57,3.70,1,1,Pellet,Left,1070,1852,164,351844370,0.29,2936,nan
8/25/2026 18:52:07,1.17.3,StopSig,57,3.71,nan,1,>Left_Regular_trial,Left,1071,1852,164,351864815,nan,nan,nan
8/25/2026 18:52:10,1.17.3,StopSig,57,3.71,nan,1,NoPoke_Regular_(incorrect),Left,1071,1852,164,351868089,nan,nan,nan
8/25/2026 18:52:46,1.17.3,StopSig,57,3.71,nan,1,>Left_Stop_trial,Left,1072,1852,164,351904065,nan,nan,nan
8/25/2026 18:52:50,1.17.3,StopSig,57,3.71,nan,1,NoPoke_STOP_(correct),Left,1072,1852,164,351908101,nan,nan,nan
8/25/2026 18:52:51,1.17.3,StopSig,57,3.71,1,1,Pellet,Left,1072,1852,165,351908101,0.35,64,nan
8/25/2026 18:53:17,1.17.3,StopSig,57,3.71,nan,1,Right_no_left,Left,1072,1853,165,351908101,nan,nan,nan
8/25/2026 18:53:19,1.17.3,StopSig,57,3.71,nan,1,Right_no_left,Left,1072,1854,165,351935681,nan,nan,nan
8/25/2026 18:53:21,1.17.3,StopSig,57,3.71,nan,1,>Left_Regular_trial,Left,1073,1854,165,351938804,nan,nan,nan
8/25/2026 18:53:22,1.17.3,StopSig,57,3.71,nan,1,Right_Regular_(correct),Left,1073,1855,165,351939989,nan,nan,nan
8/25/2026 18:53:22,1.17.3,StopSig,57,3.71,nan,1,RightDuringDispense,Left,1073,1856,165,351939989,nan,nan,0.00
8/25/2026 18:53:23,1.17.3,StopSig,57,3.71,2,1,Pellet,Left,1073,1856,166,351939989,0.17,32,nan
8/25/2026 18:53:38,1.17.3,StopSig,57,3.71,nan,1,>Left_Stop_trial,Left,1074,1856,166,351956057,nan,nan,nan
8/25/2026 18:53:40,1.17.3,StopSig,57,3.71,nan,1,Right_STOP_(incorrect),Left,1074,1857,166,351958455,nan,nan,nan
8/25/2026 18:54:11,1.17.3,StopSig,57,3.71,nan,1,>Left_Regular_trial,Left,1075,1857,166,351988774,nan,nan,nan
8/25/2026 18:54:14,1.17.3,StopSig,57,3.71,nan,1,NoPoke_Regular_(incorrect),Left,1075,1857,166,351992044,nan,nan,nan
8/25/2026 18:56:41,1.17.3,StopSig,57,3.71,nan,1,Right_no_left,Left,1075,1858,166,351992044,nan,nan,nan
8/25/2026 18:56:43,1.17.3,StopSig,57,3.71,nan,1,>Left_Stop_trial,Left,1076,1858,166,352141110,nan,nan,nan
8/25/2026 18:56:46,1.17.3,StopSig,57,3.71,nan,1,Right_STOP_(incorrect),Left,1076,1859,166,352144405,nan,nan,nan
8/25/2026 18:59:21,1.17.3,StopSig,57,3.71,nan,1,Right_no_left,Left,1076,1860,166,352144405,nan,nan,nan
8/25/2026 18:59:23,1.17.3,StopSig,57,3.71,nan,1,Right_no_left,Left,1076,1861,166,352299956,nan,nan,nan
8/25/2026 19:01:13,1.17.3,StopSig,57,3.71,nan,1,>Left_Regular_trial,Left,1077,1861,166,352411371,nan,nan,nan
8/25/2026 19:01:17,1.17.3,StopSig,57,3.71,nan,1,NoPoke_Regular_(incorrect),Left,1077,1861,166,352415083,nan,nan,nan
8/25/2026 19:03:08,1.17.3,StopSig,57,3.71,nan,1,Right_no_left,Left,1077,1862,166,352415083,nan,nan,nan
8/25/2026 19:03:09,1.17.3,StopSig,57,3.71,nan,1,>Left_Stop_trial,Left,1078,1862,166,352527400,nan,nan,nan
8/25/2026 19:03:12,1.17.3,StopSig,57,3.71,nan,1,Right_STOP_(incorrect),Left,1078,1863,166,352530245,nan,nan,nan
8/25/2026 19:03:47,1.17.3,StopSig,57,3.71,nan,1,Right_no_left,Left,1078,1864,166,352530245,nan,nan,nan
8/25/2026 19:03:49,1.17.3,StopSig,57,3.71,nan,1,>Left_Stop_trial,Left,1079,1864,166,352566824,nan,nan,nan
8/25/2026 19:03:52,1.17.3,StopSig,57,3.71,nan,1,NoPoke_STOP_(correct),Left,1079,1864,166,352570116,nan,nan,nan
8/25/2026 19:03:53,1.17.3,StopSig,57,3.71,1,1,Pellet,Left,1079,1864,167,352570116,0.71,630,nan
8/25/2026 19:04:07,1.17.3,StopSig,57,3.69,nan,1,Right_no_left,Left,1079,1865,167,352570116,nan,nan,nan
8/25/2026 19:04:10,1.17.3,StopSig,57,3.70,nan,1,Right_no_left,Left,1079,1866,167,352585171,nan,nan,nan
8/25/2026 19:04:12,1.17.3,StopSig,57,3.69,nan,1,Right_no_left,Left,1079,1867,167,352588292,nan,nan,nan
8/25/2026 19:04:12,1.17.3,StopSig,57,3.71,nan,1,Right_no_left,Left,1079,1868,167,352590222,nan,nan,nan
8/25/2026 19:04:14,1.17.3,StopSig,57,3.71,nan,1,Right_no_left,Left,1079,1869,167,352590960,nan,nan,nan
8/25/2026 19:04:14,1.17.3,StopSig,57,3.71,nan,1,Right_no_left,Left,1079,1870,167,352592294,nan,nan,nan
8/25/2026 19:04:16,1.17.3,StopSig,57,3.71,nan,1,>Left_Regular_trial,Left,1080,1870,167,352594229,nan,nan,nan
8/25/2026 19:04:17,1.17.3,StopSig,57,3.71,nan,1,Right_Regular_(correct),Left,1080,1871,167,352595265,nan,nan,nan
8/25/2026 19:04:18,1.17.3,StopSig,57,3.71,1,1,Pellet,Left,1080,1871,168,352595265,0.65,25,nan
8/25/2026 19:04:27,1.17.3,StopSig,57,3.71,nan,1,>Left_Regular_trial,Left,1081,1871,168,352605618,nan,nan,nan
8/25/2026 19:04:28,1.17.3,StopSig,57,3.71,nan,1,Right_Regular_(correct),Left,1081,1872,168,352606653,nan,nan,nan
8/25/2026 19:04:29,1.17.3,StopSig,57,3.71,1,1,Pellet,Left,1081,1872,169,352606653,0.23,11,nan
8/25/2026 19:04:41,1.17.3,StopSig,57,3.71,nan,1,>Left_Regular_trial,Left,1082,1872,169,352618790,nan,nan,nan
8/25/2026 19:04:42,1.17.3,StopSig,57,3.71,nan,1,Right_Regular_(correct),Left,1082,1873,169,352620422,nan,nan,nan
8/25/2026 19:04:43,1.17.3,StopSig,57,3.71,1,1,Pellet,Left,1082,1873,170,352620422,0.35,14,nan
8/25/2026 19:04:59,1.17.3,StopSig,57,3.71,nan,1,>Left_Regular_trial,Left,1083,1873,170,352637107,nan,nan,nan
8/25/2026 19:04:59,1.17.3,StopSig,57,3.71,nan,1,Right_Regular_(correct),Left,1083,1874,170,352637856,nan,nan,nan
8/25/2026 19:05:00,1.17.3,StopSig,57,3.71,1,1,Pellet,Left,1083,1874,171,352637856,0.17,17,nan
8/25/2026 19:05:20,1.17.3,StopSig,57,3.71,nan,1,>Left_Stop_trial,Left,1084,1874,171,352657979,nan,nan,nan
8/25/2026 19:05:20,1.17.3,StopSig,57,3.70,nan,1,Right_STOP_(incorrect),Left,1084,1875,171,352658872,nan,nan,nan
8/25/2026 19:05:56,1.17.3,StopSig,57,3.71,nan,1,>Left_Regular_trial,Left,1085,1875,171,352693808,nan,nan,nan
8/25/2026 19:05:56,1.17.3,StopSig,57,3.71,nan,1,Right_Regular_(correct),Left,1085,1876,171,352694695,nan,nan,nan
8/25/2026 19:05:58,1.17.3,StopSig,57,3.71,1,1,Pellet,Left,1085,1876,172,352694695,0.47,58,nan
8/25/2026 19:06:09,1.17.3,StopSig,57,3.71,nan,1,Right_no_left,Left,1085,1877,172,352694695,nan,nan,nan
8/25/2026 19:06:10,1.17.3,StopSig,57,3.71,nan,1,Right_no_left,Left,1085,1878,172,352707974,nan,nan,nan
8/25/2026 19:06:12,1.17.3,StopSig,57,3.71,nan,1,>Left_Regular_trial,Left,1086,1878,172,352709762,nan,nan,nan
8/25/2026 19:06:12,1.17.3,StopSig,57,3.71,nan,1,Right_Regular_(correct),Left,1086,1879,172,352710650,nan,nan,nan
8/25/2026 19:06:13,1.17.3,StopSig,57,3.71,1,1,Pellet,Left,1086,1879,173,352710650,0.29,15,nan
8/25/2026 19:06:28,1.17.3,StopSig,57,3.71,nan,1,>Left_Regular_trial,Left,1087,1879,173,352726511,nan,nan,nan
8/25/2026 19:06:31,1.17.3,StopSig,57,3.71,nan,1,Right_Regular_(correct),Left,1087,1880,173,352729035,nan,nan,nan
8/25/2026 19:06:32,1.17.3,StopSig,57,3.71,1,1,Pellet,Left,1087,1880,174,352729035,0.17,19,nan
8/25/2026 19:06:49,1.17.3,StopSig,57,3.70,nan,1,>Left_Regular_trial,Left,1088,1880,174,352747128,nan,nan,nan
8/25/2026 19:06:50,1.17.3,StopSig,57,3.71,nan,1,Right_Regular_(correct),Left,1088,1881,174,352748016,nan,nan,nan
8/25/2026 19:06:50,1.17.3,StopSig,57,3.71,nan,1,RightDuringDispense,Left,1088,1882,174,352748016,nan,nan,0.04
8/25/2026 19:06:51,1.17.3,StopSig,57,3.71,1,1,Pellet,Left,1088,1882,175,352748016,0.23,19,nan
8/25/2026 19:07:06,1.17.3,StopSig,57,3.71,nan,1,>Left_Regular_trial,Left,1089,1882,175,352764571,nan,nan,nan
8/25/2026 19:07:07,1.17.3,StopSig,57,3.69,nan,1,Right_Regular_(correct),Left,1089,1883,175,352765309,nan,nan,nan
8/25/2026 19:07:08,1.17.3,StopSig,57,3.71,1,1,Pellet,Left,1089,1883,176,352765309,0.23,17,nan
8/25/2026 19:07:23,1.17.3,StopSig,57,3.71,nan,1,>Left_Regular_trial,Left,1090,1883,176,352781625,nan,nan,nan
8/25/2026 19:07:26,1.17.3,StopSig,57,3.71,nan,1,Right_Regular_(correct),Left,1090,1884,176,352784158,nan,nan,nan
8/25/2026 19:07:26,1.17.3,StopSig,57,3.70,nan,1,RightDuringDispense,Left,1090,1885,176,352784158,nan,nan,0.25
8/25/2026 19:07:27,1.17.3,StopSig,57,3.71,1,1,Pellet,Left,1090,1885,177,352784158,0.29,19,nan
8/25/2026 19:07:44,1.17.3,StopSig,57,3.71,nan,1,>Left_Stop_trial,Left,1091,1885,177,352801625,nan,nan,nan
8/25/2026 19:07:47,1.17.3,StopSig,57,3.69,nan,1,NoPoke_STOP_(correct),Left,1091,1885,177,352805061,nan,nan,nan
8/25/2026 19:07:48,1.17.3,StopSig,57,3.71,1,1,Pellet,Left,1091,1885,178,352805061,0.17,21,nan
8/25/2026 19:08:05,1.17.3,StopSig,57,3.70,nan,1,>Left_Regular_trial,Left,1092,1885,178,352822964,nan,nan,nan
8/25/2026 19:08:06,1.17.3,StopSig,57,3.71,nan,1,Right_Regular_(correct),Left,1092,1886,178,352824001,nan,nan,nan
8/25/2026 19:08:07,1.17.3,StopSig,57,3.71,1,1,Pellet,Left,1092,1886,179,352824001,0.41,19,nan
8/25/2026 19:08:21,1.17.3,StopSig,57,3.71,nan,1,Right_no_left,Left,1092,1887,179,352824001,nan,nan,nan
8/25/2026 19:08:23,1.17.3,StopSig,57,3.71,nan,1,>Left_Regular_trial,Left,1093,1887,179,352840944,nan,nan,nan
8/25/2026 19:08:24,1.17.3,StopSig,57,3.71,nan,1,Right_Regular_(correct),Left,1093,1888,179,352842427,nan,nan,nan
8/25/2026 19:08:25,1.17.3,StopSig,57,3.70,1,1,Pellet,Left,1093,1888,180,352842427,0.23,18,nan
8/25/2026 19:10:52,1.17.3,StopSig,57,3.70,nan,1,Right_no_left,Left,1093,1889,180,352842427,nan,nan,nan
8/25/2026 19:10:53,1.17.3,StopSig,57,3.70,nan,1,>Left_Regular_trial,Left,1094,1889,180,352991609,nan,nan,nan
8/25/2026 19:10:55,1.17.3,StopSig,57,3.70,nan,1,Right_Regular_(correct),Left,1094,1890,180,352993843,nan,nan,nan
8/25/2026 19:10:57,1.17.3,StopSig,57,3.71,1,1,Pellet,Left,1094,1890,181,352993843,0.35,151,nan
8/25/2026 19:11:09,1.17.3,StopSig,57,3.71,nan,1,>Left_Regular_trial,Left,1095,1890,181,353007671,nan,nan,nan
8/25/2026 19:11:13,1.17.3,StopSig,57,3.71,nan,1,NoPoke_Regular_(incorrect),Left,1095,1890,181,353011085,nan,nan,nan
8/25/2026 19:22:15,1.17.3,StopSig,57,3.70,nan,1,>Left_Regular_trial,Left,1096,1890,181,353673650,nan,nan,nan
8/25/2026 19:22:17,1.17.3,StopSig,57,3.71,nan,1,Right_Regular_(correct),Left,1096,1891,181,353675139,nan,nan,nan
8/25/2026 19:22:17,1.17.3,StopSig,57,3.71,nan,1,RightDuringDispense,Left,1096,1892,181,353675139,nan,nan,0.10
8/25/2026 19:22:18,1.17.3,StopSig,57,3.71,1,1,Pellet,Left,1096,1892,182,353675139,0.53,682,nan
8/25/2026 19:22:37,1.17.3,StopSig,57,3.71,nan,1,Right_no_left,Left,1096,1893,182,353675139,nan,nan,nan
8/25/2026 19:22:39,1.17.3,StopSig,57,3.71,nan,1,Right_no_left,Left,1096,1894,182,353695484,nan,nan,nan
8/25/2026 19:22:39,1.17.3,StopSig,57,3.71,nan,1,Right_no_left,Left,1096,1895,182,353697564,nan,nan,nan
8/25/2026 19:22:41,1.17.3,StopSig,57,3.70,nan,1,>Left_Regular_trial,Left,1097,1895,182,353699048,nan,nan,nan
8/25/2026 19:22:42,1.17.3,StopSig,57,3.71,nan,1,Right_Regular_(correct),Left,1097,1896,182,353700680,nan,nan,nan
8/25/2026 19:22:43,1.17.3,StopSig,57,3.71,nan,1,RightDuringDispense,Left,1097,1897,182,353700680,nan,nan,0.17
8/25/2026 19:22:44,1.17.3,StopSig,57,3.70,2,1,Pellet,Left,1097,1897,183,353700680,0.06,26,nan
8/25/2026 19:23:00,1.17.3,StopSig,57,3.69,nan,1,Right_no_left,Left,1097,1898,183,353700680,nan,nan,nan
8/25/2026 19:23:01,1.17.3,StopSig,57,3.70,nan,1,Right_no_left,Left,1097,1899,183,353718695,nan,nan,nan
8/25/2026 19:23:06,1.17.3,StopSig,57,3.69,nan,1,Right_no_left,Left,1097,1900,183,353719582,nan,nan,nan
8/25/2026 19:23:07,1.17.3,StopSig,57,3.69,nan,1,Right_no_left,Left,1097,1901,183,353724641,nan,nan,nan
8/25/2026 19:23:10,1.17.3,StopSig,57,3.71,nan,1,Right_no_left,Left,1097,1902,183,353725395,nan,nan,nan
8/25/2026 19:23:12,1.17.3,StopSig,57,3.71,nan,1,Right_no_left,Left,1097,1903,183,353728812,nan,nan,nan
8/25/2026 19:25:35,1.17.3,StopSig,57,3.71,nan,1,>Left_Regular_trial,Left,1098,1903,183,353873255,nan,nan,nan
8/25/2026 19:25:36,1.17.3,StopSig,57,3.70,nan,1,Right_Regular_(correct),Left,1098,1904,183,353874292,nan,nan,nan
8/25/2026 19:25:37,1.17.3,StopSig,57,3.71,1,1,Pellet,Left,1098,1904,184,353874292,0.41,173,nan
8/25/2026 19:26:28,1.17.3,StopSig,57,3.70,nan,1,>Left_Regular_trial,Left,1099,1904,184,353925985,nan,nan,nan
8/25/2026 19:26:28,1.17.3,StopSig,57,3.71,nan,1,Right_Regular_(correct),Left,1099,1905,184,353926872,nan,nan,nan
8/25/2026 19:26:32,1.17.3,StopSig,57,3.71,2,1,Pellet,Left,1099,1905,185,353926872,0.47,55,nan
8/25/2026 19:27:07,1.17.3,StopSig,57,3.71,nan,1,>Left_Stop_trial,Left,1100,1905,185,353965201,nan,nan,nan
8/25/2026 19:27:08,1.17.3,StopSig,57,3.71,nan,1,Right_STOP_(incorrect),Left,1100,1906,185,353966095,nan,nan,nan
8/25/2026 19:30:17,1.17.3,StopSig,57,3.71,nan,1,>Left_Regular_trial,Left,1101,1906,185,354155329,nan,nan,nan
8/25/2026 19:30:18,1.17.3,StopSig,57,3.70,nan,1,Right_Regular_(correct),Left,1101,1907,185,354156066,nan,nan,nan
8/25/2026 19:30:19,1.17.3,StopSig,57,3.70,1,1,Pellet,Left,1101,1907,186,354156066,0.41,227,nan
8/25/2026 19:35:47,1.17.3,StopSig,57,3.70,nan,1,Right_no_left,Left,1101,1908,186,354156066,nan,nan,nan
8/25/2026 19:35:48,1.17.3,StopSig,57,3.70,nan,1,Right_no_left,Left,1101,1909,186,354485106,nan,nan,nan
8/25/2026 19:37:35,1.17.3,StopSig,57,3.71,nan,1,>Left_Regular_trial,Left,1102,1909,186,354593286,nan,nan,nan
8/25/2026 19:37:39,1.17.3,StopSig,57,3.71,nan,1,NoPoke_Regular_(incorrect),Left,1102,1909,186,354597150,nan,nan,nan
8/25/2026 19:38:44,1.17.3,StopSig,57,3.71,nan,1,Right_no_left,Left,1102,1910,186,354597150,nan,nan,nan
8/25/2026 19:41:40,1.17.3,StopSig,57,3.70,nan,1,>Left_Regular_trial,Left,1103,1910,186,354838725,nan,nan,nan
8/25/2026 19:41:41,1.17.3,StopSig,57,3.70,nan,1,Right_Regular_(correct),Left,1103,1911,186,354839765,nan,nan,nan
8/25/2026 19:41:42,1.17.3,StopSig,57,3.70,1,1,Pellet,Left,1103,1911,187,354839765,0.41,683,nan
8/25/2026 19:41:58,1.17.3,StopSig,57,3.71,nan,1,Right_no_left,Left,1103,1912,187,354839765,nan,nan,nan
8/25/2026 19:41:59,1.17.3,StopSig,57,3.70,nan,1,Right_no_left,Left,1103,1913,187,354856483,nan,nan,nan
8/25/2026 19:42:00,1.17.3,StopSig,57,3.70,nan,1,>Left_Regular_trial,Left,1104,1913,187,354858706,nan,nan,nan
8/25/2026 19:42:02,1.17.3,StopSig,57,3.69,nan,1,Right_Regular_(correct),Left,1104,1914,187,354860340,nan,nan,nan
8/25/2026 19:42:03,1.17.3,StopSig,57,3.70,1,1,Pellet,Left,1104,1914,188,354860340,0.17,21,nan
8/25/2026 19:42:18,1.17.3,StopSig,57,3.71,nan,1,>Left_Regular_trial,Left,1105,1914,188,354876638,nan,nan,nan
8/25/2026 19:42:19,1.17.3,StopSig,57,3.71,nan,1,Right_Regular_(correct),Left,1105,1915,188,354877673,nan,nan,nan
8/25/2026 19:42:20,1.17.3,StopSig,57,3.70,1,1,Pellet,Left,1105,1915,189,354877673,0.23,17,nan
8/25/2026 19:42:39,1.17.3,StopSig,57,3.71,nan,1,Right_no_left,Left,1105,1916,189,354877673,nan,nan,nan
8/25/2026 19:42:43,1.17.3,StopSig,57,3.71,nan,1,>Left_Stop_trial,Left,1106,1916,189,354901410,nan,nan,nan
8/25/2026 19:42:44,1.17.3,StopSig,57,3.71,nan,1,Right_STOP_(incorrect),Left,1106,1917,189,354902153,nan,nan,nan
8/25/2026 19:47:13,1.17.3,StopSig,57,3.71,nan,1,>Left_Regular_trial,Left,1107,1917,189,355171394,nan,nan,nan
8/25/2026 19:47:15,1.17.3,StopSig,57,3.71,nan,1,Right_Regular_(correct),Left,1107,1918,189,355173022,nan,nan,nan
8/25/2026 19:47:16,1.17.3,StopSig,57,3.71,1,1,Pellet,Left,1107,1918,190,355173022,0.41,296,nan
8/25/2026 19:47:36,1.17.3,StopSig,57,3.71,nan,1,Right_no_left,Left,1107,1919,190,355173022,nan,nan,nan
8/25/2026 19:47:36,1.17.3,StopSig,57,3.70,nan,1,Right_no_left,Left,1107,1920,190,355194361,nan,nan,nan
8/25/2026 19:47:36,1.17.3,StopSig,57,3.70,nan,1,Right_no_left,Left,1107,1921,190,355194652,nan,nan,nan
8/25/2026 19:47:39,1.17.3,StopSig,57,3.71,nan,1,>Left_Regular_trial,Left,1108,1921,190,355197764,nan,nan,nan
8/25/2026 19:47:40,1.17.3,StopSig,57,3.70,nan,1,Right_Regular_(correct),Left,1108,1922,190,355198508,nan,nan,nan
8/25/2026 19:47:41,1.17.3,StopSig,57,3.70,1,1,Pellet,Left,1108,1922,191,355198508,0.17,25,nan
8/25/2026 19:48:03,1.17.3,StopSig,57,3.70,nan,1,Right_no_left,Left,1108,1923,191,355198508,nan,nan,nan
8/25/2026 19:48:04,1.17.3,StopSig,57,3.71,nan,1,Right_no_left,Left,1108,1924,191,355221139,nan,nan,nan
8/25/2026 19:48:08,1.17.3,StopSig,57,3.70,nan,1,>Left_Stop_trial,Left,1109,1924,191,355225601,nan,nan,nan
8/25/2026 19:48:08,1.17.3,StopSig,57,3.71,nan,1,Right_STOP_(incorrect),Left,1109,1925,191,355226645,nan,nan,nan
8/25/2026 19:48:39,1.17.3,StopSig,57,3.70,nan,1,>Left_Regular_trial,Left,1110,1925,191,355256963,nan,nan,nan
8/25/2026 19:48:42,1.17.3,StopSig,57,3.70,nan,1,NoPoke_Regular_(incorrect),Left,1110,1925,191,355260225,nan,nan,nan
8/25/2026 19:52:45,1.17.3,StopSig,57,3.70,nan,1,Right_no_left,Left,1110,1926,191,355260225,nan,nan,nan
8/25/2026 19:52:46,1.17.3,StopSig,57,3.70,nan,1,Right_no_left,Left,1110,1927,191,355504027,nan,nan,nan
8/25/2026 19:52:49,1.17.3,StopSig,57,3.71,nan,1,Right_no_left,Left,1110,1928,191,355504912,nan,nan,nan
8/25/2026 19:52:51,1.17.3,StopSig,57,3.70,nan,1,>Left_Stop_trial,Left,1111,1928,191,355509363,nan,nan,nan
8/25/2026 19:52:52,1.17.3,StopSig,57,3.70,nan,1,Right_STOP_(incorrect),Left,1111,1929,191,355510267,nan,nan,nan
8/25/2026 19:57:04,1.17.3,StopSig,57,3.70,nan,1,Right_no_left,Left,1111,1930,191,355510267,nan,nan,nan
8/25/2026 19:57:06,1.17.3,StopSig,57,3.70,nan,1,Right_no_left,Left,1111,1931,191,355762863,nan,nan,nan
8/25/2026 19:57:07,1.17.3,StopSig,57,3.71,nan,1,Right_no_left,Left,1111,1932,191,355764787,nan,nan,nan
8/25/2026 19:58:20,1.17.3,StopSig,57,3.71,nan,1,Right_no_left,Left,1111,1933,191,355765671,nan,nan,nan
8/25/2026 19:58:21,1.17.3,StopSig,57,3.70,nan,1,Right_no_left,Left,1111,1934,191,355838994,nan,nan,nan
8/25/2026 20:00:01,1.17.3,StopSig,57,3.71,nan,1,>Left_Regular_trial,Left,1112,1934,191,355939486,nan,nan,nan
8/25/2026 20:00:05,1.17.3,StopSig,57,3.70,nan,1,Right_Regular_(correct),Left,1112,1935,191,355943054,nan,nan,nan
8/25/2026 20:00:08,1.17.3,StopSig,57,3.71,2,1,Pellet,Left,1112,1935,192,355943054,0.41,747,nan
8/25/2026 20:00:23,1.17.3,StopSig,57,3.70,nan,1,Right_no_left,Left,1112,1936,192,355943054,nan,nan,nan
8/25/2026 20:00:26,1.17.3,StopSig,57,3.70,nan,1,>Left_Stop_trial,Left,1113,1936,192,355963768,nan,nan,nan
8/25/2026 20:00:26,1.17.3,StopSig,57,3.71,nan,1,Right_STOP_(incorrect),Left,1113,1937,192,355964812,nan,nan,nan
8/25/2026 20:04:28,1.17.3,StopSig,57,3.71,nan,1,Right_no_left,Left,1113,1938,192,355964812,nan,nan,nan
8/25/2026 20:04:29,1.17.3,StopSig,57,3.71,nan,1,Right_no_left,Left,1113,1939,192,356206284,nan,nan,nan
8/25/2026 20:04:31,1.17.3,StopSig,57,3.70,nan,1,Right_no_left,Left,1113,1940,192,356207319,nan,nan,nan
8/25/2026 20:15:32,1.17.3,StopSig,57,3.70,nan,1,Right_no_left,Left,1113,1941,192,356209246,nan,nan,nan
8/25/2026 20:15:33,1.17.3,StopSig,57,3.70,nan,1,Right_no_left,Left,1113,1942,192,356870704,nan,nan,nan
8/25/2026 20:15:33,1.17.3,StopSig,57,3.70,nan,1,Right_no_left,Left,1113,1943,192,356871440,nan,nan,nan
8/25/2026 20:15:34,1.17.3,StopSig,57,3.70,nan,1,Right_no_left,Left,1113,1944,192,356871731,nan,nan,nan
8/25/2026 20:15:36,1.17.3,StopSig,57,3.70,nan,1,>Left_Regular_trial,Left,1114,1944,192,356874102,nan,nan,nan
8/25/2026 20:15:38,1.17.3,StopSig,57,3.70,nan,1,Right_Regular_(correct),Left,1114,1945,192,356876324,nan,nan,nan
8/25/2026 20:15:38,1.17.3,StopSig,57,3.70,nan,1,RightDuringDispense,Left,1114,1946,192,356876324,nan,nan,0.14
8/25/2026 20:15:39,1.17.3,StopSig,57,3.63,nan,1,RightDuringDispense,Left,1114,1947,192,356876324,nan,nan,0.00
8/25/2026 20:15:40,1.17.3,StopSig,57,3.71,1,1,Pellet,Left,1114,1947,193,356876324,0.35,932,nan
8/25/2026 20:16:00,1.17.3,StopSig,57,3.71,nan,1,>Left_Regular_trial,Left,1115,1947,193,356897892,nan,nan,nan
8/25/2026 20:16:00,1.17.3,StopSig,57,3.70,nan,1,Right_Regular_(correct),Left,1115,1948,193,356898629,nan,nan,nan
8/25/2026 20:16:01,1.17.3,StopSig,57,3.70,1,1,Pellet,Left,1115,1948,194,356898629,0.17,21,nan
8/25/2026 20:16:22,1.17.3,StopSig,57,3.70,nan,1,Right_no_left,Left,1115,1949,194,356898629,nan,nan,nan
8/25/2026 20:16:22,1.17.3,StopSig,57,3.71,nan,1,Right_no_left,Left,1115,1950,194,356920575,nan,nan,nan
8/25/2026 20:16:25,1.17.3,StopSig,57,3.71,nan,1,Right_no_left,Left,1115,1951,194,356921015,nan,nan,nan
8/25/2026 20:16:27,1.17.3,StopSig,57,3.70,nan,1,>Left_Regular_trial,Left,1116,1951,194,356925022,nan,nan,nan
8/25/2026 20:16:28,1.17.3,StopSig,57,3.71,nan,1,Right_Regular_(correct),Left,1116,1952,194,356926656,nan,nan,nan
8/25/2026 20:16:28,1.17.3,StopSig,57,3.70,nan,1,RightDuringDispense,Left,1116,1953,194,356926656,nan,nan,0.02
8/25/2026 20:16:45,1.17.3,StopSig,57,3.71,nan,1,RightWithPellet,Left,1116,1954,194,356926656,nan,nan,0.11
8/25/2026 20:16:47,1.17.3,StopSig,57,3.70,2,1,Pellet,Left,1116,1954,195,356926656,17.26,46,nan
8/25/2026 20:16:49,1.17.3,StopSig,57,3.70,nan,1,>Left_Stop_trial,Left,1117,1954,195,356947231,nan,nan,nan
8/25/2026 20:16:50,1.17.3,StopSig,57,3.70,nan,1,Right_STOP_(incorrect),Left,1117,1955,195,356948443,nan,nan,nan
8/25/2026 20:17:25,1.17.3,StopSig,57,3.70,nan,1,>Left_Regular_trial,Left,1118,1955,195,356983663,nan,nan,nan
8/25/2026 20:17:29,1.17.3,StopSig,57,3.71,nan,1,NoPoke_Regular_(incorrect),Left,1118,1955,195,356987223,nan,nan,nan
8/25/2026 20:21:26,1.17.3,StopSig,57,3.70,nan,1,Right_no_left,Left,1118,1956,195,356987223,nan,nan,nan
8/25/2026 20:22:04,1.17.3,StopSig,57,3.71,nan,1,Right_no_left,Left,1118,1957,195,357224770,nan,nan,nan
8/25/2026 20:22:05,1.17.3,StopSig,57,3.70,nan,1,Right_no_left,Left,1118,1958,195,357262692,nan,nan,nan
8/25/2026 20:22:06,1.17.3,StopSig,57,3.71,nan,1,Right_no_left,Left,1118,1959,195,357263727,nan,nan,nan
8/25/2026 20:22:09,1.17.3,StopSig,57,3.71,nan,1,Right_no_left,Left,1118,1960,195,357264614,nan,nan,nan
8/25/2026 20:22:11,1.17.3,StopSig,57,3.70,nan,1,>Left_Regular_trial,Left,1119,1960,195,357269670,nan,nan,nan
8/25/2026 20:22:12,1.17.3,StopSig,57,3.69,nan,1,Right_Regular_(correct),Left,1119,1961,195,357270414,nan,nan,nan
8/25/2026 20:22:13,1.17.3,StopSig,57,3.70,1,1,Pellet,Left,1119,1961,196,357270414,0.59,326,nan
8/25/2026 20:27:19,1.17.3,StopSig,57,3.70,nan,1,Right_no_left,Left,1119,1962,196,357270414,nan,nan,nan
8/25/2026 20:27:21,1.17.3,StopSig,57,3.70,nan,1,Right_no_left,Left,1119,1963,196,357577221,nan,nan,nan
8/25/2026 20:30:56,1.17.3,StopSig,57,3.70,nan,1,Right_no_left,Left,1119,1964,196,357579893,nan,nan,nan
8/25/2026 20:46:37,1.17.3,StopSig,57,3.70,nan,1,>Left_Regular_trial,Left,1120,1964,196,358735740,nan,nan,nan
8/25/2026 20:46:39,1.17.3,StopSig,57,3.70,nan,1,Right_Regular_(correct),Left,1120,1965,196,358737518,nan,nan,nan
8/25/2026 20:46:39,1.17.3,StopSig,57,3.70,nan,1,RightDuringDispense,Left,1120,1966,196,358737518,nan,nan,0.16
8/25/2026 20:46:40,1.17.3,StopSig,57,3.70,1,1,Pellet,Left,1120,1966,197,358737518,0.23,1467,nan
8/25/2026 20:47:00,1.17.3,StopSig,57,3.71,nan,1,Right_no_left,Left,1120,1967,197,358737518,nan,nan,nan
8/25/2026 20:47:01,1.17.3,StopSig,57,3.70,nan,1,Right_no_left,Left,1120,1968,197,358758673,nan,nan,nan
8/25/2026 20:47:06,1.17.3,StopSig,57,3.70,nan,1,>Left_Regular_trial,Left,1121,1968,197,358764761,nan,nan,nan
8/25/2026 20:47:08,1.17.3,StopSig,57,3.70,nan,1,Right_Regular_(correct),Left,1121,1969,197,358766241,nan,nan,nan
8/25/2026 20:47:08,1.17.3,StopSig,57,3.70,nan,1,RightDuringDispense,Left,1121,1970,197,358766241,nan,nan,0.10
8/25/2026 20:47:09,1.17.3,StopSig,57,3.70,1,1,Pellet,Left,1121,1970,198,358766241,0.17,29,nan
8/25/2026 20:47:27,1.17.3,StopSig,57,3.70,nan,1,>Left_Regular_trial,Left,1122,1970,198,358784960,nan,nan,nan
8/25/2026 20:47:27,1.17.3,StopSig,57,3.70,nan,1,Right_Regular_(correct),Left,1122,1971,198,358785995,nan,nan,nan
8/25/2026 20:47:28,1.17.3,StopSig,57,3.70,1,1,Pellet,Left,1122,1971,199,358785995,0.35,19,nan
8/25/2026 20:47:48,1.17.3,StopSig,57,3.70,nan,1,Right_no_left,Left,1122,1972,199,358785995,nan,nan,nan
8/25/2026 20:47:51,1.17.3,StopSig,57,3.70,nan,1,>Left_Regular_trial,Left,1123,1972,199,358809793,nan,nan,nan
8/25/2026 20:47:54,1.17.3,StopSig,57,3.69,nan,1,Right_Regular_(correct),Left,1123,1973,199,358812767,nan,nan,nan
8/25/2026 20:47:55,1.17.3,StopSig,57,3.70,nan,1,RightDuringDispense,Left,1123,1974,199,358812767,nan,nan,0.19
8/25/2026 20:48:08,1.17.3,StopSig,57,3.70,2,1,Pellet,Left,1123,1974,200,358812767,10.07,40,nan
8/25/2026 20:48:31,1.17.3,StopSig,57,3.70,nan,1,>Left_Regular_trial,Left,1124,1974,200,358849202,nan,nan,nan
8/25/2026 20:48:34,1.17.3,StopSig,57,3.71,nan,1,Right_Regular_(correct),Left,1124,1975,200,358852326,nan,nan,nan
8/25/2026 20:48:35,1.17.3,StopSig,57,3.69,nan,1,RightDuringDispense,Left,1124,1976,200,358852326,nan,nan,0.75
8/25/2026 20:48:36,1.17.3,StopSig,57,3.70,1,1,Pellet,Left,1124,1976,201,358852326,0.23,28,nan
8/25/2026 20:48:52,1.17.3,StopSig,57,3.70,nan,1,Right_no_left,Left,1124,1977,201,358852326,nan,nan,nan
8/25/2026 20:48:54,1.17.3,StopSig,57,3.70,nan,1,>Left_Regular_trial,Left,1125,1977,201,358872471,nan,nan,nan
8/25/2026 20:48:57,1.17.3,StopSig,57,3.71,nan,1,Right_Regular_(correct),Left,1125,1978,201,358875595,nan,nan,nan
8/25/2026 20:48:58,1.17.3,StopSig,57,3.70,1,1,Pellet,Left,1125,1978,202,358875595,0.17,22,nan
8/25/2026 20:49:18,1.17.3,StopSig,57,3.70,nan,1,>Left_Regular_trial,Left,1126,1978,202,358896446,nan,nan,nan
8/25/2026 20:49:22,1.17.3,StopSig,57,3.70,nan,1,NoPoke_Regular_(incorrect),Left,1126,1978,202,358900310,nan,nan,nan
8/25/2026 20:49:54,1.17.3,StopSig,57,3.71,nan,1,>Left_Regular_trial,Left,1127,1978,202,358932266,nan,nan,nan
8/25/2026 20:49:55,1.17.3,StopSig,57,3.70,nan,1,Right_Regular_(correct),Left,1127,1979,202,358933606,nan,nan,nan
8/25/2026 20:49:56,1.17.3,StopSig,57,3.70,1,1,Pellet,Left,1127,1979,203,358933606,0.23,58,nan
8/25/2026 20:50:11,1.17.3,StopSig,57,3.70,nan,1,Right_no_left,Left,1127,1980,203,358933606,nan,nan,nan
8/25/2026 20:50:15,1.17.3,StopSig,57,3.70,nan,1,Right_no_left,Left,1127,1981,203,358949555,nan,nan,nan
8/25/2026 20:50:15,1.17.3,StopSig,57,3.70,nan,1,Right_no_left,Left,1127,1982,203,358953420,nan,nan,nan
8/25/2026 20:50:18,1.17.3,StopSig,57,3.70,nan,1,Right_no_left,Left,1127,1983,203,358953718,nan,nan,nan
8/25/2026 20:50:21,1.17.3,StopSig,57,3.70,nan,1,>Left_Regular_trial,Left,1128,1983,203,358959369,nan,nan,nan
8/25/2026 20:50:23,1.17.3,StopSig,57,3.69,nan,1,Right_Regular_(correct),Left,1128,1984,203,358961299,nan,nan,nan
8/25/2026 20:50:24,1.17.3,StopSig,57,3.70,1,1,Pellet,Left,1128,1984,204,358961299,0.23,28,nan
8/25/2026 20:50:41,1.17.3,StopSig,57,3.70,nan,1,Right_no_left,Left,1128,1985,204,358961299,nan,nan,nan
8/25/2026 20:50:44,1.17.3,StopSig,57,3.70,nan,1,>Left_Regular_trial,Left,1129,1985,204,358982389,nan,nan,nan
8/25/2026 20:50:45,1.17.3,StopSig,57,3.70,nan,1,Right_Regular_(correct),Left,1129,1986,204,358983575,nan,nan,nan
8/25/2026 20:51:02,1.17.3,StopSig,57,3.70,nan,1,RightWithPellet,Left,1129,1987,204,358983575,nan,nan,0.16
8/25/2026 20:51:04,1.17.3,StopSig,57,3.70,nan,1,RightWithPellet,Left,1129,1988,204,358983575,nan,nan,0.22
8/25/2026 20:51:06,1.17.3,StopSig,57,3.70,nan,1,LeftWithPellet,Left,1130,1988,204,358983575,nan,nan,0.29
8/25/2026 20:51:07,1.17.3,StopSig,57,3.70,nan,1,RightWithPellet,Left,1130,1989,204,358983575,nan,nan,0.13
8/25/2026 20:51:08,1.17.3,StopSig,57,3.70,1,1,Pellet,Left,1130,1989,205,358983575,21.86,44,nan
8/25/2026 20:51:10,1.17.3,StopSig,57,3.70,nan,1,>Left_Regular_trial,Left,1131,1989,205,359008180,nan,nan,nan
8/25/2026 20:51:11,1.17.3,StopSig,57,3.70,nan,1,Right_Regular_(correct),Left,1131,1990,205,359009661,nan,nan,nan
8/25/2026 20:51:11,1.17.3,StopSig,57,3.69,nan,1,RightDuringDispense,Left,1131,1991,205,359009661,nan,nan,0.08
8/25/2026 20:51:12,1.17.3,StopSig,57,3.68,2,1,Pellet,Left,1131,1991,206,359009661,0.06,4,nan
8/25/2026 20:51:34,1.17.3,StopSig,57,3.68,nan,1,Right_no_left,Left,1131,1992,206,359009661,nan,nan,nan
8/25/2026 20:51:38,1.17.3,StopSig,57,3.68,nan,1,Right_no_left,Left,1131,1993,206,359032444,nan,nan,nan
8/25/2026 20:51:49,1.17.3,StopSig,57,3.68,nan,1,>Left_Regular_trial,Left,1132,1993,206,359047010,nan,nan,nan
8/25/2026 20:51:52,1.17.3,StopSig,57,3.70,nan,1,NoPoke_Regular_(incorrect),Left,1132,1993,206,359050290,nan,nan,nan
8/25/2026 21:11:54,1.17.3,StopSig,57,3.70,nan,1,Right_no_left,Left,1132,1994,206,359050290,nan,nan,nan
8/25/2026 21:11:57,1.17.3,StopSig,57,3.70,nan,1,Right_no_left,Left,1132,1995,206,360253137,nan,nan,nan
8/25/2026 21:12:02,1.17.3,StopSig,57,3.70,nan,1,Right_no_left,Left,1132,1996,206,360255506,nan,nan,nan
8/25/2026 21:12:03,1.17.3,StopSig,57,3.70,nan,1,Right_no_left,Left,1132,1997,206,360260998,nan,nan,nan
8/25/2026 21:12:05,1.17.3,StopSig,57,3.70,nan,1,>Left_Regular_trial,Left,1133,1997,206,360263684,nan,nan,nan
8/25/2026 21:12:06,1.17.3,StopSig,57,3.70,nan,1,Right_Regular_(correct),Left,1133,1998,206,360265015,nan,nan,nan
8/25/2026 21:12:08,1.17.3,StopSig,57,3.70,1,1,Pellet,Left,1133,1998,207,360265015,0.71,1256,nan
8/25/2026 21:12:38,1.17.3,StopSig,57,3.70,nan,1,Right_no_left,Left,1133,1999,207,360265015,nan,nan,nan
8/25/2026 21:12:39,1.17.3,StopSig,57,3.69,nan,1,Right_no_left,Left,1133,2000,207,360296650,nan,nan,nan
8/25/2026 21:12:45,1.17.3,StopSig,57,3.69,nan,1,Right_no_left,Left,1133,2001,207,360297838,nan,nan,nan
8/25/2026 21:12:48,1.17.3,StopSig,57,3.70,nan,1,Right_no_left,Left,1133,2002,207,360303481,nan,nan,nan
8/25/2026 21:31:38,1.17.3,StopSig,57,3.70,nan,1,Right_no_left,Left,1133,2003,207,360306309,nan,nan,nan
8/25/2026 21:31:40,1.17.3,StopSig,57,3.69,nan,1,Right_no_left,Left,1133,2004,207,361437219,nan,nan,nan
8/25/2026 21:31:43,1.17.3,StopSig,57,3.69,nan,1,Right_no_left,Left,1133,2005,207,361438705,nan,nan,nan
8/25/2026 21:31:44,1.17.3,StopSig,57,3.69,nan,1,Right_no_left,Left,1133,2006,207,361441670,nan,nan,nan
8/25/2026 21:31:46,1.17.3,StopSig,57,3.69,nan,1,>Left_Regular_trial,Left,1134,2006,207,361444934,nan,nan,nan
8/25/2026 21:31:47,1.17.3,StopSig,57,3.70,nan,1,Right_Regular_(correct),Left,1134,2007,207,361446117,nan,nan,nan
8/25/2026 21:31:48,1.17.3,StopSig,57,3.69,nan,1,RightDuringDispense,Left,1134,2008,207,361446117,nan,nan,0.06
8/25/2026 21:31:49,1.17.3,StopSig,57,3.69,1,1,Pellet,Left,1134,2008,208,361446117,0.23,1181,nan
8/25/2026 21:32:14,1.17.3,StopSig,57,3.70,nan,1,>Left_Regular_trial,Left,1135,2008,208,361472906,nan,nan,nan
8/25/2026 21:32:15,1.17.3,StopSig,57,3.69,nan,1,Right_Regular_(correct),Left,1135,2009,208,361473793,nan,nan,nan
8/25/2026 21:32:16,1.17.3,StopSig,57,3.69,nan,1,RightDuringDispense,Left,1135,2010,208,361473793,nan,nan,0.21
8/25/2026 21:32:17,1.17.3,StopSig,57,3.70,2,1,Pellet,Left,1135,2010,209,361473793,0.23,28,nan
8/25/2026 21:32:37,1.17.3,StopSig,57,3.70,nan,1,>Left_Regular_trial,Left,1136,2010,209,361495734,nan,nan,nan
8/25/2026 21:32:39,1.17.3,StopSig,57,3.70,nan,1,Right_Regular_(correct),Left,1136,2011,209,361497215,nan,nan,nan
8/25/2026 21:32:40,1.17.3,StopSig,57,3.70,1,1,Pellet,Left,1136,2011,210,361497215,0.29,23,nan
8/25/2026 21:33:01,1.17.3,StopSig,57,3.69,nan,1,Right_no_left,Left,1136,2012,210,361497215,nan,nan,nan
8/25/2026 21:33:03,1.17.3,StopSig,57,3.69,nan,1,>Left_Regular_trial,Left,1137,2012,210,361521687,nan,nan,nan
8/25/2026 21:33:04,1.17.3,StopSig,57,3.70,nan,1,Right_Regular_(correct),Left,1137,2013,210,361523172,nan,nan,nan
8/25/2026 21:33:05,1.17.3,StopSig,57,3.69,nan,1,RightDuringDispense,Left,1137,2014,210,361523172,nan,nan,0.13
8/25/2026 21:33:06,1.17.3,StopSig,57,3.69,2,1,Pellet,Left,1137,2014,211,361523172,0.06,26,nan
8/25/2026 21:33:34,1.17.3,StopSig,57,3.69,nan,1,>Left_Regular_trial,Left,1138,2014,211,361552349,nan,nan,nan
8/25/2026 21:33:35,1.17.3,StopSig,57,3.70,nan,1,Right_Regular_(correct),Left,1138,2015,211,361553827,nan,nan,nan
8/25/2026 21:33:36,1.17.3,StopSig,57,3.70,2,1,Pellet,Left,1138,2015,212,361553827,0.06,30,nan
8/25/2026 21:34:00,1.17.3,StopSig,57,3.69,nan,1,Right_no_left,Left,1138,2016,212,361553827,nan,nan,nan
8/25/2026 21:34:01,1.17.3,StopSig,57,3.69,nan,1,>Left_Stop_trial,Left,1139,2016,212,361579691,nan,nan,nan
8/25/2026 21:34:05,1.17.3,StopSig,57,3.70,nan,1,NoPoke_STOP_(correct),Left,1139,2016,212,361583420,nan,nan,nan
8/25/2026 21:34:08,1.17.3,StopSig,57,3.69,2,1,Pellet,Left,1139,2016,213,361583420,0.29,32,nan
8/25/2026 21:35:31,1.17.3,StopSig,57,3.69,nan,1,Right_no_left,Left,1139,2017,213,361583420,nan,nan,nan
8/25/2026 21:35:32,1.17.3,StopSig,57,3.69,nan,1,Right_no_left,Left,1139,2018,213,361670288,nan,nan,nan
8/25/2026 21:35:35,1.17.3,StopSig,57,3.69,nan,1,Right_no_left,Left,1139,2019,213,361671036,nan,nan,nan
8/25/2026 21:35:37,1.17.3,StopSig,57,3.69,nan,1,Right_no_left,Left,1139,2020,213,361673854,nan,nan,nan
8/25/2026 21:35:39,1.17.3,StopSig,57,3.69,nan,1,>Left_Regular_trial,Left,1140,2020,213,361678015,nan,nan,nan
8/25/2026 21:35:41,1.17.3,StopSig,57,3.69,nan,1,Right_Regular_(correct),Left,1140,2021,213,361679495,nan,nan,nan
8/25/2026 21:35:42,1.17.3,StopSig,57,3.70,1,1,Pellet,Left,1140,2021,214,361679495,0.41,94,nan
8/25/2026 21:36:44,1.17.3,StopSig,57,3.70,nan,1,>Left_Stop_trial,Left,1141,2021,214,361742688,nan,nan,nan
8/25/2026 21:36:48,1.17.3,StopSig,57,3.70,nan,1,NoPoke_STOP_(correct),Left,1141,2021,214,361746414,nan,nan,nan
8/25/2026 21:36:49,1.17.3,StopSig,57,3.69,1,1,Pellet,Left,1141,2021,215,361746414,0.35,67,nan
8/25/2026 21:45:08,1.17.3,StopSig,57,3.70,nan,1,Right_no_left,Left,1141,2022,215,361746414,nan,nan,nan
8/25/2026 21:46:56,1.17.3,StopSig,57,3.69,nan,1,Right_no_left,Left,1141,2023,215,362246809,nan,nan,nan
8/25/2026 21:49:11,1.17.3,StopSig,57,3.69,nan,1,>Left_Stop_trial,Left,1142,2023,215,362488795,nan,nan,nan
8/25/2026 21:49:13,1.17.3,StopSig,57,3.69,nan,1,Right_STOP_(incorrect),Left,1142,2024,215,362492079,nan,nan,nan
8/25/2026 21:53:11,1.17.3,StopSig,57,3.69,nan,1,>Left_Stop_trial,Left,1143,2024,215,362728903,nan,nan,nan
8/25/2026 21:53:14,1.17.3,StopSig,57,3.70,nan,1,NoPoke_STOP_(correct),Left,1143,2024,215,362732484,nan,nan,nan
8/25/2026 21:53:14,1.17.3,StopSig,57,3.70,nan,1,RightDuringDispense,Left,1143,2025,215,362732484,nan,nan,0.26
8/25/2026 21:53:15,1.17.3,StopSig,57,3.69,1,1,Pellet,Left,1143,2025,216,362732484,0.35,986,nan
8/25/2026 21:53:29,1.17.3,StopSig,57,3.70,nan,1,Right_no_left,Left,1143,2026,216,362732484,nan,nan,nan
8/25/2026 21:53:33,1.17.3,StopSig,57,3.69,nan,1,Right_no_left,Left,1143,2027,216,362748360,nan,nan,nan
8/25/2026 21:54:21,1.17.3,StopSig,57,3.69,nan,1,>Left_Regular_trial,Left,1144,2027,216,362799609,nan,nan,nan
8/25/2026 21:54:25,1.17.3,StopSig,57,3.69,nan,1,NoPoke_Regular_(incorrect),Left,1144,2027,216,362803463,nan,nan,nan
8/25/2026 22:02:23,1.17.3,StopSig,57,3.69,nan,1,Right_no_left,Left,1144,2028,216,362803463,nan,nan,nan
8/25/2026 22:05:56,1.17.3,StopSig,57,3.69,nan,1,Right_no_left,Left,1144,2029,216,363281991,nan,nan,nan
8/25/2026 22:07:15,1.17.3,StopSig,57,3.70,nan,1,>Left_Regular_trial,Left,1145,2029,216,363573677,nan,nan,nan
8/25/2026 22:07:19,1.17.3,StopSig,57,3.69,nan,1,NoPoke_Regular_(incorrect),Left,1145,2029,216,363577537,nan,nan,nan
8/25/2026 22:09:53,1.17.3,StopSig,57,3.69,nan,1,Right_no_left,Left,1145,2030,216,363577537,nan,nan,nan
8/25/2026 22:09:55,1.17.3,StopSig,57,3.69,nan,1,Right_no_left,Left,1145,2031,216,363732236,nan,nan,nan
8/25/2026 22:11:34,1.17.3,StopSig,57,3.69,nan,1,>Left_Regular_trial,Left,1146,2031,216,363832320,nan,nan,nan
8/25/2026 22:11:35,1.17.3,StopSig,57,3.69,nan,1,Right_Regular_(correct),Left,1146,2032,216,363833353,nan,nan,nan
8/25/2026 22:11:35,1.17.3,StopSig,57,3.69,nan,1,RightDuringDispense,Left,1146,2033,216,363833353,nan,nan,0.09
8/25/2026 22:11:36,1.17.3,StopSig,57,3.69,1,1,Pellet,Left,1146,2033,217,363833353,0.23,1101,nan
8/25/2026 22:11:53,1.17.3,StopSig,57,3.69,nan,1,Right_no_left,Left,1146,2034,217,363833353,nan,nan,nan
8/25/2026 22:11:54,1.17.3,StopSig,57,3.70,nan,1,Right_no_left,Left,1146,2035,217,363851810,nan,nan,nan
8/25/2026 22:11:57,1.17.3,StopSig,57,3.69,nan,1,>Left_Regular_trial,Left,1147,2035,217,363855218,nan,nan,nan
8/25/2026 22:11:57,1.17.3,StopSig,57,3.69,nan,1,Right_Regular_(correct),Left,1147,2036,217,363856103,nan,nan,nan
8/25/2026 22:11:58,1.17.3,StopSig,57,3.69,nan,1,RightDuringDispense,Left,1147,2037,217,363856103,nan,nan,0.11
8/25/2026 22:12:07,1.17.3,StopSig,57,3.70,2,1,Pellet,Left,1147,2037,218,363856103,6.23,31,nan
8/25/2026 22:12:29,1.17.3,StopSig,57,3.69,nan,1,>Left_Regular_trial,Left,1148,2037,218,363887270,nan,nan,nan
8/25/2026 22:12:29,1.17.3,StopSig,57,3.69,nan,1,Right_Regular_(correct),Left,1148,2038,218,363888007,nan,nan,nan
8/25/2026 22:12:32,1.17.3,StopSig,57,3.70,3,1,Pellet,Left,1148,2038,219,363888007,0.06,25,nan
8/25/2026 22:12:51,1.17.3,StopSig,57,3.69,nan,1,Right_no_left,Left,1148,2039,219,363888007,nan,nan,nan
8/25/2026 22:12:53,1.17.3,StopSig,57,3.69,nan,1,>Left_Regular_trial,Left,1149,2039,219,363911647,nan,nan,nan
8/25/2026 22:12:54,1.17.3,StopSig,57,3.69,nan,1,Right_Regular_(correct),Left,1149,2040,219,363912687,nan,nan,nan
8/25/2026 22:12:55,1.17.3,StopSig,57,3.69,1,1,Pellet,Left,1149,2040,220,363912687,0.17,23,nan
8/25/2026 22:13:11,1.17.3,StopSig,57,3.69,nan,1,Right_no_left,Left,1149,2041,220,363912687,nan,nan,nan
8/25/2026 22:13:13,1.17.3,StopSig,57,3.69,nan,1,>Left_Regular_trial,Left,1150,2041,220,363931434,nan,nan,nan
8/25/2026 22:13:17,1.17.3,StopSig,57,3.69,nan,1,NoPoke_Regular_(incorrect),Left,1150,2041,220,363935589,nan,nan,nan
8/25/2026 22:14:13,1.17.3,StopSig,57,3.69,nan,1,Right_no_left,Left,1150,2042,220,363935589,nan,nan,nan
8/25/2026 22:14:14,1.17.3,StopSig,57,3.69,nan,1,Right_no_left,Left,1150,2043,220,363992060,nan,nan,nan
8/25/2026 22:14:18,1.17.3,StopSig,57,3.70,nan,1,>Left_Regular_trial,Left,1151,2043,220,363996514,nan,nan,nan
8/25/2026 22:14:22,1.17.3,StopSig,57,3.69,nan,1,NoPoke_Regular_(incorrect),Left,1151,2043,220,364000519,nan,nan,nan
8/25/2026 22:18:29,1.17.3,StopSig,57,3.69,nan,1,>Left_Stop_trial,Left,1152,2043,220,364246920,nan,nan,nan
8/25/2026 22:18:32,1.17.3,StopSig,57,3.69,nan,1,NoPoke_STOP_(correct),Left,1152,2043,220,364250506,nan,nan,nan
8/25/2026 22:18:32,1.17.3,StopSig,57,3.62,nan,1,RightDuringDispense,Left,1152,2044,220,364250506,nan,nan,0.10
8/25/2026 22:18:33,1.17.3,StopSig,57,3.69,1,1,Pellet,Left,1152,2044,221,364250506,0.17,338,nan
8/25/2026 22:18:54,1.17.3,StopSig,57,3.69,nan,1,Right_no_left,Left,1152,2045,221,364250506,nan,nan,nan
8/25/2026 22:18:56,1.17.3,StopSig,57,3.69,nan,1,Right_no_left,Left,1152,2046,221,364273341,nan,nan,nan
8/25/2026 22:18:57,1.17.3,StopSig,57,3.69,nan,1,Right_no_left,Left,1152,2047,221,364274821,nan,nan,nan
8/25/2026 22:20:22,1.17.3,StopSig,57,3.70,nan,1,>Left_Regular_trial,Left,1153,2047,221,364360405,nan,nan,nan
8/25/2026 22:20:24,1.17.3,StopSig,57,3.69,nan,1,Right_Regular_(correct),Left,1153,2048,221,364362629,nan,nan,nan
8/25/2026 22:20:24,1.17.3,StopSig,57,3.69,nan,1,RightDuringDispense,Left,1153,2049,221,364362629,nan,nan,0.20
8/25/2026 22:20:25,1.17.3,StopSig,57,3.69,1,1,Pellet,Left,1153,2049,222,364362629,0.35,112,nan
8/25/2026 22:20:47,1.17.3,StopSig,57,3.69,nan,1,Right_no_left,Left,1153,2050,222,364362629,nan,nan,nan
8/25/2026 22:20:47,1.17.3,StopSig,57,3.69,nan,1,Right_no_left,Left,1153,2051,222,364385765,nan,nan,nan
8/25/2026 22:20:50,1.17.3,StopSig,57,3.69,nan,1,>Left_Regular_trial,Left,1154,2051,222,364389032,nan,nan,nan
8/25/2026 22:20:54,1.17.3,StopSig,57,3.69,nan,1,NoPoke_Regular_(incorrect),Left,1154,2051,222,364392596,nan,nan,nan
8/25/2026 23:00:40,1.17.3,StopSig,57,3.69,nan,1,>Left_Regular_trial,Left,1155,2051,222,366779105,nan,nan,nan
8/25/2026 23:00:41,1.17.3,StopSig,57,3.69,nan,1,Right_Regular_(correct),Left,1155,2052,222,366780289,nan,nan,nan
8/25/2026 23:00:42,1.17.3,StopSig,57,3.69,nan,1,RightDuringDispense,Left,1155,2053,222,366780289,nan,nan,0.14
8/25/2026 23:00:43,1.17.3,StopSig,57,3.69,2,1,Pellet,Left,1155,2053,223,366780289,0.53,2418,nan
8/25/2026 23:01:05,1.17.3,StopSig,57,3.69,nan,1,>Left_Stop_trial,Left,1156,2053,223,366803823,nan,nan,nan
8/25/2026 23:01:09,1.17.3,StopSig,57,3.69,nan,1,NoPoke_STOP_(correct),Left,1156,2053,223,366807706,nan,nan,nan
8/25/2026 23:01:11,1.17.3,StopSig,57,3.69,1,1,Pellet,Left,1156,2053,224,366807706,1.61,28,nan
8/25/2026 23:01:30,1.17.3,StopSig,57,3.70,nan,1,Right_no_left,Left,1156,2054,224,366807706,nan,nan,nan
8/25/2026 23:01:32,1.17.3,StopSig,57,3.69,nan,1,>Left_Stop_trial,Left,1157,2054,224,366830315,nan,nan,nan
8/25/2026 23:01:35,1.17.3,StopSig,57,3.69,nan,1,NoPoke_STOP_(correct),Left,1157,2054,224,366833606,nan,nan,nan
8/25/2026 23:01:36,1.17.3,StopSig,57,3.69,1,1,Pellet,Left,1157,2054,225,366833606,0.35,25,nan
8/25/2026 23:01:55,1.17.3,StopSig,57,3.69,nan,1,>Left_Regular_trial,Left,1158,2054,225,366853597,nan,nan,nan
8/25/2026 23:01:56,1.17.3,StopSig,57,3.69,nan,1,Right_Regular_(correct),Left,1158,2055,225,366854930,nan,nan,nan
8/25/2026 23:02:01,1.17.3,StopSig,57,3.69,3,1,Pellet,Left,1158,2055,226,366854930,0.41,25,nan
8/25/2026 23:02:21,1.17.3,StopSig,57,3.69,nan,1,>Left_Regular_trial,Left,1159,2055,226,366879563,nan,nan,nan
8/25/2026 23:02:23,1.17.3,StopSig,57,3.69,nan,1,Right_Regular_(correct),Left,1159,2056,226,366882088,nan,nan,nan
8/25/2026 23:02:24,1.17.3,StopSig,57,3.69,nan,1,RightDuringDispense,Left,1159,2057,226,366882088,nan,nan,0.28
8/25/2026 23:02:25,1.17.3,StopSig,57,3.69,1,1,Pellet,Left,1159,2057,227,366882088,0.41,24,nan
8/25/2026 23:02:44,1.17.3,StopSig,57,3.69,nan,1,>Left_Regular_trial,Left,1160,2057,227,366902886,nan,nan,nan
8/25/2026 23:02:45,1.17.3,StopSig,57,3.69,nan,1,Right_Regular_(correct),Left,1160,2058,227,366904077,nan,nan,nan
8/25/2026 23:02:46,1.17.3,StopSig,57,3.69,1,1,Pellet,Left,1160,2058,228,366904077,0.23,21,nan
8/25/2026 23:03:08,1.17.3,StopSig,57,3.69,nan,1,>Left_Regular_trial,Left,1161,2058,228,366926249,nan,nan,nan
8/25/2026 23:03:10,1.17.3,StopSig,57,3.69,nan,1,Right_Regular_(correct),Left,1161,2059,228,366928476,nan,nan,nan
8/25/2026 23:03:10,1.17.3,StopSig,57,3.69,nan,1,RightDuringDispense,Left,1161,2060,228,366928476,nan,nan,0.03
8/25/2026 23:03:11,1.17.3,StopSig,57,3.69,1,1,Pellet,Left,1161,2060,229,366928476,0.29,25,nan
8/25/2026 23:04:40,1.17.3,StopSig,57,3.69,nan,1,Right_no_left,Left,1161,2061,229,366928476,nan,nan,nan
8/25/2026 23:04:40,1.17.3,StopSig,57,3.69,nan,1,Right_no_left,Left,1161,2062,229,367018793,nan,nan,nan
8/25/2026 23:04:41,1.17.3,StopSig,57,3.69,nan,1,Right_no_left,Left,1161,2063,229,367019084,nan,nan,nan
8/25/2026 23:19:03,1.17.3,StopSig,57,3.69,nan,1,Right_no_left,Left,1161,2064,229,367020423,nan,nan,nan
8/25/2026 23:19:08,1.17.3,StopSig,57,3.69,nan,1,>Left_Stop_trial,Left,1162,2064,229,367886403,nan,nan,nan
8/25/2026 23:19:11,1.17.3,StopSig,57,3.69,nan,1,NoPoke_STOP_(correct),Left,1162,2064,229,367889702,nan,nan,nan
8/25/2026 23:19:12,1.17.3,StopSig,57,3.69,1,1,Pellet,Left,1162,2064,230,367889702,0.71,961,nan
8/25/2026 23:19:49,1.17.3,StopSig,57,3.69,nan,1,Right_no_left,Left,1162,2065,230,367889702,nan,nan,nan
8/25/2026 23:19:51,1.17.3,StopSig,57,3.69,nan,1,Right_no_left,Left,1162,2066,230,367928048,nan,nan,nan
8/25/2026 23:19:59,1.17.3,StopSig,57,3.69,nan,1,>Left_Stop_trial,Left,1163,2066,230,367937270,nan,nan,nan
8/25/2026 23:20:02,1.17.3,StopSig,57,3.69,nan,1,NoPoke_STOP_(correct),Left,1163,2066,230,367940710,nan,nan,nan
8/25/2026 23:20:04,1.17.3,StopSig,57,3.69,2,1,Pellet,Left,1163,2066,231,367940710,1.79,52,nan
8/25/2026 23:32:49,1.17.3,StopSig,57,3.69,nan,1,Right_no_left,Left,1163,2067,231,367940710,nan,nan,nan
8/25/2026 23:32:49,1.17.3,StopSig,57,3.69,nan,1,Right_no_left,Left,1163,2068,231,368707855,nan,nan,nan
8/25/2026 23:32:50,1.17.3,StopSig,57,3.69,nan,1,Right_no_left,Left,1163,2069,231,368708592,nan,nan,nan
8/25/2026 23:32:54,1.17.3,StopSig,57,3.69,nan,1,Right_no_left,Left,1163,2070,231,368709330,nan,nan,nan
8/25/2026 23:32:55,1.17.3,StopSig,57,3.69,nan,1,Right_no_left,Left,1163,2071,231,368713491,nan,nan,nan
8/25/2026 23:32:57,1.17.3,StopSig,57,3.69,nan,1,Right_no_left,Left,1163,2072,231,368714387,nan,nan,nan
8/25/2026 23:47:50,1.17.3,StopSig,57,3.68,nan,1,Right_no_left,Left,1163,2073,231,368716318,nan,nan,nan
8/25/2026 23:47:58,1.17.3,StopSig,57,3.68,nan,1,Right_no_left,Left,1163,2074,231,369609301,nan,nan,nan
8/25/2026 23:47:59,1.17.3,StopSig,57,3.68,nan,1,Right_no_left,Left,1163,2075,231,369617617,nan,nan,nan
8/25/2026 23:48:18,1.17.3,StopSig,57,3.68,nan,1,Right_no_left,Left,1163,2076,231,369618056,nan,nan,nan
8/25/2026 23:48:25,1.17.3,StopSig,57,3.68,nan,1,Right_no_left,Left,1163,2077,231,369636640,nan,nan,nan
8/25/2026 23:48:28,1.17.3,StopSig,57,3.69,nan,1,>Left_Regular_trial,Left,1164,2077,231,369647198,nan,nan,nan
8/25/2026 23:48:30,1.17.3,StopSig,57,3.69,nan,1,Right_Regular_(correct),Left,1164,2078,231,369648678,nan,nan,nan
8/25/2026 23:48:35,1.17.3,StopSig,57,3.69,3,1,Pellet,Left,1164,2078,232,369648678,0.77,1711,nan
8/25/2026 23:55:45,1.17.3,StopSig,57,3.69,nan,1,Right_no_left,Left,1164,2079,232,369648678,nan,nan,nan
8/25/2026 23:55:46,1.17.3,StopSig,57,3.69,nan,1,Right_no_left,Left,1164,2080,232,370084646,nan,nan,nan
8/25/2026 23:58:31,1.17.3,StopSig,57,3.69,nan,1,Right_no_left,Left,1164,2081,232,370085241,nan,nan,nan
8/26/2026 0:01:41,1.17.3,StopSig,57,3.69,nan,1,Right_no_left,Left,1164,2082,232,370249778,nan,nan,nan
8/26/2026 0:01:43,1.17.3,StopSig,57,3.69,nan,1,Right_no_left,Left,1164,2083,232,370440522,nan,nan,nan
8/26/2026 0:01:45,1.17.3,StopSig,57,3.69,nan,1,Right_no_left,Left,1164,2084,232,370442004,nan,nan,nan
8/26/2026 0:02:02,1.17.3,StopSig,57,3.69,nan,1,Right_no_left,Left,1164,2085,232,370443932,nan,nan,nan
8/26/2026 0:02:05,1.17.3,StopSig,57,3.69,nan,1,>Left_Regular_trial,Left,1165,2085,232,370464171,nan,nan,nan
8/26/2026 0:02:08,1.17.3,StopSig,57,3.69,nan,1,Right_Regular_(correct),Left,1165,2086,232,370466548,nan,nan,nan
8/26/2026 0:02:14,1.17.3,StopSig,57,3.69,3,1,Pellet,Left,1165,2086,233,370466548,1.01,819,nan
8/26/2026 0:02:27,1.17.3,StopSig,57,3.69,nan,1,>Left_Regular_trial,Left,1166,2086,233,370485411,nan,nan,nan
8/26/2026 0:02:29,1.17.3,StopSig,57,3.69,nan,1,Right_Regular_(correct),Left,1166,2087,233,370487641,nan,nan,nan
8/26/2026 0:02:30,1.17.3,StopSig,57,3.69,1,1,Pellet,Left,1166,2087,234,370487641,1.13,16,nan
8/26/2026 0:03:17,1.17.3,StopSig,57,3.69,nan,1,>Left_Regular_trial,Left,1167,2087,234,370536206,nan,nan,nan
8/26/2026 0:03:18,1.17.3,StopSig,57,3.69,nan,1,Right_Regular_(correct),Left,1167,2088,234,370537093,nan,nan,nan
8/26/2026 0:03:20,1.17.3,StopSig,57,3.69,1,1,Pellet,Left,1167,2088,235,370537093,0.65,49,nan
8/26/2026 0:04:00,1.17.3,StopSig,57,3.69,nan,1,>Left_Regular_trial,Left,1168,2088,235,370578591,nan,nan,nan
8/26/2026 0:04:04,1.17.3,StopSig,57,3.69,nan,1,NoPoke_Regular_(incorrect),Left,1168,2088,235,370582763,nan,nan,nan
8/26/2026 0:26:40,1.17.3,StopSig,57,3.69,nan,1,Right_no_left,Left,1168,2089,235,370582763,nan,nan,nan
8/26/2026 0:26:41,1.17.3,StopSig,57,3.69,nan,1,Right_no_left,Left,1168,2090,235,371939389,nan,nan,nan
8/26/2026 0:26:43,1.17.3,StopSig,57,3.69,nan,1,Right_no_left,Left,1168,2091,235,371940575,nan,nan,nan
8/26/2026 0:29:05,1.17.3,StopSig,57,3.69,nan,1,>Left_Regular_trial,Left,1169,2091,235,372083950,nan,nan,nan
8/26/2026 0:29:09,1.17.3,StopSig,57,3.69,nan,1,NoPoke_Regular_(incorrect),Left,1169,2091,235,372087814,nan,nan,nan
8/26/2026 0:35:32,1.17.3,StopSig,57,3.69,nan,1,Right_no_left,Left,1169,2092,235,372087814,nan,nan,nan
8/26/2026 0:36:22,1.17.3,StopSig,57,3.69,nan,1,>Left_Stop_trial,Left,1170,2092,235,372520546,nan,nan,nan
8/26/2026 0:36:25,1.17.3,StopSig,57,3.69,nan,1,NoPoke_STOP_(correct),Left,1170,2092,235,372523835,nan,nan,nan
8/26/2026 0:36:26,1.17.3,StopSig,57,3.68,1,1,Pellet,Left,1170,2092,236,372523835,0.59,1987,nan
8/26/2026 0:36:40,1.17.3,StopSig,57,3.69,nan,1,Right_no_left,Left,1170,2093,236,372523835,nan,nan,nan
8/26/2026 0:36:41,1.17.3,StopSig,57,3.68,nan,1,Right_no_left,Left,1170,2094,236,372539188,nan,nan,nan
8/26/2026 0:49:16,1.17.3,StopSig,57,3.69,nan,1,>Left_Regular_trial,Left,1171,2094,236,373295028,nan,nan,nan
8/26/2026 0:49:20,1.17.3,StopSig,57,3.69,nan,1,NoPoke_Regular_(incorrect),Left,1171,2094,236,373298887,nan,nan,nan
8/26/2026 0:49:59,1.17.3,StopSig,57,3.69,nan,1,Right_no_left,Left,1171,2095,236,373298887,nan,nan,nan
8/26/2026 0:52:42,1.17.3,StopSig,57,3.68,nan,1,Right_no_left,Left,1171,2096,236,373337829,nan,nan,nan
8/26/2026 0:52:43,1.17.3,StopSig,57,3.69,nan,1,Right_no_left,Left,1171,2097,236,373501720,nan,nan,nan
8/26/2026 0:52:45,1.17.3,StopSig,57,3.69,nan,1,>Left_Regular_trial,Left,1172,2097,236,373504094,nan,nan,nan
8/26/2026 0:52:46,1.17.3,StopSig,57,3.68,nan,1,Right_Regular_(correct),Left,1172,2098,236,373505278,nan,nan,nan
8/26/2026 0:52:47,1.17.3,StopSig,57,3.68,1,1,Pellet,Left,1172,2098,237,373505278,0.17,981,nan
8/26/2026 0:53:01,1.17.3,StopSig,57,3.69,nan,1,>Left_Regular_trial,Left,1173,2098,237,373520327,nan,nan,nan
8/26/2026 0:53:04,1.17.3,StopSig,57,3.69,nan,1,Right_Regular_(correct),Left,1173,2099,237,373522702,nan,nan,nan
8/26/2026 0:53:04,1.17.3,StopSig,57,3.68,nan,1,RightDuringDispense,Left,1173,2100,237,373522702,nan,nan,0.15
8/26/2026 0:53:05,1.17.3,StopSig,57,3.69,1,1,Pellet,Left,1173,2100,238,373522702,0.47,18,nan
8/26/2026 0:53:20,1.17.3,StopSig,57,3.69,nan,1,>Left_Regular_trial,Left,1174,2100,238,373538942,nan,nan,nan
8/26/2026 0:53:22,1.17.3,StopSig,57,3.69,nan,1,Right_Regular_(correct),Left,1174,2101,238,373541166,nan,nan,nan
8/26/2026 0:53:25,1.17.3,StopSig,57,3.69,2,1,Pellet,Left,1174,2101,239,373541166,0.17,20,nan
8/26/2026 0:53:37,1.17.3,StopSig,57,3.69,nan,1,>Left_Regular_trial,Left,1175,2101,239,373556208,nan,nan,nan
8/26/2026 0:53:38,1.17.3,StopSig,57,3.69,nan,1,Right_Regular_(correct),Left,1175,2102,239,373557094,nan,nan,nan
8/26/2026 0:53:39,1.17.3,StopSig,57,3.69,1,1,Pellet,Left,1175,2102,240,373557094,0.29,14,nan
8/26/2026 0:53:53,1.17.3,StopSig,57,3.69,nan,1,Right_no_left,Left,1175,2103,240,373557094,nan,nan,nan
8/26/2026 0:53:56,1.17.3,StopSig,57,3.69,nan,1,>Left_Regular_trial,Left,1176,2103,240,373574688,nan,nan,nan
8/26/2026 0:53:59,1.17.3,StopSig,57,3.69,nan,1,Right_Regular_(correct),Left,1176,2104,240,373578251,nan,nan,nan
8/26/2026 0:54:00,1.17.3,StopSig,57,3.69,nan,1,RightDuringDispense,Left,1176,2105,240,373578251,nan,nan,0.21
8/26/2026 0:54:01,1.17.3,StopSig,57,3.69,1,1,Pellet,Left,1176,2105,241,373578251,0.11,22,nan
8/26/2026 0:54:20,1.17.3,StopSig,57,3.69,nan,1,>Left_Regular_trial,Left,1177,2105,241,373598835,nan,nan,nan
8/26/2026 0:54:20,1.17.3,StopSig,57,3.69,nan,1,Right_Regular_(correct),Left,1177,2106,241,373599572,nan,nan,nan
8/26/2026 0:54:21,1.17.3,StopSig,57,3.68,nan,1,RightDuringDispense,Left,1177,2107,241,373599572,nan,nan,0.04
8/26/2026 0:54:22,1.17.3,StopSig,57,3.69,1,1,Pellet,Left,1177,2107,242,373599572,0.23,21,nan
8/26/2026 0:57:01,1.17.3,StopSig,57,3.69,nan,1,Right_no_left,Left,1177,2108,242,373599572,nan,nan,nan
8/26/2026 1:07:22,1.17.3,StopSig,57,3.68,nan,1,>Left_Regular_trial,Left,1178,2108,242,374381358,nan,nan,nan
8/26/2026 1:07:26,1.17.3,StopSig,57,3.69,nan,1,NoPoke_Regular_(incorrect),Left,1178,2108,242,374384918,nan,nan,nan
8/26/2026 1:08:29,1.17.3,StopSig,57,3.68,nan,1,Right_no_left,Left,1178,2109,242,374384918,nan,nan,nan
8/26/2026 1:08:30,1.17.3,StopSig,57,3.69,nan,1,Right_no_left,Left,1178,2110,242,374448693,nan,nan,nan
8/26/2026 1:08:32,1.17.3,StopSig,57,3.69,nan,1,Right_no_left,Left,1178,2111,242,374449578,nan,nan,nan
8/26/2026 1:12:24,1.17.3,StopSig,57,3.69,nan,1,Right_no_left,Left,1178,2112,242,374451366,nan,nan,nan
8/26/2026 1:13:42,1.17.3,StopSig,57,3.69,nan,1,Right_no_left,Left,1178,2113,242,374683286,nan,nan,nan
8/26/2026 1:13:44,1.17.3,StopSig,57,3.69,nan,1,Right_no_left,Left,1178,2114,242,374760883,nan,nan,nan
8/26/2026 1:13:46,1.17.3,StopSig,57,3.68,nan,1,Right_no_left,Left,1178,2115,242,374763257,nan,nan,nan
8/26/2026 1:13:49,1.17.3,StopSig,57,3.69,nan,1,Right_no_left,Left,1178,2116,242,374765476,nan,nan,nan
8/26/2026 1:13:50,1.17.3,StopSig,57,3.69,nan,1,Right_no_left,Left,1178,2117,242,374768735,nan,nan,nan
8/26/2026 1:16:12,1.17.3,StopSig,57,3.68,nan,1,Right_no_left,Left,1178,2118,242,374769471,nan,nan,nan
8/26/2026 1:16:15,1.17.3,StopSig,57,3.69,nan,1,Right_no_left,Left,1178,2119,242,374911537,nan,nan,nan
8/26/2026 1:16:17,1.17.3,StopSig,57,3.68,nan,1,Right_no_left,Left,1178,2120,242,374913913,nan,nan,nan
8/26/2026 1:16:18,1.17.3,StopSig,57,3.69,nan,1,Right_no_left,Left,1178,2121,242,374915985,nan,nan,nan
8/26/2026 1:16:21,1.17.3,StopSig,57,3.69,nan,1,Right_no_left,Left,1178,2122,242,374917464,nan,nan,nan
8/26/2026 1:19:45,1.17.3,StopSig,57,3.69,nan,1,Right_no_left,Left,1178,2123,242,374920129,nan,nan,nan
8/26/2026 1:19:46,1.17.3,StopSig,57,3.68,nan,1,>Left_Regular_trial,Left,1179,2123,242,375124908,nan,nan,nan
8/26/2026 1:19:48,1.17.3,StopSig,57,3.68,nan,1,Right_Regular_(correct),Left,1179,2124,242,375126839,nan,nan,nan
8/26/2026 1:20:08,1.17.3,StopSig,57,3.68,nan,1,RightWithPellet,Left,1179,2125,242,375126839,nan,nan,0.10
8/26/2026 1:20:09,1.17.3,StopSig,57,3.69,nan,1,LeftWithPellet,Left,1180,2125,242,375126839,nan,nan,0.04
8/26/2026 1:20:17,1.17.3,StopSig,57,3.67,nan,1,RightWithPellet,Left,1180,2126,242,375126839,nan,nan,0.15
8/26/2026 1:20:20,1.17.3,StopSig,57,3.68,nan,1,RightWithPellet,Left,1180,2127,242,375126839,nan,nan,0.07
8/26/2026 1:20:21,1.17.3,StopSig,57,3.69,nan,1,RightWithPellet,Left,1180,2128,242,375126839,nan,nan,0.12
8/26/2026 1:30:13,1.17.3,StopSig,57,3.69,nan,1,RightWithPellet,Left,1180,2129,242,375126839,nan,nan,0.13
8/26/2026 1:30:26,1.17.3,StopSig,57,3.68,nan,1,RightWithPellet,Left,1180,2130,242,375126839,nan,nan,0.54
8/26/2026 1:30:31,1.17.3,StopSig,57,3.69,nan,1,RightWithPellet,Left,1180,2131,242,375126839,nan,nan,0.19
8/26/2026 1:30:33,1.17.3,StopSig,57,3.68,nan,1,LeftWithPellet,Left,1181,2131,242,375126839,nan,nan,0.13
8/26/2026 1:30:36,1.17.3,StopSig,57,3.68,nan,1,RightWithPellet,Left,1181,2132,242,375126839,nan,nan,0.53
8/26/2026 1:30:38,1.17.3,StopSig,57,3.69,nan,1,LeftWithPellet,Left,1182,2132,242,375126839,nan,nan,0.13
8/26/2026 1:30:39,1.17.3,StopSig,57,3.69,nan,1,LeftWithPellet,Left,1183,2132,242,375126839,nan,nan,0.04
8/26/2026 1:30:40,1.17.3,StopSig,57,3.69,nan,1,RightWithPellet,Left,1183,2133,242,375126839,nan,nan,0.26
8/26/2026 1:30:51,1.17.3,StopSig,57,3.68,nan,1,RightWithPellet,Left,1183,2134,242,375126839,nan,nan,0.14
8/26/2026 1:32:09,1.17.3,StopSig,57,3.68,nan,1,RightWithPellet,Left,1183,2135,242,375126839,nan,nan,0.22
8/26/2026 1:32:12,1.17.3,StopSig,57,3.69,nan,1,RightWithPellet,Left,1183,2136,242,375126839,nan,nan,0.33
8/26/2026 1:50:25,1.17.3,StopSig,57,3.68,nan,1,LeftWithPellet,Left,1184,2136,242,375126839,nan,nan,0.10
8/26/2026 1:50:30,1.17.3,StopSig,57,3.69,nan,1,LeftWithPellet,Left,1185,2136,242,375126839,nan,nan,0.05
8/26/2026 1:50:37,1.17.3,StopSig,57,3.69,nan,1,RightWithPellet,Left,1185,2137,242,375126839,nan,nan,0.04
8/26/2026 1:52:50,1.17.3,StopSig,57,3.68,nan,1,LeftWithPellet,Left,1186,2137,242,375126839,nan,nan,0.04
8/26/2026 1:52:52,1.17.3,StopSig,57,3.68,nan,1,RightWithPellet,Left,1186,2138,242,375126839,nan,nan,0.29
8/26/2026 1:53:03,1.17.3,StopSig,57,3.68,nan,1,LeftWithPellet,Left,1187,2138,242,375126839,nan,nan,0.26
8/26/2026 1:53:06,1.17.3,StopSig,57,3.69,nan,1,RightWithPellet,Left,1187,2139,242,375126839,nan,nan,0.15
8/26/2026 1:53:09,1.17.3,StopSig,57,3.68,nan,1,RightWithPellet,Left,1187,2140,242,375126839,nan,nan,0.07
8/26/2026 1:58:26,1.17.3,StopSig,57,3.68,nan,1,LeftWithPellet,Left,1188,2140,242,375126839,nan,nan,0.02
8/26/2026 1:58:28,1.17.3,StopSig,57,3.69,nan,1,RightWithPellet,Left,1188,2141,242,375126839,nan,nan,0.07
8/26/2026 1:58:29,1.17.3,StopSig,57,3.68,nan,1,RightWithPellet,Left,1188,2142,242,375126839,nan,nan,0.01
8/26/2026 2:08:54,1.17.3,StopSig,57,3.68,nan,1,RightWithPellet,Left,1188,2143,242,375126839,nan,nan,0.21
8/26/2026 2:09:07,1.17.3,StopSig,57,3.68,nan,1,RightWithPellet,Left,1188,2144,242,375126839,nan,nan,0.58
8/26/2026 2:09:15,1.17.3,StopSig,57,3.68,1,1,Pellet,Left,1188,2144,243,375126839,Timed_out,4493,nan
8/26/2026 2:09:19,1.17.3,StopSig,57,3.68,nan,1,>Left_Regular_trial,Left,1189,2144,243,378098094,nan,nan,nan
8/26/2026 2:09:23,1.17.3,StopSig,57,3.68,nan,1,NoPoke_Regular_(incorrect),Left,1189,2144,243,378102103,nan,nan,nan
8/26/2026 2:10:55,1.17.3,StopSig,57,3.68,nan,1,>Left_Stop_trial,Left,1190,2144,243,378193794,nan,nan,nan
8/26/2026 2:10:58,1.17.3,StopSig,57,3.68,nan,1,NoPoke_STOP_(correct),Left,1190,2144,243,378197084,nan,nan,nan
8/26/2026 2:11:00,1.17.3,StopSig,57,3.68,1,1,Pellet,Left,1190,2144,244,378197084,1.01,105,nan
8/26/2026 2:11:24,1.17.3,StopSig,57,3.67,nan,1,Right_no_left,Left,1190,2145,244,378197084,nan,nan,nan
8/26/2026 2:11:28,1.17.3,StopSig,57,3.68,nan,1,Right_no_left,Left,1190,2146,244,378223311,nan,nan,nan
8/26/2026 2:11:32,1.17.3,StopSig,57,3.68,nan,1,Right_no_left,Left,1190,2147,244,378227164,nan,nan,nan
8/26/2026 2:11:33,1.17.3,StopSig,57,3.68,nan,1,Right_no_left,Left,1190,2148,244,378231173,nan,nan,nan
8/26/2026 2:13:11,1.17.3,StopSig,57,3.68,nan,1,Right_no_left,Left,1190,2149,244,378232058,nan,nan,nan
8/26/2026 2:13:20,1.17.3,StopSig,57,3.68,nan,1,Right_no_left,Left,1190,2150,244,378330251,nan,nan,nan
8/26/2026 2:13:22,1.17.3,StopSig,57,3.68,nan,1,Right_no_left,Left,1190,2151,244,378339009,nan,nan,nan
8/26/2026 2:13:23,1.17.3,StopSig,57,3.68,nan,1,Right_no_left,Left,1190,2152,244,378341381,nan,nan,nan
8/26/2026 2:13:24,1.17.3,StopSig,57,3.68,nan,1,Right_no_left,Left,1190,2153,244,378342717,nan,nan,nan
8/26/2026 2:13:27,1.17.3,StopSig,57,3.68,nan,1,Right_no_left,Left,1190,2154,244,378343603,nan,nan,nan
8/26/2026 2:13:29,1.17.3,StopSig,57,3.68,nan,1,Right_no_left,Left,1190,2155,244,378346271,nan,nan,nan
8/26/2026 2:29:00,1.17.3,StopSig,57,3.68,nan,1,>Left_Regular_trial,Left,1191,2155,244,379278792,nan,nan,nan
8/26/2026 2:29:00,1.17.3,StopSig,57,3.68,nan,1,Right_Regular_(correct),Left,1191,2156,244,379279833,nan,nan,nan
8/26/2026 2:29:31,1.17.3,StopSig,57,3.68,nan,1,RightWithPellet,Left,1191,2157,244,379279833,nan,nan,0.08
8/26/2026 2:29:31,1.17.3,StopSig,57,3.67,nan,1,RightWithPellet,Left,1191,2158,244,379279833,nan,nan,0.13
8/26/2026 2:29:34,1.17.3,StopSig,57,3.68,nan,1,LeftWithPellet,Left,1192,2158,244,379279833,nan,nan,0.03
8/26/2026 2:29:35,1.17.3,StopSig,57,3.68,nan,1,RightWithPellet,Left,1192,2159,244,379279833,nan,nan,0.33
8/26/2026 2:29:41,1.17.3,StopSig,57,3.67,nan,1,RightWithPellet,Left,1192,2160,244,379279833,nan,nan,0.60
8/26/2026 2:29:43,1.17.3,StopSig,57,3.68,nan,1,LeftWithPellet,Left,1193,2160,244,379279833,nan,nan,0.24
8/26/2026 2:29:44,1.17.3,StopSig,57,3.68,nan,1,RightWithPellet,Left,1193,2161,244,379279833,nan,nan,0.23
8/26/2026 3:00:35,1.17.3,StopSig,57,3.68,nan,1,RightWithPellet,Left,1193,2162,244,379279833,nan,nan,0.10
8/26/2026 3:01:00,1.17.3,StopSig,57,3.68,nan,1,RightWithPellet,Left,1193,2163,244,379279833,nan,nan,0.01
8/26/2026 3:01:03,1.17.3,StopSig,57,3.68,nan,1,LeftWithPellet,Left,1194,2163,244,379279833,nan,nan,0.53
8/26/2026 3:01:04,1.17.3,StopSig,57,3.67,nan,1,LeftWithPellet,Left,1195,2163,244,379279833,nan,nan,0.14
8/26/2026 3:01:04,1.17.3,StopSig,57,3.68,nan,1,LeftWithPellet,Left,1196,2163,244,379279833,nan,nan,0.02
8/26/2026 3:01:06,1.17.3,StopSig,57,3.68,nan,1,LeftWithPellet,Left,1197,2163,244,379279833,nan,nan,1.34
8/26/2026 3:01:20,1.17.3,StopSig,57,3.67,nan,1,LeftWithPellet,Left,1198,2163,244,379279833,nan,nan,0.14
8/26/2026 3:01:22,1.17.3,StopSig,57,3.67,nan,1,RightWithPellet,Left,1198,2164,244,379279833,nan,nan,0.39
8/26/2026 3:01:23,1.17.3,StopSig,57,3.67,nan,1,RightWithPellet,Left,1198,2165,244,379279833,nan,nan,0.19
8/26/2026 3:01:25,1.17.3,StopSig,57,3.68,nan,1,LeftWithPellet,Left,1199,2165,244,379279833,nan,nan,0.35
8/26/2026 3:01:26,1.17.3,StopSig,57,3.68,nan,1,RightWithPellet,Left,1199,2166,244,379279833,nan,nan,0.06
8/26/2026 3:01:28,1.17.3,StopSig,57,3.68,nan,1,RightWithPellet,Left,1199,2167,244,379279833,nan,nan,0.36
8/26/2026 3:01:29,1.17.3,StopSig,57,3.68,nan,1,LeftWithPellet,Left,1200,2167,244,379279833,nan,nan,0.42
8/26/2026 3:01:30,1.17.3,StopSig,57,3.67,nan,1,RightWithPellet,Left,1200,2168,244,379279833,nan,nan,0.24
8/26/2026 3:01:34,1.17.3,StopSig,57,3.68,nan,1,LeftWithPellet,Left,1201,2168,244,379279833,nan,nan,2.13
8/26/2026 3:01:35,1.17.3,StopSig,57,3.68,nan,1,LeftWithPellet,Left,1202,2168,244,379279833,nan,nan,0.45
8/26/2026 3:01:35,1.17.3,StopSig,57,3.68,nan,1,LeftWithPellet,Left,1203,2168,244,379279833,nan,nan,0.01
8/26/2026 3:08:38,1.17.3,StopSig,57,3.66,nan,1,LeftWithPellet,Left,1204,2168,244,379279833,nan,nan,0.25
8/26/2026 3:08:41,1.17.3,StopSig,57,3.66,nan,1,RightWithPellet,Left,1204,2169,244,379279833,nan,nan,0.28
8/26/2026 3:08:43,1.17.3,StopSig,57,3.67,nan,1,LeftWithPellet,Left,1205,2169,244,379279833,nan,nan,0.39
8/26/2026 3:32:57,1.17.3,StopSig,57,3.68,nan,1,LeftWithPellet,Left,1206,2169,244,379279833,nan,nan,0.53
8/26/2026 3:32:58,1.17.3,StopSig,57,3.67,nan,1,LeftWithPellet,Left,1207,2169,244,379279833,nan,nan,0.36
8/26/2026 3:32:59,1.17.3,StopSig,57,3.67,nan,1,RightWithPellet,Left,1207,2170,244,379279833,nan,nan,0.36
8/26/2026 3:33:47,1.17.3,StopSig,57,3.67,nan,1,RightWithPellet,Left,1207,2171,244,379279833,nan,nan,0.09
8/26/2026 3:33:52,1.17.3,StopSig,57,3.67,nan,1,LeftWithPellet,Left,1208,2171,244,379279833,nan,nan,0.06
8/26/2026 3:33:53,1.17.3,StopSig,57,3.68,nan,1,LeftWithPellet,Left,1209,2171,244,379279833,nan,nan,0.43
8/26/2026 3:33:54,1.17.3,StopSig,57,3.67,nan,1,RightWithPellet,Left,1209,2172,244,379279833,nan,nan,0.00
8/26/2026 3:33:58,1.17.3,StopSig,57,3.68,nan,1,LeftWithPellet,Left,1210,2172,244,379279833,nan,nan,0.02
8/26/2026 3:34:00,1.17.3,StopSig,57,3.68,nan,1,RightWithPellet,Left,1210,2173,244,379279833,nan,nan,0.24
8/26/2026 3:34:05,1.17.3,StopSig,57,3.67,nan,1,LeftWithPellet,Left,1211,2173,244,379279833,nan,nan,0.80
8/26/2026 4:09:24,1.17.3,StopSig,57,3.67,nan,1,RightWithPellet,Left,1211,2174,244,379279833,nan,nan,0.67
8/26/2026 4:09:26,1.17.3,StopSig,57,3.67,nan,1,LeftWithPellet,Left,1212,2174,244,379279833,nan,nan,0.81
8/26/2026 4:10:33,1.17.3,StopSig,57,3.67,nan,1,RightWithPellet,Left,1212,2175,244,379279833,nan,nan,0.23
8/26/2026 4:11:00,1.17.3,StopSig,57,3.67,nan,1,LeftWithPellet,Left,1213,2175,244,379279833,nan,nan,0.77
8/26/2026 4:11:06,1.17.3,StopSig,57,3.67,1,1,Pellet,Left,1213,2175,245,379279833,Timed_out,7206,nan
8/26/2026 4:11:09,1.17.3,StopSig,57,3.67,nan,1,Right_no_left,Left,1213,2176,245,379279833,nan,nan,nan
8/26/2026 4:11:12,1.17.3,StopSig,57,3.67,nan,1,Right_no_left,Left,1213,2177,245,385408238,nan,nan,nan
8/26/2026 4:11:14,1.17.3,StopSig,57,3.67,nan,1,Right_no_left,Left,1213,2178,245,385412091,nan,nan,nan
8/26/2026 4:11:15,1.17.3,StopSig,57,3.67,nan,1,Right_no_left,Left,1213,2179,245,385413421,nan,nan,nan
8/26/2026 4:11:17,1.17.3,StopSig,57,3.67,nan,1,Right_no_left,Left,1213,2180,245,385414454,nan,nan,nan
8/26/2026 4:11:18,1.17.3,StopSig,57,3.67,nan,1,Right_no_left,Left,1213,2181,245,385416674,nan,nan,nan
8/26/2026 4:11:20,1.17.3,StopSig,57,3.67,nan,1,Right_no_left,Left,1213,2182,245,385418171,nan,nan,nan
8/26/2026 4:11:22,1.17.3,StopSig,57,3.67,nan,1,>Left_Regular_trial,Left,1214,2182,245,385421135,nan,nan,nan
8/26/2026 4:11:26,1.17.3,StopSig,57,3.67,nan,1,NoPoke_Regular_(incorrect),Left,1214,2182,245,385425286,nan,nan,nan
8/26/2026 4:12:10,1.17.3,StopSig,57,3.67,nan,1,>Left_Regular_trial,Left,1215,2182,245,385469867,nan,nan,nan
8/26/2026 4:12:12,1.17.3,StopSig,57,3.68,nan,1,Right_Regular_(correct),Left,1215,2183,245,385471496,nan,nan,nan
8/26/2026 4:12:16,1.17.3,StopSig,57,3.67,2,1,Pellet,Left,1215,2183,246,385471496,1.07,70,nan
8/26/2026 4:12:36,1.17.3,StopSig,57,3.67,nan,1,>Left_Stop_trial,Left,1216,2183,246,385495115,nan,nan,nan
8/26/2026 4:12:40,1.17.3,StopSig,57,3.67,nan,1,NoPoke_STOP_(correct),Left,1216,2183,246,385499293,nan,nan,nan
8/26/2026 4:12:58,1.17.3,StopSig,57,3.68,nan,1,RightWithPellet,Left,1216,2184,246,385499293,nan,nan,0.11
8/26/2026 4:13:00,1.17.3,StopSig,57,3.67,nan,1,LeftWithPellet,Left,1217,2184,246,385499293,nan,nan,0.33
8/26/2026 4:13:03,1.17.3,StopSig,57,3.67,nan,1,LeftWithPellet,Left,1218,2184,246,385499293,nan,nan,0.38
8/26/2026 4:13:04,1.17.3,StopSig,57,3.67,nan,1,LeftWithPellet,Left,1219,2184,246,385499293,nan,nan,0.26
8/26/2026 4:13:05,1.17.3,StopSig,57,3.68,nan,1,RightWithPellet,Left,1219,2185,246,385499293,nan,nan,0.05
8/26/2026 4:13:09,1.17.3,StopSig,57,3.67,nan,1,LeftWithPellet,Left,1220,2185,246,385499293,nan,nan,0.60
8/26/2026 4:13:11,1.17.3,StopSig,57,3.67,nan,1,RightWithPellet,Left,1220,2186,246,385499293,nan,nan,0.04
8/26/2026 4:13:14,1.17.3,StopSig,57,3.67,nan,1,LeftWithPellet,Left,1221,2186,246,385499293,nan,nan,0.42
8/26/2026 4:13:14,1.17.3,StopSig,57,3.67,nan,1,LeftWithPellet,Left,1222,2186,246,385499293,nan,nan,0.21
8/26/2026 4:13:15,1.17.3,StopSig,57,3.67,nan,1,RightWithPellet,Left,1222,2187,246,385499293,nan,nan,0.14
8/26/2026 4:13:18,1.17.3,StopSig,57,3.67,nan,1,LeftWithPellet,Left,1223,2187,246,385499293,nan,nan,0.28
8/26/2026 4:13:18,1.17.3,StopSig,57,3.67,1,1,Pellet,Left,1223,2187,247,385499293,37.16,62,nan
8/26/2026 4:13:20,1.17.3,StopSig,57,3.67,nan,1,>Left_Regular_trial,Left,1224,2187,247,385539240,nan,nan,nan
8/26/2026 4:13:21,1.17.3,StopSig,57,3.67,nan,1,Right_Regular_(correct),Left,1224,2188,247,385540720,nan,nan,nan
8/26/2026 4:13:22,1.17.3,StopSig,57,3.68,nan,1,RightDuringDispense,Left,1224,2189,247,385540720,nan,nan,0.10
8/26/2026 4:13:35,1.17.3,StopSig,57,3.67,2,1,Pellet,Left,1224,2189,248,385540720,10.37,17,nan
8/26/2026 4:13:53,1.17.3,StopSig,57,3.67,nan,1,>Left_Regular_trial,Left,1225,2189,248,385572859,nan,nan,nan
8/26/2026 4:13:54,1.17.3,StopSig,57,3.67,nan,1,Right_Regular_(correct),Left,1225,2190,248,385574043,nan,nan,nan
8/26/2026 4:13:55,1.17.3,StopSig,57,3.67,nan,1,RightDuringDispense,Left,1225,2191,248,385574043,nan,nan,0.13
8/26/2026 4:14:17,1.17.3,StopSig,57,3.67,nan,1,LeftWithPellet,Left,1226,2191,248,385574043,nan,nan,0.20
8/26/2026 4:14:22,1.17.3,StopSig,57,3.68,nan,1,LeftWithPellet,Left,1227,2191,248,385574043,nan,nan,0.51
8/26/2026 4:14:24,1.17.3,StopSig,57,3.67,nan,1,RightWithPellet,Left,1227,2192,248,385574043,nan,nan,0.08
8/26/2026 4:14:27,1.17.3,StopSig,57,3.67,nan,1,LeftWithPellet,Left,1228,2192,248,385574043,nan,nan,0.77
8/26/2026 4:14:27,1.17.3,StopSig,57,3.68,nan,1,LeftWithPellet,Left,1229,2192,248,385574043,nan,nan,0.02
8/26/2026 4:14:29,1.17.3,StopSig,57,3.67,nan,1,RightWithPellet,Left,1229,2193,248,385574043,nan,nan,0.16
8/26/2026 4:14:33,1.17.3,StopSig,57,3.67,nan,1,LeftWithPellet,Left,1230,2193,248,385574043,nan,nan,0.21
8/26/2026 4:14:34,1.17.3,StopSig,57,3.67,nan,1,RightWithPellet,Left,1230,2194,248,385574043,nan,nan,0.38
8/26/2026 4:14:36,1.17.3,StopSig,57,3.67,nan,1,LeftWithPellet,Left,1231,2194,248,385574043,nan,nan,0.46
8/26/2026 4:14:38,1.17.3,StopSig,57,3.67,nan,1,LeftWithPellet,Left,1232,2194,248,385574043,nan,nan,1.14
8/26/2026 4:14:39,1.17.3,StopSig,57,3.67,nan,1,LeftWithPellet,Left,1233,2194,248,385574043,nan,nan,0.36
8/26/2026 4:14:41,1.17.3,StopSig,57,3.67,nan,1,RightWithPellet,Left,1233,2195,248,385574043,nan,nan,1.44
8/26/2026 4:14:42,1.17.3,StopSig,57,3.67,nan,1,RightWithPellet,Left,1233,2196,248,385574043,nan,nan,0.35
8/26/2026 4:14:44,1.17.3,StopSig,57,3.67,nan,1,RightWithPellet,Left,1233,2197,248,385574043,nan,nan,0.56
8/26/2026 4:15:11,1.17.3,StopSig,57,3.67,1,1,Pellet,Left,1233,2197,249,385574043,Timed_out,96,nan
8/26/2026 4:20:51,1.17.3,StopSig,57,3.67,nan,1,>Left_Regular_trial,Left,1234,2197,249,385990499,nan,nan,nan
8/26/2026 4:20:52,1.17.3,StopSig,57,3.67,nan,1,Right_Regular_(correct),Left,1234,2198,249,385991683,nan,nan,nan
8/26/2026 4:21:09,1.17.3,StopSig,57,3.67,nan,1,RightWithPellet,Left,1234,2199,249,385991683,nan,nan,0.20
8/26/2026 4:21:11,1.17.3,StopSig,57,3.67,nan,1,LeftWithPellet,Left,1235,2199,249,385991683,nan,nan,0.30
8/26/2026 4:21:12,1.17.3,StopSig,57,3.67,nan,1,RightWithPellet,Left,1235,2200,249,385991683,nan,nan,0.03
8/26/2026 4:21:14,1.17.3,StopSig,57,3.67,nan,1,LeftWithPellet,Left,1236,2200,249,385991683,nan,nan,0.26
8/26/2026 4:23:36,1.17.3,StopSig,57,3.67,nan,1,RightWithPellet,Left,1236,2201,249,385991683,nan,nan,0.13
8/26/2026 4:23:38,1.17.3,StopSig,57,3.67,nan,1,RightWithPellet,Left,1236,2202,249,385991683,nan,nan,0.05
8/26/2026 4:24:39,1.17.3,StopSig,57,3.68,nan,1,LeftWithPellet,Left,1237,2202,249,385991683,nan,nan,0.07
8/26/2026 4:25:04,1.17.3,StopSig,57,3.67,nan,1,RightWithPellet,Left,1237,2203,249,385991683,nan,nan,0.05
8/26/2026 4:25:49,1.17.3,StopSig,57,3.67,nan,1,LeftWithPellet,Left,1238,2203,249,385991683,nan,nan,0.02
8/26/2026 4:27:06,1.17.3,StopSig,57,3.67,nan,1,LeftWithPellet,Left,1239,2203,249,385991683,nan,nan,0.01
8/26/2026 4:27:07,1.17.3,StopSig,57,3.67,nan,1,RightWithPellet,Left,1239,2204,249,385991683,nan,nan,0.04
8/26/2026 4:27:08,1.17.3,StopSig,57,3.67,nan,1,RightWithPellet,Left,1239,2205,249,385991683,nan,nan,0.17
8/26/2026 4:27:10,1.17.3,StopSig,57,3.67,nan,1,RightWithPellet,Left,1239,2206,249,385991683,nan,nan,0.07
8/26/2026 4:27:11,1.17.3,StopSig,57,3.67,nan,1,LeftWithPellet,Left,1240,2206,249,385991683,nan,nan,0.20
8/26/2026 4:27:12,1.17.3,StopSig,57,3.67,nan,1,RightWithPellet,Left,1240,2207,249,385991683,nan,nan,0.16
8/26/2026 4:27:13,1.17.3,StopSig,57,3.67,nan,1,RightWithPellet,Left,1240,2208,249,385991683,nan,nan,0.12
8/26/2026 4:27:17,1.17.3,StopSig,57,3.67,nan,1,RightWithPellet,Left,1240,2209,249,385991683,nan,nan,0.05
8/26/2026 4:30:45,1.17.3,StopSig,57,3.67,1,1,Pellet,Left,1240,2209,250,385991683,Timed_out,934,nan
8/26/2026 4:31:44,1.17.3,StopSig,57,3.67,nan,1,Right_no_left,Left,1240,2210,250,385991683,nan,nan,nan
8/26/2026 4:31:46,1.17.3,StopSig,57,3.67,nan,1,Right_no_left,Left,1240,2211,250,386643982,nan,nan,nan
8/26/2026 4:31:47,1.17.3,StopSig,57,3.67,nan,1,Right_no_left,Left,1240,2212,250,386645462,nan,nan,nan
8/26/2026 4:31:48,1.17.3,StopSig,57,3.67,nan,1,Right_no_left,Left,1240,2213,250,386647239,nan,nan,nan
8/26/2026 4:31:51,1.17.3,StopSig,57,3.67,nan,1,Right_no_left,Left,1240,2214,250,386647828,nan,nan,nan
8/26/2026 4:31:52,1.17.3,StopSig,57,3.67,nan,1,>Left_Regular_trial,Left,1241,2214,250,386651837,nan,nan,nan
8/26/2026 4:31:54,1.17.3,StopSig,57,3.67,nan,1,Right_Regular_(correct),Left,1241,2215,250,386653471,nan,nan,nan
8/26/2026 4:32:10,1.17.3,StopSig,57,3.67,nan,1,RightWithPellet,Left,1241,2216,250,386653471,nan,nan,0.15
8/26/2026 4:32:11,1.17.3,StopSig,57,3.67,nan,1,RightWithPellet,Left,1241,2217,250,386653471,nan,nan,0.08
8/26/2026 4:32:13,1.17.3,StopSig,57,3.67,nan,1,LeftWithPellet,Left,1242,2217,250,386653471,nan,nan,0.35
8/26/2026 4:32:14,1.17.3,StopSig,57,3.67,nan,1,RightWithPellet,Left,1242,2218,250,386653471,nan,nan,0.12
8/26/2026 4:32:16,1.17.3,StopSig,57,3.67,nan,1,LeftWithPellet,Left,1243,2218,250,386653471,nan,nan,0.11
8/26/2026 4:33:15,1.17.3,StopSig,57,3.67,nan,1,RightWithPellet,Left,1243,2219,250,386653471,nan,nan,0.59
8/26/2026 4:35:35,1.17.3,StopSig,57,3.67,nan,1,LeftWithPellet,Left,1244,2219,250,386653471,nan,nan,0.18
8/26/2026 4:35:37,1.17.3,StopSig,57,3.67,nan,1,LeftWithPellet,Left,1245,2219,250,386653471,nan,nan,0.08
8/26/2026 4:35:41,1.17.3,StopSig,57,3.67,nan,1,RightWithPellet,Left,1245,2220,250,386653471,nan,nan,0.10
8/26/2026 4:35:43,1.17.3,StopSig,57,3.67,nan,1,LeftWithPellet,Left,1246,2220,250,386653471,nan,nan,0.04
8/26/2026 4:35:44,1.17.3,StopSig,57,3.67,1,1,Pellet,Left,1246,2220,251,386653471,Timed_out,299,nan
8/26/2026 4:35:45,1.17.3,StopSig,57,3.67,nan,1,Right_no_left,Left,1246,2221,251,386653471,nan,nan,nan
8/26/2026 4:35:47,1.17.3,StopSig,57,3.67,nan,1,Right_no_left,Left,1246,2222,251,386884959,nan,nan,nan
8/26/2026 4:35:49,1.17.3,StopSig,57,3.67,nan,1,>Left_Regular_trial,Left,1247,2222,251,386888381,nan,nan,nan
8/26/2026 4:35:51,1.17.3,StopSig,57,3.67,nan,1,Right_Regular_(correct),Left,1247,2223,251,386890309,nan,nan,nan
8/26/2026 4:36:11,1.17.3,StopSig,57,3.67,nan,1,RightWithPellet,Left,1247,2224,251,386890309,nan,nan,0.26
8/26/2026 4:36:12,1.17.3,StopSig,57,3.67,nan,1,RightWithPellet,Left,1247,2225,251,386890309,nan,nan,0.06
8/26/2026 4:36:13,1.17.3,StopSig,57,3.68,nan,1,LeftWithPellet,Left,1248,2225,251,386890309,nan,nan,0.10
8/26/2026 4:36:14,1.17.3,StopSig,57,3.67,nan,1,LeftWithPellet,Left,1249,2225,251,386890309,nan,nan,0.11
8/26/2026 4:36:15,1.17.3,StopSig,57,3.67,nan,1,LeftWithPellet,Left,1250,2225,251,386890309,nan,nan,0.19
8/26/2026 4:36:16,1.17.3,StopSig,57,3.67,nan,1,RightWithPellet,Left,1250,2226,251,386890309,nan,nan,0.12
8/26/2026 4:36:16,1.17.3,StopSig,57,3.67,nan,1,RightWithPellet,Left,1250,2227,251,386890309,nan,nan,0.17
8/26/2026 4:36:18,1.17.3,StopSig,57,3.67,nan,1,LeftWithPellet,Left,1251,2227,251,386890309,nan,nan,0.46
8/26/2026 4:36:20,1.17.3,StopSig,57,3.67,nan,1,RightWithPellet,Left,1251,2228,251,386890309,nan,nan,0.08
8/26/2026 4:36:22,1.17.3,StopSig,57,3.67,nan,1,RightWithPellet,Left,1251,2229,251,386890309,nan,nan,0.32
8/26/2026 4:36:25,1.17.3,StopSig,57,3.67,nan,1,RightWithPellet,Left,1251,2230,251,386890309,nan,nan,0.17
8/26/2026 4:36:27,1.17.3,StopSig,57,3.67,nan,1,LeftWithPellet,Left,1252,2230,251,386890309,nan,nan,0.32
8/26/2026 4:36:29,1.17.3,StopSig,57,3.67,1,1,Pellet,Left,1252,2230,252,386890309,37.14,45,nan
8/26/2026 4:36:29,1.17.3,StopSig,57,3.67,nan,1,Right_no_left,Left,1252,2231,252,386890309,nan,nan,nan
8/26/2026 4:36:30,1.17.3,StopSig,57,3.67,nan,1,Right_no_left,Left,1252,2232,252,386929048,nan,nan,nan
8/26/2026 4:36:32,1.17.3,StopSig,57,3.67,nan,1,Right_no_left,Left,1252,2233,252,386929935,nan,nan,nan
8/26/2026 4:36:33,1.17.3,StopSig,57,3.67,nan,1,Right_no_left,Left,1252,2234,252,386932163,nan,nan,nan
8/26/2026 4:36:35,1.17.3,StopSig,57,3.67,nan,1,Right_no_left,Left,1252,2235,252,386932604,nan,nan,nan
8/26/2026 4:36:37,1.17.3,StopSig,57,3.67,nan,1,>Left_Regular_trial,Left,1253,2235,252,386936180,nan,nan,nan
8/26/2026 4:36:39,1.17.3,StopSig,57,3.67,nan,1,Right_Regular_(correct),Left,1253,2236,252,386938110,nan,nan,nan
8/26/2026 4:41:49,1.17.3,StopSig,57,3.67,2,1,Pellet,Left,1253,2236,253,386938110,Timed_out,320,nan
8/26/2026 4:43:06,1.17.3,StopSig,57,3.67,nan,1,>Left_Regular_trial,Left,1254,2236,253,387325561,nan,nan,nan
8/26/2026 4:43:08,1.17.3,StopSig,57,3.67,nan,1,Right_Regular_(correct),Left,1254,2237,253,387327193,nan,nan,nan
8/26/2026 4:43:08,1.17.3,StopSig,57,3.67,nan,1,RightDuringDispense,Left,1254,2238,253,387327193,nan,nan,0.10
8/26/2026 4:43:29,1.17.3,StopSig,57,3.67,nan,1,RightWithPellet,Left,1254,2239,253,387327193,nan,nan,0.88
8/26/2026 4:43:34,1.17.3,StopSig,57,3.67,nan,1,RightWithPellet,Left,1254,2240,253,387327193,nan,nan,0.04
8/26/2026 4:43:35,1.17.3,StopSig,57,3.68,nan,1,RightWithPellet,Left,1254,2241,253,387327193,nan,nan,0.34
8/26/2026 4:43:38,1.17.3,StopSig,57,3.67,nan,1,RightWithPellet,Left,1254,2242,253,387327193,nan,nan,0.15
8/26/2026 4:43:39,1.17.3,StopSig,57,3.67,nan,1,RightWithPellet,Left,1254,2243,253,387327193,nan,nan,0.20
8/26/2026 4:43:40,1.17.3,StopSig,57,3.67,nan,1,LeftWithPellet,Left,1255,2243,253,387327193,nan,nan,0.09
8/26/2026 4:43:42,1.17.3,StopSig,57,3.67,nan,1,RightWithPellet,Left,1255,2244,253,387327193,nan,nan,0.27
8/26/2026 4:43:44,1.17.3,StopSig,57,3.68,nan,1,LeftWithPellet,Left,1256,2244,253,387327193,nan,nan,0.11
8/26/2026 4:43:48,1.17.3,StopSig,57,3.67,nan,1,RightWithPellet,Left,1256,2245,253,387327193,nan,nan,0.32
8/26/2026 4:43:49,1.17.3,StopSig,57,3.67,nan,1,RightWithPellet,Left,1256,2246,253,387327193,nan,nan,0.14
8/26/2026 4:44:46,1.17.3,StopSig,57,3.67,2,1,Pellet,Left,1256,2246,254,387327193,Timed_out,177,nan
8/26/2026 4:46:08,1.17.3,StopSig,57,3.67,nan,1,Right_no_left,Left,1256,2247,254,387327193,nan,nan,nan
8/26/2026 4:46:20,1.17.3,StopSig,57,3.67,nan,1,Right_no_left,Left,1256,2248,254,387507917,nan,nan,nan
8/26/2026 4:46:21,1.17.3,StopSig,57,3.67,nan,1,Right_no_left,Left,1256,2249,254,387519826,nan,nan,nan
8/26/2026 4:46:22,1.17.3,StopSig,57,3.67,nan,1,Right_no_left,Left,1256,2250,254,387520564,nan,nan,nan
8/26/2026 4:46:24,1.17.3,StopSig,57,3.67,nan,1,Right_no_left,Left,1256,2251,254,387521749,nan,nan,nan
8/26/2026 4:46:27,1.17.3,StopSig,57,3.67,nan,1,Right_no_left,Left,1256,2252,254,387523381,nan,nan,nan
8/26/2026 4:46:28,1.17.3,StopSig,57,3.67,nan,1,Right_no_left,Left,1256,2253,254,387526947,nan,nan,nan
8/26/2026 4:46:31,1.17.3,StopSig,57,3.67,nan,1,Right_no_left,Left,1256,2254,254,387528138,nan,nan,nan
8/26/2026 4:46:40,1.17.3,StopSig,57,3.67,nan,1,Right_no_left,Left,1256,2255,254,387530962,nan,nan,nan
8/26/2026 4:46:41,1.17.3,StopSig,57,3.67,nan,1,Right_no_left,Left,1256,2256,254,387540039,nan,nan,nan
8/26/2026 4:47:18,1.17.3,StopSig,57,3.67,nan,1,Right_no_left,Left,1256,2257,254,387540629,nan,nan,nan
8/26/2026 4:47:19,1.17.3,StopSig,57,3.67,nan,1,Right_no_left,Left,1256,2258,254,387577858,nan,nan,nan
8/26/2026 4:47:25,1.17.3,StopSig,57,3.65,nan,1,Right_no_left,Left,1256,2259,254,387578899,nan,nan,nan
8/26/2026 4:47:26,1.17.3,StopSig,57,3.65,nan,1,Right_no_left,Left,1256,2260,254,387584700,nan,nan,nan
8/26/2026 4:47:27,1.17.3,StopSig,57,3.65,nan,1,Right_no_left,Left,1256,2261,254,387586183,nan,nan,nan
8/26/2026 4:47:30,1.17.3,StopSig,57,3.65,nan,1,Right_no_left,Left,1256,2262,254,387586772,nan,nan,nan
8/26/2026 4:47:32,1.17.3,StopSig,57,3.65,nan,1,Right_no_left,Left,1256,2263,254,387589444,nan,nan,nan
8/26/2026 4:47:51,1.17.3,StopSig,57,3.67,nan,1,>Left_Regular_trial,Left,1257,2263,254,387610286,nan,nan,nan
8/26/2026 4:47:55,1.17.3,StopSig,57,3.67,nan,1,Right_Regular_(correct),Left,1257,2264,254,387614149,nan,nan,nan
8/26/2026 4:48:19,1.17.3,StopSig,57,3.67,nan,1,RightWithPellet,Left,1257,2265,254,387614149,nan,nan,0.47
8/26/2026 4:48:23,1.17.3,StopSig,57,3.67,nan,1,RightWithPellet,Left,1257,2266,254,387614149,nan,nan,0.12
8/26/2026 4:48:24,1.17.3,StopSig,57,3.67,nan,1,RightWithPellet,Left,1257,2267,254,387614149,nan,nan,0.24
8/26/2026 4:48:27,1.17.3,StopSig,57,3.67,nan,1,LeftWithPellet,Left,1258,2267,254,387614149,nan,nan,0.05
8/26/2026 4:57:05,1.17.3,StopSig,57,3.67,nan,1,RightWithPellet,Left,1258,2268,254,387614149,nan,nan,0.10
8/26/2026 5:50:41,1.17.3,StopSig,57,3.67,nan,1,RightWithPellet,Left,1258,2269,254,387614149,nan,nan,0.25
8/26/2026 5:58:43,1.17.3,StopSig,57,3.67,nan,1,RightWithPellet,Left,1258,2270,254,387614149,nan,nan,0.10
8/26/2026 5:58:44,1.17.3,StopSig,57,3.67,nan,1,RightWithPellet,Left,1258,2271,254,387614149,nan,nan,0.11
8/26/2026 5:58:46,1.17.3,StopSig,57,3.67,nan,1,LeftWithPellet,Left,1259,2271,254,387614149,nan,nan,0.17
8/26/2026 5:58:46,1.17.3,StopSig,57,3.67,nan,1,RightWithPellet,Left,1259,2272,254,387614149,nan,nan,0.22
8/26/2026 5:58:48,1.17.3,StopSig,57,3.67,nan,1,LeftWithPellet,Left,1260,2272,254,387614149,nan,nan,0.09
8/26/2026 5:58:49,1.17.3,StopSig,57,3.67,nan,1,RightWithPellet,Left,1260,2273,254,387614149,nan,nan,0.11
8/26/2026 6:02:53,1.17.3,StopSig,57,3.67,nan,1,RightWithPellet,Left,1260,2274,254,387614149,nan,nan,0.02
8/26/2026 6:02:56,1.17.3,StopSig,57,3.67,nan,1,RightWithPellet,Left,1260,2275,254,387614149,nan,nan,0.09
8/26/2026 6:02:57,1.17.3,StopSig,57,3.67,nan,1,LeftWithPellet,Left,1261,2275,254,387614149,nan,nan,0.16
8/26/2026 6:02:59,1.17.3,StopSig,57,3.67,nan,1,RightWithPellet,Left,1261,2276,254,387614149,nan,nan,0.21
8/26/2026 6:03:00,1.17.3,StopSig,57,3.67,nan,1,LeftWithPellet,Left,1262,2276,254,387614149,nan,nan,0.08
8/26/2026 6:03:01,1.17.3,StopSig,57,3.67,nan,1,LeftWithPellet,Left,1263,2276,254,387614149,nan,nan,0.01
8/26/2026 6:03:52,1.17.3,StopSig,57,3.67,nan,1,RightWithPellet,Left,1263,2277,254,387614149,nan,nan,0.09
8/26/2026 6:03:53,1.17.3,StopSig,57,3.66,nan,1,RightWithPellet,Left,1263,2278,254,387614149,nan,nan,0.28
8/26/2026 6:03:54,1.17.3,StopSig,57,3.67,nan,1,RightWithPellet,Left,1263,2279,254,387614149,nan,nan,0.27
8/26/2026 6:03:56,1.17.3,StopSig,57,3.67,nan,1,LeftWithPellet,Left,1264,2279,254,387614149,nan,nan,0.04
8/26/2026 6:03:57,1.17.3,StopSig,57,3.67,nan,1,RightWithPellet,Left,1264,2280,254,387614149,nan,nan,0.12
8/26/2026 6:03:59,1.17.3,StopSig,57,3.67,nan,1,LeftWithPellet,Left,1265,2280,254,387614149,nan,nan,0.97
8/26/2026 6:04:00,1.17.3,StopSig,57,3.67,nan,1,RightWithPellet,Left,1265,2281,254,387614149,nan,nan,0.07
8/26/2026 6:04:02,1.17.3,StopSig,57,3.67,nan,1,RightWithPellet,Left,1265,2282,254,387614149,nan,nan,0.67
8/26/2026 6:04:04,1.17.3,StopSig,57,3.67,nan,1,LeftWithPellet,Left,1266,2282,254,387614149,nan,nan,0.22
8/26/2026 6:04:04,1.17.3,StopSig,57,3.67,nan,1,RightWithPellet,Left,1266,2283,254,387614149,nan,nan,0.17
8/26/2026 6:04:06,1.17.3,StopSig,57,3.67,nan,1,LeftWithPellet,Left,1267,2283,254,387614149,nan,nan,0.25
8/26/2026 6:04:07,1.17.3,StopSig,57,3.67,nan,1,RightWithPellet,Left,1267,2284,254,387614149,nan,nan,0.31
8/26/2026 6:04:09,1.17.3,StopSig,57,3.67,nan,1,RightWithPellet,Left,1267,2285,254,387614149,nan,nan,0.28
8/26/2026 6:04:13,1.17.3,StopSig,57,3.67,nan,1,RightWithPellet,Left,1267,2286,254,387614149,nan,nan,0.21
8/26/2026 6:04:15,1.17.3,StopSig,57,3.67,nan,1,LeftWithPellet,Left,1268,2286,254,387614149,nan,nan,0.35
8/26/2026 6:04:59,1.17.3,StopSig,57,3.67,nan,1,LeftWithPellet,Left,1269,2286,254,387614149,nan,nan,0.08
8/26/2026 6:05:00,1.17.3,StopSig,57,3.67,nan,1,RightWithPellet,Left,1269,2287,254,387614149,nan,nan,0.00
8/26/2026 6:05:01,1.17.3,StopSig,57,3.67,nan,1,LeftWithPellet,Left,1270,2287,254,387614149,nan,nan,0.37
8/26/2026 6:05:02,1.17.3,StopSig,57,3.67,nan,1,LeftWithPellet,Left,1271,2287,254,387614149,nan,nan,0.11
8/26/2026 6:05:03,1.17.3,StopSig,57,3.67,nan,1,RightWithPellet,Left,1271,2288,254,387614149,nan,nan,0.09
8/26/2026 6:05:04,1.17.3,StopSig,57,3.67,nan,1,RightWithPellet,Left,1271,2289,254,387614149,nan,nan,0.15
8/26/2026 6:05:05,1.17.3,StopSig,57,3.67,nan,1,LeftWithPellet,Left,1272,2289,254,387614149,nan,nan,0.27
8/26/2026 6:05:07,1.17.3,StopSig,57,3.67,nan,1,RightWithPellet,Left,1272,2290,254,387614149,nan,nan,0.08
8/26/2026 6:05:10,1.17.3,StopSig,57,3.67,nan,1,LeftWithPellet,Left,1273,2290,254,387614149,nan,nan,0.63
8/26/2026 6:05:12,1.17.3,StopSig,57,3.67,nan,1,RightWithPellet,Left,1273,2291,254,387614149,nan,nan,0.32
8/26/2026 6:05:14,1.17.3,StopSig,57,3.67,nan,1,LeftWithPellet,Left,1274,2291,254,387614149,nan,nan,0.26
8/26/2026 6:05:15,1.17.3,StopSig,57,3.67,nan,1,LeftWithPellet,Left,1275,2291,254,387614149,nan,nan,0.37
8/26/2026 6:05:19,1.17.3,StopSig,57,3.67,nan,1,LeftWithPellet,Left,1276,2291,254,387614149,nan,nan,0.11
8/26/2026 6:05:20,1.17.3,StopSig,57,3.67,nan,1,LeftWithPellet,Left,1277,2291,254,387614149,nan,nan,0.17
8/26/2026 6:05:22,1.17.3,StopSig,57,3.66,nan,1,RightWithPellet,Left,1277,2292,254,387614149,nan,nan,0.03
8/26/2026 6:05:31,1.17.3,StopSig,57,3.67,nan,1,RightWithPellet,Left,1277,2293,254,387614149,nan,nan,0.07
8/26/2026 6:06:08,1.17.3,StopSig,57,3.67,1,1,Pellet,Left,1277,2293,255,387614149,Timed_out,4882,nan
8/26/2026 6:13:34,1.17.3,StopSig,57,3.67,nan,1,Right_no_left,Left,1277,2294,255,387614149,nan,nan,nan
8/26/2026 6:13:36,1.17.3,StopSig,57,3.67,nan,1,Right_no_left,Left,1277,2295,255,392754132,nan,nan,nan
8/26/2026 6:13:41,1.17.3,StopSig,57,3.67,nan,1,Right_no_left,Left,1277,2296,255,392756209,nan,nan,nan
8/26/2026 6:13:41,1.17.3,StopSig,57,3.67,nan,1,Right_no_left,Left,1277,2297,255,392760667,nan,nan,nan
8/26/2026 6:13:43,1.17.3,StopSig,57,3.67,nan,1,Right_no_left,Left,1277,2298,255,392761405,nan,nan,nan
8/26/2026 6:13:44,1.17.3,StopSig,57,3.67,nan,1,Right_no_left,Left,1277,2299,255,392763035,nan,nan,nan
8/26/2026 6:13:45,1.17.3,StopSig,57,3.67,nan,1,Right_no_left,Left,1277,2300,255,392763780,nan,nan,nan
8/26/2026 6:13:46,1.17.3,StopSig,57,3.67,nan,1,>Left_Regular_trial,Left,1278,2300,255,392766006,nan,nan,nan
8/26/2026 6:13:48,1.17.3,StopSig,57,3.67,nan,1,Right_Regular_(correct),Left,1278,2301,255,392767786,nan,nan,nan
8/26/2026 6:13:48,1.17.3,StopSig,57,3.67,nan,1,RightDuringDispense,Left,1278,2302,255,392767786,nan,nan,0.13
8/26/2026 6:13:52,1.17.3,StopSig,57,3.67,1,1,Pellet,Left,1278,2302,256,392767786,2.57,464,nan
8/26/2026 6:14:06,1.17.3,StopSig,57,3.67,nan,1,Right_no_left,Left,1278,2303,256,392767786,nan,nan,nan
8/26/2026 6:14:06,1.17.3,StopSig,57,3.67,nan,1,Right_no_left,Left,1278,2304,256,392785541,nan,nan,nan
8/26/2026 6:14:08,1.17.3,StopSig,57,3.67,nan,1,>Left_Regular_trial,Left,1279,2304,256,392787470,nan,nan,nan
8/26/2026 6:14:09,1.17.3,StopSig,57,3.67,nan,1,Right_Regular_(correct),Left,1279,2305,256,392788505,nan,nan,nan
8/26/2026 6:14:09,1.17.3,StopSig,57,3.67,nan,1,RightDuringDispense,Left,1279,2306,256,392788505,nan,nan,0.18
8/26/2026 6:14:10,1.17.3,StopSig,57,3.67,1,1,Pellet,Left,1279,2306,257,392788505,0.29,18,nan
8/26/2026 6:14:30,1.17.3,StopSig,57,3.67,nan,1,Right_no_left,Left,1279,2307,257,392788505,nan,nan,nan
8/26/2026 6:14:31,1.17.3,StopSig,57,3.66,nan,1,Right_no_left,Left,1279,2308,257,392809903,nan,nan,nan
8/26/2026 6:14:33,1.17.3,StopSig,57,3.67,nan,1,>Left_Regular_trial,Left,1280,2308,257,392812277,nan,nan,nan
8/26/2026 6:14:33,1.17.3,StopSig,57,3.67,nan,1,Right_Regular_(correct),Left,1280,2309,257,392813313,nan,nan,nan
8/26/2026 6:14:34,1.17.3,StopSig,57,3.67,nan,1,RightDuringDispense,Left,1280,2310,257,392813313,nan,nan,0.11
8/26/2026 6:14:35,1.17.3,StopSig,57,3.67,1,1,Pellet,Left,1280,2310,258,392813313,0.47,25,nan
8/26/2026 6:14:53,1.17.3,StopSig,57,3.67,nan,1,>Left_Regular_trial,Left,1281,2310,258,392832479,nan,nan,nan
8/26/2026 6:14:54,1.17.3,StopSig,57,3.67,nan,1,Right_Regular_(correct),Left,1281,2311,258,392833514,nan,nan,nan
8/26/2026 6:14:54,1.17.3,StopSig,57,3.67,nan,1,RightDuringDispense,Left,1281,2312,258,392833514,nan,nan,0.20
8/26/2026 6:14:57,1.17.3,StopSig,57,3.67,2,1,Pellet,Left,1281,2312,259,392833514,0.23,22,nan
8/26/2026 6:15:19,1.17.3,StopSig,57,3.67,nan,1,>Left_Regular_trial,Left,1282,2312,259,392858511,nan,nan,nan
8/26/2026 6:15:20,1.17.3,StopSig,57,3.67,nan,1,Right_Regular_(correct),Left,1282,2313,259,392859856,nan,nan,nan
8/26/2026 6:15:21,1.17.3,StopSig,57,3.67,nan,1,RightDuringDispense,Left,1282,2314,259,392859856,nan,nan,0.22
8/26/2026 6:15:22,1.17.3,StopSig,57,3.67,2,1,Pellet,Left,1282,2314,260,392859856,0.06,25,nan
8/26/2026 6:15:38,1.17.3,StopSig,57,3.67,nan,1,>Left_Stop_trial,Left,1283,2314,260,392877173,nan,nan,nan
8/26/2026 6:15:38,1.17.3,StopSig,57,3.67,nan,1,Right_STOP_(incorrect),Left,1283,2315,260,392878067,nan,nan,nan
8/26/2026 6:16:09,1.17.3,StopSig,57,3.66,nan,1,>Left_Regular_trial,Left,1284,2315,260,392908385,nan,nan,nan
8/26/2026 6:16:13,1.17.3,StopSig,57,3.67,nan,1,NoPoke_Regular_(incorrect),Left,1284,2315,260,392912548,nan,nan,nan
8/26/2026 8:29:23,1.17.3,StopSig,57,3.66,nan,1,Right_no_left,Left,1284,2316,260,392912548,nan,nan,nan
8/26/2026 8:29:26,1.17.3,StopSig,57,3.66,nan,1,Right_no_left,Left,1284,2317,260,400903055,nan,nan,nan
8/26/2026 8:29:27,1.17.3,StopSig,57,3.66,nan,1,Right_no_left,Left,1284,2318,260,400906029,nan,nan,nan
8/26/2026 8:29:30,1.17.3,StopSig,57,3.66,nan,1,>Left_Regular_trial,Left,1285,2318,260,400909748,nan,nan,nan
8/26/2026 8:29:32,1.17.3,StopSig,57,3.66,nan,1,Right_Regular_(correct),Left,1285,2319,260,400911977,nan,nan,nan
8/26/2026 8:29:51,1.17.3,StopSig,57,3.66,nan,1,RightWithPellet,Left,1285,2320,260,400911977,nan,nan,0.33
8/26/2026 8:29:53,1.17.3,StopSig,57,3.66,nan,1,LeftWithPellet,Left,1286,2320,260,400911977,nan,nan,0.29
8/26/2026 8:29:55,1.17.3,StopSig,57,3.67,nan,1,RightWithPellet,Left,1286,2321,260,400911977,nan,nan,0.27
8/26/2026 8:29:57,1.17.3,StopSig,57,3.66,nan,1,RightWithPellet,Left,1286,2322,260,400911977,nan,nan,0.53
8/26/2026 8:30:01,1.17.3,StopSig,57,3.66,nan,1,LeftWithPellet,Left,1287,2322,260,400911977,nan,nan,0.27
8/26/2026 8:30:01,1.17.3,StopSig,57,3.66,nan,1,LeftWithPellet,Left,1288,2322,260,400911977,nan,nan,0.03
8/26/2026 8:30:03,1.17.3,StopSig,57,3.67,nan,1,RightWithPellet,Left,1288,2323,260,400911977,nan,nan,0.19
8/26/2026 8:30:06,1.17.3,StopSig,57,3.67,nan,1,LeftWithPellet,Left,1289,2323,260,400911977,nan,nan,0.40
8/26/2026 8:30:09,1.17.3,StopSig,57,3.66,nan,1,RightWithPellet,Left,1289,2324,260,400911977,nan,nan,0.47
8/26/2026 8:30:12,1.17.3,StopSig,57,3.66,nan,1,RightWithPellet,Left,1289,2325,260,400911977,nan,nan,0.68
8/26/2026 8:30:14,1.17.3,StopSig,57,3.66,1,1,Pellet,Left,1289,2325,261,400911977,41.91,8092,nan
8/26/2026 8:30:16,1.17.3,StopSig,57,3.67,nan,1,>Left_Regular_trial,Left,1290,2325,261,400955752,nan,nan,nan
8/26/2026 8:30:18,1.17.3,StopSig,57,3.66,nan,1,Right_Regular_(correct),Left,1290,2326,261,400958576,nan,nan,nan
8/26/2026 8:30:19,1.17.3,StopSig,57,3.66,nan,1,RightDuringDispense,Left,1290,2327,261,400958576,nan,nan,0.09
8/26/2026 8:30:28,1.17.3,StopSig,57,3.66,1,1,Pellet,Left,1290,2327,262,400958576,8.27,14,nan
8/26/2026 8:30:57,1.17.3,StopSig,57,3.67,nan,1,>Left_Stop_trial,Left,1291,2327,262,400996932,nan,nan,nan
8/26/2026 8:30:59,1.17.3,StopSig,57,3.66,nan,1,Right_STOP_(incorrect),Left,1291,2328,262,400998882,nan,nan,nan
8/26/2026 8:31:30,1.17.3,StopSig,57,3.67,nan,1,>Left_Stop_trial,Left,1292,2328,262,401029201,nan,nan,nan
8/26/2026 8:31:33,1.17.3,StopSig,57,3.66,nan,1,NoPoke_STOP_(correct),Left,1292,2328,262,401032791,nan,nan,nan
8/26/2026 8:31:59,1.17.3,StopSig,57,3.67,nan,1,LeftWithPellet,Left,1293,2328,262,401032791,nan,nan,0.33
8/26/2026 8:32:01,1.17.3,StopSig,57,3.66,nan,1,RightWithPellet,Left,1293,2329,262,401032791,nan,nan,0.16
8/26/2026 8:32:03,1.17.3,StopSig,57,3.66,1,1,Pellet,Left,1293,2329,263,401032791,29.30,95,nan
8/26/2026 9:47:57,1.17.3,StopSig,57,3.65,nan,1,Right_no_left,Left,1293,2330,263,401032791,nan,nan,nan
8/26/2026 9:47:58,1.17.3,StopSig,57,3.66,nan,1,Right_no_left,Left,1293,2331,263,405617112,nan,nan,nan
8/26/2026 9:48:00,1.17.3,StopSig,57,3.66,nan,1,Right_no_left,Left,1293,2332,263,405618315,nan,nan,nan
8/26/2026 9:48:03,1.17.3,StopSig,57,3.66,nan,1,>Left_Regular_trial,Left,1294,2332,263,405623075,nan,nan,nan
8/26/2026 9:48:04,1.17.3,StopSig,57,3.65,nan,1,Right_Regular_(correct),Left,1294,2333,263,405624559,nan,nan,nan
8/26/2026 9:48:06,1.17.3,StopSig,57,3.65,1,1,Pellet,Left,1294,2333,264,405624559,0.47,4562,nan
8/26/2026 9:48:26,1.17.3,StopSig,57,3.66,nan,1,Right_no_left,Left,1294,2334,264,405624559,nan,nan,nan
8/26/2026 9:48:26,1.17.3,StopSig,57,3.65,nan,1,Right_no_left,Left,1294,2335,264,405646198,nan,nan,nan
8/26/2026 9:48:27,1.17.3,StopSig,57,3.65,nan,1,Right_no_left,Left,1294,2336,264,405646787,nan,nan,nan
8/26/2026 9:48:29,1.17.3,StopSig,57,3.66,nan,1,>Left_Stop_trial,Left,1295,2336,264,405649015,nan,nan,nan
8/26/2026 9:48:30,1.17.3,StopSig,57,3.66,nan,1,Right_STOP_(incorrect),Left,1295,2337,264,405650060,nan,nan,nan
8/26/2026 9:49:00,1.17.3,StopSig,57,3.65,nan,1,>Left_Regular_trial,Left,1296,2337,264,405680379,nan,nan,nan
8/26/2026 9:49:04,1.17.3,StopSig,57,3.66,nan,1,NoPoke_Regular_(incorrect),Left,1296,2337,264,405683954,nan,nan,nan
8/26/2026 9:49:55,1.17.3,StopSig,57,3.66,nan,1,Right_no_left,Left,1296,2338,264,405683954,nan,nan,nan
8/26/2026 9:49:55,1.17.3,StopSig,57,3.66,nan,1,Right_no_left,Left,1296,2339,264,405735427,nan,nan,nan
8/26/2026 9:49:56,1.17.3,StopSig,57,3.66,nan,1,Right_no_left,Left,1296,2340,264,405735868,nan,nan,nan
8/26/2026 9:49:56,1.17.3,StopSig,57,3.66,nan,1,Right_no_left,Left,1296,2341,264,405736308,nan,nan,nan
8/26/2026 9:49:58,1.17.3,StopSig,57,3.66,nan,1,Right_no_left,Left,1296,2342,264,405736904,nan,nan,nan
8/26/2026 9:50:00,1.17.3,StopSig,57,3.66,nan,1,>Left_Regular_trial,Left,1297,2342,264,405740025,nan,nan,nan
8/26/2026 9:50:01,1.17.3,StopSig,57,3.66,nan,1,Right_Regular_(correct),Left,1297,2343,264,405741657,nan,nan,nan
8/26/2026 9:50:04,1.17.3,StopSig,57,3.66,2,1,Pellet,Left,1297,2343,265,405741657,0.12,119,nan
8/26/2026 9:50:40,1.17.3,StopSig,57,3.65,nan,1,>Left_Regular_trial,Left,1298,2343,265,405779936,nan,nan,nan
8/26/2026 9:50:41,1.17.3,StopSig,57,3.66,nan,1,Right_Regular_(correct),Left,1298,2344,265,405781576,nan,nan,nan
8/26/2026 9:50:46,1.17.3,StopSig,57,3.66,2,1,Pellet,Left,1298,2344,266,405781576,1.79,42,nan
8/26/2026 9:51:11,1.17.3,StopSig,57,3.65,nan,1,>Left_Stop_trial,Left,1299,2344,266,405810819,nan,nan,nan
8/26/2026 9:51:12,1.17.3,StopSig,57,3.65,nan,1,Right_STOP_(incorrect),Left,1299,2345,266,405811864,nan,nan,nan
8/26/2026 9:51:42,1.17.3,StopSig,57,3.65,nan,1,>Left_Regular_trial,Left,1300,2345,266,405842182,nan,nan,nan
8/26/2026 9:51:46,1.17.3,StopSig,57,3.65,nan,1,NoPoke_Regular_(incorrect),Left,1300,2345,266,405846055,nan,nan,nan
8/26/2026 9:53:10,1.17.3,StopSig,57,3.66,nan,1,>Left_Regular_trial,Left,1301,2345,266,405929881,nan,nan,nan
8/26/2026 9:53:12,1.17.3,StopSig,57,3.65,nan,1,Right_Regular_(correct),Left,1301,2346,266,405932406,nan,nan,nan
8/26/2026 9:53:13,1.17.3,StopSig,57,3.65,nan,1,RightDuringDispense,Left,1301,2347,266,405932406,nan,nan,0.28
8/26/2026 9:53:14,1.17.3,StopSig,57,3.65,1,1,Pellet,Left,1301,2347,267,405932406,0.23,148,nan
8/26/2026 9:53:38,1.17.3,StopSig,57,3.65,nan,1,>Left_Stop_trial,Left,1302,2347,267,405957675,nan,nan,nan
8/26/2026 9:53:39,1.17.3,StopSig,57,3.65,nan,1,Right_STOP_(incorrect),Left,1302,2348,267,405959171,nan,nan,nan
8/26/2026 9:54:15,1.17.3,StopSig,57,3.65,nan,1,>Left_Regular_trial,Left,1303,2348,267,405995150,nan,nan,nan
8/26/2026 9:54:17,1.17.3,StopSig,57,3.66,nan,1,Right_Regular_(correct),Left,1303,2349,267,405997527,nan,nan,nan
8/26/2026 9:54:18,1.17.3,StopSig,57,3.64,nan,1,RightDuringDispense,Left,1303,2350,267,405997527,nan,nan,0.05
8/26/2026 9:54:19,1.17.3,StopSig,57,3.64,1,1,Pellet,Left,1303,2350,268,405997527,0.29,65,nan
8/26/2026 9:54:40,1.17.3,StopSig,57,3.64,nan,1,Right_no_left,Left,1303,2351,268,405997527,nan,nan,nan
8/26/2026 9:54:42,1.17.3,StopSig,57,3.65,nan,1,Right_no_left,Left,1303,2352,268,406020759,nan,nan,nan
8/26/2026 9:54:45,1.17.3,StopSig,57,3.64,nan,1,>Left_Regular_trial,Left,1304,2352,268,406024925,nan,nan,nan
8/26/2026 9:54:47,1.17.3,StopSig,57,3.65,nan,1,Right_Regular_(correct),Left,1304,2353,268,406026869,nan,nan,nan
8/26/2026 9:54:52,1.17.3,StopSig,57,3.66,1,1,Pellet,Left,1304,2353,269,406026869,4.79,33,nan
8/26/2026 9:56:12,1.17.3,StopSig,57,3.65,nan,1,>Left_Regular_trial,Left,1305,2353,269,406112250,nan,nan,nan
8/26/2026 9:56:14,1.17.3,StopSig,57,3.65,nan,1,Right_Regular_(correct),Left,1305,2354,269,406114182,nan,nan,nan
8/26/2026 9:56:14,1.17.3,StopSig,57,3.65,nan,1,RightDuringDispense,Left,1305,2355,269,406114182,nan,nan,0.11
8/26/2026 9:56:15,1.17.3,StopSig,57,3.65,1,1,Pellet,Left,1305,2355,270,406114182,0.47,83,nan
8/26/2026 9:56:33,1.17.3,StopSig,57,3.65,nan,1,Right_no_left,Left,1305,2356,270,406114182,nan,nan,nan
8/26/2026 9:56:37,1.17.3,StopSig,57,3.65,nan,1,>Left_Stop_trial,Left,1306,2356,270,406136641,nan,nan,nan
8/26/2026 9:56:38,1.17.3,StopSig,57,3.66,nan,1,Right_STOP_(incorrect),Left,1306,2357,270,406138139,nan,nan,nan
8/26/2026 9:57:08,1.17.3,StopSig,57,3.66,nan,1,>Left_Regular_trial,Left,1307,2357,270,406168458,nan,nan,nan
8/26/2026 9:57:12,1.17.3,StopSig,57,3.66,nan,1,NoPoke_Regular_(incorrect),Left,1307,2357,270,406172029,nan,nan,nan
8/26/2026 10:29:16,1.17.3,StopSig,57,3.66,nan,1,Right_no_left,Left,1307,2358,270,406172029,nan,nan,nan
8/26/2026 10:30:54,1.17.3,StopSig,57,3.65,nan,1,Right_no_left,Left,1307,2359,270,408096181,nan,nan,nan
8/26/2026 10:31:33,1.17.3,StopSig,57,3.66,nan,1,Right_no_left,Left,1307,2360,270,408194550,nan,nan,nan
8/26/2026 10:31:50,1.17.3,StopSig,57,3.66,nan,1,Right_no_left,Left,1307,2361,270,408233802,nan,nan,nan
8/26/2026 10:31:55,1.17.3,StopSig,57,3.65,nan,1,Right_no_left,Left,1307,2362,270,408250906,nan,nan,nan
8/26/2026 10:32:03,1.17.3,StopSig,57,3.65,nan,1,>Left_Stop_trial,Left,1308,2362,270,408263390,nan,nan,nan
8/26/2026 10:32:06,1.17.3,StopSig,57,3.65,nan,1,Right_STOP_(incorrect),Left,1308,2363,270,408266531,nan,nan,nan
8/26/2026 10:32:37,1.17.3,StopSig,57,3.65,nan,1,>Left_Stop_trial,Left,1309,2363,270,408296851,nan,nan,nan
8/26/2026 10:32:40,1.17.3,StopSig,57,3.65,nan,1,NoPoke_STOP_(correct),Left,1309,2363,270,408300146,nan,nan,nan
8/26/2026 10:33:43,1.17.3,StopSig,57,3.65,nan,1,RightWithPellet,Left,1309,2364,270,408300146,nan,nan,0.59
8/26/2026 10:33:44,1.17.3,StopSig,57,3.66,nan,1,RightWithPellet,Left,1309,2365,270,408300146,nan,nan,0.22
8/26/2026 10:33:46,1.17.3,StopSig,57,3.65,nan,1,RightWithPellet,Left,1309,2366,270,408300146,nan,nan,0.28
8/26/2026 10:34:04,1.17.3,StopSig,57,3.65,nan,1,LeftWithPellet,Left,1310,2366,270,408300146,nan,nan,0.08
8/26/2026 10:34:25,1.17.3,StopSig,57,3.66,nan,1,RightWithPellet,Left,1310,2367,270,408300146,nan,nan,0.03
8/26/2026 10:34:26,1.17.3,StopSig,57,3.65,nan,1,RightWithPellet,Left,1310,2368,270,408300146,nan,nan,0.38
8/26/2026 10:34:26,1.17.3,StopSig,57,3.66,nan,1,RightWithPellet,Left,1310,2369,270,408300146,nan,nan,0.13
8/26/2026 10:34:27,1.17.3,StopSig,57,3.65,nan,1,RightWithPellet,Left,1310,2370,270,408300146,nan,nan,0.37
8/26/2026 10:34:40,1.17.3,StopSig,57,3.65,nan,1,RightWithPellet,Left,1310,2371,270,408300146,nan,nan,0.52
8/26/2026 10:34:41,1.17.3,StopSig,57,3.65,nan,1,RightWithPellet,Left,1310,2372,270,408300146,nan,nan,0.20
8/26/2026 10:34:47,1.17.3,StopSig,57,3.65,nan,1,RightWithPellet,Left,1310,2373,270,408300146,nan,nan,0.72
8/26/2026 10:35:08,1.17.3,StopSig,57,3.65,nan,1,RightWithPellet,Left,1310,2374,270,408300146,nan,nan,0.08
8/26/2026 10:35:13,1.17.3,StopSig,57,3.65,nan,1,RightWithPellet,Left,1310,2375,270,408300146,nan,nan,1.17
8/26/2026 10:35:14,1.17.3,StopSig,57,3.65,nan,1,RightWithPellet,Left,1310,2376,270,408300146,nan,nan,0.32
8/26/2026 10:35:15,1.17.3,StopSig,57,3.65,nan,1,RightWithPellet,Left,1310,2377,270,408300146,nan,nan,0.44
8/26/2026 10:35:19,1.17.3,StopSig,57,3.65,nan,1,RightWithPellet,Left,1310,2378,270,408300146,nan,nan,0.02
8/26/2026 10:35:19,1.17.3,StopSig,57,3.65,nan,1,RightWithPellet,Left,1310,2379,270,408300146,nan,nan,0.39
8/26/2026 10:35:21,1.17.3,StopSig,57,3.65,6,1,Pellet,Left,1310,2379,271,408300146,Timed_out,2346,nan
8/26/2026 10:35:22,1.17.3,StopSig,57,3.66,nan,1,>Left_Stop_trial,Left,1311,2379,271,408462389,nan,nan,nan
8/26/2026 10:35:26,1.17.3,StopSig,57,3.65,nan,1,NoPoke_STOP_(correct),Left,1311,2379,271,408466115,nan,nan,nan
8/26/2026 10:35:27,1.17.3,StopSig,57,3.65,2,1,Pellet,Left,1311,2379,272,408466115,0.53,6,nan
8/26/2026 10:35:58,1.17.3,StopSig,57,3.65,nan,1,Right_no_left,Left,1311,2380,272,408466115,nan,nan,nan
8/26/2026 10:36:01,1.17.3,StopSig,57,3.66,nan,1,Right_no_left,Left,1311,2381,272,408498693,nan,nan,nan
8/26/2026 10:36:01,1.17.3,StopSig,57,3.66,nan,1,Right_no_left,Left,1311,2382,272,408501071,nan,nan,nan
8/26/2026 10:36:02,1.17.3,StopSig,57,3.65,nan,1,Right_no_left,Left,1311,2383,272,408501808,nan,nan,nan
8/26/2026 10:36:03,1.17.3,StopSig,57,3.65,nan,1,Right_no_left,Left,1311,2384,272,408502694,nan,nan,nan
8/26/2026 10:36:09,1.17.3,StopSig,57,3.65,nan,1,Right_no_left,Left,1311,2385,272,408503431,nan,nan,nan
8/26/2026 10:36:18,1.17.3,StopSig,57,3.65,nan,1,Right_no_left,Left,1311,2386,272,408509519,nan,nan,nan
8/26/2026 10:36:19,1.17.3,StopSig,57,3.65,nan,1,Right_no_left,Left,1311,2387,272,408518738,nan,nan,nan
8/26/2026 10:36:21,1.17.3,StopSig,57,3.66,nan,1,Right_no_left,Left,1311,2388,272,408519921,nan,nan,nan
8/26/2026 10:36:23,1.17.3,StopSig,57,3.65,nan,1,Right_no_left,Left,1311,2389,272,408521847,nan,nan,nan
8/26/2026 10:36:26,1.17.3,StopSig,57,3.65,nan,1,Right_no_left,Left,1311,2390,272,408523180,nan,nan,nan
8/26/2026 10:36:31,1.17.3,StopSig,57,3.65,nan,1,>Left_Regular_trial,Left,1312,2390,272,408530904,nan,nan,nan
8/26/2026 10:36:32,1.17.3,StopSig,57,3.65,nan,1,Right_Regular_(correct),Left,1312,2391,272,408532552,nan,nan,nan
8/26/2026 10:36:33,1.17.3,StopSig,57,3.65,nan,1,RightDuringDispense,Left,1312,2392,272,408532552,nan,nan,0.20
8/26/2026 10:36:44,1.17.3,StopSig,57,3.65,1,1,Pellet,Left,1312,2392,273,408532552,10.79,77,nan
8/26/2026 10:54:14,1.17.3,StopSig,57,3.65,nan,1,>Left_Regular_trial,Left,1313,2392,273,409593943,nan,nan,nan
8/26/2026 10:54:16,1.17.3,StopSig,57,3.65,nan,1,Right_Regular_(correct),Left,1313,2393,273,409596316,nan,nan,nan
8/26/2026 10:54:48,1.17.3,StopSig,57,3.65,nan,1,RightWithPellet,Left,1313,2394,273,409596316,nan,nan,0.69
8/26/2026 10:54:51,1.17.3,StopSig,57,3.65,nan,1,RightWithPellet,Left,1313,2395,273,409596316,nan,nan,0.40
8/26/2026 10:54:53,1.17.3,StopSig,57,3.66,nan,1,RightWithPellet,Left,1313,2396,273,409596316,nan,nan,0.06
8/26/2026 10:54:54,1.17.3,StopSig,57,3.65,nan,1,RightWithPellet,Left,1313,2397,273,409596316,nan,nan,0.11
8/26/2026 10:54:56,1.17.3,StopSig,57,3.65,nan,1,LeftWithPellet,Left,1314,2397,273,409596316,nan,nan,0.05
8/26/2026 10:54:57,1.17.3,StopSig,57,3.65,nan,1,LeftWithPellet,Left,1315,2397,273,409596316,nan,nan,0.08
8/26/2026 10:54:58,1.17.3,StopSig,57,3.65,nan,1,RightWithPellet,Left,1315,2398,273,409596316,nan,nan,0.02
8/26/2026 10:55:00,1.17.3,StopSig,57,3.65,nan,1,RightWithPellet,Left,1315,2399,273,409596316,nan,nan,0.30
8/26/2026 10:55:03,1.17.3,StopSig,57,3.65,nan,1,RightWithPellet,Left,1315,2400,273,409596316,nan,nan,0.74
8/26/2026 10:56:35,1.17.3,StopSig,57,3.65,nan,1,RightWithPellet,Left,1315,2401,273,409596316,nan,nan,0.15
8/26/2026 10:56:57,1.17.3,StopSig,57,3.65,nan,1,LeftWithPellet,Left,1316,2401,273,409596316,nan,nan,0.11
8/26/2026 10:57:00,1.17.3,StopSig,57,3.65,nan,1,LeftWithPellet,Left,1317,2401,273,409596316,nan,nan,0.34
8/26/2026 10:57:03,1.17.3,StopSig,57,3.65,nan,1,RightWithPellet,Left,1317,2402,273,409596316,nan,nan,0.08
8/26/2026 11:00:41,1.17.3,StopSig,57,3.65,nan,1,RightWithPellet,Left,1317,2403,273,409596316,nan,nan,0.51
8/26/2026 11:02:49,1.17.3,StopSig,57,3.65,nan,1,RightWithPellet,Left,1317,2404,273,409596316,nan,nan,0.49
8/26/2026 11:02:50,1.17.3,StopSig,57,3.65,nan,1,RightWithPellet,Left,1317,2405,273,409596316,nan,nan,0.17
8/26/2026 11:02:53,1.17.3,StopSig,57,3.65,nan,1,RightWithPellet,Left,1317,2406,273,409596316,nan,nan,0.23
8/26/2026 11:43:09,1.17.3,StopSig,57,3.65,nan,1,RightWithPellet,Left,1317,2407,273,409596316,nan,nan,1.49
8/26/2026 11:48:26,1.17.3,StopSig,57,3.65,nan,1,RightWithPellet,Left,1317,2408,273,409596316,nan,nan,1.34
8/26/2026 11:50:44,1.17.3,StopSig,57,3.65,nan,1,RightWithPellet,Left,1317,2409,273,409596316,nan,nan,0.83
8/26/2026 11:53:37,1.17.3,StopSig,57,3.65,nan,1,RightWithPellet,Left,1317,2410,273,409596316,nan,nan,0.84
8/26/2026 11:53:48,1.17.3,StopSig,57,3.65,nan,1,RightWithPellet,Left,1317,2411,273,409596316,nan,nan,0.60
8/26/2026 11:54:00,1.17.3,StopSig,57,3.65,nan,1,RightWithPellet,Left,1317,2412,273,409596316,nan,nan,0.22
8/26/2026 11:54:07,1.17.3,StopSig,57,3.65,nan,1,RightWithPellet,Left,1317,2413,273,409596316,nan,nan,0.23
8/26/2026 12:07:29,1.17.3,StopSig,57,3.65,nan,1,RightWithPellet,Left,1317,2414,273,409596316,nan,nan,1.10
8/26/2026 12:07:31,1.17.3,StopSig,57,3.65,nan,1,RightWithPellet,Left,1317,2415,273,409596316,nan,nan,0.85
8/26/2026 12:31:55,1.17.3,StopSig,57,3.65,nan,1,RightWithPellet,Left,1317,2416,273,409596316,nan,nan,0.38
8/26/2026 13:04:45,1.17.3,StopSig,57,3.65,nan,1,RightWithPellet,Left,1317,2417,273,409596316,nan,nan,0.50
8/26/2026 13:04:52,1.17.3,StopSig,57,3.65,nan,1,LeftWithPellet,Left,1318,2417,273,409596316,nan,nan,0.03
8/26/2026 13:04:54,1.17.3,StopSig,57,3.65,nan,1,RightWithPellet,Left,1318,2418,273,409596316,nan,nan,0.28
8/26/2026 13:04:57,1.17.3,StopSig,57,3.65,nan,1,LeftWithPellet,Left,1319,2418,273,409596316,nan,nan,0.37
8/26/2026 13:05:00,1.17.3,StopSig,57,3.65,nan,1,RightWithPellet,Left,1319,2419,273,409596316,nan,nan,0.62
8/26/2026 13:05:02,1.17.3,StopSig,57,3.65,nan,1,RightWithPellet,Left,1319,2420,273,409596316,nan,nan,0.30
8/26/2026 13:05:04,1.17.3,StopSig,57,3.65,nan,1,RightWithPellet,Left,1319,2421,273,409596316,nan,nan,0.25
8/26/2026 13:05:09,1.17.3,StopSig,57,3.65,nan,1,LeftWithPellet,Left,1320,2421,273,409596316,nan,nan,0.49
8/26/2026 13:05:10,1.17.3,StopSig,57,3.65,nan,1,RightWithPellet,Left,1320,2422,273,409596316,nan,nan,0.17
8/26/2026 13:05:11,1.17.3,StopSig,57,3.65,nan,1,RightWithPellet,Left,1320,2423,273,409596316,nan,nan,0.58
8/26/2026 13:05:47,1.17.3,StopSig,57,3.65,nan,1,RightWithPellet,Left,1320,2424,273,409596316,nan,nan,0.18
8/26/2026 13:11:27,1.17.3,StopSig,57,3.65,nan,1,LeftWithPellet,Left,1321,2424,273,409596316,nan,nan,0.23
8/26/2026 13:11:28,1.17.3,StopSig,57,3.65,nan,1,RightWithPellet,Left,1321,2425,273,409596316,nan,nan,0.29
8/26/2026 13:11:29,1.17.3,StopSig,57,3.65,nan,1,RightWithPellet,Left,1321,2426,273,409596316,nan,nan,0.20
8/26/2026 13:11:34,1.17.3,StopSig,57,3.65,nan,1,LeftWithPellet,Left,1322,2426,273,409596316,nan,nan,0.20
8/26/2026 13:11:35,1.17.3,StopSig,57,3.65,nan,1,RightWithPellet,Left,1322,2427,273,409596316,nan,nan,0.35
8/26/2026 13:11:38,1.17.3,StopSig,57,3.65,nan,1,LeftWithPellet,Left,1323,2427,273,409596316,nan,nan,0.50
8/26/2026 13:11:38,1.17.3,StopSig,57,3.65,nan,1,RightWithPellet,Left,1323,2428,273,409596316,nan,nan,0.01
8/26/2026 13:11:39,1.17.3,StopSig,57,3.65,nan,1,RightWithPellet,Left,1323,2429,273,409596316,nan,nan,0.08
8/26/2026 13:11:40,1.17.3,StopSig,57,3.65,nan,1,RightWithPellet,Left,1323,2430,273,409596316,nan,nan,0.36
8/26/2026 13:11:43,1.17.3,StopSig,57,3.65,nan,1,LeftWithPellet,Left,1324,2430,273,409596316,nan,nan,0.07
8/26/2026 13:12:07,1.17.3,StopSig,57,3.65,nan,1,LeftWithPellet,Left,1325,2430,273,409596316,nan,nan,0.02
8/26/2026 13:12:09,1.17.3,StopSig,57,3.65,nan,1,RightWithPellet,Left,1325,2431,273,409596316,nan,nan,0.25
8/26/2026 13:12:11,1.17.3,StopSig,57,3.65,nan,1,RightWithPellet,Left,1325,2432,273,409596316,nan,nan,0.67
8/26/2026 13:12:12,1.17.3,StopSig,57,3.65,nan,1,LeftWithPellet,Left,1326,2432,273,409596316,nan,nan,0.05
8/26/2026 13:12:13,1.17.3,StopSig,57,3.65,nan,1,LeftWithPellet,Left,1327,2432,273,409596316,nan,nan,0.36
8/26/2026 13:12:14,1.17.3,StopSig,57,3.65,nan,1,RightWithPellet,Left,1327,2433,273,409596316,nan,nan,0.33
8/26/2026 13:12:16,1.17.3,StopSig,57,3.65,nan,1,LeftWithPellet,Left,1328,2433,273,409596316,nan,nan,0.22
8/26/2026 13:12:17,1.17.3,StopSig,57,3.65,nan,1,RightWithPellet,Left,1328,2434,273,409596316,nan,nan,0.30
8/26/2026 13:12:18,1.17.3,StopSig,57,3.65,nan,1,RightWithPellet,Left,1328,2435,273,409596316,nan,nan,0.54
8/26/2026 13:12:21,1.17.3,StopSig,57,3.65,nan,1,RightWithPellet,Left,1328,2436,273,409596316,nan,nan,0.04
8/26/2026 13:31:40,1.17.3,StopSig,57,3.65,1,1,Pellet,Left,1328,2436,274,409596316,Timed_out,10496,nan
