MM:DD:YYYY hh:mm:ss,Library_Version,Session_type,Device_Number,Battery_Voltage,Motor_Turns,FR,Event,Active_Poke,Left_Poke_Count,Right_Poke_Count,Pellet_Count,Block_Pellet_Count,Retrieval_Time,InterPelletInterval,Poke_Time
9/23/2026 10:28:33,1.17.3,StopSig,76,4.11,nan,1,Right_no_left,Left,0,1,0,0,nan,nan,nan
9/23/2026 10:28:38,1.17.3,StopSig,76,4.11,nan,1,>Left_Regular_trial,Left,1,1,0,11091,nan,nan,nan
9/23/2026 10:28:42,1.17.3,StopSig,76,4.11,nan,1,NoPoke_Regular_(incorrect),Left,1,1,0,15029,nan,nan,nan
9/23/2026 10:29:16,1.17.3,StopSig,76,4.12,nan,1,>Left_Regular_trial,Left,2,1,0,49010,nan,nan,nan
9/23/2026 10:29:16,1.17.3,StopSig,76,4.12,nan,1,Right_Regular_(correct),Left,2,2,0,49714,nan,nan,nan
9/23/2026 10:29:17,1.17.3,StopSig,76,4.12,nan,1,RightDuringDispense,Left,2,3,0,49714,nan,nan,0.03
9/23/2026 10:29:19,1.17.3,StopSig,76,4.12,1,1,Pellet,Left,2,3,1,49714,1.78,nan,nan
9/23/2026 10:29:22,1.17.3,StopSig,76,4.11,nan,1,>Left_Regular_trial,Left,3,3,1,54740,nan,nan,nan
9/23/2026 10:29:23,1.17.3,StopSig,76,4.11,nan,1,Right_Regular_(correct),Left,3,4,1,55866,nan,nan,nan
9/23/2026 10:29:24,1.17.3,StopSig,76,4.12,1,1,Pellet,Left,3,4,2,55866,0.72,5,nan
9/23/2026 10:29:26,1.17.3,StopSig,76,4.11,nan,1,>Left_Regular_trial,Left,4,4,2,58757,nan,nan,nan
9/23/2026 10:29:26,1.17.3,StopSig,76,4.11,nan,1,Right_Regular_(correct),Left,4,5,2,59040,nan,nan,nan
9/23/2026 10:29:26,1.17.3,StopSig,76,4.12,nan,1,RightDuringDispense,Left,4,6,2,59040,nan,nan,0.02
9/23/2026 10:29:29,1.17.3,StopSig,76,4.12,2,1,Pellet,Left,4,6,3,59040,0.72,5,nan
9/23/2026 10:29:31,1.17.3,StopSig,76,4.12,nan,1,>Left_Regular_trial,Left,5,6,3,64417,nan,nan,nan
9/23/2026 10:29:31,1.17.3,StopSig,76,4.12,nan,1,Right_Regular_(correct),Left,5,7,3,64840,nan,nan,nan
9/23/2026 10:29:34,1.17.3,StopSig,76,4.11,2,1,Pellet,Left,5,7,4,64840,0.83,5,nan
9/23/2026 10:29:35,1.17.3,StopSig,76,4.12,nan,1,>Left_Regular_trial,Left,6,7,4,68102,nan,nan,nan
9/23/2026 10:29:35,1.17.3,StopSig,76,4.11,nan,1,Right_Regular_(correct),Left,6,8,4,68526,nan,nan,nan
9/23/2026 10:29:38,1.17.3,StopSig,76,4.11,2,1,Pellet,Left,6,8,5,68526,0.50,4,nan
9/23/2026 10:29:39,1.17.3,StopSig,76,4.12,nan,1,>Left_Regular_trial,Left,7,8,5,72591,nan,nan,nan
9/23/2026 10:29:40,1.17.3,StopSig,76,4.12,nan,1,Right_Regular_(correct),Left,7,9,5,73296,nan,nan,nan
9/23/2026 10:29:47,1.17.3,StopSig,76,4.11,4,1,Pellet,Left,7,9,6,73296,0.66,9,nan
9/23/2026 10:29:48,1.17.3,StopSig,76,4.12,nan,1,>Left_Regular_trial,Left,8,9,6,80920,nan,nan,nan
9/23/2026 10:29:48,1.17.3,StopSig,76,4.11,nan,1,Right_Regular_(correct),Left,8,10,6,81203,nan,nan,nan
9/23/2026 10:29:48,1.17.3,StopSig,76,4.12,nan,1,RightDuringDispense,Left,8,11,6,81203,nan,nan,0.01
9/23/2026 10:29:51,1.17.3,StopSig,76,4.12,2,1,Pellet,Left,8,11,7,81203,0.44,4,nan
9/23/2026 10:29:52,1.17.3,StopSig,76,4.11,nan,1,>Left_Regular_trial,Left,9,11,7,85169,nan,nan,nan
9/23/2026 10:29:52,1.17.3,StopSig,76,4.12,nan,1,Right_Regular_(correct),Left,9,12,7,85593,nan,nan,nan
9/23/2026 10:29:53,1.17.3,StopSig,76,4.12,nan,1,RightDuringDispense,Left,9,13,7,85593,nan,nan,0.03
9/23/2026 10:29:55,1.17.3,StopSig,76,4.12,2,1,Pellet,Left,9,13,8,85593,0.39,4,nan
9/23/2026 10:29:57,1.17.3,StopSig,76,4.12,nan,1,>Left_Regular_trial,Left,10,13,8,89985,nan,nan,nan
9/23/2026 10:29:57,1.17.3,StopSig,76,4.11,nan,1,Right_Regular_(correct),Left,10,14,8,90409,nan,nan,nan
9/23/2026 10:29:59,1.17.3,StopSig,76,4.11,2,1,Pellet,Left,10,14,9,90409,0.66,4,nan
9/23/2026 10:30:00,1.17.3,StopSig,76,4.11,nan,1,>Left_Regular_trial,Left,11,14,9,93537,nan,nan,nan
9/23/2026 10:30:01,1.17.3,StopSig,76,4.12,nan,1,Right_Regular_(correct),Left,11,15,9,93960,nan,nan,nan
9/23/2026 10:30:02,1.17.3,StopSig,76,4.12,2,1,Pellet,Left,11,15,10,93960,0.33,3,nan
9/23/2026 10:30:13,1.17.3,StopSig,76,4.11,nan,1,>Left_Stop_trial,Left,12,15,10,105950,nan,nan,nan
9/23/2026 10:30:17,1.17.3,StopSig,76,4.12,nan,1,NoPoke_STOP_(correct),Left,12,15,10,110072,nan,nan,nan
9/23/2026 10:30:20,1.17.3,StopSig,76,4.11,2,1,Pellet,Left,12,15,11,110072,0.61,18,nan
9/23/2026 10:30:22,1.17.3,StopSig,76,4.11,nan,1,>Left_Stop_trial,Left,13,15,11,114813,nan,nan,nan
9/23/2026 10:30:22,1.17.3,StopSig,76,4.11,nan,1,Right_STOP_(incorrect),Left,13,16,11,115622,nan,nan,nan
9/23/2026 10:30:56,1.17.3,StopSig,76,4.12,nan,1,>Left_Regular_trial,Left,14,16,11,149460,nan,nan,nan
9/23/2026 10:30:57,1.17.3,StopSig,76,4.11,nan,1,Right_Regular_(correct),Left,14,17,11,150590,nan,nan,nan
9/23/2026 10:31:01,1.17.3,StopSig,76,4.13,3,1,Pellet,Left,14,17,12,150590,0.50,41,nan
9/23/2026 10:31:03,1.17.3,StopSig,76,4.12,nan,1,>Left_Regular_trial,Left,15,17,12,155987,nan,nan,nan
9/23/2026 10:31:04,1.17.3,StopSig,76,4.12,nan,1,Right_Regular_(correct),Left,15,18,12,157263,nan,nan,nan
9/23/2026 10:31:09,1.17.3,StopSig,76,4.12,2,1,Pellet,Left,15,18,13,157263,1.95,8,nan
9/23/2026 10:31:10,1.17.3,StopSig,76,4.12,nan,1,>Left_Regular_trial,Left,16,18,13,163501,nan,nan,nan
9/23/2026 10:31:11,1.17.3,StopSig,76,4.13,nan,1,Right_Regular_(correct),Left,16,19,13,164914,nan,nan,nan
9/23/2026 10:31:15,1.17.3,StopSig,76,4.11,2,1,Pellet,Left,16,19,14,164914,0.72,6,nan
9/23/2026 10:31:17,1.17.3,StopSig,76,4.12,nan,1,>Left_Stop_trial,Left,17,19,14,169764,nan,nan,nan
9/23/2026 10:31:20,1.17.3,StopSig,76,4.11,nan,1,NoPoke_STOP_(correct),Left,17,19,14,173131,nan,nan,nan
9/23/2026 10:31:27,1.17.3,StopSig,76,4.02,4,1,Pellet,Left,17,19,15,173131,2.40,12,nan
9/23/2026 10:32:48,1.17.3,StopSig,76,4.00,nan,1,Right_no_left,Left,17,20,15,173131,nan,nan,nan
9/23/2026 11:41:03,1.17.3,StopSig,76,3.98,nan,1,>Left_Regular_trial,Left,18,20,15,4358063,nan,nan,nan
9/23/2026 11:41:07,1.17.3,StopSig,76,3.98,nan,1,NoPoke_Regular_(incorrect),Left,18,20,15,4361728,nan,nan,nan
9/23/2026 11:41:56,1.17.3,StopSig,76,3.98,nan,1,Right_no_left,Left,18,21,15,4361728,nan,nan,nan
9/23/2026 11:42:09,1.17.3,StopSig,76,3.98,nan,1,Right_no_left,Left,18,22,15,4411352,nan,nan,nan
9/23/2026 11:43:20,1.17.3,StopSig,76,3.97,nan,1,>Left_Stop_trial,Left,19,22,15,4494145,nan,nan,nan
9/23/2026 11:43:20,1.17.3,StopSig,76,3.98,nan,1,Right_STOP_(incorrect),Left,19,23,15,4495375,nan,nan,nan
9/23/2026 11:44:02,1.17.3,StopSig,76,3.98,nan,1,Right_no_left,Left,19,24,15,4495375,nan,nan,nan
9/23/2026 11:45:20,1.17.3,StopSig,76,3.98,nan,1,Right_no_left,Left,19,25,15,4537534,nan,nan,nan
9/23/2026 11:45:39,1.17.3,StopSig,76,3.98,nan,1,>Left_Regular_trial,Left,20,25,15,4634235,nan,nan,nan
9/23/2026 11:45:40,1.17.3,StopSig,76,3.98,nan,1,Right_Regular_(correct),Left,20,26,15,4635224,nan,nan,nan
9/23/2026 11:45:47,1.17.3,StopSig,76,3.98,3,1,Pellet,Left,20,26,16,4635224,1.55,4460,nan
9/23/2026 11:46:00,1.17.3,StopSig,76,3.98,nan,1,>Left_Regular_trial,Left,21,26,16,4655005,nan,nan,nan
9/23/2026 11:46:01,1.17.3,StopSig,76,3.98,nan,1,Right_Regular_(correct),Left,21,27,16,4656423,nan,nan,nan
9/23/2026 11:46:03,1.17.3,StopSig,76,3.98,1,1,Pellet,Left,21,27,17,4656423,0.44,16,nan
9/23/2026 11:46:30,1.17.3,StopSig,76,3.98,nan,1,>Left_Regular_trial,Left,22,27,17,4685355,nan,nan,nan
9/23/2026 11:46:33,1.17.3,StopSig,76,3.98,nan,1,Right_Regular_(correct),Left,22,28,17,4687753,nan,nan,nan
9/23/2026 11:46:34,1.17.3,StopSig,76,3.98,1,1,Pellet,Left,22,28,18,4687753,0.50,31,nan
9/23/2026 11:46:46,1.17.3,StopSig,76,3.98,nan,1,Right_no_left,Left,22,29,18,4687753,nan,nan,nan
9/23/2026 11:46:48,1.17.3,StopSig,76,3.98,nan,1,Right_no_left,Left,22,30,18,4701089,nan,nan,nan
9/23/2026 11:46:50,1.17.3,StopSig,76,3.98,nan,1,>Left_Stop_trial,Left,23,30,18,4704761,nan,nan,nan
9/23/2026 11:46:53,1.17.3,StopSig,76,3.98,nan,1,Right_STOP_(incorrect),Left,23,31,18,4708413,nan,nan,nan
9/23/2026 11:48:10,1.17.3,StopSig,76,3.98,nan,1,>Left_Regular_trial,Left,24,31,18,4785254,nan,nan,nan
9/23/2026 11:48:14,1.17.3,StopSig,76,3.98,nan,1,NoPoke_Regular_(incorrect),Left,24,31,18,4788788,nan,nan,nan
9/23/2026 11:48:47,1.17.3,StopSig,76,3.98,nan,1,Right_no_left,Left,24,32,18,4788788,nan,nan,nan
9/23/2026 11:48:48,1.17.3,StopSig,76,3.98,nan,1,Right_no_left,Left,24,33,18,4822058,nan,nan,nan
9/23/2026 11:48:51,1.17.3,StopSig,76,3.98,nan,1,Right_no_left,Left,24,34,18,4823470,nan,nan,nan
9/23/2026 11:48:53,1.17.3,StopSig,76,3.98,nan,1,Right_no_left,Left,24,35,18,4825870,nan,nan,nan
9/23/2026 11:48:54,1.17.3,StopSig,76,3.97,nan,1,Right_no_left,Left,24,36,18,4828135,nan,nan,nan
9/23/2026 11:51:18,1.17.3,StopSig,76,3.98,nan,1,Right_no_left,Left,24,37,18,4829123,nan,nan,nan
9/23/2026 11:51:22,1.17.3,StopSig,76,3.97,nan,1,Right_no_left,Left,24,38,18,4973404,nan,nan,nan
9/23/2026 11:51:24,1.17.3,StopSig,76,3.97,nan,1,>Left_Regular_trial,Left,25,38,18,4979187,nan,nan,nan
9/23/2026 11:51:25,1.17.3,StopSig,76,3.98,nan,1,Right_Regular_(correct),Left,25,39,18,4979904,nan,nan,nan
9/23/2026 11:51:26,1.17.3,StopSig,76,3.98,1,1,Pellet,Left,25,39,19,4979904,0.22,292,nan
9/23/2026 11:51:58,1.17.3,StopSig,76,3.98,nan,1,Right_no_left,Left,25,40,19,4979904,nan,nan,nan
9/23/2026 11:52:00,1.17.3,StopSig,76,3.98,nan,1,>Left_Regular_trial,Left,26,40,19,5014656,nan,nan,nan
9/23/2026 11:52:01,1.17.3,StopSig,76,3.98,nan,1,Right_Regular_(correct),Left,26,41,19,5015645,nan,nan,nan
9/23/2026 11:52:01,1.17.3,StopSig,76,3.98,1,1,Pellet,Left,26,41,20,5015645,0.22,35,nan
9/23/2026 11:52:19,1.17.3,StopSig,76,3.98,nan,1,Right_no_left,Left,26,42,20,5015645,nan,nan,nan
9/23/2026 11:52:24,1.17.3,StopSig,76,3.98,nan,1,Right_no_left,Left,26,43,20,5034116,nan,nan,nan
9/23/2026 11:52:26,1.17.3,StopSig,76,3.98,nan,1,>Left_Regular_trial,Left,27,43,20,5040616,nan,nan,nan
9/23/2026 11:52:28,1.17.3,StopSig,76,3.98,nan,1,Right_Regular_(correct),Left,27,44,20,5043016,nan,nan,nan
9/23/2026 11:52:31,1.17.3,StopSig,76,3.98,3,1,Pellet,Left,27,44,21,5043016,0.22,30,nan
9/23/2026 11:52:41,1.17.3,StopSig,76,3.98,nan,1,Right_no_left,Left,27,45,21,5043016,nan,nan,nan
9/23/2026 11:52:46,1.17.3,StopSig,76,3.98,nan,1,Right_no_left,Left,27,46,21,5055954,nan,nan,nan
9/23/2026 11:53:19,1.17.3,StopSig,76,3.98,nan,1,>Left_Stop_trial,Left,28,46,21,5093487,nan,nan,nan
9/23/2026 11:53:22,1.17.3,StopSig,76,3.97,nan,1,NoPoke_STOP_(correct),Left,28,46,21,5096936,nan,nan,nan
9/23/2026 11:53:26,1.17.3,StopSig,76,3.98,2,1,Pellet,Left,28,46,22,5096936,3.06,55,nan
9/23/2026 11:53:38,1.17.3,StopSig,76,3.98,nan,1,Right_no_left,Left,28,47,22,5096936,nan,nan,nan
9/23/2026 11:56:30,1.17.3,StopSig,76,3.98,nan,1,Right_no_left,Left,28,48,22,5112814,nan,nan,nan
9/23/2026 12:00:45,1.17.3,StopSig,76,3.98,nan,1,Right_no_left,Left,28,49,22,5285825,nan,nan,nan
9/23/2026 12:03:07,1.17.3,StopSig,76,3.98,nan,1,>Left_Regular_trial,Left,29,49,22,5682240,nan,nan,nan
9/23/2026 12:03:09,1.17.3,StopSig,76,3.97,nan,1,Right_Regular_(correct),Left,29,50,22,5684078,nan,nan,nan
9/23/2026 12:03:10,1.17.3,StopSig,76,3.98,2,1,Pellet,Left,29,50,23,5684078,0.44,584,nan
9/23/2026 12:05:45,1.17.3,StopSig,76,3.98,nan,1,>Left_Regular_trial,Left,30,50,23,5840217,nan,nan,nan
9/23/2026 12:05:49,1.17.3,StopSig,76,3.97,nan,1,NoPoke_Regular_(incorrect),Left,30,50,23,5844035,nan,nan,nan
9/23/2026 12:08:13,1.17.3,StopSig,76,3.98,nan,1,>Left_Regular_trial,Left,31,50,23,5988449,nan,nan,nan
9/23/2026 12:08:17,1.17.3,StopSig,76,3.98,nan,1,NoPoke_Regular_(incorrect),Left,31,50,23,5992124,nan,nan,nan
9/23/2026 12:09:58,1.17.3,StopSig,76,3.97,nan,1,Right_no_left,Left,31,51,23,5992124,nan,nan,nan
9/23/2026 12:10:37,1.17.3,StopSig,76,3.98,nan,1,>Left_Regular_trial,Left,32,51,23,6132591,nan,nan,nan
9/23/2026 12:10:41,1.17.3,StopSig,76,3.98,nan,1,NoPoke_Regular_(incorrect),Left,32,51,23,6136261,nan,nan,nan
9/23/2026 12:11:16,1.17.3,StopSig,76,3.97,nan,1,>Left_Regular_trial,Left,33,51,23,6171365,nan,nan,nan
9/23/2026 12:11:20,1.17.3,StopSig,76,3.98,nan,1,NoPoke_Regular_(incorrect),Left,33,51,23,6175174,nan,nan,nan
9/23/2026 12:12:28,1.17.3,StopSig,76,3.97,nan,1,Right_no_left,Left,33,52,23,6175174,nan,nan,nan
9/23/2026 12:15:32,1.17.3,StopSig,76,3.97,nan,1,Right_no_left,Left,33,53,23,6243456,nan,nan,nan
9/23/2026 12:15:34,1.17.3,StopSig,76,3.97,nan,1,>Left_Stop_trial,Left,34,53,23,6428529,nan,nan,nan
9/23/2026 12:15:34,1.17.3,StopSig,76,3.97,nan,1,Right_STOP_(incorrect),Left,34,54,23,6429419,nan,nan,nan
9/23/2026 12:16:05,1.17.3,StopSig,76,3.97,nan,1,>Left_Stop_trial,Left,35,54,23,6459726,nan,nan,nan
9/23/2026 12:16:08,1.17.3,StopSig,76,3.97,nan,1,NoPoke_STOP_(correct),Left,35,54,23,6463383,nan,nan,nan
9/23/2026 12:16:12,1.17.3,StopSig,76,3.97,2,1,Pellet,Left,35,54,24,6463383,0.83,782,nan
9/23/2026 12:16:58,1.17.3,StopSig,76,3.97,nan,1,Right_no_left,Left,35,55,24,6463383,nan,nan,nan
9/23/2026 12:18:39,1.17.3,StopSig,76,3.97,nan,1,>Left_Regular_trial,Left,36,55,24,6614321,nan,nan,nan
9/23/2026 12:18:42,1.17.3,StopSig,76,3.97,nan,1,Right_Regular_(correct),Left,36,56,24,6617431,nan,nan,nan
9/23/2026 12:18:43,1.17.3,StopSig,76,3.97,1,1,Pellet,Left,36,56,25,6617431,0.55,151,nan
9/23/2026 12:18:59,1.17.3,StopSig,76,3.97,nan,1,>Left_Regular_trial,Left,37,56,25,6634458,nan,nan,nan
9/23/2026 12:18:59,1.17.3,StopSig,76,3.97,nan,1,Right_Regular_(correct),Left,37,57,25,6635023,nan,nan,nan
9/23/2026 12:19:00,1.17.3,StopSig,76,3.97,1,1,Pellet,Left,37,57,26,6635023,0.27,17,nan
9/23/2026 12:21:54,1.17.3,StopSig,76,3.97,nan,1,Right_no_left,Left,37,58,26,6635023,nan,nan,nan
9/23/2026 12:24:42,1.17.3,StopSig,76,3.97,nan,1,Right_no_left,Left,37,59,26,6810000,nan,nan,nan
9/23/2026 12:28:58,1.17.3,StopSig,76,3.97,nan,1,Right_no_left,Left,37,60,26,6977578,nan,nan,nan
9/23/2026 12:29:01,1.17.3,StopSig,76,3.97,nan,1,>Left_Regular_trial,Left,38,60,26,7236196,nan,nan,nan
9/23/2026 12:29:04,1.17.3,StopSig,76,3.97,nan,1,NoPoke_Regular_(incorrect),Left,38,60,26,7239592,nan,nan,nan
9/23/2026 12:29:59,1.17.3,StopSig,76,3.97,nan,1,>Left_Regular_trial,Left,39,60,26,7294668,nan,nan,nan
9/23/2026 12:30:00,1.17.3,StopSig,76,3.97,nan,1,Right_Regular_(correct),Left,39,61,26,7295941,nan,nan,nan
9/23/2026 12:30:01,1.17.3,StopSig,76,3.97,2,1,Pellet,Left,39,61,27,7295941,0.16,661,nan
9/23/2026 12:30:15,1.17.3,StopSig,76,3.97,nan,1,>Left_Regular_trial,Left,40,61,27,7310581,nan,nan,nan
9/23/2026 12:30:19,1.17.3,StopSig,76,3.98,nan,1,NoPoke_Regular_(incorrect),Left,40,61,27,7314536,nan,nan,nan
9/23/2026 12:32:34,1.17.3,StopSig,76,3.97,nan,1,>Left_Regular_trial,Left,41,61,27,7449435,nan,nan,nan
9/23/2026 12:32:38,1.17.3,StopSig,76,3.97,nan,1,NoPoke_Regular_(incorrect),Left,41,61,27,7453669,nan,nan,nan
9/23/2026 12:33:48,1.17.3,StopSig,76,3.97,nan,1,Right_no_left,Left,41,62,27,7453669,nan,nan,nan
9/23/2026 12:37:28,1.17.3,StopSig,76,3.97,nan,1,Right_no_left,Left,41,63,27,7523924,nan,nan,nan
9/23/2026 12:40:06,1.17.3,StopSig,76,3.97,nan,1,Right_no_left,Left,41,64,27,7744349,nan,nan,nan
9/23/2026 12:41:12,1.17.3,StopSig,76,3.97,nan,1,>Left_Regular_trial,Left,42,64,27,7967563,nan,nan,nan
9/23/2026 12:41:12,1.17.3,StopSig,76,3.96,nan,1,Right_Regular_(correct),Left,42,65,27,7968410,nan,nan,nan
9/23/2026 12:41:13,1.17.3,StopSig,76,3.97,1,1,Pellet,Left,42,65,28,7968410,0.22,672,nan
9/23/2026 12:42:05,1.17.3,StopSig,76,3.97,nan,1,Right_no_left,Left,42,66,28,7968410,nan,nan,nan
9/23/2026 12:42:09,1.17.3,StopSig,76,3.97,nan,1,Right_no_left,Left,42,67,28,8021579,nan,nan,nan
9/23/2026 12:42:24,1.17.3,StopSig,76,3.97,nan,1,Right_no_left,Left,42,68,28,8024832,nan,nan,nan
9/23/2026 12:42:25,1.17.3,StopSig,76,3.96,nan,1,Right_no_left,Left,42,69,28,8039956,nan,nan,nan
9/23/2026 12:42:29,1.17.3,StopSig,76,3.97,nan,1,>Left_Stop_trial,Left,43,69,28,8044482,nan,nan,nan
9/23/2026 12:42:31,1.17.3,StopSig,76,3.97,nan,1,Right_STOP_(incorrect),Left,43,70,28,8046688,nan,nan,nan
9/23/2026 12:43:01,1.17.3,StopSig,76,3.97,nan,1,>Left_Regular_trial,Left,44,70,28,8076995,nan,nan,nan
9/23/2026 12:43:05,1.17.3,StopSig,76,3.97,nan,1,NoPoke_Regular_(incorrect),Left,44,70,28,8080810,nan,nan,nan
9/23/2026 12:45:45,1.17.3,StopSig,76,3.97,nan,1,>Left_Regular_trial,Left,45,70,28,8240777,nan,nan,nan
9/23/2026 12:45:49,1.17.3,StopSig,76,3.97,nan,1,NoPoke_Regular_(incorrect),Left,45,70,28,8244876,nan,nan,nan
9/23/2026 12:48:31,1.17.3,StopSig,76,3.96,nan,1,>Left_Regular_trial,Left,46,70,28,8406884,nan,nan,nan
9/23/2026 12:48:32,1.17.3,StopSig,76,3.97,nan,1,Right_Regular_(correct),Left,46,71,28,8407874,nan,nan,nan
9/23/2026 12:48:33,1.17.3,StopSig,76,3.96,1,1,Pellet,Left,46,71,29,8407874,0.39,440,nan
9/23/2026 12:49:08,1.17.3,StopSig,76,3.97,nan,1,Right_no_left,Left,46,72,29,8407874,nan,nan,nan
9/23/2026 12:49:11,1.17.3,StopSig,76,3.96,nan,1,Right_no_left,Left,46,73,29,8444036,nan,nan,nan
9/23/2026 12:49:17,1.17.3,StopSig,76,3.97,nan,1,>Left_Regular_trial,Left,47,73,29,8452943,nan,nan,nan
9/23/2026 12:49:19,1.17.3,StopSig,76,3.97,nan,1,Right_Regular_(correct),Left,47,74,29,8454920,nan,nan,nan
9/23/2026 12:49:20,1.17.3,StopSig,76,3.97,1,1,Pellet,Left,47,74,30,8454920,0.55,47,nan
9/23/2026 12:49:45,1.17.3,StopSig,76,3.97,nan,1,Right_no_left,Left,47,75,30,8454920,nan,nan,nan
9/23/2026 12:51:02,1.17.3,StopSig,76,3.97,nan,1,>Left_Regular_trial,Left,48,75,30,8558432,nan,nan,nan
9/23/2026 12:51:05,1.17.3,StopSig,76,3.96,nan,1,Right_Regular_(correct),Left,48,76,30,8561274,nan,nan,nan
9/23/2026 12:51:06,1.17.3,StopSig,76,3.97,1,1,Pellet,Left,48,76,31,8561274,0.22,106,nan
9/23/2026 12:51:39,1.17.3,StopSig,76,3.97,nan,1,Right_no_left,Left,48,77,31,8561274,nan,nan,nan
9/23/2026 12:51:41,1.17.3,StopSig,76,3.97,nan,1,>Left_Regular_trial,Left,49,77,31,8596693,nan,nan,nan
9/23/2026 12:51:44,1.17.3,StopSig,76,3.97,nan,1,NoPoke_Regular_(incorrect),Left,49,77,31,8599937,nan,nan,nan
9/23/2026 12:55:18,1.17.3,StopSig,76,3.97,nan,1,Right_no_left,Left,49,78,31,8599937,nan,nan,nan
9/23/2026 12:55:33,1.17.3,StopSig,76,3.97,nan,1,Right_no_left,Left,49,79,31,8813985,nan,nan,nan
9/23/2026 12:55:34,1.17.3,StopSig,76,3.97,nan,1,>Left_Regular_trial,Left,50,79,31,8830087,nan,nan,nan
9/23/2026 12:55:38,1.17.3,StopSig,76,3.97,nan,1,NoPoke_Regular_(incorrect),Left,50,79,31,8833901,nan,nan,nan
9/23/2026 12:56:36,1.17.3,StopSig,76,3.96,nan,1,>Left_Regular_trial,Left,51,79,31,8892181,nan,nan,nan
9/23/2026 12:56:40,1.17.3,StopSig,76,3.97,nan,1,NoPoke_Regular_(incorrect),Left,51,79,31,8895999,nan,nan,nan
9/23/2026 13:01:00,1.17.3,StopSig,76,3.96,nan,1,Right_no_left,Left,51,80,31,8895999,nan,nan,nan
9/23/2026 13:01:14,1.17.3,StopSig,76,3.96,nan,1,Right_no_left,Left,51,81,31,9156067,nan,nan,nan
9/23/2026 13:02:08,1.17.3,StopSig,76,3.96,nan,1,Right_no_left,Left,51,82,31,9170319,nan,nan,nan
9/23/2026 13:04:47,1.17.3,StopSig,76,3.96,nan,1,Right_no_left,Left,51,83,31,9224040,nan,nan,nan
9/23/2026 13:04:50,1.17.3,StopSig,76,3.97,nan,1,>Left_Regular_trial,Left,52,83,31,9386430,nan,nan,nan
9/23/2026 13:04:51,1.17.3,StopSig,76,3.96,nan,1,Right_Regular_(correct),Left,52,84,31,9387136,nan,nan,nan
9/23/2026 13:04:52,1.17.3,StopSig,76,3.97,1,1,Pellet,Left,52,84,32,9387136,0.33,826,nan
9/23/2026 13:07:43,1.17.3,StopSig,76,3.96,nan,1,Right_no_left,Left,52,85,32,9387136,nan,nan,nan
9/23/2026 13:07:46,1.17.3,StopSig,76,3.96,nan,1,Right_no_left,Left,52,86,32,9559865,nan,nan,nan
9/23/2026 13:09:54,1.17.3,StopSig,76,3.97,nan,1,>Left_Regular_trial,Left,53,86,32,9690761,nan,nan,nan
9/23/2026 13:09:56,1.17.3,StopSig,76,3.96,nan,1,Right_Regular_(correct),Left,53,87,32,9692035,nan,nan,nan
9/23/2026 13:09:57,1.17.3,StopSig,76,3.96,1,1,Pellet,Left,53,87,33,9692035,0.33,305,nan
9/23/2026 13:10:19,1.17.3,StopSig,76,3.96,nan,1,Right_no_left,Left,53,88,33,9692035,nan,nan,nan
9/23/2026 13:10:23,1.17.3,StopSig,76,3.97,nan,1,Right_no_left,Left,53,89,33,9715704,nan,nan,nan
9/23/2026 13:10:25,1.17.3,StopSig,76,3.96,nan,1,>Left_Regular_trial,Left,54,89,33,9721783,nan,nan,nan
9/23/2026 13:10:26,1.17.3,StopSig,76,3.96,nan,1,Right_Regular_(correct),Left,54,90,33,9722778,nan,nan,nan
9/23/2026 13:10:27,1.17.3,StopSig,76,3.96,1,1,Pellet,Left,54,90,34,9722778,0.33,30,nan
9/23/2026 13:10:47,1.17.3,StopSig,76,3.96,nan,1,>Left_Regular_trial,Left,55,90,34,9743610,nan,nan,nan
9/23/2026 13:10:51,1.17.3,StopSig,76,3.96,nan,1,NoPoke_Regular_(incorrect),Left,55,90,34,9747142,nan,nan,nan
9/23/2026 13:14:47,1.17.3,StopSig,76,3.96,nan,1,Right_no_left,Left,55,91,34,9747142,nan,nan,nan
9/23/2026 13:14:50,1.17.3,StopSig,76,3.96,nan,1,>Left_Regular_trial,Left,56,91,34,9985897,nan,nan,nan
9/23/2026 13:14:51,1.17.3,StopSig,76,3.97,nan,1,Right_Regular_(correct),Left,56,92,34,9987450,nan,nan,nan
9/23/2026 13:14:52,1.17.3,StopSig,76,3.96,1,1,Pellet,Left,56,92,35,9987450,0.27,265,nan
9/23/2026 13:15:46,1.17.3,StopSig,76,3.97,nan,1,Right_no_left,Left,56,93,35,9987450,nan,nan,nan
9/23/2026 13:20:13,1.17.3,StopSig,76,3.96,nan,1,Right_no_left,Left,56,94,35,10042425,nan,nan,nan
9/23/2026 13:20:18,1.17.3,StopSig,76,3.96,nan,1,Right_no_left,Left,56,95,35,10309416,nan,nan,nan
9/23/2026 13:20:20,1.17.3,StopSig,76,3.96,nan,1,Right_no_left,Left,56,96,35,10314931,nan,nan,nan
9/23/2026 13:20:20,1.17.3,StopSig,76,3.96,nan,1,Right_no_left,Left,56,97,35,10316346,nan,nan,nan
9/23/2026 13:20:26,1.17.3,StopSig,76,3.97,nan,1,>Left_Regular_trial,Left,57,97,35,10322285,nan,nan,nan
9/23/2026 13:20:28,1.17.3,StopSig,76,3.96,nan,1,Right_Regular_(correct),Left,57,98,35,10324263,nan,nan,nan
9/23/2026 13:20:29,1.17.3,StopSig,76,3.96,1,1,Pellet,Left,57,98,36,10324263,0.55,337,nan
9/23/2026 13:20:48,1.17.3,StopSig,76,3.96,nan,1,Right_no_left,Left,57,99,36,10324263,nan,nan,nan
9/23/2026 13:23:29,1.17.3,StopSig,76,3.96,nan,1,Right_no_left,Left,57,100,36,10345079,nan,nan,nan
9/23/2026 13:23:32,1.17.3,StopSig,76,3.96,nan,1,Right_no_left,Left,57,101,36,10505367,nan,nan,nan
9/23/2026 13:23:32,1.17.3,StopSig,76,3.96,nan,1,Right_no_left,Left,57,102,36,10508481,nan,nan,nan
9/23/2026 13:23:37,1.17.3,StopSig,76,3.96,nan,1,>Left_Regular_trial,Left,58,102,36,10513582,nan,nan,nan
9/23/2026 13:23:38,1.17.3,StopSig,76,3.96,nan,1,Right_Regular_(correct),Left,58,103,36,10514301,nan,nan,nan
9/23/2026 13:23:39,1.17.3,StopSig,76,3.96,1,1,Pellet,Left,58,103,37,10514301,0.27,190,nan
9/23/2026 13:25:26,1.17.3,StopSig,76,3.96,nan,1,Right_no_left,Left,58,104,37,10514301,nan,nan,nan
9/23/2026 13:25:27,1.17.3,StopSig,76,3.96,nan,1,Right_no_left,Left,58,105,37,10622868,nan,nan,nan
9/23/2026 13:25:29,1.17.3,StopSig,76,3.96,nan,1,Right_no_left,Left,58,106,37,10623724,nan,nan,nan
9/23/2026 13:25:34,1.17.3,StopSig,76,3.96,nan,1,Right_no_left,Left,58,107,37,10626130,nan,nan,nan
9/23/2026 13:25:35,1.17.3,StopSig,76,3.96,nan,1,Right_no_left,Left,58,108,37,10630660,nan,nan,nan
9/23/2026 13:25:37,1.17.3,StopSig,76,3.97,nan,1,>Left_Regular_trial,Left,59,108,37,10633208,nan,nan,nan
9/23/2026 13:25:38,1.17.3,StopSig,76,3.96,nan,1,Right_Regular_(correct),Left,59,109,37,10634483,nan,nan,nan
9/23/2026 13:25:39,1.17.3,StopSig,76,3.96,2,1,Pellet,Left,59,109,38,10634483,0.11,120,nan
9/23/2026 13:25:59,1.17.3,StopSig,76,3.96,nan,1,>Left_Regular_trial,Left,60,109,38,10655305,nan,nan,nan
9/23/2026 13:25:59,1.17.3,StopSig,76,3.96,nan,1,Right_Regular_(correct),Left,60,110,38,10656155,nan,nan,nan
9/23/2026 13:26:01,1.17.3,StopSig,76,3.96,1,1,Pellet,Left,60,110,39,10656155,0.94,22,nan
9/23/2026 13:30:49,1.17.3,StopSig,76,3.96,nan,1,Right_no_left,Left,60,111,39,10656155,nan,nan,nan
9/23/2026 13:33:11,1.17.3,StopSig,76,3.96,nan,1,Right_no_left,Left,60,112,39,10945539,nan,nan,nan
9/23/2026 13:33:16,1.17.3,StopSig,76,3.96,nan,1,Right_no_left,Left,60,113,39,11088253,nan,nan,nan
9/23/2026 13:38:29,1.17.3,StopSig,76,3.96,nan,1,Right_no_left,Left,60,114,39,11093204,nan,nan,nan
9/23/2026 13:38:30,1.17.3,StopSig,76,3.96,nan,1,Right_no_left,Left,60,115,39,11406380,nan,nan,nan
9/23/2026 13:38:32,1.17.3,StopSig,76,3.96,nan,1,>Left_Regular_trial,Left,61,115,39,11408927,nan,nan,nan
9/23/2026 13:38:36,1.17.3,StopSig,76,3.96,nan,1,NoPoke_Regular_(incorrect),Left,61,115,39,11412603,nan,nan,nan
9/23/2026 13:39:33,1.17.3,StopSig,76,3.96,nan,1,Right_no_left,Left,61,116,39,11412603,nan,nan,nan
9/23/2026 13:39:33,1.17.3,StopSig,76,3.96,nan,1,Right_no_left,Left,61,117,39,11469776,nan,nan,nan
9/23/2026 13:39:35,1.17.3,StopSig,76,3.96,nan,1,>Left_Stop_trial,Left,62,117,39,11471472,nan,nan,nan
9/23/2026 13:39:36,1.17.3,StopSig,76,3.96,nan,1,Right_STOP_(incorrect),Left,62,118,39,11472629,nan,nan,nan
9/23/2026 13:40:06,1.17.3,StopSig,76,3.96,nan,1,>Left_Regular_trial,Left,63,118,39,11502937,nan,nan,nan
9/23/2026 13:40:10,1.17.3,StopSig,76,3.96,nan,1,NoPoke_Regular_(incorrect),Left,63,118,39,11506622,nan,nan,nan
9/23/2026 13:40:54,1.17.3,StopSig,76,3.96,nan,1,Right_no_left,Left,63,119,39,11506622,nan,nan,nan
9/23/2026 13:41:25,1.17.3,StopSig,76,3.96,nan,1,Right_no_left,Left,63,120,39,11551218,nan,nan,nan
9/23/2026 13:41:27,1.17.3,StopSig,76,3.97,nan,1,Right_no_left,Left,63,121,39,11582169,nan,nan,nan
9/23/2026 13:41:29,1.17.3,StopSig,76,3.96,nan,1,Right_no_left,Left,63,122,39,11583725,nan,nan,nan
9/23/2026 13:41:31,1.17.3,StopSig,76,3.96,nan,1,Right_no_left,Left,63,123,39,11585561,nan,nan,nan
9/23/2026 13:41:35,1.17.3,StopSig,76,3.96,nan,1,Right_no_left,Left,63,124,39,11588107,nan,nan,nan
9/23/2026 13:41:37,1.17.3,StopSig,76,3.96,nan,1,>Left_Regular_trial,Left,64,124,39,11593763,nan,nan,nan
9/23/2026 13:41:38,1.17.3,StopSig,76,3.96,nan,1,Right_Regular_(correct),Left,64,125,39,11594612,nan,nan,nan
9/23/2026 13:41:41,1.17.3,StopSig,76,3.96,2,1,Pellet,Left,64,125,40,11594612,0.16,940,nan
9/23/2026 13:42:17,1.17.3,StopSig,76,3.96,nan,1,Right_no_left,Left,64,126,40,11594612,nan,nan,nan
9/23/2026 13:42:18,1.17.3,StopSig,76,3.96,nan,1,Right_no_left,Left,64,127,40,11633656,nan,nan,nan
9/23/2026 13:42:19,1.17.3,StopSig,76,3.96,nan,1,>Left_Regular_trial,Left,65,127,40,11636083,nan,nan,nan
9/23/2026 13:42:20,1.17.3,StopSig,76,3.96,nan,1,Right_Regular_(correct),Left,65,128,40,11637214,nan,nan,nan
9/23/2026 13:42:21,1.17.3,StopSig,76,3.96,1,1,Pellet,Left,65,128,41,11637214,0.33,40,nan
9/23/2026 13:43:35,1.17.3,StopSig,76,3.96,nan,1,Right_no_left,Left,65,129,41,11637214,nan,nan,nan
9/23/2026 13:43:36,1.17.3,StopSig,76,3.96,nan,1,Right_no_left,Left,65,130,41,11711629,nan,nan,nan
9/23/2026 13:43:37,1.17.3,StopSig,76,3.96,nan,1,Right_no_left,Left,65,131,41,11713326,nan,nan,nan
9/23/2026 13:43:39,1.17.3,StopSig,76,3.96,nan,1,>Left_Regular_trial,Left,66,131,41,11715728,nan,nan,nan
9/23/2026 13:43:41,1.17.3,StopSig,76,3.96,nan,1,Right_Regular_(correct),Left,66,132,41,11717565,nan,nan,nan
9/23/2026 13:43:42,1.17.3,StopSig,76,3.96,1,1,Pellet,Left,66,132,42,11717565,0.61,81,nan
9/23/2026 13:44:05,1.17.3,StopSig,76,3.96,nan,1,Right_no_left,Left,66,133,42,11717565,nan,nan,nan
9/23/2026 13:44:06,1.17.3,StopSig,76,3.96,nan,1,Right_no_left,Left,66,134,42,11742238,nan,nan,nan
9/23/2026 13:44:09,1.17.3,StopSig,76,3.96,nan,1,Right_no_left,Left,66,135,42,11743229,nan,nan,nan
9/23/2026 13:44:11,1.17.3,StopSig,76,3.96,nan,1,Right_no_left,Left,66,136,42,11745775,nan,nan,nan
9/23/2026 13:44:16,1.17.3,StopSig,76,3.96,nan,1,>Left_Regular_trial,Left,67,136,42,11753139,nan,nan,nan
9/23/2026 13:44:17,1.17.3,StopSig,76,3.96,nan,1,Right_Regular_(correct),Left,67,137,42,11754129,nan,nan,nan
9/23/2026 13:44:18,1.17.3,StopSig,76,3.96,1,1,Pellet,Left,67,137,43,11754129,0.27,36,nan
9/23/2026 13:44:35,1.17.3,StopSig,76,3.96,nan,1,Right_no_left,Left,67,138,43,11754129,nan,nan,nan
9/23/2026 13:44:37,1.17.3,StopSig,76,3.96,nan,1,>Left_Regular_trial,Left,68,138,43,11773927,nan,nan,nan
9/23/2026 13:44:38,1.17.3,StopSig,76,3.96,nan,1,Right_Regular_(correct),Left,68,139,43,11774641,nan,nan,nan
9/23/2026 13:44:39,1.17.3,StopSig,76,3.96,1,1,Pellet,Left,68,139,44,11774641,0.44,21,nan
9/23/2026 13:44:59,1.17.3,StopSig,76,3.96,nan,1,Right_no_left,Left,68,140,44,11774641,nan,nan,nan
9/23/2026 13:45:01,1.17.3,StopSig,76,3.96,nan,1,Right_no_left,Left,68,141,44,11796518,nan,nan,nan
9/23/2026 13:45:03,1.17.3,StopSig,76,3.96,nan,1,>Left_Regular_trial,Left,69,141,44,11799487,nan,nan,nan
9/23/2026 13:45:06,1.17.3,StopSig,76,3.96,nan,1,NoPoke_Regular_(incorrect),Left,69,141,44,11802744,nan,nan,nan
9/23/2026 13:49:46,1.17.3,StopSig,76,3.96,nan,1,>Left_Regular_trial,Left,70,141,44,12082440,nan,nan,nan
9/23/2026 13:49:47,1.17.3,StopSig,76,3.96,nan,1,Right_Regular_(correct),Left,70,142,44,12083993,nan,nan,nan
9/23/2026 13:49:47,1.17.3,StopSig,76,3.96,nan,1,RightDuringDispense,Left,70,143,44,12083993,nan,nan,0.00
9/23/2026 13:49:48,1.17.3,StopSig,76,3.92,nan,1,RightDuringDispense,Left,70,144,44,12083993,nan,nan,0.05
9/23/2026 13:49:48,1.17.3,StopSig,76,3.96,1,1,Pellet,Left,70,144,45,12083993,0.11,309,nan
9/23/2026 13:50:08,1.17.3,StopSig,76,3.96,nan,1,>Left_Regular_trial,Left,71,144,45,12105183,nan,nan,nan
9/23/2026 13:50:12,1.17.3,StopSig,76,3.96,nan,1,NoPoke_Regular_(incorrect),Left,71,144,45,12108714,nan,nan,nan
9/23/2026 13:51:34,1.17.3,StopSig,76,3.96,nan,1,>Left_Stop_trial,Left,72,144,45,12190125,nan,nan,nan
9/23/2026 13:51:37,1.17.3,StopSig,76,3.96,nan,1,NoPoke_STOP_(correct),Left,72,144,45,12193851,nan,nan,nan
9/23/2026 13:51:44,1.17.3,StopSig,76,3.96,1,1,Pellet,Left,72,144,46,12193851,6.87,116,nan
9/23/2026 13:52:08,1.17.3,StopSig,76,3.96,nan,1,Right_no_left,Left,72,145,46,12193851,nan,nan,nan
9/23/2026 13:52:18,1.17.3,StopSig,76,3.96,nan,1,Right_no_left,Left,72,146,46,12224943,nan,nan,nan
9/23/2026 13:52:25,1.17.3,StopSig,76,3.96,nan,1,>Left_Regular_trial,Left,73,146,46,12242070,nan,nan,nan
9/23/2026 13:52:27,1.17.3,StopSig,76,3.96,nan,1,Right_Regular_(correct),Left,73,147,46,12243626,nan,nan,nan
9/23/2026 13:52:28,1.17.3,StopSig,76,3.96,1,1,Pellet,Left,73,147,47,12243626,0.50,44,nan
9/23/2026 13:57:54,1.17.3,StopSig,76,3.96,nan,1,Right_no_left,Left,73,148,47,12243626,nan,nan,nan
9/23/2026 13:58:11,1.17.3,StopSig,76,3.96,nan,1,Right_no_left,Left,73,149,47,12571533,nan,nan,nan
9/23/2026 13:58:15,1.17.3,StopSig,76,3.96,nan,1,>Left_Stop_trial,Left,74,149,47,12591763,nan,nan,nan
9/23/2026 13:58:19,1.17.3,StopSig,76,3.96,nan,1,NoPoke_STOP_(correct),Left,74,149,47,12595851,nan,nan,nan
9/23/2026 13:58:25,1.17.3,StopSig,76,3.96,1,1,Pellet,Left,74,149,48,12595851,5.47,357,nan
9/23/2026 14:12:49,1.17.3,StopSig,76,3.96,nan,1,>Left_Regular_trial,Left,75,149,48,13465797,nan,nan,nan
9/23/2026 14:12:52,1.17.3,StopSig,76,3.96,nan,1,NoPoke_Regular_(incorrect),Left,75,149,48,13469047,nan,nan,nan
9/23/2026 15:32:46,1.17.3,StopSig,76,3.95,nan,1,Right_no_left,Left,75,150,48,13469047,nan,nan,nan
9/23/2026 15:32:49,1.17.3,StopSig,76,3.95,nan,1,>Left_Stop_trial,Left,76,150,48,18267411,nan,nan,nan
9/23/2026 15:32:53,1.17.3,StopSig,76,3.95,nan,1,NoPoke_STOP_(correct),Left,76,150,48,18271389,nan,nan,nan
9/23/2026 15:32:54,1.17.3,StopSig,76,3.95,1,1,Pellet,Left,76,150,49,18271389,0.33,5669,nan
9/23/2026 15:33:07,1.17.3,StopSig,76,3.96,nan,1,>Left_Regular_trial,Left,77,150,49,18285907,nan,nan,nan
9/23/2026 15:33:11,1.17.3,StopSig,76,3.95,nan,1,NoPoke_Regular_(incorrect),Left,77,150,49,18289442,nan,nan,nan
9/23/2026 15:33:44,1.17.3,StopSig,76,3.95,nan,1,Right_no_left,Left,77,151,49,18289442,nan,nan,nan
9/23/2026 15:33:45,1.17.3,StopSig,76,3.95,nan,1,Right_no_left,Left,77,152,49,18322725,nan,nan,nan
9/23/2026 15:33:48,1.17.3,StopSig,76,3.96,nan,1,>Left_Regular_trial,Left,78,152,49,18326542,nan,nan,nan
9/23/2026 15:33:49,1.17.3,StopSig,76,3.95,nan,1,Right_Regular_(correct),Left,78,153,49,18327532,nan,nan,nan
9/23/2026 15:33:49,1.17.3,StopSig,76,3.95,nan,1,RightDuringDispense,Left,78,154,49,18327532,nan,nan,0.18
9/23/2026 15:33:51,1.17.3,StopSig,76,3.96,1,1,Pellet,Left,78,154,50,18327532,0.55,57,nan
9/23/2026 15:34:08,1.17.3,StopSig,76,3.95,nan,1,>Left_Regular_trial,Left,79,154,50,18346600,nan,nan,nan
9/23/2026 15:34:10,1.17.3,StopSig,76,3.95,nan,1,Right_Regular_(correct),Left,79,155,50,18349146,nan,nan,nan
9/23/2026 15:34:12,1.17.3,StopSig,76,3.96,1,1,Pellet,Left,79,155,51,18349146,0.38,20,nan
9/23/2026 15:34:25,1.17.3,StopSig,76,3.95,nan,1,>Left_Regular_trial,Left,80,155,51,18363242,nan,nan,nan
9/23/2026 15:34:28,1.17.3,StopSig,76,3.95,nan,1,NoPoke_Regular_(incorrect),Left,80,155,51,18366496,nan,nan,nan
9/23/2026 15:35:00,1.17.3,StopSig,76,3.95,nan,1,Right_no_left,Left,80,156,51,18366496,nan,nan,nan
9/23/2026 15:35:03,1.17.3,StopSig,76,3.96,nan,1,Right_no_left,Left,80,157,51,18399214,nan,nan,nan
9/23/2026 15:35:06,1.17.3,StopSig,76,3.96,nan,1,>Left_Regular_trial,Left,81,157,51,18404450,nan,nan,nan
9/23/2026 15:35:10,1.17.3,StopSig,76,3.95,nan,1,NoPoke_Regular_(incorrect),Left,81,157,51,18408407,nan,nan,nan
9/23/2026 15:35:43,1.17.3,StopSig,76,3.96,nan,1,Right_no_left,Left,81,158,51,18408407,nan,nan,nan
9/23/2026 15:35:50,1.17.3,StopSig,76,3.95,nan,1,Right_no_left,Left,81,159,51,18441546,nan,nan,nan
9/23/2026 15:35:52,1.17.3,StopSig,76,3.95,nan,1,>Left_Regular_trial,Left,82,159,51,18450314,nan,nan,nan
9/23/2026 15:35:53,1.17.3,StopSig,76,3.95,nan,1,Right_Regular_(correct),Left,82,160,51,18452154,nan,nan,nan
9/23/2026 15:35:54,1.17.3,StopSig,76,3.91,nan,1,RightDuringDispense,Left,82,161,51,18452154,nan,nan,0.02
9/23/2026 15:35:55,1.17.3,StopSig,76,3.95,1,1,Pellet,Left,82,161,52,18452154,0.39,104,nan
9/23/2026 15:36:17,1.17.3,StopSig,76,3.95,nan,1,>Left_Regular_trial,Left,83,161,52,18475683,nan,nan,nan
9/23/2026 15:36:20,1.17.3,StopSig,76,3.95,nan,1,Right_Regular_(correct),Left,83,162,52,18478799,nan,nan,nan
9/23/2026 15:36:20,1.17.3,StopSig,76,3.95,nan,1,RightDuringDispense,Left,83,163,52,18478799,nan,nan,0.08
9/23/2026 15:36:21,1.17.3,StopSig,76,3.95,1,1,Pellet,Left,83,163,53,18478799,0.27,26,nan
9/23/2026 15:36:37,1.17.3,StopSig,76,3.95,nan,1,Right_no_left,Left,83,164,53,18478799,nan,nan,nan
9/23/2026 15:36:38,1.17.3,StopSig,76,3.95,nan,1,Right_no_left,Left,83,165,53,18495772,nan,nan,nan
9/23/2026 15:36:40,1.17.3,StopSig,76,3.95,nan,1,>Left_Regular_trial,Left,84,165,53,18499033,nan,nan,nan
9/23/2026 15:36:42,1.17.3,StopSig,76,3.95,nan,1,Right_Regular_(correct),Left,84,166,53,18500593,nan,nan,nan
9/23/2026 15:36:43,1.17.3,StopSig,76,3.91,nan,1,RightDuringDispense,Left,84,167,53,18500593,nan,nan,0.02
9/23/2026 15:36:44,1.17.3,StopSig,76,3.95,1,1,Pellet,Left,84,167,54,18500593,0.77,23,nan
9/23/2026 15:36:55,1.17.3,StopSig,76,3.95,nan,1,>Left_Regular_trial,Left,85,167,54,18513509,nan,nan,nan
9/23/2026 15:36:57,1.17.3,StopSig,76,3.95,nan,1,Right_Regular_(correct),Left,85,168,54,18515493,nan,nan,nan
9/23/2026 15:36:58,1.17.3,StopSig,76,3.96,1,1,Pellet,Left,85,168,55,18515493,0.33,14,nan
9/23/2026 15:37:10,1.17.3,StopSig,76,3.95,nan,1,>Left_Regular_trial,Left,86,168,55,18528924,nan,nan,nan
9/23/2026 15:37:12,1.17.3,StopSig,76,3.96,nan,1,Right_Regular_(correct),Left,86,169,55,18531193,nan,nan,nan
9/23/2026 15:37:14,1.17.3,StopSig,76,3.95,2,1,Pellet,Left,86,169,56,18531193,0.72,16,nan
9/23/2026 15:37:29,1.17.3,StopSig,76,3.95,nan,1,>Left_Regular_trial,Left,87,169,56,18547637,nan,nan,nan
9/23/2026 15:37:31,1.17.3,StopSig,76,3.95,nan,1,Right_Regular_(correct),Left,87,170,56,18549622,nan,nan,nan
9/23/2026 15:37:32,1.17.3,StopSig,76,3.95,1,1,Pellet,Left,87,170,57,18549622,0.61,18,nan
9/23/2026 15:37:43,1.17.3,StopSig,76,3.95,nan,1,>Left_Regular_trial,Left,88,170,57,18561673,nan,nan,nan
9/23/2026 15:37:47,1.17.3,StopSig,76,3.95,nan,1,NoPoke_Regular_(incorrect),Left,88,170,57,18565501,nan,nan,nan
9/23/2026 15:38:28,1.17.3,StopSig,76,3.95,nan,1,Right_no_left,Left,88,171,57,18565501,nan,nan,nan
9/23/2026 15:38:35,1.17.3,StopSig,76,3.95,nan,1,Right_no_left,Left,88,172,57,18607141,nan,nan,nan
9/23/2026 15:38:39,1.17.3,StopSig,76,3.95,nan,1,Right_no_left,Left,88,173,57,18613651,nan,nan,nan
9/23/2026 15:38:44,1.17.3,StopSig,76,3.95,nan,1,>Left_Regular_trial,Left,89,173,57,18622572,nan,nan,nan
9/23/2026 15:38:46,1.17.3,StopSig,76,3.95,nan,1,Right_Regular_(correct),Left,89,174,57,18624987,nan,nan,nan
9/23/2026 15:38:47,1.17.3,StopSig,76,3.95,1,1,Pellet,Left,89,174,58,18624987,0.33,75,nan
9/23/2026 15:39:04,1.17.3,StopSig,76,3.94,nan,1,Right_no_left,Left,89,175,58,18624987,nan,nan,nan
9/23/2026 15:39:05,1.17.3,StopSig,76,3.95,nan,1,Right_no_left,Left,89,176,58,18643438,nan,nan,nan
9/23/2026 15:39:07,1.17.3,StopSig,76,3.95,nan,1,>Left_Regular_trial,Left,90,176,58,18645423,nan,nan,nan
9/23/2026 15:39:08,1.17.3,StopSig,76,3.95,nan,1,Right_Regular_(correct),Left,90,177,58,18646565,nan,nan,nan
9/23/2026 15:39:11,1.17.3,StopSig,76,3.95,3,1,Pellet,Left,90,177,59,18646565,0.27,24,nan
9/23/2026 15:39:32,1.17.3,StopSig,76,3.95,nan,1,>Left_Regular_trial,Left,91,177,59,18670337,nan,nan,nan
9/23/2026 15:39:34,1.17.3,StopSig,76,3.95,nan,1,Right_Regular_(correct),Left,91,178,59,18672319,nan,nan,nan
9/23/2026 15:39:35,1.17.3,StopSig,76,3.95,1,1,Pellet,Left,91,178,60,18672319,0.50,24,nan
9/23/2026 15:40:21,1.17.3,StopSig,76,3.95,nan,1,>Left_Regular_trial,Left,92,178,60,18719515,nan,nan,nan
9/23/2026 15:40:25,1.17.3,StopSig,76,3.95,nan,1,NoPoke_Regular_(incorrect),Left,92,178,60,18723623,nan,nan,nan
9/23/2026 15:41:53,1.17.3,StopSig,76,3.95,nan,1,Right_no_left,Left,92,179,60,18723623,nan,nan,nan
9/23/2026 15:42:04,1.17.3,StopSig,76,3.95,nan,1,Right_no_left,Left,92,180,60,18811643,nan,nan,nan
9/23/2026 15:42:04,1.17.3,StopSig,76,3.95,nan,1,Right_no_left,Left,92,181,60,18822537,nan,nan,nan
9/23/2026 15:42:06,1.17.3,StopSig,76,3.95,nan,1,>Left_Regular_trial,Left,93,181,60,18824537,nan,nan,nan
9/23/2026 15:42:09,1.17.3,StopSig,76,3.95,nan,1,Right_Regular_(correct),Left,93,182,60,18827935,nan,nan,nan
9/23/2026 15:42:11,1.17.3,StopSig,76,3.95,1,1,Pellet,Left,93,182,61,18827935,1.28,156,nan
9/23/2026 15:53:26,1.17.3,StopSig,76,3.95,nan,1,Right_no_left,Left,93,183,61,18827935,nan,nan,nan
9/23/2026 15:53:54,1.17.3,StopSig,76,3.95,nan,1,Right_no_left,Left,93,184,61,19505197,nan,nan,nan
9/23/2026 15:54:17,1.17.3,StopSig,76,3.94,nan,1,Right_no_left,Left,93,185,61,19532806,nan,nan,nan
9/23/2026 15:56:10,1.17.3,StopSig,76,3.95,nan,1,Right_no_left,Left,93,186,61,19556432,nan,nan,nan
9/23/2026 15:56:23,1.17.3,StopSig,76,3.94,nan,1,Right_no_left,Left,93,187,61,19668817,nan,nan,nan
9/23/2026 15:56:28,1.17.3,StopSig,76,3.94,nan,1,Right_no_left,Left,93,188,61,19682131,nan,nan,nan
9/23/2026 15:56:38,1.17.3,StopSig,76,3.96,nan,1,>Left_Stop_trial,Left,94,188,61,19696293,nan,nan,nan
9/23/2026 15:56:41,1.17.3,StopSig,76,3.95,nan,1,NoPoke_STOP_(correct),Left,94,188,61,19699924,nan,nan,nan
9/23/2026 15:56:46,1.17.3,StopSig,76,3.95,1,1,Pellet,Left,94,188,62,19699924,4.13,875,nan
9/23/2026 15:57:01,1.17.3,StopSig,76,3.95,nan,1,Right_no_left,Left,94,189,62,19699924,nan,nan,nan
9/23/2026 15:57:03,1.17.3,StopSig,76,3.95,nan,1,Right_no_left,Left,94,190,62,19719982,nan,nan,nan
9/23/2026 15:58:40,1.17.3,StopSig,76,3.94,nan,1,Right_no_left,Left,94,191,62,19722108,nan,nan,nan
9/23/2026 15:59:40,1.17.3,StopSig,76,3.94,nan,1,Right_no_left,Left,94,192,62,19819518,nan,nan,nan
9/23/2026 16:13:52,1.17.3,StopSig,76,3.94,nan,1,Right_no_left,Left,94,193,62,19878956,nan,nan,nan
9/23/2026 16:13:56,1.17.3,StopSig,76,3.94,nan,1,Right_no_left,Left,94,194,62,20731294,nan,nan,nan
9/23/2026 16:14:24,1.17.3,StopSig,76,3.94,nan,1,Right_no_left,Left,94,195,62,20735401,nan,nan,nan
9/23/2026 16:16:01,1.17.3,StopSig,76,3.94,nan,1,Right_no_left,Left,94,196,62,20763839,nan,nan,nan
9/23/2026 16:18:33,1.17.3,StopSig,76,3.94,nan,1,Right_no_left,Left,94,197,62,20860507,nan,nan,nan
9/23/2026 16:18:34,1.17.3,StopSig,76,3.94,nan,1,Right_no_left,Left,94,198,62,21012291,nan,nan,nan
9/23/2026 16:19:30,1.17.3,StopSig,76,3.94,nan,1,Right_no_left,Left,94,199,62,21013143,nan,nan,nan
9/23/2026 16:19:44,1.17.3,StopSig,76,3.94,nan,1,Right_no_left,Left,94,200,62,21069792,nan,nan,nan
9/23/2026 16:19:53,1.17.3,StopSig,76,3.94,nan,1,>Left_Stop_trial,Left,95,200,62,21091600,nan,nan,nan
9/23/2026 16:19:56,1.17.3,StopSig,76,3.95,nan,1,NoPoke_STOP_(correct),Left,95,200,62,21095240,nan,nan,nan
9/23/2026 16:19:59,1.17.3,StopSig,76,3.95,3,1,Pellet,Left,95,200,63,21095240,0.05,1393,nan
9/23/2026 16:20:32,1.17.3,StopSig,76,3.94,nan,1,Right_no_left,Left,95,201,63,21095240,nan,nan,nan
9/23/2026 16:20:33,1.17.3,StopSig,76,3.95,nan,1,Right_no_left,Left,95,202,63,21131809,nan,nan,nan
9/23/2026 16:20:38,1.17.3,StopSig,76,3.94,nan,1,>Left_Regular_trial,Left,96,202,63,21137344,nan,nan,nan
9/23/2026 16:20:42,1.17.3,StopSig,76,3.94,nan,1,NoPoke_Regular_(incorrect),Left,96,202,63,21141319,nan,nan,nan
9/23/2026 16:21:13,1.17.3,StopSig,76,3.94,nan,1,Right_no_left,Left,96,203,63,21141319,nan,nan,nan
9/23/2026 16:21:23,1.17.3,StopSig,76,3.95,nan,1,Right_no_left,Left,96,204,63,21173066,nan,nan,nan
9/23/2026 16:21:26,1.17.3,StopSig,76,3.95,nan,1,Right_no_left,Left,96,205,63,21182282,nan,nan,nan
9/23/2026 16:21:29,1.17.3,StopSig,76,3.95,nan,1,>Left_Stop_trial,Left,97,205,63,21187812,nan,nan,nan
9/23/2026 16:21:29,1.17.3,StopSig,76,3.95,nan,1,Right_STOP_(incorrect),Left,97,206,63,21188984,nan,nan,nan
9/23/2026 16:22:00,1.17.3,StopSig,76,3.94,nan,1,>Left_Regular_trial,Left,98,206,63,21219313,nan,nan,nan
9/23/2026 16:22:01,1.17.3,StopSig,76,3.94,nan,1,Right_Regular_(correct),Left,98,207,63,21220877,nan,nan,nan
9/23/2026 16:22:05,1.17.3,StopSig,76,3.94,3,1,Pellet,Left,98,207,64,21220877,0.05,126,nan
9/23/2026 16:22:22,1.17.3,StopSig,76,3.94,nan,1,>Left_Stop_trial,Left,99,207,64,21241462,nan,nan,nan
9/23/2026 16:22:26,1.17.3,StopSig,76,3.95,nan,1,NoPoke_STOP_(correct),Left,99,207,64,21245231,nan,nan,nan
9/23/2026 16:22:27,1.17.3,StopSig,76,3.94,2,1,Pellet,Left,99,207,65,21245231,0.05,22,nan
9/23/2026 16:22:47,1.17.3,StopSig,76,3.94,nan,1,>Left_Stop_trial,Left,100,207,65,21266011,nan,nan,nan
9/23/2026 16:22:48,1.17.3,StopSig,76,3.95,nan,1,Right_STOP_(incorrect),Left,100,208,65,21267241,nan,nan,nan
9/23/2026 16:23:18,1.17.3,StopSig,76,3.94,nan,1,>Left_Regular_trial,Left,101,208,65,21297552,nan,nan,nan
9/23/2026 16:23:22,1.17.3,StopSig,76,3.94,nan,1,NoPoke_Regular_(incorrect),Left,101,208,65,21301387,nan,nan,nan
9/23/2026 16:24:07,1.17.3,StopSig,76,3.95,nan,1,Right_no_left,Left,101,209,65,21301387,nan,nan,nan
9/23/2026 16:24:09,1.17.3,StopSig,76,3.94,nan,1,Right_no_left,Left,101,210,65,21346888,nan,nan,nan
9/23/2026 16:24:15,1.17.3,StopSig,76,3.94,nan,1,>Left_Regular_trial,Left,102,210,65,21354686,nan,nan,nan
9/23/2026 16:24:19,1.17.3,StopSig,76,3.95,nan,1,NoPoke_Regular_(incorrect),Left,102,210,65,21358376,nan,nan,nan
9/23/2026 16:26:42,1.17.3,StopSig,76,3.94,nan,1,Right_no_left,Left,102,211,65,21358376,nan,nan,nan
9/23/2026 16:26:44,1.17.3,StopSig,76,3.94,nan,1,Right_no_left,Left,102,212,65,21502215,nan,nan,nan
9/23/2026 16:26:48,1.17.3,StopSig,76,3.94,nan,1,>Left_Regular_trial,Left,103,212,65,21507893,nan,nan,nan
9/23/2026 16:26:49,1.17.3,StopSig,76,3.94,nan,1,Right_Regular_(correct),Left,103,213,65,21509041,nan,nan,nan
9/23/2026 16:26:50,1.17.3,StopSig,76,3.94,1,1,Pellet,Left,103,213,66,21509041,0.22,263,nan
9/23/2026 16:27:10,1.17.3,StopSig,76,3.94,nan,1,>Left_Regular_trial,Left,104,213,66,21529062,nan,nan,nan
9/23/2026 16:27:11,1.17.3,StopSig,76,3.94,nan,1,Right_Regular_(correct),Left,104,214,66,21530489,nan,nan,nan
9/23/2026 16:27:12,1.17.3,StopSig,76,3.94,1,1,Pellet,Left,104,214,67,21530489,0.55,22,nan
9/23/2026 16:27:32,1.17.3,StopSig,76,3.94,nan,1,>Left_Stop_trial,Left,105,214,67,21551299,nan,nan,nan
9/23/2026 16:27:34,1.17.3,StopSig,76,3.94,nan,1,Right_STOP_(incorrect),Left,105,215,67,21553768,nan,nan,nan
9/23/2026 16:28:05,1.17.3,StopSig,76,3.94,nan,1,>Left_Regular_trial,Left,106,215,67,21584079,nan,nan,nan
9/23/2026 16:28:08,1.17.3,StopSig,76,3.94,nan,1,NoPoke_Regular_(incorrect),Left,106,215,67,21587494,nan,nan,nan
9/23/2026 16:29:03,1.17.3,StopSig,76,3.94,nan,1,Right_no_left,Left,106,216,67,21587494,nan,nan,nan
9/23/2026 16:30:08,1.17.3,StopSig,76,3.94,nan,1,Right_no_left,Left,106,217,67,21642498,nan,nan,nan
9/23/2026 16:33:33,1.17.3,StopSig,76,3.95,nan,1,Right_no_left,Left,106,218,67,21708206,nan,nan,nan
9/23/2026 16:33:41,1.17.3,StopSig,76,3.94,nan,1,Right_no_left,Left,106,219,67,21913213,nan,nan,nan
9/23/2026 17:17:05,1.17.3,StopSig,76,3.94,nan,1,Right_no_left,Left,106,220,67,21921170,nan,nan,nan
9/23/2026 17:17:06,1.17.3,StopSig,76,3.94,nan,1,Right_no_left,Left,106,221,67,24526092,nan,nan,nan
9/23/2026 17:17:09,1.17.3,StopSig,76,3.94,nan,1,Right_no_left,Left,106,222,67,24527229,nan,nan,nan
9/23/2026 17:17:11,1.17.3,StopSig,76,3.94,nan,1,>Left_Regular_trial,Left,107,222,67,24531767,nan,nan,nan
9/23/2026 17:17:15,1.17.3,StopSig,76,3.94,nan,1,NoPoke_Regular_(incorrect),Left,107,222,67,24535597,nan,nan,nan
9/23/2026 17:17:51,1.17.3,StopSig,76,3.94,nan,1,>Left_Stop_trial,Left,108,222,67,24571157,nan,nan,nan
9/23/2026 17:17:51,1.17.3,StopSig,76,3.94,nan,1,Right_STOP_(incorrect),Left,108,223,67,24572384,nan,nan,nan
9/23/2026 17:18:22,1.17.3,StopSig,76,3.94,nan,1,>Left_Regular_trial,Left,109,223,67,24602694,nan,nan,nan
9/23/2026 17:18:26,1.17.3,StopSig,76,3.94,nan,1,NoPoke_Regular_(incorrect),Left,109,223,67,24606670,nan,nan,nan
9/23/2026 17:19:00,1.17.3,StopSig,76,3.94,nan,1,>Left_Regular_trial,Left,110,223,67,24640393,nan,nan,nan
9/23/2026 17:19:03,1.17.3,StopSig,76,3.94,nan,1,NoPoke_Regular_(incorrect),Left,110,223,67,24643655,nan,nan,nan
9/23/2026 17:19:36,1.17.3,StopSig,76,3.94,nan,1,>Left_Stop_trial,Left,111,223,67,24676800,nan,nan,nan
9/23/2026 17:19:38,1.17.3,StopSig,76,3.94,nan,1,Right_STOP_(incorrect),Left,111,224,67,24678726,nan,nan,nan
9/23/2026 17:20:09,1.17.3,StopSig,76,3.94,nan,1,>Left_Stop_trial,Left,112,224,67,24709037,nan,nan,nan
9/23/2026 17:20:12,1.17.3,StopSig,76,3.94,nan,1,NoPoke_STOP_(correct),Left,112,224,67,24712741,nan,nan,nan
9/23/2026 17:20:15,1.17.3,StopSig,76,3.94,1,1,Pellet,Left,112,224,68,24712741,2.84,3183,nan
9/23/2026 17:20:38,1.17.3,StopSig,76,3.94,nan,1,Right_no_left,Left,112,225,68,24712741,nan,nan,nan
9/23/2026 17:20:50,1.17.3,StopSig,76,3.94,nan,1,>Left_Regular_trial,Left,113,225,68,24750584,nan,nan,nan
9/23/2026 17:20:54,1.17.3,StopSig,76,3.94,nan,1,NoPoke_Regular_(incorrect),Left,113,225,68,24754704,nan,nan,nan
9/23/2026 17:21:30,1.17.3,StopSig,76,3.94,nan,1,>Left_Regular_trial,Left,114,225,68,24790695,nan,nan,nan
9/23/2026 17:21:34,1.17.3,StopSig,76,3.94,nan,1,NoPoke_Regular_(incorrect),Left,114,225,68,24794809,nan,nan,nan
9/23/2026 17:22:20,1.17.3,StopSig,76,3.94,nan,1,>Left_Stop_trial,Left,115,225,68,24840449,nan,nan,nan
9/23/2026 17:22:21,1.17.3,StopSig,76,3.94,nan,1,Right_STOP_(incorrect),Left,115,226,68,24842038,nan,nan,nan
9/23/2026 17:22:51,1.17.3,StopSig,76,3.94,nan,1,>Left_Regular_trial,Left,116,226,68,24872348,nan,nan,nan
9/23/2026 17:22:55,1.17.3,StopSig,76,3.94,nan,1,NoPoke_Regular_(incorrect),Left,116,226,68,24875766,nan,nan,nan
9/23/2026 17:31:19,1.17.3,StopSig,76,3.94,nan,1,Right_no_left,Left,116,227,68,24875766,nan,nan,nan
9/23/2026 17:31:44,1.17.3,StopSig,76,3.94,nan,1,>Left_Stop_trial,Left,117,227,68,25404825,nan,nan,nan
9/23/2026 17:31:45,1.17.3,StopSig,76,3.94,nan,1,Right_STOP_(incorrect),Left,117,228,68,25406230,nan,nan,nan
9/23/2026 17:32:19,1.17.3,StopSig,76,3.94,nan,1,>Left_Stop_trial,Left,118,228,68,25439958,nan,nan,nan
9/23/2026 17:32:21,1.17.3,StopSig,76,3.94,nan,1,Right_STOP_(incorrect),Left,118,229,68,25442411,nan,nan,nan
9/23/2026 17:33:19,1.17.3,StopSig,76,3.94,nan,1,Right_no_left,Left,118,230,68,25442411,nan,nan,nan
9/23/2026 17:33:22,1.17.3,StopSig,76,3.94,nan,1,>Left_Stop_trial,Left,119,230,68,25502972,nan,nan,nan
9/23/2026 17:33:23,1.17.3,StopSig,76,3.94,nan,1,Right_STOP_(incorrect),Left,119,231,68,25504647,nan,nan,nan
9/23/2026 17:33:54,1.17.3,StopSig,76,3.94,nan,1,>Left_Regular_trial,Left,120,231,68,25534957,nan,nan,nan
9/23/2026 17:33:58,1.17.3,StopSig,76,3.94,nan,1,NoPoke_Regular_(incorrect),Left,120,231,68,25539082,nan,nan,nan
9/23/2026 17:48:17,1.17.3,StopSig,76,3.94,nan,1,>Left_Regular_trial,Left,121,231,68,26399081,nan,nan,nan
9/23/2026 17:48:20,1.17.3,StopSig,76,3.94,nan,1,Right_Regular_(correct),Left,121,232,68,26401494,nan,nan,nan
9/23/2026 17:48:21,1.17.3,StopSig,76,3.94,1,1,Pellet,Left,121,232,69,26401494,0.83,1686,nan
9/23/2026 17:49:28,1.17.3,StopSig,76,3.94,nan,1,>Left_Regular_trial,Left,122,232,69,26469741,nan,nan,nan
9/23/2026 17:49:30,1.17.3,StopSig,76,3.94,nan,1,Right_Regular_(correct),Left,122,233,69,26471446,nan,nan,nan
9/23/2026 17:49:31,1.17.3,StopSig,76,3.94,1,1,Pellet,Left,122,233,70,26471446,0.27,70,nan
9/23/2026 17:49:50,1.17.3,StopSig,76,3.94,nan,1,Right_no_left,Left,122,234,70,26471446,nan,nan,nan
9/23/2026 17:49:51,1.17.3,StopSig,76,3.94,nan,1,Right_no_left,Left,122,235,70,26492324,nan,nan,nan
9/23/2026 17:50:09,1.17.3,StopSig,76,3.94,nan,1,>Left_Regular_trial,Left,123,235,70,26510352,nan,nan,nan
9/23/2026 17:50:13,1.17.3,StopSig,76,3.94,nan,1,NoPoke_Regular_(incorrect),Left,123,235,70,26514619,nan,nan,nan
9/23/2026 17:51:14,1.17.3,StopSig,76,3.94,nan,1,Right_no_left,Left,123,236,70,26514619,nan,nan,nan
9/23/2026 17:53:08,1.17.3,StopSig,76,3.94,nan,1,Right_no_left,Left,123,237,70,26576148,nan,nan,nan
9/23/2026 17:53:09,1.17.3,StopSig,76,3.94,nan,1,Right_no_left,Left,123,238,70,26689836,nan,nan,nan
9/23/2026 17:53:13,1.17.3,StopSig,76,3.94,nan,1,Right_no_left,Left,123,239,70,26691404,nan,nan,nan
9/23/2026 17:53:16,1.17.3,StopSig,76,3.93,nan,1,Right_no_left,Left,123,240,70,26695382,nan,nan,nan
9/23/2026 17:53:17,1.17.3,StopSig,76,3.93,nan,1,Right_no_left,Left,123,241,70,26698364,nan,nan,nan
9/23/2026 17:53:19,1.17.3,StopSig,76,3.93,nan,1,Right_no_left,Left,123,242,70,26699502,nan,nan,nan
9/23/2026 17:53:21,1.17.3,StopSig,76,3.94,nan,1,>Left_Stop_trial,Left,124,242,70,26702766,nan,nan,nan
9/23/2026 17:53:23,1.17.3,StopSig,76,3.94,nan,1,Right_STOP_(incorrect),Left,124,243,70,26704783,nan,nan,nan
9/23/2026 17:53:58,1.17.3,StopSig,76,3.94,nan,1,>Left_Regular_trial,Left,125,243,70,26739495,nan,nan,nan
9/23/2026 17:53:59,1.17.3,StopSig,76,3.94,nan,1,Right_Regular_(correct),Left,125,244,70,26740632,nan,nan,nan
9/23/2026 17:54:00,1.17.3,StopSig,76,3.94,1,1,Pellet,Left,125,244,71,26740632,0.27,269,nan
9/23/2026 17:54:26,1.17.3,StopSig,76,3.94,nan,1,>Left_Regular_trial,Left,126,244,71,26768125,nan,nan,nan
9/23/2026 17:54:30,1.17.3,StopSig,76,3.94,nan,1,NoPoke_Regular_(incorrect),Left,126,244,71,26771677,nan,nan,nan
9/23/2026 17:55:22,1.17.3,StopSig,76,3.94,nan,1,Right_no_left,Left,126,245,71,26771677,nan,nan,nan
9/23/2026 17:55:59,1.17.3,StopSig,76,3.94,nan,1,>Left_Regular_trial,Left,127,245,71,26860982,nan,nan,nan
9/23/2026 17:56:03,1.17.3,StopSig,76,3.94,nan,1,NoPoke_Regular_(incorrect),Left,127,245,71,26864670,nan,nan,nan
9/23/2026 17:57:24,1.17.3,StopSig,76,3.94,nan,1,Right_no_left,Left,127,246,71,26864670,nan,nan,nan
9/23/2026 17:57:27,1.17.3,StopSig,76,3.94,nan,1,>Left_Regular_trial,Left,128,246,71,26949267,nan,nan,nan
9/23/2026 17:57:31,1.17.3,StopSig,76,3.93,nan,1,NoPoke_Regular_(incorrect),Left,128,246,71,26952672,nan,nan,nan
9/23/2026 17:59:29,1.17.3,StopSig,76,3.94,nan,1,>Left_Regular_trial,Left,129,246,71,27071101,nan,nan,nan
9/23/2026 17:59:30,1.17.3,StopSig,76,3.94,nan,1,Right_Regular_(correct),Left,129,247,71,27072380,nan,nan,nan
9/23/2026 17:59:32,1.17.3,StopSig,76,3.94,1,1,Pellet,Left,129,247,72,27072380,0.55,332,nan
9/23/2026 17:59:58,1.17.3,StopSig,76,3.94,nan,1,Right_no_left,Left,129,248,72,27072380,nan,nan,nan
9/23/2026 18:00:06,1.17.3,StopSig,76,3.94,nan,1,Right_no_left,Left,129,249,72,27100034,nan,nan,nan
9/23/2026 18:00:24,1.17.3,StopSig,76,3.94,nan,1,>Left_Regular_trial,Left,130,249,72,27125471,nan,nan,nan
9/23/2026 18:00:25,1.17.3,StopSig,76,3.94,nan,1,Right_Regular_(correct),Left,130,250,72,27127035,nan,nan,nan
9/23/2026 18:00:26,1.17.3,StopSig,76,3.93,1,1,Pellet,Left,130,250,73,27127035,0.33,54,nan
9/23/2026 18:01:15,1.17.3,StopSig,76,3.94,nan,1,Right_no_left,Left,130,251,73,27127035,nan,nan,nan
9/23/2026 18:01:42,1.17.3,StopSig,76,3.94,nan,1,Right_no_left,Left,130,252,73,27177022,nan,nan,nan
9/23/2026 18:01:49,1.17.3,StopSig,76,3.94,nan,1,Right_no_left,Left,130,253,73,27204537,nan,nan,nan
9/23/2026 18:01:50,1.17.3,StopSig,76,3.94,nan,1,Right_no_left,Left,130,254,73,27210926,nan,nan,nan
9/23/2026 18:01:50,1.17.3,StopSig,76,3.94,nan,1,Right_no_left,Left,130,255,73,27211780,nan,nan,nan
9/23/2026 18:01:54,1.17.3,StopSig,76,3.93,nan,1,Right_no_left,Left,130,256,73,27212639,nan,nan,nan
9/23/2026 18:01:55,1.17.3,StopSig,76,3.94,nan,1,Right_no_left,Left,130,257,73,27215906,nan,nan,nan
9/23/2026 18:01:57,1.17.3,StopSig,76,3.94,nan,1,>Left_Regular_trial,Left,131,257,73,27219313,nan,nan,nan
9/23/2026 18:01:58,1.17.3,StopSig,76,3.94,nan,1,Right_Regular_(correct),Left,131,258,73,27220450,nan,nan,nan
9/23/2026 18:01:59,1.17.3,StopSig,76,3.89,nan,1,RightDuringDispense,Left,131,259,73,27220450,nan,nan,0.06
9/23/2026 18:02:00,1.17.3,StopSig,76,3.94,1,1,Pellet,Left,131,259,74,27220450,0.33,94,nan
9/23/2026 18:02:18,1.17.3,StopSig,76,3.94,nan,1,Right_no_left,Left,131,260,74,27220450,nan,nan,nan
9/23/2026 18:02:19,1.17.3,StopSig,76,3.94,nan,1,Right_no_left,Left,131,261,74,27240711,nan,nan,nan
9/23/2026 18:02:25,1.17.3,StopSig,76,3.94,nan,1,Right_no_left,Left,131,262,74,27241706,nan,nan,nan
9/23/2026 18:02:26,1.17.3,StopSig,76,3.94,nan,1,Right_no_left,Left,131,263,74,27246814,nan,nan,nan
9/23/2026 18:07:42,1.17.3,StopSig,76,3.94,nan,1,Right_no_left,Left,131,264,74,27248241,nan,nan,nan
9/23/2026 18:09:38,1.17.3,StopSig,76,3.94,nan,1,Right_no_left,Left,131,265,74,27564539,nan,nan,nan
9/23/2026 18:09:40,1.17.3,StopSig,76,3.94,nan,1,>Left_Regular_trial,Left,132,265,74,27682166,nan,nan,nan
9/23/2026 18:09:43,1.17.3,StopSig,76,3.94,nan,1,Right_Regular_(correct),Left,132,266,74,27685435,nan,nan,nan
9/23/2026 18:09:44,1.17.3,StopSig,76,3.94,nan,1,RightDuringDispense,Left,132,267,74,27685435,nan,nan,0.17
9/23/2026 18:09:45,1.17.3,StopSig,76,3.94,1,1,Pellet,Left,132,267,75,27685435,0.22,465,nan
9/23/2026 18:10:26,1.17.3,StopSig,76,3.94,nan,1,>Left_Regular_trial,Left,133,267,75,27728038,nan,nan,nan
9/23/2026 18:10:27,1.17.3,StopSig,76,3.94,nan,1,Right_Regular_(correct),Left,133,268,75,27729459,nan,nan,nan
9/23/2026 18:10:30,1.17.3,StopSig,76,3.94,2,1,Pellet,Left,133,268,76,27729459,0.11,45,nan
9/23/2026 18:10:54,1.17.3,StopSig,76,3.94,nan,1,Right_no_left,Left,133,269,76,27729459,nan,nan,nan
9/23/2026 18:10:59,1.17.3,StopSig,76,3.94,nan,1,>Left_Regular_trial,Left,134,269,76,27761199,nan,nan,nan
9/23/2026 18:11:00,1.17.3,StopSig,76,3.94,nan,1,Right_Regular_(correct),Left,134,270,76,27762195,nan,nan,nan
9/23/2026 18:11:03,1.17.3,StopSig,76,3.94,3,1,Pellet,Left,134,270,77,27762195,0.05,33,nan
9/23/2026 18:12:12,1.17.3,StopSig,76,3.94,nan,1,Right_no_left,Left,134,271,77,27762195,nan,nan,nan
9/23/2026 18:12:14,1.17.3,StopSig,76,3.94,nan,1,Right_no_left,Left,134,272,77,27833994,nan,nan,nan
9/23/2026 18:12:15,1.17.3,StopSig,76,3.94,nan,1,Right_no_left,Left,134,273,77,27836694,nan,nan,nan
9/23/2026 18:15:02,1.17.3,StopSig,76,3.94,nan,1,>Left_Regular_trial,Left,135,273,77,28003949,nan,nan,nan
9/23/2026 18:15:06,1.17.3,StopSig,76,3.94,nan,1,NoPoke_Regular_(incorrect),Left,135,273,77,28008064,nan,nan,nan
9/23/2026 18:25:17,1.17.3,StopSig,76,3.93,nan,1,>Left_Stop_trial,Left,136,273,77,28618999,nan,nan,nan
9/23/2026 18:25:20,1.17.3,StopSig,76,3.94,nan,1,NoPoke_STOP_(correct),Left,136,273,77,28622305,nan,nan,nan
9/23/2026 18:25:22,1.17.3,StopSig,76,3.93,2,1,Pellet,Left,136,273,78,28622305,0.89,859,nan
9/23/2026 18:25:46,1.17.3,StopSig,76,3.94,nan,1,Right_no_left,Left,136,274,78,28622305,nan,nan,nan
9/23/2026 19:28:14,1.17.3,StopSig,76,3.93,nan,1,>Left_Regular_trial,Left,137,274,78,32397916,nan,nan,nan
9/23/2026 19:28:18,1.17.3,StopSig,76,3.93,nan,1,NoPoke_Regular_(incorrect),Left,137,274,78,32401609,nan,nan,nan
9/23/2026 19:29:02,1.17.3,StopSig,76,3.93,nan,1,>Left_Stop_trial,Left,138,274,78,32445130,nan,nan,nan
9/23/2026 19:29:03,1.17.3,StopSig,76,3.93,nan,1,Right_STOP_(incorrect),Left,138,275,78,32446929,nan,nan,nan
9/23/2026 19:29:51,1.17.3,StopSig,76,3.93,nan,1,Right_no_left,Left,138,276,78,32446929,nan,nan,nan
9/23/2026 19:29:53,1.17.3,StopSig,76,3.93,nan,1,>Left_Regular_trial,Left,139,276,78,32496561,nan,nan,nan
9/23/2026 19:29:55,1.17.3,StopSig,76,3.93,nan,1,Right_Regular_(correct),Left,139,277,78,32498836,nan,nan,nan
9/23/2026 19:30:00,1.17.3,StopSig,76,3.93,3,1,Pellet,Left,139,277,79,32498836,0.27,3878,nan
9/23/2026 19:30:24,1.17.3,StopSig,76,3.93,nan,1,Right_no_left,Left,139,278,79,32498836,nan,nan,nan
9/23/2026 19:30:29,1.17.3,StopSig,76,3.93,nan,1,>Left_Stop_trial,Left,140,278,79,32532606,nan,nan,nan
9/23/2026 19:30:31,1.17.3,StopSig,76,3.93,nan,1,Right_STOP_(incorrect),Left,140,279,79,32534657,nan,nan,nan
9/23/2026 19:31:01,1.17.3,StopSig,76,3.93,nan,1,>Left_Regular_trial,Left,141,279,79,32564967,nan,nan,nan
9/23/2026 19:31:05,1.17.3,StopSig,76,3.93,nan,1,NoPoke_Regular_(incorrect),Left,141,279,79,32568512,nan,nan,nan
9/23/2026 19:31:38,1.17.3,StopSig,76,3.93,nan,1,>Left_Stop_trial,Left,142,279,79,32601095,nan,nan,nan
9/23/2026 19:31:39,1.17.3,StopSig,76,3.93,nan,1,Right_STOP_(incorrect),Left,142,280,79,32602965,nan,nan,nan
9/23/2026 19:34:45,1.17.3,StopSig,76,3.93,nan,1,Right_no_left,Left,142,281,79,32602965,nan,nan,nan
9/23/2026 19:34:46,1.17.3,StopSig,76,3.93,nan,1,Right_no_left,Left,142,282,79,32788635,nan,nan,nan
9/23/2026 19:34:51,1.17.3,StopSig,76,3.93,nan,1,>Left_Regular_trial,Left,143,282,79,32794315,nan,nan,nan
9/23/2026 19:34:52,1.17.3,StopSig,76,3.93,nan,1,Right_Regular_(correct),Left,143,283,79,32796311,nan,nan,nan
9/23/2026 19:34:54,1.17.3,StopSig,76,3.93,1,1,Pellet,Left,143,283,80,32796311,0.50,294,nan
9/23/2026 19:35:46,1.17.3,StopSig,76,3.93,nan,1,Right_no_left,Left,143,284,80,32796311,nan,nan,nan
9/23/2026 19:35:47,1.17.3,StopSig,76,3.93,nan,1,Right_no_left,Left,143,285,80,32850258,nan,nan,nan
9/23/2026 19:35:49,1.17.3,StopSig,76,3.93,nan,1,>Left_Regular_trial,Left,144,285,80,32852818,nan,nan,nan
9/23/2026 19:35:53,1.17.3,StopSig,76,3.93,nan,1,NoPoke_Regular_(incorrect),Left,144,285,80,32856662,nan,nan,nan
9/23/2026 19:38:07,1.17.3,StopSig,76,3.93,nan,1,Right_no_left,Left,144,286,80,32856662,nan,nan,nan
9/23/2026 19:38:10,1.17.3,StopSig,76,3.93,nan,1,>Left_Stop_trial,Left,145,286,80,32993661,nan,nan,nan
9/23/2026 19:38:12,1.17.3,StopSig,76,3.93,nan,1,Right_STOP_(incorrect),Left,145,287,80,32995952,nan,nan,nan
9/23/2026 19:38:42,1.17.3,StopSig,76,3.93,nan,1,>Left_Regular_trial,Left,146,287,80,33026263,nan,nan,nan
9/23/2026 19:38:46,1.17.3,StopSig,76,3.93,nan,1,NoPoke_Regular_(incorrect),Left,146,287,80,33029682,nan,nan,nan
9/23/2026 19:41:12,1.17.3,StopSig,76,3.93,nan,1,Right_no_left,Left,146,288,80,33029682,nan,nan,nan
9/23/2026 19:41:13,1.17.3,StopSig,76,3.93,nan,1,Right_no_left,Left,146,289,80,33175768,nan,nan,nan
9/23/2026 19:41:15,1.17.3,StopSig,76,3.93,nan,1,>Left_Regular_trial,Left,147,289,80,33178326,nan,nan,nan
9/23/2026 19:41:16,1.17.3,StopSig,76,3.93,nan,1,Right_Regular_(correct),Left,147,290,80,33179889,nan,nan,nan
9/23/2026 19:41:17,1.17.3,StopSig,76,3.93,1,1,Pellet,Left,147,290,81,33179889,0.22,383,nan
9/23/2026 19:41:38,1.17.3,StopSig,76,3.93,nan,1,Right_no_left,Left,147,291,81,33179889,nan,nan,nan
9/23/2026 19:41:41,1.17.3,StopSig,76,3.93,nan,1,>Left_Regular_trial,Left,148,291,81,33204656,nan,nan,nan
9/23/2026 19:41:42,1.17.3,StopSig,76,3.93,nan,1,Right_Regular_(correct),Left,148,292,81,33205518,nan,nan,nan
9/23/2026 19:41:45,1.17.3,StopSig,76,3.93,3,1,Pellet,Left,148,292,82,33205518,0.05,28,nan
9/23/2026 19:42:04,1.17.3,StopSig,76,3.93,nan,1,Right_no_left,Left,148,293,82,33205518,nan,nan,nan
9/23/2026 19:46:47,1.17.3,StopSig,76,3.93,nan,1,>Left_Regular_trial,Left,149,293,82,33510747,nan,nan,nan
9/23/2026 19:46:48,1.17.3,StopSig,76,3.93,nan,1,Right_Regular_(correct),Left,149,294,82,33512454,nan,nan,nan
9/23/2026 19:46:50,1.17.3,StopSig,76,3.93,1,1,Pellet,Left,149,294,83,33512454,0.50,305,nan
9/23/2026 19:48:06,1.17.3,StopSig,76,3.93,nan,1,Right_no_left,Left,149,295,83,33512454,nan,nan,nan
9/23/2026 19:48:10,1.17.3,StopSig,76,3.93,nan,1,Right_no_left,Left,149,296,83,33590510,nan,nan,nan
9/23/2026 19:48:11,1.17.3,StopSig,76,3.93,nan,1,Right_no_left,Left,149,297,83,33594491,nan,nan,nan
9/23/2026 19:48:12,1.17.3,StopSig,76,3.93,nan,1,>Left_Regular_trial,Left,150,297,83,33596339,nan,nan,nan
9/23/2026 19:48:16,1.17.3,StopSig,76,3.93,nan,1,NoPoke_Regular_(incorrect),Left,150,297,83,33599751,nan,nan,nan
9/23/2026 19:49:45,1.17.3,StopSig,76,3.93,nan,1,>Left_Regular_trial,Left,151,297,83,33688724,nan,nan,nan
9/23/2026 19:49:49,1.17.3,StopSig,76,3.93,nan,1,NoPoke_Regular_(incorrect),Left,151,297,83,33692848,nan,nan,nan
9/23/2026 19:51:09,1.17.3,StopSig,76,3.93,nan,1,Right_no_left,Left,151,298,83,33692848,nan,nan,nan
9/23/2026 19:53:58,1.17.3,StopSig,76,3.93,nan,1,>Left_Regular_trial,Left,152,298,83,33942418,nan,nan,nan
9/23/2026 19:54:02,1.17.3,StopSig,76,3.93,nan,1,NoPoke_Regular_(incorrect),Left,152,298,83,33945831,nan,nan,nan
9/23/2026 19:54:34,1.17.3,StopSig,76,3.93,nan,1,Right_no_left,Left,152,299,83,33945831,nan,nan,nan
9/23/2026 19:55:42,1.17.3,StopSig,76,3.93,nan,1,Right_no_left,Left,152,300,83,33977856,nan,nan,nan
9/23/2026 19:55:44,1.17.3,StopSig,76,3.93,nan,1,Right_no_left,Left,152,301,83,34046365,nan,nan,nan
9/23/2026 19:55:46,1.17.3,StopSig,76,3.93,nan,1,Right_no_left,Left,152,302,83,34048641,nan,nan,nan
9/23/2026 19:56:31,1.17.3,StopSig,76,3.93,nan,1,>Left_Stop_trial,Left,153,302,83,34094129,nan,nan,nan
9/23/2026 19:56:34,1.17.3,StopSig,76,3.93,nan,1,NoPoke_STOP_(correct),Left,153,302,83,34097861,nan,nan,nan
9/23/2026 19:56:35,1.17.3,StopSig,76,3.93,1,1,Pellet,Left,153,302,84,34097861,0.89,585,nan
9/23/2026 19:57:13,1.17.3,StopSig,76,3.93,nan,1,Right_no_left,Left,153,303,84,34097861,nan,nan,nan
9/23/2026 19:57:13,1.17.3,StopSig,76,3.93,nan,1,Right_no_left,Left,153,304,84,34137220,nan,nan,nan
9/23/2026 19:57:15,1.17.3,StopSig,76,3.93,nan,1,Right_no_left,Left,153,305,84,34137790,nan,nan,nan
9/23/2026 19:57:15,1.17.3,StopSig,76,3.93,nan,1,Right_no_left,Left,153,306,84,34138928,nan,nan,nan
9/23/2026 19:57:18,1.17.3,StopSig,76,3.93,nan,1,Right_no_left,Left,153,307,84,34139504,nan,nan,nan
9/23/2026 19:57:28,1.17.3,StopSig,76,3.93,nan,1,Right_no_left,Left,153,308,84,34142631,nan,nan,nan
9/23/2026 19:57:29,1.17.3,StopSig,76,3.93,nan,1,Right_no_left,Left,153,309,84,34151860,nan,nan,nan
9/23/2026 19:58:42,1.17.3,StopSig,76,3.93,nan,1,>Left_Regular_trial,Left,154,309,84,34225602,nan,nan,nan
9/23/2026 19:58:45,1.17.3,StopSig,76,3.93,nan,1,NoPoke_Regular_(incorrect),Left,154,309,84,34228872,nan,nan,nan
9/23/2026 20:43:57,1.17.3,StopSig,76,3.93,nan,1,>Left_Regular_trial,Left,155,309,84,36941972,nan,nan,nan
9/23/2026 20:43:58,1.17.3,StopSig,76,3.93,nan,1,Right_Regular_(correct),Left,155,310,84,36943253,nan,nan,nan
9/23/2026 20:44:00,1.17.3,StopSig,76,3.93,2,1,Pellet,Left,155,310,85,36943253,0.55,2845,nan
9/23/2026 20:44:17,1.17.3,StopSig,76,3.92,nan,1,Right_no_left,Left,155,311,85,36943253,nan,nan,nan
9/23/2026 20:44:19,1.17.3,StopSig,76,3.93,nan,1,Right_no_left,Left,155,312,85,36962703,nan,nan,nan
9/23/2026 20:44:24,1.17.3,StopSig,76,3.93,nan,1,>Left_Regular_trial,Left,156,312,85,36968534,nan,nan,nan
9/23/2026 20:44:26,1.17.3,StopSig,76,3.93,nan,1,Right_Regular_(correct),Left,156,313,85,36970809,nan,nan,nan
9/23/2026 20:44:27,1.17.3,StopSig,76,3.92,1,1,Pellet,Left,156,313,86,36970809,0.27,27,nan
9/23/2026 20:44:43,1.17.3,StopSig,76,3.93,nan,1,Right_no_left,Left,156,314,86,36970809,nan,nan,nan
9/23/2026 20:44:44,1.17.3,StopSig,76,3.92,nan,1,Right_no_left,Left,156,315,86,36988469,nan,nan,nan
9/23/2026 20:44:47,1.17.3,StopSig,76,3.93,nan,1,>Left_Regular_trial,Left,157,315,86,36992172,nan,nan,nan
9/23/2026 20:44:51,1.17.3,StopSig,76,3.93,nan,1,NoPoke_Regular_(incorrect),Left,157,315,86,36995865,nan,nan,nan
9/23/2026 20:45:25,1.17.3,StopSig,76,3.93,nan,1,>Left_Regular_trial,Left,158,315,86,37030154,nan,nan,nan
9/23/2026 20:45:29,1.17.3,StopSig,76,3.92,nan,1,NoPoke_Regular_(incorrect),Left,158,315,86,37033851,nan,nan,nan
9/23/2026 20:46:01,1.17.3,StopSig,76,3.93,nan,1,>Left_Stop_trial,Left,159,315,86,37065022,nan,nan,nan
9/23/2026 20:46:04,1.17.3,StopSig,76,3.93,nan,1,NoPoke_STOP_(correct),Left,159,315,86,37068885,nan,nan,nan
9/23/2026 20:46:05,1.17.3,StopSig,76,3.93,1,1,Pellet,Left,159,315,87,37068885,0.83,98,nan
9/23/2026 20:46:32,1.17.3,StopSig,76,3.93,nan,1,>Left_Stop_trial,Left,160,315,87,37096439,nan,nan,nan
9/23/2026 20:46:33,1.17.3,StopSig,76,3.93,nan,1,Right_STOP_(incorrect),Left,160,316,87,37098479,nan,nan,nan
9/23/2026 20:47:04,1.17.3,StopSig,76,3.93,nan,1,>Left_Regular_trial,Left,161,316,87,37128796,nan,nan,nan
9/23/2026 20:47:07,1.17.3,StopSig,76,3.93,nan,1,Right_Regular_(correct),Left,161,317,87,37132203,nan,nan,nan
9/23/2026 20:47:08,1.17.3,StopSig,76,3.93,1,1,Pellet,Left,161,317,88,37132203,0.55,63,nan
9/23/2026 20:47:23,1.17.3,StopSig,76,3.93,nan,1,Right_no_left,Left,161,318,88,37132203,nan,nan,nan
9/23/2026 20:47:24,1.17.3,StopSig,76,3.93,nan,1,Right_no_left,Left,161,319,88,37148662,nan,nan,nan
9/23/2026 20:47:25,1.17.3,StopSig,76,3.93,nan,1,Right_no_left,Left,161,320,88,37148955,nan,nan,nan
9/23/2026 20:47:29,1.17.3,StopSig,76,3.93,nan,1,>Left_Regular_trial,Left,162,320,88,37153645,nan,nan,nan
9/23/2026 20:47:32,1.17.3,StopSig,76,3.93,nan,1,NoPoke_Regular_(incorrect),Left,162,320,88,37156917,nan,nan,nan
9/23/2026 20:50:09,1.17.3,StopSig,76,3.92,nan,1,Right_no_left,Left,162,321,88,37156917,nan,nan,nan
9/23/2026 20:50:10,1.17.3,StopSig,76,3.93,nan,1,Right_no_left,Left,162,322,88,37314585,nan,nan,nan
9/23/2026 20:50:28,1.17.3,StopSig,76,3.93,nan,1,>Left_Regular_trial,Left,163,322,88,37333378,nan,nan,nan
9/23/2026 20:50:30,1.17.3,StopSig,76,3.92,nan,1,Right_Regular_(correct),Left,163,323,88,37335087,nan,nan,nan
9/23/2026 20:50:31,1.17.3,StopSig,76,3.92,1,1,Pellet,Left,163,323,89,37335087,0.39,203,nan
9/23/2026 20:52:14,1.17.3,StopSig,76,3.92,nan,1,>Left_Stop_trial,Left,164,323,89,37439172,nan,nan,nan
9/23/2026 20:52:16,1.17.3,StopSig,76,3.91,nan,1,Right_STOP_(incorrect),Left,164,324,89,37441195,nan,nan,nan
9/23/2026 20:55:07,1.17.3,StopSig,76,3.93,nan,1,>Left_Regular_trial,Left,165,324,89,37612545,nan,nan,nan
9/23/2026 20:55:08,1.17.3,StopSig,76,3.93,nan,1,Right_Regular_(correct),Left,165,325,89,37613401,nan,nan,nan
9/23/2026 20:55:09,1.17.3,StopSig,76,3.93,1,1,Pellet,Left,165,325,90,37613401,0.55,278,nan
9/23/2026 20:55:30,1.17.3,StopSig,76,3.93,nan,1,>Left_Regular_trial,Left,166,325,90,37634753,nan,nan,nan
9/23/2026 20:55:30,1.17.3,StopSig,76,3.92,nan,1,Right_Regular_(correct),Left,166,326,90,37635608,nan,nan,nan
9/23/2026 20:55:31,1.17.3,StopSig,76,3.93,1,1,Pellet,Left,166,326,91,37635608,0.33,22,nan
9/23/2026 20:55:50,1.17.3,StopSig,76,3.92,nan,1,Right_no_left,Left,166,327,91,37635608,nan,nan,nan
9/23/2026 20:55:51,1.17.3,StopSig,76,3.92,nan,1,Right_no_left,Left,166,328,91,37655266,nan,nan,nan
9/23/2026 20:58:15,1.17.3,StopSig,76,3.93,nan,1,Right_no_left,Left,166,329,91,37656547,nan,nan,nan
9/23/2026 20:58:16,1.17.3,StopSig,76,3.93,nan,1,Right_no_left,Left,166,330,91,37800293,nan,nan,nan
9/23/2026 20:58:28,1.17.3,StopSig,76,3.92,nan,1,>Left_Regular_trial,Left,167,330,91,37813382,nan,nan,nan
9/23/2026 20:58:32,1.17.3,StopSig,76,3.93,nan,1,NoPoke_Regular_(incorrect),Left,167,330,91,37817220,nan,nan,nan
9/23/2026 21:06:21,1.17.3,StopSig,76,3.93,nan,1,>Left_Regular_trial,Left,168,330,91,38286057,nan,nan,nan
9/23/2026 21:06:22,1.17.3,StopSig,76,3.93,nan,1,Right_Regular_(correct),Left,168,331,91,38287479,nan,nan,nan
9/23/2026 21:06:22,1.17.3,StopSig,76,3.88,nan,1,RightDuringDispense,Left,168,332,91,38287479,nan,nan,0.09
9/23/2026 21:06:24,1.17.3,StopSig,76,3.92,1,1,Pellet,Left,168,332,92,38287479,1.00,653,nan
9/23/2026 21:06:48,1.17.3,StopSig,76,3.93,nan,1,Right_no_left,Left,168,333,92,38287479,nan,nan,nan
9/23/2026 21:06:58,1.17.3,StopSig,76,3.93,nan,1,Right_no_left,Left,168,334,92,38313345,nan,nan,nan
9/23/2026 21:07:02,1.17.3,StopSig,76,3.92,nan,1,>Left_Stop_trial,Left,169,334,92,38326709,nan,nan,nan
9/23/2026 21:07:03,1.17.3,StopSig,76,3.93,nan,1,Right_STOP_(incorrect),Left,169,335,92,38328558,nan,nan,nan
9/23/2026 21:08:50,1.17.3,StopSig,76,3.93,nan,1,>Left_Regular_trial,Left,170,335,92,38435337,nan,nan,nan
9/23/2026 21:08:54,1.17.3,StopSig,76,3.93,nan,1,NoPoke_Regular_(incorrect),Left,170,335,92,38439459,nan,nan,nan
9/23/2026 21:09:31,1.17.3,StopSig,76,3.92,nan,1,>Left_Regular_trial,Left,171,335,92,38476161,nan,nan,nan
9/23/2026 21:09:34,1.17.3,StopSig,76,3.93,nan,1,NoPoke_Regular_(incorrect),Left,171,335,92,38479426,nan,nan,nan
9/23/2026 21:10:17,1.17.3,StopSig,76,3.93,nan,1,>Left_Regular_trial,Left,172,335,92,38522791,nan,nan,nan
9/23/2026 21:10:21,1.17.3,StopSig,76,3.92,nan,1,NoPoke_Regular_(incorrect),Left,172,335,92,38526489,nan,nan,nan
9/23/2026 21:10:54,1.17.3,StopSig,76,3.93,nan,1,Right_no_left,Left,172,336,92,38526489,nan,nan,nan
9/23/2026 21:15:35,1.17.3,StopSig,76,3.92,nan,1,Right_no_left,Left,172,337,92,38559640,nan,nan,nan
9/23/2026 21:15:36,1.17.3,StopSig,76,3.93,nan,1,Right_no_left,Left,172,338,92,38841297,nan,nan,nan
9/23/2026 21:18:18,1.17.3,StopSig,76,3.92,nan,1,>Left_Regular_trial,Left,173,338,92,39003388,nan,nan,nan
9/23/2026 21:18:19,1.17.3,StopSig,76,3.93,nan,1,Right_Regular_(correct),Left,173,339,92,39004674,nan,nan,nan
9/23/2026 21:18:22,1.17.3,StopSig,76,3.92,2,1,Pellet,Left,173,339,93,39004674,0.22,718,nan
9/23/2026 21:19:15,1.17.3,StopSig,76,3.93,nan,1,>Left_Regular_trial,Left,174,339,93,39061151,nan,nan,nan
9/23/2026 21:19:17,1.17.3,StopSig,76,3.93,nan,1,Right_Regular_(correct),Left,174,340,93,39062714,nan,nan,nan
9/23/2026 21:19:18,1.17.3,StopSig,76,3.92,1,1,Pellet,Left,174,340,94,39062714,0.44,56,nan
9/23/2026 21:20:44,1.17.3,StopSig,76,3.93,nan,1,Right_no_left,Left,174,341,94,39062714,nan,nan,nan
9/23/2026 21:20:48,1.17.3,StopSig,76,3.92,nan,1,Right_no_left,Left,174,342,94,39150374,nan,nan,nan
9/23/2026 21:20:53,1.17.3,StopSig,76,3.93,nan,1,>Left_Regular_trial,Left,175,342,94,39159029,nan,nan,nan
9/23/2026 21:20:54,1.17.3,StopSig,76,3.92,nan,1,Right_Regular_(correct),Left,175,343,94,39160024,nan,nan,nan
9/23/2026 21:20:55,1.17.3,StopSig,76,3.92,1,1,Pellet,Left,175,343,95,39160024,0.22,97,nan
9/23/2026 21:21:12,1.17.3,StopSig,76,3.92,nan,1,Right_no_left,Left,175,344,95,39160024,nan,nan,nan
9/23/2026 21:21:15,1.17.3,StopSig,76,3.92,nan,1,>Left_Regular_trial,Left,176,344,95,39181252,nan,nan,nan
9/23/2026 21:21:18,1.17.3,StopSig,76,3.93,nan,1,Right_Regular_(correct),Left,176,345,95,39184102,nan,nan,nan
9/23/2026 21:21:19,1.17.3,StopSig,76,3.92,1,1,Pellet,Left,176,345,96,39184102,0.22,24,nan
9/23/2026 21:21:49,1.17.3,StopSig,76,3.93,nan,1,>Left_Regular_trial,Left,177,345,96,39214869,nan,nan,nan
9/23/2026 21:21:53,1.17.3,StopSig,76,3.92,nan,1,NoPoke_Regular_(incorrect),Left,177,345,96,39218707,nan,nan,nan
9/23/2026 21:24:11,1.17.3,StopSig,76,3.93,nan,1,>Left_Stop_trial,Left,178,345,96,39356321,nan,nan,nan
9/23/2026 21:24:12,1.17.3,StopSig,76,3.92,nan,1,Right_STOP_(incorrect),Left,178,346,96,39358146,nan,nan,nan
9/23/2026 21:25:13,1.17.3,StopSig,76,3.93,nan,1,>Left_Stop_trial,Left,179,346,96,39418572,nan,nan,nan
9/23/2026 21:25:16,1.17.3,StopSig,76,3.92,nan,1,NoPoke_STOP_(correct),Left,179,346,96,39421769,nan,nan,nan
9/23/2026 21:25:17,1.17.3,StopSig,76,3.92,1,1,Pellet,Left,179,346,97,39421769,1.00,238,nan
9/23/2026 21:25:44,1.17.3,StopSig,76,3.92,nan,1,Right_no_left,Left,179,347,97,39421769,nan,nan,nan
9/23/2026 21:29:46,1.17.3,StopSig,76,3.92,nan,1,Right_no_left,Left,179,348,97,39450196,nan,nan,nan
9/23/2026 21:29:47,1.17.3,StopSig,76,3.92,nan,1,Right_no_left,Left,179,349,97,39692348,nan,nan,nan
9/23/2026 21:30:15,1.17.3,StopSig,76,3.92,nan,1,>Left_Stop_trial,Left,180,349,97,39720877,nan,nan,nan
9/23/2026 21:30:16,1.17.3,StopSig,76,3.92,nan,1,Right_STOP_(incorrect),Left,180,350,97,39722249,nan,nan,nan
9/23/2026 21:33:29,1.17.3,StopSig,76,3.92,nan,1,>Left_Stop_trial,Left,181,350,97,39914316,nan,nan,nan
9/23/2026 21:33:32,1.17.3,StopSig,76,3.93,nan,1,NoPoke_STOP_(correct),Left,181,350,97,39917906,nan,nan,nan
9/23/2026 21:33:33,1.17.3,StopSig,76,3.92,1,1,Pellet,Left,181,350,98,39917906,0.78,496,nan
9/23/2026 21:34:47,1.17.3,StopSig,76,3.92,nan,1,Right_no_left,Left,181,351,98,39917906,nan,nan,nan
9/23/2026 21:34:48,1.17.3,StopSig,76,3.92,nan,1,Right_no_left,Left,181,352,98,39993526,nan,nan,nan
9/23/2026 21:34:50,1.17.3,StopSig,76,3.92,nan,1,>Left_Stop_trial,Left,182,352,98,39995941,nan,nan,nan
9/23/2026 21:34:54,1.17.3,StopSig,76,3.92,nan,1,NoPoke_STOP_(correct),Left,182,352,98,39999968,nan,nan,nan
9/23/2026 21:34:56,1.17.3,StopSig,76,3.92,1,1,Pellet,Left,182,352,99,39999968,1.28,83,nan
9/23/2026 21:36:31,1.17.3,StopSig,76,3.92,nan,1,>Left_Regular_trial,Left,183,352,99,40096656,nan,nan,nan
9/23/2026 21:36:34,1.17.3,StopSig,76,3.93,nan,1,NoPoke_Regular_(incorrect),Left,183,352,99,40100076,nan,nan,nan
9/23/2026 21:38:15,1.17.3,StopSig,76,3.92,nan,1,>Left_Stop_trial,Left,184,352,99,40200587,nan,nan,nan
9/23/2026 21:38:18,1.17.3,StopSig,76,3.92,nan,1,NoPoke_STOP_(correct),Left,184,352,99,40204026,nan,nan,nan
9/23/2026 21:38:21,1.17.3,StopSig,76,3.92,2,1,Pellet,Left,184,352,100,40204026,0.78,205,nan
9/23/2026 21:41:06,1.17.3,StopSig,76,3.92,nan,1,Right_no_left,Left,184,353,100,40204026,nan,nan,nan
9/23/2026 21:41:20,1.17.3,StopSig,76,3.92,nan,1,>Left_Regular_trial,Left,185,353,100,40385909,nan,nan,nan
9/23/2026 21:41:21,1.17.3,StopSig,76,3.92,nan,1,Right_Regular_(correct),Left,185,354,100,40387332,nan,nan,nan
9/23/2026 21:41:21,1.17.3,StopSig,76,3.92,nan,1,RightDuringDispense,Left,185,355,100,40387332,nan,nan,0.12
9/23/2026 21:41:22,1.17.3,StopSig,76,3.92,1,1,Pellet,Left,185,355,101,40387332,0.16,181,nan
9/23/2026 21:41:45,1.17.3,StopSig,76,3.92,nan,1,Right_no_left,Left,185,356,101,40387332,nan,nan,nan
9/23/2026 21:41:48,1.17.3,StopSig,76,3.92,nan,1,>Left_Regular_trial,Left,186,356,101,40414327,nan,nan,nan
9/23/2026 21:41:49,1.17.3,StopSig,76,3.92,nan,1,Right_Regular_(correct),Left,186,357,101,40415749,nan,nan,nan
9/23/2026 21:41:50,1.17.3,StopSig,76,3.92,1,1,Pellet,Left,186,357,102,40415749,0.22,28,nan
9/23/2026 21:42:52,1.17.3,StopSig,76,3.92,nan,1,Right_no_left,Left,186,358,102,40415749,nan,nan,nan
9/23/2026 21:42:53,1.17.3,StopSig,76,3.92,nan,1,Right_no_left,Left,186,359,102,40478637,nan,nan,nan
9/23/2026 21:43:16,1.17.3,StopSig,76,3.93,nan,1,Right_no_left,Left,186,360,102,40479926,nan,nan,nan
9/23/2026 21:43:19,1.17.3,StopSig,76,3.92,nan,1,>Left_Regular_trial,Left,187,360,102,40504966,nan,nan,nan
9/23/2026 21:43:23,1.17.3,StopSig,76,3.92,nan,1,NoPoke_Regular_(incorrect),Left,187,360,102,40509091,nan,nan,nan
9/23/2026 21:44:04,1.17.3,StopSig,76,3.92,nan,1,Right_no_left,Left,187,361,102,40509091,nan,nan,nan
9/23/2026 21:44:32,1.17.3,StopSig,76,3.92,nan,1,>Left_Regular_trial,Left,188,361,102,40578756,nan,nan,nan
9/23/2026 21:44:36,1.17.3,StopSig,76,3.92,nan,1,NoPoke_Regular_(incorrect),Left,188,361,102,40582175,nan,nan,nan
9/23/2026 21:52:56,1.17.3,StopSig,76,3.92,nan,1,Right_no_left,Left,188,362,102,40582175,nan,nan,nan
9/23/2026 21:53:14,1.17.3,StopSig,76,3.93,nan,1,Right_no_left,Left,188,363,102,41083123,nan,nan,nan
9/23/2026 21:53:18,1.17.3,StopSig,76,3.92,nan,1,Right_no_left,Left,188,364,102,41100349,nan,nan,nan
9/23/2026 21:53:22,1.17.3,StopSig,76,3.92,nan,1,>Left_Regular_trial,Left,189,364,102,41108042,nan,nan,nan
9/23/2026 21:53:25,1.17.3,StopSig,76,3.92,nan,1,NoPoke_Regular_(incorrect),Left,189,364,102,41111315,nan,nan,nan
9/23/2026 21:55:15,1.17.3,StopSig,76,3.92,nan,1,>Left_Regular_trial,Left,190,364,102,41221559,nan,nan,nan
9/23/2026 21:55:19,1.17.3,StopSig,76,3.92,nan,1,NoPoke_Regular_(incorrect),Left,190,364,102,41225401,nan,nan,nan
9/23/2026 21:56:17,1.17.3,StopSig,76,3.92,nan,1,>Left_Regular_trial,Left,191,364,102,41283590,nan,nan,nan
9/23/2026 21:56:21,1.17.3,StopSig,76,3.92,nan,1,NoPoke_Regular_(incorrect),Left,191,364,102,41287436,nan,nan,nan
9/23/2026 21:57:00,1.17.3,StopSig,76,3.92,nan,1,>Left_Regular_trial,Left,192,364,102,41326843,nan,nan,nan
9/23/2026 21:57:04,1.17.3,StopSig,76,3.92,nan,1,NoPoke_Regular_(incorrect),Left,192,364,102,41330398,nan,nan,nan
9/23/2026 21:57:50,1.17.3,StopSig,76,3.92,nan,1,Right_no_left,Left,192,365,102,41330398,nan,nan,nan
9/23/2026 21:57:54,1.17.3,StopSig,76,3.91,nan,1,>Left_Regular_trial,Left,193,365,102,41380330,nan,nan,nan
9/23/2026 21:57:55,1.17.3,StopSig,76,3.92,nan,1,Right_Regular_(correct),Left,193,366,102,41381334,nan,nan,nan
9/23/2026 21:57:58,1.17.3,StopSig,76,3.92,2,1,Pellet,Left,193,366,103,41381334,0.22,968,nan
9/23/2026 21:58:17,1.17.3,StopSig,76,3.92,nan,1,>Left_Regular_trial,Left,194,366,103,41403134,nan,nan,nan
9/23/2026 21:58:19,1.17.3,StopSig,76,3.92,nan,1,Right_Regular_(correct),Left,194,367,103,41405982,nan,nan,nan
9/23/2026 21:58:21,1.17.3,StopSig,76,3.92,1,1,Pellet,Left,194,367,104,41405982,0.55,22,nan
9/23/2026 22:00:09,1.17.3,StopSig,76,3.92,nan,1,Right_no_left,Left,194,368,104,41405982,nan,nan,nan
9/23/2026 22:00:16,1.17.3,StopSig,76,3.92,nan,1,>Left_Regular_trial,Left,195,368,104,41522422,nan,nan,nan
9/23/2026 22:00:18,1.17.3,StopSig,76,3.92,nan,1,Right_Regular_(correct),Left,195,369,104,41524844,nan,nan,nan
9/23/2026 22:00:19,1.17.3,StopSig,76,3.92,1,1,Pellet,Left,195,369,105,41524844,0.22,119,nan
9/23/2026 22:00:40,1.17.3,StopSig,76,3.91,nan,1,Right_no_left,Left,195,370,105,41524844,nan,nan,nan
9/23/2026 22:00:40,1.17.3,StopSig,76,3.92,nan,1,Right_no_left,Left,195,371,105,41546720,nan,nan,nan
9/23/2026 22:00:44,1.17.3,StopSig,76,3.92,nan,1,>Left_Regular_trial,Left,196,371,105,41550276,nan,nan,nan
9/23/2026 22:00:46,1.17.3,StopSig,76,3.92,nan,1,Right_Regular_(correct),Left,196,372,105,41552980,nan,nan,nan
9/23/2026 22:00:47,1.17.3,StopSig,76,3.93,2,1,Pellet,Left,196,372,106,41552980,0.16,28,nan
9/23/2026 22:01:18,1.17.3,StopSig,76,3.92,nan,1,Right_no_left,Left,196,373,106,41552980,nan,nan,nan
9/23/2026 22:01:18,1.17.3,StopSig,76,3.92,nan,1,Right_no_left,Left,196,374,106,41585012,nan,nan,nan
9/23/2026 22:01:21,1.17.3,StopSig,76,3.92,nan,1,Right_no_left,Left,196,375,106,41585298,nan,nan,nan
9/23/2026 22:01:23,1.17.3,StopSig,76,3.92,nan,1,>Left_Regular_trial,Left,197,375,106,41589565,nan,nan,nan
9/23/2026 22:01:24,1.17.3,StopSig,76,3.92,nan,1,Right_Regular_(correct),Left,197,376,106,41591273,nan,nan,nan
9/23/2026 22:01:25,1.17.3,StopSig,76,3.91,1,1,Pellet,Left,197,376,107,41591273,0.16,38,nan
9/23/2026 22:01:44,1.17.3,StopSig,76,3.92,nan,1,>Left_Regular_trial,Left,198,376,107,41610870,nan,nan,nan
9/23/2026 22:01:46,1.17.3,StopSig,76,3.92,nan,1,Right_Regular_(correct),Left,198,377,107,41612436,nan,nan,nan
9/23/2026 22:01:47,1.17.3,StopSig,76,3.91,1,1,Pellet,Left,198,377,108,41612436,0.16,21,nan
9/23/2026 22:02:07,1.17.3,StopSig,76,3.92,nan,1,Right_no_left,Left,198,378,108,41612436,nan,nan,nan
9/23/2026 22:02:10,1.17.3,StopSig,76,3.92,nan,1,>Left_Regular_trial,Left,199,378,108,41636390,nan,nan,nan
9/23/2026 22:02:10,1.17.3,StopSig,76,3.92,nan,1,Right_Regular_(correct),Left,199,379,108,41637252,nan,nan,nan
9/23/2026 22:02:11,1.17.3,StopSig,76,3.92,1,1,Pellet,Left,199,379,109,41637252,0.11,25,nan
9/23/2026 22:02:30,1.17.3,StopSig,76,3.92,nan,1,>Left_Regular_trial,Left,200,379,109,41657185,nan,nan,nan
9/23/2026 22:02:34,1.17.3,StopSig,76,3.92,nan,1,NoPoke_Regular_(incorrect),Left,200,379,109,41660604,nan,nan,nan
9/23/2026 22:03:55,1.17.3,StopSig,76,3.92,nan,1,Right_no_left,Left,200,380,109,41660604,nan,nan,nan
9/23/2026 22:06:42,1.17.3,StopSig,76,3.91,nan,1,>Left_Regular_trial,Left,201,380,109,41908781,nan,nan,nan
9/23/2026 22:06:46,1.17.3,StopSig,76,3.92,nan,1,NoPoke_Regular_(incorrect),Left,201,380,109,41912628,nan,nan,nan
9/23/2026 22:07:49,1.17.3,StopSig,76,3.92,nan,1,>Left_Regular_trial,Left,202,380,109,41976102,nan,nan,nan
9/23/2026 22:07:50,1.17.3,StopSig,76,3.92,nan,1,Right_Regular_(correct),Left,202,381,109,41977386,nan,nan,nan
9/23/2026 22:07:52,1.17.3,StopSig,76,3.91,1,1,Pellet,Left,202,381,110,41977386,0.89,341,nan
9/23/2026 22:08:33,1.17.3,StopSig,76,3.92,nan,1,Right_no_left,Left,202,382,110,41977386,nan,nan,nan
9/23/2026 22:08:34,1.17.3,StopSig,76,3.93,nan,1,Right_no_left,Left,202,383,110,42019900,nan,nan,nan
9/23/2026 22:16:09,1.17.3,StopSig,76,3.91,nan,1,>Left_Regular_trial,Left,203,383,110,42476031,nan,nan,nan
9/23/2026 22:16:13,1.17.3,StopSig,76,3.92,nan,1,NoPoke_Regular_(incorrect),Left,203,383,110,42479875,nan,nan,nan
9/23/2026 22:16:50,1.17.3,StopSig,76,3.91,nan,1,Right_no_left,Left,203,384,110,42479875,nan,nan,nan
9/23/2026 22:16:51,1.17.3,StopSig,76,3.92,nan,1,Right_no_left,Left,203,385,110,42517451,nan,nan,nan
9/23/2026 22:18:01,1.17.3,StopSig,76,3.92,nan,1,Right_no_left,Left,203,386,110,42518733,nan,nan,nan
9/23/2026 22:18:02,1.17.3,StopSig,76,3.92,nan,1,Right_no_left,Left,203,387,110,42588565,nan,nan,nan
9/23/2026 22:21:26,1.17.3,StopSig,76,3.92,nan,1,>Left_Regular_trial,Left,204,387,110,42792844,nan,nan,nan
9/23/2026 22:21:30,1.17.3,StopSig,76,3.92,nan,1,NoPoke_Regular_(incorrect),Left,204,387,110,42796976,nan,nan,nan
9/23/2026 22:23:09,1.17.3,StopSig,76,3.93,nan,1,Right_no_left,Left,204,388,110,42796976,nan,nan,nan
9/23/2026 22:23:10,1.17.3,StopSig,76,3.92,nan,1,Right_no_left,Left,204,389,110,42896723,nan,nan,nan
9/23/2026 22:25:26,1.17.3,StopSig,76,3.92,nan,1,>Left_Stop_trial,Left,205,389,110,43032651,nan,nan,nan
9/23/2026 22:25:26,1.17.3,StopSig,76,3.92,nan,1,Right_STOP_(incorrect),Left,205,390,110,43033600,nan,nan,nan
9/23/2026 22:27:54,1.17.3,StopSig,76,3.92,nan,1,>Left_Regular_trial,Left,206,390,110,43181636,nan,nan,nan
9/23/2026 22:27:58,1.17.3,StopSig,76,3.92,nan,1,NoPoke_Regular_(incorrect),Left,206,390,110,43185205,nan,nan,nan
9/23/2026 22:28:57,1.17.3,StopSig,76,3.91,nan,1,>Left_Stop_trial,Left,207,390,110,43243727,nan,nan,nan
9/23/2026 22:28:57,1.17.3,StopSig,76,3.91,nan,1,Right_STOP_(incorrect),Left,207,391,110,43244651,nan,nan,nan
9/23/2026 22:30:48,1.17.3,StopSig,76,3.91,nan,1,Right_no_left,Left,207,392,110,43244651,nan,nan,nan
9/23/2026 22:31:15,1.17.3,StopSig,76,3.92,nan,1,>Left_Regular_trial,Left,208,392,110,43382187,nan,nan,nan
9/23/2026 22:31:19,1.17.3,StopSig,76,3.92,nan,1,Right_Regular_(correct),Left,208,393,110,43386030,nan,nan,nan
9/23/2026 22:31:19,1.17.3,StopSig,76,3.92,nan,1,RightDuringDispense,Left,208,394,110,43386030,nan,nan,0.05
9/23/2026 22:31:20,1.17.3,StopSig,76,3.92,1,1,Pellet,Left,208,394,111,43386030,0.22,1408,nan
9/23/2026 22:32:08,1.17.3,StopSig,76,3.92,nan,1,Right_no_left,Left,208,395,111,43386030,nan,nan,nan
9/23/2026 22:32:14,1.17.3,StopSig,76,3.91,nan,1,Right_no_left,Left,208,396,111,43435387,nan,nan,nan
9/23/2026 22:34:58,1.17.3,StopSig,76,3.92,nan,1,>Left_Stop_trial,Left,209,396,111,43605136,nan,nan,nan
9/23/2026 22:35:02,1.17.3,StopSig,76,3.91,nan,1,NoPoke_STOP_(correct),Left,209,396,111,43609389,nan,nan,nan
9/23/2026 22:35:19,1.17.3,StopSig,76,3.91,1,1,Pellet,Left,209,396,112,43609389,16.75,239,nan
9/23/2026 22:35:53,1.17.3,StopSig,76,3.91,nan,1,Right_no_left,Left,209,397,112,43609389,nan,nan,nan
9/23/2026 22:35:55,1.17.3,StopSig,76,3.92,nan,1,Right_no_left,Left,209,398,112,43660539,nan,nan,nan
9/23/2026 22:35:56,1.17.3,StopSig,76,3.91,nan,1,Right_no_left,Left,209,399,112,43662818,nan,nan,nan
9/23/2026 22:35:58,1.17.3,StopSig,76,3.92,nan,1,Right_no_left,Left,209,400,112,43663674,nan,nan,nan
9/23/2026 22:37:05,1.17.3,StopSig,76,3.92,nan,1,>Left_Stop_trial,Left,210,400,112,43732564,nan,nan,nan
9/23/2026 22:37:09,1.17.3,StopSig,76,3.91,nan,1,NoPoke_STOP_(correct),Left,210,400,112,43736423,nan,nan,nan
9/23/2026 22:37:12,1.17.3,StopSig,76,3.91,2,1,Pellet,Left,210,400,113,43736423,0.66,113,nan
9/23/2026 22:39:10,1.17.3,StopSig,76,3.91,nan,1,Right_no_left,Left,210,401,113,43736423,nan,nan,nan
9/23/2026 22:41:25,1.17.3,StopSig,76,3.92,nan,1,Right_no_left,Left,210,402,113,43858150,nan,nan,nan
9/23/2026 22:42:44,1.17.3,StopSig,76,3.91,nan,1,Right_no_left,Left,210,403,113,43993347,nan,nan,nan
9/23/2026 22:43:20,1.17.3,StopSig,76,3.92,nan,1,>Left_Regular_trial,Left,211,403,113,44107313,nan,nan,nan
9/23/2026 22:43:21,1.17.3,StopSig,76,3.91,nan,1,Right_Regular_(correct),Left,211,404,113,44108741,nan,nan,nan
9/23/2026 22:43:24,1.17.3,StopSig,76,3.92,2,1,Pellet,Left,211,404,114,44108741,0.61,372,nan
9/23/2026 22:44:40,1.17.3,StopSig,76,3.91,nan,1,>Left_Stop_trial,Left,212,404,114,44186835,nan,nan,nan
9/23/2026 22:44:41,1.17.3,StopSig,76,3.91,nan,1,Right_STOP_(incorrect),Left,212,405,114,44188298,nan,nan,nan
9/23/2026 22:47:54,1.17.3,StopSig,76,3.91,nan,1,Right_no_left,Left,212,406,114,44188298,nan,nan,nan
9/23/2026 22:47:54,1.17.3,StopSig,76,3.91,nan,1,Right_no_left,Left,212,407,114,44381737,nan,nan,nan
9/23/2026 22:48:41,1.17.3,StopSig,76,3.92,nan,1,Right_no_left,Left,212,408,114,44382449,nan,nan,nan
9/23/2026 22:48:43,1.17.3,StopSig,76,3.91,nan,1,>Left_Stop_trial,Left,213,408,114,44430186,nan,nan,nan
9/23/2026 22:48:46,1.17.3,StopSig,76,3.91,nan,1,NoPoke_STOP_(correct),Left,213,408,114,44433604,nan,nan,nan
9/23/2026 22:48:48,1.17.3,StopSig,76,3.91,1,1,Pellet,Left,213,408,115,44433604,1.45,324,nan
9/23/2026 22:50:24,1.17.3,StopSig,76,3.92,nan,1,>Left_Regular_trial,Left,214,408,115,44531731,nan,nan,nan
9/23/2026 22:50:28,1.17.3,StopSig,76,3.91,nan,1,NoPoke_Regular_(incorrect),Left,214,408,115,44535714,nan,nan,nan
9/23/2026 22:51:17,1.17.3,StopSig,76,3.92,nan,1,>Left_Regular_trial,Left,215,408,115,44585206,nan,nan,nan
9/23/2026 22:51:21,1.17.3,StopSig,76,3.92,nan,1,NoPoke_Regular_(incorrect),Left,215,408,115,44588620,nan,nan,nan
9/23/2026 22:53:19,1.17.3,StopSig,76,3.91,nan,1,Right_no_left,Left,215,409,115,44588620,nan,nan,nan
9/23/2026 22:53:21,1.17.3,StopSig,76,3.92,nan,1,>Left_Regular_trial,Left,216,409,115,44708695,nan,nan,nan
9/23/2026 22:53:24,1.17.3,StopSig,76,3.91,nan,1,Right_Regular_(correct),Left,216,410,115,44711826,nan,nan,nan
9/23/2026 22:53:25,1.17.3,StopSig,76,3.92,1,1,Pellet,Left,216,410,116,44711826,0.44,277,nan
9/23/2026 22:53:54,1.17.3,StopSig,76,3.91,nan,1,>Left_Regular_trial,Left,217,410,116,44742129,nan,nan,nan
9/23/2026 22:53:57,1.17.3,StopSig,76,3.92,nan,1,Right_Regular_(correct),Left,217,411,116,44744552,nan,nan,nan
9/23/2026 22:53:58,1.17.3,StopSig,76,3.91,1,1,Pellet,Left,217,411,117,44744552,0.22,33,nan
9/23/2026 22:58:12,1.17.3,StopSig,76,3.91,nan,1,Right_no_left,Left,217,412,117,44744552,nan,nan,nan
9/23/2026 22:58:14,1.17.3,StopSig,76,3.92,nan,1,>Left_Stop_trial,Left,218,412,117,45001807,nan,nan,nan
9/23/2026 22:58:18,1.17.3,StopSig,76,3.91,nan,1,NoPoke_STOP_(correct),Left,218,412,117,45005860,nan,nan,nan
9/23/2026 22:58:23,1.17.3,StopSig,76,3.91,1,1,Pellet,Left,218,412,118,45005860,4.19,265,nan
9/23/2026 23:02:11,1.17.3,StopSig,76,3.91,nan,1,Right_no_left,Left,218,413,118,45005860,nan,nan,nan
9/23/2026 23:02:12,1.17.3,StopSig,76,3.91,nan,1,Right_no_left,Left,218,414,118,45239339,nan,nan,nan
9/23/2026 23:05:31,1.17.3,StopSig,76,3.91,nan,1,>Left_Regular_trial,Left,219,414,118,45438833,nan,nan,nan
9/23/2026 23:05:35,1.17.3,StopSig,76,3.92,nan,1,NoPoke_Regular_(incorrect),Left,219,414,118,45442955,nan,nan,nan
9/23/2026 23:12:58,1.17.3,StopSig,76,3.91,nan,1,Right_no_left,Left,219,415,118,45442955,nan,nan,nan
9/23/2026 23:13:01,1.17.3,StopSig,76,3.91,nan,1,Right_no_left,Left,219,416,118,45886206,nan,nan,nan
9/23/2026 23:16:32,1.17.3,StopSig,76,3.92,nan,1,Right_no_left,Left,219,417,118,45889190,nan,nan,nan
9/23/2026 23:16:56,1.17.3,StopSig,76,3.91,nan,1,>Left_Regular_trial,Left,220,417,118,46124357,nan,nan,nan
9/23/2026 23:17:00,1.17.3,StopSig,76,3.91,nan,1,NoPoke_Regular_(incorrect),Left,220,417,118,46128195,nan,nan,nan
9/23/2026 23:17:35,1.17.3,StopSig,76,3.91,nan,1,>Left_Stop_trial,Left,221,417,118,46163056,nan,nan,nan
9/23/2026 23:17:39,1.17.3,StopSig,76,3.91,nan,1,NoPoke_STOP_(correct),Left,221,417,118,46167181,nan,nan,nan
9/23/2026 23:17:41,1.17.3,StopSig,76,3.91,1,1,Pellet,Left,221,417,119,46167181,1.05,1158,nan
9/23/2026 23:18:48,1.17.3,StopSig,76,3.91,nan,1,Right_no_left,Left,221,418,119,46167181,nan,nan,nan
9/23/2026 23:18:50,1.17.3,StopSig,76,3.91,nan,1,Right_no_left,Left,221,419,119,46236854,nan,nan,nan
9/23/2026 23:18:52,1.17.3,StopSig,76,3.91,nan,1,Right_no_left,Left,221,420,119,46238567,nan,nan,nan
9/23/2026 23:18:56,1.17.3,StopSig,76,3.91,nan,1,>Left_Stop_trial,Left,222,420,119,46244395,nan,nan,nan
9/23/2026 23:18:57,1.17.3,StopSig,76,3.91,nan,1,Right_STOP_(incorrect),Left,222,421,119,46245308,nan,nan,nan
9/23/2026 23:19:27,1.17.3,StopSig,76,3.91,nan,1,>Left_Regular_trial,Left,223,421,119,46275619,nan,nan,nan
9/23/2026 23:19:31,1.17.3,StopSig,76,3.91,nan,1,NoPoke_Regular_(incorrect),Left,223,421,119,46279173,nan,nan,nan
9/23/2026 23:20:28,1.17.3,StopSig,76,3.91,nan,1,>Left_Stop_trial,Left,224,421,119,46335937,nan,nan,nan
9/23/2026 23:20:31,1.17.3,StopSig,76,3.91,nan,1,NoPoke_STOP_(correct),Left,224,421,119,46339215,nan,nan,nan
9/23/2026 23:20:32,1.17.3,StopSig,76,3.91,1,1,Pellet,Left,224,421,120,46339215,0.44,171,nan
9/23/2026 23:20:55,1.17.3,StopSig,76,3.91,nan,1,Right_no_left,Left,224,422,120,46339215,nan,nan,nan
9/23/2026 23:20:57,1.17.3,StopSig,76,3.91,nan,1,Right_no_left,Left,224,423,120,46364107,nan,nan,nan
9/23/2026 23:21:00,1.17.3,StopSig,76,3.91,nan,1,>Left_Regular_trial,Left,225,423,120,46368127,nan,nan,nan
9/23/2026 23:21:02,1.17.3,StopSig,76,3.91,nan,1,Right_Regular_(correct),Left,225,424,120,46370406,nan,nan,nan
9/23/2026 23:21:03,1.17.3,StopSig,76,3.91,1,1,Pellet,Left,225,424,121,46370406,0.33,31,nan
9/23/2026 23:21:27,1.17.3,StopSig,76,3.91,nan,1,Right_no_left,Left,225,425,121,46370406,nan,nan,nan
9/23/2026 23:21:29,1.17.3,StopSig,76,3.91,nan,1,Right_no_left,Left,225,426,121,46396132,nan,nan,nan
9/23/2026 23:21:30,1.17.3,StopSig,76,3.91,nan,1,>Left_Regular_trial,Left,226,426,121,46398843,nan,nan,nan
9/23/2026 23:21:33,1.17.3,StopSig,76,3.91,nan,1,Right_Regular_(correct),Left,226,427,121,46401121,nan,nan,nan
9/23/2026 23:21:33,1.17.3,StopSig,76,3.91,1,1,Pellet,Left,226,427,122,46401121,0.16,30,nan
9/23/2026 23:27:05,1.17.3,StopSig,76,3.91,nan,1,Right_no_left,Left,226,428,122,46401121,nan,nan,nan
9/23/2026 23:27:06,1.17.3,StopSig,76,3.91,nan,1,Right_no_left,Left,226,429,122,46734033,nan,nan,nan
9/23/2026 23:27:08,1.17.3,StopSig,76,3.91,nan,1,Right_no_left,Left,226,430,122,46734905,nan,nan,nan
9/23/2026 23:27:13,1.17.3,StopSig,76,3.91,nan,1,Right_no_left,Left,226,431,122,46736616,nan,nan,nan
9/23/2026 23:27:16,1.17.3,StopSig,76,3.91,nan,1,>Left_Regular_trial,Left,227,431,122,46744874,nan,nan,nan
9/23/2026 23:27:19,1.17.3,StopSig,76,3.91,nan,1,Right_Regular_(correct),Left,227,432,122,46747150,nan,nan,nan
9/23/2026 23:27:19,1.17.3,StopSig,76,3.91,1,1,Pellet,Left,227,432,123,46747150,0.27,346,nan
9/23/2026 23:28:03,1.17.3,StopSig,76,3.91,nan,1,Right_no_left,Left,227,433,123,46747150,nan,nan,nan
9/23/2026 23:28:04,1.17.3,StopSig,76,3.91,nan,1,Right_no_left,Left,227,434,123,46792220,nan,nan,nan
9/23/2026 23:28:07,1.17.3,StopSig,76,3.91,nan,1,>Left_Stop_trial,Left,228,434,123,46794784,nan,nan,nan
9/23/2026 23:28:07,1.17.3,StopSig,76,3.91,nan,1,Right_STOP_(incorrect),Left,228,435,123,46796077,nan,nan,nan
9/23/2026 23:28:38,1.17.3,StopSig,76,3.91,nan,1,>Left_Regular_trial,Left,229,435,123,46826388,nan,nan,nan
9/23/2026 23:28:42,1.17.3,StopSig,76,3.91,nan,1,NoPoke_Regular_(incorrect),Left,229,435,123,46830386,nan,nan,nan
9/23/2026 23:29:37,1.17.3,StopSig,76,3.91,nan,1,>Left_Regular_trial,Left,230,435,123,46885622,nan,nan,nan
9/23/2026 23:29:41,1.17.3,StopSig,76,3.91,nan,1,NoPoke_Regular_(incorrect),Left,230,435,123,46889469,nan,nan,nan
9/23/2026 23:32:43,1.17.3,StopSig,76,3.91,nan,1,Right_no_left,Left,230,436,123,46889469,nan,nan,nan
9/23/2026 23:33:41,1.17.3,StopSig,76,3.91,nan,1,>Left_Stop_trial,Left,231,436,123,47129358,nan,nan,nan
9/23/2026 23:33:45,1.17.3,StopSig,76,3.91,nan,1,NoPoke_STOP_(correct),Left,231,436,123,47133534,nan,nan,nan
9/23/2026 23:33:46,1.17.3,StopSig,76,3.91,1,1,Pellet,Left,231,436,124,47133534,0.89,387,nan
9/23/2026 23:35:00,1.17.3,StopSig,76,3.91,nan,1,Right_no_left,Left,231,437,124,47133534,nan,nan,nan
9/23/2026 23:38:03,1.17.3,StopSig,76,3.91,nan,1,>Left_Regular_trial,Left,232,437,124,47392036,nan,nan,nan
9/23/2026 23:38:05,1.17.3,StopSig,76,3.91,nan,1,Right_Regular_(correct),Left,232,438,124,47394031,nan,nan,nan
9/23/2026 23:38:07,1.17.3,StopSig,76,3.91,1,1,Pellet,Left,232,438,125,47394031,0.50,260,nan
9/23/2026 23:42:09,1.17.3,StopSig,76,3.91,nan,1,Right_no_left,Left,232,439,125,47394031,nan,nan,nan
9/23/2026 23:42:15,1.17.3,StopSig,76,3.91,nan,1,>Left_Stop_trial,Left,233,439,125,47643254,nan,nan,nan
9/23/2026 23:42:15,1.17.3,StopSig,76,3.91,nan,1,Right_STOP_(incorrect),Left,233,440,125,47644247,nan,nan,nan
9/23/2026 23:44:02,1.17.3,StopSig,76,3.91,nan,1,>Left_Stop_trial,Left,234,440,125,47750554,nan,nan,nan
9/23/2026 23:44:06,1.17.3,StopSig,76,3.91,nan,1,NoPoke_STOP_(correct),Left,234,440,125,47754666,nan,nan,nan
9/23/2026 23:44:07,1.17.3,StopSig,76,3.91,1,1,Pellet,Left,234,440,126,47754666,0.83,361,nan
9/23/2026 23:45:30,1.17.3,StopSig,76,3.91,nan,1,Right_no_left,Left,234,441,126,47754666,nan,nan,nan
9/23/2026 23:45:31,1.17.3,StopSig,76,3.92,nan,1,Right_no_left,Left,234,442,126,47838742,nan,nan,nan
9/23/2026 23:45:33,1.17.3,StopSig,76,3.91,nan,1,Right_no_left,Left,234,443,126,47839739,nan,nan,nan
9/23/2026 23:45:34,1.17.3,StopSig,76,3.91,nan,1,Right_no_left,Left,234,444,126,47841740,nan,nan,nan
9/23/2026 23:45:36,1.17.3,StopSig,76,3.91,nan,1,>Left_Regular_trial,Left,235,444,126,47845299,nan,nan,nan
9/23/2026 23:45:39,1.17.3,StopSig,76,3.91,nan,1,Right_Regular_(correct),Left,235,445,126,47848431,nan,nan,nan
9/23/2026 23:45:43,1.17.3,StopSig,76,3.91,2,1,Pellet,Left,235,445,127,47848431,0.22,96,nan
9/23/2026 23:46:08,1.17.3,StopSig,76,3.91,nan,1,Right_no_left,Left,235,446,127,47848431,nan,nan,nan
9/23/2026 23:46:09,1.17.3,StopSig,76,3.91,nan,1,Right_no_left,Left,235,447,127,47877159,nan,nan,nan
9/23/2026 23:46:12,1.17.3,StopSig,76,3.91,nan,1,Right_no_left,Left,235,448,127,47877730,nan,nan,nan
9/23/2026 23:46:13,1.17.3,StopSig,76,3.91,nan,1,Right_no_left,Left,235,449,127,47881572,nan,nan,nan
9/23/2026 23:46:17,1.17.3,StopSig,76,3.91,nan,1,Right_no_left,Left,235,450,127,47882427,nan,nan,nan
9/23/2026 23:46:18,1.17.3,StopSig,76,3.91,nan,1,Right_no_left,Left,235,451,127,47886129,nan,nan,nan
9/23/2026 23:46:21,1.17.3,StopSig,76,3.91,nan,1,>Left_Stop_trial,Left,236,451,127,47888840,nan,nan,nan
9/23/2026 23:46:21,1.17.3,StopSig,76,3.91,nan,1,Right_STOP_(incorrect),Left,236,452,127,47890133,nan,nan,nan
9/23/2026 23:46:52,1.17.3,StopSig,76,3.91,nan,1,>Left_Regular_trial,Left,237,452,127,47920444,nan,nan,nan
9/23/2026 23:46:55,1.17.3,StopSig,76,3.91,nan,1,NoPoke_Regular_(incorrect),Left,237,452,127,47923718,nan,nan,nan
9/23/2026 23:50:45,1.17.3,StopSig,76,3.91,nan,1,Right_no_left,Left,237,453,127,47923718,nan,nan,nan
9/23/2026 23:50:51,1.17.3,StopSig,76,3.91,nan,1,Right_no_left,Left,237,454,127,48154200,nan,nan,nan
9/23/2026 23:50:59,1.17.3,StopSig,76,3.91,nan,1,Right_no_left,Left,237,455,127,48160036,nan,nan,nan
9/23/2026 23:51:17,1.17.3,StopSig,76,3.91,nan,1,>Left_Stop_trial,Left,238,455,127,48185065,nan,nan,nan
9/23/2026 23:51:20,1.17.3,StopSig,76,3.91,nan,1,NoPoke_STOP_(correct),Left,238,455,127,48188779,nan,nan,nan
9/23/2026 23:51:23,1.17.3,StopSig,76,3.91,2,1,Pellet,Left,238,455,128,48188779,0.72,340,nan
9/23/2026 23:52:47,1.17.3,StopSig,76,3.91,nan,1,Right_no_left,Left,238,456,128,48188779,nan,nan,nan
9/23/2026 23:53:02,1.17.3,StopSig,76,3.91,nan,1,>Left_Stop_trial,Left,239,456,128,48290567,nan,nan,nan
9/23/2026 23:53:05,1.17.3,StopSig,76,3.91,nan,1,NoPoke_STOP_(correct),Left,239,456,128,48293827,nan,nan,nan
9/23/2026 23:53:06,1.17.3,StopSig,76,3.91,1,1,Pellet,Left,239,456,129,48293827,0.78,103,nan
9/23/2026 23:53:40,1.17.3,StopSig,76,3.91,nan,1,>Left_Regular_trial,Left,240,456,129,48328642,nan,nan,nan
9/23/2026 23:53:44,1.17.3,StopSig,76,3.91,nan,1,NoPoke_Regular_(incorrect),Left,240,456,129,48332780,nan,nan,nan
9/23/2026 23:55:01,1.17.3,StopSig,76,3.91,nan,1,>Left_Stop_trial,Left,241,456,129,48409931,nan,nan,nan
9/23/2026 23:55:05,1.17.3,StopSig,76,3.91,nan,1,NoPoke_STOP_(correct),Left,241,456,129,48413880,nan,nan,nan
9/23/2026 23:55:06,1.17.3,StopSig,76,3.91,1,1,Pellet,Left,241,456,130,48413880,0.78,120,nan
9/23/2026 23:56:50,1.17.3,StopSig,76,3.91,nan,1,>Left_Stop_trial,Left,242,456,130,48518718,nan,nan,nan
9/23/2026 23:56:54,1.17.3,StopSig,76,3.91,nan,1,NoPoke_STOP_(correct),Left,242,456,130,48522847,nan,nan,nan
9/23/2026 23:56:55,1.17.3,StopSig,76,3.91,1,1,Pellet,Left,242,456,131,48522847,0.72,109,nan
9/23/2026 23:57:31,1.17.3,StopSig,76,3.91,nan,1,Right_no_left,Left,242,457,131,48522847,nan,nan,nan
9/23/2026 23:57:34,1.17.3,StopSig,76,3.91,nan,1,>Left_Stop_trial,Left,243,457,131,48562770,nan,nan,nan
9/23/2026 23:57:35,1.17.3,StopSig,76,3.91,nan,1,Right_STOP_(incorrect),Left,243,458,131,48563853,nan,nan,nan
9/23/2026 23:58:38,1.17.3,StopSig,76,3.91,nan,1,>Left_Regular_trial,Left,244,458,131,48627187,nan,nan,nan
9/23/2026 23:58:42,1.17.3,StopSig,76,3.91,nan,1,NoPoke_Regular_(incorrect),Left,244,458,131,48630888,nan,nan,nan
9/24/2026 0:01:25,1.17.3,StopSig,76,3.91,nan,1,Right_no_left,Left,244,459,131,48630888,nan,nan,nan
9/24/2026 0:03:55,1.17.3,StopSig,76,3.91,nan,1,>Left_Regular_trial,Left,245,459,131,48943975,nan,nan,nan
9/24/2026 0:03:59,1.17.3,StopSig,76,3.91,nan,1,NoPoke_Regular_(incorrect),Left,245,459,131,48947966,nan,nan,nan
9/24/2026 0:04:30,1.17.3,StopSig,76,3.91,nan,1,>Left_Stop_trial,Left,246,459,131,48978561,nan,nan,nan
9/24/2026 0:04:31,1.17.3,StopSig,76,3.91,nan,1,Right_STOP_(incorrect),Left,246,460,131,48980368,nan,nan,nan
9/24/2026 0:05:02,1.17.3,StopSig,76,3.91,nan,1,>Left_Regular_trial,Left,247,460,131,49010679,nan,nan,nan
9/24/2026 0:05:05,1.17.3,StopSig,76,3.91,nan,1,NoPoke_Regular_(incorrect),Left,247,460,131,49013951,nan,nan,nan
9/24/2026 0:17:03,1.17.3,StopSig,76,3.91,nan,1,>Left_Regular_trial,Left,248,460,131,49732687,nan,nan,nan
9/24/2026 0:17:05,1.17.3,StopSig,76,3.91,nan,1,Right_Regular_(correct),Left,248,461,131,49734252,nan,nan,nan
9/24/2026 0:17:08,1.17.3,StopSig,76,3.91,2,1,Pellet,Left,248,461,132,49734252,0.50,1213,nan
9/24/2026 0:18:24,1.17.3,StopSig,76,3.91,nan,1,Right_no_left,Left,248,462,132,49734252,nan,nan,nan
9/24/2026 0:19:13,1.17.3,StopSig,76,3.91,nan,1,Right_no_left,Left,248,463,132,49814095,nan,nan,nan
9/24/2026 0:19:14,1.17.3,StopSig,76,3.91,nan,1,Right_no_left,Left,248,464,132,49862348,nan,nan,nan
9/24/2026 0:19:18,1.17.3,StopSig,76,3.91,nan,1,>Left_Stop_trial,Left,249,464,132,49866617,nan,nan,nan
9/24/2026 0:19:21,1.17.3,StopSig,76,3.91,nan,1,NoPoke_STOP_(correct),Left,249,464,132,49870248,nan,nan,nan
9/24/2026 0:19:23,1.17.3,StopSig,76,3.91,1,1,Pellet,Left,249,464,133,49870248,1.16,135,nan
9/24/2026 0:20:40,1.17.3,StopSig,76,3.91,nan,1,>Left_Regular_trial,Left,250,464,133,49949149,nan,nan,nan
9/24/2026 0:20:42,1.17.3,StopSig,76,3.91,nan,1,Right_Regular_(correct),Left,250,465,133,49951726,nan,nan,nan
9/24/2026 0:20:47,1.17.3,StopSig,76,3.91,3,1,Pellet,Left,250,465,134,49951726,0.33,84,nan
9/24/2026 0:21:29,1.17.3,StopSig,76,3.91,nan,1,Right_no_left,Left,250,466,134,49951726,nan,nan,nan
9/24/2026 0:21:31,1.17.3,StopSig,76,3.91,nan,1,Right_no_left,Left,250,467,134,49998768,nan,nan,nan
9/24/2026 0:21:35,1.17.3,StopSig,76,3.91,nan,1,>Left_Stop_trial,Left,251,467,134,50004316,nan,nan,nan
9/24/2026 0:21:36,1.17.3,StopSig,76,3.91,nan,1,Right_STOP_(incorrect),Left,251,468,134,50005240,nan,nan,nan
9/24/2026 0:23:00,1.17.3,StopSig,76,3.91,nan,1,>Left_Regular_trial,Left,252,468,134,50089336,nan,nan,nan
9/24/2026 0:23:04,1.17.3,StopSig,76,3.91,nan,1,NoPoke_Regular_(incorrect),Left,252,468,134,50093325,nan,nan,nan
9/24/2026 0:23:53,1.17.3,StopSig,76,3.91,nan,1,Right_no_left,Left,252,469,134,50093325,nan,nan,nan
9/24/2026 0:24:01,1.17.3,StopSig,76,3.91,nan,1,>Left_Regular_trial,Left,253,469,134,50150834,nan,nan,nan
9/24/2026 0:24:04,1.17.3,StopSig,76,3.91,nan,1,Right_Regular_(correct),Left,253,470,134,50153831,nan,nan,nan
9/24/2026 0:24:07,1.17.3,StopSig,76,3.91,2,1,Pellet,Left,253,470,135,50153831,0.39,200,nan
9/24/2026 0:24:51,1.17.3,StopSig,76,3.91,nan,1,Right_no_left,Left,253,471,135,50153831,nan,nan,nan
9/24/2026 0:24:51,1.17.3,StopSig,76,3.91,nan,1,Right_no_left,Left,253,472,135,50200555,nan,nan,nan
9/24/2026 0:24:52,1.17.3,StopSig,76,3.91,nan,1,Right_no_left,Left,253,473,135,50201126,nan,nan,nan
9/24/2026 0:24:57,1.17.3,StopSig,76,3.91,nan,1,Right_no_left,Left,253,474,135,50202283,nan,nan,nan
9/24/2026 0:25:09,1.17.3,StopSig,76,3.91,nan,1,Right_no_left,Left,253,475,135,50206410,nan,nan,nan
9/24/2026 0:25:34,1.17.3,StopSig,76,3.91,nan,1,>Left_Regular_trial,Left,254,475,135,50243552,nan,nan,nan
9/24/2026 0:25:38,1.17.3,StopSig,76,3.91,nan,1,NoPoke_Regular_(incorrect),Left,254,475,135,50247396,nan,nan,nan
9/24/2026 0:26:18,1.17.3,StopSig,76,3.91,nan,1,>Left_Regular_trial,Left,255,475,135,50287953,nan,nan,nan
9/24/2026 0:26:22,1.17.3,StopSig,76,3.91,nan,1,NoPoke_Regular_(incorrect),Left,255,475,135,50291378,nan,nan,nan
9/24/2026 0:28:14,1.17.3,StopSig,76,3.91,nan,1,>Left_Regular_trial,Left,256,475,135,50403504,nan,nan,nan
9/24/2026 0:28:18,1.17.3,StopSig,76,3.91,nan,1,NoPoke_Regular_(incorrect),Left,256,475,135,50407493,nan,nan,nan
9/24/2026 0:33:17,1.17.3,StopSig,76,3.91,nan,1,>Left_Regular_trial,Left,257,475,135,50706224,nan,nan,nan
9/24/2026 0:33:18,1.17.3,StopSig,76,3.91,nan,1,Right_Regular_(correct),Left,257,476,135,50707797,nan,nan,nan
9/24/2026 0:33:19,1.17.3,StopSig,76,3.91,1,1,Pellet,Left,257,476,136,50707797,0.44,552,nan
9/24/2026 0:33:57,1.17.3,StopSig,76,3.91,nan,1,Right_no_left,Left,257,477,136,50707797,nan,nan,nan
9/24/2026 0:33:59,1.17.3,StopSig,76,3.91,nan,1,Right_no_left,Left,257,478,136,50747464,nan,nan,nan
9/24/2026 0:34:01,1.17.3,StopSig,76,3.91,nan,1,Right_no_left,Left,257,479,136,50749457,nan,nan,nan
9/24/2026 0:34:04,1.17.3,StopSig,76,3.90,nan,1,>Left_Regular_trial,Left,258,479,136,50753300,nan,nan,nan
9/24/2026 0:34:06,1.17.3,StopSig,76,3.91,nan,1,Right_Regular_(correct),Left,258,480,136,50755728,nan,nan,nan
9/24/2026 0:34:06,1.17.3,StopSig,76,3.91,nan,1,RightDuringDispense,Left,258,481,136,50755728,nan,nan,0.08
9/24/2026 0:34:07,1.17.3,StopSig,76,3.87,nan,1,RightDuringDispense,Left,258,482,136,50755728,nan,nan,0.18
9/24/2026 0:34:08,1.17.3,StopSig,76,3.91,1,1,Pellet,Left,258,482,137,50755728,0.78,49,nan
9/24/2026 0:35:18,1.17.3,StopSig,76,3.91,nan,1,Right_no_left,Left,258,483,137,50755728,nan,nan,nan
9/24/2026 0:35:20,1.17.3,StopSig,76,3.91,nan,1,>Left_Regular_trial,Left,259,483,137,50829645,nan,nan,nan
9/24/2026 0:35:22,1.17.3,StopSig,76,3.91,nan,1,Right_Regular_(correct),Left,259,484,137,50832352,nan,nan,nan
9/24/2026 0:35:28,1.17.3,StopSig,76,3.91,4,1,Pellet,Left,259,484,138,50832352,0.33,80,nan
9/24/2026 0:35:57,1.17.3,StopSig,76,3.91,nan,1,Right_no_left,Left,259,485,138,50832352,nan,nan,nan
9/24/2026 0:35:58,1.17.3,StopSig,76,3.91,nan,1,Right_no_left,Left,259,486,138,50866649,nan,nan,nan
9/24/2026 0:36:03,1.17.3,StopSig,76,3.91,nan,1,Right_no_left,Left,259,487,138,50867664,nan,nan,nan
9/24/2026 0:36:09,1.17.3,StopSig,76,3.90,nan,1,>Left_Stop_trial,Left,260,487,138,50877781,nan,nan,nan
9/24/2026 0:36:10,1.17.3,StopSig,76,3.91,nan,1,Right_STOP_(incorrect),Left,260,488,138,50879558,nan,nan,nan
9/24/2026 0:36:40,1.17.3,StopSig,76,3.91,nan,1,>Left_Regular_trial,Left,261,488,138,50909870,nan,nan,nan
9/24/2026 0:36:44,1.17.3,StopSig,76,3.91,nan,1,NoPoke_Regular_(incorrect),Left,261,488,138,50913581,nan,nan,nan
9/24/2026 0:53:45,1.17.3,StopSig,76,3.91,nan,1,>Left_Stop_trial,Left,262,488,138,51935088,nan,nan,nan
9/24/2026 0:53:46,1.17.3,StopSig,76,3.91,nan,1,Right_STOP_(incorrect),Left,262,489,138,51936463,nan,nan,nan
9/24/2026 0:54:17,1.17.3,StopSig,76,3.91,nan,1,>Left_Regular_trial,Left,263,489,138,51966775,nan,nan,nan
9/24/2026 0:54:20,1.17.3,StopSig,76,3.91,nan,1,NoPoke_Regular_(incorrect),Left,263,489,138,51970053,nan,nan,nan
9/24/2026 2:00:28,1.17.3,StopSig,76,3.91,nan,1,>Left_Stop_trial,Left,264,489,138,55939348,nan,nan,nan
9/24/2026 2:00:29,1.17.3,StopSig,76,3.91,nan,1,Right_STOP_(incorrect),Left,264,490,138,55940783,nan,nan,nan
9/24/2026 2:19:37,1.17.3,StopSig,76,3.90,nan,1,>Left_Regular_trial,Left,265,490,138,57089519,nan,nan,nan
9/24/2026 2:19:41,1.17.3,StopSig,76,3.90,nan,1,NoPoke_Regular_(incorrect),Left,265,490,138,57092937,nan,nan,nan
9/24/2026 2:20:36,1.17.3,StopSig,76,3.90,nan,1,>Left_Regular_trial,Left,266,490,138,57148321,nan,nan,nan
9/24/2026 2:20:40,1.17.3,StopSig,76,3.90,nan,1,NoPoke_Regular_(incorrect),Left,266,490,138,57152034,nan,nan,nan
9/24/2026 2:22:39,1.17.3,StopSig,76,3.90,nan,1,>Left_Regular_trial,Left,267,490,138,57271358,nan,nan,nan
9/24/2026 2:22:40,1.17.3,StopSig,76,3.91,nan,1,Right_Regular_(correct),Left,267,491,138,57272641,nan,nan,nan
9/24/2026 2:22:42,1.17.3,StopSig,76,3.90,2,1,Pellet,Left,267,491,139,57272641,0.61,6434,nan
9/24/2026 2:23:47,1.17.3,StopSig,76,3.90,nan,1,Right_no_left,Left,267,492,139,57272641,nan,nan,nan
9/24/2026 2:23:50,1.17.3,StopSig,76,3.90,nan,1,>Left_Stop_trial,Left,268,492,139,57341320,nan,nan,nan
9/24/2026 2:23:51,1.17.3,StopSig,76,3.90,nan,1,Right_STOP_(incorrect),Left,268,493,139,57343292,nan,nan,nan
9/24/2026 2:24:21,1.17.3,StopSig,76,3.90,nan,1,>Left_Regular_trial,Left,269,493,139,57373603,nan,nan,nan
9/24/2026 2:24:25,1.17.3,StopSig,76,3.89,nan,1,NoPoke_Regular_(incorrect),Left,269,493,139,57377022,nan,nan,nan
9/24/2026 2:26:36,1.17.3,StopSig,76,3.90,nan,1,Right_no_left,Left,269,494,139,57377022,nan,nan,nan
9/24/2026 2:27:00,1.17.3,StopSig,76,3.90,nan,1,Right_no_left,Left,269,495,139,57508467,nan,nan,nan
9/24/2026 2:27:03,1.17.3,StopSig,76,3.90,nan,1,>Left_Regular_trial,Left,270,495,139,57535098,nan,nan,nan
9/24/2026 2:27:06,1.17.3,StopSig,76,3.90,nan,1,Right_Regular_(correct),Left,270,496,139,57538088,nan,nan,nan
9/24/2026 2:27:07,1.17.3,StopSig,76,3.90,2,1,Pellet,Left,270,496,140,57538088,0.33,265,nan
9/24/2026 2:27:59,1.17.3,StopSig,76,3.89,nan,1,>Left_Stop_trial,Left,271,496,140,57590359,nan,nan,nan
9/24/2026 2:28:02,1.17.3,StopSig,76,3.90,nan,1,NoPoke_STOP_(correct),Left,271,496,140,57594088,nan,nan,nan
9/24/2026 2:28:06,1.17.3,StopSig,76,3.90,1,1,Pellet,Left,271,496,141,57594088,3.35,59,nan
9/24/2026 2:29:18,1.17.3,StopSig,76,3.90,nan,1,Right_no_left,Left,271,497,141,57594088,nan,nan,nan
9/24/2026 2:29:19,1.17.3,StopSig,76,3.90,nan,1,Right_no_left,Left,271,498,141,57670718,nan,nan,nan
9/24/2026 2:29:20,1.17.3,StopSig,76,3.90,nan,1,Right_no_left,Left,271,499,141,57671146,nan,nan,nan
9/24/2026 2:29:20,1.17.3,StopSig,76,3.90,nan,1,Right_no_left,Left,271,500,141,57672291,nan,nan,nan
9/24/2026 2:29:24,1.17.3,StopSig,76,3.90,nan,1,Right_no_left,Left,271,501,141,57672719,nan,nan,nan
9/24/2026 2:29:25,1.17.3,StopSig,76,3.90,nan,1,Right_no_left,Left,271,502,141,57676274,nan,nan,nan
9/24/2026 2:29:47,1.17.3,StopSig,76,3.90,nan,1,>Left_Stop_trial,Left,272,502,141,57698442,nan,nan,nan
9/24/2026 2:29:50,1.17.3,StopSig,76,3.90,nan,1,NoPoke_STOP_(correct),Left,272,502,141,57702167,nan,nan,nan
9/24/2026 2:30:04,1.17.3,StopSig,76,3.89,1,1,Pellet,Left,272,502,142,57702167,13.83,118,nan
9/24/2026 2:32:49,1.17.3,StopSig,76,3.90,nan,1,Right_no_left,Left,272,503,142,57702167,nan,nan,nan
9/24/2026 2:32:54,1.17.3,StopSig,76,3.91,nan,1,>Left_Stop_trial,Left,273,503,142,57885618,nan,nan,nan
9/24/2026 2:32:57,1.17.3,StopSig,76,3.90,nan,1,NoPoke_STOP_(correct),Left,273,503,142,57889270,nan,nan,nan
9/24/2026 2:32:59,1.17.3,StopSig,76,3.90,1,1,Pellet,Left,273,503,143,57889270,1.22,175,nan
9/24/2026 2:34:57,1.17.3,StopSig,76,3.91,nan,1,Right_no_left,Left,273,504,143,57889270,nan,nan,nan
9/24/2026 2:35:08,1.17.3,StopSig,76,3.90,nan,1,Right_no_left,Left,273,505,143,58010141,nan,nan,nan
9/24/2026 2:35:08,1.17.3,StopSig,76,3.89,nan,1,Right_no_left,Left,273,506,143,58020537,nan,nan,nan
9/24/2026 2:35:09,1.17.3,StopSig,76,3.90,nan,1,Right_no_left,Left,273,507,143,58020966,nan,nan,nan
9/24/2026 2:35:18,1.17.3,StopSig,76,3.90,nan,1,>Left_Regular_trial,Left,274,507,143,58029929,nan,nan,nan
9/24/2026 2:35:20,1.17.3,StopSig,76,3.90,nan,1,Right_Regular_(correct),Left,274,508,143,58032782,nan,nan,nan
9/24/2026 2:35:21,1.17.3,StopSig,76,3.91,2,1,Pellet,Left,274,508,144,58032782,0.16,142,nan
9/24/2026 2:38:13,1.17.3,StopSig,76,3.90,nan,1,Right_no_left,Left,274,509,144,58032782,nan,nan,nan
9/24/2026 2:38:13,1.17.3,StopSig,76,3.90,nan,1,Right_no_left,Left,274,510,144,58205485,nan,nan,nan
9/24/2026 2:38:18,1.17.3,StopSig,76,3.90,nan,1,>Left_Stop_trial,Left,275,510,144,58210179,nan,nan,nan
9/24/2026 2:38:22,1.17.3,StopSig,76,3.90,nan,1,NoPoke_STOP_(correct),Left,275,510,144,58214401,nan,nan,nan
9/24/2026 2:38:23,1.17.3,StopSig,76,3.90,1,1,Pellet,Left,275,510,145,58214401,0.44,182,nan
9/24/2026 2:41:25,1.17.3,StopSig,76,3.90,nan,1,Right_no_left,Left,275,511,145,58214401,nan,nan,nan
9/24/2026 2:41:28,1.17.3,StopSig,76,3.89,nan,1,>Left_Regular_trial,Left,276,511,145,58400632,nan,nan,nan
9/24/2026 2:41:32,1.17.3,StopSig,76,3.89,nan,1,NoPoke_Regular_(incorrect),Left,276,511,145,58404467,nan,nan,nan
9/24/2026 2:42:07,1.17.3,StopSig,76,3.90,nan,1,Right_no_left,Left,276,512,145,58404467,nan,nan,nan
9/24/2026 2:42:29,1.17.3,StopSig,76,3.89,nan,1,>Left_Regular_trial,Left,277,512,145,58461088,nan,nan,nan
9/24/2026 2:42:30,1.17.3,StopSig,76,3.90,nan,1,Right_Regular_(correct),Left,277,513,145,58462369,nan,nan,nan
9/24/2026 2:42:31,1.17.3,StopSig,76,3.90,1,1,Pellet,Left,277,513,146,58462369,0.44,248,nan
9/24/2026 2:43:03,1.17.3,StopSig,76,3.89,nan,1,Right_no_left,Left,277,514,146,58462369,nan,nan,nan
9/24/2026 2:43:04,1.17.3,StopSig,76,3.90,nan,1,Right_no_left,Left,277,515,146,58496365,nan,nan,nan
9/24/2026 2:43:08,1.17.3,StopSig,76,3.89,nan,1,Right_no_left,Left,277,516,146,58497219,nan,nan,nan
9/24/2026 2:43:09,1.17.3,StopSig,76,3.90,nan,1,Right_no_left,Left,277,517,146,58500632,nan,nan,nan
9/24/2026 2:43:10,1.17.3,StopSig,76,3.90,nan,1,Right_no_left,Left,277,518,146,58502198,nan,nan,nan
9/24/2026 2:43:12,1.17.3,StopSig,76,3.90,nan,1,>Left_Regular_trial,Left,278,518,146,58504474,nan,nan,nan
9/24/2026 2:43:15,1.17.3,StopSig,76,3.90,nan,1,Right_Regular_(correct),Left,278,519,146,58507755,nan,nan,nan
9/24/2026 2:43:16,1.17.3,StopSig,76,3.89,nan,1,RightDuringDispense,Left,278,520,146,58507755,nan,nan,0.22
9/24/2026 2:43:19,1.17.3,StopSig,76,3.90,3,1,Pellet,Left,278,520,147,58507755,0.05,48,nan
9/24/2026 2:43:45,1.17.3,StopSig,76,3.90,nan,1,Right_no_left,Left,278,521,147,58507755,nan,nan,nan
9/24/2026 2:43:45,1.17.3,StopSig,76,3.90,nan,1,Right_no_left,Left,278,522,147,58537960,nan,nan,nan
9/24/2026 2:43:47,1.17.3,StopSig,76,3.90,nan,1,>Left_Regular_trial,Left,279,522,147,58539960,nan,nan,nan
9/24/2026 2:43:49,1.17.3,StopSig,76,3.90,nan,1,Right_Regular_(correct),Left,279,523,147,58541384,nan,nan,nan
9/24/2026 2:43:49,1.17.3,StopSig,76,3.90,nan,1,RightDuringDispense,Left,279,524,147,58541384,nan,nan,0.00
9/24/2026 2:43:50,1.17.3,StopSig,76,3.90,1,1,Pellet,Left,279,524,148,58541384,0.16,31,nan
9/24/2026 2:44:31,1.17.3,StopSig,76,3.90,nan,1,Right_no_left,Left,279,525,148,58541384,nan,nan,nan
9/24/2026 2:44:35,1.17.3,StopSig,76,3.90,nan,1,>Left_Stop_trial,Left,280,525,148,58586655,nan,nan,nan
9/24/2026 2:44:35,1.17.3,StopSig,76,3.90,nan,1,Right_STOP_(incorrect),Left,280,526,148,58588034,nan,nan,nan
9/24/2026 2:45:06,1.17.3,StopSig,76,3.90,nan,1,>Left_Regular_trial,Left,281,526,148,58618345,nan,nan,nan
9/24/2026 2:45:10,1.17.3,StopSig,76,3.90,nan,1,NoPoke_Regular_(incorrect),Left,281,526,148,58622475,nan,nan,nan
9/24/2026 2:54:08,1.17.3,StopSig,76,3.89,nan,1,Right_no_left,Left,281,527,148,58622475,nan,nan,nan
9/24/2026 2:54:37,1.17.3,StopSig,76,3.90,nan,1,>Left_Regular_trial,Left,282,527,148,59189450,nan,nan,nan
9/24/2026 2:54:40,1.17.3,StopSig,76,3.91,nan,1,NoPoke_Regular_(incorrect),Left,282,527,148,59192726,nan,nan,nan
9/24/2026 2:58:20,1.17.3,StopSig,76,3.90,nan,1,Right_no_left,Left,282,528,148,59192726,nan,nan,nan
9/24/2026 2:58:24,1.17.3,StopSig,76,3.90,nan,1,>Left_Regular_trial,Left,283,528,148,59416578,nan,nan,nan
9/24/2026 2:58:26,1.17.3,StopSig,76,3.90,nan,1,Right_Regular_(correct),Left,283,529,148,59419146,nan,nan,nan
9/24/2026 2:58:31,1.17.3,StopSig,76,3.90,4,1,Pellet,Left,283,529,149,59419146,0.05,881,nan
9/24/2026 2:59:25,1.17.3,StopSig,76,3.90,nan,1,Right_no_left,Left,283,530,149,59419146,nan,nan,nan
9/24/2026 2:59:29,1.17.3,StopSig,76,3.90,nan,1,Right_no_left,Left,283,531,149,59478054,nan,nan,nan
9/24/2026 2:59:30,1.17.3,StopSig,76,3.89,nan,1,Right_no_left,Left,283,532,149,59481902,nan,nan,nan
9/24/2026 2:59:30,1.17.3,StopSig,76,3.90,nan,1,Right_no_left,Left,283,533,149,59482900,nan,nan,nan
9/24/2026 2:59:36,1.17.3,StopSig,76,3.90,nan,1,>Left_Regular_trial,Left,284,533,149,59489032,nan,nan,nan
9/24/2026 2:59:40,1.17.3,StopSig,76,3.90,nan,1,NoPoke_Regular_(incorrect),Left,284,533,149,59492879,nan,nan,nan
9/24/2026 3:00:37,1.17.3,StopSig,76,3.90,nan,1,Right_no_left,Left,284,534,149,59492879,nan,nan,nan
9/24/2026 3:00:52,1.17.3,StopSig,76,3.90,nan,1,Right_no_left,Left,284,535,149,59550241,nan,nan,nan
9/24/2026 3:01:09,1.17.3,StopSig,76,3.90,nan,1,Right_no_left,Left,284,536,149,59565330,nan,nan,nan
9/24/2026 3:01:09,1.17.3,StopSig,76,3.90,nan,1,Right_no_left,Left,284,537,149,59582273,nan,nan,nan
9/24/2026 3:01:12,1.17.3,StopSig,76,3.90,nan,1,>Left_Regular_trial,Left,285,537,149,59585119,nan,nan,nan
9/24/2026 3:01:13,1.17.3,StopSig,76,3.90,nan,1,Right_Regular_(correct),Left,285,538,149,59585832,nan,nan,nan
9/24/2026 3:01:14,1.17.3,StopSig,76,3.90,2,1,Pellet,Left,285,538,150,59585832,0.16,163,nan
9/24/2026 3:01:37,1.17.3,StopSig,76,3.90,nan,1,>Left_Regular_trial,Left,286,538,150,59609954,nan,nan,nan
9/24/2026 3:01:38,1.17.3,StopSig,76,3.90,nan,1,Right_Regular_(correct),Left,286,539,150,59611386,nan,nan,nan
9/24/2026 3:01:39,1.17.3,StopSig,76,3.90,2,1,Pellet,Left,286,539,151,59611386,0.16,25,nan
9/24/2026 4:03:23,1.17.3,StopSig,76,3.89,nan,1,Right_no_left,Left,286,540,151,59611386,nan,nan,nan
9/24/2026 4:03:24,1.17.3,StopSig,76,3.89,nan,1,Right_no_left,Left,286,541,151,63317526,nan,nan,nan
9/24/2026 4:03:26,1.17.3,StopSig,76,3.89,nan,1,>Left_Regular_trial,Left,287,541,151,63319945,nan,nan,nan
9/24/2026 4:03:29,1.17.3,StopSig,76,3.89,nan,1,NoPoke_Regular_(incorrect),Left,287,541,151,63323222,nan,nan,nan
9/24/2026 4:34:26,1.17.3,StopSig,76,3.89,nan,1,>Left_Regular_trial,Left,288,541,151,65181129,nan,nan,nan
9/24/2026 4:34:28,1.17.3,StopSig,76,3.89,nan,1,Right_Regular_(correct),Left,288,542,151,65182837,nan,nan,nan
9/24/2026 4:34:29,1.17.3,StopSig,76,3.89,1,1,Pellet,Left,288,542,152,65182837,0.33,5570,nan
9/24/2026 4:34:59,1.17.3,StopSig,76,3.89,nan,1,Right_no_left,Left,288,543,152,65182837,nan,nan,nan
9/24/2026 4:35:00,1.17.3,StopSig,76,3.89,nan,1,Right_no_left,Left,288,544,152,65214280,nan,nan,nan
9/24/2026 4:35:08,1.17.3,StopSig,76,3.89,nan,1,Right_no_left,Left,288,545,152,65214993,nan,nan,nan
9/24/2026 4:35:08,1.17.3,StopSig,76,3.89,nan,1,Right_no_left,Left,288,546,152,65222968,nan,nan,nan
9/24/2026 4:35:09,1.17.3,StopSig,76,3.89,nan,1,Right_no_left,Left,288,547,152,65223540,nan,nan,nan
9/24/2026 4:35:12,1.17.3,StopSig,76,3.89,nan,1,>Left_Regular_trial,Left,289,547,152,65226673,nan,nan,nan
9/24/2026 4:35:15,1.17.3,StopSig,76,3.89,nan,1,Right_Regular_(correct),Left,289,548,152,65229536,nan,nan,nan
9/24/2026 4:35:16,1.17.3,StopSig,76,3.89,1,1,Pellet,Left,289,548,153,65229536,0.33,47,nan
9/24/2026 4:36:02,1.17.3,StopSig,76,3.89,nan,1,Right_no_left,Left,289,549,153,65229536,nan,nan,nan
9/24/2026 4:36:03,1.17.3,StopSig,76,3.89,nan,1,Right_no_left,Left,289,550,153,65277674,nan,nan,nan
9/24/2026 4:36:05,1.17.3,StopSig,76,3.89,nan,1,>Left_Regular_trial,Left,290,550,153,65280098,nan,nan,nan
9/24/2026 4:36:09,1.17.3,StopSig,76,3.89,nan,1,Right_Regular_(correct),Left,290,551,153,65283818,nan,nan,nan
9/24/2026 4:36:10,1.17.3,StopSig,76,3.89,1,1,Pellet,Left,290,551,154,65283818,0.33,54,nan
9/24/2026 4:37:11,1.17.3,StopSig,76,3.89,nan,1,Right_no_left,Left,290,552,154,65283818,nan,nan,nan
9/24/2026 4:37:14,1.17.3,StopSig,76,3.90,nan,1,Right_no_left,Left,290,553,154,65346609,nan,nan,nan
9/24/2026 4:37:14,1.17.3,StopSig,76,3.89,nan,1,Right_no_left,Left,290,554,154,65349031,nan,nan,nan
9/24/2026 4:37:17,1.17.3,StopSig,76,3.89,nan,1,>Left_Regular_trial,Left,291,554,154,65351457,nan,nan,nan
9/24/2026 4:37:19,1.17.3,StopSig,76,3.89,nan,1,Right_Regular_(correct),Left,291,555,154,65354160,nan,nan,nan
9/24/2026 4:37:22,1.17.3,StopSig,76,3.89,2,1,Pellet,Left,291,555,155,65354160,0.16,72,nan
9/24/2026 4:37:42,1.17.3,StopSig,76,3.89,nan,1,Right_no_left,Left,291,556,155,65354160,nan,nan,nan
9/24/2026 4:37:42,1.17.3,StopSig,76,3.89,nan,1,Right_no_left,Left,291,557,155,65377251,nan,nan,nan
9/24/2026 4:38:36,1.17.3,StopSig,76,3.89,nan,1,Right_no_left,Left,291,558,155,65377544,nan,nan,nan
9/24/2026 4:38:38,1.17.3,StopSig,76,3.89,nan,1,Right_no_left,Left,291,559,155,65431306,nan,nan,nan
9/24/2026 4:38:42,1.17.3,StopSig,76,3.89,nan,1,>Left_Regular_trial,Left,292,559,155,65436860,nan,nan,nan
9/24/2026 4:38:45,1.17.3,StopSig,76,3.89,nan,1,Right_Regular_(correct),Left,292,560,155,65439569,nan,nan,nan
9/24/2026 4:38:45,1.17.3,StopSig,76,3.89,1,1,Pellet,Left,292,560,156,65439569,0.22,83,nan
9/24/2026 4:45:33,1.17.3,StopSig,76,3.89,nan,1,>Left_Regular_trial,Left,293,560,156,65847791,nan,nan,nan
9/24/2026 4:45:37,1.17.3,StopSig,76,3.89,nan,1,NoPoke_Regular_(incorrect),Left,293,560,156,65851923,nan,nan,nan
9/24/2026 4:46:55,1.17.3,StopSig,76,3.89,nan,1,Right_no_left,Left,293,561,156,65851923,nan,nan,nan
9/24/2026 4:46:56,1.17.3,StopSig,76,3.89,nan,1,Right_no_left,Left,293,562,156,65930093,nan,nan,nan
9/24/2026 4:47:49,1.17.3,StopSig,76,3.89,nan,1,>Left_Regular_trial,Left,294,562,156,65984043,nan,nan,nan
9/24/2026 4:47:53,1.17.3,StopSig,76,3.89,nan,1,NoPoke_Regular_(incorrect),Left,294,562,156,65987893,nan,nan,nan
9/24/2026 4:49:16,1.17.3,StopSig,76,3.89,nan,1,Right_no_left,Left,294,563,156,65987893,nan,nan,nan
9/24/2026 4:49:47,1.17.3,StopSig,76,3.89,nan,1,Right_no_left,Left,294,564,156,66070892,nan,nan,nan
9/24/2026 4:49:52,1.17.3,StopSig,76,3.89,nan,1,>Left_Regular_trial,Left,295,564,156,66106910,nan,nan,nan
9/24/2026 4:49:56,1.17.3,StopSig,76,3.89,nan,1,NoPoke_Regular_(incorrect),Left,295,564,156,66111041,nan,nan,nan
9/24/2026 4:55:28,1.17.3,StopSig,76,3.89,nan,1,>Left_Regular_trial,Left,296,564,156,66443490,nan,nan,nan
9/24/2026 4:55:30,1.17.3,StopSig,76,3.89,nan,1,Right_Regular_(correct),Left,296,565,156,66445059,nan,nan,nan
9/24/2026 4:55:31,1.17.3,StopSig,76,3.89,1,1,Pellet,Left,296,565,157,66445059,0.33,1006,nan
9/24/2026 4:57:23,1.17.3,StopSig,76,3.89,nan,1,>Left_Regular_trial,Left,297,565,157,66558670,nan,nan,nan
9/24/2026 4:57:25,1.17.3,StopSig,76,3.89,nan,1,Right_Regular_(correct),Left,297,566,157,66560096,nan,nan,nan
9/24/2026 4:57:28,1.17.3,StopSig,76,3.89,2,1,Pellet,Left,297,566,158,66560096,0.72,117,nan
9/24/2026 4:58:28,1.17.3,StopSig,76,3.89,nan,1,Right_no_left,Left,297,567,158,66560096,nan,nan,nan
9/24/2026 4:58:35,1.17.3,StopSig,76,3.89,nan,1,Right_no_left,Left,297,568,158,66623857,nan,nan,nan
9/24/2026 4:58:44,1.17.3,StopSig,76,3.89,nan,1,>Left_Regular_trial,Left,298,568,158,66639672,nan,nan,nan
9/24/2026 4:58:47,1.17.3,StopSig,76,3.89,nan,1,Right_Regular_(correct),Left,298,569,158,66642669,nan,nan,nan
9/24/2026 4:58:48,1.17.3,StopSig,76,3.89,nan,1,RightDuringDispense,Left,298,570,158,66642669,nan,nan,0.01
9/24/2026 4:58:50,1.17.3,StopSig,76,3.89,1,1,Pellet,Left,298,570,159,66642669,1.33,82,nan
9/24/2026 4:59:33,1.17.3,StopSig,76,3.89,nan,1,>Left_Regular_trial,Left,299,570,159,66688571,nan,nan,nan
9/24/2026 4:59:34,1.17.3,StopSig,76,3.89,nan,1,Right_Regular_(correct),Left,299,571,159,66689571,nan,nan,nan
9/24/2026 4:59:35,1.17.3,StopSig,76,3.89,1,1,Pellet,Left,299,571,160,66689571,0.44,45,nan
9/24/2026 5:00:08,1.17.3,StopSig,76,3.89,nan,1,Right_no_left,Left,299,572,160,66689571,nan,nan,nan
9/24/2026 5:00:09,1.17.3,StopSig,76,3.89,nan,1,Right_no_left,Left,299,573,160,66723067,nan,nan,nan
9/24/2026 5:00:11,1.17.3,StopSig,76,3.89,nan,1,>Left_Regular_trial,Left,300,573,160,66725918,nan,nan,nan
9/24/2026 5:00:15,1.17.3,StopSig,76,3.89,nan,1,NoPoke_Regular_(incorrect),Left,300,573,160,66730193,nan,nan,nan
9/24/2026 5:03:29,1.17.3,StopSig,76,3.89,nan,1,>Left_Regular_trial,Left,301,573,160,66924338,nan,nan,nan
9/24/2026 5:03:33,1.17.3,StopSig,76,3.89,nan,1,NoPoke_Regular_(incorrect),Left,301,573,160,66928188,nan,nan,nan
9/24/2026 5:07:24,1.17.3,StopSig,76,3.89,nan,1,Right_no_left,Left,301,574,160,66928188,nan,nan,nan
9/24/2026 5:07:48,1.17.3,StopSig,76,3.89,nan,1,>Left_Regular_trial,Left,302,574,160,67182964,nan,nan,nan
9/24/2026 5:07:49,1.17.3,StopSig,76,3.89,nan,1,Right_Regular_(correct),Left,302,575,160,67184675,nan,nan,nan
9/24/2026 5:07:50,1.17.3,StopSig,76,3.89,1,1,Pellet,Left,302,575,161,67184675,0.44,495,nan
9/24/2026 5:08:18,1.17.3,StopSig,76,3.89,nan,1,>Left_Regular_trial,Left,303,575,161,67212945,nan,nan,nan
9/24/2026 5:08:21,1.17.3,StopSig,76,3.89,nan,1,NoPoke_Regular_(incorrect),Left,303,575,161,67216221,nan,nan,nan
9/24/2026 5:09:51,1.17.3,StopSig,76,3.89,nan,1,>Left_Regular_trial,Left,304,575,161,67306718,nan,nan,nan
9/24/2026 5:09:55,1.17.3,StopSig,76,3.89,nan,1,NoPoke_Regular_(incorrect),Left,304,575,161,67310277,nan,nan,nan
9/24/2026 5:13:11,1.17.3,StopSig,76,3.89,nan,1,>Left_Regular_trial,Left,305,575,161,67506671,nan,nan,nan
9/24/2026 5:13:12,1.17.3,StopSig,76,3.89,nan,1,Right_Regular_(correct),Left,305,576,161,67507953,nan,nan,nan
9/24/2026 5:13:17,1.17.3,StopSig,76,3.89,3,1,Pellet,Left,305,576,162,67507953,0.11,327,nan
9/24/2026 5:14:06,1.17.3,StopSig,76,3.89,nan,1,Right_no_left,Left,305,577,162,67507953,nan,nan,nan
9/24/2026 5:14:08,1.17.3,StopSig,76,3.89,nan,1,Right_no_left,Left,305,578,162,67561626,nan,nan,nan
9/24/2026 5:14:09,1.17.3,StopSig,76,3.89,nan,1,Right_no_left,Left,305,579,162,67563484,nan,nan,nan
9/24/2026 5:14:09,1.17.3,StopSig,76,3.89,nan,1,Right_no_left,Left,305,580,162,67564340,nan,nan,nan
9/24/2026 5:14:12,1.17.3,StopSig,76,3.89,nan,1,Right_no_left,Left,305,581,162,67565054,nan,nan,nan
9/24/2026 5:14:13,1.17.3,StopSig,76,3.89,nan,1,Right_no_left,Left,305,582,162,67568047,nan,nan,nan
9/24/2026 5:14:17,1.17.3,StopSig,76,3.89,nan,1,Right_no_left,Left,305,583,162,67569045,nan,nan,nan
9/24/2026 5:14:18,1.17.3,StopSig,76,3.89,nan,1,Right_no_left,Left,305,584,162,67572756,nan,nan,nan
9/24/2026 5:14:21,1.17.3,StopSig,76,3.89,nan,1,>Left_Regular_trial,Left,306,584,162,67576041,nan,nan,nan
9/24/2026 5:14:22,1.17.3,StopSig,76,3.89,nan,1,Right_Regular_(correct),Left,306,585,162,67577325,nan,nan,nan
9/24/2026 5:14:23,1.17.3,StopSig,76,3.89,1,1,Pellet,Left,306,585,163,67577325,0.50,66,nan
9/24/2026 6:09:43,1.17.3,StopSig,76,3.89,nan,1,>Left_Regular_trial,Left,307,585,163,70898948,nan,nan,nan
9/24/2026 6:09:44,1.17.3,StopSig,76,3.89,nan,1,Right_Regular_(correct),Left,307,586,163,70900097,nan,nan,nan
9/24/2026 6:09:44,1.17.3,StopSig,76,3.89,nan,1,RightDuringDispense,Left,307,587,163,70900097,nan,nan,0.04
9/24/2026 6:09:46,1.17.3,StopSig,76,3.89,1,1,Pellet,Left,307,587,164,70900097,0.55,3323,nan
9/24/2026 6:10:05,1.17.3,StopSig,76,3.89,nan,1,Right_no_left,Left,307,588,164,70900097,nan,nan,nan
9/24/2026 6:10:06,1.17.3,StopSig,76,3.89,nan,1,Right_no_left,Left,307,589,164,70921520,nan,nan,nan
9/24/2026 6:10:07,1.17.3,StopSig,76,3.89,nan,1,Right_no_left,Left,307,590,164,70922099,nan,nan,nan
9/24/2026 6:10:13,1.17.3,StopSig,76,3.89,nan,1,>Left_Stop_trial,Left,308,590,164,70929215,nan,nan,nan
9/24/2026 6:10:14,1.17.3,StopSig,76,3.89,nan,1,Right_STOP_(incorrect),Left,308,591,164,70930517,nan,nan,nan
9/24/2026 6:20:14,1.17.3,StopSig,76,3.89,nan,1,>Left_Stop_trial,Left,309,591,164,71529479,nan,nan,nan
9/24/2026 6:20:17,1.17.3,StopSig,76,3.89,nan,1,NoPoke_STOP_(correct),Left,309,591,164,71533064,nan,nan,nan
9/24/2026 6:20:18,1.17.3,StopSig,76,3.89,1,1,Pellet,Left,309,591,165,71533064,0.72,632,nan
9/24/2026 6:24:14,1.17.3,StopSig,76,3.89,nan,1,Right_no_left,Left,309,592,165,71533064,nan,nan,nan
9/24/2026 6:25:41,1.17.3,StopSig,76,3.89,nan,1,>Left_Stop_trial,Left,310,592,165,71856859,nan,nan,nan
9/24/2026 6:25:41,1.17.3,StopSig,76,3.89,nan,1,Right_STOP_(incorrect),Left,310,593,165,71857709,nan,nan,nan
9/24/2026 6:26:45,1.17.3,StopSig,76,3.89,nan,1,Right_no_left,Left,310,594,165,71857709,nan,nan,nan
9/24/2026 6:26:57,1.17.3,StopSig,76,3.89,nan,1,>Left_Regular_trial,Left,311,594,165,71932883,nan,nan,nan
9/24/2026 6:27:00,1.17.3,StopSig,76,3.89,nan,1,NoPoke_Regular_(incorrect),Left,311,594,165,71936156,nan,nan,nan
9/24/2026 6:29:19,1.17.3,StopSig,76,3.89,nan,1,Right_no_left,Left,311,595,165,71936156,nan,nan,nan
9/24/2026 6:29:19,1.17.3,StopSig,76,3.89,nan,1,Right_no_left,Left,311,596,165,72075409,nan,nan,nan
9/24/2026 6:29:22,1.17.3,StopSig,76,3.89,nan,1,Right_no_left,Left,311,597,165,72075981,nan,nan,nan
9/24/2026 6:29:24,1.17.3,StopSig,76,3.89,nan,1,Right_no_left,Left,311,598,165,72078267,nan,nan,nan
9/24/2026 8:03:49,1.17.3,StopSig,76,3.89,nan,1,Right_no_left,Left,311,599,165,72080972,nan,nan,nan
9/24/2026 8:36:06,1.17.3,StopSig,76,3.88,nan,1,>Left_Stop_trial,Left,312,599,165,79684132,nan,nan,nan
9/24/2026 8:36:07,1.17.3,StopSig,76,3.88,nan,1,Right_STOP_(incorrect),Left,312,600,165,79685352,nan,nan,nan
9/24/2026 8:42:12,1.17.3,StopSig,76,3.88,nan,1,>Left_Stop_trial,Left,313,600,165,80049795,nan,nan,nan
9/24/2026 8:42:12,1.17.3,StopSig,76,3.88,nan,1,Right_STOP_(incorrect),Left,313,601,165,80050932,nan,nan,nan
9/24/2026 8:42:43,1.17.3,StopSig,76,3.88,nan,1,>Left_Stop_trial,Left,314,601,165,80081243,nan,nan,nan
9/24/2026 8:42:47,1.17.3,StopSig,76,3.88,nan,1,NoPoke_STOP_(correct),Left,314,601,165,80085315,nan,nan,nan
9/24/2026 8:43:41,1.17.3,StopSig,76,3.88,1,1,Pellet,Left,314,601,166,80085315,53.45,8603,nan
9/24/2026 8:44:06,1.17.3,StopSig,76,3.88,nan,1,Right_no_left,Left,314,602,166,80085315,nan,nan,nan
9/24/2026 8:44:09,1.17.3,StopSig,76,3.88,nan,1,>Left_Regular_trial,Left,315,602,166,80167371,nan,nan,nan
9/24/2026 8:44:11,1.17.3,StopSig,76,3.88,nan,1,Right_Regular_(correct),Left,315,603,166,80169508,nan,nan,nan
9/24/2026 8:44:12,1.17.3,StopSig,76,3.88,1,1,Pellet,Left,315,603,167,80169508,0.22,31,nan
9/24/2026 8:44:57,1.17.3,StopSig,76,3.88,nan,1,Right_no_left,Left,315,604,167,80169508,nan,nan,nan
9/24/2026 8:45:53,1.17.3,StopSig,76,3.88,nan,1,>Left_Regular_trial,Left,316,604,167,80271240,nan,nan,nan
9/24/2026 8:45:57,1.17.3,StopSig,76,3.89,nan,1,NoPoke_Regular_(incorrect),Left,316,604,167,80275376,nan,nan,nan
9/24/2026 8:47:55,1.17.3,StopSig,76,3.89,nan,1,Right_no_left,Left,316,605,167,80275376,nan,nan,nan
9/24/2026 8:47:57,1.17.3,StopSig,76,3.88,nan,1,Right_no_left,Left,316,606,167,80393883,nan,nan,nan
9/24/2026 8:47:58,1.17.3,StopSig,76,3.89,nan,1,Right_no_left,Left,316,607,167,80395451,nan,nan,nan
9/24/2026 8:49:06,1.17.3,StopSig,76,3.88,nan,1,>Left_Regular_trial,Left,317,607,167,80464895,nan,nan,nan
9/24/2026 8:49:07,1.17.3,StopSig,76,3.88,nan,1,Right_Regular_(correct),Left,317,608,167,80465758,nan,nan,nan
9/24/2026 8:49:08,1.17.3,StopSig,76,3.88,1,1,Pellet,Left,317,608,168,80465758,0.27,296,nan
9/24/2026 8:49:49,1.17.3,StopSig,76,3.88,nan,1,Right_no_left,Left,317,609,168,80465758,nan,nan,nan
9/24/2026 8:49:50,1.17.3,StopSig,76,3.89,nan,1,Right_no_left,Left,317,610,168,80507615,nan,nan,nan
9/24/2026 8:49:51,1.17.3,StopSig,76,3.88,nan,1,>Left_Regular_trial,Left,318,610,168,80509894,nan,nan,nan
9/24/2026 8:49:52,1.17.3,StopSig,76,3.89,nan,1,Right_Regular_(correct),Left,318,611,168,80510900,nan,nan,nan
9/24/2026 8:49:53,1.17.3,StopSig,76,3.88,1,1,Pellet,Left,318,611,169,80510900,0.16,45,nan
9/24/2026 8:50:28,1.17.3,StopSig,76,3.88,nan,1,Right_no_left,Left,318,612,169,80510900,nan,nan,nan
9/24/2026 8:50:29,1.17.3,StopSig,76,3.88,nan,1,Right_no_left,Left,318,613,169,80546663,nan,nan,nan
9/24/2026 8:50:33,1.17.3,StopSig,76,3.88,nan,1,Right_no_left,Left,318,614,169,80547520,nan,nan,nan
9/24/2026 8:50:35,1.17.3,StopSig,76,3.88,nan,1,Right_no_left,Left,318,615,169,80552369,nan,nan,nan
9/24/2026 8:50:35,1.17.3,StopSig,76,3.88,nan,1,Right_no_left,Left,318,616,169,80553652,nan,nan,nan
9/24/2026 8:50:37,1.17.3,StopSig,76,3.88,nan,1,>Left_Regular_trial,Left,319,616,169,80556075,nan,nan,nan
9/24/2026 8:50:39,1.17.3,StopSig,76,3.88,nan,1,Right_Regular_(correct),Left,319,617,169,80557786,nan,nan,nan
9/24/2026 8:50:40,1.17.3,StopSig,76,3.88,1,1,Pellet,Left,319,617,170,80557786,0.16,47,nan
9/24/2026 8:51:03,1.17.3,StopSig,76,3.88,nan,1,Right_no_left,Left,319,618,170,80557786,nan,nan,nan
9/24/2026 8:51:06,1.17.3,StopSig,76,3.88,nan,1,Right_no_left,Left,319,619,170,80581589,nan,nan,nan
9/24/2026 8:51:07,1.17.3,StopSig,76,3.88,nan,1,Right_no_left,Left,319,620,170,80585145,nan,nan,nan
9/24/2026 8:51:08,1.17.3,StopSig,76,3.89,nan,1,Right_no_left,Left,319,621,170,80586143,nan,nan,nan
9/24/2026 8:51:08,1.17.3,StopSig,76,3.88,nan,1,Right_no_left,Left,319,622,170,80586999,nan,nan,nan
9/24/2026 8:51:11,1.17.3,StopSig,76,3.89,nan,1,>Left_Stop_trial,Left,320,622,170,80589142,nan,nan,nan
9/24/2026 8:51:11,1.17.3,StopSig,76,3.88,nan,1,Right_STOP_(incorrect),Left,320,623,170,80590104,nan,nan,nan
9/24/2026 8:55:27,1.17.3,StopSig,76,3.88,nan,1,Right_no_left,Left,320,624,170,80590104,nan,nan,nan
9/24/2026 8:55:28,1.17.3,StopSig,76,3.88,nan,1,Right_no_left,Left,320,625,170,80846421,nan,nan,nan
9/24/2026 8:55:29,1.17.3,StopSig,76,3.89,nan,1,Right_no_left,Left,320,626,170,80847136,nan,nan,nan
9/24/2026 8:56:25,1.17.3,StopSig,76,3.89,nan,1,>Left_Stop_trial,Left,321,626,170,80902997,nan,nan,nan
9/24/2026 8:56:28,1.17.3,StopSig,76,3.88,nan,1,NoPoke_STOP_(correct),Left,321,626,170,80906597,nan,nan,nan
9/24/2026 8:56:29,1.17.3,StopSig,76,3.88,1,1,Pellet,Left,321,626,171,80906597,0.72,349,nan
9/24/2026 8:56:49,1.17.3,StopSig,76,3.89,nan,1,Right_no_left,Left,321,627,171,80906597,nan,nan,nan
9/24/2026 8:56:50,1.17.3,StopSig,76,3.88,nan,1,Right_no_left,Left,321,628,171,80928139,nan,nan,nan
9/24/2026 8:56:55,1.17.3,StopSig,76,3.88,nan,1,>Left_Stop_trial,Left,322,628,171,80933691,nan,nan,nan
9/24/2026 8:56:56,1.17.3,StopSig,76,3.89,nan,1,Right_STOP_(incorrect),Left,322,629,171,80934685,nan,nan,nan
9/24/2026 8:57:27,1.17.3,StopSig,76,3.88,nan,1,>Left_Stop_trial,Left,323,629,171,80964997,nan,nan,nan
9/24/2026 8:57:30,1.17.3,StopSig,76,3.89,nan,1,NoPoke_STOP_(correct),Left,323,629,171,80968590,nan,nan,nan
9/24/2026 8:57:33,1.17.3,StopSig,76,3.88,1,1,Pellet,Left,323,629,172,80968590,2.45,64,nan
9/24/2026 8:58:25,1.17.3,StopSig,76,3.88,nan,1,>Left_Stop_trial,Left,324,629,172,81023014,nan,nan,nan
9/24/2026 8:58:25,1.17.3,StopSig,76,3.88,nan,1,Right_STOP_(incorrect),Left,324,630,172,81024347,nan,nan,nan
9/24/2026 8:58:56,1.17.3,StopSig,76,3.87,nan,1,>Left_Regular_trial,Left,325,630,172,81054659,nan,nan,nan
9/24/2026 8:59:00,1.17.3,StopSig,76,3.88,nan,1,NoPoke_Regular_(incorrect),Left,325,630,172,81058652,nan,nan,nan
9/24/2026 8:59:30,1.17.3,StopSig,76,3.88,nan,1,>Left_Regular_trial,Left,326,630,172,81089249,nan,nan,nan
9/24/2026 8:59:34,1.17.3,StopSig,76,3.88,nan,1,NoPoke_Regular_(incorrect),Left,326,630,172,81092692,nan,nan,nan
9/24/2026 9:00:56,1.17.3,StopSig,76,3.89,nan,1,Right_no_left,Left,326,631,172,81092692,nan,nan,nan
9/24/2026 9:01:04,1.17.3,StopSig,76,3.89,nan,1,Right_no_left,Left,326,632,172,81175131,nan,nan,nan
9/24/2026 9:01:07,1.17.3,StopSig,76,3.88,nan,1,>Left_Regular_trial,Left,327,632,172,81185945,nan,nan,nan
9/24/2026 9:01:09,1.17.3,StopSig,76,3.88,nan,1,Right_Regular_(correct),Left,327,633,172,81187797,nan,nan,nan
9/24/2026 9:01:10,1.17.3,StopSig,76,3.88,1,1,Pellet,Left,327,633,173,81187797,0.22,217,nan
9/24/2026 9:01:35,1.17.3,StopSig,76,3.88,nan,1,>Left_Stop_trial,Left,328,633,173,81213003,nan,nan,nan
9/24/2026 9:01:36,1.17.3,StopSig,76,3.88,nan,1,Right_STOP_(incorrect),Left,328,634,173,81214484,nan,nan,nan
9/24/2026 9:02:06,1.17.3,StopSig,76,3.88,nan,1,>Left_Regular_trial,Left,329,634,173,81244796,nan,nan,nan
9/24/2026 9:02:10,1.17.3,StopSig,76,3.88,nan,1,NoPoke_Regular_(incorrect),Left,329,634,173,81248785,nan,nan,nan
9/24/2026 9:02:54,1.17.3,StopSig,76,3.88,nan,1,Right_no_left,Left,329,635,173,81248785,nan,nan,nan
9/24/2026 9:02:55,1.17.3,StopSig,76,3.88,nan,1,Right_no_left,Left,329,636,173,81293056,nan,nan,nan
9/24/2026 9:03:04,1.17.3,StopSig,76,3.88,nan,1,Right_no_left,Left,329,637,173,81294199,nan,nan,nan
9/24/2026 9:04:18,1.17.3,StopSig,76,3.88,nan,1,Right_no_left,Left,329,638,173,81302747,nan,nan,nan
9/24/2026 9:05:52,1.17.3,StopSig,76,3.88,nan,1,>Left_Regular_trial,Left,330,638,173,81470884,nan,nan,nan
9/24/2026 9:05:56,1.17.3,StopSig,76,3.88,nan,1,NoPoke_Regular_(incorrect),Left,330,638,173,81474749,nan,nan,nan
9/24/2026 9:06:35,1.17.3,StopSig,76,3.88,nan,1,>Left_Stop_trial,Left,331,638,173,81513608,nan,nan,nan
9/24/2026 9:06:39,1.17.3,StopSig,76,3.88,nan,1,NoPoke_STOP_(correct),Left,331,638,173,81517797,nan,nan,nan
9/24/2026 9:06:41,1.17.3,StopSig,76,3.88,1,1,Pellet,Left,331,638,174,81517797,1.22,331,nan
9/24/2026 9:07:31,1.17.3,StopSig,76,3.88,nan,1,Right_no_left,Left,331,639,174,81517797,nan,nan,nan
9/24/2026 9:07:32,1.17.3,StopSig,76,3.88,nan,1,Right_no_left,Left,331,640,174,81570373,nan,nan,nan
9/24/2026 9:07:33,1.17.3,StopSig,76,3.87,nan,1,Right_no_left,Left,331,641,174,81571230,nan,nan,nan
9/24/2026 9:07:34,1.17.3,StopSig,76,3.88,nan,1,Right_no_left,Left,331,642,174,81572370,nan,nan,nan
9/24/2026 9:07:35,1.17.3,StopSig,76,3.88,nan,1,Right_no_left,Left,331,643,174,81572799,nan,nan,nan
9/24/2026 9:07:39,1.17.3,StopSig,76,3.87,nan,1,Right_no_left,Left,331,644,174,81574224,nan,nan,nan
9/24/2026 9:07:40,1.17.3,StopSig,76,3.88,nan,1,Right_no_left,Left,331,645,174,81578080,nan,nan,nan
9/24/2026 9:07:45,1.17.3,StopSig,76,3.88,nan,1,>Left_Regular_trial,Left,332,645,174,81583768,nan,nan,nan
9/24/2026 9:07:46,1.17.3,StopSig,76,3.88,nan,1,Right_Regular_(correct),Left,332,646,174,81585336,nan,nan,nan
9/24/2026 9:07:47,1.17.3,StopSig,76,3.89,1,1,Pellet,Left,332,646,175,81585336,0.16,66,nan
9/24/2026 9:08:19,1.17.3,StopSig,76,3.88,nan,1,>Left_Regular_trial,Left,333,646,175,81617481,nan,nan,nan
9/24/2026 9:08:21,1.17.3,StopSig,76,3.88,nan,1,Right_Regular_(correct),Left,333,647,175,81619626,nan,nan,nan
9/24/2026 9:08:23,1.17.3,StopSig,76,3.88,2,1,Pellet,Left,333,647,176,81619626,0.16,36,nan
9/24/2026 9:12:15,1.17.3,StopSig,76,3.88,nan,1,>Left_Stop_trial,Left,334,647,176,81853321,nan,nan,nan
9/24/2026 9:12:15,1.17.3,StopSig,76,3.88,nan,1,Right_STOP_(incorrect),Left,334,648,176,81854247,nan,nan,nan
9/24/2026 9:16:00,1.17.3,StopSig,76,3.88,nan,1,Right_no_left,Left,334,649,176,81854247,nan,nan,nan
9/24/2026 9:16:02,1.17.3,StopSig,76,3.88,nan,1,Right_no_left,Left,334,650,176,82079426,nan,nan,nan
9/24/2026 9:17:10,1.17.3,StopSig,76,3.88,nan,1,>Left_Regular_trial,Left,335,650,176,82149424,nan,nan,nan
9/24/2026 9:17:14,1.17.3,StopSig,76,3.88,nan,1,NoPoke_Regular_(incorrect),Left,335,650,176,82152984,nan,nan,nan
9/24/2026 9:17:45,1.17.3,StopSig,76,3.88,nan,1,Right_no_left,Left,335,651,176,82152984,nan,nan,nan
9/24/2026 9:17:47,1.17.3,StopSig,76,3.88,nan,1,Right_no_left,Left,335,652,176,82184722,nan,nan,nan
9/24/2026 9:17:47,1.17.3,StopSig,76,3.88,nan,1,Right_no_left,Left,335,653,176,82186010,nan,nan,nan
9/24/2026 9:17:49,1.17.3,StopSig,76,3.88,nan,1,Right_no_left,Left,335,654,176,82186440,nan,nan,nan
9/24/2026 9:17:54,1.17.3,StopSig,76,3.88,nan,1,Right_no_left,Left,335,655,176,82188150,nan,nan,nan
9/24/2026 9:20:07,1.17.3,StopSig,76,3.88,nan,1,>Left_Regular_trial,Left,336,655,176,82326211,nan,nan,nan
9/24/2026 9:20:09,1.17.3,StopSig,76,3.88,nan,1,Right_Regular_(correct),Left,336,656,176,82328494,nan,nan,nan
9/24/2026 9:20:10,1.17.3,StopSig,76,3.88,1,1,Pellet,Left,336,656,177,82328494,0.16,707,nan
9/24/2026 9:20:30,1.17.3,StopSig,76,3.88,nan,1,>Left_Stop_trial,Left,337,656,177,82348205,nan,nan,nan
9/24/2026 9:20:30,1.17.3,StopSig,76,3.88,nan,1,Right_STOP_(incorrect),Left,337,657,177,82349336,nan,nan,nan
9/24/2026 9:21:39,1.17.3,StopSig,76,3.88,nan,1,Right_no_left,Left,337,658,177,82349336,nan,nan,nan
9/24/2026 9:23:58,1.17.3,StopSig,76,3.88,nan,1,Right_no_left,Left,337,659,177,82418014,nan,nan,nan
9/24/2026 9:24:04,1.17.3,StopSig,76,3.88,nan,1,Right_no_left,Left,337,660,177,82557751,nan,nan,nan
9/24/2026 9:24:08,1.17.3,StopSig,76,3.88,nan,1,Right_no_left,Left,337,661,177,82563728,nan,nan,nan
9/24/2026 9:24:09,1.17.3,StopSig,76,3.88,nan,1,Right_no_left,Left,337,662,177,82567288,nan,nan,nan
9/24/2026 9:24:10,1.17.3,StopSig,76,3.88,nan,1,Right_no_left,Left,337,663,177,82568144,nan,nan,nan
9/24/2026 9:24:11,1.17.3,StopSig,76,3.88,nan,1,Right_no_left,Left,337,664,177,82569570,nan,nan,nan
9/24/2026 9:24:25,1.17.3,StopSig,76,3.88,nan,1,>Left_Regular_trial,Left,338,664,177,82584652,nan,nan,nan
9/24/2026 9:24:29,1.17.3,StopSig,76,3.88,nan,1,NoPoke_Regular_(incorrect),Left,338,664,177,82588071,nan,nan,nan
9/24/2026 9:25:07,1.17.3,StopSig,76,3.88,nan,1,>Left_Regular_trial,Left,339,664,177,82626364,nan,nan,nan
9/24/2026 9:25:11,1.17.3,StopSig,76,3.88,nan,1,NoPoke_Regular_(incorrect),Left,339,664,177,82630068,nan,nan,nan
9/24/2026 9:29:20,1.17.3,StopSig,76,3.88,nan,1,>Left_Regular_trial,Left,340,664,177,82879121,nan,nan,nan
9/24/2026 9:29:24,1.17.3,StopSig,76,3.88,nan,1,Right_Regular_(correct),Left,340,665,177,82882982,nan,nan,nan
9/24/2026 9:29:26,1.17.3,StopSig,76,3.88,2,1,Pellet,Left,340,665,178,82882982,0.16,556,nan
9/24/2026 9:30:19,1.17.3,StopSig,76,3.89,nan,1,Right_no_left,Left,340,666,178,82882982,nan,nan,nan
9/24/2026 9:30:21,1.17.3,StopSig,76,3.88,nan,1,Right_no_left,Left,340,667,178,82938776,nan,nan,nan
9/24/2026 9:31:18,1.17.3,StopSig,76,3.88,nan,1,>Left_Regular_trial,Left,341,667,178,82997270,nan,nan,nan
9/24/2026 9:31:22,1.17.3,StopSig,76,3.88,nan,1,NoPoke_Regular_(incorrect),Left,341,667,178,83001259,nan,nan,nan
9/24/2026 9:31:55,1.17.3,StopSig,76,3.88,nan,1,>Left_Regular_trial,Left,342,667,178,83034556,nan,nan,nan
9/24/2026 9:31:59,1.17.3,StopSig,76,3.88,nan,1,NoPoke_Regular_(incorrect),Left,342,667,178,83038257,nan,nan,nan
9/24/2026 9:36:15,1.17.3,StopSig,76,3.87,nan,1,Right_no_left,Left,342,668,178,83038257,nan,nan,nan
9/24/2026 9:36:16,1.17.3,StopSig,76,3.87,nan,1,Right_no_left,Left,342,669,178,83294752,nan,nan,nan
9/24/2026 9:36:18,1.17.3,StopSig,76,3.88,nan,1,>Left_Regular_trial,Left,343,669,178,83297326,nan,nan,nan
9/24/2026 9:36:22,1.17.3,StopSig,76,3.88,nan,1,Right_Regular_(correct),Left,343,670,178,83301317,nan,nan,nan
9/24/2026 9:36:23,1.17.3,StopSig,76,3.88,1,1,Pellet,Left,343,670,179,83301317,0.39,417,nan
9/24/2026 9:36:56,1.17.3,StopSig,76,3.87,nan,1,>Left_Regular_trial,Left,344,670,179,83335767,nan,nan,nan
9/24/2026 9:37:00,1.17.3,StopSig,76,3.88,nan,1,NoPoke_Regular_(incorrect),Left,344,670,179,83339327,nan,nan,nan
9/24/2026 9:37:55,1.17.3,StopSig,76,3.87,nan,1,>Left_Regular_trial,Left,345,670,179,83394668,nan,nan,nan
9/24/2026 9:37:59,1.17.3,StopSig,76,3.88,nan,1,NoPoke_Regular_(incorrect),Left,345,670,179,83398368,nan,nan,nan
9/24/2026 9:39:07,1.17.3,StopSig,76,3.88,nan,1,Right_no_left,Left,345,671,179,83398368,nan,nan,nan
9/24/2026 9:39:07,1.17.3,StopSig,76,3.88,nan,1,Right_no_left,Left,345,672,179,83466257,nan,nan,nan
9/24/2026 9:39:10,1.17.3,StopSig,76,3.88,nan,1,>Left_Regular_trial,Left,346,672,179,83469675,nan,nan,nan
9/24/2026 9:39:14,1.17.3,StopSig,76,3.88,nan,1,NoPoke_Regular_(incorrect),Left,346,672,179,83473385,nan,nan,nan
9/24/2026 9:40:07,1.17.3,StopSig,76,3.87,nan,1,>Left_Regular_trial,Left,347,672,179,83526608,nan,nan,nan
9/24/2026 9:40:08,1.17.3,StopSig,76,3.88,nan,1,Right_Regular_(correct),Left,347,673,179,83527891,nan,nan,nan
9/24/2026 9:40:11,1.17.3,StopSig,76,3.88,2,1,Pellet,Left,347,673,180,83527891,0.16,228,nan
9/24/2026 9:41:04,1.17.3,StopSig,76,3.88,nan,1,>Left_Stop_trial,Left,348,673,180,83582978,nan,nan,nan
9/24/2026 9:41:05,1.17.3,StopSig,76,3.88,nan,1,Right_STOP_(incorrect),Left,348,674,180,83584181,nan,nan,nan
9/24/2026 9:43:24,1.17.3,StopSig,76,3.88,nan,1,>Left_Stop_trial,Left,349,674,180,83723362,nan,nan,nan
9/24/2026 9:43:28,1.17.3,StopSig,76,3.88,nan,1,NoPoke_STOP_(correct),Left,349,674,180,83727379,nan,nan,nan
9/24/2026 9:43:31,1.17.3,StopSig,76,3.88,2,1,Pellet,Left,349,674,181,83727379,0.55,200,nan
9/24/2026 9:44:39,1.17.3,StopSig,76,3.88,nan,1,>Left_Regular_trial,Left,350,674,181,83799016,nan,nan,nan
9/24/2026 9:44:43,1.17.3,StopSig,76,3.88,nan,1,NoPoke_Regular_(incorrect),Left,350,674,181,83802431,nan,nan,nan
9/24/2026 9:46:03,1.17.3,StopSig,76,3.87,nan,1,>Left_Regular_trial,Left,351,674,181,83882524,nan,nan,nan
9/24/2026 9:46:07,1.17.3,StopSig,76,3.88,nan,1,NoPoke_Regular_(incorrect),Left,351,674,181,83886508,nan,nan,nan
9/24/2026 9:48:09,1.17.3,StopSig,76,3.87,nan,1,Right_no_left,Left,351,675,181,83886508,nan,nan,nan
9/24/2026 9:49:49,1.17.3,StopSig,76,3.88,nan,1,>Left_Regular_trial,Left,352,675,181,84108283,nan,nan,nan
9/24/2026 9:49:51,1.17.3,StopSig,76,3.88,nan,1,Right_Regular_(correct),Left,352,676,181,84110847,nan,nan,nan
9/24/2026 9:49:52,1.17.3,StopSig,76,3.88,1,1,Pellet,Left,352,676,182,84110847,0.39,381,nan
9/24/2026 9:51:00,1.17.3,StopSig,76,3.88,nan,1,>Left_Stop_trial,Left,353,676,182,84178965,nan,nan,nan
9/24/2026 9:51:03,1.17.3,StopSig,76,3.88,nan,1,NoPoke_STOP_(correct),Left,353,676,182,84182588,nan,nan,nan
9/24/2026 9:51:07,1.17.3,StopSig,76,3.88,1,1,Pellet,Left,353,676,183,84182588,3.29,75,nan
9/24/2026 9:51:40,1.17.3,StopSig,76,3.87,nan,1,>Left_Stop_trial,Left,354,676,183,84218805,nan,nan,nan
9/24/2026 9:51:40,1.17.3,StopSig,76,3.87,nan,1,Right_STOP_(incorrect),Left,354,677,183,84219565,nan,nan,nan
9/24/2026 9:52:32,1.17.3,StopSig,76,3.88,nan,1,>Left_Stop_trial,Left,355,677,183,84270799,nan,nan,nan
9/24/2026 9:52:35,1.17.3,StopSig,76,3.88,nan,1,NoPoke_STOP_(correct),Left,355,677,183,84274549,nan,nan,nan
9/24/2026 9:52:45,1.17.3,StopSig,76,3.88,1,1,Pellet,Left,355,677,184,84274549,9.46,98,nan
9/24/2026 9:53:01,1.17.3,StopSig,76,3.88,nan,1,>Left_Regular_trial,Left,356,677,184,84300426,nan,nan,nan
9/24/2026 9:53:05,1.17.3,StopSig,76,3.88,nan,1,NoPoke_Regular_(incorrect),Left,356,677,184,84304557,nan,nan,nan
9/24/2026 9:53:49,1.17.3,StopSig,76,3.87,nan,1,>Left_Regular_trial,Left,357,677,184,84349105,nan,nan,nan
9/24/2026 9:53:53,1.17.3,StopSig,76,3.88,nan,1,NoPoke_Regular_(incorrect),Left,357,677,184,84352523,nan,nan,nan
9/24/2026 9:54:59,1.17.3,StopSig,76,3.88,nan,1,Right_no_left,Left,357,678,184,84352523,nan,nan,nan
9/24/2026 9:55:07,1.17.3,StopSig,76,3.87,nan,1,>Left_Regular_trial,Left,358,678,184,84427084,nan,nan,nan
9/24/2026 9:55:11,1.17.3,StopSig,76,3.88,nan,1,NoPoke_Regular_(incorrect),Left,358,678,184,84430650,nan,nan,nan
9/24/2026 9:56:21,1.17.3,StopSig,76,3.88,nan,1,>Left_Regular_trial,Left,359,678,184,84500577,nan,nan,nan
9/24/2026 9:56:25,1.17.3,StopSig,76,3.87,nan,1,NoPoke_Regular_(incorrect),Left,359,678,184,84504570,nan,nan,nan
9/24/2026 9:57:58,1.17.3,StopSig,76,3.88,nan,1,Right_no_left,Left,359,679,184,84504570,nan,nan,nan
9/24/2026 10:00:23,1.17.3,StopSig,76,3.87,nan,1,>Left_Regular_trial,Left,360,679,184,84742941,nan,nan,nan
9/24/2026 10:00:25,1.17.3,StopSig,76,3.87,nan,1,Right_Regular_(correct),Left,360,680,184,84744509,nan,nan,nan
9/24/2026 10:00:26,1.17.3,StopSig,76,3.88,1,1,Pellet,Left,360,680,185,84744509,0.66,461,nan
9/24/2026 10:01:29,1.17.3,StopSig,76,3.87,nan,1,>Left_Stop_trial,Left,361,680,185,84808425,nan,nan,nan
9/24/2026 10:01:30,1.17.3,StopSig,76,3.88,nan,1,Right_STOP_(incorrect),Left,361,681,185,84809460,nan,nan,nan
9/24/2026 10:09:30,1.17.3,StopSig,76,3.88,nan,1,>Left_Regular_trial,Left,362,681,185,85289435,nan,nan,nan
9/24/2026 10:09:31,1.17.3,StopSig,76,3.87,nan,1,Right_Regular_(correct),Left,362,682,185,85291573,nan,nan,nan
9/24/2026 10:09:33,1.17.3,StopSig,76,3.88,1,1,Pellet,Left,362,682,186,85291573,0.22,546,nan
9/24/2026 10:10:00,1.17.3,StopSig,76,3.88,nan,1,Right_no_left,Left,362,683,186,85291573,nan,nan,nan
9/24/2026 10:10:01,1.17.3,StopSig,76,3.87,nan,1,Right_no_left,Left,362,684,186,85320387,nan,nan,nan
9/24/2026 10:12:29,1.17.3,StopSig,76,3.88,nan,1,>Left_Regular_trial,Left,363,684,186,85468489,nan,nan,nan
9/24/2026 10:12:30,1.17.3,StopSig,76,3.88,nan,1,Right_Regular_(correct),Left,363,685,186,85469631,nan,nan,nan
9/24/2026 10:12:31,1.17.3,StopSig,76,3.88,1,1,Pellet,Left,363,685,187,85469631,0.78,179,nan
9/24/2026 10:13:22,1.17.3,StopSig,76,3.87,nan,1,>Left_Regular_trial,Left,364,685,187,85522134,nan,nan,nan
9/24/2026 10:13:23,1.17.3,StopSig,76,3.88,nan,1,Right_Regular_(correct),Left,364,686,187,85523275,nan,nan,nan
9/24/2026 10:13:26,1.17.3,StopSig,76,3.87,2,1,Pellet,Left,364,686,188,85523275,0.27,55,nan
9/24/2026 10:14:05,1.17.3,StopSig,76,3.88,nan,1,Right_no_left,Left,364,687,188,85523275,nan,nan,nan
9/24/2026 10:31:10,1.17.3,StopSig,76,3.87,nan,1,>Left_Stop_trial,Left,365,687,188,86590330,nan,nan,nan
9/24/2026 10:31:11,1.17.3,StopSig,76,3.87,nan,1,Right_STOP_(incorrect),Left,365,688,188,86591527,nan,nan,nan
9/24/2026 10:31:42,1.17.3,StopSig,76,3.88,nan,1,>Left_Regular_trial,Left,366,688,188,86621839,nan,nan,nan
9/24/2026 10:31:45,1.17.3,StopSig,76,3.88,nan,1,NoPoke_Regular_(incorrect),Left,366,688,188,86625261,nan,nan,nan
9/24/2026 10:32:42,1.17.3,StopSig,76,3.88,nan,1,Right_no_left,Left,366,689,188,86625261,nan,nan,nan
9/24/2026 10:32:42,1.17.3,StopSig,76,3.87,nan,1,Right_no_left,Left,366,690,188,86682806,nan,nan,nan
9/24/2026 10:33:33,1.17.3,StopSig,76,3.88,nan,1,>Left_Regular_trial,Left,367,690,188,86732967,nan,nan,nan
9/24/2026 10:33:36,1.17.3,StopSig,76,3.88,nan,1,NoPoke_Regular_(incorrect),Left,367,690,188,86736245,nan,nan,nan
9/24/2026 10:34:57,1.17.3,StopSig,76,3.87,nan,1,>Left_Regular_trial,Left,368,690,188,86817384,nan,nan,nan
9/24/2026 10:34:58,1.17.3,StopSig,76,3.87,nan,1,Right_Regular_(correct),Left,368,691,188,86818526,nan,nan,nan
9/24/2026 10:34:59,1.17.3,StopSig,76,3.87,1,1,Pellet,Left,368,691,189,86818526,0.50,1293,nan
9/24/2026 10:35:29,1.17.3,StopSig,76,3.87,nan,1,>Left_Regular_trial,Left,369,691,189,86849226,nan,nan,nan
9/24/2026 10:35:33,1.17.3,StopSig,76,3.88,nan,1,NoPoke_Regular_(incorrect),Left,369,691,189,86853213,nan,nan,nan
9/24/2026 10:36:43,1.17.3,StopSig,76,3.87,nan,1,>Left_Stop_trial,Left,370,691,189,86922951,nan,nan,nan
9/24/2026 10:36:43,1.17.3,StopSig,76,3.88,nan,1,Right_STOP_(incorrect),Left,370,692,189,86923855,nan,nan,nan
9/24/2026 10:37:33,1.17.3,StopSig,76,3.87,nan,1,>Left_Regular_trial,Left,371,692,189,86973229,nan,nan,nan
9/24/2026 10:37:37,1.17.3,StopSig,76,3.88,nan,1,NoPoke_Regular_(incorrect),Left,371,692,189,86977361,nan,nan,nan
9/24/2026 10:38:20,1.17.3,StopSig,76,3.87,nan,1,>Left_Stop_trial,Left,372,692,189,87020476,nan,nan,nan
9/24/2026 10:38:21,1.17.3,StopSig,76,3.87,nan,1,Right_STOP_(incorrect),Left,372,693,189,87021557,nan,nan,nan
9/24/2026 10:40:46,1.17.3,StopSig,76,3.88,nan,1,Right_no_left,Left,372,694,189,87021557,nan,nan,nan
9/24/2026 10:41:12,1.17.3,StopSig,76,3.87,nan,1,Right_no_left,Left,372,695,189,87166286,nan,nan,nan
9/24/2026 10:41:15,1.17.3,StopSig,76,3.87,nan,1,Right_no_left,Left,372,696,189,87193167,nan,nan,nan
9/24/2026 10:41:55,1.17.3,StopSig,76,3.88,nan,1,>Left_Stop_trial,Left,373,696,189,87235116,nan,nan,nan
9/24/2026 10:41:58,1.17.3,StopSig,76,3.87,nan,1,NoPoke_STOP_(correct),Left,373,696,189,87238423,nan,nan,nan
9/24/2026 10:41:59,1.17.3,StopSig,76,3.87,1,1,Pellet,Left,373,696,190,87238423,0.72,420,nan
9/24/2026 10:42:25,1.17.3,StopSig,76,3.87,nan,1,>Left_Stop_trial,Left,374,696,190,87265314,nan,nan,nan
9/24/2026 10:42:26,1.17.3,StopSig,76,3.88,nan,1,Right_STOP_(incorrect),Left,374,697,190,87266198,nan,nan,nan
9/24/2026 10:43:26,1.17.3,StopSig,76,3.88,nan,1,Right_no_left,Left,374,698,190,87266198,nan,nan,nan
9/24/2026 10:44:41,1.17.3,StopSig,76,3.88,nan,1,Right_no_left,Left,374,699,190,87326500,nan,nan,nan
9/24/2026 10:45:43,1.17.3,StopSig,76,3.88,nan,1,Right_no_left,Left,374,700,190,87401728,nan,nan,nan
9/24/2026 10:46:03,1.17.3,StopSig,76,3.87,nan,1,>Left_Stop_trial,Left,375,700,190,87482905,nan,nan,nan
9/24/2026 10:46:03,1.17.3,StopSig,76,3.87,nan,1,Right_STOP_(incorrect),Left,375,701,190,87483533,nan,nan,nan
9/24/2026 10:47:02,1.17.3,StopSig,76,3.87,nan,1,>Left_Regular_trial,Left,376,701,190,87542537,nan,nan,nan
9/24/2026 10:47:03,1.17.3,StopSig,76,3.88,nan,1,Right_Regular_(correct),Left,376,702,190,87543676,nan,nan,nan
9/24/2026 10:47:04,1.17.3,StopSig,76,3.87,1,1,Pellet,Left,376,702,191,87543676,0.61,305,nan
9/24/2026 10:50:08,1.17.3,StopSig,76,3.87,nan,1,>Left_Regular_trial,Left,377,702,191,87728583,nan,nan,nan
9/24/2026 10:50:09,1.17.3,StopSig,76,3.87,nan,1,Right_Regular_(correct),Left,377,703,191,87730148,nan,nan,nan
9/24/2026 10:50:11,1.17.3,StopSig,76,3.87,1,1,Pellet,Left,377,703,192,87730148,0.61,187,nan
9/24/2026 10:55:07,1.17.3,StopSig,76,3.87,nan,1,Right_no_left,Left,377,704,192,87730148,nan,nan,nan
9/24/2026 10:55:17,1.17.3,StopSig,76,3.87,nan,1,Right_no_left,Left,377,705,192,88027883,nan,nan,nan
9/24/2026 10:56:30,1.17.3,StopSig,76,3.87,nan,1,>Left_Stop_trial,Left,378,705,192,88110471,nan,nan,nan
9/24/2026 10:56:31,1.17.3,StopSig,76,3.87,nan,1,Right_STOP_(incorrect),Left,378,706,192,88112128,nan,nan,nan
9/24/2026 10:58:06,1.17.3,StopSig,76,3.87,nan,1,>Left_Regular_trial,Left,379,706,192,88207145,nan,nan,nan
9/24/2026 10:58:10,1.17.3,StopSig,76,3.87,nan,1,NoPoke_Regular_(incorrect),Left,379,706,192,88210705,nan,nan,nan
9/24/2026 11:01:37,1.17.3,StopSig,76,3.87,nan,1,Right_no_left,Left,379,707,192,88210705,nan,nan,nan
9/24/2026 11:01:39,1.17.3,StopSig,76,3.87,nan,1,Right_no_left,Left,379,708,192,88418695,nan,nan,nan
9/24/2026 11:02:04,1.17.3,StopSig,76,3.87,nan,1,Right_no_left,Left,379,709,192,88419976,nan,nan,nan
9/24/2026 11:02:15,1.17.3,StopSig,76,3.88,nan,1,Right_no_left,Left,379,710,192,88444832,nan,nan,nan
9/24/2026 11:02:16,1.17.3,StopSig,76,3.87,nan,1,Right_no_left,Left,379,711,192,88456344,nan,nan,nan
9/24/2026 11:02:16,1.17.3,StopSig,76,3.87,nan,1,Right_no_left,Left,379,712,192,88457351,nan,nan,nan
9/24/2026 11:02:29,1.17.3,StopSig,76,3.88,nan,1,>Left_Regular_trial,Left,380,712,192,88469711,nan,nan,nan
9/24/2026 11:02:29,1.17.3,StopSig,76,3.87,nan,1,Right_Regular_(correct),Left,380,713,192,88470567,nan,nan,nan
9/24/2026 11:02:30,1.17.3,StopSig,76,3.88,1,1,Pellet,Left,380,713,193,88470567,0.22,739,nan
9/24/2026 11:03:29,1.17.3,StopSig,76,3.87,nan,1,>Left_Stop_trial,Left,381,713,193,88529043,nan,nan,nan
9/24/2026 11:03:29,1.17.3,StopSig,76,3.87,nan,1,Right_STOP_(incorrect),Left,381,714,193,88530121,nan,nan,nan
9/24/2026 11:05:19,1.17.3,StopSig,76,3.87,nan,1,Right_no_left,Left,381,715,193,88530121,nan,nan,nan
9/24/2026 11:05:51,1.17.3,StopSig,76,3.87,nan,1,>Left_Regular_trial,Left,382,715,193,88671811,nan,nan,nan
9/24/2026 11:05:52,1.17.3,StopSig,76,3.87,nan,1,Right_Regular_(correct),Left,382,716,193,88672809,nan,nan,nan
9/24/2026 11:05:52,1.17.3,StopSig,76,3.87,nan,1,RightDuringDispense,Left,382,717,193,88672809,nan,nan,0.00
9/24/2026 11:05:53,1.17.3,StopSig,76,3.87,1,1,Pellet,Left,382,717,194,88672809,0.27,203,nan
9/24/2026 11:06:33,1.17.3,StopSig,76,3.87,nan,1,Right_no_left,Left,382,718,194,88672809,nan,nan,nan
9/24/2026 11:12:59,1.17.3,StopSig,76,3.88,nan,1,>Left_Regular_trial,Left,383,718,194,89100096,nan,nan,nan
9/24/2026 11:13:01,1.17.3,StopSig,76,3.87,nan,1,Right_Regular_(correct),Left,383,719,194,89102228,nan,nan,nan
9/24/2026 11:13:02,1.17.3,StopSig,76,3.87,1,1,Pellet,Left,383,719,195,89102228,0.27,429,nan
9/24/2026 12:13:04,1.17.3,StopSig,76,3.87,nan,1,Right_no_left,Left,383,720,195,89102228,nan,nan,nan
9/24/2026 12:13:55,1.17.3,StopSig,76,3.87,nan,1,>Left_Regular_trial,Left,384,720,195,92757247,nan,nan,nan
9/24/2026 12:13:59,1.17.3,StopSig,76,3.87,nan,1,NoPoke_Regular_(incorrect),Left,384,720,195,92761087,nan,nan,nan
9/24/2026 12:14:35,1.17.3,StopSig,76,3.87,nan,1,>Left_Stop_trial,Left,385,720,195,92797083,nan,nan,nan
9/24/2026 12:14:39,1.17.3,StopSig,76,3.87,nan,1,NoPoke_STOP_(correct),Left,385,720,195,92801118,nan,nan,nan
9/24/2026 12:14:40,1.17.3,StopSig,76,3.87,1,1,Pellet,Left,385,720,196,92801118,0.66,3698,nan
9/24/2026 12:15:09,1.17.3,StopSig,76,3.87,nan,1,>Left_Regular_trial,Left,386,720,196,92831641,nan,nan,nan
9/24/2026 12:15:13,1.17.3,StopSig,76,3.87,nan,1,NoPoke_Regular_(incorrect),Left,386,720,196,92835200,nan,nan,nan
9/24/2026 12:15:53,1.17.3,StopSig,76,3.87,nan,1,>Left_Stop_trial,Left,387,720,196,92874616,nan,nan,nan
9/24/2026 12:15:53,1.17.3,StopSig,76,3.87,nan,1,Right_STOP_(incorrect),Left,387,721,196,92875792,nan,nan,nan
9/24/2026 12:16:31,1.17.3,StopSig,76,3.87,nan,1,Right_no_left,Left,387,722,196,92875792,nan,nan,nan
9/24/2026 12:17:11,1.17.3,StopSig,76,3.87,nan,1,Right_no_left,Left,387,723,196,92914069,nan,nan,nan
9/24/2026 12:17:19,1.17.3,StopSig,76,3.87,nan,1,>Left_Stop_trial,Left,388,723,196,92960691,nan,nan,nan
9/24/2026 12:17:22,1.17.3,StopSig,76,3.87,nan,1,NoPoke_STOP_(correct),Left,388,723,196,92964191,nan,nan,nan
9/24/2026 12:17:24,1.17.3,StopSig,76,3.87,1,1,Pellet,Left,388,723,197,92964191,1.50,164,nan
9/24/2026 12:19:00,1.17.3,StopSig,76,3.87,nan,1,Right_no_left,Left,388,724,197,92964191,nan,nan,nan
9/24/2026 12:19:17,1.17.3,StopSig,76,3.87,nan,1,Right_no_left,Left,388,725,197,93062279,nan,nan,nan
9/24/2026 12:19:18,1.17.3,StopSig,76,3.87,nan,1,Right_no_left,Left,388,726,197,93079620,nan,nan,nan
9/24/2026 12:19:24,1.17.3,StopSig,76,3.87,nan,1,Right_no_left,Left,388,727,197,93080192,nan,nan,nan
9/24/2026 12:20:39,1.17.3,StopSig,76,3.87,nan,1,Right_no_left,Left,388,728,197,93086878,nan,nan,nan
9/24/2026 12:28:58,1.17.3,StopSig,76,3.87,nan,1,Right_no_left,Left,388,729,197,93161372,nan,nan,nan
9/24/2026 12:28:59,1.17.3,StopSig,76,3.87,nan,1,Right_no_left,Left,388,730,197,93660999,nan,nan,nan
9/24/2026 12:29:00,1.17.3,StopSig,76,3.87,nan,1,Right_no_left,Left,388,731,197,93661998,nan,nan,nan
9/24/2026 12:31:01,1.17.3,StopSig,76,3.87,nan,1,Right_no_left,Left,388,732,197,93663140,nan,nan,nan
9/24/2026 12:31:02,1.17.3,StopSig,76,3.87,nan,1,Right_no_left,Left,388,733,197,93783543,nan,nan,nan
9/24/2026 12:41:39,1.17.3,StopSig,76,3.87,nan,1,>Left_Regular_trial,Left,389,733,197,94421582,nan,nan,nan
9/24/2026 12:41:41,1.17.3,StopSig,76,3.87,nan,1,Right_Regular_(correct),Left,389,734,197,94423723,nan,nan,nan
9/24/2026 12:41:44,1.17.3,StopSig,76,3.87,3,1,Pellet,Left,389,734,198,94423723,0.05,1460,nan
9/24/2026 12:43:02,1.17.3,StopSig,76,3.87,nan,1,>Left_Regular_trial,Left,390,734,198,94505226,nan,nan,nan
9/24/2026 12:43:06,1.17.3,StopSig,76,3.87,nan,1,NoPoke_Regular_(incorrect),Left,390,734,198,94508642,nan,nan,nan
9/24/2026 12:43:52,1.17.3,StopSig,76,3.87,nan,1,>Left_Stop_trial,Left,391,734,198,94553885,nan,nan,nan
9/24/2026 12:43:54,1.17.3,StopSig,76,3.87,nan,1,Right_STOP_(incorrect),Left,391,735,198,94556601,nan,nan,nan
9/24/2026 12:44:24,1.17.3,StopSig,76,3.87,nan,1,>Left_Regular_trial,Left,392,735,198,94586913,nan,nan,nan
9/24/2026 12:44:28,1.17.3,StopSig,76,3.87,nan,1,NoPoke_Regular_(incorrect),Left,392,735,198,94590614,nan,nan,nan
9/24/2026 12:55:39,1.17.3,StopSig,76,3.87,nan,1,>Left_Stop_trial,Left,393,735,198,95261249,nan,nan,nan
9/24/2026 12:55:40,1.17.3,StopSig,76,3.87,nan,1,Right_STOP_(incorrect),Left,393,736,198,95262783,nan,nan,nan
9/24/2026 12:56:26,1.17.3,StopSig,76,3.87,nan,1,Right_no_left,Left,393,737,198,95262783,nan,nan,nan
9/24/2026 12:57:35,1.17.3,StopSig,76,3.87,nan,1,>Left_Stop_trial,Left,394,737,198,95377017,nan,nan,nan
9/24/2026 12:57:36,1.17.3,StopSig,76,3.87,nan,1,Right_STOP_(incorrect),Left,394,738,198,95378670,nan,nan,nan
9/24/2026 12:59:12,1.17.3,StopSig,76,3.87,nan,1,>Left_Regular_trial,Left,395,738,198,95474739,nan,nan,nan
9/24/2026 12:59:16,1.17.3,StopSig,76,3.87,nan,1,NoPoke_Regular_(incorrect),Left,395,738,198,95478877,nan,nan,nan
9/24/2026 13:00:16,1.17.3,StopSig,76,3.87,nan,1,>Left_Regular_trial,Left,396,738,198,95538511,nan,nan,nan
9/24/2026 13:00:19,1.17.3,StopSig,76,3.87,nan,1,NoPoke_Regular_(incorrect),Left,396,738,198,95541931,nan,nan,nan
9/24/2026 13:01:11,1.17.3,StopSig,76,3.87,nan,1,Right_no_left,Left,396,739,198,95541931,nan,nan,nan
9/24/2026 13:01:16,1.17.3,StopSig,76,3.87,nan,1,Right_no_left,Left,396,740,198,95594728,nan,nan,nan
9/24/2026 13:03:24,1.17.3,StopSig,76,3.87,nan,1,Right_no_left,Left,396,741,198,95599726,nan,nan,nan
9/24/2026 13:03:35,1.17.3,StopSig,76,3.87,nan,1,Right_no_left,Left,396,742,198,95727025,nan,nan,nan
9/24/2026 13:03:35,1.17.3,StopSig,76,3.87,nan,1,Right_no_left,Left,396,743,198,95737974,nan,nan,nan
9/24/2026 13:03:38,1.17.3,StopSig,76,3.87,nan,1,>Left_Regular_trial,Left,397,743,198,95741249,nan,nan,nan
9/24/2026 13:03:42,1.17.3,StopSig,76,3.87,nan,1,NoPoke_Regular_(incorrect),Left,397,743,198,95744949,nan,nan,nan
9/24/2026 13:04:36,1.17.3,StopSig,76,3.87,nan,1,>Left_Regular_trial,Left,398,743,198,95798860,nan,nan,nan
9/24/2026 13:04:40,1.17.3,StopSig,76,3.87,nan,1,NoPoke_Regular_(incorrect),Left,398,743,198,95802988,nan,nan,nan
9/24/2026 13:05:13,1.17.3,StopSig,76,3.87,nan,1,>Left_Regular_trial,Left,399,743,198,95836289,nan,nan,nan
9/24/2026 13:05:17,1.17.3,StopSig,76,3.87,nan,1,Right_Regular_(correct),Left,399,744,198,95839990,nan,nan,nan
9/24/2026 13:05:23,1.17.3,StopSig,76,3.87,4,1,Pellet,Left,399,744,199,95839990,1.00,1419,nan
9/24/2026 13:05:48,1.17.3,StopSig,76,3.87,nan,1,Right_no_left,Left,399,745,199,95839990,nan,nan,nan
9/24/2026 13:05:49,1.17.3,StopSig,76,3.87,nan,1,Right_no_left,Left,399,746,199,95871548,nan,nan,nan
9/24/2026 13:05:51,1.17.3,StopSig,76,3.87,nan,1,Right_no_left,Left,399,747,199,95871978,nan,nan,nan
9/24/2026 13:05:52,1.17.3,StopSig,76,3.87,nan,1,Right_no_left,Left,399,748,199,95874115,nan,nan,nan
9/24/2026 13:07:25,1.17.3,StopSig,76,3.87,nan,1,Right_no_left,Left,399,749,199,95874971,nan,nan,nan
9/24/2026 13:07:28,1.17.3,StopSig,76,3.87,nan,1,>Left_Regular_trial,Left,400,749,199,95971285,nan,nan,nan
9/24/2026 13:07:29,1.17.3,StopSig,76,3.87,nan,1,Right_Regular_(correct),Left,400,750,199,95972568,nan,nan,nan
9/24/2026 13:07:33,1.17.3,StopSig,76,3.87,2,1,Pellet,Left,400,750,200,95972568,0.27,130,nan
9/24/2026 13:08:54,1.17.3,StopSig,76,3.87,nan,1,Right_no_left,Left,400,751,200,95972568,nan,nan,nan
9/24/2026 13:08:55,1.17.3,StopSig,76,3.87,nan,1,Right_no_left,Left,400,752,200,96057609,nan,nan,nan
9/24/2026 13:08:59,1.17.3,StopSig,76,3.87,nan,1,>Left_Regular_trial,Left,401,752,200,96061889,nan,nan,nan
9/24/2026 13:09:00,1.17.3,StopSig,76,3.87,nan,1,Right_Regular_(correct),Left,401,753,200,96063172,nan,nan,nan
9/24/2026 13:09:03,1.17.3,StopSig,76,3.87,3,1,Pellet,Left,401,753,201,96063172,0.05,90,nan
9/24/2026 13:09:53,1.17.3,StopSig,76,3.87,nan,1,Right_no_left,Left,401,754,201,96063172,nan,nan,nan
9/24/2026 13:09:53,1.17.3,StopSig,76,3.87,nan,1,Right_no_left,Left,401,755,201,96116041,nan,nan,nan
9/24/2026 13:13:04,1.17.3,StopSig,76,3.87,nan,1,>Left_Regular_trial,Left,402,755,201,96307087,nan,nan,nan
9/24/2026 13:13:04,1.17.3,StopSig,76,3.87,nan,1,Right_Regular_(correct),Left,402,756,201,96307659,nan,nan,nan
9/24/2026 13:13:06,1.17.3,StopSig,76,3.87,2,1,Pellet,Left,402,756,202,96307659,0.55,243,nan
9/24/2026 13:13:47,1.17.3,StopSig,76,3.87,nan,1,Right_no_left,Left,402,757,202,96307659,nan,nan,nan
9/24/2026 13:13:48,1.17.3,StopSig,76,3.87,nan,1,Right_no_left,Left,402,758,202,96349941,nan,nan,nan
9/24/2026 13:13:53,1.17.3,StopSig,76,3.87,nan,1,>Left_Regular_trial,Left,403,758,202,96356065,nan,nan,nan
9/24/2026 13:13:57,1.17.3,StopSig,76,3.87,nan,1,NoPoke_Regular_(incorrect),Left,403,758,202,96360051,nan,nan,nan
9/24/2026 13:14:42,1.17.3,StopSig,76,3.87,nan,1,>Left_Regular_trial,Left,404,758,202,96405577,nan,nan,nan
9/24/2026 13:14:46,1.17.3,StopSig,76,3.87,nan,1,NoPoke_Regular_(incorrect),Left,404,758,202,96408992,nan,nan,nan
9/24/2026 13:15:30,1.17.3,StopSig,76,3.87,nan,1,Right_no_left,Left,404,759,202,96408992,nan,nan,nan
9/24/2026 13:15:36,1.17.3,StopSig,76,3.87,nan,1,>Left_Regular_trial,Left,405,759,202,96458805,nan,nan,nan
9/24/2026 13:15:37,1.17.3,StopSig,76,3.87,nan,1,Right_Regular_(correct),Left,405,760,202,96460230,nan,nan,nan
9/24/2026 13:15:38,1.17.3,StopSig,76,3.87,2,1,Pellet,Left,405,760,203,96460230,0.16,152,nan
9/24/2026 13:16:28,1.17.3,StopSig,76,3.87,nan,1,Right_no_left,Left,405,761,203,96460230,nan,nan,nan
9/24/2026 13:16:28,1.17.3,StopSig,76,3.87,nan,1,Right_no_left,Left,405,762,203,96511001,nan,nan,nan
9/24/2026 13:17:18,1.17.3,StopSig,76,3.87,nan,1,>Left_Regular_trial,Left,406,762,203,96561491,nan,nan,nan
9/24/2026 13:17:22,1.17.3,StopSig,76,3.87,nan,1,NoPoke_Regular_(incorrect),Left,406,762,203,96565049,nan,nan,nan
9/24/2026 13:28:32,1.17.3,StopSig,76,3.87,nan,1,Right_no_left,Left,406,763,203,96565049,nan,nan,nan
9/24/2026 13:28:34,1.17.3,StopSig,76,3.87,nan,1,Right_no_left,Left,406,764,203,97236003,nan,nan,nan
9/24/2026 13:30:41,1.17.3,StopSig,76,3.87,nan,1,>Left_Regular_trial,Left,407,764,203,97364120,nan,nan,nan
9/24/2026 13:30:42,1.17.3,StopSig,76,3.87,nan,1,Right_Regular_(correct),Left,407,765,203,97364976,nan,nan,nan
9/24/2026 13:30:43,1.17.3,StopSig,76,3.87,2,1,Pellet,Left,407,765,204,97364976,0.27,905,nan
9/24/2026 13:31:06,1.17.3,StopSig,76,3.87,nan,1,Right_no_left,Left,407,766,204,97364976,nan,nan,nan
9/24/2026 13:31:09,1.17.3,StopSig,76,3.87,nan,1,>Left_Regular_trial,Left,408,766,204,97391978,nan,nan,nan
9/24/2026 13:31:12,1.17.3,StopSig,76,3.87,nan,1,NoPoke_Regular_(incorrect),Left,408,766,204,97395259,nan,nan,nan
