MM:DD:YYYY hh:mm:ss,Library_Version,Session_type,Device_Number,Battery_Voltage,Motor_Turns,FR,Event,Active_Poke,Left_Poke_Count,Right_Poke_Count,Pellet_Count,Block_Pellet_Count,Retrieval_Time,InterPelletInterval,Poke_Time
8/21/2026 17:23:04,1.17.3,StopSig,76,4.20,nan,1,Right_no_left,Left,0,1,0,0,nan,nan,nan
8/21/2026 17:30:42,1.17.3,StopSig,76,4.20,nan,1,Right_no_left,Left,0,2,0,1360612,nan,nan,nan
8/21/2026 17:30:48,1.17.3,StopSig,76,4.20,nan,1,Right_no_left,Left,0,3,0,1818656,nan,nan,nan
8/21/2026 17:30:51,1.17.3,StopSig,76,4.20,nan,1,>Left_Regular_trial,Left,1,3,0,1827425,nan,nan,nan
8/21/2026 17:30:53,1.17.3,StopSig,76,4.20,nan,1,Right_Regular_(correct),Left,1,4,0,1828598,nan,nan,nan
8/21/2026 17:31:13,1.17.3,StopSig,76,4.20,4,1,Pellet,Left,1,4,1,1828598,15.23,nan,nan
8/21/2026 17:35:34,1.17.3,StopSig,76,4.20,nan,1,Right_no_left,Left,1,5,1,1828598,nan,nan,nan
8/21/2026 17:35:42,1.17.3,StopSig,76,4.20,nan,1,>Left_Regular_trial,Left,2,5,1,2117751,nan,nan,nan
8/21/2026 17:35:46,1.17.3,StopSig,76,4.20,nan,1,NoPoke_Regular_(incorrect),Left,2,5,1,2121839,nan,nan,nan
8/21/2026 17:36:39,1.17.3,StopSig,76,4.20,nan,1,Right_no_left,Left,2,6,1,2121839,nan,nan,nan
8/21/2026 17:37:05,1.17.3,StopSig,76,4.20,nan,1,Right_no_left,Left,2,7,1,2175099,nan,nan,nan
8/21/2026 17:37:38,1.17.3,StopSig,76,4.20,nan,1,>Left_Regular_trial,Left,3,7,1,2233500,nan,nan,nan
8/21/2026 17:37:41,1.17.3,StopSig,76,4.20,nan,1,NoPoke_Regular_(incorrect),Left,3,7,1,2236856,nan,nan,nan
8/21/2026 17:38:13,1.17.3,StopSig,76,4.20,nan,1,>Left_Regular_trial,Left,4,7,1,2268634,nan,nan,nan
8/21/2026 17:38:14,1.17.3,StopSig,76,4.20,nan,1,Right_Regular_(correct),Left,4,8,1,2269662,nan,nan,nan
8/21/2026 17:38:14,1.17.3,StopSig,76,4.20,nan,1,RightDuringDispense,Left,4,9,1,2269662,nan,nan,0.08
8/21/2026 17:38:16,1.17.3,StopSig,76,4.20,2,1,Pellet,Left,4,9,2,2269662,1.13,423,nan
8/21/2026 17:38:41,1.17.3,StopSig,76,4.20,nan,1,Right_no_left,Left,4,10,2,2269662,nan,nan,nan
8/21/2026 17:38:41,1.17.3,StopSig,76,4.20,nan,1,Right_no_left,Left,4,11,2,2296916,nan,nan,nan
8/21/2026 17:38:42,1.17.3,StopSig,76,4.20,nan,1,Right_no_left,Left,4,12,2,2297360,nan,nan,nan
8/21/2026 17:38:43,1.17.3,StopSig,76,4.20,nan,1,Right_no_left,Left,4,13,2,2298674,nan,nan,nan
8/21/2026 17:38:48,1.17.3,StopSig,76,4.20,nan,1,>Left_Regular_trial,Left,5,13,2,2303940,nan,nan,nan
8/21/2026 17:38:49,1.17.3,StopSig,76,4.20,nan,1,Right_Regular_(correct),Left,5,14,2,2305110,nan,nan,nan
8/21/2026 17:38:50,1.17.3,StopSig,76,4.20,2,1,Pellet,Left,5,14,3,2305110,0.35,34,nan
8/21/2026 17:39:35,1.17.3,StopSig,76,4.20,nan,1,Right_no_left,Left,5,15,3,2305110,nan,nan,nan
8/21/2026 17:39:50,1.17.3,StopSig,76,4.20,nan,1,>Left_Regular_trial,Left,6,15,3,2366220,nan,nan,nan
8/21/2026 17:39:54,1.17.3,StopSig,76,4.20,nan,1,NoPoke_Regular_(incorrect),Left,6,15,3,2369878,nan,nan,nan
8/21/2026 17:41:27,1.17.3,StopSig,76,4.20,nan,1,Right_no_left,Left,6,16,3,2369878,nan,nan,nan
8/21/2026 17:41:29,1.17.3,StopSig,76,4.20,nan,1,Right_no_left,Left,6,17,3,2463233,nan,nan,nan
8/21/2026 17:53:17,1.17.3,StopSig,76,4.19,nan,1,Right_no_left,Left,6,18,3,2465571,nan,nan,nan
8/21/2026 17:53:26,1.17.3,StopSig,76,4.20,nan,1,Right_no_left,Left,6,19,3,3173232,nan,nan,nan
8/21/2026 17:53:26,1.17.3,StopSig,76,4.20,nan,1,Right_no_left,Left,6,20,3,3182161,nan,nan,nan
8/21/2026 17:53:27,1.17.3,StopSig,76,4.20,nan,1,Right_no_left,Left,6,21,3,3182745,nan,nan,nan
8/21/2026 17:53:30,1.17.3,StopSig,76,4.20,nan,1,>Left_Regular_trial,Left,7,21,3,3186111,nan,nan,nan
8/21/2026 17:53:34,1.17.3,StopSig,76,4.20,nan,1,Right_Regular_(correct),Left,7,22,3,3189777,nan,nan,nan
8/21/2026 17:53:34,1.17.3,StopSig,76,4.20,nan,1,RightDuringDispense,Left,7,23,3,3189777,nan,nan,0.13
8/21/2026 17:53:35,1.17.3,StopSig,76,4.20,2,1,Pellet,Left,7,23,4,3189777,0.17,885,nan
8/21/2026 17:57:08,1.17.3,StopSig,76,4.20,nan,1,Right_no_left,Left,7,24,4,3189777,nan,nan,nan
8/21/2026 17:57:09,1.17.3,StopSig,76,4.20,nan,1,Right_no_left,Left,7,25,4,3404313,nan,nan,nan
8/21/2026 17:57:12,1.17.3,StopSig,76,4.20,nan,1,Right_no_left,Left,7,26,4,3404897,nan,nan,nan
8/21/2026 17:57:16,1.17.3,StopSig,76,4.20,nan,1,Right_no_left,Left,7,27,4,3408266,nan,nan,nan
8/21/2026 17:57:19,1.17.3,StopSig,76,4.20,nan,1,Right_no_left,Left,7,28,4,3412215,nan,nan,nan
8/21/2026 17:57:19,1.17.3,StopSig,76,4.20,nan,1,Right_no_left,Left,7,29,4,3414846,nan,nan,nan
8/21/2026 17:57:20,1.17.3,StopSig,76,4.20,nan,1,Right_no_left,Left,7,30,4,3415722,nan,nan,nan
8/21/2026 17:59:15,1.17.3,StopSig,76,4.20,nan,1,Right_no_left,Left,7,31,4,3416306,nan,nan,nan
8/21/2026 17:59:18,1.17.3,StopSig,76,4.20,nan,1,>Left_Regular_trial,Left,8,31,4,3534105,nan,nan,nan
8/21/2026 17:59:22,1.17.3,StopSig,76,4.20,nan,1,NoPoke_Regular_(incorrect),Left,8,31,4,3537914,nan,nan,nan
8/21/2026 18:00:16,1.17.3,StopSig,76,4.20,nan,1,Right_no_left,Left,8,32,4,3537914,nan,nan,nan
8/21/2026 18:00:17,1.17.3,StopSig,76,4.20,nan,1,Right_no_left,Left,8,33,4,3592534,nan,nan,nan
8/21/2026 18:00:51,1.17.3,StopSig,76,4.20,nan,1,>Left_Regular_trial,Left,9,33,4,3627263,nan,nan,nan
8/21/2026 18:00:53,1.17.3,StopSig,76,4.20,nan,1,Right_Regular_(correct),Left,9,34,4,3628726,nan,nan,nan
8/21/2026 18:00:54,1.17.3,StopSig,76,4.20,1,1,Pellet,Left,9,34,5,3628726,0.29,439,nan
8/21/2026 18:02:04,1.17.3,StopSig,76,4.20,nan,1,Right_no_left,Left,9,35,5,3628726,nan,nan,nan
8/21/2026 18:02:11,1.17.3,StopSig,76,4.20,nan,1,Right_no_left,Left,9,36,5,3700767,nan,nan,nan
8/21/2026 18:02:11,1.17.3,StopSig,76,4.20,nan,1,Right_no_left,Left,9,37,5,3707068,nan,nan,nan
8/21/2026 18:02:12,1.17.3,StopSig,76,4.20,nan,1,Right_no_left,Left,9,38,5,3707799,nan,nan,nan
8/21/2026 18:02:14,1.17.3,StopSig,76,4.20,nan,1,Right_no_left,Left,9,39,5,3708830,nan,nan,nan
8/21/2026 18:02:17,1.17.3,StopSig,76,4.20,nan,1,>Left_Regular_trial,Left,10,39,5,3712639,nan,nan,nan
8/21/2026 18:02:18,1.17.3,StopSig,76,4.20,nan,1,Right_Regular_(correct),Left,10,40,5,3713958,nan,nan,nan
8/21/2026 18:02:21,1.17.3,StopSig,76,4.20,2,1,Pellet,Left,10,40,6,3713958,0.23,87,nan
8/21/2026 18:25:11,1.17.3,StopSig,76,4.20,nan,1,Right_no_left,Left,10,41,6,3713958,nan,nan,nan
8/21/2026 18:25:12,1.17.3,StopSig,76,4.20,nan,1,Right_no_left,Left,10,42,6,5087108,nan,nan,nan
8/21/2026 18:25:14,1.17.3,StopSig,76,4.20,nan,1,Right_no_left,Left,10,43,6,5088725,nan,nan,nan
8/21/2026 18:25:17,1.17.3,StopSig,76,4.20,nan,1,Right_no_left,Left,10,44,6,5090777,nan,nan,nan
8/21/2026 18:25:19,1.17.3,StopSig,76,4.19,nan,1,Right_no_left,Left,10,45,6,5093709,nan,nan,nan
8/21/2026 18:25:21,1.17.3,StopSig,76,4.19,nan,1,Right_no_left,Left,10,46,6,5095321,nan,nan,nan
8/21/2026 18:25:23,1.17.3,StopSig,76,4.20,nan,1,>Left_Regular_trial,Left,11,46,6,5099134,nan,nan,nan
8/21/2026 18:25:24,1.17.3,StopSig,76,4.19,nan,1,Right_Regular_(correct),Left,11,47,6,5100458,nan,nan,nan
8/21/2026 18:25:25,1.17.3,StopSig,76,4.20,nan,1,RightDuringDispense,Left,11,48,6,5100458,nan,nan,0.10
8/21/2026 18:25:26,1.17.3,StopSig,76,4.19,1,1,Pellet,Left,11,48,7,5100458,0.35,1385,nan
8/21/2026 18:25:58,1.17.3,StopSig,76,4.19,nan,1,>Left_Regular_trial,Left,12,48,7,5133786,nan,nan,nan
8/21/2026 18:26:00,1.17.3,StopSig,76,4.20,nan,1,Right_Regular_(correct),Left,12,49,7,5135838,nan,nan,nan
8/21/2026 18:26:01,1.17.3,StopSig,76,4.20,1,1,Pellet,Left,12,49,8,5135838,0.29,35,nan
8/21/2026 18:26:32,1.17.3,StopSig,76,4.20,nan,1,Right_no_left,Left,12,50,8,5135838,nan,nan,nan
8/21/2026 18:26:33,1.17.3,StopSig,76,4.20,nan,1,Right_no_left,Left,12,51,8,5168424,nan,nan,nan
8/21/2026 18:26:35,1.17.3,StopSig,76,4.20,nan,1,Right_no_left,Left,12,52,8,5169156,nan,nan,nan
8/21/2026 18:26:37,1.17.3,StopSig,76,4.20,nan,1,>Left_Regular_trial,Left,13,52,8,5173263,nan,nan,nan
8/21/2026 18:26:38,1.17.3,StopSig,76,4.19,nan,1,Right_Regular_(correct),Left,13,53,8,5174735,nan,nan,nan
8/21/2026 18:26:40,1.17.3,StopSig,76,4.19,1,1,Pellet,Left,13,53,9,5174735,0.29,39,nan
8/21/2026 18:27:00,1.17.3,StopSig,76,4.20,nan,1,Right_no_left,Left,13,54,9,5174735,nan,nan,nan
8/21/2026 18:27:00,1.17.3,StopSig,76,4.19,nan,1,Right_no_left,Left,13,55,9,5195918,nan,nan,nan
8/21/2026 18:27:04,1.17.3,StopSig,76,4.20,nan,1,>Left_Regular_trial,Left,14,55,9,5199876,nan,nan,nan
8/21/2026 18:27:05,1.17.3,StopSig,76,4.19,nan,1,Right_Regular_(correct),Left,14,56,9,5201193,nan,nan,nan
8/21/2026 18:27:06,1.17.3,StopSig,76,4.19,2,1,Pellet,Left,14,56,10,5201193,0.41,26,nan
8/21/2026 18:27:28,1.17.3,StopSig,76,4.19,nan,1,>Left_Regular_trial,Left,15,56,10,5223783,nan,nan,nan
8/21/2026 18:27:30,1.17.3,StopSig,76,4.20,nan,1,Right_Regular_(correct),Left,15,57,10,5226424,nan,nan,nan
8/21/2026 18:27:31,1.17.3,StopSig,76,4.19,nan,1,RightDuringDispense,Left,15,58,10,5226424,nan,nan,0.20
8/21/2026 18:27:32,1.17.3,StopSig,76,4.20,1,1,Pellet,Left,15,58,11,5226424,0.41,26,nan
8/21/2026 18:28:00,1.17.3,StopSig,76,4.19,nan,1,Right_no_left,Left,15,59,11,5226424,nan,nan,nan
8/21/2026 18:28:02,1.17.3,StopSig,76,4.19,nan,1,Right_no_left,Left,15,60,11,5256602,nan,nan,nan
8/21/2026 18:28:05,1.17.3,StopSig,76,4.19,nan,1,>Left_Regular_trial,Left,16,60,11,5260711,nan,nan,nan
8/21/2026 18:28:08,1.17.3,StopSig,76,4.19,nan,1,NoPoke_Regular_(incorrect),Left,16,60,11,5263939,nan,nan,nan
8/21/2026 18:36:40,1.17.3,StopSig,76,4.19,nan,1,Right_no_left,Left,16,61,11,5263939,nan,nan,nan
8/21/2026 18:44:06,1.17.3,StopSig,76,4.19,nan,1,>Left_Regular_trial,Left,17,61,11,6222056,nan,nan,nan
8/21/2026 18:44:10,1.17.3,StopSig,76,4.19,nan,1,NoPoke_Regular_(incorrect),Left,17,61,11,6226010,nan,nan,nan
8/21/2026 18:53:03,1.17.3,StopSig,76,4.19,nan,1,Right_no_left,Left,17,62,11,6226010,nan,nan,nan
8/21/2026 18:53:04,1.17.3,StopSig,76,4.20,nan,1,Right_no_left,Left,17,63,11,6759419,nan,nan,nan
8/21/2026 18:54:49,1.17.3,StopSig,76,4.19,nan,1,Right_no_left,Left,17,64,11,6760885,nan,nan,nan
8/21/2026 18:57:26,1.17.3,StopSig,76,4.19,nan,1,>Left_Regular_trial,Left,18,64,11,7022542,nan,nan,nan
8/21/2026 18:57:30,1.17.3,StopSig,76,4.19,nan,1,NoPoke_Regular_(incorrect),Left,18,64,11,7026061,nan,nan,nan
8/21/2026 19:02:20,1.17.3,StopSig,76,4.18,nan,1,Right_no_left,Left,18,65,11,7026061,nan,nan,nan
8/21/2026 19:02:23,1.17.3,StopSig,76,4.19,nan,1,Right_no_left,Left,18,66,11,7316533,nan,nan,nan
8/21/2026 19:02:26,1.17.3,StopSig,76,4.19,nan,1,Right_no_left,Left,18,67,11,7319760,nan,nan,nan
8/21/2026 19:11:12,1.17.3,StopSig,76,4.19,nan,1,Right_no_left,Left,18,68,11,7322407,nan,nan,nan
8/21/2026 19:29:38,1.17.3,StopSig,76,4.18,nan,1,Right_no_left,Left,18,69,11,7848574,nan,nan,nan
8/21/2026 19:29:40,1.17.3,StopSig,76,4.18,nan,1,>Left_Regular_trial,Left,19,69,11,8955938,nan,nan,nan
8/21/2026 19:29:43,1.17.3,StopSig,76,4.18,nan,1,NoPoke_Regular_(incorrect),Left,19,69,11,8959176,nan,nan,nan
8/21/2026 19:31:01,1.17.3,StopSig,76,4.18,nan,1,Right_no_left,Left,19,70,11,8959176,nan,nan,nan
8/21/2026 19:39:27,1.17.3,StopSig,76,4.18,nan,1,>Left_Regular_trial,Left,20,70,11,9543180,nan,nan,nan
8/21/2026 19:39:31,1.17.3,StopSig,76,4.18,nan,1,NoPoke_Regular_(incorrect),Left,20,70,11,9547288,nan,nan,nan
8/21/2026 19:50:41,1.17.3,StopSig,76,4.18,nan,1,Right_no_left,Left,20,71,11,9547288,nan,nan,nan
8/21/2026 19:51:02,1.17.3,StopSig,76,4.18,nan,1,>Left_Stop_trial,Left,21,71,11,10237901,nan,nan,nan
8/21/2026 19:51:05,1.17.3,StopSig,76,4.18,nan,1,NoPoke_STOP_(correct),Left,21,71,11,10241292,nan,nan,nan
8/21/2026 19:51:09,1.17.3,StopSig,76,4.18,1,1,Pellet,Left,21,71,12,10241292,3.05,5017,nan
8/21/2026 19:51:43,1.17.3,StopSig,76,4.19,nan,1,Right_no_left,Left,21,72,12,10241292,nan,nan,nan
8/21/2026 19:51:45,1.17.3,StopSig,76,4.18,nan,1,>Left_Stop_trial,Left,22,72,12,10281107,nan,nan,nan
8/21/2026 19:51:49,1.17.3,StopSig,76,4.18,nan,1,NoPoke_STOP_(correct),Left,22,72,12,10285239,nan,nan,nan
8/21/2026 19:51:56,1.17.3,StopSig,76,4.18,2,1,Pellet,Left,22,72,13,10285239,4.43,47,nan
8/21/2026 19:52:27,1.17.3,StopSig,76,4.18,nan,1,Right_no_left,Left,22,73,13,10285239,nan,nan,nan
8/21/2026 19:52:30,1.17.3,StopSig,76,4.18,nan,1,>Left_Regular_trial,Left,23,73,13,10325985,nan,nan,nan
8/21/2026 19:52:32,1.17.3,StopSig,76,4.18,nan,1,Right_Regular_(correct),Left,23,74,13,10328186,nan,nan,nan
8/21/2026 19:52:33,1.17.3,StopSig,76,4.18,1,1,Pellet,Left,23,74,14,10328186,0.53,37,nan
8/21/2026 19:53:18,1.17.3,StopSig,76,4.18,nan,1,Right_no_left,Left,23,75,14,10328186,nan,nan,nan
8/21/2026 19:59:25,1.17.3,StopSig,76,4.18,nan,1,>Left_Regular_trial,Left,24,75,14,10741602,nan,nan,nan
8/21/2026 19:59:29,1.17.3,StopSig,76,4.18,nan,1,Right_Regular_(correct),Left,24,76,14,10745123,nan,nan,nan
8/21/2026 19:59:30,1.17.3,StopSig,76,4.18,1,1,Pellet,Left,24,76,15,10745123,0.71,417,nan
8/21/2026 20:08:32,1.17.3,StopSig,76,4.18,nan,1,Right_no_left,Left,24,77,15,10745123,nan,nan,nan
8/21/2026 20:10:54,1.17.3,StopSig,76,4.18,nan,1,>Left_Stop_trial,Left,25,77,15,11429664,nan,nan,nan
8/21/2026 20:10:57,1.17.3,StopSig,76,4.18,nan,1,NoPoke_STOP_(correct),Left,25,77,15,11433357,nan,nan,nan
8/21/2026 20:11:01,1.17.3,StopSig,76,4.18,2,1,Pellet,Left,25,77,16,11433357,1.31,691,nan
8/21/2026 20:11:18,1.17.3,StopSig,76,4.18,nan,1,Right_no_left,Left,25,78,16,11433357,nan,nan,nan
8/21/2026 20:11:21,1.17.3,StopSig,76,4.19,nan,1,>Left_Regular_trial,Left,26,78,16,11457828,nan,nan,nan
8/21/2026 20:11:25,1.17.3,StopSig,76,4.18,nan,1,NoPoke_Regular_(incorrect),Left,26,78,16,11461350,nan,nan,nan
8/21/2026 20:25:20,1.17.3,StopSig,76,4.18,nan,1,>Left_Stop_trial,Left,27,78,16,12295793,nan,nan,nan
8/21/2026 20:25:23,1.17.3,StopSig,76,4.18,nan,1,NoPoke_STOP_(correct),Left,27,78,16,12299350,nan,nan,nan
8/21/2026 20:25:25,1.17.3,StopSig,76,4.18,1,1,Pellet,Left,27,78,17,12299350,1.97,864,nan
8/21/2026 21:02:27,1.17.3,StopSig,76,4.18,nan,1,>Left_Regular_trial,Left,28,78,17,14523493,nan,nan,nan
8/21/2026 21:02:31,1.17.3,StopSig,76,4.18,nan,1,NoPoke_Regular_(incorrect),Left,28,78,17,14527457,nan,nan,nan
8/21/2026 21:03:06,1.17.3,StopSig,76,4.17,nan,1,Right_no_left,Left,28,79,17,14527457,nan,nan,nan
8/21/2026 21:03:07,1.17.3,StopSig,76,4.18,nan,1,Right_no_left,Left,28,80,17,14562628,nan,nan,nan
8/21/2026 21:03:13,1.17.3,StopSig,76,4.18,nan,1,Right_no_left,Left,28,81,17,14564095,nan,nan,nan
8/21/2026 21:03:14,1.17.3,StopSig,76,4.18,nan,1,Right_no_left,Left,28,82,17,14569530,nan,nan,nan
8/21/2026 21:03:16,1.17.3,StopSig,76,4.18,nan,1,Right_no_left,Left,28,83,17,14570996,nan,nan,nan
8/21/2026 21:03:18,1.17.3,StopSig,76,4.17,nan,1,Right_no_left,Left,28,84,17,14573063,nan,nan,nan
8/21/2026 21:03:22,1.17.3,StopSig,76,4.18,nan,1,>Left_Regular_trial,Left,29,84,17,14578209,nan,nan,nan
8/21/2026 21:03:25,1.17.3,StopSig,76,4.18,nan,1,Right_Regular_(correct),Left,29,85,17,14581292,nan,nan,nan
8/21/2026 21:03:26,1.17.3,StopSig,76,4.18,1,1,Pellet,Left,29,85,18,14581292,0.41,2281,nan
8/21/2026 21:35:49,1.17.3,StopSig,76,4.18,nan,1,Right_no_left,Left,29,86,18,14581292,nan,nan,nan
8/21/2026 21:36:09,1.17.3,StopSig,76,4.17,nan,1,Right_no_left,Left,29,87,18,16526458,nan,nan,nan
8/21/2026 21:36:09,1.17.3,StopSig,76,4.17,nan,1,Right_no_left,Left,29,88,18,16546023,nan,nan,nan
8/21/2026 21:36:12,1.17.3,StopSig,76,4.18,nan,1,>Left_Regular_trial,Left,30,88,18,16548962,nan,nan,nan
8/21/2026 21:36:14,1.17.3,StopSig,76,4.17,nan,1,Right_Regular_(correct),Left,30,89,18,16551166,nan,nan,nan
8/21/2026 21:36:15,1.17.3,StopSig,76,4.17,nan,1,RightDuringDispense,Left,30,90,18,16551166,nan,nan,0.18
8/21/2026 21:36:16,1.17.3,StopSig,76,4.17,2,1,Pellet,Left,30,90,19,16551166,0.23,1970,nan
8/21/2026 21:37:37,1.17.3,StopSig,76,4.17,nan,1,Right_no_left,Left,30,91,19,16551166,nan,nan,nan
8/21/2026 21:37:37,1.17.3,StopSig,76,4.17,nan,1,Right_no_left,Left,30,92,19,16633817,nan,nan,nan
8/21/2026 21:37:39,1.17.3,StopSig,76,4.17,nan,1,Right_no_left,Left,30,93,19,16634402,nan,nan,nan
8/21/2026 21:37:42,1.17.3,StopSig,76,4.17,nan,1,Right_no_left,Left,30,94,19,16635869,nan,nan,nan
8/21/2026 21:37:45,1.17.3,StopSig,76,4.17,nan,1,>Left_Regular_trial,Left,31,94,19,16641594,nan,nan,nan
8/21/2026 21:37:48,1.17.3,StopSig,76,4.17,nan,1,Right_Regular_(correct),Left,31,95,19,16644385,nan,nan,nan
8/21/2026 21:37:48,1.17.3,StopSig,76,4.17,nan,1,RightDuringDispense,Left,31,96,19,16644385,nan,nan,0.18
8/21/2026 21:37:49,1.17.3,StopSig,76,4.17,1,1,Pellet,Left,31,96,20,16644385,0.17,93,nan
8/21/2026 21:38:17,1.17.3,StopSig,76,4.18,nan,1,Right_no_left,Left,31,97,20,16644385,nan,nan,nan
8/21/2026 21:38:17,1.17.3,StopSig,76,4.17,nan,1,Right_no_left,Left,31,98,20,16673733,nan,nan,nan
8/21/2026 21:38:20,1.17.3,StopSig,76,4.17,nan,1,>Left_Regular_trial,Left,32,98,20,16676822,nan,nan,nan
8/21/2026 21:38:21,1.17.3,StopSig,76,4.17,nan,1,Right_Regular_(correct),Left,32,99,20,16678144,nan,nan,nan
8/21/2026 21:38:22,1.17.3,StopSig,76,4.17,1,1,Pellet,Left,32,99,21,16678144,0.29,33,nan
8/21/2026 21:45:13,1.17.3,StopSig,76,4.17,nan,1,Right_no_left,Left,32,100,21,16678144,nan,nan,nan
8/21/2026 21:45:14,1.17.3,StopSig,76,4.17,nan,1,>Left_Regular_trial,Left,33,100,21,17091123,nan,nan,nan
8/21/2026 21:45:18,1.17.3,StopSig,76,4.17,nan,1,NoPoke_Regular_(incorrect),Left,33,100,21,17094656,nan,nan,nan
8/21/2026 21:46:39,1.17.3,StopSig,76,4.16,nan,1,Right_no_left,Left,33,101,21,17094656,nan,nan,nan
8/21/2026 21:46:40,1.17.3,StopSig,76,4.17,nan,1,Right_no_left,Left,33,102,21,17176148,nan,nan,nan
8/21/2026 21:46:41,1.17.3,StopSig,76,4.17,nan,1,Right_no_left,Left,33,103,21,17176881,nan,nan,nan
8/21/2026 21:58:25,1.17.3,StopSig,76,4.17,nan,1,Right_no_left,Left,33,104,21,17178349,nan,nan,nan
8/21/2026 21:58:47,1.17.3,StopSig,76,4.17,nan,1,Right_no_left,Left,33,105,21,17882248,nan,nan,nan
8/21/2026 21:59:58,1.17.3,StopSig,76,4.17,nan,1,>Left_Regular_trial,Left,34,105,21,17975206,nan,nan,nan
8/21/2026 22:00:02,1.17.3,StopSig,76,4.17,nan,1,NoPoke_Regular_(incorrect),Left,34,105,21,17978588,nan,nan,nan
8/21/2026 22:00:34,1.17.3,StopSig,76,4.17,nan,1,Right_no_left,Left,34,106,21,17978588,nan,nan,nan
8/21/2026 22:00:36,1.17.3,StopSig,76,4.17,nan,1,>Left_Regular_trial,Left,35,106,21,18012732,nan,nan,nan
8/21/2026 22:00:38,1.17.3,StopSig,76,4.17,nan,1,Right_Regular_(correct),Left,35,107,21,18014661,nan,nan,nan
8/21/2026 22:00:39,1.17.3,StopSig,76,4.17,2,1,Pellet,Left,35,107,22,18014661,0.17,1337,nan
8/21/2026 22:01:16,1.17.3,StopSig,76,4.16,nan,1,Right_no_left,Left,35,108,22,18014661,nan,nan,nan
8/21/2026 22:13:17,1.17.3,StopSig,76,4.16,nan,1,>Left_Regular_trial,Left,36,108,22,18774034,nan,nan,nan
8/21/2026 22:13:21,1.17.3,StopSig,76,4.17,nan,1,NoPoke_Regular_(incorrect),Left,36,108,22,18777713,nan,nan,nan
8/21/2026 22:25:52,1.17.3,StopSig,76,4.16,nan,1,Right_no_left,Left,36,109,22,18777713,nan,nan,nan
8/21/2026 22:25:56,1.17.3,StopSig,76,4.16,nan,1,>Left_Regular_trial,Left,37,109,22,19532397,nan,nan,nan
8/21/2026 22:25:57,1.17.3,StopSig,76,4.17,nan,1,Right_Regular_(correct),Left,37,110,22,19533573,nan,nan,nan
8/21/2026 22:26:01,1.17.3,StopSig,76,4.17,2,1,Pellet,Left,37,110,23,19533573,1.19,1521,nan
8/21/2026 22:27:09,1.17.3,StopSig,76,4.17,nan,1,Right_no_left,Left,37,111,23,19533573,nan,nan,nan
8/21/2026 22:27:14,1.17.3,StopSig,76,4.17,nan,1,Right_no_left,Left,37,112,23,19605909,nan,nan,nan
8/21/2026 22:27:16,1.17.3,StopSig,76,4.16,nan,1,>Left_Regular_trial,Left,38,112,23,19612816,nan,nan,nan
8/21/2026 22:27:17,1.17.3,StopSig,76,4.16,nan,1,Right_Regular_(correct),Left,38,113,23,19613696,nan,nan,nan
8/21/2026 22:27:18,1.17.3,StopSig,76,4.17,1,1,Pellet,Left,38,113,24,19613696,0.23,78,nan
8/21/2026 22:27:51,1.17.3,StopSig,76,4.16,nan,1,Right_no_left,Left,38,114,24,19613696,nan,nan,nan
8/21/2026 22:27:55,1.17.3,StopSig,76,4.17,nan,1,Right_no_left,Left,38,115,24,19647626,nan,nan,nan
8/21/2026 22:32:44,1.17.3,StopSig,76,4.17,nan,1,Right_no_left,Left,38,116,24,19652331,nan,nan,nan
8/21/2026 22:32:45,1.17.3,StopSig,76,4.16,nan,1,Right_no_left,Left,38,117,24,19941101,nan,nan,nan
8/21/2026 22:40:20,1.17.3,StopSig,76,4.16,nan,1,>Left_Regular_trial,Left,39,117,24,20397178,nan,nan,nan
8/21/2026 22:40:24,1.17.3,StopSig,76,4.17,nan,1,NoPoke_Regular_(incorrect),Left,39,117,24,20400706,nan,nan,nan
8/21/2026 22:43:43,1.17.3,StopSig,76,4.17,nan,1,Right_no_left,Left,39,118,24,20400706,nan,nan,nan
8/21/2026 22:43:44,1.17.3,StopSig,76,4.16,nan,1,Right_no_left,Left,39,119,24,20600529,nan,nan,nan
8/21/2026 22:43:49,1.17.3,StopSig,76,4.16,nan,1,Right_no_left,Left,39,120,24,20601263,nan,nan,nan
8/21/2026 22:43:51,1.17.3,StopSig,76,4.16,nan,1,Right_no_left,Left,39,121,24,20605968,nan,nan,nan
8/21/2026 22:43:52,1.17.3,StopSig,76,4.16,nan,1,Right_no_left,Left,39,122,24,20608322,nan,nan,nan
8/21/2026 22:43:58,1.17.3,StopSig,76,4.16,nan,1,Right_no_left,Left,39,123,24,20609643,nan,nan,nan
8/21/2026 22:43:58,1.17.3,StopSig,76,4.16,nan,1,Right_no_left,Left,39,124,24,20614811,nan,nan,nan
8/21/2026 22:44:01,1.17.3,StopSig,76,4.16,nan,1,Right_no_left,Left,39,125,24,20615103,nan,nan,nan
8/21/2026 22:44:04,1.17.3,StopSig,76,4.16,nan,1,Right_no_left,Left,39,126,24,20617750,nan,nan,nan
8/21/2026 22:44:05,1.17.3,StopSig,76,4.16,nan,1,Right_no_left,Left,39,127,24,20621428,nan,nan,nan
8/21/2026 22:44:05,1.17.3,StopSig,76,4.16,nan,1,Right_no_left,Left,39,128,24,20621720,nan,nan,nan
8/21/2026 22:44:07,1.17.3,StopSig,76,4.16,nan,1,>Left_Regular_trial,Left,40,128,24,20624227,nan,nan,nan
8/21/2026 22:44:11,1.17.3,StopSig,76,4.16,nan,1,NoPoke_Regular_(incorrect),Left,40,128,24,20627757,nan,nan,nan
8/21/2026 22:51:27,1.17.3,StopSig,76,4.16,nan,1,Right_no_left,Left,40,129,24,20627757,nan,nan,nan
8/21/2026 22:51:29,1.17.3,StopSig,76,4.16,nan,1,Right_no_left,Left,40,130,24,21064291,nan,nan,nan
8/21/2026 22:54:07,1.17.3,StopSig,76,4.16,nan,1,Right_no_left,Left,40,131,24,21065907,nan,nan,nan
8/21/2026 22:54:12,1.17.3,StopSig,76,4.16,nan,1,Right_no_left,Left,40,132,24,21224606,nan,nan,nan
8/21/2026 22:54:13,1.17.3,StopSig,76,4.16,nan,1,Right_no_left,Left,40,133,24,21228722,nan,nan,nan
8/21/2026 22:54:16,1.17.3,StopSig,76,4.16,nan,1,Right_no_left,Left,40,134,24,21229750,nan,nan,nan
8/21/2026 22:54:16,1.17.3,StopSig,76,4.16,nan,1,Right_no_left,Left,40,135,24,21232691,nan,nan,nan
8/21/2026 22:54:17,1.17.3,StopSig,76,4.16,nan,1,Right_no_left,Left,40,136,24,21233277,nan,nan,nan
8/21/2026 22:54:20,1.17.3,StopSig,76,4.16,nan,1,>Left_Regular_trial,Left,41,136,24,21236667,nan,nan,nan
8/21/2026 22:54:24,1.17.3,StopSig,76,4.16,nan,1,NoPoke_Regular_(incorrect),Left,41,136,24,21240784,nan,nan,nan
8/21/2026 22:54:54,1.17.3,StopSig,76,4.16,nan,1,Right_no_left,Left,41,137,24,21240784,nan,nan,nan
8/21/2026 22:54:57,1.17.3,StopSig,76,4.16,nan,1,Right_no_left,Left,41,138,24,21271395,nan,nan,nan
8/21/2026 22:54:58,1.17.3,StopSig,76,4.16,nan,1,Right_no_left,Left,41,139,24,21273745,nan,nan,nan
8/21/2026 22:55:00,1.17.3,StopSig,76,4.16,nan,1,>Left_Regular_trial,Left,42,139,24,21276838,nan,nan,nan
8/21/2026 22:55:01,1.17.3,StopSig,76,4.16,nan,1,Right_Regular_(correct),Left,42,140,24,21277867,nan,nan,nan
8/21/2026 22:55:02,1.17.3,StopSig,76,4.16,1,1,Pellet,Left,42,140,25,21277867,0.35,1664,nan
8/21/2026 23:02:56,1.17.3,StopSig,76,4.16,nan,1,>Left_Regular_trial,Left,43,140,25,21752588,nan,nan,nan
8/21/2026 23:02:57,1.17.3,StopSig,76,4.16,nan,1,Right_Regular_(correct),Left,43,141,25,21754058,nan,nan,nan
8/21/2026 23:02:58,1.17.3,StopSig,76,4.16,1,1,Pellet,Left,43,141,26,21754058,0.53,476,nan
8/22/2026 0:08:38,1.17.3,StopSig,76,4.16,nan,1,Right_no_left,Left,43,142,26,21754058,nan,nan,nan
8/22/2026 0:08:40,1.17.3,StopSig,76,4.16,nan,1,Right_no_left,Left,43,143,26,25695218,nan,nan,nan
8/22/2026 0:08:41,1.17.3,StopSig,76,4.16,nan,1,Right_no_left,Left,43,144,26,25697132,nan,nan,nan
8/22/2026 0:08:42,1.17.3,StopSig,76,4.16,nan,1,Right_no_left,Left,43,145,26,25698603,nan,nan,nan
8/22/2026 0:08:47,1.17.3,StopSig,76,4.16,nan,1,Right_no_left,Left,43,146,26,25699197,nan,nan,nan
8/22/2026 0:08:50,1.17.3,StopSig,76,4.15,nan,1,Right_no_left,Left,43,147,26,25704796,nan,nan,nan
8/22/2026 0:08:51,1.17.3,StopSig,76,4.16,nan,1,Right_no_left,Left,43,148,26,25707448,nan,nan,nan
8/22/2026 0:08:53,1.17.3,StopSig,76,4.16,nan,1,>Left_Regular_trial,Left,44,148,26,25710246,nan,nan,nan
8/22/2026 0:08:55,1.17.3,StopSig,76,4.16,nan,1,Right_Regular_(correct),Left,44,149,26,25712308,nan,nan,nan
8/22/2026 0:09:03,1.17.3,StopSig,76,4.16,3,1,Pellet,Left,44,149,27,25712308,3.47,3965,nan
8/22/2026 0:09:31,1.17.3,StopSig,76,4.16,nan,1,>Left_Stop_trial,Left,45,149,27,25747282,nan,nan,nan
8/22/2026 0:09:34,1.17.3,StopSig,76,4.15,nan,1,NoPoke_STOP_(correct),Left,45,149,27,25750986,nan,nan,nan
8/22/2026 0:09:38,1.17.3,StopSig,76,4.15,nan,1,RightWithPellet,Left,45,150,27,25750986,nan,nan,0.27
8/22/2026 0:09:39,1.17.3,StopSig,76,4.16,2,1,Pellet,Left,45,150,28,25750986,2.65,36,nan
8/22/2026 0:10:20,1.17.3,StopSig,76,4.15,nan,1,Right_no_left,Left,45,151,28,25750986,nan,nan,nan
8/22/2026 0:10:21,1.17.3,StopSig,76,4.16,nan,1,Right_no_left,Left,45,152,28,25797278,nan,nan,nan
8/22/2026 0:10:38,1.17.3,StopSig,76,4.15,nan,1,>Left_Regular_trial,Left,46,152,28,25815249,nan,nan,nan
8/22/2026 0:10:39,1.17.3,StopSig,76,4.16,nan,1,Right_Regular_(correct),Left,46,153,28,25816278,nan,nan,nan
8/22/2026 0:10:40,1.17.3,StopSig,76,4.16,1,1,Pellet,Left,46,153,29,25816278,0.35,61,nan
8/22/2026 0:11:06,1.17.3,StopSig,76,4.15,nan,1,Right_no_left,Left,46,154,29,25816278,nan,nan,nan
8/22/2026 0:15:35,1.17.3,StopSig,76,4.16,nan,1,>Left_Stop_trial,Left,47,154,29,26111787,nan,nan,nan
8/22/2026 0:15:39,1.17.3,StopSig,76,4.15,nan,1,NoPoke_STOP_(correct),Left,47,154,29,26115929,nan,nan,nan
8/22/2026 0:15:47,1.17.3,StopSig,76,4.16,1,1,Pellet,Left,47,154,30,26115929,8.09,307,nan
8/22/2026 0:16:17,1.17.3,StopSig,76,4.16,nan,1,>Left_Regular_trial,Left,48,154,30,26154266,nan,nan,nan
8/22/2026 0:16:18,1.17.3,StopSig,76,4.15,nan,1,Right_Regular_(correct),Left,48,155,30,26155442,nan,nan,nan
8/22/2026 0:16:20,1.17.3,StopSig,76,4.15,1,1,Pellet,Left,48,155,31,26155442,1.07,33,nan
8/22/2026 0:17:06,1.17.3,StopSig,76,4.16,nan,1,Right_no_left,Left,48,156,31,26155442,nan,nan,nan
8/22/2026 0:17:09,1.17.3,StopSig,76,4.15,nan,1,Right_no_left,Left,48,157,31,26203036,nan,nan,nan
8/22/2026 0:17:09,1.17.3,StopSig,76,4.16,nan,1,Right_no_left,Left,48,158,31,26206124,nan,nan,nan
8/22/2026 0:17:10,1.17.3,StopSig,76,4.15,nan,1,Right_no_left,Left,48,159,31,26206416,nan,nan,nan
8/22/2026 0:17:11,1.17.3,StopSig,76,4.16,nan,1,Right_no_left,Left,48,160,31,26207156,nan,nan,nan
8/22/2026 0:17:15,1.17.3,StopSig,76,4.16,nan,1,Right_no_left,Left,48,161,31,26208625,nan,nan,nan
8/22/2026 0:19:58,1.17.3,StopSig,76,4.16,nan,1,Right_no_left,Left,48,162,31,26212596,nan,nan,nan
8/22/2026 0:23:10,1.17.3,StopSig,76,4.15,nan,1,>Left_Regular_trial,Left,49,162,31,26566939,nan,nan,nan
8/22/2026 0:23:14,1.17.3,StopSig,76,4.16,nan,1,NoPoke_Regular_(incorrect),Left,49,162,31,26571061,nan,nan,nan
8/22/2026 0:54:44,1.17.3,StopSig,76,4.15,nan,1,>Left_Regular_trial,Left,50,162,31,28460707,nan,nan,nan
8/22/2026 0:54:46,1.17.3,StopSig,76,4.15,nan,1,Right_Regular_(correct),Left,50,163,31,28463356,nan,nan,nan
8/22/2026 0:54:47,1.17.3,StopSig,76,4.15,1,1,Pellet,Left,50,163,32,28463356,0.53,2307,nan
8/22/2026 0:55:28,1.17.3,StopSig,76,4.15,nan,1,Right_no_left,Left,50,164,32,28463356,nan,nan,nan
8/22/2026 0:55:29,1.17.3,StopSig,76,4.15,nan,1,Right_no_left,Left,50,165,32,28505494,nan,nan,nan
8/22/2026 0:56:08,1.17.3,StopSig,76,4.16,nan,1,Right_no_left,Left,50,166,32,28506088,nan,nan,nan
8/22/2026 0:56:11,1.17.3,StopSig,76,4.15,nan,1,>Left_Stop_trial,Left,51,166,32,28548117,nan,nan,nan
8/22/2026 0:56:15,1.17.3,StopSig,76,4.15,nan,1,NoPoke_STOP_(correct),Left,51,166,32,28552118,nan,nan,nan
8/22/2026 0:56:20,1.17.3,StopSig,76,4.15,1,1,Pellet,Left,51,166,33,28552118,4.85,93,nan
8/22/2026 0:59:04,1.17.3,StopSig,76,4.15,nan,1,Right_no_left,Left,51,167,33,28552118,nan,nan,nan
8/22/2026 0:59:06,1.17.3,StopSig,76,4.16,nan,1,Right_no_left,Left,51,168,33,28721583,nan,nan,nan
8/22/2026 1:01:33,1.17.3,StopSig,76,4.15,nan,1,>Left_Regular_trial,Left,52,168,33,28869896,nan,nan,nan
8/22/2026 1:01:34,1.17.3,StopSig,76,4.15,nan,1,Right_Regular_(correct),Left,52,169,33,28871072,nan,nan,nan
8/22/2026 1:01:35,1.17.3,StopSig,76,4.15,1,1,Pellet,Left,52,169,34,28871072,0.65,315,nan
8/22/2026 1:03:13,1.17.3,StopSig,76,4.15,nan,1,Right_no_left,Left,52,170,34,28871072,nan,nan,nan
8/22/2026 1:03:14,1.17.3,StopSig,76,4.15,nan,1,Right_no_left,Left,52,171,34,28970346,nan,nan,nan
8/22/2026 1:06:21,1.17.3,StopSig,76,4.15,nan,1,Right_no_left,Left,52,172,34,28971521,nan,nan,nan
8/22/2026 1:14:51,1.17.3,StopSig,76,4.15,nan,1,>Left_Regular_trial,Left,53,172,34,29667775,nan,nan,nan
8/22/2026 1:14:54,1.17.3,StopSig,76,4.15,nan,1,NoPoke_Regular_(incorrect),Left,53,172,34,29671155,nan,nan,nan
8/22/2026 1:26:54,1.17.3,StopSig,76,4.15,nan,1,Right_no_left,Left,53,173,34,29671155,nan,nan,nan
8/22/2026 1:26:58,1.17.3,StopSig,76,4.15,nan,1,Right_no_left,Left,53,174,34,30391800,nan,nan,nan
8/22/2026 2:28:58,1.17.3,StopSig,76,4.14,nan,1,Right_no_left,Left,53,175,34,30395635,nan,nan,nan
8/22/2026 2:29:02,1.17.3,StopSig,76,4.14,nan,1,Right_no_left,Left,53,176,34,34115988,nan,nan,nan
8/22/2026 2:29:04,1.17.3,StopSig,76,4.14,nan,1,Right_no_left,Left,53,177,34,34120102,nan,nan,nan
8/22/2026 2:29:05,1.17.3,StopSig,76,4.14,nan,1,Right_no_left,Left,53,178,34,34122158,nan,nan,nan
8/22/2026 2:29:13,1.17.3,StopSig,76,4.14,nan,1,Right_no_left,Left,53,179,34,34122891,nan,nan,nan
8/22/2026 2:29:15,1.17.3,StopSig,76,4.14,nan,1,>Left_Regular_trial,Left,54,179,34,34132306,nan,nan,nan
8/22/2026 2:29:17,1.17.3,StopSig,76,4.14,nan,1,Right_Regular_(correct),Left,54,180,34,34134214,nan,nan,nan
8/22/2026 2:29:18,1.17.3,StopSig,76,4.14,2,1,Pellet,Left,54,180,35,34134214,0.59,5263,nan
8/22/2026 2:30:04,1.17.3,StopSig,76,4.14,nan,1,Right_no_left,Left,54,181,35,34134214,nan,nan,nan
8/22/2026 2:30:05,1.17.3,StopSig,76,4.14,nan,1,Right_no_left,Left,54,182,35,34181241,nan,nan,nan
8/22/2026 2:30:08,1.17.3,StopSig,76,4.14,nan,1,>Left_Regular_trial,Left,55,182,35,34185805,nan,nan,nan
8/22/2026 2:30:10,1.17.3,StopSig,76,4.14,nan,1,Right_Regular_(correct),Left,55,183,35,34187862,nan,nan,nan
8/22/2026 2:30:11,1.17.3,StopSig,76,4.14,nan,1,RightDuringDispense,Left,55,184,35,34187862,nan,nan,0.23
8/22/2026 2:30:12,1.17.3,StopSig,76,4.14,1,1,Pellet,Left,55,184,36,34187862,0.23,54,nan
8/22/2026 2:30:46,1.17.3,StopSig,76,4.14,nan,1,Right_no_left,Left,55,185,36,34187862,nan,nan,nan
8/22/2026 2:30:47,1.17.3,StopSig,76,4.13,nan,1,Right_no_left,Left,55,186,36,34223941,nan,nan,nan
8/22/2026 2:30:52,1.17.3,StopSig,76,4.14,nan,1,Right_no_left,Left,55,187,36,34224822,nan,nan,nan
8/22/2026 2:31:30,1.17.3,StopSig,76,4.14,nan,1,Right_no_left,Left,55,188,36,34229677,nan,nan,nan
8/22/2026 2:31:33,1.17.3,StopSig,76,4.14,nan,1,Right_no_left,Left,55,189,36,34268190,nan,nan,nan
8/22/2026 2:31:37,1.17.3,StopSig,76,4.14,nan,1,Right_no_left,Left,55,190,36,34270247,nan,nan,nan
8/22/2026 2:31:39,1.17.3,StopSig,76,4.14,nan,1,Right_no_left,Left,55,191,36,34274368,nan,nan,nan
8/22/2026 2:31:40,1.17.3,StopSig,76,4.14,nan,1,Right_no_left,Left,55,192,36,34276719,nan,nan,nan
8/22/2026 2:31:44,1.17.3,StopSig,76,4.14,nan,1,Right_no_left,Left,55,193,36,34277451,nan,nan,nan
8/22/2026 2:38:01,1.17.3,StopSig,76,4.14,nan,1,Right_no_left,Left,55,194,36,34281566,nan,nan,nan
8/22/2026 2:38:02,1.17.3,StopSig,76,4.14,nan,1,Right_no_left,Left,55,195,36,34658724,nan,nan,nan
8/22/2026 2:38:19,1.17.3,StopSig,76,4.14,nan,1,Right_no_left,Left,55,196,36,34659906,nan,nan,nan
8/22/2026 2:38:21,1.17.3,StopSig,76,4.14,nan,1,>Left_Stop_trial,Left,56,196,36,34678593,nan,nan,nan
8/22/2026 2:38:25,1.17.3,StopSig,76,4.14,nan,1,NoPoke_STOP_(correct),Left,56,196,36,34682294,nan,nan,nan
8/22/2026 2:38:29,1.17.3,StopSig,76,4.14,1,1,Pellet,Left,56,196,37,34682294,3.53,497,nan
8/22/2026 2:38:51,1.17.3,StopSig,76,4.14,nan,1,Right_no_left,Left,56,197,37,34682294,nan,nan,nan
8/22/2026 2:38:52,1.17.3,StopSig,76,4.14,nan,1,Right_no_left,Left,56,198,37,34708877,nan,nan,nan
8/22/2026 2:38:53,1.17.3,StopSig,76,4.14,nan,1,Right_no_left,Left,56,199,37,34709469,nan,nan,nan
8/22/2026 2:38:54,1.17.3,StopSig,76,4.14,nan,1,Right_no_left,Left,56,200,37,34711232,nan,nan,nan
8/22/2026 2:38:57,1.17.3,StopSig,76,4.14,nan,1,>Left_Regular_trial,Left,57,200,37,34714027,nan,nan,nan
8/22/2026 2:39:00,1.17.3,StopSig,76,4.14,nan,1,NoPoke_Regular_(incorrect),Left,57,200,37,34717408,nan,nan,nan
8/22/2026 2:43:17,1.17.3,StopSig,76,4.14,nan,1,>Left_Stop_trial,Left,58,200,37,34973674,nan,nan,nan
8/22/2026 2:43:20,1.17.3,StopSig,76,4.13,nan,1,NoPoke_STOP_(correct),Left,58,200,37,34977390,nan,nan,nan
8/22/2026 2:43:22,1.17.3,StopSig,76,4.13,1,1,Pellet,Left,58,200,38,34977390,1.85,293,nan
8/22/2026 2:43:44,1.17.3,StopSig,76,4.13,nan,1,Right_no_left,Left,58,201,38,34977390,nan,nan,nan
8/22/2026 2:43:57,1.17.3,StopSig,76,4.14,nan,1,>Left_Stop_trial,Left,59,201,38,35014306,nan,nan,nan
8/22/2026 2:44:01,1.17.3,StopSig,76,4.14,nan,1,NoPoke_STOP_(correct),Left,59,201,38,35018299,nan,nan,nan
8/22/2026 2:44:10,1.17.3,StopSig,76,4.14,3,1,Pellet,Left,59,201,39,35018299,4.13,48,nan
8/22/2026 2:48:25,1.17.3,StopSig,76,4.14,nan,1,>Left_Regular_trial,Left,60,201,39,35281981,nan,nan,nan
8/22/2026 2:48:28,1.17.3,StopSig,76,4.14,nan,1,NoPoke_Regular_(incorrect),Left,60,201,39,35285365,nan,nan,nan
8/22/2026 3:51:20,1.17.3,StopSig,76,4.13,nan,1,Right_no_left,Left,60,202,39,35285365,nan,nan,nan
8/22/2026 4:02:05,1.17.3,StopSig,76,4.13,nan,1,Right_no_left,Left,60,203,39,39057621,nan,nan,nan
8/22/2026 4:02:06,1.17.3,StopSig,76,4.12,nan,1,Right_no_left,Left,60,204,39,39702797,nan,nan,nan
8/22/2026 4:03:09,1.17.3,StopSig,76,4.14,nan,1,Right_no_left,Left,60,205,39,39703974,nan,nan,nan
8/22/2026 4:03:15,1.17.3,StopSig,76,4.13,nan,1,Right_no_left,Left,60,206,39,39767390,nan,nan,nan
8/22/2026 4:03:16,1.17.3,StopSig,76,4.13,nan,1,Right_no_left,Left,60,207,39,39772689,nan,nan,nan
8/22/2026 4:03:35,1.17.3,StopSig,76,4.13,nan,1,Right_no_left,Left,60,208,39,39774456,nan,nan,nan
8/22/2026 4:06:21,1.17.3,StopSig,76,4.13,nan,1,>Left_Regular_trial,Left,61,208,39,39958613,nan,nan,nan
8/22/2026 4:06:25,1.17.3,StopSig,76,4.13,nan,1,NoPoke_Regular_(incorrect),Left,61,208,39,39962586,nan,nan,nan
8/22/2026 4:07:01,1.17.3,StopSig,76,4.13,nan,1,>Left_Regular_trial,Left,62,208,39,39998351,nan,nan,nan
8/22/2026 4:07:02,1.17.3,StopSig,76,4.13,nan,1,Right_Regular_(correct),Left,62,209,39,39999382,nan,nan,nan
8/22/2026 4:07:03,1.17.3,StopSig,76,4.13,2,1,Pellet,Left,62,209,40,39999382,0.35,4973,nan
8/22/2026 4:07:24,1.17.3,StopSig,76,4.13,nan,1,Right_no_left,Left,62,210,40,39999382,nan,nan,nan
8/22/2026 4:07:26,1.17.3,StopSig,76,4.13,nan,1,Right_no_left,Left,62,211,40,40022201,nan,nan,nan
8/22/2026 4:07:26,1.17.3,StopSig,76,4.13,nan,1,Right_no_left,Left,62,212,40,40023525,nan,nan,nan
8/22/2026 4:07:28,1.17.3,StopSig,76,4.13,nan,1,>Left_Regular_trial,Left,63,212,40,40026170,nan,nan,nan
8/22/2026 4:07:32,1.17.3,StopSig,76,4.13,nan,1,NoPoke_Regular_(incorrect),Left,63,212,40,40029550,nan,nan,nan
8/22/2026 4:08:04,1.17.3,StopSig,76,4.13,nan,1,>Left_Regular_trial,Left,64,212,40,40061937,nan,nan,nan
8/22/2026 4:08:05,1.17.3,StopSig,76,4.12,nan,1,Right_Regular_(correct),Left,64,213,40,40063114,nan,nan,nan
8/22/2026 4:08:07,1.17.3,StopSig,76,4.13,2,1,Pellet,Left,64,213,41,40063114,0.06,64,nan
8/22/2026 4:08:50,1.17.3,StopSig,76,4.13,nan,1,Right_no_left,Left,64,214,41,40063114,nan,nan,nan
8/22/2026 4:08:56,1.17.3,StopSig,76,4.13,nan,1,>Left_Stop_trial,Left,65,214,41,40113318,nan,nan,nan
8/22/2026 4:08:59,1.17.3,StopSig,76,4.13,nan,1,NoPoke_STOP_(correct),Left,65,214,41,40116592,nan,nan,nan
8/22/2026 4:09:01,1.17.3,StopSig,76,4.13,2,1,Pellet,Left,65,214,42,40116592,1.13,54,nan
8/22/2026 4:10:46,1.17.3,StopSig,76,4.12,nan,1,>Left_Regular_trial,Left,66,214,42,40223858,nan,nan,nan
8/22/2026 4:10:47,1.17.3,StopSig,76,4.13,nan,1,Right_Regular_(correct),Left,66,215,42,40224740,nan,nan,nan
8/22/2026 4:10:48,1.17.3,StopSig,76,4.12,2,1,Pellet,Left,66,215,43,40224740,0.11,107,nan
8/22/2026 4:11:12,1.17.3,StopSig,76,4.13,nan,1,>Left_Stop_trial,Left,67,215,43,40249493,nan,nan,nan
8/22/2026 4:11:13,1.17.3,StopSig,76,4.13,nan,1,Right_STOP_(incorrect),Left,67,216,43,40250980,nan,nan,nan
8/22/2026 4:11:44,1.17.3,StopSig,76,4.13,nan,1,>Left_Regular_trial,Left,68,216,43,40281313,nan,nan,nan
8/22/2026 4:11:47,1.17.3,StopSig,76,4.13,nan,1,NoPoke_Regular_(incorrect),Left,68,216,43,40284544,nan,nan,nan
8/22/2026 4:12:17,1.17.3,StopSig,76,4.13,nan,1,>Left_Regular_trial,Left,69,216,43,40315160,nan,nan,nan
8/22/2026 4:12:19,1.17.3,StopSig,76,4.12,nan,1,Right_Regular_(correct),Left,69,217,43,40316930,nan,nan,nan
8/22/2026 4:12:20,1.17.3,StopSig,76,4.13,2,1,Pellet,Left,69,217,44,40316930,0.29,92,nan
8/22/2026 4:12:44,1.17.3,StopSig,76,4.13,nan,1,>Left_Regular_trial,Left,70,217,44,40341624,nan,nan,nan
8/22/2026 4:12:46,1.17.3,StopSig,76,4.13,nan,1,Right_Regular_(correct),Left,70,218,44,40343972,nan,nan,nan
8/22/2026 4:13:05,1.17.3,StopSig,76,4.13,3,1,Pellet,Left,70,218,45,40343972,13.91,45,nan
8/22/2026 4:13:40,1.17.3,StopSig,76,4.13,nan,1,>Left_Regular_trial,Left,71,218,45,40397635,nan,nan,nan
8/22/2026 4:13:42,1.17.3,StopSig,76,4.13,nan,1,Right_Regular_(correct),Left,71,219,45,40400276,nan,nan,nan
8/22/2026 4:13:43,1.17.3,StopSig,76,4.13,nan,1,RightDuringDispense,Left,71,220,45,40400276,nan,nan,0.00
8/22/2026 4:13:56,1.17.3,StopSig,76,4.13,3,1,Pellet,Left,71,220,46,40400276,10.37,51,nan
8/22/2026 4:15:12,1.17.3,StopSig,76,4.13,nan,1,Right_no_left,Left,71,221,46,40400276,nan,nan,nan
8/22/2026 4:15:13,1.17.3,StopSig,76,4.13,nan,1,Right_no_left,Left,71,222,46,40490457,nan,nan,nan
8/22/2026 4:15:19,1.17.3,StopSig,76,4.13,nan,1,>Left_Regular_trial,Left,72,222,46,40497066,nan,nan,nan
8/22/2026 4:15:21,1.17.3,StopSig,76,4.13,nan,1,Right_Regular_(correct),Left,72,223,46,40499271,nan,nan,nan
8/22/2026 4:15:22,1.17.3,StopSig,76,4.13,nan,1,RightDuringDispense,Left,72,224,46,40499271,nan,nan,0.09
8/22/2026 4:15:23,1.17.3,StopSig,76,4.12,2,1,Pellet,Left,72,224,47,40499271,0.17,87,nan
8/22/2026 4:59:50,1.17.3,StopSig,76,4.12,nan,1,Right_no_left,Left,72,225,47,40499271,nan,nan,nan
8/22/2026 5:00:48,1.17.3,StopSig,76,4.13,nan,1,Right_no_left,Left,72,226,47,43168196,nan,nan,nan
8/22/2026 5:00:49,1.17.3,StopSig,76,4.12,nan,1,Right_no_left,Left,72,227,47,43225683,nan,nan,nan
8/22/2026 5:00:51,1.17.3,StopSig,76,4.12,nan,1,>Left_Regular_trial,Left,73,227,47,43228477,nan,nan,nan
8/22/2026 5:00:53,1.17.3,StopSig,76,4.12,nan,1,Right_Regular_(correct),Left,73,228,47,43230828,nan,nan,nan
8/22/2026 5:00:53,1.17.3,StopSig,76,4.04,nan,1,RightDuringDispense,Left,73,229,47,43230828,nan,nan,0.06
8/22/2026 5:00:57,1.17.3,StopSig,76,4.12,3,1,Pellet,Left,73,229,48,43230828,0.17,2734,nan
8/22/2026 5:02:32,1.17.3,StopSig,76,4.12,nan,1,Right_no_left,Left,73,230,48,43230828,nan,nan,nan
8/22/2026 5:02:34,1.17.3,StopSig,76,4.12,nan,1,Right_no_left,Left,73,231,48,43330403,nan,nan,nan
8/22/2026 5:02:35,1.17.3,StopSig,76,4.12,nan,1,Right_no_left,Left,73,232,48,43332463,nan,nan,nan
8/22/2026 5:03:58,1.17.3,StopSig,76,4.12,nan,1,Right_no_left,Left,73,233,48,43333052,nan,nan,nan
8/22/2026 5:05:31,1.17.3,StopSig,76,4.12,nan,1,Right_no_left,Left,73,234,48,43416035,nan,nan,nan
8/22/2026 5:05:33,1.17.3,StopSig,76,4.12,nan,1,Right_no_left,Left,73,235,48,43509583,nan,nan,nan
8/22/2026 5:17:37,1.17.3,StopSig,76,4.12,nan,1,>Left_Stop_trial,Left,74,235,48,44234332,nan,nan,nan
8/22/2026 5:17:40,1.17.3,StopSig,76,4.12,nan,1,NoPoke_STOP_(correct),Left,74,235,48,44237736,nan,nan,nan
8/22/2026 5:17:51,1.17.3,StopSig,76,4.12,2,1,Pellet,Left,74,235,49,44237736,8.63,1014,nan
8/22/2026 7:57:20,1.17.3,StopSig,76,4.11,nan,1,>Left_Stop_trial,Left,75,235,49,53818311,nan,nan,nan
8/22/2026 7:57:24,1.17.3,StopSig,76,4.11,nan,1,NoPoke_STOP_(correct),Left,75,235,49,53822156,nan,nan,nan
8/22/2026 7:57:33,1.17.3,StopSig,76,4.11,1,1,Pellet,Left,75,235,50,53822156,8.03,9582,nan
8/22/2026 7:58:32,1.17.3,StopSig,76,4.11,nan,1,>Left_Regular_trial,Left,76,235,50,53889837,nan,nan,nan
8/22/2026 7:58:35,1.17.3,StopSig,76,4.10,nan,1,NoPoke_Regular_(incorrect),Left,76,235,50,53893222,nan,nan,nan
8/22/2026 7:59:24,1.17.3,StopSig,76,4.11,nan,1,>Left_Regular_trial,Left,77,235,50,53942086,nan,nan,nan
8/22/2026 7:59:26,1.17.3,StopSig,76,4.11,nan,1,Right_Regular_(correct),Left,77,236,50,53943997,nan,nan,nan
8/22/2026 7:59:27,1.17.3,StopSig,76,4.11,1,1,Pellet,Left,77,236,51,53943997,0.59,114,nan
8/22/2026 7:59:52,1.17.3,StopSig,76,4.11,nan,1,Right_no_left,Left,77,237,51,53943997,nan,nan,nan
8/22/2026 7:59:53,1.17.3,StopSig,76,4.11,nan,1,Right_no_left,Left,77,238,51,53970870,nan,nan,nan
8/22/2026 8:31:30,1.17.3,StopSig,76,4.10,nan,1,>Left_Regular_trial,Left,78,238,51,55868753,nan,nan,nan
8/22/2026 8:31:34,1.17.3,StopSig,76,4.10,nan,1,NoPoke_Regular_(incorrect),Left,78,238,51,55872282,nan,nan,nan
8/22/2026 8:33:50,1.17.3,StopSig,76,4.10,nan,1,Right_no_left,Left,78,239,51,55872282,nan,nan,nan
8/22/2026 8:33:55,1.17.3,StopSig,76,4.11,nan,1,Right_no_left,Left,78,240,51,56008838,nan,nan,nan
8/22/2026 8:33:55,1.17.3,StopSig,76,4.11,nan,1,Right_no_left,Left,78,241,51,56013399,nan,nan,nan
8/22/2026 8:34:05,1.17.3,StopSig,76,4.11,nan,1,Right_no_left,Left,78,242,51,56013994,nan,nan,nan
8/22/2026 8:34:07,1.17.3,StopSig,76,4.10,nan,1,Right_no_left,Left,78,243,51,56023690,nan,nan,nan
8/22/2026 8:34:12,1.17.3,StopSig,76,4.11,nan,1,>Left_Regular_trial,Left,79,243,51,56030306,nan,nan,nan
8/22/2026 8:34:16,1.17.3,StopSig,76,4.11,nan,1,NoPoke_Regular_(incorrect),Left,79,243,51,56034285,nan,nan,nan
8/22/2026 8:35:34,1.17.3,StopSig,76,4.10,nan,1,>Left_Regular_trial,Left,80,243,51,56112823,nan,nan,nan
8/22/2026 8:35:38,1.17.3,StopSig,76,4.11,nan,1,NoPoke_Regular_(incorrect),Left,80,243,51,56116213,nan,nan,nan
8/22/2026 8:36:55,1.17.3,StopSig,76,4.10,nan,1,>Left_Regular_trial,Left,81,243,51,56193621,nan,nan,nan
8/22/2026 8:36:59,1.17.3,StopSig,76,4.10,nan,1,NoPoke_Regular_(incorrect),Left,81,243,51,56197297,nan,nan,nan
8/22/2026 8:39:52,1.17.3,StopSig,76,4.10,nan,1,>Left_Regular_trial,Left,82,243,51,56370506,nan,nan,nan
8/22/2026 8:39:56,1.17.3,StopSig,76,4.10,nan,1,NoPoke_Regular_(incorrect),Left,82,243,51,56374184,nan,nan,nan
8/22/2026 8:41:43,1.17.3,StopSig,76,4.10,nan,1,>Left_Regular_trial,Left,83,243,51,56481104,nan,nan,nan
8/22/2026 8:41:47,1.17.3,StopSig,76,4.10,nan,1,NoPoke_Regular_(incorrect),Left,83,243,51,56485219,nan,nan,nan
8/22/2026 8:42:37,1.17.3,StopSig,76,4.10,nan,1,>Left_Regular_trial,Left,84,243,51,56535689,nan,nan,nan
8/22/2026 8:42:41,1.17.3,StopSig,76,4.10,nan,1,Right_Regular_(correct),Left,84,244,51,56539071,nan,nan,nan
8/22/2026 8:42:42,1.17.3,StopSig,76,4.09,1,1,Pellet,Left,84,244,52,56539071,0.47,2595,nan
8/22/2026 8:43:17,1.17.3,StopSig,76,4.10,nan,1,Right_no_left,Left,84,245,52,56539071,nan,nan,nan
8/22/2026 8:43:18,1.17.3,StopSig,76,4.10,nan,1,Right_no_left,Left,84,246,52,56576025,nan,nan,nan
8/22/2026 8:43:21,1.17.3,StopSig,76,4.10,nan,1,>Left_Regular_trial,Left,85,246,52,56579410,nan,nan,nan
8/22/2026 8:43:23,1.17.3,StopSig,76,4.11,nan,1,Right_Regular_(correct),Left,85,247,52,56581766,nan,nan,nan
8/22/2026 8:43:24,1.17.3,StopSig,76,4.10,1,1,Pellet,Left,85,247,53,56581766,0.23,42,nan
8/22/2026 8:44:07,1.17.3,StopSig,76,4.10,nan,1,Right_no_left,Left,85,248,53,56581766,nan,nan,nan
8/22/2026 8:44:07,1.17.3,StopSig,76,4.10,nan,1,Right_no_left,Left,85,249,53,56625454,nan,nan,nan
8/22/2026 8:44:12,1.17.3,StopSig,76,4.10,nan,1,Right_no_left,Left,85,250,53,56626043,nan,nan,nan
8/22/2026 8:44:35,1.17.3,StopSig,76,4.10,nan,1,Right_no_left,Left,85,251,53,56630322,nan,nan,nan
8/22/2026 8:44:40,1.17.3,StopSig,76,4.10,nan,1,Right_no_left,Left,85,252,53,56653873,nan,nan,nan
8/22/2026 8:44:42,1.17.3,StopSig,76,4.10,nan,1,>Left_Regular_trial,Left,86,252,53,56660500,nan,nan,nan
8/22/2026 8:44:43,1.17.3,StopSig,76,4.10,nan,1,Right_Regular_(correct),Left,86,253,53,56661531,nan,nan,nan
8/22/2026 8:44:45,1.17.3,StopSig,76,4.10,1,1,Pellet,Left,86,253,54,56661531,1.19,81,nan
8/22/2026 8:47:39,1.17.3,StopSig,76,4.10,nan,1,>Left_Regular_trial,Left,87,253,54,56837154,nan,nan,nan
8/22/2026 8:47:43,1.17.3,StopSig,76,4.11,nan,1,NoPoke_Regular_(incorrect),Left,87,253,54,56841272,nan,nan,nan
8/22/2026 8:51:56,1.17.3,StopSig,76,4.10,nan,1,Right_no_left,Left,87,254,54,56841272,nan,nan,nan
8/22/2026 8:52:32,1.17.3,StopSig,76,4.11,nan,1,Right_no_left,Left,87,255,54,57094511,nan,nan,nan
8/22/2026 9:14:48,1.17.3,StopSig,76,4.10,nan,1,Right_no_left,Left,87,256,54,57130411,nan,nan,nan
8/22/2026 9:15:34,1.17.3,StopSig,76,4.09,nan,1,>Left_Regular_trial,Left,88,256,54,58512264,nan,nan,nan
8/22/2026 9:15:38,1.17.3,StopSig,76,4.10,nan,1,NoPoke_Regular_(incorrect),Left,88,256,54,58516385,nan,nan,nan
8/22/2026 9:16:09,1.17.3,StopSig,76,4.10,nan,1,>Left_Regular_trial,Left,89,256,54,58547449,nan,nan,nan
8/22/2026 9:16:11,1.17.3,StopSig,76,4.10,nan,1,Right_Regular_(correct),Left,89,257,54,58550098,nan,nan,nan
8/22/2026 9:16:15,1.17.3,StopSig,76,4.10,2,1,Pellet,Left,89,257,55,58550098,0.35,1890,nan
8/22/2026 9:16:53,1.17.3,StopSig,76,4.10,nan,1,>Left_Regular_trial,Left,90,257,55,58591518,nan,nan,nan
8/22/2026 9:16:54,1.17.3,StopSig,76,4.10,nan,1,Right_Regular_(correct),Left,90,258,55,58592695,nan,nan,nan
8/22/2026 9:16:54,1.17.3,StopSig,76,4.10,nan,1,RightDuringDispense,Left,90,259,55,58592695,nan,nan,0.07
8/22/2026 9:16:58,1.17.3,StopSig,76,4.10,3,1,Pellet,Left,90,259,56,58592695,0.06,43,nan
8/22/2026 9:17:46,1.17.3,StopSig,76,4.10,nan,1,Right_no_left,Left,90,260,56,58592695,nan,nan,nan
8/22/2026 10:34:54,1.17.3,StopSig,76,4.09,nan,1,Right_no_left,Left,90,261,56,58644367,nan,nan,nan
8/22/2026 10:34:57,1.17.3,StopSig,76,4.09,nan,1,Right_no_left,Left,90,262,56,63272779,nan,nan,nan
8/22/2026 10:35:00,1.17.3,StopSig,76,4.09,nan,1,>Left_Regular_trial,Left,91,262,56,63278678,nan,nan,nan
8/22/2026 10:35:02,1.17.3,StopSig,76,4.09,nan,1,Right_Regular_(correct),Left,91,263,56,63281031,nan,nan,nan
8/22/2026 10:35:03,1.17.3,StopSig,76,4.09,nan,1,RightDuringDispense,Left,91,264,56,63281031,nan,nan,0.05
8/22/2026 10:35:04,1.17.3,StopSig,76,4.09,2,1,Pellet,Left,91,264,57,63281031,0.06,4686,nan
8/22/2026 10:35:49,1.17.3,StopSig,76,4.09,nan,1,Right_no_left,Left,91,265,57,63281031,nan,nan,nan
8/22/2026 10:35:53,1.17.3,StopSig,76,4.09,nan,1,Right_no_left,Left,91,266,57,63328170,nan,nan,nan
8/22/2026 10:36:59,1.17.3,StopSig,76,4.09,nan,1,>Left_Regular_trial,Left,92,266,57,63397401,nan,nan,nan
8/22/2026 10:37:03,1.17.3,StopSig,76,4.09,nan,1,NoPoke_Regular_(incorrect),Left,92,266,57,63401519,nan,nan,nan
8/22/2026 11:20:45,1.17.3,StopSig,76,4.09,nan,1,>Left_Regular_trial,Left,93,266,57,66023522,nan,nan,nan
8/22/2026 11:20:46,1.17.3,StopSig,76,4.09,nan,1,Right_Regular_(correct),Left,93,267,57,66025432,nan,nan,nan
8/22/2026 11:20:47,1.17.3,StopSig,76,4.08,nan,1,RightDuringDispense,Left,93,268,57,66025432,nan,nan,0.02
8/22/2026 11:20:50,1.17.3,StopSig,76,4.09,3,1,Pellet,Left,93,268,58,66025432,0.17,2746,nan
8/22/2026 11:21:16,1.17.3,StopSig,76,4.09,nan,1,Right_no_left,Left,93,269,58,66025432,nan,nan,nan
8/22/2026 11:21:20,1.17.3,StopSig,76,4.09,nan,1,>Left_Regular_trial,Left,94,269,58,66059148,nan,nan,nan
8/22/2026 11:21:23,1.17.3,StopSig,76,4.09,nan,1,Right_Regular_(correct),Left,94,270,58,66061950,nan,nan,nan
8/22/2026 11:21:24,1.17.3,StopSig,76,4.09,1,1,Pellet,Left,94,270,59,66061950,0.41,34,nan
8/22/2026 11:21:53,1.17.3,StopSig,76,4.09,nan,1,>Left_Regular_trial,Left,95,270,59,66091633,nan,nan,nan
8/22/2026 11:21:56,1.17.3,StopSig,76,4.09,nan,1,Right_Regular_(correct),Left,95,271,59,66094716,nan,nan,nan
8/22/2026 11:21:56,1.17.3,StopSig,76,4.08,nan,1,RightDuringDispense,Left,95,272,59,66094716,nan,nan,0.11
8/22/2026 11:21:59,1.17.3,StopSig,76,4.09,2,1,Pellet,Left,95,272,60,66094716,0.17,35,nan
8/22/2026 11:22:28,1.17.3,StopSig,76,4.08,nan,1,Right_no_left,Left,95,273,60,66094716,nan,nan,nan
8/22/2026 11:22:30,1.17.3,StopSig,76,4.09,nan,1,Right_no_left,Left,95,274,60,66126767,nan,nan,nan
8/22/2026 11:22:32,1.17.3,StopSig,76,4.09,nan,1,>Left_Regular_trial,Left,96,274,60,66130881,nan,nan,nan
8/22/2026 11:22:33,1.17.3,StopSig,76,4.09,nan,1,Right_Regular_(correct),Left,96,275,60,66131910,nan,nan,nan
8/22/2026 11:22:34,1.17.3,StopSig,76,4.08,1,1,Pellet,Left,96,275,61,66131910,0.53,35,nan
8/22/2026 11:40:43,1.17.3,StopSig,76,4.09,nan,1,>Left_Stop_trial,Left,97,275,61,67221487,nan,nan,nan
8/22/2026 11:40:46,1.17.3,StopSig,76,4.08,nan,1,NoPoke_STOP_(correct),Left,97,275,61,67224740,nan,nan,nan
8/22/2026 11:40:48,1.17.3,StopSig,76,4.09,1,1,Pellet,Left,97,275,62,67224740,1.43,1094,nan
8/22/2026 17:28:10,1.17.3,StopSig,76,4.05,nan,1,>Left_Regular_trial,Left,98,275,62,88070226,nan,nan,nan
8/22/2026 17:28:14,1.17.3,StopSig,76,4.05,nan,1,NoPoke_Regular_(incorrect),Left,98,275,62,88073905,nan,nan,nan
8/22/2026 17:40:48,1.17.3,StopSig,76,4.05,nan,1,>Left_Regular_trial,Left,99,275,62,88827913,nan,nan,nan
8/22/2026 17:40:52,1.17.3,StopSig,76,4.05,nan,1,NoPoke_Regular_(incorrect),Left,99,275,62,88831885,nan,nan,nan
8/22/2026 17:43:17,1.17.3,StopSig,76,4.05,nan,1,>Left_Regular_trial,Left,100,275,62,88976578,nan,nan,nan
8/22/2026 17:43:20,1.17.3,StopSig,76,4.05,nan,1,NoPoke_Regular_(incorrect),Left,100,275,62,88979816,nan,nan,nan
8/22/2026 17:44:51,1.17.3,StopSig,76,4.05,nan,1,Right_no_left,Left,100,276,62,88979816,nan,nan,nan
8/22/2026 17:45:07,1.17.3,StopSig,76,4.05,nan,1,Right_no_left,Left,100,277,62,89071368,nan,nan,nan
8/22/2026 17:45:13,1.17.3,StopSig,76,4.05,nan,1,>Left_Stop_trial,Left,101,277,62,89092270,nan,nan,nan
8/22/2026 17:45:16,1.17.3,StopSig,76,4.05,nan,1,NoPoke_STOP_(correct),Left,101,277,62,89095823,nan,nan,nan
8/22/2026 17:45:19,1.17.3,StopSig,76,4.05,1,1,Pellet,Left,101,277,63,89095823,2.09,21870,nan
8/22/2026 17:46:37,1.17.3,StopSig,76,4.05,nan,1,Right_no_left,Left,101,278,63,89095823,nan,nan,nan
8/22/2026 17:46:37,1.17.3,StopSig,76,4.05,nan,1,Right_no_left,Left,101,279,63,89177185,nan,nan,nan
8/22/2026 17:46:46,1.17.3,StopSig,76,4.05,nan,1,Right_no_left,Left,101,280,63,89177490,nan,nan,nan
8/22/2026 17:55:42,1.17.3,StopSig,76,4.05,nan,1,Right_no_left,Left,101,281,63,89186759,nan,nan,nan
8/22/2026 17:55:42,1.17.3,StopSig,76,4.05,nan,1,Right_no_left,Left,101,282,63,89722116,nan,nan,nan
8/22/2026 17:56:14,1.17.3,StopSig,76,4.05,nan,1,>Left_Regular_trial,Left,102,282,63,89754088,nan,nan,nan
8/22/2026 17:56:18,1.17.3,StopSig,76,4.05,nan,1,NoPoke_Regular_(incorrect),Left,102,282,63,89757926,nan,nan,nan
8/22/2026 17:59:11,1.17.3,StopSig,76,4.05,nan,1,Right_no_left,Left,102,283,63,89757926,nan,nan,nan
8/22/2026 18:02:14,1.17.3,StopSig,76,4.05,nan,1,>Left_Regular_trial,Left,103,283,63,90114394,nan,nan,nan
8/22/2026 18:02:18,1.17.3,StopSig,76,4.05,nan,1,NoPoke_Regular_(incorrect),Left,103,283,63,90117934,nan,nan,nan
8/22/2026 18:18:06,1.17.3,StopSig,76,4.04,nan,1,Right_no_left,Left,103,284,63,90117934,nan,nan,nan
8/22/2026 18:21:30,1.17.3,StopSig,76,4.04,nan,1,Right_no_left,Left,103,285,63,91066441,nan,nan,nan
8/22/2026 18:22:09,1.17.3,StopSig,76,4.04,nan,1,Right_no_left,Left,103,286,63,91270746,nan,nan,nan
8/22/2026 18:34:21,1.17.3,StopSig,76,4.04,nan,1,Right_no_left,Left,103,287,63,91309550,nan,nan,nan
8/22/2026 18:38:18,1.17.3,StopSig,76,4.05,nan,1,Right_no_left,Left,103,288,63,92041312,nan,nan,nan
8/22/2026 18:38:19,1.17.3,StopSig,76,4.05,nan,1,Right_no_left,Left,103,289,63,92278010,nan,nan,nan
8/22/2026 18:38:22,1.17.3,StopSig,76,4.05,nan,1,Right_no_left,Left,103,290,63,92279789,nan,nan,nan
8/22/2026 18:38:34,1.17.3,StopSig,76,4.05,nan,1,>Left_Regular_trial,Left,104,290,63,92293816,nan,nan,nan
8/22/2026 18:38:37,1.17.3,StopSig,76,4.04,nan,1,Right_Regular_(correct),Left,104,291,63,92297064,nan,nan,nan
8/22/2026 18:38:38,1.17.3,StopSig,76,4.04,1,1,Pellet,Left,104,291,64,92297064,0.59,3200,nan
8/22/2026 18:51:09,1.17.3,StopSig,76,4.04,nan,1,>Left_Regular_trial,Left,105,291,64,93049073,nan,nan,nan
8/22/2026 18:51:13,1.17.3,StopSig,76,4.04,nan,1,NoPoke_Regular_(incorrect),Left,105,291,64,93053058,nan,nan,nan
8/22/2026 18:55:14,1.17.3,StopSig,76,4.04,nan,1,Right_no_left,Left,105,292,64,93053058,nan,nan,nan
8/22/2026 19:03:20,1.17.3,StopSig,76,4.03,nan,1,>Left_Regular_trial,Left,106,292,64,93779996,nan,nan,nan
8/22/2026 19:03:24,1.17.3,StopSig,76,4.04,nan,1,NoPoke_Regular_(incorrect),Left,106,292,64,93784128,nan,nan,nan
8/22/2026 19:12:56,1.17.3,StopSig,76,4.04,nan,1,Right_no_left,Left,106,293,64,93784128,nan,nan,nan
8/22/2026 19:21:35,1.17.3,StopSig,76,4.04,nan,1,Right_no_left,Left,106,294,64,94356598,nan,nan,nan
8/22/2026 19:21:38,1.17.3,StopSig,76,4.03,nan,1,>Left_Regular_trial,Left,107,294,64,94878611,nan,nan,nan
8/22/2026 19:21:42,1.17.3,StopSig,76,4.03,nan,1,NoPoke_Regular_(incorrect),Left,107,294,64,94882147,nan,nan,nan
8/22/2026 19:22:31,1.17.3,StopSig,76,4.03,nan,1,>Left_Stop_trial,Left,108,294,64,94931342,nan,nan,nan
8/22/2026 19:22:35,1.17.3,StopSig,76,4.04,nan,1,NoPoke_STOP_(correct),Left,108,294,64,94935201,nan,nan,nan
8/22/2026 19:22:38,1.17.3,StopSig,76,4.03,1,1,Pellet,Left,108,294,65,94935201,2.45,2640,nan
8/22/2026 19:23:44,1.17.3,StopSig,76,4.04,nan,1,Right_no_left,Left,108,295,65,94935201,nan,nan,nan
8/22/2026 19:23:46,1.17.3,StopSig,76,4.04,nan,1,>Left_Regular_trial,Left,109,295,65,95006360,nan,nan,nan
8/22/2026 19:23:50,1.17.3,StopSig,76,4.04,nan,1,NoPoke_Regular_(incorrect),Left,109,295,65,95010197,nan,nan,nan
8/22/2026 19:48:10,1.17.3,StopSig,76,4.03,nan,1,Right_no_left,Left,109,296,65,95010197,nan,nan,nan
8/22/2026 19:57:47,1.17.3,StopSig,76,4.03,nan,1,Right_no_left,Left,109,297,65,96470484,nan,nan,nan
8/22/2026 20:28:17,1.17.3,StopSig,76,4.03,nan,1,Right_no_left,Left,109,298,65,97048074,nan,nan,nan
8/22/2026 20:44:05,1.17.3,StopSig,76,4.03,nan,1,>Left_Regular_trial,Left,110,298,65,99825126,nan,nan,nan
8/22/2026 20:44:08,1.17.3,StopSig,76,4.03,nan,1,NoPoke_Regular_(incorrect),Left,110,298,65,99828372,nan,nan,nan
8/22/2026 20:52:38,1.17.3,StopSig,76,4.03,nan,1,Right_no_left,Left,110,299,65,99828372,nan,nan,nan
8/22/2026 20:53:03,1.17.3,StopSig,76,4.03,nan,1,Right_no_left,Left,110,300,65,100339254,nan,nan,nan
8/22/2026 21:06:20,1.17.3,StopSig,76,4.03,nan,1,Right_no_left,Left,110,301,65,100363608,nan,nan,nan
8/22/2026 21:20:46,1.17.3,StopSig,76,4.03,nan,1,Right_no_left,Left,110,302,65,101161334,nan,nan,nan
8/22/2026 21:20:47,1.17.3,StopSig,76,4.03,nan,1,Right_no_left,Left,110,303,65,102027177,nan,nan,nan
8/22/2026 21:31:42,1.17.3,StopSig,76,4.02,nan,1,>Left_Regular_trial,Left,111,303,65,102682372,nan,nan,nan
8/22/2026 21:31:46,1.17.3,StopSig,76,4.03,nan,1,NoPoke_Regular_(incorrect),Left,111,303,65,102686648,nan,nan,nan
8/22/2026 21:41:41,1.17.3,StopSig,76,4.03,nan,1,>Left_Stop_trial,Left,112,303,65,103281626,nan,nan,nan
8/22/2026 21:41:45,1.17.3,StopSig,76,4.03,nan,1,NoPoke_STOP_(correct),Left,112,303,65,103285627,nan,nan,nan
8/22/2026 21:41:47,1.17.3,StopSig,76,4.02,1,1,Pellet,Left,112,303,66,103285627,1.97,8349,nan
8/22/2026 21:45:42,1.17.3,StopSig,76,4.03,nan,1,>Left_Regular_trial,Left,113,303,66,103522679,nan,nan,nan
8/22/2026 21:45:46,1.17.3,StopSig,76,4.02,nan,1,NoPoke_Regular_(incorrect),Left,113,303,66,103526660,nan,nan,nan
8/22/2026 22:00:09,1.17.3,StopSig,76,4.02,nan,1,>Left_Regular_trial,Left,114,303,66,104389662,nan,nan,nan
8/22/2026 22:00:13,1.17.3,StopSig,76,4.02,nan,1,NoPoke_Regular_(incorrect),Left,114,303,66,104393646,nan,nan,nan
8/22/2026 22:01:16,1.17.3,StopSig,76,4.02,nan,1,>Left_Regular_trial,Left,115,303,66,104456859,nan,nan,nan
8/22/2026 22:01:20,1.17.3,StopSig,76,4.02,nan,1,NoPoke_Regular_(incorrect),Left,115,303,66,104460700,nan,nan,nan
8/22/2026 22:16:53,1.17.3,StopSig,76,4.02,nan,1,>Left_Stop_trial,Left,116,303,66,105393641,nan,nan,nan
8/22/2026 22:16:57,1.17.3,StopSig,76,4.02,nan,1,NoPoke_STOP_(correct),Left,116,303,66,105397647,nan,nan,nan
8/22/2026 22:16:59,1.17.3,StopSig,76,4.02,1,1,Pellet,Left,116,303,67,105397647,1.07,2111,nan
8/22/2026 22:19:01,1.17.3,StopSig,76,4.02,nan,1,>Left_Regular_trial,Left,117,303,67,105521390,nan,nan,nan
8/22/2026 22:19:04,1.17.3,StopSig,76,4.02,nan,1,NoPoke_Regular_(incorrect),Left,117,303,67,105524785,nan,nan,nan
8/22/2026 22:26:45,1.17.3,StopSig,76,4.03,nan,1,>Left_Regular_trial,Left,118,303,67,105985864,nan,nan,nan
8/22/2026 22:26:46,1.17.3,StopSig,76,4.02,nan,1,Right_Regular_(correct),Left,118,304,67,105986897,nan,nan,nan
8/22/2026 22:26:47,1.17.3,StopSig,76,4.03,1,1,Pellet,Left,118,304,68,105986897,0.77,589,nan
8/22/2026 22:42:44,1.17.3,StopSig,76,4.02,nan,1,Right_no_left,Left,118,305,68,105986897,nan,nan,nan
8/22/2026 22:50:56,1.17.3,StopSig,76,4.02,nan,1,>Left_Stop_trial,Left,119,305,68,107436863,nan,nan,nan
8/22/2026 22:51:00,1.17.3,StopSig,76,4.02,nan,1,NoPoke_STOP_(correct),Left,119,305,68,107440871,nan,nan,nan
8/22/2026 22:51:05,1.17.3,StopSig,76,4.02,2,1,Pellet,Left,119,305,69,107440871,2.33,1458,nan
8/22/2026 22:55:11,1.17.3,StopSig,76,4.02,nan,1,>Left_Regular_trial,Left,120,305,69,107692359,nan,nan,nan
8/22/2026 22:55:15,1.17.3,StopSig,76,4.02,nan,1,NoPoke_Regular_(incorrect),Left,120,305,69,107695904,nan,nan,nan
8/22/2026 22:59:07,1.17.3,StopSig,76,4.02,nan,1,>Left_Regular_trial,Left,121,305,69,107928448,nan,nan,nan
8/22/2026 22:59:09,1.17.3,StopSig,76,4.02,nan,1,Right_Regular_(correct),Left,121,306,69,107929924,nan,nan,nan
8/22/2026 22:59:10,1.17.3,StopSig,76,4.02,1,1,Pellet,Left,121,306,70,107929924,0.77,485,nan
8/22/2026 23:18:27,1.17.3,StopSig,76,4.02,nan,1,>Left_Regular_trial,Left,122,306,70,109088189,nan,nan,nan
8/22/2026 23:18:31,1.17.3,StopSig,76,4.02,nan,1,Right_Regular_(correct),Left,122,307,70,109091730,nan,nan,nan
8/22/2026 23:18:32,1.17.3,StopSig,76,4.02,2,1,Pellet,Left,122,307,71,109091730,0.41,1162,nan
8/22/2026 23:30:11,1.17.3,StopSig,76,4.02,nan,1,Right_no_left,Left,122,308,71,109091730,nan,nan,nan
8/22/2026 23:36:15,1.17.3,StopSig,76,4.02,nan,1,Right_no_left,Left,122,309,71,109792526,nan,nan,nan
8/22/2026 23:36:25,1.17.3,StopSig,76,4.02,nan,1,>Left_Regular_trial,Left,123,309,71,110165977,nan,nan,nan
8/22/2026 23:36:29,1.17.3,StopSig,76,4.02,nan,1,NoPoke_Regular_(incorrect),Left,123,309,71,110169960,nan,nan,nan
8/22/2026 23:39:12,1.17.3,StopSig,76,4.02,nan,1,>Left_Regular_trial,Left,124,309,71,110333442,nan,nan,nan
8/22/2026 23:39:13,1.17.3,StopSig,76,4.02,nan,1,Right_Regular_(correct),Left,124,310,71,110334474,nan,nan,nan
8/22/2026 23:39:18,1.17.3,StopSig,76,4.02,2,1,Pellet,Left,124,310,72,110334474,1.43,1245,nan
8/22/2026 23:39:39,1.17.3,StopSig,76,4.02,nan,1,>Left_Regular_trial,Left,125,310,72,110359968,nan,nan,nan
8/22/2026 23:39:43,1.17.3,StopSig,76,4.02,nan,1,NoPoke_Regular_(incorrect),Left,125,310,72,110363968,nan,nan,nan
8/22/2026 23:58:11,1.17.3,StopSig,76,4.02,nan,1,Right_no_left,Left,125,311,72,110363968,nan,nan,nan
8/22/2026 23:58:33,1.17.3,StopSig,76,4.02,nan,1,Right_no_left,Left,125,312,72,111472078,nan,nan,nan
8/23/2026 0:11:15,1.17.3,StopSig,76,4.02,nan,1,Right_no_left,Left,125,313,72,111494632,nan,nan,nan
8/23/2026 0:17:02,1.17.3,StopSig,76,4.02,nan,1,Right_no_left,Left,125,314,72,112256678,nan,nan,nan
8/23/2026 0:17:06,1.17.3,StopSig,76,4.02,nan,1,Right_no_left,Left,125,315,72,112603070,nan,nan,nan
8/23/2026 0:17:09,1.17.3,StopSig,76,4.01,nan,1,Right_no_left,Left,125,316,72,112607929,nan,nan,nan
8/23/2026 0:17:09,1.17.3,StopSig,76,4.01,nan,1,Right_no_left,Left,125,317,72,112610138,nan,nan,nan
8/23/2026 0:29:56,1.17.3,StopSig,76,4.02,nan,1,Right_no_left,Left,125,318,72,112610433,nan,nan,nan
8/23/2026 0:31:27,1.17.3,StopSig,76,4.01,nan,1,Right_no_left,Left,125,319,72,113377971,nan,nan,nan
8/23/2026 0:34:22,1.17.3,StopSig,76,4.01,nan,1,Right_no_left,Left,125,320,72,113468826,nan,nan,nan
8/23/2026 0:34:23,1.17.3,StopSig,76,4.01,nan,1,Right_no_left,Left,125,321,72,113643553,nan,nan,nan
8/23/2026 1:07:12,1.17.3,StopSig,76,4.00,nan,1,Right_no_left,Left,125,322,72,113644290,nan,nan,nan
8/23/2026 2:23:37,1.17.3,StopSig,76,4.00,nan,1,Right_no_left,Left,125,323,72,115613585,nan,nan,nan
8/23/2026 2:29:25,1.17.3,StopSig,76,4.00,nan,1,>Left_Regular_trial,Left,126,323,72,120547007,nan,nan,nan
8/23/2026 2:29:29,1.17.3,StopSig,76,4.00,nan,1,NoPoke_Regular_(incorrect),Left,126,323,72,120550556,nan,nan,nan
8/23/2026 2:40:33,1.17.3,StopSig,76,4.00,nan,1,Right_no_left,Left,126,324,72,120550556,nan,nan,nan
8/23/2026 2:40:37,1.17.3,StopSig,76,4.00,nan,1,Right_no_left,Left,126,325,72,121215398,nan,nan,nan
8/23/2026 2:48:22,1.17.3,StopSig,76,4.00,nan,1,Right_no_left,Left,126,326,72,121218644,nan,nan,nan
8/23/2026 2:52:23,1.17.3,StopSig,76,3.99,nan,1,Right_no_left,Left,126,327,72,121684334,nan,nan,nan
8/23/2026 2:52:27,1.17.3,StopSig,76,4.00,nan,1,Right_no_left,Left,126,328,72,121925249,nan,nan,nan
8/23/2026 4:25:44,1.17.3,StopSig,76,3.99,nan,1,Right_no_left,Left,126,329,72,121928938,nan,nan,nan
8/23/2026 4:25:48,1.17.3,StopSig,76,3.98,nan,1,Right_no_left,Left,126,330,72,127526430,nan,nan,nan
8/23/2026 4:25:52,1.17.3,StopSig,76,3.99,nan,1,>Left_Stop_trial,Left,127,330,72,127533661,nan,nan,nan
8/23/2026 4:25:56,1.17.3,StopSig,76,3.99,nan,1,NoPoke_STOP_(correct),Left,127,330,72,127537814,nan,nan,nan
8/23/2026 4:25:58,1.17.3,StopSig,76,3.99,1,1,Pellet,Left,127,330,73,127537814,1.55,17201,nan
8/23/2026 4:29:11,1.17.3,StopSig,76,3.99,nan,1,Right_no_left,Left,127,331,73,127537814,nan,nan,nan
8/23/2026 4:33:39,1.17.3,StopSig,76,3.99,nan,1,Right_no_left,Left,127,332,73,127733505,nan,nan,nan
8/23/2026 4:34:10,1.17.3,StopSig,76,3.99,nan,1,Right_no_left,Left,127,333,73,128001042,nan,nan,nan
8/23/2026 4:35:09,1.17.3,StopSig,76,3.99,nan,1,>Left_Regular_trial,Left,128,333,73,128091416,nan,nan,nan
8/23/2026 4:35:13,1.17.3,StopSig,76,3.98,nan,1,NoPoke_Regular_(incorrect),Left,128,333,73,128094957,nan,nan,nan
8/23/2026 4:52:15,1.17.3,StopSig,76,3.98,nan,1,Right_no_left,Left,128,334,73,128094957,nan,nan,nan
8/23/2026 4:52:18,1.17.3,StopSig,76,3.99,nan,1,>Left_Regular_trial,Left,129,334,73,129120061,nan,nan,nan
8/23/2026 4:52:19,1.17.3,StopSig,76,3.98,nan,1,Right_Regular_(correct),Left,129,335,73,129121536,nan,nan,nan
8/23/2026 4:52:21,1.17.3,StopSig,76,3.98,1,1,Pellet,Left,129,335,74,129121536,1.13,1583,nan
8/23/2026 4:52:54,1.17.3,StopSig,76,3.98,nan,1,Right_no_left,Left,129,336,74,129121536,nan,nan,nan
8/23/2026 4:53:03,1.17.3,StopSig,76,3.98,nan,1,Right_no_left,Left,129,337,74,129156804,nan,nan,nan
8/23/2026 4:53:15,1.17.3,StopSig,76,3.99,nan,1,>Left_Regular_trial,Left,130,337,74,129177008,nan,nan,nan
8/23/2026 4:53:19,1.17.3,StopSig,76,3.98,nan,1,NoPoke_Regular_(incorrect),Left,130,337,74,129180988,nan,nan,nan
8/23/2026 5:06:52,1.17.3,StopSig,76,3.98,nan,1,Right_no_left,Left,130,338,74,129180988,nan,nan,nan
8/23/2026 5:09:25,1.17.3,StopSig,76,3.98,nan,1,Right_no_left,Left,130,339,74,129994049,nan,nan,nan
8/23/2026 5:10:48,1.17.3,StopSig,76,3.98,nan,1,Right_no_left,Left,130,340,74,130147671,nan,nan,nan
8/23/2026 5:10:53,1.17.3,StopSig,76,3.98,nan,1,>Left_Regular_trial,Left,131,340,74,130235414,nan,nan,nan
8/23/2026 5:10:57,1.17.3,StopSig,76,3.98,nan,1,NoPoke_Regular_(incorrect),Left,131,340,74,130238959,nan,nan,nan
8/23/2026 5:12:10,1.17.3,StopSig,76,3.98,nan,1,Right_no_left,Left,131,341,74,130238959,nan,nan,nan
8/23/2026 5:30:27,1.17.3,StopSig,76,3.98,nan,1,Right_no_left,Left,131,342,74,130312114,nan,nan,nan
8/23/2026 5:30:27,1.17.3,StopSig,76,3.98,nan,1,Right_no_left,Left,131,343,74,131409183,nan,nan,nan
8/23/2026 5:30:27,1.17.3,StopSig,76,3.98,nan,1,Right_no_left,Left,131,344,74,131409478,nan,nan,nan
8/23/2026 5:30:28,1.17.3,StopSig,76,3.98,nan,1,Right_no_left,Left,131,345,74,131409772,nan,nan,nan
8/23/2026 5:31:35,1.17.3,StopSig,76,3.98,nan,1,Right_no_left,Left,131,346,74,131410362,nan,nan,nan
8/23/2026 5:31:42,1.17.3,StopSig,76,3.98,nan,1,Right_no_left,Left,131,347,74,131477689,nan,nan,nan
8/23/2026 8:21:31,1.17.3,StopSig,76,3.97,nan,1,Right_no_left,Left,131,348,74,131484611,nan,nan,nan
8/23/2026 8:37:19,1.17.3,StopSig,76,3.97,nan,1,>Left_Regular_trial,Left,132,348,74,142621522,nan,nan,nan
8/23/2026 8:37:23,1.17.3,StopSig,76,3.96,nan,1,NoPoke_Regular_(incorrect),Left,132,348,74,142625652,nan,nan,nan
8/23/2026 9:36:45,1.17.3,StopSig,76,3.96,nan,1,Right_no_left,Left,132,349,74,142625652,nan,nan,nan
8/23/2026 9:43:11,1.17.3,StopSig,76,3.96,nan,1,Right_no_left,Left,132,350,74,146188058,nan,nan,nan
8/23/2026 9:45:59,1.17.3,StopSig,76,3.96,nan,1,>Left_Stop_trial,Left,133,350,74,146741207,nan,nan,nan
8/23/2026 9:46:02,1.17.3,StopSig,76,3.96,nan,1,NoPoke_STOP_(correct),Left,133,350,74,146744918,nan,nan,nan
8/23/2026 9:46:05,1.17.3,StopSig,76,3.96,1,1,Pellet,Left,133,350,75,146744918,2.27,17624,nan
8/23/2026 9:50:05,1.17.3,StopSig,76,3.96,nan,1,>Left_Stop_trial,Left,134,350,75,146987210,nan,nan,nan
8/23/2026 9:50:08,1.17.3,StopSig,76,3.96,nan,1,NoPoke_STOP_(correct),Left,134,350,75,146990928,nan,nan,nan
8/23/2026 9:50:10,1.17.3,StopSig,76,3.96,1,1,Pellet,Left,134,350,76,146990928,1.49,245,nan
8/23/2026 9:51:08,1.17.3,StopSig,76,3.96,nan,1,Right_no_left,Left,134,351,76,146990928,nan,nan,nan
8/23/2026 9:51:10,1.17.3,StopSig,76,3.95,nan,1,Right_no_left,Left,134,352,76,147051140,nan,nan,nan
8/23/2026 9:53:11,1.17.3,StopSig,76,3.96,nan,1,Right_no_left,Left,134,353,76,147053056,nan,nan,nan
8/23/2026 9:59:44,1.17.3,StopSig,76,3.96,nan,1,Right_no_left,Left,134,354,76,147174474,nan,nan,nan
8/23/2026 9:59:59,1.17.3,StopSig,76,3.96,nan,1,Right_no_left,Left,134,355,76,147567300,nan,nan,nan
8/23/2026 10:36:33,1.17.3,StopSig,76,3.96,nan,1,>Left_Stop_trial,Left,135,355,76,149775587,nan,nan,nan
8/23/2026 10:36:36,1.17.3,StopSig,76,3.96,nan,1,NoPoke_STOP_(correct),Left,135,355,76,149779003,nan,nan,nan
8/23/2026 10:36:45,1.17.3,StopSig,76,3.96,1,1,Pellet,Left,135,355,77,149779003,8.09,2795,nan
8/23/2026 10:37:24,1.17.3,StopSig,76,3.95,nan,1,>Left_Stop_trial,Left,136,355,77,149826366,nan,nan,nan
8/23/2026 10:37:27,1.17.3,StopSig,76,3.96,nan,1,NoPoke_STOP_(correct),Left,136,355,77,149830086,nan,nan,nan
8/23/2026 10:37:30,1.17.3,StopSig,76,3.96,1,1,Pellet,Left,136,355,78,149830086,2.69,45,nan
8/23/2026 10:38:11,1.17.3,StopSig,76,3.96,nan,1,>Left_Stop_trial,Left,137,355,78,149873746,nan,nan,nan
8/23/2026 10:38:14,1.17.3,StopSig,76,3.96,nan,1,NoPoke_STOP_(correct),Left,137,355,78,149877014,nan,nan,nan
8/23/2026 10:38:17,1.17.3,StopSig,76,3.96,1,1,Pellet,Left,137,355,79,149877014,2.75,47,nan
8/23/2026 11:21:54,1.17.3,StopSig,76,3.95,nan,1,Right_no_left,Left,137,356,79,149877014,nan,nan,nan
8/23/2026 11:24:08,1.17.3,StopSig,76,3.95,nan,1,Right_no_left,Left,137,357,79,152497755,nan,nan,nan
8/23/2026 12:28:12,1.17.3,StopSig,76,3.94,nan,1,Right_no_left,Left,137,358,79,152631813,nan,nan,nan
8/23/2026 12:28:15,1.17.3,StopSig,76,3.94,nan,1,Right_no_left,Left,137,359,79,156475573,nan,nan,nan
8/23/2026 12:28:16,1.17.3,StopSig,76,3.94,nan,1,Right_no_left,Left,137,360,79,156478378,nan,nan,nan
8/23/2026 12:53:03,1.17.3,StopSig,76,3.94,nan,1,Right_no_left,Left,137,361,79,156479860,nan,nan,nan
8/23/2026 14:54:50,1.17.3,StopSig,76,3.93,nan,1,Right_no_left,Left,137,362,79,157967117,nan,nan,nan
8/23/2026 14:54:53,1.17.3,StopSig,76,3.94,nan,1,>Left_Stop_trial,Left,138,362,79,165276396,nan,nan,nan
8/23/2026 14:54:56,1.17.3,StopSig,76,3.93,nan,1,NoPoke_STOP_(correct),Left,138,362,79,165279816,nan,nan,nan
8/23/2026 14:55:01,1.17.3,StopSig,76,3.94,2,1,Pellet,Left,138,362,80,165279816,4.19,15404,nan
8/23/2026 14:55:27,1.17.3,StopSig,76,3.93,nan,1,>Left_Stop_trial,Left,139,362,80,165310882,nan,nan,nan
8/23/2026 14:55:31,1.17.3,StopSig,76,3.93,nan,1,NoPoke_STOP_(correct),Left,139,362,80,165314895,nan,nan,nan
8/23/2026 14:55:42,1.17.3,StopSig,76,3.93,1,1,Pellet,Left,139,362,81,165314895,10.25,41,nan
8/23/2026 14:57:33,1.17.3,StopSig,76,3.93,nan,1,>Left_Regular_trial,Left,140,362,81,165436441,nan,nan,nan
8/23/2026 14:57:36,1.17.3,StopSig,76,3.93,nan,1,NoPoke_Regular_(incorrect),Left,140,362,81,165439835,nan,nan,nan
8/23/2026 15:41:20,1.17.3,StopSig,76,3.93,nan,1,>Left_Stop_trial,Left,141,362,81,168064248,nan,nan,nan
8/23/2026 15:41:24,1.17.3,StopSig,76,3.93,nan,1,NoPoke_STOP_(correct),Left,141,362,81,168067956,nan,nan,nan
8/23/2026 15:41:30,1.17.3,StopSig,76,3.93,1,1,Pellet,Left,141,362,82,168067956,5.39,2748,nan
8/23/2026 16:13:36,1.17.3,StopSig,76,3.93,nan,1,>Left_Regular_trial,Left,142,362,82,169999723,nan,nan,nan
8/23/2026 16:13:38,1.17.3,StopSig,76,3.93,nan,1,Right_Regular_(correct),Left,142,363,82,170001938,nan,nan,nan
8/23/2026 16:13:38,1.17.3,StopSig,76,3.93,nan,1,RightDuringDispense,Left,142,364,82,170001938,nan,nan,0.13
8/23/2026 16:13:41,1.17.3,StopSig,76,3.93,2,1,Pellet,Left,142,364,83,170001938,0.17,1931,nan
8/23/2026 16:14:14,1.17.3,StopSig,76,3.93,nan,1,>Left_Regular_trial,Left,143,364,83,170038196,nan,nan,nan
8/23/2026 16:14:16,1.17.3,StopSig,76,3.93,nan,1,Right_Regular_(correct),Left,143,365,83,170039820,nan,nan,nan
8/23/2026 16:14:16,1.17.3,StopSig,76,3.93,1,1,Pellet,Left,143,365,84,170039820,0.29,35,nan
8/23/2026 16:14:35,1.17.3,StopSig,76,3.93,nan,1,>Left_Stop_trial,Left,144,365,84,170058494,nan,nan,nan
8/23/2026 16:14:38,1.17.3,StopSig,76,3.93,nan,1,NoPoke_STOP_(correct),Left,144,365,84,170062059,nan,nan,nan
8/23/2026 16:14:42,1.17.3,StopSig,76,3.93,2,1,Pellet,Left,144,365,85,170062059,1.31,26,nan
8/23/2026 16:15:00,1.17.3,StopSig,76,3.93,nan,1,Right_no_left,Left,144,366,85,170062059,nan,nan,nan
8/23/2026 16:15:01,1.17.3,StopSig,76,3.93,nan,1,Right_no_left,Left,144,367,85,170084349,nan,nan,nan
8/23/2026 16:15:03,1.17.3,StopSig,76,3.93,nan,1,>Left_Regular_trial,Left,145,367,85,170087449,nan,nan,nan
8/23/2026 16:15:05,1.17.3,StopSig,76,3.93,nan,1,Right_Regular_(correct),Left,145,368,85,170089664,nan,nan,nan
8/23/2026 16:15:11,1.17.3,StopSig,76,3.93,3,1,Pellet,Left,145,368,86,170089664,0.83,29,nan
8/23/2026 16:15:28,1.17.3,StopSig,76,3.93,nan,1,>Left_Regular_trial,Left,146,368,86,170111743,nan,nan,nan
8/23/2026 16:15:30,1.17.3,StopSig,76,3.93,nan,1,Right_Regular_(correct),Left,146,369,86,170114114,nan,nan,nan
8/23/2026 16:15:30,1.17.3,StopSig,76,3.93,nan,1,RightDuringDispense,Left,146,370,86,170114114,nan,nan,0.02
8/23/2026 16:15:33,1.17.3,StopSig,76,3.93,3,1,Pellet,Left,146,370,87,170114114,0.06,22,nan
8/23/2026 16:15:50,1.17.3,StopSig,76,3.93,nan,1,>Left_Regular_trial,Left,147,370,87,170134522,nan,nan,nan
8/23/2026 16:15:54,1.17.3,StopSig,76,3.93,nan,1,NoPoke_Regular_(incorrect),Left,147,370,87,170138062,nan,nan,nan
8/23/2026 16:16:31,1.17.3,StopSig,76,3.93,nan,1,>Left_Regular_trial,Left,148,370,87,170175029,nan,nan,nan
8/23/2026 16:16:35,1.17.3,StopSig,76,3.93,nan,1,NoPoke_Regular_(incorrect),Left,148,370,87,170179015,nan,nan,nan
8/23/2026 16:35:40,1.17.3,StopSig,76,3.93,nan,1,>Left_Stop_trial,Left,149,370,87,171323597,nan,nan,nan
8/23/2026 16:35:43,1.17.3,StopSig,76,3.93,nan,1,NoPoke_STOP_(correct),Left,149,370,87,171327164,nan,nan,nan
8/23/2026 16:35:46,1.17.3,StopSig,76,3.93,1,1,Pellet,Left,149,370,88,171327164,2.39,1213,nan
8/23/2026 16:36:07,1.17.3,StopSig,76,3.93,nan,1,Right_no_left,Left,149,371,88,171327164,nan,nan,nan
8/23/2026 16:36:07,1.17.3,StopSig,76,3.93,nan,1,Right_no_left,Left,149,372,88,171351528,nan,nan,nan
8/23/2026 16:39:42,1.17.3,StopSig,76,3.93,nan,1,>Left_Regular_trial,Left,150,372,88,171566557,nan,nan,nan
8/23/2026 16:39:44,1.17.3,StopSig,76,3.93,nan,1,Right_Regular_(correct),Left,150,373,88,171568627,nan,nan,nan
8/23/2026 16:39:46,1.17.3,StopSig,76,3.93,1,1,Pellet,Left,150,373,89,171568627,0.83,240,nan
8/23/2026 16:40:52,1.17.3,StopSig,76,3.93,nan,1,Right_no_left,Left,150,374,89,171568627,nan,nan,nan
8/23/2026 16:40:53,1.17.3,StopSig,76,3.93,nan,1,Right_no_left,Left,150,375,89,171636407,nan,nan,nan
8/23/2026 16:40:57,1.17.3,StopSig,76,3.93,nan,1,Right_no_left,Left,150,376,89,171637883,nan,nan,nan
8/23/2026 16:46:44,1.17.3,StopSig,76,3.93,nan,1,Right_no_left,Left,150,377,89,171641281,nan,nan,nan
8/23/2026 16:47:00,1.17.3,StopSig,76,3.93,nan,1,>Left_Stop_trial,Left,151,377,89,172003858,nan,nan,nan
8/23/2026 16:47:03,1.17.3,StopSig,76,3.93,nan,1,NoPoke_STOP_(correct),Left,151,377,89,172007133,nan,nan,nan
8/23/2026 16:47:05,1.17.3,StopSig,76,3.93,1,1,Pellet,Left,151,377,90,172007133,1.07,439,nan
8/23/2026 16:47:54,1.17.3,StopSig,76,3.93,nan,1,Right_no_left,Left,151,378,90,172007133,nan,nan,nan
8/23/2026 16:57:18,1.17.3,StopSig,76,3.93,nan,1,Right_no_left,Left,151,379,90,172058975,nan,nan,nan
8/23/2026 16:57:30,1.17.3,StopSig,76,3.93,nan,1,>Left_Stop_trial,Left,152,379,90,172633939,nan,nan,nan
8/23/2026 16:57:33,1.17.3,StopSig,76,3.92,nan,1,NoPoke_STOP_(correct),Left,152,379,90,172637217,nan,nan,nan
8/23/2026 16:57:36,1.17.3,StopSig,76,3.92,2,1,Pellet,Left,152,379,91,172637217,0.59,631,nan
8/23/2026 16:57:57,1.17.3,StopSig,76,3.93,nan,1,>Left_Regular_trial,Left,153,379,91,172661414,nan,nan,nan
8/23/2026 16:58:01,1.17.3,StopSig,76,3.92,nan,1,NoPoke_Regular_(incorrect),Left,153,379,91,172665251,nan,nan,nan
8/23/2026 17:06:03,1.17.3,StopSig,76,3.92,nan,1,>Left_Regular_trial,Left,154,379,91,173147337,nan,nan,nan
8/23/2026 17:06:07,1.17.3,StopSig,76,3.93,nan,1,NoPoke_Regular_(incorrect),Left,154,379,91,173151179,nan,nan,nan
8/23/2026 17:42:49,1.17.3,StopSig,76,3.92,nan,1,Right_no_left,Left,154,380,91,173151179,nan,nan,nan
8/23/2026 17:42:53,1.17.3,StopSig,76,3.92,nan,1,Right_no_left,Left,154,381,91,175353518,nan,nan,nan
8/23/2026 17:42:56,1.17.3,StopSig,76,3.92,nan,1,>Left_Regular_trial,Left,155,381,91,175360009,nan,nan,nan
8/23/2026 17:42:57,1.17.3,StopSig,76,3.91,nan,1,Right_Regular_(correct),Left,155,382,91,175361199,nan,nan,nan
8/23/2026 17:42:58,1.17.3,StopSig,76,3.92,1,1,Pellet,Left,155,382,92,175361199,0.41,2722,nan
8/23/2026 17:43:26,1.17.3,StopSig,76,3.91,nan,1,Right_no_left,Left,155,383,92,175361199,nan,nan,nan
8/23/2026 17:43:31,1.17.3,StopSig,76,3.92,nan,1,>Left_Regular_trial,Left,156,383,92,175394965,nan,nan,nan
8/23/2026 17:43:33,1.17.3,StopSig,76,3.92,nan,1,Right_Regular_(correct),Left,156,384,92,175397329,nan,nan,nan
8/23/2026 17:43:36,1.17.3,StopSig,76,3.92,3,1,Pellet,Left,156,384,93,175397329,0.06,38,nan
8/23/2026 17:43:54,1.17.3,StopSig,76,3.92,nan,1,>Left_Stop_trial,Left,157,384,93,175417670,nan,nan,nan
8/23/2026 17:43:57,1.17.3,StopSig,76,3.92,nan,1,NoPoke_STOP_(correct),Left,157,384,93,175421235,nan,nan,nan
8/23/2026 17:43:59,1.17.3,StopSig,76,3.91,1,1,Pellet,Left,157,384,94,175421235,1.97,23,nan
8/23/2026 17:44:28,1.17.3,StopSig,76,3.91,nan,1,>Left_Regular_trial,Left,158,384,94,175452546,nan,nan,nan
8/23/2026 17:44:30,1.17.3,StopSig,76,3.92,nan,1,Right_Regular_(correct),Left,158,385,94,175454907,nan,nan,nan
8/23/2026 17:44:31,1.17.3,StopSig,76,3.92,nan,1,RightDuringDispense,Left,158,386,94,175454907,nan,nan,0.13
8/23/2026 17:44:34,1.17.3,StopSig,76,3.92,3,1,Pellet,Left,158,386,95,175454907,0.06,35,nan
8/23/2026 17:45:04,1.17.3,StopSig,76,3.92,nan,1,>Left_Stop_trial,Left,159,386,95,175488198,nan,nan,nan
8/23/2026 17:45:08,1.17.3,StopSig,76,3.92,nan,1,NoPoke_STOP_(correct),Left,159,386,95,175492358,nan,nan,nan
8/23/2026 17:45:09,1.17.3,StopSig,76,3.92,1,1,Pellet,Left,159,386,96,175492358,0.23,35,nan
8/23/2026 17:45:38,1.17.3,StopSig,76,3.92,nan,1,Right_no_left,Left,159,387,96,175492358,nan,nan,nan
8/23/2026 17:45:40,1.17.3,StopSig,76,3.92,nan,1,>Left_Stop_trial,Left,160,387,96,175524295,nan,nan,nan
8/23/2026 17:45:41,1.17.3,StopSig,76,3.92,nan,1,Right_STOP_(incorrect),Left,160,388,96,175525190,nan,nan,nan
8/23/2026 17:52:41,1.17.3,StopSig,76,3.92,nan,1,>Left_Regular_trial,Left,161,388,96,175945616,nan,nan,nan
8/23/2026 17:52:42,1.17.3,StopSig,76,3.92,nan,1,Right_Regular_(correct),Left,161,389,96,175946650,nan,nan,nan
8/23/2026 17:52:43,1.17.3,StopSig,76,3.92,1,1,Pellet,Left,161,389,97,175946650,0.23,454,nan
8/23/2026 17:59:17,1.17.3,StopSig,76,3.92,nan,1,Right_no_left,Left,161,390,97,175946650,nan,nan,nan
8/23/2026 17:59:20,1.17.3,StopSig,76,3.92,nan,1,>Left_Regular_trial,Left,162,390,97,176344333,nan,nan,nan
8/23/2026 17:59:24,1.17.3,StopSig,76,3.92,nan,1,NoPoke_Regular_(incorrect),Left,162,390,97,176348330,nan,nan,nan
8/23/2026 18:00:07,1.17.3,StopSig,76,3.92,nan,1,>Left_Regular_trial,Left,163,390,97,176391212,nan,nan,nan
8/23/2026 18:00:11,1.17.3,StopSig,76,3.92,nan,1,NoPoke_Regular_(incorrect),Left,163,390,97,176395349,nan,nan,nan
8/23/2026 18:00:55,1.17.3,StopSig,76,3.91,nan,1,>Left_Stop_trial,Left,164,390,97,176439563,nan,nan,nan
8/23/2026 18:00:59,1.17.3,StopSig,76,3.92,nan,1,NoPoke_STOP_(correct),Left,164,390,97,176443280,nan,nan,nan
8/23/2026 18:01:00,1.17.3,StopSig,76,3.91,2,1,Pellet,Left,164,390,98,176443280,0.17,497,nan
8/23/2026 18:01:23,1.17.3,StopSig,76,3.91,nan,1,Right_no_left,Left,164,391,98,176443280,nan,nan,nan
8/23/2026 18:01:50,1.17.3,StopSig,76,3.91,nan,1,Right_no_left,Left,164,392,98,176467668,nan,nan,nan
8/23/2026 18:01:52,1.17.3,StopSig,76,3.92,nan,1,Right_no_left,Left,164,393,98,176495125,nan,nan,nan
8/23/2026 18:13:26,1.17.3,StopSig,76,3.91,nan,1,Right_no_left,Left,164,394,98,176496454,nan,nan,nan
8/23/2026 18:32:14,1.17.3,StopSig,76,3.91,nan,1,Right_no_left,Left,164,395,98,177190832,nan,nan,nan
8/23/2026 18:32:29,1.17.3,StopSig,76,3.91,nan,1,Right_no_left,Left,164,396,98,178319247,nan,nan,nan
8/23/2026 18:32:31,1.17.3,StopSig,76,3.92,nan,1,>Left_Regular_trial,Left,165,396,98,178335522,nan,nan,nan
8/23/2026 18:32:33,1.17.3,StopSig,76,3.91,nan,1,Right_Regular_(correct),Left,165,397,98,178337297,nan,nan,nan
8/23/2026 18:32:46,1.17.3,StopSig,76,3.91,3,1,Pellet,Left,165,397,99,178337297,10.19,1906,nan
8/23/2026 18:33:08,1.17.3,StopSig,76,3.91,nan,1,Right_no_left,Left,165,398,99,178337297,nan,nan,nan
8/23/2026 18:33:16,1.17.3,StopSig,76,3.91,nan,1,>Left_Regular_trial,Left,166,398,99,178380225,nan,nan,nan
8/23/2026 18:33:17,1.17.3,StopSig,76,3.91,nan,1,Right_Regular_(correct),Left,166,399,99,178382148,nan,nan,nan
8/23/2026 18:33:18,1.17.3,StopSig,76,3.91,nan,1,RightDuringDispense,Left,166,400,99,178382148,nan,nan,0.06
8/23/2026 18:33:19,1.17.3,StopSig,76,3.91,2,1,Pellet,Left,166,400,100,178382148,0.17,33,nan
8/23/2026 18:33:43,1.17.3,StopSig,76,3.92,nan,1,Right_no_left,Left,166,401,100,178382148,nan,nan,nan
8/23/2026 18:33:47,1.17.3,StopSig,76,3.91,nan,1,>Left_Regular_trial,Left,167,401,100,178411289,nan,nan,nan
8/23/2026 18:33:49,1.17.3,StopSig,76,3.92,nan,1,Right_Regular_(correct),Left,167,402,100,178413505,nan,nan,nan
8/23/2026 18:33:50,1.17.3,StopSig,76,3.92,2,1,Pellet,Left,167,402,101,178413505,0.06,31,nan
8/23/2026 18:34:37,1.17.3,StopSig,76,3.92,nan,1,>Left_Regular_trial,Left,168,402,101,178461107,nan,nan,nan
8/23/2026 18:34:40,1.17.3,StopSig,76,3.91,nan,1,NoPoke_Regular_(incorrect),Left,168,402,101,178464359,nan,nan,nan
8/23/2026 18:52:17,1.17.3,StopSig,76,3.92,nan,1,>Left_Regular_trial,Left,169,402,101,179521620,nan,nan,nan
8/23/2026 18:52:20,1.17.3,StopSig,76,3.91,nan,1,Right_Regular_(correct),Left,169,403,101,179524429,nan,nan,nan
8/23/2026 18:52:23,1.17.3,StopSig,76,3.91,3,1,Pellet,Left,169,403,102,179524429,0.65,1113,nan
8/23/2026 18:53:43,1.17.3,StopSig,76,3.91,nan,1,>Left_Regular_trial,Left,170,403,102,179607665,nan,nan,nan
8/23/2026 18:53:46,1.17.3,StopSig,76,3.91,nan,1,Right_Regular_(correct),Left,170,404,102,179610622,nan,nan,nan
8/23/2026 18:53:47,1.17.3,StopSig,76,3.91,1,1,Pellet,Left,170,404,103,179610622,0.47,84,nan
8/23/2026 18:54:40,1.17.3,StopSig,76,3.91,nan,1,Right_no_left,Left,170,405,103,179610622,nan,nan,nan
8/23/2026 18:54:43,1.17.3,StopSig,76,3.92,nan,1,Right_no_left,Left,170,406,103,179664416,nan,nan,nan
8/23/2026 18:56:50,1.17.3,StopSig,76,3.91,nan,1,>Left_Regular_trial,Left,171,406,103,179794418,nan,nan,nan
8/23/2026 18:56:54,1.17.3,StopSig,76,3.91,nan,1,NoPoke_Regular_(incorrect),Left,171,406,103,179798556,nan,nan,nan
8/23/2026 19:07:10,1.17.3,StopSig,76,3.91,nan,1,>Left_Regular_trial,Left,172,406,103,180414196,nan,nan,nan
8/23/2026 19:07:13,1.17.3,StopSig,76,3.91,nan,1,NoPoke_Regular_(incorrect),Left,172,406,103,180417447,nan,nan,nan
8/23/2026 19:09:10,1.17.3,StopSig,76,3.91,nan,1,>Left_Regular_trial,Left,173,406,103,180534128,nan,nan,nan
8/23/2026 19:09:11,1.17.3,StopSig,76,3.91,nan,1,Right_Regular_(correct),Left,173,407,103,180535754,nan,nan,nan
8/23/2026 19:09:14,1.17.3,StopSig,76,3.91,3,1,Pellet,Left,173,407,104,180535754,0.06,927,nan
8/23/2026 19:09:31,1.17.3,StopSig,76,3.91,nan,1,>Left_Regular_trial,Left,174,407,104,180555345,nan,nan,nan
8/23/2026 19:09:32,1.17.3,StopSig,76,3.91,nan,1,Right_Regular_(correct),Left,174,408,104,180556537,nan,nan,nan
8/23/2026 19:09:33,1.17.3,StopSig,76,3.91,1,1,Pellet,Left,174,408,105,180556537,0.65,19,nan
8/23/2026 19:09:52,1.17.3,StopSig,76,3.91,nan,1,Right_no_left,Left,174,409,105,180556537,nan,nan,nan
8/23/2026 19:09:56,1.17.3,StopSig,76,3.91,nan,1,Right_no_left,Left,174,410,105,180576664,nan,nan,nan
8/23/2026 19:09:59,1.17.3,StopSig,76,3.91,nan,1,Right_no_left,Left,174,411,105,180580802,nan,nan,nan
8/23/2026 19:14:23,1.17.3,StopSig,76,3.91,nan,1,Right_no_left,Left,174,412,105,180584346,nan,nan,nan
8/23/2026 19:14:24,1.17.3,StopSig,76,3.91,nan,1,Right_no_left,Left,174,413,105,180847613,nan,nan,nan
8/23/2026 19:14:26,1.17.3,StopSig,76,3.91,nan,1,>Left_Regular_trial,Left,175,413,105,180850858,nan,nan,nan
8/23/2026 19:14:29,1.17.3,StopSig,76,3.91,nan,1,Right_Regular_(correct),Left,175,414,105,180854110,nan,nan,nan
8/23/2026 19:14:30,1.17.3,StopSig,76,3.91,1,1,Pellet,Left,175,414,106,180854110,0.29,297,nan
8/23/2026 19:15:03,1.17.3,StopSig,76,3.91,nan,1,>Left_Regular_trial,Left,176,414,106,180887489,nan,nan,nan
8/23/2026 19:15:06,1.17.3,StopSig,76,3.91,nan,1,Right_Regular_(correct),Left,176,415,106,180890294,nan,nan,nan
8/23/2026 19:15:06,1.17.3,StopSig,76,3.91,nan,1,RightDuringDispense,Left,176,416,106,180890294,nan,nan,0.14
8/23/2026 19:15:07,1.17.3,StopSig,76,3.91,2,1,Pellet,Left,176,416,107,180890294,0.17,37,nan
8/23/2026 19:17:55,1.17.3,StopSig,76,3.91,nan,1,>Left_Regular_trial,Left,177,416,107,181059799,nan,nan,nan
8/23/2026 19:17:58,1.17.3,StopSig,76,3.91,nan,1,Right_Regular_(correct),Left,177,417,107,181062305,nan,nan,nan
8/23/2026 19:17:58,1.17.3,StopSig,76,3.82,nan,1,RightDuringDispense,Left,177,418,107,181062305,nan,nan,0.08
8/23/2026 19:18:02,1.17.3,StopSig,76,3.91,2,1,Pellet,Left,177,418,108,181062305,1.19,175,nan
8/23/2026 19:28:38,1.17.3,StopSig,76,3.91,nan,1,>Left_Regular_trial,Left,178,418,108,181702643,nan,nan,nan
8/23/2026 19:28:42,1.17.3,StopSig,76,3.91,nan,1,NoPoke_Regular_(incorrect),Left,178,418,108,181706635,nan,nan,nan
8/23/2026 19:29:50,1.17.3,StopSig,76,3.91,nan,1,>Left_Regular_trial,Left,179,418,108,181774808,nan,nan,nan
8/23/2026 19:29:52,1.17.3,StopSig,76,3.91,nan,1,Right_Regular_(correct),Left,179,419,108,181776433,nan,nan,nan
8/23/2026 19:29:53,1.17.3,StopSig,76,3.91,1,1,Pellet,Left,179,419,109,181776433,0.17,711,nan
8/23/2026 19:30:12,1.17.3,StopSig,76,3.91,nan,1,Right_no_left,Left,179,420,109,181776433,nan,nan,nan
8/23/2026 19:30:15,1.17.3,StopSig,76,3.91,nan,1,Right_no_left,Left,179,421,109,181797193,nan,nan,nan
8/23/2026 19:30:18,1.17.3,StopSig,76,3.91,nan,1,>Left_Regular_trial,Left,180,421,109,181802809,nan,nan,nan
8/23/2026 19:30:19,1.17.3,StopSig,76,3.91,nan,1,Right_Regular_(correct),Left,180,422,109,181803991,nan,nan,nan
8/23/2026 19:30:20,1.17.3,StopSig,76,3.91,1,1,Pellet,Left,180,422,110,181803991,0.17,27,nan
8/23/2026 19:30:43,1.17.3,StopSig,76,3.91,nan,1,Right_no_left,Left,180,423,110,181803991,nan,nan,nan
8/23/2026 19:30:45,1.17.3,StopSig,76,3.91,nan,1,Right_no_left,Left,180,424,110,181827914,nan,nan,nan
8/23/2026 19:30:53,1.17.3,StopSig,76,3.91,nan,1,>Left_Regular_trial,Left,181,424,110,181837667,nan,nan,nan
8/23/2026 19:30:54,1.17.3,StopSig,76,3.91,nan,1,Right_Regular_(correct),Left,181,425,110,181838553,nan,nan,nan
8/23/2026 19:30:55,1.17.3,StopSig,76,3.91,1,1,Pellet,Left,181,425,111,181838553,0.23,35,nan
8/23/2026 19:34:24,1.17.3,StopSig,76,3.91,nan,1,>Left_Stop_trial,Left,182,425,111,182048506,nan,nan,nan
8/23/2026 19:34:28,1.17.3,StopSig,76,3.91,nan,1,NoPoke_STOP_(correct),Left,182,425,111,182052663,nan,nan,nan
8/23/2026 19:34:30,1.17.3,StopSig,76,3.91,1,1,Pellet,Left,182,425,112,182052663,1.25,215,nan
8/23/2026 19:36:35,1.17.3,StopSig,76,3.91,nan,1,>Left_Stop_trial,Left,183,425,112,182179616,nan,nan,nan
8/23/2026 19:36:39,1.17.3,StopSig,76,3.91,nan,1,NoPoke_STOP_(correct),Left,183,425,112,182183630,nan,nan,nan
8/23/2026 19:36:40,1.17.3,StopSig,76,3.91,1,1,Pellet,Left,183,425,113,182183630,0.41,130,nan
8/23/2026 19:40:34,1.17.3,StopSig,76,3.91,nan,1,>Left_Regular_trial,Left,184,425,113,182418216,nan,nan,nan
8/23/2026 19:40:37,1.17.3,StopSig,76,3.91,nan,1,NoPoke_Regular_(incorrect),Left,184,425,113,182421614,nan,nan,nan
8/23/2026 19:42:03,1.17.3,StopSig,76,3.91,nan,1,Right_no_left,Left,184,426,113,182421614,nan,nan,nan
8/23/2026 19:42:04,1.17.3,StopSig,76,3.91,nan,1,Right_no_left,Left,184,427,113,182508494,nan,nan,nan
8/23/2026 19:42:42,1.17.3,StopSig,76,3.91,nan,1,>Left_Regular_trial,Left,185,427,113,182546449,nan,nan,nan
8/23/2026 19:42:46,1.17.3,StopSig,76,3.91,nan,1,NoPoke_Regular_(incorrect),Left,185,427,113,182550585,nan,nan,nan
8/23/2026 19:52:42,1.17.3,StopSig,76,3.91,nan,1,>Left_Regular_trial,Left,186,427,113,183147061,nan,nan,nan
8/23/2026 19:52:46,1.17.3,StopSig,76,3.91,nan,1,NoPoke_Regular_(incorrect),Left,186,427,113,183150608,nan,nan,nan
8/23/2026 19:53:18,1.17.3,StopSig,76,3.91,nan,1,Right_no_left,Left,186,428,113,183150608,nan,nan,nan
8/23/2026 19:53:21,1.17.3,StopSig,76,3.91,nan,1,>Left_Stop_trial,Left,187,428,113,183185075,nan,nan,nan
8/23/2026 19:53:24,1.17.3,StopSig,76,3.91,nan,1,NoPoke_STOP_(correct),Left,187,428,113,183188645,nan,nan,nan
8/23/2026 19:53:25,1.17.3,StopSig,76,3.91,1,1,Pellet,Left,187,428,114,183188645,0.17,1005,nan
8/23/2026 19:53:54,1.17.3,StopSig,76,3.91,nan,1,>Left_Regular_trial,Left,188,428,114,183219024,nan,nan,nan
8/23/2026 19:53:56,1.17.3,StopSig,76,3.91,nan,1,Right_Regular_(correct),Left,188,429,114,183220509,nan,nan,nan
8/23/2026 19:53:56,1.17.3,StopSig,76,3.90,1,1,Pellet,Left,188,429,115,183220509,0.06,31,nan
8/23/2026 19:54:23,1.17.3,StopSig,76,3.91,nan,1,>Left_Regular_trial,Left,189,429,115,183247929,nan,nan,nan
8/23/2026 19:54:27,1.17.3,StopSig,76,3.91,nan,1,NoPoke_Regular_(incorrect),Left,189,429,115,183251624,nan,nan,nan
8/23/2026 19:55:56,1.17.3,StopSig,76,3.91,nan,1,Right_no_left,Left,189,430,115,183251624,nan,nan,nan
8/23/2026 19:56:49,1.17.3,StopSig,76,3.91,nan,1,>Left_Regular_trial,Left,190,430,115,183394018,nan,nan,nan
8/23/2026 19:56:53,1.17.3,StopSig,76,3.91,nan,1,NoPoke_Regular_(incorrect),Left,190,430,115,183397713,nan,nan,nan
8/23/2026 19:59:45,1.17.3,StopSig,76,3.91,nan,1,Right_no_left,Left,190,431,115,183397713,nan,nan,nan
8/23/2026 19:59:47,1.17.3,StopSig,76,3.91,nan,1,Right_no_left,Left,190,432,115,183570056,nan,nan,nan
8/23/2026 19:59:49,1.17.3,StopSig,76,3.90,nan,1,Right_no_left,Left,190,433,115,183571828,nan,nan,nan
8/23/2026 19:59:50,1.17.3,StopSig,76,3.91,nan,1,Right_no_left,Left,190,434,115,183574347,nan,nan,nan
8/23/2026 19:59:53,1.17.3,StopSig,76,3.91,nan,1,Right_no_left,Left,190,435,115,183575528,nan,nan,nan
8/23/2026 19:59:55,1.17.3,StopSig,76,3.91,nan,1,>Left_Regular_trial,Left,191,435,115,183579813,nan,nan,nan
8/23/2026 19:59:58,1.17.3,StopSig,76,3.91,nan,1,Right_Regular_(correct),Left,191,436,115,183582471,nan,nan,nan
8/23/2026 19:59:59,1.17.3,StopSig,76,3.90,1,1,Pellet,Left,191,436,116,183582471,0.41,363,nan
8/23/2026 20:00:31,1.17.3,StopSig,76,3.91,nan,1,Right_no_left,Left,191,437,116,183582471,nan,nan,nan
8/23/2026 20:00:33,1.17.3,StopSig,76,3.91,nan,1,>Left_Regular_trial,Left,192,437,116,183617600,nan,nan,nan
8/23/2026 20:00:37,1.17.3,StopSig,76,3.91,nan,1,NoPoke_Regular_(incorrect),Left,192,437,116,183621740,nan,nan,nan
8/23/2026 20:13:36,1.17.3,StopSig,76,3.91,nan,1,Right_no_left,Left,192,438,116,183621740,nan,nan,nan
8/23/2026 20:13:47,1.17.3,StopSig,76,3.91,nan,1,Right_no_left,Left,192,439,116,184400675,nan,nan,nan
8/23/2026 20:13:49,1.17.3,StopSig,76,3.91,nan,1,Right_no_left,Left,192,440,116,184412065,nan,nan,nan
8/23/2026 20:13:51,1.17.3,StopSig,76,3.91,nan,1,Right_no_left,Left,192,441,116,184414429,nan,nan,nan
8/23/2026 20:16:35,1.17.3,StopSig,76,3.91,nan,1,>Left_Regular_trial,Left,193,441,116,184579337,nan,nan,nan
8/23/2026 20:16:38,1.17.3,StopSig,76,3.91,nan,1,NoPoke_Regular_(incorrect),Left,193,441,116,184582733,nan,nan,nan
8/23/2026 20:17:59,1.17.3,StopSig,76,3.91,nan,1,>Left_Regular_trial,Left,194,441,116,184664122,nan,nan,nan
8/23/2026 20:18:03,1.17.3,StopSig,76,3.91,nan,1,NoPoke_Regular_(incorrect),Left,194,441,116,184667665,nan,nan,nan
8/23/2026 20:18:35,1.17.3,StopSig,76,3.91,nan,1,>Left_Regular_trial,Left,195,441,116,184699622,nan,nan,nan
8/23/2026 20:18:36,1.17.3,StopSig,76,3.90,nan,1,Right_Regular_(correct),Left,195,442,116,184701099,nan,nan,nan
8/23/2026 20:18:37,1.17.3,StopSig,76,3.91,1,1,Pellet,Left,195,442,117,184701099,0.35,1118,nan
8/23/2026 20:19:14,1.17.3,StopSig,76,3.91,nan,1,>Left_Stop_trial,Left,196,442,117,184738665,nan,nan,nan
8/23/2026 20:19:18,1.17.3,StopSig,76,3.91,nan,1,NoPoke_STOP_(correct),Left,196,442,117,184742676,nan,nan,nan
8/23/2026 20:19:19,1.17.3,StopSig,76,3.91,1,1,Pellet,Left,196,442,118,184742676,0.23,42,nan
8/23/2026 20:19:45,1.17.3,StopSig,76,3.91,nan,1,Right_no_left,Left,196,443,118,184742676,nan,nan,nan
8/23/2026 20:19:48,1.17.3,StopSig,76,3.91,nan,1,>Left_Stop_trial,Left,197,443,118,184772817,nan,nan,nan
8/23/2026 20:19:52,1.17.3,StopSig,76,3.90,nan,1,NoPoke_STOP_(correct),Left,197,443,118,184776686,nan,nan,nan
8/23/2026 20:19:53,1.17.3,StopSig,76,3.91,2,1,Pellet,Left,197,443,119,184776686,0.06,34,nan
8/23/2026 20:20:20,1.17.3,StopSig,76,3.91,nan,1,Right_no_left,Left,197,444,119,184776686,nan,nan,nan
8/23/2026 20:20:28,1.17.3,StopSig,76,3.91,nan,1,>Left_Regular_trial,Left,198,444,119,184813001,nan,nan,nan
8/23/2026 20:20:29,1.17.3,StopSig,76,3.90,nan,1,Right_Regular_(correct),Left,198,445,119,184814332,nan,nan,nan
8/23/2026 20:20:30,1.17.3,StopSig,76,3.91,2,1,Pellet,Left,198,445,120,184814332,0.06,37,nan
8/23/2026 20:20:51,1.17.3,StopSig,76,3.91,nan,1,Right_no_left,Left,198,446,120,184814332,nan,nan,nan
8/23/2026 20:20:54,1.17.3,StopSig,76,3.91,nan,1,Right_no_left,Left,198,447,120,184835876,nan,nan,nan
8/23/2026 20:20:55,1.17.3,StopSig,76,3.90,nan,1,>Left_Regular_trial,Left,199,447,120,184840020,nan,nan,nan
8/23/2026 20:20:57,1.17.3,StopSig,76,3.91,nan,1,Right_Regular_(correct),Left,199,448,120,184841942,nan,nan,nan
8/23/2026 20:20:58,1.17.3,StopSig,76,3.91,2,1,Pellet,Left,199,448,121,184841942,0.06,28,nan
8/23/2026 20:21:20,1.17.3,StopSig,76,3.91,nan,1,Right_no_left,Left,199,449,121,184841942,nan,nan,nan
8/23/2026 20:21:21,1.17.3,StopSig,76,3.91,nan,1,Right_no_left,Left,199,450,121,184865086,nan,nan,nan
8/23/2026 20:21:23,1.17.3,StopSig,76,3.91,nan,1,>Left_Regular_trial,Left,200,450,121,184867597,nan,nan,nan
8/23/2026 20:21:25,1.17.3,StopSig,76,3.91,nan,1,Right_Regular_(correct),Left,200,451,121,184869520,nan,nan,nan
8/23/2026 20:21:28,1.17.3,StopSig,76,3.91,3,1,Pellet,Left,200,451,122,184869520,0.35,30,nan
8/23/2026 21:15:33,1.17.3,StopSig,76,3.90,nan,1,Right_no_left,Left,200,452,122,184869520,nan,nan,nan
8/23/2026 21:15:35,1.17.3,StopSig,76,3.90,nan,1,>Left_Regular_trial,Left,201,452,122,188120317,nan,nan,nan
8/23/2026 21:15:37,1.17.3,StopSig,76,3.90,nan,1,Right_Regular_(correct),Left,201,453,122,188122090,nan,nan,nan
8/23/2026 21:15:38,1.17.3,StopSig,76,3.90,2,1,Pellet,Left,201,453,123,188122090,0.17,3250,nan
8/23/2026 21:15:57,1.17.3,StopSig,76,3.90,nan,1,>Left_Regular_trial,Left,202,453,123,188141543,nan,nan,nan
8/23/2026 21:15:58,1.17.3,StopSig,76,3.90,nan,1,Right_Regular_(correct),Left,202,454,123,188143317,nan,nan,nan
8/23/2026 21:15:59,1.17.3,StopSig,76,3.91,1,1,Pellet,Left,202,454,124,188143317,0.23,21,nan
8/23/2026 21:16:22,1.17.3,StopSig,76,3.90,nan,1,>Left_Regular_trial,Left,203,454,124,188166756,nan,nan,nan
8/23/2026 21:16:24,1.17.3,StopSig,76,3.90,nan,1,Right_Regular_(correct),Left,203,455,124,188168677,nan,nan,nan
8/23/2026 21:16:25,1.17.3,StopSig,76,3.90,1,1,Pellet,Left,203,455,125,188168677,0.35,26,nan
8/23/2026 21:16:50,1.17.3,StopSig,76,3.90,nan,1,Right_no_left,Left,203,456,125,188168677,nan,nan,nan
8/23/2026 21:16:53,1.17.3,StopSig,76,3.90,nan,1,>Left_Regular_trial,Left,204,456,125,188198320,nan,nan,nan
8/23/2026 21:16:55,1.17.3,StopSig,76,3.90,nan,1,Right_Regular_(correct),Left,204,457,125,188199957,nan,nan,nan
8/23/2026 21:16:56,1.17.3,StopSig,76,3.90,2,1,Pellet,Left,204,457,126,188199957,0.29,31,nan
8/23/2026 21:17:13,1.17.3,StopSig,76,3.90,nan,1,Right_no_left,Left,204,458,126,188199957,nan,nan,nan
8/23/2026 21:17:16,1.17.3,StopSig,76,3.90,nan,1,>Left_Stop_trial,Left,205,458,126,188220306,nan,nan,nan
8/23/2026 21:17:19,1.17.3,StopSig,76,3.90,nan,1,NoPoke_STOP_(correct),Left,205,458,126,188223878,nan,nan,nan
8/23/2026 21:17:22,1.17.3,StopSig,76,3.91,2,1,Pellet,Left,205,458,127,188223878,0.77,26,nan
8/23/2026 21:17:45,1.17.3,StopSig,76,3.89,nan,1,>Left_Regular_trial,Left,206,458,127,188250119,nan,nan,nan
8/23/2026 21:17:47,1.17.3,StopSig,76,3.90,nan,1,Right_Regular_(correct),Left,206,459,127,188251751,nan,nan,nan
8/23/2026 21:17:48,1.17.3,StopSig,76,3.90,2,1,Pellet,Left,206,459,128,188251751,0.06,26,nan
8/23/2026 21:18:12,1.17.3,StopSig,76,3.90,nan,1,>Left_Regular_trial,Left,207,459,128,188276942,nan,nan,nan
8/23/2026 21:18:13,1.17.3,StopSig,76,3.90,nan,1,Right_Regular_(correct),Left,207,460,128,188278283,nan,nan,nan
8/23/2026 21:18:14,1.17.3,StopSig,76,3.89,1,1,Pellet,Left,207,460,129,188278283,0.47,26,nan
8/23/2026 21:18:40,1.17.3,StopSig,76,3.90,nan,1,>Left_Regular_trial,Left,208,460,129,188305001,nan,nan,nan
8/23/2026 21:18:42,1.17.3,StopSig,76,3.90,nan,1,Right_Regular_(correct),Left,208,461,129,188307073,nan,nan,nan
8/23/2026 21:18:43,1.17.3,StopSig,76,3.90,2,1,Pellet,Left,208,461,130,188307073,0.41,29,nan
8/23/2026 21:19:06,1.17.3,StopSig,76,3.90,nan,1,Right_no_left,Left,208,462,130,188307073,nan,nan,nan
8/23/2026 21:19:08,1.17.3,StopSig,76,3.90,nan,1,Right_no_left,Left,208,463,130,188331099,nan,nan,nan
8/23/2026 21:19:10,1.17.3,StopSig,76,3.89,nan,1,>Left_Regular_trial,Left,209,463,130,188334508,nan,nan,nan
8/23/2026 21:19:13,1.17.3,StopSig,76,3.90,nan,1,NoPoke_Regular_(incorrect),Left,209,463,130,188337910,nan,nan,nan
8/23/2026 21:19:45,1.17.3,StopSig,76,3.89,nan,1,>Left_Stop_trial,Left,210,463,130,188369859,nan,nan,nan
8/23/2026 21:19:49,1.17.3,StopSig,76,3.90,nan,1,NoPoke_STOP_(correct),Left,210,463,130,188373872,nan,nan,nan
8/23/2026 21:19:54,1.17.3,StopSig,76,3.90,2,1,Pellet,Left,210,463,131,188373872,2.09,71,nan
8/23/2026 21:21:22,1.17.3,StopSig,76,3.90,nan,1,>Left_Stop_trial,Left,211,463,131,188466459,nan,nan,nan
8/23/2026 21:21:25,1.17.3,StopSig,76,3.90,nan,1,NoPoke_STOP_(correct),Left,211,463,131,188469876,nan,nan,nan
8/23/2026 21:21:31,1.17.3,StopSig,76,3.90,1,1,Pellet,Left,211,463,132,188469876,5.15,97,nan
8/23/2026 21:22:54,1.17.3,StopSig,76,3.90,nan,1,>Left_Regular_trial,Left,212,463,132,188558956,nan,nan,nan
8/23/2026 21:22:56,1.17.3,StopSig,76,3.90,nan,1,Right_Regular_(correct),Left,212,464,132,188561032,nan,nan,nan
8/23/2026 21:22:56,1.17.3,StopSig,76,3.90,nan,1,RightDuringDispense,Left,212,465,132,188561032,nan,nan,0.05
8/23/2026 21:22:57,1.17.3,StopSig,76,3.90,1,1,Pellet,Left,212,465,133,188561032,0.23,86,nan
8/23/2026 21:28:12,1.17.3,StopSig,76,3.90,nan,1,>Left_Regular_trial,Left,213,465,133,188876535,nan,nan,nan
8/23/2026 21:28:15,1.17.3,StopSig,76,3.90,nan,1,NoPoke_Regular_(incorrect),Left,213,465,133,188879937,nan,nan,nan
8/23/2026 21:33:04,1.17.3,StopSig,76,3.89,nan,1,Right_no_left,Left,213,466,133,188879937,nan,nan,nan
8/23/2026 21:39:01,1.17.3,StopSig,76,3.90,nan,1,Right_no_left,Left,213,467,133,189169496,nan,nan,nan
8/23/2026 21:39:03,1.17.3,StopSig,76,3.90,nan,1,Right_no_left,Left,213,468,133,189526721,nan,nan,nan
8/23/2026 21:39:05,1.17.3,StopSig,76,3.90,nan,1,>Left_Stop_trial,Left,214,468,133,189529531,nan,nan,nan
8/23/2026 21:39:08,1.17.3,StopSig,76,3.90,nan,1,NoPoke_STOP_(correct),Left,214,468,133,189532954,nan,nan,nan
8/23/2026 21:39:11,1.17.3,StopSig,76,3.90,1,1,Pellet,Left,214,468,134,189532954,2.33,974,nan
8/23/2026 21:41:15,1.17.3,StopSig,76,3.90,nan,1,Right_no_left,Left,214,469,134,189532954,nan,nan,nan
8/23/2026 21:46:49,1.17.3,StopSig,76,3.90,nan,1,>Left_Regular_trial,Left,215,469,134,189993668,nan,nan,nan
8/23/2026 21:46:50,1.17.3,StopSig,76,3.90,nan,1,Right_Regular_(correct),Left,215,470,134,189995146,nan,nan,nan
8/23/2026 21:46:51,1.17.3,StopSig,76,3.90,2,1,Pellet,Left,215,470,135,189995146,0.23,460,nan
8/23/2026 21:47:12,1.17.3,StopSig,76,3.90,nan,1,>Left_Regular_trial,Left,216,470,135,190016767,nan,nan,nan
8/23/2026 21:47:13,1.17.3,StopSig,76,3.90,nan,1,Right_Regular_(correct),Left,216,471,135,190018097,nan,nan,nan
8/23/2026 21:47:14,1.17.3,StopSig,76,3.90,1,1,Pellet,Left,216,471,136,190018097,0.71,23,nan
8/23/2026 21:47:40,1.17.3,StopSig,76,3.90,nan,1,Right_no_left,Left,216,472,136,190018097,nan,nan,nan
8/23/2026 21:50:27,1.17.3,StopSig,76,3.90,nan,1,Right_no_left,Left,216,473,136,190045008,nan,nan,nan
8/23/2026 21:50:29,1.17.3,StopSig,76,3.90,nan,1,Right_no_left,Left,216,474,136,190212680,nan,nan,nan
8/23/2026 22:02:40,1.17.3,StopSig,76,3.89,nan,1,>Left_Stop_trial,Left,217,474,136,190944629,nan,nan,nan
8/23/2026 22:02:43,1.17.3,StopSig,76,3.90,nan,1,NoPoke_STOP_(correct),Left,217,474,136,190948051,nan,nan,nan
8/23/2026 22:02:44,1.17.3,StopSig,76,3.90,1,1,Pellet,Left,217,474,137,190948051,0.71,930,nan
8/23/2026 22:05:56,1.17.3,StopSig,76,3.90,nan,1,Right_no_left,Left,217,475,137,190948051,nan,nan,nan
8/23/2026 22:06:01,1.17.3,StopSig,76,3.89,nan,1,Right_no_left,Left,217,476,137,191141568,nan,nan,nan
8/23/2026 22:07:33,1.17.3,StopSig,76,3.89,nan,1,>Left_Regular_trial,Left,218,476,137,191237819,nan,nan,nan
8/23/2026 22:07:34,1.17.3,StopSig,76,3.89,nan,1,Right_Regular_(correct),Left,218,477,137,191238853,nan,nan,nan
8/23/2026 22:07:37,1.17.3,StopSig,76,3.89,2,1,Pellet,Left,218,477,138,191238853,0.35,293,nan
8/23/2026 22:08:56,1.17.3,StopSig,76,3.90,nan,1,Right_no_left,Left,218,478,138,191238853,nan,nan,nan
8/23/2026 22:08:57,1.17.3,StopSig,76,3.89,nan,1,>Left_Regular_trial,Left,219,478,138,191322448,nan,nan,nan
8/23/2026 22:08:58,1.17.3,StopSig,76,3.90,nan,1,Right_Regular_(correct),Left,219,479,138,191323187,nan,nan,nan
8/23/2026 22:08:59,1.17.3,StopSig,76,3.91,1,1,Pellet,Left,219,479,139,191323187,0.17,82,nan
8/23/2026 22:11:39,1.17.3,StopSig,76,3.90,nan,1,Right_no_left,Left,219,480,139,191323187,nan,nan,nan
8/23/2026 22:11:39,1.17.3,StopSig,76,3.90,nan,1,Right_no_left,Left,219,481,139,191484056,nan,nan,nan
8/23/2026 22:14:10,1.17.3,StopSig,76,3.90,nan,1,>Left_Regular_trial,Left,220,481,139,191634681,nan,nan,nan
8/23/2026 22:14:13,1.17.3,StopSig,76,3.90,nan,1,NoPoke_Regular_(incorrect),Left,220,481,139,191638081,nan,nan,nan
8/23/2026 22:17:46,1.17.3,StopSig,76,3.89,nan,1,Right_no_left,Left,220,482,139,191638081,nan,nan,nan
8/23/2026 22:17:49,1.17.3,StopSig,76,3.90,nan,1,Right_no_left,Left,220,483,139,191851390,nan,nan,nan
8/23/2026 22:19:37,1.17.3,StopSig,76,3.89,nan,1,>Left_Regular_trial,Left,221,483,139,191962589,nan,nan,nan
8/23/2026 22:19:38,1.17.3,StopSig,76,3.89,nan,1,Right_Regular_(correct),Left,221,484,139,191963630,nan,nan,nan
8/23/2026 22:19:40,1.17.3,StopSig,76,3.89,1,1,Pellet,Left,221,484,140,191963630,0.53,641,nan
8/23/2026 22:20:13,1.17.3,StopSig,76,3.90,nan,1,>Left_Stop_trial,Left,222,484,140,191997839,nan,nan,nan
8/23/2026 22:20:17,1.17.3,StopSig,76,3.89,nan,1,NoPoke_STOP_(correct),Left,222,484,140,192002007,nan,nan,nan
8/23/2026 22:20:19,1.17.3,StopSig,76,3.89,1,1,Pellet,Left,222,484,141,192002007,1.79,39,nan
8/23/2026 22:20:44,1.17.3,StopSig,76,3.89,nan,1,>Left_Stop_trial,Left,223,484,141,192028361,nan,nan,nan
8/23/2026 22:20:47,1.17.3,StopSig,76,3.90,nan,1,NoPoke_STOP_(correct),Left,223,484,141,192032093,nan,nan,nan
8/23/2026 22:20:48,1.17.3,StopSig,76,3.90,1,1,Pellet,Left,223,484,142,192032093,0.71,29,nan
8/23/2026 22:21:16,1.17.3,StopSig,76,3.89,nan,1,Right_no_left,Left,223,485,142,192032093,nan,nan,nan
8/23/2026 22:28:15,1.17.3,StopSig,76,3.89,nan,1,>Left_Stop_trial,Left,224,485,142,192480044,nan,nan,nan
8/23/2026 22:28:19,1.17.3,StopSig,76,3.89,nan,1,NoPoke_STOP_(correct),Left,224,485,142,192484071,nan,nan,nan
8/23/2026 22:28:20,1.17.3,StopSig,76,3.90,1,1,Pellet,Left,224,485,143,192484071,0.41,452,nan
8/23/2026 22:28:40,1.17.3,StopSig,76,3.89,nan,1,Right_no_left,Left,224,486,143,192484071,nan,nan,nan
8/23/2026 22:28:43,1.17.3,StopSig,76,3.89,nan,1,Right_no_left,Left,224,487,143,192505892,nan,nan,nan
8/23/2026 22:28:46,1.17.3,StopSig,76,3.89,nan,1,Right_no_left,Left,224,488,143,192508261,nan,nan,nan
8/23/2026 22:39:58,1.17.3,StopSig,76,3.89,nan,1,>Left_Regular_trial,Left,225,488,143,193183164,nan,nan,nan
8/23/2026 22:40:00,1.17.3,StopSig,76,3.89,nan,1,Right_Regular_(correct),Left,225,489,143,193185238,nan,nan,nan
8/23/2026 22:40:01,1.17.3,StopSig,76,3.89,1,1,Pellet,Left,225,489,144,193185238,0.41,701,nan
8/23/2026 22:40:56,1.17.3,StopSig,76,3.89,nan,1,Right_no_left,Left,225,490,144,193185238,nan,nan,nan
8/23/2026 22:41:21,1.17.3,StopSig,76,3.89,nan,1,Right_no_left,Left,225,491,144,193241177,nan,nan,nan
8/23/2026 22:48:13,1.17.3,StopSig,76,3.89,nan,1,>Left_Regular_trial,Left,226,491,144,193677965,nan,nan,nan
8/23/2026 22:48:17,1.17.3,StopSig,76,3.89,nan,1,NoPoke_Regular_(incorrect),Left,226,491,144,193682107,nan,nan,nan
8/23/2026 22:56:03,1.17.3,StopSig,76,3.89,nan,1,Right_no_left,Left,226,492,144,193682107,nan,nan,nan
8/23/2026 22:56:05,1.17.3,StopSig,76,3.89,nan,1,>Left_Stop_trial,Left,227,492,144,194150298,nan,nan,nan
8/23/2026 22:56:09,1.17.3,StopSig,76,3.89,nan,1,NoPoke_STOP_(correct),Left,227,492,144,194154175,nan,nan,nan
8/23/2026 22:56:12,1.17.3,StopSig,76,3.89,2,1,Pellet,Left,227,492,145,194154175,0.89,971,nan
8/24/2026 0:01:06,1.17.3,StopSig,76,3.89,nan,1,>Left_Regular_trial,Left,228,492,145,198051075,nan,nan,nan
8/24/2026 0:01:09,1.17.3,StopSig,76,3.89,nan,1,NoPoke_Regular_(incorrect),Left,228,492,145,198054340,nan,nan,nan
8/24/2026 0:03:27,1.17.3,StopSig,76,3.89,nan,1,Right_no_left,Left,228,493,145,198054340,nan,nan,nan
8/24/2026 0:03:34,1.17.3,StopSig,76,3.89,nan,1,Right_no_left,Left,228,494,145,198192610,nan,nan,nan
8/24/2026 0:03:39,1.17.3,StopSig,76,3.89,nan,1,>Left_Stop_trial,Left,229,494,145,198204159,nan,nan,nan
8/24/2026 0:03:43,1.17.3,StopSig,76,3.89,nan,1,NoPoke_STOP_(correct),Left,229,494,145,198208324,nan,nan,nan
8/24/2026 0:03:47,1.17.3,StopSig,76,3.89,1,1,Pellet,Left,229,494,146,198208324,3.53,4055,nan
8/24/2026 0:04:46,1.17.3,StopSig,76,3.89,nan,1,Right_no_left,Left,229,495,146,198208324,nan,nan,nan
8/24/2026 0:04:48,1.17.3,StopSig,76,3.89,nan,1,>Left_Stop_trial,Left,230,495,146,198273230,nan,nan,nan
8/24/2026 0:04:52,1.17.3,StopSig,76,3.89,nan,1,NoPoke_STOP_(correct),Left,230,495,146,198277396,nan,nan,nan
8/24/2026 0:04:55,1.17.3,StopSig,76,3.88,2,1,Pellet,Left,230,495,147,198277396,0.65,68,nan
8/24/2026 0:05:33,1.17.3,StopSig,76,3.89,nan,1,>Left_Regular_trial,Left,231,495,147,198318077,nan,nan,nan
8/24/2026 0:05:34,1.17.3,StopSig,76,3.88,nan,1,Right_Regular_(correct),Left,231,496,147,198319408,nan,nan,nan
8/24/2026 0:05:35,1.17.3,StopSig,76,3.89,1,1,Pellet,Left,231,496,148,198319408,0.35,40,nan
8/24/2026 0:05:53,1.17.3,StopSig,76,3.89,nan,1,Right_no_left,Left,231,497,148,198319408,nan,nan,nan
8/24/2026 0:05:54,1.17.3,StopSig,76,3.89,nan,1,Right_no_left,Left,231,498,148,198338575,nan,nan,nan
8/24/2026 0:05:57,1.17.3,StopSig,76,3.89,nan,1,Right_no_left,Left,231,499,148,198339325,nan,nan,nan
8/24/2026 0:06:01,1.17.3,StopSig,76,3.89,nan,1,>Left_Regular_trial,Left,232,499,148,198346872,nan,nan,nan
8/24/2026 0:06:03,1.17.3,StopSig,76,3.89,nan,1,Right_Regular_(correct),Left,232,500,148,198348211,nan,nan,nan
8/24/2026 0:06:04,1.17.3,StopSig,76,3.89,1,1,Pellet,Left,232,500,149,198348211,0.29,29,nan
8/24/2026 0:14:29,1.17.3,StopSig,76,3.89,nan,1,Right_no_left,Left,232,501,149,198348211,nan,nan,nan
8/24/2026 0:14:31,1.17.3,StopSig,76,3.89,nan,1,Right_no_left,Left,232,502,149,198854392,nan,nan,nan
8/24/2026 0:18:44,1.17.3,StopSig,76,3.89,nan,1,Right_no_left,Left,232,503,149,198856608,nan,nan,nan
8/24/2026 0:18:59,1.17.3,StopSig,76,3.89,nan,1,>Left_Regular_trial,Left,233,503,149,199123992,nan,nan,nan
8/24/2026 0:19:01,1.17.3,StopSig,76,3.88,nan,1,Right_Regular_(correct),Left,233,504,149,199126803,nan,nan,nan
8/24/2026 0:19:02,1.17.3,StopSig,76,3.88,1,1,Pellet,Left,233,504,150,199126803,0.29,778,nan
8/24/2026 0:20:36,1.17.3,StopSig,76,3.89,nan,1,Right_no_left,Left,233,505,150,199126803,nan,nan,nan
8/24/2026 0:20:38,1.17.3,StopSig,76,3.89,nan,1,Right_no_left,Left,233,506,150,199222164,nan,nan,nan
8/24/2026 0:20:42,1.17.3,StopSig,76,3.89,nan,1,Right_no_left,Left,233,507,150,199223799,nan,nan,nan
8/24/2026 0:28:13,1.17.3,StopSig,76,3.89,nan,1,>Left_Regular_trial,Left,234,507,150,199678567,nan,nan,nan
8/24/2026 0:28:17,1.17.3,StopSig,76,3.89,nan,1,NoPoke_Regular_(incorrect),Left,234,507,150,199682416,nan,nan,nan
8/24/2026 0:30:58,1.17.3,StopSig,76,3.89,nan,1,>Left_Regular_trial,Left,235,507,150,199843888,nan,nan,nan
8/24/2026 0:30:59,1.17.3,StopSig,76,3.88,nan,1,Right_Regular_(correct),Left,235,508,150,199844924,nan,nan,nan
8/24/2026 0:31:00,1.17.3,StopSig,76,3.89,1,1,Pellet,Left,235,508,151,199844924,0.29,718,nan
8/24/2026 0:31:47,1.17.3,StopSig,76,3.89,nan,1,Right_no_left,Left,235,509,151,199844924,nan,nan,nan
8/24/2026 0:31:50,1.17.3,StopSig,76,3.88,nan,1,Right_no_left,Left,235,510,151,199893102,nan,nan,nan
8/24/2026 0:31:50,1.17.3,StopSig,76,3.89,nan,1,Right_no_left,Left,235,511,151,199895467,nan,nan,nan
8/24/2026 0:32:21,1.17.3,StopSig,76,3.89,nan,1,Right_no_left,Left,235,512,151,199896058,nan,nan,nan
8/24/2026 0:39:55,1.17.3,StopSig,76,3.88,nan,1,Right_no_left,Left,235,513,151,199926941,nan,nan,nan
8/24/2026 0:42:32,1.17.3,StopSig,76,3.89,nan,1,Right_no_left,Left,235,514,151,200380952,nan,nan,nan
8/24/2026 0:42:32,1.17.3,StopSig,76,3.88,nan,1,Right_no_left,Left,235,515,151,200537767,nan,nan,nan
8/24/2026 0:42:38,1.17.3,StopSig,76,3.88,nan,1,>Left_Regular_trial,Left,236,515,151,200543680,nan,nan,nan
8/24/2026 0:42:40,1.17.3,StopSig,76,3.88,nan,1,Right_Regular_(correct),Left,236,516,151,200545750,nan,nan,nan
8/24/2026 0:42:41,1.17.3,StopSig,76,3.89,1,1,Pellet,Left,236,516,152,200545750,0.29,701,nan
8/24/2026 0:43:22,1.17.3,StopSig,76,3.89,nan,1,Right_no_left,Left,236,517,152,200545750,nan,nan,nan
8/24/2026 0:43:28,1.17.3,StopSig,76,3.88,nan,1,Right_no_left,Left,236,518,152,200588158,nan,nan,nan
8/24/2026 0:43:29,1.17.3,StopSig,76,3.88,nan,1,Right_no_left,Left,236,519,152,200594222,nan,nan,nan
8/24/2026 0:47:32,1.17.3,StopSig,76,3.88,nan,1,Right_no_left,Left,236,520,152,200594518,nan,nan,nan
8/24/2026 0:51:09,1.17.3,StopSig,76,3.88,nan,1,>Left_Regular_trial,Left,237,520,152,201054826,nan,nan,nan
8/24/2026 0:51:13,1.17.3,StopSig,76,3.88,nan,1,NoPoke_Regular_(incorrect),Left,237,520,152,201058524,nan,nan,nan
8/24/2026 0:55:17,1.17.3,StopSig,76,3.88,nan,1,Right_no_left,Left,237,521,152,201058524,nan,nan,nan
8/24/2026 0:57:55,1.17.3,StopSig,76,3.89,nan,1,>Left_Regular_trial,Left,238,521,152,201460332,nan,nan,nan
8/24/2026 0:57:57,1.17.3,StopSig,76,3.88,nan,1,Right_Regular_(correct),Left,238,522,152,201462858,nan,nan,nan
8/24/2026 0:57:59,1.17.3,StopSig,76,3.88,1,1,Pellet,Left,238,522,153,201462858,0.59,918,nan
8/24/2026 0:58:24,1.17.3,StopSig,76,3.88,nan,1,>Left_Regular_trial,Left,239,522,153,201489322,nan,nan,nan
8/24/2026 0:58:27,1.17.3,StopSig,76,3.88,nan,1,Right_Regular_(correct),Left,239,523,153,201492284,nan,nan,nan
8/24/2026 0:58:30,1.17.3,StopSig,76,3.88,2,1,Pellet,Left,239,523,154,201492284,0.35,31,nan
8/24/2026 0:58:53,1.17.3,StopSig,76,3.88,nan,1,Right_no_left,Left,239,524,154,201492284,nan,nan,nan
8/24/2026 0:58:55,1.17.3,StopSig,76,3.88,nan,1,>Left_Regular_trial,Left,240,524,154,201520244,nan,nan,nan
8/24/2026 0:58:56,1.17.3,StopSig,76,3.89,nan,1,Right_Regular_(correct),Left,240,525,154,201521576,nan,nan,nan
8/24/2026 0:58:57,1.17.3,StopSig,76,3.88,1,1,Pellet,Left,240,525,155,201521576,0.53,27,nan
8/24/2026 0:59:38,1.17.3,StopSig,76,3.88,nan,1,Right_no_left,Left,240,526,155,201521576,nan,nan,nan
8/24/2026 0:59:42,1.17.3,StopSig,76,3.88,nan,1,Right_no_left,Left,240,527,155,201564267,nan,nan,nan
8/24/2026 1:01:28,1.17.3,StopSig,76,3.88,nan,1,Right_no_left,Left,240,528,155,201567531,nan,nan,nan
8/24/2026 1:05:31,1.17.3,StopSig,76,3.88,nan,1,>Left_Regular_trial,Left,241,528,155,201916719,nan,nan,nan
8/24/2026 1:05:35,1.17.3,StopSig,76,3.88,nan,1,NoPoke_Regular_(incorrect),Left,241,528,155,201920563,nan,nan,nan
8/24/2026 1:12:03,1.17.3,StopSig,76,3.88,nan,1,Right_no_left,Left,241,529,155,201920563,nan,nan,nan
8/24/2026 1:21:59,1.17.3,StopSig,76,3.88,nan,1,Right_no_left,Left,241,530,155,202308954,nan,nan,nan
8/24/2026 1:22:01,1.17.3,StopSig,76,3.88,nan,1,Right_no_left,Left,241,531,155,202904699,nan,nan,nan
8/24/2026 1:22:03,1.17.3,StopSig,76,3.88,nan,1,>Left_Regular_trial,Left,242,531,155,202908688,nan,nan,nan
8/24/2026 1:22:04,1.17.3,StopSig,76,3.88,nan,1,Right_Regular_(correct),Left,242,532,155,202909870,nan,nan,nan
8/24/2026 1:22:05,1.17.3,StopSig,76,3.88,1,1,Pellet,Left,242,532,156,202909870,0.71,1388,nan
8/24/2026 1:22:29,1.17.3,StopSig,76,3.88,nan,1,Right_no_left,Left,242,533,156,202909870,nan,nan,nan
8/24/2026 1:22:31,1.17.3,StopSig,76,3.88,nan,1,>Left_Regular_trial,Left,243,533,156,202936295,nan,nan,nan
8/24/2026 1:22:32,1.17.3,StopSig,76,3.88,nan,1,Right_Regular_(correct),Left,243,534,156,202937331,nan,nan,nan
8/24/2026 1:22:33,1.17.3,StopSig,76,3.88,2,1,Pellet,Left,243,534,157,202937331,0.29,28,nan
8/24/2026 2:20:40,1.17.3,StopSig,76,3.87,nan,1,Right_no_left,Left,243,535,157,202937331,nan,nan,nan
8/24/2026 2:20:41,1.17.3,StopSig,76,3.87,nan,1,Right_no_left,Left,243,536,157,206425823,nan,nan,nan
8/24/2026 2:20:42,1.17.3,StopSig,76,3.87,nan,1,Right_no_left,Left,243,537,157,206427013,nan,nan,nan
8/24/2026 2:20:45,1.17.3,StopSig,76,3.87,nan,1,Right_no_left,Left,243,538,157,206427901,nan,nan,nan
8/24/2026 2:20:49,1.17.3,StopSig,76,3.87,nan,1,>Left_Regular_trial,Left,244,538,157,206435153,nan,nan,nan
8/24/2026 2:20:51,1.17.3,StopSig,76,3.87,nan,1,Right_Regular_(correct),Left,244,539,157,206437372,nan,nan,nan
8/24/2026 2:20:52,1.17.3,StopSig,76,3.80,nan,1,RightDuringDispense,Left,244,540,157,206437372,nan,nan,0.04
8/24/2026 2:20:53,1.17.3,StopSig,76,3.87,1,1,Pellet,Left,244,540,158,206437372,0.65,3500,nan
8/24/2026 2:21:26,1.17.3,StopSig,76,3.87,nan,1,>Left_Regular_trial,Left,245,540,158,206472198,nan,nan,nan
8/24/2026 2:21:28,1.17.3,StopSig,76,3.87,nan,1,Right_Regular_(correct),Left,245,541,158,206474121,nan,nan,nan
8/24/2026 2:21:30,1.17.3,StopSig,76,3.87,2,1,Pellet,Left,245,541,159,206474121,0.41,37,nan
8/24/2026 2:21:52,1.17.3,StopSig,76,3.87,nan,1,Right_no_left,Left,245,542,159,206474121,nan,nan,nan
8/24/2026 2:21:56,1.17.3,StopSig,76,3.87,nan,1,>Left_Regular_trial,Left,246,542,159,206501361,nan,nan,nan
8/24/2026 2:21:58,1.17.3,StopSig,76,3.88,nan,1,Right_Regular_(correct),Left,246,543,159,206504171,nan,nan,nan
8/24/2026 2:21:59,1.17.3,StopSig,76,3.87,2,1,Pellet,Left,246,543,160,206504171,0.23,29,nan
8/24/2026 2:23:14,1.17.3,StopSig,76,3.87,nan,1,>Left_Stop_trial,Left,247,543,160,206579847,nan,nan,nan
8/24/2026 2:23:18,1.17.3,StopSig,76,3.87,nan,1,NoPoke_STOP_(correct),Left,247,543,160,206583717,nan,nan,nan
8/24/2026 2:23:21,1.17.3,StopSig,76,3.88,2,1,Pellet,Left,247,543,161,206583717,0.23,82,nan
8/24/2026 2:24:16,1.17.3,StopSig,76,3.87,nan,1,>Left_Stop_trial,Left,248,543,161,206641036,nan,nan,nan
8/24/2026 2:24:19,1.17.3,StopSig,76,3.87,nan,1,NoPoke_STOP_(correct),Left,248,543,161,206644757,nan,nan,nan
8/24/2026 2:24:21,1.17.3,StopSig,76,3.88,1,1,Pellet,Left,248,543,162,206644757,1.07,60,nan
8/24/2026 2:29:42,1.17.3,StopSig,76,3.87,nan,1,Right_no_left,Left,248,544,162,206644757,nan,nan,nan
8/24/2026 2:29:52,1.17.3,StopSig,76,3.87,nan,1,Right_no_left,Left,248,545,162,206968294,nan,nan,nan
8/24/2026 2:30:08,1.17.3,StopSig,76,3.87,nan,1,Right_no_left,Left,248,546,162,206978215,nan,nan,nan
8/24/2026 2:30:09,1.17.3,StopSig,76,3.87,nan,1,Right_no_left,Left,248,547,162,206994507,nan,nan,nan
8/24/2026 2:31:45,1.17.3,StopSig,76,3.87,nan,1,Right_no_left,Left,248,548,162,206995395,nan,nan,nan
8/24/2026 2:31:47,1.17.3,StopSig,76,3.87,nan,1,Right_no_left,Left,248,549,162,207091588,nan,nan,nan
8/24/2026 2:31:50,1.17.3,StopSig,76,3.87,nan,1,Right_no_left,Left,248,550,162,207093370,nan,nan,nan
8/24/2026 2:31:51,1.17.3,StopSig,76,3.87,nan,1,Right_no_left,Left,248,551,162,207095885,nan,nan,nan
8/24/2026 2:31:54,1.17.3,StopSig,76,3.87,nan,1,>Left_Stop_trial,Left,249,551,162,207099140,nan,nan,nan
8/24/2026 2:31:57,1.17.3,StopSig,76,3.87,nan,1,NoPoke_STOP_(correct),Left,249,551,162,207102711,nan,nan,nan
8/24/2026 2:31:59,1.17.3,StopSig,76,3.87,1,1,Pellet,Left,249,551,163,207102711,1.37,458,nan
8/24/2026 2:32:43,1.17.3,StopSig,76,3.87,nan,1,Right_no_left,Left,249,552,163,207102711,nan,nan,nan
8/24/2026 2:32:47,1.17.3,StopSig,76,3.87,nan,1,>Left_Stop_trial,Left,250,552,163,207152525,nan,nan,nan
8/24/2026 2:32:51,1.17.3,StopSig,76,3.87,nan,1,NoPoke_STOP_(correct),Left,250,552,163,207156695,nan,nan,nan
8/24/2026 2:32:53,1.17.3,StopSig,76,3.87,1,1,Pellet,Left,250,552,164,207156695,1.07,54,nan
8/24/2026 2:37:21,1.17.3,StopSig,76,3.87,nan,1,Right_no_left,Left,250,553,164,207156695,nan,nan,nan
8/24/2026 2:37:23,1.17.3,StopSig,76,3.88,nan,1,Right_no_left,Left,250,554,164,207427543,nan,nan,nan
8/24/2026 2:37:47,1.17.3,StopSig,76,3.87,nan,1,Right_no_left,Left,250,555,164,207429023,nan,nan,nan
8/24/2026 2:37:49,1.17.3,StopSig,76,3.87,nan,1,Right_no_left,Left,250,556,164,207452703,nan,nan,nan
8/24/2026 2:41:02,1.17.3,StopSig,76,3.87,nan,1,Right_no_left,Left,250,557,164,207455515,nan,nan,nan
8/24/2026 2:41:04,1.17.3,StopSig,76,3.88,nan,1,Right_no_left,Left,250,558,164,207647654,nan,nan,nan
8/24/2026 2:48:39,1.17.3,StopSig,76,3.87,nan,1,Right_no_left,Left,250,559,164,207650027,nan,nan,nan
8/24/2026 2:48:40,1.17.3,StopSig,76,3.87,nan,1,Right_no_left,Left,250,560,164,208105275,nan,nan,nan
8/24/2026 2:49:04,1.17.3,StopSig,76,3.87,nan,1,Right_no_left,Left,250,561,164,208105866,nan,nan,nan
8/24/2026 2:49:05,1.17.3,StopSig,76,3.87,nan,1,Right_no_left,Left,250,562,164,208129716,nan,nan,nan
8/24/2026 2:50:02,1.17.3,StopSig,76,3.87,nan,1,Right_no_left,Left,250,563,164,208131491,nan,nan,nan
8/24/2026 2:53:26,1.17.3,StopSig,76,3.87,nan,1,>Left_Regular_trial,Left,251,563,164,208391724,nan,nan,nan
8/24/2026 2:53:29,1.17.3,StopSig,76,3.87,nan,1,Right_Regular_(correct),Left,251,564,164,208394991,nan,nan,nan
8/24/2026 2:53:32,1.17.3,StopSig,76,3.87,2,1,Pellet,Left,251,564,165,208394991,0.41,1239,nan
8/24/2026 2:53:52,1.17.3,StopSig,76,3.87,nan,1,>Left_Regular_trial,Left,252,564,165,208417966,nan,nan,nan
8/24/2026 2:53:54,1.17.3,StopSig,76,3.87,nan,1,Right_Regular_(correct),Left,252,565,165,208419743,nan,nan,nan
8/24/2026 2:53:55,1.17.3,StopSig,76,3.87,1,1,Pellet,Left,252,565,166,208419743,0.23,23,nan
8/24/2026 2:54:45,1.17.3,StopSig,76,3.87,nan,1,>Left_Stop_trial,Left,253,565,166,208470124,nan,nan,nan
8/24/2026 2:54:48,1.17.3,StopSig,76,3.87,nan,1,NoPoke_STOP_(correct),Left,253,565,166,208473850,nan,nan,nan
8/24/2026 2:54:49,1.17.3,StopSig,76,3.87,1,1,Pellet,Left,253,565,167,208473850,0.77,54,nan
8/24/2026 2:56:34,1.17.3,StopSig,76,3.87,nan,1,Right_no_left,Left,253,566,167,208473850,nan,nan,nan
8/24/2026 3:10:25,1.17.3,StopSig,76,3.87,nan,1,>Left_Regular_trial,Left,254,566,167,209411099,nan,nan,nan
8/24/2026 3:10:27,1.17.3,StopSig,76,3.87,nan,1,Right_Regular_(correct),Left,254,567,167,209413170,nan,nan,nan
8/24/2026 3:10:31,1.17.3,StopSig,76,3.87,2,1,Pellet,Left,254,567,168,209413170,0.77,942,nan
8/24/2026 3:42:45,1.17.3,StopSig,76,3.87,nan,1,>Left_Stop_trial,Left,255,567,168,211350758,nan,nan,nan
8/24/2026 3:42:49,1.17.3,StopSig,76,3.87,nan,1,NoPoke_STOP_(correct),Left,255,567,168,211354927,nan,nan,nan
8/24/2026 3:42:52,1.17.3,StopSig,76,3.87,1,1,Pellet,Left,255,567,169,211354927,2.57,1941,nan
8/24/2026 3:43:17,1.17.3,StopSig,76,3.87,nan,1,Right_no_left,Left,255,568,169,211354927,nan,nan,nan
8/24/2026 3:43:22,1.17.3,StopSig,76,3.87,nan,1,>Left_Regular_trial,Left,256,568,169,211388339,nan,nan,nan
8/24/2026 3:43:26,1.17.3,StopSig,76,3.87,nan,1,NoPoke_Regular_(incorrect),Left,256,568,169,211391895,nan,nan,nan
8/24/2026 5:02:43,1.17.3,StopSig,76,3.86,nan,1,>Left_Regular_trial,Left,257,568,169,216149034,nan,nan,nan
8/24/2026 5:02:47,1.17.3,StopSig,76,3.86,nan,1,NoPoke_Regular_(incorrect),Left,257,568,169,216153189,nan,nan,nan
8/24/2026 5:04:48,1.17.3,StopSig,76,3.86,nan,1,Right_no_left,Left,257,569,169,216153189,nan,nan,nan
8/24/2026 5:04:50,1.17.3,StopSig,76,3.86,nan,1,Right_no_left,Left,257,570,169,216274920,nan,nan,nan
8/24/2026 5:07:09,1.17.3,StopSig,76,3.86,nan,1,>Left_Stop_trial,Left,258,570,169,216415122,nan,nan,nan
8/24/2026 5:07:13,1.17.3,StopSig,76,3.86,nan,1,NoPoke_STOP_(correct),Left,258,570,169,216419142,nan,nan,nan
8/24/2026 5:07:29,1.17.3,StopSig,76,3.86,nan,1,LeftWithPellet,Left,259,570,169,216419142,nan,nan,0.06
8/24/2026 5:07:34,1.17.3,StopSig,76,3.87,nan,1,LeftWithPellet,Left,260,570,169,216419142,nan,nan,0.19
8/24/2026 5:07:37,1.17.3,StopSig,76,3.86,1,1,Pellet,Left,260,570,170,216419142,23.86,5085,nan
8/24/2026 5:08:06,1.17.3,StopSig,76,3.86,nan,1,Right_no_left,Left,260,571,170,216419142,nan,nan,nan
8/24/2026 5:08:14,1.17.3,StopSig,76,3.85,nan,1,>Left_Stop_trial,Left,261,571,170,216480415,nan,nan,nan
8/24/2026 5:08:18,1.17.3,StopSig,76,3.86,nan,1,NoPoke_STOP_(correct),Left,261,571,170,216484140,nan,nan,nan
8/24/2026 5:08:21,1.17.3,StopSig,76,3.86,2,1,Pellet,Left,261,571,171,216484140,0.17,44,nan
8/24/2026 5:12:25,1.17.3,StopSig,76,3.86,nan,1,Right_no_left,Left,261,572,171,216484140,nan,nan,nan
8/24/2026 5:14:46,1.17.3,StopSig,76,3.86,nan,1,>Left_Stop_trial,Left,262,572,171,216871964,nan,nan,nan
8/24/2026 5:14:50,1.17.3,StopSig,76,3.86,nan,1,NoPoke_STOP_(correct),Left,262,572,171,216876124,nan,nan,nan
8/24/2026 5:14:52,1.17.3,StopSig,76,3.86,1,1,Pellet,Left,262,572,172,216876124,1.31,391,nan
8/24/2026 5:15:17,1.17.3,StopSig,76,3.86,nan,1,>Left_Regular_trial,Left,263,572,172,216903174,nan,nan,nan
8/24/2026 5:15:21,1.17.3,StopSig,76,3.86,nan,1,NoPoke_Regular_(incorrect),Left,263,572,172,216907168,nan,nan,nan
8/24/2026 5:15:52,1.17.3,StopSig,76,3.86,nan,1,Right_no_left,Left,263,573,172,216907168,nan,nan,nan
8/24/2026 5:15:53,1.17.3,StopSig,76,3.85,nan,1,Right_no_left,Left,263,574,172,216938832,nan,nan,nan
8/24/2026 5:15:57,1.17.3,StopSig,76,3.86,nan,1,>Left_Regular_trial,Left,264,574,172,216943423,nan,nan,nan
8/24/2026 5:16:01,1.17.3,StopSig,76,3.85,nan,1,NoPoke_Regular_(incorrect),Left,264,574,172,216947118,nan,nan,nan
8/24/2026 5:22:59,1.17.3,StopSig,76,3.86,nan,1,Right_no_left,Left,264,575,172,216947118,nan,nan,nan
8/24/2026 5:23:05,1.17.3,StopSig,76,3.86,nan,1,Right_no_left,Left,264,576,172,217365582,nan,nan,nan
8/24/2026 5:23:06,1.17.3,StopSig,76,3.86,nan,1,Right_no_left,Left,264,577,172,217371216,nan,nan,nan
8/24/2026 5:25:38,1.17.3,StopSig,76,3.86,nan,1,Right_no_left,Left,264,578,172,217372257,nan,nan,nan
8/24/2026 5:25:42,1.17.3,StopSig,76,3.85,nan,1,Right_no_left,Left,264,579,172,217525047,nan,nan,nan
8/24/2026 5:25:43,1.17.3,StopSig,76,3.86,nan,1,Right_no_left,Left,264,580,172,217528747,nan,nan,nan
8/24/2026 5:25:48,1.17.3,StopSig,76,3.86,nan,1,Right_no_left,Left,264,581,172,217529635,nan,nan,nan
8/24/2026 5:25:52,1.17.3,StopSig,76,3.85,nan,1,Right_no_left,Left,264,582,172,217534818,nan,nan,nan
8/24/2026 5:29:41,1.17.3,StopSig,76,3.86,nan,1,>Left_Regular_trial,Left,265,582,172,217766901,nan,nan,nan
8/24/2026 5:29:44,1.17.3,StopSig,76,3.85,nan,1,NoPoke_Regular_(incorrect),Left,265,582,172,217770160,nan,nan,nan
8/24/2026 8:23:10,1.17.3,StopSig,76,3.84,nan,1,>Left_Stop_trial,Left,266,582,172,228176320,nan,nan,nan
8/24/2026 8:23:13,1.17.3,StopSig,76,3.85,nan,1,NoPoke_STOP_(correct),Left,266,582,172,228179620,nan,nan,nan
8/24/2026 8:23:18,1.17.3,StopSig,76,3.84,3,1,Pellet,Left,266,582,173,228179620,0.83,11306,nan
8/24/2026 8:24:07,1.17.3,StopSig,76,3.84,nan,1,Right_no_left,Left,266,583,173,228179620,nan,nan,nan
8/24/2026 8:24:13,1.17.3,StopSig,76,3.85,nan,1,Right_no_left,Left,266,584,173,228233779,nan,nan,nan
8/24/2026 8:24:14,1.17.3,StopSig,76,3.84,nan,1,Right_no_left,Left,266,585,173,228240184,nan,nan,nan
8/24/2026 8:24:17,1.17.3,StopSig,76,3.85,nan,1,>Left_Regular_trial,Left,267,585,173,228243313,nan,nan,nan
8/24/2026 8:24:20,1.17.3,StopSig,76,3.84,nan,1,NoPoke_Regular_(incorrect),Left,267,585,173,228246737,nan,nan,nan
8/24/2026 9:18:43,1.17.3,StopSig,76,3.84,nan,1,>Left_Regular_trial,Left,268,585,173,231509421,nan,nan,nan
8/24/2026 9:18:46,1.17.3,StopSig,76,3.84,nan,1,NoPoke_Regular_(incorrect),Left,268,585,173,231512847,nan,nan,nan
8/24/2026 9:49:42,1.17.3,StopSig,76,3.83,nan,1,Right_no_left,Left,268,586,173,231512847,nan,nan,nan
8/24/2026 9:49:45,1.17.3,StopSig,76,3.84,nan,1,>Left_Stop_trial,Left,269,586,173,233371202,nan,nan,nan
8/24/2026 9:49:48,1.17.3,StopSig,76,3.83,nan,1,NoPoke_STOP_(correct),Left,269,586,173,233374953,nan,nan,nan
8/24/2026 9:49:53,1.17.3,StopSig,76,3.84,2,1,Pellet,Left,269,586,174,233374953,1.91,5195,nan
8/24/2026 9:51:08,1.17.3,StopSig,76,3.84,nan,1,Right_no_left,Left,269,587,174,233374953,nan,nan,nan
8/24/2026 9:51:09,1.17.3,StopSig,76,3.84,nan,1,Right_no_left,Left,269,588,174,233455235,nan,nan,nan
8/24/2026 9:51:12,1.17.3,StopSig,76,3.83,nan,1,>Left_Regular_trial,Left,270,588,174,233458957,nan,nan,nan
8/24/2026 9:51:16,1.17.3,StopSig,76,3.84,nan,1,NoPoke_Regular_(incorrect),Left,270,588,174,233462832,nan,nan,nan
8/24/2026 10:02:34,1.17.3,StopSig,76,3.84,nan,1,>Left_Stop_trial,Left,271,588,174,234140525,nan,nan,nan
8/24/2026 10:02:37,1.17.3,StopSig,76,3.83,nan,1,NoPoke_STOP_(correct),Left,271,588,174,234143965,nan,nan,nan
8/24/2026 10:02:41,1.17.3,StopSig,76,3.83,2,1,Pellet,Left,271,588,175,234143965,1.91,768,nan
8/24/2026 10:03:39,1.17.3,StopSig,76,3.83,nan,1,Right_no_left,Left,271,589,175,234143965,nan,nan,nan
8/24/2026 10:03:42,1.17.3,StopSig,76,3.84,nan,1,>Left_Stop_trial,Left,272,589,175,234208320,nan,nan,nan
8/24/2026 10:03:45,1.17.3,StopSig,76,3.84,nan,1,NoPoke_STOP_(correct),Left,272,589,175,234211911,nan,nan,nan
8/24/2026 10:03:46,1.17.3,StopSig,76,3.84,1,1,Pellet,Left,272,589,176,234211911,0.23,65,nan
8/24/2026 10:04:21,1.17.3,StopSig,76,3.83,nan,1,>Left_Regular_trial,Left,273,589,176,234247632,nan,nan,nan
8/24/2026 10:04:22,1.17.3,StopSig,76,3.83,nan,1,Right_Regular_(correct),Left,273,590,176,234249417,nan,nan,nan
8/24/2026 10:04:27,1.17.3,StopSig,76,3.83,3,1,Pellet,Left,273,590,177,234249417,1.01,40,nan
8/24/2026 10:05:07,1.17.3,StopSig,76,3.83,nan,1,Right_no_left,Left,273,591,177,234249417,nan,nan,nan
8/24/2026 10:05:09,1.17.3,StopSig,76,3.83,nan,1,Right_no_left,Left,273,592,177,234294740,nan,nan,nan
8/24/2026 10:05:11,1.17.3,StopSig,76,3.83,nan,1,>Left_Stop_trial,Left,274,592,177,234297861,nan,nan,nan
8/24/2026 10:05:15,1.17.3,StopSig,76,3.83,nan,1,NoPoke_STOP_(correct),Left,274,592,177,234301896,nan,nan,nan
8/24/2026 10:05:16,1.17.3,StopSig,76,3.83,2,1,Pellet,Left,274,592,178,234301896,0.47,50,nan
8/24/2026 10:06:44,1.17.3,StopSig,76,3.83,nan,1,>Left_Regular_trial,Left,275,592,178,234391258,nan,nan,nan
8/24/2026 10:06:45,1.17.3,StopSig,76,3.83,nan,1,Right_Regular_(correct),Left,275,593,178,234392309,nan,nan,nan
8/24/2026 10:06:46,1.17.3,StopSig,76,3.84,2,1,Pellet,Left,275,593,179,234392309,0.29,90,nan
8/24/2026 10:07:31,1.17.3,StopSig,76,3.83,nan,1,Right_no_left,Left,275,594,179,234392309,nan,nan,nan
8/24/2026 10:07:34,1.17.3,StopSig,76,3.83,nan,1,>Left_Regular_trial,Left,276,594,179,234440907,nan,nan,nan
8/24/2026 10:07:36,1.17.3,StopSig,76,3.83,nan,1,Right_Regular_(correct),Left,276,595,179,234443285,nan,nan,nan
8/24/2026 10:07:39,1.17.3,StopSig,76,3.83,2,1,Pellet,Left,276,595,180,234443285,0.35,53,nan
8/24/2026 10:17:21,1.17.3,StopSig,76,3.83,nan,1,>Left_Regular_trial,Left,277,595,180,235028116,nan,nan,nan
8/24/2026 10:17:25,1.17.3,StopSig,76,3.84,nan,1,NoPoke_Regular_(incorrect),Left,277,595,180,235031980,nan,nan,nan
8/24/2026 10:22:51,1.17.3,StopSig,76,3.83,nan,1,Right_no_left,Left,277,596,180,235031980,nan,nan,nan
8/24/2026 10:22:54,1.17.3,StopSig,76,3.83,nan,1,>Left_Regular_trial,Left,278,596,180,235360948,nan,nan,nan
8/24/2026 10:22:55,1.17.3,StopSig,76,3.83,nan,1,Right_Regular_(correct),Left,278,597,180,235361989,nan,nan,nan
8/24/2026 10:22:56,1.17.3,StopSig,76,3.83,1,1,Pellet,Left,278,597,181,235361989,0.53,917,nan
8/24/2026 10:23:19,1.17.3,StopSig,76,3.83,nan,1,Right_no_left,Left,278,598,181,235361989,nan,nan,nan
8/24/2026 10:25:09,1.17.3,StopSig,76,3.83,nan,1,>Left_Regular_trial,Left,279,598,181,235495980,nan,nan,nan
8/24/2026 10:25:13,1.17.3,StopSig,76,3.83,nan,1,NoPoke_Regular_(incorrect),Left,279,598,181,235499997,nan,nan,nan
8/24/2026 10:43:15,1.17.3,StopSig,76,3.83,nan,1,Right_no_left,Left,279,599,181,235499997,nan,nan,nan
8/24/2026 11:37:14,1.17.3,StopSig,76,3.83,nan,1,>Left_Stop_trial,Left,280,599,181,239820764,nan,nan,nan
8/24/2026 11:37:17,1.17.3,StopSig,76,3.83,nan,1,NoPoke_STOP_(correct),Left,280,599,181,239824211,nan,nan,nan
8/24/2026 11:37:28,1.17.3,StopSig,76,3.83,1,1,Pellet,Left,280,599,182,239824211,10.19,4472,nan
8/24/2026 11:37:58,1.17.3,StopSig,76,3.83,nan,1,Right_no_left,Left,280,600,182,239824211,nan,nan,nan
8/24/2026 11:37:59,1.17.3,StopSig,76,3.83,nan,1,Right_no_left,Left,280,601,182,239865235,nan,nan,nan
8/24/2026 11:38:03,1.17.3,StopSig,76,3.83,nan,1,Right_no_left,Left,280,602,182,239866126,nan,nan,nan
8/24/2026 11:38:08,1.17.3,StopSig,76,3.83,nan,1,>Left_Stop_trial,Left,281,602,182,239874767,nan,nan,nan
8/24/2026 11:38:11,1.17.3,StopSig,76,3.83,nan,1,NoPoke_STOP_(correct),Left,281,602,182,239878210,nan,nan,nan
8/24/2026 11:38:12,1.17.3,StopSig,76,3.83,1,1,Pellet,Left,281,602,183,239878210,0.77,44,nan
8/24/2026 12:13:45,1.17.3,StopSig,76,3.82,nan,1,>Left_Regular_trial,Left,282,602,183,242012348,nan,nan,nan
8/24/2026 12:13:48,1.17.3,StopSig,76,3.83,nan,1,Right_Regular_(correct),Left,282,603,183,242015027,nan,nan,nan
8/24/2026 12:13:49,1.17.3,StopSig,76,3.83,1,1,Pellet,Left,282,603,184,242015027,0.35,2137,nan
8/24/2026 12:14:55,1.17.3,StopSig,76,3.83,nan,1,>Left_Stop_trial,Left,283,603,184,242082055,nan,nan,nan
8/24/2026 12:14:56,1.17.3,StopSig,76,3.82,nan,1,Right_STOP_(incorrect),Left,283,604,184,242083104,nan,nan,nan
8/24/2026 12:15:26,1.17.3,StopSig,76,3.83,nan,1,>Left_Regular_trial,Left,284,604,184,242113428,nan,nan,nan
8/24/2026 12:15:30,1.17.3,StopSig,76,3.83,nan,1,NoPoke_Regular_(incorrect),Left,284,604,184,242117295,nan,nan,nan
8/24/2026 12:16:59,1.17.3,StopSig,76,3.83,nan,1,>Left_Regular_trial,Left,285,604,184,242205962,nan,nan,nan
8/24/2026 12:17:00,1.17.3,StopSig,76,3.82,nan,1,Right_Regular_(correct),Left,285,605,184,242207598,nan,nan,nan
8/24/2026 12:17:01,1.17.3,StopSig,76,3.82,1,1,Pellet,Left,285,605,185,242207598,0.41,192,nan
8/24/2026 12:33:49,1.17.3,StopSig,76,3.83,nan,1,>Left_Stop_trial,Left,286,605,185,243215841,nan,nan,nan
8/24/2026 12:33:52,1.17.3,StopSig,76,3.82,nan,1,NoPoke_STOP_(correct),Left,286,605,185,243219288,nan,nan,nan
8/24/2026 12:33:53,1.17.3,StopSig,76,3.82,1,1,Pellet,Left,286,605,186,243219288,0.65,1012,nan
8/24/2026 12:43:49,1.17.3,StopSig,76,3.83,nan,1,Right_no_left,Left,286,606,186,243219288,nan,nan,nan
8/24/2026 12:43:54,1.17.3,StopSig,76,3.82,nan,1,>Left_Regular_trial,Left,287,606,186,243821428,nan,nan,nan
8/24/2026 12:43:57,1.17.3,StopSig,76,3.82,nan,1,Right_Regular_(correct),Left,287,607,186,243824555,nan,nan,nan
8/24/2026 12:44:00,1.17.3,StopSig,76,3.83,2,1,Pellet,Left,287,607,187,243824555,0.53,607,nan
8/24/2026 13:20:53,1.17.3,StopSig,76,3.82,nan,1,Right_no_left,Left,287,608,187,243824555,nan,nan,nan
8/24/2026 13:20:57,1.17.3,StopSig,76,3.82,nan,1,Right_no_left,Left,287,609,187,246041117,nan,nan,nan
8/24/2026 13:20:58,1.17.3,StopSig,76,3.82,nan,1,Right_no_left,Left,287,610,187,246045137,nan,nan,nan
8/24/2026 13:20:59,1.17.3,StopSig,76,3.82,nan,1,Right_no_left,Left,287,611,187,246046029,nan,nan,nan
8/24/2026 13:41:35,1.17.3,StopSig,76,3.82,nan,1,>Left_Regular_trial,Left,288,611,187,247282970,nan,nan,nan
8/24/2026 13:41:37,1.17.3,StopSig,76,3.82,nan,1,Right_Regular_(correct),Left,288,612,187,247284907,nan,nan,nan
8/24/2026 13:41:39,1.17.3,StopSig,76,3.82,1,1,Pellet,Left,288,612,188,247284907,1.19,3459,nan
8/24/2026 13:42:01,1.17.3,StopSig,76,3.82,nan,1,Right_no_left,Left,288,613,188,247284907,nan,nan,nan
8/24/2026 13:42:03,1.17.3,StopSig,76,3.82,nan,1,Right_no_left,Left,288,614,188,247309198,nan,nan,nan
8/24/2026 13:42:05,1.17.3,StopSig,76,3.82,nan,1,>Left_Regular_trial,Left,289,614,188,247312622,nan,nan,nan
8/24/2026 13:42:07,1.17.3,StopSig,76,3.82,nan,1,Right_Regular_(correct),Left,289,615,188,247314265,nan,nan,nan
8/24/2026 13:42:08,1.17.3,StopSig,76,3.82,1,1,Pellet,Left,289,615,189,247314265,0.71,29,nan
8/24/2026 13:42:41,1.17.3,StopSig,76,3.82,nan,1,>Left_Regular_trial,Left,290,615,189,247348393,nan,nan,nan
8/24/2026 13:42:42,1.17.3,StopSig,76,3.82,nan,1,Right_Regular_(correct),Left,290,616,189,247350029,nan,nan,nan
8/24/2026 13:42:43,1.17.3,StopSig,76,3.82,1,1,Pellet,Left,290,616,190,247350029,0.29,35,nan
8/24/2026 13:43:11,1.17.3,StopSig,76,3.82,nan,1,>Left_Regular_trial,Left,291,616,190,247378475,nan,nan,nan
8/24/2026 13:43:12,1.17.3,StopSig,76,3.82,nan,1,Right_Regular_(correct),Left,291,617,190,247379663,nan,nan,nan
8/24/2026 13:43:15,1.17.3,StopSig,76,3.82,2,1,Pellet,Left,291,617,191,247379663,0.29,32,nan
8/24/2026 13:44:04,1.17.3,StopSig,76,3.82,nan,1,Right_no_left,Left,291,618,191,247379663,nan,nan,nan
8/24/2026 13:44:08,1.17.3,StopSig,76,3.82,nan,1,Right_no_left,Left,291,619,191,247432131,nan,nan,nan
8/24/2026 13:44:09,1.17.3,StopSig,76,3.82,nan,1,Right_no_left,Left,291,620,191,247436296,nan,nan,nan
8/24/2026 13:44:09,1.17.3,StopSig,76,3.82,nan,1,Right_no_left,Left,291,621,191,247437038,nan,nan,nan
8/24/2026 13:44:12,1.17.3,StopSig,76,3.82,nan,1,>Left_Regular_trial,Left,292,621,191,247439710,nan,nan,nan
8/24/2026 13:44:14,1.17.3,StopSig,76,3.82,nan,1,Right_Regular_(correct),Left,292,622,191,247441641,nan,nan,nan
8/24/2026 13:44:16,1.17.3,StopSig,76,3.82,1,1,Pellet,Left,292,622,192,247441641,1.01,61,nan
8/24/2026 14:27:50,1.17.3,StopSig,76,3.82,nan,1,Right_no_left,Left,292,623,192,247441641,nan,nan,nan
8/24/2026 14:45:31,1.17.3,StopSig,76,3.82,nan,1,Right_no_left,Left,292,624,192,250057540,nan,nan,nan
8/24/2026 14:45:32,1.17.3,StopSig,76,3.81,nan,1,Right_no_left,Left,292,625,192,251118968,nan,nan,nan
8/24/2026 14:53:32,1.17.3,StopSig,76,3.81,nan,1,Right_no_left,Left,292,626,192,251120009,nan,nan,nan
8/24/2026 15:00:53,1.17.3,StopSig,76,3.81,nan,1,>Left_Regular_trial,Left,293,626,192,252040810,nan,nan,nan
8/24/2026 15:00:56,1.17.3,StopSig,76,3.81,nan,1,Right_Regular_(correct),Left,293,627,192,252044092,nan,nan,nan
8/24/2026 15:00:57,1.17.3,StopSig,76,3.82,nan,1,RightDuringDispense,Left,293,628,192,252044092,nan,nan,0.12
8/24/2026 15:01:00,1.17.3,StopSig,76,3.81,2,1,Pellet,Left,293,628,193,252044092,1.07,4604,nan
8/24/2026 15:02:29,1.17.3,StopSig,76,3.82,nan,1,Right_no_left,Left,293,629,193,252044092,nan,nan,nan
8/24/2026 15:02:32,1.17.3,StopSig,76,3.82,nan,1,>Left_Stop_trial,Left,294,629,193,252139980,nan,nan,nan
8/24/2026 15:02:36,1.17.3,StopSig,76,3.82,nan,1,NoPoke_STOP_(correct),Left,294,629,193,252143734,nan,nan,nan
8/24/2026 15:02:39,1.17.3,StopSig,76,3.82,1,1,Pellet,Left,294,629,194,252143734,2.27,99,nan
8/24/2026 15:03:45,1.17.3,StopSig,76,3.82,nan,1,>Left_Regular_trial,Left,295,629,194,252213128,nan,nan,nan
8/24/2026 15:03:48,1.17.3,StopSig,76,3.82,nan,1,Right_Regular_(correct),Left,295,630,194,252215956,nan,nan,nan
8/24/2026 15:03:49,1.17.3,StopSig,76,3.82,1,1,Pellet,Left,295,630,195,252215956,0.29,70,nan
8/24/2026 15:04:08,1.17.3,StopSig,76,3.81,nan,1,>Left_Regular_trial,Left,296,630,195,252235784,nan,nan,nan
8/24/2026 15:04:12,1.17.3,StopSig,76,3.81,nan,1,NoPoke_Regular_(incorrect),Left,296,630,195,252239666,nan,nan,nan
8/24/2026 15:04:54,1.17.3,StopSig,76,3.81,nan,1,Right_no_left,Left,296,631,195,252239666,nan,nan,nan
8/24/2026 15:04:57,1.17.3,StopSig,76,3.82,nan,1,>Left_Regular_trial,Left,297,631,195,252284583,nan,nan,nan
8/24/2026 15:04:58,1.17.3,StopSig,76,3.82,nan,1,Right_Regular_(correct),Left,297,632,195,252286075,nan,nan,nan
8/24/2026 15:05:03,1.17.3,StopSig,76,3.81,3,1,Pellet,Left,297,632,196,252286075,0.29,74,nan
8/24/2026 15:10:05,1.17.3,StopSig,76,3.82,nan,1,>Left_Regular_trial,Left,298,632,196,252593245,nan,nan,nan
8/24/2026 15:10:09,1.17.3,StopSig,76,3.81,nan,1,NoPoke_Regular_(incorrect),Left,298,632,196,252596669,nan,nan,nan
8/24/2026 15:16:04,1.17.3,StopSig,76,3.81,nan,1,Right_no_left,Left,298,633,196,252596669,nan,nan,nan
8/24/2026 15:16:09,1.17.3,StopSig,76,3.82,nan,1,Right_no_left,Left,298,634,196,252952625,nan,nan,nan
8/24/2026 15:19:56,1.17.3,StopSig,76,3.81,nan,1,>Left_Regular_trial,Left,299,634,196,253184130,nan,nan,nan
8/24/2026 15:20:00,1.17.3,StopSig,76,3.81,nan,1,NoPoke_Regular_(incorrect),Left,299,634,196,253187701,nan,nan,nan
8/24/2026 15:23:21,1.17.3,StopSig,76,3.82,nan,1,Right_no_left,Left,299,635,196,253187701,nan,nan,nan
8/24/2026 15:24:47,1.17.3,StopSig,76,3.82,nan,1,Right_no_left,Left,299,636,196,253388829,nan,nan,nan
8/24/2026 15:24:52,1.17.3,StopSig,76,3.81,nan,1,Right_no_left,Left,299,637,196,253475549,nan,nan,nan
8/24/2026 16:08:13,1.17.3,StopSig,76,3.81,nan,1,Right_no_left,Left,299,638,196,253480315,nan,nan,nan
8/24/2026 16:08:16,1.17.3,StopSig,76,3.81,nan,1,Right_no_left,Left,299,639,196,256081736,nan,nan,nan
8/24/2026 16:08:18,1.17.3,StopSig,76,3.81,nan,1,Right_no_left,Left,299,640,196,256083971,nan,nan,nan
8/24/2026 16:08:25,1.17.3,StopSig,76,3.80,nan,1,Right_no_left,Left,299,641,196,256086504,nan,nan,nan
8/24/2026 16:08:26,1.17.3,StopSig,76,3.80,nan,1,Right_no_left,Left,299,642,196,256093215,nan,nan,nan
8/24/2026 16:09:33,1.17.3,StopSig,76,3.81,nan,1,Right_no_left,Left,299,643,196,256094404,nan,nan,nan
8/24/2026 16:09:36,1.17.3,StopSig,76,3.81,nan,1,Right_no_left,Left,299,644,196,256161608,nan,nan,nan
8/24/2026 16:09:39,1.17.3,StopSig,76,3.81,nan,1,>Left_Regular_trial,Left,300,644,196,256167118,nan,nan,nan
8/24/2026 16:09:43,1.17.3,StopSig,76,3.80,nan,1,NoPoke_Regular_(incorrect),Left,300,644,196,256170840,nan,nan,nan
8/24/2026 16:10:15,1.17.3,StopSig,76,3.81,nan,1,>Left_Stop_trial,Left,301,644,196,256202807,nan,nan,nan
8/24/2026 16:10:19,1.17.3,StopSig,76,3.81,nan,1,NoPoke_STOP_(correct),Left,301,644,196,256206841,nan,nan,nan
8/24/2026 16:10:20,1.17.3,StopSig,76,3.80,1,1,Pellet,Left,301,644,197,256206841,0.77,3917,nan
8/24/2026 16:10:44,1.17.3,StopSig,76,3.81,nan,1,>Left_Regular_trial,Left,302,644,197,256231893,nan,nan,nan
8/24/2026 16:10:48,1.17.3,StopSig,76,3.80,nan,1,NoPoke_Regular_(incorrect),Left,302,644,197,256235907,nan,nan,nan
8/24/2026 16:11:21,1.17.3,StopSig,76,3.80,nan,1,>Left_Regular_trial,Left,303,644,197,256268911,nan,nan,nan
8/24/2026 16:11:23,1.17.3,StopSig,76,3.81,nan,1,Right_Regular_(correct),Left,303,645,197,256270990,nan,nan,nan
8/24/2026 16:11:24,1.17.3,StopSig,76,3.80,1,1,Pellet,Left,303,645,198,256270990,0.23,64,nan
8/24/2026 16:11:50,1.17.3,StopSig,76,3.80,nan,1,Right_no_left,Left,303,646,198,256270990,nan,nan,nan
8/24/2026 16:11:50,1.17.3,StopSig,76,3.81,nan,1,Right_no_left,Left,303,647,198,256297823,nan,nan,nan
8/24/2026 16:11:52,1.17.3,StopSig,76,3.80,nan,1,>Left_Stop_trial,Left,304,647,198,256299910,nan,nan,nan
8/24/2026 16:11:56,1.17.3,StopSig,76,3.80,nan,1,NoPoke_STOP_(correct),Left,304,647,198,256303943,nan,nan,nan
8/24/2026 16:11:57,1.17.3,StopSig,76,3.81,1,1,Pellet,Left,304,647,199,256303943,0.17,33,nan
8/24/2026 16:12:17,1.17.3,StopSig,76,3.81,nan,1,>Left_Stop_trial,Left,305,647,199,256324385,nan,nan,nan
8/24/2026 16:12:20,1.17.3,StopSig,76,3.80,nan,1,NoPoke_STOP_(correct),Left,305,647,199,256327975,nan,nan,nan
8/24/2026 16:12:22,1.17.3,StopSig,76,3.80,1,1,Pellet,Left,305,647,200,256327975,1.85,25,nan
8/24/2026 16:12:49,1.17.3,StopSig,76,3.81,nan,1,>Left_Regular_trial,Left,306,647,200,256356506,nan,nan,nan
8/24/2026 16:12:50,1.17.3,StopSig,76,3.81,nan,1,Right_Regular_(correct),Left,306,648,200,256358142,nan,nan,nan
8/24/2026 16:12:51,1.17.3,StopSig,76,3.81,1,1,Pellet,Left,306,648,201,256358142,0.23,29,nan
8/24/2026 16:13:15,1.17.3,StopSig,76,3.81,nan,1,Right_no_left,Left,306,649,201,256358142,nan,nan,nan
8/24/2026 16:13:17,1.17.3,StopSig,76,3.80,nan,1,>Left_Regular_trial,Left,307,649,201,256385226,nan,nan,nan
8/24/2026 16:13:20,1.17.3,StopSig,76,3.80,nan,1,Right_Regular_(correct),Left,307,650,201,256388199,nan,nan,nan
8/24/2026 16:13:20,1.17.3,StopSig,76,3.80,nan,1,RightDuringDispense,Left,307,651,201,256388199,nan,nan,0.06
8/24/2026 16:13:26,1.17.3,StopSig,76,3.80,3,1,Pellet,Left,307,651,202,256388199,0.53,35,nan
8/24/2026 16:13:45,1.17.3,StopSig,76,3.80,nan,1,>Left_Regular_trial,Left,308,651,202,256413464,nan,nan,nan
8/24/2026 16:13:47,1.17.3,StopSig,76,3.80,nan,1,Right_Regular_(correct),Left,308,652,202,256415398,nan,nan,nan
8/24/2026 16:13:48,1.17.3,StopSig,76,3.81,1,1,Pellet,Left,308,652,203,256415398,0.17,22,nan
8/24/2026 16:16:28,1.17.3,StopSig,76,3.81,nan,1,Right_no_left,Left,308,653,203,256415398,nan,nan,nan
8/24/2026 16:16:31,1.17.3,StopSig,76,3.81,nan,1,>Left_Regular_trial,Left,309,653,203,256578962,nan,nan,nan
8/24/2026 16:16:33,1.17.3,StopSig,76,3.81,nan,1,Right_Regular_(correct),Left,309,654,203,256581351,nan,nan,nan
8/24/2026 16:16:34,1.17.3,StopSig,76,3.80,1,1,Pellet,Left,309,654,204,256581351,0.17,166,nan
8/24/2026 16:16:57,1.17.3,StopSig,76,3.80,nan,1,>Left_Regular_trial,Left,310,654,204,256604965,nan,nan,nan
8/24/2026 16:16:58,1.17.3,StopSig,76,3.80,nan,1,Right_Regular_(correct),Left,310,655,204,256606303,nan,nan,nan
8/24/2026 16:16:59,1.17.3,StopSig,76,3.81,1,1,Pellet,Left,310,655,205,256606303,0.17,25,nan
8/24/2026 16:29:56,1.17.3,StopSig,76,3.80,nan,1,>Left_Regular_trial,Left,311,655,205,257383725,nan,nan,nan
8/24/2026 16:29:58,1.17.3,StopSig,76,3.81,nan,1,Right_Regular_(correct),Left,311,656,205,257386254,nan,nan,nan
8/24/2026 16:30:03,1.17.3,StopSig,76,3.80,4,1,Pellet,Left,311,656,206,257386254,0.12,784,nan
8/24/2026 16:30:29,1.17.3,StopSig,76,3.80,nan,1,Right_no_left,Left,311,657,206,257386254,nan,nan,nan
8/24/2026 16:30:32,1.17.3,StopSig,76,3.81,nan,1,>Left_Regular_trial,Left,312,657,206,257420396,nan,nan,nan
8/24/2026 16:30:36,1.17.3,StopSig,76,3.81,nan,1,NoPoke_Regular_(incorrect),Left,312,657,206,257423975,nan,nan,nan
8/24/2026 17:03:08,1.17.3,StopSig,76,3.80,nan,1,Right_no_left,Left,312,658,206,257423975,nan,nan,nan
8/24/2026 17:03:11,1.17.3,StopSig,76,3.81,nan,1,>Left_Regular_trial,Left,313,658,206,259379240,nan,nan,nan
8/24/2026 17:03:15,1.17.3,StopSig,76,3.80,nan,1,NoPoke_Regular_(incorrect),Left,313,658,206,259383111,nan,nan,nan
8/24/2026 17:18:04,1.17.3,StopSig,76,3.80,nan,1,>Left_Regular_trial,Left,314,658,206,260272591,nan,nan,nan
8/24/2026 17:18:08,1.17.3,StopSig,76,3.80,nan,1,NoPoke_Regular_(incorrect),Left,314,658,206,260276020,nan,nan,nan
8/24/2026 17:18:39,1.17.3,StopSig,76,3.80,nan,1,Right_no_left,Left,314,659,206,260276020,nan,nan,nan
8/24/2026 17:18:41,1.17.3,StopSig,76,3.80,nan,1,Right_no_left,Left,314,660,206,260307681,nan,nan,nan
8/24/2026 17:18:44,1.17.3,StopSig,76,3.80,nan,1,>Left_Regular_trial,Left,315,660,206,260311698,nan,nan,nan
8/24/2026 17:18:45,1.17.3,StopSig,76,3.80,nan,1,Right_Regular_(correct),Left,315,661,206,260313334,nan,nan,nan
8/24/2026 17:18:46,1.17.3,StopSig,76,3.80,2,1,Pellet,Left,315,661,207,260313334,0.23,2923,nan
8/24/2026 17:19:04,1.17.3,StopSig,76,3.80,nan,1,>Left_Regular_trial,Left,316,661,207,260332356,nan,nan,nan
8/24/2026 17:19:06,1.17.3,StopSig,76,3.80,nan,1,Right_Regular_(correct),Left,316,662,207,260334733,nan,nan,nan
8/24/2026 17:19:08,1.17.3,StopSig,76,3.80,2,1,Pellet,Left,316,662,208,260334733,0.23,22,nan
8/24/2026 17:19:41,1.17.3,StopSig,76,3.80,nan,1,>Left_Regular_trial,Left,317,662,208,260369389,nan,nan,nan
8/24/2026 17:19:43,1.17.3,StopSig,76,3.80,nan,1,Right_Regular_(correct),Left,317,663,208,260370876,nan,nan,nan
8/24/2026 17:19:46,1.17.3,StopSig,76,3.80,2,1,Pellet,Left,317,663,209,260370876,0.17,38,nan
8/24/2026 17:20:24,1.17.3,StopSig,76,3.80,nan,1,Right_no_left,Left,317,664,209,260370876,nan,nan,nan
8/24/2026 17:20:24,1.17.3,StopSig,76,3.80,nan,1,Right_no_left,Left,317,665,209,260412286,nan,nan,nan
8/24/2026 17:20:25,1.17.3,StopSig,76,3.80,nan,1,Right_no_left,Left,317,666,209,260412737,nan,nan,nan
8/24/2026 17:20:27,1.17.3,StopSig,76,3.80,nan,1,>Left_Regular_trial,Left,318,666,209,260414969,nan,nan,nan
8/24/2026 17:20:31,1.17.3,StopSig,76,3.80,nan,1,Right_Regular_(correct),Left,318,667,209,260419149,nan,nan,nan
8/24/2026 17:20:32,1.17.3,StopSig,76,3.80,1,1,Pellet,Left,318,667,210,260419149,0.95,46,nan
8/24/2026 17:20:55,1.17.3,StopSig,76,3.80,nan,1,>Left_Regular_trial,Left,319,667,210,260442709,nan,nan,nan
8/24/2026 17:20:56,1.17.3,StopSig,76,3.80,nan,1,Right_Regular_(correct),Left,319,668,210,260443904,nan,nan,nan
8/24/2026 17:20:56,1.17.3,StopSig,76,3.80,1,1,Pellet,Left,319,668,211,260443904,0.12,24,nan
8/24/2026 17:21:30,1.17.3,StopSig,76,3.80,nan,1,Right_no_left,Left,319,669,211,260443904,nan,nan,nan
8/24/2026 17:21:33,1.17.3,StopSig,76,3.80,nan,1,>Left_Regular_trial,Left,320,669,211,260481240,nan,nan,nan
8/24/2026 17:21:34,1.17.3,StopSig,76,3.80,nan,1,Right_Regular_(correct),Left,320,670,211,260482726,nan,nan,nan
8/24/2026 17:21:37,1.17.3,StopSig,76,3.80,2,1,Pellet,Left,320,670,212,260482726,0.06,41,nan
8/24/2026 17:27:45,1.17.3,StopSig,76,3.80,nan,1,Right_no_left,Left,320,671,212,260482726,nan,nan,nan
8/24/2026 17:27:47,1.17.3,StopSig,76,3.80,nan,1,Right_no_left,Left,320,672,212,260853986,nan,nan,nan
8/24/2026 17:28:31,1.17.3,StopSig,76,3.80,nan,1,Right_no_left,Left,320,673,212,260855769,nan,nan,nan
8/24/2026 17:28:32,1.17.3,StopSig,76,3.80,nan,1,Right_no_left,Left,320,674,212,260899676,nan,nan,nan
8/24/2026 17:53:45,1.17.3,StopSig,76,3.80,nan,1,Right_no_left,Left,320,675,212,260900277,nan,nan,nan
8/24/2026 17:53:48,1.17.3,StopSig,76,3.80,nan,1,>Left_Stop_trial,Left,321,675,212,262415993,nan,nan,nan
8/24/2026 17:53:52,1.17.3,StopSig,76,3.80,nan,1,NoPoke_STOP_(correct),Left,321,675,212,262420177,nan,nan,nan
8/24/2026 17:53:54,1.17.3,StopSig,76,3.80,1,1,Pellet,Left,321,675,213,262420177,1.13,1936,nan
8/24/2026 17:54:23,1.17.3,StopSig,76,3.80,nan,1,>Left_Regular_trial,Left,322,675,213,262451655,nan,nan,nan
8/24/2026 17:54:25,1.17.3,StopSig,76,3.80,nan,1,Right_Regular_(correct),Left,322,676,213,262453148,nan,nan,nan
8/24/2026 17:54:26,1.17.3,StopSig,76,3.80,1,1,Pellet,Left,322,676,214,262453148,0.23,33,nan
8/24/2026 17:54:45,1.17.3,StopSig,76,3.80,nan,1,Right_no_left,Left,322,677,214,262453148,nan,nan,nan
8/24/2026 17:54:47,1.17.3,StopSig,76,3.80,nan,1,>Left_Regular_trial,Left,323,677,214,262474932,nan,nan,nan
8/24/2026 17:54:48,1.17.3,StopSig,76,3.80,nan,1,Right_Regular_(correct),Left,323,678,214,262476567,nan,nan,nan
8/24/2026 17:54:51,1.17.3,StopSig,76,3.80,2,1,Pellet,Left,323,678,215,262476567,0.41,25,nan
8/24/2026 17:55:11,1.17.3,StopSig,76,3.80,nan,1,Right_no_left,Left,323,679,215,262476567,nan,nan,nan
8/24/2026 17:55:15,1.17.3,StopSig,76,3.80,nan,1,Right_no_left,Left,323,680,215,262500039,nan,nan,nan
8/24/2026 17:55:16,1.17.3,StopSig,76,3.80,nan,1,Right_no_left,Left,323,681,215,262503609,nan,nan,nan
8/24/2026 17:55:21,1.17.3,StopSig,76,3.80,nan,1,>Left_Regular_trial,Left,324,681,215,262508817,nan,nan,nan
8/24/2026 17:55:24,1.17.3,StopSig,76,3.80,nan,1,NoPoke_Regular_(incorrect),Left,324,681,215,262512244,nan,nan,nan
8/24/2026 17:56:02,1.17.3,StopSig,76,3.80,nan,1,>Left_Stop_trial,Left,325,681,215,262550453,nan,nan,nan
8/24/2026 17:56:06,1.17.3,StopSig,76,3.80,nan,1,NoPoke_STOP_(correct),Left,325,681,215,262554194,nan,nan,nan
8/24/2026 17:56:07,1.17.3,StopSig,76,3.80,1,1,Pellet,Left,325,681,216,262554194,0.29,76,nan
8/24/2026 17:56:49,1.17.3,StopSig,76,3.80,nan,1,>Left_Regular_trial,Left,326,681,216,262596936,nan,nan,nan
8/24/2026 17:56:50,1.17.3,StopSig,76,3.80,nan,1,Right_Regular_(correct),Left,326,682,216,262598877,nan,nan,nan
8/24/2026 17:56:51,1.17.3,StopSig,76,3.80,1,1,Pellet,Left,326,682,217,262598877,0.17,44,nan
8/24/2026 17:57:15,1.17.3,StopSig,76,3.80,nan,1,Right_no_left,Left,326,683,217,262598877,nan,nan,nan
8/24/2026 17:57:18,1.17.3,StopSig,76,3.80,nan,1,>Left_Stop_trial,Left,327,683,217,262625815,nan,nan,nan
8/24/2026 17:57:21,1.17.3,StopSig,76,3.80,nan,1,NoPoke_STOP_(correct),Left,327,683,217,262629106,nan,nan,nan
8/24/2026 17:57:22,1.17.3,StopSig,76,3.80,1,1,Pellet,Left,327,683,218,262629106,0.35,31,nan
8/24/2026 18:07:02,1.17.3,StopSig,76,3.80,nan,1,Right_no_left,Left,327,684,218,262629106,nan,nan,nan
8/24/2026 18:10:02,1.17.3,StopSig,76,3.80,nan,1,>Left_Regular_trial,Left,328,684,218,263390589,nan,nan,nan
8/24/2026 18:10:04,1.17.3,StopSig,76,3.79,nan,1,Right_Regular_(correct),Left,328,685,218,263392077,nan,nan,nan
8/24/2026 18:10:05,1.17.3,StopSig,76,3.80,1,1,Pellet,Left,328,685,219,263392077,0.23,763,nan
8/24/2026 18:10:27,1.17.3,StopSig,76,3.80,nan,1,>Left_Regular_trial,Left,329,685,219,263415308,nan,nan,nan
8/24/2026 18:10:30,1.17.3,StopSig,76,3.80,nan,1,Right_Regular_(correct),Left,329,686,219,263418285,nan,nan,nan
8/24/2026 18:10:31,1.17.3,StopSig,76,3.80,1,1,Pellet,Left,329,686,220,263418285,0.35,26,nan
8/24/2026 18:10:49,1.17.3,StopSig,76,3.80,nan,1,Right_no_left,Left,329,687,220,263418285,nan,nan,nan
8/24/2026 18:10:51,1.17.3,StopSig,76,3.80,nan,1,Right_no_left,Left,329,688,220,263437955,nan,nan,nan
8/24/2026 18:10:54,1.17.3,StopSig,76,3.80,nan,1,>Left_Regular_trial,Left,330,688,220,263441835,nan,nan,nan
8/24/2026 18:10:57,1.17.3,StopSig,76,3.80,nan,1,NoPoke_Regular_(incorrect),Left,330,688,220,263445262,nan,nan,nan
8/24/2026 18:13:03,1.17.3,StopSig,76,3.80,nan,1,Right_no_left,Left,330,689,220,263445262,nan,nan,nan
8/24/2026 18:13:21,1.17.3,StopSig,76,3.80,nan,1,Right_no_left,Left,330,690,220,263571715,nan,nan,nan
8/24/2026 18:13:22,1.17.3,StopSig,76,3.80,nan,1,Right_no_left,Left,330,691,220,263589747,nan,nan,nan
8/24/2026 18:13:23,1.17.3,StopSig,76,3.80,nan,1,Right_no_left,Left,330,692,220,263590646,nan,nan,nan
8/24/2026 18:24:37,1.17.3,StopSig,76,3.80,nan,1,>Left_Regular_trial,Left,331,692,220,264264866,nan,nan,nan
8/24/2026 18:24:38,1.17.3,StopSig,76,3.80,nan,1,Right_Regular_(correct),Left,331,693,220,264266652,nan,nan,nan
8/24/2026 18:24:39,1.17.3,StopSig,76,3.80,nan,1,RightDuringDispense,Left,331,694,220,264266652,nan,nan,0.17
8/24/2026 18:24:40,1.17.3,StopSig,76,3.80,1,1,Pellet,Left,331,694,221,264266652,0.35,849,nan
8/24/2026 18:24:56,1.17.3,StopSig,76,3.80,nan,1,Right_no_left,Left,331,695,221,264266652,nan,nan,nan
8/24/2026 18:24:58,1.17.3,StopSig,76,3.79,nan,1,Right_no_left,Left,331,696,221,264284855,nan,nan,nan
8/24/2026 18:24:59,1.17.3,StopSig,76,3.80,nan,1,Right_no_left,Left,331,697,221,264286789,nan,nan,nan
8/24/2026 18:26:30,1.17.3,StopSig,76,3.80,nan,1,>Left_Regular_trial,Left,332,697,221,264377871,nan,nan,nan
8/24/2026 18:26:32,1.17.3,StopSig,76,3.80,nan,1,Right_Regular_(correct),Left,332,698,221,264380109,nan,nan,nan
8/24/2026 18:26:35,1.17.3,StopSig,76,3.80,2,1,Pellet,Left,332,698,222,264380109,0.12,115,nan
8/24/2026 18:26:52,1.17.3,StopSig,76,3.80,nan,1,>Left_Regular_trial,Left,333,698,222,264400320,nan,nan,nan
8/24/2026 18:26:54,1.17.3,StopSig,76,3.80,nan,1,Right_Regular_(correct),Left,333,699,222,264402407,nan,nan,nan
8/24/2026 18:26:55,1.17.3,StopSig,76,3.80,1,1,Pellet,Left,333,699,223,264402407,0.17,20,nan
8/24/2026 18:29:10,1.17.3,StopSig,76,3.80,nan,1,>Left_Regular_trial,Left,334,699,223,264538141,nan,nan,nan
8/24/2026 18:29:12,1.17.3,StopSig,76,3.80,nan,1,Right_Regular_(correct),Left,334,700,223,264540375,nan,nan,nan
8/24/2026 18:29:17,1.17.3,StopSig,76,3.80,3,1,Pellet,Left,334,700,224,264540375,0.17,142,nan
8/24/2026 18:30:18,1.17.3,StopSig,76,3.80,nan,1,>Left_Regular_trial,Left,335,700,224,264606014,nan,nan,nan
8/24/2026 18:30:19,1.17.3,StopSig,76,3.80,nan,1,Right_Regular_(correct),Left,335,701,224,264607055,nan,nan,nan
8/24/2026 18:30:20,1.17.3,StopSig,76,3.80,1,1,Pellet,Left,335,701,225,264607055,0.41,63,nan
8/24/2026 18:32:02,1.17.3,StopSig,76,3.79,nan,1,>Left_Regular_trial,Left,336,701,225,264710002,nan,nan,nan
8/24/2026 18:32:03,1.17.3,StopSig,76,3.80,nan,1,Right_Regular_(correct),Left,336,702,225,264711055,nan,nan,nan
8/24/2026 18:32:04,1.17.3,StopSig,76,3.80,1,1,Pellet,Left,336,702,226,264711055,0.35,104,nan
8/24/2026 18:32:19,1.17.3,StopSig,76,3.80,nan,1,>Left_Regular_trial,Left,337,702,226,264727478,nan,nan,nan
8/24/2026 18:32:20,1.17.3,StopSig,76,3.80,nan,1,Right_Regular_(correct),Left,337,703,226,264728674,nan,nan,nan
8/24/2026 18:32:24,1.17.3,StopSig,76,3.80,2,1,Pellet,Left,337,703,227,264728674,0.77,20,nan
8/24/2026 18:32:42,1.17.3,StopSig,76,3.80,nan,1,>Left_Stop_trial,Left,338,703,227,264749807,nan,nan,nan
8/24/2026 18:32:45,1.17.3,StopSig,76,3.80,nan,1,NoPoke_STOP_(correct),Left,338,703,227,264753253,nan,nan,nan
8/24/2026 18:32:46,1.17.3,StopSig,76,3.80,1,1,Pellet,Left,338,703,228,264753253,0.83,22,nan
8/24/2026 18:33:11,1.17.3,StopSig,76,3.79,nan,1,Right_no_left,Left,338,704,228,264753253,nan,nan,nan
8/24/2026 18:33:12,1.17.3,StopSig,76,3.80,nan,1,Right_no_left,Left,338,705,228,264779780,nan,nan,nan
8/24/2026 18:33:15,1.17.3,StopSig,76,3.79,nan,1,>Left_Regular_trial,Left,339,705,228,264783058,nan,nan,nan
8/24/2026 18:33:16,1.17.3,StopSig,76,3.79,nan,1,Right_Regular_(correct),Left,339,706,228,264784249,nan,nan,nan
8/24/2026 18:33:17,1.17.3,StopSig,76,3.79,1,1,Pellet,Left,339,706,229,264784249,0.23,31,nan
8/24/2026 18:35:35,1.17.3,StopSig,76,3.80,nan,1,Right_no_left,Left,339,707,229,264784249,nan,nan,nan
8/24/2026 18:35:38,1.17.3,StopSig,76,3.80,nan,1,Right_no_left,Left,339,708,229,264923319,nan,nan,nan
8/24/2026 18:37:28,1.17.3,StopSig,76,3.80,nan,1,Right_no_left,Left,339,709,229,264926446,nan,nan,nan
8/24/2026 18:37:29,1.17.3,StopSig,76,3.79,nan,1,Right_no_left,Left,339,710,229,265036307,nan,nan,nan
8/24/2026 18:44:48,1.17.3,StopSig,76,3.80,nan,1,>Left_Stop_trial,Left,340,710,229,265476484,nan,nan,nan
8/24/2026 18:44:52,1.17.3,StopSig,76,3.80,nan,1,NoPoke_STOP_(correct),Left,340,710,229,265480229,nan,nan,nan
8/24/2026 18:44:53,1.17.3,StopSig,76,3.80,2,1,Pellet,Left,340,710,230,265480229,0.23,696,nan
8/24/2026 18:45:12,1.17.3,StopSig,76,3.79,nan,1,Right_no_left,Left,340,711,230,265480229,nan,nan,nan
8/24/2026 18:45:13,1.17.3,StopSig,76,3.79,nan,1,Right_no_left,Left,340,712,230,265500905,nan,nan,nan
8/24/2026 18:45:16,1.17.3,StopSig,76,3.80,nan,1,>Left_Regular_trial,Left,341,712,230,265504177,nan,nan,nan
8/24/2026 18:45:20,1.17.3,StopSig,76,3.79,nan,1,NoPoke_Regular_(incorrect),Left,341,712,230,265508346,nan,nan,nan
8/24/2026 18:46:11,1.17.3,StopSig,76,3.79,nan,1,Right_no_left,Left,341,713,230,265508346,nan,nan,nan
8/24/2026 18:46:13,1.17.3,StopSig,76,3.79,nan,1,Right_no_left,Left,341,714,230,265560081,nan,nan,nan
8/24/2026 18:46:13,1.17.3,StopSig,76,3.80,nan,1,Right_no_left,Left,341,715,230,265561270,nan,nan,nan
8/24/2026 18:46:14,1.17.3,StopSig,76,3.80,nan,1,Right_no_left,Left,341,716,230,265561566,nan,nan,nan
8/24/2026 18:47:33,1.17.3,StopSig,76,3.80,nan,1,Right_no_left,Left,341,717,230,265562761,nan,nan,nan
8/24/2026 18:56:19,1.17.3,StopSig,76,3.80,nan,1,Right_no_left,Left,341,718,230,265641871,nan,nan,nan
8/24/2026 18:56:58,1.17.3,StopSig,76,3.80,nan,1,>Left_Regular_trial,Left,342,718,230,266206906,nan,nan,nan
8/24/2026 18:57:02,1.17.3,StopSig,76,3.79,nan,1,NoPoke_Regular_(incorrect),Left,342,718,230,266210329,nan,nan,nan
8/24/2026 19:00:04,1.17.3,StopSig,76,3.79,nan,1,Right_no_left,Left,342,719,230,266210329,nan,nan,nan
8/24/2026 19:00:06,1.17.3,StopSig,76,3.80,nan,1,Right_no_left,Left,342,720,230,266393137,nan,nan,nan
8/24/2026 19:00:06,1.17.3,StopSig,76,3.80,nan,1,Right_no_left,Left,342,721,230,266394326,nan,nan,nan
8/24/2026 19:00:08,1.17.3,StopSig,76,3.79,nan,1,>Left_Regular_trial,Left,343,721,230,266396706,nan,nan,nan
8/24/2026 19:00:12,1.17.3,StopSig,76,3.80,nan,1,NoPoke_Regular_(incorrect),Left,343,721,230,266400286,nan,nan,nan
8/24/2026 19:04:51,1.17.3,StopSig,76,3.79,nan,1,>Left_Regular_trial,Left,344,721,230,266679501,nan,nan,nan
8/24/2026 19:04:55,1.17.3,StopSig,76,3.79,nan,1,NoPoke_Regular_(incorrect),Left,344,721,230,266683373,nan,nan,nan
8/24/2026 19:05:50,1.17.3,StopSig,76,3.80,nan,1,Right_no_left,Left,344,722,230,266683373,nan,nan,nan
8/24/2026 19:05:51,1.17.3,StopSig,76,3.80,nan,1,Right_no_left,Left,344,723,230,266738986,nan,nan,nan
8/24/2026 19:05:53,1.17.3,StopSig,76,3.79,nan,1,>Left_Regular_trial,Left,345,723,230,266741813,nan,nan,nan
8/24/2026 19:05:57,1.17.3,StopSig,76,3.80,nan,1,NoPoke_Regular_(incorrect),Left,345,723,230,266745392,nan,nan,nan
8/24/2026 19:06:47,1.17.3,StopSig,76,3.79,nan,1,Right_no_left,Left,345,724,230,266745392,nan,nan,nan
8/24/2026 19:06:49,1.17.3,StopSig,76,3.80,nan,1,>Left_Regular_trial,Left,346,724,230,266797015,nan,nan,nan
8/24/2026 19:06:51,1.17.3,StopSig,76,3.80,nan,1,Right_Regular_(correct),Left,346,725,230,266799397,nan,nan,nan
8/24/2026 19:06:56,1.17.3,StopSig,76,3.80,3,1,Pellet,Left,346,725,231,266799397,0.12,1323,nan
8/24/2026 19:07:16,1.17.3,StopSig,76,3.80,nan,1,Right_no_left,Left,346,726,231,266799397,nan,nan,nan
8/24/2026 19:07:20,1.17.3,StopSig,76,3.79,nan,1,>Left_Regular_trial,Left,347,726,231,266828391,nan,nan,nan
8/24/2026 19:07:21,1.17.3,StopSig,76,3.80,nan,1,Right_Regular_(correct),Left,347,727,231,266829877,nan,nan,nan
8/24/2026 19:07:22,1.17.3,StopSig,76,3.80,1,1,Pellet,Left,347,727,232,266829877,0.23,26,nan
8/24/2026 19:07:44,1.17.3,StopSig,76,3.80,nan,1,Right_no_left,Left,347,728,232,266829877,nan,nan,nan
8/24/2026 19:07:47,1.17.3,StopSig,76,3.79,nan,1,>Left_Stop_trial,Left,348,728,232,266855633,nan,nan,nan
8/24/2026 19:07:51,1.17.3,StopSig,76,3.79,nan,1,NoPoke_STOP_(correct),Left,348,728,232,266859375,nan,nan,nan
8/24/2026 19:07:52,1.17.3,StopSig,76,3.80,2,1,Pellet,Left,348,728,233,266859375,0.06,30,nan
8/24/2026 19:10:48,1.17.3,StopSig,76,3.79,nan,1,>Left_Regular_trial,Left,349,728,233,267036835,nan,nan,nan
8/24/2026 19:10:50,1.17.3,StopSig,76,3.80,nan,1,Right_Regular_(correct),Left,349,729,233,267038769,nan,nan,nan
8/24/2026 19:10:51,1.17.3,StopSig,76,3.80,1,1,Pellet,Left,349,729,234,267038769,0.23,179,nan
8/24/2026 19:11:17,1.17.3,StopSig,76,3.79,nan,1,Right_no_left,Left,349,730,234,267038769,nan,nan,nan
8/24/2026 19:11:21,1.17.3,StopSig,76,3.79,nan,1,>Left_Regular_trial,Left,350,730,234,267069152,nan,nan,nan
8/24/2026 19:11:22,1.17.3,StopSig,76,3.79,nan,1,Right_Regular_(correct),Left,350,731,234,267070936,nan,nan,nan
8/24/2026 19:11:23,1.17.3,StopSig,76,3.80,1,1,Pellet,Left,350,731,235,267070936,0.17,32,nan
8/24/2026 19:11:43,1.17.3,StopSig,76,3.79,nan,1,Right_no_left,Left,350,732,235,267070936,nan,nan,nan
8/24/2026 19:11:46,1.17.3,StopSig,76,3.79,nan,1,>Left_Stop_trial,Left,351,732,235,267093781,nan,nan,nan
8/24/2026 19:11:49,1.17.3,StopSig,76,3.80,nan,1,NoPoke_STOP_(correct),Left,351,732,235,267097368,nan,nan,nan
8/24/2026 19:11:50,1.17.3,StopSig,76,3.79,2,1,Pellet,Left,351,732,236,267097368,0.06,27,nan
8/24/2026 19:12:15,1.17.3,StopSig,76,3.79,nan,1,>Left_Regular_trial,Left,352,732,236,267123918,nan,nan,nan
8/24/2026 19:12:17,1.17.3,StopSig,76,3.80,nan,1,Right_Regular_(correct),Left,352,733,236,267125114,nan,nan,nan
8/24/2026 19:12:17,1.17.3,StopSig,76,3.79,1,1,Pellet,Left,352,733,237,267125114,0.17,27,nan
8/24/2026 19:12:44,1.17.3,StopSig,76,3.79,nan,1,>Left_Stop_trial,Left,353,733,237,267151916,nan,nan,nan
8/24/2026 19:12:47,1.17.3,StopSig,76,3.80,nan,1,NoPoke_STOP_(correct),Left,353,733,237,267155357,nan,nan,nan
8/24/2026 19:12:48,1.17.3,StopSig,76,3.79,1,1,Pellet,Left,353,733,238,267155357,0.77,31,nan
8/24/2026 19:13:12,1.17.3,StopSig,76,3.79,nan,1,Right_no_left,Left,353,734,238,267155357,nan,nan,nan
8/24/2026 19:13:15,1.17.3,StopSig,76,3.79,nan,1,>Left_Regular_trial,Left,354,734,238,267183888,nan,nan,nan
8/24/2026 19:13:16,1.17.3,StopSig,76,3.79,nan,1,Right_Regular_(correct),Left,354,735,238,267184929,nan,nan,nan
8/24/2026 19:13:17,1.17.3,StopSig,76,3.79,1,1,Pellet,Left,354,735,239,267184929,0.17,29,nan
8/24/2026 19:13:40,1.17.3,StopSig,76,3.79,nan,1,Right_no_left,Left,354,736,239,267184929,nan,nan,nan
8/24/2026 19:13:43,1.17.3,StopSig,76,3.79,nan,1,>Left_Stop_trial,Left,355,736,239,267211030,nan,nan,nan
8/24/2026 19:13:46,1.17.3,StopSig,76,3.79,nan,1,NoPoke_STOP_(correct),Left,355,736,239,267214324,nan,nan,nan
8/24/2026 19:13:56,1.17.3,StopSig,76,3.79,3,1,Pellet,Left,355,736,240,267214324,7.25,39,nan
8/24/2026 19:28:09,1.17.3,StopSig,76,3.79,nan,1,>Left_Stop_trial,Left,356,736,240,268076769,nan,nan,nan
8/24/2026 19:28:12,1.17.3,StopSig,76,3.79,nan,1,NoPoke_STOP_(correct),Left,356,736,240,268080365,nan,nan,nan
8/24/2026 19:28:13,1.17.3,StopSig,76,3.79,2,1,Pellet,Left,356,736,241,268080365,0.65,857,nan
8/24/2026 19:29:29,1.17.3,StopSig,76,3.79,nan,1,Right_no_left,Left,356,737,241,268080365,nan,nan,nan
8/24/2026 19:29:46,1.17.3,StopSig,76,3.79,nan,1,>Left_Stop_trial,Left,357,737,241,268174361,nan,nan,nan
8/24/2026 19:29:50,1.17.3,StopSig,76,3.79,nan,1,NoPoke_STOP_(correct),Left,357,737,241,268178395,nan,nan,nan
8/24/2026 19:29:54,1.17.3,StopSig,76,3.79,3,1,Pellet,Left,357,737,242,268178395,1.31,101,nan
8/24/2026 19:46:50,1.17.3,StopSig,76,3.80,nan,1,Right_no_left,Left,357,738,242,268178395,nan,nan,nan
8/24/2026 19:46:54,1.17.3,StopSig,76,3.79,nan,1,Right_no_left,Left,357,739,242,269198688,nan,nan,nan
8/24/2026 19:47:13,1.17.3,StopSig,76,3.79,nan,1,>Left_Stop_trial,Left,358,739,242,269221455,nan,nan,nan
8/24/2026 19:47:17,1.17.3,StopSig,76,3.78,nan,1,NoPoke_STOP_(correct),Left,358,739,242,269225494,nan,nan,nan
8/24/2026 19:47:20,1.17.3,StopSig,76,3.79,2,1,Pellet,Left,358,739,243,269225494,0.53,1046,nan
8/24/2026 19:47:51,1.17.3,StopSig,76,3.79,nan,1,Right_no_left,Left,358,740,243,269225494,nan,nan,nan
8/24/2026 19:47:52,1.17.3,StopSig,76,3.79,nan,1,Right_no_left,Left,358,741,243,269259911,nan,nan,nan
8/24/2026 19:47:54,1.17.3,StopSig,76,3.79,nan,1,>Left_Regular_trial,Left,359,741,243,269262587,nan,nan,nan
8/24/2026 19:47:55,1.17.3,StopSig,76,3.79,nan,1,Right_Regular_(correct),Left,359,742,243,269263627,nan,nan,nan
8/24/2026 19:47:58,1.17.3,StopSig,76,3.78,2,1,Pellet,Left,359,742,244,269263627,0.11,38,nan
8/24/2026 19:48:19,1.17.3,StopSig,76,3.79,nan,1,>Left_Regular_trial,Left,360,742,244,269287737,nan,nan,nan
8/24/2026 19:48:22,1.17.3,StopSig,76,3.79,nan,1,Right_Regular_(correct),Left,360,743,244,269290415,nan,nan,nan
8/24/2026 19:48:25,1.17.3,StopSig,76,3.79,2,1,Pellet,Left,360,743,245,269290415,0.12,27,nan
8/24/2026 19:48:42,1.17.3,StopSig,76,3.79,nan,1,>Left_Regular_trial,Left,361,743,245,269310072,nan,nan,nan
8/24/2026 19:48:44,1.17.3,StopSig,76,3.78,nan,1,Right_Regular_(correct),Left,361,744,245,269312451,nan,nan,nan
8/24/2026 19:48:47,1.17.3,StopSig,76,3.79,3,1,Pellet,Left,361,744,246,269312451,0.06,22,nan
8/24/2026 19:49:14,1.17.3,StopSig,76,3.79,nan,1,>Left_Regular_trial,Left,362,744,246,269342158,nan,nan,nan
8/24/2026 19:49:17,1.17.3,StopSig,76,3.79,nan,1,NoPoke_Regular_(incorrect),Left,362,744,246,269345432,nan,nan,nan
8/24/2026 19:50:21,1.17.3,StopSig,76,3.79,nan,1,>Left_Regular_trial,Left,363,744,246,269409702,nan,nan,nan
8/24/2026 19:50:25,1.17.3,StopSig,76,3.79,nan,1,NoPoke_Regular_(incorrect),Left,363,744,246,269413430,nan,nan,nan
8/24/2026 19:57:25,1.17.3,StopSig,76,3.79,nan,1,Right_no_left,Left,363,745,246,269413430,nan,nan,nan
8/24/2026 20:03:16,1.17.3,StopSig,76,3.79,nan,1,Right_no_left,Left,363,746,246,269834256,nan,nan,nan
8/24/2026 20:08:06,1.17.3,StopSig,76,3.78,nan,1,Right_no_left,Left,363,747,246,270184980,nan,nan,nan
8/24/2026 20:08:07,1.17.3,StopSig,76,3.79,nan,1,>Left_Regular_trial,Left,364,747,246,270475958,nan,nan,nan
8/24/2026 20:08:10,1.17.3,StopSig,76,3.79,nan,1,Right_Regular_(correct),Left,364,748,246,270478496,nan,nan,nan
8/24/2026 20:08:11,1.17.3,StopSig,76,3.79,1,1,Pellet,Left,364,748,247,270478496,0.35,1164,nan
8/24/2026 20:08:30,1.17.3,StopSig,76,3.79,nan,1,Right_no_left,Left,364,749,247,270478496,nan,nan,nan
8/24/2026 20:08:34,1.17.3,StopSig,76,3.78,nan,1,Right_no_left,Left,364,750,247,270498936,nan,nan,nan
8/24/2026 20:08:36,1.17.3,StopSig,76,3.78,nan,1,>Left_Regular_trial,Left,365,750,247,270505043,nan,nan,nan
8/24/2026 20:08:40,1.17.3,StopSig,76,3.79,nan,1,NoPoke_Regular_(incorrect),Left,365,750,247,270508476,nan,nan,nan
8/24/2026 20:16:03,1.17.3,StopSig,76,3.79,nan,1,>Left_Regular_trial,Left,366,750,247,270951830,nan,nan,nan
8/24/2026 20:16:07,1.17.3,StopSig,76,3.79,nan,1,NoPoke_Regular_(incorrect),Left,366,750,247,270955552,nan,nan,nan
8/24/2026 20:22:22,1.17.3,StopSig,76,3.78,nan,1,>Left_Stop_trial,Left,367,750,247,271330714,nan,nan,nan
8/24/2026 20:22:26,1.17.3,StopSig,76,3.78,nan,1,NoPoke_STOP_(correct),Left,367,750,247,271334457,nan,nan,nan
8/24/2026 20:22:28,1.17.3,StopSig,76,3.78,1,1,Pellet,Left,367,750,248,271334457,1.25,857,nan
8/24/2026 20:23:00,1.17.3,StopSig,76,3.78,nan,1,>Left_Stop_trial,Left,368,750,248,271368449,nan,nan,nan
8/24/2026 20:23:04,1.17.3,StopSig,76,3.79,nan,1,NoPoke_STOP_(correct),Left,368,750,248,271372494,nan,nan,nan
8/24/2026 20:23:08,1.17.3,StopSig,76,3.78,2,1,Pellet,Left,368,750,249,271372494,1.07,40,nan
8/24/2026 20:23:32,1.17.3,StopSig,76,3.78,nan,1,Right_no_left,Left,368,751,249,271372494,nan,nan,nan
8/24/2026 20:24:20,1.17.3,StopSig,76,3.79,nan,1,Right_no_left,Left,368,752,249,271401123,nan,nan,nan
8/24/2026 20:24:21,1.17.3,StopSig,76,3.79,nan,1,>Left_Regular_trial,Left,369,752,249,271449992,nan,nan,nan
8/24/2026 20:24:25,1.17.3,StopSig,76,3.78,nan,1,NoPoke_Regular_(incorrect),Left,369,752,249,271453568,nan,nan,nan
8/24/2026 20:32:18,1.17.3,StopSig,76,3.79,nan,1,>Left_Regular_trial,Left,370,752,249,271926215,nan,nan,nan
8/24/2026 20:32:21,1.17.3,StopSig,76,3.78,nan,1,NoPoke_Regular_(incorrect),Left,370,752,249,271929491,nan,nan,nan
8/24/2026 20:34:00,1.17.3,StopSig,76,3.78,nan,1,>Left_Stop_trial,Left,371,752,249,272028802,nan,nan,nan
8/24/2026 20:34:04,1.17.3,StopSig,76,3.78,nan,1,NoPoke_STOP_(correct),Left,371,752,249,272032541,nan,nan,nan
8/24/2026 20:34:09,1.17.3,StopSig,76,3.78,1,1,Pellet,Left,371,752,250,272032541,4.55,661,nan
8/24/2026 20:35:10,1.17.3,StopSig,76,3.78,nan,1,>Left_Regular_trial,Left,372,752,250,272098777,nan,nan,nan
8/24/2026 20:35:14,1.17.3,StopSig,76,3.78,nan,1,NoPoke_Regular_(incorrect),Left,372,752,250,272102507,nan,nan,nan
8/24/2026 20:39:34,1.17.3,StopSig,76,3.79,nan,1,>Left_Regular_trial,Left,373,752,250,272363096,nan,nan,nan
8/24/2026 20:39:38,1.17.3,StopSig,76,3.78,nan,1,NoPoke_Regular_(incorrect),Left,373,752,250,272366522,nan,nan,nan
8/24/2026 20:40:47,1.17.3,StopSig,76,3.78,nan,1,Right_no_left,Left,373,753,250,272366522,nan,nan,nan
8/24/2026 20:40:49,1.17.3,StopSig,76,3.78,nan,1,>Left_Regular_trial,Left,374,753,250,272437816,nan,nan,nan
8/24/2026 20:40:51,1.17.3,StopSig,76,3.79,nan,1,Right_Regular_(correct),Left,374,754,250,272439459,nan,nan,nan
8/24/2026 20:40:52,1.17.3,StopSig,76,3.78,1,1,Pellet,Left,374,754,251,272439459,0.35,403,nan
8/24/2026 20:41:15,1.17.3,StopSig,76,3.79,nan,1,>Left_Regular_trial,Left,375,754,251,272463605,nan,nan,nan
8/24/2026 20:41:17,1.17.3,StopSig,76,3.78,nan,1,Right_Regular_(correct),Left,375,755,251,272465983,nan,nan,nan
8/24/2026 20:41:33,1.17.3,StopSig,76,3.78,4,1,Pellet,Left,375,755,252,272465983,10.91,41,nan
8/24/2026 20:43:07,1.17.3,StopSig,76,3.79,nan,1,>Left_Regular_trial,Left,376,755,252,272576121,nan,nan,nan
8/24/2026 20:43:11,1.17.3,StopSig,76,3.78,nan,1,NoPoke_Regular_(incorrect),Left,376,755,252,272579547,nan,nan,nan
8/24/2026 20:43:56,1.17.3,StopSig,76,3.78,nan,1,Right_no_left,Left,376,756,252,272579547,nan,nan,nan
8/24/2026 20:43:58,1.17.3,StopSig,76,3.79,nan,1,>Left_Regular_trial,Left,377,756,252,272627156,nan,nan,nan
8/24/2026 20:44:02,1.17.3,StopSig,76,3.78,nan,1,Right_Regular_(correct),Left,377,757,252,272630579,nan,nan,nan
8/24/2026 20:44:03,1.17.3,StopSig,76,3.79,2,1,Pellet,Left,377,757,253,272630579,0.06,150,nan
8/24/2026 20:49:48,1.17.3,StopSig,76,3.78,nan,1,>Left_Regular_trial,Left,378,757,253,272977090,nan,nan,nan
8/24/2026 20:49:52,1.17.3,StopSig,76,3.78,nan,1,NoPoke_Regular_(incorrect),Left,378,757,253,272980664,nan,nan,nan
8/24/2026 20:50:45,1.17.3,StopSig,76,3.79,nan,1,>Left_Regular_trial,Left,379,757,253,273033340,nan,nan,nan
8/24/2026 20:50:47,1.17.3,StopSig,76,3.78,nan,1,Right_Regular_(correct),Left,379,758,253,273035573,nan,nan,nan
8/24/2026 20:50:48,1.17.3,StopSig,76,3.78,2,1,Pellet,Left,379,758,254,273035573,0.17,405,nan
8/24/2026 20:51:34,1.17.3,StopSig,76,3.78,nan,1,Right_no_left,Left,379,759,254,273035573,nan,nan,nan
8/24/2026 20:51:39,1.17.3,StopSig,76,3.78,nan,1,Right_no_left,Left,379,760,254,273083086,nan,nan,nan
8/24/2026 20:51:43,1.17.3,StopSig,76,3.79,nan,1,Right_no_left,Left,379,761,254,273088147,nan,nan,nan
8/24/2026 20:52:45,1.17.3,StopSig,76,3.78,nan,1,>Left_Regular_trial,Left,380,761,254,273153355,nan,nan,nan
8/24/2026 20:52:46,1.17.3,StopSig,76,3.78,nan,1,Right_Regular_(correct),Left,380,762,254,273154999,nan,nan,nan
8/24/2026 20:52:47,1.17.3,StopSig,76,3.78,2,1,Pellet,Left,380,762,255,273154999,0.11,119,nan
8/24/2026 21:49:15,1.17.3,StopSig,76,3.78,nan,1,>Left_Regular_trial,Left,381,762,255,276544208,nan,nan,nan
8/24/2026 21:49:17,1.17.3,StopSig,76,3.78,nan,1,Right_Regular_(correct),Left,381,763,255,276546291,nan,nan,nan
8/24/2026 21:49:19,1.17.3,StopSig,76,3.78,1,1,Pellet,Left,381,763,256,276546291,0.47,3392,nan
8/24/2026 21:49:36,1.17.3,StopSig,76,3.78,nan,1,>Left_Regular_trial,Left,382,763,256,276564516,nan,nan,nan
8/24/2026 21:49:36,1.17.3,StopSig,76,3.78,nan,1,Right_Regular_(correct),Left,382,764,256,276565408,nan,nan,nan
8/24/2026 21:49:43,1.17.3,StopSig,76,3.78,3,1,Pellet,Left,382,764,257,276565408,1.55,24,nan
8/24/2026 21:49:59,1.17.3,StopSig,76,3.78,nan,1,Right_no_left,Left,382,765,257,276565408,nan,nan,nan
8/24/2026 21:50:01,1.17.3,StopSig,76,3.78,nan,1,>Left_Regular_trial,Left,383,765,257,276589506,nan,nan,nan
8/24/2026 21:50:02,1.17.3,StopSig,76,3.78,nan,1,Right_Regular_(correct),Left,383,766,257,276590994,nan,nan,nan
8/24/2026 21:50:05,1.17.3,StopSig,76,3.78,3,1,Pellet,Left,383,766,258,276590994,0.06,22,nan
8/24/2026 21:50:46,1.17.3,StopSig,76,3.78,nan,1,Right_no_left,Left,383,767,258,276590994,nan,nan,nan
8/24/2026 21:50:49,1.17.3,StopSig,76,3.78,nan,1,>Left_Regular_trial,Left,384,767,258,276638214,nan,nan,nan
8/24/2026 21:50:52,1.17.3,StopSig,76,3.78,nan,1,Right_Regular_(correct),Left,384,768,258,276640901,nan,nan,nan
8/24/2026 21:50:57,1.17.3,StopSig,76,3.78,4,1,Pellet,Left,384,768,259,276640901,0.06,52,nan
8/24/2026 21:51:22,1.17.3,StopSig,76,3.78,nan,1,Right_no_left,Left,384,769,259,276640901,nan,nan,nan
8/24/2026 21:51:23,1.17.3,StopSig,76,3.78,nan,1,Right_no_left,Left,384,770,259,276671328,nan,nan,nan
8/24/2026 21:51:25,1.17.3,StopSig,76,3.78,nan,1,>Left_Regular_trial,Left,385,770,259,276673857,nan,nan,nan
8/24/2026 21:51:26,1.17.3,StopSig,76,3.78,nan,1,Right_Regular_(correct),Left,385,771,259,276674904,nan,nan,nan
8/24/2026 21:51:29,1.17.3,StopSig,76,3.78,2,1,Pellet,Left,385,771,260,276674904,0.23,32,nan
8/24/2026 21:51:58,1.17.3,StopSig,76,3.78,nan,1,>Left_Regular_trial,Left,386,771,260,276707231,nan,nan,nan
8/24/2026 21:52:00,1.17.3,StopSig,76,3.78,nan,1,Right_Regular_(correct),Left,386,772,260,276708569,nan,nan,nan
8/24/2026 21:52:01,1.17.3,StopSig,76,3.78,1,1,Pellet,Left,386,772,261,276708569,0.29,32,nan
8/24/2026 21:54:31,1.17.3,StopSig,76,3.78,nan,1,Right_no_left,Left,386,773,261,276708569,nan,nan,nan
8/24/2026 21:54:32,1.17.3,StopSig,76,3.78,nan,1,Right_no_left,Left,386,774,261,276859897,nan,nan,nan
8/24/2026 21:54:35,1.17.3,StopSig,76,3.78,nan,1,Right_no_left,Left,386,775,261,276860938,nan,nan,nan
8/24/2026 21:59:11,1.17.3,StopSig,76,3.78,nan,1,Right_no_left,Left,386,776,261,276864062,nan,nan,nan
8/24/2026 21:59:13,1.17.3,StopSig,76,3.78,nan,1,>Left_Regular_trial,Left,387,776,261,277142062,nan,nan,nan
8/24/2026 21:59:17,1.17.3,StopSig,76,3.78,nan,1,NoPoke_Regular_(incorrect),Left,387,776,261,277145788,nan,nan,nan
8/24/2026 22:00:52,1.17.3,StopSig,76,3.78,nan,1,Right_no_left,Left,387,777,261,277145788,nan,nan,nan
8/24/2026 22:00:56,1.17.3,StopSig,76,3.78,nan,1,>Left_Stop_trial,Left,388,777,261,277244469,nan,nan,nan
8/24/2026 22:00:59,1.17.3,StopSig,76,3.78,nan,1,NoPoke_STOP_(correct),Left,388,777,261,277247765,nan,nan,nan
8/24/2026 22:01:01,1.17.3,StopSig,76,3.78,2,1,Pellet,Left,388,777,262,277247765,0.83,540,nan
8/24/2026 22:01:17,1.17.3,StopSig,76,3.78,nan,1,>Left_Stop_trial,Left,389,777,262,277265575,nan,nan,nan
8/24/2026 22:01:21,1.17.3,StopSig,76,3.78,nan,1,NoPoke_STOP_(correct),Left,389,777,262,277269764,nan,nan,nan
8/24/2026 22:01:22,1.17.3,StopSig,76,3.78,2,1,Pellet,Left,389,777,263,277269764,0.59,21,nan
8/24/2026 22:04:17,1.17.3,StopSig,76,3.78,nan,1,>Left_Regular_trial,Left,390,777,263,277445791,nan,nan,nan
8/24/2026 22:04:21,1.17.3,StopSig,76,3.78,nan,1,NoPoke_Regular_(incorrect),Left,390,777,263,277449812,nan,nan,nan
8/24/2026 22:09:34,1.17.3,StopSig,76,3.78,nan,1,Right_no_left,Left,390,778,263,277449812,nan,nan,nan
8/24/2026 22:09:35,1.17.3,StopSig,76,3.77,nan,1,Right_no_left,Left,390,779,263,277763540,nan,nan,nan
8/24/2026 22:10:33,1.17.3,StopSig,76,3.78,nan,1,Right_no_left,Left,390,780,263,277764134,nan,nan,nan
8/24/2026 22:10:57,1.17.3,StopSig,76,3.78,nan,1,Right_no_left,Left,390,781,263,277822095,nan,nan,nan
8/24/2026 22:10:59,1.17.3,StopSig,76,3.78,nan,1,Right_no_left,Left,390,782,263,277845794,nan,nan,nan
8/24/2026 22:11:01,1.17.3,StopSig,76,3.78,nan,1,>Left_Stop_trial,Left,391,782,263,277849969,nan,nan,nan
8/24/2026 22:11:05,1.17.3,StopSig,76,3.78,nan,1,NoPoke_STOP_(correct),Left,391,782,263,277853858,nan,nan,nan
8/24/2026 22:11:06,1.17.3,StopSig,76,3.78,2,1,Pellet,Left,391,782,264,277853858,0.17,584,nan
8/24/2026 22:11:26,1.17.3,StopSig,76,3.78,nan,1,Right_no_left,Left,391,783,264,277853858,nan,nan,nan
8/24/2026 22:11:39,1.17.3,StopSig,76,3.78,nan,1,Right_no_left,Left,391,784,264,277875256,nan,nan,nan
8/24/2026 22:11:49,1.17.3,StopSig,76,3.78,nan,1,>Left_Stop_trial,Left,392,784,264,277897426,nan,nan,nan
8/24/2026 22:11:52,1.17.3,StopSig,76,3.78,nan,1,NoPoke_STOP_(correct),Left,392,784,264,277900868,nan,nan,nan
8/24/2026 22:11:53,1.17.3,StopSig,76,3.78,2,1,Pellet,Left,392,784,265,277900868,0.59,47,nan
8/24/2026 22:12:31,1.17.3,StopSig,76,3.78,nan,1,Right_no_left,Left,392,785,265,277900868,nan,nan,nan
8/24/2026 22:12:31,1.17.3,StopSig,76,3.78,nan,1,Right_no_left,Left,392,786,265,277939749,nan,nan,nan
8/24/2026 22:17:43,1.17.3,StopSig,76,3.78,nan,1,Right_no_left,Left,392,787,265,277940648,nan,nan,nan
8/24/2026 22:17:48,1.17.3,StopSig,76,3.78,nan,1,>Left_Regular_trial,Left,393,787,265,278256541,nan,nan,nan
8/24/2026 22:17:51,1.17.3,StopSig,76,3.78,nan,1,NoPoke_Regular_(incorrect),Left,393,787,265,278259827,nan,nan,nan
8/24/2026 22:24:57,1.17.3,StopSig,76,3.78,nan,1,>Left_Regular_trial,Left,394,787,265,278685474,nan,nan,nan
8/24/2026 22:24:58,1.17.3,StopSig,76,3.78,nan,1,Right_Regular_(correct),Left,394,788,265,278686814,nan,nan,nan
8/24/2026 22:24:59,1.17.3,StopSig,76,3.78,2,1,Pellet,Left,394,788,266,278686814,0.41,786,nan
8/24/2026 22:25:43,1.17.3,StopSig,76,3.78,nan,1,>Left_Stop_trial,Left,395,788,266,278731340,nan,nan,nan
8/24/2026 22:25:46,1.17.3,StopSig,76,3.78,nan,1,NoPoke_STOP_(correct),Left,395,788,266,278734791,nan,nan,nan
8/24/2026 22:25:49,1.17.3,StopSig,76,3.78,2,1,Pellet,Left,395,788,267,278734791,0.71,50,nan
8/24/2026 22:37:14,1.17.3,StopSig,76,3.78,nan,1,Right_no_left,Left,395,789,267,278734791,nan,nan,nan
8/24/2026 22:37:16,1.17.3,StopSig,76,3.78,nan,1,>Left_Stop_trial,Left,396,789,267,279424833,nan,nan,nan
8/24/2026 22:37:20,1.17.3,StopSig,76,3.78,nan,1,NoPoke_STOP_(correct),Left,396,789,267,279428877,nan,nan,nan
8/24/2026 22:37:21,1.17.3,StopSig,76,3.78,1,1,Pellet,Left,396,789,268,279428877,0.77,692,nan
8/24/2026 22:41:55,1.17.3,StopSig,76,3.78,nan,1,>Left_Stop_trial,Left,397,789,268,279703745,nan,nan,nan
8/24/2026 22:41:59,1.17.3,StopSig,76,3.77,nan,1,NoPoke_STOP_(correct),Left,397,789,268,279707942,nan,nan,nan
8/24/2026 22:42:00,1.17.3,StopSig,76,3.78,1,1,Pellet,Left,397,789,269,279707942,0.83,279,nan
8/24/2026 22:46:21,1.17.3,StopSig,76,3.77,nan,1,>Left_Regular_trial,Left,398,789,269,279969769,nan,nan,nan
8/24/2026 22:46:23,1.17.3,StopSig,76,3.77,nan,1,Right_Regular_(correct),Left,398,790,269,279971856,nan,nan,nan
8/24/2026 22:46:24,1.17.3,StopSig,76,3.78,1,1,Pellet,Left,398,790,270,279971856,0.17,264,nan
8/24/2026 22:46:42,1.17.3,StopSig,76,3.77,nan,1,Right_no_left,Left,398,791,270,279971856,nan,nan,nan
8/24/2026 22:47:31,1.17.3,StopSig,76,3.77,nan,1,Right_no_left,Left,398,792,270,279991754,nan,nan,nan
8/24/2026 22:47:57,1.17.3,StopSig,76,3.78,nan,1,Right_no_left,Left,398,793,270,280039846,nan,nan,nan
8/24/2026 22:47:58,1.17.3,StopSig,76,3.78,nan,1,>Left_Stop_trial,Left,399,793,270,280067108,nan,nan,nan
8/24/2026 22:48:02,1.17.3,StopSig,76,3.77,nan,1,NoPoke_STOP_(correct),Left,399,793,270,280070852,nan,nan,nan
8/24/2026 22:48:03,1.17.3,StopSig,76,3.78,1,1,Pellet,Left,399,793,271,280070852,0.89,99,nan
8/24/2026 22:57:10,1.17.3,StopSig,76,3.77,nan,1,>Left_Stop_trial,Left,400,793,271,280618850,nan,nan,nan
8/24/2026 22:57:14,1.17.3,StopSig,76,3.78,nan,1,NoPoke_STOP_(correct),Left,400,793,271,280622887,nan,nan,nan
8/24/2026 22:57:15,1.17.3,StopSig,76,3.77,1,1,Pellet,Left,400,793,272,280622887,0.53,552,nan
8/24/2026 22:57:35,1.17.3,StopSig,76,3.78,nan,1,Right_no_left,Left,400,794,272,280622887,nan,nan,nan
8/24/2026 22:57:37,1.17.3,StopSig,76,3.77,nan,1,>Left_Regular_trial,Left,401,794,272,280645951,nan,nan,nan
8/24/2026 22:57:41,1.17.3,StopSig,76,3.77,nan,1,NoPoke_Regular_(incorrect),Left,401,794,272,280649966,nan,nan,nan
8/24/2026 23:09:19,1.17.3,StopSig,76,3.77,nan,1,>Left_Regular_trial,Left,402,794,272,281348048,nan,nan,nan
8/24/2026 23:09:23,1.17.3,StopSig,76,3.77,nan,1,NoPoke_Regular_(incorrect),Left,402,794,272,281351919,nan,nan,nan
8/24/2026 23:15:01,1.17.3,StopSig,76,3.78,nan,1,Right_no_left,Left,402,795,272,281351919,nan,nan,nan
8/24/2026 23:16:13,1.17.3,StopSig,76,3.77,nan,1,Right_no_left,Left,402,796,272,281690118,nan,nan,nan
8/24/2026 23:16:14,1.17.3,StopSig,76,3.77,nan,1,Right_no_left,Left,402,797,272,281762774,nan,nan,nan
8/24/2026 23:16:18,1.17.3,StopSig,76,3.77,nan,1,>Left_Stop_trial,Left,403,797,272,281766643,nan,nan,nan
8/24/2026 23:16:21,1.17.3,StopSig,76,3.78,nan,1,NoPoke_STOP_(correct),Left,403,797,272,281769937,nan,nan,nan
8/24/2026 23:16:22,1.17.3,StopSig,76,3.77,1,1,Pellet,Left,403,797,273,281769937,0.53,1147,nan
8/24/2026 23:18:05,1.17.3,StopSig,76,3.77,nan,1,Right_no_left,Left,403,798,273,281769937,nan,nan,nan
8/24/2026 23:24:33,1.17.3,StopSig,76,3.77,nan,1,Right_no_left,Left,403,799,273,281874694,nan,nan,nan
8/24/2026 23:30:03,1.17.3,StopSig,76,3.78,nan,1,Right_no_left,Left,403,800,273,282262179,nan,nan,nan
8/24/2026 23:30:04,1.17.3,StopSig,76,3.77,nan,1,Right_no_left,Left,403,801,273,282592335,nan,nan,nan
8/24/2026 23:30:08,1.17.3,StopSig,76,3.78,nan,1,Right_no_left,Left,403,802,273,282593824,nan,nan,nan
8/24/2026 23:30:30,1.17.3,StopSig,76,3.76,nan,1,Right_no_left,Left,403,803,273,282597862,nan,nan,nan
8/24/2026 23:30:31,1.17.3,StopSig,76,3.77,nan,1,Right_no_left,Left,403,804,273,282619328,nan,nan,nan
8/24/2026 23:30:41,1.17.3,StopSig,76,3.77,nan,1,>Left_Regular_trial,Left,404,804,273,282630057,nan,nan,nan
8/24/2026 23:30:45,1.17.3,StopSig,76,3.77,nan,1,NoPoke_Regular_(incorrect),Left,404,804,273,282633929,nan,nan,nan
8/24/2026 23:41:07,1.17.3,StopSig,76,3.77,nan,1,>Left_Stop_trial,Left,405,804,273,283255969,nan,nan,nan
8/24/2026 23:41:11,1.17.3,StopSig,76,3.77,nan,1,NoPoke_STOP_(correct),Left,405,804,273,283260015,nan,nan,nan
8/24/2026 23:41:12,1.17.3,StopSig,76,3.77,1,1,Pellet,Left,405,804,274,283260015,0.65,1490,nan
8/24/2026 23:41:53,1.17.3,StopSig,76,3.77,nan,1,Right_no_left,Left,405,805,274,283260015,nan,nan,nan
8/24/2026 23:41:55,1.17.3,StopSig,76,3.77,nan,1,>Left_Regular_trial,Left,406,805,274,283304585,nan,nan,nan
8/24/2026 23:41:59,1.17.3,StopSig,76,3.76,nan,1,NoPoke_Regular_(incorrect),Left,406,805,274,283308008,nan,nan,nan
8/24/2026 23:42:52,1.17.3,StopSig,76,3.77,nan,1,>Left_Stop_trial,Left,407,805,274,283360843,nan,nan,nan
8/24/2026 23:42:56,1.17.3,StopSig,76,3.76,nan,1,NoPoke_STOP_(correct),Left,407,805,274,283365032,nan,nan,nan
8/24/2026 23:42:59,1.17.3,StopSig,76,3.77,2,1,Pellet,Left,407,805,275,283365032,0.53,107,nan
8/24/2026 23:43:20,1.17.3,StopSig,76,3.77,nan,1,>Left_Stop_trial,Left,408,805,275,283388632,nan,nan,nan
8/24/2026 23:43:23,1.17.3,StopSig,76,3.77,nan,1,NoPoke_STOP_(correct),Left,408,805,275,283392079,nan,nan,nan
8/24/2026 23:43:24,1.17.3,StopSig,76,3.77,1,1,Pellet,Left,408,805,276,283392079,0.53,25,nan
8/24/2026 23:45:55,1.17.3,StopSig,76,3.77,nan,1,Right_no_left,Left,408,806,276,283392079,nan,nan,nan
8/24/2026 23:47:15,1.17.3,StopSig,76,3.77,nan,1,Right_no_left,Left,408,807,276,283544810,nan,nan,nan
8/25/2026 0:01:36,1.17.3,StopSig,76,3.77,nan,1,>Left_Stop_trial,Left,409,807,276,284484839,nan,nan,nan
8/25/2026 0:01:39,1.17.3,StopSig,76,3.76,nan,1,NoPoke_STOP_(correct),Left,409,807,276,284488135,nan,nan,nan
8/25/2026 0:01:40,1.17.3,StopSig,76,3.76,1,1,Pellet,Left,409,807,277,284488135,0.29,1096,nan
8/25/2026 0:02:31,1.17.3,StopSig,76,3.76,nan,1,Right_no_left,Left,409,808,277,284488135,nan,nan,nan
8/25/2026 0:02:32,1.17.3,StopSig,76,3.76,nan,1,Right_no_left,Left,409,809,277,284540001,nan,nan,nan
8/25/2026 1:17:18,1.17.3,StopSig,76,3.76,nan,1,>Left_Regular_trial,Left,410,809,277,289027393,nan,nan,nan
8/25/2026 1:17:20,1.17.3,StopSig,76,3.76,nan,1,Right_Regular_(correct),Left,410,810,277,289029176,nan,nan,nan
8/25/2026 1:17:21,1.17.3,StopSig,76,3.76,1,1,Pellet,Left,410,810,278,289029176,0.47,4541,nan
8/25/2026 1:18:01,1.17.3,StopSig,76,3.76,nan,1,Right_no_left,Left,410,811,278,289029176,nan,nan,nan
8/25/2026 1:18:03,1.17.3,StopSig,76,3.76,nan,1,Right_no_left,Left,410,812,278,289070527,nan,nan,nan
8/25/2026 1:18:06,1.17.3,StopSig,76,3.76,nan,1,>Left_Stop_trial,Left,411,812,278,289075285,nan,nan,nan
8/25/2026 1:18:10,1.17.3,StopSig,76,3.76,nan,1,NoPoke_STOP_(correct),Left,411,812,278,289079318,nan,nan,nan
8/25/2026 1:18:13,1.17.3,StopSig,76,3.76,1,1,Pellet,Left,411,812,279,289079318,2.75,52,nan
8/25/2026 1:18:44,1.17.3,StopSig,76,3.76,nan,1,>Left_Stop_trial,Left,412,812,279,289113450,nan,nan,nan
8/25/2026 1:18:48,1.17.3,StopSig,76,3.76,nan,1,NoPoke_STOP_(correct),Left,412,812,279,289117187,nan,nan,nan
8/25/2026 1:18:51,1.17.3,StopSig,76,3.76,2,1,Pellet,Left,412,812,280,289117187,0.17,38,nan
8/25/2026 1:20:01,1.17.3,StopSig,76,3.76,nan,1,>Left_Stop_trial,Left,413,812,280,289189584,nan,nan,nan
8/25/2026 1:20:04,1.17.3,StopSig,76,3.76,nan,1,NoPoke_STOP_(correct),Left,413,812,280,289193332,nan,nan,nan
8/25/2026 1:20:05,1.17.3,StopSig,76,3.76,1,1,Pellet,Left,413,812,281,289193332,0.35,74,nan
8/25/2026 1:21:28,1.17.3,StopSig,76,3.76,nan,1,Right_no_left,Left,413,813,281,289193332,nan,nan,nan
8/25/2026 1:21:31,1.17.3,StopSig,76,3.76,nan,1,Right_no_left,Left,413,814,281,289277760,nan,nan,nan
8/25/2026 1:21:34,1.17.3,StopSig,76,3.76,nan,1,>Left_Stop_trial,Left,414,814,281,289283110,nan,nan,nan
8/25/2026 1:21:38,1.17.3,StopSig,76,3.76,nan,1,NoPoke_STOP_(correct),Left,414,814,281,289287296,nan,nan,nan
8/25/2026 1:21:41,1.17.3,StopSig,76,3.76,2,1,Pellet,Left,414,814,282,289287296,0.35,96,nan
8/25/2026 1:22:08,1.17.3,StopSig,76,3.76,nan,1,>Left_Regular_trial,Left,415,814,282,289317644,nan,nan,nan
8/25/2026 1:22:09,1.17.3,StopSig,76,3.76,nan,1,Right_Regular_(correct),Left,415,815,282,289318982,nan,nan,nan
8/25/2026 1:22:10,1.17.3,StopSig,76,3.76,1,1,Pellet,Left,415,815,283,289318982,0.23,29,nan
8/25/2026 1:23:40,1.17.3,StopSig,76,3.76,nan,1,>Left_Regular_trial,Left,416,815,283,289409348,nan,nan,nan
8/25/2026 1:23:41,1.17.3,StopSig,76,3.76,nan,1,Right_Regular_(correct),Left,416,816,283,289410686,nan,nan,nan
8/25/2026 1:23:46,1.17.3,StopSig,76,3.76,2,1,Pellet,Left,416,816,284,289410686,1.61,96,nan
8/25/2026 1:27:14,1.17.3,StopSig,76,3.76,nan,1,Right_no_left,Left,416,817,284,289410686,nan,nan,nan
8/25/2026 1:27:15,1.17.3,StopSig,76,3.76,nan,1,Right_no_left,Left,416,818,284,289623593,nan,nan,nan
8/25/2026 1:32:25,1.17.3,StopSig,76,3.76,nan,1,>Left_Regular_trial,Left,417,818,284,289934503,nan,nan,nan
8/25/2026 1:32:29,1.17.3,StopSig,76,3.76,nan,1,NoPoke_Regular_(incorrect),Left,417,818,284,289938222,nan,nan,nan
8/25/2026 1:33:24,1.17.3,StopSig,76,3.76,nan,1,>Left_Stop_trial,Left,418,818,284,289992804,nan,nan,nan
8/25/2026 1:33:27,1.17.3,StopSig,76,3.76,nan,1,NoPoke_STOP_(correct),Left,418,818,284,289996248,nan,nan,nan
8/25/2026 1:33:29,1.17.3,StopSig,76,3.76,1,1,Pellet,Left,418,818,285,289996248,2.03,583,nan
8/25/2026 1:33:47,1.17.3,StopSig,76,3.76,nan,1,>Left_Regular_trial,Left,419,818,285,290016106,nan,nan,nan
8/25/2026 1:33:51,1.17.3,StopSig,76,3.76,nan,1,NoPoke_Regular_(incorrect),Left,419,818,285,290020275,nan,nan,nan
8/25/2026 1:34:51,1.17.3,StopSig,76,3.76,nan,1,Right_no_left,Left,419,819,285,290020275,nan,nan,nan
8/25/2026 1:35:04,1.17.3,StopSig,76,3.76,nan,1,Right_no_left,Left,419,820,285,290080824,nan,nan,nan
8/25/2026 1:35:06,1.17.3,StopSig,76,3.76,nan,1,>Left_Regular_trial,Left,420,820,285,290095862,nan,nan,nan
8/25/2026 1:35:10,1.17.3,StopSig,76,3.76,nan,1,NoPoke_Regular_(incorrect),Left,420,820,285,290099289,nan,nan,nan
8/25/2026 1:44:32,1.17.3,StopSig,76,3.76,nan,1,Right_no_left,Left,420,821,285,290099289,nan,nan,nan
8/25/2026 1:45:34,1.17.3,StopSig,76,3.76,nan,1,>Left_Stop_trial,Left,421,821,285,290722821,nan,nan,nan
8/25/2026 1:45:37,1.17.3,StopSig,76,3.76,nan,1,NoPoke_STOP_(correct),Left,421,821,285,290726264,nan,nan,nan
8/25/2026 1:45:40,1.17.3,StopSig,76,3.76,2,1,Pellet,Left,421,821,286,290726264,0.47,731,nan
8/25/2026 1:46:19,1.17.3,StopSig,76,3.76,nan,1,>Left_Regular_trial,Left,422,821,286,290768706,nan,nan,nan
8/25/2026 1:46:21,1.17.3,StopSig,76,3.76,nan,1,Right_Regular_(correct),Left,422,822,286,290770493,nan,nan,nan
8/25/2026 1:46:22,1.17.3,StopSig,76,3.76,1,1,Pellet,Left,422,822,287,290770493,0.29,42,nan
8/25/2026 1:53:04,1.17.3,StopSig,76,3.76,nan,1,>Left_Regular_trial,Left,423,822,287,291173906,nan,nan,nan
8/25/2026 1:53:08,1.17.3,StopSig,76,3.76,nan,1,NoPoke_Regular_(incorrect),Left,423,822,287,291177339,nan,nan,nan
8/25/2026 1:58:55,1.17.3,StopSig,76,3.76,nan,1,>Left_Stop_trial,Left,424,822,287,291523680,nan,nan,nan
8/25/2026 1:58:58,1.17.3,StopSig,76,3.76,nan,1,NoPoke_STOP_(correct),Left,424,822,287,291527426,nan,nan,nan
8/25/2026 1:58:59,1.17.3,StopSig,76,3.76,2,1,Pellet,Left,424,822,288,291527426,0.41,757,nan
8/25/2026 2:04:02,1.17.3,StopSig,76,3.76,nan,1,Right_no_left,Left,424,823,288,291527426,nan,nan,nan
8/25/2026 2:07:56,1.17.3,StopSig,76,3.76,nan,1,Right_no_left,Left,424,824,288,291831659,nan,nan,nan
8/25/2026 2:07:59,1.17.3,StopSig,76,3.76,nan,1,>Left_Stop_trial,Left,425,824,288,292067885,nan,nan,nan
8/25/2026 2:08:02,1.17.3,StopSig,76,3.76,nan,1,NoPoke_STOP_(correct),Left,425,824,288,292071336,nan,nan,nan
8/25/2026 2:08:03,1.17.3,StopSig,76,3.76,1,1,Pellet,Left,425,824,289,292071336,0.71,544,nan
8/25/2026 2:37:18,1.17.3,StopSig,76,3.76,nan,1,Right_no_left,Left,425,825,289,292071336,nan,nan,nan
8/25/2026 2:37:39,1.17.3,StopSig,76,3.75,nan,1,>Left_Stop_trial,Left,426,825,289,293848240,nan,nan,nan
8/25/2026 2:37:39,1.17.3,StopSig,76,3.76,nan,1,Right_STOP_(incorrect),Left,426,826,289,293849140,nan,nan,nan
8/25/2026 2:38:10,1.17.3,StopSig,76,3.75,nan,1,>Left_Regular_trial,Left,427,826,289,293879464,nan,nan,nan
8/25/2026 2:38:14,1.17.3,StopSig,76,3.76,nan,1,NoPoke_Regular_(incorrect),Left,427,826,289,293883492,nan,nan,nan
8/25/2026 2:38:55,1.17.3,StopSig,76,3.76,nan,1,Right_no_left,Left,427,827,289,293883492,nan,nan,nan
8/25/2026 2:38:57,1.17.3,StopSig,76,3.76,nan,1,Right_no_left,Left,427,828,289,293925027,nan,nan,nan
8/25/2026 2:39:03,1.17.3,StopSig,76,3.76,nan,1,>Left_Regular_trial,Left,428,828,289,293932636,nan,nan,nan
8/25/2026 2:39:07,1.17.3,StopSig,76,3.76,nan,1,NoPoke_Regular_(incorrect),Left,428,828,289,293936517,nan,nan,nan
8/25/2026 2:39:53,1.17.3,StopSig,76,3.76,nan,1,>Left_Stop_trial,Left,429,828,289,293981777,nan,nan,nan
8/25/2026 2:39:56,1.17.3,StopSig,76,3.76,nan,1,NoPoke_STOP_(correct),Left,429,828,289,293985527,nan,nan,nan
8/25/2026 2:39:57,1.17.3,StopSig,76,3.76,1,1,Pellet,Left,429,828,290,293985527,0.89,1914,nan
8/25/2026 2:40:45,1.17.3,StopSig,76,3.76,nan,1,Right_no_left,Left,429,829,290,293985527,nan,nan,nan
8/25/2026 2:40:46,1.17.3,StopSig,76,3.76,nan,1,Right_no_left,Left,429,830,290,294035145,nan,nan,nan
8/25/2026 2:41:04,1.17.3,StopSig,76,3.76,nan,1,>Left_Regular_trial,Left,430,830,290,294053488,nan,nan,nan
8/25/2026 2:41:08,1.17.3,StopSig,76,3.75,nan,1,NoPoke_Regular_(incorrect),Left,430,830,290,294057511,nan,nan,nan
8/25/2026 2:46:41,1.17.3,StopSig,76,3.75,nan,1,Right_no_left,Left,430,831,290,294057511,nan,nan,nan
8/25/2026 2:47:42,1.17.3,StopSig,76,3.75,nan,1,Right_no_left,Left,430,832,290,294391053,nan,nan,nan
8/25/2026 2:47:43,1.17.3,StopSig,76,3.75,nan,1,Right_no_left,Left,430,833,290,294451697,nan,nan,nan
8/25/2026 2:48:35,1.17.3,StopSig,76,3.75,nan,1,Right_no_left,Left,430,834,290,294452739,nan,nan,nan
8/25/2026 2:48:36,1.17.3,StopSig,76,3.74,nan,1,Right_no_left,Left,430,835,290,294504795,nan,nan,nan
8/25/2026 2:48:37,1.17.3,StopSig,76,3.76,nan,1,Right_no_left,Left,430,836,290,294506142,nan,nan,nan
8/25/2026 2:56:15,1.17.3,StopSig,76,3.75,nan,1,Right_no_left,Left,430,837,290,294507334,nan,nan,nan
8/25/2026 2:56:16,1.17.3,StopSig,76,3.76,nan,1,Right_no_left,Left,430,838,290,294965260,nan,nan,nan
8/25/2026 2:56:18,1.17.3,StopSig,76,3.76,nan,1,>Left_Regular_trial,Left,431,838,290,294967944,nan,nan,nan
8/25/2026 2:56:22,1.17.3,StopSig,76,3.75,nan,1,Right_Regular_(correct),Left,431,839,290,294971534,nan,nan,nan
8/25/2026 2:56:23,1.17.3,StopSig,76,3.75,2,1,Pellet,Left,431,839,291,294971534,0.41,986,nan
8/25/2026 2:57:11,1.17.3,StopSig,76,3.75,nan,1,Right_no_left,Left,431,840,291,294971534,nan,nan,nan
8/25/2026 2:59:03,1.17.3,StopSig,76,3.75,nan,1,Right_no_left,Left,431,841,291,295020959,nan,nan,nan
8/25/2026 3:00:06,1.17.3,StopSig,76,3.76,nan,1,>Left_Stop_trial,Left,432,841,291,295195455,nan,nan,nan
8/25/2026 3:00:10,1.17.3,StopSig,76,3.76,nan,1,NoPoke_STOP_(correct),Left,432,841,291,295199494,nan,nan,nan
8/25/2026 3:00:14,1.17.3,StopSig,76,3.76,1,1,Pellet,Left,432,841,292,295199494,3.29,231,nan
8/25/2026 3:07:04,1.17.3,StopSig,76,3.75,nan,1,>Left_Regular_trial,Left,433,841,292,295613766,nan,nan,nan
8/25/2026 3:07:08,1.17.3,StopSig,76,3.75,nan,1,NoPoke_Regular_(incorrect),Left,433,841,292,295617489,nan,nan,nan
8/25/2026 3:12:24,1.17.3,StopSig,76,3.75,nan,1,Right_no_left,Left,433,842,292,295617489,nan,nan,nan
8/25/2026 3:12:25,1.17.3,StopSig,76,3.75,nan,1,Right_no_left,Left,433,843,292,295933509,nan,nan,nan
8/25/2026 3:12:27,1.17.3,StopSig,76,3.75,nan,1,>Left_Stop_trial,Left,434,843,292,295936197,nan,nan,nan
8/25/2026 3:12:30,1.17.3,StopSig,76,3.75,nan,1,NoPoke_STOP_(correct),Left,434,843,292,295939493,nan,nan,nan
8/25/2026 3:12:31,1.17.3,StopSig,76,3.76,1,1,Pellet,Left,434,843,293,295939493,0.71,737,nan
8/25/2026 3:21:26,1.17.3,StopSig,76,3.75,nan,1,Right_no_left,Left,434,844,293,295939493,nan,nan,nan
8/25/2026 3:22:05,1.17.3,StopSig,76,3.75,nan,1,>Left_Regular_trial,Left,435,844,293,296514388,nan,nan,nan
8/25/2026 3:22:09,1.17.3,StopSig,76,3.75,nan,1,NoPoke_Regular_(incorrect),Left,435,844,293,296518568,nan,nan,nan
8/25/2026 3:23:33,1.17.3,StopSig,76,3.75,nan,1,>Left_Stop_trial,Left,436,844,293,296602570,nan,nan,nan
8/25/2026 3:23:37,1.17.3,StopSig,76,3.75,nan,1,NoPoke_STOP_(correct),Left,436,844,293,296606615,nan,nan,nan
8/25/2026 3:23:38,1.17.3,StopSig,76,3.75,2,1,Pellet,Left,436,844,294,296606615,0.23,667,nan
8/25/2026 3:24:06,1.17.3,StopSig,76,3.75,nan,1,>Left_Regular_trial,Left,437,844,294,296635310,nan,nan,nan
8/25/2026 3:24:07,1.17.3,StopSig,76,3.75,nan,1,Right_Regular_(correct),Left,437,845,294,296636506,nan,nan,nan
8/25/2026 3:24:08,1.17.3,StopSig,76,3.75,1,1,Pellet,Left,437,845,295,296636506,0.29,30,nan
8/25/2026 3:24:30,1.17.3,StopSig,76,3.75,nan,1,>Left_Regular_trial,Left,438,845,295,296659588,nan,nan,nan
8/25/2026 3:24:34,1.17.3,StopSig,76,3.75,nan,1,Right_Regular_(correct),Left,438,846,295,296663613,nan,nan,nan
8/25/2026 3:24:35,1.17.3,StopSig,76,3.75,1,1,Pellet,Left,438,846,296,296663613,0.17,27,nan
8/25/2026 3:55:35,1.17.3,StopSig,76,3.75,nan,1,>Left_Regular_trial,Left,439,846,296,298525219,nan,nan,nan
8/25/2026 3:55:39,1.17.3,StopSig,76,3.75,nan,1,NoPoke_Regular_(incorrect),Left,439,846,296,298528649,nan,nan,nan
8/25/2026 3:57:12,1.17.3,StopSig,76,3.75,nan,1,>Left_Regular_trial,Left,440,846,296,298621350,nan,nan,nan
8/25/2026 3:57:14,1.17.3,StopSig,76,3.74,nan,1,Right_Regular_(correct),Left,440,847,296,298623436,nan,nan,nan
8/25/2026 3:57:15,1.17.3,StopSig,76,3.75,1,1,Pellet,Left,440,847,297,298623436,1.07,1960,nan
8/25/2026 3:57:48,1.17.3,StopSig,76,3.75,nan,1,Right_no_left,Left,440,848,297,298623436,nan,nan,nan
8/25/2026 3:57:50,1.17.3,StopSig,76,3.75,nan,1,Right_no_left,Left,440,849,297,298658146,nan,nan,nan
8/25/2026 3:57:52,1.17.3,StopSig,76,3.74,nan,1,>Left_Stop_trial,Left,441,849,297,298661869,nan,nan,nan
8/25/2026 3:57:56,1.17.3,StopSig,76,3.74,nan,1,NoPoke_STOP_(correct),Left,441,849,297,298665759,nan,nan,nan
8/25/2026 3:57:57,1.17.3,StopSig,76,3.75,1,1,Pellet,Left,441,849,298,298665759,0.23,42,nan
8/25/2026 4:00:14,1.17.3,StopSig,76,3.74,nan,1,Right_no_left,Left,441,850,298,298665759,nan,nan,nan
8/25/2026 4:00:15,1.17.3,StopSig,76,3.74,nan,1,Right_no_left,Left,441,851,298,298803727,nan,nan,nan
8/25/2026 4:00:21,1.17.3,StopSig,76,3.75,nan,1,>Left_Regular_trial,Left,442,851,298,298810725,nan,nan,nan
8/25/2026 4:00:22,1.17.3,StopSig,76,3.75,nan,1,Right_Regular_(correct),Left,442,852,298,298812214,nan,nan,nan
8/25/2026 4:00:25,1.17.3,StopSig,76,3.75,2,1,Pellet,Left,442,852,299,298812214,0.35,148,nan
8/25/2026 4:47:04,1.17.3,StopSig,76,3.74,nan,1,>Left_Stop_trial,Left,443,852,299,301613738,nan,nan,nan
8/25/2026 4:47:08,1.17.3,StopSig,76,3.74,nan,1,NoPoke_STOP_(correct),Left,443,852,299,301617776,nan,nan,nan
8/25/2026 4:47:15,1.17.3,StopSig,76,3.74,4,1,Pellet,Left,443,852,300,301617776,1.97,2810,nan
8/25/2026 4:48:05,1.17.3,StopSig,76,3.74,nan,1,>Left_Regular_trial,Left,444,852,300,301674423,nan,nan,nan
8/25/2026 4:48:08,1.17.3,StopSig,76,3.74,nan,1,NoPoke_Regular_(incorrect),Left,444,852,300,301677853,nan,nan,nan
8/25/2026 4:48:40,1.17.3,StopSig,76,3.74,nan,1,Right_no_left,Left,444,853,300,301677853,nan,nan,nan
8/25/2026 4:48:42,1.17.3,StopSig,76,3.74,nan,1,Right_no_left,Left,444,854,300,301710110,nan,nan,nan
8/25/2026 4:48:44,1.17.3,StopSig,76,3.74,nan,1,>Left_Regular_trial,Left,445,854,300,301714128,nan,nan,nan
8/25/2026 4:48:47,1.17.3,StopSig,76,3.74,nan,1,Right_Regular_(correct),Left,445,855,300,301717253,nan,nan,nan
8/25/2026 4:48:55,1.17.3,StopSig,76,3.74,4,1,Pellet,Left,445,855,301,301717253,0.77,100,nan
8/25/2026 4:59:03,1.17.3,StopSig,76,3.74,nan,1,Right_no_left,Left,445,856,301,301717253,nan,nan,nan
8/25/2026 4:59:03,1.17.3,StopSig,76,3.74,nan,1,Right_no_left,Left,445,857,301,302332977,nan,nan,nan
8/25/2026 4:59:22,1.17.3,StopSig,76,3.74,nan,1,>Left_Regular_trial,Left,446,857,301,302352309,nan,nan,nan
8/25/2026 4:59:24,1.17.3,StopSig,76,3.74,nan,1,Right_Regular_(correct),Left,446,858,301,302354241,nan,nan,nan
8/25/2026 4:59:25,1.17.3,StopSig,76,3.74,1,1,Pellet,Left,446,858,302,302354241,0.35,630,nan
8/25/2026 5:01:10,1.17.3,StopSig,76,3.74,nan,1,Right_no_left,Left,446,859,302,302354241,nan,nan,nan
8/25/2026 5:01:14,1.17.3,StopSig,76,3.74,nan,1,>Left_Regular_trial,Left,447,859,302,302463507,nan,nan,nan
8/25/2026 5:01:17,1.17.3,StopSig,76,3.74,nan,1,NoPoke_Regular_(incorrect),Left,447,859,302,302466778,nan,nan,nan
8/25/2026 5:11:08,1.17.3,StopSig,76,3.74,nan,1,>Left_Regular_trial,Left,448,859,302,303057749,nan,nan,nan
8/25/2026 5:11:09,1.17.3,StopSig,76,3.74,nan,1,Right_Regular_(correct),Left,448,860,302,303059093,nan,nan,nan
8/25/2026 5:11:10,1.17.3,StopSig,76,3.74,1,1,Pellet,Left,448,860,303,303059093,0.41,705,nan
8/25/2026 5:12:24,1.17.3,StopSig,76,3.74,nan,1,Right_no_left,Left,448,861,303,303059093,nan,nan,nan
8/25/2026 5:12:37,1.17.3,StopSig,76,3.74,nan,1,>Left_Regular_trial,Left,449,861,303,303147467,nan,nan,nan
8/25/2026 5:12:41,1.17.3,StopSig,76,3.74,nan,1,NoPoke_Regular_(incorrect),Left,449,861,303,303150896,nan,nan,nan
8/25/2026 5:13:31,1.17.3,StopSig,76,3.74,nan,1,Right_no_left,Left,449,862,303,303150896,nan,nan,nan
8/25/2026 5:13:31,1.17.3,StopSig,76,3.74,nan,1,Right_no_left,Left,449,863,303,303201296,nan,nan,nan
8/25/2026 5:16:03,1.17.3,StopSig,76,3.74,nan,1,Right_no_left,Left,449,864,303,303201592,nan,nan,nan
8/25/2026 5:16:04,1.17.3,StopSig,76,3.74,nan,1,Right_no_left,Left,449,865,303,303353644,nan,nan,nan
8/25/2026 5:21:55,1.17.3,StopSig,76,3.74,nan,1,>Left_Regular_trial,Left,450,865,303,303705167,nan,nan,nan
8/25/2026 5:21:58,1.17.3,StopSig,76,3.74,nan,1,Right_Regular_(correct),Left,450,866,303,303708298,nan,nan,nan
8/25/2026 5:22:02,1.17.3,StopSig,76,3.74,2,1,Pellet,Left,450,866,304,303708298,0.65,652,nan
8/25/2026 5:27:16,1.17.3,StopSig,76,3.74,nan,1,Right_no_left,Left,450,867,304,303708298,nan,nan,nan
8/25/2026 5:27:17,1.17.3,StopSig,76,3.74,nan,1,>Left_Regular_trial,Left,451,867,304,304027510,nan,nan,nan
8/25/2026 5:27:21,1.17.3,StopSig,76,3.74,nan,1,NoPoke_Regular_(incorrect),Left,451,867,304,304030928,nan,nan,nan
8/25/2026 5:31:51,1.17.3,StopSig,76,3.74,nan,1,>Left_Regular_trial,Left,452,867,304,304301138,nan,nan,nan
8/25/2026 5:31:55,1.17.3,StopSig,76,3.74,nan,1,NoPoke_Regular_(incorrect),Left,452,867,304,304304855,nan,nan,nan
8/25/2026 5:33:14,1.17.3,StopSig,76,3.74,nan,1,>Left_Regular_trial,Left,453,867,304,304383701,nan,nan,nan
8/25/2026 5:33:17,1.17.3,StopSig,76,3.74,nan,1,NoPoke_Regular_(incorrect),Left,453,867,304,304386974,nan,nan,nan
8/25/2026 5:38:16,1.17.3,StopSig,76,3.74,nan,1,>Left_Regular_trial,Left,454,867,304,304686524,nan,nan,nan
8/25/2026 5:38:18,1.17.3,StopSig,76,3.74,nan,1,Right_Regular_(correct),Left,454,868,304,304687862,nan,nan,nan
8/25/2026 5:38:19,1.17.3,StopSig,76,3.74,1,1,Pellet,Left,454,868,305,304687862,0.12,977,nan
8/25/2026 5:38:46,1.17.3,StopSig,76,3.74,nan,1,Right_no_left,Left,454,869,305,304687862,nan,nan,nan
8/25/2026 5:38:47,1.17.3,StopSig,76,3.74,nan,1,Right_no_left,Left,454,870,305,304716365,nan,nan,nan
8/25/2026 5:38:49,1.17.3,StopSig,76,3.74,nan,1,>Left_Regular_trial,Left,455,870,305,304718752,nan,nan,nan
8/25/2026 5:38:50,1.17.3,StopSig,76,3.73,nan,1,Right_Regular_(correct),Left,455,871,305,304720686,nan,nan,nan
8/25/2026 5:38:51,1.17.3,StopSig,76,3.74,1,1,Pellet,Left,455,871,306,304720686,0.29,32,nan
8/25/2026 5:48:54,1.17.3,StopSig,76,3.74,nan,1,>Left_Regular_trial,Left,456,871,306,305323974,nan,nan,nan
8/25/2026 5:48:58,1.17.3,StopSig,76,3.74,nan,1,NoPoke_Regular_(incorrect),Left,456,871,306,305327991,nan,nan,nan
8/25/2026 5:50:34,1.17.3,StopSig,76,3.74,nan,1,Right_no_left,Left,456,872,306,305327991,nan,nan,nan
8/25/2026 9:01:28,1.17.3,StopSig,76,3.73,nan,1,>Left_Regular_trial,Left,457,872,306,316878823,nan,nan,nan
8/25/2026 9:01:30,1.17.3,StopSig,76,3.72,nan,1,Right_Regular_(correct),Left,457,873,306,316880755,nan,nan,nan
8/25/2026 9:01:32,1.17.3,StopSig,76,3.72,1,1,Pellet,Left,457,873,307,316880755,1.01,12161,nan
8/25/2026 9:01:57,1.17.3,StopSig,76,3.72,nan,1,Right_no_left,Left,457,874,307,316880755,nan,nan,nan
8/25/2026 9:01:58,1.17.3,StopSig,76,3.72,nan,1,Right_no_left,Left,457,875,307,316908393,nan,nan,nan
8/25/2026 9:02:01,1.17.3,StopSig,76,3.72,nan,1,>Left_Regular_trial,Left,458,875,307,316911811,nan,nan,nan
8/25/2026 9:02:02,1.17.3,StopSig,76,3.71,nan,1,Right_Regular_(correct),Left,458,876,307,316913001,nan,nan,nan
8/25/2026 9:02:03,1.17.3,StopSig,76,3.72,1,1,Pellet,Left,458,876,308,316913001,0.29,31,nan
8/25/2026 9:02:30,1.17.3,StopSig,76,3.72,nan,1,Right_no_left,Left,458,877,308,316913001,nan,nan,nan
8/25/2026 9:02:33,1.17.3,StopSig,76,3.73,nan,1,>Left_Regular_trial,Left,459,877,308,316943508,nan,nan,nan
8/25/2026 9:02:37,1.17.3,StopSig,76,3.73,nan,1,NoPoke_Regular_(incorrect),Left,459,877,308,316947526,nan,nan,nan
8/25/2026 10:36:59,1.17.3,StopSig,76,3.72,nan,1,Right_no_left,Left,459,878,308,316947526,nan,nan,nan
8/25/2026 10:37:00,1.17.3,StopSig,76,3.71,nan,1,Right_no_left,Left,459,879,308,322609975,nan,nan,nan
8/25/2026 10:37:03,1.17.3,StopSig,76,3.71,nan,1,>Left_Regular_trial,Left,460,879,308,322614288,nan,nan,nan
8/25/2026 10:37:06,1.17.3,StopSig,76,3.71,nan,1,Right_Regular_(correct),Left,460,880,308,322617423,nan,nan,nan
8/25/2026 10:37:08,1.17.3,StopSig,76,3.71,1,1,Pellet,Left,460,880,309,322617423,0.41,5705,nan
8/25/2026 10:50:33,1.17.3,StopSig,76,3.71,nan,1,>Left_Regular_trial,Left,461,880,309,323423831,nan,nan,nan
8/25/2026 10:50:35,1.17.3,StopSig,76,3.71,nan,1,Right_Regular_(correct),Left,461,881,309,323425912,nan,nan,nan
8/25/2026 10:50:36,1.17.3,StopSig,76,3.71,1,1,Pellet,Left,461,881,310,323425912,0.17,808,nan
8/25/2026 10:50:58,1.17.3,StopSig,76,3.71,nan,1,Right_no_left,Left,461,882,310,323425912,nan,nan,nan
8/25/2026 10:51:00,1.17.3,StopSig,76,3.71,nan,1,>Left_Stop_trial,Left,462,882,310,323451089,nan,nan,nan
8/25/2026 10:51:04,1.17.3,StopSig,76,3.71,nan,1,NoPoke_STOP_(correct),Left,462,882,310,323454826,nan,nan,nan
8/25/2026 10:51:05,1.17.3,StopSig,76,3.71,1,1,Pellet,Left,462,882,311,323454826,0.29,29,nan
8/25/2026 10:51:49,1.17.3,StopSig,76,3.71,nan,1,Right_no_left,Left,462,883,311,323454826,nan,nan,nan
8/25/2026 12:08:36,1.17.3,StopSig,76,3.70,nan,1,>Left_Stop_trial,Left,463,883,311,328107037,nan,nan,nan
8/25/2026 12:08:40,1.17.3,StopSig,76,3.71,nan,1,NoPoke_STOP_(correct),Left,463,883,311,328111070,nan,nan,nan
8/25/2026 12:08:41,1.17.3,StopSig,76,3.71,1,1,Pellet,Left,463,883,312,328111070,0.83,4656,nan
8/25/2026 12:09:13,1.17.3,StopSig,76,3.70,nan,1,>Left_Regular_trial,Left,464,883,312,328144316,nan,nan,nan
8/25/2026 12:09:14,1.17.3,StopSig,76,3.70,nan,1,Right_Regular_(correct),Left,464,884,312,328145653,nan,nan,nan
8/25/2026 12:09:15,1.17.3,StopSig,76,3.71,1,1,Pellet,Left,464,884,313,328145653,0.29,34,nan
8/25/2026 12:09:50,1.17.3,StopSig,76,3.70,nan,1,Right_no_left,Left,464,885,313,328145653,nan,nan,nan
8/25/2026 12:09:51,1.17.3,StopSig,76,3.71,nan,1,Right_no_left,Left,464,886,313,328181103,nan,nan,nan
8/25/2026 12:09:52,1.17.3,StopSig,76,3.71,nan,1,Right_no_left,Left,464,887,313,328182589,nan,nan,nan
8/25/2026 12:09:54,1.17.3,StopSig,76,3.70,nan,1,>Left_Regular_trial,Left,465,887,313,328184966,nan,nan,nan
8/25/2026 12:09:56,1.17.3,StopSig,76,3.71,nan,1,Right_Regular_(correct),Left,465,888,313,328187648,nan,nan,nan
8/25/2026 12:09:57,1.17.3,StopSig,76,3.70,nan,1,RightDuringDispense,Left,465,889,313,328187648,nan,nan,0.01
8/25/2026 12:09:58,1.17.3,StopSig,76,3.71,1,1,Pellet,Left,465,889,314,328187648,0.23,43,nan
8/25/2026 12:10:31,1.17.3,StopSig,76,3.70,nan,1,>Left_Stop_trial,Left,466,889,314,328221762,nan,nan,nan
8/25/2026 12:10:34,1.17.3,StopSig,76,3.70,nan,1,NoPoke_STOP_(correct),Left,466,889,314,328225052,nan,nan,nan
8/25/2026 12:10:38,1.17.3,StopSig,76,3.71,1,1,Pellet,Left,466,889,315,328225052,3.47,40,nan
8/25/2026 12:11:05,1.17.3,StopSig,76,3.71,nan,1,Right_no_left,Left,466,890,315,328225052,nan,nan,nan
8/25/2026 12:11:10,1.17.3,StopSig,76,3.71,nan,1,Right_no_left,Left,466,891,315,328256768,nan,nan,nan
8/25/2026 12:11:13,1.17.3,StopSig,76,3.71,nan,1,>Left_Regular_trial,Left,467,891,315,328263892,nan,nan,nan
8/25/2026 12:11:15,1.17.3,StopSig,76,3.70,nan,1,Right_Regular_(correct),Left,467,892,315,328266413,nan,nan,nan
8/25/2026 12:11:15,1.17.3,StopSig,76,3.70,nan,1,RightDuringDispense,Left,467,893,315,328266413,nan,nan,0.03
8/25/2026 12:11:16,1.17.3,StopSig,76,3.71,1,1,Pellet,Left,467,893,316,328266413,0.17,38,nan
8/25/2026 12:35:38,1.17.3,StopSig,76,3.70,nan,1,Right_no_left,Left,467,894,316,328266413,nan,nan,nan
8/25/2026 12:35:48,1.17.3,StopSig,76,3.70,nan,1,Right_no_left,Left,467,895,316,329729198,nan,nan,nan
8/25/2026 12:35:49,1.17.3,StopSig,76,3.70,nan,1,Right_no_left,Left,467,896,316,329739746,nan,nan,nan
8/25/2026 12:35:50,1.17.3,StopSig,76,3.70,nan,1,Right_no_left,Left,467,897,316,329740643,nan,nan,nan
8/25/2026 12:51:05,1.17.3,StopSig,76,3.70,nan,1,Right_no_left,Left,467,898,316,329741682,nan,nan,nan
8/25/2026 12:51:08,1.17.3,StopSig,76,3.70,nan,1,Right_no_left,Left,467,899,316,330656745,nan,nan,nan
8/25/2026 13:23:49,1.17.3,StopSig,76,3.69,nan,1,Right_no_left,Left,467,900,316,330659566,nan,nan,nan
8/25/2026 13:23:50,1.17.3,StopSig,76,3.69,nan,1,Right_no_left,Left,467,901,316,332620486,nan,nan,nan
8/25/2026 13:23:51,1.17.3,StopSig,76,3.69,nan,1,Right_no_left,Left,467,902,316,332621541,nan,nan,nan
8/25/2026 13:23:53,1.17.3,StopSig,76,3.69,nan,1,Right_no_left,Left,467,903,316,332622874,nan,nan,nan
8/25/2026 13:23:56,1.17.3,StopSig,76,3.70,nan,1,>Left_Stop_trial,Left,468,903,316,332626730,nan,nan,nan
8/25/2026 13:23:59,1.17.3,StopSig,76,3.69,nan,1,NoPoke_STOP_(correct),Left,468,903,316,332630325,nan,nan,nan
8/25/2026 13:24:00,1.17.3,StopSig,76,3.69,1,1,Pellet,Left,468,903,317,332630325,0.89,4364,nan
8/25/2026 13:34:55,1.17.3,StopSig,76,3.70,nan,1,Right_no_left,Left,468,904,317,332630325,nan,nan,nan
8/25/2026 13:35:00,1.17.3,StopSig,76,3.69,nan,1,>Left_Regular_trial,Left,469,904,317,333290922,nan,nan,nan
8/25/2026 13:35:01,1.17.3,StopSig,76,3.69,nan,1,Right_Regular_(correct),Left,469,905,317,333292552,nan,nan,nan
8/25/2026 13:35:02,1.17.3,StopSig,76,3.70,1,1,Pellet,Left,469,905,318,333292552,0.17,662,nan
8/25/2026 13:36:05,1.17.3,StopSig,76,3.70,nan,1,Right_no_left,Left,469,906,318,333292552,nan,nan,nan
8/25/2026 13:36:06,1.17.3,StopSig,76,3.69,nan,1,Right_no_left,Left,469,907,318,333356309,nan,nan,nan
8/25/2026 13:36:07,1.17.3,StopSig,76,3.69,nan,1,Right_no_left,Left,469,908,318,333357348,nan,nan,nan
8/25/2026 13:36:08,1.17.3,StopSig,76,3.69,nan,1,Right_no_left,Left,469,909,318,333358683,nan,nan,nan
8/25/2026 13:36:11,1.17.3,StopSig,76,3.69,nan,1,>Left_Stop_trial,Left,470,909,318,333361651,nan,nan,nan
8/25/2026 13:36:14,1.17.3,StopSig,76,3.69,nan,1,NoPoke_STOP_(correct),Left,470,909,318,333365233,nan,nan,nan
8/25/2026 13:36:17,1.17.3,StopSig,76,3.69,2,1,Pellet,Left,470,909,319,333365233,0.47,75,nan
8/25/2026 13:40:40,1.17.3,StopSig,76,3.69,nan,1,Right_no_left,Left,470,910,319,333365233,nan,nan,nan
8/25/2026 13:40:41,1.17.3,StopSig,76,3.69,nan,1,Right_no_left,Left,470,911,319,333631300,nan,nan,nan
8/25/2026 13:40:46,1.17.3,StopSig,76,3.69,nan,1,Right_no_left,Left,470,912,319,333632633,nan,nan,nan
8/25/2026 13:40:46,1.17.3,StopSig,76,3.69,nan,1,Right_no_left,Left,470,913,319,333637665,nan,nan,nan
8/25/2026 13:40:50,1.17.3,StopSig,76,3.69,nan,1,Right_no_left,Left,470,914,319,333638115,nan,nan,nan
8/25/2026 14:36:27,1.17.3,StopSig,76,3.69,nan,1,Right_no_left,Left,470,915,319,333641670,nan,nan,nan
8/25/2026 14:36:31,1.17.3,StopSig,76,3.69,nan,1,>Left_Stop_trial,Left,471,915,319,336981956,nan,nan,nan
8/25/2026 14:36:34,1.17.3,StopSig,76,3.69,nan,1,NoPoke_STOP_(correct),Left,471,915,319,336985383,nan,nan,nan
8/25/2026 14:36:39,1.17.3,StopSig,76,3.69,2,1,Pellet,Left,471,915,320,336985383,2.45,3622,nan
8/25/2026 14:44:24,1.17.3,StopSig,76,3.69,nan,1,Right_no_left,Left,471,916,320,336985383,nan,nan,nan
8/25/2026 14:44:25,1.17.3,StopSig,76,3.69,nan,1,Right_no_left,Left,471,917,320,337455530,nan,nan,nan
8/25/2026 14:44:26,1.17.3,StopSig,76,3.69,nan,1,Right_no_left,Left,471,918,320,337456862,nan,nan,nan
8/25/2026 14:44:32,1.17.3,StopSig,76,3.69,nan,1,>Left_Regular_trial,Left,472,918,320,337463968,nan,nan,nan
8/25/2026 14:44:36,1.17.3,StopSig,76,3.69,nan,1,NoPoke_Regular_(incorrect),Left,472,918,320,337467523,nan,nan,nan
8/25/2026 14:45:14,1.17.3,StopSig,76,3.69,nan,1,>Left_Stop_trial,Left,473,918,320,337505561,nan,nan,nan
8/25/2026 14:45:18,1.17.3,StopSig,76,3.69,nan,1,NoPoke_STOP_(correct),Left,473,918,320,337509436,nan,nan,nan
8/25/2026 14:45:20,1.17.3,StopSig,76,3.69,1,1,Pellet,Left,473,918,321,337509436,1.19,521,nan
8/25/2026 14:46:01,1.17.3,StopSig,76,3.69,nan,1,Right_no_left,Left,473,919,321,337509436,nan,nan,nan
8/25/2026 14:46:04,1.17.3,StopSig,76,3.69,nan,1,>Left_Stop_trial,Left,474,919,321,337555531,nan,nan,nan
8/25/2026 14:46:08,1.17.3,StopSig,76,3.69,nan,1,NoPoke_STOP_(correct),Left,474,919,321,337559402,nan,nan,nan
8/25/2026 14:46:11,1.17.3,StopSig,76,3.69,2,1,Pellet,Left,474,919,322,337559402,0.17,51,nan
8/25/2026 14:46:35,1.17.3,StopSig,76,3.69,nan,1,Right_no_left,Left,474,920,322,337559402,nan,nan,nan
8/25/2026 14:46:38,1.17.3,StopSig,76,3.69,nan,1,Right_no_left,Left,474,921,322,337586652,nan,nan,nan
8/25/2026 14:46:41,1.17.3,StopSig,76,3.69,nan,1,>Left_Stop_trial,Left,475,921,322,337592142,nan,nan,nan
8/25/2026 14:46:44,1.17.3,StopSig,76,3.69,nan,1,NoPoke_STOP_(correct),Left,475,921,322,337595424,nan,nan,nan
8/25/2026 14:46:45,1.17.3,StopSig,76,3.69,1,1,Pellet,Left,475,921,323,337595424,0.71,34,nan
8/25/2026 14:48:07,1.17.3,StopSig,76,3.69,nan,1,>Left_Regular_trial,Left,476,921,323,337678603,nan,nan,nan
8/25/2026 14:48:08,1.17.3,StopSig,76,3.69,nan,1,Right_Regular_(correct),Left,476,922,323,337680085,nan,nan,nan
8/25/2026 14:48:09,1.17.3,StopSig,76,3.69,1,1,Pellet,Left,476,922,324,337680085,0.17,84,nan
8/25/2026 14:50:10,1.17.3,StopSig,76,3.69,nan,1,>Left_Regular_trial,Left,477,922,324,337801974,nan,nan,nan
8/25/2026 14:50:12,1.17.3,StopSig,76,3.69,nan,1,Right_Regular_(correct),Left,477,923,324,337803752,nan,nan,nan
8/25/2026 14:50:13,1.17.3,StopSig,76,3.69,1,1,Pellet,Left,477,923,325,337803752,0.53,124,nan
8/25/2026 14:50:38,1.17.3,StopSig,76,3.69,nan,1,>Left_Stop_trial,Left,478,923,325,337829313,nan,nan,nan
8/25/2026 14:50:42,1.17.3,StopSig,76,3.69,nan,1,NoPoke_STOP_(correct),Left,478,923,325,337833495,nan,nan,nan
8/25/2026 14:50:43,1.17.3,StopSig,76,3.69,1,1,Pellet,Left,478,923,326,337833495,0.41,30,nan
8/25/2026 15:37:44,1.17.3,StopSig,76,3.69,nan,1,Right_no_left,Left,478,924,326,337833495,nan,nan,nan
8/25/2026 15:37:48,1.17.3,StopSig,76,3.69,nan,1,Right_no_left,Left,478,925,326,340655679,nan,nan,nan
8/25/2026 15:59:03,1.17.3,StopSig,76,3.68,nan,1,Right_no_left,Left,478,926,326,340660128,nan,nan,nan
8/25/2026 15:59:05,1.17.3,StopSig,76,3.69,nan,1,Right_no_left,Left,478,927,326,341935517,nan,nan,nan
8/25/2026 15:59:08,1.17.3,StopSig,76,3.69,nan,1,>Left_Regular_trial,Left,479,927,326,341939524,nan,nan,nan
8/25/2026 15:59:12,1.17.3,StopSig,76,3.69,nan,1,NoPoke_Regular_(incorrect),Left,479,927,326,341943678,nan,nan,nan
8/25/2026 16:00:22,1.17.3,StopSig,76,3.69,nan,1,Right_no_left,Left,479,928,326,341943678,nan,nan,nan
8/25/2026 16:00:23,1.17.3,StopSig,76,3.69,nan,1,Right_no_left,Left,479,929,326,342013619,nan,nan,nan
8/25/2026 16:00:27,1.17.3,StopSig,76,3.69,nan,1,>Left_Regular_trial,Left,480,929,326,342018376,nan,nan,nan
8/25/2026 16:00:30,1.17.3,StopSig,76,3.69,nan,1,NoPoke_Regular_(incorrect),Left,480,929,326,342021643,nan,nan,nan
8/25/2026 16:01:00,1.17.3,StopSig,76,3.68,nan,1,Right_no_left,Left,480,930,326,342021643,nan,nan,nan
8/25/2026 16:01:03,1.17.3,StopSig,76,3.69,nan,1,>Left_Regular_trial,Left,481,930,326,342054785,nan,nan,nan
8/25/2026 16:01:06,1.17.3,StopSig,76,3.69,nan,1,Right_Regular_(correct),Left,481,931,326,342057899,nan,nan,nan
8/25/2026 16:01:07,1.17.3,StopSig,76,3.69,1,1,Pellet,Left,481,931,327,342057899,0.23,4224,nan
8/25/2026 16:01:29,1.17.3,StopSig,76,3.69,nan,1,>Left_Regular_trial,Left,482,931,327,342080869,nan,nan,nan
8/25/2026 16:01:33,1.17.3,StopSig,76,3.69,nan,1,NoPoke_Regular_(incorrect),Left,482,931,327,342084722,nan,nan,nan
8/25/2026 16:02:07,1.17.3,StopSig,76,3.69,nan,1,>Left_Regular_trial,Left,483,931,327,342118605,nan,nan,nan
8/25/2026 16:02:11,1.17.3,StopSig,76,3.68,nan,1,NoPoke_Regular_(incorrect),Left,483,931,327,342122610,nan,nan,nan
8/25/2026 16:02:41,1.17.3,StopSig,76,3.69,nan,1,Right_no_left,Left,483,932,327,342122610,nan,nan,nan
8/25/2026 16:02:44,1.17.3,StopSig,76,3.69,nan,1,>Left_Regular_trial,Left,484,932,327,342155759,nan,nan,nan
8/25/2026 16:02:46,1.17.3,StopSig,76,3.68,nan,1,Right_Regular_(correct),Left,484,933,327,342157687,nan,nan,nan
8/25/2026 16:02:47,1.17.3,StopSig,76,3.69,1,1,Pellet,Left,484,933,328,342157687,0.11,100,nan
8/25/2026 16:03:21,1.17.3,StopSig,76,3.69,nan,1,>Left_Regular_trial,Left,485,933,328,342192827,nan,nan,nan
8/25/2026 16:03:22,1.17.3,StopSig,76,3.69,nan,1,Right_Regular_(correct),Left,485,934,328,342194311,nan,nan,nan
8/25/2026 16:03:25,1.17.3,StopSig,76,3.69,2,1,Pellet,Left,485,934,329,342194311,0.06,38,nan
8/25/2026 16:03:57,1.17.3,StopSig,76,3.69,nan,1,>Left_Regular_trial,Left,486,934,329,342228564,nan,nan,nan
8/25/2026 16:03:58,1.17.3,StopSig,76,3.69,nan,1,Right_Regular_(correct),Left,486,935,329,342229751,nan,nan,nan
8/25/2026 16:03:59,1.17.3,StopSig,76,3.69,1,1,Pellet,Left,486,935,330,342229751,0.17,34,nan
8/25/2026 16:07:12,1.17.3,StopSig,76,3.69,nan,1,>Left_Regular_trial,Left,487,935,330,342423669,nan,nan,nan
8/25/2026 16:07:14,1.17.3,StopSig,76,3.69,nan,1,Right_Regular_(correct),Left,487,936,330,342426042,nan,nan,nan
8/25/2026 16:07:15,1.17.3,StopSig,76,3.69,1,1,Pellet,Left,487,936,331,342426042,0.17,196,nan
8/25/2026 16:07:35,1.17.3,StopSig,76,3.69,nan,1,>Left_Regular_trial,Left,488,936,331,342446587,nan,nan,nan
8/25/2026 16:07:36,1.17.3,StopSig,76,3.69,nan,1,Right_Regular_(correct),Left,488,937,331,342448373,nan,nan,nan
8/25/2026 16:07:38,1.17.3,StopSig,76,3.69,1,1,Pellet,Left,488,937,332,342448373,0.23,22,nan
8/25/2026 16:07:55,1.17.3,StopSig,76,3.68,nan,1,Right_no_left,Left,488,938,332,342448373,nan,nan,nan
8/25/2026 16:07:57,1.17.3,StopSig,76,3.69,nan,1,>Left_Regular_trial,Left,489,938,332,342468878,nan,nan,nan
8/25/2026 16:08:00,1.17.3,StopSig,76,3.68,nan,1,Right_Regular_(correct),Left,489,939,332,342472294,nan,nan,nan
8/25/2026 16:08:01,1.17.3,StopSig,76,3.69,1,1,Pellet,Left,489,939,333,342472294,0.12,24,nan
8/25/2026 16:08:20,1.17.3,StopSig,76,3.69,nan,1,>Left_Regular_trial,Left,490,939,333,342491432,nan,nan,nan
8/25/2026 16:08:23,1.17.3,StopSig,76,3.69,nan,1,Right_Regular_(correct),Left,490,940,333,342494698,nan,nan,nan
8/25/2026 16:08:26,1.17.3,StopSig,76,3.69,2,1,Pellet,Left,490,940,334,342494698,0.06,25,nan
8/25/2026 16:08:56,1.17.3,StopSig,76,3.69,nan,1,>Left_Stop_trial,Left,491,940,334,342527038,nan,nan,nan
8/25/2026 16:08:59,1.17.3,StopSig,76,3.68,nan,1,NoPoke_STOP_(correct),Left,491,940,334,342530625,nan,nan,nan
8/25/2026 16:09:00,1.17.3,StopSig,76,3.69,1,1,Pellet,Left,491,940,335,342530625,1.01,34,nan
8/25/2026 16:09:20,1.17.3,StopSig,76,3.68,nan,1,Right_no_left,Left,491,941,335,342530625,nan,nan,nan
8/25/2026 16:09:24,1.17.3,StopSig,76,3.68,nan,1,>Left_Regular_trial,Left,492,941,335,342556237,nan,nan,nan
8/25/2026 16:09:26,1.17.3,StopSig,76,3.69,nan,1,Right_Regular_(correct),Left,492,942,335,342557571,nan,nan,nan
8/25/2026 16:09:27,1.17.3,StopSig,76,3.69,2,1,Pellet,Left,492,942,336,342557571,0.12,27,nan
8/25/2026 16:09:45,1.17.3,StopSig,76,3.69,nan,1,>Left_Regular_trial,Left,493,942,336,342577134,nan,nan,nan
8/25/2026 16:09:48,1.17.3,StopSig,76,3.69,nan,1,Right_Regular_(correct),Left,493,943,336,342579657,nan,nan,nan
8/25/2026 16:09:49,1.17.3,StopSig,76,3.69,1,1,Pellet,Left,493,943,337,342579657,0.17,22,nan
8/25/2026 16:10:07,1.17.3,StopSig,76,3.69,nan,1,Right_no_left,Left,493,944,337,342579657,nan,nan,nan
8/25/2026 16:10:08,1.17.3,StopSig,76,3.69,nan,1,Right_no_left,Left,493,945,337,342599004,nan,nan,nan
8/25/2026 16:12:57,1.17.3,StopSig,76,3.69,nan,1,Right_no_left,Left,493,946,337,342600189,nan,nan,nan
8/25/2026 16:13:00,1.17.3,StopSig,76,3.69,nan,1,>Left_Stop_trial,Left,494,946,337,342771374,nan,nan,nan
8/25/2026 16:13:03,1.17.3,StopSig,76,3.69,nan,1,NoPoke_STOP_(correct),Left,494,946,337,342774656,nan,nan,nan
8/25/2026 16:13:04,1.17.3,StopSig,76,3.68,2,1,Pellet,Left,494,946,338,342774656,0.06,195,nan
8/25/2026 16:14:33,1.17.3,StopSig,76,3.69,nan,1,>Left_Regular_trial,Left,495,946,338,342865136,nan,nan,nan
8/25/2026 16:14:37,1.17.3,StopSig,76,3.68,nan,1,NoPoke_Regular_(incorrect),Left,495,946,338,342868695,nan,nan,nan
8/25/2026 16:15:59,1.17.3,StopSig,76,3.69,nan,1,>Left_Regular_trial,Left,496,946,338,342950809,nan,nan,nan
8/25/2026 16:16:03,1.17.3,StopSig,76,3.69,nan,1,NoPoke_Regular_(incorrect),Left,496,946,338,342954668,nan,nan,nan
8/25/2026 17:07:58,1.17.3,StopSig,76,3.68,nan,1,Right_no_left,Left,496,947,338,342954668,nan,nan,nan
8/25/2026 17:07:59,1.17.3,StopSig,76,3.69,nan,1,Right_no_left,Left,496,948,338,346069946,nan,nan,nan
8/25/2026 17:08:00,1.17.3,StopSig,76,3.68,nan,1,Right_no_left,Left,496,949,338,346071577,nan,nan,nan
8/25/2026 17:08:00,1.17.3,StopSig,76,3.69,nan,1,Right_no_left,Left,496,950,338,346071873,nan,nan,nan
8/25/2026 17:08:02,1.17.3,StopSig,76,3.69,nan,1,Right_no_left,Left,496,951,338,346072465,nan,nan,nan
8/25/2026 17:08:07,1.17.3,StopSig,76,3.68,nan,1,Right_no_left,Left,496,952,338,346073801,nan,nan,nan
8/25/2026 17:08:08,1.17.3,StopSig,76,3.68,nan,1,Right_no_left,Left,496,953,338,346079146,nan,nan,nan
8/25/2026 17:08:12,1.17.3,StopSig,76,3.68,nan,1,>Left_Stop_trial,Left,497,953,338,346083600,nan,nan,nan
8/25/2026 17:08:15,1.17.3,StopSig,76,3.68,nan,1,NoPoke_STOP_(correct),Left,497,953,338,346086886,nan,nan,nan
8/25/2026 17:08:17,1.17.3,StopSig,76,3.68,1,1,Pellet,Left,497,953,339,346086886,1.49,3313,nan
8/25/2026 17:08:44,1.17.3,StopSig,76,3.68,nan,1,Right_no_left,Left,497,954,339,346086886,nan,nan,nan
8/25/2026 17:08:45,1.17.3,StopSig,76,3.68,nan,1,Right_no_left,Left,497,955,339,346116174,nan,nan,nan
8/25/2026 17:08:48,1.17.3,StopSig,76,3.68,nan,1,>Left_Regular_trial,Left,498,955,339,346119734,nan,nan,nan
8/25/2026 17:08:50,1.17.3,StopSig,76,3.68,nan,1,Right_Regular_(correct),Left,498,956,339,346121961,nan,nan,nan
8/25/2026 17:08:51,1.17.3,StopSig,76,3.68,1,1,Pellet,Left,498,956,340,346121961,0.23,34,nan
8/25/2026 17:09:05,1.17.3,StopSig,76,3.68,nan,1,>Left_Stop_trial,Left,499,956,340,346136802,nan,nan,nan
8/25/2026 17:09:09,1.17.3,StopSig,76,3.68,nan,1,NoPoke_STOP_(correct),Left,499,956,340,346140835,nan,nan,nan
8/25/2026 17:09:12,1.17.3,StopSig,76,3.68,1,1,Pellet,Left,499,956,341,346140835,2.09,20,nan
8/25/2026 17:09:44,1.17.3,StopSig,76,3.68,nan,1,>Left_Stop_trial,Left,500,956,341,346175937,nan,nan,nan
8/25/2026 17:09:48,1.17.3,StopSig,76,3.68,nan,1,NoPoke_STOP_(correct),Left,500,956,341,346179814,nan,nan,nan
8/25/2026 17:09:51,1.17.3,StopSig,76,3.68,2,1,Pellet,Left,500,956,342,346179814,0.47,40,nan
8/25/2026 17:10:11,1.17.3,StopSig,76,3.68,nan,1,>Left_Regular_trial,Left,501,956,342,346202469,nan,nan,nan
8/25/2026 17:10:11,1.17.3,StopSig,76,3.68,nan,1,Right_Regular_(correct),Left,501,957,342,346203209,nan,nan,nan
8/25/2026 17:10:14,1.17.3,StopSig,76,3.68,3,1,Pellet,Left,501,957,343,346203209,0.06,23,nan
8/25/2026 17:10:32,1.17.3,StopSig,76,3.69,nan,1,>Left_Stop_trial,Left,502,957,343,346223496,nan,nan,nan
8/25/2026 17:10:35,1.17.3,StopSig,76,3.68,nan,1,NoPoke_STOP_(correct),Left,502,957,343,346226784,nan,nan,nan
8/25/2026 17:10:36,1.17.3,StopSig,76,3.68,2,1,Pellet,Left,502,957,344,346226784,0.29,22,nan
8/25/2026 17:11:01,1.17.3,StopSig,76,3.68,nan,1,Right_no_left,Left,502,958,344,346226784,nan,nan,nan
8/25/2026 17:11:03,1.17.3,StopSig,76,3.68,nan,1,>Left_Regular_trial,Left,503,958,344,346254581,nan,nan,nan
8/25/2026 17:11:06,1.17.3,StopSig,76,3.68,nan,1,NoPoke_Regular_(incorrect),Left,503,958,344,346257840,nan,nan,nan
8/25/2026 17:19:36,1.17.3,StopSig,76,3.68,nan,1,>Left_Stop_trial,Left,504,958,344,346767791,nan,nan,nan
8/25/2026 17:19:40,1.17.3,StopSig,76,3.68,nan,1,NoPoke_STOP_(correct),Left,504,958,344,346771815,nan,nan,nan
8/25/2026 17:19:41,1.17.3,StopSig,76,3.68,2,1,Pellet,Left,504,958,345,346771815,0.23,545,nan
8/25/2026 17:20:04,1.17.3,StopSig,76,3.68,nan,1,Right_no_left,Left,504,959,345,346771815,nan,nan,nan
8/25/2026 17:20:06,1.17.3,StopSig,76,3.69,nan,1,>Left_Regular_trial,Left,505,959,345,346798416,nan,nan,nan
8/25/2026 17:20:08,1.17.3,StopSig,76,3.67,nan,1,Right_Regular_(correct),Left,505,960,345,346800054,nan,nan,nan
8/25/2026 17:20:09,1.17.3,StopSig,76,3.68,2,1,Pellet,Left,505,960,346,346800054,0.23,28,nan
8/25/2026 17:47:38,1.17.3,StopSig,76,3.67,nan,1,Right_no_left,Left,505,961,346,346800054,nan,nan,nan
8/25/2026 17:47:42,1.17.3,StopSig,76,3.68,nan,1,Right_no_left,Left,505,962,346,348450775,nan,nan,nan
8/25/2026 17:47:50,1.17.3,StopSig,76,3.68,nan,1,Right_no_left,Left,505,963,346,348454776,nan,nan,nan
8/25/2026 17:48:07,1.17.3,StopSig,76,3.67,nan,1,Right_no_left,Left,505,964,346,348462348,nan,nan,nan
8/25/2026 17:48:10,1.17.3,StopSig,76,3.68,nan,1,>Left_Regular_trial,Left,506,964,346,348481785,nan,nan,nan
8/25/2026 17:48:12,1.17.3,StopSig,76,3.68,nan,1,Right_Regular_(correct),Left,506,965,346,348483863,nan,nan,nan
8/25/2026 17:48:13,1.17.3,StopSig,76,3.68,2,1,Pellet,Left,506,965,347,348483863,0.23,1684,nan
8/25/2026 17:49:19,1.17.3,StopSig,76,3.68,nan,1,>Left_Stop_trial,Left,507,965,347,348550269,nan,nan,nan
8/25/2026 17:49:22,1.17.3,StopSig,76,3.68,nan,1,NoPoke_STOP_(correct),Left,507,965,347,348554002,nan,nan,nan
8/25/2026 17:49:25,1.17.3,StopSig,76,3.68,3,1,Pellet,Left,507,965,348,348554002,0.17,72,nan
8/25/2026 17:49:50,1.17.3,StopSig,76,3.68,nan,1,Right_no_left,Left,507,966,348,348554002,nan,nan,nan
8/25/2026 17:49:53,1.17.3,StopSig,76,3.67,nan,1,>Left_Regular_trial,Left,508,966,348,348584892,nan,nan,nan
8/25/2026 17:49:54,1.17.3,StopSig,76,3.68,nan,1,Right_Regular_(correct),Left,508,967,348,348586673,nan,nan,nan
8/25/2026 17:49:58,1.17.3,StopSig,76,3.68,3,1,Pellet,Left,508,967,349,348586673,0.29,33,nan
8/25/2026 17:50:20,1.17.3,StopSig,76,3.68,nan,1,Right_no_left,Left,508,968,349,348586673,nan,nan,nan
8/25/2026 17:50:20,1.17.3,StopSig,76,3.68,nan,1,Right_no_left,Left,508,969,349,348611905,nan,nan,nan
8/25/2026 17:50:21,1.17.3,StopSig,76,3.68,nan,1,Right_no_left,Left,508,970,349,348612646,nan,nan,nan
8/25/2026 17:50:22,1.17.3,StopSig,76,3.68,nan,1,Right_no_left,Left,508,971,349,348613536,nan,nan,nan
8/25/2026 17:50:24,1.17.3,StopSig,76,3.68,nan,1,>Left_Regular_trial,Left,509,971,349,348616211,nan,nan,nan
8/25/2026 17:50:26,1.17.3,StopSig,76,3.68,nan,1,Right_Regular_(correct),Left,509,972,349,348618137,nan,nan,nan
8/25/2026 17:50:27,1.17.3,StopSig,76,3.68,2,1,Pellet,Left,509,972,350,348618137,0.06,29,nan
8/25/2026 17:51:06,1.17.3,StopSig,76,3.68,nan,1,>Left_Regular_trial,Left,510,972,350,348657699,nan,nan,nan
8/25/2026 17:51:07,1.17.3,StopSig,76,3.68,nan,1,Right_Regular_(correct),Left,510,973,350,348659328,nan,nan,nan
8/25/2026 17:51:08,1.17.3,StopSig,76,3.68,1,1,Pellet,Left,510,973,351,348659328,0.12,41,nan
8/25/2026 18:01:53,1.17.3,StopSig,76,3.68,nan,1,>Left_Regular_trial,Left,511,973,351,349305245,nan,nan,nan
8/25/2026 18:01:57,1.17.3,StopSig,76,3.68,nan,1,NoPoke_Regular_(incorrect),Left,511,973,351,349308945,nan,nan,nan
8/25/2026 18:02:30,1.17.3,StopSig,76,3.68,nan,1,Right_no_left,Left,511,974,351,349308945,nan,nan,nan
8/25/2026 18:02:31,1.17.3,StopSig,76,3.67,nan,1,Right_no_left,Left,511,975,351,349342526,nan,nan,nan
8/25/2026 18:02:32,1.17.3,StopSig,76,3.68,nan,1,>Left_Regular_trial,Left,512,975,351,349344457,nan,nan,nan
8/25/2026 18:02:34,1.17.3,StopSig,76,3.68,nan,1,Right_Regular_(correct),Left,512,976,351,349346384,nan,nan,nan
8/25/2026 18:02:37,1.17.3,StopSig,76,3.67,2,1,Pellet,Left,512,976,352,349346384,0.12,689,nan
8/25/2026 18:03:03,1.17.3,StopSig,76,3.68,nan,1,>Left_Regular_trial,Left,513,976,352,349374981,nan,nan,nan
8/25/2026 18:03:04,1.17.3,StopSig,76,3.67,nan,1,Right_Regular_(correct),Left,513,977,352,349376167,nan,nan,nan
8/25/2026 18:03:05,1.17.3,StopSig,76,3.68,1,1,Pellet,Left,513,977,353,349376167,0.17,28,nan
8/25/2026 18:04:03,1.17.3,StopSig,76,3.68,nan,1,>Left_Regular_trial,Left,514,977,353,349434768,nan,nan,nan
8/25/2026 18:04:04,1.17.3,StopSig,76,3.68,nan,1,Right_Regular_(correct),Left,514,978,353,349436546,nan,nan,nan
8/25/2026 18:04:05,1.17.3,StopSig,76,3.68,1,1,Pellet,Left,514,978,354,349436546,0.17,60,nan
8/25/2026 18:04:22,1.17.3,StopSig,76,3.67,nan,1,>Left_Regular_trial,Left,515,978,354,349454077,nan,nan,nan
8/25/2026 18:04:24,1.17.3,StopSig,76,3.68,nan,1,Right_Regular_(correct),Left,515,979,354,349455862,nan,nan,nan
8/25/2026 18:04:27,1.17.3,StopSig,76,3.67,3,1,Pellet,Left,515,979,355,349455862,0.06,22,nan
8/25/2026 18:05:44,1.17.3,StopSig,76,3.68,nan,1,>Left_Regular_trial,Left,516,979,355,349536489,nan,nan,nan
8/25/2026 18:05:45,1.17.3,StopSig,76,3.68,nan,1,Right_Regular_(correct),Left,516,980,355,349537676,nan,nan,nan
8/25/2026 18:05:47,1.17.3,StopSig,76,3.68,1,1,Pellet,Left,516,980,356,349537676,0.77,80,nan
8/25/2026 18:06:06,1.17.3,StopSig,76,3.68,nan,1,>Left_Regular_trial,Left,517,980,356,349557759,nan,nan,nan
8/25/2026 18:06:09,1.17.3,StopSig,76,3.68,nan,1,NoPoke_Regular_(incorrect),Left,517,980,356,349561024,nan,nan,nan
8/25/2026 18:11:56,1.17.3,StopSig,76,3.67,nan,1,Right_no_left,Left,517,981,356,349561024,nan,nan,nan
8/25/2026 18:12:41,1.17.3,StopSig,76,3.68,nan,1,Right_no_left,Left,517,982,356,349908131,nan,nan,nan
8/25/2026 18:12:44,1.17.3,StopSig,76,3.68,nan,1,Right_no_left,Left,517,983,356,349953485,nan,nan,nan
8/25/2026 18:12:46,1.17.3,StopSig,76,3.68,nan,1,Right_no_left,Left,517,984,356,349956599,nan,nan,nan
8/25/2026 18:14:40,1.17.3,StopSig,76,3.67,nan,1,>Left_Regular_trial,Left,518,984,356,350071796,nan,nan,nan
8/25/2026 18:14:43,1.17.3,StopSig,76,3.67,nan,1,Right_Regular_(correct),Left,518,985,356,350075058,nan,nan,nan
8/25/2026 18:14:44,1.17.3,StopSig,76,3.68,1,1,Pellet,Left,518,985,357,350075058,0.12,537,nan
8/25/2026 18:15:23,1.17.3,StopSig,76,3.68,nan,1,Right_no_left,Left,518,986,357,350075058,nan,nan,nan
8/25/2026 18:15:26,1.17.3,StopSig,76,3.68,nan,1,>Left_Regular_trial,Left,519,986,357,350118178,nan,nan,nan
8/25/2026 18:15:27,1.17.3,StopSig,76,3.68,nan,1,Right_Regular_(correct),Left,519,987,357,350119215,nan,nan,nan
8/25/2026 18:15:28,1.17.3,StopSig,76,3.68,2,1,Pellet,Left,519,987,358,350119215,0.06,44,nan
8/25/2026 18:15:56,1.17.3,StopSig,76,3.68,nan,1,Right_no_left,Left,519,988,358,350119215,nan,nan,nan
8/25/2026 18:15:58,1.17.3,StopSig,76,3.68,nan,1,Right_no_left,Left,519,989,358,350148460,nan,nan,nan
8/25/2026 18:15:58,1.17.3,StopSig,76,3.68,nan,1,Right_no_left,Left,519,990,358,350149944,nan,nan,nan
8/25/2026 18:16:02,1.17.3,StopSig,76,3.68,nan,1,Right_no_left,Left,519,991,358,350150388,nan,nan,nan
8/25/2026 18:16:05,1.17.3,StopSig,76,3.68,nan,1,>Left_Regular_trial,Left,520,991,358,350157063,nan,nan,nan
8/25/2026 18:16:06,1.17.3,StopSig,76,3.68,nan,1,Right_Regular_(correct),Left,520,992,358,350158260,nan,nan,nan
8/25/2026 18:16:07,1.17.3,StopSig,76,3.68,1,1,Pellet,Left,520,992,359,350158260,0.17,39,nan
8/25/2026 18:22:51,1.17.3,StopSig,76,3.67,nan,1,Right_no_left,Left,520,993,359,350158260,nan,nan,nan
8/25/2026 18:23:25,1.17.3,StopSig,76,3.68,nan,1,>Left_Regular_trial,Left,521,993,359,350596677,nan,nan,nan
8/25/2026 18:23:26,1.17.3,StopSig,76,3.67,nan,1,Right_Regular_(correct),Left,521,994,359,350598012,nan,nan,nan
8/25/2026 18:23:27,1.17.3,StopSig,76,3.67,1,1,Pellet,Left,521,994,360,350598012,0.17,440,nan
8/25/2026 18:30:26,1.17.3,StopSig,76,3.67,nan,1,Right_no_left,Left,521,995,360,350598012,nan,nan,nan
8/25/2026 18:30:26,1.17.3,StopSig,76,3.67,nan,1,Right_no_left,Left,521,996,360,351018368,nan,nan,nan
8/25/2026 18:30:28,1.17.3,StopSig,76,3.68,nan,1,Right_no_left,Left,521,997,360,351018664,nan,nan,nan
8/25/2026 18:30:28,1.17.3,StopSig,76,3.68,nan,1,Right_no_left,Left,521,998,360,351020148,nan,nan,nan
8/25/2026 18:30:28,1.17.3,StopSig,76,3.67,nan,1,Right_no_left,Left,521,999,360,351020444,nan,nan,nan
8/25/2026 18:30:31,1.17.3,StopSig,76,3.68,nan,1,Right_no_left,Left,521,1000,360,351020894,nan,nan,nan
8/25/2026 18:30:34,1.17.3,StopSig,76,3.68,nan,1,>Left_Regular_trial,Left,522,1000,360,351025795,nan,nan,nan
8/25/2026 18:30:37,1.17.3,StopSig,76,3.67,nan,1,NoPoke_Regular_(incorrect),Left,522,1000,360,351029066,nan,nan,nan
8/25/2026 18:31:08,1.17.3,StopSig,76,3.68,nan,1,>Left_Regular_trial,Left,523,1000,360,351059835,nan,nan,nan
8/25/2026 18:31:09,1.17.3,StopSig,76,3.68,nan,1,Right_Regular_(correct),Left,523,1001,360,351061022,nan,nan,nan
8/25/2026 18:31:10,1.17.3,StopSig,76,3.67,1,1,Pellet,Left,523,1001,361,351061022,0.17,463,nan
8/25/2026 18:31:30,1.17.3,StopSig,76,3.68,nan,1,Right_no_left,Left,523,1002,361,351061022,nan,nan,nan
8/25/2026 18:31:31,1.17.3,StopSig,76,3.68,nan,1,Right_no_left,Left,523,1003,361,351082262,nan,nan,nan
8/25/2026 18:31:31,1.17.3,StopSig,76,3.68,nan,1,Right_no_left,Left,523,1004,361,351083004,nan,nan,nan
8/25/2026 18:31:33,1.17.3,StopSig,76,3.67,nan,1,>Left_Regular_trial,Left,524,1004,361,351085230,nan,nan,nan
8/25/2026 18:31:34,1.17.3,StopSig,76,3.68,nan,1,Right_Regular_(correct),Left,524,1005,361,351085977,nan,nan,nan
8/25/2026 18:31:35,1.17.3,StopSig,76,3.68,1,1,Pellet,Left,524,1005,362,351085977,0.17,25,nan
8/25/2026 18:35:52,1.17.3,StopSig,76,3.67,nan,1,Right_no_left,Left,524,1006,362,351085977,nan,nan,nan
8/25/2026 18:36:19,1.17.3,StopSig,76,3.68,nan,1,Right_no_left,Left,524,1007,362,351344527,nan,nan,nan
8/25/2026 18:36:21,1.17.3,StopSig,76,3.67,nan,1,Right_no_left,Left,524,1008,362,351371147,nan,nan,nan
8/25/2026 18:36:24,1.17.3,StopSig,76,3.67,nan,1,>Left_Regular_trial,Left,525,1008,362,351376208,nan,nan,nan
8/25/2026 18:36:26,1.17.3,StopSig,76,3.68,nan,1,Right_Regular_(correct),Left,525,1009,362,351378439,nan,nan,nan
8/25/2026 18:36:28,1.17.3,StopSig,76,3.68,1,1,Pellet,Left,525,1009,363,351378439,0.77,293,nan
8/25/2026 18:42:41,1.17.3,StopSig,76,3.67,nan,1,Right_no_left,Left,525,1010,363,351378439,nan,nan,nan
8/25/2026 18:47:50,1.17.3,StopSig,76,3.67,nan,1,>Left_Regular_trial,Left,526,1010,363,352062643,nan,nan,nan
8/25/2026 18:47:51,1.17.3,StopSig,76,3.68,nan,1,Right_Regular_(correct),Left,526,1011,363,352063540,nan,nan,nan
8/25/2026 18:47:52,1.17.3,StopSig,76,3.67,1,1,Pellet,Left,526,1011,364,352063540,0.23,684,nan
8/25/2026 18:48:52,1.17.3,StopSig,76,3.68,nan,1,>Left_Regular_trial,Left,527,1011,364,352123950,nan,nan,nan
8/25/2026 18:48:56,1.17.3,StopSig,76,3.68,nan,1,NoPoke_Regular_(incorrect),Left,527,1011,364,352128103,nan,nan,nan
8/25/2026 18:53:25,1.17.3,StopSig,76,3.67,nan,1,>Left_Stop_trial,Left,528,1011,364,352396675,nan,nan,nan
8/25/2026 18:53:28,1.17.3,StopSig,76,3.67,nan,1,NoPoke_STOP_(correct),Left,528,1011,364,352400110,nan,nan,nan
8/25/2026 18:53:29,1.17.3,StopSig,76,3.68,1,1,Pellet,Left,528,1011,365,352400110,0.29,337,nan
8/25/2026 18:54:40,1.17.3,StopSig,76,3.67,nan,1,Right_no_left,Left,528,1012,365,352400110,nan,nan,nan
8/25/2026 18:54:41,1.17.3,StopSig,76,3.68,nan,1,Right_no_left,Left,528,1013,365,352472413,nan,nan,nan
8/25/2026 18:54:41,1.17.3,StopSig,76,3.68,nan,1,Right_no_left,Left,528,1014,365,352473012,nan,nan,nan
8/25/2026 18:54:44,1.17.3,StopSig,76,3.67,nan,1,Right_no_left,Left,528,1015,365,352473903,nan,nan,nan
8/25/2026 18:55:07,1.17.3,StopSig,76,3.68,nan,1,Right_no_left,Left,528,1016,365,352476894,nan,nan,nan
8/25/2026 18:55:20,1.17.3,StopSig,76,3.67,nan,1,Right_no_left,Left,528,1017,365,352499484,nan,nan,nan
8/25/2026 18:55:21,1.17.3,StopSig,76,3.67,nan,1,Right_no_left,Left,528,1018,365,352512716,nan,nan,nan
8/25/2026 18:55:24,1.17.3,StopSig,76,3.67,nan,1,>Left_Stop_trial,Left,529,1018,365,352515695,nan,nan,nan
8/25/2026 18:55:27,1.17.3,StopSig,76,3.67,nan,1,NoPoke_STOP_(correct),Left,529,1018,365,352519134,nan,nan,nan
8/25/2026 18:55:28,1.17.3,StopSig,76,3.68,2,1,Pellet,Left,529,1018,366,352519134,0.17,119,nan
8/25/2026 19:03:09,1.17.3,StopSig,76,3.68,nan,1,>Left_Regular_trial,Left,530,1018,366,352980991,nan,nan,nan
8/25/2026 19:03:13,1.17.3,StopSig,76,3.67,nan,1,Right_Regular_(correct),Left,530,1019,366,352985151,nan,nan,nan
8/25/2026 19:03:16,1.17.3,StopSig,76,3.67,3,1,Pellet,Left,530,1019,367,352985151,0.17,468,nan
8/25/2026 19:03:38,1.17.3,StopSig,76,3.67,nan,1,Right_no_left,Left,530,1020,367,352985151,nan,nan,nan
8/25/2026 19:03:42,1.17.3,StopSig,76,3.67,nan,1,>Left_Regular_trial,Left,531,1020,367,353013857,nan,nan,nan
8/25/2026 19:03:43,1.17.3,StopSig,76,3.67,nan,1,Right_Regular_(correct),Left,531,1021,367,353015044,nan,nan,nan
8/25/2026 19:03:46,1.17.3,StopSig,76,3.67,3,1,Pellet,Left,531,1021,368,353015044,0.06,30,nan
8/25/2026 19:04:02,1.17.3,StopSig,76,3.68,nan,1,Right_no_left,Left,531,1022,368,353015044,nan,nan,nan
8/25/2026 19:04:04,1.17.3,StopSig,76,3.68,nan,1,>Left_Regular_trial,Left,532,1022,368,353036358,nan,nan,nan
8/25/2026 19:04:05,1.17.3,StopSig,76,3.67,nan,1,Right_Regular_(correct),Left,532,1023,368,353037398,nan,nan,nan
8/25/2026 19:04:06,1.17.3,StopSig,76,3.67,2,1,Pellet,Left,532,1023,369,353037398,0.06,20,nan
8/25/2026 19:09:51,1.17.3,StopSig,76,3.67,nan,1,Right_no_left,Left,532,1024,369,353037398,nan,nan,nan
8/25/2026 19:09:52,1.17.3,StopSig,76,3.67,nan,1,Right_no_left,Left,532,1025,369,353383890,nan,nan,nan
8/25/2026 19:09:53,1.17.3,StopSig,76,3.67,nan,1,>Left_Regular_trial,Left,533,1025,369,353385672,nan,nan,nan
8/25/2026 19:09:55,1.17.3,StopSig,76,3.67,nan,1,Right_Regular_(correct),Left,533,1026,369,353387455,nan,nan,nan
8/25/2026 19:09:58,1.17.3,StopSig,76,3.67,2,1,Pellet,Left,533,1026,370,353387455,0.59,352,nan
8/25/2026 19:13:21,1.17.3,StopSig,76,3.67,nan,1,>Left_Regular_trial,Left,534,1026,370,353592973,nan,nan,nan
8/25/2026 19:13:23,1.17.3,StopSig,76,3.67,nan,1,Right_Regular_(correct),Left,534,1027,370,353595063,nan,nan,nan
8/25/2026 19:13:27,1.17.3,StopSig,76,3.67,1,1,Pellet,Left,534,1027,371,353595063,3.11,209,nan
8/25/2026 19:13:52,1.17.3,StopSig,76,3.67,nan,1,Right_no_left,Left,534,1028,371,353595063,nan,nan,nan
8/25/2026 19:13:55,1.17.3,StopSig,76,3.67,nan,1,>Left_Regular_trial,Left,535,1028,371,353626826,nan,nan,nan
8/25/2026 19:13:58,1.17.3,StopSig,76,3.67,nan,1,NoPoke_Regular_(incorrect),Left,535,1028,371,353630090,nan,nan,nan
8/25/2026 19:15:32,1.17.3,StopSig,76,3.67,nan,1,Right_no_left,Left,535,1029,371,353630090,nan,nan,nan
8/25/2026 19:15:45,1.17.3,StopSig,76,3.67,nan,1,Right_no_left,Left,535,1030,371,353724813,nan,nan,nan
8/25/2026 19:15:45,1.17.3,StopSig,76,3.68,nan,1,Right_no_left,Left,535,1031,371,353737126,nan,nan,nan
8/25/2026 19:18:46,1.17.3,StopSig,76,3.68,nan,1,>Left_Regular_trial,Left,536,1031,371,353918558,nan,nan,nan
8/25/2026 19:18:50,1.17.3,StopSig,76,3.67,nan,1,NoPoke_Regular_(incorrect),Left,536,1031,371,353922123,nan,nan,nan
8/25/2026 19:20:47,1.17.3,StopSig,76,3.67,nan,1,>Left_Stop_trial,Left,537,1031,371,354038622,nan,nan,nan
8/25/2026 19:20:50,1.17.3,StopSig,76,3.67,nan,1,NoPoke_STOP_(correct),Left,537,1031,371,354042202,nan,nan,nan
8/25/2026 19:20:52,1.17.3,StopSig,76,3.67,1,1,Pellet,Left,537,1031,372,354042202,1.13,445,nan
8/25/2026 19:22:47,1.17.3,StopSig,76,3.67,nan,1,Right_no_left,Left,537,1032,372,354042202,nan,nan,nan
8/25/2026 19:22:50,1.17.3,StopSig,76,3.67,nan,1,Right_no_left,Left,537,1033,372,354159503,nan,nan,nan
8/25/2026 19:22:51,1.17.3,StopSig,76,3.67,nan,1,Right_no_left,Left,537,1034,372,354162918,nan,nan,nan
8/25/2026 19:25:21,1.17.3,StopSig,76,3.67,nan,1,Right_no_left,Left,537,1035,372,354163511,nan,nan,nan
8/25/2026 19:29:13,1.17.3,StopSig,76,3.67,nan,1,Right_no_left,Left,537,1036,372,354313447,nan,nan,nan
8/25/2026 19:33:50,1.17.3,StopSig,76,3.67,nan,1,Right_no_left,Left,537,1037,372,354545601,nan,nan,nan
8/25/2026 19:33:52,1.17.3,StopSig,76,3.67,nan,1,>Left_Regular_trial,Left,538,1037,372,354824670,nan,nan,nan
8/25/2026 19:33:55,1.17.3,StopSig,76,3.67,nan,1,Right_Regular_(correct),Left,538,1038,372,354827491,nan,nan,nan
8/25/2026 19:33:56,1.17.3,StopSig,76,3.67,nan,1,RightDuringDispense,Left,538,1039,372,354827491,nan,nan,0.17
8/25/2026 19:33:56,1.17.3,StopSig,76,3.67,1,1,Pellet,Left,538,1039,373,354827491,0.23,784,nan
8/25/2026 19:34:18,1.17.3,StopSig,76,3.67,nan,1,>Left_Regular_trial,Left,539,1039,373,354850163,nan,nan,nan
8/25/2026 19:34:20,1.17.3,StopSig,76,3.67,nan,1,Right_Regular_(correct),Left,539,1040,373,354852248,nan,nan,nan
8/25/2026 19:34:23,1.17.3,StopSig,76,3.67,2,1,Pellet,Left,539,1040,374,354852248,0.35,27,nan
8/25/2026 19:34:49,1.17.3,StopSig,76,3.67,nan,1,Right_no_left,Left,539,1041,374,354852248,nan,nan,nan
8/25/2026 19:34:52,1.17.3,StopSig,76,3.67,nan,1,Right_no_left,Left,539,1042,374,354881136,nan,nan,nan
8/25/2026 19:34:54,1.17.3,StopSig,76,3.67,nan,1,>Left_Stop_trial,Left,540,1042,374,354885586,nan,nan,nan
8/25/2026 19:34:57,1.17.3,StopSig,76,3.67,nan,1,NoPoke_STOP_(correct),Left,540,1042,374,354889174,nan,nan,nan
8/25/2026 19:35:00,1.17.3,StopSig,76,3.67,2,1,Pellet,Left,540,1042,375,354889174,0.17,37,nan
8/25/2026 19:40:03,1.17.3,StopSig,76,3.67,nan,1,>Left_Regular_trial,Left,541,1042,375,355194882,nan,nan,nan
8/25/2026 19:40:06,1.17.3,StopSig,76,3.68,nan,1,NoPoke_Regular_(incorrect),Left,541,1042,375,355198144,nan,nan,nan
8/25/2026 19:41:24,1.17.3,StopSig,76,3.67,nan,1,>Left_Regular_trial,Left,542,1042,375,355276361,nan,nan,nan
8/25/2026 19:41:25,1.17.3,StopSig,76,3.67,nan,1,Right_Regular_(correct),Left,542,1043,375,355277405,nan,nan,nan
8/25/2026 19:41:28,1.17.3,StopSig,76,3.67,2,1,Pellet,Left,542,1043,376,355277405,0.53,388,nan
8/25/2026 19:45:07,1.17.3,StopSig,76,3.67,nan,1,Right_no_left,Left,542,1044,376,355277405,nan,nan,nan
8/25/2026 19:47:28,1.17.3,StopSig,76,3.67,nan,1,Right_no_left,Left,542,1045,376,355499715,nan,nan,nan
8/25/2026 19:47:29,1.17.3,StopSig,76,3.67,nan,1,Right_no_left,Left,542,1046,376,355640729,nan,nan,nan
8/25/2026 19:47:36,1.17.3,StopSig,76,3.67,nan,1,>Left_Regular_trial,Left,543,1046,376,355648454,nan,nan,nan
8/25/2026 19:47:37,1.17.3,StopSig,76,3.68,nan,1,Right_Regular_(correct),Left,543,1047,376,355649640,nan,nan,nan
8/25/2026 19:47:40,1.17.3,StopSig,76,3.67,2,1,Pellet,Left,543,1047,377,355649640,0.12,372,nan
8/25/2026 19:47:59,1.17.3,StopSig,76,3.67,nan,1,Right_no_left,Left,543,1048,377,355649640,nan,nan,nan
8/25/2026 19:48:01,1.17.3,StopSig,76,3.67,nan,1,>Left_Regular_trial,Left,544,1048,377,355673805,nan,nan,nan
8/25/2026 19:48:05,1.17.3,StopSig,76,3.67,nan,1,NoPoke_Regular_(incorrect),Left,544,1048,377,355677225,nan,nan,nan
8/25/2026 19:58:18,1.17.3,StopSig,76,3.67,nan,1,Right_no_left,Left,544,1049,377,355677225,nan,nan,nan
8/25/2026 19:58:20,1.17.3,StopSig,76,3.67,nan,1,>Left_Stop_trial,Left,545,1049,377,356292136,nan,nan,nan
8/25/2026 19:58:24,1.17.3,StopSig,76,3.67,nan,1,NoPoke_STOP_(correct),Left,545,1049,377,356296314,nan,nan,nan
8/25/2026 19:58:25,1.17.3,StopSig,76,3.67,1,1,Pellet,Left,545,1049,378,356296314,0.59,645,nan
8/25/2026 19:59:48,1.17.3,StopSig,76,3.67,nan,1,>Left_Stop_trial,Left,546,1049,378,356380033,nan,nan,nan
8/25/2026 19:59:51,1.17.3,StopSig,76,3.67,nan,1,NoPoke_STOP_(correct),Left,546,1049,378,356383322,nan,nan,nan
8/25/2026 19:59:52,1.17.3,StopSig,76,3.67,1,1,Pellet,Left,546,1049,379,356383322,0.83,87,nan
8/25/2026 20:04:39,1.17.3,StopSig,76,3.67,nan,1,>Left_Stop_trial,Left,547,1049,379,356670749,nan,nan,nan
8/25/2026 20:04:42,1.17.3,StopSig,76,3.67,nan,1,NoPoke_STOP_(correct),Left,547,1049,379,356674201,nan,nan,nan
8/25/2026 20:04:43,1.17.3,StopSig,76,3.67,1,1,Pellet,Left,547,1049,380,356674201,0.83,291,nan
8/25/2026 20:05:41,1.17.3,StopSig,76,3.68,nan,1,>Left_Stop_trial,Left,548,1049,380,356733308,nan,nan,nan
8/25/2026 20:05:45,1.17.3,StopSig,76,3.67,nan,1,NoPoke_STOP_(correct),Left,548,1049,380,356737344,nan,nan,nan
8/25/2026 20:05:48,1.17.3,StopSig,76,3.67,2,1,Pellet,Left,548,1049,381,356737344,0.59,65,nan
8/25/2026 20:06:41,1.17.3,StopSig,76,3.67,nan,1,>Left_Regular_trial,Left,549,1049,381,356793620,nan,nan,nan
8/25/2026 20:06:45,1.17.3,StopSig,76,3.68,nan,1,NoPoke_Regular_(incorrect),Left,549,1049,381,356797335,nan,nan,nan
8/25/2026 20:08:54,1.17.3,StopSig,76,3.67,nan,1,>Left_Stop_trial,Left,550,1049,381,356926048,nan,nan,nan
8/25/2026 20:08:57,1.17.3,StopSig,76,3.67,nan,1,NoPoke_STOP_(correct),Left,550,1049,381,356929339,nan,nan,nan
8/25/2026 20:08:58,1.17.3,StopSig,76,3.67,1,1,Pellet,Left,550,1049,382,356929339,0.23,190,nan
8/25/2026 20:09:21,1.17.3,StopSig,76,3.67,nan,1,Right_no_left,Left,550,1050,382,356929339,nan,nan,nan
8/25/2026 20:09:23,1.17.3,StopSig,76,3.67,nan,1,>Left_Stop_trial,Left,551,1050,382,356955221,nan,nan,nan
8/25/2026 20:09:27,1.17.3,StopSig,76,3.67,nan,1,NoPoke_STOP_(correct),Left,551,1050,382,356959256,nan,nan,nan
8/25/2026 20:09:28,1.17.3,StopSig,76,3.67,1,1,Pellet,Left,551,1050,383,356959256,0.29,30,nan
8/25/2026 20:09:46,1.17.3,StopSig,76,3.67,nan,1,>Left_Regular_trial,Left,552,1050,383,356978591,nan,nan,nan
8/25/2026 20:09:50,1.17.3,StopSig,76,3.67,nan,1,NoPoke_Regular_(incorrect),Left,552,1050,383,356982316,nan,nan,nan
8/25/2026 20:22:22,1.17.3,StopSig,76,3.67,nan,1,Right_no_left,Left,552,1051,383,356982316,nan,nan,nan
8/25/2026 20:22:23,1.17.3,StopSig,76,3.67,nan,1,>Left_Regular_trial,Left,553,1051,383,357735603,nan,nan,nan
8/25/2026 20:22:26,1.17.3,StopSig,76,3.67,nan,1,Right_Regular_(correct),Left,553,1052,383,357738278,nan,nan,nan
8/25/2026 20:22:27,1.17.3,StopSig,76,3.67,1,1,Pellet,Left,553,1052,384,357738278,0.41,779,nan
8/25/2026 20:31:37,1.17.3,StopSig,76,3.67,nan,1,>Left_Regular_trial,Left,554,1052,384,358289418,nan,nan,nan
8/25/2026 20:31:41,1.17.3,StopSig,76,3.67,nan,1,NoPoke_Regular_(incorrect),Left,554,1052,384,358293280,nan,nan,nan
8/25/2026 20:41:59,1.17.3,StopSig,76,3.67,nan,1,Right_no_left,Left,554,1053,384,358293280,nan,nan,nan
8/25/2026 20:42:00,1.17.3,StopSig,76,3.67,nan,1,Right_no_left,Left,554,1054,384,358911401,nan,nan,nan
8/25/2026 20:42:01,1.17.3,StopSig,76,3.67,nan,1,>Left_Regular_trial,Left,555,1054,384,358913784,nan,nan,nan
8/25/2026 20:42:04,1.17.3,StopSig,76,3.67,nan,1,Right_Regular_(correct),Left,555,1055,384,358916757,nan,nan,nan
8/25/2026 20:42:05,1.17.3,StopSig,76,3.67,1,1,Pellet,Left,555,1055,385,358916757,0.06,1178,nan
8/25/2026 20:42:22,1.17.3,StopSig,76,3.67,nan,1,>Left_Regular_trial,Left,556,1055,385,358934746,nan,nan,nan
8/25/2026 20:42:25,1.17.3,StopSig,76,3.67,nan,1,Right_Regular_(correct),Left,556,1056,385,358937423,nan,nan,nan
8/25/2026 20:42:26,1.17.3,StopSig,76,3.67,1,1,Pellet,Left,556,1056,386,358937423,0.17,21,nan
8/25/2026 20:42:46,1.17.3,StopSig,76,3.67,nan,1,>Left_Stop_trial,Left,557,1056,386,358958154,nan,nan,nan
8/25/2026 20:42:50,1.17.3,StopSig,76,3.67,nan,1,NoPoke_STOP_(correct),Left,557,1056,386,358962339,nan,nan,nan
8/25/2026 20:42:51,1.17.3,StopSig,76,3.67,1,1,Pellet,Left,557,1056,387,358962339,0.29,25,nan
8/25/2026 20:43:14,1.17.3,StopSig,76,3.67,nan,1,>Left_Regular_trial,Left,558,1056,387,358986864,nan,nan,nan
8/25/2026 20:43:15,1.17.3,StopSig,76,3.67,nan,1,Right_Regular_(correct),Left,558,1057,387,358987762,nan,nan,nan
8/25/2026 20:43:16,1.17.3,StopSig,76,3.67,1,1,Pellet,Left,558,1057,388,358987762,0.17,25,nan
8/25/2026 20:43:43,1.17.3,StopSig,76,3.67,nan,1,Right_no_left,Left,558,1058,388,358987762,nan,nan,nan
8/25/2026 20:43:43,1.17.3,StopSig,76,3.67,nan,1,Right_no_left,Left,558,1059,388,359015392,nan,nan,nan
8/25/2026 20:43:47,1.17.3,StopSig,76,3.67,nan,1,Right_no_left,Left,558,1060,388,359015837,nan,nan,nan
8/25/2026 20:43:52,1.17.3,StopSig,76,3.67,nan,1,>Left_Regular_trial,Left,559,1060,388,359024774,nan,nan,nan
8/25/2026 20:43:56,1.17.3,StopSig,76,3.67,nan,1,NoPoke_Regular_(incorrect),Left,559,1060,388,359028345,nan,nan,nan
8/25/2026 20:52:13,1.17.3,StopSig,76,3.67,nan,1,>Left_Stop_trial,Left,560,1060,388,359525449,nan,nan,nan
8/25/2026 20:52:17,1.17.3,StopSig,76,3.67,nan,1,NoPoke_STOP_(correct),Left,560,1060,388,359529340,nan,nan,nan
8/25/2026 20:52:21,1.17.3,StopSig,76,3.67,2,1,Pellet,Left,560,1060,389,359529340,1.01,545,nan
8/25/2026 20:53:58,1.17.3,StopSig,76,3.67,nan,1,Right_no_left,Left,560,1061,389,359529340,nan,nan,nan
8/25/2026 20:53:59,1.17.3,StopSig,76,3.67,nan,1,Right_no_left,Left,560,1062,389,359631188,nan,nan,nan
8/25/2026 21:01:11,1.17.3,StopSig,76,3.67,nan,1,>Left_Regular_trial,Left,561,1062,389,360063756,nan,nan,nan
8/25/2026 21:01:13,1.17.3,StopSig,76,3.67,nan,1,Right_Regular_(correct),Left,561,1063,389,360065389,nan,nan,nan
8/25/2026 21:01:14,1.17.3,StopSig,76,3.67,1,1,Pellet,Left,561,1063,390,360065389,0.41,533,nan
8/25/2026 21:01:30,1.17.3,StopSig,76,3.67,nan,1,Right_no_left,Left,561,1064,390,360065389,nan,nan,nan
8/25/2026 21:01:32,1.17.3,StopSig,76,3.67,nan,1,>Left_Regular_trial,Left,562,1064,390,360084286,nan,nan,nan
8/25/2026 21:01:34,1.17.3,StopSig,76,3.67,nan,1,Right_Regular_(correct),Left,562,1065,390,360086958,nan,nan,nan
8/25/2026 21:01:35,1.17.3,StopSig,76,3.67,1,1,Pellet,Left,562,1065,391,360086958,0.17,21,nan
8/25/2026 21:02:00,1.17.3,StopSig,76,3.67,nan,1,>Left_Regular_trial,Left,563,1065,391,360112625,nan,nan,nan
8/25/2026 21:02:02,1.17.3,StopSig,76,3.67,nan,1,Right_Regular_(correct),Left,563,1066,391,360114414,nan,nan,nan
8/25/2026 21:02:07,1.17.3,StopSig,76,3.67,3,1,Pellet,Left,563,1066,392,360114414,0.11,32,nan
8/25/2026 21:03:33,1.17.3,StopSig,76,3.67,nan,1,>Left_Regular_trial,Left,564,1066,392,360205980,nan,nan,nan
8/25/2026 21:03:37,1.17.3,StopSig,76,3.67,nan,1,NoPoke_Regular_(incorrect),Left,564,1066,392,360209399,nan,nan,nan
8/25/2026 21:08:04,1.17.3,StopSig,76,3.66,nan,1,Right_no_left,Left,564,1067,392,360209399,nan,nan,nan
8/25/2026 21:08:07,1.17.3,StopSig,76,3.67,nan,1,Right_no_left,Left,564,1068,392,360476427,nan,nan,nan
8/25/2026 21:12:04,1.17.3,StopSig,76,3.67,nan,1,Right_no_left,Left,564,1069,392,360479399,nan,nan,nan
8/25/2026 21:12:06,1.17.3,StopSig,76,3.67,nan,1,>Left_Stop_trial,Left,565,1069,392,360718400,nan,nan,nan
8/25/2026 21:12:10,1.17.3,StopSig,76,3.67,nan,1,NoPoke_STOP_(correct),Left,565,1069,392,360722432,nan,nan,nan
8/25/2026 21:12:11,1.17.3,StopSig,76,3.67,1,1,Pellet,Left,565,1069,393,360722432,0.65,604,nan
8/25/2026 21:12:33,1.17.3,StopSig,76,3.67,nan,1,>Left_Regular_trial,Left,566,1069,393,360746034,nan,nan,nan
8/25/2026 21:12:35,1.17.3,StopSig,76,3.67,nan,1,Right_Regular_(correct),Left,566,1070,393,360747371,nan,nan,nan
8/25/2026 21:12:36,1.17.3,StopSig,76,3.67,2,1,Pellet,Left,566,1070,394,360747371,0.17,25,nan
8/25/2026 21:13:01,1.17.3,StopSig,76,3.67,nan,1,Right_no_left,Left,566,1071,394,360747371,nan,nan,nan
8/25/2026 21:13:02,1.17.3,StopSig,76,3.67,nan,1,Right_no_left,Left,566,1072,394,360773983,nan,nan,nan
8/25/2026 21:13:05,1.17.3,StopSig,76,3.67,nan,1,>Left_Regular_trial,Left,567,1072,394,360777099,nan,nan,nan
8/25/2026 21:13:08,1.17.3,StopSig,76,3.67,nan,1,NoPoke_Regular_(incorrect),Left,567,1072,394,360780511,nan,nan,nan
8/25/2026 22:12:33,1.17.3,StopSig,76,3.67,nan,1,>Left_Regular_trial,Left,568,1072,394,364345234,nan,nan,nan
8/25/2026 22:12:36,1.17.3,StopSig,76,3.67,nan,1,NoPoke_Regular_(incorrect),Left,568,1072,394,364348651,nan,nan,nan
8/25/2026 22:13:07,1.17.3,StopSig,76,3.67,nan,1,>Left_Regular_trial,Left,569,1072,394,364379278,nan,nan,nan
8/25/2026 22:13:09,1.17.3,StopSig,76,3.67,nan,1,Right_Regular_(correct),Left,569,1073,394,364381655,nan,nan,nan
8/25/2026 22:13:10,1.17.3,StopSig,76,3.67,2,1,Pellet,Left,569,1073,395,364381655,0.06,3634,nan
8/25/2026 22:13:35,1.17.3,StopSig,76,3.67,nan,1,>Left_Regular_trial,Left,570,1073,395,364407683,nan,nan,nan
8/25/2026 22:13:39,1.17.3,StopSig,76,3.67,nan,1,NoPoke_Regular_(incorrect),Left,570,1073,395,364411544,nan,nan,nan
8/25/2026 22:14:11,1.17.3,StopSig,76,3.67,nan,1,>Left_Stop_trial,Left,571,1073,395,364443210,nan,nan,nan
8/25/2026 22:14:14,1.17.3,StopSig,76,3.67,nan,1,NoPoke_STOP_(correct),Left,571,1073,395,364446643,nan,nan,nan
8/25/2026 22:14:15,1.17.3,StopSig,76,3.67,2,1,Pellet,Left,571,1073,396,364446643,0.41,65,nan
8/25/2026 22:14:42,1.17.3,StopSig,76,3.67,nan,1,Right_no_left,Left,571,1074,396,364446643,nan,nan,nan
8/25/2026 22:14:44,1.17.3,StopSig,76,3.67,nan,1,>Left_Stop_trial,Left,572,1074,396,364476812,nan,nan,nan
8/25/2026 22:14:48,1.17.3,StopSig,76,3.67,nan,1,NoPoke_STOP_(correct),Left,572,1074,396,364480544,nan,nan,nan
8/25/2026 22:14:49,1.17.3,StopSig,76,3.67,2,1,Pellet,Left,572,1074,397,364480544,0.17,34,nan
8/25/2026 22:15:02,1.17.3,StopSig,76,3.67,nan,1,Right_no_left,Left,572,1075,397,364480544,nan,nan,nan
8/25/2026 22:15:04,1.17.3,StopSig,76,3.67,nan,1,>Left_Regular_trial,Left,573,1075,397,364496802,nan,nan,nan
8/25/2026 22:15:08,1.17.3,StopSig,76,3.67,nan,1,NoPoke_Regular_(incorrect),Left,573,1075,397,364500519,nan,nan,nan
8/25/2026 22:15:50,1.17.3,StopSig,76,3.67,nan,1,>Left_Regular_trial,Left,574,1075,397,364542423,nan,nan,nan
8/25/2026 22:15:54,1.17.3,StopSig,76,3.67,nan,1,NoPoke_Regular_(incorrect),Left,574,1075,397,364546578,nan,nan,nan
8/25/2026 22:16:25,1.17.3,StopSig,76,3.67,nan,1,>Left_Regular_trial,Left,575,1075,397,364577208,nan,nan,nan
8/25/2026 22:16:28,1.17.3,StopSig,76,3.67,nan,1,NoPoke_Regular_(incorrect),Left,575,1075,397,364580623,nan,nan,nan
8/25/2026 22:17:00,1.17.3,StopSig,76,3.66,nan,1,>Left_Stop_trial,Left,576,1075,397,364612586,nan,nan,nan
8/25/2026 22:17:04,1.17.3,StopSig,76,3.67,nan,1,NoPoke_STOP_(correct),Left,576,1075,397,364616614,nan,nan,nan
8/25/2026 22:17:06,1.17.3,StopSig,76,3.67,2,1,Pellet,Left,576,1075,398,364616614,0.95,137,nan
8/25/2026 22:17:34,1.17.3,StopSig,76,3.67,nan,1,Right_no_left,Left,576,1076,398,364616614,nan,nan,nan
8/25/2026 22:17:36,1.17.3,StopSig,76,3.66,nan,1,>Left_Stop_trial,Left,577,1076,398,364648785,nan,nan,nan
8/25/2026 22:17:40,1.17.3,StopSig,76,3.67,nan,1,NoPoke_STOP_(correct),Left,577,1076,398,364652523,nan,nan,nan
8/25/2026 22:17:41,1.17.3,StopSig,76,3.67,2,1,Pellet,Left,577,1076,399,364652523,0.17,35,nan
8/25/2026 22:18:06,1.17.3,StopSig,76,3.67,nan,1,Right_no_left,Left,577,1077,399,364652523,nan,nan,nan
8/25/2026 22:18:10,1.17.3,StopSig,76,3.67,nan,1,>Left_Regular_trial,Left,578,1077,399,364682567,nan,nan,nan
8/25/2026 22:18:13,1.17.3,StopSig,76,3.66,nan,1,Right_Regular_(correct),Left,578,1078,399,364685537,nan,nan,nan
8/25/2026 22:18:14,1.17.3,StopSig,76,3.67,2,1,Pellet,Left,578,1078,400,364685537,0.06,33,nan
8/25/2026 22:22:41,1.17.3,StopSig,76,3.67,nan,1,>Left_Regular_trial,Left,579,1078,400,364953898,nan,nan,nan
8/25/2026 22:22:43,1.17.3,StopSig,76,3.67,nan,1,Right_Regular_(correct),Left,579,1079,400,364956286,nan,nan,nan
8/25/2026 22:22:45,1.17.3,StopSig,76,3.67,1,1,Pellet,Left,579,1079,401,364956286,0.53,271,nan
8/25/2026 22:23:06,1.17.3,StopSig,76,3.67,nan,1,>Left_Regular_trial,Left,580,1079,401,364978350,nan,nan,nan
8/25/2026 22:23:07,1.17.3,StopSig,76,3.67,nan,1,Right_Regular_(correct),Left,580,1080,401,364980132,nan,nan,nan
8/25/2026 22:23:08,1.17.3,StopSig,76,3.67,1,1,Pellet,Left,580,1080,402,364980132,0.17,23,nan
8/25/2026 22:23:39,1.17.3,StopSig,76,3.67,nan,1,>Left_Regular_trial,Left,581,1080,402,365011390,nan,nan,nan
8/25/2026 22:23:40,1.17.3,StopSig,76,3.67,nan,1,Right_Regular_(correct),Left,581,1081,402,365013322,nan,nan,nan
8/25/2026 22:23:41,1.17.3,StopSig,76,3.67,1,1,Pellet,Left,581,1081,403,365013322,0.17,33,nan
8/25/2026 22:24:46,1.17.3,StopSig,76,3.67,nan,1,Right_no_left,Left,581,1082,403,365013322,nan,nan,nan
8/25/2026 22:27:54,1.17.3,StopSig,76,3.67,nan,1,>Left_Regular_trial,Left,582,1082,403,365266231,nan,nan,nan
8/25/2026 22:27:57,1.17.3,StopSig,76,3.67,nan,1,NoPoke_Regular_(incorrect),Left,582,1082,403,365269651,nan,nan,nan
8/25/2026 22:29:29,1.17.3,StopSig,76,3.67,nan,1,>Left_Regular_trial,Left,583,1082,403,365362043,nan,nan,nan
8/25/2026 22:29:33,1.17.3,StopSig,76,3.67,nan,1,NoPoke_Regular_(incorrect),Left,583,1082,403,365365619,nan,nan,nan
8/25/2026 22:30:08,1.17.3,StopSig,76,3.67,nan,1,>Left_Regular_trial,Left,584,1082,403,365400407,nan,nan,nan
8/25/2026 22:30:12,1.17.3,StopSig,76,3.67,nan,1,NoPoke_Regular_(incorrect),Left,584,1082,403,365404571,nan,nan,nan
8/25/2026 22:31:06,1.17.3,StopSig,76,3.67,nan,1,>Left_Regular_trial,Left,585,1082,403,365458543,nan,nan,nan
8/25/2026 22:31:08,1.17.3,StopSig,76,3.67,nan,1,Right_Regular_(correct),Left,585,1083,403,365461069,nan,nan,nan
8/25/2026 22:31:09,1.17.3,StopSig,76,3.67,1,1,Pellet,Left,585,1083,404,365461069,0.29,448,nan
8/25/2026 22:31:37,1.17.3,StopSig,76,3.67,nan,1,>Left_Regular_trial,Left,586,1083,404,365489705,nan,nan,nan
8/25/2026 22:31:38,1.17.3,StopSig,76,3.67,nan,1,Right_Regular_(correct),Left,586,1084,404,365491042,nan,nan,nan
8/25/2026 22:31:41,1.17.3,StopSig,76,3.67,2,1,Pellet,Left,586,1084,405,365491042,0.12,32,nan
8/25/2026 22:32:02,1.17.3,StopSig,76,3.66,nan,1,>Left_Regular_trial,Left,587,1084,405,365514522,nan,nan,nan
8/25/2026 22:32:05,1.17.3,StopSig,76,3.66,nan,1,Right_Regular_(correct),Left,587,1085,405,365517650,nan,nan,nan
8/25/2026 22:32:06,1.17.3,StopSig,76,3.67,1,1,Pellet,Left,587,1085,406,365517650,0.17,25,nan
8/25/2026 22:32:30,1.17.3,StopSig,76,3.67,nan,1,Right_no_left,Left,587,1086,406,365517650,nan,nan,nan
8/25/2026 22:32:32,1.17.3,StopSig,76,3.67,nan,1,Right_no_left,Left,587,1087,406,365543489,nan,nan,nan
8/25/2026 22:32:33,1.17.3,StopSig,76,3.67,nan,1,Right_no_left,Left,587,1088,406,365544833,nan,nan,nan
8/25/2026 22:37:51,1.17.3,StopSig,76,3.67,nan,1,Right_no_left,Left,587,1089,406,365545884,nan,nan,nan
8/25/2026 22:48:48,1.17.3,StopSig,76,3.67,nan,1,>Left_Regular_trial,Left,588,1089,406,366520270,nan,nan,nan
8/25/2026 22:48:50,1.17.3,StopSig,76,3.67,nan,1,Right_Regular_(correct),Left,588,1090,406,366522651,nan,nan,nan
8/25/2026 22:48:53,1.17.3,StopSig,76,3.67,2,1,Pellet,Left,588,1090,407,366522651,0.35,1007,nan
8/25/2026 22:49:45,1.17.3,StopSig,76,3.67,nan,1,>Left_Regular_trial,Left,589,1090,407,366578052,nan,nan,nan
8/25/2026 22:49:47,1.17.3,StopSig,76,3.67,nan,1,Right_Regular_(correct),Left,589,1091,407,366579538,nan,nan,nan
8/25/2026 22:49:50,1.17.3,StopSig,76,3.66,2,1,Pellet,Left,589,1091,408,366579538,0.11,57,nan
8/25/2026 22:53:15,1.17.3,StopSig,76,3.67,nan,1,Right_no_left,Left,589,1092,408,366579538,nan,nan,nan
8/25/2026 22:53:15,1.17.3,StopSig,76,3.66,nan,1,Right_no_left,Left,589,1093,408,366787661,nan,nan,nan
8/25/2026 22:53:16,1.17.3,StopSig,76,3.66,nan,1,Right_no_left,Left,589,1094,408,366787975,nan,nan,nan
8/25/2026 22:54:58,1.17.3,StopSig,76,3.67,nan,1,>Left_Regular_trial,Left,590,1094,408,366891211,nan,nan,nan
8/25/2026 22:54:59,1.17.3,StopSig,76,3.67,nan,1,Right_Regular_(correct),Left,590,1095,408,366892102,nan,nan,nan
8/25/2026 22:55:00,1.17.3,StopSig,76,3.67,1,1,Pellet,Left,590,1095,409,366892102,0.29,310,nan
8/25/2026 22:55:18,1.17.3,StopSig,76,3.67,nan,1,>Left_Regular_trial,Left,591,1095,409,366910456,nan,nan,nan
8/25/2026 22:55:20,1.17.3,StopSig,76,3.67,nan,1,Right_Regular_(correct),Left,591,1096,409,366913137,nan,nan,nan
8/25/2026 22:55:23,1.17.3,StopSig,76,3.66,2,1,Pellet,Left,591,1096,410,366913137,0.06,23,nan
8/25/2026 22:55:43,1.17.3,StopSig,76,3.66,nan,1,Right_no_left,Left,591,1097,410,366913137,nan,nan,nan
8/25/2026 22:55:45,1.17.3,StopSig,76,3.66,nan,1,Right_no_left,Left,591,1098,410,366935880,nan,nan,nan
8/25/2026 23:06:33,1.17.3,StopSig,76,3.66,nan,1,Right_no_left,Left,591,1099,410,366938403,nan,nan,nan
8/25/2026 23:06:35,1.17.3,StopSig,76,3.67,nan,1,>Left_Regular_trial,Left,592,1099,410,367587651,nan,nan,nan
8/25/2026 23:06:37,1.17.3,StopSig,76,3.67,nan,1,Right_Regular_(correct),Left,592,1100,410,367589731,nan,nan,nan
8/25/2026 23:06:38,1.17.3,StopSig,76,3.67,1,1,Pellet,Left,592,1100,411,367589731,0.17,675,nan
8/25/2026 23:09:28,1.17.3,StopSig,76,3.67,nan,1,Right_no_left,Left,592,1101,411,367589731,nan,nan,nan
8/25/2026 23:09:29,1.17.3,StopSig,76,3.67,nan,1,Right_no_left,Left,592,1102,411,367761009,nan,nan,nan
8/25/2026 23:10:23,1.17.3,StopSig,76,3.66,nan,1,Right_no_left,Left,592,1103,411,367762052,nan,nan,nan
8/25/2026 23:10:24,1.17.3,StopSig,76,3.66,nan,1,Right_no_left,Left,592,1104,411,367816340,nan,nan,nan
8/25/2026 23:10:25,1.17.3,StopSig,76,3.67,nan,1,Right_no_left,Left,592,1105,411,367817229,nan,nan,nan
8/25/2026 23:20:02,1.17.3,StopSig,76,3.67,nan,1,>Left_Regular_trial,Left,593,1105,411,368395241,nan,nan,nan
8/25/2026 23:20:03,1.17.3,StopSig,76,3.66,nan,1,Right_Regular_(correct),Left,593,1106,411,368396279,nan,nan,nan
8/25/2026 23:20:09,1.17.3,StopSig,76,3.66,3,1,Pellet,Left,593,1106,412,368396279,0.59,811,nan
8/25/2026 23:22:15,1.17.3,StopSig,76,3.66,nan,1,>Left_Regular_trial,Left,594,1106,412,368527788,nan,nan,nan
8/25/2026 23:22:19,1.17.3,StopSig,76,3.66,nan,1,NoPoke_Regular_(incorrect),Left,594,1106,412,368531796,nan,nan,nan
8/25/2026 23:23:39,1.17.3,StopSig,76,3.66,nan,1,>Left_Stop_trial,Left,595,1106,412,368611562,nan,nan,nan
8/25/2026 23:23:43,1.17.3,StopSig,76,3.66,nan,1,NoPoke_STOP_(correct),Left,595,1106,412,368615741,nan,nan,nan
8/25/2026 23:23:46,1.17.3,StopSig,76,3.67,2,1,Pellet,Left,595,1106,413,368615741,0.65,217,nan
8/25/2026 23:24:20,1.17.3,StopSig,76,3.67,nan,1,Right_no_left,Left,595,1107,413,368615741,nan,nan,nan
8/25/2026 23:24:42,1.17.3,StopSig,76,3.67,nan,1,Right_no_left,Left,595,1108,413,368652783,nan,nan,nan
8/25/2026 23:28:47,1.17.3,StopSig,76,3.66,nan,1,>Left_Regular_trial,Left,596,1108,413,368919375,nan,nan,nan
8/25/2026 23:28:50,1.17.3,StopSig,76,3.67,nan,1,NoPoke_Regular_(incorrect),Left,596,1108,413,368922798,nan,nan,nan
8/25/2026 23:30:08,1.17.3,StopSig,76,3.67,nan,1,Right_no_left,Left,596,1109,413,368922798,nan,nan,nan
8/25/2026 23:30:12,1.17.3,StopSig,76,3.67,nan,1,Right_no_left,Left,596,1110,413,369000810,nan,nan,nan
8/25/2026 23:30:33,1.17.3,StopSig,76,3.66,nan,1,>Left_Regular_trial,Left,597,1110,413,369026188,nan,nan,nan
8/25/2026 23:30:34,1.17.3,StopSig,76,3.67,nan,1,Right_Regular_(correct),Left,597,1111,413,369027088,nan,nan,nan
8/25/2026 23:30:37,1.17.3,StopSig,76,3.66,2,1,Pellet,Left,597,1111,414,369027088,0.23,411,nan
8/25/2026 23:30:58,1.17.3,StopSig,76,3.66,nan,1,Right_no_left,Left,597,1112,414,369027088,nan,nan,nan
8/25/2026 23:30:59,1.17.3,StopSig,76,3.67,nan,1,Right_no_left,Left,597,1113,414,369051095,nan,nan,nan
8/25/2026 23:35:18,1.17.3,StopSig,76,3.67,nan,1,>Left_Stop_trial,Left,598,1113,414,369310916,nan,nan,nan
8/25/2026 23:35:22,1.17.3,StopSig,76,3.67,nan,1,NoPoke_STOP_(correct),Left,598,1113,414,369314794,nan,nan,nan
8/25/2026 23:35:23,1.17.3,StopSig,76,3.67,1,1,Pellet,Left,598,1113,415,369314794,0.53,286,nan
8/25/2026 23:35:55,1.17.3,StopSig,76,3.66,nan,1,>Left_Regular_trial,Left,599,1113,415,369347875,nan,nan,nan
8/25/2026 23:35:56,1.17.3,StopSig,76,3.67,nan,1,Right_Regular_(correct),Left,599,1114,415,369349357,nan,nan,nan
8/25/2026 23:35:57,1.17.3,StopSig,76,3.66,1,1,Pellet,Left,599,1114,416,369349357,0.17,34,nan
8/25/2026 23:36:31,1.17.3,StopSig,76,3.66,nan,1,Right_no_left,Left,599,1115,416,369349357,nan,nan,nan
8/25/2026 23:36:32,1.17.3,StopSig,76,3.67,nan,1,Right_no_left,Left,599,1116,416,369384329,nan,nan,nan
8/25/2026 23:39:22,1.17.3,StopSig,76,3.66,nan,1,>Left_Regular_trial,Left,600,1116,416,369554729,nan,nan,nan
8/25/2026 23:39:26,1.17.3,StopSig,76,3.67,nan,1,NoPoke_Regular_(incorrect),Left,600,1116,416,369558736,nan,nan,nan
8/25/2026 23:42:08,1.17.3,StopSig,76,3.67,nan,1,Right_no_left,Left,600,1117,416,369558736,nan,nan,nan
8/25/2026 23:42:11,1.17.3,StopSig,76,3.67,nan,1,>Left_Stop_trial,Left,601,1117,416,369723618,nan,nan,nan
8/25/2026 23:42:15,1.17.3,StopSig,76,3.66,nan,1,NoPoke_STOP_(correct),Left,601,1117,416,369727795,nan,nan,nan
8/25/2026 23:42:18,1.17.3,StopSig,76,3.66,2,1,Pellet,Left,601,1117,417,369727795,0.41,381,nan
8/25/2026 23:51:59,1.17.3,StopSig,76,3.66,nan,1,Right_no_left,Left,601,1118,417,369727795,nan,nan,nan
8/25/2026 23:52:01,1.17.3,StopSig,76,3.66,nan,1,Right_no_left,Left,601,1119,417,370312664,nan,nan,nan
8/25/2026 23:52:05,1.17.3,StopSig,76,3.66,nan,1,Right_no_left,Left,601,1120,417,370314146,nan,nan,nan
8/25/2026 23:53:37,1.17.3,StopSig,76,3.66,nan,1,>Left_Regular_trial,Left,602,1120,417,370409528,nan,nan,nan
8/25/2026 23:53:37,1.17.3,StopSig,76,3.67,nan,1,Right_Regular_(correct),Left,602,1121,417,370410567,nan,nan,nan
8/25/2026 23:53:41,1.17.3,StopSig,76,3.67,2,1,Pellet,Left,602,1121,418,370410567,0.23,683,nan
8/26/2026 0:04:52,1.17.3,StopSig,76,3.66,nan,1,Right_no_left,Left,602,1122,418,370410567,nan,nan,nan
8/26/2026 0:12:33,1.17.3,StopSig,76,3.66,nan,1,Right_no_left,Left,602,1123,418,371085457,nan,nan,nan
8/26/2026 0:12:34,1.17.3,StopSig,76,3.66,nan,1,Right_no_left,Left,602,1124,418,371546527,nan,nan,nan
8/26/2026 0:14:01,1.17.3,StopSig,76,3.67,nan,1,Right_no_left,Left,602,1125,418,371547268,nan,nan,nan
8/26/2026 0:16:04,1.17.3,StopSig,76,3.66,nan,1,>Left_Stop_trial,Left,603,1125,418,371756867,nan,nan,nan
8/26/2026 0:16:08,1.17.3,StopSig,76,3.66,nan,1,NoPoke_STOP_(correct),Left,603,1125,418,371760896,nan,nan,nan
8/26/2026 0:16:11,1.17.3,StopSig,76,3.66,2,1,Pellet,Left,603,1125,419,371760896,0.12,1350,nan
8/26/2026 0:30:59,1.17.3,StopSig,76,3.66,nan,1,Right_no_left,Left,603,1126,419,371760896,nan,nan,nan
8/26/2026 0:30:59,1.17.3,StopSig,76,3.66,nan,1,Right_no_left,Left,603,1127,419,372652282,nan,nan,nan
8/26/2026 0:31:01,1.17.3,StopSig,76,3.66,nan,1,Right_no_left,Left,603,1128,419,372652578,nan,nan,nan
8/26/2026 0:31:08,1.17.3,StopSig,76,3.66,nan,1,>Left_Regular_trial,Left,604,1128,419,372661484,nan,nan,nan
8/26/2026 0:31:11,1.17.3,StopSig,76,3.65,nan,1,Right_Regular_(correct),Left,604,1129,419,372664007,nan,nan,nan
8/26/2026 0:31:12,1.17.3,StopSig,76,3.67,1,1,Pellet,Left,604,1129,420,372664007,0.41,901,nan
8/26/2026 0:32:39,1.17.3,StopSig,76,3.66,nan,1,>Left_Stop_trial,Left,605,1129,420,372751957,nan,nan,nan
8/26/2026 0:32:43,1.17.3,StopSig,76,3.66,nan,1,NoPoke_STOP_(correct),Left,605,1129,420,372755991,nan,nan,nan
8/26/2026 0:32:44,1.17.3,StopSig,76,3.66,1,1,Pellet,Left,605,1129,421,372755991,0.65,92,nan
8/26/2026 0:33:10,1.17.3,StopSig,76,3.66,nan,1,Right_no_left,Left,605,1130,421,372755991,nan,nan,nan
8/26/2026 0:33:13,1.17.3,StopSig,76,3.66,nan,1,>Left_Regular_trial,Left,606,1130,421,372786116,nan,nan,nan
8/26/2026 0:33:17,1.17.3,StopSig,76,3.66,nan,1,NoPoke_Regular_(incorrect),Left,606,1130,421,372789977,nan,nan,nan
8/26/2026 0:49:02,1.17.3,StopSig,76,3.67,nan,1,>Left_Stop_trial,Left,607,1130,421,373734488,nan,nan,nan
8/26/2026 0:49:05,1.17.3,StopSig,76,3.66,nan,1,NoPoke_STOP_(correct),Left,607,1130,421,373737922,nan,nan,nan
8/26/2026 0:49:09,1.17.3,StopSig,76,3.65,2,1,Pellet,Left,607,1130,422,373737922,1.25,985,nan
8/26/2026 0:49:34,1.17.3,StopSig,76,3.66,nan,1,Right_no_left,Left,607,1131,422,373737922,nan,nan,nan
8/26/2026 0:49:38,1.17.3,StopSig,76,3.66,nan,1,>Left_Regular_trial,Left,608,1131,422,373770569,nan,nan,nan
8/26/2026 0:49:39,1.17.3,StopSig,76,3.66,nan,1,Right_Regular_(correct),Left,608,1132,422,373772351,nan,nan,nan
8/26/2026 0:49:42,1.17.3,StopSig,76,3.66,2,1,Pellet,Left,608,1132,423,373772351,0.06,33,nan
8/26/2026 0:49:58,1.17.3,StopSig,76,3.66,nan,1,Right_no_left,Left,608,1133,423,373772351,nan,nan,nan
8/26/2026 0:50:00,1.17.3,StopSig,76,3.66,nan,1,>Left_Regular_trial,Left,609,1133,423,373793249,nan,nan,nan
8/26/2026 0:50:01,1.17.3,StopSig,76,3.66,nan,1,Right_Regular_(correct),Left,609,1134,423,373794586,nan,nan,nan
8/26/2026 0:50:02,1.17.3,StopSig,76,3.66,1,1,Pellet,Left,609,1134,424,373794586,0.17,20,nan
8/26/2026 2:47:00,1.17.3,StopSig,76,3.66,nan,1,>Left_Stop_trial,Left,610,1134,424,380813242,nan,nan,nan
8/26/2026 2:47:04,1.17.3,StopSig,76,3.65,nan,1,NoPoke_STOP_(correct),Left,610,1134,424,380817275,nan,nan,nan
8/26/2026 2:47:05,1.17.3,StopSig,76,3.65,1,1,Pellet,Left,610,1134,425,380817275,0.35,7023,nan
8/26/2026 2:47:49,1.17.3,StopSig,76,3.65,nan,1,Right_no_left,Left,610,1135,425,380817275,nan,nan,nan
8/26/2026 2:47:50,1.17.3,StopSig,76,3.66,nan,1,Right_no_left,Left,610,1136,425,380862689,nan,nan,nan
8/26/2026 2:47:53,1.17.3,StopSig,76,3.66,nan,1,>Left_Regular_trial,Left,611,1136,425,380866399,nan,nan,nan
8/26/2026 2:47:54,1.17.3,StopSig,76,3.65,nan,1,Right_Regular_(correct),Left,611,1137,425,380867740,nan,nan,nan
8/26/2026 2:47:55,1.17.3,StopSig,76,3.66,1,1,Pellet,Left,611,1137,426,380867740,0.23,50,nan
8/26/2026 2:48:22,1.17.3,StopSig,76,3.65,nan,1,>Left_Regular_trial,Left,612,1137,426,380894900,nan,nan,nan
8/26/2026 2:48:23,1.17.3,StopSig,76,3.66,nan,1,Right_Regular_(correct),Left,612,1138,426,380896681,nan,nan,nan
8/26/2026 2:48:23,1.17.3,StopSig,76,3.66,nan,1,RightDuringDispense,Left,612,1139,426,380896681,nan,nan,0.03
8/26/2026 2:48:24,1.17.3,StopSig,76,3.66,1,1,Pellet,Left,612,1139,427,380896681,0.23,29,nan
8/26/2026 2:48:44,1.17.3,StopSig,76,3.66,nan,1,>Left_Regular_trial,Left,613,1139,427,380917748,nan,nan,nan
8/26/2026 2:48:46,1.17.3,StopSig,76,3.65,nan,1,Right_Regular_(correct),Left,613,1140,427,380919529,nan,nan,nan
8/26/2026 2:48:49,1.17.3,StopSig,76,3.65,2,1,Pellet,Left,613,1140,428,380919529,0.29,25,nan
8/26/2026 2:49:19,1.17.3,StopSig,76,3.65,nan,1,Right_no_left,Left,613,1141,428,380919529,nan,nan,nan
8/26/2026 2:49:20,1.17.3,StopSig,76,3.66,nan,1,Right_no_left,Left,613,1142,428,380952675,nan,nan,nan
8/26/2026 2:49:22,1.17.3,StopSig,76,3.65,nan,1,Right_no_left,Left,613,1143,428,380953712,nan,nan,nan
8/26/2026 2:49:25,1.17.3,StopSig,76,3.65,nan,1,>Left_Regular_trial,Left,614,1143,428,380958760,nan,nan,nan
8/26/2026 2:49:29,1.17.3,StopSig,76,3.66,nan,1,Right_Regular_(correct),Left,614,1144,428,380962322,nan,nan,nan
8/26/2026 2:49:29,1.17.3,StopSig,76,3.65,nan,1,RightDuringDispense,Left,614,1145,428,380962322,nan,nan,0.20
8/26/2026 2:49:30,1.17.3,StopSig,76,3.65,1,1,Pellet,Left,614,1145,429,380962322,0.06,41,nan
8/26/2026 2:49:56,1.17.3,StopSig,76,3.66,nan,1,>Left_Regular_trial,Left,615,1145,429,380989306,nan,nan,nan
8/26/2026 2:49:58,1.17.3,StopSig,76,3.65,nan,1,Right_Regular_(correct),Left,615,1146,429,380991235,nan,nan,nan
8/26/2026 2:49:59,1.17.3,StopSig,76,3.65,1,1,Pellet,Left,615,1146,430,380991235,0.23,29,nan
8/26/2026 2:56:02,1.17.3,StopSig,76,3.66,nan,1,Right_no_left,Left,615,1147,430,380991235,nan,nan,nan
8/26/2026 2:56:05,1.17.3,StopSig,76,3.66,nan,1,>Left_Regular_trial,Left,616,1147,430,381357915,nan,nan,nan
8/26/2026 2:56:07,1.17.3,StopSig,76,3.65,nan,1,Right_Regular_(correct),Left,616,1148,430,381360884,nan,nan,nan
8/26/2026 2:56:09,1.17.3,StopSig,76,3.65,1,1,Pellet,Left,616,1148,431,381360884,0.53,370,nan
8/26/2026 2:56:33,1.17.3,StopSig,76,3.65,nan,1,Right_no_left,Left,616,1149,431,381360884,nan,nan,nan
8/26/2026 2:56:34,1.17.3,StopSig,76,3.65,nan,1,Right_no_left,Left,616,1150,431,381386306,nan,nan,nan
8/26/2026 2:56:34,1.17.3,StopSig,76,3.65,nan,1,Right_no_left,Left,616,1151,431,381387208,nan,nan,nan
8/26/2026 2:57:29,1.17.3,StopSig,76,3.66,nan,1,Right_no_left,Left,616,1152,431,381388098,nan,nan,nan
8/26/2026 2:59:57,1.17.3,StopSig,76,3.65,nan,1,>Left_Stop_trial,Left,617,1152,431,381590547,nan,nan,nan
8/26/2026 3:00:01,1.17.3,StopSig,76,3.65,nan,1,NoPoke_STOP_(correct),Left,617,1152,431,381594277,nan,nan,nan
8/26/2026 3:00:02,1.17.3,StopSig,76,3.66,2,1,Pellet,Left,617,1152,432,381594277,0.06,233,nan
8/26/2026 3:00:29,1.17.3,StopSig,76,3.66,nan,1,>Left_Regular_trial,Left,618,1152,432,381622598,nan,nan,nan
8/26/2026 3:00:32,1.17.3,StopSig,76,3.65,nan,1,Right_Regular_(correct),Left,618,1153,432,381626014,nan,nan,nan
8/26/2026 3:00:34,1.17.3,StopSig,76,3.65,1,1,Pellet,Left,618,1153,433,381626014,0.41,32,nan
8/26/2026 3:00:57,1.17.3,StopSig,76,3.65,nan,1,>Left_Regular_trial,Left,619,1153,433,381649984,nan,nan,nan
8/26/2026 3:00:57,1.17.3,StopSig,76,3.65,nan,1,Right_Regular_(correct),Left,619,1154,433,381651023,nan,nan,nan
8/26/2026 3:00:59,1.17.3,StopSig,76,3.65,1,1,Pellet,Left,619,1154,434,381651023,0.41,25,nan
8/26/2026 3:01:18,1.17.3,StopSig,76,3.65,nan,1,>Left_Regular_trial,Left,620,1154,434,381671766,nan,nan,nan
8/26/2026 3:01:21,1.17.3,StopSig,76,3.65,nan,1,Right_Regular_(correct),Left,620,1155,434,381674585,nan,nan,nan
8/26/2026 3:01:22,1.17.3,StopSig,76,3.65,1,1,Pellet,Left,620,1155,435,381674585,0.59,23,nan
8/26/2026 3:10:47,1.17.3,StopSig,76,3.65,nan,1,Right_no_left,Left,620,1156,435,381674585,nan,nan,nan
8/26/2026 3:10:53,1.17.3,StopSig,76,3.65,nan,1,>Left_Regular_trial,Left,621,1156,435,382246377,nan,nan,nan
8/26/2026 3:10:57,1.17.3,StopSig,76,3.65,nan,1,NoPoke_Regular_(incorrect),Left,621,1156,435,382250384,nan,nan,nan
8/26/2026 3:19:02,1.17.3,StopSig,76,3.65,nan,1,Right_no_left,Left,621,1157,435,382250384,nan,nan,nan
8/26/2026 3:19:03,1.17.3,StopSig,76,3.65,nan,1,Right_no_left,Left,621,1158,435,382735811,nan,nan,nan
8/26/2026 3:25:34,1.17.3,StopSig,76,3.65,nan,1,>Left_Stop_trial,Left,622,1158,435,383126919,nan,nan,nan
8/26/2026 3:25:37,1.17.3,StopSig,76,3.66,nan,1,NoPoke_STOP_(correct),Left,622,1158,435,383130365,nan,nan,nan
8/26/2026 3:25:40,1.17.3,StopSig,76,3.65,2,1,Pellet,Left,622,1158,436,383130365,0.65,1458,nan
8/26/2026 3:26:06,1.17.3,StopSig,76,3.65,nan,1,>Left_Regular_trial,Left,623,1158,436,383159517,nan,nan,nan
8/26/2026 3:26:08,1.17.3,StopSig,76,3.66,nan,1,Right_Regular_(correct),Left,623,1159,436,383161152,nan,nan,nan
8/26/2026 3:26:09,1.17.3,StopSig,76,3.66,1,1,Pellet,Left,623,1159,437,383161152,0.53,29,nan
8/26/2026 3:26:38,1.17.3,StopSig,76,3.65,nan,1,Right_no_left,Left,623,1160,437,383161152,nan,nan,nan
8/26/2026 3:33:44,1.17.3,StopSig,76,3.65,nan,1,>Left_Regular_trial,Left,624,1160,437,383617913,nan,nan,nan
8/26/2026 3:33:48,1.17.3,StopSig,76,3.65,nan,1,NoPoke_Regular_(incorrect),Left,624,1160,437,383621328,nan,nan,nan
8/26/2026 3:36:09,1.17.3,StopSig,76,3.65,nan,1,>Left_Stop_trial,Left,625,1160,437,383761728,nan,nan,nan
8/26/2026 3:36:12,1.17.3,StopSig,76,3.65,nan,1,NoPoke_STOP_(correct),Left,625,1160,437,383765321,nan,nan,nan
8/26/2026 3:36:13,1.17.3,StopSig,76,3.65,1,1,Pellet,Left,625,1160,438,383765321,0.89,604,nan
8/26/2026 3:37:30,1.17.3,StopSig,76,3.65,nan,1,>Left_Regular_trial,Left,626,1160,438,383843948,nan,nan,nan
8/26/2026 3:37:32,1.17.3,StopSig,76,3.65,nan,1,Right_Regular_(correct),Left,626,1161,438,383845880,nan,nan,nan
8/26/2026 3:37:34,1.17.3,StopSig,76,3.65,1,1,Pellet,Left,626,1161,439,383845880,0.47,81,nan
8/26/2026 4:48:40,1.17.3,StopSig,76,3.65,nan,1,Right_no_left,Left,626,1162,439,383845880,nan,nan,nan
8/26/2026 4:48:42,1.17.3,StopSig,76,3.65,nan,1,>Left_Regular_trial,Left,627,1162,439,388115535,nan,nan,nan
8/26/2026 4:48:44,1.17.3,StopSig,76,3.65,nan,1,Right_Regular_(correct),Left,627,1163,439,388117911,nan,nan,nan
8/26/2026 4:48:45,1.17.3,StopSig,76,3.65,1,1,Pellet,Left,627,1163,440,388117911,0.35,4271,nan
8/26/2026 4:49:14,1.17.3,StopSig,76,3.65,nan,1,Right_no_left,Left,627,1164,440,388117911,nan,nan,nan
8/26/2026 4:49:19,1.17.3,StopSig,76,3.65,nan,1,>Left_Stop_trial,Left,628,1164,440,388152841,nan,nan,nan
8/26/2026 4:49:23,1.17.3,StopSig,76,3.65,nan,1,NoPoke_STOP_(correct),Left,628,1164,440,388156574,nan,nan,nan
8/26/2026 4:49:24,1.17.3,StopSig,76,3.65,1,1,Pellet,Left,628,1164,441,388156574,0.89,39,nan
8/26/2026 4:50:08,1.17.3,StopSig,76,3.65,nan,1,Right_no_left,Left,628,1165,441,388156574,nan,nan,nan
8/26/2026 4:50:10,1.17.3,StopSig,76,3.65,nan,1,>Left_Regular_trial,Left,629,1165,441,388204078,nan,nan,nan
8/26/2026 4:50:12,1.17.3,StopSig,76,3.65,nan,1,Right_Regular_(correct),Left,629,1166,441,388206014,nan,nan,nan
8/26/2026 4:50:13,1.17.3,StopSig,76,3.65,1,1,Pellet,Left,629,1166,442,388206014,0.23,49,nan
8/26/2026 4:51:25,1.17.3,StopSig,76,3.65,nan,1,>Left_Regular_trial,Left,630,1166,442,388278499,nan,nan,nan
8/26/2026 4:51:26,1.17.3,StopSig,76,3.65,nan,1,Right_Regular_(correct),Left,630,1167,442,388280280,nan,nan,nan
8/26/2026 4:51:32,1.17.3,StopSig,76,3.65,3,1,Pellet,Left,630,1167,443,388280280,0.29,79,nan
8/26/2026 4:55:19,1.17.3,StopSig,76,3.65,nan,1,Right_no_left,Left,630,1168,443,388280280,nan,nan,nan
8/26/2026 5:01:22,1.17.3,StopSig,76,3.65,nan,1,Right_no_left,Left,630,1169,443,388512599,nan,nan,nan
8/26/2026 5:01:23,1.17.3,StopSig,76,3.65,nan,1,Right_no_left,Left,630,1170,443,388876172,nan,nan,nan
8/26/2026 5:02:28,1.17.3,StopSig,76,3.65,nan,1,Right_no_left,Left,630,1171,443,388877062,nan,nan,nan
8/26/2026 5:02:30,1.17.3,StopSig,76,3.65,nan,1,>Left_Stop_trial,Left,631,1171,443,388943430,nan,nan,nan
8/26/2026 5:02:34,1.17.3,StopSig,76,3.65,nan,1,NoPoke_STOP_(correct),Left,631,1171,443,388947610,nan,nan,nan
8/26/2026 5:02:38,1.17.3,StopSig,76,3.65,2,1,Pellet,Left,631,1171,444,388947610,0.95,665,nan
8/26/2026 5:03:06,1.17.3,StopSig,76,3.65,nan,1,>Left_Stop_trial,Left,632,1171,444,388979516,nan,nan,nan
8/26/2026 5:03:10,1.17.3,StopSig,76,3.65,nan,1,NoPoke_STOP_(correct),Left,632,1171,444,388983543,nan,nan,nan
8/26/2026 5:03:13,1.17.3,StopSig,76,3.65,2,1,Pellet,Left,632,1171,445,388983543,0.65,36,nan
8/26/2026 5:03:57,1.17.3,StopSig,76,3.65,nan,1,Right_no_left,Left,632,1172,445,388983543,nan,nan,nan
8/26/2026 5:04:27,1.17.3,StopSig,76,3.65,nan,1,>Left_Regular_trial,Left,633,1172,445,389060746,nan,nan,nan
8/26/2026 5:04:28,1.17.3,StopSig,76,3.65,nan,1,Right_Regular_(correct),Left,633,1173,445,389062230,nan,nan,nan
8/26/2026 5:04:30,1.17.3,StopSig,76,3.65,2,1,Pellet,Left,633,1173,446,389062230,0.41,77,nan
8/26/2026 5:12:41,1.17.3,StopSig,76,3.65,nan,1,>Left_Regular_trial,Left,634,1173,446,389554560,nan,nan,nan
8/26/2026 5:12:42,1.17.3,StopSig,76,3.65,nan,1,Right_Regular_(correct),Left,634,1174,446,389555753,nan,nan,nan
8/26/2026 5:12:43,1.17.3,StopSig,76,3.65,1,1,Pellet,Left,634,1174,447,389555753,0.29,493,nan
8/26/2026 5:13:11,1.17.3,StopSig,76,3.65,nan,1,>Left_Regular_trial,Left,635,1174,447,389585016,nan,nan,nan
8/26/2026 5:13:12,1.17.3,StopSig,76,3.65,nan,1,Right_Regular_(correct),Left,635,1175,447,389586350,nan,nan,nan
8/26/2026 5:13:13,1.17.3,StopSig,76,3.65,1,1,Pellet,Left,635,1175,448,389586350,0.35,30,nan
8/26/2026 5:13:40,1.17.3,StopSig,76,3.65,nan,1,>Left_Regular_trial,Left,636,1175,448,389614061,nan,nan,nan
8/26/2026 5:13:41,1.17.3,StopSig,76,3.65,nan,1,Right_Regular_(correct),Left,636,1176,448,389615248,nan,nan,nan
8/26/2026 5:13:47,1.17.3,StopSig,76,3.65,3,1,Pellet,Left,636,1176,449,389615248,0.23,33,nan
8/26/2026 5:14:52,1.17.3,StopSig,76,3.65,nan,1,>Left_Regular_trial,Left,637,1176,449,389685706,nan,nan,nan
8/26/2026 5:14:56,1.17.3,StopSig,76,3.65,nan,1,NoPoke_Regular_(incorrect),Left,637,1176,449,389689563,nan,nan,nan
8/26/2026 5:30:45,1.17.3,StopSig,76,3.65,nan,1,Right_no_left,Left,637,1177,449,389689563,nan,nan,nan
8/26/2026 5:30:51,1.17.3,StopSig,76,3.65,nan,1,>Left_Stop_trial,Left,638,1177,449,390644491,nan,nan,nan
8/26/2026 5:30:55,1.17.3,StopSig,76,3.65,nan,1,NoPoke_STOP_(correct),Left,638,1177,449,390648670,nan,nan,nan
8/26/2026 5:30:56,1.17.3,StopSig,76,3.65,1,1,Pellet,Left,638,1177,450,390648670,0.83,1030,nan
8/26/2026 5:31:18,1.17.3,StopSig,76,3.65,nan,1,>Left_Regular_trial,Left,639,1177,450,390671928,nan,nan,nan
8/26/2026 5:31:22,1.17.3,StopSig,76,3.65,nan,1,NoPoke_Regular_(incorrect),Left,639,1177,450,390675644,nan,nan,nan
8/26/2026 5:31:58,1.17.3,StopSig,76,3.65,nan,1,>Left_Regular_trial,Left,640,1177,450,390711756,nan,nan,nan
8/26/2026 5:32:02,1.17.3,StopSig,76,3.65,nan,1,NoPoke_Regular_(incorrect),Left,640,1177,450,390715626,nan,nan,nan
8/26/2026 6:21:41,1.17.3,StopSig,76,3.65,nan,1,Right_no_left,Left,640,1178,450,390715626,nan,nan,nan
8/26/2026 6:21:42,1.17.3,StopSig,76,3.65,nan,1,Right_no_left,Left,640,1179,450,393695642,nan,nan,nan
8/26/2026 6:21:43,1.17.3,StopSig,76,3.65,nan,1,Right_no_left,Left,640,1180,450,393695938,nan,nan,nan
8/26/2026 6:21:45,1.17.3,StopSig,76,3.65,nan,1,Right_no_left,Left,640,1181,450,393696680,nan,nan,nan
8/26/2026 6:21:52,1.17.3,StopSig,76,3.65,nan,1,Right_no_left,Left,640,1182,450,393699206,nan,nan,nan
8/26/2026 6:21:55,1.17.3,StopSig,76,3.65,nan,1,>Left_Regular_trial,Left,641,1182,450,393708862,nan,nan,nan
8/26/2026 6:21:57,1.17.3,StopSig,76,3.65,nan,1,Right_Regular_(correct),Left,641,1183,450,393710947,nan,nan,nan
8/26/2026 6:21:58,1.17.3,StopSig,76,3.65,1,1,Pellet,Left,641,1183,451,393710947,0.53,3062,nan
8/26/2026 7:24:06,1.17.3,StopSig,76,3.65,nan,1,Right_no_left,Left,641,1184,451,393710947,nan,nan,nan
8/26/2026 7:24:07,1.17.3,StopSig,76,3.65,nan,1,Right_no_left,Left,641,1185,451,397439999,nan,nan,nan
8/26/2026 7:24:09,1.17.3,StopSig,76,3.64,nan,1,>Left_Regular_trial,Left,642,1185,451,397443116,nan,nan,nan
8/26/2026 7:24:13,1.17.3,StopSig,76,3.65,nan,1,Right_Regular_(correct),Left,642,1186,451,397446984,nan,nan,nan
8/26/2026 7:24:14,1.17.3,StopSig,76,3.65,1,1,Pellet,Left,642,1186,452,397446984,0.41,3736,nan
8/26/2026 7:24:49,1.17.3,StopSig,76,3.65,nan,1,Right_no_left,Left,642,1187,452,397446984,nan,nan,nan
8/26/2026 7:24:54,1.17.3,StopSig,76,3.65,nan,1,>Left_Regular_trial,Left,643,1187,452,397487690,nan,nan,nan
8/26/2026 7:24:55,1.17.3,StopSig,76,3.65,nan,1,Right_Regular_(correct),Left,643,1188,452,397489026,nan,nan,nan
8/26/2026 7:24:56,1.17.3,StopSig,76,3.65,1,1,Pellet,Left,643,1188,453,397489026,0.23,42,nan
8/26/2026 7:25:29,1.17.3,StopSig,76,3.65,nan,1,>Left_Regular_trial,Left,644,1188,453,397523230,nan,nan,nan
8/26/2026 7:25:31,1.17.3,StopSig,76,3.65,nan,1,Right_Regular_(correct),Left,644,1189,453,397524716,nan,nan,nan
8/26/2026 7:25:32,1.17.3,StopSig,76,3.65,1,1,Pellet,Left,644,1189,454,397524716,0.23,35,nan
8/26/2026 7:26:13,1.17.3,StopSig,76,3.65,nan,1,Right_no_left,Left,644,1190,454,397524716,nan,nan,nan
8/26/2026 7:26:15,1.17.3,StopSig,76,3.65,nan,1,Right_no_left,Left,644,1191,454,397567033,nan,nan,nan
8/26/2026 7:26:23,1.17.3,StopSig,76,3.65,nan,1,>Left_Regular_trial,Left,645,1191,454,397577131,nan,nan,nan
8/26/2026 7:26:24,1.17.3,StopSig,76,3.64,nan,1,Right_Regular_(correct),Left,645,1192,454,397578616,nan,nan,nan
8/26/2026 7:26:25,1.17.3,StopSig,76,3.65,1,1,Pellet,Left,645,1192,455,397578616,0.29,54,nan
8/26/2026 7:26:53,1.17.3,StopSig,76,3.65,nan,1,>Left_Regular_trial,Left,646,1192,455,397607300,nan,nan,nan
8/26/2026 7:26:55,1.17.3,StopSig,76,3.65,nan,1,Right_Regular_(correct),Left,646,1193,455,397608942,nan,nan,nan
8/26/2026 7:26:58,1.17.3,StopSig,76,3.65,3,1,Pellet,Left,646,1193,456,397608942,0.06,33,nan
8/26/2026 7:28:07,1.17.3,StopSig,76,3.65,nan,1,Right_no_left,Left,646,1194,456,397608942,nan,nan,nan
8/26/2026 7:28:08,1.17.3,StopSig,76,3.65,nan,1,Right_no_left,Left,646,1195,456,397681306,nan,nan,nan
8/26/2026 7:28:09,1.17.3,StopSig,76,3.65,nan,1,Right_no_left,Left,646,1196,456,397682197,nan,nan,nan
8/26/2026 9:42:05,1.17.3,StopSig,76,3.64,nan,1,Right_no_left,Left,646,1197,456,397683393,nan,nan,nan
8/26/2026 9:45:53,1.17.3,StopSig,76,3.64,nan,1,>Left_Regular_trial,Left,647,1197,456,405947747,nan,nan,nan
8/26/2026 9:45:57,1.17.3,StopSig,76,3.65,nan,1,NoPoke_Regular_(incorrect),Left,647,1197,456,405951315,nan,nan,nan
8/26/2026 9:50:47,1.17.3,StopSig,76,3.64,nan,1,>Left_Regular_trial,Left,648,1197,456,406241039,nan,nan,nan
8/26/2026 9:50:50,1.17.3,StopSig,76,3.64,nan,1,NoPoke_Regular_(incorrect),Left,648,1197,456,406244313,nan,nan,nan
8/26/2026 10:10:20,1.17.3,StopSig,76,3.64,nan,1,>Left_Regular_trial,Left,649,1197,456,407414619,nan,nan,nan
8/26/2026 10:10:24,1.17.3,StopSig,76,3.64,nan,1,NoPoke_Regular_(incorrect),Left,649,1197,456,407418333,nan,nan,nan
8/26/2026 10:47:20,1.17.3,StopSig,76,3.64,nan,1,>Left_Regular_trial,Left,650,1197,456,409634575,nan,nan,nan
8/26/2026 10:47:24,1.17.3,StopSig,76,3.64,nan,1,NoPoke_Regular_(incorrect),Left,650,1197,456,409638439,nan,nan,nan
8/26/2026 11:26:24,1.17.3,StopSig,76,3.64,nan,1,Right_no_left,Left,650,1198,456,409638439,nan,nan,nan
8/26/2026 11:26:26,1.17.3,StopSig,76,3.65,nan,1,Right_no_left,Left,650,1199,456,411979320,nan,nan,nan
8/26/2026 12:24:56,1.17.3,StopSig,76,3.64,nan,1,>Left_Regular_trial,Left,651,1199,456,415490574,nan,nan,nan
8/26/2026 12:25:00,1.17.3,StopSig,76,3.64,nan,1,NoPoke_Regular_(incorrect),Left,651,1199,456,415494736,nan,nan,nan
8/26/2026 12:25:36,1.17.3,StopSig,76,3.64,nan,1,>Left_Regular_trial,Left,652,1199,456,415530413,nan,nan,nan
8/26/2026 12:25:39,1.17.3,StopSig,76,3.64,nan,1,NoPoke_Regular_(incorrect),Left,652,1199,456,415533693,nan,nan,nan
8/26/2026 12:41:28,1.17.3,StopSig,76,3.64,nan,1,>Left_Regular_trial,Left,653,1199,456,416483011,nan,nan,nan
8/26/2026 12:41:29,1.17.3,StopSig,76,3.64,nan,1,Right_Regular_(correct),Left,653,1200,456,416484200,nan,nan,nan
8/26/2026 12:41:31,1.17.3,StopSig,76,3.64,2,1,Pellet,Left,653,1200,457,416484200,0.29,18873,nan
8/26/2026 12:41:53,1.17.3,StopSig,76,3.64,nan,1,>Left_Regular_trial,Left,654,1200,457,416507526,nan,nan,nan
8/26/2026 12:41:54,1.17.3,StopSig,76,3.64,nan,1,Right_Regular_(correct),Left,654,1201,457,416509315,nan,nan,nan
8/26/2026 12:41:56,1.17.3,StopSig,76,3.64,2,1,Pellet,Left,654,1201,458,416509315,0.23,25,nan
8/26/2026 12:42:21,1.17.3,StopSig,76,3.64,nan,1,Right_no_left,Left,654,1202,458,416509315,nan,nan,nan
8/26/2026 12:42:26,1.17.3,StopSig,76,3.64,nan,1,Right_no_left,Left,654,1203,458,416535700,nan,nan,nan
