MM:DD:YYYY hh:mm:ss,Library_Version,Session_type,Device_Number,Battery_Voltage,Motor_Turns,FR,Event,Active_Poke,Left_Poke_Count,Right_Poke_Count,Pellet_Count,Block_Pellet_Count,Retrieval_Time,InterPelletInterval,Poke_Time
9/23/2026 11:42:30,1.17.3,StopSig,62,3.98,nan,1,>Left_Regular_trial,Left,1,0,0,1810822,nan,nan,nan
9/23/2026 11:42:34,1.17.3,StopSig,62,4.00,nan,1,NoPoke_Regular_(incorrect),Left,1,0,0,1814882,nan,nan,nan
9/23/2026 11:44:45,1.17.3,StopSig,62,3.99,nan,1,>Left_Regular_trial,Left,2,0,0,1945873,nan,nan,nan
9/23/2026 11:44:47,1.17.3,StopSig,62,3.99,nan,1,Right_Regular_(correct),Left,2,1,0,1947840,nan,nan,nan
9/23/2026 11:44:51,1.17.3,StopSig,62,3.99,2,1,Pellet,Left,2,1,1,1947840,1.72,nan,nan
9/23/2026 11:45:09,1.17.3,StopSig,62,3.99,nan,1,Right_no_left,Left,2,2,1,1947840,nan,nan,nan
9/23/2026 11:45:18,1.17.3,StopSig,62,4.00,nan,1,>Left_Regular_trial,Left,3,2,1,1979215,nan,nan,nan
9/23/2026 11:45:20,1.17.3,StopSig,62,3.99,nan,1,Right_Regular_(correct),Left,3,3,1,1980755,nan,nan,nan
9/23/2026 11:45:21,1.17.3,StopSig,62,3.99,1,1,Pellet,Left,3,3,2,1980755,0.55,30,nan
9/23/2026 11:46:34,1.17.3,StopSig,62,3.99,nan,1,>Left_Regular_trial,Left,4,3,2,2054614,nan,nan,nan
9/23/2026 11:46:35,1.17.3,StopSig,62,3.99,nan,1,Right_Regular_(correct),Left,4,4,2,2056154,nan,nan,nan
9/23/2026 11:46:37,1.17.3,StopSig,62,3.99,1,1,Pellet,Left,4,4,3,2056154,1.05,76,nan
9/23/2026 11:46:48,1.17.3,StopSig,62,3.99,nan,1,Right_no_left,Left,4,5,3,2056154,nan,nan,nan
9/23/2026 11:46:50,1.17.3,StopSig,62,3.99,nan,1,>Left_Regular_trial,Left,5,5,3,2071087,nan,nan,nan
9/23/2026 11:46:51,1.17.3,StopSig,62,3.98,nan,1,Right_Regular_(correct),Left,5,6,3,2072074,nan,nan,nan
9/23/2026 11:46:52,1.17.3,StopSig,62,3.99,1,1,Pellet,Left,5,6,4,2072074,0.27,15,nan
9/23/2026 11:47:02,1.17.3,StopSig,62,3.99,nan,1,>Left_Regular_trial,Left,6,6,4,2083194,nan,nan,nan
9/23/2026 11:47:03,1.17.3,StopSig,62,3.99,nan,1,Right_Regular_(correct),Left,6,7,4,2084033,nan,nan,nan
9/23/2026 11:47:04,1.17.3,StopSig,62,3.99,1,1,Pellet,Left,6,7,5,2084033,0.83,12,nan
9/23/2026 11:47:12,1.17.3,StopSig,62,3.99,nan,1,>Left_Regular_trial,Left,7,7,5,2093144,nan,nan,nan
9/23/2026 11:47:16,1.17.3,StopSig,62,3.99,nan,1,NoPoke_Regular_(incorrect),Left,7,7,5,2096923,nan,nan,nan
9/23/2026 11:48:50,1.17.3,StopSig,62,4.00,nan,1,>Left_Regular_trial,Left,8,7,5,2191523,nan,nan,nan
9/23/2026 11:48:53,1.17.3,StopSig,62,3.99,nan,1,Right_Regular_(correct),Left,8,8,5,2193765,nan,nan,nan
9/23/2026 11:48:55,1.17.3,StopSig,62,3.94,nan,1,RightDuringDispense,Left,8,9,5,2193765,nan,nan,0.07
9/23/2026 11:49:09,1.17.3,StopSig,62,3.98,2,1,Pellet,Left,8,9,6,2193765,13.53,125,nan
9/23/2026 11:49:20,1.17.3,StopSig,62,3.99,nan,1,Right_no_left,Left,8,10,6,2193765,nan,nan,nan
9/23/2026 11:49:23,1.17.3,StopSig,62,3.99,nan,1,Right_no_left,Left,8,11,6,2221488,nan,nan,nan
9/23/2026 11:49:25,1.17.3,StopSig,62,3.98,nan,1,>Left_Regular_trial,Left,9,11,6,2225978,nan,nan,nan
9/23/2026 11:49:29,1.17.3,StopSig,62,3.99,nan,1,NoPoke_Regular_(incorrect),Left,9,11,6,2229904,nan,nan,nan
9/23/2026 11:53:30,1.17.3,StopSig,62,3.99,nan,1,Right_no_left,Left,9,12,6,2229904,nan,nan,nan
9/23/2026 11:53:43,1.17.3,StopSig,62,3.98,nan,1,>Left_Regular_trial,Left,10,12,6,2483947,nan,nan,nan
9/23/2026 11:53:47,1.17.3,StopSig,62,3.99,nan,1,NoPoke_Regular_(incorrect),Left,10,12,6,2487881,nan,nan,nan
9/23/2026 11:55:59,1.17.3,StopSig,62,3.99,nan,1,>Left_Regular_trial,Left,11,12,6,2620501,nan,nan,nan
9/23/2026 11:56:03,1.17.3,StopSig,62,3.98,nan,1,NoPoke_Regular_(incorrect),Left,11,12,6,2624011,nan,nan,nan
9/23/2026 11:57:43,1.17.3,StopSig,62,3.98,nan,1,Right_no_left,Left,11,13,6,2624011,nan,nan,nan
9/23/2026 11:57:56,1.17.3,StopSig,62,3.99,nan,1,Right_no_left,Left,11,14,6,2724539,nan,nan,nan
9/23/2026 11:57:57,1.17.3,StopSig,62,3.99,nan,1,>Left_Regular_trial,Left,12,14,6,2737872,nan,nan,nan
9/23/2026 11:57:59,1.17.3,StopSig,62,3.99,nan,1,Right_Regular_(correct),Left,12,15,6,2740118,nan,nan,nan
9/23/2026 11:58:19,1.17.3,StopSig,62,3.99,nan,1,LeftWithPellet,Left,13,15,6,2740118,nan,nan,0.06
9/23/2026 11:58:21,1.17.3,StopSig,62,3.98,1,1,Pellet,Left,13,15,7,2740118,21.15,552,nan
9/23/2026 11:58:38,1.17.3,StopSig,62,3.98,nan,1,Right_no_left,Left,13,16,7,2740118,nan,nan,nan
9/23/2026 11:58:40,1.17.3,StopSig,62,3.99,nan,1,>Left_Regular_trial,Left,14,16,7,2780749,nan,nan,nan
9/23/2026 11:58:43,1.17.3,StopSig,62,3.98,nan,1,NoPoke_Regular_(incorrect),Left,14,16,7,2783979,nan,nan,nan
9/23/2026 12:00:57,1.17.3,StopSig,62,3.98,nan,1,>Left_Regular_trial,Left,15,16,7,2918546,nan,nan,nan
9/23/2026 12:01:01,1.17.3,StopSig,62,3.98,nan,1,NoPoke_Regular_(incorrect),Left,15,16,7,2921918,nan,nan,nan
9/23/2026 12:01:50,1.17.3,StopSig,62,3.99,nan,1,Right_no_left,Left,15,17,7,2921918,nan,nan,nan
9/23/2026 12:01:52,1.17.3,StopSig,62,3.98,nan,1,>Left_Regular_trial,Left,16,17,7,2972598,nan,nan,nan
9/23/2026 12:01:55,1.17.3,StopSig,62,3.99,nan,1,NoPoke_Regular_(incorrect),Left,16,17,7,2975966,nan,nan,nan
9/23/2026 12:02:52,1.17.3,StopSig,62,3.98,nan,1,Right_no_left,Left,16,18,7,2975966,nan,nan,nan
9/23/2026 12:02:55,1.17.3,StopSig,62,3.98,nan,1,Right_no_left,Left,16,19,7,3033255,nan,nan,nan
9/23/2026 12:02:59,1.17.3,StopSig,62,3.99,nan,1,Right_no_left,Left,16,20,7,3036354,nan,nan,nan
9/23/2026 12:03:00,1.17.3,StopSig,62,3.98,nan,1,>Left_Regular_trial,Left,17,20,7,3041555,nan,nan,nan
9/23/2026 12:03:01,1.17.3,StopSig,62,3.98,nan,1,Right_Regular_(correct),Left,17,21,7,3042678,nan,nan,nan
9/23/2026 12:03:14,1.17.3,StopSig,62,3.99,1,1,Pellet,Left,17,21,8,3042678,12.02,293,nan
9/23/2026 12:03:32,1.17.3,StopSig,62,3.99,nan,1,Right_no_left,Left,17,22,8,3042678,nan,nan,nan
9/23/2026 12:07:08,1.17.3,StopSig,62,3.98,nan,1,>Left_Regular_trial,Left,18,22,8,3289081,nan,nan,nan
9/23/2026 12:07:12,1.17.3,StopSig,62,3.98,nan,1,NoPoke_Regular_(incorrect),Left,18,22,8,3293022,nan,nan,nan
9/23/2026 12:09:14,1.17.3,StopSig,62,3.99,nan,1,>Left_Regular_trial,Left,19,22,8,3415460,nan,nan,nan
9/23/2026 12:09:18,1.17.3,StopSig,62,3.98,nan,1,NoPoke_Regular_(incorrect),Left,19,22,8,3418979,nan,nan,nan
9/23/2026 12:09:58,1.17.3,StopSig,62,3.98,nan,1,>Left_Regular_trial,Left,20,22,8,3459564,nan,nan,nan
9/23/2026 12:09:59,1.17.3,StopSig,62,3.98,nan,1,Right_Regular_(correct),Left,20,23,8,3460706,nan,nan,nan
9/23/2026 12:10:03,1.17.3,StopSig,62,3.98,nan,1,RightWithPellet,Left,20,24,8,3460706,nan,nan,0.19
9/23/2026 12:10:04,1.17.3,StopSig,62,3.99,1,1,Pellet,Left,20,24,9,3460706,3.47,410,nan
9/23/2026 12:13:33,1.17.3,StopSig,62,3.98,nan,1,>Left_Regular_trial,Left,21,24,9,3674227,nan,nan,nan
9/23/2026 12:13:34,1.17.3,StopSig,62,3.99,nan,1,Right_Regular_(correct),Left,21,25,9,3675210,nan,nan,nan
9/23/2026 12:13:37,1.17.3,StopSig,62,3.98,nan,1,RightWithPellet,Left,21,26,9,3675210,nan,nan,0.64
9/23/2026 12:13:40,1.17.3,StopSig,62,3.99,nan,1,RightWithPellet,Left,21,27,9,3675210,nan,nan,0.12
9/23/2026 12:13:45,1.17.3,StopSig,62,3.98,nan,1,RightWithPellet,Left,21,28,9,3675210,nan,nan,0.01
9/23/2026 12:13:46,1.17.3,StopSig,62,3.98,nan,1,LeftWithPellet,Left,22,28,9,3675210,nan,nan,0.12
9/23/2026 12:13:50,1.17.3,StopSig,62,3.99,nan,1,LeftWithPellet,Left,23,28,9,3675210,nan,nan,0.00
9/23/2026 12:13:52,1.17.3,StopSig,62,3.99,1,1,Pellet,Left,23,28,10,3675210,17.13,228,nan
9/23/2026 12:15:23,1.17.3,StopSig,62,3.98,nan,1,>Left_Regular_trial,Left,24,28,10,3784232,nan,nan,nan
9/23/2026 12:15:25,1.17.3,StopSig,62,3.98,nan,1,Right_Regular_(correct),Left,24,29,10,3785780,nan,nan,nan
9/23/2026 12:17:09,1.17.3,StopSig,62,3.98,nan,1,RightWithPellet,Left,24,30,10,3785780,nan,nan,0.13
9/23/2026 12:19:56,1.17.3,StopSig,62,3.98,nan,1,LeftWithPellet,Left,25,30,10,3785780,nan,nan,0.08
9/23/2026 12:20:35,1.17.3,StopSig,62,3.99,nan,1,RightWithPellet,Left,25,31,10,3785780,nan,nan,0.07
9/23/2026 12:20:55,1.17.3,StopSig,62,3.99,1,1,Pellet,Left,25,31,11,3785780,Timed_out,423,nan
9/23/2026 12:21:57,1.17.3,StopSig,62,3.99,nan,1,Right_no_left,Left,25,32,11,3785780,nan,nan,nan
9/23/2026 12:21:57,1.17.3,StopSig,62,3.98,nan,1,Right_no_left,Left,25,33,11,4178210,nan,nan,nan
9/23/2026 12:21:59,1.17.3,StopSig,62,3.98,nan,1,>Left_Regular_trial,Left,26,33,11,4180038,nan,nan,nan
9/23/2026 12:22:03,1.17.3,StopSig,62,3.98,nan,1,NoPoke_Regular_(incorrect),Left,26,33,11,4183982,nan,nan,nan
9/23/2026 12:24:27,1.17.3,StopSig,62,3.98,nan,1,>Left_Regular_trial,Left,27,33,11,4328162,nan,nan,nan
9/23/2026 12:24:31,1.17.3,StopSig,62,3.98,nan,1,NoPoke_Regular_(incorrect),Left,27,33,11,4331962,nan,nan,nan
9/23/2026 12:25:27,1.17.3,StopSig,62,3.98,nan,1,Right_no_left,Left,27,34,11,4331962,nan,nan,nan
9/23/2026 12:26:06,1.17.3,StopSig,62,3.98,nan,1,Right_no_left,Left,27,35,11,4388885,nan,nan,nan
9/23/2026 12:26:12,1.17.3,StopSig,62,3.98,nan,1,>Left_Regular_trial,Left,28,35,11,4433383,nan,nan,nan
9/23/2026 12:26:14,1.17.3,StopSig,62,3.98,nan,1,Right_Regular_(correct),Left,28,36,11,4434797,nan,nan,nan
9/23/2026 12:26:17,1.17.3,StopSig,62,3.98,nan,1,RightWithPellet,Left,28,37,11,4434797,nan,nan,0.19
9/23/2026 12:26:23,1.17.3,StopSig,62,3.98,nan,1,RightWithPellet,Left,28,38,11,4434797,nan,nan,0.01
9/23/2026 12:26:29,1.17.3,StopSig,62,3.98,1,1,Pellet,Left,28,38,12,4434797,14.85,334,nan
9/23/2026 12:26:56,1.17.3,StopSig,62,3.99,nan,1,>Left_Stop_trial,Left,29,38,12,4476763,nan,nan,nan
9/23/2026 12:26:59,1.17.3,StopSig,62,3.98,nan,1,NoPoke_STOP_(correct),Left,29,38,12,4480032,nan,nan,nan
9/23/2026 12:27:12,1.17.3,StopSig,62,3.98,1,1,Pellet,Left,29,38,13,4480032,12.48,43,nan
9/23/2026 12:27:29,1.17.3,StopSig,62,3.98,nan,1,>Left_Stop_trial,Left,30,38,13,4509932,nan,nan,nan
9/23/2026 12:27:33,1.17.3,StopSig,62,3.98,nan,1,NoPoke_STOP_(correct),Left,30,38,13,4514015,nan,nan,nan
9/23/2026 12:27:37,1.17.3,StopSig,62,3.98,1,1,Pellet,Left,30,38,14,4514015,3.68,25,nan
9/23/2026 12:27:52,1.17.3,StopSig,62,3.99,nan,1,>Left_Stop_trial,Left,31,38,14,4532263,nan,nan,nan
9/23/2026 12:27:55,1.17.3,StopSig,62,3.98,nan,1,NoPoke_STOP_(correct),Left,31,38,14,4535959,nan,nan,nan
9/23/2026 12:27:57,1.17.3,StopSig,62,3.98,nan,1,LeftWithPellet,Left,32,38,14,4535959,nan,nan,0.15
9/23/2026 12:29:30,1.17.3,StopSig,62,3.98,nan,1,LeftWithPellet,Left,33,38,14,4535959,nan,nan,0.08
9/23/2026 12:32:19,1.17.3,StopSig,62,3.98,nan,1,LeftWithPellet,Left,34,38,14,4535959,nan,nan,0.10
9/23/2026 12:33:21,1.17.3,StopSig,62,3.98,nan,1,LeftWithPellet,Left,35,38,14,4535959,nan,nan,0.06
9/23/2026 12:35:13,1.17.3,StopSig,62,3.98,nan,1,LeftWithPellet,Left,36,38,14,4535959,nan,nan,0.12
9/23/2026 12:38:22,1.17.3,StopSig,62,3.98,1,1,Pellet,Left,36,38,15,4535959,Timed_out,645,nan
9/23/2026 12:38:58,1.17.3,StopSig,62,3.98,nan,1,>Left_Stop_trial,Left,37,38,15,5198875,nan,nan,nan
9/23/2026 12:39:02,1.17.3,StopSig,62,3.98,nan,1,NoPoke_STOP_(correct),Left,37,38,15,5202980,nan,nan,nan
9/23/2026 12:39:03,1.17.3,StopSig,62,3.98,1,1,Pellet,Left,37,38,16,5202980,1.05,41,nan
9/23/2026 12:40:01,1.17.3,StopSig,62,3.98,nan,1,Right_no_left,Left,37,39,16,5202980,nan,nan,nan
9/23/2026 12:40:03,1.17.3,StopSig,62,3.98,nan,1,Right_no_left,Left,37,40,16,5262737,nan,nan,nan
9/23/2026 12:40:08,1.17.3,StopSig,62,3.98,nan,1,Right_no_left,Left,37,41,16,5264426,nan,nan,nan
9/23/2026 12:40:12,1.17.3,StopSig,62,3.98,nan,1,Right_no_left,Left,37,42,16,5269074,nan,nan,nan
9/23/2026 12:40:36,1.17.3,StopSig,62,3.98,nan,1,Right_no_left,Left,37,43,16,5273718,nan,nan,nan
9/23/2026 12:40:37,1.17.3,StopSig,62,3.99,nan,1,Right_no_left,Left,37,44,16,5297394,nan,nan,nan
9/23/2026 12:40:38,1.17.3,StopSig,62,3.98,nan,1,Right_no_left,Left,37,45,16,5298096,nan,nan,nan
9/23/2026 12:45:05,1.17.3,StopSig,62,3.98,nan,1,Right_no_left,Left,37,46,16,5299925,nan,nan,nan
9/23/2026 12:46:45,1.17.3,StopSig,62,3.98,nan,1,>Left_Regular_trial,Left,38,46,16,5666520,nan,nan,nan
9/23/2026 12:46:49,1.17.3,StopSig,62,3.98,nan,1,NoPoke_Regular_(incorrect),Left,38,46,16,5670045,nan,nan,nan
9/23/2026 12:48:10,1.17.3,StopSig,62,3.98,nan,1,Right_no_left,Left,38,47,16,5670045,nan,nan,nan
9/23/2026 12:48:14,1.17.3,StopSig,62,3.98,nan,1,Right_no_left,Left,38,48,16,5751959,nan,nan,nan
9/23/2026 12:48:17,1.17.3,StopSig,62,3.98,nan,1,Right_no_left,Left,38,49,16,5755059,nan,nan,nan
9/23/2026 12:48:24,1.17.3,StopSig,62,3.98,nan,1,>Left_Stop_trial,Left,39,49,16,5765214,nan,nan,nan
9/23/2026 12:48:25,1.17.3,StopSig,62,3.98,nan,1,Right_STOP_(incorrect),Left,39,50,16,5765895,nan,nan,nan
9/23/2026 12:48:55,1.17.3,StopSig,62,3.98,nan,1,>Left_Regular_trial,Left,40,50,16,5796206,nan,nan,nan
9/23/2026 12:48:59,1.17.3,StopSig,62,3.98,nan,1,NoPoke_Regular_(incorrect),Left,40,50,16,5800011,nan,nan,nan
9/23/2026 12:50:12,1.17.3,StopSig,62,3.98,nan,1,Right_no_left,Left,40,51,16,5800011,nan,nan,nan
9/23/2026 12:50:28,1.17.3,StopSig,62,3.98,nan,1,>Left_Stop_trial,Left,41,51,16,5889098,nan,nan,nan
9/23/2026 12:50:30,1.17.3,StopSig,62,3.98,nan,1,Right_STOP_(incorrect),Left,41,52,16,5890992,nan,nan,nan
9/23/2026 12:51:01,1.17.3,StopSig,62,3.98,nan,1,>Left_Stop_trial,Left,42,52,16,5921303,nan,nan,nan
9/23/2026 12:51:04,1.17.3,StopSig,62,3.98,nan,1,NoPoke_STOP_(correct),Left,42,52,16,5925011,nan,nan,nan
9/23/2026 12:51:06,1.17.3,StopSig,62,3.98,1,1,Pellet,Left,42,52,17,5925011,2.00,723,nan
9/23/2026 12:52:15,1.17.3,StopSig,62,3.98,nan,1,>Left_Regular_trial,Left,43,52,17,5995940,nan,nan,nan
9/23/2026 12:52:15,1.17.3,StopSig,62,3.98,nan,1,Right_Regular_(correct),Left,43,53,17,5996783,nan,nan,nan
9/23/2026 12:52:17,1.17.3,StopSig,62,3.98,1,1,Pellet,Left,43,53,18,5996783,0.33,70,nan
9/23/2026 12:52:40,1.17.3,StopSig,62,3.98,nan,1,>Left_Regular_trial,Left,44,53,18,6020973,nan,nan,nan
9/23/2026 12:52:44,1.17.3,StopSig,62,3.98,nan,1,NoPoke_Regular_(incorrect),Left,44,53,18,6025060,nan,nan,nan
9/23/2026 12:53:57,1.17.3,StopSig,62,3.98,nan,1,>Left_Regular_trial,Left,45,53,18,6098505,nan,nan,nan
9/23/2026 12:54:01,1.17.3,StopSig,62,3.98,nan,1,NoPoke_Regular_(incorrect),Left,45,53,18,6102028,nan,nan,nan
9/23/2026 12:56:15,1.17.3,StopSig,62,3.98,nan,1,>Left_Regular_trial,Left,46,53,18,6235856,nan,nan,nan
9/23/2026 12:56:18,1.17.3,StopSig,62,3.98,nan,1,NoPoke_Regular_(incorrect),Left,46,53,18,6239098,nan,nan,nan
9/23/2026 12:58:20,1.17.3,StopSig,62,3.98,nan,1,Right_no_left,Left,46,54,18,6239098,nan,nan,nan
9/23/2026 12:58:57,1.17.3,StopSig,62,3.98,nan,1,Right_no_left,Left,46,55,18,6361779,nan,nan,nan
9/23/2026 12:58:58,1.17.3,StopSig,62,3.98,nan,1,Right_no_left,Left,46,56,18,6398172,nan,nan,nan
9/23/2026 12:59:11,1.17.3,StopSig,62,3.98,nan,1,Right_no_left,Left,46,57,18,6399305,nan,nan,nan
9/23/2026 12:59:12,1.17.3,StopSig,62,3.98,nan,1,>Left_Regular_trial,Left,47,57,18,6413575,nan,nan,nan
9/23/2026 12:59:13,1.17.3,StopSig,62,3.98,nan,1,Right_Regular_(correct),Left,47,58,18,6414841,nan,nan,nan
9/23/2026 12:59:15,1.17.3,StopSig,62,3.98,1,1,Pellet,Left,47,58,19,6414841,1.11,419,nan
9/23/2026 12:59:35,1.17.3,StopSig,62,3.98,nan,1,>Left_Regular_trial,Left,48,58,19,6436224,nan,nan,nan
9/23/2026 12:59:36,1.17.3,StopSig,62,3.98,nan,1,Right_Regular_(correct),Left,48,59,19,6437498,nan,nan,nan
9/23/2026 12:59:37,1.17.3,StopSig,62,3.98,2,1,Pellet,Left,48,59,20,6437498,0.05,22,nan
9/23/2026 12:59:53,1.17.3,StopSig,62,3.98,nan,1,>Left_Regular_trial,Left,49,59,20,6453733,nan,nan,nan
9/23/2026 12:59:55,1.17.3,StopSig,62,3.98,nan,1,Right_Regular_(correct),Left,49,60,20,6456413,nan,nan,nan
9/23/2026 12:59:56,1.17.3,StopSig,62,3.98,2,1,Pellet,Left,49,60,21,6456413,0.16,19,nan
9/23/2026 13:00:13,1.17.3,StopSig,62,3.98,nan,1,Right_no_left,Left,49,61,21,6456413,nan,nan,nan
9/23/2026 13:00:15,1.17.3,StopSig,62,3.98,nan,1,Right_no_left,Left,49,62,21,6474212,nan,nan,nan
9/23/2026 13:00:15,1.17.3,StopSig,62,3.98,nan,1,>Left_Regular_trial,Left,50,62,21,6476606,nan,nan,nan
9/23/2026 13:00:16,1.17.3,StopSig,62,3.98,nan,1,Right_Regular_(correct),Left,50,63,21,6477450,nan,nan,nan
9/23/2026 13:00:17,1.17.3,StopSig,62,3.98,1,1,Pellet,Left,50,63,22,6477450,0.33,21,nan
9/23/2026 13:00:36,1.17.3,StopSig,62,3.98,nan,1,>Left_Stop_trial,Left,51,63,22,6496980,nan,nan,nan
9/23/2026 13:00:40,1.17.3,StopSig,62,3.98,nan,1,NoPoke_STOP_(correct),Left,51,63,22,6501023,nan,nan,nan
9/23/2026 13:00:41,1.17.3,StopSig,62,3.98,1,1,Pellet,Left,51,63,23,6501023,0.27,24,nan
9/23/2026 13:01:00,1.17.3,StopSig,62,3.98,nan,1,Right_no_left,Left,51,64,23,6501023,nan,nan,nan
9/23/2026 13:01:01,1.17.3,StopSig,62,3.98,nan,1,Right_no_left,Left,51,65,23,6521417,nan,nan,nan
9/23/2026 13:01:03,1.17.3,StopSig,62,3.98,nan,1,Right_no_left,Left,51,66,23,6522120,nan,nan,nan
9/23/2026 13:01:10,1.17.3,StopSig,62,3.98,nan,1,>Left_Regular_trial,Left,52,66,23,6531285,nan,nan,nan
9/23/2026 13:01:11,1.17.3,StopSig,62,3.98,nan,1,Right_Regular_(correct),Left,52,67,23,6532129,nan,nan,nan
9/23/2026 13:01:12,1.17.3,StopSig,62,3.98,2,1,Pellet,Left,52,67,24,6532129,0.11,31,nan
9/23/2026 13:01:27,1.17.3,StopSig,62,3.98,nan,1,Right_no_left,Left,52,68,24,6532129,nan,nan,nan
9/23/2026 13:01:29,1.17.3,StopSig,62,3.98,nan,1,>Left_Regular_trial,Left,53,68,24,6550017,nan,nan,nan
9/23/2026 13:01:30,1.17.3,StopSig,62,3.98,nan,1,Right_Regular_(correct),Left,53,69,24,6551150,nan,nan,nan
9/23/2026 13:01:31,1.17.3,StopSig,62,3.98,1,1,Pellet,Left,53,69,25,6551150,0.44,19,nan
9/23/2026 13:01:47,1.17.3,StopSig,62,3.98,nan,1,>Left_Regular_trial,Left,54,69,25,6568254,nan,nan,nan
9/23/2026 13:01:51,1.17.3,StopSig,62,3.98,nan,1,NoPoke_Regular_(incorrect),Left,54,69,25,6572059,nan,nan,nan
9/23/2026 13:03:28,1.17.3,StopSig,62,3.98,nan,1,Right_no_left,Left,54,70,25,6572059,nan,nan,nan
9/23/2026 13:06:54,1.17.3,StopSig,62,3.98,nan,1,>Left_Regular_trial,Left,55,70,25,6874906,nan,nan,nan
9/23/2026 13:06:56,1.17.3,StopSig,62,3.98,nan,1,Right_Regular_(correct),Left,55,71,25,6877303,nan,nan,nan
9/23/2026 13:06:58,1.17.3,StopSig,62,3.98,1,1,Pellet,Left,55,71,26,6877303,1.67,327,nan
9/23/2026 13:07:15,1.17.3,StopSig,62,3.98,nan,1,>Left_Regular_trial,Left,56,71,26,6896638,nan,nan,nan
9/23/2026 13:07:19,1.17.3,StopSig,62,3.98,nan,1,NoPoke_Regular_(incorrect),Left,56,71,26,6900160,nan,nan,nan
9/23/2026 13:09:38,1.17.3,StopSig,62,3.98,nan,1,Right_no_left,Left,56,72,26,6900160,nan,nan,nan
9/23/2026 13:09:43,1.17.3,StopSig,62,3.98,nan,1,Right_no_left,Left,56,73,26,7039934,nan,nan,nan
9/23/2026 13:11:18,1.17.3,StopSig,62,3.98,nan,1,>Left_Stop_trial,Left,57,73,26,7139076,nan,nan,nan
9/23/2026 13:11:19,1.17.3,StopSig,62,3.98,nan,1,Right_STOP_(incorrect),Left,57,74,26,7140811,nan,nan,nan
9/23/2026 13:15:24,1.17.3,StopSig,62,3.98,nan,1,>Left_Stop_trial,Left,58,74,26,7385240,nan,nan,nan
9/23/2026 13:15:28,1.17.3,StopSig,62,3.98,nan,1,NoPoke_STOP_(correct),Left,58,74,26,7389181,nan,nan,nan
9/23/2026 13:15:44,1.17.3,StopSig,62,3.98,1,1,Pellet,Left,58,74,27,7389181,15.50,526,nan
9/23/2026 13:19:08,1.17.3,StopSig,62,3.98,nan,1,Right_no_left,Left,58,75,27,7389181,nan,nan,nan
9/23/2026 13:19:11,1.17.3,StopSig,62,3.98,nan,1,>Left_Regular_trial,Left,59,75,27,7612639,nan,nan,nan
9/23/2026 13:19:15,1.17.3,StopSig,62,3.98,nan,1,NoPoke_Regular_(incorrect),Left,59,75,27,7616160,nan,nan,nan
9/23/2026 13:19:57,1.17.3,StopSig,62,3.98,nan,1,>Left_Regular_trial,Left,60,75,27,7657886,nan,nan,nan
9/23/2026 13:20:00,1.17.3,StopSig,62,3.98,nan,1,NoPoke_Regular_(incorrect),Left,60,75,27,7661125,nan,nan,nan
9/23/2026 13:23:42,1.17.3,StopSig,62,3.98,nan,1,Right_no_left,Left,60,76,27,7661125,nan,nan,nan
9/23/2026 13:24:07,1.17.3,StopSig,62,3.98,nan,1,>Left_Regular_trial,Left,61,76,27,7908044,nan,nan,nan
9/23/2026 13:24:11,1.17.3,StopSig,62,3.98,nan,1,NoPoke_Regular_(incorrect),Left,61,76,27,7912129,nan,nan,nan
9/23/2026 13:24:51,1.17.3,StopSig,62,3.98,nan,1,>Left_Regular_trial,Left,62,76,27,7952727,nan,nan,nan
9/23/2026 13:24:55,1.17.3,StopSig,62,3.98,nan,1,NoPoke_Regular_(incorrect),Left,62,76,27,7956110,nan,nan,nan
9/23/2026 13:26:24,1.17.3,StopSig,62,3.98,nan,1,>Left_Stop_trial,Left,63,76,27,8045254,nan,nan,nan
9/23/2026 13:26:28,1.17.3,StopSig,62,3.98,nan,1,NoPoke_STOP_(correct),Left,63,76,27,8049082,nan,nan,nan
9/23/2026 13:26:29,1.17.3,StopSig,62,3.98,1,1,Pellet,Left,63,76,28,8049082,0.22,645,nan
9/23/2026 13:27:06,1.17.3,StopSig,62,3.98,nan,1,>Left_Stop_trial,Left,64,76,28,8086335,nan,nan,nan
9/23/2026 13:27:08,1.17.3,StopSig,62,3.98,nan,1,Right_STOP_(incorrect),Left,64,77,28,8089313,nan,nan,nan
9/23/2026 13:27:39,1.17.3,StopSig,62,3.98,nan,1,>Left_Stop_trial,Left,65,77,28,8119617,nan,nan,nan
9/23/2026 13:27:42,1.17.3,StopSig,62,3.98,nan,1,NoPoke_STOP_(correct),Left,65,77,28,8123095,nan,nan,nan
9/23/2026 13:27:45,1.17.3,StopSig,62,3.98,2,1,Pellet,Left,65,77,29,8123095,0.78,76,nan
9/23/2026 13:33:34,1.17.3,StopSig,62,3.98,nan,1,>Left_Regular_trial,Left,66,77,29,8475082,nan,nan,nan
9/23/2026 13:33:38,1.17.3,StopSig,62,3.98,nan,1,NoPoke_Regular_(incorrect),Left,66,77,29,8479171,nan,nan,nan
9/23/2026 13:34:54,1.17.3,StopSig,62,3.98,nan,1,>Left_Stop_trial,Left,67,77,29,8555171,nan,nan,nan
9/23/2026 13:34:58,1.17.3,StopSig,62,3.98,nan,1,NoPoke_STOP_(correct),Left,67,77,29,8559182,nan,nan,nan
9/23/2026 13:34:59,1.17.3,StopSig,62,3.98,2,1,Pellet,Left,67,77,30,8559182,0.16,434,nan
9/23/2026 13:35:29,1.17.3,StopSig,62,3.98,nan,1,>Left_Regular_trial,Left,68,77,30,8589795,nan,nan,nan
9/23/2026 13:35:32,1.17.3,StopSig,62,3.98,nan,1,NoPoke_Regular_(incorrect),Left,68,77,30,8593179,nan,nan,nan
9/23/2026 13:36:29,1.17.3,StopSig,62,3.98,nan,1,>Left_Regular_trial,Left,69,77,30,8650155,nan,nan,nan
9/23/2026 13:36:30,1.17.3,StopSig,62,3.98,nan,1,Right_Regular_(correct),Left,69,78,30,8651140,nan,nan,nan
9/23/2026 13:36:32,1.17.3,StopSig,62,3.98,1,1,Pellet,Left,69,78,31,8651140,1.67,93,nan
9/23/2026 13:37:55,1.17.3,StopSig,62,3.98,nan,1,>Left_Regular_trial,Left,70,78,31,8735990,nan,nan,nan
9/23/2026 13:37:57,1.17.3,StopSig,62,3.98,nan,1,Right_Regular_(correct),Left,70,79,31,8738805,nan,nan,nan
9/23/2026 13:37:58,1.17.3,StopSig,62,3.98,1,1,Pellet,Left,70,79,32,8738805,0.22,86,nan
9/23/2026 13:38:20,1.17.3,StopSig,62,3.98,nan,1,Right_no_left,Left,70,80,32,8738805,nan,nan,nan
9/23/2026 13:38:21,1.17.3,StopSig,62,3.98,nan,1,Right_no_left,Left,70,81,32,8761425,nan,nan,nan
9/23/2026 13:38:22,1.17.3,StopSig,62,3.98,nan,1,Right_no_left,Left,70,82,32,8762841,nan,nan,nan
9/23/2026 13:38:26,1.17.3,StopSig,62,3.98,nan,1,>Left_Stop_trial,Left,71,82,32,8767214,nan,nan,nan
9/23/2026 13:38:27,1.17.3,StopSig,62,3.97,nan,1,Right_STOP_(incorrect),Left,71,83,32,8768004,nan,nan,nan
9/23/2026 13:38:57,1.17.3,StopSig,62,3.98,nan,1,>Left_Regular_trial,Left,72,83,32,8798309,nan,nan,nan
9/23/2026 13:39:01,1.17.3,StopSig,62,3.98,nan,1,NoPoke_Regular_(incorrect),Left,72,83,32,8802117,nan,nan,nan
9/23/2026 13:42:30,1.17.3,StopSig,62,3.97,nan,1,Right_no_left,Left,72,84,32,8802117,nan,nan,nan
9/23/2026 13:42:31,1.17.3,StopSig,62,3.98,nan,1,>Left_Regular_trial,Left,73,84,32,9012399,nan,nan,nan
9/23/2026 13:42:32,1.17.3,StopSig,62,3.98,nan,1,Right_Regular_(correct),Left,73,85,32,9013102,nan,nan,nan
9/23/2026 13:42:33,1.17.3,StopSig,62,3.98,2,1,Pellet,Left,73,85,33,9013102,0.22,275,nan
9/23/2026 13:43:05,1.17.3,StopSig,62,3.98,nan,1,Right_no_left,Left,73,86,33,9013102,nan,nan,nan
9/23/2026 13:44:08,1.17.3,StopSig,62,3.98,nan,1,>Left_Stop_trial,Left,74,86,33,9108677,nan,nan,nan
9/23/2026 13:44:11,1.17.3,StopSig,62,3.98,nan,1,NoPoke_STOP_(correct),Left,74,86,33,9112231,nan,nan,nan
9/23/2026 13:44:12,1.17.3,StopSig,62,3.98,1,1,Pellet,Left,74,86,34,9112231,0.72,99,nan
9/23/2026 13:51:37,1.17.3,StopSig,62,3.98,nan,1,Right_no_left,Left,74,87,34,9112231,nan,nan,nan
9/23/2026 13:51:40,1.17.3,StopSig,62,3.98,nan,1,Right_no_left,Left,74,88,34,9558343,nan,nan,nan
9/23/2026 13:51:41,1.17.3,StopSig,62,3.98,nan,1,Right_no_left,Left,74,89,34,9561440,nan,nan,nan
9/23/2026 13:51:43,1.17.3,StopSig,62,3.98,nan,1,Right_no_left,Left,74,90,34,9562572,nan,nan,nan
9/23/2026 13:52:25,1.17.3,StopSig,62,3.98,nan,1,Right_no_left,Left,74,91,34,9564260,nan,nan,nan
9/23/2026 13:52:33,1.17.3,StopSig,62,3.97,nan,1,>Left_Stop_trial,Left,75,91,34,9614010,nan,nan,nan
9/23/2026 13:52:33,1.17.3,StopSig,62,3.98,nan,1,Right_STOP_(incorrect),Left,75,92,34,9614832,nan,nan,nan
9/23/2026 13:53:14,1.17.3,StopSig,62,3.98,nan,1,Right_no_left,Left,75,93,34,9614832,nan,nan,nan
9/23/2026 13:53:22,1.17.3,StopSig,62,3.98,nan,1,>Left_Stop_trial,Left,76,93,34,9663053,nan,nan,nan
9/23/2026 13:53:23,1.17.3,StopSig,62,3.98,nan,1,Right_STOP_(incorrect),Left,76,94,34,9664251,nan,nan,nan
9/23/2026 13:54:23,1.17.3,StopSig,62,3.98,nan,1,Right_no_left,Left,76,95,34,9664251,nan,nan,nan
9/23/2026 13:54:32,1.17.3,StopSig,62,3.98,nan,1,Right_no_left,Left,76,96,34,9724302,nan,nan,nan
9/23/2026 13:55:19,1.17.3,StopSig,62,3.98,nan,1,Right_no_left,Left,76,97,34,9733466,nan,nan,nan
9/23/2026 13:58:10,1.17.3,StopSig,62,3.98,nan,1,Right_no_left,Left,76,98,34,9781013,nan,nan,nan
9/23/2026 13:58:12,1.17.3,StopSig,62,3.98,nan,1,>Left_Regular_trial,Left,77,98,34,9953032,nan,nan,nan
9/23/2026 13:58:13,1.17.3,StopSig,62,3.98,nan,1,Right_Regular_(correct),Left,77,99,34,9954158,nan,nan,nan
9/23/2026 13:58:14,1.17.3,StopSig,62,3.98,1,1,Pellet,Left,77,99,35,9954158,0.27,842,nan
9/23/2026 13:58:44,1.17.3,StopSig,62,3.98,nan,1,Right_no_left,Left,77,100,35,9954158,nan,nan,nan
9/23/2026 13:58:47,1.17.3,StopSig,62,3.98,nan,1,Right_no_left,Left,77,101,35,9986015,nan,nan,nan
9/23/2026 13:58:52,1.17.3,StopSig,62,3.98,nan,1,>Left_Stop_trial,Left,78,101,35,9993069,nan,nan,nan
9/23/2026 13:58:53,1.17.3,StopSig,62,3.98,nan,1,Right_STOP_(incorrect),Left,78,102,35,9994609,nan,nan,nan
9/23/2026 13:59:45,1.17.3,StopSig,62,3.97,nan,1,Right_no_left,Left,78,103,35,9994609,nan,nan,nan
9/23/2026 13:59:46,1.17.3,StopSig,62,3.98,nan,1,Right_no_left,Left,78,104,35,10046246,nan,nan,nan
9/23/2026 13:59:49,1.17.3,StopSig,62,3.98,nan,1,Right_no_left,Left,78,105,35,10048087,nan,nan,nan
9/23/2026 13:59:51,1.17.3,StopSig,62,3.97,nan,1,Right_no_left,Left,78,106,35,10050485,nan,nan,nan
9/23/2026 13:59:57,1.17.3,StopSig,62,3.98,nan,1,>Left_Stop_trial,Left,79,106,35,10058255,nan,nan,nan
9/23/2026 13:59:58,1.17.3,StopSig,62,3.98,nan,1,Right_STOP_(incorrect),Left,79,107,35,10059072,nan,nan,nan
9/23/2026 14:00:29,1.17.3,StopSig,62,3.98,nan,1,>Left_Stop_trial,Left,80,107,35,10089376,nan,nan,nan
9/23/2026 14:00:32,1.17.3,StopSig,62,3.98,nan,1,NoPoke_STOP_(correct),Left,80,107,35,10093246,nan,nan,nan
9/23/2026 14:00:33,1.17.3,StopSig,62,3.98,1,1,Pellet,Left,80,107,36,10093246,0.89,139,nan
9/23/2026 14:01:03,1.17.3,StopSig,62,3.98,nan,1,>Left_Stop_trial,Left,81,107,36,10123934,nan,nan,nan
9/23/2026 14:01:06,1.17.3,StopSig,62,3.97,nan,1,NoPoke_STOP_(correct),Left,81,107,36,10127212,nan,nan,nan
9/23/2026 14:01:07,1.17.3,StopSig,62,3.98,2,1,Pellet,Left,81,107,37,10127212,0.22,34,nan
9/23/2026 14:01:41,1.17.3,StopSig,62,3.98,nan,1,>Left_Stop_trial,Left,82,107,37,10161553,nan,nan,nan
9/23/2026 14:01:44,1.17.3,StopSig,62,3.98,nan,1,NoPoke_STOP_(correct),Left,82,107,37,10165185,nan,nan,nan
9/23/2026 14:01:45,1.17.3,StopSig,62,3.98,1,1,Pellet,Left,82,107,38,10165185,0.66,38,nan
9/23/2026 14:07:45,1.17.3,StopSig,62,3.98,nan,1,>Left_Regular_trial,Left,83,107,38,10526185,nan,nan,nan
9/23/2026 14:07:49,1.17.3,StopSig,62,3.98,nan,1,NoPoke_Regular_(incorrect),Left,83,107,38,10530277,nan,nan,nan
9/23/2026 14:08:46,1.17.3,StopSig,62,3.98,nan,1,>Left_Regular_trial,Left,84,107,38,10586866,nan,nan,nan
9/23/2026 14:08:49,1.17.3,StopSig,62,3.97,nan,1,NoPoke_Regular_(incorrect),Left,84,107,38,10590261,nan,nan,nan
9/23/2026 14:09:56,1.17.3,StopSig,62,3.98,nan,1,>Left_Regular_trial,Left,85,107,38,10657427,nan,nan,nan
9/23/2026 14:09:57,1.17.3,StopSig,62,3.98,nan,1,Right_Regular_(correct),Left,85,108,38,10658838,nan,nan,nan
9/23/2026 14:09:58,1.17.3,StopSig,62,3.98,nan,1,RightDuringDispense,Left,85,109,38,10658838,nan,nan,0.06
9/23/2026 14:09:59,1.17.3,StopSig,62,3.98,1,1,Pellet,Left,85,109,39,10658838,0.55,494,nan
9/23/2026 14:10:44,1.17.3,StopSig,62,3.98,nan,1,>Left_Regular_trial,Left,86,109,39,10705845,nan,nan,nan
9/23/2026 14:10:45,1.17.3,StopSig,62,3.98,nan,1,Right_Regular_(correct),Left,86,110,39,10706548,nan,nan,nan
9/23/2026 14:10:46,1.17.3,StopSig,62,3.98,1,1,Pellet,Left,86,110,40,10706548,0.38,47,nan
9/23/2026 14:14:01,1.17.3,StopSig,62,3.97,nan,1,>Left_Regular_trial,Left,87,110,40,10902071,nan,nan,nan
9/23/2026 14:14:05,1.17.3,StopSig,62,3.98,nan,1,NoPoke_Regular_(incorrect),Left,87,110,40,10906303,nan,nan,nan
9/23/2026 14:15:18,1.17.3,StopSig,62,3.98,nan,1,>Left_Stop_trial,Left,88,110,40,10978603,nan,nan,nan
9/23/2026 14:15:21,1.17.3,StopSig,62,3.98,nan,1,NoPoke_STOP_(correct),Left,88,110,40,10982298,nan,nan,nan
9/23/2026 14:15:22,1.17.3,StopSig,62,3.98,1,1,Pellet,Left,88,110,41,10982298,0.27,276,nan
9/23/2026 14:16:00,1.17.3,StopSig,62,3.98,nan,1,Right_no_left,Left,88,111,41,10982298,nan,nan,nan
9/23/2026 14:16:03,1.17.3,StopSig,62,3.98,nan,1,>Left_Regular_trial,Left,89,111,41,11024228,nan,nan,nan
9/23/2026 14:16:04,1.17.3,StopSig,62,3.98,nan,1,Right_Regular_(correct),Left,89,112,41,11025493,nan,nan,nan
9/23/2026 14:16:05,1.17.3,StopSig,62,3.98,1,1,Pellet,Left,89,112,42,11025493,0.22,43,nan
9/23/2026 14:16:36,1.17.3,StopSig,62,3.98,nan,1,>Left_Stop_trial,Left,90,112,42,11056721,nan,nan,nan
9/23/2026 14:16:39,1.17.3,StopSig,62,3.97,nan,1,NoPoke_STOP_(correct),Left,90,112,42,11060256,nan,nan,nan
9/23/2026 14:16:40,1.17.3,StopSig,62,3.97,1,1,Pellet,Left,90,112,43,11060256,0.33,35,nan
9/23/2026 14:17:18,1.17.3,StopSig,62,3.98,nan,1,Right_no_left,Left,90,113,43,11060256,nan,nan,nan
9/23/2026 14:17:20,1.17.3,StopSig,62,3.98,nan,1,>Left_Stop_trial,Left,91,113,43,11101211,nan,nan,nan
9/23/2026 14:17:24,1.17.3,StopSig,62,3.98,nan,1,NoPoke_STOP_(correct),Left,91,113,43,11105258,nan,nan,nan
9/23/2026 14:17:25,1.17.3,StopSig,62,3.98,1,1,Pellet,Left,91,113,44,11105258,0.44,45,nan
9/23/2026 14:18:29,1.17.3,StopSig,62,3.97,nan,1,Right_no_left,Left,91,114,44,11105258,nan,nan,nan
9/23/2026 14:37:10,1.17.3,StopSig,62,3.97,nan,1,>Left_Regular_trial,Left,92,114,44,12290956,nan,nan,nan
9/23/2026 14:37:13,1.17.3,StopSig,62,3.98,nan,1,NoPoke_Regular_(incorrect),Left,92,114,44,12294336,nan,nan,nan
9/23/2026 14:39:36,1.17.3,StopSig,62,3.98,nan,1,>Left_Regular_trial,Left,93,114,44,12437595,nan,nan,nan
9/23/2026 14:39:40,1.17.3,StopSig,62,3.97,nan,1,NoPoke_Regular_(incorrect),Left,93,114,44,12441258,nan,nan,nan
9/23/2026 14:40:32,1.17.3,StopSig,62,3.97,nan,1,>Left_Regular_trial,Left,94,114,44,12493840,nan,nan,nan
9/23/2026 14:40:36,1.17.3,StopSig,62,3.97,nan,1,NoPoke_Regular_(incorrect),Left,94,114,44,12497360,nan,nan,nan
9/23/2026 14:41:44,1.17.3,StopSig,62,3.97,nan,1,>Left_Regular_trial,Left,95,114,44,12565396,nan,nan,nan
9/23/2026 14:41:48,1.17.3,StopSig,62,3.97,nan,1,NoPoke_Regular_(incorrect),Left,95,114,44,12569337,nan,nan,nan
9/23/2026 15:20:23,1.17.3,StopSig,62,3.96,nan,1,>Left_Regular_trial,Left,96,114,44,14884082,nan,nan,nan
9/23/2026 15:20:26,1.17.3,StopSig,62,3.97,nan,1,NoPoke_Regular_(incorrect),Left,96,114,44,14887331,nan,nan,nan
9/23/2026 15:21:02,1.17.3,StopSig,62,3.96,nan,1,>Left_Regular_trial,Left,97,114,44,14923418,nan,nan,nan
9/23/2026 15:21:06,1.17.3,StopSig,62,3.97,nan,1,NoPoke_Regular_(incorrect),Left,97,114,44,14927360,nan,nan,nan
9/23/2026 15:21:46,1.17.3,StopSig,62,3.97,nan,1,>Left_Regular_trial,Left,98,114,44,14967103,nan,nan,nan
9/23/2026 15:21:49,1.17.3,StopSig,62,3.97,nan,1,NoPoke_Regular_(incorrect),Left,98,114,44,14970343,nan,nan,nan
9/23/2026 15:22:21,1.17.3,StopSig,62,3.97,nan,1,>Left_Regular_trial,Left,99,114,44,15002498,nan,nan,nan
9/23/2026 15:22:23,1.17.3,StopSig,62,3.97,nan,1,Right_Regular_(correct),Left,99,115,44,15005035,nan,nan,nan
9/23/2026 15:22:24,1.17.3,StopSig,62,3.97,nan,1,RightDuringDispense,Left,99,116,44,15005035,nan,nan,0.13
9/23/2026 15:22:25,1.17.3,StopSig,62,3.97,1,1,Pellet,Left,99,116,45,15005035,0.44,3900,nan
9/23/2026 15:22:50,1.17.3,StopSig,62,3.97,nan,1,>Left_Stop_trial,Left,100,116,45,15031126,nan,nan,nan
9/23/2026 15:22:53,1.17.3,StopSig,62,3.97,nan,1,NoPoke_STOP_(correct),Left,100,116,45,15034336,nan,nan,nan
9/23/2026 15:22:54,1.17.3,StopSig,62,3.97,1,1,Pellet,Left,100,116,46,15034336,0.44,29,nan
9/23/2026 15:23:18,1.17.3,StopSig,62,3.97,nan,1,Right_no_left,Left,100,117,46,15034336,nan,nan,nan
9/23/2026 15:23:19,1.17.3,StopSig,62,3.97,nan,1,Right_no_left,Left,100,118,46,15059311,nan,nan,nan
9/23/2026 15:23:32,1.17.3,StopSig,62,3.96,nan,1,>Left_Stop_trial,Left,101,118,46,15073443,nan,nan,nan
9/23/2026 15:23:36,1.17.3,StopSig,62,3.97,nan,1,NoPoke_STOP_(correct),Left,101,118,46,15077390,nan,nan,nan
9/23/2026 15:23:40,1.17.3,StopSig,62,3.97,1,1,Pellet,Left,101,118,47,15077390,3.63,46,nan
9/23/2026 15:24:07,1.17.3,StopSig,62,3.98,nan,1,Right_no_left,Left,101,119,47,15077390,nan,nan,nan
9/23/2026 15:24:11,1.17.3,StopSig,62,3.97,nan,1,Right_no_left,Left,101,120,47,15109154,nan,nan,nan
9/23/2026 15:24:15,1.17.3,StopSig,62,3.98,nan,1,Right_no_left,Left,101,121,47,15112549,nan,nan,nan
9/23/2026 15:24:36,1.17.3,StopSig,62,3.97,nan,1,Right_no_left,Left,101,122,47,15116515,nan,nan,nan
9/23/2026 15:24:38,1.17.3,StopSig,62,3.97,nan,1,Right_no_left,Left,101,123,47,15137392,nan,nan,nan
9/23/2026 15:24:39,1.17.3,StopSig,62,3.97,nan,1,Right_no_left,Left,101,124,47,15140075,nan,nan,nan
9/23/2026 15:24:43,1.17.3,StopSig,62,3.97,nan,1,Right_no_left,Left,101,125,47,15140781,nan,nan,nan
9/23/2026 15:24:45,1.17.3,StopSig,62,3.97,nan,1,>Left_Regular_trial,Left,102,125,47,15146144,nan,nan,nan
9/23/2026 15:24:46,1.17.3,StopSig,62,3.97,nan,1,Right_Regular_(correct),Left,102,126,47,15147705,nan,nan,nan
9/23/2026 15:24:48,1.17.3,StopSig,62,3.97,1,1,Pellet,Left,102,126,48,15147705,0.89,68,nan
9/23/2026 15:27:14,1.17.3,StopSig,62,3.97,nan,1,>Left_Regular_trial,Left,103,126,48,15295206,nan,nan,nan
9/23/2026 15:27:15,1.17.3,StopSig,62,3.97,nan,1,Right_Regular_(correct),Left,103,127,48,15296903,nan,nan,nan
9/23/2026 15:27:16,1.17.3,StopSig,62,3.97,1,1,Pellet,Left,103,127,49,15296903,0.44,148,nan
9/23/2026 15:27:47,1.17.3,StopSig,62,3.97,nan,1,Right_no_left,Left,103,128,49,15296903,nan,nan,nan
9/23/2026 15:27:50,1.17.3,StopSig,62,3.97,nan,1,Right_no_left,Left,103,129,49,15329147,nan,nan,nan
9/23/2026 15:27:54,1.17.3,StopSig,62,3.97,nan,1,Right_no_left,Left,103,130,49,15331834,nan,nan,nan
9/23/2026 15:29:00,1.17.3,StopSig,62,3.97,nan,1,Right_no_left,Left,103,131,49,15336216,nan,nan,nan
9/23/2026 15:29:21,1.17.3,StopSig,62,3.97,nan,1,Right_no_left,Left,103,132,49,15401845,nan,nan,nan
9/23/2026 15:30:40,1.17.3,StopSig,62,3.97,nan,1,Right_no_left,Left,103,133,49,15422621,nan,nan,nan
9/23/2026 15:30:43,1.17.3,StopSig,62,3.97,nan,1,Right_no_left,Left,103,134,49,15501810,nan,nan,nan
9/23/2026 15:30:45,1.17.3,StopSig,62,3.97,nan,1,Right_no_left,Left,103,135,49,15504496,nan,nan,nan
9/23/2026 15:30:51,1.17.3,StopSig,62,3.96,nan,1,>Left_Stop_trial,Left,104,135,49,15512273,nan,nan,nan
9/23/2026 15:30:52,1.17.3,StopSig,62,3.96,nan,1,Right_STOP_(incorrect),Left,104,136,49,15513293,nan,nan,nan
9/23/2026 15:31:23,1.17.3,StopSig,62,3.97,nan,1,>Left_Stop_trial,Left,105,136,49,15543606,nan,nan,nan
9/23/2026 15:31:26,1.17.3,StopSig,62,3.97,nan,1,NoPoke_STOP_(correct),Left,105,136,49,15547451,nan,nan,nan
9/23/2026 15:31:27,1.17.3,StopSig,62,3.97,1,1,Pellet,Left,105,136,50,15547451,0.22,251,nan
9/23/2026 15:31:52,1.17.3,StopSig,62,3.97,nan,1,Right_no_left,Left,105,137,50,15547451,nan,nan,nan
9/23/2026 15:31:55,1.17.3,StopSig,62,3.97,nan,1,Right_no_left,Left,105,138,50,15573832,nan,nan,nan
9/23/2026 15:31:57,1.17.3,StopSig,62,3.97,nan,1,>Left_Regular_trial,Left,106,138,50,15578360,nan,nan,nan
9/23/2026 15:31:58,1.17.3,StopSig,62,3.96,nan,1,Right_Regular_(correct),Left,106,139,50,15579219,nan,nan,nan
9/23/2026 15:31:59,1.17.3,StopSig,62,3.97,1,1,Pellet,Left,106,139,51,15579219,0.33,32,nan
9/23/2026 15:33:04,1.17.3,StopSig,62,3.96,nan,1,Right_no_left,Left,106,140,51,15579219,nan,nan,nan
9/23/2026 15:33:20,1.17.3,StopSig,62,3.96,nan,1,Right_no_left,Left,106,141,51,15645613,nan,nan,nan
9/23/2026 15:33:21,1.17.3,StopSig,62,3.97,nan,1,Right_no_left,Left,106,142,51,15662022,nan,nan,nan
9/23/2026 15:33:24,1.17.3,StopSig,62,3.97,nan,1,Right_no_left,Left,106,143,51,15662587,nan,nan,nan
9/23/2026 15:33:34,1.17.3,StopSig,62,3.97,nan,1,>Left_Regular_trial,Left,107,143,51,15675446,nan,nan,nan
9/23/2026 15:33:36,1.17.3,StopSig,62,3.97,nan,1,Right_Regular_(correct),Left,107,144,51,15677282,nan,nan,nan
9/23/2026 15:33:37,1.17.3,StopSig,62,3.97,1,1,Pellet,Left,107,144,52,15677282,0.27,98,nan
9/23/2026 15:34:07,1.17.3,StopSig,62,3.96,nan,1,Right_no_left,Left,107,145,52,15677282,nan,nan,nan
9/23/2026 15:34:08,1.17.3,StopSig,62,3.97,nan,1,>Left_Regular_trial,Left,108,145,52,15709653,nan,nan,nan
9/23/2026 15:34:10,1.17.3,StopSig,62,3.97,nan,1,Right_Regular_(correct),Left,108,146,52,15711350,nan,nan,nan
9/23/2026 15:34:11,1.17.3,StopSig,62,3.97,2,1,Pellet,Left,108,146,53,15711350,0.22,34,nan
9/23/2026 15:34:47,1.17.3,StopSig,62,3.96,nan,1,Right_no_left,Left,108,147,53,15711350,nan,nan,nan
9/23/2026 15:34:50,1.17.3,StopSig,62,3.96,nan,1,Right_no_left,Left,108,148,53,15749046,nan,nan,nan
9/23/2026 15:34:53,1.17.3,StopSig,62,3.96,nan,1,>Left_Regular_trial,Left,109,148,53,15754708,nan,nan,nan
9/23/2026 15:34:54,1.17.3,StopSig,62,3.97,nan,1,Right_Regular_(correct),Left,109,149,53,15755839,nan,nan,nan
9/23/2026 15:34:55,1.17.3,StopSig,62,3.97,1,1,Pellet,Left,109,149,54,15755839,0.39,44,nan
9/23/2026 15:36:28,1.17.3,StopSig,62,3.96,nan,1,Right_no_left,Left,109,150,54,15755839,nan,nan,nan
9/23/2026 15:36:31,1.17.3,StopSig,62,3.97,nan,1,>Left_Regular_trial,Left,110,150,54,15852342,nan,nan,nan
9/23/2026 15:36:35,1.17.3,StopSig,62,3.97,nan,1,NoPoke_Regular_(incorrect),Left,110,150,54,15856446,nan,nan,nan
9/23/2026 15:37:30,1.17.3,StopSig,62,3.97,nan,1,Right_no_left,Left,110,151,54,15856446,nan,nan,nan
9/23/2026 15:37:31,1.17.3,StopSig,62,3.97,nan,1,Right_no_left,Left,110,152,54,15912174,nan,nan,nan
9/23/2026 15:37:34,1.17.3,StopSig,62,3.96,nan,1,>Left_Regular_trial,Left,111,152,54,15915705,nan,nan,nan
9/23/2026 15:37:38,1.17.3,StopSig,62,3.96,nan,1,NoPoke_Regular_(incorrect),Left,111,152,54,15919380,nan,nan,nan
9/23/2026 15:39:59,1.17.3,StopSig,62,3.96,nan,1,>Left_Regular_trial,Left,112,152,54,16060104,nan,nan,nan
9/23/2026 15:40:02,1.17.3,StopSig,62,3.96,nan,1,NoPoke_Regular_(incorrect),Left,112,152,54,16063354,nan,nan,nan
9/23/2026 15:44:16,1.17.3,StopSig,62,3.97,nan,1,Right_no_left,Left,112,153,54,16063354,nan,nan,nan
9/23/2026 15:44:46,1.17.3,StopSig,62,3.97,nan,1,Right_no_left,Left,112,154,54,16318057,nan,nan,nan
9/23/2026 15:44:50,1.17.3,StopSig,62,3.96,nan,1,Right_no_left,Left,112,155,54,16348280,nan,nan,nan
9/23/2026 15:44:58,1.17.3,StopSig,62,3.96,nan,1,>Left_Regular_trial,Left,113,155,54,16359999,nan,nan,nan
9/23/2026 15:45:01,1.17.3,StopSig,62,3.97,nan,1,Right_Regular_(correct),Left,113,156,54,16362823,nan,nan,nan
9/23/2026 15:45:02,1.17.3,StopSig,62,3.97,nan,1,RightDuringDispense,Left,113,157,54,16362823,nan,nan,0.15
9/23/2026 15:45:03,1.17.3,StopSig,62,3.97,1,1,Pellet,Left,113,157,55,16362823,0.16,608,nan
9/23/2026 15:46:07,1.17.3,StopSig,62,3.96,nan,1,>Left_Regular_trial,Left,114,157,55,16428919,nan,nan,nan
9/23/2026 15:46:09,1.17.3,StopSig,62,3.96,nan,1,Right_Regular_(correct),Left,114,158,55,16430331,nan,nan,nan
9/23/2026 15:46:10,1.17.3,StopSig,62,3.96,1,1,Pellet,Left,114,158,56,16430331,0.61,67,nan
9/23/2026 15:46:50,1.17.3,StopSig,62,3.97,nan,1,Right_no_left,Left,114,159,56,16430331,nan,nan,nan
9/23/2026 15:46:54,1.17.3,StopSig,62,3.97,nan,1,Right_no_left,Left,114,160,56,16472296,nan,nan,nan
9/23/2026 15:46:57,1.17.3,StopSig,62,3.96,nan,1,>Left_Regular_trial,Left,115,160,56,16478803,nan,nan,nan
9/23/2026 15:47:01,1.17.3,StopSig,62,3.96,nan,1,NoPoke_Regular_(incorrect),Left,115,160,56,16482478,nan,nan,nan
9/23/2026 15:47:47,1.17.3,StopSig,62,3.96,nan,1,Right_no_left,Left,115,161,56,16482478,nan,nan,nan
9/23/2026 15:47:49,1.17.3,StopSig,62,3.96,nan,1,>Left_Regular_trial,Left,116,161,56,16530597,nan,nan,nan
9/23/2026 15:47:51,1.17.3,StopSig,62,3.96,nan,1,Right_Regular_(correct),Left,116,162,56,16532573,nan,nan,nan
9/23/2026 15:47:52,1.17.3,StopSig,62,3.97,1,1,Pellet,Left,116,162,57,16532573,0.61,102,nan
9/23/2026 16:21:06,1.17.3,StopSig,62,3.96,nan,1,>Left_Regular_trial,Left,117,162,57,18527737,nan,nan,nan
9/23/2026 16:21:10,1.17.3,StopSig,62,3.96,nan,1,NoPoke_Regular_(incorrect),Left,117,162,57,18531549,nan,nan,nan
9/23/2026 16:21:46,1.17.3,StopSig,62,3.96,nan,1,>Left_Regular_trial,Left,118,162,57,18568067,nan,nan,nan
9/23/2026 16:21:50,1.17.3,StopSig,62,3.96,nan,1,NoPoke_Regular_(incorrect),Left,118,162,57,18571457,nan,nan,nan
9/23/2026 16:22:20,1.17.3,StopSig,62,3.96,nan,1,Right_no_left,Left,118,163,57,18571457,nan,nan,nan
9/23/2026 16:22:23,1.17.3,StopSig,62,3.96,nan,1,>Left_Regular_trial,Left,119,163,57,18604326,nan,nan,nan
9/23/2026 16:22:24,1.17.3,StopSig,62,3.96,nan,1,Right_Regular_(correct),Left,119,164,57,18605881,nan,nan,nan
9/23/2026 16:22:25,1.17.3,StopSig,62,3.96,1,1,Pellet,Left,119,164,58,18605881,0.61,2073,nan
9/23/2026 16:23:04,1.17.3,StopSig,62,3.96,nan,1,Right_no_left,Left,119,165,58,18605881,nan,nan,nan
9/23/2026 16:23:06,1.17.3,StopSig,62,3.96,nan,1,>Left_Regular_trial,Left,120,165,58,18647225,nan,nan,nan
9/23/2026 16:23:07,1.17.3,StopSig,62,3.96,nan,1,Right_Regular_(correct),Left,120,166,58,18648498,nan,nan,nan
9/23/2026 16:23:08,1.17.3,StopSig,62,3.96,2,1,Pellet,Left,120,166,59,18648498,0.11,43,nan
9/23/2026 16:23:41,1.17.3,StopSig,62,3.96,nan,1,>Left_Regular_trial,Left,121,166,59,18682488,nan,nan,nan
9/23/2026 16:23:42,1.17.3,StopSig,62,3.96,nan,1,Right_Regular_(correct),Left,121,167,59,18684185,nan,nan,nan
9/23/2026 16:23:43,1.17.3,StopSig,62,3.96,1,1,Pellet,Left,121,167,60,18684185,0.33,35,nan
9/23/2026 16:24:18,1.17.3,StopSig,62,3.96,nan,1,Right_no_left,Left,121,168,60,18684185,nan,nan,nan
9/23/2026 16:24:20,1.17.3,StopSig,62,3.97,nan,1,>Left_Regular_trial,Left,122,168,60,18721916,nan,nan,nan
9/23/2026 16:24:22,1.17.3,StopSig,62,3.96,nan,1,Right_Regular_(correct),Left,122,169,60,18723614,nan,nan,nan
9/23/2026 16:24:25,1.17.3,StopSig,62,3.96,2,1,Pellet,Left,122,169,61,18723614,0.39,42,nan
9/23/2026 16:25:07,1.17.3,StopSig,62,3.96,nan,1,>Left_Stop_trial,Left,123,169,61,18768138,nan,nan,nan
9/23/2026 16:25:10,1.17.3,StopSig,62,3.96,nan,1,NoPoke_STOP_(correct),Left,123,169,61,18771468,nan,nan,nan
9/23/2026 16:25:11,1.17.3,StopSig,62,3.96,1,1,Pellet,Left,123,169,62,18771468,0.44,46,nan
9/23/2026 16:25:49,1.17.3,StopSig,62,3.96,nan,1,>Left_Regular_trial,Left,124,169,62,18811062,nan,nan,nan
9/23/2026 16:25:53,1.17.3,StopSig,62,3.96,nan,1,NoPoke_Regular_(incorrect),Left,124,169,62,18814458,nan,nan,nan
9/23/2026 17:17:06,1.17.3,StopSig,62,3.96,nan,1,>Left_Regular_trial,Left,125,169,62,21887433,nan,nan,nan
9/23/2026 17:17:07,1.17.3,StopSig,62,3.96,nan,1,Right_Regular_(correct),Left,125,170,62,21888705,nan,nan,nan
9/23/2026 17:17:08,1.17.3,StopSig,62,3.96,1,1,Pellet,Left,125,170,63,21888705,0.66,3117,nan
9/23/2026 17:18:31,1.17.3,StopSig,62,3.96,nan,1,>Left_Regular_trial,Left,126,170,63,21972590,nan,nan,nan
9/23/2026 17:18:35,1.17.3,StopSig,62,3.96,nan,1,NoPoke_Regular_(incorrect),Left,126,170,63,21976688,nan,nan,nan
9/23/2026 17:19:08,1.17.3,StopSig,62,3.96,nan,1,>Left_Regular_trial,Left,127,170,63,22009403,nan,nan,nan
9/23/2026 17:19:11,1.17.3,StopSig,62,3.96,nan,1,NoPoke_Regular_(incorrect),Left,127,170,63,22012650,nan,nan,nan
9/23/2026 17:19:49,1.17.3,StopSig,62,3.96,nan,1,>Left_Regular_trial,Left,128,170,63,22050580,nan,nan,nan
9/23/2026 17:19:50,1.17.3,StopSig,62,3.96,nan,1,Right_Regular_(correct),Left,128,171,63,22052135,nan,nan,nan
9/23/2026 17:19:51,1.17.3,StopSig,62,3.96,1,1,Pellet,Left,128,171,64,22052135,0.44,163,nan
9/23/2026 17:20:27,1.17.3,StopSig,62,3.96,nan,1,>Left_Regular_trial,Left,129,171,64,22088640,nan,nan,nan
9/23/2026 17:20:31,1.17.3,StopSig,62,3.96,nan,1,NoPoke_Regular_(incorrect),Left,129,171,64,22092594,nan,nan,nan
9/23/2026 17:21:02,1.17.3,StopSig,62,3.96,nan,1,Right_no_left,Left,129,172,64,22092594,nan,nan,nan
9/23/2026 17:21:03,1.17.3,StopSig,62,3.96,nan,1,Right_no_left,Left,129,173,64,22124464,nan,nan,nan
9/23/2026 17:21:14,1.17.3,StopSig,62,3.96,nan,1,>Left_Stop_trial,Left,130,173,64,22135353,nan,nan,nan
9/23/2026 17:21:15,1.17.3,StopSig,62,3.96,nan,1,Right_STOP_(incorrect),Left,130,174,64,22136883,nan,nan,nan
9/23/2026 17:21:45,1.17.3,StopSig,62,3.96,nan,1,>Left_Regular_trial,Left,131,174,64,22167190,nan,nan,nan
9/23/2026 17:21:47,1.17.3,StopSig,62,3.96,nan,1,Right_Regular_(correct),Left,131,175,64,22169306,nan,nan,nan
9/23/2026 17:21:49,1.17.3,StopSig,62,3.96,1,1,Pellet,Left,131,175,65,22169306,0.44,118,nan
9/23/2026 17:22:18,1.17.3,StopSig,62,3.96,nan,1,>Left_Regular_trial,Left,132,175,65,22199996,nan,nan,nan
9/23/2026 17:22:22,1.17.3,StopSig,62,3.96,nan,1,NoPoke_Regular_(incorrect),Left,132,175,65,22203671,nan,nan,nan
9/23/2026 17:22:54,1.17.3,StopSig,62,3.96,nan,1,>Left_Regular_trial,Left,133,175,65,22235250,nan,nan,nan
9/23/2026 17:22:57,1.17.3,StopSig,62,3.96,nan,1,NoPoke_Regular_(incorrect),Left,133,175,65,22238643,nan,nan,nan
9/23/2026 17:24:55,1.17.3,StopSig,62,3.96,nan,1,>Left_Regular_trial,Left,134,175,65,22357135,nan,nan,nan
9/23/2026 17:24:57,1.17.3,StopSig,62,3.96,nan,1,Right_Regular_(correct),Left,134,176,65,22359119,nan,nan,nan
9/23/2026 17:24:58,1.17.3,StopSig,62,3.96,1,1,Pellet,Left,134,176,66,22359119,0.39,189,nan
9/23/2026 17:25:36,1.17.3,StopSig,62,3.96,nan,1,Right_no_left,Left,134,177,66,22359119,nan,nan,nan
9/23/2026 17:25:37,1.17.3,StopSig,62,3.96,nan,1,Right_no_left,Left,134,178,66,22397641,nan,nan,nan
9/23/2026 17:25:40,1.17.3,StopSig,62,3.96,nan,1,Right_no_left,Left,134,179,66,22399477,nan,nan,nan
9/23/2026 17:25:43,1.17.3,StopSig,62,3.96,nan,1,Right_no_left,Left,134,180,66,22402452,nan,nan,nan
9/23/2026 17:25:43,1.17.3,StopSig,62,3.96,nan,1,Right_no_left,Left,134,181,66,22404855,nan,nan,nan
9/23/2026 17:25:47,1.17.3,StopSig,62,3.96,nan,1,Right_no_left,Left,134,182,66,22405420,nan,nan,nan
9/23/2026 17:25:48,1.17.3,StopSig,62,3.96,nan,1,>Left_Regular_trial,Left,135,182,66,22410226,nan,nan,nan
9/23/2026 17:25:50,1.17.3,StopSig,62,3.96,nan,1,Right_Regular_(correct),Left,135,183,66,22411641,nan,nan,nan
9/23/2026 17:25:51,1.17.3,StopSig,62,3.96,2,1,Pellet,Left,135,183,67,22411641,0.22,53,nan
9/23/2026 17:26:23,1.17.3,StopSig,62,3.96,nan,1,>Left_Regular_trial,Left,136,183,67,22444843,nan,nan,nan
9/23/2026 17:26:25,1.17.3,StopSig,62,3.96,nan,1,Right_Regular_(correct),Left,136,184,67,22446823,nan,nan,nan
9/23/2026 17:26:28,1.17.3,StopSig,62,3.96,2,1,Pellet,Left,136,184,68,22446823,0.44,37,nan
9/23/2026 17:26:57,1.17.3,StopSig,62,3.96,nan,1,>Left_Regular_trial,Left,137,184,68,22478457,nan,nan,nan
9/23/2026 17:27:01,1.17.3,StopSig,62,3.96,nan,1,NoPoke_Regular_(incorrect),Left,137,184,68,22482564,nan,nan,nan
9/23/2026 17:28:04,1.17.3,StopSig,62,3.96,nan,1,>Left_Regular_trial,Left,138,184,68,22545663,nan,nan,nan
9/23/2026 17:28:08,1.17.3,StopSig,62,3.96,nan,1,NoPoke_Regular_(incorrect),Left,138,184,68,22549626,nan,nan,nan
9/23/2026 17:28:38,1.17.3,StopSig,62,3.96,nan,1,>Left_Regular_trial,Left,139,184,68,22579933,nan,nan,nan
9/23/2026 17:28:40,1.17.3,StopSig,62,3.96,nan,1,Right_Regular_(correct),Left,139,185,68,22581772,nan,nan,nan
9/23/2026 17:28:41,1.17.3,StopSig,62,3.96,1,1,Pellet,Left,139,185,69,22581772,0.16,133,nan
9/23/2026 17:29:31,1.17.3,StopSig,62,3.96,nan,1,>Left_Regular_trial,Left,140,185,69,22632806,nan,nan,nan
9/23/2026 17:29:35,1.17.3,StopSig,62,3.96,nan,1,NoPoke_Regular_(incorrect),Left,140,185,69,22636625,nan,nan,nan
9/23/2026 17:30:53,1.17.3,StopSig,62,3.96,nan,1,>Left_Regular_trial,Left,141,185,69,22715015,nan,nan,nan
9/23/2026 17:30:57,1.17.3,StopSig,62,3.96,nan,1,NoPoke_Regular_(incorrect),Left,141,185,69,22718689,nan,nan,nan
9/23/2026 17:49:18,1.17.3,StopSig,62,3.96,nan,1,Right_no_left,Left,141,186,69,22718689,nan,nan,nan
9/23/2026 17:49:28,1.17.3,StopSig,62,3.95,nan,1,>Left_Stop_trial,Left,142,186,69,23829704,nan,nan,nan
9/23/2026 17:49:32,1.17.3,StopSig,62,3.96,nan,1,NoPoke_STOP_(correct),Left,142,186,69,23833624,nan,nan,nan
9/23/2026 17:49:33,1.17.3,StopSig,62,3.96,1,1,Pellet,Left,142,186,70,23833624,0.61,1252,nan
9/23/2026 17:50:02,1.17.3,StopSig,62,3.96,nan,1,>Left_Regular_trial,Left,143,186,70,23864293,nan,nan,nan
9/23/2026 17:50:06,1.17.3,StopSig,62,3.96,nan,1,NoPoke_Regular_(incorrect),Left,143,186,70,23867691,nan,nan,nan
9/23/2026 17:51:33,1.17.3,StopSig,62,3.96,nan,1,Right_no_left,Left,143,187,70,23867691,nan,nan,nan
9/23/2026 17:51:34,1.17.3,StopSig,62,3.96,nan,1,Right_no_left,Left,143,188,70,23954663,nan,nan,nan
9/23/2026 17:53:13,1.17.3,StopSig,62,3.96,nan,1,>Left_Regular_trial,Left,144,188,70,24054727,nan,nan,nan
9/23/2026 17:53:15,1.17.3,StopSig,62,3.96,nan,1,Right_Regular_(correct),Left,144,189,70,24057129,nan,nan,nan
9/23/2026 17:53:16,1.17.3,StopSig,62,3.95,1,1,Pellet,Left,144,189,71,24057129,0.33,223,nan
9/23/2026 17:53:40,1.17.3,StopSig,62,3.95,nan,1,>Left_Regular_trial,Left,145,189,71,24082015,nan,nan,nan
9/23/2026 17:53:44,1.17.3,StopSig,62,3.96,nan,1,NoPoke_Regular_(incorrect),Left,145,189,71,24085687,nan,nan,nan
9/23/2026 17:54:18,1.17.3,StopSig,62,3.95,nan,1,Right_no_left,Left,145,190,71,24085687,nan,nan,nan
9/23/2026 17:54:19,1.17.3,StopSig,62,3.96,nan,1,Right_no_left,Left,145,191,71,24120233,nan,nan,nan
9/23/2026 17:54:25,1.17.3,StopSig,62,3.96,nan,1,Right_no_left,Left,145,192,71,24121362,nan,nan,nan
9/23/2026 17:54:31,1.17.3,StopSig,62,3.96,nan,1,Right_no_left,Left,145,193,71,24126720,nan,nan,nan
9/23/2026 17:54:32,1.17.3,StopSig,62,3.96,nan,1,Right_no_left,Left,145,194,71,24133212,nan,nan,nan
9/23/2026 17:54:35,1.17.3,StopSig,62,3.96,nan,1,>Left_Regular_trial,Left,146,194,71,24136457,nan,nan,nan
9/23/2026 17:54:35,1.17.3,StopSig,62,3.96,nan,1,Right_Regular_(correct),Left,146,195,71,24137445,nan,nan,nan
9/23/2026 17:54:37,1.17.3,StopSig,62,3.96,2,1,Pellet,Left,146,195,72,24137445,0.22,81,nan
9/23/2026 17:55:09,1.17.3,StopSig,62,3.95,nan,1,>Left_Stop_trial,Left,147,195,72,24170765,nan,nan,nan
9/23/2026 17:55:12,1.17.3,StopSig,62,3.96,nan,1,Right_STOP_(incorrect),Left,147,196,72,24174338,nan,nan,nan
9/23/2026 17:55:43,1.17.3,StopSig,62,3.96,nan,1,>Left_Stop_trial,Left,148,196,72,24204646,nan,nan,nan
9/23/2026 17:55:44,1.17.3,StopSig,62,3.95,nan,1,Right_STOP_(incorrect),Left,148,197,72,24206208,nan,nan,nan
9/23/2026 17:56:15,1.17.3,StopSig,62,3.96,nan,1,>Left_Regular_trial,Left,149,197,72,24236522,nan,nan,nan
9/23/2026 17:56:17,1.17.3,StopSig,62,3.95,nan,1,Right_Regular_(correct),Left,149,198,72,24238782,nan,nan,nan
9/23/2026 17:56:18,1.17.3,StopSig,62,3.96,1,1,Pellet,Left,149,198,73,24238782,0.11,101,nan
9/23/2026 17:56:43,1.17.3,StopSig,62,3.95,nan,1,Right_no_left,Left,149,199,73,24238782,nan,nan,nan
9/23/2026 17:56:44,1.17.3,StopSig,62,3.96,nan,1,Right_no_left,Left,149,200,73,24265156,nan,nan,nan
9/23/2026 17:56:46,1.17.3,StopSig,62,3.96,nan,1,Right_no_left,Left,149,201,73,24266569,nan,nan,nan
9/23/2026 17:56:47,1.17.3,StopSig,62,3.96,nan,1,Right_no_left,Left,149,202,73,24268549,nan,nan,nan
9/23/2026 17:56:49,1.17.3,StopSig,62,3.95,nan,1,>Left_Stop_trial,Left,150,202,73,24270246,nan,nan,nan
9/23/2026 17:56:49,1.17.3,StopSig,62,3.96,nan,1,Right_STOP_(incorrect),Left,150,203,73,24271260,nan,nan,nan
9/23/2026 17:57:20,1.17.3,StopSig,62,3.95,nan,1,>Left_Regular_trial,Left,151,203,73,24301573,nan,nan,nan
9/23/2026 17:57:20,1.17.3,StopSig,62,3.95,nan,1,Right_Regular_(correct),Left,151,204,73,24302279,nan,nan,nan
9/23/2026 17:57:21,1.17.3,StopSig,62,3.96,1,1,Pellet,Left,151,204,74,24302279,0.55,63,nan
9/23/2026 17:57:58,1.17.3,StopSig,62,3.96,nan,1,Right_no_left,Left,151,205,74,24302279,nan,nan,nan
9/23/2026 17:58:03,1.17.3,StopSig,62,3.96,nan,1,Right_no_left,Left,151,206,74,24340287,nan,nan,nan
9/23/2026 17:58:04,1.17.3,StopSig,62,3.95,nan,1,Right_no_left,Left,151,207,74,24345515,nan,nan,nan
9/23/2026 17:58:07,1.17.3,StopSig,62,3.96,nan,1,>Left_Regular_trial,Left,152,207,74,24349053,nan,nan,nan
9/23/2026 17:58:09,1.17.3,StopSig,62,3.96,nan,1,Right_Regular_(correct),Left,152,208,74,24350891,nan,nan,nan
9/23/2026 17:58:10,1.17.3,StopSig,62,3.96,1,1,Pellet,Left,152,208,75,24350891,0.22,49,nan
9/23/2026 17:58:44,1.17.3,StopSig,62,3.95,nan,1,>Left_Stop_trial,Left,153,208,75,24385433,nan,nan,nan
9/23/2026 17:58:45,1.17.3,StopSig,62,3.96,nan,1,Right_STOP_(incorrect),Left,153,209,75,24386659,nan,nan,nan
9/23/2026 17:59:16,1.17.3,StopSig,62,3.96,nan,1,>Left_Stop_trial,Left,154,209,75,24416973,nan,nan,nan
9/23/2026 17:59:19,1.17.3,StopSig,62,3.96,nan,1,NoPoke_STOP_(correct),Left,154,209,75,24420766,nan,nan,nan
9/23/2026 17:59:20,1.17.3,StopSig,62,3.96,1,1,Pellet,Left,154,209,76,24420766,0.38,70,nan
9/23/2026 17:59:47,1.17.3,StopSig,62,3.96,nan,1,>Left_Regular_trial,Left,155,209,76,24448347,nan,nan,nan
9/23/2026 17:59:50,1.17.3,StopSig,62,3.96,nan,1,NoPoke_Regular_(incorrect),Left,155,209,76,24451749,nan,nan,nan
9/23/2026 18:00:40,1.17.3,StopSig,62,3.96,nan,1,>Left_Regular_trial,Left,156,209,76,24501880,nan,nan,nan
9/23/2026 18:00:44,1.17.3,StopSig,62,3.95,nan,1,NoPoke_Regular_(incorrect),Left,156,209,76,24505703,nan,nan,nan
9/23/2026 18:02:18,1.17.3,StopSig,62,3.96,nan,1,Right_no_left,Left,156,210,76,24505703,nan,nan,nan
9/23/2026 18:02:19,1.17.3,StopSig,62,3.96,nan,1,>Left_Regular_trial,Left,157,210,76,24601118,nan,nan,nan
9/23/2026 18:02:20,1.17.3,StopSig,62,3.96,nan,1,Right_Regular_(correct),Left,157,211,76,24602397,nan,nan,nan
9/23/2026 18:02:21,1.17.3,StopSig,62,3.96,1,1,Pellet,Left,157,211,77,24602397,0.27,181,nan
9/23/2026 18:02:46,1.17.3,StopSig,62,3.95,nan,1,>Left_Stop_trial,Left,158,211,77,24627512,nan,nan,nan
9/23/2026 18:02:50,1.17.3,StopSig,62,3.95,nan,1,NoPoke_STOP_(correct),Left,158,211,77,24631706,nan,nan,nan
9/23/2026 18:02:51,1.17.3,StopSig,62,3.96,1,1,Pellet,Left,158,211,78,24631706,0.33,30,nan
9/23/2026 18:03:25,1.17.3,StopSig,62,3.96,nan,1,>Left_Stop_trial,Left,159,211,78,24666409,nan,nan,nan
9/23/2026 18:03:28,1.17.3,StopSig,62,3.96,nan,1,NoPoke_STOP_(correct),Left,159,211,78,24669753,nan,nan,nan
9/23/2026 18:03:31,1.17.3,StopSig,62,3.95,1,1,Pellet,Left,159,211,79,24669753,2.79,40,nan
9/23/2026 18:04:24,1.17.3,StopSig,62,3.95,nan,1,Right_no_left,Left,159,212,79,24669753,nan,nan,nan
9/23/2026 18:04:25,1.17.3,StopSig,62,3.96,nan,1,Right_no_left,Left,159,213,79,24726034,nan,nan,nan
9/23/2026 18:04:26,1.17.3,StopSig,62,3.96,nan,1,Right_no_left,Left,159,214,79,24727172,nan,nan,nan
9/23/2026 18:04:27,1.17.3,StopSig,62,3.96,nan,1,Right_no_left,Left,159,215,79,24728302,nan,nan,nan
9/23/2026 18:04:30,1.17.3,StopSig,62,3.96,nan,1,>Left_Regular_trial,Left,160,215,79,24732262,nan,nan,nan
9/23/2026 18:04:34,1.17.3,StopSig,62,3.95,nan,1,NoPoke_Regular_(incorrect),Left,160,215,79,24735656,nan,nan,nan
9/23/2026 18:05:14,1.17.3,StopSig,62,3.96,nan,1,>Left_Stop_trial,Left,161,215,79,24776008,nan,nan,nan
9/23/2026 18:05:18,1.17.3,StopSig,62,3.96,nan,1,NoPoke_STOP_(correct),Left,161,215,79,24779726,nan,nan,nan
9/23/2026 18:05:19,1.17.3,StopSig,62,3.96,1,1,Pellet,Left,161,215,80,24779726,0.33,108,nan
9/23/2026 18:46:08,1.17.3,StopSig,62,3.95,nan,1,Right_no_left,Left,161,216,80,24779726,nan,nan,nan
9/23/2026 18:46:10,1.17.3,StopSig,62,3.95,nan,1,Right_no_left,Left,161,217,80,27230224,nan,nan,nan
9/23/2026 18:46:11,1.17.3,StopSig,62,3.96,nan,1,Right_no_left,Left,161,218,80,27231922,nan,nan,nan
9/23/2026 18:46:12,1.17.3,StopSig,62,3.95,nan,1,Right_no_left,Left,161,219,80,27232918,nan,nan,nan
9/23/2026 18:46:15,1.17.3,StopSig,62,3.95,nan,1,Right_no_left,Left,161,220,80,27233766,nan,nan,nan
9/23/2026 18:46:17,1.17.3,StopSig,62,3.95,nan,1,>Left_Regular_trial,Left,162,220,80,27239284,nan,nan,nan
9/23/2026 18:46:20,1.17.3,StopSig,62,3.95,nan,1,Right_Regular_(correct),Left,162,221,80,27242117,nan,nan,nan
9/23/2026 18:46:21,1.17.3,StopSig,62,3.95,nan,1,RightDuringDispense,Left,162,222,80,27242117,nan,nan,0.17
9/23/2026 18:46:22,1.17.3,StopSig,62,3.95,1,1,Pellet,Left,162,222,81,27242117,0.33,2463,nan
9/23/2026 18:46:48,1.17.3,StopSig,62,3.96,nan,1,>Left_Regular_trial,Left,163,222,81,27269693,nan,nan,nan
9/23/2026 18:46:49,1.17.3,StopSig,62,3.95,nan,1,Right_Regular_(correct),Left,163,223,81,27271391,nan,nan,nan
9/23/2026 18:46:50,1.17.3,StopSig,62,3.95,1,1,Pellet,Left,163,223,82,27271391,0.39,28,nan
9/23/2026 18:47:16,1.17.3,StopSig,62,3.95,nan,1,Right_no_left,Left,163,224,82,27271391,nan,nan,nan
9/23/2026 18:47:24,1.17.3,StopSig,62,3.95,nan,1,Right_no_left,Left,163,225,82,27297833,nan,nan,nan
9/23/2026 18:47:28,1.17.3,StopSig,62,3.95,nan,1,>Left_Regular_trial,Left,164,225,82,27310006,nan,nan,nan
9/23/2026 18:47:29,1.17.3,StopSig,62,3.95,nan,1,Right_Regular_(correct),Left,164,226,82,27310996,nan,nan,nan
9/23/2026 18:47:29,1.17.3,StopSig,62,3.95,nan,1,RightDuringDispense,Left,164,227,82,27310996,nan,nan,0.02
9/23/2026 18:47:30,1.17.3,StopSig,62,3.95,1,1,Pellet,Left,164,227,83,27310996,0.39,40,nan
9/23/2026 18:47:50,1.17.3,StopSig,62,3.95,nan,1,Right_no_left,Left,164,228,83,27310996,nan,nan,nan
9/23/2026 18:47:51,1.17.3,StopSig,62,3.95,nan,1,Right_no_left,Left,164,229,83,27332429,nan,nan,nan
9/23/2026 18:47:53,1.17.3,StopSig,62,3.95,nan,1,>Left_Stop_trial,Left,165,229,83,27334269,nan,nan,nan
9/23/2026 18:47:54,1.17.3,StopSig,62,3.96,nan,1,Right_STOP_(incorrect),Left,165,230,83,27335704,nan,nan,nan
9/23/2026 18:48:24,1.17.3,StopSig,62,3.95,nan,1,>Left_Regular_trial,Left,166,230,83,27366012,nan,nan,nan
9/23/2026 18:48:28,1.17.3,StopSig,62,3.95,nan,1,NoPoke_Regular_(incorrect),Left,166,230,83,27369844,nan,nan,nan
9/23/2026 18:49:19,1.17.3,StopSig,62,3.95,nan,1,Right_no_left,Left,166,231,83,27369844,nan,nan,nan
9/23/2026 18:49:23,1.17.3,StopSig,62,3.95,nan,1,Right_no_left,Left,166,232,83,27420836,nan,nan,nan
9/23/2026 18:49:24,1.17.3,StopSig,62,3.95,nan,1,Right_no_left,Left,166,233,83,27425223,nan,nan,nan
9/23/2026 18:49:27,1.17.3,StopSig,62,3.96,nan,1,>Left_Regular_trial,Left,167,233,83,27429048,nan,nan,nan
9/23/2026 18:49:28,1.17.3,StopSig,62,3.95,nan,1,Right_Regular_(correct),Left,167,234,83,27430328,nan,nan,nan
9/23/2026 18:49:30,1.17.3,StopSig,62,3.95,1,1,Pellet,Left,167,234,84,27430328,0.61,120,nan
9/23/2026 18:50:01,1.17.3,StopSig,62,3.95,nan,1,Right_no_left,Left,167,235,84,27430328,nan,nan,nan
9/23/2026 18:50:09,1.17.3,StopSig,62,3.95,nan,1,Right_no_left,Left,167,236,84,27462757,nan,nan,nan
9/23/2026 18:50:11,1.17.3,StopSig,62,3.95,nan,1,>Left_Regular_trial,Left,168,236,84,27472668,nan,nan,nan
9/23/2026 18:50:12,1.17.3,StopSig,62,3.95,nan,1,Right_Regular_(correct),Left,168,237,84,27474233,nan,nan,nan
9/23/2026 18:50:13,1.17.3,StopSig,62,3.95,1,1,Pellet,Left,168,237,85,27474233,0.44,43,nan
9/23/2026 18:50:37,1.17.3,StopSig,62,3.96,nan,1,>Left_Regular_trial,Left,169,237,85,27499082,nan,nan,nan
9/23/2026 18:50:41,1.17.3,StopSig,62,3.95,nan,1,NoPoke_Regular_(incorrect),Left,169,237,85,27502764,nan,nan,nan
9/23/2026 18:51:18,1.17.3,StopSig,62,3.95,nan,1,>Left_Regular_trial,Left,170,237,85,27540017,nan,nan,nan
9/23/2026 18:51:20,1.17.3,StopSig,62,3.95,nan,1,Right_Regular_(correct),Left,170,238,85,27541579,nan,nan,nan
9/23/2026 18:51:21,1.17.3,StopSig,62,3.95,2,1,Pellet,Left,170,238,86,27541579,0.27,68,nan
9/23/2026 18:51:46,1.17.3,StopSig,62,3.95,nan,1,>Left_Stop_trial,Left,171,238,86,27567065,nan,nan,nan
9/23/2026 18:51:46,1.17.3,StopSig,62,3.94,nan,1,Right_STOP_(incorrect),Left,171,239,86,27568471,nan,nan,nan
9/23/2026 19:09:51,1.17.3,StopSig,62,3.95,nan,1,>Left_Stop_trial,Left,172,239,86,28652440,nan,nan,nan
9/23/2026 19:09:54,1.17.3,StopSig,62,3.95,nan,1,NoPoke_STOP_(correct),Left,172,239,86,28655842,nan,nan,nan
9/23/2026 19:09:56,1.17.3,StopSig,62,3.94,1,1,Pellet,Left,172,239,87,28655842,1.61,1115,nan
9/23/2026 19:14:45,1.17.3,StopSig,62,3.95,nan,1,>Left_Regular_trial,Left,173,239,87,28947427,nan,nan,nan
9/23/2026 19:14:49,1.17.3,StopSig,62,3.95,nan,1,NoPoke_Regular_(incorrect),Left,173,239,87,28950818,nan,nan,nan
9/23/2026 19:15:28,1.17.3,StopSig,62,3.94,nan,1,>Left_Regular_trial,Left,174,239,87,28989892,nan,nan,nan
9/23/2026 19:15:32,1.17.3,StopSig,62,3.94,nan,1,NoPoke_Regular_(incorrect),Left,174,239,87,28993857,nan,nan,nan
9/23/2026 19:16:52,1.17.3,StopSig,62,3.95,nan,1,>Left_Regular_trial,Left,175,239,87,29073789,nan,nan,nan
9/23/2026 19:16:56,1.17.3,StopSig,62,3.95,nan,1,NoPoke_Regular_(incorrect),Left,175,239,87,29077891,nan,nan,nan
9/23/2026 19:18:45,1.17.3,StopSig,62,3.95,nan,1,Right_no_left,Left,175,240,87,29077891,nan,nan,nan
9/23/2026 19:18:46,1.17.3,StopSig,62,3.95,nan,1,Right_no_left,Left,175,241,87,29187524,nan,nan,nan
9/23/2026 19:18:47,1.17.3,StopSig,62,3.95,nan,1,Right_no_left,Left,175,242,87,29188661,nan,nan,nan
9/23/2026 19:20:00,1.17.3,StopSig,62,3.95,nan,1,Right_no_left,Left,175,243,87,29189226,nan,nan,nan
9/23/2026 19:20:06,1.17.3,StopSig,62,3.95,nan,1,Right_no_left,Left,175,244,87,29262030,nan,nan,nan
9/23/2026 19:21:24,1.17.3,StopSig,62,3.95,nan,1,Right_no_left,Left,175,245,87,29267972,nan,nan,nan
9/23/2026 19:21:26,1.17.3,StopSig,62,3.95,nan,1,Right_no_left,Left,175,246,87,29346730,nan,nan,nan
9/23/2026 19:21:29,1.17.3,StopSig,62,3.94,nan,1,>Left_Regular_trial,Left,176,246,87,29350695,nan,nan,nan
9/23/2026 19:21:29,1.17.3,StopSig,62,3.95,nan,1,Right_Regular_(correct),Left,176,247,87,29351260,nan,nan,nan
9/23/2026 19:21:32,1.17.3,StopSig,62,3.95,1,1,Pellet,Left,176,247,88,29351260,2.06,696,nan
9/23/2026 19:25:05,1.17.3,StopSig,62,3.95,nan,1,Right_no_left,Left,176,248,88,29351260,nan,nan,nan
9/23/2026 19:25:06,1.17.3,StopSig,62,3.94,nan,1,Right_no_left,Left,176,249,88,29566917,nan,nan,nan
9/23/2026 19:25:08,1.17.3,StopSig,62,3.95,nan,1,Right_no_left,Left,176,250,88,29568765,nan,nan,nan
9/23/2026 19:25:13,1.17.3,StopSig,62,3.95,nan,1,Right_no_left,Left,176,251,88,29570039,nan,nan,nan
9/23/2026 19:25:59,1.17.3,StopSig,62,3.95,nan,1,Right_no_left,Left,176,252,88,29575705,nan,nan,nan
9/23/2026 19:25:59,1.17.3,StopSig,62,3.95,nan,1,Right_no_left,Left,176,253,88,29620864,nan,nan,nan
9/23/2026 19:26:00,1.17.3,StopSig,62,3.94,nan,1,Right_no_left,Left,176,254,88,29621714,nan,nan,nan
9/23/2026 19:26:01,1.17.3,StopSig,62,3.94,nan,1,Right_no_left,Left,176,255,88,29622712,nan,nan,nan
9/23/2026 19:26:04,1.17.3,StopSig,62,3.95,nan,1,Right_no_left,Left,176,256,88,29623561,nan,nan,nan
9/23/2026 19:26:07,1.17.3,StopSig,62,3.95,nan,1,Right_no_left,Left,176,257,88,29626394,nan,nan,nan
9/23/2026 19:26:08,1.17.3,StopSig,62,3.94,nan,1,Right_no_left,Left,176,258,88,29629512,nan,nan,nan
9/23/2026 19:26:10,1.17.3,StopSig,62,3.95,nan,1,Right_no_left,Left,176,259,88,29630078,nan,nan,nan
9/23/2026 19:26:12,1.17.3,StopSig,62,3.95,nan,1,Right_no_left,Left,176,260,88,29632504,nan,nan,nan
9/23/2026 19:26:12,1.17.3,StopSig,62,3.94,nan,1,Right_no_left,Left,176,261,88,29634062,nan,nan,nan
9/23/2026 19:26:14,1.17.3,StopSig,62,3.95,nan,1,>Left_Regular_trial,Left,177,261,88,29635762,nan,nan,nan
9/23/2026 19:26:15,1.17.3,StopSig,62,3.95,nan,1,Right_Regular_(correct),Left,177,262,88,29637319,nan,nan,nan
9/23/2026 19:26:16,1.17.3,StopSig,62,3.95,1,1,Pellet,Left,177,262,89,29637319,0.27,284,nan
9/23/2026 19:26:40,1.17.3,StopSig,62,3.94,nan,1,>Left_Stop_trial,Left,178,262,89,29661172,nan,nan,nan
9/23/2026 19:26:43,1.17.3,StopSig,62,3.94,nan,1,NoPoke_STOP_(correct),Left,178,262,89,29664886,nan,nan,nan
9/23/2026 19:26:44,1.17.3,StopSig,62,3.95,1,1,Pellet,Left,178,262,90,29664886,0.66,28,nan
9/23/2026 19:27:08,1.17.3,StopSig,62,3.95,nan,1,Right_no_left,Left,178,263,90,29664886,nan,nan,nan
9/23/2026 19:27:10,1.17.3,StopSig,62,3.95,nan,1,Right_no_left,Left,178,264,90,29690380,nan,nan,nan
9/23/2026 19:27:13,1.17.3,StopSig,62,3.94,nan,1,Right_no_left,Left,178,265,90,29692651,nan,nan,nan
9/23/2026 19:27:14,1.17.3,StopSig,62,3.94,nan,1,Right_no_left,Left,178,266,90,29695481,nan,nan,nan
9/23/2026 19:30:19,1.17.3,StopSig,62,3.94,nan,1,Right_no_left,Left,178,267,90,29696471,nan,nan,nan
9/23/2026 19:36:18,1.17.3,StopSig,62,3.95,nan,1,Right_no_left,Left,178,268,90,29880928,nan,nan,nan
9/23/2026 19:36:19,1.17.3,StopSig,62,3.95,nan,1,Right_no_left,Left,178,269,90,30240616,nan,nan,nan
9/23/2026 19:36:20,1.17.3,StopSig,62,3.94,nan,1,Right_no_left,Left,178,270,90,30241756,nan,nan,nan
9/23/2026 19:36:29,1.17.3,StopSig,62,3.94,nan,1,Right_no_left,Left,178,271,90,30242747,nan,nan,nan
9/23/2026 19:36:30,1.17.3,StopSig,62,3.95,nan,1,Right_no_left,Left,178,272,90,30251385,nan,nan,nan
9/23/2026 19:36:31,1.17.3,StopSig,62,3.94,nan,1,>Left_Regular_trial,Left,179,272,90,30253225,nan,nan,nan
9/23/2026 19:36:32,1.17.3,StopSig,62,3.94,nan,1,Right_Regular_(correct),Left,179,273,90,30254499,nan,nan,nan
9/23/2026 19:36:34,1.17.3,StopSig,62,3.94,1,1,Pellet,Left,179,273,91,30254499,0.78,590,nan
9/23/2026 19:37:18,1.17.3,StopSig,62,3.95,nan,1,Right_no_left,Left,179,274,91,30254499,nan,nan,nan
9/23/2026 19:37:21,1.17.3,StopSig,62,3.94,nan,1,Right_no_left,Left,179,275,91,30300288,nan,nan,nan
9/23/2026 19:42:31,1.17.3,StopSig,62,3.94,nan,1,>Left_Regular_trial,Left,180,275,91,30612712,nan,nan,nan
9/23/2026 19:42:35,1.17.3,StopSig,62,3.95,nan,1,NoPoke_Regular_(incorrect),Left,180,275,91,30616956,nan,nan,nan
9/23/2026 19:43:42,1.17.3,StopSig,62,3.94,nan,1,Right_no_left,Left,180,276,91,30616956,nan,nan,nan
9/23/2026 19:43:44,1.17.3,StopSig,62,3.94,nan,1,Right_no_left,Left,180,277,91,30684617,nan,nan,nan
9/23/2026 19:43:45,1.17.3,StopSig,62,3.94,nan,1,Right_no_left,Left,180,278,91,30686739,nan,nan,nan
9/23/2026 19:43:51,1.17.3,StopSig,62,3.94,nan,1,Right_no_left,Left,180,279,91,30687729,nan,nan,nan
9/23/2026 19:43:52,1.17.3,StopSig,62,3.94,nan,1,Right_no_left,Left,180,280,91,30692974,nan,nan,nan
9/23/2026 19:44:00,1.17.3,StopSig,62,3.95,nan,1,>Left_Stop_trial,Left,181,280,91,30701892,nan,nan,nan
9/23/2026 19:44:01,1.17.3,StopSig,62,3.94,nan,1,Right_STOP_(incorrect),Left,181,281,91,30702852,nan,nan,nan
9/23/2026 19:44:32,1.17.3,StopSig,62,3.94,nan,1,>Left_Regular_trial,Left,182,281,91,30734431,nan,nan,nan
9/23/2026 19:44:36,1.17.3,StopSig,62,3.94,nan,1,NoPoke_Regular_(incorrect),Left,182,281,91,30737967,nan,nan,nan
9/23/2026 19:45:15,1.17.3,StopSig,62,3.94,nan,1,Right_no_left,Left,182,282,91,30737967,nan,nan,nan
9/23/2026 19:45:18,1.17.3,StopSig,62,3.94,nan,1,Right_no_left,Left,182,283,91,30777618,nan,nan,nan
9/23/2026 19:45:19,1.17.3,StopSig,62,3.95,nan,1,>Left_Regular_trial,Left,183,283,91,30781027,nan,nan,nan
9/23/2026 19:45:21,1.17.3,StopSig,62,3.94,nan,1,Right_Regular_(correct),Left,183,284,91,30783435,nan,nan,nan
9/23/2026 19:45:24,1.17.3,StopSig,62,3.94,2,1,Pellet,Left,183,284,92,30783435,0.33,530,nan
9/23/2026 19:45:56,1.17.3,StopSig,62,3.95,nan,1,Right_no_left,Left,183,285,92,30783435,nan,nan,nan
9/23/2026 19:45:58,1.17.3,StopSig,62,3.94,nan,1,>Left_Stop_trial,Left,184,285,92,30820014,nan,nan,nan
9/23/2026 19:45:59,1.17.3,StopSig,62,3.95,nan,1,Right_STOP_(incorrect),Left,184,286,92,30820909,nan,nan,nan
9/23/2026 19:46:30,1.17.3,StopSig,62,3.94,nan,1,Right_no_left,Left,184,287,92,30820909,nan,nan,nan
9/23/2026 19:46:32,1.17.3,StopSig,62,3.95,nan,1,Right_no_left,Left,184,288,92,30852633,nan,nan,nan
9/23/2026 19:46:35,1.17.3,StopSig,62,3.95,nan,1,Right_no_left,Left,184,289,92,30853908,nan,nan,nan
9/23/2026 19:46:36,1.17.3,StopSig,62,3.95,nan,1,Right_no_left,Left,184,290,92,30857742,nan,nan,nan
9/23/2026 19:46:37,1.17.3,StopSig,62,3.94,nan,1,Right_no_left,Left,184,291,92,30858025,nan,nan,nan
9/23/2026 19:46:39,1.17.3,StopSig,62,3.94,nan,1,Right_no_left,Left,184,292,92,30859441,nan,nan,nan
9/23/2026 19:46:39,1.17.3,StopSig,62,3.94,nan,1,Right_no_left,Left,184,293,92,30860998,nan,nan,nan
9/23/2026 19:46:42,1.17.3,StopSig,62,3.95,nan,1,>Left_Stop_trial,Left,185,293,92,30863831,nan,nan,nan
9/23/2026 19:46:44,1.17.3,StopSig,62,3.95,nan,1,Right_STOP_(incorrect),Left,185,294,92,30865738,nan,nan,nan
9/23/2026 19:47:21,1.17.3,StopSig,62,3.94,nan,1,Right_no_left,Left,185,295,92,30865738,nan,nan,nan
9/23/2026 19:47:22,1.17.3,StopSig,62,3.95,nan,1,Right_no_left,Left,185,296,92,30902841,nan,nan,nan
9/23/2026 19:47:25,1.17.3,StopSig,62,3.94,nan,1,Right_no_left,Left,185,297,92,30904824,nan,nan,nan
9/23/2026 19:47:29,1.17.3,StopSig,62,3.94,nan,1,Right_no_left,Left,185,298,92,30907232,nan,nan,nan
9/23/2026 19:47:30,1.17.3,StopSig,62,3.94,nan,1,Right_no_left,Left,185,299,92,30910913,nan,nan,nan
9/23/2026 19:47:35,1.17.3,StopSig,62,3.95,nan,1,Right_no_left,Left,185,300,92,30912476,nan,nan,nan
9/23/2026 19:48:14,1.17.3,StopSig,62,3.94,nan,1,>Left_Stop_trial,Left,186,300,92,30955110,nan,nan,nan
9/23/2026 19:48:17,1.17.3,StopSig,62,3.94,nan,1,NoPoke_STOP_(correct),Left,186,300,92,30958894,nan,nan,nan
9/23/2026 19:48:23,1.17.3,StopSig,62,3.94,1,1,Pellet,Left,186,300,93,30958894,5.42,179,nan
9/23/2026 19:49:23,1.17.3,StopSig,62,3.94,nan,1,Right_no_left,Left,186,301,93,30958894,nan,nan,nan
9/23/2026 19:49:26,1.17.3,StopSig,62,3.95,nan,1,Right_no_left,Left,186,302,93,31025365,nan,nan,nan
9/23/2026 19:49:27,1.17.3,StopSig,62,3.94,nan,1,Right_no_left,Left,186,303,93,31028479,nan,nan,nan
9/23/2026 19:49:31,1.17.3,StopSig,62,3.94,nan,1,Right_no_left,Left,186,304,93,31029046,nan,nan,nan
9/23/2026 19:49:33,1.17.3,StopSig,62,3.94,nan,1,>Left_Regular_trial,Left,187,304,93,31034713,nan,nan,nan
9/23/2026 19:49:34,1.17.3,StopSig,62,3.95,nan,1,Right_Regular_(correct),Left,187,305,93,31036553,nan,nan,nan
9/23/2026 19:49:35,1.17.3,StopSig,62,3.95,2,1,Pellet,Left,187,305,94,31036553,0.16,72,nan
9/23/2026 19:50:02,1.17.3,StopSig,62,3.94,nan,1,>Left_Regular_trial,Left,188,305,94,31063601,nan,nan,nan
9/23/2026 19:50:04,1.17.3,StopSig,62,3.94,nan,1,Right_Regular_(correct),Left,188,306,94,31065726,nan,nan,nan
9/23/2026 19:50:05,1.17.3,StopSig,62,3.94,1,1,Pellet,Left,188,306,95,31065726,0.33,30,nan
9/23/2026 19:50:31,1.17.3,StopSig,62,3.94,nan,1,Right_no_left,Left,188,307,95,31065726,nan,nan,nan
9/23/2026 19:50:33,1.17.3,StopSig,62,3.95,nan,1,Right_no_left,Left,188,308,95,31093392,nan,nan,nan
9/23/2026 19:50:36,1.17.3,StopSig,62,3.94,nan,1,Right_no_left,Left,188,309,95,31095528,nan,nan,nan
9/23/2026 19:50:38,1.17.3,StopSig,62,3.94,nan,1,Right_no_left,Left,188,310,95,31098648,nan,nan,nan
9/23/2026 19:50:39,1.17.3,StopSig,62,3.94,nan,1,>Left_Regular_trial,Left,189,310,95,31101340,nan,nan,nan
9/23/2026 19:50:40,1.17.3,StopSig,62,3.94,nan,1,Right_Regular_(correct),Left,189,311,95,31102331,nan,nan,nan
9/23/2026 19:50:41,1.17.3,StopSig,62,3.94,1,1,Pellet,Left,189,311,96,31102331,0.11,36,nan
9/23/2026 19:51:39,1.17.3,StopSig,62,3.94,nan,1,Right_no_left,Left,189,312,96,31102331,nan,nan,nan
9/23/2026 19:51:41,1.17.3,StopSig,62,3.94,nan,1,Right_no_left,Left,189,313,96,31161229,nan,nan,nan
9/23/2026 19:53:07,1.17.3,StopSig,62,3.94,nan,1,Right_no_left,Left,189,314,96,31162926,nan,nan,nan
9/23/2026 19:53:35,1.17.3,StopSig,62,3.94,nan,1,Right_no_left,Left,189,315,96,31249605,nan,nan,nan
9/23/2026 19:53:39,1.17.3,StopSig,62,3.95,nan,1,>Left_Regular_trial,Left,190,315,96,31281329,nan,nan,nan
9/23/2026 19:53:41,1.17.3,StopSig,62,3.94,nan,1,Right_Regular_(correct),Left,190,316,96,31283312,nan,nan,nan
9/23/2026 19:53:42,1.17.3,StopSig,62,3.94,1,1,Pellet,Left,190,316,97,31283312,0.27,181,nan
9/23/2026 19:54:08,1.17.3,StopSig,62,3.95,nan,1,>Left_Regular_trial,Left,191,316,97,31310409,nan,nan,nan
9/23/2026 19:54:09,1.17.3,StopSig,62,3.95,nan,1,Right_Regular_(correct),Left,191,317,97,31311681,nan,nan,nan
9/23/2026 19:54:10,1.17.3,StopSig,62,3.94,2,1,Pellet,Left,191,317,98,31311681,0.16,28,nan
9/23/2026 19:54:36,1.17.3,StopSig,62,3.95,nan,1,Right_no_left,Left,191,318,98,31311681,nan,nan,nan
9/23/2026 19:54:43,1.17.3,StopSig,62,3.95,nan,1,Right_no_left,Left,191,319,98,31338708,nan,nan,nan
9/23/2026 19:56:23,1.17.3,StopSig,62,3.95,nan,1,>Left_Stop_trial,Left,192,319,98,31445132,nan,nan,nan
9/23/2026 19:56:26,1.17.3,StopSig,62,3.94,nan,1,Right_STOP_(incorrect),Left,192,320,98,31448007,nan,nan,nan
9/23/2026 19:57:38,1.17.3,StopSig,62,3.94,nan,1,Right_no_left,Left,192,321,98,31448007,nan,nan,nan
9/23/2026 19:57:39,1.17.3,StopSig,62,3.95,nan,1,Right_no_left,Left,192,322,98,31520121,nan,nan,nan
9/23/2026 19:57:40,1.17.3,StopSig,62,3.94,nan,1,Right_no_left,Left,192,323,98,31521538,nan,nan,nan
9/23/2026 19:57:52,1.17.3,StopSig,62,3.94,nan,1,>Left_Regular_trial,Left,193,323,98,31533722,nan,nan,nan
9/23/2026 19:57:53,1.17.3,StopSig,62,3.94,nan,1,Right_Regular_(correct),Left,193,324,98,31534713,nan,nan,nan
9/23/2026 19:57:53,1.17.3,StopSig,62,3.94,1,1,Pellet,Left,193,324,99,31534713,0.27,223,nan
9/23/2026 19:58:21,1.17.3,StopSig,62,3.95,nan,1,Right_no_left,Left,193,325,99,31534713,nan,nan,nan
9/23/2026 19:58:24,1.17.3,StopSig,62,3.94,nan,1,Right_no_left,Left,193,326,99,31563032,nan,nan,nan
9/23/2026 20:01:21,1.17.3,StopSig,62,3.95,nan,1,Right_no_left,Left,193,327,99,31566008,nan,nan,nan
9/23/2026 20:01:22,1.17.3,StopSig,62,3.94,nan,1,Right_no_left,Left,193,328,99,31742981,nan,nan,nan
9/23/2026 20:01:26,1.17.3,StopSig,62,3.94,nan,1,Right_no_left,Left,193,329,99,31744404,nan,nan,nan
9/23/2026 20:01:53,1.17.3,StopSig,62,3.94,nan,1,Right_no_left,Left,193,330,99,31748090,nan,nan,nan
9/23/2026 20:01:56,1.17.3,StopSig,62,3.94,nan,1,Right_no_left,Left,193,331,99,31775162,nan,nan,nan
9/23/2026 20:02:02,1.17.3,StopSig,62,3.94,nan,1,>Left_Regular_trial,Left,194,331,99,31784372,nan,nan,nan
9/23/2026 20:02:04,1.17.3,StopSig,62,3.95,nan,1,Right_Regular_(correct),Left,194,332,99,31786638,nan,nan,nan
9/23/2026 20:02:05,1.17.3,StopSig,62,3.94,nan,1,RightDuringDispense,Left,194,333,99,31786638,nan,nan,0.03
9/23/2026 20:02:06,1.17.3,StopSig,62,3.95,1,1,Pellet,Left,194,333,100,31786638,0.89,253,nan
9/23/2026 20:11:04,1.17.3,StopSig,62,3.94,nan,1,Right_no_left,Left,194,334,100,31786638,nan,nan,nan
9/23/2026 20:11:05,1.17.3,StopSig,62,3.94,nan,1,Right_no_left,Left,194,335,100,32326136,nan,nan,nan
9/23/2026 20:11:09,1.17.3,StopSig,62,3.94,nan,1,Right_no_left,Left,194,336,100,32327835,nan,nan,nan
9/23/2026 20:11:10,1.17.3,StopSig,62,3.94,nan,1,Right_no_left,Left,194,337,100,32331385,nan,nan,nan
9/23/2026 20:11:11,1.17.3,StopSig,62,3.94,nan,1,Right_no_left,Left,194,338,100,32332670,nan,nan,nan
9/23/2026 20:11:15,1.17.3,StopSig,62,3.94,nan,1,Right_no_left,Left,194,339,100,32333803,nan,nan,nan
9/23/2026 20:11:18,1.17.3,StopSig,62,3.94,nan,1,Right_no_left,Left,194,340,100,32337488,nan,nan,nan
9/23/2026 20:11:21,1.17.3,StopSig,62,3.94,nan,1,Right_no_left,Left,194,341,100,32340181,nan,nan,nan
9/23/2026 20:11:24,1.17.3,StopSig,62,3.94,nan,1,Right_no_left,Left,194,342,100,32343870,nan,nan,nan
9/23/2026 20:11:27,1.17.3,StopSig,62,3.94,nan,1,Right_no_left,Left,194,343,100,32345993,nan,nan,nan
9/23/2026 20:11:29,1.17.3,StopSig,62,3.94,nan,1,>Left_Regular_trial,Left,195,343,100,32351235,nan,nan,nan
9/23/2026 20:11:30,1.17.3,StopSig,62,3.94,nan,1,Right_Regular_(correct),Left,195,344,100,32352369,nan,nan,nan
9/23/2026 20:11:31,1.17.3,StopSig,62,3.94,1,1,Pellet,Left,195,344,101,32352369,0.72,565,nan
9/23/2026 20:12:15,1.17.3,StopSig,62,3.94,nan,1,>Left_Regular_trial,Left,196,344,101,32396747,nan,nan,nan
9/23/2026 20:12:16,1.17.3,StopSig,62,3.94,nan,1,Right_Regular_(correct),Left,196,345,101,32398164,nan,nan,nan
9/23/2026 20:12:17,1.17.3,StopSig,62,3.94,1,1,Pellet,Left,196,345,102,32398164,0.39,46,nan
9/23/2026 20:13:13,1.17.3,StopSig,62,3.94,nan,1,>Left_Regular_trial,Left,197,345,102,32454915,nan,nan,nan
9/23/2026 20:13:14,1.17.3,StopSig,62,3.94,nan,1,Right_Regular_(correct),Left,197,346,102,32456049,nan,nan,nan
9/23/2026 20:13:16,1.17.3,StopSig,62,3.94,1,1,Pellet,Left,197,346,103,32456049,1.11,59,nan
9/23/2026 20:21:22,1.17.3,StopSig,62,3.94,nan,1,Right_no_left,Left,197,347,103,32456049,nan,nan,nan
9/23/2026 20:21:23,1.17.3,StopSig,62,3.94,nan,1,Right_no_left,Left,197,348,103,32944545,nan,nan,nan
9/23/2026 20:21:27,1.17.3,StopSig,62,3.94,nan,1,Right_no_left,Left,197,349,103,32945678,nan,nan,nan
9/23/2026 20:21:28,1.17.3,StopSig,62,3.94,nan,1,Right_no_left,Left,197,350,103,32949507,nan,nan,nan
9/23/2026 20:21:33,1.17.3,StopSig,62,3.94,nan,1,Right_no_left,Left,197,351,103,32950516,nan,nan,nan
9/23/2026 20:21:33,1.17.3,StopSig,62,3.94,nan,1,Right_no_left,Left,197,352,103,32955340,nan,nan,nan
9/23/2026 20:21:36,1.17.3,StopSig,62,3.94,nan,1,Right_no_left,Left,197,353,103,32955764,nan,nan,nan
9/23/2026 20:21:37,1.17.3,StopSig,62,3.94,nan,1,Right_no_left,Left,197,354,103,32958460,nan,nan,nan
9/23/2026 20:21:37,1.17.3,StopSig,62,3.94,nan,1,Right_no_left,Left,197,355,103,32959310,nan,nan,nan
9/23/2026 20:21:39,1.17.3,StopSig,62,3.94,nan,1,>Left_Regular_trial,Left,198,355,103,32960734,nan,nan,nan
9/23/2026 20:21:39,1.17.3,StopSig,62,3.94,nan,1,Right_Regular_(correct),Left,198,356,103,32961728,nan,nan,nan
9/23/2026 20:21:41,1.17.3,StopSig,62,3.94,1,1,Pellet,Left,198,356,104,32961728,0.61,505,nan
9/23/2026 20:22:07,1.17.3,StopSig,62,3.94,nan,1,Right_no_left,Left,198,357,104,32961728,nan,nan,nan
9/23/2026 20:22:10,1.17.3,StopSig,62,3.94,nan,1,Right_no_left,Left,198,358,104,32989227,nan,nan,nan
9/23/2026 20:22:13,1.17.3,StopSig,62,3.94,nan,1,Right_no_left,Left,198,359,104,32992356,nan,nan,nan
9/23/2026 20:22:15,1.17.3,StopSig,62,3.94,nan,1,Right_no_left,Left,198,360,104,32995197,nan,nan,nan
9/23/2026 20:22:19,1.17.3,StopSig,62,3.94,nan,1,Right_no_left,Left,198,361,104,32997043,nan,nan,nan
9/23/2026 20:22:22,1.17.3,StopSig,62,3.95,nan,1,Right_no_left,Left,198,362,104,33001030,nan,nan,nan
9/23/2026 20:22:22,1.17.3,StopSig,62,3.95,nan,1,Right_no_left,Left,198,363,104,33004294,nan,nan,nan
9/23/2026 20:22:23,1.17.3,StopSig,62,3.94,nan,1,Right_no_left,Left,198,364,104,33004584,nan,nan,nan
9/23/2026 20:22:24,1.17.3,StopSig,62,3.94,nan,1,Right_no_left,Left,198,365,104,33005435,nan,nan,nan
9/23/2026 20:22:25,1.17.3,StopSig,62,3.94,nan,1,Right_no_left,Left,198,366,104,33006570,nan,nan,nan
9/23/2026 20:22:28,1.17.3,StopSig,62,3.94,nan,1,>Left_Regular_trial,Left,199,366,104,33010265,nan,nan,nan
9/23/2026 20:22:29,1.17.3,StopSig,62,3.94,nan,1,Right_Regular_(correct),Left,199,367,104,33011400,nan,nan,nan
9/23/2026 20:22:30,1.17.3,StopSig,62,3.94,1,1,Pellet,Left,199,367,105,33011400,0.50,49,nan
9/23/2026 20:23:02,1.17.3,StopSig,62,3.94,nan,1,>Left_Regular_trial,Left,200,367,105,33044050,nan,nan,nan
9/23/2026 20:23:06,1.17.3,StopSig,62,3.94,nan,1,NoPoke_Regular_(incorrect),Left,200,367,105,33048039,nan,nan,nan
9/23/2026 20:23:46,1.17.3,StopSig,62,3.94,nan,1,Right_no_left,Left,200,368,105,33048039,nan,nan,nan
9/23/2026 20:23:47,1.17.3,StopSig,62,3.94,nan,1,Right_no_left,Left,200,369,105,33088579,nan,nan,nan
9/23/2026 20:23:48,1.17.3,StopSig,62,3.94,nan,1,Right_no_left,Left,200,370,105,33089864,nan,nan,nan
9/23/2026 20:23:48,1.17.3,StopSig,62,3.94,nan,1,Right_no_left,Left,200,371,105,33090290,nan,nan,nan
9/23/2026 20:23:51,1.17.3,StopSig,62,3.94,nan,1,>Left_Regular_trial,Left,201,371,105,33092703,nan,nan,nan
9/23/2026 20:23:52,1.17.3,StopSig,62,3.94,nan,1,Right_Regular_(correct),Left,201,372,105,33093980,nan,nan,nan
9/23/2026 20:23:53,1.17.3,StopSig,62,3.94,1,1,Pellet,Left,201,372,106,33093980,0.44,83,nan
9/23/2026 20:24:16,1.17.3,StopSig,62,3.94,nan,1,>Left_Regular_trial,Left,202,372,106,33118326,nan,nan,nan
9/23/2026 20:24:20,1.17.3,StopSig,62,3.94,nan,1,NoPoke_Regular_(incorrect),Left,202,372,106,33122020,nan,nan,nan
9/23/2026 20:25:01,1.17.3,StopSig,62,3.94,nan,1,>Left_Regular_trial,Left,203,372,106,33162701,nan,nan,nan
9/23/2026 20:25:04,1.17.3,StopSig,62,3.94,nan,1,NoPoke_Regular_(incorrect),Left,203,372,106,33165969,nan,nan,nan
9/23/2026 20:26:58,1.17.3,StopSig,62,3.94,nan,1,Right_no_left,Left,203,373,106,33165969,nan,nan,nan
9/23/2026 20:27:01,1.17.3,StopSig,62,3.94,nan,1,Right_no_left,Left,203,374,106,33280871,nan,nan,nan
9/23/2026 20:27:03,1.17.3,StopSig,62,3.94,nan,1,Right_no_left,Left,203,375,106,33283570,nan,nan,nan
9/23/2026 20:27:41,1.17.3,StopSig,62,3.94,nan,1,Right_no_left,Left,203,376,106,33284990,nan,nan,nan
9/23/2026 20:27:43,1.17.3,StopSig,62,3.94,nan,1,Right_no_left,Left,203,377,106,33322924,nan,nan,nan
9/23/2026 20:27:47,1.17.3,StopSig,62,3.94,nan,1,Right_no_left,Left,203,378,106,33325338,nan,nan,nan
9/23/2026 20:27:48,1.17.3,StopSig,62,3.94,nan,1,Right_no_left,Left,203,379,106,33329462,nan,nan,nan
9/23/2026 20:27:50,1.17.3,StopSig,62,3.94,nan,1,Right_no_left,Left,203,380,106,33330029,nan,nan,nan
9/23/2026 20:27:51,1.17.3,StopSig,62,3.94,nan,1,Right_no_left,Left,203,381,106,33332301,nan,nan,nan
9/23/2026 20:27:54,1.17.3,StopSig,62,3.94,nan,1,Right_no_left,Left,203,382,106,33333011,nan,nan,nan
9/23/2026 20:27:55,1.17.3,StopSig,62,3.94,nan,1,Right_no_left,Left,203,383,106,33336563,nan,nan,nan
9/23/2026 20:27:56,1.17.3,StopSig,62,3.94,nan,1,Right_no_left,Left,203,384,106,33336995,nan,nan,nan
9/23/2026 20:27:57,1.17.3,StopSig,62,3.94,nan,1,>Left_Regular_trial,Left,204,384,106,33339552,nan,nan,nan
9/23/2026 20:27:58,1.17.3,StopSig,62,3.94,nan,1,Right_Regular_(correct),Left,204,385,106,33340546,nan,nan,nan
9/23/2026 20:27:59,1.17.3,StopSig,62,3.94,1,1,Pellet,Left,204,385,107,33340546,0.39,246,nan
9/23/2026 20:28:28,1.17.3,StopSig,62,3.94,nan,1,>Left_Regular_trial,Left,205,385,107,33370531,nan,nan,nan
9/23/2026 20:28:30,1.17.3,StopSig,62,3.94,nan,1,Right_Regular_(correct),Left,205,386,107,33372101,nan,nan,nan
9/23/2026 20:28:31,1.17.3,StopSig,62,3.94,1,1,Pellet,Left,205,386,108,33372101,0.16,32,nan
9/23/2026 20:28:55,1.17.3,StopSig,62,3.94,nan,1,>Left_Regular_trial,Left,206,386,108,33397248,nan,nan,nan
9/23/2026 20:28:57,1.17.3,StopSig,62,3.94,nan,1,Right_Regular_(correct),Left,206,387,108,33398813,nan,nan,nan
9/23/2026 20:28:57,1.17.3,StopSig,62,3.90,nan,1,RightDuringDispense,Left,206,388,108,33398813,nan,nan,0.02
9/23/2026 20:28:58,1.17.3,StopSig,62,3.94,1,1,Pellet,Left,206,388,109,33398813,0.83,27,nan
9/23/2026 20:29:26,1.17.3,StopSig,62,3.94,nan,1,Right_no_left,Left,206,389,109,33398813,nan,nan,nan
9/23/2026 20:29:30,1.17.3,StopSig,62,3.94,nan,1,Right_no_left,Left,206,390,109,33428574,nan,nan,nan
9/23/2026 20:29:31,1.17.3,StopSig,62,3.94,nan,1,Right_no_left,Left,206,391,109,33432414,nan,nan,nan
9/23/2026 20:29:37,1.17.3,StopSig,62,3.94,nan,1,Right_no_left,Left,206,392,109,33433835,nan,nan,nan
9/23/2026 20:29:42,1.17.3,StopSig,62,3.94,nan,1,Right_no_left,Left,206,393,109,33439239,nan,nan,nan
9/23/2026 20:29:47,1.17.3,StopSig,62,3.94,nan,1,Right_no_left,Left,206,394,109,33444074,nan,nan,nan
9/23/2026 20:29:48,1.17.3,StopSig,62,3.94,nan,1,Right_no_left,Left,206,395,109,33449620,nan,nan,nan
9/23/2026 20:29:52,1.17.3,StopSig,62,3.94,nan,1,Right_no_left,Left,206,396,109,33450472,nan,nan,nan
9/23/2026 20:29:52,1.17.3,StopSig,62,3.95,nan,1,Right_no_left,Left,206,397,109,33454036,nan,nan,nan
9/23/2026 20:29:53,1.17.3,StopSig,62,3.94,nan,1,>Left_Regular_trial,Left,207,397,109,33455463,nan,nan,nan
9/23/2026 20:29:55,1.17.3,StopSig,62,3.94,nan,1,Right_Regular_(correct),Left,207,398,109,33457310,nan,nan,nan
9/23/2026 20:29:57,1.17.3,StopSig,62,3.94,2,1,Pellet,Left,207,398,110,33457310,0.50,58,nan
9/23/2026 20:30:26,1.17.3,StopSig,62,3.94,nan,1,>Left_Regular_trial,Left,208,398,110,33488037,nan,nan,nan
9/23/2026 20:30:27,1.17.3,StopSig,62,3.94,nan,1,Right_Regular_(correct),Left,208,399,110,33489173,nan,nan,nan
9/23/2026 20:30:28,1.17.3,StopSig,62,3.94,2,1,Pellet,Left,208,399,111,33489173,0.27,32,nan
9/23/2026 20:30:52,1.17.3,StopSig,62,3.94,nan,1,>Left_Regular_trial,Left,209,399,111,33513741,nan,nan,nan
9/23/2026 20:30:53,1.17.3,StopSig,62,3.94,nan,1,Right_Regular_(correct),Left,209,400,111,33515728,nan,nan,nan
9/23/2026 20:30:55,1.17.3,StopSig,62,3.94,2,1,Pellet,Left,209,400,112,33515728,0.16,26,nan
9/23/2026 20:31:20,1.17.3,StopSig,62,3.94,nan,1,Right_no_left,Left,209,401,112,33515728,nan,nan,nan
9/23/2026 20:32:03,1.17.3,StopSig,62,3.94,nan,1,Right_no_left,Left,209,402,112,33542899,nan,nan,nan
9/23/2026 20:32:04,1.17.3,StopSig,62,3.94,nan,1,Right_no_left,Left,209,403,112,33585299,nan,nan,nan
9/23/2026 20:32:07,1.17.3,StopSig,62,3.94,nan,1,>Left_Regular_trial,Left,210,403,112,33588849,nan,nan,nan
9/23/2026 20:32:08,1.17.3,StopSig,62,3.94,nan,1,Right_Regular_(correct),Left,210,404,112,33590409,nan,nan,nan
9/23/2026 20:32:09,1.17.3,StopSig,62,3.94,1,1,Pellet,Left,210,404,113,33590409,0.22,75,nan
9/23/2026 20:35:18,1.17.3,StopSig,62,3.94,nan,1,>Left_Stop_trial,Left,211,404,113,33779654,nan,nan,nan
9/23/2026 20:35:19,1.17.3,StopSig,62,3.94,nan,1,Right_STOP_(incorrect),Left,211,405,113,33780873,nan,nan,nan
9/23/2026 20:39:50,1.17.3,StopSig,62,3.94,nan,1,>Left_Stop_trial,Left,212,405,113,34051655,nan,nan,nan
9/23/2026 20:39:53,1.17.3,StopSig,62,3.94,nan,1,NoPoke_STOP_(correct),Left,212,405,113,34055001,nan,nan,nan
9/23/2026 20:40:17,1.17.3,StopSig,62,3.94,nan,1,LeftWithPellet,Left,213,405,113,34055001,nan,nan,1.01
9/23/2026 20:40:18,1.17.3,StopSig,62,3.94,nan,1,LeftWithPellet,Left,214,405,113,34055001,nan,nan,0.01
9/23/2026 20:40:41,1.17.3,StopSig,62,3.94,1,1,Pellet,Left,214,405,114,34055001,47.21,512,nan
9/23/2026 20:43:18,1.17.3,StopSig,62,3.94,nan,1,>Left_Stop_trial,Left,215,405,114,34259757,nan,nan,nan
9/23/2026 20:43:21,1.17.3,StopSig,62,3.94,nan,1,NoPoke_STOP_(correct),Left,215,405,114,34263028,nan,nan,nan
9/23/2026 20:43:25,1.17.3,StopSig,62,3.94,1,1,Pellet,Left,215,405,115,34263028,3.80,164,nan
9/23/2026 20:44:02,1.17.3,StopSig,62,3.94,nan,1,>Left_Regular_trial,Left,216,405,115,34303817,nan,nan,nan
9/23/2026 20:44:05,1.17.3,StopSig,62,3.94,nan,1,NoPoke_Regular_(incorrect),Left,216,405,115,34307079,nan,nan,nan
9/23/2026 20:45:06,1.17.3,StopSig,62,3.94,nan,1,Right_no_left,Left,216,406,115,34307079,nan,nan,nan
9/23/2026 20:54:32,1.17.3,StopSig,62,3.94,nan,1,Right_no_left,Left,216,407,115,34368881,nan,nan,nan
9/23/2026 20:54:43,1.17.3,StopSig,62,3.94,nan,1,Right_no_left,Left,216,408,115,34934807,nan,nan,nan
9/23/2026 20:54:47,1.17.3,StopSig,62,3.94,nan,1,Right_no_left,Left,216,409,115,34945309,nan,nan,nan
9/23/2026 20:56:28,1.17.3,StopSig,62,3.94,nan,1,>Left_Regular_trial,Left,217,409,115,35049794,nan,nan,nan
9/23/2026 20:56:29,1.17.3,StopSig,62,3.94,nan,1,Right_Regular_(correct),Left,217,410,115,35051354,nan,nan,nan
9/23/2026 20:56:31,1.17.3,StopSig,62,3.94,1,1,Pellet,Left,217,410,116,35051354,0.78,786,nan
9/23/2026 20:58:42,1.17.3,StopSig,62,3.94,nan,1,Right_no_left,Left,217,411,116,35051354,nan,nan,nan
9/23/2026 20:58:44,1.17.3,StopSig,62,3.94,nan,1,Right_no_left,Left,217,412,116,35184444,nan,nan,nan
9/23/2026 20:58:48,1.17.3,StopSig,62,3.94,nan,1,Right_no_left,Left,217,413,116,35186427,nan,nan,nan
9/23/2026 20:58:54,1.17.3,StopSig,62,3.94,nan,1,Right_no_left,Left,217,414,116,35190964,nan,nan,nan
9/23/2026 20:59:05,1.17.3,StopSig,62,3.94,nan,1,Right_no_left,Left,217,415,116,35196353,nan,nan,nan
9/23/2026 20:59:09,1.17.3,StopSig,62,3.94,nan,1,Right_no_left,Left,217,416,116,35207550,nan,nan,nan
9/23/2026 20:59:14,1.17.3,StopSig,62,3.94,nan,1,Right_no_left,Left,217,417,116,35211677,nan,nan,nan
9/23/2026 20:59:18,1.17.3,StopSig,62,3.94,nan,1,Right_no_left,Left,217,418,116,35216073,nan,nan,nan
9/23/2026 20:59:20,1.17.3,StopSig,62,3.94,nan,1,Right_no_left,Left,217,419,116,35220040,nan,nan,nan
9/23/2026 20:59:21,1.17.3,StopSig,62,3.94,nan,1,Right_no_left,Left,217,420,116,35222309,nan,nan,nan
9/23/2026 20:59:22,1.17.3,StopSig,62,3.94,nan,1,>Left_Regular_trial,Left,218,420,116,35224152,nan,nan,nan
9/23/2026 20:59:23,1.17.3,StopSig,62,3.94,nan,1,Right_Regular_(correct),Left,218,421,116,35225720,nan,nan,nan
9/23/2026 20:59:24,1.17.3,StopSig,62,3.94,1,1,Pellet,Left,218,421,117,35225720,0.22,173,nan
9/23/2026 20:59:54,1.17.3,StopSig,62,3.94,nan,1,>Left_Regular_trial,Left,219,421,117,35256016,nan,nan,nan
9/23/2026 20:59:58,1.17.3,StopSig,62,3.94,nan,1,NoPoke_Regular_(incorrect),Left,219,421,117,35260126,nan,nan,nan
9/23/2026 21:00:36,1.17.3,StopSig,62,3.94,nan,1,Right_no_left,Left,219,422,117,35260126,nan,nan,nan
9/23/2026 21:00:38,1.17.3,StopSig,62,3.94,nan,1,Right_no_left,Left,219,423,117,35298512,nan,nan,nan
9/23/2026 21:00:39,1.17.3,StopSig,62,3.94,nan,1,Right_no_left,Left,219,424,117,35300071,nan,nan,nan
9/23/2026 21:00:42,1.17.3,StopSig,62,3.94,nan,1,Right_no_left,Left,219,425,117,35301913,nan,nan,nan
9/23/2026 21:00:44,1.17.3,StopSig,62,3.94,nan,1,>Left_Regular_trial,Left,220,425,117,35306164,nan,nan,nan
9/23/2026 21:00:45,1.17.3,StopSig,62,3.94,nan,1,Right_Regular_(correct),Left,220,426,117,35307015,nan,nan,nan
9/23/2026 21:00:46,1.17.3,StopSig,62,3.94,2,1,Pellet,Left,220,426,118,35307015,0.16,82,nan
9/23/2026 21:01:13,1.17.3,StopSig,62,3.94,nan,1,Right_no_left,Left,220,427,118,35307015,nan,nan,nan
9/23/2026 21:01:17,1.17.3,StopSig,62,3.94,nan,1,Right_no_left,Left,220,428,118,35335906,nan,nan,nan
9/23/2026 21:01:22,1.17.3,StopSig,62,3.94,nan,1,Right_no_left,Left,220,429,118,35339166,nan,nan,nan
9/23/2026 21:01:25,1.17.3,StopSig,62,3.94,nan,1,Right_no_left,Left,220,430,118,35344558,nan,nan,nan
9/23/2026 21:01:27,1.17.3,StopSig,62,3.94,nan,1,>Left_Regular_trial,Left,221,430,118,35349387,nan,nan,nan
9/23/2026 21:01:28,1.17.3,StopSig,62,3.94,nan,1,Right_Regular_(correct),Left,221,431,118,35350661,nan,nan,nan
9/23/2026 21:01:29,1.17.3,StopSig,62,3.94,1,1,Pellet,Left,221,431,119,35350661,0.39,43,nan
9/23/2026 21:02:48,1.17.3,StopSig,62,3.94,nan,1,Right_no_left,Left,221,432,119,35350661,nan,nan,nan
9/23/2026 21:02:48,1.17.3,StopSig,62,3.94,nan,1,Right_no_left,Left,221,433,119,35430333,nan,nan,nan
9/23/2026 21:02:58,1.17.3,StopSig,62,3.94,nan,1,Right_no_left,Left,221,434,119,35430622,nan,nan,nan
9/23/2026 21:07:27,1.17.3,StopSig,62,3.94,nan,1,>Left_Regular_trial,Left,222,434,119,35709016,nan,nan,nan
9/23/2026 21:07:31,1.17.3,StopSig,62,3.94,nan,1,NoPoke_Regular_(incorrect),Left,222,434,119,35713128,nan,nan,nan
9/23/2026 21:09:00,1.17.3,StopSig,62,3.94,nan,1,>Left_Regular_trial,Left,223,434,119,35801909,nan,nan,nan
9/23/2026 21:09:04,1.17.3,StopSig,62,3.94,nan,1,NoPoke_Regular_(incorrect),Left,223,434,119,35806023,nan,nan,nan
9/23/2026 21:20:21,1.17.3,StopSig,62,3.94,nan,1,>Left_Regular_trial,Left,224,434,119,36483556,nan,nan,nan
9/23/2026 21:20:25,1.17.3,StopSig,62,3.94,nan,1,NoPoke_Regular_(incorrect),Left,224,434,119,36487101,nan,nan,nan
9/23/2026 21:46:26,1.17.3,StopSig,62,3.94,nan,1,Right_no_left,Left,224,435,119,36487101,nan,nan,nan
9/23/2026 21:46:30,1.17.3,StopSig,62,3.94,nan,1,Right_no_left,Left,224,436,119,38048720,nan,nan,nan
9/23/2026 21:46:35,1.17.3,StopSig,62,3.94,nan,1,Right_no_left,Left,224,437,119,38052556,nan,nan,nan
9/23/2026 21:46:38,1.17.3,StopSig,62,3.94,nan,1,Right_no_left,Left,224,438,119,38057096,nan,nan,nan
9/23/2026 21:46:39,1.17.3,StopSig,62,3.94,nan,1,Right_no_left,Left,224,439,119,38060215,nan,nan,nan
9/23/2026 21:46:39,1.17.3,StopSig,62,3.93,nan,1,Right_no_left,Left,224,440,119,38061350,nan,nan,nan
9/23/2026 21:46:40,1.17.3,StopSig,62,3.94,nan,1,Right_no_left,Left,224,441,119,38061775,nan,nan,nan
9/23/2026 21:46:45,1.17.3,StopSig,62,3.93,nan,1,Right_no_left,Left,224,442,119,38063057,nan,nan,nan
9/23/2026 21:46:50,1.17.3,StopSig,62,3.93,nan,1,Right_no_left,Left,224,443,119,38067307,nan,nan,nan
9/23/2026 21:46:54,1.17.3,StopSig,62,3.94,nan,1,>Left_Regular_trial,Left,225,443,119,38075958,nan,nan,nan
9/23/2026 21:46:55,1.17.3,StopSig,62,3.94,nan,1,Right_Regular_(correct),Left,225,444,119,38077812,nan,nan,nan
9/23/2026 21:46:57,1.17.3,StopSig,62,3.94,1,1,Pellet,Left,225,444,120,38077812,0.50,2728,nan
9/23/2026 21:47:42,1.17.3,StopSig,62,3.94,nan,1,>Left_Regular_trial,Left,226,444,120,38123833,nan,nan,nan
9/23/2026 21:47:45,1.17.3,StopSig,62,3.94,nan,1,NoPoke_Regular_(incorrect),Left,226,444,120,38127095,nan,nan,nan
9/23/2026 21:50:49,1.17.3,StopSig,62,3.94,nan,1,Right_no_left,Left,226,445,120,38127095,nan,nan,nan
9/23/2026 21:50:51,1.17.3,StopSig,62,3.94,nan,1,Right_no_left,Left,226,446,120,38311152,nan,nan,nan
9/23/2026 21:50:52,1.17.3,StopSig,62,3.94,nan,1,Right_no_left,Left,226,447,120,38313849,nan,nan,nan
9/23/2026 21:50:55,1.17.3,StopSig,62,3.94,nan,1,Right_no_left,Left,226,448,120,38314849,nan,nan,nan
9/23/2026 21:50:55,1.17.3,StopSig,62,3.93,nan,1,Right_no_left,Left,226,449,120,38317262,nan,nan,nan
9/23/2026 21:50:57,1.17.3,StopSig,62,3.94,nan,1,>Left_Regular_trial,Left,227,449,120,38318824,nan,nan,nan
9/23/2026 21:50:57,1.17.3,StopSig,62,3.94,nan,1,Right_Regular_(correct),Left,227,450,120,38319817,nan,nan,nan
9/23/2026 21:50:58,1.17.3,StopSig,62,3.93,nan,1,RightDuringDispense,Left,227,451,120,38319817,nan,nan,0.11
9/23/2026 21:50:59,1.17.3,StopSig,62,3.94,1,1,Pellet,Left,227,451,121,38319817,0.44,242,nan
9/23/2026 21:51:31,1.17.3,StopSig,62,3.94,nan,1,Right_no_left,Left,227,452,121,38319817,nan,nan,nan
9/23/2026 21:51:33,1.17.3,StopSig,62,3.94,nan,1,Right_no_left,Left,227,453,121,38353390,nan,nan,nan
9/23/2026 21:51:33,1.17.3,StopSig,62,3.94,nan,1,Right_no_left,Left,227,454,121,38355233,nan,nan,nan
9/23/2026 21:51:35,1.17.3,StopSig,62,3.94,nan,1,Right_no_left,Left,227,455,121,38355657,nan,nan,nan
9/23/2026 21:51:37,1.17.3,StopSig,62,3.94,nan,1,Right_no_left,Left,227,456,121,38358072,nan,nan,nan
9/23/2026 21:51:40,1.17.3,StopSig,62,3.94,nan,1,Right_no_left,Left,227,457,121,38359489,nan,nan,nan
9/23/2026 21:51:41,1.17.3,StopSig,62,3.94,nan,1,Right_no_left,Left,227,458,121,38363033,nan,nan,nan
9/23/2026 21:51:43,1.17.3,StopSig,62,3.94,nan,1,Right_no_left,Left,227,459,121,38363458,nan,nan,nan
9/23/2026 21:51:45,1.17.3,StopSig,62,3.94,nan,1,Right_no_left,Left,227,460,121,38366009,nan,nan,nan
9/23/2026 21:51:47,1.17.3,StopSig,62,3.93,nan,1,>Left_Stop_trial,Left,228,460,121,38369134,nan,nan,nan
9/23/2026 21:51:48,1.17.3,StopSig,62,3.94,nan,1,Right_STOP_(incorrect),Left,228,461,121,38370159,nan,nan,nan
9/23/2026 21:52:18,1.17.3,StopSig,62,3.94,nan,1,>Left_Stop_trial,Left,229,461,121,38400467,nan,nan,nan
9/23/2026 21:52:22,1.17.3,StopSig,62,3.94,nan,1,NoPoke_STOP_(correct),Left,229,461,121,38404181,nan,nan,nan
9/23/2026 21:52:41,1.17.3,StopSig,62,3.94,1,1,Pellet,Left,229,461,122,38404181,18.38,102,nan
9/23/2026 21:53:36,1.17.3,StopSig,62,3.94,nan,1,Right_no_left,Left,229,462,122,38404181,nan,nan,nan
9/23/2026 21:53:40,1.17.3,StopSig,62,3.94,nan,1,Right_no_left,Left,229,463,122,38478983,nan,nan,nan
9/23/2026 21:53:41,1.17.3,StopSig,62,3.94,nan,1,Right_no_left,Left,229,464,122,38482392,nan,nan,nan
9/23/2026 21:53:42,1.17.3,StopSig,62,3.94,nan,1,>Left_Regular_trial,Left,230,464,122,38484380,nan,nan,nan
9/23/2026 21:53:43,1.17.3,StopSig,62,3.93,nan,1,Right_Regular_(correct),Left,230,465,122,38485799,nan,nan,nan
9/23/2026 21:53:44,1.17.3,StopSig,62,3.94,1,1,Pellet,Left,230,465,123,38485799,0.27,63,nan
9/23/2026 21:54:08,1.17.3,StopSig,62,3.94,nan,1,Right_no_left,Left,230,466,123,38485799,nan,nan,nan
9/23/2026 21:54:10,1.17.3,StopSig,62,3.94,nan,1,Right_no_left,Left,230,467,123,38510105,nan,nan,nan
9/23/2026 21:54:12,1.17.3,StopSig,62,3.94,nan,1,Right_no_left,Left,230,468,123,38512235,nan,nan,nan
9/23/2026 21:54:15,1.17.3,StopSig,62,3.94,nan,1,Right_no_left,Left,230,469,123,38514505,nan,nan,nan
9/23/2026 21:54:19,1.17.3,StopSig,62,3.93,nan,1,Right_no_left,Left,230,470,123,38517778,nan,nan,nan
9/23/2026 21:54:23,1.17.3,StopSig,62,3.94,nan,1,>Left_Stop_trial,Left,231,470,123,38524592,nan,nan,nan
9/23/2026 21:54:23,1.17.3,StopSig,62,3.93,nan,1,Right_STOP_(incorrect),Left,231,471,123,38525629,nan,nan,nan
9/23/2026 21:54:54,1.17.3,StopSig,62,3.94,nan,1,>Left_Stop_trial,Left,232,471,123,38555937,nan,nan,nan
9/23/2026 21:54:56,1.17.3,StopSig,62,3.94,nan,1,Right_STOP_(incorrect),Left,232,472,123,38558651,nan,nan,nan
9/23/2026 21:55:27,1.17.3,StopSig,62,3.94,nan,1,>Left_Regular_trial,Left,233,472,123,38588975,nan,nan,nan
9/23/2026 21:55:31,1.17.3,StopSig,62,3.94,nan,1,NoPoke_Regular_(incorrect),Left,233,472,123,38593233,nan,nan,nan
9/23/2026 21:56:02,1.17.3,StopSig,62,3.94,nan,1,Right_no_left,Left,233,473,123,38593233,nan,nan,nan
9/23/2026 21:56:07,1.17.3,StopSig,62,3.93,nan,1,>Left_Stop_trial,Left,234,473,123,38628935,nan,nan,nan
9/23/2026 21:56:08,1.17.3,StopSig,62,3.94,nan,1,Right_STOP_(incorrect),Left,234,474,123,38629985,nan,nan,nan
9/23/2026 21:56:38,1.17.3,StopSig,62,3.94,nan,1,>Left_Regular_trial,Left,235,474,123,38660309,nan,nan,nan
9/23/2026 21:56:42,1.17.3,StopSig,62,3.94,nan,1,NoPoke_Regular_(incorrect),Left,235,474,123,38664141,nan,nan,nan
9/23/2026 21:57:20,1.17.3,StopSig,62,3.93,nan,1,Right_no_left,Left,235,475,123,38664141,nan,nan,nan
9/23/2026 21:57:23,1.17.3,StopSig,62,3.94,nan,1,Right_no_left,Left,235,476,123,38702392,nan,nan,nan
9/23/2026 21:57:24,1.17.3,StopSig,62,3.94,nan,1,>Left_Regular_trial,Left,236,476,123,38705940,nan,nan,nan
9/23/2026 21:57:25,1.17.3,StopSig,62,3.93,nan,1,Right_Regular_(correct),Left,236,477,123,38707507,nan,nan,nan
9/23/2026 21:57:26,1.17.3,StopSig,62,3.94,1,1,Pellet,Left,236,477,124,38707507,0.22,222,nan
9/23/2026 21:58:10,1.17.3,StopSig,62,3.93,nan,1,Right_no_left,Left,236,478,124,38707507,nan,nan,nan
9/23/2026 21:58:12,1.17.3,StopSig,62,3.94,nan,1,>Left_Regular_trial,Left,237,478,124,38754077,nan,nan,nan
9/23/2026 21:58:13,1.17.3,StopSig,62,3.93,nan,1,Right_Regular_(correct),Left,237,479,124,38755354,nan,nan,nan
9/23/2026 21:58:14,1.17.3,StopSig,62,3.93,1,1,Pellet,Left,237,479,125,38755354,0.44,48,nan
9/23/2026 21:58:44,1.17.3,StopSig,62,3.93,nan,1,>Left_Stop_trial,Left,238,479,125,38785960,nan,nan,nan
9/23/2026 21:58:44,1.17.3,StopSig,62,3.93,nan,1,Right_STOP_(incorrect),Left,238,480,125,38786912,nan,nan,nan
9/23/2026 21:59:15,1.17.3,StopSig,62,3.94,nan,1,>Left_Regular_trial,Left,239,480,125,38817220,nan,nan,nan
9/23/2026 21:59:19,1.17.3,StopSig,62,3.93,nan,1,NoPoke_Regular_(incorrect),Left,239,480,125,38821197,nan,nan,nan
9/23/2026 22:00:06,1.17.3,StopSig,62,3.94,nan,1,>Left_Stop_trial,Left,240,480,125,38868285,nan,nan,nan
9/23/2026 22:00:10,1.17.3,StopSig,62,3.94,nan,1,NoPoke_STOP_(correct),Left,240,480,125,38872166,nan,nan,nan
9/23/2026 22:00:11,1.17.3,StopSig,62,3.94,1,1,Pellet,Left,240,480,126,38872166,0.39,117,nan
9/23/2026 22:00:38,1.17.3,StopSig,62,3.94,nan,1,Right_no_left,Left,240,481,126,38872166,nan,nan,nan
9/23/2026 22:00:45,1.17.3,StopSig,62,3.94,nan,1,>Left_Regular_trial,Left,241,481,126,38907543,nan,nan,nan
9/23/2026 22:00:47,1.17.3,StopSig,62,3.94,nan,1,Right_Regular_(correct),Left,241,482,126,38909104,nan,nan,nan
9/23/2026 22:00:50,1.17.3,StopSig,62,3.94,2,1,Pellet,Left,241,482,127,38909104,0.33,39,nan
9/23/2026 22:01:26,1.17.3,StopSig,62,3.94,nan,1,Right_no_left,Left,241,483,127,38909104,nan,nan,nan
9/23/2026 22:01:28,1.17.3,StopSig,62,3.94,nan,1,Right_no_left,Left,241,484,127,38949077,nan,nan,nan
9/23/2026 22:01:30,1.17.3,StopSig,62,3.94,nan,1,>Left_Regular_trial,Left,242,484,127,38951926,nan,nan,nan
9/23/2026 22:01:32,1.17.3,StopSig,62,3.94,nan,1,Right_Regular_(correct),Left,242,485,127,38954054,nan,nan,nan
9/23/2026 22:01:33,1.17.3,StopSig,62,3.93,2,1,Pellet,Left,242,485,128,38954054,0.16,43,nan
9/23/2026 22:01:55,1.17.3,StopSig,62,3.93,nan,1,Right_no_left,Left,242,486,128,38954054,nan,nan,nan
9/23/2026 22:01:58,1.17.3,StopSig,62,3.93,nan,1,>Left_Stop_trial,Left,243,486,128,38980206,nan,nan,nan
9/23/2026 22:02:00,1.17.3,StopSig,62,3.94,nan,1,Right_STOP_(incorrect),Left,243,487,128,38982441,nan,nan,nan
9/23/2026 22:03:29,1.17.3,StopSig,62,3.93,nan,1,>Left_Regular_trial,Left,244,487,128,39071593,nan,nan,nan
9/23/2026 22:03:30,1.17.3,StopSig,62,3.94,nan,1,Right_Regular_(correct),Left,244,488,128,39072587,nan,nan,nan
9/23/2026 22:03:31,1.17.3,StopSig,62,3.94,nan,1,RightDuringDispense,Left,244,489,128,39072587,nan,nan,0.11
9/23/2026 22:03:31,1.17.3,StopSig,62,3.93,1,1,Pellet,Left,244,489,129,39072587,0.27,118,nan
9/23/2026 22:03:59,1.17.3,StopSig,62,3.93,nan,1,Right_no_left,Left,244,490,129,39072587,nan,nan,nan
9/23/2026 22:04:00,1.17.3,StopSig,62,3.94,nan,1,Right_no_left,Left,244,491,129,39101784,nan,nan,nan
9/23/2026 22:04:02,1.17.3,StopSig,62,3.93,nan,1,>Left_Stop_trial,Left,245,491,129,39104074,nan,nan,nan
9/23/2026 22:04:03,1.17.3,StopSig,62,3.93,nan,1,Right_STOP_(incorrect),Left,245,492,129,39105458,nan,nan,nan
9/23/2026 22:04:45,1.17.3,StopSig,62,3.93,nan,1,Right_no_left,Left,245,493,129,39105458,nan,nan,nan
9/23/2026 22:04:46,1.17.3,StopSig,62,3.94,nan,1,Right_no_left,Left,245,494,129,39147707,nan,nan,nan
9/23/2026 22:04:48,1.17.3,StopSig,62,3.94,nan,1,>Left_Stop_trial,Left,246,494,129,39149411,nan,nan,nan
9/23/2026 22:04:48,1.17.3,StopSig,62,3.93,nan,1,Right_STOP_(incorrect),Left,246,495,129,39150561,nan,nan,nan
9/23/2026 22:05:25,1.17.3,StopSig,62,3.94,nan,1,>Left_Stop_trial,Left,247,495,129,39187266,nan,nan,nan
9/23/2026 22:05:26,1.17.3,StopSig,62,3.94,nan,1,Right_STOP_(incorrect),Left,247,496,129,39188299,nan,nan,nan
9/23/2026 22:07:07,1.17.3,StopSig,62,3.93,nan,1,>Left_Regular_trial,Left,248,496,129,39289386,nan,nan,nan
9/23/2026 22:07:08,1.17.3,StopSig,62,3.94,nan,1,Right_Regular_(correct),Left,248,497,129,39290522,nan,nan,nan
9/23/2026 22:07:10,1.17.3,StopSig,62,3.94,1,1,Pellet,Left,248,497,130,39290522,0.78,219,nan
9/23/2026 22:07:36,1.17.3,StopSig,62,3.94,nan,1,>Left_Regular_trial,Left,249,497,130,39318446,nan,nan,nan
9/23/2026 22:07:38,1.17.3,StopSig,62,3.94,nan,1,Right_Regular_(correct),Left,249,498,130,39320433,nan,nan,nan
9/23/2026 22:07:39,1.17.3,StopSig,62,3.94,1,1,Pellet,Left,249,498,131,39320433,0.44,29,nan
9/23/2026 22:08:18,1.17.3,StopSig,62,3.94,nan,1,Right_no_left,Left,249,499,131,39320433,nan,nan,nan
9/23/2026 22:08:19,1.17.3,StopSig,62,3.94,nan,1,Right_no_left,Left,249,500,131,39360408,nan,nan,nan
9/23/2026 22:08:21,1.17.3,StopSig,62,3.94,nan,1,>Left_Regular_trial,Left,250,500,131,39362965,nan,nan,nan
9/23/2026 22:08:23,1.17.3,StopSig,62,3.94,nan,1,Right_Regular_(correct),Left,250,501,131,39365238,nan,nan,nan
9/23/2026 22:08:24,1.17.3,StopSig,62,3.93,1,1,Pellet,Left,250,501,132,39365238,0.22,45,nan
9/23/2026 22:08:50,1.17.3,StopSig,62,3.94,nan,1,Right_no_left,Left,250,502,132,39365238,nan,nan,nan
9/23/2026 22:08:51,1.17.3,StopSig,62,3.94,nan,1,Right_no_left,Left,250,503,132,39392323,nan,nan,nan
9/23/2026 22:08:52,1.17.3,StopSig,62,3.93,nan,1,>Left_Regular_trial,Left,251,503,132,39394740,nan,nan,nan
9/23/2026 22:08:55,1.17.3,StopSig,62,3.94,nan,1,Right_Regular_(correct),Left,251,504,132,39397582,nan,nan,nan
9/23/2026 22:08:57,1.17.3,StopSig,62,3.94,2,1,Pellet,Left,251,504,133,39397582,0.27,32,nan
9/23/2026 22:09:53,1.17.3,StopSig,62,3.94,nan,1,Right_no_left,Left,251,505,133,39397582,nan,nan,nan
9/23/2026 22:09:54,1.17.3,StopSig,62,3.94,nan,1,Right_no_left,Left,251,506,133,39455948,nan,nan,nan
9/23/2026 22:09:56,1.17.3,StopSig,62,3.93,nan,1,>Left_Regular_trial,Left,252,506,133,39458221,nan,nan,nan
9/23/2026 22:09:58,1.17.3,StopSig,62,3.94,nan,1,Right_Regular_(correct),Left,252,507,133,39460496,nan,nan,nan
9/23/2026 22:09:59,1.17.3,StopSig,62,3.94,nan,1,RightDuringDispense,Left,252,508,133,39460496,nan,nan,1.06
9/23/2026 22:10:00,1.17.3,StopSig,62,3.93,1,1,Pellet,Left,252,508,134,39460496,0.22,64,nan
9/23/2026 22:10:34,1.17.3,StopSig,62,3.93,nan,1,>Left_Regular_trial,Left,253,508,134,39496062,nan,nan,nan
9/23/2026 22:10:38,1.17.3,StopSig,62,3.93,nan,1,Right_Regular_(correct),Left,253,509,134,39500182,nan,nan,nan
9/23/2026 22:10:39,1.17.3,StopSig,62,3.94,1,1,Pellet,Left,253,509,135,39500182,0.22,39,nan
9/23/2026 22:11:09,1.17.3,StopSig,62,3.94,nan,1,>Left_Stop_trial,Left,254,509,135,39531267,nan,nan,nan
9/23/2026 22:11:10,1.17.3,StopSig,62,3.94,nan,1,Right_STOP_(incorrect),Left,254,510,135,39532441,nan,nan,nan
9/23/2026 22:11:52,1.17.3,StopSig,62,3.94,nan,1,>Left_Regular_trial,Left,255,510,135,39574093,nan,nan,nan
9/23/2026 22:11:54,1.17.3,StopSig,62,3.93,nan,1,Right_Regular_(correct),Left,255,511,135,39576231,nan,nan,nan
9/23/2026 22:11:55,1.17.3,StopSig,62,3.93,1,1,Pellet,Left,255,511,136,39576231,0.44,76,nan
9/23/2026 22:12:27,1.17.3,StopSig,62,3.94,nan,1,>Left_Regular_trial,Left,256,511,136,39609071,nan,nan,nan
9/23/2026 22:12:31,1.17.3,StopSig,62,3.94,nan,1,NoPoke_Regular_(incorrect),Left,256,511,136,39613186,nan,nan,nan
9/23/2026 22:13:10,1.17.3,StopSig,62,3.93,nan,1,>Left_Stop_trial,Left,257,511,136,39651724,nan,nan,nan
9/23/2026 22:13:13,1.17.3,StopSig,62,3.93,nan,1,NoPoke_STOP_(correct),Left,257,511,136,39655184,nan,nan,nan
9/23/2026 22:13:14,1.17.3,StopSig,62,3.94,1,1,Pellet,Left,257,511,137,39655184,0.55,79,nan
9/23/2026 22:14:18,1.17.3,StopSig,62,3.93,nan,1,Right_no_left,Left,257,512,137,39655184,nan,nan,nan
9/23/2026 22:14:19,1.17.3,StopSig,62,3.94,nan,1,Right_no_left,Left,257,513,137,39720989,nan,nan,nan
9/23/2026 22:15:03,1.17.3,StopSig,62,3.93,nan,1,>Left_Regular_trial,Left,258,513,137,39765087,nan,nan,nan
9/23/2026 22:15:04,1.17.3,StopSig,62,3.94,nan,1,Right_Regular_(correct),Left,258,514,137,39766648,nan,nan,nan
9/23/2026 22:15:05,1.17.3,StopSig,62,3.94,1,1,Pellet,Left,258,514,138,39766648,0.39,111,nan
9/23/2026 22:15:41,1.17.3,StopSig,62,3.93,nan,1,Right_no_left,Left,258,515,138,39766648,nan,nan,nan
9/23/2026 22:15:42,1.17.3,StopSig,62,3.93,nan,1,Right_no_left,Left,258,516,138,39803691,nan,nan,nan
9/23/2026 22:15:43,1.17.3,StopSig,62,3.94,nan,1,Right_no_left,Left,258,517,138,39804827,nan,nan,nan
9/23/2026 22:19:28,1.17.3,StopSig,62,3.93,nan,1,>Left_Regular_trial,Left,259,517,138,40030609,nan,nan,nan
9/23/2026 22:19:32,1.17.3,StopSig,62,3.94,nan,1,NoPoke_Regular_(incorrect),Left,259,517,138,40034299,nan,nan,nan
9/23/2026 22:20:28,1.17.3,StopSig,62,3.93,nan,1,>Left_Regular_trial,Left,260,517,138,40089904,nan,nan,nan
9/23/2026 22:20:31,1.17.3,StopSig,62,3.93,nan,1,NoPoke_Regular_(incorrect),Left,260,517,138,40093171,nan,nan,nan
9/23/2026 22:27:25,1.17.3,StopSig,62,3.93,nan,1,>Left_Stop_trial,Left,261,517,138,40506658,nan,nan,nan
9/23/2026 22:27:28,1.17.3,StopSig,62,3.93,nan,1,NoPoke_STOP_(correct),Left,261,517,138,40510183,nan,nan,nan
9/23/2026 22:27:29,1.17.3,StopSig,62,3.94,1,1,Pellet,Left,261,517,139,40510183,0.27,744,nan
9/23/2026 22:28:28,1.17.3,StopSig,62,3.93,nan,1,>Left_Regular_trial,Left,262,517,139,40570396,nan,nan,nan
9/23/2026 22:28:32,1.17.3,StopSig,62,3.93,nan,1,NoPoke_Regular_(incorrect),Left,262,517,139,40574232,nan,nan,nan
9/23/2026 22:29:17,1.17.3,StopSig,62,3.94,nan,1,Right_no_left,Left,262,518,139,40574232,nan,nan,nan
9/23/2026 22:29:19,1.17.3,StopSig,62,3.93,nan,1,>Left_Regular_trial,Left,263,518,139,40621305,nan,nan,nan
9/23/2026 22:29:20,1.17.3,StopSig,62,3.93,nan,1,Right_Regular_(correct),Left,263,519,139,40622874,nan,nan,nan
9/23/2026 22:29:22,1.17.3,StopSig,62,3.94,1,1,Pellet,Left,263,519,140,40622874,0.44,112,nan
9/23/2026 22:53:05,1.17.3,StopSig,62,3.93,nan,1,Right_no_left,Left,263,520,140,40622874,nan,nan,nan
9/23/2026 22:53:08,1.17.3,StopSig,62,3.93,nan,1,Right_no_left,Left,263,521,140,42047961,nan,nan,nan
9/23/2026 22:53:08,1.17.3,StopSig,62,3.93,nan,1,Right_no_left,Left,263,522,140,42050378,nan,nan,nan
9/23/2026 22:53:12,1.17.3,StopSig,62,3.93,nan,1,Right_no_left,Left,263,523,140,42050809,nan,nan,nan
9/23/2026 22:53:13,1.17.3,StopSig,62,3.93,nan,1,Right_no_left,Left,263,524,140,42054363,nan,nan,nan
9/23/2026 22:53:16,1.17.3,StopSig,62,3.93,nan,1,Right_no_left,Left,263,525,140,42055784,nan,nan,nan
9/23/2026 22:53:20,1.17.3,StopSig,62,3.93,nan,1,Right_no_left,Left,263,526,140,42059194,nan,nan,nan
9/23/2026 22:53:21,1.17.3,StopSig,62,3.94,nan,1,Right_no_left,Left,263,527,140,42062464,nan,nan,nan
9/23/2026 22:53:21,1.17.3,StopSig,62,3.93,nan,1,Right_no_left,Left,263,528,140,42063617,nan,nan,nan
9/23/2026 22:53:25,1.17.3,StopSig,62,3.93,nan,1,Right_no_left,Left,263,529,140,42064042,nan,nan,nan
9/23/2026 22:53:25,1.17.3,StopSig,62,3.93,nan,1,Right_no_left,Left,263,530,140,42067597,nan,nan,nan
9/23/2026 22:53:29,1.17.3,StopSig,62,3.93,nan,1,Right_no_left,Left,263,531,140,42068165,nan,nan,nan
9/23/2026 22:53:29,1.17.3,StopSig,62,3.93,nan,1,Right_no_left,Left,263,532,140,42071434,nan,nan,nan
9/23/2026 22:53:31,1.17.3,StopSig,62,3.93,nan,1,>Left_Stop_trial,Left,264,532,140,42073004,nan,nan,nan
9/23/2026 22:53:32,1.17.3,StopSig,62,3.94,nan,1,Right_STOP_(incorrect),Left,264,533,140,42074295,nan,nan,nan
9/23/2026 22:54:02,1.17.3,StopSig,62,3.93,nan,1,>Left_Regular_trial,Left,265,533,140,42104603,nan,nan,nan
9/23/2026 22:54:06,1.17.3,StopSig,62,3.93,nan,1,NoPoke_Regular_(incorrect),Left,265,533,140,42108298,nan,nan,nan
9/23/2026 22:54:47,1.17.3,StopSig,62,3.93,nan,1,Right_no_left,Left,265,534,140,42108298,nan,nan,nan
9/23/2026 22:54:50,1.17.3,StopSig,62,3.93,nan,1,Right_no_left,Left,265,535,140,42149840,nan,nan,nan
9/23/2026 22:54:53,1.17.3,StopSig,62,3.94,nan,1,Right_no_left,Left,265,536,140,42152833,nan,nan,nan
9/23/2026 22:54:54,1.17.3,StopSig,62,3.93,nan,1,Right_no_left,Left,265,537,140,42155533,nan,nan,nan
9/23/2026 22:54:59,1.17.3,StopSig,62,3.93,nan,1,Right_no_left,Left,265,538,140,42156243,nan,nan,nan
9/23/2026 22:55:01,1.17.3,StopSig,62,3.93,nan,1,Right_no_left,Left,265,539,140,42162067,nan,nan,nan
9/23/2026 22:55:02,1.17.3,StopSig,62,3.93,nan,1,>Left_Regular_trial,Left,266,539,140,42164775,nan,nan,nan
9/23/2026 22:55:04,1.17.3,StopSig,62,3.94,nan,1,Right_Regular_(correct),Left,266,540,140,42166623,nan,nan,nan
9/23/2026 22:55:04,1.17.3,StopSig,62,3.93,nan,1,RightDuringDispense,Left,266,541,140,42166623,nan,nan,0.04
9/23/2026 22:55:05,1.17.3,StopSig,62,3.93,1,1,Pellet,Left,266,541,141,42166623,0.16,1544,nan
9/23/2026 22:55:43,1.17.3,StopSig,62,3.93,nan,1,Right_no_left,Left,266,542,141,42166623,nan,nan,nan
9/23/2026 22:55:46,1.17.3,StopSig,62,3.93,nan,1,Right_no_left,Left,266,543,141,42205727,nan,nan,nan
9/23/2026 22:55:48,1.17.3,StopSig,62,3.93,nan,1,Right_no_left,Left,266,544,141,42208426,nan,nan,nan
9/23/2026 22:55:50,1.17.3,StopSig,62,3.93,nan,1,>Left_Stop_trial,Left,267,544,141,42211976,nan,nan,nan
9/23/2026 22:55:51,1.17.3,StopSig,62,3.93,nan,1,Right_STOP_(incorrect),Left,267,545,141,42213166,nan,nan,nan
9/23/2026 22:56:21,1.17.3,StopSig,62,3.93,nan,1,>Left_Regular_trial,Left,268,545,141,42243474,nan,nan,nan
9/23/2026 22:56:22,1.17.3,StopSig,62,3.93,nan,1,Right_Regular_(correct),Left,268,546,141,42245043,nan,nan,nan
9/23/2026 22:56:23,1.17.3,StopSig,62,3.93,nan,1,RightDuringDispense,Left,268,547,141,42245043,nan,nan,0.01
9/23/2026 22:56:24,1.17.3,StopSig,62,3.93,1,1,Pellet,Left,268,547,142,42245043,0.27,79,nan
9/23/2026 22:56:50,1.17.3,StopSig,62,3.93,nan,1,Right_no_left,Left,268,548,142,42245043,nan,nan,nan
9/23/2026 22:56:51,1.17.3,StopSig,62,3.93,nan,1,>Left_Regular_trial,Left,269,548,142,42273785,nan,nan,nan
9/23/2026 22:56:53,1.17.3,StopSig,62,3.93,nan,1,Right_Regular_(correct),Left,269,549,142,42275355,nan,nan,nan
9/23/2026 22:56:54,1.17.3,StopSig,62,3.93,2,1,Pellet,Left,269,549,143,42275355,0.11,30,nan
9/23/2026 22:57:51,1.17.3,StopSig,62,3.93,nan,1,>Left_Regular_trial,Left,270,549,143,42333857,nan,nan,nan
9/23/2026 22:57:53,1.17.3,StopSig,62,3.93,nan,1,Right_Regular_(correct),Left,270,550,143,42335702,nan,nan,nan
9/23/2026 22:57:54,1.17.3,StopSig,62,3.93,1,1,Pellet,Left,270,550,144,42335702,0.55,60,nan
9/23/2026 22:58:20,1.17.3,StopSig,62,3.93,nan,1,Right_no_left,Left,270,551,144,42335702,nan,nan,nan
9/23/2026 22:58:21,1.17.3,StopSig,62,3.93,nan,1,Right_no_left,Left,270,552,144,42363015,nan,nan,nan
9/23/2026 22:58:22,1.17.3,StopSig,62,3.93,nan,1,Right_no_left,Left,270,553,144,42364008,nan,nan,nan
9/23/2026 22:58:27,1.17.3,StopSig,62,3.93,nan,1,Right_no_left,Left,270,554,144,42364717,nan,nan,nan
9/23/2026 22:58:32,1.17.3,StopSig,62,3.93,nan,1,Right_no_left,Left,270,555,144,42369406,nan,nan,nan
9/23/2026 22:58:34,1.17.3,StopSig,62,3.93,nan,1,Right_no_left,Left,270,556,144,42374241,nan,nan,nan
9/23/2026 22:58:36,1.17.3,StopSig,62,3.93,nan,1,Right_no_left,Left,270,557,144,42377082,nan,nan,nan
9/23/2026 22:58:38,1.17.3,StopSig,62,3.93,nan,1,>Left_Stop_trial,Left,271,557,144,42379497,nan,nan,nan
9/23/2026 22:58:38,1.17.3,StopSig,62,3.93,nan,1,Right_STOP_(incorrect),Left,271,558,144,42380797,nan,nan,nan
9/23/2026 22:59:09,1.17.3,StopSig,62,3.93,nan,1,>Left_Stop_trial,Left,272,558,144,42411105,nan,nan,nan
9/23/2026 22:59:13,1.17.3,StopSig,62,3.93,nan,1,NoPoke_STOP_(correct),Left,272,558,144,42415263,nan,nan,nan
9/23/2026 22:59:14,1.17.3,StopSig,62,3.93,1,1,Pellet,Left,272,558,145,42415263,0.22,80,nan
9/23/2026 22:59:37,1.17.3,StopSig,62,3.93,nan,1,Right_no_left,Left,272,559,145,42415263,nan,nan,nan
9/23/2026 22:59:38,1.17.3,StopSig,62,3.93,nan,1,Right_no_left,Left,272,560,145,42439743,nan,nan,nan
9/23/2026 22:59:42,1.17.3,StopSig,62,3.93,nan,1,Right_no_left,Left,272,561,145,42441163,nan,nan,nan
9/23/2026 22:59:46,1.17.3,StopSig,62,3.93,nan,1,Right_no_left,Left,272,562,145,42445149,nan,nan,nan
9/23/2026 22:59:48,1.17.3,StopSig,62,3.93,nan,1,Right_no_left,Left,272,563,145,42448698,nan,nan,nan
9/23/2026 22:59:50,1.17.3,StopSig,62,3.93,nan,1,Right_no_left,Left,272,564,145,42450261,nan,nan,nan
9/23/2026 22:59:51,1.17.3,StopSig,62,3.93,nan,1,Right_no_left,Left,272,565,145,42452970,nan,nan,nan
9/23/2026 22:59:53,1.17.3,StopSig,62,3.93,nan,1,Right_no_left,Left,272,566,145,42453253,nan,nan,nan
9/23/2026 22:59:54,1.17.3,StopSig,62,3.93,nan,1,Right_no_left,Left,272,567,145,42456102,nan,nan,nan
9/23/2026 22:59:58,1.17.3,StopSig,62,3.93,nan,1,Right_no_left,Left,272,568,145,42457096,nan,nan,nan
9/23/2026 22:59:58,1.17.3,StopSig,62,3.93,nan,1,Right_no_left,Left,272,569,145,42460221,nan,nan,nan
9/23/2026 23:00:01,1.17.3,StopSig,62,3.93,nan,1,>Left_Stop_trial,Left,273,569,145,42462494,nan,nan,nan
9/23/2026 23:00:01,1.17.3,StopSig,62,3.93,nan,1,Right_STOP_(incorrect),Left,273,570,145,42463932,nan,nan,nan
9/23/2026 23:00:32,1.17.3,StopSig,62,3.93,nan,1,>Left_Regular_trial,Left,274,570,145,42494247,nan,nan,nan
9/23/2026 23:00:36,1.17.3,StopSig,62,3.93,nan,1,NoPoke_Regular_(incorrect),Left,274,570,145,42498363,nan,nan,nan
9/23/2026 23:01:15,1.17.3,StopSig,62,3.93,nan,1,Right_no_left,Left,274,571,145,42498363,nan,nan,nan
9/23/2026 23:01:16,1.17.3,StopSig,62,3.93,nan,1,Right_no_left,Left,274,572,145,42537466,nan,nan,nan
9/23/2026 23:01:18,1.17.3,StopSig,62,3.93,nan,1,>Left_Stop_trial,Left,275,572,145,42539451,nan,nan,nan
9/23/2026 23:01:18,1.17.3,StopSig,62,3.93,nan,1,Right_STOP_(incorrect),Left,275,573,145,42540697,nan,nan,nan
9/23/2026 23:01:49,1.17.3,StopSig,62,3.93,nan,1,>Left_Regular_trial,Left,276,573,145,42571005,nan,nan,nan
9/23/2026 23:01:52,1.17.3,StopSig,62,3.93,nan,1,NoPoke_Regular_(incorrect),Left,276,573,145,42574269,nan,nan,nan
9/23/2026 23:04:01,1.17.3,StopSig,62,3.93,nan,1,Right_no_left,Left,276,574,145,42574269,nan,nan,nan
9/23/2026 23:04:09,1.17.3,StopSig,62,3.93,nan,1,Right_no_left,Left,276,575,145,42704155,nan,nan,nan
9/23/2026 23:04:11,1.17.3,StopSig,62,3.93,nan,1,Right_no_left,Left,276,576,145,42711400,nan,nan,nan
9/23/2026 23:05:40,1.17.3,StopSig,62,3.93,nan,1,>Left_Regular_trial,Left,277,576,145,42802463,nan,nan,nan
9/23/2026 23:05:42,1.17.3,StopSig,62,3.93,nan,1,Right_Regular_(correct),Left,277,577,145,42804887,nan,nan,nan
9/23/2026 23:05:44,1.17.3,StopSig,62,3.93,1,1,Pellet,Left,277,577,146,42804887,0.50,389,nan
9/23/2026 23:06:07,1.17.3,StopSig,62,3.93,nan,1,Right_no_left,Left,277,578,146,42804887,nan,nan,nan
9/23/2026 23:06:09,1.17.3,StopSig,62,3.93,nan,1,Right_no_left,Left,277,579,146,42829368,nan,nan,nan
9/23/2026 23:06:11,1.17.3,StopSig,62,3.93,nan,1,>Left_Regular_trial,Left,278,579,146,42833060,nan,nan,nan
9/23/2026 23:06:13,1.17.3,StopSig,62,3.93,nan,1,Right_Regular_(correct),Left,278,580,146,42835191,nan,nan,nan
9/23/2026 23:06:13,1.17.3,StopSig,62,3.93,2,1,Pellet,Left,278,580,147,42835191,0.05,30,nan
9/23/2026 23:06:34,1.17.3,StopSig,62,3.93,nan,1,>Left_Regular_trial,Left,279,580,147,42856106,nan,nan,nan
9/23/2026 23:06:36,1.17.3,StopSig,62,3.93,nan,1,Right_Regular_(correct),Left,279,581,147,42858243,nan,nan,nan
9/23/2026 23:06:37,1.17.3,StopSig,62,3.93,1,1,Pellet,Left,279,581,148,42858243,0.27,24,nan
9/23/2026 23:07:03,1.17.3,StopSig,62,3.93,nan,1,Right_no_left,Left,279,582,148,42858243,nan,nan,nan
9/23/2026 23:07:06,1.17.3,StopSig,62,3.93,nan,1,Right_no_left,Left,279,583,148,42885944,nan,nan,nan
9/23/2026 23:07:11,1.17.3,StopSig,62,3.93,nan,1,Right_no_left,Left,279,584,148,42888786,nan,nan,nan
9/23/2026 23:07:14,1.17.3,StopSig,62,3.93,nan,1,Right_no_left,Left,279,585,148,42893624,nan,nan,nan
9/23/2026 23:07:15,1.17.3,StopSig,62,3.93,nan,1,Right_no_left,Left,279,586,148,42896606,nan,nan,nan
9/23/2026 23:07:19,1.17.3,StopSig,62,3.93,nan,1,Right_no_left,Left,279,587,148,42898027,nan,nan,nan
9/23/2026 23:07:20,1.17.3,StopSig,62,3.93,nan,1,>Left_Regular_trial,Left,280,587,148,42902432,nan,nan,nan
9/23/2026 23:07:21,1.17.3,StopSig,62,3.93,nan,1,Right_Regular_(correct),Left,280,588,148,42903995,nan,nan,nan
9/23/2026 23:07:22,1.17.3,StopSig,62,3.93,1,1,Pellet,Left,280,588,149,42903995,0.39,45,nan
9/23/2026 23:07:43,1.17.3,StopSig,62,3.93,nan,1,>Left_Regular_trial,Left,281,588,149,42925511,nan,nan,nan
9/23/2026 23:07:44,1.17.3,StopSig,62,3.93,nan,1,Right_Regular_(correct),Left,281,589,149,42926647,nan,nan,nan
9/23/2026 23:07:45,1.17.3,StopSig,62,3.93,2,1,Pellet,Left,281,589,150,42926647,0.22,23,nan
9/23/2026 23:08:09,1.17.3,StopSig,62,3.93,nan,1,Right_no_left,Left,281,590,150,42926647,nan,nan,nan
9/23/2026 23:08:11,1.17.3,StopSig,62,3.93,nan,1,Right_no_left,Left,281,591,150,42951833,nan,nan,nan
9/23/2026 23:08:13,1.17.3,StopSig,62,3.93,nan,1,>Left_Regular_trial,Left,282,591,150,42955385,nan,nan,nan
9/23/2026 23:08:14,1.17.3,StopSig,62,3.93,nan,1,Right_Regular_(correct),Left,282,592,150,42956806,nan,nan,nan
9/23/2026 23:08:15,1.17.3,StopSig,62,3.93,1,1,Pellet,Left,282,592,151,42956806,0.39,30,nan
9/23/2026 23:08:36,1.17.3,StopSig,62,3.93,nan,1,Right_no_left,Left,282,593,151,42956806,nan,nan,nan
9/23/2026 23:08:37,1.17.3,StopSig,62,3.93,nan,1,Right_no_left,Left,282,594,151,42978922,nan,nan,nan
9/23/2026 23:08:39,1.17.3,StopSig,62,3.93,nan,1,>Left_Regular_trial,Left,283,594,151,42981480,nan,nan,nan
9/23/2026 23:08:43,1.17.3,StopSig,62,3.93,nan,1,NoPoke_Regular_(incorrect),Left,283,594,151,42985317,nan,nan,nan
9/23/2026 23:11:57,1.17.3,StopSig,62,3.93,nan,1,Right_no_left,Left,283,595,151,42985317,nan,nan,nan
9/23/2026 23:12:12,1.17.3,StopSig,62,3.93,nan,1,>Left_Regular_trial,Left,284,595,151,43194648,nan,nan,nan
9/23/2026 23:12:13,1.17.3,StopSig,62,3.93,nan,1,Right_Regular_(correct),Left,284,596,151,43195641,nan,nan,nan
9/23/2026 23:12:15,1.17.3,StopSig,62,3.93,1,1,Pellet,Left,284,596,152,43195641,0.78,239,nan
9/23/2026 23:17:59,1.17.3,StopSig,62,3.93,nan,1,>Left_Regular_trial,Left,285,596,152,43541452,nan,nan,nan
9/23/2026 23:18:03,1.17.3,StopSig,62,3.93,nan,1,NoPoke_Regular_(incorrect),Left,285,596,152,43545300,nan,nan,nan
9/23/2026 23:19:31,1.17.3,StopSig,62,3.93,nan,1,>Left_Regular_trial,Left,286,596,152,43633347,nan,nan,nan
9/23/2026 23:19:35,1.17.3,StopSig,62,3.93,nan,1,Right_Regular_(correct),Left,286,597,152,43637186,nan,nan,nan
9/23/2026 23:19:36,1.17.3,StopSig,62,3.93,1,1,Pellet,Left,286,597,153,43637186,0.50,442,nan
9/23/2026 23:19:54,1.17.3,StopSig,62,3.93,nan,1,>Left_Regular_trial,Left,287,597,153,43656768,nan,nan,nan
9/23/2026 23:19:58,1.17.3,StopSig,62,3.93,nan,1,NoPoke_Regular_(incorrect),Left,287,597,153,43660317,nan,nan,nan
9/23/2026 23:20:33,1.17.3,StopSig,62,3.93,nan,1,Right_no_left,Left,287,598,153,43660317,nan,nan,nan
9/23/2026 23:20:38,1.17.3,StopSig,62,3.93,nan,1,Right_no_left,Left,287,599,153,43695890,nan,nan,nan
9/23/2026 23:20:42,1.17.3,StopSig,62,3.93,nan,1,>Left_Regular_trial,Left,288,599,153,43704848,nan,nan,nan
9/23/2026 23:20:43,1.17.3,StopSig,62,3.93,nan,1,Right_Regular_(correct),Left,288,600,153,43705844,nan,nan,nan
9/23/2026 23:20:44,1.17.3,StopSig,62,3.93,1,1,Pellet,Left,288,600,154,43705844,0.44,68,nan
9/23/2026 23:21:07,1.17.3,StopSig,62,3.93,nan,1,Right_no_left,Left,288,601,154,43705844,nan,nan,nan
9/23/2026 23:21:08,1.17.3,StopSig,62,3.93,nan,1,Right_no_left,Left,288,602,154,43729897,nan,nan,nan
9/23/2026 23:21:09,1.17.3,StopSig,62,3.93,nan,1,>Left_Regular_trial,Left,289,602,154,43731601,nan,nan,nan
9/23/2026 23:21:10,1.17.3,StopSig,62,3.93,nan,1,Right_Regular_(correct),Left,289,603,154,43732737,nan,nan,nan
9/23/2026 23:21:11,1.17.3,StopSig,62,3.93,2,1,Pellet,Left,289,603,155,43732737,0.11,27,nan
9/23/2026 23:21:32,1.17.3,StopSig,62,3.93,nan,1,Right_no_left,Left,289,604,155,43732737,nan,nan,nan
9/23/2026 23:21:36,1.17.3,StopSig,62,3.93,nan,1,Right_no_left,Left,289,605,155,43755215,nan,nan,nan
9/23/2026 23:21:40,1.17.3,StopSig,62,3.93,nan,1,>Left_Regular_trial,Left,290,605,155,43762180,nan,nan,nan
9/23/2026 23:21:41,1.17.3,StopSig,62,3.93,nan,1,Right_Regular_(correct),Left,290,606,155,43764026,nan,nan,nan
9/23/2026 23:21:42,1.17.3,StopSig,62,3.93,1,1,Pellet,Left,290,606,156,43764026,0.22,31,nan
9/23/2026 23:22:11,1.17.3,StopSig,62,3.93,nan,1,>Left_Regular_trial,Left,291,606,156,43793390,nan,nan,nan
9/23/2026 23:22:15,1.17.3,StopSig,62,3.93,nan,1,NoPoke_Regular_(incorrect),Left,291,606,156,43797370,nan,nan,nan
9/23/2026 23:30:16,1.17.3,StopSig,62,3.93,nan,1,>Left_Regular_trial,Left,292,606,156,44278668,nan,nan,nan
9/23/2026 23:30:19,1.17.3,StopSig,62,3.93,nan,1,Right_Regular_(correct),Left,292,607,156,44281229,nan,nan,nan
9/23/2026 23:30:20,1.17.3,StopSig,62,3.93,1,1,Pellet,Left,292,607,157,44281229,0.50,518,nan
9/23/2026 23:30:44,1.17.3,StopSig,62,3.93,nan,1,Right_no_left,Left,292,608,157,44281229,nan,nan,nan
9/23/2026 23:30:51,1.17.3,StopSig,62,3.93,nan,1,Right_no_left,Left,292,609,157,44306588,nan,nan,nan
9/23/2026 23:30:51,1.17.3,StopSig,62,3.93,nan,1,Right_no_left,Left,292,610,157,44313423,nan,nan,nan
9/23/2026 23:30:52,1.17.3,StopSig,62,3.93,nan,1,Right_no_left,Left,292,611,157,44314275,nan,nan,nan
9/23/2026 23:30:56,1.17.3,StopSig,62,3.93,nan,1,Right_no_left,Left,292,612,157,44315269,nan,nan,nan
9/23/2026 23:30:59,1.17.3,StopSig,62,3.93,nan,1,Right_no_left,Left,292,613,157,44318539,nan,nan,nan
9/23/2026 23:31:01,1.17.3,StopSig,62,3.93,nan,1,>Left_Regular_trial,Left,293,613,157,44323083,nan,nan,nan
9/23/2026 23:31:04,1.17.3,StopSig,62,3.93,nan,1,NoPoke_Regular_(incorrect),Left,293,613,157,44326347,nan,nan,nan
9/23/2026 23:34:59,1.17.3,StopSig,62,3.93,nan,1,Right_no_left,Left,293,614,157,44326347,nan,nan,nan
9/23/2026 23:35:00,1.17.3,StopSig,62,3.93,nan,1,Right_no_left,Left,293,615,157,44561579,nan,nan,nan
9/23/2026 23:35:03,1.17.3,StopSig,62,3.93,nan,1,Right_no_left,Left,293,616,157,44563156,nan,nan,nan
9/23/2026 23:35:05,1.17.3,StopSig,62,3.93,nan,1,>Left_Regular_trial,Left,294,616,157,44567133,nan,nan,nan
9/23/2026 23:35:06,1.17.3,StopSig,62,3.93,nan,1,Right_Regular_(correct),Left,294,617,157,44568694,nan,nan,nan
9/23/2026 23:35:07,1.17.3,StopSig,62,3.93,1,1,Pellet,Left,294,617,158,44568694,0.55,287,nan
9/23/2026 23:35:30,1.17.3,StopSig,62,3.93,nan,1,Right_no_left,Left,294,618,158,44568694,nan,nan,nan
9/23/2026 23:35:32,1.17.3,StopSig,62,3.93,nan,1,>Left_Regular_trial,Left,295,618,158,44594403,nan,nan,nan
9/23/2026 23:35:33,1.17.3,StopSig,62,3.93,nan,1,Right_Regular_(correct),Left,295,619,158,44595967,nan,nan,nan
9/23/2026 23:35:35,1.17.3,StopSig,62,3.93,1,1,Pellet,Left,295,619,159,44595967,0.50,28,nan
9/23/2026 23:35:56,1.17.3,StopSig,62,3.93,nan,1,Right_no_left,Left,295,620,159,44595967,nan,nan,nan
9/23/2026 23:35:58,1.17.3,StopSig,62,3.93,nan,1,Right_no_left,Left,295,621,159,44619212,nan,nan,nan
9/23/2026 23:36:00,1.17.3,StopSig,62,3.93,nan,1,Right_no_left,Left,295,622,159,44620793,nan,nan,nan
9/23/2026 23:36:10,1.17.3,StopSig,62,3.93,nan,1,>Left_Regular_trial,Left,296,622,159,44632030,nan,nan,nan
9/23/2026 23:36:13,1.17.3,StopSig,62,3.93,nan,1,NoPoke_Regular_(incorrect),Left,296,622,159,44635444,nan,nan,nan
9/23/2026 23:36:53,1.17.3,StopSig,62,3.93,nan,1,Right_no_left,Left,296,623,159,44635444,nan,nan,nan
9/23/2026 23:36:53,1.17.3,StopSig,62,3.93,nan,1,Right_no_left,Left,296,624,159,44675428,nan,nan,nan
9/23/2026 23:36:55,1.17.3,StopSig,62,3.93,nan,1,Right_no_left,Left,296,625,159,44676145,nan,nan,nan
9/23/2026 23:36:57,1.17.3,StopSig,62,3.93,nan,1,Right_no_left,Left,296,626,159,44677566,nan,nan,nan
9/23/2026 23:37:00,1.17.3,StopSig,62,3.93,nan,1,Right_no_left,Left,296,627,159,44679842,nan,nan,nan
9/23/2026 23:37:08,1.17.3,StopSig,62,3.93,nan,1,Right_no_left,Left,296,628,159,44682972,nan,nan,nan
9/23/2026 23:37:12,1.17.3,StopSig,62,3.93,nan,1,Right_no_left,Left,296,629,159,44690505,nan,nan,nan
9/23/2026 23:37:14,1.17.3,StopSig,62,3.93,nan,1,>Left_Regular_trial,Left,297,629,159,44696484,nan,nan,nan
9/23/2026 23:37:18,1.17.3,StopSig,62,3.93,nan,1,NoPoke_Regular_(incorrect),Left,297,629,159,44700321,nan,nan,nan
9/23/2026 23:39:06,1.17.3,StopSig,62,3.93,nan,1,>Left_Regular_trial,Left,298,629,159,44808135,nan,nan,nan
9/23/2026 23:39:09,1.17.3,StopSig,62,3.93,nan,1,NoPoke_Regular_(incorrect),Left,298,629,159,44811407,nan,nan,nan
9/23/2026 23:40:10,1.17.3,StopSig,62,3.93,nan,1,Right_no_left,Left,298,630,159,44811407,nan,nan,nan
9/23/2026 23:40:11,1.17.3,StopSig,62,3.93,nan,1,>Left_Regular_trial,Left,299,630,159,44873734,nan,nan,nan
9/23/2026 23:40:14,1.17.3,StopSig,62,3.93,nan,1,Right_Regular_(correct),Left,299,631,159,44876861,nan,nan,nan
9/23/2026 23:40:16,1.17.3,StopSig,62,3.93,1,1,Pellet,Left,299,631,160,44876861,0.55,280,nan
9/23/2026 23:40:41,1.17.3,StopSig,62,3.93,nan,1,>Left_Regular_trial,Left,300,631,160,44903182,nan,nan,nan
9/23/2026 23:40:43,1.17.3,StopSig,62,3.93,nan,1,Right_Regular_(correct),Left,300,632,160,44905460,nan,nan,nan
9/23/2026 23:40:43,1.17.3,StopSig,62,3.93,nan,1,RightDuringDispense,Left,300,633,160,44905460,nan,nan,0.04
9/23/2026 23:40:44,1.17.3,StopSig,62,3.93,2,1,Pellet,Left,300,633,161,44905460,0.27,29,nan
9/23/2026 23:41:07,1.17.3,StopSig,62,3.93,nan,1,>Left_Regular_trial,Left,301,633,161,44929234,nan,nan,nan
9/23/2026 23:41:08,1.17.3,StopSig,62,3.93,nan,1,Right_Regular_(correct),Left,301,634,161,44930661,nan,nan,nan
9/23/2026 23:41:09,1.17.3,StopSig,62,3.93,1,1,Pellet,Left,301,634,162,44930661,0.33,25,nan
9/23/2026 23:41:32,1.17.3,StopSig,62,3.93,nan,1,Right_no_left,Left,301,635,162,44930661,nan,nan,nan
9/23/2026 23:41:34,1.17.3,StopSig,62,3.93,nan,1,Right_no_left,Left,301,636,162,44954796,nan,nan,nan
9/23/2026 23:41:34,1.17.3,StopSig,62,3.93,nan,1,Right_no_left,Left,301,637,162,44956499,nan,nan,nan
9/23/2026 23:41:36,1.17.3,StopSig,62,3.93,nan,1,>Left_Regular_trial,Left,302,637,162,44958201,nan,nan,nan
9/23/2026 23:41:38,1.17.3,StopSig,62,3.93,nan,1,Right_Regular_(correct),Left,302,638,162,44960337,nan,nan,nan
9/23/2026 23:41:39,1.17.3,StopSig,62,3.93,1,1,Pellet,Left,302,638,163,44960337,0.55,30,nan
9/23/2026 23:42:03,1.17.3,StopSig,62,3.93,nan,1,Right_no_left,Left,302,639,163,44960337,nan,nan,nan
9/23/2026 23:42:08,1.17.3,StopSig,62,3.93,nan,1,>Left_Regular_trial,Left,303,639,163,44990465,nan,nan,nan
9/23/2026 23:42:12,1.17.3,StopSig,62,3.93,nan,1,NoPoke_Regular_(incorrect),Left,303,639,163,44994445,nan,nan,nan
9/23/2026 23:43:04,1.17.3,StopSig,62,3.93,nan,1,>Left_Stop_trial,Left,304,639,163,45046090,nan,nan,nan
9/23/2026 23:43:07,1.17.3,StopSig,62,3.93,nan,1,NoPoke_STOP_(correct),Left,304,639,163,45049451,nan,nan,nan
9/23/2026 23:43:08,1.17.3,StopSig,62,3.93,1,1,Pellet,Left,304,639,164,45049451,0.55,89,nan
9/23/2026 23:43:32,1.17.3,StopSig,62,3.93,nan,1,Right_no_left,Left,304,640,164,45049451,nan,nan,nan
9/23/2026 23:43:35,1.17.3,StopSig,62,3.93,nan,1,Right_no_left,Left,304,641,164,45074513,nan,nan,nan
9/23/2026 23:43:36,1.17.3,StopSig,62,3.93,nan,1,>Left_Regular_trial,Left,305,641,164,45078638,nan,nan,nan
9/23/2026 23:43:37,1.17.3,StopSig,62,3.93,nan,1,Right_Regular_(correct),Left,305,642,164,45080057,nan,nan,nan
9/23/2026 23:43:40,1.17.3,StopSig,62,3.93,1,1,Pellet,Left,305,642,165,45080057,1.61,32,nan
9/23/2026 23:44:33,1.17.3,StopSig,62,3.93,nan,1,>Left_Regular_trial,Left,306,642,165,45135796,nan,nan,nan
9/23/2026 23:44:37,1.17.3,StopSig,62,3.93,nan,1,NoPoke_Regular_(incorrect),Left,306,642,165,45139349,nan,nan,nan
9/23/2026 23:47:11,1.17.3,StopSig,62,3.93,nan,1,>Left_Stop_trial,Left,307,642,165,45293097,nan,nan,nan
9/23/2026 23:47:14,1.17.3,StopSig,62,3.93,nan,1,NoPoke_STOP_(correct),Left,307,642,165,45296379,nan,nan,nan
9/23/2026 23:47:17,1.17.3,StopSig,62,3.93,1,1,Pellet,Left,307,642,166,45296379,2.29,217,nan
9/23/2026 23:47:42,1.17.3,StopSig,62,3.93,nan,1,>Left_Regular_trial,Left,308,642,166,45324983,nan,nan,nan
9/23/2026 23:47:46,1.17.3,StopSig,62,3.93,nan,1,NoPoke_Regular_(incorrect),Left,308,642,166,45328394,nan,nan,nan
9/23/2026 23:53:18,1.17.3,StopSig,62,3.93,nan,1,Right_no_left,Left,308,643,166,45328394,nan,nan,nan
9/23/2026 23:56:01,1.17.3,StopSig,62,3.93,nan,1,Right_no_left,Left,308,644,166,45660854,nan,nan,nan
9/23/2026 23:56:04,1.17.3,StopSig,62,3.93,nan,1,Right_no_left,Left,308,645,166,45823457,nan,nan,nan
9/23/2026 23:56:14,1.17.3,StopSig,62,3.93,nan,1,Right_no_left,Left,308,646,166,45826586,nan,nan,nan
9/23/2026 23:56:23,1.17.3,StopSig,62,3.93,nan,1,>Left_Regular_trial,Left,309,646,166,45845087,nan,nan,nan
9/23/2026 23:56:26,1.17.3,StopSig,62,3.93,nan,1,NoPoke_Regular_(incorrect),Left,309,646,166,45848365,nan,nan,nan
9/23/2026 23:59:34,1.17.3,StopSig,62,3.93,nan,1,Right_no_left,Left,309,647,166,45848365,nan,nan,nan
9/24/2026 0:02:34,1.17.3,StopSig,62,3.93,nan,1,Right_no_left,Left,309,648,166,46036592,nan,nan,nan
9/24/2026 0:02:35,1.17.3,StopSig,62,3.93,nan,1,Right_no_left,Left,309,649,166,46216354,nan,nan,nan
9/24/2026 0:02:40,1.17.3,StopSig,62,3.93,nan,1,Right_no_left,Left,309,650,166,46217775,nan,nan,nan
9/24/2026 0:02:46,1.17.3,StopSig,62,3.93,nan,1,Right_no_left,Left,309,651,166,46223185,nan,nan,nan
9/24/2026 0:02:51,1.17.3,StopSig,62,3.93,nan,1,Right_no_left,Left,309,652,166,46228873,nan,nan,nan
9/24/2026 0:02:52,1.17.3,StopSig,62,3.93,nan,1,Right_no_left,Left,309,653,166,46234131,nan,nan,nan
9/24/2026 0:02:56,1.17.3,StopSig,62,3.93,nan,1,Right_no_left,Left,309,654,166,46234994,nan,nan,nan
9/24/2026 0:02:59,1.17.3,StopSig,62,3.93,nan,1,Right_no_left,Left,309,655,166,46238549,nan,nan,nan
9/24/2026 0:02:59,1.17.3,StopSig,62,3.92,nan,1,Right_no_left,Left,309,656,166,46241398,nan,nan,nan
9/24/2026 0:03:01,1.17.3,StopSig,62,3.93,nan,1,>Left_Regular_trial,Left,310,656,166,46243114,nan,nan,nan
9/24/2026 0:03:04,1.17.3,StopSig,62,3.93,nan,1,NoPoke_Regular_(incorrect),Left,310,656,166,46246382,nan,nan,nan
9/24/2026 0:03:35,1.17.3,StopSig,62,3.93,nan,1,Right_no_left,Left,310,657,166,46246382,nan,nan,nan
9/24/2026 0:03:39,1.17.3,StopSig,62,3.93,nan,1,Right_no_left,Left,310,658,166,46277542,nan,nan,nan
9/24/2026 0:03:42,1.17.3,StopSig,62,3.93,nan,1,Right_no_left,Left,310,659,166,46282094,nan,nan,nan
9/24/2026 0:03:45,1.17.3,StopSig,62,3.93,nan,1,Right_no_left,Left,310,660,166,46284794,nan,nan,nan
9/24/2026 0:03:47,1.17.3,StopSig,62,3.93,nan,1,Right_no_left,Left,310,661,166,46287351,nan,nan,nan
9/24/2026 0:03:48,1.17.3,StopSig,62,3.93,nan,1,Right_no_left,Left,310,662,166,46289909,nan,nan,nan
9/24/2026 0:03:50,1.17.3,StopSig,62,3.93,nan,1,>Left_Regular_trial,Left,311,662,166,46292607,nan,nan,nan
9/24/2026 0:03:51,1.17.3,StopSig,62,3.93,nan,1,Right_Regular_(correct),Left,311,663,166,46294032,nan,nan,nan
9/24/2026 0:03:53,1.17.3,StopSig,62,3.93,1,1,Pellet,Left,311,663,167,46294032,0.44,995,nan
9/24/2026 0:04:16,1.17.3,StopSig,62,3.93,nan,1,Right_no_left,Left,311,664,167,46294032,nan,nan,nan
9/24/2026 0:04:18,1.17.3,StopSig,62,3.93,nan,1,>Left_Regular_trial,Left,312,664,167,46320187,nan,nan,nan
9/24/2026 0:04:20,1.17.3,StopSig,62,3.93,nan,1,Right_Regular_(correct),Left,312,665,167,46322316,nan,nan,nan
9/24/2026 0:04:21,1.17.3,StopSig,62,3.93,1,1,Pellet,Left,312,665,168,46322316,0.22,28,nan
9/24/2026 0:04:41,1.17.3,StopSig,62,3.93,nan,1,>Left_Regular_trial,Left,313,665,168,46343973,nan,nan,nan
9/24/2026 0:04:44,1.17.3,StopSig,62,3.93,nan,1,Right_Regular_(correct),Left,313,666,168,46346388,nan,nan,nan
9/24/2026 0:04:45,1.17.3,StopSig,62,3.93,1,1,Pellet,Left,313,666,169,46346388,0.22,25,nan
9/24/2026 0:05:07,1.17.3,StopSig,62,3.93,nan,1,Right_no_left,Left,313,667,169,46346388,nan,nan,nan
9/24/2026 0:05:09,1.17.3,StopSig,62,3.93,nan,1,Right_no_left,Left,313,668,169,46370247,nan,nan,nan
9/24/2026 0:05:14,1.17.3,StopSig,62,3.93,nan,1,Right_no_left,Left,313,669,169,46371525,nan,nan,nan
9/24/2026 0:05:15,1.17.3,StopSig,62,3.93,nan,1,Right_no_left,Left,313,670,169,46376358,nan,nan,nan
9/24/2026 0:05:17,1.17.3,StopSig,62,3.93,nan,1,Right_no_left,Left,313,671,169,46377494,nan,nan,nan
9/24/2026 0:05:18,1.17.3,StopSig,62,3.92,nan,1,Right_no_left,Left,313,672,169,46380050,nan,nan,nan
9/24/2026 0:05:20,1.17.3,StopSig,62,3.93,nan,1,Right_no_left,Left,313,673,169,46381191,nan,nan,nan
9/24/2026 0:05:23,1.17.3,StopSig,62,3.93,nan,1,Right_no_left,Left,313,674,169,46382753,nan,nan,nan
9/24/2026 0:05:23,1.17.3,StopSig,62,3.93,nan,1,Right_no_left,Left,313,675,169,46385451,nan,nan,nan
9/24/2026 0:05:23,1.17.3,StopSig,62,3.93,nan,1,Right_no_left,Left,313,676,169,46385734,nan,nan,nan
9/24/2026 0:05:26,1.17.3,StopSig,62,3.93,nan,1,>Left_Stop_trial,Left,314,676,169,46387864,nan,nan,nan
9/24/2026 0:05:27,1.17.3,StopSig,62,3.93,nan,1,Right_STOP_(incorrect),Left,314,677,169,46389775,nan,nan,nan
9/24/2026 0:05:58,1.17.3,StopSig,62,3.93,nan,1,>Left_Regular_trial,Left,315,677,169,46420083,nan,nan,nan
9/24/2026 0:06:01,1.17.3,StopSig,62,3.93,nan,1,NoPoke_Regular_(incorrect),Left,315,677,169,46423490,nan,nan,nan
9/24/2026 0:06:41,1.17.3,StopSig,62,3.93,nan,1,Right_no_left,Left,315,678,169,46423490,nan,nan,nan
9/24/2026 0:06:44,1.17.3,StopSig,62,3.93,nan,1,>Left_Regular_trial,Left,316,678,169,46466580,nan,nan,nan
9/24/2026 0:06:46,1.17.3,StopSig,62,3.93,nan,1,Right_Regular_(correct),Left,316,679,169,46468869,nan,nan,nan
9/24/2026 0:06:47,1.17.3,StopSig,62,3.93,2,1,Pellet,Left,316,679,170,46468869,0.11,122,nan
9/24/2026 0:07:13,1.17.3,StopSig,62,3.93,nan,1,Right_no_left,Left,316,680,170,46468869,nan,nan,nan
9/24/2026 0:07:16,1.17.3,StopSig,62,3.93,nan,1,>Left_Stop_trial,Left,317,680,170,46498237,nan,nan,nan
9/24/2026 0:07:17,1.17.3,StopSig,62,3.93,nan,1,Right_STOP_(incorrect),Left,317,681,170,46500134,nan,nan,nan
9/24/2026 0:08:19,1.17.3,StopSig,62,3.93,nan,1,>Left_Regular_trial,Left,318,681,170,46561091,nan,nan,nan
9/24/2026 0:08:22,1.17.3,StopSig,62,3.93,nan,1,NoPoke_Regular_(incorrect),Left,318,681,170,46564498,nan,nan,nan
9/24/2026 0:09:10,1.17.3,StopSig,62,3.93,nan,1,>Left_Regular_trial,Left,319,681,170,46612139,nan,nan,nan
9/24/2026 0:09:12,1.17.3,StopSig,62,3.93,nan,1,Right_Regular_(correct),Left,319,682,170,46614551,nan,nan,nan
9/24/2026 0:09:13,1.17.3,StopSig,62,3.93,1,1,Pellet,Left,319,682,171,46614551,0.27,146,nan
9/24/2026 0:09:37,1.17.3,StopSig,62,3.93,nan,1,>Left_Stop_trial,Left,320,682,171,46638912,nan,nan,nan
9/24/2026 0:09:38,1.17.3,StopSig,62,3.93,nan,1,Right_STOP_(incorrect),Left,320,683,171,46641061,nan,nan,nan
9/24/2026 0:10:17,1.17.3,StopSig,62,3.93,nan,1,>Left_Regular_trial,Left,321,683,171,46679317,nan,nan,nan
9/24/2026 0:10:21,1.17.3,StopSig,62,3.93,nan,1,NoPoke_Regular_(incorrect),Left,321,683,171,46683429,nan,nan,nan
9/24/2026 0:11:32,1.17.3,StopSig,62,3.93,nan,1,>Left_Regular_trial,Left,322,683,171,46754407,nan,nan,nan
9/24/2026 0:11:34,1.17.3,StopSig,62,3.93,nan,1,Right_Regular_(correct),Left,322,684,171,46756398,nan,nan,nan
9/24/2026 0:11:35,1.17.3,StopSig,62,3.93,1,1,Pellet,Left,322,684,172,46756398,0.22,142,nan
9/24/2026 0:12:08,1.17.3,StopSig,62,3.93,nan,1,Right_no_left,Left,322,685,172,46756398,nan,nan,nan
9/24/2026 0:12:09,1.17.3,StopSig,62,3.93,nan,1,Right_no_left,Left,322,686,172,46790714,nan,nan,nan
9/24/2026 0:12:11,1.17.3,StopSig,62,3.93,nan,1,Right_no_left,Left,322,687,172,46791850,nan,nan,nan
9/24/2026 0:12:11,1.17.3,StopSig,62,3.93,nan,1,Right_no_left,Left,322,688,172,46793418,nan,nan,nan
9/24/2026 0:12:17,1.17.3,StopSig,62,3.93,nan,1,>Left_Stop_trial,Left,323,688,172,46799385,nan,nan,nan
9/24/2026 0:12:19,1.17.3,StopSig,62,3.93,nan,1,Right_STOP_(incorrect),Left,323,689,172,46801404,nan,nan,nan
9/24/2026 0:12:59,1.17.3,StopSig,62,3.93,nan,1,>Left_Regular_trial,Left,324,689,172,46841940,nan,nan,nan
9/24/2026 0:13:00,1.17.3,StopSig,62,3.92,nan,1,Right_Regular_(correct),Left,324,690,172,46843075,nan,nan,nan
9/24/2026 0:13:01,1.17.3,StopSig,62,3.93,1,1,Pellet,Left,324,690,173,46843075,0.05,86,nan
9/24/2026 0:13:27,1.17.3,StopSig,62,3.93,nan,1,Right_no_left,Left,324,691,173,46843075,nan,nan,nan
9/24/2026 0:13:28,1.17.3,StopSig,62,3.92,nan,1,Right_no_left,Left,324,692,173,46869723,nan,nan,nan
9/24/2026 0:13:36,1.17.3,StopSig,62,3.93,nan,1,Right_no_left,Left,324,693,173,46870999,nan,nan,nan
9/24/2026 0:13:37,1.17.3,StopSig,62,3.93,nan,1,Right_no_left,Left,324,694,173,46878664,nan,nan,nan
9/24/2026 0:13:38,1.17.3,StopSig,62,3.93,nan,1,Right_no_left,Left,324,695,173,46879379,nan,nan,nan
9/24/2026 0:13:41,1.17.3,StopSig,62,3.93,nan,1,Right_no_left,Left,324,696,173,46881081,nan,nan,nan
9/24/2026 0:13:43,1.17.3,StopSig,62,3.93,nan,1,>Left_Regular_trial,Left,325,696,173,46885623,nan,nan,nan
9/24/2026 0:13:47,1.17.3,StopSig,62,3.93,nan,1,NoPoke_Regular_(incorrect),Left,325,696,173,46889458,nan,nan,nan
9/24/2026 0:14:17,1.17.3,StopSig,62,3.93,nan,1,Right_no_left,Left,325,697,173,46889458,nan,nan,nan
9/24/2026 0:14:20,1.17.3,StopSig,62,3.93,nan,1,Right_no_left,Left,325,698,173,46920207,nan,nan,nan
9/24/2026 0:14:25,1.17.3,StopSig,62,3.93,nan,1,Right_no_left,Left,325,699,173,46922760,nan,nan,nan
9/24/2026 0:14:27,1.17.3,StopSig,62,3.93,nan,1,>Left_Regular_trial,Left,326,699,173,46929718,nan,nan,nan
9/24/2026 0:14:29,1.17.3,StopSig,62,3.93,nan,1,Right_Regular_(correct),Left,326,700,173,46931563,nan,nan,nan
9/24/2026 0:14:30,1.17.3,StopSig,62,3.93,1,1,Pellet,Left,326,700,174,46931563,0.27,89,nan
9/24/2026 0:15:05,1.17.3,StopSig,62,3.93,nan,1,>Left_Regular_trial,Left,327,700,174,46967779,nan,nan,nan
9/24/2026 0:15:07,1.17.3,StopSig,62,3.93,nan,1,Right_Regular_(correct),Left,327,701,174,46970189,nan,nan,nan
9/24/2026 0:15:26,1.17.3,StopSig,62,3.92,2,1,Pellet,Left,327,701,175,46970189,15.51,56,nan
9/24/2026 0:15:56,1.17.3,StopSig,62,3.93,nan,1,Right_no_left,Left,327,702,175,46970189,nan,nan,nan
9/24/2026 0:15:59,1.17.3,StopSig,62,3.93,nan,1,>Left_Regular_trial,Left,328,702,175,47021649,nan,nan,nan
9/24/2026 0:16:03,1.17.3,StopSig,62,3.93,nan,1,Right_Regular_(correct),Left,328,703,175,47025488,nan,nan,nan
9/24/2026 0:16:04,1.17.3,StopSig,62,3.93,2,1,Pellet,Left,328,703,176,47025488,0.11,38,nan
9/24/2026 0:23:07,1.17.3,StopSig,62,3.93,nan,1,Right_no_left,Left,328,704,176,47025488,nan,nan,nan
9/24/2026 0:23:33,1.17.3,StopSig,62,3.93,nan,1,Right_no_left,Left,328,705,176,47449945,nan,nan,nan
9/24/2026 0:23:34,1.17.3,StopSig,62,3.92,nan,1,Right_no_left,Left,328,706,176,47475950,nan,nan,nan
9/24/2026 0:23:42,1.17.3,StopSig,62,3.93,nan,1,>Left_Stop_trial,Left,329,706,176,47483914,nan,nan,nan
9/24/2026 0:23:42,1.17.3,StopSig,62,3.93,nan,1,Right_STOP_(incorrect),Left,329,707,176,47485018,nan,nan,nan
9/24/2026 0:25:05,1.17.3,StopSig,62,3.93,nan,1,>Left_Regular_trial,Left,330,707,176,47567426,nan,nan,nan
9/24/2026 0:25:09,1.17.3,StopSig,62,3.93,nan,1,NoPoke_Regular_(incorrect),Left,330,707,176,47571543,nan,nan,nan
9/24/2026 0:29:19,1.17.3,StopSig,62,3.92,nan,1,>Left_Stop_trial,Left,331,707,176,47821374,nan,nan,nan
9/24/2026 0:29:23,1.17.3,StopSig,62,3.92,nan,1,NoPoke_STOP_(correct),Left,331,707,176,47825488,nan,nan,nan
9/24/2026 0:29:26,1.17.3,StopSig,62,3.93,1,1,Pellet,Left,331,707,177,47825488,2.62,802,nan
9/24/2026 0:30:46,1.17.3,StopSig,62,3.93,nan,1,Right_no_left,Left,331,708,177,47825488,nan,nan,nan
9/24/2026 0:30:49,1.17.3,StopSig,62,3.93,nan,1,Right_no_left,Left,331,709,177,47908480,nan,nan,nan
9/24/2026 0:30:52,1.17.3,StopSig,62,3.93,nan,1,>Left_Regular_trial,Left,332,709,177,47914721,nan,nan,nan
9/24/2026 0:30:53,1.17.3,StopSig,62,3.93,nan,1,Right_Regular_(correct),Left,332,710,177,47915863,nan,nan,nan
9/24/2026 0:30:54,1.17.3,StopSig,62,3.93,1,1,Pellet,Left,332,710,178,47915863,0.27,88,nan
9/24/2026 0:31:22,1.17.3,StopSig,62,3.93,nan,1,Right_no_left,Left,332,711,178,47915863,nan,nan,nan
9/24/2026 0:31:23,1.17.3,StopSig,62,3.92,nan,1,Right_no_left,Left,332,712,178,47945001,nan,nan,nan
9/24/2026 0:31:26,1.17.3,StopSig,62,3.93,nan,1,>Left_Stop_trial,Left,333,712,178,47947978,nan,nan,nan
9/24/2026 0:31:29,1.17.3,StopSig,62,3.93,nan,1,NoPoke_STOP_(correct),Left,333,712,178,47951484,nan,nan,nan
9/24/2026 0:31:30,1.17.3,StopSig,62,3.93,1,1,Pellet,Left,333,712,179,47951484,0.39,36,nan
9/24/2026 0:32:35,1.17.3,StopSig,62,3.93,nan,1,Right_no_left,Left,333,713,179,47951484,nan,nan,nan
9/24/2026 0:32:36,1.17.3,StopSig,62,3.93,nan,1,Right_no_left,Left,333,714,179,48017758,nan,nan,nan
9/24/2026 0:32:39,1.17.3,StopSig,62,3.92,nan,1,>Left_Regular_trial,Left,334,714,179,48021871,nan,nan,nan
9/24/2026 0:32:42,1.17.3,StopSig,62,3.92,nan,1,Right_Regular_(correct),Left,334,715,179,48024997,nan,nan,nan
9/24/2026 0:32:43,1.17.3,StopSig,62,3.92,2,1,Pellet,Left,334,715,180,48024997,0.16,73,nan
9/24/2026 0:33:03,1.17.3,StopSig,62,3.93,nan,1,>Left_Regular_trial,Left,335,715,180,48045665,nan,nan,nan
9/24/2026 0:33:07,1.17.3,StopSig,62,3.93,nan,1,NoPoke_Regular_(incorrect),Left,335,715,180,48049498,nan,nan,nan
9/24/2026 0:34:28,1.17.3,StopSig,62,3.93,nan,1,Right_no_left,Left,335,716,180,48049498,nan,nan,nan
9/24/2026 0:34:31,1.17.3,StopSig,62,3.93,nan,1,Right_no_left,Left,335,717,180,48131210,nan,nan,nan
9/24/2026 0:35:21,1.17.3,StopSig,62,3.92,nan,1,Right_no_left,Left,335,718,180,48133907,nan,nan,nan
9/24/2026 0:35:24,1.17.3,StopSig,62,3.93,nan,1,Right_no_left,Left,335,719,180,48184146,nan,nan,nan
9/24/2026 0:39:47,1.17.3,StopSig,62,3.93,nan,1,>Left_Regular_trial,Left,336,719,180,48449722,nan,nan,nan
9/24/2026 0:39:51,1.17.3,StopSig,62,3.93,nan,1,NoPoke_Regular_(incorrect),Left,336,719,180,48453556,nan,nan,nan
9/24/2026 0:40:26,1.17.3,StopSig,62,3.93,nan,1,>Left_Regular_trial,Left,337,719,180,48488983,nan,nan,nan
9/24/2026 0:40:30,1.17.3,StopSig,62,3.93,nan,1,NoPoke_Regular_(incorrect),Left,337,719,180,48492530,nan,nan,nan
9/24/2026 0:41:12,1.17.3,StopSig,62,3.92,nan,1,Right_no_left,Left,337,720,180,48492530,nan,nan,nan
9/24/2026 0:41:15,1.17.3,StopSig,62,3.92,nan,1,Right_no_left,Left,337,721,180,48535314,nan,nan,nan
9/24/2026 0:41:17,1.17.3,StopSig,62,3.92,nan,1,Right_no_left,Left,337,722,180,48537867,nan,nan,nan
9/24/2026 0:41:18,1.17.3,StopSig,62,3.92,nan,1,Right_no_left,Left,337,723,180,48540142,nan,nan,nan
9/24/2026 0:41:30,1.17.3,StopSig,62,3.92,nan,1,Right_no_left,Left,337,724,180,48541134,nan,nan,nan
9/24/2026 0:41:34,1.17.3,StopSig,62,3.93,nan,1,Right_no_left,Left,337,725,180,48553337,nan,nan,nan
9/24/2026 0:41:35,1.17.3,StopSig,62,3.93,nan,1,>Left_Regular_trial,Left,338,725,180,48558018,nan,nan,nan
9/24/2026 0:41:37,1.17.3,StopSig,62,3.92,nan,1,Right_Regular_(correct),Left,338,726,180,48559721,nan,nan,nan
9/24/2026 0:41:38,1.17.3,StopSig,62,3.92,1,1,Pellet,Left,338,726,181,48559721,0.27,535,nan
9/24/2026 0:43:16,1.17.3,StopSig,62,3.92,nan,1,>Left_Stop_trial,Left,339,726,181,48657978,nan,nan,nan
9/24/2026 0:43:19,1.17.3,StopSig,62,3.93,nan,1,NoPoke_STOP_(correct),Left,339,726,181,48661512,nan,nan,nan
9/24/2026 0:43:20,1.17.3,StopSig,62,3.93,1,1,Pellet,Left,339,726,182,48661512,0.66,102,nan
9/24/2026 0:44:29,1.17.3,StopSig,62,3.92,nan,1,Right_no_left,Left,339,727,182,48661512,nan,nan,nan
9/24/2026 0:44:34,1.17.3,StopSig,62,3.93,nan,1,Right_no_left,Left,339,728,182,48732089,nan,nan,nan
9/24/2026 0:44:50,1.17.3,StopSig,62,3.93,nan,1,>Left_Stop_trial,Left,340,728,182,48752120,nan,nan,nan
9/24/2026 0:44:53,1.17.3,StopSig,62,3.92,nan,1,NoPoke_STOP_(correct),Left,340,728,182,48755589,nan,nan,nan
9/24/2026 0:44:54,1.17.3,StopSig,62,3.92,2,1,Pellet,Left,340,728,183,48755589,0.11,94,nan
9/24/2026 0:45:22,1.17.3,StopSig,62,3.93,nan,1,>Left_Regular_trial,Left,341,728,183,48784285,nan,nan,nan
9/24/2026 0:45:25,1.17.3,StopSig,62,3.92,nan,1,NoPoke_Regular_(incorrect),Left,341,728,183,48787556,nan,nan,nan
9/24/2026 0:48:52,1.17.3,StopSig,62,3.93,nan,1,>Left_Regular_trial,Left,342,728,183,48994469,nan,nan,nan
9/24/2026 0:48:56,1.17.3,StopSig,62,3.93,nan,1,NoPoke_Regular_(incorrect),Left,342,728,183,48998590,nan,nan,nan
9/24/2026 0:49:59,1.17.3,StopSig,62,3.93,nan,1,Right_no_left,Left,342,729,183,48998590,nan,nan,nan
9/24/2026 0:50:06,1.17.3,StopSig,62,3.92,nan,1,Right_no_left,Left,342,730,183,49062005,nan,nan,nan
9/24/2026 0:51:09,1.17.3,StopSig,62,3.92,nan,1,Right_no_left,Left,342,731,183,49069115,nan,nan,nan
9/24/2026 0:54:37,1.17.3,StopSig,62,3.92,nan,1,Right_no_left,Left,342,732,183,49131765,nan,nan,nan
9/24/2026 0:54:45,1.17.3,StopSig,62,3.92,nan,1,Right_no_left,Left,342,733,183,49339554,nan,nan,nan
9/24/2026 0:54:46,1.17.3,StopSig,62,3.92,nan,1,Right_no_left,Left,342,734,183,49347507,nan,nan,nan
9/24/2026 0:54:46,1.17.3,StopSig,62,3.92,nan,1,Right_no_left,Left,342,735,183,49349069,nan,nan,nan
9/24/2026 0:54:49,1.17.3,StopSig,62,3.92,nan,1,Right_no_left,Left,342,736,183,49349358,nan,nan,nan
9/24/2026 0:54:53,1.17.3,StopSig,62,3.93,nan,1,Right_no_left,Left,342,737,183,49352056,nan,nan,nan
9/24/2026 0:54:54,1.17.3,StopSig,62,3.92,nan,1,Right_no_left,Left,342,738,183,49355749,nan,nan,nan
9/24/2026 0:54:57,1.17.3,StopSig,62,3.93,nan,1,Right_no_left,Left,342,739,183,49357026,nan,nan,nan
9/24/2026 0:54:59,1.17.3,StopSig,62,3.92,nan,1,Right_no_left,Left,342,740,183,49360435,nan,nan,nan
9/24/2026 0:55:00,1.17.3,StopSig,62,3.93,nan,1,Right_no_left,Left,342,741,183,49361577,nan,nan,nan
9/24/2026 0:55:02,1.17.3,StopSig,62,3.92,nan,1,>Left_Regular_trial,Left,343,741,183,49364557,nan,nan,nan
9/24/2026 0:55:05,1.17.3,StopSig,62,3.92,nan,1,Right_Regular_(correct),Left,343,742,183,49368246,nan,nan,nan
9/24/2026 0:55:07,1.17.3,StopSig,62,3.92,1,1,Pellet,Left,343,742,184,49368246,0.50,613,nan
9/24/2026 0:55:31,1.17.3,StopSig,62,3.93,nan,1,Right_no_left,Left,343,743,184,49368246,nan,nan,nan
9/24/2026 0:55:36,1.17.3,StopSig,62,3.93,nan,1,>Left_Stop_trial,Left,344,743,184,49398231,nan,nan,nan
9/24/2026 0:55:37,1.17.3,StopSig,62,3.92,nan,1,Right_STOP_(incorrect),Left,344,744,184,49400075,nan,nan,nan
9/24/2026 0:56:08,1.17.3,StopSig,62,3.93,nan,1,>Left_Stop_trial,Left,345,744,184,49430383,nan,nan,nan
9/24/2026 0:56:12,1.17.3,StopSig,62,3.93,nan,1,NoPoke_STOP_(correct),Left,345,744,184,49434578,nan,nan,nan
9/24/2026 0:56:13,1.17.3,StopSig,62,3.93,1,1,Pellet,Left,345,744,185,49434578,0.50,66,nan
9/24/2026 0:56:44,1.17.3,StopSig,62,3.92,nan,1,>Left_Regular_trial,Left,346,744,185,49466617,nan,nan,nan
9/24/2026 0:56:46,1.17.3,StopSig,62,3.92,nan,1,Right_Regular_(correct),Left,346,745,185,49468463,nan,nan,nan
9/24/2026 0:56:47,1.17.3,StopSig,62,3.92,1,1,Pellet,Left,346,745,186,49468463,0.27,34,nan
9/24/2026 0:57:09,1.17.3,StopSig,62,3.92,nan,1,>Left_Regular_trial,Left,347,745,186,49491654,nan,nan,nan
9/24/2026 0:57:13,1.17.3,StopSig,62,3.93,nan,1,NoPoke_Regular_(incorrect),Left,347,745,186,49495486,nan,nan,nan
9/24/2026 0:58:11,1.17.3,StopSig,62,3.93,nan,1,>Left_Regular_trial,Left,348,745,186,49553773,nan,nan,nan
9/24/2026 0:58:15,1.17.3,StopSig,62,3.92,nan,1,NoPoke_Regular_(incorrect),Left,348,745,186,49557610,nan,nan,nan
9/24/2026 1:04:44,1.17.3,StopSig,62,3.92,nan,1,Right_no_left,Left,348,746,186,49557610,nan,nan,nan
9/24/2026 1:12:42,1.17.3,StopSig,62,3.92,nan,1,>Left_Stop_trial,Left,349,746,186,50424637,nan,nan,nan
9/24/2026 1:12:46,1.17.3,StopSig,62,3.92,nan,1,NoPoke_STOP_(correct),Left,349,746,186,50428538,nan,nan,nan
9/24/2026 1:12:49,1.17.3,StopSig,62,3.91,1,1,Pellet,Left,349,746,187,50428538,2.51,962,nan
9/24/2026 1:13:15,1.17.3,StopSig,62,3.91,nan,1,>Left_Regular_trial,Left,350,746,187,50458191,nan,nan,nan
9/24/2026 1:13:19,1.17.3,StopSig,62,3.91,nan,1,NoPoke_Regular_(incorrect),Left,350,746,187,50461594,nan,nan,nan
9/24/2026 1:13:58,1.17.3,StopSig,62,3.92,nan,1,>Left_Regular_trial,Left,351,746,187,50500836,nan,nan,nan
9/24/2026 1:14:02,1.17.3,StopSig,62,3.92,nan,1,NoPoke_Regular_(incorrect),Left,351,746,187,50504519,nan,nan,nan
9/24/2026 1:14:46,1.17.3,StopSig,62,3.92,nan,1,>Left_Stop_trial,Left,352,746,187,50548430,nan,nan,nan
9/24/2026 1:14:47,1.17.3,StopSig,62,3.92,nan,1,Right_STOP_(incorrect),Left,352,747,187,50549544,nan,nan,nan
9/24/2026 1:15:17,1.17.3,StopSig,62,3.92,nan,1,>Left_Regular_trial,Left,353,747,187,50579852,nan,nan,nan
9/24/2026 1:15:21,1.17.3,StopSig,62,3.93,nan,1,NoPoke_Regular_(incorrect),Left,353,747,187,50583536,nan,nan,nan
9/24/2026 1:17:39,1.17.3,StopSig,62,3.93,nan,1,>Left_Regular_trial,Left,354,747,187,50721421,nan,nan,nan
9/24/2026 1:17:43,1.17.3,StopSig,62,3.92,nan,1,NoPoke_Regular_(incorrect),Left,354,747,187,50725528,nan,nan,nan
9/24/2026 1:19:16,1.17.3,StopSig,62,3.92,nan,1,Right_no_left,Left,354,748,187,50725528,nan,nan,nan
9/24/2026 1:19:19,1.17.3,StopSig,62,3.91,nan,1,>Left_Regular_trial,Left,355,748,187,50821733,nan,nan,nan
9/24/2026 1:19:21,1.17.3,StopSig,62,3.93,nan,1,Right_Regular_(correct),Left,355,749,187,50823435,nan,nan,nan
9/24/2026 1:19:22,1.17.3,StopSig,62,3.92,1,1,Pellet,Left,355,749,188,50823435,0.33,393,nan
9/24/2026 1:22:40,1.17.3,StopSig,62,3.92,nan,1,>Left_Regular_trial,Left,356,749,188,51022435,nan,nan,nan
9/24/2026 1:22:44,1.17.3,StopSig,62,3.92,nan,1,NoPoke_Regular_(incorrect),Left,356,749,188,51026553,nan,nan,nan
9/24/2026 1:25:43,1.17.3,StopSig,62,3.92,nan,1,>Left_Regular_trial,Left,357,749,188,51205289,nan,nan,nan
9/24/2026 1:25:44,1.17.3,StopSig,62,3.92,nan,1,Right_Regular_(correct),Left,357,750,188,51206850,nan,nan,nan
9/24/2026 1:25:45,1.17.3,StopSig,62,3.92,1,1,Pellet,Left,357,750,189,51206850,0.50,383,nan
9/24/2026 1:26:13,1.17.3,StopSig,62,3.92,nan,1,>Left_Stop_trial,Left,358,750,189,51235712,nan,nan,nan
9/24/2026 1:26:14,1.17.3,StopSig,62,3.92,nan,1,Right_STOP_(incorrect),Left,358,751,189,51237075,nan,nan,nan
9/24/2026 1:27:23,1.17.3,StopSig,62,3.91,nan,1,Right_no_left,Left,358,752,189,51237075,nan,nan,nan
9/24/2026 1:29:03,1.17.3,StopSig,62,3.92,nan,1,>Left_Stop_trial,Left,359,752,189,51404734,nan,nan,nan
9/24/2026 1:29:06,1.17.3,StopSig,62,3.92,nan,1,NoPoke_STOP_(correct),Left,359,752,189,51408564,nan,nan,nan
9/24/2026 1:29:08,1.17.3,StopSig,62,3.92,1,1,Pellet,Left,359,752,190,51408564,1.95,203,nan
9/24/2026 1:33:24,1.17.3,StopSig,62,3.92,nan,1,>Left_Stop_trial,Left,360,752,190,51666165,nan,nan,nan
9/24/2026 1:33:27,1.17.3,StopSig,62,3.92,nan,1,NoPoke_STOP_(correct),Left,360,752,190,51669646,nan,nan,nan
9/24/2026 1:33:32,1.17.3,StopSig,62,3.92,1,1,Pellet,Left,360,752,191,51669646,4.80,264,nan
9/24/2026 3:02:06,1.17.3,StopSig,62,3.91,nan,1,>Left_Stop_trial,Left,361,752,191,56988360,nan,nan,nan
9/24/2026 3:02:09,1.17.3,StopSig,62,3.91,nan,1,NoPoke_STOP_(correct),Left,361,752,191,56991773,nan,nan,nan
9/24/2026 3:02:11,1.17.3,StopSig,62,3.91,1,1,Pellet,Left,361,752,192,56991773,1.05,5318,nan
9/24/2026 3:02:56,1.17.3,StopSig,62,3.91,nan,1,>Left_Regular_trial,Left,362,752,192,57038581,nan,nan,nan
9/24/2026 3:02:59,1.17.3,StopSig,62,3.91,nan,1,NoPoke_Regular_(incorrect),Left,362,752,192,57041849,nan,nan,nan
9/24/2026 3:03:34,1.17.3,StopSig,62,3.91,nan,1,Right_no_left,Left,362,753,192,57041849,nan,nan,nan
9/24/2026 3:03:46,1.17.3,StopSig,62,3.91,nan,1,>Left_Stop_trial,Left,363,753,192,57088507,nan,nan,nan
9/24/2026 3:03:49,1.17.3,StopSig,62,3.91,nan,1,NoPoke_STOP_(correct),Left,363,753,192,57091767,nan,nan,nan
9/24/2026 3:03:50,1.17.3,StopSig,62,3.91,nan,1,LeftWithPellet,Left,364,753,192,57091767,nan,nan,0.23
9/24/2026 3:03:54,1.17.3,StopSig,62,3.91,1,1,Pellet,Left,364,753,193,57091767,4.21,104,nan
9/24/2026 3:04:16,1.17.3,StopSig,62,3.91,nan,1,>Left_Regular_trial,Left,365,753,193,57118964,nan,nan,nan
9/24/2026 3:04:20,1.17.3,StopSig,62,3.91,nan,1,NoPoke_Regular_(incorrect),Left,365,753,193,57122799,nan,nan,nan
9/24/2026 3:04:51,1.17.3,StopSig,62,3.91,nan,1,Right_no_left,Left,365,754,193,57122799,nan,nan,nan
9/24/2026 3:04:55,1.17.3,StopSig,62,3.91,nan,1,Right_no_left,Left,365,755,193,57154527,nan,nan,nan
9/24/2026 3:04:56,1.17.3,StopSig,62,3.91,nan,1,Right_no_left,Left,365,756,193,57158645,nan,nan,nan
9/24/2026 3:04:58,1.17.3,StopSig,62,3.91,nan,1,>Left_Regular_trial,Left,366,756,193,57160792,nan,nan,nan
9/24/2026 3:04:59,1.17.3,StopSig,62,3.91,nan,1,Right_Regular_(correct),Left,366,757,193,57161786,nan,nan,nan
9/24/2026 3:04:59,1.17.3,StopSig,62,3.91,nan,1,RightDuringDispense,Left,366,758,193,57161786,nan,nan,0.04
9/24/2026 3:05:01,1.17.3,StopSig,62,3.91,1,1,Pellet,Left,366,758,194,57161786,1.06,67,nan
9/24/2026 3:05:24,1.17.3,StopSig,62,3.91,nan,1,Right_no_left,Left,366,759,194,57161786,nan,nan,nan
9/24/2026 3:05:30,1.17.3,StopSig,62,3.91,nan,1,>Left_Stop_trial,Left,367,759,194,57192223,nan,nan,nan
9/24/2026 3:05:30,1.17.3,StopSig,62,3.91,nan,1,Right_STOP_(incorrect),Left,367,760,194,57193205,nan,nan,nan
9/24/2026 3:06:11,1.17.3,StopSig,62,3.91,nan,1,>Left_Stop_trial,Left,368,760,194,57233600,nan,nan,nan
9/24/2026 3:06:15,1.17.3,StopSig,62,3.91,nan,1,NoPoke_STOP_(correct),Left,368,760,194,57237744,nan,nan,nan
9/24/2026 3:06:16,1.17.3,StopSig,62,3.91,nan,1,LeftWithPellet,Left,369,760,194,57237744,nan,nan,0.13
9/24/2026 3:06:17,1.17.3,StopSig,62,3.92,1,1,Pellet,Left,369,760,195,57237744,1.25,76,nan
9/24/2026 3:06:39,1.17.3,StopSig,62,3.91,nan,1,Right_no_left,Left,369,761,195,57237744,nan,nan,nan
9/24/2026 3:06:40,1.17.3,StopSig,62,3.91,nan,1,Right_no_left,Left,369,762,195,57261863,nan,nan,nan
9/24/2026 3:06:41,1.17.3,StopSig,62,3.91,nan,1,Right_no_left,Left,369,763,195,57262999,nan,nan,nan
9/24/2026 3:06:44,1.17.3,StopSig,62,3.91,nan,1,Right_no_left,Left,369,764,195,57264135,nan,nan,nan
9/24/2026 3:06:45,1.17.3,StopSig,62,3.91,nan,1,Right_no_left,Left,369,765,195,57267269,nan,nan,nan
9/24/2026 3:06:47,1.17.3,StopSig,62,3.91,nan,1,>Left_Stop_trial,Left,370,765,195,57269258,nan,nan,nan
9/24/2026 3:06:47,1.17.3,StopSig,62,3.91,nan,1,Right_STOP_(incorrect),Left,370,766,195,57270477,nan,nan,nan
9/24/2026 3:07:18,1.17.3,StopSig,62,3.91,nan,1,>Left_Regular_trial,Left,371,766,195,57300785,nan,nan,nan
9/24/2026 3:07:22,1.17.3,StopSig,62,3.91,nan,1,NoPoke_Regular_(incorrect),Left,371,766,195,57304758,nan,nan,nan
9/24/2026 3:07:57,1.17.3,StopSig,62,3.91,nan,1,Right_no_left,Left,371,767,195,57304758,nan,nan,nan
9/24/2026 3:07:58,1.17.3,StopSig,62,3.91,nan,1,>Left_Regular_trial,Left,372,767,195,57341314,nan,nan,nan
9/24/2026 3:08:01,1.17.3,StopSig,62,3.91,nan,1,Right_Regular_(correct),Left,372,768,195,57344438,nan,nan,nan
9/24/2026 3:08:04,1.17.3,StopSig,62,3.91,2,1,Pellet,Left,372,768,196,57344438,1.84,107,nan
9/24/2026 3:09:01,1.17.3,StopSig,62,3.91,nan,1,Right_no_left,Left,372,769,196,57344438,nan,nan,nan
9/24/2026 3:09:01,1.17.3,StopSig,62,3.91,nan,1,Right_no_left,Left,372,770,196,57404088,nan,nan,nan
9/24/2026 3:09:02,1.17.3,StopSig,62,3.91,nan,1,Right_no_left,Left,372,771,196,57404514,nan,nan,nan
9/24/2026 3:09:08,1.17.3,StopSig,62,3.91,nan,1,Right_no_left,Left,372,772,196,57405507,nan,nan,nan
9/24/2026 3:09:09,1.17.3,StopSig,62,3.91,nan,1,Right_no_left,Left,372,773,196,57411182,nan,nan,nan
9/24/2026 3:09:16,1.17.3,StopSig,62,3.91,nan,1,>Left_Regular_trial,Left,373,773,196,57418991,nan,nan,nan
9/24/2026 3:09:18,1.17.3,StopSig,62,3.91,nan,1,Right_Regular_(correct),Left,373,774,196,57421552,nan,nan,nan
9/24/2026 3:09:20,1.17.3,StopSig,62,3.91,1,1,Pellet,Left,373,774,197,57421552,0.50,76,nan
9/24/2026 3:09:55,1.17.3,StopSig,62,3.91,nan,1,Right_no_left,Left,373,775,197,57421552,nan,nan,nan
9/24/2026 3:10:54,1.17.3,StopSig,62,3.91,nan,1,>Left_Regular_trial,Left,374,775,197,57517433,nan,nan,nan
9/24/2026 3:10:58,1.17.3,StopSig,62,3.91,nan,1,NoPoke_Regular_(incorrect),Left,374,775,197,57520834,nan,nan,nan
9/24/2026 3:11:29,1.17.3,StopSig,62,3.91,nan,1,Right_no_left,Left,374,776,197,57520834,nan,nan,nan
9/24/2026 3:11:32,1.17.3,StopSig,62,3.91,nan,1,Right_no_left,Left,374,777,197,57552300,nan,nan,nan
9/24/2026 3:11:33,1.17.3,StopSig,62,3.91,nan,1,Right_no_left,Left,374,778,197,57554991,nan,nan,nan
9/24/2026 3:11:35,1.17.3,StopSig,62,3.91,nan,1,>Left_Stop_trial,Left,375,778,197,57557115,nan,nan,nan
9/24/2026 3:11:35,1.17.3,StopSig,62,3.91,nan,1,Right_STOP_(incorrect),Left,375,779,197,57558068,nan,nan,nan
9/24/2026 3:12:05,1.17.3,StopSig,62,3.91,nan,1,>Left_Regular_trial,Left,376,779,197,57588382,nan,nan,nan
9/24/2026 3:12:08,1.17.3,StopSig,62,3.91,nan,1,Right_Regular_(correct),Left,376,780,197,57590651,nan,nan,nan
9/24/2026 3:12:09,1.17.3,StopSig,62,3.91,2,1,Pellet,Left,376,780,198,57590651,0.16,169,nan
9/24/2026 3:12:31,1.17.3,StopSig,62,3.91,nan,1,>Left_Regular_trial,Left,377,780,198,57614201,nan,nan,nan
9/24/2026 3:12:35,1.17.3,StopSig,62,3.91,nan,1,NoPoke_Regular_(incorrect),Left,377,780,198,57617891,nan,nan,nan
9/24/2026 3:13:09,1.17.3,StopSig,62,3.91,nan,1,Right_no_left,Left,377,781,198,57617891,nan,nan,nan
9/24/2026 3:13:10,1.17.3,StopSig,62,3.91,nan,1,Right_no_left,Left,377,782,198,57652614,nan,nan,nan
9/24/2026 3:13:13,1.17.3,StopSig,62,3.91,nan,1,Right_no_left,Left,377,783,198,57653606,nan,nan,nan
9/24/2026 3:13:14,1.17.3,StopSig,62,3.91,nan,1,Right_no_left,Left,377,784,198,57656160,nan,nan,nan
9/24/2026 3:13:16,1.17.3,StopSig,62,3.91,nan,1,>Left_Stop_trial,Left,378,784,198,57658288,nan,nan,nan
9/24/2026 3:13:16,1.17.3,StopSig,62,3.91,nan,1,Right_STOP_(incorrect),Left,378,785,198,57659181,nan,nan,nan
9/24/2026 3:14:10,1.17.3,StopSig,62,3.91,nan,1,Right_no_left,Left,378,786,198,57659181,nan,nan,nan
9/24/2026 3:14:13,1.17.3,StopSig,62,3.91,nan,1,Right_no_left,Left,378,787,198,57713064,nan,nan,nan
9/24/2026 3:14:14,1.17.3,StopSig,62,3.91,nan,1,>Left_Regular_trial,Left,379,787,198,57717323,nan,nan,nan
9/24/2026 3:14:15,1.17.3,StopSig,62,3.91,nan,1,Right_Regular_(correct),Left,379,788,198,57718316,nan,nan,nan
9/24/2026 3:14:16,1.17.3,StopSig,62,3.91,1,1,Pellet,Left,379,788,199,57718316,0.27,127,nan
9/24/2026 3:14:39,1.17.3,StopSig,62,3.91,nan,1,Right_no_left,Left,379,789,199,57718316,nan,nan,nan
9/24/2026 3:14:43,1.17.3,StopSig,62,3.91,nan,1,Right_no_left,Left,379,790,199,57742487,nan,nan,nan
9/24/2026 3:14:44,1.17.3,StopSig,62,3.91,nan,1,Right_no_left,Left,379,791,199,57745750,nan,nan,nan
9/24/2026 3:14:46,1.17.3,StopSig,62,3.91,nan,1,Right_no_left,Left,379,792,199,57746885,nan,nan,nan
9/24/2026 3:14:47,1.17.3,StopSig,62,3.91,nan,1,Right_no_left,Left,379,793,199,57749584,nan,nan,nan
9/24/2026 3:14:49,1.17.3,StopSig,62,3.91,nan,1,>Left_Stop_trial,Left,380,793,199,57751570,nan,nan,nan
9/24/2026 3:14:50,1.17.3,StopSig,62,3.91,nan,1,Right_STOP_(incorrect),Left,380,794,199,57752596,nan,nan,nan
9/24/2026 3:15:20,1.17.3,StopSig,62,3.91,nan,1,>Left_Stop_trial,Left,381,794,199,57782904,nan,nan,nan
9/24/2026 3:15:24,1.17.3,StopSig,62,3.91,nan,1,NoPoke_STOP_(correct),Left,381,794,199,57786839,nan,nan,nan
9/24/2026 3:16:31,1.17.3,StopSig,62,3.91,1,1,Pellet,Left,381,794,200,57786839,Timed_out,135,nan
9/24/2026 3:17:06,1.17.3,StopSig,62,3.91,nan,1,Right_no_left,Left,381,795,200,57786839,nan,nan,nan
9/24/2026 3:17:09,1.17.3,StopSig,62,3.91,nan,1,Right_no_left,Left,381,796,200,57889631,nan,nan,nan
9/24/2026 3:17:11,1.17.3,StopSig,62,3.91,nan,1,Right_no_left,Left,381,797,200,57891760,nan,nan,nan
9/24/2026 3:17:12,1.17.3,StopSig,62,3.91,nan,1,Right_no_left,Left,381,798,200,57894457,nan,nan,nan
9/24/2026 3:17:13,1.17.3,StopSig,62,3.91,nan,1,Right_no_left,Left,381,799,200,57894746,nan,nan,nan
9/24/2026 3:17:14,1.17.3,StopSig,62,3.91,nan,1,Right_no_left,Left,381,800,200,57896733,nan,nan,nan
9/24/2026 3:17:16,1.17.3,StopSig,62,3.91,nan,1,>Left_Regular_trial,Left,382,800,200,57898721,nan,nan,nan
9/24/2026 3:17:17,1.17.3,StopSig,62,3.91,nan,1,Right_Regular_(correct),Left,382,801,200,57900436,nan,nan,nan
9/24/2026 3:17:18,1.17.3,StopSig,62,3.91,2,1,Pellet,Left,382,801,201,57900436,0.05,47,nan
9/24/2026 3:17:38,1.17.3,StopSig,62,3.91,nan,1,>Left_Regular_trial,Left,383,801,201,57921309,nan,nan,nan
9/24/2026 3:17:42,1.17.3,StopSig,62,3.91,nan,1,NoPoke_Regular_(incorrect),Left,383,801,201,57924856,nan,nan,nan
9/24/2026 3:18:14,1.17.3,StopSig,62,3.91,nan,1,Right_no_left,Left,383,802,201,57924856,nan,nan,nan
9/24/2026 3:18:15,1.17.3,StopSig,62,3.91,nan,1,Right_no_left,Left,383,803,201,57957730,nan,nan,nan
9/24/2026 3:18:16,1.17.3,StopSig,62,3.91,nan,1,Right_no_left,Left,383,804,201,57958724,nan,nan,nan
9/24/2026 3:18:19,1.17.3,StopSig,62,3.91,nan,1,Right_no_left,Left,383,805,201,57959582,nan,nan,nan
9/24/2026 3:18:21,1.17.3,StopSig,62,3.91,nan,1,Right_no_left,Left,383,806,201,57961855,nan,nan,nan
9/24/2026 3:18:22,1.17.3,StopSig,62,3.91,nan,1,Right_no_left,Left,383,807,201,57964271,nan,nan,nan
9/24/2026 3:18:23,1.17.3,StopSig,62,3.91,nan,1,Right_no_left,Left,383,808,201,57965407,nan,nan,nan
9/24/2026 3:18:26,1.17.3,StopSig,62,3.91,nan,1,Right_no_left,Left,383,809,201,57966543,nan,nan,nan
9/24/2026 3:18:28,1.17.3,StopSig,62,3.91,nan,1,Right_no_left,Left,383,810,201,57968824,nan,nan,nan
9/24/2026 3:18:29,1.17.3,StopSig,62,3.91,nan,1,>Left_Regular_trial,Left,384,810,201,57972234,nan,nan,nan
9/24/2026 3:18:33,1.17.3,StopSig,62,3.91,nan,1,NoPoke_Regular_(incorrect),Left,384,810,201,57975783,nan,nan,nan
9/24/2026 3:19:05,1.17.3,StopSig,62,3.91,nan,1,>Left_Regular_trial,Left,385,810,201,58007510,nan,nan,nan
9/24/2026 3:19:08,1.17.3,StopSig,62,3.91,nan,1,NoPoke_Regular_(incorrect),Left,385,810,201,58010776,nan,nan,nan
9/24/2026 3:19:42,1.17.3,StopSig,62,3.91,nan,1,Right_no_left,Left,385,811,201,58010776,nan,nan,nan
9/24/2026 3:19:43,1.17.3,StopSig,62,3.91,nan,1,>Left_Regular_trial,Left,386,811,201,58046201,nan,nan,nan
9/24/2026 3:19:44,1.17.3,StopSig,62,3.91,nan,1,Right_Regular_(correct),Left,386,812,201,58046910,nan,nan,nan
9/24/2026 3:19:45,1.17.3,StopSig,62,3.91,1,1,Pellet,Left,386,812,202,58046910,0.22,147,nan
9/24/2026 3:20:08,1.17.3,StopSig,62,3.91,nan,1,>Left_Regular_trial,Left,387,812,202,58070862,nan,nan,nan
9/24/2026 3:20:09,1.17.3,StopSig,62,3.91,nan,1,Right_Regular_(correct),Left,387,813,202,58071862,nan,nan,nan
9/24/2026 3:20:10,1.17.3,StopSig,62,3.91,2,1,Pellet,Left,387,813,203,58071862,0.05,25,nan
9/24/2026 3:20:35,1.17.3,StopSig,62,3.91,nan,1,Right_no_left,Left,387,814,203,58071862,nan,nan,nan
9/24/2026 3:20:38,1.17.3,StopSig,62,3.91,nan,1,>Left_Regular_trial,Left,388,814,203,58100673,nan,nan,nan
9/24/2026 3:20:39,1.17.3,StopSig,62,3.91,nan,1,Right_Regular_(correct),Left,388,815,203,58101952,nan,nan,nan
9/24/2026 3:20:40,1.17.3,StopSig,62,3.91,1,1,Pellet,Left,388,815,204,58101952,0.33,30,nan
9/24/2026 3:21:06,1.17.3,StopSig,62,3.91,nan,1,Right_no_left,Left,388,816,204,58101952,nan,nan,nan
9/24/2026 3:21:09,1.17.3,StopSig,62,3.91,nan,1,Right_no_left,Left,388,817,204,58129342,nan,nan,nan
9/24/2026 3:21:11,1.17.3,StopSig,62,3.91,nan,1,>Left_Regular_trial,Left,389,817,204,58134315,nan,nan,nan
9/24/2026 3:21:12,1.17.3,StopSig,62,3.91,nan,1,Right_Regular_(correct),Left,389,818,204,58135450,nan,nan,nan
9/24/2026 3:21:13,1.17.3,StopSig,62,3.91,2,1,Pellet,Left,389,818,205,58135450,0.11,33,nan
9/24/2026 3:21:41,1.17.3,StopSig,62,3.91,nan,1,>Left_Regular_trial,Left,390,818,205,58164040,nan,nan,nan
9/24/2026 3:21:42,1.17.3,StopSig,62,3.91,nan,1,Right_Regular_(correct),Left,390,819,205,58165460,nan,nan,nan
9/24/2026 3:21:43,1.17.3,StopSig,62,3.91,1,1,Pellet,Left,390,819,206,58165460,0.22,30,nan
9/24/2026 3:25:52,1.17.3,StopSig,62,3.91,nan,1,>Left_Regular_trial,Left,391,819,206,58414943,nan,nan,nan
9/24/2026 3:25:56,1.17.3,StopSig,62,3.91,nan,1,NoPoke_Regular_(incorrect),Left,391,819,206,58418785,nan,nan,nan
9/24/2026 3:26:30,1.17.3,StopSig,62,3.91,nan,1,>Left_Regular_trial,Left,392,819,206,58453073,nan,nan,nan
9/24/2026 3:26:31,1.17.3,StopSig,62,3.91,nan,1,Right_Regular_(correct),Left,392,820,206,58454353,nan,nan,nan
9/24/2026 3:26:32,1.17.3,StopSig,62,3.91,1,1,Pellet,Left,392,820,207,58454353,0.33,289,nan
9/24/2026 3:27:01,1.17.3,StopSig,62,3.91,nan,1,>Left_Regular_trial,Left,393,820,207,58483629,nan,nan,nan
9/24/2026 3:27:04,1.17.3,StopSig,62,3.91,nan,1,NoPoke_Regular_(incorrect),Left,393,820,207,58486904,nan,nan,nan
9/24/2026 3:27:47,1.17.3,StopSig,62,3.91,nan,1,>Left_Regular_trial,Left,394,820,207,58530436,nan,nan,nan
9/24/2026 3:27:50,1.17.3,StopSig,62,3.91,nan,1,Right_Regular_(correct),Left,394,821,207,58532994,nan,nan,nan
9/24/2026 3:27:52,1.17.3,StopSig,62,3.91,1,1,Pellet,Left,394,821,208,58532994,1.56,80,nan
9/24/2026 3:28:24,1.17.3,StopSig,62,3.91,nan,1,>Left_Regular_trial,Left,395,821,208,58567377,nan,nan,nan
9/24/2026 3:28:28,1.17.3,StopSig,62,3.91,nan,1,NoPoke_Regular_(incorrect),Left,395,821,208,58570791,nan,nan,nan
9/24/2026 4:01:42,1.17.3,StopSig,62,3.91,nan,1,>Left_Regular_trial,Left,396,821,208,60564582,nan,nan,nan
9/24/2026 4:01:45,1.17.3,StopSig,62,3.91,nan,1,NoPoke_Regular_(incorrect),Left,396,821,208,60567850,nan,nan,nan
9/24/2026 4:02:32,1.17.3,StopSig,62,3.91,nan,1,>Left_Regular_trial,Left,397,821,208,60615511,nan,nan,nan
9/24/2026 4:02:36,1.17.3,StopSig,62,3.91,nan,1,NoPoke_Regular_(incorrect),Left,397,821,208,60618940,nan,nan,nan
9/24/2026 4:06:03,1.17.3,StopSig,62,3.91,nan,1,Right_no_left,Left,397,822,208,60618940,nan,nan,nan
9/24/2026 4:06:05,1.17.3,StopSig,62,3.91,nan,1,Right_no_left,Left,397,823,208,60826195,nan,nan,nan
9/24/2026 4:06:27,1.17.3,StopSig,62,3.91,nan,1,Right_no_left,Left,397,824,208,60827902,nan,nan,nan
9/24/2026 4:06:43,1.17.3,StopSig,62,3.91,nan,1,Right_no_left,Left,397,825,208,60849955,nan,nan,nan
9/24/2026 4:06:44,1.17.3,StopSig,62,3.91,nan,1,Right_no_left,Left,397,826,208,60866318,nan,nan,nan
9/24/2026 4:06:46,1.17.3,StopSig,62,3.91,nan,1,Right_no_left,Left,397,827,208,60867598,nan,nan,nan
9/24/2026 4:06:48,1.17.3,StopSig,62,3.91,nan,1,Right_no_left,Left,397,828,208,60869732,nan,nan,nan
9/24/2026 4:06:50,1.17.3,StopSig,62,3.91,nan,1,>Left_Regular_trial,Left,398,828,208,60872719,nan,nan,nan
9/24/2026 4:06:54,1.17.3,StopSig,62,3.91,nan,1,NoPoke_Regular_(incorrect),Left,398,828,208,60876991,nan,nan,nan
9/24/2026 4:07:41,1.17.3,StopSig,62,3.91,nan,1,Right_no_left,Left,398,829,208,60876991,nan,nan,nan
9/24/2026 4:07:44,1.17.3,StopSig,62,3.91,nan,1,Right_no_left,Left,398,830,208,60924102,nan,nan,nan
9/24/2026 4:07:45,1.17.3,StopSig,62,3.91,nan,1,Right_no_left,Left,398,831,208,60926947,nan,nan,nan
9/24/2026 4:07:46,1.17.3,StopSig,62,3.91,nan,1,Right_no_left,Left,398,832,208,60928369,nan,nan,nan
9/24/2026 4:07:50,1.17.3,StopSig,62,3.91,nan,1,Right_no_left,Left,398,833,208,60929506,nan,nan,nan
9/24/2026 4:07:51,1.17.3,StopSig,62,3.91,nan,1,Right_no_left,Left,398,834,208,60933069,nan,nan,nan
9/24/2026 4:07:54,1.17.3,StopSig,62,3.91,nan,1,Right_no_left,Left,398,835,208,60934490,nan,nan,nan
9/24/2026 4:07:55,1.17.3,StopSig,62,3.91,nan,1,>Left_Regular_trial,Left,399,835,208,60938331,nan,nan,nan
9/24/2026 4:07:56,1.17.3,StopSig,62,3.91,nan,1,Right_Regular_(correct),Left,399,836,208,60939468,nan,nan,nan
9/24/2026 4:07:57,1.17.3,StopSig,62,3.91,2,1,Pellet,Left,399,836,209,60939468,0.22,2405,nan
9/24/2026 4:08:34,1.17.3,StopSig,62,3.91,nan,1,>Left_Regular_trial,Left,400,836,209,60976820,nan,nan,nan
9/24/2026 4:08:38,1.17.3,StopSig,62,3.91,nan,1,NoPoke_Regular_(incorrect),Left,400,836,209,60980956,nan,nan,nan
9/24/2026 4:10:53,1.17.3,StopSig,62,3.91,nan,1,Right_no_left,Left,400,837,209,60980956,nan,nan,nan
9/24/2026 4:10:54,1.17.3,StopSig,62,3.91,nan,1,>Left_Regular_trial,Left,401,837,209,61116920,nan,nan,nan
9/24/2026 4:10:58,1.17.3,StopSig,62,3.91,nan,1,NoPoke_Regular_(incorrect),Left,401,837,209,61120893,nan,nan,nan
9/24/2026 4:11:33,1.17.3,StopSig,62,3.90,nan,1,Right_no_left,Left,401,838,209,61120893,nan,nan,nan
9/24/2026 4:11:35,1.17.3,StopSig,62,3.91,nan,1,Right_no_left,Left,401,839,209,61156170,nan,nan,nan
9/24/2026 4:11:36,1.17.3,StopSig,62,3.91,nan,1,Right_no_left,Left,401,840,209,61157872,nan,nan,nan
9/24/2026 4:11:38,1.17.3,StopSig,62,3.91,nan,1,>Left_Regular_trial,Left,402,840,209,61160709,nan,nan,nan
9/24/2026 4:11:39,1.17.3,StopSig,62,3.91,nan,1,Right_Regular_(correct),Left,402,841,209,61161844,nan,nan,nan
9/24/2026 4:11:40,1.17.3,StopSig,62,3.91,1,1,Pellet,Left,402,841,210,61161844,0.22,222,nan
9/24/2026 4:12:04,1.17.3,StopSig,62,3.91,nan,1,Right_no_left,Left,402,842,210,61161844,nan,nan,nan
9/24/2026 4:12:05,1.17.3,StopSig,62,3.90,nan,1,>Left_Regular_trial,Left,403,842,210,61188217,nan,nan,nan
9/24/2026 4:12:06,1.17.3,StopSig,62,3.91,nan,1,Right_Regular_(correct),Left,403,843,210,61189211,nan,nan,nan
9/24/2026 4:12:07,1.17.3,StopSig,62,3.91,2,1,Pellet,Left,403,843,211,61189211,0.16,28,nan
9/24/2026 4:12:38,1.17.3,StopSig,62,3.91,nan,1,Right_no_left,Left,403,844,211,61189211,nan,nan,nan
9/24/2026 4:12:38,1.17.3,StopSig,62,3.91,nan,1,Right_no_left,Left,403,845,211,61220991,nan,nan,nan
9/24/2026 4:12:40,1.17.3,StopSig,62,3.91,nan,1,>Left_Stop_trial,Left,404,845,211,61222976,nan,nan,nan
9/24/2026 4:12:41,1.17.3,StopSig,62,3.91,nan,1,Right_STOP_(incorrect),Left,404,846,211,61224043,nan,nan,nan
9/24/2026 4:13:11,1.17.3,StopSig,62,3.91,nan,1,>Left_Regular_trial,Left,405,846,211,61254350,nan,nan,nan
9/24/2026 4:13:15,1.17.3,StopSig,62,3.91,nan,1,NoPoke_Regular_(incorrect),Left,405,846,211,61257903,nan,nan,nan
9/24/2026 4:14:02,1.17.3,StopSig,62,3.91,nan,1,>Left_Regular_trial,Left,406,846,211,61305090,nan,nan,nan
9/24/2026 4:14:06,1.17.3,StopSig,62,3.90,nan,1,NoPoke_Regular_(incorrect),Left,406,846,211,61308920,nan,nan,nan
9/24/2026 4:15:03,1.17.3,StopSig,62,3.91,nan,1,>Left_Regular_trial,Left,407,846,211,61366462,nan,nan,nan
9/24/2026 4:15:07,1.17.3,StopSig,62,3.91,nan,1,NoPoke_Regular_(incorrect),Left,407,846,211,61370006,nan,nan,nan
9/24/2026 4:16:20,1.17.3,StopSig,62,3.91,nan,1,>Left_Regular_trial,Left,408,846,211,61443289,nan,nan,nan
9/24/2026 4:16:21,1.17.3,StopSig,62,3.90,nan,1,Right_Regular_(correct),Left,408,847,211,61444565,nan,nan,nan
9/24/2026 4:16:22,1.17.3,StopSig,62,3.90,1,1,Pellet,Left,408,847,212,61444565,0.27,255,nan
9/24/2026 4:16:45,1.17.3,StopSig,62,3.91,nan,1,>Left_Stop_trial,Left,409,847,212,61467225,nan,nan,nan
9/24/2026 4:16:48,1.17.3,StopSig,62,3.90,nan,1,NoPoke_STOP_(correct),Left,409,847,212,61470945,nan,nan,nan
9/24/2026 4:16:49,1.17.3,StopSig,62,3.91,2,1,Pellet,Left,409,847,213,61470945,0.16,27,nan
9/24/2026 4:17:13,1.17.3,StopSig,62,3.91,nan,1,Right_no_left,Left,409,848,213,61470945,nan,nan,nan
9/24/2026 4:17:13,1.17.3,StopSig,62,3.91,nan,1,Right_no_left,Left,409,849,213,61496149,nan,nan,nan
9/24/2026 4:17:15,1.17.3,StopSig,62,3.91,nan,1,>Left_Stop_trial,Left,410,849,213,61497284,nan,nan,nan
9/24/2026 4:17:15,1.17.3,StopSig,62,3.91,nan,1,Right_STOP_(incorrect),Left,410,850,213,61498446,nan,nan,nan
9/24/2026 4:54:31,1.17.3,StopSig,62,3.91,nan,1,Right_no_left,Left,410,851,213,61498446,nan,nan,nan
9/24/2026 4:54:37,1.17.3,StopSig,62,3.91,nan,1,Right_no_left,Left,410,852,213,63734056,nan,nan,nan
9/24/2026 4:54:38,1.17.3,StopSig,62,3.90,nan,1,Right_no_left,Left,410,853,213,63740165,nan,nan,nan
9/24/2026 4:54:41,1.17.3,StopSig,62,3.90,nan,1,Right_no_left,Left,410,854,213,63741584,nan,nan,nan
9/24/2026 4:54:43,1.17.3,StopSig,62,3.91,nan,1,Right_no_left,Left,410,855,213,63744564,nan,nan,nan
9/24/2026 4:54:48,1.17.3,StopSig,62,3.90,nan,1,>Left_Regular_trial,Left,411,855,213,63751099,nan,nan,nan
9/24/2026 4:54:50,1.17.3,StopSig,62,3.90,nan,1,Right_Regular_(correct),Left,411,856,213,63753226,nan,nan,nan
9/24/2026 4:54:51,1.17.3,StopSig,62,3.90,1,1,Pellet,Left,411,856,214,63753226,0.61,2282,nan
9/24/2026 4:55:28,1.17.3,StopSig,62,3.91,nan,1,Right_no_left,Left,411,857,214,63753226,nan,nan,nan
9/24/2026 4:55:31,1.17.3,StopSig,62,3.90,nan,1,Right_no_left,Left,411,858,214,63791873,nan,nan,nan
9/24/2026 4:55:32,1.17.3,StopSig,62,3.90,nan,1,Right_no_left,Left,411,859,214,63794572,nan,nan,nan
9/24/2026 4:55:58,1.17.3,StopSig,62,3.91,nan,1,>Left_Regular_trial,Left,412,859,214,63820813,nan,nan,nan
9/24/2026 4:55:59,1.17.3,StopSig,62,3.90,nan,1,Right_Regular_(correct),Left,412,860,214,63821948,nan,nan,nan
9/24/2026 4:56:00,1.17.3,StopSig,62,3.90,1,1,Pellet,Left,412,860,215,63821948,0.78,69,nan
9/24/2026 4:56:24,1.17.3,StopSig,62,3.91,nan,1,>Left_Regular_trial,Left,413,860,215,63846912,nan,nan,nan
9/24/2026 4:56:25,1.17.3,StopSig,62,3.91,nan,1,Right_Regular_(correct),Left,413,861,215,63848196,nan,nan,nan
9/24/2026 4:56:26,1.17.3,StopSig,62,3.90,1,1,Pellet,Left,413,861,216,63848196,0.50,26,nan
9/24/2026 4:57:00,1.17.3,StopSig,62,3.91,nan,1,Right_no_left,Left,413,862,216,63848196,nan,nan,nan
9/24/2026 4:57:01,1.17.3,StopSig,62,3.90,nan,1,Right_no_left,Left,413,863,216,63883333,nan,nan,nan
9/24/2026 4:57:03,1.17.3,StopSig,62,3.90,nan,1,Right_no_left,Left,413,864,216,63884610,nan,nan,nan
9/24/2026 4:57:07,1.17.3,StopSig,62,3.91,nan,1,Right_no_left,Left,413,865,216,63886178,nan,nan,nan
9/24/2026 4:57:07,1.17.3,StopSig,62,3.90,nan,1,Right_no_left,Left,413,866,216,63890009,nan,nan,nan
9/24/2026 4:57:09,1.17.3,StopSig,62,3.91,nan,1,>Left_Regular_trial,Left,414,866,216,63892139,nan,nan,nan
9/24/2026 4:57:11,1.17.3,StopSig,62,3.90,nan,1,Right_Regular_(correct),Left,414,867,216,63893994,nan,nan,nan
9/24/2026 4:57:12,1.17.3,StopSig,62,3.90,1,1,Pellet,Left,414,867,217,63893994,0.44,46,nan
9/24/2026 4:57:50,1.17.3,StopSig,62,3.90,nan,1,Right_no_left,Left,414,868,217,63893994,nan,nan,nan
9/24/2026 4:57:52,1.17.3,StopSig,62,3.91,nan,1,Right_no_left,Left,414,869,217,63933114,nan,nan,nan
9/24/2026 4:57:52,1.17.3,StopSig,62,3.90,nan,1,Right_no_left,Left,414,870,217,63934958,nan,nan,nan
9/24/2026 4:57:54,1.17.3,StopSig,62,3.91,nan,1,Right_no_left,Left,414,871,217,63935666,nan,nan,nan
9/24/2026 4:57:55,1.17.3,StopSig,62,3.90,nan,1,Right_no_left,Left,414,872,217,63937792,nan,nan,nan
9/24/2026 4:57:57,1.17.3,StopSig,62,3.90,nan,1,Right_no_left,Left,414,873,217,63938790,nan,nan,nan
9/24/2026 4:57:58,1.17.3,StopSig,62,3.90,nan,1,Right_no_left,Left,414,874,217,63940207,nan,nan,nan
9/24/2026 4:58:00,1.17.3,StopSig,62,3.91,nan,1,Right_no_left,Left,414,875,217,63941624,nan,nan,nan
9/24/2026 4:58:00,1.17.3,StopSig,62,3.90,nan,1,Right_no_left,Left,414,876,217,63943040,nan,nan,nan
9/24/2026 4:58:01,1.17.3,StopSig,62,3.91,nan,1,Right_no_left,Left,414,877,217,63943323,nan,nan,nan
9/24/2026 4:58:04,1.17.3,StopSig,62,3.90,nan,1,Right_no_left,Left,414,878,217,63944606,nan,nan,nan
9/24/2026 4:58:05,1.17.3,StopSig,62,3.90,nan,1,Right_no_left,Left,414,879,217,63947300,nan,nan,nan
9/24/2026 4:58:06,1.17.3,StopSig,62,3.90,nan,1,Right_no_left,Left,414,880,217,63948860,nan,nan,nan
9/24/2026 4:58:07,1.17.3,StopSig,62,3.90,nan,1,>Left_Regular_trial,Left,415,880,217,63950431,nan,nan,nan
9/24/2026 4:58:08,1.17.3,StopSig,62,3.91,nan,1,Right_Regular_(correct),Left,415,881,217,63951566,nan,nan,nan
9/24/2026 4:58:09,1.17.3,StopSig,62,3.90,1,1,Pellet,Left,415,881,218,63951566,0.27,57,nan
9/24/2026 4:58:41,1.17.3,StopSig,62,3.91,nan,1,Right_no_left,Left,415,882,218,63951566,nan,nan,nan
9/24/2026 4:58:42,1.17.3,StopSig,62,3.90,nan,1,Right_no_left,Left,415,883,218,63984272,nan,nan,nan
9/24/2026 4:58:42,1.17.3,StopSig,62,3.90,nan,1,Right_no_left,Left,415,884,218,63985408,nan,nan,nan
9/24/2026 4:58:46,1.17.3,StopSig,62,3.90,nan,1,Right_no_left,Left,415,885,218,63985834,nan,nan,nan
9/24/2026 4:58:48,1.17.3,StopSig,62,3.90,nan,1,>Left_Stop_trial,Left,416,885,218,63990529,nan,nan,nan
9/24/2026 4:58:51,1.17.3,StopSig,62,3.90,nan,1,NoPoke_STOP_(correct),Left,416,885,218,63994084,nan,nan,nan
9/24/2026 4:58:52,1.17.3,StopSig,62,3.90,1,1,Pellet,Left,416,885,219,63994084,0.33,43,nan
9/24/2026 4:59:39,1.17.3,StopSig,62,3.90,nan,1,>Left_Stop_trial,Left,417,885,219,64042082,nan,nan,nan
9/24/2026 4:59:43,1.17.3,StopSig,62,3.91,nan,1,NoPoke_STOP_(correct),Left,417,885,219,64046099,nan,nan,nan
9/24/2026 5:00:19,1.17.3,StopSig,62,3.90,nan,1,LeftWithPellet,Left,418,885,219,64046099,nan,nan,0.78
9/24/2026 5:00:20,1.17.3,StopSig,62,3.90,nan,1,LeftWithPellet,Left,419,885,219,64046099,nan,nan,0.13
9/24/2026 5:00:21,1.17.3,StopSig,62,3.91,1,1,Pellet,Left,419,885,220,64046099,37.52,89,nan
9/24/2026 5:01:37,1.17.3,StopSig,62,3.91,nan,1,Right_no_left,Left,419,886,220,64046099,nan,nan,nan
9/24/2026 5:01:44,1.17.3,StopSig,62,3.91,nan,1,>Left_Regular_trial,Left,420,886,220,64166709,nan,nan,nan
9/24/2026 5:01:47,1.17.3,StopSig,62,3.90,nan,1,NoPoke_Regular_(incorrect),Left,420,886,220,64169986,nan,nan,nan
9/24/2026 5:03:09,1.17.3,StopSig,62,3.90,nan,1,>Left_Regular_trial,Left,421,886,220,64251971,nan,nan,nan
9/24/2026 5:03:13,1.17.3,StopSig,62,3.90,nan,1,NoPoke_Regular_(incorrect),Left,421,886,220,64256095,nan,nan,nan
9/24/2026 5:03:47,1.17.3,StopSig,62,3.90,nan,1,>Left_Regular_trial,Left,422,886,220,64289816,nan,nan,nan
9/24/2026 5:03:50,1.17.3,StopSig,62,3.90,nan,1,NoPoke_Regular_(incorrect),Left,422,886,220,64293089,nan,nan,nan
9/24/2026 5:17:02,1.17.3,StopSig,62,3.90,nan,1,Right_no_left,Left,422,887,220,64293089,nan,nan,nan
9/24/2026 5:17:12,1.17.3,StopSig,62,3.90,nan,1,Right_no_left,Left,422,888,220,65085336,nan,nan,nan
9/24/2026 5:17:17,1.17.3,StopSig,62,3.90,nan,1,Right_no_left,Left,422,889,220,65095565,nan,nan,nan
9/24/2026 5:17:19,1.17.3,StopSig,62,3.90,nan,1,>Left_Regular_trial,Left,423,889,220,65102531,nan,nan,nan
9/24/2026 5:17:20,1.17.3,StopSig,62,3.90,nan,1,Right_Regular_(correct),Left,423,890,220,65103535,nan,nan,nan
9/24/2026 5:17:21,1.17.3,StopSig,62,3.89,1,1,Pellet,Left,423,890,221,65103535,0.44,1020,nan
9/24/2026 5:17:38,1.17.3,StopSig,62,3.90,nan,1,>Left_Regular_trial,Left,424,890,221,65121664,nan,nan,nan
9/24/2026 5:17:41,1.17.3,StopSig,62,3.90,nan,1,Right_Regular_(correct),Left,424,891,221,65124502,nan,nan,nan
9/24/2026 5:17:42,1.17.3,StopSig,62,3.90,1,1,Pellet,Left,424,891,222,65124502,0.44,21,nan
9/24/2026 5:18:04,1.17.3,StopSig,62,3.90,nan,1,>Left_Stop_trial,Left,425,891,222,65146607,nan,nan,nan
9/24/2026 5:18:04,1.17.3,StopSig,62,3.90,nan,1,Right_STOP_(incorrect),Left,425,892,222,65147574,nan,nan,nan
9/24/2026 5:18:35,1.17.3,StopSig,62,3.89,nan,1,>Left_Stop_trial,Left,426,892,222,65177881,nan,nan,nan
9/24/2026 5:18:39,1.17.3,StopSig,62,3.91,nan,1,NoPoke_STOP_(correct),Left,426,892,222,65182136,nan,nan,nan
9/24/2026 5:19:00,1.17.3,StopSig,62,3.90,1,1,Pellet,Left,426,892,223,65182136,20.09,78,nan
9/24/2026 5:19:23,1.17.3,StopSig,62,3.91,nan,1,Right_no_left,Left,426,893,223,65182136,nan,nan,nan
9/24/2026 5:19:25,1.17.3,StopSig,62,3.90,nan,1,Right_no_left,Left,426,894,223,65226849,nan,nan,nan
9/24/2026 5:19:26,1.17.3,StopSig,62,3.90,nan,1,Right_no_left,Left,426,895,223,65228270,nan,nan,nan
9/24/2026 5:19:28,1.17.3,StopSig,62,3.90,nan,1,>Left_Regular_trial,Left,427,895,223,65231681,nan,nan,nan
9/24/2026 5:19:29,1.17.3,StopSig,62,3.90,nan,1,Right_Regular_(correct),Left,427,896,223,65232675,nan,nan,nan
9/24/2026 5:19:31,1.17.3,StopSig,62,3.90,1,1,Pellet,Left,427,896,224,65232675,0.44,31,nan
9/24/2026 5:20:01,1.17.3,StopSig,62,3.90,nan,1,>Left_Regular_trial,Left,428,896,224,65263738,nan,nan,nan
9/24/2026 5:20:04,1.17.3,StopSig,62,3.90,nan,1,NoPoke_Regular_(incorrect),Left,428,896,224,65267010,nan,nan,nan
9/24/2026 5:21:50,1.17.3,StopSig,62,3.91,nan,1,>Left_Stop_trial,Left,429,896,224,65372423,nan,nan,nan
9/24/2026 5:21:51,1.17.3,StopSig,62,3.90,nan,1,Right_STOP_(incorrect),Left,429,897,224,65374670,nan,nan,nan
9/24/2026 5:24:46,1.17.3,StopSig,62,3.90,nan,1,Right_no_left,Left,429,898,224,65374670,nan,nan,nan
9/24/2026 5:24:49,1.17.3,StopSig,62,3.90,nan,1,>Left_Stop_trial,Left,430,898,224,65551851,nan,nan,nan
9/24/2026 5:24:49,1.17.3,StopSig,62,3.90,nan,1,Right_STOP_(incorrect),Left,430,899,224,65552699,nan,nan,nan
9/24/2026 5:25:20,1.17.3,StopSig,62,3.90,nan,1,>Left_Stop_trial,Left,431,899,224,65583007,nan,nan,nan
9/24/2026 5:25:24,1.17.3,StopSig,62,3.90,nan,1,NoPoke_STOP_(correct),Left,431,899,224,65587074,nan,nan,nan
9/24/2026 5:25:25,1.17.3,StopSig,62,3.90,1,1,Pellet,Left,431,899,225,65587074,0.27,354,nan
9/24/2026 5:25:51,1.17.3,StopSig,62,3.90,nan,1,Right_no_left,Left,431,900,225,65587074,nan,nan,nan
9/24/2026 5:25:55,1.17.3,StopSig,62,3.90,nan,1,Right_no_left,Left,431,901,225,65614346,nan,nan,nan
9/24/2026 5:25:56,1.17.3,StopSig,62,3.90,nan,1,Right_no_left,Left,431,902,225,65618183,nan,nan,nan
9/24/2026 5:25:59,1.17.3,StopSig,62,3.90,nan,1,>Left_Regular_trial,Left,432,902,225,65622018,nan,nan,nan
9/24/2026 5:26:03,1.17.3,StopSig,62,3.90,nan,1,NoPoke_Regular_(incorrect),Left,432,902,225,65626143,nan,nan,nan
9/24/2026 5:28:25,1.17.3,StopSig,62,3.90,nan,1,>Left_Stop_trial,Left,433,902,225,65768111,nan,nan,nan
9/24/2026 5:28:29,1.17.3,StopSig,62,3.90,nan,1,NoPoke_STOP_(correct),Left,433,902,225,65772041,nan,nan,nan
9/24/2026 5:28:30,1.17.3,StopSig,62,3.91,1,1,Pellet,Left,433,902,226,65772041,0.50,185,nan
9/24/2026 5:28:58,1.17.3,StopSig,62,3.90,nan,1,Right_no_left,Left,433,903,226,65772041,nan,nan,nan
9/24/2026 5:28:59,1.17.3,StopSig,62,3.90,nan,1,Right_no_left,Left,433,904,226,65801193,nan,nan,nan
9/24/2026 5:29:02,1.17.3,StopSig,62,3.90,nan,1,Right_no_left,Left,433,905,226,65802050,nan,nan,nan
9/24/2026 5:29:03,1.17.3,StopSig,62,3.90,nan,1,Right_no_left,Left,433,906,226,65805036,nan,nan,nan
9/24/2026 5:29:06,1.17.3,StopSig,62,3.90,nan,1,Right_no_left,Left,433,907,226,65806030,nan,nan,nan
9/24/2026 5:29:07,1.17.3,StopSig,62,3.90,nan,1,Right_no_left,Left,433,908,226,65809444,nan,nan,nan
9/24/2026 5:29:08,1.17.3,StopSig,62,3.91,nan,1,Right_no_left,Left,433,909,226,65810297,nan,nan,nan
9/24/2026 5:29:11,1.17.3,StopSig,62,3.90,nan,1,Right_no_left,Left,433,910,226,65811725,nan,nan,nan
9/24/2026 5:29:12,1.17.3,StopSig,62,3.90,nan,1,Right_no_left,Left,433,911,226,65814579,nan,nan,nan
9/24/2026 5:29:15,1.17.3,StopSig,62,3.90,nan,1,Right_no_left,Left,433,912,226,65815857,nan,nan,nan
9/24/2026 5:29:17,1.17.3,StopSig,62,3.89,nan,1,>Left_Regular_trial,Left,434,912,226,65820545,nan,nan,nan
9/24/2026 5:29:20,1.17.3,StopSig,62,3.90,nan,1,Right_Regular_(correct),Left,434,913,226,65822960,nan,nan,nan
9/24/2026 5:29:21,1.17.3,StopSig,62,3.90,1,1,Pellet,Left,434,913,227,65822960,0.22,51,nan
9/24/2026 5:30:16,1.17.3,StopSig,62,3.90,nan,1,Right_no_left,Left,434,914,227,65822960,nan,nan,nan
9/24/2026 5:32:04,1.17.3,StopSig,62,3.90,nan,1,>Left_Regular_trial,Left,435,914,227,65987126,nan,nan,nan
9/24/2026 5:32:08,1.17.3,StopSig,62,3.90,nan,1,NoPoke_Regular_(incorrect),Left,435,914,227,65991102,nan,nan,nan
9/24/2026 5:41:13,1.17.3,StopSig,62,3.90,nan,1,>Left_Stop_trial,Left,436,914,227,66535582,nan,nan,nan
9/24/2026 5:41:16,1.17.3,StopSig,62,3.90,nan,1,NoPoke_STOP_(correct),Left,436,914,227,66539064,nan,nan,nan
9/24/2026 5:41:37,1.17.3,StopSig,62,3.90,nan,1,LeftDuringDispense,Left,437,914,227,66539064,nan,nan,21.51
9/24/2026 5:41:59,1.17.3,StopSig,62,3.90,nan,1,LeftWithPellet,Left,438,914,227,66539064,nan,nan,0.10
9/24/2026 6:46:09,1.17.3,StopSig,62,3.89,nan,1,LeftWithPellet,Left,439,914,227,66539064,nan,nan,0.21
9/24/2026 8:45:57,1.17.3,StopSig,62,3.88,1,1,Pellet,Left,439,914,228,66539064,Timed_out,11796,nan
9/24/2026 8:46:20,1.17.3,StopSig,62,3.89,nan,1,>Left_Stop_trial,Left,440,914,228,77643691,nan,nan,nan
9/24/2026 8:46:24,1.17.3,StopSig,62,3.88,nan,1,NoPoke_STOP_(correct),Left,440,914,228,77647508,nan,nan,nan
9/24/2026 8:46:25,1.17.3,StopSig,62,3.89,1,1,Pellet,Left,440,914,229,77647508,0.33,28,nan
9/24/2026 8:46:59,1.17.3,StopSig,62,3.88,nan,1,>Left_Regular_trial,Left,441,914,229,77683091,nan,nan,nan
9/24/2026 8:47:03,1.17.3,StopSig,62,3.88,nan,1,NoPoke_Regular_(incorrect),Left,441,914,229,77686495,nan,nan,nan
9/24/2026 8:47:40,1.17.3,StopSig,62,3.88,nan,1,Right_no_left,Left,441,915,229,77686495,nan,nan,nan
9/24/2026 8:47:43,1.17.3,StopSig,62,3.88,nan,1,Right_no_left,Left,441,916,229,77723476,nan,nan,nan
9/24/2026 8:47:46,1.17.3,StopSig,62,3.89,nan,1,Right_no_left,Left,441,917,229,77726455,nan,nan,nan
9/24/2026 8:47:59,1.17.3,StopSig,62,3.88,nan,1,>Left_Stop_trial,Left,442,917,229,77742342,nan,nan,nan
9/24/2026 8:48:03,1.17.3,StopSig,62,3.88,nan,1,NoPoke_STOP_(correct),Left,442,917,229,77746427,nan,nan,nan
9/24/2026 8:48:04,1.17.3,StopSig,62,3.89,1,1,Pellet,Left,442,917,230,77746427,0.50,99,nan
9/24/2026 8:48:23,1.17.3,StopSig,62,3.88,nan,1,>Left_Stop_trial,Left,443,917,230,77766739,nan,nan,nan
9/24/2026 8:48:27,1.17.3,StopSig,62,3.89,nan,1,NoPoke_STOP_(correct),Left,443,917,230,77770518,nan,nan,nan
9/24/2026 8:48:30,1.17.3,StopSig,62,3.88,2,1,Pellet,Left,443,917,231,77770518,0.72,26,nan
9/24/2026 8:48:51,1.17.3,StopSig,62,3.89,nan,1,>Left_Stop_trial,Left,444,917,231,77794461,nan,nan,nan
9/24/2026 8:48:55,1.17.3,StopSig,62,3.89,nan,1,NoPoke_STOP_(correct),Left,444,917,231,77798565,nan,nan,nan
9/24/2026 8:48:56,1.17.3,StopSig,62,3.88,1,1,Pellet,Left,444,917,232,77798565,0.55,26,nan
9/24/2026 8:49:28,1.17.3,StopSig,62,3.88,nan,1,>Left_Stop_trial,Left,445,917,232,77830894,nan,nan,nan
9/24/2026 8:49:29,1.17.3,StopSig,62,3.89,nan,1,Right_STOP_(incorrect),Left,445,918,232,77832714,nan,nan,nan
9/24/2026 8:52:06,1.17.3,StopSig,62,3.89,nan,1,>Left_Regular_trial,Left,446,918,232,77990070,nan,nan,nan
9/24/2026 8:52:10,1.17.3,StopSig,62,3.89,nan,1,NoPoke_Regular_(incorrect),Left,446,918,232,77993488,nan,nan,nan
9/24/2026 10:20:40,1.17.3,StopSig,62,3.88,nan,1,>Left_Regular_trial,Left,447,918,232,83304065,nan,nan,nan
9/24/2026 10:20:44,1.17.3,StopSig,62,3.88,nan,1,NoPoke_Regular_(incorrect),Left,447,918,232,83307612,nan,nan,nan
9/24/2026 10:34:32,1.17.3,StopSig,62,3.87,nan,1,>Left_Stop_trial,Left,448,918,232,84135059,nan,nan,nan
9/24/2026 10:34:35,1.17.3,StopSig,62,3.87,nan,1,NoPoke_STOP_(correct),Left,448,918,232,84138764,nan,nan,nan
9/24/2026 10:35:00,1.17.3,StopSig,62,3.88,1,1,Pellet,Left,448,918,233,84138764,24.29,6364,nan
9/24/2026 10:35:39,1.17.3,StopSig,62,3.87,nan,1,>Left_Stop_trial,Left,449,918,233,84202194,nan,nan,nan
9/24/2026 10:35:42,1.17.3,StopSig,62,3.87,nan,1,NoPoke_STOP_(correct),Left,449,918,233,84205655,nan,nan,nan
9/24/2026 10:35:46,1.17.3,StopSig,62,3.87,1,1,Pellet,Left,449,918,234,84205655,4.08,46,nan
9/24/2026 10:36:30,1.17.3,StopSig,62,3.87,nan,1,>Left_Stop_trial,Left,450,918,234,84253005,nan,nan,nan
9/24/2026 10:36:33,1.17.3,StopSig,62,3.88,nan,1,NoPoke_STOP_(correct),Left,450,918,234,84256654,nan,nan,nan
9/24/2026 10:36:35,1.17.3,StopSig,62,3.87,1,1,Pellet,Left,450,918,235,84256654,1.28,49,nan
9/24/2026 10:37:28,1.17.3,StopSig,62,3.87,nan,1,>Left_Stop_trial,Left,451,918,235,84311778,nan,nan,nan
9/24/2026 10:37:32,1.17.3,StopSig,62,3.87,nan,1,NoPoke_STOP_(correct),Left,451,918,235,84315684,nan,nan,nan
9/24/2026 10:37:34,1.17.3,StopSig,62,3.88,1,1,Pellet,Left,451,918,236,84315684,1.39,59,nan
9/24/2026 10:39:57,1.17.3,StopSig,62,3.87,nan,1,>Left_Regular_trial,Left,452,918,236,84460362,nan,nan,nan
9/24/2026 10:39:58,1.17.3,StopSig,62,3.87,nan,1,Right_Regular_(correct),Left,452,919,236,84461498,nan,nan,nan
9/24/2026 10:39:58,1.17.3,StopSig,62,3.87,nan,1,RightDuringDispense,Left,452,920,236,84461498,nan,nan,0.08
9/24/2026 10:40:02,1.17.3,StopSig,62,3.87,2,1,Pellet,Left,452,920,237,84461498,1.56,148,nan
9/24/2026 10:41:30,1.17.3,StopSig,62,3.87,nan,1,Right_no_left,Left,452,921,237,84461498,nan,nan,nan
9/24/2026 10:41:33,1.17.3,StopSig,62,3.87,nan,1,Right_no_left,Left,452,922,237,84554119,nan,nan,nan
9/24/2026 10:41:54,1.17.3,StopSig,62,3.87,nan,1,Right_no_left,Left,452,923,237,84556670,nan,nan,nan
9/24/2026 10:41:58,1.17.3,StopSig,62,3.88,nan,1,>Left_Regular_trial,Left,453,923,237,84581644,nan,nan,nan
9/24/2026 10:42:02,1.17.3,StopSig,62,3.88,nan,1,NoPoke_Regular_(incorrect),Left,453,923,237,84585760,nan,nan,nan
9/24/2026 10:42:59,1.17.3,StopSig,62,3.87,nan,1,>Left_Regular_trial,Left,454,923,237,84642907,nan,nan,nan
9/24/2026 10:43:03,1.17.3,StopSig,62,3.87,nan,1,NoPoke_Regular_(incorrect),Left,454,923,237,84646745,nan,nan,nan
9/24/2026 10:44:53,1.17.3,StopSig,62,3.87,nan,1,>Left_Stop_trial,Left,455,923,237,84756249,nan,nan,nan
9/24/2026 10:44:56,1.17.3,StopSig,62,3.87,nan,1,NoPoke_STOP_(correct),Left,455,923,237,84759742,nan,nan,nan
9/24/2026 10:45:01,1.17.3,StopSig,62,3.87,1,1,Pellet,Left,455,923,238,84759742,4.41,299,nan
9/24/2026 10:50:04,1.17.3,StopSig,62,3.87,nan,1,>Left_Regular_trial,Left,456,923,238,85068019,nan,nan,nan
9/24/2026 10:50:08,1.17.3,StopSig,62,3.87,nan,1,NoPoke_Regular_(incorrect),Left,456,923,238,85071715,nan,nan,nan
9/24/2026 10:53:11,1.17.3,StopSig,62,3.87,nan,1,>Left_Stop_trial,Left,457,923,238,85254549,nan,nan,nan
9/24/2026 10:53:15,1.17.3,StopSig,62,3.87,nan,1,NoPoke_STOP_(correct),Left,457,923,238,85258731,nan,nan,nan
9/24/2026 10:53:36,1.17.3,StopSig,62,3.87,1,1,Pellet,Left,457,923,239,85258731,20.47,515,nan
9/24/2026 10:54:11,1.17.3,StopSig,62,3.88,nan,1,>Left_Regular_trial,Left,458,923,239,85315148,nan,nan,nan
9/24/2026 10:54:12,1.17.3,StopSig,62,3.87,nan,1,Right_Regular_(correct),Left,458,924,239,85316142,nan,nan,nan
9/24/2026 10:54:13,1.17.3,StopSig,62,3.87,1,1,Pellet,Left,458,924,240,85316142,0.50,37,nan
9/24/2026 10:55:22,1.17.3,StopSig,62,3.87,nan,1,>Left_Regular_trial,Left,459,924,240,85385918,nan,nan,nan
9/24/2026 10:55:26,1.17.3,StopSig,62,3.87,nan,1,NoPoke_Regular_(incorrect),Left,459,924,240,85389752,nan,nan,nan
9/24/2026 10:59:11,1.17.3,StopSig,62,3.87,nan,1,Right_no_left,Left,459,925,240,85389752,nan,nan,nan
9/24/2026 10:59:12,1.17.3,StopSig,62,3.87,nan,1,Right_no_left,Left,459,926,240,85615098,nan,nan,nan
9/24/2026 10:59:13,1.17.3,StopSig,62,3.87,nan,1,Right_no_left,Left,459,927,240,85615807,nan,nan,nan
9/24/2026 11:00:29,1.17.3,StopSig,62,3.87,nan,1,>Left_Regular_trial,Left,460,927,240,85693358,nan,nan,nan
9/24/2026 11:00:33,1.17.3,StopSig,62,3.87,nan,1,NoPoke_Regular_(incorrect),Left,460,927,240,85696763,nan,nan,nan
9/24/2026 11:02:10,1.17.3,StopSig,62,3.87,nan,1,>Left_Stop_trial,Left,461,927,240,85793167,nan,nan,nan
9/24/2026 11:02:10,1.17.3,StopSig,62,3.87,nan,1,Right_STOP_(incorrect),Left,461,928,240,85794331,nan,nan,nan
9/24/2026 11:21:10,1.17.3,StopSig,62,3.87,nan,1,>Left_Stop_trial,Left,462,928,240,86933114,nan,nan,nan
9/24/2026 11:21:13,1.17.3,StopSig,62,3.87,nan,1,NoPoke_STOP_(correct),Left,462,928,240,86936861,nan,nan,nan
9/24/2026 11:21:14,1.17.3,StopSig,62,3.87,1,1,Pellet,Left,462,928,241,86936861,0.94,1621,nan
9/24/2026 12:10:39,1.17.3,StopSig,62,3.87,nan,1,>Left_Regular_trial,Left,463,928,241,89903087,nan,nan,nan
9/24/2026 12:10:43,1.17.3,StopSig,62,3.87,nan,1,NoPoke_Regular_(incorrect),Left,463,928,241,89906918,nan,nan,nan
9/24/2026 12:11:22,1.17.3,StopSig,62,3.87,nan,1,>Left_Stop_trial,Left,464,928,241,89945166,nan,nan,nan
9/24/2026 12:11:25,1.17.3,StopSig,62,3.87,nan,1,NoPoke_STOP_(correct),Left,464,928,241,89948867,nan,nan,nan
9/24/2026 12:11:26,1.17.3,StopSig,62,3.86,2,1,Pellet,Left,464,928,242,89948867,0.61,3012,nan
9/24/2026 12:12:14,1.17.3,StopSig,62,3.87,nan,1,Right_no_left,Left,464,929,242,89948867,nan,nan,nan
9/24/2026 12:12:15,1.17.3,StopSig,62,3.87,nan,1,Right_no_left,Left,464,930,242,89997904,nan,nan,nan
9/24/2026 12:12:16,1.17.3,StopSig,62,3.87,nan,1,>Left_Regular_trial,Left,465,930,242,89999749,nan,nan,nan
9/24/2026 12:12:20,1.17.3,StopSig,62,3.87,nan,1,NoPoke_Regular_(incorrect),Left,465,930,242,90003866,nan,nan,nan
9/24/2026 12:13:14,1.17.3,StopSig,62,3.87,nan,1,>Left_Regular_trial,Left,466,930,242,90058453,nan,nan,nan
9/24/2026 12:13:18,1.17.3,StopSig,62,3.87,nan,1,NoPoke_Regular_(incorrect),Left,466,930,242,90061867,nan,nan,nan
9/24/2026 12:42:53,1.17.3,StopSig,62,3.86,nan,1,>Left_Regular_trial,Left,467,930,242,91837020,nan,nan,nan
9/24/2026 12:42:55,1.17.3,StopSig,62,3.87,nan,1,Right_Regular_(correct),Left,467,931,242,91838866,nan,nan,nan
9/24/2026 12:42:56,1.17.3,StopSig,62,3.87,1,1,Pellet,Left,467,931,243,91838866,0.44,1890,nan
9/24/2026 12:51:28,1.17.3,StopSig,62,3.87,nan,1,>Left_Regular_trial,Left,468,931,243,92352254,nan,nan,nan
9/24/2026 12:51:32,1.17.3,StopSig,62,3.87,nan,1,NoPoke_Regular_(incorrect),Left,468,931,243,92355942,nan,nan,nan
9/24/2026 12:54:57,1.17.3,StopSig,62,3.87,nan,1,>Left_Regular_trial,Left,469,931,243,92560922,nan,nan,nan
9/24/2026 12:55:01,1.17.3,StopSig,62,3.86,nan,1,NoPoke_Regular_(incorrect),Left,469,931,243,92565038,nan,nan,nan
9/24/2026 12:55:41,1.17.3,StopSig,62,3.87,nan,1,>Left_Regular_trial,Left,470,931,243,92605143,nan,nan,nan
9/24/2026 12:55:45,1.17.3,StopSig,62,3.87,nan,1,NoPoke_Regular_(incorrect),Left,470,931,243,92608980,nan,nan,nan
9/24/2026 12:56:20,1.17.3,StopSig,62,3.87,nan,1,>Left_Regular_trial,Left,471,931,243,92643687,nan,nan,nan
9/24/2026 12:56:22,1.17.3,StopSig,62,3.86,nan,1,Right_Regular_(correct),Left,471,932,243,92646239,nan,nan,nan
9/24/2026 12:56:23,1.17.3,StopSig,62,3.87,1,1,Pellet,Left,471,932,244,92646239,0.72,807,nan
9/24/2026 12:56:45,1.17.3,StopSig,62,3.86,nan,1,>Left_Regular_trial,Left,472,932,244,92668821,nan,nan,nan
9/24/2026 12:56:47,1.17.3,StopSig,62,3.86,nan,1,Right_Regular_(correct),Left,472,933,244,92670815,nan,nan,nan
9/24/2026 12:56:48,1.17.3,StopSig,62,3.87,2,1,Pellet,Left,472,933,245,92670815,0.16,25,nan
9/24/2026 12:57:07,1.17.3,StopSig,62,3.87,nan,1,Right_no_left,Left,472,934,245,92670815,nan,nan,nan
9/24/2026 12:57:08,1.17.3,StopSig,62,3.87,nan,1,Right_no_left,Left,472,935,245,92691452,nan,nan,nan
9/24/2026 12:57:09,1.17.3,StopSig,62,3.87,nan,1,Right_no_left,Left,472,936,245,92692445,nan,nan,nan
9/24/2026 12:57:10,1.17.3,StopSig,62,3.86,nan,1,Right_no_left,Left,472,937,245,92693455,nan,nan,nan
9/24/2026 12:57:11,1.17.3,StopSig,62,3.87,nan,1,>Left_Regular_trial,Left,473,937,245,92695583,nan,nan,nan
9/24/2026 12:57:12,1.17.3,StopSig,62,3.86,nan,1,Right_Regular_(correct),Left,473,938,245,92696718,nan,nan,nan
9/24/2026 12:57:14,1.17.3,StopSig,62,3.87,2,1,Pellet,Left,473,938,246,92696718,0.16,26,nan
9/24/2026 12:57:30,1.17.3,StopSig,62,3.86,nan,1,>Left_Stop_trial,Left,474,938,246,92713751,nan,nan,nan
9/24/2026 12:57:31,1.17.3,StopSig,62,3.86,nan,1,Right_STOP_(incorrect),Left,474,939,246,92714982,nan,nan,nan
9/24/2026 12:58:01,1.17.3,StopSig,62,3.86,nan,1,>Left_Regular_trial,Left,475,939,246,92745289,nan,nan,nan
9/24/2026 12:58:04,1.17.3,StopSig,62,3.87,nan,1,Right_Regular_(correct),Left,475,940,246,92748557,nan,nan,nan
9/24/2026 12:58:05,1.17.3,StopSig,62,3.86,1,1,Pellet,Left,475,940,247,92748557,0.50,51,nan
9/24/2026 12:58:28,1.17.3,StopSig,62,3.86,nan,1,>Left_Stop_trial,Left,476,940,247,92771960,nan,nan,nan
9/24/2026 12:58:29,1.17.3,StopSig,62,3.87,nan,1,Right_STOP_(incorrect),Left,476,941,247,92773578,nan,nan,nan
9/24/2026 12:59:00,1.17.3,StopSig,62,3.86,nan,1,>Left_Stop_trial,Left,477,941,247,92803886,nan,nan,nan
9/24/2026 12:59:04,1.17.3,StopSig,62,3.86,nan,1,NoPoke_STOP_(correct),Left,477,941,247,92808039,nan,nan,nan
9/24/2026 12:59:08,1.17.3,StopSig,62,3.86,1,1,Pellet,Left,477,941,248,92808039,3.40,63,nan
9/24/2026 13:00:46,1.17.3,StopSig,62,3.86,nan,1,>Left_Regular_trial,Left,478,941,248,92910455,nan,nan,nan
9/24/2026 13:00:48,1.17.3,StopSig,62,3.87,nan,1,Right_Regular_(correct),Left,478,942,248,92912022,nan,nan,nan
9/24/2026 13:00:49,1.17.3,StopSig,62,3.86,1,1,Pellet,Left,478,942,249,92912022,0.11,101,nan
9/24/2026 13:01:46,1.17.3,StopSig,62,3.86,nan,1,>Left_Stop_trial,Left,479,942,249,92969467,nan,nan,nan
9/24/2026 13:01:47,1.17.3,StopSig,62,3.86,nan,1,Right_STOP_(incorrect),Left,479,943,249,92970865,nan,nan,nan
9/24/2026 13:04:16,1.17.3,StopSig,62,3.86,nan,1,>Left_Regular_trial,Left,480,943,249,93120559,nan,nan,nan
9/24/2026 13:04:20,1.17.3,StopSig,62,3.87,nan,1,Right_Regular_(correct),Left,480,944,249,93123831,nan,nan,nan
9/24/2026 13:04:20,1.17.3,StopSig,62,3.87,1,1,Pellet,Left,480,944,250,93123831,0.16,211,nan
9/24/2026 13:04:42,1.17.3,StopSig,62,3.86,nan,1,Right_no_left,Left,480,945,250,93123831,nan,nan,nan
9/24/2026 13:04:43,1.17.3,StopSig,62,3.87,nan,1,Right_no_left,Left,480,946,250,93146027,nan,nan,nan
9/24/2026 13:04:44,1.17.3,StopSig,62,3.86,nan,1,Right_no_left,Left,480,947,250,93147021,nan,nan,nan
9/24/2026 13:04:45,1.17.3,StopSig,62,3.86,nan,1,>Left_Regular_trial,Left,481,947,250,93149299,nan,nan,nan
9/24/2026 13:04:46,1.17.3,StopSig,62,3.86,nan,1,Right_Regular_(correct),Left,481,948,250,93150150,nan,nan,nan
9/24/2026 13:04:47,1.17.3,StopSig,62,3.86,1,1,Pellet,Left,481,948,251,93150150,0.11,27,nan
9/24/2026 13:05:17,1.17.3,StopSig,62,3.86,nan,1,Right_no_left,Left,481,949,251,93150150,nan,nan,nan
9/24/2026 13:05:18,1.17.3,StopSig,62,3.86,nan,1,Right_no_left,Left,481,950,251,93181920,nan,nan,nan
9/24/2026 13:05:19,1.17.3,StopSig,62,3.87,nan,1,Right_no_left,Left,481,951,251,93182919,nan,nan,nan
9/24/2026 13:05:20,1.17.3,StopSig,62,3.86,nan,1,Right_no_left,Left,481,952,251,93183912,nan,nan,nan
9/24/2026 13:05:21,1.17.3,StopSig,62,3.87,nan,1,>Left_Regular_trial,Left,482,952,251,93185330,nan,nan,nan
9/24/2026 13:05:23,1.17.3,StopSig,62,3.86,nan,1,Right_Regular_(correct),Left,482,953,251,93186892,nan,nan,nan
9/24/2026 13:05:24,1.17.3,StopSig,62,3.87,1,1,Pellet,Left,482,953,252,93186892,0.39,37,nan
9/24/2026 13:05:56,1.17.3,StopSig,62,3.87,nan,1,>Left_Regular_trial,Left,483,953,252,93220442,nan,nan,nan
9/24/2026 13:05:57,1.17.3,StopSig,62,3.87,nan,1,Right_Regular_(correct),Left,483,954,252,93221589,nan,nan,nan
9/24/2026 13:05:58,1.17.3,StopSig,62,3.87,1,1,Pellet,Left,483,954,253,93221589,0.16,34,nan
9/24/2026 13:06:23,1.17.3,StopSig,62,3.86,nan,1,Right_no_left,Left,483,955,253,93221589,nan,nan,nan
9/24/2026 13:06:24,1.17.3,StopSig,62,3.86,nan,1,Right_no_left,Left,483,956,253,93246994,nan,nan,nan
9/24/2026 13:06:25,1.17.3,StopSig,62,3.86,nan,1,>Left_Regular_trial,Left,484,956,253,93249008,nan,nan,nan
9/24/2026 13:06:26,1.17.3,StopSig,62,3.86,nan,1,Right_Regular_(correct),Left,484,957,253,93250429,nan,nan,nan
9/24/2026 13:06:27,1.17.3,StopSig,62,3.86,1,1,Pellet,Left,484,957,254,93250429,0.22,29,nan
9/24/2026 13:06:49,1.17.3,StopSig,62,3.87,nan,1,>Left_Regular_trial,Left,485,957,254,93273602,nan,nan,nan
9/24/2026 13:06:53,1.17.3,StopSig,62,3.86,nan,1,NoPoke_Regular_(incorrect),Left,485,957,254,93277017,nan,nan,nan
9/24/2026 13:08:21,1.17.3,StopSig,62,3.87,nan,1,>Left_Regular_trial,Left,486,957,254,93365419,nan,nan,nan
9/24/2026 13:08:25,1.17.3,StopSig,62,3.87,nan,1,NoPoke_Regular_(incorrect),Left,486,957,254,93368971,nan,nan,nan
9/24/2026 13:09:00,1.17.3,StopSig,62,3.86,nan,1,>Left_Regular_trial,Left,487,957,254,93403828,nan,nan,nan
9/24/2026 13:09:04,1.17.3,StopSig,62,3.86,nan,1,NoPoke_Regular_(incorrect),Left,487,957,254,93408087,nan,nan,nan
9/24/2026 13:09:42,1.17.3,StopSig,62,3.86,nan,1,>Left_Regular_trial,Left,488,957,254,93446495,nan,nan,nan
9/24/2026 13:09:44,1.17.3,StopSig,62,3.86,nan,1,Right_Regular_(correct),Left,488,958,254,93448768,nan,nan,nan
9/24/2026 13:09:45,1.17.3,StopSig,62,3.86,1,1,Pellet,Left,488,958,255,93448768,0.16,198,nan
9/24/2026 13:10:09,1.17.3,StopSig,62,3.86,nan,1,>Left_Regular_trial,Left,489,958,255,93473080,nan,nan,nan
9/24/2026 13:10:13,1.17.3,StopSig,62,3.86,nan,1,NoPoke_Regular_(incorrect),Left,489,958,255,93477058,nan,nan,nan
9/24/2026 13:11:14,1.17.3,StopSig,62,3.87,nan,1,>Left_Regular_trial,Left,490,958,255,93538350,nan,nan,nan
9/24/2026 13:11:18,1.17.3,StopSig,62,3.87,nan,1,NoPoke_Regular_(incorrect),Left,490,958,255,93542040,nan,nan,nan
9/24/2026 13:12:02,1.17.3,StopSig,62,3.86,nan,1,>Left_Regular_trial,Left,491,958,255,93585834,nan,nan,nan
9/24/2026 13:12:04,1.17.3,StopSig,62,3.86,nan,1,Right_Regular_(correct),Left,491,959,255,93587962,nan,nan,nan
9/24/2026 13:12:05,1.17.3,StopSig,62,3.86,1,1,Pellet,Left,491,959,256,93587962,0.33,140,nan
9/24/2026 13:12:22,1.17.3,StopSig,62,3.86,nan,1,>Left_Regular_trial,Left,492,959,256,93606559,nan,nan,nan
9/24/2026 13:12:25,1.17.3,StopSig,62,3.86,nan,1,Right_Regular_(correct),Left,492,960,256,93609257,nan,nan,nan
9/24/2026 13:12:26,1.17.3,StopSig,62,3.86,1,1,Pellet,Left,492,960,257,93609257,0.22,21,nan
9/24/2026 13:13:19,1.17.3,StopSig,62,3.86,nan,1,>Left_Regular_trial,Left,493,960,257,93663023,nan,nan,nan
9/24/2026 13:13:22,1.17.3,StopSig,62,3.86,nan,1,Right_Regular_(correct),Left,493,961,257,93666146,nan,nan,nan
9/24/2026 13:13:22,1.17.3,StopSig,62,3.86,nan,1,RightDuringDispense,Left,493,962,257,93666146,nan,nan,0.10
9/24/2026 13:13:23,1.17.3,StopSig,62,3.87,1,1,Pellet,Left,493,962,258,93666146,0.11,57,nan
9/24/2026 13:13:54,1.17.3,StopSig,62,3.86,nan,1,Right_no_left,Left,493,963,258,93666146,nan,nan,nan
9/24/2026 13:13:55,1.17.3,StopSig,62,3.87,nan,1,Right_no_left,Left,493,964,258,93698059,nan,nan,nan
9/24/2026 13:13:57,1.17.3,StopSig,62,3.86,nan,1,Right_no_left,Left,493,965,258,93699195,nan,nan,nan
9/24/2026 13:13:59,1.17.3,StopSig,62,3.87,nan,1,Right_no_left,Left,493,966,258,93701757,nan,nan,nan
9/24/2026 13:14:00,1.17.3,StopSig,62,3.86,nan,1,>Left_Regular_trial,Left,494,966,258,93704030,nan,nan,nan
9/24/2026 13:14:03,1.17.3,StopSig,62,3.86,nan,1,Right_Regular_(correct),Left,494,967,258,93707153,nan,nan,nan
9/24/2026 13:14:04,1.17.3,StopSig,62,3.86,1,1,Pellet,Left,494,967,259,93707153,0.22,41,nan
9/24/2026 13:14:23,1.17.3,StopSig,62,3.86,nan,1,>Left_Regular_trial,Left,495,967,259,93726919,nan,nan,nan
9/24/2026 13:14:27,1.17.3,StopSig,62,3.87,nan,1,NoPoke_Regular_(incorrect),Left,495,967,259,93731041,nan,nan,nan
9/24/2026 13:16:01,1.17.3,StopSig,62,3.86,nan,1,>Left_Regular_trial,Left,496,967,259,93824958,nan,nan,nan
9/24/2026 13:16:05,1.17.3,StopSig,62,3.86,nan,1,NoPoke_Regular_(incorrect),Left,496,967,259,93829076,nan,nan,nan
9/24/2026 13:24:45,1.17.3,StopSig,62,3.86,nan,1,>Left_Regular_trial,Left,497,967,259,94349639,nan,nan,nan
9/24/2026 13:24:49,1.17.3,StopSig,62,3.86,nan,1,NoPoke_Regular_(incorrect),Left,497,967,259,94353052,nan,nan,nan
9/24/2026 13:25:47,1.17.3,StopSig,62,3.86,nan,1,>Left_Regular_trial,Left,498,967,259,94411058,nan,nan,nan
9/24/2026 13:25:48,1.17.3,StopSig,62,3.86,nan,1,Right_Regular_(correct),Left,498,968,259,94412763,nan,nan,nan
9/24/2026 13:25:49,1.17.3,StopSig,62,3.86,1,1,Pellet,Left,498,968,260,94412763,0.22,705,nan
9/24/2026 13:26:20,1.17.3,StopSig,62,3.86,nan,1,Right_no_left,Left,498,969,260,94412763,nan,nan,nan
9/24/2026 13:26:21,1.17.3,StopSig,62,3.86,nan,1,Right_no_left,Left,498,970,260,94444345,nan,nan,nan
9/24/2026 13:26:27,1.17.3,StopSig,62,3.86,nan,1,Right_no_left,Left,498,971,260,94445340,nan,nan,nan
9/24/2026 13:26:30,1.17.3,StopSig,62,3.87,nan,1,>Left_Stop_trial,Left,499,971,260,94453441,nan,nan,nan
9/24/2026 13:26:33,1.17.3,StopSig,62,3.86,nan,1,NoPoke_STOP_(correct),Left,499,971,260,94457031,nan,nan,nan
9/24/2026 13:26:34,1.17.3,StopSig,62,3.86,1,1,Pellet,Left,499,971,261,94457031,0.72,45,nan
9/24/2026 13:28:08,1.17.3,StopSig,62,3.86,nan,1,>Left_Stop_trial,Left,500,971,261,94551468,nan,nan,nan
9/24/2026 13:28:11,1.17.3,StopSig,62,3.86,nan,1,NoPoke_STOP_(correct),Left,500,971,261,94555044,nan,nan,nan
9/24/2026 13:28:12,1.17.3,StopSig,62,3.86,2,1,Pellet,Left,500,971,262,94555044,0.16,98,nan
9/24/2026 13:29:04,1.17.3,StopSig,62,3.85,nan,1,>Left_Regular_trial,Left,501,971,262,94607923,nan,nan,nan
9/24/2026 13:29:08,1.17.3,StopSig,62,3.86,nan,1,NoPoke_Regular_(incorrect),Left,501,971,262,94612037,nan,nan,nan
9/24/2026 14:12:10,1.17.3,StopSig,62,3.86,nan,1,Right_no_left,Left,501,972,262,94612037,nan,nan,nan
9/24/2026 14:12:44,1.17.3,StopSig,62,3.85,nan,1,Right_no_left,Left,501,973,262,97194700,nan,nan,nan
9/24/2026 14:12:45,1.17.3,StopSig,62,3.86,nan,1,>Left_Regular_trial,Left,502,973,262,97229324,nan,nan,nan
9/24/2026 14:12:49,1.17.3,StopSig,62,3.86,nan,1,NoPoke_Regular_(incorrect),Left,502,973,262,97233157,nan,nan,nan
9/24/2026 14:13:25,1.17.3,StopSig,62,3.86,nan,1,>Left_Regular_trial,Left,503,973,262,97268860,nan,nan,nan
9/24/2026 14:13:28,1.17.3,StopSig,62,3.86,nan,1,NoPoke_Regular_(incorrect),Left,503,973,262,97272130,nan,nan,nan
9/24/2026 14:13:59,1.17.3,StopSig,62,3.85,nan,1,Right_no_left,Left,503,974,262,97272130,nan,nan,nan
9/24/2026 14:14:01,1.17.3,StopSig,62,3.85,nan,1,Right_no_left,Left,503,975,262,97303715,nan,nan,nan
9/24/2026 14:14:04,1.17.3,StopSig,62,3.85,nan,1,>Left_Stop_trial,Left,504,975,262,97307830,nan,nan,nan
9/24/2026 14:14:05,1.17.3,StopSig,62,3.86,nan,1,Right_STOP_(incorrect),Left,504,976,262,97309021,nan,nan,nan
9/24/2026 14:14:35,1.17.3,StopSig,62,3.85,nan,1,>Left_Regular_trial,Left,505,976,262,97339335,nan,nan,nan
9/24/2026 14:14:39,1.17.3,StopSig,62,3.86,nan,1,NoPoke_Regular_(incorrect),Left,505,976,262,97343167,nan,nan,nan
9/24/2026 14:15:26,1.17.3,StopSig,62,3.86,nan,1,>Left_Regular_trial,Left,506,976,262,97390374,nan,nan,nan
9/24/2026 14:15:30,1.17.3,StopSig,62,3.85,nan,1,NoPoke_Regular_(incorrect),Left,506,976,262,97394209,nan,nan,nan
9/24/2026 14:16:37,1.17.3,StopSig,62,3.86,nan,1,>Left_Regular_trial,Left,507,976,262,97461744,nan,nan,nan
9/24/2026 14:16:41,1.17.3,StopSig,62,3.85,nan,1,NoPoke_Regular_(incorrect),Left,507,976,262,97465161,nan,nan,nan
9/24/2026 14:17:50,1.17.3,StopSig,62,3.86,nan,1,>Left_Stop_trial,Left,508,976,262,97534202,nan,nan,nan
9/24/2026 14:17:54,1.17.3,StopSig,62,3.85,nan,1,NoPoke_STOP_(correct),Left,508,976,262,97538189,nan,nan,nan
9/24/2026 14:17:55,1.17.3,StopSig,62,3.86,1,1,Pellet,Left,508,976,263,97538189,0.78,2983,nan
9/24/2026 14:18:34,1.17.3,StopSig,62,3.86,nan,1,>Left_Regular_trial,Left,509,976,263,97578607,nan,nan,nan
9/24/2026 14:18:38,1.17.3,StopSig,62,3.86,nan,1,NoPoke_Regular_(incorrect),Left,509,976,263,97582158,nan,nan,nan
