MM:DD:YYYY hh:mm:ss,Library_Version,Session_type,Device_Number,Battery_Voltage,Motor_Turns,FR,Event,Active_Poke,Left_Poke_Count,Right_Poke_Count,Pellet_Count,Block_Pellet_Count,Retrieval_Time,InterPelletInterval,Poke_Time
9/23/2026 11:49:09,1.17.3,StopSig,73,4.16,nan,1,Right_no_left,Left,0,1,0,0,nan,nan,nan
9/23/2026 11:53:05,1.17.3,StopSig,73,4.15,nan,1,>Left_Regular_trial,Left,1,1,0,2416338,nan,nan,nan
9/23/2026 11:53:09,1.17.3,StopSig,73,4.15,nan,1,NoPoke_Regular_(incorrect),Left,1,1,0,2419844,nan,nan,nan
9/23/2026 11:55:46,1.17.3,StopSig,73,4.16,nan,1,>Left_Regular_trial,Left,2,1,0,2576783,nan,nan,nan
9/23/2026 11:55:50,1.17.3,StopSig,73,4.16,nan,1,NoPoke_Regular_(incorrect),Left,2,1,0,2580852,nan,nan,nan
9/23/2026 11:59:21,1.17.3,StopSig,73,4.15,nan,1,>Left_Regular_trial,Left,3,1,0,2791558,nan,nan,nan
9/23/2026 11:59:24,1.17.3,StopSig,73,4.15,nan,1,NoPoke_Regular_(incorrect),Left,3,1,0,2794787,nan,nan,nan
9/23/2026 12:01:59,1.17.3,StopSig,73,4.15,nan,1,>Left_Regular_trial,Left,4,1,0,2950071,nan,nan,nan
9/23/2026 12:02:03,1.17.3,StopSig,73,4.15,nan,1,NoPoke_Regular_(incorrect),Left,4,1,0,2953868,nan,nan,nan
9/23/2026 12:02:37,1.17.3,StopSig,73,4.15,nan,1,>Left_Regular_trial,Left,5,1,0,2988245,nan,nan,nan
9/23/2026 12:02:41,1.17.3,StopSig,73,4.16,nan,1,NoPoke_Regular_(incorrect),Left,5,1,0,2991757,nan,nan,nan
9/23/2026 12:03:24,1.17.3,StopSig,73,4.15,nan,1,>Left_Regular_trial,Left,6,1,0,3034685,nan,nan,nan
9/23/2026 12:03:28,1.17.3,StopSig,73,4.15,nan,1,NoPoke_Regular_(incorrect),Left,6,1,0,3038759,nan,nan,nan
9/23/2026 12:03:58,1.17.3,StopSig,73,4.15,nan,1,>Left_Regular_trial,Left,7,1,0,3069078,nan,nan,nan
9/23/2026 12:03:59,1.17.3,StopSig,73,4.15,nan,1,Right_Regular_(correct),Left,7,2,0,3070347,nan,nan,nan
9/23/2026 12:04:00,1.17.3,StopSig,73,4.15,nan,1,RightDuringDispense,Left,7,3,0,3070347,nan,nan,0.10
9/23/2026 12:04:06,1.17.3,StopSig,73,4.15,4,1,Pellet,Left,7,3,1,3070347,0.55,nan,nan
9/23/2026 12:04:26,1.17.3,StopSig,73,4.15,nan,1,>Left_Regular_trial,Left,8,3,1,3096491,nan,nan,nan
9/23/2026 12:04:27,1.17.3,StopSig,73,4.14,nan,1,Right_Regular_(correct),Left,8,4,1,3097761,nan,nan,nan
9/23/2026 12:04:38,1.17.3,StopSig,73,4.15,3,1,Pellet,Left,8,4,2,3097761,8.54,32,nan
9/23/2026 12:04:53,1.17.3,StopSig,73,4.16,nan,1,>Left_Regular_trial,Left,9,4,2,3123783,nan,nan,nan
9/23/2026 12:04:57,1.17.3,StopSig,73,4.15,nan,1,NoPoke_Regular_(incorrect),Left,9,4,2,3127856,nan,nan,nan
9/23/2026 12:05:36,1.17.3,StopSig,73,4.15,nan,1,Right_no_left,Left,9,5,2,3127856,nan,nan,nan
9/23/2026 12:05:40,1.17.3,StopSig,73,4.14,nan,1,>Left_Regular_trial,Left,10,5,2,3171362,nan,nan,nan
9/23/2026 12:05:41,1.17.3,StopSig,73,4.15,nan,1,Right_Regular_(correct),Left,10,6,2,3172219,nan,nan,nan
9/23/2026 12:05:42,1.17.3,StopSig,73,4.09,nan,1,RightDuringDispense,Left,10,7,2,3172219,nan,nan,0.01
9/23/2026 12:05:43,1.17.3,StopSig,73,4.15,1,1,Pellet,Left,10,7,3,3172219,0.55,65,nan
9/23/2026 12:05:55,1.17.3,StopSig,73,4.15,nan,1,>Left_Regular_trial,Left,11,7,3,3185499,nan,nan,nan
9/23/2026 12:05:56,1.17.3,StopSig,73,4.15,nan,1,Right_Regular_(correct),Left,11,8,3,3186769,nan,nan,nan
9/23/2026 12:05:57,1.17.3,StopSig,73,4.15,1,1,Pellet,Left,11,8,4,3186769,0.27,14,nan
9/23/2026 12:06:08,1.17.3,StopSig,73,4.15,nan,1,>Left_Regular_trial,Left,12,8,4,3198886,nan,nan,nan
9/23/2026 12:06:12,1.17.3,StopSig,73,4.15,nan,1,NoPoke_Regular_(incorrect),Left,12,8,4,3202826,nan,nan,nan
9/23/2026 12:08:13,1.17.3,StopSig,73,4.15,nan,1,>Left_Regular_trial,Left,13,8,4,3324123,nan,nan,nan
9/23/2026 12:08:14,1.17.3,StopSig,73,4.15,nan,1,Right_Regular_(correct),Left,13,9,4,3325535,nan,nan,nan
9/23/2026 12:08:16,1.17.3,StopSig,73,4.15,1,1,Pellet,Left,13,9,5,3325535,0.27,139,nan
9/23/2026 12:08:33,1.17.3,StopSig,73,4.15,nan,1,>Left_Regular_trial,Left,14,9,5,3344216,nan,nan,nan
9/23/2026 12:08:37,1.17.3,StopSig,73,4.15,nan,1,NoPoke_Regular_(incorrect),Left,14,9,5,3347875,nan,nan,nan
9/23/2026 12:11:46,1.17.3,StopSig,73,4.15,nan,1,>Left_Regular_trial,Left,15,9,5,3536702,nan,nan,nan
9/23/2026 12:11:48,1.17.3,StopSig,73,4.15,nan,1,Right_Regular_(correct),Left,15,10,5,3539234,nan,nan,nan
9/23/2026 12:11:49,1.17.3,StopSig,73,4.14,1,1,Pellet,Left,15,10,6,3539234,0.50,213,nan
9/23/2026 12:16:40,1.17.3,StopSig,73,4.15,nan,1,Right_no_left,Left,15,11,6,3539234,nan,nan,nan
9/23/2026 12:16:51,1.17.3,StopSig,73,4.15,nan,1,Right_no_left,Left,15,12,6,3831059,nan,nan,nan
9/23/2026 12:16:55,1.17.3,StopSig,73,4.15,nan,1,>Left_Regular_trial,Left,16,12,6,3845667,nan,nan,nan
9/23/2026 12:16:59,1.17.3,StopSig,73,4.15,nan,1,NoPoke_Regular_(incorrect),Left,16,12,6,3849890,nan,nan,nan
9/23/2026 12:17:36,1.17.3,StopSig,73,4.15,nan,1,Right_no_left,Left,16,13,6,3849890,nan,nan,nan
9/23/2026 12:17:41,1.17.3,StopSig,73,4.15,nan,1,>Left_Regular_trial,Left,17,13,6,3892294,nan,nan,nan
9/23/2026 12:17:45,1.17.3,StopSig,73,4.15,nan,1,NoPoke_Regular_(incorrect),Left,17,13,6,3895809,nan,nan,nan
9/23/2026 12:20:55,1.17.3,StopSig,73,4.15,nan,1,Right_no_left,Left,17,14,6,3895809,nan,nan,nan
9/23/2026 12:24:39,1.17.3,StopSig,73,4.14,nan,1,>Left_Regular_trial,Left,18,14,6,4310120,nan,nan,nan
9/23/2026 12:24:43,1.17.3,StopSig,73,4.14,nan,1,NoPoke_Regular_(incorrect),Left,18,14,6,4313926,nan,nan,nan
9/23/2026 12:26:09,1.17.3,StopSig,73,4.14,nan,1,Right_no_left,Left,18,15,6,4313926,nan,nan,nan
9/23/2026 12:26:10,1.17.3,StopSig,73,4.14,nan,1,Right_no_left,Left,18,16,6,4400305,nan,nan,nan
9/23/2026 12:27:08,1.17.3,StopSig,73,4.14,nan,1,Right_no_left,Left,18,17,6,4401437,nan,nan,nan
9/23/2026 12:27:11,1.17.3,StopSig,73,4.14,nan,1,>Left_Regular_trial,Left,19,17,6,4461748,nan,nan,nan
9/23/2026 12:27:12,1.17.3,StopSig,73,4.14,nan,1,Right_Regular_(correct),Left,19,18,6,4462885,nan,nan,nan
9/23/2026 12:27:13,1.17.3,StopSig,73,4.14,1,1,Pellet,Left,19,18,7,4462885,0.55,924,nan
9/23/2026 12:27:30,1.17.3,StopSig,73,4.14,nan,1,>Left_Regular_trial,Left,20,18,7,4481289,nan,nan,nan
9/23/2026 12:27:32,1.17.3,StopSig,73,4.14,nan,1,Right_Regular_(correct),Left,20,19,7,4482841,nan,nan,nan
9/23/2026 12:27:33,1.17.3,StopSig,73,4.14,1,1,Pellet,Left,20,19,8,4482841,0.38,20,nan
9/23/2026 12:27:50,1.17.3,StopSig,73,4.14,nan,1,Right_no_left,Left,20,20,8,4482841,nan,nan,nan
9/23/2026 12:27:53,1.17.3,StopSig,73,4.14,nan,1,>Left_Regular_trial,Left,21,20,8,4503790,nan,nan,nan
9/23/2026 12:27:57,1.17.3,StopSig,73,4.15,nan,1,NoPoke_Regular_(incorrect),Left,21,20,8,4507873,nan,nan,nan
9/23/2026 12:29:58,1.17.3,StopSig,73,4.14,nan,1,Right_no_left,Left,21,21,8,4507873,nan,nan,nan
9/23/2026 12:31:23,1.17.3,StopSig,73,4.15,nan,1,>Left_Regular_trial,Left,22,21,8,4714232,nan,nan,nan
9/23/2026 12:31:27,1.17.3,StopSig,73,4.14,nan,1,NoPoke_Regular_(incorrect),Left,22,21,8,4717889,nan,nan,nan
9/23/2026 12:32:23,1.17.3,StopSig,73,4.14,nan,1,>Left_Regular_trial,Left,23,21,8,4773781,nan,nan,nan
9/23/2026 12:32:24,1.17.3,StopSig,73,4.14,nan,1,Right_Regular_(correct),Left,23,22,8,4775054,nan,nan,nan
9/23/2026 12:32:25,1.17.3,StopSig,73,4.14,1,1,Pellet,Left,23,22,9,4775054,0.66,292,nan
9/23/2026 12:32:39,1.17.3,StopSig,73,4.14,nan,1,>Left_Regular_trial,Left,24,22,9,4790515,nan,nan,nan
9/23/2026 12:32:43,1.17.3,StopSig,73,4.14,nan,1,NoPoke_Regular_(incorrect),Left,24,22,9,4793895,nan,nan,nan
9/23/2026 12:34:34,1.17.3,StopSig,73,4.14,nan,1,>Left_Regular_trial,Left,25,22,9,4905282,nan,nan,nan
9/23/2026 12:34:38,1.17.3,StopSig,73,4.14,nan,1,NoPoke_Regular_(incorrect),Left,25,22,9,4908956,nan,nan,nan
9/23/2026 12:35:21,1.17.3,StopSig,73,4.14,nan,1,>Left_Regular_trial,Left,26,22,9,4951920,nan,nan,nan
9/23/2026 12:35:25,1.17.3,StopSig,73,4.14,nan,1,NoPoke_Regular_(incorrect),Left,26,22,9,4955864,nan,nan,nan
9/23/2026 12:39:05,1.17.3,StopSig,73,4.14,nan,1,>Left_Regular_trial,Left,27,22,9,5176234,nan,nan,nan
9/23/2026 12:39:06,1.17.3,StopSig,73,4.14,nan,1,Right_Regular_(correct),Left,27,23,9,5177512,nan,nan,nan
9/23/2026 12:39:08,1.17.3,StopSig,73,4.14,1,1,Pellet,Left,27,23,10,5177512,0.61,403,nan
9/23/2026 12:39:20,1.17.3,StopSig,73,4.14,nan,1,>Left_Regular_trial,Left,28,23,10,5190618,nan,nan,nan
9/23/2026 12:39:23,1.17.3,StopSig,73,4.14,nan,1,NoPoke_Regular_(incorrect),Left,28,23,10,5194003,nan,nan,nan
9/23/2026 12:47:37,1.17.3,StopSig,73,4.14,nan,1,>Left_Regular_trial,Left,29,23,10,5688363,nan,nan,nan
9/23/2026 12:47:41,1.17.3,StopSig,73,4.14,nan,1,NoPoke_Regular_(incorrect),Left,29,23,10,5692031,nan,nan,nan
9/23/2026 12:49:24,1.17.3,StopSig,73,4.14,nan,1,Right_no_left,Left,29,24,10,5692031,nan,nan,nan
9/23/2026 12:49:28,1.17.3,StopSig,73,4.14,nan,1,>Left_Regular_trial,Left,30,24,10,5799548,nan,nan,nan
9/23/2026 12:49:32,1.17.3,StopSig,73,4.14,nan,1,NoPoke_Regular_(incorrect),Left,30,24,10,5802928,nan,nan,nan
9/23/2026 12:50:13,1.17.3,StopSig,73,4.14,nan,1,>Left_Stop_trial,Left,31,24,10,5843785,nan,nan,nan
9/23/2026 12:50:14,1.17.3,StopSig,73,4.14,nan,1,Right_STOP_(incorrect),Left,31,25,10,5845290,nan,nan,nan
9/23/2026 12:50:45,1.17.3,StopSig,73,4.14,nan,1,>Left_Regular_trial,Left,32,25,10,5875603,nan,nan,nan
9/23/2026 12:50:48,1.17.3,StopSig,73,4.14,nan,1,NoPoke_Regular_(incorrect),Left,32,25,10,5878986,nan,nan,nan
9/23/2026 12:52:46,1.17.3,StopSig,73,4.14,nan,1,>Left_Regular_trial,Left,33,25,10,5997437,nan,nan,nan
9/23/2026 12:52:47,1.17.3,StopSig,73,4.14,nan,1,Right_Regular_(correct),Left,33,26,10,5998435,nan,nan,nan
9/23/2026 12:52:49,1.17.3,StopSig,73,4.14,1,1,Pellet,Left,33,26,11,5998435,0.66,821,nan
9/23/2026 12:53:01,1.17.3,StopSig,73,4.14,nan,1,>Left_Regular_trial,Left,34,26,11,6012583,nan,nan,nan
9/23/2026 12:53:05,1.17.3,StopSig,73,4.14,nan,1,NoPoke_Regular_(incorrect),Left,34,26,11,6015962,nan,nan,nan
9/23/2026 12:53:39,1.17.3,StopSig,73,4.14,nan,1,>Left_Stop_trial,Left,35,26,11,6049506,nan,nan,nan
9/23/2026 12:53:42,1.17.3,StopSig,73,4.14,nan,1,NoPoke_STOP_(correct),Left,35,26,11,6052925,nan,nan,nan
9/23/2026 12:53:46,1.17.3,StopSig,73,4.14,nan,1,LeftWithPellet,Left,36,26,11,6052925,nan,nan,0.08
9/23/2026 12:53:48,1.17.3,StopSig,73,4.14,1,1,Pellet,Left,36,26,12,6052925,5.79,59,nan
9/23/2026 12:54:01,1.17.3,StopSig,73,4.14,nan,1,Right_no_left,Left,36,27,12,6052925,nan,nan,nan
9/23/2026 12:54:04,1.17.3,StopSig,73,4.14,nan,1,>Left_Stop_trial,Left,37,27,12,6074339,nan,nan,nan
9/23/2026 12:54:05,1.17.3,StopSig,73,4.13,nan,1,Right_STOP_(incorrect),Left,37,28,12,6076189,nan,nan,nan
9/23/2026 12:54:36,1.17.3,StopSig,73,4.14,nan,1,>Left_Stop_trial,Left,38,28,12,6106509,nan,nan,nan
9/23/2026 12:54:39,1.17.3,StopSig,73,4.13,nan,1,NoPoke_STOP_(correct),Left,38,28,12,6109954,nan,nan,nan
9/23/2026 12:56:06,1.17.3,StopSig,73,4.14,1,1,Pellet,Left,38,28,13,6109954,Timed_out,138,nan
9/23/2026 12:56:20,1.17.3,StopSig,73,4.13,nan,1,>Left_Regular_trial,Left,39,28,13,6210675,nan,nan,nan
9/23/2026 12:56:20,1.17.3,StopSig,73,4.14,nan,1,Right_Regular_(correct),Left,39,29,13,6211667,nan,nan,nan
9/23/2026 12:56:22,1.17.3,StopSig,73,4.14,1,1,Pellet,Left,39,29,14,6211667,0.33,15,nan
9/23/2026 12:58:49,1.17.3,StopSig,73,4.14,nan,1,>Left_Stop_trial,Left,40,29,14,6359820,nan,nan,nan
9/23/2026 12:58:53,1.17.3,StopSig,73,4.14,nan,1,NoPoke_STOP_(correct),Left,40,29,14,6364033,nan,nan,nan
9/23/2026 12:59:09,1.17.3,StopSig,73,4.14,1,1,Pellet,Left,40,29,15,6364033,15.60,168,nan
9/23/2026 13:02:44,1.17.3,StopSig,73,4.14,nan,1,>Left_Regular_trial,Left,41,29,15,6595001,nan,nan,nan
9/23/2026 13:02:48,1.17.3,StopSig,73,4.14,nan,1,NoPoke_Regular_(incorrect),Left,41,29,15,6599088,nan,nan,nan
9/23/2026 13:09:59,1.17.3,StopSig,73,4.14,nan,1,>Left_Stop_trial,Left,42,29,15,7029545,nan,nan,nan
9/23/2026 13:10:02,1.17.3,StopSig,73,4.14,nan,1,NoPoke_STOP_(correct),Left,42,29,15,7033012,nan,nan,nan
9/23/2026 13:10:14,1.17.3,StopSig,73,4.14,2,1,Pellet,Left,42,29,16,7033012,9.66,665,nan
9/23/2026 13:10:25,1.17.3,StopSig,73,4.13,nan,1,Right_no_left,Left,42,30,16,7033012,nan,nan,nan
9/23/2026 13:14:05,1.17.3,StopSig,73,4.13,nan,1,>Left_Regular_trial,Left,43,30,16,7275694,nan,nan,nan
9/23/2026 13:14:08,1.17.3,StopSig,73,4.14,nan,1,NoPoke_Regular_(incorrect),Left,43,30,16,7279072,nan,nan,nan
9/23/2026 13:15:41,1.17.3,StopSig,73,4.13,nan,1,>Left_Regular_trial,Left,44,30,16,7372176,nan,nan,nan
9/23/2026 13:15:45,1.17.3,StopSig,73,4.14,nan,1,NoPoke_Regular_(incorrect),Left,44,30,16,7376115,nan,nan,nan
9/23/2026 13:19:04,1.17.3,StopSig,73,4.14,nan,1,>Left_Regular_trial,Left,45,30,16,7575358,nan,nan,nan
9/23/2026 13:19:08,1.17.3,StopSig,73,4.13,nan,1,NoPoke_Regular_(incorrect),Left,45,30,16,7579024,nan,nan,nan
9/23/2026 13:23:50,1.17.3,StopSig,73,4.13,nan,1,>Left_Stop_trial,Left,46,30,16,7860368,nan,nan,nan
9/23/2026 13:23:53,1.17.3,StopSig,73,4.13,nan,1,NoPoke_STOP_(correct),Left,46,30,16,7864157,nan,nan,nan
9/23/2026 13:23:58,1.17.3,StopSig,73,4.14,1,1,Pellet,Left,46,30,17,7864157,4.74,824,nan
9/23/2026 13:24:23,1.17.3,StopSig,73,4.14,nan,1,>Left_Regular_trial,Left,47,30,17,7894069,nan,nan,nan
9/23/2026 13:24:27,1.17.3,StopSig,73,4.13,nan,1,NoPoke_Regular_(incorrect),Left,47,30,17,7898154,nan,nan,nan
9/23/2026 13:25:09,1.17.3,StopSig,73,4.13,nan,1,Right_no_left,Left,47,31,17,7898154,nan,nan,nan
9/23/2026 13:25:23,1.17.3,StopSig,73,4.13,nan,1,>Left_Regular_trial,Left,48,31,17,7954443,nan,nan,nan
9/23/2026 13:25:27,1.17.3,StopSig,73,4.13,nan,1,NoPoke_Regular_(incorrect),Left,48,31,17,7958102,nan,nan,nan
9/23/2026 13:27:04,1.17.3,StopSig,73,4.14,nan,1,>Left_Stop_trial,Left,49,31,17,8054565,nan,nan,nan
9/23/2026 13:27:07,1.17.3,StopSig,73,4.13,nan,1,NoPoke_STOP_(correct),Left,49,31,17,8058039,nan,nan,nan
9/23/2026 13:27:08,1.17.3,StopSig,73,4.13,1,1,Pellet,Left,49,31,18,8058039,0.33,190,nan
9/23/2026 13:27:19,1.17.3,StopSig,73,4.13,nan,1,Right_no_left,Left,49,32,18,8058039,nan,nan,nan
9/23/2026 13:27:23,1.17.3,StopSig,73,4.14,nan,1,>Left_Regular_trial,Left,50,32,18,8074272,nan,nan,nan
9/23/2026 13:27:26,1.17.3,StopSig,73,4.13,nan,1,Right_Regular_(correct),Left,50,33,18,8077653,nan,nan,nan
9/23/2026 13:27:27,1.17.3,StopSig,73,4.13,1,1,Pellet,Left,50,33,19,8077653,0.33,19,nan
9/23/2026 13:28:24,1.17.3,StopSig,73,4.13,nan,1,>Left_Regular_trial,Left,51,33,19,8134832,nan,nan,nan
9/23/2026 13:28:27,1.17.3,StopSig,73,4.13,nan,1,NoPoke_Regular_(incorrect),Left,51,33,19,8138072,nan,nan,nan
9/23/2026 13:29:56,1.17.3,StopSig,73,4.13,nan,1,>Left_Regular_trial,Left,52,33,19,8227396,nan,nan,nan
9/23/2026 13:30:00,1.17.3,StopSig,73,4.13,nan,1,NoPoke_Regular_(incorrect),Left,52,33,19,8231059,nan,nan,nan
9/23/2026 13:32:20,1.17.3,StopSig,73,4.13,nan,1,Right_no_left,Left,52,34,19,8231059,nan,nan,nan
9/23/2026 13:32:24,1.17.3,StopSig,73,4.13,nan,1,>Left_Stop_trial,Left,53,34,19,8375226,nan,nan,nan
9/23/2026 13:32:25,1.17.3,StopSig,73,4.13,nan,1,Right_STOP_(incorrect),Left,53,35,19,8376246,nan,nan,nan
9/23/2026 13:33:46,1.17.3,StopSig,73,4.13,nan,1,>Left_Regular_trial,Left,54,35,19,8457609,nan,nan,nan
9/23/2026 13:33:50,1.17.3,StopSig,73,4.13,nan,1,NoPoke_Regular_(incorrect),Left,54,35,19,8461131,nan,nan,nan
9/23/2026 13:41:44,1.17.3,StopSig,73,4.13,nan,1,Right_no_left,Left,54,36,19,8461131,nan,nan,nan
9/23/2026 13:45:57,1.17.3,StopSig,73,4.13,nan,1,>Left_Regular_trial,Left,55,36,19,9188250,nan,nan,nan
9/23/2026 13:46:01,1.17.3,StopSig,73,4.13,nan,1,NoPoke_Regular_(incorrect),Left,55,36,19,9192195,nan,nan,nan
9/23/2026 13:47:32,1.17.3,StopSig,73,4.13,nan,1,>Left_Regular_trial,Left,56,36,19,9283239,nan,nan,nan
9/23/2026 13:47:36,1.17.3,StopSig,73,4.13,nan,1,NoPoke_Regular_(incorrect),Left,56,36,19,9287182,nan,nan,nan
9/23/2026 13:49:53,1.17.3,StopSig,73,4.13,nan,1,Right_no_left,Left,56,37,19,9287182,nan,nan,nan
9/23/2026 13:49:55,1.17.3,StopSig,73,4.13,nan,1,Right_no_left,Left,56,38,19,9424968,nan,nan,nan
9/23/2026 13:49:57,1.17.3,StopSig,73,4.13,nan,1,>Left_Stop_trial,Left,57,38,19,9428068,nan,nan,nan
9/23/2026 13:49:59,1.17.3,StopSig,73,4.12,nan,1,Right_STOP_(incorrect),Left,57,39,19,9430626,nan,nan,nan
9/23/2026 13:53:17,1.17.3,StopSig,73,4.13,nan,1,>Left_Regular_trial,Left,58,39,19,9628016,nan,nan,nan
9/23/2026 13:53:21,1.17.3,StopSig,73,4.12,nan,1,NoPoke_Regular_(incorrect),Left,58,39,19,9632248,nan,nan,nan
9/23/2026 13:54:24,1.17.3,StopSig,73,4.12,nan,1,Right_no_left,Left,58,40,19,9632248,nan,nan,nan
9/23/2026 13:55:33,1.17.3,StopSig,73,4.12,nan,1,Right_no_left,Left,58,41,19,9695336,nan,nan,nan
9/23/2026 13:55:34,1.17.3,StopSig,73,4.12,nan,1,>Left_Regular_trial,Left,59,41,19,9765220,nan,nan,nan
9/23/2026 13:55:38,1.17.3,StopSig,73,4.12,nan,1,NoPoke_Regular_(incorrect),Left,59,41,19,9769172,nan,nan,nan
9/23/2026 13:56:31,1.17.3,StopSig,73,4.12,nan,1,>Left_Regular_trial,Left,60,41,19,9822390,nan,nan,nan
9/23/2026 13:56:34,1.17.3,StopSig,73,4.12,nan,1,Right_Regular_(correct),Left,60,42,19,9825770,nan,nan,nan
9/23/2026 13:56:36,1.17.3,StopSig,73,4.13,1,1,Pellet,Left,60,42,20,9825770,0.61,1749,nan
9/23/2026 13:56:50,1.17.3,StopSig,73,4.12,nan,1,>Left_Regular_trial,Left,61,42,20,9841365,nan,nan,nan
9/23/2026 13:56:51,1.17.3,StopSig,73,4.12,nan,1,Right_Regular_(correct),Left,61,43,20,9842779,nan,nan,nan
9/23/2026 13:56:52,1.17.3,StopSig,73,4.07,nan,1,RightDuringDispense,Left,61,44,20,9842779,nan,nan,0.08
9/23/2026 13:56:53,1.17.3,StopSig,73,4.12,1,1,Pellet,Left,61,44,21,9842779,0.44,17,nan
9/23/2026 13:57:05,1.17.3,StopSig,73,4.13,nan,1,>Left_Stop_trial,Left,62,44,21,9855483,nan,nan,nan
9/23/2026 13:57:06,1.17.3,StopSig,73,4.12,nan,1,Right_STOP_(incorrect),Left,62,45,21,9857631,nan,nan,nan
9/23/2026 13:57:36,1.17.3,StopSig,73,4.13,nan,1,Right_no_left,Left,62,46,21,9857631,nan,nan,nan
9/23/2026 13:57:37,1.17.3,StopSig,73,4.12,nan,1,>Left_Regular_trial,Left,63,46,21,9888099,nan,nan,nan
9/23/2026 13:57:40,1.17.3,StopSig,73,4.13,nan,1,Right_Regular_(correct),Left,63,47,21,9891761,nan,nan,nan
9/23/2026 13:57:41,1.17.3,StopSig,73,4.12,2,1,Pellet,Left,63,47,22,9891761,0.05,48,nan
9/23/2026 13:57:53,1.17.3,StopSig,73,4.13,nan,1,>Left_Stop_trial,Left,64,47,22,9903435,nan,nan,nan
9/23/2026 13:57:56,1.17.3,StopSig,73,4.13,nan,1,NoPoke_STOP_(correct),Left,64,47,22,9907180,nan,nan,nan
9/23/2026 13:57:57,1.17.3,StopSig,73,4.12,2,1,Pellet,Left,64,47,23,9907180,0.05,16,nan
9/23/2026 13:58:09,1.17.3,StopSig,73,4.12,nan,1,>Left_Regular_trial,Left,65,47,23,9920520,nan,nan,nan
9/23/2026 13:58:13,1.17.3,StopSig,73,4.13,nan,1,NoPoke_Regular_(incorrect),Left,65,47,23,9924186,nan,nan,nan
9/23/2026 13:59:03,1.17.3,StopSig,73,4.12,nan,1,>Left_Regular_trial,Left,66,47,23,9974618,nan,nan,nan
9/23/2026 13:59:07,1.17.3,StopSig,73,4.13,nan,1,NoPoke_Regular_(incorrect),Left,66,47,23,9978153,nan,nan,nan
9/23/2026 14:01:55,1.17.3,StopSig,73,4.12,nan,1,Right_no_left,Left,66,48,23,9978153,nan,nan,nan
9/23/2026 14:03:02,1.17.3,StopSig,73,4.12,nan,1,>Left_Regular_trial,Left,67,48,23,10213251,nan,nan,nan
9/23/2026 14:03:06,1.17.3,StopSig,73,4.12,nan,1,NoPoke_Regular_(incorrect),Left,67,48,23,10217197,nan,nan,nan
9/23/2026 14:03:44,1.17.3,StopSig,73,4.13,nan,1,Right_no_left,Left,67,49,23,10217197,nan,nan,nan
9/23/2026 14:04:09,1.17.3,StopSig,73,4.12,nan,1,Right_no_left,Left,67,50,23,10255816,nan,nan,nan
9/23/2026 14:04:20,1.17.3,StopSig,73,4.12,nan,1,Right_no_left,Left,67,51,23,10280151,nan,nan,nan
9/23/2026 14:06:36,1.17.3,StopSig,73,4.12,nan,1,Right_no_left,Left,67,52,23,10291267,nan,nan,nan
9/23/2026 14:08:51,1.17.3,StopSig,73,4.12,nan,1,Right_no_left,Left,67,53,23,10428010,nan,nan,nan
9/23/2026 14:08:52,1.17.3,StopSig,73,4.12,nan,1,Right_no_left,Left,67,54,23,10562619,nan,nan,nan
9/23/2026 14:08:54,1.17.3,StopSig,73,4.12,nan,1,Right_no_left,Left,67,55,23,10563752,nan,nan,nan
9/23/2026 14:08:58,1.17.3,StopSig,73,4.12,nan,1,Right_no_left,Left,67,56,23,10565313,nan,nan,nan
9/23/2026 14:09:00,1.17.3,StopSig,73,4.12,nan,1,Right_no_left,Left,67,57,23,10569964,nan,nan,nan
9/23/2026 14:09:00,1.17.3,StopSig,73,4.12,nan,1,Right_no_left,Left,67,58,23,10571379,nan,nan,nan
9/23/2026 14:09:01,1.17.3,StopSig,73,4.12,nan,1,Right_no_left,Left,67,59,23,10571667,nan,nan,nan
9/23/2026 14:09:03,1.17.3,StopSig,73,4.12,nan,1,Right_no_left,Left,67,60,23,10572378,nan,nan,nan
9/23/2026 14:09:04,1.17.3,StopSig,73,4.12,nan,1,Right_no_left,Left,67,61,23,10574496,nan,nan,nan
9/23/2026 14:09:04,1.17.3,StopSig,73,4.12,nan,1,Right_no_left,Left,67,62,23,10575213,nan,nan,nan
9/23/2026 14:09:18,1.17.3,StopSig,73,4.12,nan,1,Right_no_left,Left,67,63,23,10575502,nan,nan,nan
9/23/2026 14:09:20,1.17.3,StopSig,73,4.12,nan,1,>Left_Regular_trial,Left,68,63,23,10591266,nan,nan,nan
9/23/2026 14:09:21,1.17.3,StopSig,73,4.12,nan,1,Right_Regular_(correct),Left,68,64,23,10592963,nan,nan,nan
9/23/2026 14:09:23,1.17.3,StopSig,73,4.12,1,1,Pellet,Left,68,64,24,10592963,0.83,686,nan
9/23/2026 14:09:32,1.17.3,StopSig,73,4.12,nan,1,Right_no_left,Left,68,65,24,10592963,nan,nan,nan
9/23/2026 14:09:34,1.17.3,StopSig,73,4.13,nan,1,>Left_Stop_trial,Left,69,65,24,10605010,nan,nan,nan
9/23/2026 14:09:36,1.17.3,StopSig,73,4.12,nan,1,Right_STOP_(incorrect),Left,69,66,24,10607023,nan,nan,nan
9/23/2026 14:10:06,1.17.3,StopSig,73,4.12,nan,1,>Left_Stop_trial,Left,70,66,24,10637337,nan,nan,nan
9/23/2026 14:10:10,1.17.3,StopSig,73,4.12,nan,1,NoPoke_STOP_(correct),Left,70,66,24,10641194,nan,nan,nan
9/23/2026 14:10:20,1.17.3,StopSig,73,4.12,1,1,Pellet,Left,70,66,25,10641194,9.66,57,nan
9/23/2026 14:13:07,1.17.3,StopSig,73,4.12,nan,1,>Left_Regular_trial,Left,71,66,25,10818305,nan,nan,nan
9/23/2026 14:13:11,1.17.3,StopSig,73,4.12,nan,1,NoPoke_Regular_(incorrect),Left,71,66,25,10822245,nan,nan,nan
9/23/2026 14:13:51,1.17.3,StopSig,73,4.12,nan,1,Right_no_left,Left,71,67,25,10822245,nan,nan,nan
9/23/2026 14:15:13,1.17.3,StopSig,73,4.12,nan,1,>Left_Regular_trial,Left,72,67,25,10944347,nan,nan,nan
9/23/2026 14:15:17,1.17.3,StopSig,73,4.12,nan,1,NoPoke_Regular_(incorrect),Left,72,67,25,10948294,nan,nan,nan
9/23/2026 14:16:17,1.17.3,StopSig,73,4.12,nan,1,>Left_Regular_trial,Left,73,67,25,11008252,nan,nan,nan
9/23/2026 14:16:21,1.17.3,StopSig,73,4.12,nan,1,NoPoke_Regular_(incorrect),Left,73,67,25,11012194,nan,nan,nan
9/23/2026 14:16:53,1.17.3,StopSig,73,4.12,nan,1,Right_no_left,Left,73,68,25,11012194,nan,nan,nan
9/23/2026 14:16:54,1.17.3,StopSig,73,4.12,nan,1,Right_no_left,Left,73,69,25,11044914,nan,nan,nan
9/23/2026 14:16:55,1.17.3,StopSig,73,4.12,nan,1,Right_no_left,Left,73,70,25,11045771,nan,nan,nan
9/23/2026 14:16:57,1.17.3,StopSig,73,4.12,nan,1,Right_no_left,Left,73,71,25,11047044,nan,nan,nan
9/23/2026 14:16:58,1.17.3,StopSig,73,4.12,nan,1,Right_no_left,Left,73,72,25,11048456,nan,nan,nan
9/23/2026 14:17:00,1.17.3,StopSig,73,4.12,nan,1,>Left_Regular_trial,Left,74,72,25,11051833,nan,nan,nan
9/23/2026 14:17:03,1.17.3,StopSig,73,4.12,nan,1,Right_Regular_(correct),Left,74,73,25,11054087,nan,nan,nan
9/23/2026 14:17:04,1.17.3,StopSig,73,4.12,1,1,Pellet,Left,74,73,26,11054087,0.83,404,nan
9/23/2026 14:17:20,1.17.3,StopSig,73,4.12,nan,1,Right_no_left,Left,74,74,26,11054087,nan,nan,nan
9/23/2026 14:17:22,1.17.3,StopSig,73,4.12,nan,1,>Left_Regular_trial,Left,75,74,26,11072938,nan,nan,nan
9/23/2026 14:17:23,1.17.3,StopSig,73,4.12,nan,1,Right_Regular_(correct),Left,75,75,26,11074490,nan,nan,nan
9/23/2026 14:17:24,1.17.3,StopSig,73,4.12,1,1,Pellet,Left,75,75,27,11074490,0.27,20,nan
9/23/2026 14:17:39,1.17.3,StopSig,73,4.12,nan,1,>Left_Regular_trial,Left,76,75,27,11090217,nan,nan,nan
9/23/2026 14:17:40,1.17.3,StopSig,73,4.12,nan,1,Right_Regular_(correct),Left,76,76,27,11091628,nan,nan,nan
9/23/2026 14:17:42,1.17.3,StopSig,73,4.12,1,1,Pellet,Left,76,76,28,11091628,0.66,17,nan
9/23/2026 14:17:53,1.17.3,StopSig,73,4.12,nan,1,>Left_Stop_trial,Left,77,76,28,11103864,nan,nan,nan
9/23/2026 14:17:56,1.17.3,StopSig,73,4.12,nan,1,NoPoke_STOP_(correct),Left,77,76,28,11107268,nan,nan,nan
9/23/2026 14:17:57,1.17.3,StopSig,73,4.12,1,1,Pellet,Left,77,76,29,11107268,0.39,16,nan
9/23/2026 14:18:14,1.17.3,StopSig,73,4.12,nan,1,>Left_Regular_trial,Left,78,76,29,11125830,nan,nan,nan
9/23/2026 14:18:16,1.17.3,StopSig,73,4.12,nan,1,Right_Regular_(correct),Left,78,77,29,11127525,nan,nan,nan
9/23/2026 14:18:17,1.17.3,StopSig,73,4.12,1,1,Pellet,Left,78,77,30,11127525,0.27,20,nan
9/23/2026 14:18:32,1.17.3,StopSig,73,4.12,nan,1,>Left_Regular_trial,Left,79,77,30,11143129,nan,nan,nan
9/23/2026 14:18:35,1.17.3,StopSig,73,4.12,nan,1,Right_Regular_(correct),Left,79,78,30,11146373,nan,nan,nan
9/23/2026 14:18:35,1.17.3,StopSig,73,4.12,nan,1,RightDuringDispense,Left,79,79,30,11146373,nan,nan,0.11
9/23/2026 14:18:36,1.17.3,StopSig,73,4.12,2,1,Pellet,Left,79,79,31,11146373,0.16,19,nan
9/23/2026 14:18:50,1.17.3,StopSig,73,4.12,nan,1,Right_no_left,Left,79,80,31,11146373,nan,nan,nan
9/23/2026 14:18:55,1.17.3,StopSig,73,4.12,nan,1,>Left_Stop_trial,Left,80,80,31,11166065,nan,nan,nan
9/23/2026 14:18:56,1.17.3,StopSig,73,4.12,nan,1,Right_STOP_(incorrect),Left,80,81,31,11167216,nan,nan,nan
9/23/2026 14:19:26,1.17.3,StopSig,73,4.12,nan,1,>Left_Regular_trial,Left,81,81,31,11197539,nan,nan,nan
9/23/2026 14:19:30,1.17.3,StopSig,73,4.12,nan,1,NoPoke_Regular_(incorrect),Left,81,81,31,11201335,nan,nan,nan
9/23/2026 14:20:46,1.17.3,StopSig,73,4.12,nan,1,>Left_Stop_trial,Left,82,81,31,11277284,nan,nan,nan
9/23/2026 14:20:50,1.17.3,StopSig,73,4.12,nan,1,NoPoke_STOP_(correct),Left,82,81,31,11281204,nan,nan,nan
9/23/2026 14:20:54,1.17.3,StopSig,73,4.12,1,1,Pellet,Left,82,81,32,11281204,3.85,138,nan
9/23/2026 14:34:33,1.17.3,StopSig,73,4.12,nan,1,Right_no_left,Left,82,82,32,11281204,nan,nan,nan
9/23/2026 14:35:23,1.17.3,StopSig,73,4.12,nan,1,>Left_Stop_trial,Left,83,82,32,12154168,nan,nan,nan
9/23/2026 14:35:27,1.17.3,StopSig,73,4.12,nan,1,NoPoke_STOP_(correct),Left,83,82,32,12158357,nan,nan,nan
9/23/2026 14:35:29,1.17.3,StopSig,73,4.12,2,1,Pellet,Left,83,82,33,12158357,1.28,875,nan
9/23/2026 14:35:48,1.17.3,StopSig,73,4.12,nan,1,Right_no_left,Left,83,83,33,12158357,nan,nan,nan
9/23/2026 14:35:51,1.17.3,StopSig,73,4.12,nan,1,Right_no_left,Left,83,84,33,12180106,nan,nan,nan
9/23/2026 14:41:37,1.17.3,StopSig,73,4.12,nan,1,Right_no_left,Left,83,85,33,12182647,nan,nan,nan
9/23/2026 14:43:49,1.17.3,StopSig,73,4.12,nan,1,>Left_Regular_trial,Left,84,85,33,12660860,nan,nan,nan
9/23/2026 14:43:50,1.17.3,StopSig,73,4.12,nan,1,Right_Regular_(correct),Left,84,86,33,12661711,nan,nan,nan
9/23/2026 14:43:54,1.17.3,StopSig,73,4.12,2,1,Pellet,Left,84,86,34,12661711,0.83,505,nan
9/23/2026 14:44:18,1.17.3,StopSig,73,4.12,nan,1,>Left_Regular_trial,Left,85,86,34,12689331,nan,nan,nan
9/23/2026 14:44:22,1.17.3,StopSig,73,4.12,nan,1,NoPoke_Regular_(incorrect),Left,85,86,34,12693277,nan,nan,nan
9/23/2026 14:46:54,1.17.3,StopSig,73,4.12,nan,1,Right_no_left,Left,85,87,34,12693277,nan,nan,nan
9/23/2026 14:47:48,1.17.3,StopSig,73,4.12,nan,1,Right_no_left,Left,85,88,34,12846026,nan,nan,nan
9/23/2026 15:11:51,1.17.3,StopSig,73,4.12,nan,1,Right_no_left,Left,85,89,34,12899870,nan,nan,nan
9/23/2026 15:11:54,1.17.3,StopSig,73,4.11,nan,1,Right_no_left,Left,85,90,34,14343051,nan,nan,nan
9/23/2026 15:11:59,1.17.3,StopSig,73,4.12,nan,1,>Left_Stop_trial,Left,86,90,34,14350365,nan,nan,nan
9/23/2026 15:12:03,1.17.3,StopSig,73,4.12,nan,1,NoPoke_STOP_(correct),Left,86,90,34,14354474,nan,nan,nan
9/23/2026 15:12:04,1.17.3,StopSig,73,4.11,1,1,Pellet,Left,86,90,35,14354474,0.66,1690,nan
9/23/2026 15:12:16,1.17.3,StopSig,73,4.11,nan,1,Right_no_left,Left,86,91,35,14354474,nan,nan,nan
9/23/2026 15:12:17,1.17.3,StopSig,73,4.11,nan,1,Right_no_left,Left,86,92,35,14367415,nan,nan,nan
9/23/2026 15:12:19,1.17.3,StopSig,73,4.11,nan,1,Right_no_left,Left,86,93,35,14368828,nan,nan,nan
9/23/2026 15:12:19,1.17.3,StopSig,73,4.12,nan,1,Right_no_left,Left,86,94,35,14370383,nan,nan,nan
9/23/2026 15:12:20,1.17.3,StopSig,73,4.12,nan,1,Right_no_left,Left,86,95,35,14371235,nan,nan,nan
9/23/2026 15:12:21,1.17.3,StopSig,73,4.12,nan,1,Right_no_left,Left,86,96,35,14372227,nan,nan,nan
9/23/2026 15:12:22,1.17.3,StopSig,73,4.12,nan,1,Right_no_left,Left,86,97,35,14373085,nan,nan,nan
9/23/2026 15:12:25,1.17.3,StopSig,73,4.12,nan,1,>Left_Stop_trial,Left,87,97,35,14376046,nan,nan,nan
9/23/2026 15:12:25,1.17.3,StopSig,73,4.12,nan,1,Right_STOP_(incorrect),Left,87,98,35,14376931,nan,nan,nan
9/23/2026 15:12:56,1.17.3,StopSig,73,4.12,nan,1,>Left_Stop_trial,Left,88,98,35,14407245,nan,nan,nan
9/23/2026 15:13:00,1.17.3,StopSig,73,4.11,nan,1,NoPoke_STOP_(correct),Left,88,98,35,14411390,nan,nan,nan
9/23/2026 15:13:04,1.17.3,StopSig,73,4.11,1,1,Pellet,Left,88,98,36,14411390,3.46,60,nan
9/23/2026 15:13:23,1.17.3,StopSig,73,4.12,nan,1,>Left_Stop_trial,Left,89,98,36,14433783,nan,nan,nan
9/23/2026 15:13:26,1.17.3,StopSig,73,4.12,nan,1,NoPoke_STOP_(correct),Left,89,98,36,14437425,nan,nan,nan
9/23/2026 15:13:27,1.17.3,StopSig,73,4.12,1,1,Pellet,Left,89,98,37,14437425,0.44,23,nan
9/23/2026 15:13:43,1.17.3,StopSig,73,4.11,nan,1,Right_no_left,Left,89,99,37,14437425,nan,nan,nan
9/23/2026 15:13:44,1.17.3,StopSig,73,4.11,nan,1,Right_no_left,Left,89,100,37,14454801,nan,nan,nan
9/23/2026 15:13:49,1.17.3,StopSig,73,4.12,nan,1,>Left_Stop_trial,Left,90,100,37,14459743,nan,nan,nan
9/23/2026 15:13:49,1.17.3,StopSig,73,4.12,nan,1,Right_STOP_(incorrect),Left,90,101,37,14461102,nan,nan,nan
9/23/2026 15:14:20,1.17.3,StopSig,73,4.11,nan,1,>Left_Stop_trial,Left,91,101,37,14491416,nan,nan,nan
9/23/2026 15:14:24,1.17.3,StopSig,73,4.12,nan,1,NoPoke_STOP_(correct),Left,91,101,37,14495400,nan,nan,nan
9/23/2026 15:14:25,1.17.3,StopSig,73,4.11,1,1,Pellet,Left,91,101,38,14495400,0.77,58,nan
9/23/2026 15:14:37,1.17.3,StopSig,73,4.12,nan,1,>Left_Regular_trial,Left,92,101,38,14508337,nan,nan,nan
9/23/2026 15:14:39,1.17.3,StopSig,73,4.11,nan,1,Right_Regular_(correct),Left,92,102,38,14510735,nan,nan,nan
9/23/2026 15:14:40,1.17.3,StopSig,73,4.11,1,1,Pellet,Left,92,102,39,14510735,0.44,15,nan
9/23/2026 15:14:59,1.17.3,StopSig,73,4.11,nan,1,>Left_Regular_trial,Left,93,102,39,14530224,nan,nan,nan
9/23/2026 15:15:02,1.17.3,StopSig,73,4.12,nan,1,NoPoke_Regular_(incorrect),Left,93,102,39,14533475,nan,nan,nan
9/23/2026 15:26:22,1.17.3,StopSig,73,4.11,nan,1,Right_no_left,Left,93,103,39,14533475,nan,nan,nan
9/23/2026 15:26:22,1.17.3,StopSig,73,4.12,nan,1,Right_no_left,Left,93,104,39,15214017,nan,nan,nan
9/23/2026 15:26:53,1.17.3,StopSig,73,4.12,nan,1,Right_no_left,Left,93,105,39,15214306,nan,nan,nan
9/23/2026 15:26:55,1.17.3,StopSig,73,4.11,nan,1,Right_no_left,Left,93,106,39,15244883,nan,nan,nan
9/23/2026 15:26:58,1.17.3,StopSig,73,4.11,nan,1,Right_no_left,Left,93,107,39,15247151,nan,nan,nan
9/23/2026 15:27:02,1.17.3,StopSig,73,4.12,nan,1,Right_no_left,Left,93,108,39,15249837,nan,nan,nan
9/23/2026 15:27:04,1.17.3,StopSig,73,4.11,nan,1,>Left_Regular_trial,Left,94,108,39,15256040,nan,nan,nan
9/23/2026 15:27:06,1.17.3,StopSig,73,4.11,nan,1,Right_Regular_(correct),Left,94,109,39,15257596,nan,nan,nan
9/23/2026 15:27:07,1.17.3,StopSig,73,4.11,1,1,Pellet,Left,94,109,40,15257596,0.22,747,nan
9/23/2026 15:27:21,1.17.3,StopSig,73,4.11,nan,1,Right_no_left,Left,94,110,40,15257596,nan,nan,nan
9/23/2026 15:27:23,1.17.3,StopSig,73,4.12,nan,1,Right_no_left,Left,94,111,40,15272756,nan,nan,nan
9/23/2026 15:27:24,1.17.3,StopSig,73,4.12,nan,1,Right_no_left,Left,94,112,40,15274451,nan,nan,nan
9/23/2026 15:27:26,1.17.3,StopSig,73,4.11,nan,1,>Left_Regular_trial,Left,95,112,40,15277832,nan,nan,nan
9/23/2026 15:27:29,1.17.3,StopSig,73,4.11,nan,1,Right_Regular_(correct),Left,95,113,40,15280793,nan,nan,nan
9/23/2026 15:27:30,1.17.3,StopSig,73,4.12,nan,1,RightDuringDispense,Left,95,114,40,15280793,nan,nan,0.27
9/23/2026 15:27:31,1.17.3,StopSig,73,4.11,1,1,Pellet,Left,95,114,41,15280793,0.33,24,nan
9/23/2026 15:27:49,1.17.3,StopSig,73,4.11,nan,1,Right_no_left,Left,95,115,41,15280793,nan,nan,nan
9/23/2026 15:27:51,1.17.3,StopSig,73,4.11,nan,1,>Left_Stop_trial,Left,96,115,41,15302465,nan,nan,nan
9/23/2026 15:27:52,1.17.3,StopSig,73,4.11,nan,1,Right_STOP_(incorrect),Left,96,116,41,15304169,nan,nan,nan
9/23/2026 15:28:23,1.17.3,StopSig,73,4.11,nan,1,>Left_Regular_trial,Left,97,116,41,15334482,nan,nan,nan
9/23/2026 15:28:27,1.17.3,StopSig,73,4.11,nan,1,NoPoke_Regular_(incorrect),Left,97,116,41,15338434,nan,nan,nan
9/23/2026 16:24:20,1.17.3,StopSig,73,4.11,nan,1,Right_no_left,Left,97,117,41,15338434,nan,nan,nan
9/23/2026 16:24:24,1.17.3,StopSig,73,4.11,nan,1,>Left_Regular_trial,Left,98,117,41,18695926,nan,nan,nan
9/23/2026 16:24:26,1.17.3,StopSig,73,4.11,nan,1,Right_Regular_(correct),Left,98,118,41,18697761,nan,nan,nan
9/23/2026 16:24:27,1.17.3,StopSig,73,4.11,1,1,Pellet,Left,98,118,42,18697761,0.55,3416,nan
9/23/2026 16:24:43,1.17.3,StopSig,73,4.11,nan,1,Right_no_left,Left,98,119,42,18697761,nan,nan,nan
9/23/2026 16:24:45,1.17.3,StopSig,73,4.11,nan,1,Right_no_left,Left,98,120,42,18715363,nan,nan,nan
9/23/2026 16:24:46,1.17.3,StopSig,73,4.11,nan,1,Right_no_left,Left,98,121,42,18716637,nan,nan,nan
9/23/2026 16:24:48,1.17.3,StopSig,73,4.11,nan,1,Right_no_left,Left,98,122,42,18717771,nan,nan,nan
9/23/2026 16:24:49,1.17.3,StopSig,73,4.11,nan,1,Right_no_left,Left,98,123,42,18719608,nan,nan,nan
9/23/2026 16:24:50,1.17.3,StopSig,73,4.11,nan,1,Right_no_left,Left,98,124,42,18721321,nan,nan,nan
9/23/2026 16:24:51,1.17.3,StopSig,73,4.11,nan,1,Right_no_left,Left,98,125,42,18721763,nan,nan,nan
9/23/2026 16:24:52,1.17.3,StopSig,73,4.11,nan,1,Right_no_left,Left,98,126,42,18723050,nan,nan,nan
9/23/2026 16:24:52,1.17.3,StopSig,73,4.11,nan,1,Right_no_left,Left,98,127,42,18724187,nan,nan,nan
9/23/2026 16:25:02,1.17.3,StopSig,73,4.11,nan,1,Right_no_left,Left,98,128,42,18724478,nan,nan,nan
9/23/2026 16:25:04,1.17.3,StopSig,73,4.11,nan,1,Right_no_left,Left,98,129,42,18734493,nan,nan,nan
9/23/2026 16:25:06,1.17.3,StopSig,73,4.10,nan,1,>Left_Regular_trial,Left,99,129,42,18737321,nan,nan,nan
9/23/2026 16:25:09,1.17.3,StopSig,73,4.11,nan,1,NoPoke_Regular_(incorrect),Left,99,129,42,18740713,nan,nan,nan
9/23/2026 16:39:06,1.17.3,StopSig,73,4.11,nan,1,Right_no_left,Left,99,130,42,18740713,nan,nan,nan
9/23/2026 16:39:10,1.17.3,StopSig,73,4.11,nan,1,Right_no_left,Left,99,131,42,19577849,nan,nan,nan
9/23/2026 16:39:14,1.17.3,StopSig,73,4.11,nan,1,Right_no_left,Left,99,132,42,19582514,nan,nan,nan
9/23/2026 16:39:23,1.17.3,StopSig,73,4.11,nan,1,>Left_Regular_trial,Left,100,132,42,19594636,nan,nan,nan
9/23/2026 16:39:24,1.17.3,StopSig,73,4.11,nan,1,Right_Regular_(correct),Left,100,133,42,19595774,nan,nan,nan
9/23/2026 16:39:25,1.17.3,StopSig,73,4.11,1,1,Pellet,Left,100,133,43,19595774,0.39,898,nan
9/23/2026 16:39:46,1.17.3,StopSig,73,4.11,nan,1,Right_no_left,Left,100,134,43,19595774,nan,nan,nan
9/23/2026 16:39:48,1.17.3,StopSig,73,4.11,nan,1,Right_no_left,Left,100,135,43,19618627,nan,nan,nan
9/23/2026 16:39:49,1.17.3,StopSig,73,4.11,nan,1,>Left_Regular_trial,Left,101,135,43,19620751,nan,nan,nan
9/23/2026 16:39:50,1.17.3,StopSig,73,4.11,nan,1,Right_Regular_(correct),Left,101,136,43,19622170,nan,nan,nan
9/23/2026 16:39:52,1.17.3,StopSig,73,4.10,1,1,Pellet,Left,101,136,44,19622170,0.61,27,nan
9/23/2026 16:40:23,1.17.3,StopSig,73,4.11,nan,1,>Left_Regular_trial,Left,102,136,44,19654848,nan,nan,nan
9/23/2026 16:40:27,1.17.3,StopSig,73,4.11,nan,1,NoPoke_Regular_(incorrect),Left,102,136,44,19658669,nan,nan,nan
9/23/2026 16:40:57,1.17.3,StopSig,73,4.11,nan,1,Right_no_left,Left,102,137,44,19658669,nan,nan,nan
9/23/2026 16:41:05,1.17.3,StopSig,73,4.11,nan,1,>Left_Regular_trial,Left,103,137,44,19696457,nan,nan,nan
9/23/2026 16:41:06,1.17.3,StopSig,73,4.11,nan,1,Right_Regular_(correct),Left,103,138,44,19697874,nan,nan,nan
9/23/2026 16:41:06,1.17.3,StopSig,73,4.11,nan,1,RightDuringDispense,Left,103,139,44,19697874,nan,nan,0.06
9/23/2026 16:41:07,1.17.3,StopSig,73,4.11,1,1,Pellet,Left,103,139,45,19697874,0.33,75,nan
9/23/2026 16:41:25,1.17.3,StopSig,73,4.11,nan,1,>Left_Regular_trial,Left,104,139,45,19716391,nan,nan,nan
9/23/2026 16:41:26,1.17.3,StopSig,73,4.11,nan,1,Right_Regular_(correct),Left,104,140,45,19717950,nan,nan,nan
9/23/2026 16:41:27,1.17.3,StopSig,73,4.11,1,1,Pellet,Left,104,140,46,19717950,0.72,20,nan
9/23/2026 16:42:13,1.17.3,StopSig,73,4.10,nan,1,Right_no_left,Left,104,141,46,19717950,nan,nan,nan
9/23/2026 16:42:14,1.17.3,StopSig,73,4.11,nan,1,Right_no_left,Left,104,142,46,19765536,nan,nan,nan
9/23/2026 16:44:40,1.17.3,StopSig,73,4.11,nan,1,Right_no_left,Left,104,143,46,19766531,nan,nan,nan
9/23/2026 16:49:11,1.17.3,StopSig,73,4.11,nan,1,Right_no_left,Left,104,144,46,19912366,nan,nan,nan
9/23/2026 16:49:13,1.17.3,StopSig,73,4.11,nan,1,Right_no_left,Left,104,145,46,20183328,nan,nan,nan
9/23/2026 16:54:26,1.17.3,StopSig,73,4.11,nan,1,Right_no_left,Left,104,146,46,20184746,nan,nan,nan
9/23/2026 16:54:27,1.17.3,StopSig,73,4.11,nan,1,Right_no_left,Left,104,147,46,20497898,nan,nan,nan
9/23/2026 16:54:32,1.17.3,StopSig,73,4.11,nan,1,Right_no_left,Left,104,148,46,20498894,nan,nan,nan
9/23/2026 16:54:33,1.17.3,StopSig,73,4.11,nan,1,Right_no_left,Left,104,149,46,20504125,nan,nan,nan
9/23/2026 16:54:35,1.17.3,StopSig,73,4.11,nan,1,>Left_Regular_trial,Left,105,149,46,20506953,nan,nan,nan
9/23/2026 16:54:38,1.17.3,StopSig,73,4.10,nan,1,Right_Regular_(correct),Left,105,150,46,20509641,nan,nan,nan
9/23/2026 16:54:39,1.17.3,StopSig,73,4.11,1,1,Pellet,Left,105,150,47,20509641,0.44,792,nan
9/23/2026 16:54:54,1.17.3,StopSig,73,4.10,nan,1,Right_no_left,Left,105,151,47,20509641,nan,nan,nan
9/23/2026 16:54:55,1.17.3,StopSig,73,4.10,nan,1,Right_no_left,Left,105,152,47,20526488,nan,nan,nan
9/23/2026 16:54:58,1.17.3,StopSig,73,4.11,nan,1,>Left_Regular_trial,Left,106,152,47,20529607,nan,nan,nan
9/23/2026 16:55:02,1.17.3,StopSig,73,4.10,nan,1,NoPoke_Regular_(incorrect),Left,106,152,47,20533705,nan,nan,nan
9/23/2026 16:55:33,1.17.3,StopSig,73,4.11,nan,1,Right_no_left,Left,106,153,47,20533705,nan,nan,nan
9/23/2026 16:55:36,1.17.3,StopSig,73,4.11,nan,1,Right_no_left,Left,106,154,47,20565306,nan,nan,nan
9/23/2026 16:55:37,1.17.3,StopSig,73,4.10,nan,1,Right_no_left,Left,106,155,47,20568135,nan,nan,nan
9/23/2026 16:55:43,1.17.3,StopSig,73,4.11,nan,1,Right_no_left,Left,106,156,47,20569131,nan,nan,nan
9/23/2026 16:55:44,1.17.3,StopSig,73,4.11,nan,1,Right_no_left,Left,106,157,47,20575204,nan,nan,nan
9/23/2026 16:55:45,1.17.3,StopSig,73,4.10,nan,1,Right_no_left,Left,106,158,47,20575925,nan,nan,nan
9/23/2026 16:55:45,1.17.3,StopSig,73,4.11,nan,1,Right_no_left,Left,106,159,47,20576921,nan,nan,nan
9/23/2026 16:55:48,1.17.3,StopSig,73,4.10,nan,1,>Left_Regular_trial,Left,107,159,47,20580033,nan,nan,nan
9/23/2026 16:55:49,1.17.3,StopSig,73,4.11,nan,1,Right_Regular_(correct),Left,107,160,47,20581029,nan,nan,nan
9/23/2026 16:55:50,1.17.3,StopSig,73,4.05,nan,1,RightDuringDispense,Left,107,161,47,20581029,nan,nan,0.07
9/23/2026 16:55:51,1.17.3,StopSig,73,4.10,1,1,Pellet,Left,107,161,48,20581029,0.72,72,nan
9/23/2026 16:56:06,1.17.3,StopSig,73,4.11,nan,1,>Left_Regular_trial,Left,108,161,48,20598185,nan,nan,nan
9/23/2026 16:56:08,1.17.3,StopSig,73,4.11,nan,1,Right_Regular_(correct),Left,108,162,48,20600169,nan,nan,nan
9/23/2026 16:56:09,1.17.3,StopSig,73,4.11,2,1,Pellet,Left,108,162,49,20600169,0.22,18,nan
9/23/2026 16:56:24,1.17.3,StopSig,73,4.10,nan,1,>Left_Regular_trial,Left,109,162,49,20615705,nan,nan,nan
9/23/2026 16:56:28,1.17.3,StopSig,73,4.11,nan,1,NoPoke_Regular_(incorrect),Left,109,162,49,20619812,nan,nan,nan
9/23/2026 16:57:26,1.17.3,StopSig,73,4.11,nan,1,>Left_Stop_trial,Left,110,162,49,20677061,nan,nan,nan
9/23/2026 16:57:29,1.17.3,StopSig,73,4.11,nan,1,NoPoke_STOP_(correct),Left,110,162,49,20680780,nan,nan,nan
9/23/2026 16:57:35,1.17.3,StopSig,73,4.11,2,1,Pellet,Left,110,162,50,20680780,2.95,86,nan
9/23/2026 16:57:47,1.17.3,StopSig,73,4.10,nan,1,>Left_Regular_trial,Left,111,162,50,20698453,nan,nan,nan
9/23/2026 16:57:50,1.17.3,StopSig,73,4.10,nan,1,NoPoke_Regular_(incorrect),Left,111,162,50,20701708,nan,nan,nan
9/23/2026 16:58:33,1.17.3,StopSig,73,4.11,nan,1,>Left_Regular_trial,Left,112,162,50,20744705,nan,nan,nan
9/23/2026 16:58:34,1.17.3,StopSig,73,4.11,nan,1,Right_Regular_(correct),Left,112,163,50,20746266,nan,nan,nan
9/23/2026 16:58:35,1.17.3,StopSig,73,4.11,1,1,Pellet,Left,112,163,51,20746266,0.33,60,nan
9/23/2026 16:58:50,1.17.3,StopSig,73,4.11,nan,1,Right_no_left,Left,112,164,51,20746266,nan,nan,nan
9/23/2026 16:58:54,1.17.3,StopSig,73,4.11,nan,1,>Left_Regular_trial,Left,113,164,51,20765410,nan,nan,nan
9/23/2026 16:58:56,1.17.3,StopSig,73,4.11,nan,1,Right_Regular_(correct),Left,113,165,51,20767674,nan,nan,nan
9/23/2026 16:58:57,1.17.3,StopSig,73,4.10,1,1,Pellet,Left,113,165,52,20767674,0.27,22,nan
9/23/2026 16:59:10,1.17.3,StopSig,73,4.11,nan,1,>Left_Regular_trial,Left,114,165,52,20782372,nan,nan,nan
9/23/2026 16:59:13,1.17.3,StopSig,73,4.11,nan,1,Right_Regular_(correct),Left,114,166,52,20784919,nan,nan,nan
9/23/2026 16:59:14,1.17.3,StopSig,73,4.11,1,1,Pellet,Left,114,166,53,20784919,0.33,17,nan
9/23/2026 16:59:33,1.17.3,StopSig,73,4.11,nan,1,>Left_Regular_trial,Left,115,166,53,20804801,nan,nan,nan
9/23/2026 16:59:35,1.17.3,StopSig,73,4.10,nan,1,Right_Regular_(correct),Left,115,167,53,20807208,nan,nan,nan
9/23/2026 16:59:36,1.17.3,StopSig,73,4.10,1,1,Pellet,Left,115,167,54,20807208,0.22,22,nan
9/23/2026 16:59:49,1.17.3,StopSig,73,4.10,nan,1,Right_no_left,Left,115,168,54,20807208,nan,nan,nan
9/23/2026 16:59:49,1.17.3,StopSig,73,4.11,nan,1,Right_no_left,Left,115,169,54,20821012,nan,nan,nan
9/23/2026 16:59:52,1.17.3,StopSig,73,4.10,nan,1,>Left_Regular_trial,Left,116,169,54,20823700,nan,nan,nan
9/23/2026 16:59:53,1.17.3,StopSig,73,4.11,nan,1,Right_Regular_(correct),Left,116,170,54,20825260,nan,nan,nan
9/23/2026 16:59:54,1.17.3,StopSig,73,4.10,1,1,Pellet,Left,116,170,55,20825260,0.27,18,nan
9/23/2026 17:00:09,1.17.3,StopSig,73,4.10,nan,1,>Left_Regular_trial,Left,117,170,55,20841280,nan,nan,nan
9/23/2026 17:00:11,1.17.3,StopSig,73,4.10,nan,1,Right_Regular_(correct),Left,117,171,55,20842573,nan,nan,nan
9/23/2026 17:00:12,1.17.3,StopSig,73,4.11,1,1,Pellet,Left,117,171,56,20842573,1.00,18,nan
9/23/2026 17:00:27,1.17.3,StopSig,73,4.11,nan,1,>Left_Regular_trial,Left,118,171,56,20858824,nan,nan,nan
9/23/2026 17:00:31,1.17.3,StopSig,73,4.10,nan,1,NoPoke_Regular_(incorrect),Left,118,171,56,20862775,nan,nan,nan
9/23/2026 17:05:36,1.17.3,StopSig,73,4.10,nan,1,>Left_Regular_trial,Left,119,171,56,21167476,nan,nan,nan
9/23/2026 17:05:39,1.17.3,StopSig,73,4.11,nan,1,NoPoke_Regular_(incorrect),Left,119,171,56,21170729,nan,nan,nan
9/23/2026 17:08:51,1.17.3,StopSig,73,4.10,nan,1,>Left_Regular_trial,Left,120,171,56,21362718,nan,nan,nan
9/23/2026 17:08:53,1.17.3,StopSig,73,4.10,nan,1,Right_Regular_(correct),Left,120,172,56,21365263,nan,nan,nan
9/23/2026 17:10:21,1.17.3,StopSig,73,4.11,1,1,Pellet,Left,120,172,57,21365263,Timed_out,609,nan
9/23/2026 17:10:38,1.17.3,StopSig,73,4.10,nan,1,Right_no_left,Left,120,173,57,21365263,nan,nan,nan
9/23/2026 17:10:44,1.17.3,StopSig,73,4.10,nan,1,Right_no_left,Left,120,174,57,21470368,nan,nan,nan
9/23/2026 17:10:46,1.17.3,StopSig,73,4.11,nan,1,>Left_Regular_trial,Left,121,174,57,21478258,nan,nan,nan
9/23/2026 17:10:47,1.17.3,StopSig,73,4.11,nan,1,Right_Regular_(correct),Left,121,175,57,21479252,nan,nan,nan
9/23/2026 17:10:48,1.17.3,StopSig,73,4.10,1,1,Pellet,Left,121,175,58,21479252,0.33,27,nan
9/23/2026 17:10:59,1.17.3,StopSig,73,4.10,nan,1,Right_no_left,Left,121,176,58,21479252,nan,nan,nan
9/23/2026 17:11:01,1.17.3,StopSig,73,4.11,nan,1,>Left_Regular_trial,Left,122,176,58,21493038,nan,nan,nan
9/23/2026 17:11:02,1.17.3,StopSig,73,4.10,nan,1,Right_Regular_(correct),Left,122,177,58,21494455,nan,nan,nan
9/23/2026 17:11:03,1.17.3,StopSig,73,4.10,1,1,Pellet,Left,122,177,59,21494455,0.38,15,nan
9/23/2026 17:11:16,1.17.3,StopSig,73,4.10,nan,1,>Left_Regular_trial,Left,123,177,59,21507870,nan,nan,nan
9/23/2026 17:11:19,1.17.3,StopSig,73,4.10,nan,1,Right_Regular_(correct),Left,123,178,59,21510833,nan,nan,nan
9/23/2026 17:11:19,1.17.3,StopSig,73,4.10,nan,1,RightDuringDispense,Left,123,179,59,21510833,nan,nan,0.03
9/23/2026 17:11:20,1.17.3,StopSig,73,4.10,1,1,Pellet,Left,123,179,60,21510833,0.33,17,nan
9/23/2026 17:11:35,1.17.3,StopSig,73,4.11,nan,1,Right_no_left,Left,123,180,60,21510833,nan,nan,nan
9/23/2026 17:11:36,1.17.3,StopSig,73,4.11,nan,1,Right_no_left,Left,123,181,60,21527446,nan,nan,nan
9/23/2026 17:11:37,1.17.3,StopSig,73,4.11,nan,1,Right_no_left,Left,123,182,60,21528592,nan,nan,nan
9/23/2026 17:11:38,1.17.3,StopSig,73,4.10,nan,1,Right_no_left,Left,123,183,60,21529593,nan,nan,nan
9/23/2026 17:11:40,1.17.3,StopSig,73,4.10,nan,1,>Left_Regular_trial,Left,124,183,60,21531433,nan,nan,nan
9/23/2026 17:11:41,1.17.3,StopSig,73,4.10,nan,1,Right_Regular_(correct),Left,124,184,60,21532991,nan,nan,nan
9/23/2026 17:11:42,1.17.3,StopSig,73,4.10,1,1,Pellet,Left,124,184,61,21532991,0.22,22,nan
9/23/2026 17:11:54,1.17.3,StopSig,73,4.10,nan,1,Right_no_left,Left,124,185,61,21532991,nan,nan,nan
9/23/2026 17:11:58,1.17.3,StopSig,73,4.11,nan,1,Right_no_left,Left,124,186,61,21546399,nan,nan,nan
9/23/2026 17:11:59,1.17.3,StopSig,73,4.11,nan,1,Right_no_left,Left,124,187,61,21549925,nan,nan,nan
9/23/2026 17:11:59,1.17.3,StopSig,73,4.10,nan,1,Right_no_left,Left,124,188,61,21550920,nan,nan,nan
9/23/2026 17:12:03,1.17.3,StopSig,73,4.10,nan,1,>Left_Stop_trial,Left,125,188,61,21554590,nan,nan,nan
9/23/2026 17:12:03,1.17.3,StopSig,73,4.09,nan,1,Right_STOP_(incorrect),Left,125,189,61,21555409,nan,nan,nan
9/23/2026 17:21:55,1.17.3,StopSig,73,4.10,nan,1,Right_no_left,Left,125,190,61,21555409,nan,nan,nan
9/23/2026 17:24:19,1.17.3,StopSig,73,4.10,nan,1,>Left_Stop_trial,Left,126,190,61,22290367,nan,nan,nan
9/23/2026 17:24:22,1.17.3,StopSig,73,4.10,nan,1,NoPoke_STOP_(correct),Left,126,190,61,22293807,nan,nan,nan
9/23/2026 17:24:24,1.17.3,StopSig,73,4.10,1,1,Pellet,Left,126,190,62,22293807,2.00,762,nan
9/23/2026 17:31:47,1.17.3,StopSig,73,4.10,nan,1,>Left_Regular_trial,Left,127,190,62,22738687,nan,nan,nan
9/23/2026 17:31:48,1.17.3,StopSig,73,4.11,nan,1,Right_Regular_(correct),Left,127,191,62,22739971,nan,nan,nan
9/23/2026 17:32:25,1.17.3,StopSig,73,4.10,1,1,Pellet,Left,127,191,63,22739971,35.99,481,nan
9/23/2026 17:32:57,1.17.3,StopSig,73,4.10,nan,1,Right_no_left,Left,127,192,63,22739971,nan,nan,nan
9/23/2026 17:54:11,1.17.3,StopSig,73,4.10,nan,1,Right_no_left,Left,127,193,63,22809364,nan,nan,nan
9/23/2026 17:54:58,1.17.3,StopSig,73,4.09,nan,1,Right_no_left,Left,127,194,63,24083585,nan,nan,nan
9/23/2026 18:31:20,1.17.3,StopSig,73,4.09,nan,1,Right_no_left,Left,127,195,63,24130378,nan,nan,nan
9/23/2026 18:31:27,1.17.3,StopSig,73,4.09,nan,1,Right_no_left,Left,127,196,63,26312873,nan,nan,nan
9/23/2026 18:31:27,1.17.3,StopSig,73,4.10,nan,1,Right_no_left,Left,127,197,63,26319647,nan,nan,nan
9/23/2026 18:31:31,1.17.3,StopSig,73,4.09,nan,1,Right_no_left,Left,127,198,63,26319938,nan,nan,nan
9/23/2026 18:31:34,1.17.3,StopSig,73,4.09,nan,1,Right_no_left,Left,127,199,63,26323188,nan,nan,nan
9/23/2026 18:31:39,1.17.3,StopSig,73,4.10,nan,1,Right_no_left,Left,127,200,63,26326446,nan,nan,nan
9/23/2026 18:31:41,1.17.3,StopSig,73,4.09,nan,1,Right_no_left,Left,127,201,63,26331811,nan,nan,nan
9/23/2026 18:31:42,1.17.3,StopSig,73,4.09,nan,1,Right_no_left,Left,127,202,63,26333372,nan,nan,nan
9/23/2026 18:31:53,1.17.3,StopSig,73,4.09,nan,1,>Left_Regular_trial,Left,128,202,63,26345651,nan,nan,nan
9/23/2026 18:31:55,1.17.3,StopSig,73,4.10,nan,1,Right_Regular_(correct),Left,128,203,63,26346930,nan,nan,nan
9/23/2026 18:31:56,1.17.3,StopSig,73,4.09,1,1,Pellet,Left,128,203,64,26346930,0.39,3571,nan
9/23/2026 18:32:20,1.17.3,StopSig,73,4.09,nan,1,>Left_Regular_trial,Left,129,203,64,26372241,nan,nan,nan
9/23/2026 18:32:22,1.17.3,StopSig,73,4.09,nan,1,Right_Regular_(correct),Left,129,204,64,26374510,nan,nan,nan
9/23/2026 18:32:23,1.17.3,StopSig,73,4.09,nan,1,RightWithPellet,Left,129,205,64,26374510,nan,nan,0.11
9/23/2026 18:32:24,1.17.3,StopSig,73,4.09,1,1,Pellet,Left,129,205,65,26374510,1.39,28,nan
9/23/2026 18:32:37,1.17.3,StopSig,73,4.09,nan,1,Right_no_left,Left,129,206,65,26374510,nan,nan,nan
9/23/2026 18:32:41,1.17.3,StopSig,73,4.09,nan,1,Right_no_left,Left,129,207,65,26389548,nan,nan,nan
9/23/2026 18:32:43,1.17.3,StopSig,73,4.09,nan,1,Right_no_left,Left,129,208,65,26393654,nan,nan,nan
9/23/2026 18:32:43,1.17.3,StopSig,73,4.10,nan,1,Right_no_left,Left,129,209,65,26395357,nan,nan,nan
9/23/2026 18:32:43,1.17.3,StopSig,73,4.09,nan,1,Right_no_left,Left,129,210,65,26395649,nan,nan,nan
9/23/2026 18:32:47,1.17.3,StopSig,73,4.09,nan,1,>Left_Regular_trial,Left,130,210,65,26398911,nan,nan,nan
9/23/2026 18:32:48,1.17.3,StopSig,73,4.09,nan,1,Right_Regular_(correct),Left,130,211,65,26400754,nan,nan,nan
9/23/2026 18:32:50,1.17.3,StopSig,73,4.09,1,1,Pellet,Left,130,211,66,26400754,0.44,26,nan
9/23/2026 18:33:08,1.17.3,StopSig,73,4.09,nan,1,Right_no_left,Left,130,212,66,26400754,nan,nan,nan
9/23/2026 18:33:11,1.17.3,StopSig,73,4.09,nan,1,Right_no_left,Left,130,213,66,26420878,nan,nan,nan
9/23/2026 18:33:13,1.17.3,StopSig,73,4.09,nan,1,Right_no_left,Left,130,214,66,26423433,nan,nan,nan
9/23/2026 18:33:15,1.17.3,StopSig,73,4.09,nan,1,>Left_Regular_trial,Left,131,214,66,26427252,nan,nan,nan
9/23/2026 18:33:19,1.17.3,StopSig,73,4.09,nan,1,NoPoke_Regular_(incorrect),Left,131,214,66,26431067,nan,nan,nan
9/23/2026 18:33:53,1.17.3,StopSig,73,4.09,nan,1,>Left_Stop_trial,Left,132,214,66,26464625,nan,nan,nan
9/23/2026 18:33:54,1.17.3,StopSig,73,4.09,nan,1,Right_STOP_(incorrect),Left,132,215,66,26466072,nan,nan,nan
9/23/2026 18:34:43,1.17.3,StopSig,73,4.09,nan,1,Right_no_left,Left,132,216,66,26466072,nan,nan,nan
9/23/2026 18:34:47,1.17.3,StopSig,73,4.09,nan,1,Right_no_left,Left,132,217,66,26515167,nan,nan,nan
9/23/2026 18:35:35,1.17.3,StopSig,73,4.09,nan,1,>Left_Regular_trial,Left,133,217,66,26567370,nan,nan,nan
9/23/2026 18:35:39,1.17.3,StopSig,73,4.09,nan,1,NoPoke_Regular_(incorrect),Left,133,217,66,26571047,nan,nan,nan
9/23/2026 18:36:55,1.17.3,StopSig,73,4.09,nan,1,>Left_Stop_trial,Left,134,217,66,26647218,nan,nan,nan
9/23/2026 18:36:58,1.17.3,StopSig,73,4.09,nan,1,Right_STOP_(incorrect),Left,134,218,66,26650700,nan,nan,nan
9/23/2026 18:38:38,1.17.3,StopSig,73,4.09,nan,1,>Left_Regular_trial,Left,135,218,66,26750450,nan,nan,nan
9/23/2026 18:38:42,1.17.3,StopSig,73,4.09,nan,1,NoPoke_Regular_(incorrect),Left,135,218,66,26754131,nan,nan,nan
9/23/2026 18:51:02,1.17.3,StopSig,73,4.09,nan,1,>Left_Regular_trial,Left,136,218,66,27494066,nan,nan,nan
9/23/2026 18:51:04,1.17.3,StopSig,73,4.09,nan,1,Right_Regular_(correct),Left,136,219,66,27496192,nan,nan,nan
9/23/2026 18:51:05,1.17.3,StopSig,73,4.09,1,1,Pellet,Left,136,219,67,27496192,0.33,1095,nan
9/23/2026 18:51:19,1.17.3,StopSig,73,4.09,nan,1,Right_no_left,Left,136,220,67,27496192,nan,nan,nan
9/23/2026 18:51:20,1.17.3,StopSig,73,4.09,nan,1,Right_no_left,Left,136,221,67,27511728,nan,nan,nan
9/23/2026 18:51:22,1.17.3,StopSig,73,4.10,nan,1,Right_no_left,Left,136,222,67,27512725,nan,nan,nan
9/23/2026 18:51:25,1.17.3,StopSig,73,4.09,nan,1,>Left_Regular_trial,Left,137,222,67,27517107,nan,nan,nan
9/23/2026 18:51:26,1.17.3,StopSig,73,4.09,nan,1,Right_Regular_(correct),Left,137,223,67,27518532,nan,nan,nan
9/23/2026 18:51:28,1.17.3,StopSig,73,4.09,1,1,Pellet,Left,137,223,68,27518532,0.94,23,nan
9/23/2026 18:51:42,1.17.3,StopSig,73,4.09,nan,1,Right_no_left,Left,137,224,68,27518532,nan,nan,nan
9/23/2026 18:51:42,1.17.3,StopSig,73,4.09,nan,1,Right_no_left,Left,137,225,68,27534089,nan,nan,nan
9/23/2026 18:51:43,1.17.3,StopSig,73,4.09,nan,1,Right_no_left,Left,137,226,68,27534662,nan,nan,nan
9/23/2026 18:51:44,1.17.3,StopSig,73,4.09,nan,1,Right_no_left,Left,137,227,68,27535525,nan,nan,nan
9/23/2026 18:51:45,1.17.3,StopSig,73,4.09,nan,1,Right_no_left,Left,137,228,68,27536956,nan,nan,nan
9/23/2026 18:51:49,1.17.3,StopSig,73,4.09,nan,1,Right_no_left,Left,137,229,68,27537811,nan,nan,nan
9/23/2026 18:51:51,1.17.3,StopSig,73,4.09,nan,1,Right_no_left,Left,137,230,68,27541208,nan,nan,nan
9/23/2026 18:51:53,1.17.3,StopSig,73,4.09,nan,1,Right_no_left,Left,137,231,68,27543052,nan,nan,nan
9/23/2026 18:51:55,1.17.3,StopSig,73,4.09,nan,1,>Left_Regular_trial,Left,138,231,68,27547299,nan,nan,nan
9/23/2026 18:51:56,1.17.3,StopSig,73,4.09,nan,1,Right_Regular_(correct),Left,138,232,68,27548437,nan,nan,nan
9/23/2026 18:51:57,1.17.3,StopSig,73,4.09,1,1,Pellet,Left,138,232,69,27548437,0.44,29,nan
9/23/2026 18:52:10,1.17.3,StopSig,73,4.09,nan,1,Right_no_left,Left,138,233,69,27548437,nan,nan,nan
9/23/2026 18:52:12,1.17.3,StopSig,73,4.09,nan,1,Right_no_left,Left,138,234,69,27562937,nan,nan,nan
9/23/2026 18:52:14,1.17.3,StopSig,73,4.09,nan,1,>Left_Regular_trial,Left,139,234,69,27566202,nan,nan,nan
9/23/2026 18:52:15,1.17.3,StopSig,73,4.10,nan,1,Right_Regular_(correct),Left,139,235,69,27567058,nan,nan,nan
9/23/2026 18:52:16,1.17.3,StopSig,73,4.09,1,1,Pellet,Left,139,235,70,27567058,0.39,19,nan
9/23/2026 18:52:29,1.17.3,StopSig,73,4.09,nan,1,>Left_Regular_trial,Left,140,235,70,27581468,nan,nan,nan
9/23/2026 18:52:31,1.17.3,StopSig,73,4.09,nan,1,Right_Regular_(correct),Left,140,236,70,27583735,nan,nan,nan
9/23/2026 18:52:32,1.17.3,StopSig,73,4.03,nan,1,RightDuringDispense,Left,140,237,70,27583735,nan,nan,0.09
9/23/2026 18:52:33,1.17.3,StopSig,73,4.09,1,1,Pellet,Left,140,237,71,27583735,0.61,17,nan
9/23/2026 18:52:46,1.17.3,StopSig,73,4.09,nan,1,Right_no_left,Left,140,238,71,27583735,nan,nan,nan
9/23/2026 18:52:49,1.17.3,StopSig,73,4.09,nan,1,Right_no_left,Left,140,239,71,27598785,nan,nan,nan
9/23/2026 18:52:52,1.17.3,StopSig,73,4.09,nan,1,>Left_Stop_trial,Left,141,239,71,27603729,nan,nan,nan
9/23/2026 18:52:52,1.17.3,StopSig,73,4.09,nan,1,Right_STOP_(incorrect),Left,141,240,71,27604777,nan,nan,nan
9/23/2026 18:53:23,1.17.3,StopSig,73,4.09,nan,1,>Left_Stop_trial,Left,142,240,71,27635093,nan,nan,nan
9/23/2026 18:53:27,1.17.3,StopSig,73,4.09,nan,1,NoPoke_STOP_(correct),Left,142,240,71,27639084,nan,nan,nan
9/23/2026 18:53:34,1.17.3,StopSig,73,4.09,2,1,Pellet,Left,142,240,72,27639084,6.87,61,nan
9/23/2026 18:53:52,1.17.3,StopSig,73,4.09,nan,1,Right_no_left,Left,142,241,72,27639084,nan,nan,nan
9/23/2026 18:53:53,1.17.3,StopSig,73,4.09,nan,1,Right_no_left,Left,142,242,72,27664552,nan,nan,nan
9/23/2026 18:53:54,1.17.3,StopSig,73,4.09,nan,1,Right_no_left,Left,142,243,72,27665266,nan,nan,nan
9/23/2026 18:55:03,1.17.3,StopSig,73,4.09,nan,1,>Left_Stop_trial,Left,143,243,72,27734933,nan,nan,nan
9/23/2026 18:55:06,1.17.3,StopSig,73,4.09,nan,1,NoPoke_STOP_(correct),Left,143,243,72,27738082,nan,nan,nan
9/23/2026 18:55:09,1.17.3,StopSig,73,4.09,2,1,Pellet,Left,143,243,73,27738082,2.56,95,nan
9/23/2026 18:56:30,1.17.3,StopSig,73,4.09,nan,1,Right_no_left,Left,143,244,73,27738082,nan,nan,nan
9/23/2026 19:04:57,1.17.3,StopSig,73,4.09,nan,1,Right_no_left,Left,143,245,73,27822808,nan,nan,nan
9/23/2026 19:11:25,1.17.3,StopSig,73,4.09,nan,1,Right_no_left,Left,143,246,73,28329374,nan,nan,nan
9/23/2026 19:14:48,1.17.3,StopSig,73,4.09,nan,1,>Left_Regular_trial,Left,144,246,73,28919897,nan,nan,nan
9/23/2026 19:14:51,1.17.3,StopSig,73,4.09,nan,1,NoPoke_Regular_(incorrect),Left,144,246,73,28923146,nan,nan,nan
9/23/2026 19:17:10,1.17.3,StopSig,73,4.09,nan,1,Right_no_left,Left,144,247,73,28923146,nan,nan,nan
9/23/2026 19:19:14,1.17.3,StopSig,73,4.09,nan,1,Right_no_left,Left,144,248,73,29062233,nan,nan,nan
9/23/2026 19:28:00,1.17.3,StopSig,73,4.09,nan,1,>Left_Stop_trial,Left,145,248,73,29711655,nan,nan,nan
9/23/2026 19:28:03,1.17.3,StopSig,73,4.09,nan,1,NoPoke_STOP_(correct),Left,145,248,73,29715274,nan,nan,nan
9/23/2026 19:28:04,1.17.3,StopSig,73,4.09,1,1,Pellet,Left,145,248,74,29715274,0.33,1975,nan
9/23/2026 19:28:23,1.17.3,StopSig,73,4.09,nan,1,Right_no_left,Left,145,249,74,29715274,nan,nan,nan
9/23/2026 19:28:25,1.17.3,StopSig,73,4.09,nan,1,Right_no_left,Left,145,250,74,29736056,nan,nan,nan
9/23/2026 19:31:38,1.17.3,StopSig,73,4.09,nan,1,>Left_Regular_trial,Left,146,250,74,29930218,nan,nan,nan
9/23/2026 19:31:42,1.17.3,StopSig,73,4.09,nan,1,NoPoke_Regular_(incorrect),Left,146,250,74,29934315,nan,nan,nan
9/23/2026 19:32:52,1.17.3,StopSig,73,4.09,nan,1,Right_no_left,Left,146,251,74,29934315,nan,nan,nan
9/23/2026 19:33:33,1.17.3,StopSig,73,4.09,nan,1,Right_no_left,Left,146,252,74,30004701,nan,nan,nan
9/23/2026 19:43:03,1.17.3,StopSig,73,4.09,nan,1,Right_no_left,Left,146,253,74,30045997,nan,nan,nan
9/23/2026 19:46:06,1.17.3,StopSig,73,4.09,nan,1,Right_no_left,Left,146,254,74,30615535,nan,nan,nan
9/23/2026 19:48:16,1.17.3,StopSig,73,4.09,nan,1,>Left_Regular_trial,Left,147,254,74,30928889,nan,nan,nan
9/23/2026 19:48:17,1.17.3,StopSig,73,4.09,nan,1,Right_Regular_(correct),Left,147,255,74,30929885,nan,nan,nan
9/23/2026 19:48:19,1.17.3,StopSig,73,4.09,1,1,Pellet,Left,147,255,75,30929885,0.66,1215,nan
9/23/2026 19:50:33,1.17.3,StopSig,73,4.09,nan,1,Right_no_left,Left,147,256,75,30929885,nan,nan,nan
9/23/2026 20:02:17,1.17.3,StopSig,73,4.09,nan,1,Right_no_left,Left,147,257,75,31065406,nan,nan,nan
9/23/2026 20:05:57,1.17.3,StopSig,73,4.09,nan,1,>Left_Stop_trial,Left,148,257,75,31989152,nan,nan,nan
9/23/2026 20:06:00,1.17.3,StopSig,73,4.09,nan,1,NoPoke_STOP_(correct),Left,148,257,75,31992320,nan,nan,nan
9/23/2026 20:06:10,1.17.3,StopSig,73,4.09,1,1,Pellet,Left,148,257,76,31992320,9.78,1071,nan
9/23/2026 20:06:24,1.17.3,StopSig,73,4.09,nan,1,Right_no_left,Left,148,258,76,31992320,nan,nan,nan
9/23/2026 20:06:25,1.17.3,StopSig,73,4.09,nan,1,Right_no_left,Left,148,259,76,32017204,nan,nan,nan
9/23/2026 20:06:33,1.17.3,StopSig,73,4.09,nan,1,>Left_Stop_trial,Left,149,259,76,32025549,nan,nan,nan
9/23/2026 20:06:34,1.17.3,StopSig,73,4.08,nan,1,Right_STOP_(incorrect),Left,149,260,76,32027085,nan,nan,nan
9/23/2026 20:07:48,1.17.3,StopSig,73,4.09,nan,1,>Left_Regular_trial,Left,150,260,76,32100181,nan,nan,nan
9/23/2026 20:07:52,1.17.3,StopSig,73,4.09,nan,1,NoPoke_Regular_(incorrect),Left,150,260,76,32104427,nan,nan,nan
9/23/2026 20:08:27,1.17.3,StopSig,73,4.09,nan,1,Right_no_left,Left,150,261,76,32104427,nan,nan,nan
9/23/2026 20:09:15,1.17.3,StopSig,73,4.09,nan,1,>Left_Stop_trial,Left,151,261,76,32186573,nan,nan,nan
9/23/2026 20:09:18,1.17.3,StopSig,73,4.09,nan,1,NoPoke_STOP_(correct),Left,151,261,76,32190416,nan,nan,nan
9/23/2026 20:09:20,1.17.3,StopSig,73,4.09,1,1,Pellet,Left,151,261,77,32190416,1.44,190,nan
9/23/2026 20:09:37,1.17.3,StopSig,73,4.09,nan,1,Right_no_left,Left,151,262,77,32190416,nan,nan,nan
9/23/2026 20:09:44,1.17.3,StopSig,73,4.09,nan,1,>Left_Stop_trial,Left,152,262,77,32215901,nan,nan,nan
9/23/2026 20:09:44,1.17.3,StopSig,73,4.09,nan,1,Right_STOP_(incorrect),Left,152,263,77,32216786,nan,nan,nan
9/23/2026 20:13:30,1.17.3,StopSig,73,4.09,nan,1,>Left_Stop_trial,Left,153,263,77,32442423,nan,nan,nan
9/23/2026 20:13:34,1.17.3,StopSig,73,4.08,nan,1,NoPoke_STOP_(correct),Left,153,263,77,32446474,nan,nan,nan
9/23/2026 20:13:35,1.17.3,StopSig,73,4.09,1,1,Pellet,Left,153,263,78,32446474,0.61,255,nan
9/23/2026 20:13:49,1.17.3,StopSig,73,4.09,nan,1,Right_no_left,Left,153,264,78,32446474,nan,nan,nan
9/23/2026 20:13:51,1.17.3,StopSig,73,4.09,nan,1,Right_no_left,Left,153,265,78,32461401,nan,nan,nan
9/23/2026 20:13:52,1.17.3,StopSig,73,4.09,nan,1,>Left_Regular_trial,Left,154,265,78,32464939,nan,nan,nan
9/23/2026 20:13:56,1.17.3,StopSig,73,4.09,nan,1,NoPoke_Regular_(incorrect),Left,154,265,78,32468341,nan,nan,nan
9/23/2026 20:14:41,1.17.3,StopSig,73,4.09,nan,1,>Left_Regular_trial,Left,155,265,78,32513753,nan,nan,nan
9/23/2026 20:14:45,1.17.3,StopSig,73,4.09,nan,1,NoPoke_Regular_(incorrect),Left,155,265,78,32517432,nan,nan,nan
9/23/2026 20:15:28,1.17.3,StopSig,73,4.09,nan,1,>Left_Regular_trial,Left,156,265,78,32560737,nan,nan,nan
9/23/2026 20:15:29,1.17.3,StopSig,73,4.09,nan,1,Right_Regular_(correct),Left,156,266,78,32561453,nan,nan,nan
9/23/2026 20:15:30,1.17.3,StopSig,73,4.09,1,1,Pellet,Left,156,266,79,32561453,0.27,115,nan
9/23/2026 20:15:45,1.17.3,StopSig,73,4.09,nan,1,Right_no_left,Left,156,267,79,32561453,nan,nan,nan
9/23/2026 20:15:46,1.17.3,StopSig,73,4.09,nan,1,Right_no_left,Left,156,268,79,32578038,nan,nan,nan
9/23/2026 20:15:47,1.17.3,StopSig,73,4.09,nan,1,Right_no_left,Left,156,269,79,32579035,nan,nan,nan
9/23/2026 20:15:49,1.17.3,StopSig,73,4.09,nan,1,>Left_Stop_trial,Left,157,269,79,32581445,nan,nan,nan
9/23/2026 20:15:53,1.17.3,StopSig,73,4.09,nan,1,NoPoke_STOP_(correct),Left,157,269,79,32585478,nan,nan,nan
9/23/2026 20:15:54,1.17.3,StopSig,73,4.09,1,1,Pellet,Left,157,269,80,32585478,0.55,24,nan
9/23/2026 20:16:09,1.17.3,StopSig,73,4.09,nan,1,Right_no_left,Left,157,270,80,32585478,nan,nan,nan
9/23/2026 20:16:09,1.17.3,StopSig,73,4.09,nan,1,Right_no_left,Left,157,271,80,32601607,nan,nan,nan
9/23/2026 20:16:10,1.17.3,StopSig,73,4.09,nan,1,>Left_Regular_trial,Left,158,271,80,32602886,nan,nan,nan
9/23/2026 20:16:12,1.17.3,StopSig,73,4.09,nan,1,Right_Regular_(correct),Left,158,272,80,32604313,nan,nan,nan
9/23/2026 20:16:13,1.17.3,StopSig,73,4.09,1,1,Pellet,Left,158,272,81,32604313,0.50,19,nan
9/23/2026 20:16:29,1.17.3,StopSig,73,4.08,nan,1,Right_no_left,Left,158,273,81,32604313,nan,nan,nan
9/23/2026 20:16:30,1.17.3,StopSig,73,4.09,nan,1,>Left_Regular_trial,Left,159,273,81,32622675,nan,nan,nan
9/23/2026 20:16:32,1.17.3,StopSig,73,4.09,nan,1,Right_Regular_(correct),Left,159,274,81,32624801,nan,nan,nan
9/23/2026 20:16:33,1.17.3,StopSig,73,4.09,1,1,Pellet,Left,159,274,82,32624801,0.16,20,nan
9/23/2026 20:17:10,1.17.3,StopSig,73,4.09,nan,1,Right_no_left,Left,159,275,82,32624801,nan,nan,nan
9/23/2026 20:17:13,1.17.3,StopSig,73,4.09,nan,1,>Left_Stop_trial,Left,160,275,82,32665115,nan,nan,nan
9/23/2026 20:17:14,1.17.3,StopSig,73,4.09,nan,1,Right_STOP_(incorrect),Left,160,276,82,32666258,nan,nan,nan
9/23/2026 20:17:44,1.17.3,StopSig,73,4.08,nan,1,>Left_Regular_trial,Left,161,276,82,32696574,nan,nan,nan
9/23/2026 20:17:48,1.17.3,StopSig,73,4.09,nan,1,NoPoke_Regular_(incorrect),Left,161,276,82,32700398,nan,nan,nan
9/23/2026 20:18:38,1.17.3,StopSig,73,4.09,nan,1,>Left_Regular_trial,Left,162,276,82,32750190,nan,nan,nan
9/23/2026 20:18:41,1.17.3,StopSig,73,4.09,nan,1,NoPoke_Regular_(incorrect),Left,162,276,82,32753448,nan,nan,nan
9/23/2026 20:33:21,1.17.3,StopSig,73,4.09,nan,1,Right_no_left,Left,162,277,82,32753448,nan,nan,nan
9/23/2026 20:33:23,1.17.3,StopSig,73,4.08,nan,1,>Left_Regular_trial,Left,163,277,82,33635381,nan,nan,nan
9/23/2026 20:33:25,1.17.3,StopSig,73,4.09,nan,1,Right_Regular_(correct),Left,163,278,82,33637374,nan,nan,nan
9/23/2026 20:33:27,1.17.3,StopSig,73,4.09,1,1,Pellet,Left,163,278,83,33637374,1.78,1014,nan
9/23/2026 20:33:46,1.17.3,StopSig,73,4.09,nan,1,Right_no_left,Left,163,279,83,33637374,nan,nan,nan
9/23/2026 20:33:50,1.17.3,StopSig,73,4.08,nan,1,Right_no_left,Left,163,280,83,33659219,nan,nan,nan
9/23/2026 20:33:58,1.17.3,StopSig,73,4.08,nan,1,Right_no_left,Left,163,281,83,33662771,nan,nan,nan
9/23/2026 20:34:00,1.17.3,StopSig,73,4.09,nan,1,Right_no_left,Left,163,282,83,33671269,nan,nan,nan
9/23/2026 20:34:02,1.17.3,StopSig,73,4.09,nan,1,>Left_Regular_trial,Left,164,282,83,33674811,nan,nan,nan
9/23/2026 20:34:04,1.17.3,StopSig,73,4.09,nan,1,Right_Regular_(correct),Left,164,283,83,33676243,nan,nan,nan
9/23/2026 20:34:04,1.17.3,StopSig,73,4.09,nan,1,RightDuringDispense,Left,164,284,83,33676243,nan,nan,0.02
9/23/2026 20:34:05,1.17.3,StopSig,73,4.09,1,1,Pellet,Left,164,284,84,33676243,0.16,38,nan
9/23/2026 20:34:20,1.17.3,StopSig,73,4.09,nan,1,Right_no_left,Left,164,285,84,33676243,nan,nan,nan
9/23/2026 20:34:21,1.17.3,StopSig,73,4.08,nan,1,Right_no_left,Left,164,286,84,33692888,nan,nan,nan
9/23/2026 20:34:23,1.17.3,StopSig,73,4.09,nan,1,>Left_Stop_trial,Left,165,286,84,33694875,nan,nan,nan
9/23/2026 20:34:23,1.17.3,StopSig,73,4.09,nan,1,Right_STOP_(incorrect),Left,165,287,84,33695998,nan,nan,nan
9/23/2026 20:34:54,1.17.3,StopSig,73,4.08,nan,1,>Left_Regular_trial,Left,166,287,84,33726314,nan,nan,nan
9/23/2026 20:34:58,1.17.3,StopSig,73,4.09,nan,1,NoPoke_Regular_(incorrect),Left,166,287,84,33730426,nan,nan,nan
9/23/2026 20:35:37,1.17.3,StopSig,73,4.08,nan,1,>Left_Stop_trial,Left,167,287,84,33769363,nan,nan,nan
9/23/2026 20:35:41,1.17.3,StopSig,73,4.09,nan,1,NoPoke_STOP_(correct),Left,167,287,84,33773455,nan,nan,nan
9/23/2026 20:35:42,1.17.3,StopSig,73,4.09,1,1,Pellet,Left,167,287,85,33773455,0.89,97,nan
9/23/2026 20:36:00,1.17.3,StopSig,73,4.08,nan,1,>Left_Regular_trial,Left,168,287,85,33792331,nan,nan,nan
9/23/2026 20:36:02,1.17.3,StopSig,73,4.09,nan,1,Right_Regular_(correct),Left,168,288,85,33794468,nan,nan,nan
9/23/2026 20:36:03,1.17.3,StopSig,73,4.09,1,1,Pellet,Left,168,288,86,33794468,0.44,21,nan
9/23/2026 20:36:16,1.17.3,StopSig,73,4.09,nan,1,>Left_Regular_trial,Left,169,288,86,33808635,nan,nan,nan
9/23/2026 20:36:19,1.17.3,StopSig,73,4.09,nan,1,Right_Regular_(correct),Left,169,289,86,33811616,nan,nan,nan
9/23/2026 20:36:20,1.17.3,StopSig,73,4.09,2,1,Pellet,Left,169,289,87,33811616,0.66,17,nan
9/23/2026 20:36:36,1.17.3,StopSig,73,4.08,nan,1,Right_no_left,Left,169,290,87,33811616,nan,nan,nan
9/23/2026 20:36:37,1.17.3,StopSig,73,4.09,nan,1,Right_no_left,Left,169,291,87,33829265,nan,nan,nan
9/23/2026 20:36:37,1.17.3,StopSig,73,4.09,nan,1,Right_no_left,Left,169,292,87,33829840,nan,nan,nan
9/23/2026 20:36:38,1.17.3,StopSig,73,4.09,nan,1,Right_no_left,Left,169,293,87,33830131,nan,nan,nan
9/23/2026 20:36:39,1.17.3,StopSig,73,4.09,nan,1,>Left_Regular_trial,Left,170,293,87,33831554,nan,nan,nan
9/23/2026 20:36:40,1.17.3,StopSig,73,4.08,nan,1,Right_Regular_(correct),Left,170,294,87,33832980,nan,nan,nan
9/23/2026 20:36:41,1.17.3,StopSig,73,4.02,nan,1,RightDuringDispense,Left,170,295,87,33832980,nan,nan,0.00
9/23/2026 20:36:41,1.17.3,StopSig,73,4.02,nan,1,RightDuringDispense,Left,170,296,87,33832980,nan,nan,0.12
9/23/2026 20:36:42,1.17.3,StopSig,73,4.08,1,1,Pellet,Left,170,296,88,33832980,0.44,22,nan
9/23/2026 20:36:58,1.17.3,StopSig,73,4.08,nan,1,>Left_Regular_trial,Left,171,296,88,33850831,nan,nan,nan
9/23/2026 20:37:00,1.17.3,StopSig,73,4.09,nan,1,Right_Regular_(correct),Left,171,297,88,33852971,nan,nan,nan
9/23/2026 20:37:01,1.17.3,StopSig,73,4.08,1,1,Pellet,Left,171,297,89,33852971,0.33,19,nan
9/23/2026 20:37:15,1.17.3,StopSig,73,4.09,nan,1,>Left_Regular_trial,Left,172,297,89,33867997,nan,nan,nan
9/23/2026 20:37:17,1.17.3,StopSig,73,4.09,nan,1,Right_Regular_(correct),Left,172,298,89,33870123,nan,nan,nan
9/23/2026 20:37:18,1.17.3,StopSig,73,4.09,1,1,Pellet,Left,172,298,90,33870123,0.22,17,nan
9/23/2026 20:37:38,1.17.3,StopSig,73,4.09,nan,1,>Left_Regular_trial,Left,173,298,90,33890223,nan,nan,nan
9/23/2026 20:37:41,1.17.3,StopSig,73,4.08,nan,1,NoPoke_Regular_(incorrect),Left,173,298,90,33893480,nan,nan,nan
9/23/2026 20:39:12,1.17.3,StopSig,73,4.09,nan,1,Right_no_left,Left,173,299,90,33893480,nan,nan,nan
9/23/2026 21:05:22,1.17.3,StopSig,73,4.09,nan,1,>Left_Regular_trial,Left,174,299,90,35554795,nan,nan,nan
9/23/2026 21:05:23,1.17.3,StopSig,73,4.09,nan,1,Right_Regular_(correct),Left,174,300,90,35555939,nan,nan,nan
9/23/2026 21:05:24,1.17.3,StopSig,73,4.08,1,1,Pellet,Left,174,300,91,35555939,0.50,1686,nan
9/23/2026 21:05:41,1.17.3,StopSig,73,4.09,nan,1,Right_no_left,Left,174,301,91,35555939,nan,nan,nan
9/23/2026 21:05:44,1.17.3,StopSig,73,4.08,nan,1,Right_no_left,Left,174,302,91,35574074,nan,nan,nan
9/23/2026 21:05:46,1.17.3,StopSig,73,4.08,nan,1,Right_no_left,Left,174,303,91,35577463,nan,nan,nan
9/23/2026 21:05:48,1.17.3,StopSig,73,4.09,nan,1,>Left_Regular_trial,Left,175,303,91,35580450,nan,nan,nan
9/23/2026 21:05:50,1.17.3,StopSig,73,4.08,nan,1,Right_Regular_(correct),Left,175,304,91,35582574,nan,nan,nan
9/23/2026 21:05:51,1.17.3,StopSig,73,4.08,1,1,Pellet,Left,175,304,92,35582574,0.44,27,nan
9/23/2026 21:06:06,1.17.3,StopSig,73,4.08,nan,1,>Left_Regular_trial,Left,176,304,92,35598208,nan,nan,nan
9/23/2026 21:06:06,1.17.3,StopSig,73,4.08,nan,1,Right_Regular_(correct),Left,176,305,92,35599206,nan,nan,nan
9/23/2026 21:06:07,1.17.3,StopSig,73,4.08,nan,1,RightDuringDispense,Left,176,306,92,35599206,nan,nan,0.10
9/23/2026 21:06:08,1.17.3,StopSig,73,4.08,1,1,Pellet,Left,176,306,93,35599206,0.50,17,nan
9/23/2026 21:06:28,1.17.3,StopSig,73,4.08,nan,1,>Left_Regular_trial,Left,177,306,93,35620286,nan,nan,nan
9/23/2026 21:06:29,1.17.3,StopSig,73,4.08,nan,1,Right_Regular_(correct),Left,177,307,93,35621706,nan,nan,nan
9/23/2026 21:06:30,1.17.3,StopSig,73,4.08,1,1,Pellet,Left,177,307,94,35621706,0.44,22,nan
9/23/2026 21:06:49,1.17.3,StopSig,73,4.08,nan,1,>Left_Regular_trial,Left,178,307,94,35641589,nan,nan,nan
9/23/2026 21:06:51,1.17.3,StopSig,73,4.08,nan,1,Right_Regular_(correct),Left,178,308,94,35643573,nan,nan,nan
9/23/2026 21:06:51,1.17.3,StopSig,73,4.08,nan,1,RightDuringDispense,Left,178,309,94,35643573,nan,nan,0.01
9/23/2026 21:06:54,1.17.3,StopSig,73,4.08,2,1,Pellet,Left,178,309,95,35643573,0.27,24,nan
9/23/2026 21:07:13,1.17.3,StopSig,73,4.09,nan,1,>Left_Stop_trial,Left,179,309,95,35665179,nan,nan,nan
9/23/2026 21:07:14,1.17.3,StopSig,73,4.08,nan,1,Right_STOP_(incorrect),Left,179,310,95,35667321,nan,nan,nan
9/23/2026 21:07:45,1.17.3,StopSig,73,4.08,nan,1,>Left_Regular_trial,Left,180,310,95,35697637,nan,nan,nan
9/23/2026 21:07:49,1.17.3,StopSig,73,4.08,nan,1,NoPoke_Regular_(incorrect),Left,180,310,95,35701596,nan,nan,nan
9/23/2026 21:41:11,1.17.3,StopSig,73,4.08,nan,1,Right_no_left,Left,180,311,95,35701596,nan,nan,nan
9/23/2026 21:41:12,1.17.3,StopSig,73,4.08,nan,1,Right_no_left,Left,180,312,95,37704160,nan,nan,nan
9/23/2026 21:41:12,1.17.3,StopSig,73,4.08,nan,1,Right_no_left,Left,180,313,95,37705161,nan,nan,nan
9/23/2026 21:41:14,1.17.3,StopSig,73,4.09,nan,1,Right_no_left,Left,180,314,95,37705594,nan,nan,nan
9/23/2026 21:41:15,1.17.3,StopSig,73,4.08,nan,1,Right_no_left,Left,180,315,95,37706871,nan,nan,nan
9/23/2026 21:41:15,1.17.3,StopSig,73,4.08,nan,1,Right_no_left,Left,180,316,95,37708149,nan,nan,nan
9/23/2026 21:41:19,1.17.3,StopSig,73,4.08,nan,1,>Left_Regular_trial,Left,181,316,95,37711964,nan,nan,nan
9/23/2026 21:41:22,1.17.3,StopSig,73,4.08,nan,1,Right_Regular_(correct),Left,181,317,95,37714797,nan,nan,nan
9/23/2026 21:41:23,1.17.3,StopSig,73,4.08,1,1,Pellet,Left,181,317,96,37714797,0.39,2069,nan
9/23/2026 21:41:38,1.17.3,StopSig,73,4.08,nan,1,Right_no_left,Left,181,318,96,37714797,nan,nan,nan
9/23/2026 21:41:43,1.17.3,StopSig,73,4.08,nan,1,Right_no_left,Left,181,319,96,37730751,nan,nan,nan
9/23/2026 21:41:45,1.17.3,StopSig,73,4.08,nan,1,Right_no_left,Left,181,320,96,37736536,nan,nan,nan
9/23/2026 21:41:48,1.17.3,StopSig,73,4.08,nan,1,Right_no_left,Left,181,321,96,37737820,nan,nan,nan
9/23/2026 21:41:48,1.17.3,StopSig,73,4.08,nan,1,Right_no_left,Left,181,322,96,37741212,nan,nan,nan
9/23/2026 21:41:49,1.17.3,StopSig,73,4.08,nan,1,Right_no_left,Left,181,323,96,37741504,nan,nan,nan
9/23/2026 21:41:50,1.17.3,StopSig,73,4.08,nan,1,Right_no_left,Left,181,324,96,37742359,nan,nan,nan
9/23/2026 21:41:52,1.17.3,StopSig,73,4.08,nan,1,>Left_Regular_trial,Left,182,324,96,37744764,nan,nan,nan
9/23/2026 21:41:53,1.17.3,StopSig,73,4.09,nan,1,Right_Regular_(correct),Left,182,325,96,37745767,nan,nan,nan
9/23/2026 21:41:54,1.17.3,StopSig,73,4.09,1,1,Pellet,Left,182,325,97,37745767,0.33,31,nan
9/23/2026 21:42:11,1.17.3,StopSig,73,4.08,nan,1,>Left_Regular_trial,Left,183,325,97,37763597,nan,nan,nan
9/23/2026 21:42:12,1.17.3,StopSig,73,4.08,nan,1,Right_Regular_(correct),Left,183,326,97,37764877,nan,nan,nan
9/23/2026 21:42:13,1.17.3,StopSig,73,4.07,1,1,Pellet,Left,183,326,98,37764877,0.44,19,nan
9/23/2026 21:42:34,1.17.3,StopSig,73,4.08,nan,1,Right_no_left,Left,183,327,98,37764877,nan,nan,nan
9/23/2026 21:42:45,1.17.3,StopSig,73,4.08,nan,1,Right_no_left,Left,183,328,98,37787139,nan,nan,nan
9/23/2026 21:42:46,1.17.3,StopSig,73,4.08,nan,1,>Left_Regular_trial,Left,184,328,98,37799005,nan,nan,nan
9/23/2026 21:42:47,1.17.3,StopSig,73,4.09,nan,1,Right_Regular_(correct),Left,184,329,98,37800285,nan,nan,nan
9/23/2026 21:42:50,1.17.3,StopSig,73,4.08,2,1,Pellet,Left,184,329,99,37800285,0.05,37,nan
9/23/2026 21:43:05,1.17.3,StopSig,73,4.08,nan,1,>Left_Regular_trial,Left,185,329,99,37817934,nan,nan,nan
9/23/2026 21:43:08,1.17.3,StopSig,73,4.08,nan,1,Right_Regular_(correct),Left,185,330,99,37820632,nan,nan,nan
9/23/2026 21:43:09,1.17.3,StopSig,73,4.08,1,1,Pellet,Left,185,330,100,37820632,0.50,19,nan
9/23/2026 21:43:27,1.17.3,StopSig,73,4.08,nan,1,Right_no_left,Left,185,331,100,37820632,nan,nan,nan
9/23/2026 21:43:28,1.17.3,StopSig,73,4.08,nan,1,Right_no_left,Left,185,332,100,37840376,nan,nan,nan
9/23/2026 21:43:28,1.17.3,StopSig,73,4.07,nan,1,Right_no_left,Left,185,333,100,37840668,nan,nan,nan
9/23/2026 21:43:29,1.17.3,StopSig,73,4.08,nan,1,Right_no_left,Left,185,334,100,37841107,nan,nan,nan
9/23/2026 21:43:32,1.17.3,StopSig,73,4.08,nan,1,>Left_Regular_trial,Left,186,334,100,37844648,nan,nan,nan
9/23/2026 21:43:35,1.17.3,StopSig,73,4.08,nan,1,Right_Regular_(correct),Left,186,335,100,37847765,nan,nan,nan
9/23/2026 21:43:35,1.17.3,StopSig,73,4.09,nan,1,RightDuringDispense,Left,186,336,100,37847765,nan,nan,0.02
9/23/2026 21:43:38,1.17.3,StopSig,73,4.08,2,1,Pellet,Left,186,336,101,37847765,0.33,29,nan
9/23/2026 21:43:55,1.17.3,StopSig,73,4.08,nan,1,Right_no_left,Left,186,337,101,37847765,nan,nan,nan
9/23/2026 21:43:56,1.17.3,StopSig,73,4.08,nan,1,>Left_Regular_trial,Left,187,337,101,37869004,nan,nan,nan
9/23/2026 21:43:59,1.17.3,StopSig,73,4.08,nan,1,Right_Regular_(correct),Left,187,338,101,37871553,nan,nan,nan
9/23/2026 21:43:59,1.17.3,StopSig,73,4.08,nan,1,RightDuringDispense,Left,187,339,101,37871553,nan,nan,0.17
9/23/2026 21:44:00,1.17.3,StopSig,73,4.08,1,1,Pellet,Left,187,339,102,37871553,0.55,22,nan
9/23/2026 21:44:16,1.17.3,StopSig,73,4.08,nan,1,Right_no_left,Left,187,340,102,37871553,nan,nan,nan
9/23/2026 21:44:18,1.17.3,StopSig,73,4.08,nan,1,>Left_Regular_trial,Left,188,340,102,37890825,nan,nan,nan
9/23/2026 21:44:20,1.17.3,StopSig,73,4.07,nan,1,Right_Regular_(correct),Left,188,341,102,37892681,nan,nan,nan
9/23/2026 21:44:21,1.17.3,StopSig,73,4.08,1,1,Pellet,Left,188,341,103,37892681,0.27,21,nan
9/23/2026 21:44:38,1.17.3,StopSig,73,4.08,nan,1,Right_no_left,Left,188,342,103,37892681,nan,nan,nan
9/23/2026 21:44:40,1.17.3,StopSig,73,4.08,nan,1,Right_no_left,Left,188,343,103,37910812,nan,nan,nan
9/23/2026 21:44:44,1.17.3,StopSig,73,4.08,nan,1,>Left_Regular_trial,Left,189,343,103,37917036,nan,nan,nan
9/23/2026 21:44:45,1.17.3,StopSig,73,4.08,nan,1,Right_Regular_(correct),Left,189,344,103,37918316,nan,nan,nan
9/23/2026 21:44:46,1.17.3,StopSig,73,4.08,nan,1,RightDuringDispense,Left,189,345,103,37918316,nan,nan,0.21
9/23/2026 21:44:47,1.17.3,StopSig,73,4.08,1,1,Pellet,Left,189,345,104,37918316,0.27,26,nan
9/23/2026 21:45:01,1.17.3,StopSig,73,4.08,nan,1,Right_no_left,Left,189,346,104,37918316,nan,nan,nan
9/23/2026 21:45:02,1.17.3,StopSig,73,4.08,nan,1,Right_no_left,Left,189,347,104,37934250,nan,nan,nan
9/23/2026 21:45:04,1.17.3,StopSig,73,4.08,nan,1,Right_no_left,Left,189,348,104,37935389,nan,nan,nan
9/23/2026 21:45:07,1.17.3,StopSig,73,4.08,nan,1,>Left_Regular_trial,Left,190,348,104,37939353,nan,nan,nan
9/23/2026 21:45:08,1.17.3,StopSig,73,4.08,nan,1,Right_Regular_(correct),Left,190,349,104,37940640,nan,nan,nan
9/23/2026 21:45:08,1.17.3,StopSig,73,4.07,nan,1,RightDuringDispense,Left,190,350,104,37940640,nan,nan,0.24
9/23/2026 21:45:09,1.17.3,StopSig,73,4.08,1,1,Pellet,Left,190,350,105,37940640,0.44,22,nan
9/23/2026 21:45:23,1.17.3,StopSig,73,4.08,nan,1,>Left_Regular_trial,Left,191,350,105,37955967,nan,nan,nan
9/23/2026 21:45:24,1.17.3,StopSig,73,4.08,nan,1,Right_Regular_(correct),Left,191,351,105,37957388,nan,nan,nan
9/23/2026 21:45:25,1.17.3,StopSig,73,4.08,nan,1,RightDuringDispense,Left,191,352,105,37957388,nan,nan,0.03
9/23/2026 21:45:26,1.17.3,StopSig,73,4.08,1,1,Pellet,Left,191,352,106,37957388,0.22,17,nan
9/23/2026 21:45:38,1.17.3,StopSig,73,4.09,nan,1,Right_no_left,Left,191,353,106,37957388,nan,nan,nan
9/23/2026 21:45:41,1.17.3,StopSig,73,4.08,nan,1,>Left_Regular_trial,Left,192,353,106,37974068,nan,nan,nan
9/23/2026 21:45:43,1.17.3,StopSig,73,4.08,nan,1,Right_Regular_(correct),Left,192,354,106,37976055,nan,nan,nan
9/23/2026 21:45:44,1.17.3,StopSig,73,4.08,1,1,Pellet,Left,192,354,107,37976055,0.27,18,nan
9/23/2026 21:45:55,1.17.3,StopSig,73,4.08,nan,1,>Left_Regular_trial,Left,193,354,107,37988261,nan,nan,nan
9/23/2026 21:45:59,1.17.3,StopSig,73,4.08,nan,1,NoPoke_Regular_(incorrect),Left,193,354,107,37991658,nan,nan,nan
9/23/2026 22:01:41,1.17.3,StopSig,73,4.08,nan,1,>Left_Regular_trial,Left,194,354,107,38933891,nan,nan,nan
9/23/2026 22:01:45,1.17.3,StopSig,73,4.08,nan,1,NoPoke_Regular_(incorrect),Left,194,354,107,38937712,nan,nan,nan
9/23/2026 22:15:23,1.17.3,StopSig,73,4.08,nan,1,Right_no_left,Left,194,355,107,38937712,nan,nan,nan
9/23/2026 22:22:33,1.17.3,StopSig,73,4.08,nan,1,>Left_Regular_trial,Left,195,355,107,40186343,nan,nan,nan
9/23/2026 22:22:37,1.17.3,StopSig,73,4.07,nan,1,NoPoke_Regular_(incorrect),Left,195,355,107,40189887,nan,nan,nan
9/23/2026 22:23:42,1.17.3,StopSig,73,4.08,nan,1,>Left_Regular_trial,Left,196,355,107,40255122,nan,nan,nan
9/23/2026 22:23:46,1.17.3,StopSig,73,4.08,nan,1,NoPoke_Regular_(incorrect),Left,196,355,107,40258808,nan,nan,nan
9/23/2026 22:24:19,1.17.3,StopSig,73,4.08,nan,1,Right_no_left,Left,196,356,107,40258808,nan,nan,nan
9/23/2026 22:24:20,1.17.3,StopSig,73,4.08,nan,1,>Left_Regular_trial,Left,197,356,107,40293239,nan,nan,nan
9/23/2026 22:24:24,1.17.3,StopSig,73,4.08,nan,1,Right_Regular_(correct),Left,197,357,107,40296640,nan,nan,nan
9/23/2026 22:24:25,1.17.3,StopSig,73,4.08,1,1,Pellet,Left,197,357,108,40296640,0.66,2321,nan
9/23/2026 22:25:59,1.17.3,StopSig,73,4.08,nan,1,Right_no_left,Left,197,358,108,40296640,nan,nan,nan
9/23/2026 22:26:01,1.17.3,StopSig,73,4.08,nan,1,Right_no_left,Left,197,359,108,40392038,nan,nan,nan
9/23/2026 22:26:03,1.17.3,StopSig,73,4.08,nan,1,>Left_Regular_trial,Left,198,359,108,40395726,nan,nan,nan
9/23/2026 22:26:03,1.17.3,StopSig,73,4.08,nan,1,Right_Regular_(correct),Left,198,360,108,40396584,nan,nan,nan
9/23/2026 22:26:05,1.17.3,StopSig,73,4.07,1,1,Pellet,Left,198,360,109,40396584,0.44,100,nan
9/23/2026 22:26:17,1.17.3,StopSig,73,4.07,nan,1,Right_no_left,Left,198,361,109,40396584,nan,nan,nan
9/23/2026 22:26:18,1.17.3,StopSig,73,4.08,nan,1,>Left_Regular_trial,Left,199,361,109,40410702,nan,nan,nan
9/23/2026 22:26:18,1.17.3,StopSig,73,4.08,nan,1,Right_Regular_(correct),Left,199,362,109,40411277,nan,nan,nan
9/23/2026 22:26:19,1.17.3,StopSig,73,4.07,1,1,Pellet,Left,199,362,110,40411277,0.44,14,nan
9/23/2026 22:26:34,1.17.3,StopSig,73,4.08,nan,1,Right_no_left,Left,199,363,110,40411277,nan,nan,nan
9/23/2026 22:26:37,1.17.3,StopSig,73,4.08,nan,1,>Left_Stop_trial,Left,200,363,110,40429103,nan,nan,nan
9/23/2026 22:26:37,1.17.3,StopSig,73,4.08,nan,1,Right_STOP_(incorrect),Left,200,364,110,40430273,nan,nan,nan
9/23/2026 22:33:39,1.17.3,StopSig,73,4.08,nan,1,Right_no_left,Left,200,365,110,40430273,nan,nan,nan
9/23/2026 22:33:39,1.17.3,StopSig,73,4.08,nan,1,Right_no_left,Left,200,366,110,40852242,nan,nan,nan
9/23/2026 22:44:31,1.17.3,StopSig,73,4.07,nan,1,>Left_Regular_trial,Left,201,366,110,41504461,nan,nan,nan
9/23/2026 22:44:33,1.17.3,StopSig,73,4.08,nan,1,Right_Regular_(correct),Left,201,367,110,41505748,nan,nan,nan
9/23/2026 22:44:34,1.17.3,StopSig,73,4.08,1,1,Pellet,Left,201,367,111,41505748,0.55,1095,nan
9/23/2026 22:44:49,1.17.3,StopSig,73,4.08,nan,1,Right_no_left,Left,201,368,111,41505748,nan,nan,nan
9/23/2026 22:46:52,1.17.3,StopSig,73,4.07,nan,1,>Left_Regular_trial,Left,202,368,111,41645449,nan,nan,nan
9/23/2026 22:46:56,1.17.3,StopSig,73,4.07,nan,1,NoPoke_Regular_(incorrect),Left,202,368,111,41648851,nan,nan,nan
9/23/2026 22:49:23,1.17.3,StopSig,73,4.08,nan,1,>Left_Regular_trial,Left,203,368,111,41796064,nan,nan,nan
9/23/2026 22:49:27,1.17.3,StopSig,73,4.07,nan,1,NoPoke_Regular_(incorrect),Left,203,368,111,41799889,nan,nan,nan
9/23/2026 23:00:18,1.17.3,StopSig,73,4.07,nan,1,Right_no_left,Left,203,369,111,41799889,nan,nan,nan
9/23/2026 23:01:00,1.17.3,StopSig,73,4.08,nan,1,Right_no_left,Left,203,370,111,42451368,nan,nan,nan
9/23/2026 23:01:54,1.17.3,StopSig,73,4.07,nan,1,>Left_Regular_trial,Left,204,370,111,42546691,nan,nan,nan
9/23/2026 23:01:57,1.17.3,StopSig,73,4.08,nan,1,NoPoke_Regular_(incorrect),Left,204,370,111,42549961,nan,nan,nan
9/23/2026 23:06:09,1.17.3,StopSig,73,4.07,nan,1,Right_no_left,Left,204,371,111,42549961,nan,nan,nan
9/23/2026 23:06:11,1.17.3,StopSig,73,4.07,nan,1,>Left_Regular_trial,Left,205,371,111,42804191,nan,nan,nan
9/23/2026 23:06:12,1.17.3,StopSig,73,4.08,nan,1,Right_Regular_(correct),Left,205,372,111,42805612,nan,nan,nan
9/23/2026 23:06:14,1.17.3,StopSig,73,4.07,1,1,Pellet,Left,205,372,112,42805612,1.05,1300,nan
9/23/2026 23:06:38,1.17.3,StopSig,73,4.07,nan,1,Right_no_left,Left,205,373,112,42805612,nan,nan,nan
9/23/2026 23:29:52,1.17.3,StopSig,73,4.07,nan,1,>Left_Stop_trial,Left,206,373,112,44224806,nan,nan,nan
9/23/2026 23:29:55,1.17.3,StopSig,73,4.07,nan,1,NoPoke_STOP_(correct),Left,206,373,112,44228110,nan,nan,nan
9/23/2026 23:29:56,1.17.3,StopSig,73,4.07,1,1,Pellet,Left,206,373,113,44228110,0.89,1422,nan
9/23/2026 23:30:12,1.17.3,StopSig,73,4.07,nan,1,Right_no_left,Left,206,374,113,44228110,nan,nan,nan
9/23/2026 23:30:14,1.17.3,StopSig,73,4.07,nan,1,Right_no_left,Left,206,375,113,44245843,nan,nan,nan
9/23/2026 23:30:18,1.17.3,StopSig,73,4.07,nan,1,Right_no_left,Left,206,376,113,44247841,nan,nan,nan
9/23/2026 23:31:10,1.17.3,StopSig,73,4.07,nan,1,>Left_Regular_trial,Left,207,376,113,44303271,nan,nan,nan
9/23/2026 23:31:14,1.17.3,StopSig,73,4.08,nan,1,NoPoke_Regular_(incorrect),Left,207,376,113,44307093,nan,nan,nan
9/23/2026 23:31:52,1.17.3,StopSig,73,4.07,nan,1,>Left_Stop_trial,Left,208,376,113,44344892,nan,nan,nan
9/23/2026 23:31:56,1.17.3,StopSig,73,4.07,nan,1,NoPoke_STOP_(correct),Left,208,376,113,44348980,nan,nan,nan
9/23/2026 23:31:57,1.17.3,StopSig,73,4.07,1,1,Pellet,Left,208,376,114,44348980,0.44,121,nan
9/23/2026 23:32:09,1.17.3,StopSig,73,4.08,nan,1,Right_no_left,Left,208,377,114,44348980,nan,nan,nan
9/23/2026 23:32:10,1.17.3,StopSig,73,4.08,nan,1,Right_no_left,Left,208,378,114,44362053,nan,nan,nan
9/23/2026 23:32:11,1.17.3,StopSig,73,4.08,nan,1,Right_no_left,Left,208,379,114,44363758,nan,nan,nan
9/23/2026 23:32:15,1.17.3,StopSig,73,4.07,nan,1,>Left_Regular_trial,Left,209,379,114,44367871,nan,nan,nan
9/23/2026 23:32:15,1.17.3,StopSig,73,4.07,nan,1,Right_Regular_(correct),Left,209,380,114,44368730,nan,nan,nan
9/23/2026 23:32:16,1.17.3,StopSig,73,4.02,nan,1,RightDuringDispense,Left,209,381,114,44368730,nan,nan,0.27
9/23/2026 23:32:18,1.17.3,StopSig,73,4.08,1,1,Pellet,Left,209,381,115,44368730,0.27,21,nan
9/23/2026 23:32:30,1.17.3,StopSig,73,4.07,nan,1,Right_no_left,Left,209,382,115,44368730,nan,nan,nan
9/23/2026 23:32:31,1.17.3,StopSig,73,4.07,nan,1,Right_no_left,Left,209,383,115,44383945,nan,nan,nan
9/23/2026 23:32:35,1.17.3,StopSig,73,4.08,nan,1,Right_no_left,Left,209,384,115,44384662,nan,nan,nan
9/23/2026 23:32:42,1.17.3,StopSig,73,4.07,nan,1,>Left_Regular_trial,Left,210,384,115,44395563,nan,nan,nan
9/23/2026 23:32:43,1.17.3,StopSig,73,4.07,nan,1,Right_Regular_(correct),Left,210,385,115,44396138,nan,nan,nan
9/23/2026 23:32:43,1.17.3,StopSig,73,4.07,nan,1,RightDuringDispense,Left,210,386,115,44396138,nan,nan,0.09
9/23/2026 23:32:44,1.17.3,StopSig,73,4.07,2,1,Pellet,Left,210,386,116,44396138,0.16,26,nan
9/23/2026 23:32:58,1.17.3,StopSig,73,4.07,nan,1,>Left_Regular_trial,Left,211,386,116,44411322,nan,nan,nan
9/23/2026 23:32:59,1.17.3,StopSig,73,4.07,nan,1,Right_Regular_(correct),Left,211,387,116,44412039,nan,nan,nan
9/23/2026 23:32:59,1.17.3,StopSig,73,4.02,nan,1,RightDuringDispense,Left,211,388,116,44412039,nan,nan,0.06
9/23/2026 23:33:00,1.17.3,StopSig,73,4.08,1,1,Pellet,Left,211,388,117,44412039,0.27,16,nan
9/23/2026 23:33:15,1.17.3,StopSig,73,4.07,nan,1,>Left_Regular_trial,Left,212,388,117,44427748,nan,nan,nan
9/23/2026 23:33:16,1.17.3,StopSig,73,4.07,nan,1,Right_Regular_(correct),Left,212,389,117,44428889,nan,nan,nan
9/23/2026 23:33:16,1.17.3,StopSig,73,4.02,nan,1,RightDuringDispense,Left,212,390,117,44428889,nan,nan,0.06
9/23/2026 23:33:17,1.17.3,StopSig,73,4.07,1,1,Pellet,Left,212,390,118,44428889,0.16,17,nan
9/23/2026 23:33:31,1.17.3,StopSig,73,4.07,nan,1,Right_no_left,Left,212,391,118,44428889,nan,nan,nan
9/23/2026 23:33:35,1.17.3,StopSig,73,4.07,nan,1,Right_no_left,Left,212,392,118,44444342,nan,nan,nan
9/23/2026 23:33:36,1.17.3,StopSig,73,4.07,nan,1,Right_no_left,Left,212,393,118,44448589,nan,nan,nan
9/23/2026 23:33:46,1.17.3,StopSig,73,4.07,nan,1,>Left_Regular_trial,Left,213,393,118,44458917,nan,nan,nan
9/23/2026 23:33:47,1.17.3,StopSig,73,4.07,nan,1,Right_Regular_(correct),Left,213,394,118,44459916,nan,nan,nan
9/23/2026 23:33:47,1.17.3,StopSig,73,4.07,nan,1,RightDuringDispense,Left,213,395,118,44459916,nan,nan,0.04
9/23/2026 23:33:48,1.17.3,StopSig,73,4.07,1,1,Pellet,Left,213,395,119,44459916,0.33,31,nan
9/23/2026 23:33:59,1.17.3,StopSig,73,4.07,nan,1,>Left_Regular_trial,Left,214,395,119,44472370,nan,nan,nan
9/23/2026 23:34:00,1.17.3,StopSig,73,4.08,nan,1,Right_Regular_(correct),Left,214,396,119,44473510,nan,nan,nan
9/23/2026 23:34:01,1.17.3,StopSig,73,4.07,nan,1,RightDuringDispense,Left,214,397,119,44473510,nan,nan,0.06
9/23/2026 23:34:02,1.17.3,StopSig,73,4.07,1,1,Pellet,Left,214,397,120,44473510,0.22,14,nan
9/23/2026 23:34:13,1.17.3,StopSig,73,4.07,nan,1,Right_no_left,Left,214,398,120,44473510,nan,nan,nan
9/23/2026 23:34:15,1.17.3,StopSig,73,4.07,nan,1,Right_no_left,Left,214,399,120,44486588,nan,nan,nan
9/23/2026 23:34:16,1.17.3,StopSig,73,4.07,nan,1,Right_no_left,Left,214,400,120,44488296,nan,nan,nan
9/23/2026 23:34:18,1.17.3,StopSig,73,4.07,nan,1,>Left_Regular_trial,Left,215,400,120,44490709,nan,nan,nan
9/23/2026 23:34:19,1.17.3,StopSig,73,4.07,nan,1,Right_Regular_(correct),Left,215,401,120,44491850,nan,nan,nan
9/23/2026 23:34:20,1.17.3,StopSig,73,4.07,1,1,Pellet,Left,215,401,121,44491850,0.55,18,nan
9/23/2026 23:34:31,1.17.3,StopSig,73,4.07,nan,1,Right_no_left,Left,215,402,121,44491850,nan,nan,nan
9/23/2026 23:34:32,1.17.3,StopSig,73,4.07,nan,1,Right_no_left,Left,215,403,121,44504442,nan,nan,nan
9/23/2026 23:34:33,1.17.3,StopSig,73,4.08,nan,1,Right_no_left,Left,215,404,121,44505301,nan,nan,nan
9/23/2026 23:34:38,1.17.3,StopSig,73,4.07,nan,1,>Left_Regular_trial,Left,216,404,121,44510676,nan,nan,nan
9/23/2026 23:34:38,1.17.3,StopSig,73,4.07,nan,1,Right_Regular_(correct),Left,216,405,121,44511541,nan,nan,nan
9/23/2026 23:34:40,1.17.3,StopSig,73,4.07,1,1,Pellet,Left,216,405,122,44511541,1.05,20,nan
9/23/2026 23:34:50,1.17.3,StopSig,73,4.08,nan,1,Right_no_left,Left,216,406,122,44511541,nan,nan,nan
9/23/2026 23:34:51,1.17.3,StopSig,73,4.07,nan,1,Right_no_left,Left,216,407,122,44523574,nan,nan,nan
9/23/2026 23:34:52,1.17.3,StopSig,73,4.07,nan,1,Right_no_left,Left,216,408,122,44524575,nan,nan,nan
9/23/2026 23:34:54,1.17.3,StopSig,73,4.07,nan,1,>Left_Regular_trial,Left,217,408,122,44526995,nan,nan,nan
9/23/2026 23:34:55,1.17.3,StopSig,73,4.07,nan,1,Right_Regular_(correct),Left,217,409,122,44528418,nan,nan,nan
9/23/2026 23:34:56,1.17.3,StopSig,73,4.07,1,1,Pellet,Left,217,409,123,44528418,0.50,16,nan
9/23/2026 23:35:09,1.17.3,StopSig,73,4.07,nan,1,>Left_Stop_trial,Left,218,409,123,44542184,nan,nan,nan
9/23/2026 23:35:10,1.17.3,StopSig,73,4.07,nan,1,Right_STOP_(incorrect),Left,218,410,123,44543203,nan,nan,nan
9/23/2026 23:35:40,1.17.3,StopSig,73,4.07,nan,1,>Left_Regular_trial,Left,219,410,123,44573527,nan,nan,nan
9/23/2026 23:35:44,1.17.3,StopSig,73,4.07,nan,1,NoPoke_Regular_(incorrect),Left,219,410,123,44577069,nan,nan,nan
9/23/2026 23:36:16,1.17.3,StopSig,73,4.07,nan,1,Right_no_left,Left,219,411,123,44577069,nan,nan,nan
9/24/2026 0:03:11,1.17.3,StopSig,73,4.07,nan,1,Right_no_left,Left,219,412,123,44609941,nan,nan,nan
9/24/2026 0:03:12,1.17.3,StopSig,73,4.07,nan,1,Right_no_left,Left,219,413,123,46224491,nan,nan,nan
9/24/2026 0:09:58,1.17.3,StopSig,73,4.07,nan,1,>Left_Stop_trial,Left,220,413,123,46631327,nan,nan,nan
9/24/2026 0:10:02,1.17.3,StopSig,73,4.07,nan,1,NoPoke_STOP_(correct),Left,220,413,123,46635100,nan,nan,nan
9/24/2026 0:10:31,1.17.3,StopSig,73,4.07,1,1,Pellet,Left,220,413,124,46635100,28.92,2135,nan
9/24/2026 0:10:48,1.17.3,StopSig,73,4.07,nan,1,>Left_Regular_trial,Left,221,413,124,46680932,nan,nan,nan
9/24/2026 0:10:51,1.17.3,StopSig,73,4.07,nan,1,NoPoke_Regular_(incorrect),Left,221,413,124,46684194,nan,nan,nan
9/24/2026 0:11:52,1.17.3,StopSig,73,4.07,nan,1,>Left_Regular_trial,Left,222,413,124,46744952,nan,nan,nan
9/24/2026 0:11:55,1.17.3,StopSig,73,4.07,nan,1,NoPoke_Regular_(incorrect),Left,222,413,124,46748217,nan,nan,nan
9/24/2026 0:13:55,1.17.3,StopSig,73,4.07,nan,1,Right_no_left,Left,222,414,124,46748217,nan,nan,nan
9/24/2026 0:15:44,1.17.3,StopSig,73,4.07,nan,1,>Left_Regular_trial,Left,223,414,124,46977698,nan,nan,nan
9/24/2026 0:15:48,1.17.3,StopSig,73,4.08,nan,1,NoPoke_Regular_(incorrect),Left,223,414,124,46981244,nan,nan,nan
9/24/2026 0:18:15,1.17.3,StopSig,73,4.07,nan,1,Right_no_left,Left,223,415,124,46981244,nan,nan,nan
9/24/2026 0:34:27,1.17.3,StopSig,73,4.07,nan,1,>Left_Regular_trial,Left,224,415,124,48100166,nan,nan,nan
9/24/2026 0:34:29,1.17.3,StopSig,73,4.07,nan,1,Right_Regular_(correct),Left,224,416,124,48102577,nan,nan,nan
9/24/2026 0:34:30,1.17.3,StopSig,73,4.07,1,1,Pellet,Left,224,416,125,48102577,0.66,1439,nan
9/24/2026 0:34:47,1.17.3,StopSig,73,4.07,nan,1,Right_no_left,Left,224,417,125,48102577,nan,nan,nan
9/24/2026 0:34:49,1.17.3,StopSig,73,4.07,nan,1,Right_no_left,Left,224,418,125,48121081,nan,nan,nan
9/24/2026 0:34:49,1.17.3,StopSig,73,4.07,nan,1,Right_no_left,Left,224,419,125,48122221,nan,nan,nan
9/24/2026 0:34:52,1.17.3,StopSig,73,4.07,nan,1,>Left_Regular_trial,Left,225,419,125,48124916,nan,nan,nan
9/24/2026 0:34:53,1.17.3,StopSig,73,4.07,nan,1,Right_Regular_(correct),Left,225,420,125,48126481,nan,nan,nan
9/24/2026 0:34:54,1.17.3,StopSig,73,4.07,1,1,Pellet,Left,225,420,126,48126481,0.27,24,nan
9/24/2026 0:35:08,1.17.3,StopSig,73,4.07,nan,1,Right_no_left,Left,225,421,126,48126481,nan,nan,nan
9/24/2026 0:35:14,1.17.3,StopSig,73,4.07,nan,1,>Left_Stop_trial,Left,226,421,126,48147194,nan,nan,nan
9/24/2026 0:35:15,1.17.3,StopSig,73,4.07,nan,1,Right_STOP_(incorrect),Left,226,422,126,48148333,nan,nan,nan
9/24/2026 0:37:04,1.17.3,StopSig,73,4.07,nan,1,>Left_Stop_trial,Left,227,422,126,48256639,nan,nan,nan
9/24/2026 0:37:07,1.17.3,StopSig,73,4.07,nan,1,NoPoke_STOP_(correct),Left,227,422,126,48260223,nan,nan,nan
9/24/2026 0:37:08,1.17.3,StopSig,73,4.07,1,1,Pellet,Left,227,422,127,48260223,0.89,134,nan
9/24/2026 0:37:21,1.17.3,StopSig,73,4.07,nan,1,Right_no_left,Left,227,423,127,48260223,nan,nan,nan
9/24/2026 0:37:40,1.17.3,StopSig,73,4.07,nan,1,>Left_Regular_trial,Left,228,423,127,48293643,nan,nan,nan
9/24/2026 0:37:41,1.17.3,StopSig,73,4.07,nan,1,Right_Regular_(correct),Left,228,424,127,48294361,nan,nan,nan
9/24/2026 0:37:42,1.17.3,StopSig,73,4.07,1,1,Pellet,Left,228,424,128,48294361,0.61,34,nan
9/24/2026 0:37:57,1.17.3,StopSig,73,4.07,nan,1,Right_no_left,Left,228,425,128,48294361,nan,nan,nan
9/24/2026 0:37:57,1.17.3,StopSig,73,4.07,nan,1,Right_no_left,Left,228,426,128,48310310,nan,nan,nan
9/24/2026 0:37:59,1.17.3,StopSig,73,4.07,nan,1,Right_no_left,Left,228,427,128,48311028,nan,nan,nan
9/24/2026 0:38:01,1.17.3,StopSig,73,4.07,nan,1,>Left_Stop_trial,Left,229,427,128,48313868,nan,nan,nan
9/24/2026 0:38:01,1.17.3,StopSig,73,4.08,nan,1,Right_STOP_(incorrect),Left,229,428,128,48314725,nan,nan,nan
9/24/2026 0:38:32,1.17.3,StopSig,73,4.07,nan,1,>Left_Regular_trial,Left,230,428,128,48345043,nan,nan,nan
9/24/2026 0:38:35,1.17.3,StopSig,73,4.07,nan,1,NoPoke_Regular_(incorrect),Left,230,428,128,48348310,nan,nan,nan
9/24/2026 0:43:47,1.17.3,StopSig,73,4.07,nan,1,>Left_Regular_trial,Left,231,428,128,48660883,nan,nan,nan
9/24/2026 0:43:51,1.17.3,StopSig,73,4.07,nan,1,NoPoke_Regular_(incorrect),Left,231,428,128,48664287,nan,nan,nan
9/24/2026 0:48:42,1.17.3,StopSig,73,4.07,nan,1,Right_no_left,Left,231,429,128,48664287,nan,nan,nan
9/24/2026 0:48:43,1.17.3,StopSig,73,4.07,nan,1,Right_no_left,Left,231,430,128,48956017,nan,nan,nan
9/24/2026 0:51:23,1.17.3,StopSig,73,4.07,nan,1,Right_no_left,Left,231,431,128,48957159,nan,nan,nan
9/24/2026 0:51:25,1.17.3,StopSig,73,4.07,nan,1,Right_no_left,Left,231,432,128,49117027,nan,nan,nan
9/24/2026 0:51:33,1.17.3,StopSig,73,4.07,nan,1,>Left_Regular_trial,Left,232,432,128,49126078,nan,nan,nan
9/24/2026 0:51:36,1.17.3,StopSig,73,4.07,nan,1,NoPoke_Regular_(incorrect),Left,232,432,128,49129357,nan,nan,nan
9/24/2026 0:52:32,1.17.3,StopSig,73,4.07,nan,1,>Left_Regular_trial,Left,233,432,128,49185286,nan,nan,nan
9/24/2026 0:52:33,1.17.3,StopSig,73,4.07,nan,1,Right_Regular_(correct),Left,233,433,128,49186287,nan,nan,nan
9/24/2026 0:52:35,1.17.3,StopSig,73,4.07,1,1,Pellet,Left,233,433,129,49186287,1.05,893,nan
9/24/2026 0:52:50,1.17.3,StopSig,73,4.07,nan,1,Right_no_left,Left,233,434,129,49186287,nan,nan,nan
9/24/2026 0:53:02,1.17.3,StopSig,73,4.07,nan,1,Right_no_left,Left,233,435,129,49203697,nan,nan,nan
9/24/2026 0:53:04,1.17.3,StopSig,73,4.07,nan,1,Right_no_left,Left,233,436,129,49216150,nan,nan,nan
9/24/2026 0:53:46,1.17.3,StopSig,73,4.07,nan,1,Right_no_left,Left,233,437,129,49217576,nan,nan,nan
9/24/2026 0:54:12,1.17.3,StopSig,73,4.07,nan,1,>Left_Regular_trial,Left,234,437,129,49285898,nan,nan,nan
9/24/2026 0:54:16,1.17.3,StopSig,73,4.07,nan,1,NoPoke_Regular_(incorrect),Left,234,437,129,49289300,nan,nan,nan
9/24/2026 1:20:04,1.17.3,StopSig,73,4.07,nan,1,>Left_Regular_trial,Left,235,437,129,50837990,nan,nan,nan
9/24/2026 1:20:08,1.17.3,StopSig,73,4.07,nan,1,NoPoke_Regular_(incorrect),Left,235,437,129,50841390,nan,nan,nan
9/24/2026 1:21:15,1.17.3,StopSig,73,4.07,nan,1,>Left_Regular_trial,Left,236,437,129,50908569,nan,nan,nan
9/24/2026 1:21:19,1.17.3,StopSig,73,4.07,nan,1,NoPoke_Regular_(incorrect),Left,236,437,129,50912392,nan,nan,nan
9/24/2026 1:31:16,1.17.3,StopSig,73,4.07,nan,1,>Left_Regular_trial,Left,237,437,129,51509304,nan,nan,nan
9/24/2026 1:31:20,1.17.3,StopSig,73,4.07,nan,1,NoPoke_Regular_(incorrect),Left,237,437,129,51513406,nan,nan,nan
9/24/2026 1:34:40,1.17.3,StopSig,73,4.07,nan,1,>Left_Regular_trial,Left,238,437,129,51713992,nan,nan,nan
9/24/2026 1:34:44,1.17.3,StopSig,73,4.07,nan,1,NoPoke_Regular_(incorrect),Left,238,437,129,51717393,nan,nan,nan
9/24/2026 1:35:15,1.17.3,StopSig,73,4.07,nan,1,Right_no_left,Left,238,438,129,51717393,nan,nan,nan
9/24/2026 1:35:16,1.17.3,StopSig,73,4.07,nan,1,Right_no_left,Left,238,439,129,51748717,nan,nan,nan
9/24/2026 1:36:43,1.17.3,StopSig,73,4.07,nan,1,>Left_Stop_trial,Left,239,439,129,51836535,nan,nan,nan
9/24/2026 1:36:45,1.17.3,StopSig,73,4.07,nan,1,Right_STOP_(incorrect),Left,239,440,129,51838224,nan,nan,nan
9/24/2026 1:37:15,1.17.3,StopSig,73,4.07,nan,1,>Left_Regular_trial,Left,240,440,129,51868542,nan,nan,nan
9/24/2026 1:37:19,1.17.3,StopSig,73,4.07,nan,1,NoPoke_Regular_(incorrect),Left,240,440,129,51872506,nan,nan,nan
9/24/2026 1:38:18,1.17.3,StopSig,73,4.07,nan,1,Right_no_left,Left,240,441,129,51872506,nan,nan,nan
9/24/2026 1:38:18,1.17.3,StopSig,73,4.07,nan,1,Right_no_left,Left,240,442,129,51931797,nan,nan,nan
9/24/2026 1:38:20,1.17.3,StopSig,73,4.07,nan,1,>Left_Regular_trial,Left,241,442,129,51933503,nan,nan,nan
9/24/2026 1:38:21,1.17.3,StopSig,73,4.07,nan,1,Right_Regular_(correct),Left,241,443,129,51934785,nan,nan,nan
9/24/2026 1:38:22,1.17.3,StopSig,73,4.07,1,1,Pellet,Left,241,443,130,51934785,0.39,2747,nan
9/24/2026 1:38:34,1.17.3,StopSig,73,4.07,nan,1,>Left_Stop_trial,Left,242,443,130,51947390,nan,nan,nan
9/24/2026 1:38:34,1.17.3,StopSig,73,4.07,nan,1,Right_STOP_(incorrect),Left,242,444,130,51948144,nan,nan,nan
9/24/2026 1:39:05,1.17.3,StopSig,73,4.07,nan,1,>Left_Regular_trial,Left,243,444,130,51978462,nan,nan,nan
9/24/2026 1:39:08,1.17.3,StopSig,73,4.07,nan,1,Right_Regular_(correct),Left,243,445,130,51981862,nan,nan,nan
9/24/2026 1:39:09,1.17.3,StopSig,73,4.07,1,1,Pellet,Left,243,445,131,51981862,0.38,47,nan
9/24/2026 1:39:20,1.17.3,StopSig,73,4.07,nan,1,>Left_Stop_trial,Left,244,445,131,51993122,nan,nan,nan
9/24/2026 1:39:21,1.17.3,StopSig,73,4.07,nan,1,Right_STOP_(incorrect),Left,244,446,131,51994571,nan,nan,nan
9/24/2026 1:39:51,1.17.3,StopSig,73,4.07,nan,1,>Left_Regular_trial,Left,245,446,131,52024889,nan,nan,nan
9/24/2026 1:39:53,1.17.3,StopSig,73,4.07,nan,1,Right_Regular_(correct),Left,245,447,131,52026876,nan,nan,nan
9/24/2026 1:39:54,1.17.3,StopSig,73,4.07,nan,1,RightDuringDispense,Left,245,448,131,52026876,nan,nan,0.06
9/24/2026 1:39:54,1.17.3,StopSig,73,4.07,1,1,Pellet,Left,245,448,132,52026876,0.22,45,nan
9/24/2026 1:40:06,1.17.3,StopSig,73,4.07,nan,1,Right_no_left,Left,245,449,132,52026876,nan,nan,nan
9/24/2026 1:40:07,1.17.3,StopSig,73,4.07,nan,1,Right_no_left,Left,245,450,132,52040102,nan,nan,nan
9/24/2026 1:40:10,1.17.3,StopSig,73,4.07,nan,1,>Left_Regular_trial,Left,246,450,132,52043503,nan,nan,nan
9/24/2026 1:40:11,1.17.3,StopSig,73,4.07,nan,1,Right_Regular_(correct),Left,246,451,132,52045209,nan,nan,nan
9/24/2026 1:40:12,1.17.3,StopSig,73,4.07,nan,1,RightDuringDispense,Left,246,452,132,52045209,nan,nan,0.64
9/24/2026 1:40:16,1.17.3,StopSig,73,4.07,2,1,Pellet,Left,246,452,133,52045209,0.50,22,nan
9/24/2026 1:40:28,1.17.3,StopSig,73,4.07,nan,1,Right_no_left,Left,246,453,133,52045209,nan,nan,nan
9/24/2026 1:40:29,1.17.3,StopSig,73,4.07,nan,1,Right_no_left,Left,246,454,133,52062336,nan,nan,nan
9/24/2026 1:40:37,1.17.3,StopSig,73,4.07,nan,1,>Left_Stop_trial,Left,247,454,133,52070114,nan,nan,nan
9/24/2026 1:40:38,1.17.3,StopSig,73,4.07,nan,1,Right_STOP_(incorrect),Left,247,455,133,52071663,nan,nan,nan
9/24/2026 1:41:08,1.17.3,StopSig,73,4.07,nan,1,>Left_Regular_trial,Left,248,455,133,52101980,nan,nan,nan
9/24/2026 1:41:12,1.17.3,StopSig,73,4.07,nan,1,NoPoke_Regular_(incorrect),Left,248,455,133,52105520,nan,nan,nan
9/24/2026 1:41:46,1.17.3,StopSig,73,4.07,nan,1,>Left_Regular_trial,Left,249,455,133,52140073,nan,nan,nan
9/24/2026 1:41:50,1.17.3,StopSig,73,4.07,nan,1,NoPoke_Regular_(incorrect),Left,249,455,133,52143471,nan,nan,nan
9/24/2026 1:42:26,1.17.3,StopSig,73,4.07,nan,1,Right_no_left,Left,249,456,133,52143471,nan,nan,nan
9/24/2026 1:42:28,1.17.3,StopSig,73,4.07,nan,1,>Left_Regular_trial,Left,250,456,133,52181304,nan,nan,nan
9/24/2026 1:42:30,1.17.3,StopSig,73,4.07,nan,1,Right_Regular_(correct),Left,250,457,133,52183293,nan,nan,nan
9/24/2026 1:42:31,1.17.3,StopSig,73,4.07,1,1,Pellet,Left,250,457,134,52183293,0.50,135,nan
9/24/2026 1:42:42,1.17.3,StopSig,73,4.07,nan,1,>Left_Regular_trial,Left,251,457,134,52195992,nan,nan,nan
9/24/2026 1:42:44,1.17.3,StopSig,73,4.07,nan,1,Right_Regular_(correct),Left,251,458,134,52197426,nan,nan,nan
9/24/2026 1:42:45,1.17.3,StopSig,73,4.07,1,1,Pellet,Left,251,458,135,52197426,0.44,14,nan
9/24/2026 1:42:57,1.17.3,StopSig,73,4.07,nan,1,>Left_Regular_trial,Left,252,458,135,52210134,nan,nan,nan
9/24/2026 1:42:58,1.17.3,StopSig,73,4.07,nan,1,Right_Regular_(correct),Left,252,459,135,52211699,nan,nan,nan
9/24/2026 1:42:59,1.17.3,StopSig,73,4.07,1,1,Pellet,Left,252,459,136,52211699,0.16,14,nan
9/24/2026 1:43:37,1.17.3,StopSig,73,4.07,nan,1,Right_no_left,Left,252,460,136,52211699,nan,nan,nan
9/24/2026 1:43:38,1.17.3,StopSig,73,4.07,nan,1,Right_no_left,Left,252,461,136,52250498,nan,nan,nan
9/24/2026 1:43:40,1.17.3,StopSig,73,4.07,nan,1,>Left_Regular_trial,Left,253,461,136,52253335,nan,nan,nan
9/24/2026 1:43:41,1.17.3,StopSig,73,4.07,nan,1,Right_Regular_(correct),Left,253,462,136,52254617,nan,nan,nan
9/24/2026 1:43:42,1.17.3,StopSig,73,4.07,1,1,Pellet,Left,253,462,137,52254617,0.33,43,nan
9/24/2026 1:43:55,1.17.3,StopSig,73,4.07,nan,1,Right_no_left,Left,253,463,137,52254617,nan,nan,nan
9/24/2026 1:43:56,1.17.3,StopSig,73,4.07,nan,1,Right_no_left,Left,253,464,137,52268754,nan,nan,nan
9/24/2026 1:43:59,1.17.3,StopSig,73,4.07,nan,1,>Left_Regular_trial,Left,254,464,137,52272860,nan,nan,nan
9/24/2026 1:44:00,1.17.3,StopSig,73,4.07,nan,1,Right_Regular_(correct),Left,254,465,137,52274151,nan,nan,nan
9/24/2026 1:44:01,1.17.3,StopSig,73,4.01,nan,1,RightDuringDispense,Left,254,466,137,52274151,nan,nan,0.03
9/24/2026 1:44:02,1.17.3,StopSig,73,4.07,1,1,Pellet,Left,254,466,138,52274151,0.27,20,nan
9/24/2026 1:44:14,1.17.3,StopSig,73,4.07,nan,1,Right_no_left,Left,254,467,138,52274151,nan,nan,nan
9/24/2026 1:44:17,1.17.3,StopSig,73,4.07,nan,1,>Left_Stop_trial,Left,255,467,138,52290049,nan,nan,nan
9/24/2026 1:44:18,1.17.3,StopSig,73,4.07,nan,1,Right_STOP_(incorrect),Left,255,468,138,52291320,nan,nan,nan
9/24/2026 1:44:48,1.17.3,StopSig,73,4.07,nan,1,>Left_Regular_trial,Left,256,468,138,52321638,nan,nan,nan
9/24/2026 1:44:50,1.17.3,StopSig,73,4.07,nan,1,Right_Regular_(correct),Left,256,469,138,52324200,nan,nan,nan
9/24/2026 1:44:51,1.17.3,StopSig,73,4.07,nan,1,RightDuringDispense,Left,256,470,138,52324200,nan,nan,0.35
9/24/2026 1:44:53,1.17.3,StopSig,73,4.07,nan,1,RightWithPellet,Left,256,471,138,52324200,nan,nan,0.10
9/24/2026 1:44:53,1.17.3,StopSig,73,4.07,1,1,Pellet,Left,256,471,139,52324200,1.56,51,nan
9/24/2026 1:45:04,1.17.3,StopSig,73,4.07,nan,1,Right_no_left,Left,256,472,139,52324200,nan,nan,nan
9/24/2026 1:45:04,1.17.3,StopSig,73,4.07,nan,1,Right_no_left,Left,256,473,139,52337496,nan,nan,nan
9/24/2026 1:45:05,1.17.3,StopSig,73,4.07,nan,1,Right_no_left,Left,256,474,139,52338072,nan,nan,nan
9/24/2026 1:45:08,1.17.3,StopSig,73,4.07,nan,1,>Left_Regular_trial,Left,257,474,139,52341764,nan,nan,nan
9/24/2026 1:45:09,1.17.3,StopSig,73,4.07,nan,1,Right_Regular_(correct),Left,257,475,139,52342904,nan,nan,nan
9/24/2026 1:45:12,1.17.3,StopSig,73,4.07,2,1,Pellet,Left,257,475,140,52342904,0.11,19,nan
9/24/2026 1:45:23,1.17.3,StopSig,73,4.07,nan,1,>Left_Regular_trial,Left,258,475,140,52356307,nan,nan,nan
9/24/2026 1:45:24,1.17.3,StopSig,73,4.07,nan,1,Right_Regular_(correct),Left,258,476,140,52357447,nan,nan,nan
9/24/2026 1:45:24,1.17.3,StopSig,73,4.02,nan,1,RightDuringDispense,Left,258,477,140,52357447,nan,nan,0.04
9/24/2026 1:45:25,1.17.3,StopSig,73,4.07,1,1,Pellet,Left,258,477,141,52357447,0.39,13,nan
9/24/2026 1:45:37,1.17.3,StopSig,73,4.07,nan,1,>Left_Regular_trial,Left,259,477,141,52370786,nan,nan,nan
9/24/2026 1:45:38,1.17.3,StopSig,73,4.07,nan,1,Right_Regular_(correct),Left,259,478,141,52372073,nan,nan,nan
9/24/2026 1:45:39,1.17.3,StopSig,73,4.07,1,1,Pellet,Left,259,478,142,52372073,0.16,14,nan
9/24/2026 1:45:56,1.17.3,StopSig,73,4.07,nan,1,>Left_Regular_trial,Left,260,478,142,52389713,nan,nan,nan
9/24/2026 1:45:57,1.17.3,StopSig,73,4.07,nan,1,Right_Regular_(correct),Left,260,479,142,52390713,nan,nan,nan
9/24/2026 1:45:58,1.17.3,StopSig,73,4.07,1,1,Pellet,Left,260,479,143,52390713,0.22,19,nan
9/24/2026 1:46:11,1.17.3,StopSig,73,4.07,nan,1,Right_no_left,Left,260,480,143,52390713,nan,nan,nan
9/24/2026 1:46:19,1.17.3,StopSig,73,4.07,nan,1,>Left_Stop_trial,Left,261,480,143,52412458,nan,nan,nan
9/24/2026 1:46:20,1.17.3,StopSig,73,4.07,nan,1,Right_STOP_(incorrect),Left,261,481,143,52414187,nan,nan,nan
9/24/2026 1:46:51,1.17.3,StopSig,73,4.07,nan,1,>Left_Stop_trial,Left,262,481,143,52444505,nan,nan,nan
9/24/2026 1:46:55,1.17.3,StopSig,73,4.07,nan,1,NoPoke_STOP_(correct),Left,262,481,143,52448469,nan,nan,nan
9/24/2026 1:47:04,1.17.3,StopSig,73,4.07,1,1,Pellet,Left,262,481,144,52448469,8.27,66,nan
9/24/2026 1:47:21,1.17.3,StopSig,73,4.07,nan,1,>Left_Regular_trial,Left,263,481,144,52474118,nan,nan,nan
9/24/2026 1:47:22,1.17.3,StopSig,73,4.07,nan,1,Right_Regular_(correct),Left,263,482,144,52475399,nan,nan,nan
9/24/2026 1:47:23,1.17.3,StopSig,73,4.07,1,1,Pellet,Left,263,482,145,52475399,0.27,19,nan
9/24/2026 1:47:37,1.17.3,StopSig,73,4.07,nan,1,Right_no_left,Left,263,483,145,52475399,nan,nan,nan
9/24/2026 1:47:40,1.17.3,StopSig,73,4.07,nan,1,>Left_Stop_trial,Left,264,483,145,52493001,nan,nan,nan
9/24/2026 1:47:40,1.17.3,StopSig,73,4.07,nan,1,Right_STOP_(incorrect),Left,264,484,145,52494097,nan,nan,nan
9/24/2026 1:48:11,1.17.3,StopSig,73,4.07,nan,1,>Left_Regular_trial,Left,265,484,145,52524415,nan,nan,nan
9/24/2026 1:48:15,1.17.3,StopSig,73,4.07,nan,1,NoPoke_Regular_(incorrect),Left,265,484,145,52528524,nan,nan,nan
9/24/2026 2:11:29,1.17.3,StopSig,73,4.07,nan,1,Right_no_left,Left,265,485,145,52528524,nan,nan,nan
9/24/2026 2:13:39,1.17.3,StopSig,73,4.07,nan,1,>Left_Regular_trial,Left,266,485,145,54053163,nan,nan,nan
9/24/2026 2:13:43,1.17.3,StopSig,73,4.07,nan,1,NoPoke_Regular_(incorrect),Left,266,485,145,54056568,nan,nan,nan
9/24/2026 2:14:21,1.17.3,StopSig,73,4.07,nan,1,>Left_Stop_trial,Left,267,485,145,54093812,nan,nan,nan
9/24/2026 2:14:22,1.17.3,StopSig,73,4.07,nan,1,Right_STOP_(incorrect),Left,267,486,145,54095355,nan,nan,nan
9/24/2026 2:15:03,1.17.3,StopSig,73,4.07,nan,1,>Left_Regular_trial,Left,268,486,145,54136984,nan,nan,nan
9/24/2026 2:15:07,1.17.3,StopSig,73,4.07,nan,1,NoPoke_Regular_(incorrect),Left,268,486,145,54140530,nan,nan,nan
9/24/2026 2:16:55,1.17.3,StopSig,73,4.07,nan,1,>Left_Regular_trial,Left,269,486,145,54248796,nan,nan,nan
9/24/2026 2:16:59,1.17.3,StopSig,73,4.07,nan,1,NoPoke_Regular_(incorrect),Left,269,486,145,54252625,nan,nan,nan
9/24/2026 2:18:21,1.17.3,StopSig,73,4.07,nan,1,>Left_Regular_trial,Left,270,486,145,54334690,nan,nan,nan
9/24/2026 2:18:25,1.17.3,StopSig,73,4.07,nan,1,NoPoke_Regular_(incorrect),Left,270,486,145,54338524,nan,nan,nan
9/24/2026 2:19:55,1.17.3,StopSig,73,4.07,nan,1,Right_no_left,Left,270,487,145,54338524,nan,nan,nan
9/24/2026 2:20:00,1.17.3,StopSig,73,4.07,nan,1,>Left_Regular_trial,Left,271,487,145,54433289,nan,nan,nan
9/24/2026 2:20:03,1.17.3,StopSig,73,4.07,nan,1,NoPoke_Regular_(incorrect),Left,271,487,145,54436548,nan,nan,nan
9/24/2026 2:20:39,1.17.3,StopSig,73,4.07,nan,1,Right_no_left,Left,271,488,145,54436548,nan,nan,nan
9/24/2026 2:20:43,1.17.3,StopSig,73,4.07,nan,1,Right_no_left,Left,271,489,145,54473106,nan,nan,nan
9/24/2026 2:20:55,1.17.3,StopSig,73,4.07,nan,1,Right_no_left,Left,271,490,145,54477357,nan,nan,nan
9/24/2026 2:20:59,1.17.3,StopSig,73,4.07,nan,1,Right_no_left,Left,271,491,145,54489094,nan,nan,nan
9/24/2026 2:21:00,1.17.3,StopSig,73,4.07,nan,1,Right_no_left,Left,271,492,145,54492636,nan,nan,nan
9/24/2026 2:21:05,1.17.3,StopSig,73,4.07,nan,1,Right_no_left,Left,271,493,145,54494481,nan,nan,nan
9/24/2026 2:21:07,1.17.3,StopSig,73,4.07,nan,1,Right_no_left,Left,271,494,145,54498732,nan,nan,nan
9/24/2026 2:21:10,1.17.3,StopSig,73,4.07,nan,1,>Left_Stop_trial,Left,272,494,145,54502693,nan,nan,nan
9/24/2026 2:21:10,1.17.3,StopSig,73,4.07,nan,1,Right_STOP_(incorrect),Left,272,495,145,54503673,nan,nan,nan
9/24/2026 2:21:40,1.17.3,StopSig,73,4.07,nan,1,>Left_Regular_trial,Left,273,495,145,54533991,nan,nan,nan
9/24/2026 2:21:44,1.17.3,StopSig,73,4.07,nan,1,NoPoke_Regular_(incorrect),Left,273,495,145,54537533,nan,nan,nan
9/24/2026 2:22:28,1.17.3,StopSig,73,4.07,nan,1,>Left_Stop_trial,Left,274,495,145,54581569,nan,nan,nan
9/24/2026 2:22:32,1.17.3,StopSig,73,4.07,nan,1,NoPoke_STOP_(correct),Left,274,495,145,54585549,nan,nan,nan
9/24/2026 2:22:33,1.17.3,StopSig,73,4.07,1,1,Pellet,Left,274,495,146,54585549,0.22,2110,nan
9/24/2026 2:22:49,1.17.3,StopSig,73,4.07,nan,1,Right_no_left,Left,274,496,146,54585549,nan,nan,nan
9/24/2026 2:22:49,1.17.3,StopSig,73,4.07,nan,1,Right_no_left,Left,274,497,146,54602774,nan,nan,nan
9/24/2026 2:22:55,1.17.3,StopSig,73,4.07,nan,1,Right_no_left,Left,274,498,146,54603074,nan,nan,nan
9/24/2026 2:22:55,1.17.3,StopSig,73,4.07,nan,1,Right_no_left,Left,274,499,146,54609028,nan,nan,nan
9/24/2026 2:22:57,1.17.3,StopSig,73,4.07,nan,1,>Left_Stop_trial,Left,275,499,146,54610311,nan,nan,nan
9/24/2026 2:22:58,1.17.3,StopSig,73,4.06,nan,1,Right_STOP_(incorrect),Left,275,500,146,54611779,nan,nan,nan
9/24/2026 2:23:29,1.17.3,StopSig,73,4.06,nan,1,>Left_Stop_trial,Left,276,500,146,54642097,nan,nan,nan
9/24/2026 2:23:29,1.17.3,StopSig,73,4.07,nan,1,Right_STOP_(incorrect),Left,276,501,146,54642879,nan,nan,nan
9/24/2026 2:23:59,1.17.3,StopSig,73,4.07,nan,1,>Left_Regular_trial,Left,277,501,146,54673197,nan,nan,nan
9/24/2026 2:24:03,1.17.3,StopSig,73,4.07,nan,1,NoPoke_Regular_(incorrect),Left,277,501,146,54676597,nan,nan,nan
9/24/2026 2:31:01,1.17.3,StopSig,73,4.07,nan,1,>Left_Regular_trial,Left,278,501,146,55094634,nan,nan,nan
9/24/2026 2:31:05,1.17.3,StopSig,73,4.07,nan,1,NoPoke_Regular_(incorrect),Left,278,501,146,55098606,nan,nan,nan
9/24/2026 2:33:57,1.17.3,StopSig,73,4.07,nan,1,Right_no_left,Left,278,502,146,55098606,nan,nan,nan
9/24/2026 2:33:58,1.17.3,StopSig,73,4.07,nan,1,Right_no_left,Left,278,503,146,55270967,nan,nan,nan
9/24/2026 2:34:03,1.17.3,StopSig,73,4.07,nan,1,Right_no_left,Left,278,504,146,55271967,nan,nan,nan
9/24/2026 2:39:52,1.17.3,StopSig,73,4.07,nan,1,>Left_Regular_trial,Left,279,504,146,55625800,nan,nan,nan
9/24/2026 2:39:56,1.17.3,StopSig,73,4.07,nan,1,NoPoke_Regular_(incorrect),Left,279,504,146,55629634,nan,nan,nan
9/24/2026 2:42:24,1.17.3,StopSig,73,4.07,nan,1,>Left_Regular_trial,Left,280,504,146,55777921,nan,nan,nan
9/24/2026 2:42:28,1.17.3,StopSig,73,4.07,nan,1,NoPoke_Regular_(incorrect),Left,280,504,146,55781609,nan,nan,nan
9/24/2026 2:43:14,1.17.3,StopSig,73,4.07,nan,1,>Left_Stop_trial,Left,281,504,146,55827061,nan,nan,nan
9/24/2026 2:43:17,1.17.3,StopSig,73,4.07,nan,1,NoPoke_STOP_(correct),Left,281,504,146,55830694,nan,nan,nan
9/24/2026 2:43:18,1.17.3,StopSig,73,4.07,1,1,Pellet,Left,281,504,147,55830694,0.22,1245,nan
9/24/2026 2:43:35,1.17.3,StopSig,73,4.07,nan,1,Right_no_left,Left,281,505,147,55830694,nan,nan,nan
9/24/2026 2:43:41,1.17.3,StopSig,73,4.07,nan,1,>Left_Stop_trial,Left,282,505,147,55854424,nan,nan,nan
9/24/2026 2:43:42,1.17.3,StopSig,73,4.07,nan,1,Right_STOP_(incorrect),Left,282,506,147,55856004,nan,nan,nan
9/24/2026 2:44:13,1.17.3,StopSig,73,4.07,nan,1,>Left_Stop_trial,Left,283,506,147,55886323,nan,nan,nan
9/24/2026 2:44:16,1.17.3,StopSig,73,4.07,nan,1,NoPoke_STOP_(correct),Left,283,506,147,55889639,nan,nan,nan
9/24/2026 2:44:19,1.17.3,StopSig,73,4.07,1,1,Pellet,Left,283,506,148,55889639,2.51,61,nan
9/24/2026 2:44:37,1.17.3,StopSig,73,4.07,nan,1,>Left_Stop_trial,Left,284,506,148,55910011,nan,nan,nan
9/24/2026 2:44:39,1.17.3,StopSig,73,4.07,nan,1,Right_STOP_(incorrect),Left,284,507,148,55912709,nan,nan,nan
9/24/2026 2:45:09,1.17.3,StopSig,73,4.07,nan,1,>Left_Regular_trial,Left,285,507,148,55943027,nan,nan,nan
9/24/2026 2:45:13,1.17.3,StopSig,73,4.07,nan,1,NoPoke_Regular_(incorrect),Left,285,507,148,55946722,nan,nan,nan
9/24/2026 2:46:01,1.17.3,StopSig,73,4.07,nan,1,Right_no_left,Left,285,508,148,55946722,nan,nan,nan
9/24/2026 2:46:06,1.17.3,StopSig,73,4.07,nan,1,>Left_Stop_trial,Left,286,508,148,55999828,nan,nan,nan
9/24/2026 2:46:07,1.17.3,StopSig,73,4.07,nan,1,Right_STOP_(incorrect),Left,286,509,148,56000907,nan,nan,nan
9/24/2026 2:46:38,1.17.3,StopSig,73,4.06,nan,1,>Left_Stop_trial,Left,287,509,148,56031226,nan,nan,nan
9/24/2026 2:46:41,1.17.3,StopSig,73,4.07,nan,1,NoPoke_STOP_(correct),Left,287,509,148,56034646,nan,nan,nan
9/24/2026 2:46:42,1.17.3,StopSig,73,4.07,1,1,Pellet,Left,287,509,149,56034646,0.94,143,nan
9/24/2026 2:47:01,1.17.3,StopSig,73,4.07,nan,1,>Left_Stop_trial,Left,288,509,149,56054891,nan,nan,nan
9/24/2026 2:47:02,1.17.3,StopSig,73,4.07,nan,1,Right_STOP_(incorrect),Left,288,510,149,56056132,nan,nan,nan
9/24/2026 2:47:33,1.17.3,StopSig,73,4.07,nan,1,>Left_Regular_trial,Left,289,510,149,56086450,nan,nan,nan
9/24/2026 2:47:36,1.17.3,StopSig,73,4.07,nan,1,NoPoke_Regular_(incorrect),Left,289,510,149,56089716,nan,nan,nan
9/24/2026 2:52:54,1.17.3,StopSig,73,4.07,nan,1,>Left_Regular_trial,Left,290,510,149,56407435,nan,nan,nan
9/24/2026 2:52:57,1.17.3,StopSig,73,4.06,nan,1,NoPoke_Regular_(incorrect),Left,290,510,149,56410697,nan,nan,nan
9/24/2026 2:54:34,1.17.3,StopSig,73,4.07,nan,1,>Left_Stop_trial,Left,291,510,149,56507865,nan,nan,nan
9/24/2026 2:54:38,1.17.3,StopSig,73,4.07,nan,1,NoPoke_STOP_(correct),Left,291,510,149,56511713,nan,nan,nan
9/24/2026 2:54:40,1.17.3,StopSig,73,4.07,1,1,Pellet,Left,291,510,150,56511713,1.89,478,nan
9/24/2026 2:55:13,1.17.3,StopSig,73,4.07,nan,1,>Left_Regular_trial,Left,292,510,150,56546566,nan,nan,nan
9/24/2026 2:55:17,1.17.3,StopSig,73,4.07,nan,1,NoPoke_Regular_(incorrect),Left,292,510,150,56550677,nan,nan,nan
9/24/2026 2:55:59,1.17.3,StopSig,73,4.07,nan,1,>Left_Regular_trial,Left,293,510,150,56592449,nan,nan,nan
9/24/2026 2:56:01,1.17.3,StopSig,73,4.07,nan,1,Right_Regular_(correct),Left,293,511,150,56595295,nan,nan,nan
9/24/2026 2:56:02,1.17.3,StopSig,73,4.07,nan,1,RightDuringDispense,Left,293,512,150,56595295,nan,nan,0.04
9/24/2026 2:56:05,1.17.3,StopSig,73,4.07,2,1,Pellet,Left,293,512,151,56595295,0.39,85,nan
9/24/2026 2:56:22,1.17.3,StopSig,73,4.07,nan,1,Right_no_left,Left,293,513,151,56595295,nan,nan,nan
9/24/2026 2:56:25,1.17.3,StopSig,73,4.07,nan,1,>Left_Regular_trial,Left,294,513,151,56618878,nan,nan,nan
9/24/2026 2:56:26,1.17.3,StopSig,73,4.07,nan,1,Right_Regular_(correct),Left,294,514,151,56620025,nan,nan,nan
9/24/2026 2:56:28,1.17.3,StopSig,73,4.07,1,1,Pellet,Left,294,514,152,56620025,0.72,23,nan
9/24/2026 2:56:43,1.17.3,StopSig,73,4.07,nan,1,Right_no_left,Left,294,515,152,56620025,nan,nan,nan
9/24/2026 2:56:46,1.17.3,StopSig,73,4.07,nan,1,>Left_Regular_trial,Left,295,515,152,56639785,nan,nan,nan
9/24/2026 2:56:47,1.17.3,StopSig,73,4.07,nan,1,Right_Regular_(correct),Left,295,516,152,56640927,nan,nan,nan
9/24/2026 2:56:48,1.17.3,StopSig,73,4.07,1,1,Pellet,Left,295,516,153,56640927,0.33,20,nan
9/24/2026 2:57:34,1.17.3,StopSig,73,4.07,nan,1,Right_no_left,Left,295,517,153,56640927,nan,nan,nan
9/24/2026 2:57:35,1.17.3,StopSig,73,4.07,nan,1,Right_no_left,Left,295,518,153,56688382,nan,nan,nan
9/24/2026 2:57:36,1.17.3,StopSig,73,4.07,nan,1,Right_no_left,Left,295,519,153,56689240,nan,nan,nan
9/24/2026 2:57:39,1.17.3,StopSig,73,4.07,nan,1,Right_no_left,Left,295,520,153,56690523,nan,nan,nan
9/24/2026 2:57:41,1.17.3,StopSig,73,4.07,nan,1,Right_no_left,Left,295,521,153,56693219,nan,nan,nan
9/24/2026 2:57:43,1.17.3,StopSig,73,4.07,nan,1,>Left_Regular_trial,Left,296,521,153,56696913,nan,nan,nan
9/24/2026 2:57:44,1.17.3,StopSig,73,4.07,nan,1,Right_Regular_(correct),Left,296,522,153,56698196,nan,nan,nan
9/24/2026 2:57:47,1.17.3,StopSig,73,4.07,2,1,Pellet,Left,296,522,154,56698196,0.44,59,nan
9/24/2026 2:58:02,1.17.3,StopSig,73,4.07,nan,1,Right_no_left,Left,296,523,154,56698196,nan,nan,nan
9/24/2026 2:58:04,1.17.3,StopSig,73,4.07,nan,1,>Left_Regular_trial,Left,297,523,154,56717721,nan,nan,nan
9/24/2026 2:58:05,1.17.3,StopSig,73,4.07,nan,1,Right_Regular_(correct),Left,297,524,154,56718586,nan,nan,nan
9/24/2026 2:58:05,1.17.3,StopSig,73,4.07,nan,1,RightDuringDispense,Left,297,525,154,56718586,nan,nan,0.14
9/24/2026 2:58:06,1.17.3,StopSig,73,4.07,1,1,Pellet,Left,297,525,155,56718586,0.55,19,nan
9/24/2026 2:58:24,1.17.3,StopSig,73,4.07,nan,1,Right_no_left,Left,297,526,155,56718586,nan,nan,nan
9/24/2026 2:58:26,1.17.3,StopSig,73,4.06,nan,1,Right_no_left,Left,297,527,155,56738459,nan,nan,nan
9/24/2026 2:58:28,1.17.3,StopSig,73,4.07,nan,1,>Left_Regular_trial,Left,298,527,155,56741445,nan,nan,nan
9/24/2026 2:58:29,1.17.3,StopSig,73,4.07,nan,1,Right_Regular_(correct),Left,298,528,155,56743154,nan,nan,nan
9/24/2026 2:58:30,1.17.3,StopSig,73,4.07,1,1,Pellet,Left,298,528,156,56743154,0.39,24,nan
9/24/2026 2:58:49,1.17.3,StopSig,73,4.07,nan,1,>Left_Regular_trial,Left,299,528,156,56763322,nan,nan,nan
9/24/2026 2:58:52,1.17.3,StopSig,73,4.07,nan,1,Right_Regular_(correct),Left,299,529,156,56766449,nan,nan,nan
9/24/2026 2:58:53,1.17.3,StopSig,73,4.06,nan,1,RightDuringDispense,Left,299,530,156,56766449,nan,nan,0.01
9/24/2026 2:58:54,1.17.3,StopSig,73,4.07,1,1,Pellet,Left,299,530,157,56766449,0.44,24,nan
9/24/2026 2:59:13,1.17.3,StopSig,73,4.07,nan,1,Right_no_left,Left,299,531,157,56766449,nan,nan,nan
9/24/2026 2:59:15,1.17.3,StopSig,73,4.07,nan,1,>Left_Regular_trial,Left,300,531,157,56789111,nan,nan,nan
9/24/2026 2:59:17,1.17.3,StopSig,73,4.06,nan,1,Right_Regular_(correct),Left,300,532,157,56790676,nan,nan,nan
9/24/2026 2:59:22,1.17.3,StopSig,73,4.06,3,1,Pellet,Left,300,532,158,56790676,0.83,28,nan
9/24/2026 2:59:41,1.17.3,StopSig,73,4.07,nan,1,>Left_Regular_trial,Left,301,532,158,56814505,nan,nan,nan
9/24/2026 2:59:42,1.17.3,StopSig,73,4.07,nan,1,Right_Regular_(correct),Left,301,533,158,56815930,nan,nan,nan
9/24/2026 2:59:43,1.17.3,StopSig,73,4.07,1,1,Pellet,Left,301,533,159,56815930,0.33,21,nan
9/24/2026 2:59:59,1.17.3,StopSig,73,4.06,nan,1,>Left_Regular_trial,Left,302,533,159,56832565,nan,nan,nan
9/24/2026 3:00:03,1.17.3,StopSig,73,4.07,nan,1,NoPoke_Regular_(incorrect),Left,302,533,159,56836685,nan,nan,nan
9/24/2026 5:00:37,1.17.3,StopSig,73,4.07,nan,1,Right_no_left,Left,302,534,159,56836685,nan,nan,nan
9/24/2026 5:00:39,1.17.3,StopSig,73,4.07,nan,1,Right_no_left,Left,302,535,159,64071060,nan,nan,nan
9/24/2026 5:00:49,1.17.3,StopSig,73,4.06,nan,1,Right_no_left,Left,302,536,159,64073192,nan,nan,nan
9/24/2026 5:00:50,1.17.3,StopSig,73,4.07,nan,1,Right_no_left,Left,302,537,159,64083250,nan,nan,nan
9/24/2026 5:00:52,1.17.3,StopSig,73,4.06,nan,1,Right_no_left,Left,302,538,159,64084116,nan,nan,nan
9/24/2026 5:00:57,1.17.3,StopSig,73,4.07,nan,1,>Left_Regular_trial,Left,303,538,159,64091485,nan,nan,nan
9/24/2026 5:00:59,1.17.3,StopSig,73,4.07,nan,1,Right_Regular_(correct),Left,303,539,159,64093477,nan,nan,nan
9/24/2026 5:01:00,1.17.3,StopSig,73,4.07,1,1,Pellet,Left,303,539,160,64093477,0.50,7277,nan
9/24/2026 5:01:51,1.17.3,StopSig,73,4.06,nan,1,Right_no_left,Left,303,540,160,64093477,nan,nan,nan
9/24/2026 5:01:54,1.17.3,StopSig,73,4.07,nan,1,Right_no_left,Left,303,541,160,64145516,nan,nan,nan
9/24/2026 5:01:57,1.17.3,StopSig,73,4.07,nan,1,>Left_Regular_trial,Left,304,541,160,64151038,nan,nan,nan
9/24/2026 5:01:58,1.17.3,StopSig,73,4.07,nan,1,Right_Regular_(correct),Left,304,542,160,64152037,nan,nan,nan
9/24/2026 5:01:59,1.17.3,StopSig,73,4.06,1,1,Pellet,Left,304,542,161,64152037,0.55,59,nan
9/24/2026 6:03:56,1.17.3,StopSig,73,4.06,nan,1,Right_no_left,Left,304,543,161,64152037,nan,nan,nan
9/24/2026 6:03:57,1.17.3,StopSig,73,4.06,nan,1,Right_no_left,Left,304,544,161,67870909,nan,nan,nan
9/24/2026 6:22:17,1.17.3,StopSig,73,4.06,nan,1,Right_no_left,Left,304,545,161,67871626,nan,nan,nan
9/24/2026 6:23:03,1.17.3,StopSig,73,4.05,nan,1,>Left_Stop_trial,Left,305,545,161,69017231,nan,nan,nan
9/24/2026 6:23:07,1.17.3,StopSig,73,4.06,nan,1,NoPoke_STOP_(correct),Left,305,545,161,69021344,nan,nan,nan
9/24/2026 6:23:11,1.17.3,StopSig,73,4.06,1,1,Pellet,Left,305,545,162,69021344,3.52,4872,nan
9/24/2026 6:26:34,1.17.3,StopSig,73,4.07,nan,1,Right_no_left,Left,305,546,162,69021344,nan,nan,nan
9/24/2026 6:26:35,1.17.3,StopSig,73,4.06,nan,1,Right_no_left,Left,305,547,162,69229138,nan,nan,nan
9/24/2026 6:26:36,1.17.3,StopSig,73,4.06,nan,1,Right_no_left,Left,305,548,162,69229998,nan,nan,nan
9/24/2026 6:26:39,1.17.3,StopSig,73,4.06,nan,1,Right_no_left,Left,305,549,162,69230999,nan,nan,nan
9/24/2026 6:28:15,1.17.3,StopSig,73,4.06,nan,1,>Left_Regular_trial,Left,306,549,162,69329211,nan,nan,nan
9/24/2026 6:28:19,1.17.3,StopSig,73,4.06,nan,1,NoPoke_Regular_(incorrect),Left,306,549,162,69333334,nan,nan,nan
9/24/2026 6:28:57,1.17.3,StopSig,73,4.06,nan,1,>Left_Stop_trial,Left,307,549,162,69371015,nan,nan,nan
9/24/2026 6:29:00,1.17.3,StopSig,73,4.06,nan,1,NoPoke_STOP_(correct),Left,307,549,162,69374344,nan,nan,nan
9/24/2026 6:29:02,1.17.3,StopSig,73,4.06,1,1,Pellet,Left,307,549,163,69374344,1.61,351,nan
9/24/2026 6:29:18,1.17.3,StopSig,73,4.05,nan,1,>Left_Stop_trial,Left,308,549,163,69391867,nan,nan,nan
9/24/2026 6:29:21,1.17.3,StopSig,73,4.06,nan,1,Right_STOP_(incorrect),Left,308,550,163,69395234,nan,nan,nan
9/24/2026 6:29:51,1.17.3,StopSig,73,4.06,nan,1,>Left_Regular_trial,Left,309,550,163,69425552,nan,nan,nan
9/24/2026 6:29:55,1.17.3,StopSig,73,4.06,nan,1,NoPoke_Regular_(incorrect),Left,309,550,163,69429385,nan,nan,nan
9/24/2026 6:32:36,1.17.3,StopSig,73,4.06,nan,1,>Left_Regular_trial,Left,310,550,163,69590452,nan,nan,nan
9/24/2026 6:32:40,1.17.3,StopSig,73,4.06,nan,1,NoPoke_Regular_(incorrect),Left,310,550,163,69594423,nan,nan,nan
9/24/2026 6:33:50,1.17.3,StopSig,73,4.06,nan,1,>Left_Regular_trial,Left,311,550,163,69664629,nan,nan,nan
9/24/2026 6:33:54,1.17.3,StopSig,73,4.07,nan,1,NoPoke_Regular_(incorrect),Left,311,550,163,69668455,nan,nan,nan
9/24/2026 6:36:18,1.17.3,StopSig,73,4.06,nan,1,>Left_Regular_trial,Left,312,550,163,69812241,nan,nan,nan
9/24/2026 6:36:20,1.17.3,StopSig,73,4.06,nan,1,Right_Regular_(correct),Left,312,551,163,69814515,nan,nan,nan
9/24/2026 6:36:26,1.17.3,StopSig,73,4.06,4,1,Pellet,Left,312,551,164,69814515,0.39,444,nan
9/24/2026 6:36:42,1.17.3,StopSig,73,4.06,nan,1,Right_no_left,Left,312,552,164,69814515,nan,nan,nan
9/24/2026 6:36:43,1.17.3,StopSig,73,4.05,nan,1,Right_no_left,Left,312,553,164,69836589,nan,nan,nan
9/24/2026 6:36:43,1.17.3,StopSig,73,4.07,nan,1,Right_no_left,Left,312,554,164,69837731,nan,nan,nan
9/24/2026 6:36:45,1.17.3,StopSig,73,4.06,nan,1,>Left_Stop_trial,Left,313,554,164,69839438,nan,nan,nan
9/24/2026 6:36:46,1.17.3,StopSig,73,4.07,nan,1,Right_STOP_(incorrect),Left,313,555,164,69840441,nan,nan,nan
9/24/2026 6:45:55,1.17.3,StopSig,73,4.06,nan,1,>Left_Regular_trial,Left,314,555,164,70389762,nan,nan,nan
9/24/2026 6:45:57,1.17.3,StopSig,73,4.06,nan,1,Right_Regular_(correct),Left,314,556,164,70391751,nan,nan,nan
9/24/2026 6:45:57,1.17.3,StopSig,73,4.06,nan,1,RightDuringDispense,Left,314,557,164,70391751,nan,nan,0.01
9/24/2026 6:46:04,1.17.3,StopSig,73,4.06,3,1,Pellet,Left,314,557,165,70391751,3.74,578,nan
9/24/2026 6:46:19,1.17.3,StopSig,73,4.06,nan,1,Right_no_left,Left,314,558,165,70391751,nan,nan,nan
9/24/2026 6:46:52,1.17.3,StopSig,73,4.06,nan,1,Right_no_left,Left,314,559,165,70413562,nan,nan,nan
9/24/2026 6:46:52,1.17.3,StopSig,73,4.06,nan,1,Right_no_left,Left,314,560,165,70446383,nan,nan,nan
9/24/2026 6:47:26,1.17.3,StopSig,73,4.07,nan,1,>Left_Stop_trial,Left,315,560,165,70480173,nan,nan,nan
9/24/2026 6:47:29,1.17.3,StopSig,73,4.07,nan,1,NoPoke_STOP_(correct),Left,315,560,165,70483414,nan,nan,nan
9/24/2026 6:47:31,1.17.3,StopSig,73,4.06,1,1,Pellet,Left,315,560,166,70483414,1.44,87,nan
9/24/2026 6:48:22,1.17.3,StopSig,73,4.06,nan,1,>Left_Regular_trial,Left,316,560,166,70537030,nan,nan,nan
9/24/2026 6:48:26,1.17.3,StopSig,73,4.06,nan,1,NoPoke_Regular_(incorrect),Left,316,560,166,70540447,nan,nan,nan
9/24/2026 6:49:02,1.17.3,StopSig,73,4.06,nan,1,>Left_Stop_trial,Left,317,560,166,70576426,nan,nan,nan
9/24/2026 6:49:06,1.17.3,StopSig,73,4.06,nan,1,NoPoke_STOP_(correct),Left,317,560,166,70580490,nan,nan,nan
9/24/2026 6:49:09,1.17.3,StopSig,73,4.06,1,1,Pellet,Left,317,560,167,70580490,2.90,98,nan
9/24/2026 6:49:25,1.17.3,StopSig,73,4.07,nan,1,>Left_Regular_trial,Left,318,560,167,70599504,nan,nan,nan
9/24/2026 6:49:28,1.17.3,StopSig,73,4.06,nan,1,Right_Regular_(correct),Left,318,561,167,70602343,nan,nan,nan
9/24/2026 6:49:30,1.17.3,StopSig,73,4.06,1,1,Pellet,Left,318,561,168,70602343,1.16,21,nan
9/24/2026 6:49:44,1.17.3,StopSig,73,4.06,nan,1,Right_no_left,Left,318,562,168,70602343,nan,nan,nan
9/24/2026 6:49:46,1.17.3,StopSig,73,4.06,nan,1,Right_no_left,Left,318,563,168,70618609,nan,nan,nan
9/24/2026 6:49:48,1.17.3,StopSig,73,4.06,nan,1,Right_no_left,Left,318,564,168,70621308,nan,nan,nan
9/24/2026 6:49:51,1.17.3,StopSig,73,4.06,nan,1,>Left_Stop_trial,Left,319,564,168,70624997,nan,nan,nan
9/24/2026 6:49:51,1.17.3,StopSig,73,4.05,nan,1,Right_STOP_(incorrect),Left,319,565,168,70625881,nan,nan,nan
9/24/2026 6:51:06,1.17.3,StopSig,73,4.06,nan,1,>Left_Regular_trial,Left,320,565,168,70700774,nan,nan,nan
9/24/2026 6:51:10,1.17.3,StopSig,73,4.06,nan,1,NoPoke_Regular_(incorrect),Left,320,565,168,70704471,nan,nan,nan
9/24/2026 7:54:49,1.17.3,StopSig,73,4.06,nan,1,Right_no_left,Left,320,566,168,70704471,nan,nan,nan
9/24/2026 7:54:49,1.17.3,StopSig,73,4.05,nan,1,Right_no_left,Left,320,567,168,74523713,nan,nan,nan
9/24/2026 7:54:51,1.17.3,StopSig,73,4.06,nan,1,Right_no_left,Left,320,568,168,74524148,nan,nan,nan
9/24/2026 7:54:51,1.17.3,StopSig,73,4.06,nan,1,Right_no_left,Left,320,569,168,74525856,nan,nan,nan
9/24/2026 7:54:53,1.17.3,StopSig,73,4.05,nan,1,Right_no_left,Left,320,570,168,74526156,nan,nan,nan
9/24/2026 7:55:00,1.17.3,StopSig,73,4.06,nan,1,Right_no_left,Left,320,571,168,74528006,nan,nan,nan
9/24/2026 7:55:01,1.17.3,StopSig,73,4.06,nan,1,Right_no_left,Left,320,572,168,74535370,nan,nan,nan
9/24/2026 7:55:02,1.17.3,StopSig,73,4.06,nan,1,Right_no_left,Left,320,573,168,74535663,nan,nan,nan
9/24/2026 7:55:02,1.17.3,StopSig,73,4.06,nan,1,Right_no_left,Left,320,574,168,74536806,nan,nan,nan
9/24/2026 7:55:06,1.17.3,StopSig,73,4.06,nan,1,Right_no_left,Left,320,575,168,74537106,nan,nan,nan
9/24/2026 7:55:07,1.17.3,StopSig,73,4.06,nan,1,Right_no_left,Left,320,576,168,74541217,nan,nan,nan
9/24/2026 7:55:08,1.17.3,StopSig,73,4.06,nan,1,Right_no_left,Left,320,577,168,74542501,nan,nan,nan
9/24/2026 7:55:08,1.17.3,StopSig,73,4.06,nan,1,Right_no_left,Left,320,578,168,74543077,nan,nan,nan
9/24/2026 7:55:09,1.17.3,StopSig,73,4.05,nan,1,Right_no_left,Left,320,579,168,74543512,nan,nan,nan
9/24/2026 7:55:09,1.17.3,StopSig,73,4.06,nan,1,Right_no_left,Left,320,580,168,74543954,nan,nan,nan
9/24/2026 7:55:13,1.17.3,StopSig,73,4.06,nan,1,>Left_Stop_trial,Left,321,580,168,74547078,nan,nan,nan
9/24/2026 7:55:13,1.17.3,StopSig,73,4.05,nan,1,Right_STOP_(incorrect),Left,321,581,168,74547818,nan,nan,nan
9/24/2026 7:55:43,1.17.3,StopSig,73,4.05,nan,1,>Left_Regular_trial,Left,322,581,168,74578137,nan,nan,nan
9/24/2026 7:55:47,1.17.3,StopSig,73,4.06,nan,1,NoPoke_Regular_(incorrect),Left,322,581,168,74581683,nan,nan,nan
9/24/2026 7:56:35,1.17.3,StopSig,73,4.06,nan,1,>Left_Regular_trial,Left,323,581,168,74630116,nan,nan,nan
9/24/2026 7:56:36,1.17.3,StopSig,73,4.06,nan,1,Right_Regular_(correct),Left,323,582,168,74631259,nan,nan,nan
9/24/2026 7:56:38,1.17.3,StopSig,73,4.06,1,1,Pellet,Left,323,582,169,74631259,0.66,4028,nan
9/24/2026 7:56:58,1.17.3,StopSig,73,4.06,nan,1,Right_no_left,Left,323,583,169,74631259,nan,nan,nan
9/24/2026 7:57:06,1.17.3,StopSig,73,4.06,nan,1,Right_no_left,Left,323,584,169,74653339,nan,nan,nan
9/24/2026 7:57:10,1.17.3,StopSig,73,4.06,nan,1,Right_no_left,Left,323,585,169,74661561,nan,nan,nan
9/24/2026 7:57:12,1.17.3,StopSig,73,4.06,nan,1,>Left_Regular_trial,Left,324,585,169,74667087,nan,nan,nan
9/24/2026 7:57:16,1.17.3,StopSig,73,4.05,nan,1,NoPoke_Regular_(incorrect),Left,324,585,169,74670633,nan,nan,nan
9/24/2026 7:57:48,1.17.3,StopSig,73,4.06,nan,1,Right_no_left,Left,324,586,169,74670633,nan,nan,nan
9/24/2026 7:58:01,1.17.3,StopSig,73,4.06,nan,1,Right_no_left,Left,324,587,169,74703366,nan,nan,nan
9/24/2026 7:58:01,1.17.3,StopSig,73,4.06,nan,1,Right_no_left,Left,324,588,169,74716113,nan,nan,nan
9/24/2026 7:58:02,1.17.3,StopSig,73,4.06,nan,1,Right_no_left,Left,324,589,169,74716548,nan,nan,nan
9/24/2026 7:58:05,1.17.3,StopSig,73,4.05,nan,1,Right_no_left,Left,324,590,169,74717408,nan,nan,nan
9/24/2026 7:58:07,1.17.3,StopSig,73,4.06,nan,1,>Left_Stop_trial,Left,325,590,169,74721098,nan,nan,nan
9/24/2026 7:58:07,1.17.3,StopSig,73,4.06,nan,1,Right_STOP_(incorrect),Left,325,591,169,74722035,nan,nan,nan
9/24/2026 7:58:38,1.17.3,StopSig,73,4.06,nan,1,>Left_Regular_trial,Left,326,591,169,74752369,nan,nan,nan
9/24/2026 7:58:41,1.17.3,StopSig,73,4.06,nan,1,NoPoke_Regular_(incorrect),Left,326,591,169,74755633,nan,nan,nan
9/24/2026 9:05:07,1.17.3,StopSig,73,4.06,nan,1,Right_no_left,Left,326,592,169,74755633,nan,nan,nan
9/24/2026 9:05:12,1.17.3,StopSig,73,4.05,nan,1,Right_no_left,Left,326,593,169,78742102,nan,nan,nan
9/24/2026 9:05:18,1.17.3,StopSig,73,4.05,nan,1,Right_no_left,Left,326,594,169,78747068,nan,nan,nan
9/24/2026 9:05:18,1.17.3,StopSig,73,4.06,nan,1,Right_no_left,Left,326,595,169,78753040,nan,nan,nan
9/24/2026 9:05:18,1.17.3,StopSig,73,4.06,nan,1,Right_no_left,Left,326,596,169,78753475,nan,nan,nan
9/24/2026 9:05:20,1.17.3,StopSig,73,4.06,nan,1,Right_no_left,Left,326,597,169,78753769,nan,nan,nan
9/24/2026 9:05:20,1.17.3,StopSig,73,4.06,nan,1,Right_no_left,Left,326,598,169,78754912,nan,nan,nan
9/24/2026 9:13:34,1.17.3,StopSig,73,4.06,nan,1,Right_no_left,Left,326,599,169,78755347,nan,nan,nan
9/24/2026 9:15:06,1.17.3,StopSig,73,4.06,nan,1,Right_no_left,Left,326,600,169,79249403,nan,nan,nan
9/24/2026 9:15:21,1.17.3,StopSig,73,4.05,nan,1,>Left_Stop_trial,Left,327,600,169,79355636,nan,nan,nan
9/24/2026 9:15:24,1.17.3,StopSig,73,4.06,nan,1,NoPoke_STOP_(correct),Left,327,600,169,79358973,nan,nan,nan
9/24/2026 9:15:26,1.17.3,StopSig,73,4.05,1,1,Pellet,Left,327,600,170,79358973,1.61,4728,nan
9/24/2026 9:15:41,1.17.3,StopSig,73,4.06,nan,1,>Left_Regular_trial,Left,328,600,170,79375793,nan,nan,nan
9/24/2026 9:15:43,1.17.3,StopSig,73,4.05,nan,1,Right_Regular_(correct),Left,328,601,170,79378073,nan,nan,nan
9/24/2026 9:15:44,1.17.3,StopSig,73,4.06,1,1,Pellet,Left,328,601,171,79378073,0.55,18,nan
9/24/2026 9:16:00,1.17.3,StopSig,73,4.06,nan,1,Right_no_left,Left,328,602,171,79378073,nan,nan,nan
9/24/2026 9:16:02,1.17.3,StopSig,73,4.06,nan,1,Right_no_left,Left,328,603,171,79395294,nan,nan,nan
9/24/2026 9:16:04,1.17.3,StopSig,73,4.05,nan,1,>Left_Stop_trial,Left,329,603,171,79398131,nan,nan,nan
9/24/2026 9:16:04,1.17.3,StopSig,73,4.05,nan,1,Right_STOP_(incorrect),Left,329,604,171,79399134,nan,nan,nan
9/24/2026 9:19:24,1.17.3,StopSig,73,4.05,nan,1,>Left_Stop_trial,Left,330,604,171,79598456,nan,nan,nan
9/24/2026 9:19:27,1.17.3,StopSig,73,4.06,nan,1,NoPoke_STOP_(correct),Left,330,604,171,79601978,nan,nan,nan
9/24/2026 9:19:28,1.17.3,StopSig,73,4.05,1,1,Pellet,Left,330,604,172,79601978,0.77,224,nan
9/24/2026 9:19:43,1.17.3,StopSig,73,4.06,nan,1,>Left_Regular_trial,Left,331,604,172,79617705,nan,nan,nan
9/24/2026 9:19:43,1.17.3,StopSig,73,4.05,nan,1,Right_Regular_(correct),Left,331,605,172,79618569,nan,nan,nan
9/24/2026 9:19:44,1.17.3,StopSig,73,4.06,1,1,Pellet,Left,331,605,173,79618569,0.27,16,nan
9/24/2026 9:19:59,1.17.3,StopSig,73,4.05,nan,1,>Left_Regular_trial,Left,332,605,173,79633823,nan,nan,nan
9/24/2026 9:20:01,1.17.3,StopSig,73,4.05,nan,1,Right_Regular_(correct),Left,332,606,173,79635955,nan,nan,nan
9/24/2026 9:20:02,1.17.3,StopSig,73,4.06,1,1,Pellet,Left,332,606,174,79635955,0.27,18,nan
9/24/2026 9:20:17,1.17.3,StopSig,73,4.05,nan,1,Right_no_left,Left,332,607,174,79635955,nan,nan,nan
9/24/2026 9:20:18,1.17.3,StopSig,73,4.05,nan,1,Right_no_left,Left,332,608,174,79652116,nan,nan,nan
9/24/2026 9:26:27,1.17.3,StopSig,73,4.05,nan,1,Right_no_left,Left,332,609,174,79653257,nan,nan,nan
9/24/2026 9:27:01,1.17.3,StopSig,73,4.05,nan,1,>Left_Regular_trial,Left,333,609,174,80055950,nan,nan,nan
9/24/2026 9:27:03,1.17.3,StopSig,73,4.06,nan,1,Right_Regular_(correct),Left,333,610,174,80057799,nan,nan,nan
9/24/2026 9:27:04,1.17.3,StopSig,73,4.05,1,1,Pellet,Left,333,610,175,80057799,0.66,422,nan
9/24/2026 9:27:17,1.17.3,StopSig,73,4.05,nan,1,>Left_Regular_trial,Left,334,610,175,80072399,nan,nan,nan
9/24/2026 9:27:18,1.17.3,StopSig,73,4.06,nan,1,Right_Regular_(correct),Left,334,611,175,80073540,nan,nan,nan
9/24/2026 9:27:19,1.17.3,StopSig,73,4.06,1,1,Pellet,Left,334,611,176,80073540,0.38,15,nan
9/24/2026 9:27:34,1.17.3,StopSig,73,4.05,nan,1,Right_no_left,Left,334,612,176,80073540,nan,nan,nan
9/24/2026 9:27:35,1.17.3,StopSig,73,4.06,nan,1,Right_no_left,Left,334,613,176,80089777,nan,nan,nan
9/24/2026 9:27:36,1.17.3,StopSig,73,4.06,nan,1,Right_no_left,Left,334,614,176,80090363,nan,nan,nan
9/24/2026 9:27:37,1.17.3,StopSig,73,4.05,nan,1,>Left_Regular_trial,Left,335,614,176,80092351,nan,nan,nan
9/24/2026 9:27:38,1.17.3,StopSig,73,4.05,nan,1,Right_Regular_(correct),Left,335,615,176,80093350,nan,nan,nan
9/24/2026 9:27:39,1.17.3,StopSig,73,4.05,1,1,Pellet,Left,335,615,177,80093350,0.33,20,nan
9/24/2026 9:27:59,1.17.3,StopSig,73,4.05,nan,1,Right_no_left,Left,335,616,177,80093350,nan,nan,nan
9/24/2026 9:28:12,1.17.3,StopSig,73,4.05,nan,1,Right_no_left,Left,335,617,177,80114701,nan,nan,nan
9/24/2026 9:28:12,1.17.3,StopSig,73,4.05,nan,1,Right_no_left,Left,335,618,177,80127293,nan,nan,nan
9/24/2026 9:28:13,1.17.3,StopSig,73,4.05,nan,1,Right_no_left,Left,335,619,177,80127869,nan,nan,nan
9/24/2026 9:28:15,1.17.3,StopSig,73,4.05,nan,1,>Left_Regular_trial,Left,336,619,177,80129718,nan,nan,nan
9/24/2026 9:28:15,1.17.3,StopSig,73,4.05,nan,1,Right_Regular_(correct),Left,336,620,177,80130577,nan,nan,nan
9/24/2026 9:28:17,1.17.3,StopSig,73,4.05,1,1,Pellet,Left,336,620,178,80130577,0.72,38,nan
9/24/2026 9:28:34,1.17.3,StopSig,73,4.05,nan,1,Right_no_left,Left,336,621,178,80130577,nan,nan,nan
9/24/2026 9:28:37,1.17.3,StopSig,73,4.05,nan,1,>Left_Regular_trial,Left,337,621,178,80151675,nan,nan,nan
9/24/2026 9:28:39,1.17.3,StopSig,73,4.05,nan,1,Right_Regular_(correct),Left,337,622,178,80153948,nan,nan,nan
9/24/2026 9:28:40,1.17.3,StopSig,73,4.06,1,1,Pellet,Left,337,622,179,80153948,0.44,23,nan
9/24/2026 9:33:46,1.17.3,StopSig,73,4.06,nan,1,>Left_Regular_trial,Left,338,622,179,80460730,nan,nan,nan
9/24/2026 9:33:49,1.17.3,StopSig,73,4.05,nan,1,NoPoke_Regular_(incorrect),Left,338,622,179,80463996,nan,nan,nan
9/24/2026 9:39:13,1.17.3,StopSig,73,4.06,nan,1,>Left_Regular_trial,Left,339,622,179,80788230,nan,nan,nan
9/24/2026 9:39:17,1.17.3,StopSig,73,4.05,nan,1,NoPoke_Regular_(incorrect),Left,339,622,179,80792060,nan,nan,nan
9/24/2026 9:43:43,1.17.3,StopSig,73,4.05,nan,1,>Left_Regular_trial,Left,340,622,179,81058259,nan,nan,nan
9/24/2026 9:43:47,1.17.3,StopSig,73,4.05,nan,1,NoPoke_Regular_(incorrect),Left,340,622,179,81062087,nan,nan,nan
9/24/2026 9:44:19,1.17.3,StopSig,73,4.06,nan,1,>Left_Regular_trial,Left,341,622,179,81094525,nan,nan,nan
9/24/2026 9:44:23,1.17.3,StopSig,73,4.05,nan,1,NoPoke_Regular_(incorrect),Left,341,622,179,81098067,nan,nan,nan
9/24/2026 9:54:08,1.17.3,StopSig,73,4.05,nan,1,>Left_Regular_trial,Left,342,622,179,81682896,nan,nan,nan
9/24/2026 9:54:12,1.17.3,StopSig,73,4.05,nan,1,NoPoke_Regular_(incorrect),Left,342,622,179,81687013,nan,nan,nan
9/24/2026 10:30:56,1.17.3,StopSig,73,4.05,nan,1,>Left_Regular_trial,Left,343,622,179,83891699,nan,nan,nan
9/24/2026 10:31:00,1.17.3,StopSig,73,4.05,nan,1,NoPoke_Regular_(incorrect),Left,343,622,179,83895101,nan,nan,nan
9/24/2026 10:32:20,1.17.3,StopSig,73,4.06,nan,1,Right_no_left,Left,343,623,179,83895101,nan,nan,nan
9/24/2026 10:32:23,1.17.3,StopSig,73,4.05,nan,1,>Left_Stop_trial,Left,344,623,179,83977685,nan,nan,nan
9/24/2026 10:32:24,1.17.3,StopSig,73,4.05,nan,1,Right_STOP_(incorrect),Left,344,624,179,83979337,nan,nan,nan
9/24/2026 10:34:07,1.17.3,StopSig,73,4.06,nan,1,Right_no_left,Left,344,625,179,83979337,nan,nan,nan
9/24/2026 10:34:13,1.17.3,StopSig,73,4.05,nan,1,>Left_Regular_trial,Left,345,625,179,84088032,nan,nan,nan
9/24/2026 10:34:17,1.17.3,StopSig,73,4.05,nan,1,NoPoke_Regular_(incorrect),Left,345,625,179,84092139,nan,nan,nan
9/24/2026 10:35:06,1.17.3,StopSig,73,4.05,nan,1,>Left_Regular_trial,Left,346,625,179,84141671,nan,nan,nan
9/24/2026 10:35:10,1.17.3,StopSig,73,4.05,nan,1,NoPoke_Regular_(incorrect),Left,346,625,179,84145222,nan,nan,nan
9/24/2026 10:51:31,1.17.3,StopSig,73,4.05,nan,1,>Left_Stop_trial,Left,347,625,179,85126180,nan,nan,nan
9/24/2026 10:51:35,1.17.3,StopSig,73,4.05,nan,1,NoPoke_STOP_(correct),Left,347,625,179,85130245,nan,nan,nan
9/24/2026 10:51:37,1.17.3,StopSig,73,4.05,1,1,Pellet,Left,347,625,180,85130245,1.78,4977,nan
9/24/2026 10:52:15,1.17.3,StopSig,73,4.05,nan,1,>Left_Regular_trial,Left,348,625,180,85170129,nan,nan,nan
9/24/2026 10:52:19,1.17.3,StopSig,73,4.06,nan,1,NoPoke_Regular_(incorrect),Left,348,625,180,85174242,nan,nan,nan
9/24/2026 10:52:51,1.17.3,StopSig,73,4.05,nan,1,>Left_Regular_trial,Left,349,625,180,85206823,nan,nan,nan
9/24/2026 10:52:55,1.17.3,StopSig,73,4.05,nan,1,NoPoke_Regular_(incorrect),Left,349,625,180,85210228,nan,nan,nan
9/24/2026 10:53:32,1.17.3,StopSig,73,4.05,nan,1,>Left_Stop_trial,Left,350,625,180,85247344,nan,nan,nan
9/24/2026 10:53:36,1.17.3,StopSig,73,4.05,nan,1,NoPoke_STOP_(correct),Left,350,625,180,85251199,nan,nan,nan
9/24/2026 10:53:36,1.17.3,StopSig,73,4.05,nan,1,LeftDuringDispense,Left,351,625,180,85251199,nan,nan,0.14
9/24/2026 10:53:37,1.17.3,StopSig,73,4.05,1,1,Pellet,Left,351,625,181,85251199,0.27,120,nan
9/24/2026 10:53:59,1.17.3,StopSig,73,4.05,nan,1,>Left_Stop_trial,Left,352,625,181,85273879,nan,nan,nan
9/24/2026 10:54:01,1.17.3,StopSig,73,4.05,nan,1,Right_STOP_(incorrect),Left,352,626,181,85276912,nan,nan,nan
9/24/2026 10:54:32,1.17.3,StopSig,73,4.05,nan,1,>Left_Stop_trial,Left,353,626,181,85307237,nan,nan,nan
9/24/2026 10:54:36,1.17.3,StopSig,73,4.05,nan,1,NoPoke_STOP_(correct),Left,353,626,181,85311264,nan,nan,nan
9/24/2026 10:54:45,1.17.3,StopSig,73,4.05,1,1,Pellet,Left,353,626,182,85311264,8.83,68,nan
9/24/2026 10:55:03,1.17.3,StopSig,73,4.05,nan,1,>Left_Regular_trial,Left,354,626,182,85338675,nan,nan,nan
9/24/2026 10:55:07,1.17.3,StopSig,73,4.05,nan,1,NoPoke_Regular_(incorrect),Left,354,626,182,85342222,nan,nan,nan
9/24/2026 10:55:52,1.17.3,StopSig,73,4.05,nan,1,>Left_Stop_trial,Left,355,626,182,85387115,nan,nan,nan
9/24/2026 10:55:56,1.17.3,StopSig,73,4.05,nan,1,NoPoke_STOP_(correct),Left,355,626,182,85391250,nan,nan,nan
9/24/2026 10:56:00,1.17.3,StopSig,73,4.05,1,1,Pellet,Left,355,626,183,85391250,3.52,75,nan
9/24/2026 10:56:21,1.17.3,StopSig,73,4.05,nan,1,>Left_Stop_trial,Left,356,626,183,85416046,nan,nan,nan
9/24/2026 10:56:25,1.17.3,StopSig,73,4.05,nan,1,Right_STOP_(incorrect),Left,356,627,183,85420242,nan,nan,nan
9/24/2026 10:56:55,1.17.3,StopSig,73,4.05,nan,1,>Left_Regular_trial,Left,357,627,183,85450566,nan,nan,nan
9/24/2026 10:56:59,1.17.3,StopSig,73,4.05,nan,1,NoPoke_Regular_(incorrect),Left,357,627,183,85454252,nan,nan,nan
9/24/2026 10:58:02,1.17.3,StopSig,73,4.05,nan,1,>Left_Regular_trial,Left,358,627,183,85517629,nan,nan,nan
9/24/2026 10:58:06,1.17.3,StopSig,73,4.05,nan,1,NoPoke_Regular_(incorrect),Left,358,627,183,85521318,nan,nan,nan
9/24/2026 10:58:46,1.17.3,StopSig,73,4.05,nan,1,>Left_Regular_trial,Left,359,627,183,85561404,nan,nan,nan
9/24/2026 10:58:50,1.17.3,StopSig,73,4.05,nan,1,NoPoke_Regular_(incorrect),Left,359,627,183,85565234,nan,nan,nan
9/24/2026 10:59:33,1.17.3,StopSig,73,4.05,nan,1,Right_no_left,Left,359,628,183,85565234,nan,nan,nan
9/24/2026 11:02:26,1.17.3,StopSig,73,4.05,nan,1,>Left_Regular_trial,Left,360,628,183,85781317,nan,nan,nan
9/24/2026 11:02:30,1.17.3,StopSig,73,4.05,nan,1,NoPoke_Regular_(incorrect),Left,360,628,183,85785287,nan,nan,nan
9/24/2026 12:02:35,1.17.3,StopSig,73,4.06,nan,1,>Left_Regular_trial,Left,361,628,183,89390296,nan,nan,nan
9/24/2026 12:02:39,1.17.3,StopSig,73,4.05,nan,1,NoPoke_Regular_(incorrect),Left,361,628,183,89394408,nan,nan,nan
9/24/2026 12:30:36,1.17.3,StopSig,73,4.05,nan,1,>Left_Regular_trial,Left,362,628,183,91071175,nan,nan,nan
9/24/2026 12:30:37,1.17.3,StopSig,73,4.05,nan,1,Right_Regular_(correct),Left,362,629,183,91072884,nan,nan,nan
9/24/2026 12:30:38,1.17.3,StopSig,73,4.05,nan,1,RightDuringDispense,Left,362,630,183,91072884,nan,nan,0.16
9/24/2026 12:30:38,1.17.3,StopSig,73,4.00,nan,1,RightDuringDispense,Left,362,631,183,91072884,nan,nan,0.10
9/24/2026 12:30:39,1.17.3,StopSig,73,4.05,1,1,Pellet,Left,362,631,184,91072884,0.61,5679,nan
9/24/2026 12:31:03,1.17.3,StopSig,73,4.05,nan,1,Right_no_left,Left,362,632,184,91072884,nan,nan,nan
9/24/2026 12:31:10,1.17.3,StopSig,73,4.05,nan,1,Right_no_left,Left,362,633,184,91098728,nan,nan,nan
9/24/2026 12:31:12,1.17.3,StopSig,73,4.05,nan,1,Right_no_left,Left,362,634,184,91106372,nan,nan,nan
9/24/2026 12:31:12,1.17.3,StopSig,73,4.05,nan,1,Right_no_left,Left,362,635,184,91107944,nan,nan,nan
9/24/2026 12:31:14,1.17.3,StopSig,73,4.05,nan,1,Right_no_left,Left,362,636,184,91108379,nan,nan,nan
9/24/2026 12:31:19,1.17.3,StopSig,73,4.05,nan,1,>Left_Regular_trial,Left,363,636,184,91114185,nan,nan,nan
9/24/2026 12:31:22,1.17.3,StopSig,73,4.05,nan,1,Right_Regular_(correct),Left,363,637,184,91117447,nan,nan,nan
9/24/2026 12:31:23,1.17.3,StopSig,73,4.05,1,1,Pellet,Left,363,637,185,91117447,0.61,44,nan
9/24/2026 12:31:44,1.17.3,StopSig,73,4.05,nan,1,>Left_Regular_trial,Left,364,637,185,91140005,nan,nan,nan
9/24/2026 12:31:46,1.17.3,StopSig,73,4.05,nan,1,Right_Regular_(correct),Left,364,638,185,91141721,nan,nan,nan
9/24/2026 12:31:47,1.17.3,StopSig,73,4.05,1,1,Pellet,Left,364,638,186,91141721,0.55,24,nan
9/24/2026 12:32:20,1.17.3,StopSig,73,4.05,nan,1,Right_no_left,Left,364,639,186,91141721,nan,nan,nan
9/24/2026 12:32:24,1.17.3,StopSig,73,4.05,nan,1,>Left_Stop_trial,Left,365,639,186,91178721,nan,nan,nan
9/24/2026 12:32:25,1.17.3,StopSig,73,4.05,nan,1,Right_STOP_(incorrect),Left,365,640,186,91180815,nan,nan,nan
9/24/2026 12:32:56,1.17.3,StopSig,73,4.05,nan,1,>Left_Stop_trial,Left,366,640,186,91211133,nan,nan,nan
9/24/2026 12:32:59,1.17.3,StopSig,73,4.05,nan,1,NoPoke_STOP_(correct),Left,366,640,186,91214532,nan,nan,nan
9/24/2026 12:33:01,1.17.3,StopSig,73,4.05,1,1,Pellet,Left,366,640,187,91214532,1.78,74,nan
9/24/2026 12:45:08,1.17.3,StopSig,73,4.05,nan,1,>Left_Regular_trial,Left,367,640,187,91943771,nan,nan,nan
9/24/2026 12:45:12,1.17.3,StopSig,73,4.05,nan,1,NoPoke_Regular_(incorrect),Left,367,640,187,91947603,nan,nan,nan
9/24/2026 12:46:42,1.17.3,StopSig,73,4.05,nan,1,>Left_Stop_trial,Left,368,640,187,92037133,nan,nan,nan
9/24/2026 12:46:45,1.17.3,StopSig,73,4.05,nan,1,NoPoke_STOP_(correct),Left,368,640,187,92040562,nan,nan,nan
9/24/2026 12:46:46,1.17.3,StopSig,73,4.05,1,1,Pellet,Left,368,640,188,92040562,0.78,825,nan
9/24/2026 12:52:42,1.17.3,StopSig,73,4.05,nan,1,>Left_Regular_trial,Left,369,640,188,92397338,nan,nan,nan
9/24/2026 12:52:45,1.17.3,StopSig,73,4.05,nan,1,NoPoke_Regular_(incorrect),Left,369,640,188,92400610,nan,nan,nan
9/24/2026 12:53:19,1.17.3,StopSig,73,4.05,nan,1,>Left_Stop_trial,Left,370,640,188,92434466,nan,nan,nan
9/24/2026 12:53:23,1.17.3,StopSig,73,4.05,nan,1,NoPoke_STOP_(correct),Left,370,640,188,92438578,nan,nan,nan
9/24/2026 12:53:24,1.17.3,StopSig,73,4.05,1,1,Pellet,Left,370,640,189,92438578,1.05,398,nan
9/24/2026 12:53:42,1.17.3,StopSig,73,4.05,nan,1,>Left_Stop_trial,Left,371,640,189,92457040,nan,nan,nan
9/24/2026 12:53:43,1.17.3,StopSig,73,4.05,nan,1,Right_STOP_(incorrect),Left,371,641,189,92458439,nan,nan,nan
9/24/2026 12:54:13,1.17.3,StopSig,73,4.05,nan,1,>Left_Regular_trial,Left,372,641,189,92488757,nan,nan,nan
9/24/2026 12:54:17,1.17.3,StopSig,73,4.05,nan,1,NoPoke_Regular_(incorrect),Left,372,641,189,92492582,nan,nan,nan
9/24/2026 12:56:53,1.17.3,StopSig,73,4.05,nan,1,>Left_Regular_trial,Left,373,641,189,92649067,nan,nan,nan
9/24/2026 12:56:57,1.17.3,StopSig,73,4.05,nan,1,NoPoke_Regular_(incorrect),Left,373,641,189,92652617,nan,nan,nan
9/24/2026 13:00:11,1.17.3,StopSig,73,4.05,nan,1,>Left_Stop_trial,Left,374,641,189,92846104,nan,nan,nan
9/24/2026 13:00:11,1.17.3,StopSig,73,4.05,nan,1,Right_STOP_(incorrect),Left,374,642,189,92847030,nan,nan,nan
9/24/2026 13:01:19,1.17.3,StopSig,73,4.05,nan,1,>Left_Regular_trial,Left,375,642,189,92914365,nan,nan,nan
9/24/2026 13:01:22,1.17.3,StopSig,73,4.05,nan,1,NoPoke_Regular_(incorrect),Left,375,642,189,92917626,nan,nan,nan
9/24/2026 13:02:06,1.17.3,StopSig,73,4.05,nan,1,>Left_Regular_trial,Left,376,642,189,92961374,nan,nan,nan
9/24/2026 13:02:09,1.17.3,StopSig,73,4.05,nan,1,NoPoke_Regular_(incorrect),Left,376,642,189,92964637,nan,nan,nan
9/24/2026 13:06:13,1.17.3,StopSig,73,4.05,nan,1,>Left_Regular_trial,Left,377,642,189,93208613,nan,nan,nan
9/24/2026 13:06:17,1.17.3,StopSig,73,4.05,nan,1,NoPoke_Regular_(incorrect),Left,377,642,189,93212723,nan,nan,nan
9/24/2026 13:06:49,1.17.3,StopSig,73,4.05,nan,1,Right_no_left,Left,377,643,189,93212723,nan,nan,nan
9/24/2026 13:07:17,1.17.3,StopSig,73,4.05,nan,1,>Left_Regular_trial,Left,378,643,189,93272728,nan,nan,nan
9/24/2026 13:07:18,1.17.3,StopSig,73,4.05,nan,1,Right_Regular_(correct),Left,378,644,189,93273870,nan,nan,nan
9/24/2026 13:07:20,1.17.3,StopSig,73,4.05,1,1,Pellet,Left,378,644,190,93273870,1.00,836,nan
9/24/2026 13:08:19,1.17.3,StopSig,73,4.05,nan,1,Right_no_left,Left,378,645,190,93273870,nan,nan,nan
9/24/2026 13:08:31,1.17.3,StopSig,73,4.05,nan,1,>Left_Regular_trial,Left,379,645,190,93346761,nan,nan,nan
9/24/2026 13:08:32,1.17.3,StopSig,73,4.05,nan,1,Right_Regular_(correct),Left,379,646,190,93347903,nan,nan,nan
9/24/2026 13:08:32,1.17.3,StopSig,73,4.04,nan,1,RightDuringDispense,Left,379,647,190,93347903,nan,nan,0.16
9/24/2026 13:08:36,1.17.3,StopSig,73,4.05,3,1,Pellet,Left,379,647,191,93347903,0.50,76,nan
9/24/2026 13:09:06,1.17.3,StopSig,73,4.05,nan,1,Right_no_left,Left,379,648,191,93347903,nan,nan,nan
9/24/2026 13:09:09,1.17.3,StopSig,73,4.05,nan,1,>Left_Stop_trial,Left,380,648,191,93384072,nan,nan,nan
9/24/2026 13:09:09,1.17.3,StopSig,73,4.05,nan,1,Right_STOP_(incorrect),Left,380,649,191,93385307,nan,nan,nan
9/24/2026 13:09:40,1.17.3,StopSig,73,4.05,nan,1,>Left_Regular_trial,Left,381,649,191,93415636,nan,nan,nan
9/24/2026 13:09:44,1.17.3,StopSig,73,4.05,nan,1,NoPoke_Regular_(incorrect),Left,381,649,191,93419744,nan,nan,nan
9/24/2026 13:11:29,1.17.3,StopSig,73,4.05,nan,1,Right_no_left,Left,381,650,191,93419744,nan,nan,nan
9/24/2026 13:11:29,1.17.3,StopSig,73,4.05,nan,1,Right_no_left,Left,381,651,191,93524844,nan,nan,nan
9/24/2026 13:14:09,1.17.3,StopSig,73,4.05,nan,1,>Left_Regular_trial,Left,382,651,191,93684339,nan,nan,nan
9/24/2026 13:14:12,1.17.3,StopSig,73,4.05,nan,1,NoPoke_Regular_(incorrect),Left,382,651,191,93687738,nan,nan,nan
9/24/2026 13:16:00,1.17.3,StopSig,73,4.05,nan,1,>Left_Stop_trial,Left,383,651,191,93794987,nan,nan,nan
9/24/2026 13:16:03,1.17.3,StopSig,73,4.05,nan,1,NoPoke_STOP_(correct),Left,383,651,191,93798646,nan,nan,nan
9/24/2026 13:16:07,1.17.3,StopSig,73,4.05,3,1,Pellet,Left,383,651,192,93798646,0.77,451,nan
9/24/2026 13:16:20,1.17.3,StopSig,73,4.05,nan,1,>Left_Regular_trial,Left,384,651,192,93815842,nan,nan,nan
9/24/2026 13:16:24,1.17.3,StopSig,73,4.05,nan,1,NoPoke_Regular_(incorrect),Left,384,651,192,93819669,nan,nan,nan
9/24/2026 13:19:23,1.17.3,StopSig,73,4.05,nan,1,>Left_Regular_trial,Left,385,651,192,93999127,nan,nan,nan
9/24/2026 13:19:27,1.17.3,StopSig,73,4.05,nan,1,NoPoke_Regular_(incorrect),Left,385,651,192,94002670,nan,nan,nan
9/24/2026 13:21:28,1.17.3,StopSig,73,4.05,nan,1,>Left_Regular_trial,Left,386,651,192,94124175,nan,nan,nan
9/24/2026 13:21:29,1.17.3,StopSig,73,4.05,nan,1,Right_Regular_(correct),Left,386,652,192,94125316,nan,nan,nan
9/24/2026 13:21:31,1.17.3,StopSig,73,4.05,2,1,Pellet,Left,386,652,193,94125316,0.72,324,nan
9/24/2026 13:21:45,1.17.3,StopSig,73,4.05,nan,1,>Left_Regular_trial,Left,387,652,193,94140898,nan,nan,nan
9/24/2026 13:21:47,1.17.3,StopSig,73,4.05,nan,1,Right_Regular_(correct),Left,387,653,193,94143454,nan,nan,nan
9/24/2026 13:21:49,1.17.3,StopSig,73,4.05,1,1,Pellet,Left,387,653,194,94143454,1.00,18,nan
9/24/2026 13:22:10,1.17.3,StopSig,73,4.05,nan,1,>Left_Regular_trial,Left,388,653,194,94165922,nan,nan,nan
9/24/2026 13:22:13,1.17.3,StopSig,73,4.05,nan,1,Right_Regular_(correct),Left,388,654,194,94169330,nan,nan,nan
9/24/2026 13:22:16,1.17.3,StopSig,73,4.05,2,1,Pellet,Left,388,654,195,94169330,0.39,27,nan
9/24/2026 13:22:33,1.17.3,StopSig,73,4.05,nan,1,Right_no_left,Left,388,655,195,94169330,nan,nan,nan
9/24/2026 13:22:37,1.17.3,StopSig,73,4.05,nan,1,Right_no_left,Left,388,656,195,94189350,nan,nan,nan
9/24/2026 13:22:38,1.17.3,StopSig,73,4.05,nan,1,Right_no_left,Left,388,657,195,94193607,nan,nan,nan
9/24/2026 13:22:41,1.17.3,StopSig,73,4.05,nan,1,>Left_Regular_trial,Left,389,657,195,94197015,nan,nan,nan
9/24/2026 13:22:42,1.17.3,StopSig,73,4.05,nan,1,Right_Regular_(correct),Left,389,658,195,94197874,nan,nan,nan
9/24/2026 13:22:42,1.17.3,StopSig,73,4.05,nan,1,RightDuringDispense,Left,389,659,195,94197874,nan,nan,0.26
9/24/2026 13:22:44,1.17.3,StopSig,73,4.05,1,1,Pellet,Left,389,659,196,94197874,0.50,28,nan
9/24/2026 13:23:00,1.17.3,StopSig,73,4.05,nan,1,Right_no_left,Left,389,660,196,94197874,nan,nan,nan
9/24/2026 13:23:01,1.17.3,StopSig,73,4.05,nan,1,Right_no_left,Left,389,661,196,94216446,nan,nan,nan
9/24/2026 13:23:02,1.17.3,StopSig,73,4.05,nan,1,Right_no_left,Left,389,662,196,94217164,nan,nan,nan
9/24/2026 13:23:05,1.17.3,StopSig,73,4.05,nan,1,>Left_Regular_trial,Left,390,662,196,94220997,nan,nan,nan
9/24/2026 13:23:06,1.17.3,StopSig,73,4.05,nan,1,Right_Regular_(correct),Left,390,663,196,94222146,nan,nan,nan
9/24/2026 13:23:06,1.17.3,StopSig,73,4.05,nan,1,RightDuringDispense,Left,390,664,196,94222146,nan,nan,0.02
9/24/2026 13:23:10,1.17.3,StopSig,73,4.05,3,1,Pellet,Left,390,664,197,94222146,0.05,26,nan
9/24/2026 13:23:55,1.17.3,StopSig,73,4.05,nan,1,Right_no_left,Left,390,665,197,94222146,nan,nan,nan
9/24/2026 13:24:26,1.17.3,StopSig,73,4.05,nan,1,>Left_Regular_trial,Left,391,665,197,94301640,nan,nan,nan
9/24/2026 13:24:30,1.17.3,StopSig,73,4.05,nan,1,NoPoke_Regular_(incorrect),Left,391,665,197,94305756,nan,nan,nan
9/24/2026 13:25:15,1.17.3,StopSig,73,4.05,nan,1,>Left_Regular_trial,Left,392,665,197,94350362,nan,nan,nan
9/24/2026 13:25:18,1.17.3,StopSig,73,4.05,nan,1,NoPoke_Regular_(incorrect),Left,392,665,197,94353767,nan,nan,nan
9/24/2026 13:35:58,1.17.3,StopSig,73,4.05,nan,1,Right_no_left,Left,392,666,197,94353767,nan,nan,nan
9/24/2026 13:36:05,1.17.3,StopSig,73,4.05,nan,1,>Left_Stop_trial,Left,393,666,197,95000400,nan,nan,nan
9/24/2026 13:36:05,1.17.3,StopSig,73,4.05,nan,1,Right_STOP_(incorrect),Left,393,667,197,95001293,nan,nan,nan
9/24/2026 14:12:58,1.17.3,StopSig,73,4.05,nan,1,Right_no_left,Left,393,668,197,95001293,nan,nan,nan
9/24/2026 14:49:17,1.17.3,StopSig,73,4.05,nan,1,Right_no_left,Left,393,669,197,97213855,nan,nan,nan
