MM:DD:YYYY hh:mm:ss,Library_Version,Session_type,Device_Number,Battery_Voltage,Motor_Turns,FR,Event,Active_Poke,Left_Poke_Count,Right_Poke_Count,Pellet_Count,Block_Pellet_Count,Retrieval_Time,InterPelletInterval,Poke_Time
9/28/2026 16:24:07,1.17.3,StopSig,57,4.18,nan,1,>Left_Regular_trial,Left,1,0,0,928361,nan,nan,nan
9/28/2026 16:24:08,1.17.3,StopSig,57,4.18,nan,1,Right_Regular_(correct),Left,1,1,0,929625,nan,nan,nan
9/28/2026 16:24:09,1.17.3,StopSig,57,4.18,nan,1,RightDuringDispense,Left,1,2,0,929625,nan,nan,0.13
9/28/2026 16:24:14,1.17.3,StopSig,57,4.10,nan,1,LeftDuringDispense,Left,2,2,0,929625,nan,nan,0.17
9/28/2026 16:24:14,1.17.3,StopSig,57,4.18,3,1,Pellet,Left,2,2,1,929625,0.33,nan,nan
9/28/2026 16:24:26,1.17.3,StopSig,57,4.17,nan,1,Right_no_left,Left,2,3,1,929625,nan,nan,nan
9/28/2026 16:24:26,1.17.3,StopSig,57,4.18,nan,1,Right_no_left,Left,2,4,1,947774,nan,nan,nan
9/28/2026 16:24:28,1.17.3,StopSig,57,4.18,nan,1,Right_no_left,Left,2,5,1,948056,nan,nan,nan
9/28/2026 16:25:35,1.17.3,StopSig,57,4.18,nan,1,>Left_Regular_trial,Left,3,5,1,1016492,nan,nan,nan
9/28/2026 16:25:36,1.17.3,StopSig,57,4.18,nan,1,Right_Regular_(correct),Left,3,6,1,1017622,nan,nan,nan
9/28/2026 16:25:37,1.17.3,StopSig,57,4.17,nan,1,RightDuringDispense,Left,3,7,1,1017622,nan,nan,0.22
9/28/2026 16:25:38,1.17.3,StopSig,57,4.18,1,1,Pellet,Left,3,7,2,1017622,0.44,84,nan
9/28/2026 16:25:46,1.17.3,StopSig,57,4.18,nan,1,>Left_Regular_trial,Left,4,7,2,1027409,nan,nan,nan
9/28/2026 16:25:47,1.17.3,StopSig,57,4.18,nan,1,Right_Regular_(correct),Left,4,8,2,1028393,nan,nan,nan
9/28/2026 16:25:48,1.17.3,StopSig,57,4.18,1,1,Pellet,Left,4,8,3,1028393,0.33,10,nan
9/28/2026 16:26:09,1.17.3,StopSig,57,4.18,nan,1,>Left_Regular_trial,Left,5,8,3,1050349,nan,nan,nan
9/28/2026 16:26:10,1.17.3,StopSig,57,4.18,nan,1,Right_Regular_(correct),Left,5,9,3,1051333,nan,nan,nan
9/28/2026 16:26:11,1.17.3,StopSig,57,4.18,1,1,Pellet,Left,5,9,4,1051333,0.27,23,nan
9/28/2026 16:26:20,1.17.3,StopSig,57,4.18,nan,1,Right_no_left,Left,5,10,4,1051333,nan,nan,nan
9/28/2026 16:26:21,1.17.3,StopSig,57,4.18,nan,1,Right_no_left,Left,5,11,4,1061926,nan,nan,nan
9/28/2026 16:26:22,1.17.3,StopSig,57,4.18,nan,1,>Left_Regular_trial,Left,6,11,4,1063612,nan,nan,nan
9/28/2026 16:26:23,1.17.3,StopSig,57,4.18,nan,1,Right_Regular_(correct),Left,6,12,4,1064878,nan,nan,nan
9/28/2026 16:26:24,1.17.3,StopSig,57,4.18,1,1,Pellet,Left,6,12,5,1064878,0.33,13,nan
9/28/2026 16:26:32,1.17.3,StopSig,57,4.18,nan,1,>Left_Regular_trial,Left,7,12,5,1073699,nan,nan,nan
9/28/2026 16:26:33,1.17.3,StopSig,57,4.18,nan,1,Right_Regular_(correct),Left,7,13,5,1074965,nan,nan,nan
9/28/2026 16:26:34,1.17.3,StopSig,57,4.18,1,1,Pellet,Left,7,13,6,1074965,0.33,10,nan
9/28/2026 16:26:45,1.17.3,StopSig,57,4.18,nan,1,>Left_Regular_trial,Left,8,13,6,1085950,nan,nan,nan
9/28/2026 16:26:46,1.17.3,StopSig,57,4.17,nan,1,Right_Regular_(correct),Left,8,14,6,1087358,nan,nan,nan
9/28/2026 16:26:47,1.17.3,StopSig,57,4.17,2,1,Pellet,Left,8,14,7,1087358,0.05,13,nan
9/28/2026 16:26:54,1.17.3,StopSig,57,4.18,nan,1,>Left_Regular_trial,Left,9,14,7,1095254,nan,nan,nan
9/28/2026 16:26:55,1.17.3,StopSig,57,4.18,nan,1,Right_Regular_(correct),Left,9,15,7,1096385,nan,nan,nan
9/28/2026 16:26:56,1.17.3,StopSig,57,4.18,1,1,Pellet,Left,9,15,8,1096385,0.22,9,nan
9/28/2026 16:27:06,1.17.3,StopSig,57,4.18,nan,1,>Left_Regular_trial,Left,10,15,8,1107013,nan,nan,nan
9/28/2026 16:27:08,1.17.3,StopSig,57,4.18,nan,1,Right_Regular_(correct),Left,10,16,8,1109546,nan,nan,nan
9/28/2026 16:27:09,1.17.3,StopSig,57,4.17,nan,1,RightDuringDispense,Left,10,17,8,1109546,nan,nan,0.24
9/28/2026 16:27:09,1.17.3,StopSig,57,4.11,nan,1,RightDuringDispense,Left,10,18,8,1109546,nan,nan,0.16
9/28/2026 16:27:10,1.17.3,StopSig,57,4.17,1,1,Pellet,Left,10,18,9,1109546,0.27,14,nan
9/28/2026 16:27:22,1.17.3,StopSig,57,4.18,nan,1,>Left_Regular_trial,Left,11,18,9,1123737,nan,nan,nan
9/28/2026 16:27:23,1.17.3,StopSig,57,4.18,nan,1,Right_Regular_(correct),Left,11,19,9,1124582,nan,nan,nan
9/28/2026 16:27:26,1.17.3,StopSig,57,4.18,2,1,Pellet,Left,11,19,10,1124582,0.33,16,nan
9/28/2026 16:27:32,1.17.3,StopSig,57,4.18,nan,1,>Left_Stop_trial,Left,12,19,10,1133304,nan,nan,nan
9/28/2026 16:27:33,1.17.3,StopSig,57,4.18,nan,1,Right_STOP_(incorrect),Left,12,20,10,1134681,nan,nan,nan
9/28/2026 16:28:04,1.17.3,StopSig,57,4.18,nan,1,>Left_Stop_trial,Left,13,20,10,1164988,nan,nan,nan
9/28/2026 16:28:07,1.17.3,StopSig,57,4.18,nan,1,NoPoke_STOP_(correct),Left,13,20,10,1168201,nan,nan,nan
9/28/2026 16:28:08,1.17.3,StopSig,57,4.18,1,1,Pellet,Left,13,20,11,1168201,0.39,42,nan
9/28/2026 16:28:18,1.17.3,StopSig,57,4.18,nan,1,Right_no_left,Left,13,21,11,1168201,nan,nan,nan
9/28/2026 16:28:18,1.17.3,StopSig,57,4.18,nan,1,Right_no_left,Left,13,22,11,1179222,nan,nan,nan
9/28/2026 16:28:19,1.17.3,StopSig,57,4.18,nan,1,Right_no_left,Left,13,23,11,1179927,nan,nan,nan
9/28/2026 16:28:21,1.17.3,StopSig,57,4.18,nan,1,>Left_Stop_trial,Left,14,23,11,1181337,nan,nan,nan
9/28/2026 16:28:24,1.17.3,StopSig,57,4.18,nan,1,NoPoke_STOP_(correct),Left,14,23,11,1185317,nan,nan,nan
9/28/2026 16:28:25,1.17.3,StopSig,57,4.18,1,1,Pellet,Left,14,23,12,1185317,0.50,17,nan
9/28/2026 16:28:36,1.17.3,StopSig,57,4.17,nan,1,>Left_Stop_trial,Left,15,23,12,1196833,nan,nan,nan
9/28/2026 16:28:36,1.17.3,StopSig,57,4.18,nan,1,Right_STOP_(incorrect),Left,15,24,12,1197865,nan,nan,nan
9/28/2026 16:29:07,1.17.3,StopSig,57,4.18,nan,1,>Left_Regular_trial,Left,16,24,12,1228172,nan,nan,nan
9/28/2026 16:29:11,1.17.3,StopSig,57,4.18,nan,1,NoPoke_Regular_(incorrect),Left,16,24,12,1232260,nan,nan,nan
9/28/2026 16:29:54,1.17.3,StopSig,57,4.18,nan,1,>Left_Regular_trial,Left,17,24,12,1275251,nan,nan,nan
9/28/2026 16:29:55,1.17.3,StopSig,57,4.18,nan,1,Right_Regular_(correct),Left,17,25,12,1276526,nan,nan,nan
9/28/2026 16:29:55,1.17.3,StopSig,57,4.18,nan,1,RightDuringDispense,Left,17,26,12,1276526,nan,nan,0.11
9/28/2026 16:29:56,1.17.3,StopSig,57,4.18,1,1,Pellet,Left,17,26,13,1276526,0.39,91,nan
9/28/2026 16:30:06,1.17.3,StopSig,57,4.18,nan,1,>Left_Regular_trial,Left,18,26,13,1287163,nan,nan,nan
9/28/2026 16:30:07,1.17.3,StopSig,57,4.18,nan,1,Right_Regular_(correct),Left,18,27,13,1288151,nan,nan,nan
9/28/2026 16:30:08,1.17.3,StopSig,57,4.18,1,1,Pellet,Left,18,27,14,1288151,0.22,12,nan
9/28/2026 16:30:17,1.17.3,StopSig,57,4.18,nan,1,>Left_Stop_trial,Left,19,27,14,1297749,nan,nan,nan
9/28/2026 16:30:17,1.17.3,StopSig,57,4.18,nan,1,Right_STOP_(incorrect),Left,19,28,14,1298956,nan,nan,nan
9/28/2026 16:30:48,1.17.3,StopSig,57,4.18,nan,1,>Left_Regular_trial,Left,20,28,14,1329264,nan,nan,nan
9/28/2026 16:30:52,1.17.3,StopSig,57,4.17,nan,1,NoPoke_Regular_(incorrect),Left,20,28,14,1333214,nan,nan,nan
9/28/2026 16:31:34,1.17.3,StopSig,57,4.18,nan,1,Right_no_left,Left,20,29,14,1333214,nan,nan,nan
9/28/2026 16:31:34,1.17.3,StopSig,57,4.17,nan,1,Right_no_left,Left,20,30,14,1375508,nan,nan,nan
9/28/2026 16:31:35,1.17.3,StopSig,57,4.18,nan,1,Right_no_left,Left,20,31,14,1376072,nan,nan,nan
9/28/2026 16:31:36,1.17.3,StopSig,57,4.18,nan,1,Right_no_left,Left,20,32,14,1376496,nan,nan,nan
9/28/2026 16:31:36,1.17.3,StopSig,57,4.18,nan,1,Right_no_left,Left,20,33,14,1377482,nan,nan,nan
9/28/2026 16:31:37,1.17.3,StopSig,57,4.18,nan,1,>Left_Regular_trial,Left,21,33,14,1378769,nan,nan,nan
9/28/2026 16:31:38,1.17.3,StopSig,57,4.18,nan,1,Right_Regular_(correct),Left,21,34,14,1379474,nan,nan,nan
9/28/2026 16:31:39,1.17.3,StopSig,57,4.17,1,1,Pellet,Left,21,34,15,1379474,0.50,91,nan
9/28/2026 16:31:47,1.17.3,StopSig,57,4.18,nan,1,>Left_Stop_trial,Left,22,34,15,1387800,nan,nan,nan
9/28/2026 16:31:47,1.17.3,StopSig,57,4.18,nan,1,Right_STOP_(incorrect),Left,22,35,15,1388715,nan,nan,nan
9/28/2026 16:32:18,1.17.3,StopSig,57,4.18,nan,1,>Left_Regular_trial,Left,23,35,15,1419029,nan,nan,nan
9/28/2026 16:32:20,1.17.3,StopSig,57,4.18,nan,1,Right_Regular_(correct),Left,23,36,15,1421709,nan,nan,nan
9/28/2026 16:32:21,1.17.3,StopSig,57,4.18,1,1,Pellet,Left,23,36,16,1421709,0.39,42,nan
9/28/2026 16:32:28,1.17.3,StopSig,57,4.18,nan,1,>Left_Regular_trial,Left,24,36,16,1428950,nan,nan,nan
9/28/2026 16:32:29,1.17.3,StopSig,57,4.18,nan,1,Right_Regular_(correct),Left,24,37,16,1430079,nan,nan,nan
9/28/2026 16:32:29,1.17.3,StopSig,57,4.18,nan,1,RightDuringDispense,Left,24,38,16,1430079,nan,nan,0.03
9/28/2026 16:32:30,1.17.3,StopSig,57,4.17,1,1,Pellet,Left,24,38,17,1430079,0.16,9,nan
9/28/2026 16:32:38,1.17.3,StopSig,57,4.18,nan,1,>Left_Regular_trial,Left,25,38,17,1439692,nan,nan,nan
9/28/2026 16:32:41,1.17.3,StopSig,57,4.18,nan,1,Right_Regular_(correct),Left,25,39,17,1442232,nan,nan,nan
9/28/2026 16:32:41,1.17.3,StopSig,57,4.18,nan,1,RightDuringDispense,Left,25,40,17,1442232,nan,nan,0.33
9/28/2026 16:32:42,1.17.3,StopSig,57,4.18,1,1,Pellet,Left,25,40,18,1442232,0.22,12,nan
9/28/2026 16:32:55,1.17.3,StopSig,57,4.17,nan,1,>Left_Regular_trial,Left,26,40,18,1456293,nan,nan,nan
9/28/2026 16:32:56,1.17.3,StopSig,57,4.18,nan,1,Right_Regular_(correct),Left,26,41,18,1457705,nan,nan,nan
9/28/2026 16:32:57,1.17.3,StopSig,57,4.18,1,1,Pellet,Left,26,41,19,1457705,0.16,15,nan
9/28/2026 16:33:05,1.17.3,StopSig,57,4.18,nan,1,>Left_Regular_trial,Left,27,41,19,1466622,nan,nan,nan
9/28/2026 16:33:07,1.17.3,StopSig,57,4.18,nan,1,Right_Regular_(correct),Left,27,42,19,1468037,nan,nan,nan
9/28/2026 16:33:08,1.17.3,StopSig,57,4.18,1,1,Pellet,Left,27,42,20,1468037,0.33,11,nan
9/28/2026 16:33:22,1.17.3,StopSig,57,4.18,nan,1,>Left_Regular_trial,Left,28,42,20,1482922,nan,nan,nan
9/28/2026 16:33:23,1.17.3,StopSig,57,4.17,nan,1,Right_Regular_(correct),Left,28,43,20,1484052,nan,nan,nan
9/28/2026 16:33:23,1.17.3,StopSig,57,4.17,1,1,Pellet,Left,28,43,21,1484052,0.16,15,nan
9/28/2026 16:33:36,1.17.3,StopSig,57,4.17,nan,1,>Left_Regular_trial,Left,29,43,21,1497318,nan,nan,nan
9/28/2026 16:33:37,1.17.3,StopSig,57,4.17,nan,1,Right_Regular_(correct),Left,29,44,21,1498312,nan,nan,nan
9/28/2026 16:33:38,1.17.3,StopSig,57,4.17,1,1,Pellet,Left,29,44,22,1498312,0.27,15,nan
9/28/2026 16:33:50,1.17.3,StopSig,57,4.18,nan,1,>Left_Stop_trial,Left,30,44,22,1511070,nan,nan,nan
9/28/2026 16:33:50,1.17.3,StopSig,57,4.18,nan,1,Right_STOP_(incorrect),Left,30,45,22,1511887,nan,nan,nan
9/28/2026 16:34:21,1.17.3,StopSig,57,4.18,nan,1,>Left_Stop_trial,Left,31,45,22,1542194,nan,nan,nan
9/28/2026 16:34:25,1.17.3,StopSig,57,4.17,nan,1,NoPoke_STOP_(correct),Left,31,45,22,1546268,nan,nan,nan
9/28/2026 16:34:55,1.17.3,StopSig,57,4.18,1,1,Pellet,Left,31,45,23,1546268,30.00,77,nan
9/28/2026 16:35:11,1.17.3,StopSig,57,4.18,nan,1,>Left_Stop_trial,Left,32,45,23,1592497,nan,nan,nan
9/28/2026 16:35:12,1.17.3,StopSig,57,4.18,nan,1,Right_STOP_(incorrect),Left,32,46,23,1593124,nan,nan,nan
9/28/2026 16:35:42,1.17.3,StopSig,57,4.18,nan,1,>Left_Regular_trial,Left,33,46,23,1623431,nan,nan,nan
9/28/2026 16:35:46,1.17.3,StopSig,57,4.18,nan,1,NoPoke_Regular_(incorrect),Left,33,46,23,1627260,nan,nan,nan
9/28/2026 16:37:40,1.17.3,StopSig,57,4.18,nan,1,Right_no_left,Left,33,47,23,1627260,nan,nan,nan
9/28/2026 16:37:41,1.17.3,StopSig,57,4.17,nan,1,Right_no_left,Left,33,48,23,1741818,nan,nan,nan
9/28/2026 16:37:42,1.17.3,StopSig,57,4.18,nan,1,>Left_Regular_trial,Left,34,48,23,1743089,nan,nan,nan
9/28/2026 16:37:42,1.17.3,StopSig,57,4.18,nan,1,Right_Regular_(correct),Left,34,49,23,1743795,nan,nan,nan
9/28/2026 16:37:43,1.17.3,StopSig,57,4.18,nan,1,RightDuringDispense,Left,34,50,23,1743795,nan,nan,0.00
9/28/2026 16:37:46,1.17.3,StopSig,57,4.18,2,1,Pellet,Left,34,50,24,1743795,0.16,171,nan
9/28/2026 16:37:56,1.17.3,StopSig,57,4.18,nan,1,>Left_Regular_trial,Left,35,50,24,1757612,nan,nan,nan
9/28/2026 16:37:57,1.17.3,StopSig,57,4.18,nan,1,Right_Regular_(correct),Left,35,51,24,1758741,nan,nan,nan
9/28/2026 16:37:58,1.17.3,StopSig,57,4.18,1,1,Pellet,Left,35,51,25,1758741,0.39,12,nan
9/28/2026 16:38:09,1.17.3,StopSig,57,4.18,nan,1,>Left_Regular_trial,Left,36,51,25,1770035,nan,nan,nan
9/28/2026 16:38:10,1.17.3,StopSig,57,4.18,nan,1,Right_Regular_(correct),Left,36,52,25,1771588,nan,nan,nan
9/28/2026 16:38:11,1.17.3,StopSig,57,4.18,nan,1,RightDuringDispense,Left,36,53,25,1771588,nan,nan,0.20
9/28/2026 16:38:11,1.17.3,StopSig,57,4.18,1,1,Pellet,Left,36,53,26,1771588,0.27,13,nan
9/28/2026 16:38:28,1.17.3,StopSig,57,4.18,nan,1,>Left_Regular_trial,Left,37,53,26,1788998,nan,nan,nan
9/28/2026 16:38:28,1.17.3,StopSig,57,4.17,nan,1,Right_Regular_(correct),Left,37,54,26,1789993,nan,nan,nan
9/28/2026 16:38:29,1.17.3,StopSig,57,4.17,1,1,Pellet,Left,37,54,27,1789993,0.16,18,nan
9/28/2026 16:38:44,1.17.3,StopSig,57,4.18,nan,1,>Left_Stop_trial,Left,38,54,27,1804720,nan,nan,nan
9/28/2026 16:38:44,1.17.3,StopSig,57,4.18,nan,1,Right_STOP_(incorrect),Left,38,55,27,1805845,nan,nan,nan
9/28/2026 16:39:15,1.17.3,StopSig,57,4.18,nan,1,>Left_Regular_trial,Left,39,55,27,1836153,nan,nan,nan
9/28/2026 16:39:15,1.17.3,StopSig,57,4.18,nan,1,Right_Regular_(correct),Left,39,56,27,1837007,nan,nan,nan
9/28/2026 16:39:17,1.17.3,StopSig,57,4.17,1,1,Pellet,Left,39,56,28,1837007,0.27,48,nan
9/28/2026 16:39:26,1.17.3,StopSig,57,4.18,nan,1,>Left_Regular_trial,Left,40,56,28,1847828,nan,nan,nan
9/28/2026 16:39:28,1.17.3,StopSig,57,4.18,nan,1,Right_Regular_(correct),Left,40,57,28,1849100,nan,nan,nan
9/28/2026 16:39:29,1.17.3,StopSig,57,4.18,1,1,Pellet,Left,40,57,29,1849100,0.39,12,nan
9/28/2026 16:39:37,1.17.3,StopSig,57,4.17,nan,1,Right_no_left,Left,40,58,29,1849100,nan,nan,nan
9/28/2026 16:39:40,1.17.3,StopSig,57,4.17,nan,1,>Left_Regular_trial,Left,41,58,29,1861357,nan,nan,nan
9/28/2026 16:39:41,1.17.3,StopSig,57,4.18,nan,1,Right_Regular_(correct),Left,41,59,29,1862346,nan,nan,nan
9/28/2026 16:39:51,1.17.3,StopSig,57,4.18,2,1,Pellet,Left,41,59,30,1862346,7.26,22,nan
9/28/2026 16:40:14,1.17.3,StopSig,57,4.18,nan,1,>Left_Stop_trial,Left,42,59,30,1894854,nan,nan,nan
9/28/2026 16:40:14,1.17.3,StopSig,57,4.17,nan,1,Right_STOP_(incorrect),Left,42,60,30,1895966,nan,nan,nan
9/28/2026 16:41:45,1.17.3,StopSig,57,4.18,nan,1,>Left_Regular_trial,Left,43,60,30,1986204,nan,nan,nan
9/28/2026 16:41:46,1.17.3,StopSig,57,4.17,nan,1,Right_Regular_(correct),Left,43,61,30,1987051,nan,nan,nan
9/28/2026 16:41:46,1.17.3,StopSig,57,4.17,nan,1,RightDuringDispense,Left,43,62,30,1987051,nan,nan,0.02
9/28/2026 16:41:47,1.17.3,StopSig,57,4.17,1,1,Pellet,Left,43,62,31,1987051,0.16,116,nan
9/28/2026 16:42:03,1.17.3,StopSig,57,4.18,nan,1,>Left_Regular_trial,Left,44,62,31,2004199,nan,nan,nan
9/28/2026 16:42:07,1.17.3,StopSig,57,4.17,nan,1,NoPoke_Regular_(incorrect),Left,44,62,31,2008305,nan,nan,nan
9/28/2026 16:43:05,1.17.3,StopSig,57,4.18,nan,1,Right_no_left,Left,44,63,31,2008305,nan,nan,nan
9/28/2026 16:43:06,1.17.3,StopSig,57,4.17,nan,1,Right_no_left,Left,44,64,31,2067083,nan,nan,nan
9/28/2026 16:43:08,1.17.3,StopSig,57,4.18,nan,1,>Left_Regular_trial,Left,45,64,31,2069056,nan,nan,nan
9/28/2026 16:43:08,1.17.3,StopSig,57,4.17,nan,1,Right_Regular_(correct),Left,45,65,31,2069903,nan,nan,nan
9/28/2026 16:43:09,1.17.3,StopSig,57,4.17,1,1,Pellet,Left,45,65,32,2069903,0.33,82,nan
9/28/2026 16:43:19,1.17.3,StopSig,57,4.17,nan,1,Right_no_left,Left,45,66,32,2069903,nan,nan,nan
9/28/2026 16:43:21,1.17.3,StopSig,57,4.17,nan,1,>Left_Regular_trial,Left,46,66,32,2082189,nan,nan,nan
9/28/2026 16:43:22,1.17.3,StopSig,57,4.18,nan,1,Right_Regular_(correct),Left,46,67,32,2083178,nan,nan,nan
9/28/2026 16:43:23,1.17.3,StopSig,57,4.17,1,1,Pellet,Left,46,67,33,2083178,0.16,14,nan
9/28/2026 16:43:36,1.17.3,StopSig,57,4.17,nan,1,>Left_Regular_trial,Left,47,67,33,2097411,nan,nan,nan
9/28/2026 16:43:37,1.17.3,StopSig,57,4.18,nan,1,Right_Regular_(correct),Left,47,68,33,2098398,nan,nan,nan
9/28/2026 16:43:38,1.17.3,StopSig,57,4.17,1,1,Pellet,Left,47,68,34,2098398,0.16,15,nan
9/28/2026 16:43:49,1.17.3,StopSig,57,4.17,nan,1,>Left_Stop_trial,Left,48,68,34,2110239,nan,nan,nan
9/28/2026 16:43:50,1.17.3,StopSig,57,4.18,nan,1,Right_STOP_(incorrect),Left,48,69,34,2111754,nan,nan,nan
9/28/2026 16:44:21,1.17.3,StopSig,57,4.16,nan,1,>Left_Regular_trial,Left,49,69,34,2142067,nan,nan,nan
9/28/2026 16:44:24,1.17.3,StopSig,57,4.17,nan,1,NoPoke_Regular_(incorrect),Left,49,69,34,2145311,nan,nan,nan
9/28/2026 16:46:09,1.17.3,StopSig,57,4.16,nan,1,>Left_Stop_trial,Left,50,69,34,2249963,nan,nan,nan
9/28/2026 16:46:12,1.17.3,StopSig,57,4.16,nan,1,NoPoke_STOP_(correct),Left,50,69,34,2253333,nan,nan,nan
9/28/2026 16:46:39,1.17.3,StopSig,57,4.17,1,1,Pellet,Left,50,69,35,2253333,26.23,181,nan
9/28/2026 16:48:14,1.17.3,StopSig,57,4.17,nan,1,>Left_Regular_trial,Left,51,69,35,2375133,nan,nan,nan
9/28/2026 16:48:14,1.17.3,StopSig,57,4.17,nan,1,Right_Regular_(correct),Left,51,70,35,2375839,nan,nan,nan
9/28/2026 16:48:38,1.17.3,StopSig,57,4.17,1,1,Pellet,Left,51,70,36,2375839,23.31,119,nan
9/28/2026 16:48:59,1.17.3,StopSig,57,4.18,nan,1,>Left_Regular_trial,Left,52,70,36,2420397,nan,nan,nan
9/28/2026 16:49:00,1.17.3,StopSig,57,4.17,nan,1,Right_Regular_(correct),Left,52,71,36,2421244,nan,nan,nan
9/28/2026 16:49:01,1.17.3,StopSig,57,4.17,1,1,Pellet,Left,52,71,37,2421244,0.22,23,nan
9/28/2026 16:49:22,1.17.3,StopSig,57,4.17,nan,1,Right_no_left,Left,52,72,37,2421244,nan,nan,nan
9/28/2026 16:49:24,1.17.3,StopSig,57,4.17,nan,1,>Left_Regular_trial,Left,53,72,37,2445545,nan,nan,nan
9/28/2026 16:49:25,1.17.3,StopSig,57,4.17,nan,1,Right_Regular_(correct),Left,53,73,37,2446392,nan,nan,nan
9/28/2026 16:49:26,1.17.3,StopSig,57,4.17,1,1,Pellet,Left,53,73,38,2446392,0.16,25,nan
9/28/2026 16:49:50,1.17.3,StopSig,57,4.17,nan,1,>Left_Stop_trial,Left,54,73,38,2471421,nan,nan,nan
9/28/2026 16:49:51,1.17.3,StopSig,57,4.17,nan,1,Right_STOP_(incorrect),Left,54,74,38,2472568,nan,nan,nan
9/28/2026 16:50:21,1.17.3,StopSig,57,4.18,nan,1,>Left_Regular_trial,Left,55,74,38,2502876,nan,nan,nan
9/28/2026 16:50:25,1.17.3,StopSig,57,4.17,nan,1,NoPoke_Regular_(incorrect),Left,55,74,38,2506263,nan,nan,nan
9/28/2026 16:52:14,1.17.3,StopSig,57,4.17,nan,1,Right_no_left,Left,55,75,38,2506263,nan,nan,nan
9/28/2026 16:52:16,1.17.3,StopSig,57,4.17,nan,1,>Left_Regular_trial,Left,56,75,38,2617244,nan,nan,nan
9/28/2026 16:52:20,1.17.3,StopSig,57,4.16,nan,1,NoPoke_Regular_(incorrect),Left,56,75,38,2621339,nan,nan,nan
9/28/2026 16:53:14,1.17.3,StopSig,57,4.18,nan,1,>Left_Regular_trial,Left,57,75,38,2674954,nan,nan,nan
9/28/2026 16:53:17,1.17.3,StopSig,57,4.18,nan,1,NoPoke_Regular_(incorrect),Left,57,75,38,2678341,nan,nan,nan
9/28/2026 16:54:09,1.17.3,StopSig,57,4.17,nan,1,>Left_Stop_trial,Left,58,75,38,2730092,nan,nan,nan
9/28/2026 16:54:09,1.17.3,StopSig,57,4.17,nan,1,Right_STOP_(incorrect),Left,58,76,38,2730843,nan,nan,nan
9/28/2026 16:58:35,1.17.3,StopSig,57,4.17,nan,1,>Left_Regular_trial,Left,59,76,38,2996148,nan,nan,nan
9/28/2026 16:58:36,1.17.3,StopSig,57,4.17,nan,1,Right_Regular_(correct),Left,59,77,38,2997279,nan,nan,nan
9/28/2026 16:58:36,1.17.3,StopSig,57,4.18,nan,1,RightDuringDispense,Left,59,78,38,2997279,nan,nan,0.16
9/28/2026 16:58:37,1.17.3,StopSig,57,4.10,nan,1,RightDuringDispense,Left,59,79,38,2997279,nan,nan,0.33
9/28/2026 16:58:47,1.17.3,StopSig,57,4.17,2,1,Pellet,Left,59,79,39,2997279,7.60,561,nan
9/28/2026 16:59:09,1.17.3,StopSig,57,4.17,nan,1,>Left_Regular_trial,Left,60,79,39,3030057,nan,nan,nan
9/28/2026 16:59:09,1.17.3,StopSig,57,4.18,nan,1,Right_Regular_(correct),Left,60,80,39,3030904,nan,nan,nan
9/28/2026 16:59:10,1.17.3,StopSig,57,4.18,1,1,Pellet,Left,60,80,40,3030904,0.22,23,nan
9/28/2026 16:59:30,1.17.3,StopSig,57,4.17,nan,1,>Left_Stop_trial,Left,61,80,40,3050822,nan,nan,nan
9/28/2026 16:59:30,1.17.3,StopSig,57,4.17,nan,1,Right_STOP_(incorrect),Left,61,81,40,3052073,nan,nan,nan
9/28/2026 17:00:01,1.17.3,StopSig,57,4.17,nan,1,>Left_Regular_trial,Left,62,81,40,3082381,nan,nan,nan
9/28/2026 17:00:05,1.17.3,StopSig,57,4.18,nan,1,NoPoke_Regular_(incorrect),Left,62,81,40,3086329,nan,nan,nan
9/28/2026 17:00:36,1.17.3,StopSig,57,4.17,nan,1,Right_no_left,Left,62,82,40,3086329,nan,nan,nan
9/28/2026 17:00:37,1.17.3,StopSig,57,4.17,nan,1,>Left_Regular_trial,Left,63,82,40,3118895,nan,nan,nan
9/28/2026 17:00:38,1.17.3,StopSig,57,4.17,nan,1,Right_Regular_(correct),Left,63,83,40,3119466,nan,nan,nan
9/28/2026 17:00:39,1.17.3,StopSig,57,4.17,1,1,Pellet,Left,63,83,41,3119466,0.22,89,nan
9/28/2026 17:00:52,1.17.3,StopSig,57,4.17,nan,1,>Left_Regular_trial,Left,64,83,41,3133284,nan,nan,nan
9/28/2026 17:00:53,1.17.3,StopSig,57,4.18,nan,1,Right_Regular_(correct),Left,64,84,41,3134412,nan,nan,nan
9/28/2026 17:00:54,1.17.3,StopSig,57,4.17,1,1,Pellet,Left,64,84,42,3134412,0.50,15,nan
9/28/2026 17:01:06,1.17.3,StopSig,57,4.17,nan,1,>Left_Regular_trial,Left,65,84,42,3147697,nan,nan,nan
9/28/2026 17:01:07,1.17.3,StopSig,57,4.17,nan,1,Right_Regular_(correct),Left,65,85,42,3148262,nan,nan,nan
9/28/2026 17:01:07,1.17.3,StopSig,57,4.17,nan,1,RightDuringDispense,Left,65,86,42,3148262,nan,nan,0.17
9/28/2026 17:01:16,1.17.3,StopSig,57,4.17,4,1,Pellet,Left,65,86,43,3148262,3.18,22,nan
9/28/2026 17:01:34,1.17.3,StopSig,57,4.17,nan,1,>Left_Regular_trial,Left,66,86,43,3175598,nan,nan,nan
9/28/2026 17:01:35,1.17.3,StopSig,57,4.17,nan,1,Right_Regular_(correct),Left,66,87,43,3176451,nan,nan,nan
9/28/2026 17:01:36,1.17.3,StopSig,57,4.17,2,1,Pellet,Left,66,87,44,3176451,0.16,20,nan
9/28/2026 17:01:54,1.17.3,StopSig,57,4.16,nan,1,>Left_Regular_trial,Left,67,87,44,3194998,nan,nan,nan
9/28/2026 17:01:54,1.17.3,StopSig,57,4.18,nan,1,Right_Regular_(correct),Left,67,88,44,3195703,nan,nan,nan
9/28/2026 17:01:57,1.17.3,StopSig,57,4.17,2,1,Pellet,Left,67,88,45,3195703,0.27,21,nan
9/28/2026 17:02:13,1.17.3,StopSig,57,4.17,nan,1,>Left_Regular_trial,Left,68,88,45,3214427,nan,nan,nan
9/28/2026 17:02:14,1.17.3,StopSig,57,4.18,nan,1,Right_Regular_(correct),Left,68,89,45,3215423,nan,nan,nan
9/28/2026 17:02:15,1.17.3,StopSig,57,4.17,1,1,Pellet,Left,68,89,46,3215423,0.16,18,nan
9/28/2026 17:02:29,1.17.3,StopSig,57,4.17,nan,1,Right_no_left,Left,68,90,46,3215423,nan,nan,nan
9/28/2026 17:02:30,1.17.3,StopSig,57,4.17,nan,1,Right_no_left,Left,68,91,46,3230645,nan,nan,nan
9/28/2026 17:02:32,1.17.3,StopSig,57,4.17,nan,1,>Left_Regular_trial,Left,69,91,46,3233609,nan,nan,nan
9/28/2026 17:02:33,1.17.3,StopSig,57,4.17,nan,1,Right_Regular_(correct),Left,69,92,46,3234462,nan,nan,nan
9/28/2026 17:02:34,1.17.3,StopSig,57,4.17,2,1,Pellet,Left,69,92,47,3234462,0.05,19,nan
9/28/2026 17:02:48,1.17.3,StopSig,57,4.16,nan,1,>Left_Regular_trial,Left,70,92,47,3249296,nan,nan,nan
9/28/2026 17:02:49,1.17.3,StopSig,57,4.17,nan,1,Right_Regular_(correct),Left,70,93,47,3250706,nan,nan,nan
9/28/2026 17:02:50,1.17.3,StopSig,57,4.17,1,1,Pellet,Left,70,93,48,3250706,0.22,16,nan
9/28/2026 17:03:00,1.17.3,StopSig,57,4.17,nan,1,Right_no_left,Left,70,94,48,3250706,nan,nan,nan
9/28/2026 17:03:02,1.17.3,StopSig,57,4.17,nan,1,>Left_Regular_trial,Left,71,94,48,3263253,nan,nan,nan
9/28/2026 17:03:03,1.17.3,StopSig,57,4.17,nan,1,Right_Regular_(correct),Left,71,95,48,3265085,nan,nan,nan
9/28/2026 17:03:06,1.17.3,StopSig,57,4.17,2,1,Pellet,Left,71,95,49,3265085,0.16,16,nan
9/28/2026 17:03:20,1.17.3,StopSig,57,4.18,nan,1,>Left_Regular_trial,Left,72,95,49,3281137,nan,nan,nan
9/28/2026 17:03:20,1.17.3,StopSig,57,4.17,nan,1,Right_Regular_(correct),Left,72,96,49,3281990,nan,nan,nan
9/28/2026 17:03:21,1.17.3,StopSig,57,4.16,1,1,Pellet,Left,72,96,50,3281990,0.39,15,nan
9/28/2026 17:03:31,1.17.3,StopSig,57,4.17,nan,1,Right_no_left,Left,72,97,50,3281990,nan,nan,nan
9/28/2026 17:03:33,1.17.3,StopSig,57,4.17,nan,1,>Left_Regular_trial,Left,73,97,50,3294216,nan,nan,nan
9/28/2026 17:03:34,1.17.3,StopSig,57,4.17,nan,1,Right_Regular_(correct),Left,73,98,50,3295345,nan,nan,nan
9/28/2026 17:03:35,1.17.3,StopSig,57,4.16,1,1,Pellet,Left,73,98,51,3295345,0.33,14,nan
9/28/2026 17:06:16,1.17.3,StopSig,57,4.17,nan,1,Right_no_left,Left,73,99,51,3295345,nan,nan,nan
9/28/2026 17:07:38,1.17.3,StopSig,57,4.17,nan,1,Right_no_left,Left,73,100,51,3457938,nan,nan,nan
9/28/2026 17:08:43,1.17.3,StopSig,57,4.17,nan,1,Right_no_left,Left,73,101,51,3539798,nan,nan,nan
9/28/2026 17:13:42,1.17.3,StopSig,57,4.17,nan,1,Right_no_left,Left,73,102,51,3605106,nan,nan,nan
9/28/2026 17:13:45,1.17.3,StopSig,57,4.17,nan,1,Right_no_left,Left,73,103,51,3903646,nan,nan,nan
9/28/2026 17:13:48,1.17.3,StopSig,57,4.18,nan,1,>Left_Regular_trial,Left,74,103,51,3909143,nan,nan,nan
9/28/2026 17:13:51,1.17.3,StopSig,57,4.17,nan,1,NoPoke_Regular_(incorrect),Left,74,103,51,3912384,nan,nan,nan
9/28/2026 17:42:27,1.17.3,StopSig,57,4.17,nan,1,>Left_Regular_trial,Left,75,103,51,5628931,nan,nan,nan
9/28/2026 17:42:29,1.17.3,StopSig,57,4.16,nan,1,Right_Regular_(correct),Left,75,104,51,5630483,nan,nan,nan
9/28/2026 17:42:29,1.17.3,StopSig,57,4.16,nan,1,RightDuringDispense,Left,75,105,51,5630483,nan,nan,0.26
9/28/2026 17:42:33,1.17.3,StopSig,57,4.16,2,1,Pellet,Left,75,105,52,5630483,0.39,2338,nan
9/28/2026 17:42:49,1.17.3,StopSig,57,4.16,nan,1,>Left_Regular_trial,Left,76,105,52,5650227,nan,nan,nan
9/28/2026 17:42:49,1.17.3,StopSig,57,4.17,nan,1,Right_Regular_(correct),Left,76,106,52,5650933,nan,nan,nan
9/28/2026 17:42:50,1.17.3,StopSig,57,4.16,nan,1,RightDuringDispense,Left,76,107,52,5650933,nan,nan,0.11
9/28/2026 17:42:55,1.17.3,StopSig,57,4.16,3,1,Pellet,Left,76,107,53,5650933,0.44,22,nan
9/28/2026 17:43:33,1.17.3,StopSig,57,4.17,nan,1,>Left_Regular_trial,Left,77,107,53,5694853,nan,nan,nan
9/28/2026 17:43:37,1.17.3,StopSig,57,4.16,nan,1,NoPoke_Regular_(incorrect),Left,77,107,53,5698379,nan,nan,nan
9/28/2026 17:45:11,1.17.3,StopSig,57,4.17,nan,1,>Left_Regular_trial,Left,78,107,53,5792267,nan,nan,nan
9/28/2026 17:45:11,1.17.3,StopSig,57,4.17,nan,1,Right_Regular_(correct),Left,78,108,53,5793115,nan,nan,nan
9/28/2026 17:45:13,1.17.3,StopSig,57,4.16,1,1,Pellet,Left,78,108,54,5793115,1.00,138,nan
9/28/2026 17:45:29,1.17.3,StopSig,57,4.16,nan,1,>Left_Regular_trial,Left,79,108,54,5810897,nan,nan,nan
9/28/2026 17:45:30,1.17.3,StopSig,57,4.17,nan,1,Right_Regular_(correct),Left,79,109,54,5811744,nan,nan,nan
9/28/2026 17:45:31,1.17.3,StopSig,57,4.16,1,1,Pellet,Left,79,109,55,5811744,0.27,18,nan
9/28/2026 17:45:45,1.17.3,StopSig,57,4.16,nan,1,>Left_Regular_trial,Left,80,109,55,5826593,nan,nan,nan
9/28/2026 17:45:46,1.17.3,StopSig,57,4.17,nan,1,Right_Regular_(correct),Left,80,110,55,5827306,nan,nan,nan
9/28/2026 17:45:46,1.17.3,StopSig,57,4.16,nan,1,RightDuringDispense,Left,80,111,55,5827306,nan,nan,0.07
9/28/2026 17:45:47,1.17.3,StopSig,57,4.17,1,1,Pellet,Left,80,111,56,5827306,0.38,16,nan
9/28/2026 17:46:03,1.17.3,StopSig,57,4.17,nan,1,>Left_Regular_trial,Left,81,111,56,5844593,nan,nan,nan
9/28/2026 17:46:04,1.17.3,StopSig,57,4.17,nan,1,Right_Regular_(correct),Left,81,112,56,5845440,nan,nan,nan
9/28/2026 17:46:05,1.17.3,StopSig,57,4.16,1,1,Pellet,Left,81,112,57,5845440,0.16,18,nan
9/28/2026 17:46:20,1.17.3,StopSig,57,4.16,nan,1,>Left_Regular_trial,Left,82,112,57,5861878,nan,nan,nan
9/28/2026 17:46:22,1.17.3,StopSig,57,4.16,nan,1,Right_Regular_(correct),Left,82,113,57,5863854,nan,nan,nan
9/28/2026 17:46:23,1.17.3,StopSig,57,4.17,1,1,Pellet,Left,82,113,58,5863854,0.33,18,nan
9/28/2026 17:46:38,1.17.3,StopSig,57,4.17,nan,1,>Left_Regular_trial,Left,83,113,58,5879675,nan,nan,nan
9/28/2026 17:46:40,1.17.3,StopSig,57,4.16,nan,1,Right_Regular_(correct),Left,83,114,58,5881511,nan,nan,nan
9/28/2026 17:46:41,1.17.3,StopSig,57,4.16,1,1,Pellet,Left,83,114,59,5881511,0.22,18,nan
9/28/2026 17:46:59,1.17.3,StopSig,57,4.16,nan,1,>Left_Regular_trial,Left,84,114,59,5900880,nan,nan,nan
9/28/2026 17:47:01,1.17.3,StopSig,57,4.17,nan,1,Right_Regular_(correct),Left,84,115,59,5902290,nan,nan,nan
9/28/2026 17:47:01,1.17.3,StopSig,57,4.16,nan,1,RightDuringDispense,Left,84,116,59,5902290,nan,nan,0.20
9/28/2026 17:47:02,1.17.3,StopSig,57,4.16,1,1,Pellet,Left,84,116,60,5902290,0.22,21,nan
9/28/2026 17:54:14,1.17.3,StopSig,57,4.17,nan,1,>Left_Stop_trial,Left,85,116,60,6335097,nan,nan,nan
9/28/2026 17:54:17,1.17.3,StopSig,57,4.16,nan,1,NoPoke_STOP_(correct),Left,85,116,60,6338400,nan,nan,nan
9/28/2026 17:55:00,1.17.3,StopSig,57,4.16,nan,1,RightWithPellet,Left,85,117,60,6338400,nan,nan,0.23
9/28/2026 17:55:01,1.17.3,StopSig,57,4.17,1,1,Pellet,Left,85,117,61,6338400,43.27,479,nan
9/28/2026 17:55:22,1.17.3,StopSig,57,4.16,nan,1,Right_no_left,Left,85,118,61,6338400,nan,nan,nan
9/28/2026 17:55:23,1.17.3,StopSig,57,4.16,nan,1,Right_no_left,Left,85,119,61,6404195,nan,nan,nan
9/28/2026 17:55:24,1.17.3,StopSig,57,4.17,nan,1,Right_no_left,Left,85,120,61,6405043,nan,nan,nan
9/28/2026 17:55:26,1.17.3,StopSig,57,4.17,nan,1,>Left_Regular_trial,Left,86,120,61,6407302,nan,nan,nan
9/28/2026 17:55:27,1.17.3,StopSig,57,4.16,nan,1,Right_Regular_(correct),Left,86,121,61,6408715,nan,nan,nan
9/28/2026 17:55:27,1.17.3,StopSig,57,4.16,nan,1,RightDuringDispense,Left,86,122,61,6408715,nan,nan,0.22
9/28/2026 17:55:36,1.17.3,StopSig,57,4.16,2,1,Pellet,Left,86,122,62,6408715,6.26,35,nan
9/28/2026 17:56:00,1.17.3,StopSig,57,4.16,nan,1,>Left_Stop_trial,Left,87,122,62,6441099,nan,nan,nan
9/28/2026 17:56:00,1.17.3,StopSig,57,4.16,nan,1,Right_STOP_(incorrect),Left,87,123,62,6441972,nan,nan,nan
9/28/2026 17:58:47,1.17.3,StopSig,57,4.16,nan,1,>Left_Regular_trial,Left,88,123,62,6608584,nan,nan,nan
9/28/2026 17:58:51,1.17.3,StopSig,57,4.16,nan,1,NoPoke_Regular_(incorrect),Left,88,123,62,6612402,nan,nan,nan
9/28/2026 18:07:37,1.17.3,StopSig,57,4.16,nan,1,>Left_Regular_trial,Left,89,123,62,7138141,nan,nan,nan
9/28/2026 18:07:39,1.17.3,StopSig,57,4.16,nan,1,Right_Regular_(correct),Left,89,124,62,7140403,nan,nan,nan
9/28/2026 18:07:40,1.17.3,StopSig,57,4.16,1,1,Pellet,Left,89,124,63,7140403,0.27,724,nan
9/28/2026 18:07:55,1.17.3,StopSig,57,4.16,nan,1,>Left_Regular_trial,Left,90,124,63,7156533,nan,nan,nan
9/28/2026 18:07:56,1.17.3,StopSig,57,4.16,nan,1,Right_Regular_(correct),Left,90,125,63,7157805,nan,nan,nan
9/28/2026 18:07:57,1.17.3,StopSig,57,4.16,1,1,Pellet,Left,90,125,64,7157805,0.33,17,nan
9/28/2026 18:08:12,1.17.3,StopSig,57,4.16,nan,1,Right_no_left,Left,90,126,64,7157805,nan,nan,nan
9/28/2026 18:08:15,1.17.3,StopSig,57,4.16,nan,1,>Left_Regular_trial,Left,91,126,64,7176649,nan,nan,nan
9/28/2026 18:08:17,1.17.3,StopSig,57,4.16,nan,1,Right_Regular_(correct),Left,91,127,64,7178345,nan,nan,nan
9/28/2026 18:08:17,1.17.3,StopSig,57,4.16,nan,1,RightDuringDispense,Left,91,128,64,7178345,nan,nan,0.14
9/28/2026 18:08:27,1.17.3,StopSig,57,4.16,4,1,Pellet,Left,91,128,65,7178345,3.35,30,nan
9/28/2026 18:08:45,1.17.3,StopSig,57,4.16,nan,1,>Left_Regular_trial,Left,92,128,65,7206722,nan,nan,nan
9/28/2026 18:08:47,1.17.3,StopSig,57,4.16,nan,1,Right_Regular_(correct),Left,92,129,65,7208420,nan,nan,nan
9/28/2026 18:08:47,1.17.3,StopSig,57,4.16,nan,1,RightDuringDispense,Left,92,130,65,7208420,nan,nan,0.01
9/28/2026 18:08:58,1.17.3,StopSig,57,4.16,2,1,Pellet,Left,92,130,66,7208420,7.94,31,nan
9/28/2026 18:09:14,1.17.3,StopSig,57,4.16,nan,1,>Left_Regular_trial,Left,93,130,66,7235404,nan,nan,nan
9/28/2026 18:09:15,1.17.3,StopSig,57,4.16,nan,1,Right_Regular_(correct),Left,93,131,66,7236818,nan,nan,nan
9/28/2026 18:09:16,1.17.3,StopSig,57,4.16,1,1,Pellet,Left,93,131,67,7236818,0.27,18,nan
9/28/2026 18:09:31,1.17.3,StopSig,57,4.16,nan,1,Right_no_left,Left,93,132,67,7236818,nan,nan,nan
9/28/2026 18:09:32,1.17.3,StopSig,57,4.16,nan,1,Right_no_left,Left,93,133,67,7253113,nan,nan,nan
9/28/2026 18:09:32,1.17.3,StopSig,57,4.16,nan,1,Right_no_left,Left,93,134,67,7253686,nan,nan,nan
9/28/2026 18:09:35,1.17.3,StopSig,57,4.16,nan,1,>Left_Stop_trial,Left,94,134,67,7255664,nan,nan,nan
9/28/2026 18:09:35,1.17.3,StopSig,57,4.16,nan,1,Right_STOP_(incorrect),Left,94,135,67,7256589,nan,nan,nan
9/28/2026 18:10:06,1.17.3,StopSig,57,4.16,nan,1,>Left_Stop_trial,Left,95,135,67,7286897,nan,nan,nan
9/28/2026 18:10:09,1.17.3,StopSig,57,4.16,nan,1,NoPoke_STOP_(correct),Left,95,135,67,7290536,nan,nan,nan
9/28/2026 18:20:00,1.17.3,StopSig,57,4.16,1,1,Pellet,Left,95,135,68,7290536,Timed_out,644,nan
9/28/2026 18:28:50,1.17.3,StopSig,57,4.16,nan,1,>Left_Regular_trial,Left,96,135,68,8411366,nan,nan,nan
9/28/2026 18:28:51,1.17.3,StopSig,57,4.16,nan,1,Right_Regular_(correct),Left,96,136,68,8413064,nan,nan,nan
9/28/2026 18:28:53,1.17.3,StopSig,57,4.16,1,1,Pellet,Left,96,136,69,8413064,0.78,533,nan
9/28/2026 18:29:07,1.17.3,StopSig,57,4.16,nan,1,>Left_Stop_trial,Left,97,136,69,8428481,nan,nan,nan
9/28/2026 18:29:07,1.17.3,StopSig,57,4.16,nan,1,Right_STOP_(incorrect),Left,97,137,69,8429253,nan,nan,nan
9/28/2026 18:31:11,1.17.3,StopSig,57,4.15,nan,1,Right_no_left,Left,97,138,69,8429253,nan,nan,nan
9/28/2026 18:31:12,1.17.3,StopSig,57,4.16,nan,1,Right_no_left,Left,97,139,69,8552915,nan,nan,nan
9/28/2026 18:31:13,1.17.3,StopSig,57,4.15,nan,1,Right_no_left,Left,97,140,69,8554045,nan,nan,nan
9/28/2026 18:34:41,1.17.3,StopSig,57,4.15,nan,1,>Left_Stop_trial,Left,98,140,69,8762509,nan,nan,nan
9/28/2026 18:34:45,1.17.3,StopSig,57,4.16,nan,1,NoPoke_STOP_(correct),Left,98,140,69,8766589,nan,nan,nan
9/28/2026 18:34:51,1.17.3,StopSig,57,4.16,1,1,Pellet,Left,98,140,70,8766589,5.47,358,nan
9/28/2026 18:37:44,1.17.3,StopSig,57,4.16,nan,1,Right_no_left,Left,98,141,70,8766589,nan,nan,nan
9/28/2026 18:38:29,1.17.3,StopSig,57,4.16,nan,1,>Left_Stop_trial,Left,99,141,70,8989688,nan,nan,nan
9/28/2026 18:38:32,1.17.3,StopSig,57,4.16,nan,1,NoPoke_STOP_(correct),Left,99,141,70,8993531,nan,nan,nan
9/28/2026 18:38:33,1.17.3,StopSig,57,4.16,1,1,Pellet,Left,99,141,71,8993531,0.55,222,nan
9/28/2026 18:44:34,1.17.3,StopSig,57,4.16,nan,1,Right_no_left,Left,99,142,71,8993531,nan,nan,nan
9/28/2026 19:01:55,1.17.3,StopSig,57,4.16,nan,1,>Left_Stop_trial,Left,100,142,71,10395915,nan,nan,nan
9/28/2026 19:01:58,1.17.3,StopSig,57,4.16,nan,1,NoPoke_STOP_(correct),Left,100,142,71,10399677,nan,nan,nan
9/28/2026 19:02:07,1.17.3,StopSig,57,4.16,1,1,Pellet,Left,100,142,72,10399677,8.99,1414,nan
9/28/2026 19:42:08,1.17.3,StopSig,57,4.16,nan,1,>Left_Regular_trial,Left,101,142,72,12810236,nan,nan,nan
9/28/2026 19:42:09,1.17.3,StopSig,57,4.15,nan,1,Right_Regular_(correct),Left,101,143,72,12811375,nan,nan,nan
9/28/2026 19:42:10,1.17.3,StopSig,57,4.15,nan,1,RightDuringDispense,Left,101,144,72,12811375,nan,nan,0.10
9/28/2026 19:42:11,1.17.3,StopSig,57,4.15,1,1,Pellet,Left,101,144,73,12811375,0.44,2404,nan
9/28/2026 19:42:23,1.17.3,StopSig,57,4.15,nan,1,Right_no_left,Left,101,145,73,12811375,nan,nan,nan
9/28/2026 19:42:23,1.17.3,StopSig,57,4.16,nan,1,Right_no_left,Left,101,146,73,12825154,nan,nan,nan
9/28/2026 19:42:24,1.17.3,StopSig,57,4.16,nan,1,Right_no_left,Left,101,147,73,12825587,nan,nan,nan
9/28/2026 19:42:25,1.17.3,StopSig,57,4.16,nan,1,Right_no_left,Left,101,148,73,12826155,nan,nan,nan
9/28/2026 19:42:26,1.17.3,StopSig,57,4.16,nan,1,Right_no_left,Left,101,149,73,12827428,nan,nan,nan
9/28/2026 19:42:26,1.17.3,StopSig,57,4.16,nan,1,Right_no_left,Left,101,150,73,12827855,nan,nan,nan
9/28/2026 19:42:29,1.17.3,StopSig,57,4.16,nan,1,>Left_Stop_trial,Left,102,150,73,12830258,nan,nan,nan
9/28/2026 19:42:29,1.17.3,StopSig,57,4.15,nan,1,Right_STOP_(incorrect),Left,102,151,73,12831327,nan,nan,nan
9/28/2026 19:46:10,1.17.3,StopSig,57,4.16,nan,1,>Left_Stop_trial,Left,103,151,73,13051843,nan,nan,nan
9/28/2026 19:46:14,1.17.3,StopSig,57,4.16,nan,1,NoPoke_STOP_(correct),Left,103,151,73,13055754,nan,nan,nan
9/28/2026 19:46:32,1.17.3,StopSig,57,4.16,1,1,Pellet,Left,103,151,74,13055754,17.86,261,nan
9/28/2026 19:46:49,1.17.3,StopSig,57,4.16,nan,1,>Left_Stop_trial,Left,104,151,74,13090205,nan,nan,nan
9/28/2026 19:46:52,1.17.3,StopSig,57,4.16,nan,1,NoPoke_STOP_(correct),Left,104,151,74,13093750,nan,nan,nan
9/28/2026 19:47:18,1.17.3,StopSig,57,4.16,1,1,Pellet,Left,104,151,75,13093750,25.21,46,nan
9/28/2026 20:03:57,1.17.3,StopSig,57,4.15,nan,1,Right_no_left,Left,104,152,75,13093750,nan,nan,nan
9/28/2026 20:04:32,1.17.3,StopSig,57,4.15,nan,1,>Left_Stop_trial,Left,105,152,75,14153845,nan,nan,nan
9/28/2026 20:04:36,1.17.3,StopSig,57,4.15,nan,1,NoPoke_STOP_(correct),Left,105,152,75,14157763,nan,nan,nan
9/28/2026 20:05:04,1.17.3,StopSig,57,4.15,2,1,Pellet,Left,105,152,76,14157763,24.90,1065,nan
9/28/2026 20:07:47,1.17.3,StopSig,57,4.15,nan,1,Right_no_left,Left,105,153,76,14157763,nan,nan,nan
9/28/2026 20:08:52,1.17.3,StopSig,57,4.16,nan,1,Right_no_left,Left,105,154,76,14349003,nan,nan,nan
9/28/2026 20:13:54,1.17.3,StopSig,57,4.15,nan,1,Right_no_left,Left,105,155,76,14414119,nan,nan,nan
9/28/2026 20:13:57,1.17.3,StopSig,57,4.16,nan,1,>Left_Regular_trial,Left,106,155,76,14718785,nan,nan,nan
9/28/2026 20:13:59,1.17.3,StopSig,57,4.15,nan,1,Right_Regular_(correct),Left,106,156,76,14720644,nan,nan,nan
9/28/2026 20:14:00,1.17.3,StopSig,57,4.15,1,1,Pellet,Left,106,156,77,14720644,0.83,537,nan
9/28/2026 20:18:47,1.17.3,StopSig,57,4.15,nan,1,Right_no_left,Left,106,157,77,14720644,nan,nan,nan
9/28/2026 20:18:47,1.17.3,StopSig,57,4.15,nan,1,Right_no_left,Left,106,158,77,15008768,nan,nan,nan
9/28/2026 20:18:48,1.17.3,StopSig,57,4.15,nan,1,Right_no_left,Left,106,159,77,15009054,nan,nan,nan
9/28/2026 20:18:50,1.17.3,StopSig,57,4.15,nan,1,Right_no_left,Left,106,160,77,15010336,nan,nan,nan
9/28/2026 20:18:52,1.17.3,StopSig,57,4.15,nan,1,>Left_Stop_trial,Left,107,160,77,15013450,nan,nan,nan
9/28/2026 20:18:52,1.17.3,StopSig,57,4.15,nan,1,Right_STOP_(incorrect),Left,107,161,77,15014490,nan,nan,nan
9/28/2026 20:41:58,1.17.3,StopSig,57,4.15,nan,1,>Left_Stop_trial,Left,108,161,77,16399850,nan,nan,nan
9/28/2026 20:42:02,1.17.3,StopSig,57,4.15,nan,1,NoPoke_STOP_(correct),Left,108,161,77,16403809,nan,nan,nan
9/28/2026 20:42:49,1.17.3,StopSig,57,4.15,1,1,Pellet,Left,108,161,78,16403809,46.19,1729,nan
9/28/2026 20:43:10,1.17.3,StopSig,57,4.14,nan,1,Right_no_left,Left,108,162,78,16403809,nan,nan,nan
9/28/2026 20:43:11,1.17.3,StopSig,57,4.15,nan,1,Right_no_left,Left,108,163,78,16472704,nan,nan,nan
9/28/2026 20:43:49,1.17.3,StopSig,57,4.14,nan,1,>Left_Regular_trial,Left,109,163,78,16511208,nan,nan,nan
9/28/2026 20:43:53,1.17.3,StopSig,57,4.15,nan,1,NoPoke_Regular_(incorrect),Left,109,163,78,16514890,nan,nan,nan
9/28/2026 20:45:06,1.17.3,StopSig,57,4.14,nan,1,Right_no_left,Left,109,164,78,16514890,nan,nan,nan
9/28/2026 21:03:58,1.17.3,StopSig,57,4.15,nan,1,Right_no_left,Left,109,165,78,16588215,nan,nan,nan
9/28/2026 21:03:58,1.17.3,StopSig,57,4.14,nan,1,Right_no_left,Left,109,166,78,17720146,nan,nan,nan
9/28/2026 21:04:01,1.17.3,StopSig,57,4.14,nan,1,>Left_Regular_trial,Left,110,166,78,17723258,nan,nan,nan
9/28/2026 21:04:02,1.17.3,StopSig,57,4.14,nan,1,Right_Regular_(correct),Left,110,167,78,17724533,nan,nan,nan
9/28/2026 21:04:03,1.17.3,StopSig,57,4.15,nan,1,RightDuringDispense,Left,110,168,78,17724533,nan,nan,0.12
9/28/2026 21:04:06,1.17.3,StopSig,57,4.14,2,1,Pellet,Left,110,168,79,17724533,0.16,1277,nan
9/28/2026 21:04:44,1.17.3,StopSig,57,4.14,nan,1,Right_no_left,Left,110,169,79,17724533,nan,nan,nan
9/28/2026 21:04:45,1.17.3,StopSig,57,4.14,nan,1,Right_no_left,Left,110,170,79,17766599,nan,nan,nan
9/28/2026 21:04:45,1.17.3,StopSig,57,4.14,nan,1,Right_no_left,Left,110,171,79,17767167,nan,nan,nan
9/28/2026 21:04:47,1.17.3,StopSig,57,4.14,nan,1,>Left_Regular_trial,Left,111,171,79,17769149,nan,nan,nan
9/28/2026 21:04:48,1.17.3,StopSig,57,4.15,nan,1,Right_Regular_(correct),Left,111,172,79,17770138,nan,nan,nan
9/28/2026 21:04:49,1.17.3,StopSig,57,4.14,1,1,Pellet,Left,111,172,80,17770138,0.38,43,nan
9/28/2026 21:05:10,1.17.3,StopSig,57,4.15,nan,1,>Left_Stop_trial,Left,112,172,80,17791078,nan,nan,nan
9/28/2026 21:05:10,1.17.3,StopSig,57,4.14,nan,1,Right_STOP_(incorrect),Left,112,173,80,17792256,nan,nan,nan
9/28/2026 21:05:41,1.17.3,StopSig,57,4.15,nan,1,>Left_Regular_trial,Left,113,173,80,17822572,nan,nan,nan
9/28/2026 21:05:44,1.17.3,StopSig,57,4.14,nan,1,NoPoke_Regular_(incorrect),Left,113,173,80,17825963,nan,nan,nan
9/28/2026 21:10:21,1.17.3,StopSig,57,4.14,nan,1,Right_no_left,Left,113,174,80,17825963,nan,nan,nan
9/28/2026 21:12:46,1.17.3,StopSig,57,4.14,nan,1,>Left_Regular_trial,Left,114,174,80,18248099,nan,nan,nan
9/28/2026 21:12:48,1.17.3,StopSig,57,4.14,nan,1,Right_Regular_(correct),Left,114,175,80,18250640,nan,nan,nan
9/28/2026 21:12:50,1.17.3,StopSig,57,4.14,1,1,Pellet,Left,114,175,81,18250640,0.61,481,nan
9/28/2026 21:17:57,1.17.3,StopSig,57,4.14,nan,1,>Left_Stop_trial,Left,115,175,81,18559021,nan,nan,nan
9/28/2026 21:18:01,1.17.3,StopSig,57,4.14,nan,1,NoPoke_STOP_(correct),Left,115,175,81,18562860,nan,nan,nan
9/28/2026 21:18:10,1.17.3,StopSig,57,4.15,1,1,Pellet,Left,115,175,82,18562860,8.44,320,nan
9/28/2026 21:26:22,1.17.3,StopSig,57,4.14,nan,1,>Left_Stop_trial,Left,116,175,82,19063096,nan,nan,nan
9/28/2026 21:26:25,1.17.3,StopSig,57,4.14,nan,1,NoPoke_STOP_(correct),Left,116,175,82,19066965,nan,nan,nan
9/28/2026 21:26:26,1.17.3,StopSig,57,4.07,nan,1,RightDuringDispense,Left,116,176,82,19066965,nan,nan,0.15
9/28/2026 21:26:27,1.17.3,StopSig,57,4.14,1,1,Pellet,Left,116,176,83,19066965,0.61,497,nan
9/28/2026 21:37:52,1.17.3,StopSig,57,4.15,nan,1,Right_no_left,Left,116,177,83,19066965,nan,nan,nan
9/28/2026 21:37:54,1.17.3,StopSig,57,4.14,nan,1,Right_no_left,Left,116,178,83,19754757,nan,nan,nan
9/28/2026 21:37:57,1.17.3,StopSig,57,4.14,nan,1,Right_no_left,Left,116,179,83,19756741,nan,nan,nan
9/28/2026 21:37:58,1.17.3,StopSig,57,4.14,nan,1,>Left_Regular_trial,Left,117,179,83,19760551,nan,nan,nan
9/28/2026 21:38:02,1.17.3,StopSig,57,4.14,nan,1,NoPoke_Regular_(incorrect),Left,117,179,83,19763937,nan,nan,nan
9/28/2026 21:49:24,1.17.3,StopSig,57,4.14,nan,1,Right_no_left,Left,117,180,83,19763937,nan,nan,nan
9/28/2026 21:49:26,1.17.3,StopSig,57,4.14,nan,1,>Left_Stop_trial,Left,118,180,83,20447535,nan,nan,nan
9/28/2026 21:49:27,1.17.3,StopSig,57,4.14,nan,1,Right_STOP_(incorrect),Left,118,181,83,20448850,nan,nan,nan
9/28/2026 21:52:59,1.17.3,StopSig,57,4.14,nan,1,Right_no_left,Left,118,182,83,20448850,nan,nan,nan
9/28/2026 21:53:00,1.17.3,StopSig,57,4.14,nan,1,Right_no_left,Left,118,183,83,20661156,nan,nan,nan
9/28/2026 21:53:12,1.17.3,StopSig,57,4.14,nan,1,Right_no_left,Left,118,184,83,20662006,nan,nan,nan
9/28/2026 21:53:13,1.17.3,StopSig,57,4.14,nan,1,Right_no_left,Left,118,185,83,20674579,nan,nan,nan
9/28/2026 21:53:15,1.17.3,StopSig,57,4.14,nan,1,Right_no_left,Left,118,186,83,20675011,nan,nan,nan
9/28/2026 22:10:25,1.17.3,StopSig,57,4.14,nan,1,Right_no_left,Left,118,187,83,20677132,nan,nan,nan
9/28/2026 22:10:30,1.17.3,StopSig,57,4.14,nan,1,Right_no_left,Left,118,188,83,21707914,nan,nan,nan
9/28/2026 22:19:44,1.17.3,StopSig,57,4.14,nan,1,Right_no_left,Left,118,189,83,21712431,nan,nan,nan
9/28/2026 22:19:45,1.17.3,StopSig,57,4.14,nan,1,>Left_Regular_trial,Left,119,189,83,22267075,nan,nan,nan
9/28/2026 22:19:45,1.17.3,StopSig,57,4.14,nan,1,Right_Regular_(correct),Left,119,190,83,22267649,nan,nan,nan
9/28/2026 22:19:46,1.17.3,StopSig,57,4.14,nan,1,RightDuringDispense,Left,119,191,83,22267649,nan,nan,0.11
9/28/2026 22:19:47,1.17.3,StopSig,57,4.14,1,1,Pellet,Left,119,191,84,22267649,0.39,3200,nan
9/28/2026 22:20:49,1.17.3,StopSig,57,4.14,nan,1,Right_no_left,Left,119,192,84,22267649,nan,nan,nan
9/28/2026 22:20:50,1.17.3,StopSig,57,4.14,nan,1,Right_no_left,Left,119,193,84,22331737,nan,nan,nan
9/28/2026 22:20:50,1.17.3,StopSig,57,4.14,nan,1,Right_no_left,Left,119,194,84,22332170,nan,nan,nan
9/28/2026 22:20:51,1.17.3,StopSig,57,4.14,nan,1,Right_no_left,Left,119,195,84,22332737,nan,nan,nan
9/28/2026 22:20:53,1.17.3,StopSig,57,4.14,nan,1,>Left_Regular_trial,Left,120,195,84,22334998,nan,nan,nan
9/28/2026 22:20:54,1.17.3,StopSig,57,4.14,nan,1,Right_Regular_(correct),Left,120,196,84,22335848,nan,nan,nan
9/28/2026 22:20:56,1.17.3,StopSig,57,4.14,2,1,Pellet,Left,120,196,85,22335848,0.22,69,nan
9/28/2026 22:22:01,1.17.3,StopSig,57,4.14,nan,1,>Left_Stop_trial,Left,121,196,85,22402504,nan,nan,nan
9/28/2026 22:22:01,1.17.3,StopSig,57,4.14,nan,1,Right_STOP_(incorrect),Left,121,197,85,22403458,nan,nan,nan
9/28/2026 22:25:26,1.17.3,StopSig,57,4.14,nan,1,Right_no_left,Left,121,198,85,22403458,nan,nan,nan
9/28/2026 22:25:29,1.17.3,StopSig,57,4.14,nan,1,Right_no_left,Left,121,199,85,22608556,nan,nan,nan
9/28/2026 22:25:31,1.17.3,StopSig,57,4.14,nan,1,>Left_Regular_trial,Left,122,199,85,22613500,nan,nan,nan
9/28/2026 22:25:32,1.17.3,StopSig,57,4.14,nan,1,Right_Regular_(correct),Left,122,200,85,22614358,nan,nan,nan
9/28/2026 22:25:33,1.17.3,StopSig,57,4.14,1,1,Pellet,Left,122,200,86,22614358,0.27,277,nan
9/28/2026 22:27:09,1.17.3,StopSig,57,4.14,nan,1,Right_no_left,Left,122,201,86,22614358,nan,nan,nan
9/28/2026 22:27:42,1.17.3,StopSig,57,4.14,nan,1,Right_no_left,Left,122,202,86,22711703,nan,nan,nan
9/28/2026 22:31:23,1.17.3,StopSig,57,4.14,nan,1,>Left_Regular_trial,Left,123,202,86,22965069,nan,nan,nan
9/28/2026 22:31:23,1.17.3,StopSig,57,4.13,nan,1,Right_Regular_(correct),Left,123,203,86,22965785,nan,nan,nan
9/28/2026 22:31:25,1.17.3,StopSig,57,4.14,1,1,Pellet,Left,123,203,87,22965785,0.50,352,nan
9/28/2026 22:34:02,1.17.3,StopSig,57,4.14,nan,1,Right_no_left,Left,123,204,87,22965785,nan,nan,nan
9/28/2026 22:39:18,1.17.3,StopSig,57,4.14,nan,1,>Left_Stop_trial,Left,124,204,87,23440104,nan,nan,nan
9/28/2026 22:39:19,1.17.3,StopSig,57,4.14,nan,1,Right_STOP_(incorrect),Left,124,205,87,23441457,nan,nan,nan
9/28/2026 22:53:36,1.17.3,StopSig,57,4.14,nan,1,>Left_Stop_trial,Left,125,205,87,24298038,nan,nan,nan
9/28/2026 22:53:40,1.17.3,StopSig,57,4.13,nan,1,NoPoke_STOP_(correct),Left,125,205,87,24302174,nan,nan,nan
9/28/2026 22:54:02,1.17.3,StopSig,57,4.14,2,1,Pellet,Left,125,205,88,24302174,19.45,1357,nan
9/28/2026 22:54:35,1.17.3,StopSig,57,4.13,nan,1,Right_no_left,Left,125,206,88,24302174,nan,nan,nan
9/28/2026 22:54:35,1.17.3,StopSig,57,4.13,nan,1,Right_no_left,Left,125,207,88,24357175,nan,nan,nan
9/28/2026 22:58:04,1.17.3,StopSig,57,4.13,nan,1,Right_no_left,Left,125,208,88,24357608,nan,nan,nan
9/28/2026 22:58:08,1.17.3,StopSig,57,4.13,nan,1,Right_no_left,Left,125,209,88,24566104,nan,nan,nan
9/28/2026 22:58:09,1.17.3,StopSig,57,4.14,nan,1,Right_no_left,Left,125,210,88,24570070,nan,nan,nan
9/28/2026 22:58:09,1.17.3,StopSig,57,4.14,nan,1,Right_no_left,Left,125,211,88,24571487,nan,nan,nan
9/28/2026 22:58:11,1.17.3,StopSig,57,4.13,nan,1,>Left_Regular_trial,Left,126,211,88,24573609,nan,nan,nan
9/28/2026 22:58:12,1.17.3,StopSig,57,4.14,nan,1,Right_Regular_(correct),Left,126,212,88,24574618,nan,nan,nan
9/28/2026 22:58:13,1.17.3,StopSig,57,4.14,1,1,Pellet,Left,126,212,89,24574618,0.50,251,nan
9/28/2026 22:58:47,1.17.3,StopSig,57,4.14,nan,1,>Left_Stop_trial,Left,127,212,89,24608832,nan,nan,nan
9/28/2026 22:58:47,1.17.3,StopSig,57,4.13,nan,1,Right_STOP_(incorrect),Left,127,213,89,24609580,nan,nan,nan
9/28/2026 22:59:21,1.17.3,StopSig,57,4.14,nan,1,>Left_Regular_trial,Left,128,213,89,24642996,nan,nan,nan
9/28/2026 22:59:22,1.17.3,StopSig,57,4.14,nan,1,Right_Regular_(correct),Left,128,214,89,24644136,nan,nan,nan
9/28/2026 22:59:22,1.17.3,StopSig,57,4.13,nan,1,RightDuringDispense,Left,128,215,89,24644136,nan,nan,0.13
9/28/2026 22:59:26,1.17.3,StopSig,57,4.14,2,1,Pellet,Left,128,215,90,24644136,0.72,73,nan
9/28/2026 22:59:56,1.17.3,StopSig,57,4.13,nan,1,Right_no_left,Left,128,216,90,24644136,nan,nan,nan
9/28/2026 22:59:57,1.17.3,StopSig,57,4.13,nan,1,Right_no_left,Left,128,217,90,24678662,nan,nan,nan
9/28/2026 22:59:57,1.17.3,StopSig,57,4.14,nan,1,Right_no_left,Left,128,218,90,24679095,nan,nan,nan
9/28/2026 23:01:07,1.17.3,StopSig,57,4.13,nan,1,Right_no_left,Left,128,219,90,24679663,nan,nan,nan
9/28/2026 23:07:33,1.17.3,StopSig,57,4.14,nan,1,Right_no_left,Left,128,220,90,24749615,nan,nan,nan
9/28/2026 23:07:36,1.17.3,StopSig,57,4.13,nan,1,>Left_Regular_trial,Left,129,220,90,25138164,nan,nan,nan
9/28/2026 23:07:37,1.17.3,StopSig,57,4.13,nan,1,Right_Regular_(correct),Left,129,221,90,25139297,nan,nan,nan
9/28/2026 23:07:40,1.17.3,StopSig,57,4.14,2,1,Pellet,Left,129,221,91,25139297,0.27,494,nan
9/28/2026 23:14:29,1.17.3,StopSig,57,4.13,nan,1,>Left_Regular_trial,Left,130,221,91,25551745,nan,nan,nan
9/28/2026 23:14:33,1.17.3,StopSig,57,4.13,nan,1,NoPoke_Regular_(incorrect),Left,130,221,91,25555130,nan,nan,nan
9/28/2026 23:17:28,1.17.3,StopSig,57,4.14,nan,1,>Left_Regular_trial,Left,131,221,91,25730781,nan,nan,nan
9/28/2026 23:17:30,1.17.3,StopSig,57,4.13,nan,1,Right_Regular_(correct),Left,131,222,91,25732051,nan,nan,nan
9/28/2026 23:17:30,1.17.3,StopSig,57,4.14,nan,1,RightDuringDispense,Left,131,223,91,25732051,nan,nan,0.14
9/28/2026 23:17:31,1.17.3,StopSig,57,4.14,1,1,Pellet,Left,131,223,92,25732051,0.27,591,nan
9/28/2026 23:18:46,1.17.3,StopSig,57,4.14,nan,1,>Left_Stop_trial,Left,132,223,92,25807873,nan,nan,nan
9/28/2026 23:18:46,1.17.3,StopSig,57,4.13,nan,1,Right_STOP_(incorrect),Left,132,224,92,25808662,nan,nan,nan
9/29/2026 0:03:10,1.17.3,StopSig,57,4.13,nan,1,Right_no_left,Left,132,225,92,25808662,nan,nan,nan
9/29/2026 0:03:11,1.17.3,StopSig,57,4.13,nan,1,Right_no_left,Left,132,226,92,28473068,nan,nan,nan
9/29/2026 0:03:12,1.17.3,StopSig,57,4.14,nan,1,Right_no_left,Left,132,227,92,28473494,nan,nan,nan
9/29/2026 0:03:15,1.17.3,StopSig,57,4.13,nan,1,Right_no_left,Left,132,228,92,28475193,nan,nan,nan
9/29/2026 0:03:15,1.17.3,StopSig,57,4.13,nan,1,Right_no_left,Left,132,229,92,28477597,nan,nan,nan
9/29/2026 0:03:44,1.17.3,StopSig,57,4.13,nan,1,>Left_Regular_trial,Left,133,229,92,28506565,nan,nan,nan
9/29/2026 0:03:45,1.17.3,StopSig,57,4.13,nan,1,Right_Regular_(correct),Left,133,230,92,28507985,nan,nan,nan
9/29/2026 0:03:46,1.17.3,StopSig,57,4.13,nan,1,RightDuringDispense,Left,133,231,92,28507985,nan,nan,0.13
9/29/2026 0:03:47,1.17.3,StopSig,57,4.12,1,1,Pellet,Left,133,231,93,28507985,0.50,2776,nan
9/29/2026 0:04:18,1.17.3,StopSig,57,4.13,nan,1,>Left_Regular_trial,Left,134,231,93,28540283,nan,nan,nan
9/29/2026 0:04:19,1.17.3,StopSig,57,4.13,nan,1,Right_Regular_(correct),Left,134,232,93,28541273,nan,nan,nan
9/29/2026 0:04:20,1.17.3,StopSig,57,4.14,1,1,Pellet,Left,134,232,94,28541273,0.27,33,nan
9/29/2026 0:04:39,1.17.3,StopSig,57,4.12,nan,1,Right_no_left,Left,134,233,94,28541273,nan,nan,nan
9/29/2026 0:04:42,1.17.3,StopSig,57,4.12,nan,1,>Left_Regular_trial,Left,135,233,94,28564257,nan,nan,nan
9/29/2026 0:04:44,1.17.3,StopSig,57,4.13,nan,1,Right_Regular_(correct),Left,135,234,94,28566095,nan,nan,nan
9/29/2026 0:04:44,1.17.3,StopSig,57,4.13,nan,1,RightDuringDispense,Left,135,235,94,28566095,nan,nan,0.16
9/29/2026 0:04:45,1.17.3,StopSig,57,4.13,1,1,Pellet,Left,135,235,95,28566095,0.22,25,nan
9/29/2026 0:05:04,1.17.3,StopSig,57,4.12,nan,1,>Left_Regular_trial,Left,136,235,95,28585935,nan,nan,nan
9/29/2026 0:05:04,1.17.3,StopSig,57,4.13,nan,1,Right_Regular_(correct),Left,136,236,95,28586656,nan,nan,nan
9/29/2026 0:05:05,1.17.3,StopSig,57,4.12,1,1,Pellet,Left,136,236,96,28586656,0.27,20,nan
9/29/2026 0:05:21,1.17.3,StopSig,57,4.13,nan,1,>Left_Stop_trial,Left,137,236,96,28602883,nan,nan,nan
9/29/2026 0:05:22,1.17.3,StopSig,57,4.13,nan,1,Right_STOP_(incorrect),Left,137,237,96,28604397,nan,nan,nan
9/29/2026 0:13:14,1.17.3,StopSig,57,4.13,nan,1,>Left_Regular_trial,Left,138,237,96,29075982,nan,nan,nan
9/29/2026 0:13:16,1.17.3,StopSig,57,4.13,nan,1,Right_Regular_(correct),Left,138,238,96,29078527,nan,nan,nan
9/29/2026 0:13:19,1.17.3,StopSig,57,4.12,2,1,Pellet,Left,138,238,97,29078527,0.33,494,nan
9/29/2026 0:14:00,1.17.3,StopSig,57,4.13,nan,1,>Left_Regular_trial,Left,139,238,97,29122746,nan,nan,nan
9/29/2026 0:14:04,1.17.3,StopSig,57,4.13,nan,1,NoPoke_Regular_(incorrect),Left,139,238,97,29126283,nan,nan,nan
9/29/2026 0:14:36,1.17.3,StopSig,57,4.13,nan,1,Right_no_left,Left,139,239,97,29126283,nan,nan,nan
9/29/2026 0:14:38,1.17.3,StopSig,57,4.12,nan,1,Right_no_left,Left,139,240,97,29158572,nan,nan,nan
9/29/2026 0:27:33,1.17.3,StopSig,57,4.12,nan,1,Right_no_left,Left,139,241,97,29160268,nan,nan,nan
9/29/2026 0:27:35,1.17.3,StopSig,57,4.13,nan,1,Right_no_left,Left,139,242,97,29935736,nan,nan,nan
9/29/2026 0:27:36,1.17.3,StopSig,57,4.12,nan,1,>Left_Regular_trial,Left,140,242,97,29938708,nan,nan,nan
9/29/2026 0:27:37,1.17.3,StopSig,57,4.12,nan,1,Right_Regular_(correct),Left,140,243,97,29939981,nan,nan,nan
9/29/2026 0:27:38,1.17.3,StopSig,57,4.12,1,1,Pellet,Left,140,243,98,29939981,0.27,859,nan
9/29/2026 0:28:06,1.17.3,StopSig,57,4.12,nan,1,Right_no_left,Left,140,244,98,29939981,nan,nan,nan
9/29/2026 0:28:08,1.17.3,StopSig,57,4.13,nan,1,>Left_Regular_trial,Left,141,244,98,29970886,nan,nan,nan
9/29/2026 0:28:09,1.17.3,StopSig,57,4.12,nan,1,Right_Regular_(correct),Left,141,245,98,29971883,nan,nan,nan
9/29/2026 0:28:10,1.17.3,StopSig,57,4.12,nan,1,RightDuringDispense,Left,141,246,98,29971883,nan,nan,0.13
9/29/2026 0:28:11,1.17.3,StopSig,57,4.12,1,1,Pellet,Left,141,246,99,29971883,0.39,33,nan
9/29/2026 0:28:47,1.17.3,StopSig,57,4.13,nan,1,Right_no_left,Left,141,247,99,29971883,nan,nan,nan
9/29/2026 0:28:52,1.17.3,StopSig,57,4.12,nan,1,>Left_Regular_trial,Left,142,247,99,30014802,nan,nan,nan
9/29/2026 0:28:56,1.17.3,StopSig,57,4.13,nan,1,NoPoke_Regular_(incorrect),Left,142,247,99,30018341,nan,nan,nan
9/29/2026 0:48:53,1.17.3,StopSig,57,4.12,nan,1,>Left_Regular_trial,Left,143,247,99,31215160,nan,nan,nan
9/29/2026 0:48:56,1.17.3,StopSig,57,4.12,nan,1,NoPoke_Regular_(incorrect),Left,143,247,99,31218409,nan,nan,nan
9/29/2026 1:17:28,1.17.3,StopSig,57,4.12,nan,1,>Left_Regular_trial,Left,144,247,99,32930870,nan,nan,nan
9/29/2026 1:17:29,1.17.3,StopSig,57,4.12,nan,1,Right_Regular_(correct),Left,144,248,99,32932141,nan,nan,nan
9/29/2026 1:17:31,1.17.3,StopSig,57,4.12,1,1,Pellet,Left,144,248,100,32932141,0.72,2960,nan
9/29/2026 1:17:49,1.17.3,StopSig,57,4.12,nan,1,>Left_Regular_trial,Left,145,248,100,32952003,nan,nan,nan
9/29/2026 1:17:52,1.17.3,StopSig,57,4.12,nan,1,Right_Regular_(correct),Left,145,249,100,32954546,nan,nan,nan
9/29/2026 1:17:52,1.17.3,StopSig,57,4.12,nan,1,RightDuringDispense,Left,145,250,100,32954546,nan,nan,0.14
9/29/2026 1:17:53,1.17.3,StopSig,57,4.12,1,1,Pellet,Left,145,250,101,32954546,0.27,22,nan
9/29/2026 1:18:09,1.17.3,StopSig,57,4.12,nan,1,>Left_Regular_trial,Left,146,250,101,32971574,nan,nan,nan
9/29/2026 1:18:10,1.17.3,StopSig,57,4.12,nan,1,Right_Regular_(correct),Left,146,251,101,32972847,nan,nan,nan
9/29/2026 1:18:11,1.17.3,StopSig,57,4.11,1,1,Pellet,Left,146,251,102,32972847,0.27,18,nan
9/29/2026 1:18:38,1.17.3,StopSig,57,4.12,nan,1,>Left_Regular_trial,Left,147,251,102,33000509,nan,nan,nan
9/29/2026 1:18:39,1.17.3,StopSig,57,4.12,nan,1,Right_Regular_(correct),Left,147,252,102,33001499,nan,nan,nan
9/29/2026 1:18:42,1.17.3,StopSig,57,4.11,2,1,Pellet,Left,147,252,103,33001499,0.16,31,nan
9/29/2026 1:18:59,1.17.3,StopSig,57,4.12,nan,1,>Left_Regular_trial,Left,148,252,103,33021959,nan,nan,nan
9/29/2026 1:19:02,1.17.3,StopSig,57,4.12,nan,1,Right_Regular_(correct),Left,148,253,103,33024504,nan,nan,nan
9/29/2026 1:19:02,1.17.3,StopSig,57,4.12,nan,1,RightDuringDispense,Left,148,254,103,33024504,nan,nan,0.21
9/29/2026 1:19:03,1.17.3,StopSig,57,4.12,1,1,Pellet,Left,148,254,104,33024504,0.33,21,nan
9/29/2026 1:19:25,1.17.3,StopSig,57,4.12,nan,1,>Left_Regular_trial,Left,149,254,104,33047963,nan,nan,nan
9/29/2026 1:19:26,1.17.3,StopSig,57,4.12,nan,1,Right_Regular_(correct),Left,149,255,104,33048812,nan,nan,nan
9/29/2026 1:19:27,1.17.3,StopSig,57,4.12,1,1,Pellet,Left,149,255,105,33048812,0.16,24,nan
9/29/2026 1:19:42,1.17.3,StopSig,57,4.12,nan,1,>Left_Regular_trial,Left,150,255,105,33064977,nan,nan,nan
9/29/2026 1:19:43,1.17.3,StopSig,57,4.12,nan,1,Right_Regular_(correct),Left,150,256,105,33065828,nan,nan,nan
9/29/2026 1:19:44,1.17.3,StopSig,57,4.12,1,1,Pellet,Left,150,256,106,33065828,0.44,17,nan
9/29/2026 1:36:34,1.17.3,StopSig,57,4.12,nan,1,>Left_Regular_trial,Left,151,256,106,34076493,nan,nan,nan
9/29/2026 1:36:34,1.17.3,StopSig,57,4.12,nan,1,Right_Regular_(correct),Left,151,257,106,34077061,nan,nan,nan
9/29/2026 1:36:36,1.17.3,StopSig,57,4.12,1,1,Pellet,Left,151,257,107,34077061,0.50,1012,nan
9/29/2026 1:36:52,1.17.3,StopSig,57,4.12,nan,1,>Left_Regular_trial,Left,152,257,107,34094959,nan,nan,nan
9/29/2026 1:36:53,1.17.3,StopSig,57,4.12,nan,1,Right_Regular_(correct),Left,152,258,107,34095815,nan,nan,nan
9/29/2026 1:36:54,1.17.3,StopSig,57,4.12,1,1,Pellet,Left,152,258,108,34095815,0.33,18,nan
9/29/2026 1:37:11,1.17.3,StopSig,57,4.12,nan,1,>Left_Regular_trial,Left,153,258,108,34113162,nan,nan,nan
9/29/2026 1:37:12,1.17.3,StopSig,57,4.12,nan,1,Right_Regular_(correct),Left,153,259,108,34114861,nan,nan,nan
9/29/2026 1:37:13,1.17.3,StopSig,57,4.12,1,1,Pellet,Left,153,259,109,34114861,0.16,19,nan
9/29/2026 1:37:27,1.17.3,StopSig,57,4.12,nan,1,>Left_Regular_trial,Left,154,259,109,34129661,nan,nan,nan
9/29/2026 1:37:28,1.17.3,StopSig,57,4.12,nan,1,Right_Regular_(correct),Left,154,260,109,34131076,nan,nan,nan
9/29/2026 1:37:29,1.17.3,StopSig,57,4.12,1,1,Pellet,Left,154,260,110,34131076,0.27,16,nan
9/29/2026 1:37:43,1.17.3,StopSig,57,4.12,nan,1,>Left_Stop_trial,Left,155,260,110,34144873,nan,nan,nan
9/29/2026 1:37:43,1.17.3,StopSig,57,4.12,nan,1,Right_STOP_(incorrect),Left,155,261,110,34145795,nan,nan,nan
9/29/2026 2:05:38,1.17.3,StopSig,57,4.11,nan,1,>Left_Regular_trial,Left,156,261,110,35820450,nan,nan,nan
9/29/2026 2:05:38,1.17.3,StopSig,57,4.12,nan,1,Right_Regular_(correct),Left,156,262,110,35821159,nan,nan,nan
9/29/2026 2:05:42,1.17.3,StopSig,57,4.11,2,1,Pellet,Left,156,262,111,35821159,0.39,1693,nan
9/29/2026 2:06:00,1.17.3,StopSig,57,4.12,nan,1,>Left_Regular_trial,Left,157,262,111,35842741,nan,nan,nan
9/29/2026 2:06:01,1.17.3,StopSig,57,4.12,nan,1,Right_Regular_(correct),Left,157,263,111,35843592,nan,nan,nan
9/29/2026 2:06:02,1.17.3,StopSig,57,4.11,1,1,Pellet,Left,157,263,112,35843592,0.27,20,nan
9/29/2026 2:06:21,1.17.3,StopSig,57,4.11,nan,1,>Left_Regular_trial,Left,158,263,112,35863477,nan,nan,nan
9/29/2026 2:06:21,1.17.3,StopSig,57,4.11,nan,1,Right_Regular_(correct),Left,158,264,112,35864328,nan,nan,nan
9/29/2026 2:06:23,1.17.3,StopSig,57,4.12,1,1,Pellet,Left,158,264,113,35864328,0.33,21,nan
9/29/2026 2:06:46,1.17.3,StopSig,57,4.12,nan,1,>Left_Regular_trial,Left,159,264,113,35889157,nan,nan,nan
9/29/2026 2:06:47,1.17.3,StopSig,57,4.12,nan,1,Right_Regular_(correct),Left,159,265,113,35890014,nan,nan,nan
9/29/2026 2:06:48,1.17.3,StopSig,57,4.12,1,1,Pellet,Left,159,265,114,35890014,0.33,25,nan
9/29/2026 2:07:08,1.17.3,StopSig,57,4.12,nan,1,>Left_Regular_trial,Left,160,265,114,35910565,nan,nan,nan
9/29/2026 2:07:09,1.17.3,StopSig,57,4.12,nan,1,Right_Regular_(correct),Left,160,266,114,35911557,nan,nan,nan
9/29/2026 2:07:10,1.17.3,StopSig,57,4.12,1,1,Pellet,Left,160,266,115,35911557,0.39,22,nan
9/29/2026 2:07:24,1.17.3,StopSig,57,4.12,nan,1,>Left_Regular_trial,Left,161,266,115,35926842,nan,nan,nan
9/29/2026 2:07:25,1.17.3,StopSig,57,4.12,nan,1,Right_Regular_(correct),Left,161,267,115,35928126,nan,nan,nan
9/29/2026 2:07:26,1.17.3,StopSig,57,4.12,1,1,Pellet,Left,161,267,116,35928126,0.27,16,nan
9/29/2026 2:07:41,1.17.3,StopSig,57,4.11,nan,1,>Left_Stop_trial,Left,162,267,116,35943296,nan,nan,nan
9/29/2026 2:07:44,1.17.3,StopSig,57,4.12,nan,1,NoPoke_STOP_(correct),Left,162,267,116,35946627,nan,nan,nan
9/29/2026 2:07:45,1.17.3,StopSig,57,4.12,1,1,Pellet,Left,162,267,117,35946627,0.27,19,nan
9/29/2026 2:14:35,1.17.3,StopSig,57,4.12,nan,1,>Left_Regular_trial,Left,163,267,117,36358015,nan,nan,nan
9/29/2026 2:14:39,1.17.3,StopSig,57,4.12,nan,1,NoPoke_Regular_(incorrect),Left,163,267,117,36361545,nan,nan,nan
9/29/2026 2:26:10,1.17.3,StopSig,57,4.11,nan,1,>Left_Regular_trial,Left,164,267,117,37052452,nan,nan,nan
9/29/2026 2:26:14,1.17.3,StopSig,57,4.11,nan,1,NoPoke_Regular_(incorrect),Left,164,267,117,37056551,nan,nan,nan
9/29/2026 2:35:01,1.17.3,StopSig,57,4.11,nan,1,>Left_Stop_trial,Left,165,267,117,37583548,nan,nan,nan
9/29/2026 2:35:02,1.17.3,StopSig,57,4.12,nan,1,Right_STOP_(incorrect),Left,165,268,117,37584424,nan,nan,nan
9/29/2026 2:43:17,1.17.3,StopSig,57,4.11,nan,1,>Left_Regular_trial,Left,166,268,117,38079986,nan,nan,nan
9/29/2026 2:43:21,1.17.3,StopSig,57,4.12,nan,1,NoPoke_Regular_(incorrect),Left,166,268,117,38083664,nan,nan,nan
9/29/2026 2:44:12,1.17.3,StopSig,57,4.11,nan,1,>Left_Regular_trial,Left,167,268,117,38134895,nan,nan,nan
9/29/2026 2:44:16,1.17.3,StopSig,57,4.11,nan,1,NoPoke_Regular_(incorrect),Left,167,268,117,38138710,nan,nan,nan
9/29/2026 2:49:29,1.17.3,StopSig,57,4.11,nan,1,Right_no_left,Left,167,269,117,38138710,nan,nan,nan
9/29/2026 2:49:32,1.17.3,StopSig,57,4.11,nan,1,>Left_Regular_trial,Left,168,269,117,38454775,nan,nan,nan
9/29/2026 2:49:36,1.17.3,StopSig,57,4.11,nan,1,NoPoke_Regular_(incorrect),Left,168,269,117,38458735,nan,nan,nan
9/29/2026 2:53:02,1.17.3,StopSig,57,4.12,nan,1,Right_no_left,Left,168,270,117,38458735,nan,nan,nan
9/29/2026 2:53:03,1.17.3,StopSig,57,4.11,nan,1,Right_no_left,Left,168,271,117,38665576,nan,nan,nan
9/29/2026 2:53:04,1.17.3,StopSig,57,4.11,nan,1,Right_no_left,Left,168,272,117,38665861,nan,nan,nan
9/29/2026 2:53:05,1.17.3,StopSig,57,4.11,nan,1,Right_no_left,Left,168,273,117,38667417,nan,nan,nan
9/29/2026 2:53:06,1.17.3,StopSig,57,4.11,nan,1,Right_no_left,Left,168,274,117,38667844,nan,nan,nan
9/29/2026 2:58:46,1.17.3,StopSig,57,4.11,nan,1,>Left_Stop_trial,Left,169,274,117,39008606,nan,nan,nan
9/29/2026 2:58:47,1.17.3,StopSig,57,4.11,nan,1,Right_STOP_(incorrect),Left,169,275,117,39009992,nan,nan,nan
9/29/2026 3:01:34,1.17.3,StopSig,57,4.11,nan,1,>Left_Stop_trial,Left,170,275,117,39176137,nan,nan,nan
9/29/2026 3:01:37,1.17.3,StopSig,57,4.11,nan,1,NoPoke_STOP_(correct),Left,170,275,117,39179688,nan,nan,nan
9/29/2026 3:02:02,1.17.3,StopSig,57,4.11,2,1,Pellet,Left,170,275,118,39179688,22.39,3257,nan
9/29/2026 3:02:48,1.17.3,StopSig,57,4.11,nan,1,>Left_Stop_trial,Left,171,275,118,39250725,nan,nan,nan
9/29/2026 3:02:52,1.17.3,StopSig,57,4.11,nan,1,NoPoke_STOP_(correct),Left,171,275,118,39254767,nan,nan,nan
9/29/2026 3:02:53,1.17.3,StopSig,57,4.11,1,1,Pellet,Left,171,275,119,39254767,0.94,51,nan
9/29/2026 3:05:49,1.17.3,StopSig,57,4.11,nan,1,Right_no_left,Left,171,276,119,39254767,nan,nan,nan
9/29/2026 3:05:49,1.17.3,StopSig,57,4.11,nan,1,Right_no_left,Left,171,277,119,39431657,nan,nan,nan
9/29/2026 3:05:50,1.17.3,StopSig,57,4.11,nan,1,Right_no_left,Left,171,278,119,39432231,nan,nan,nan
9/29/2026 3:07:08,1.17.3,StopSig,57,4.11,nan,1,>Left_Regular_trial,Left,172,278,119,39510422,nan,nan,nan
9/29/2026 3:07:11,1.17.3,StopSig,57,4.11,nan,1,NoPoke_Regular_(incorrect),Left,172,278,119,39513672,nan,nan,nan
9/29/2026 3:16:44,1.17.3,StopSig,57,4.11,nan,1,>Left_Regular_trial,Left,173,278,119,40086667,nan,nan,nan
9/29/2026 3:16:48,1.17.3,StopSig,57,4.11,nan,1,NoPoke_Regular_(incorrect),Left,173,278,119,40090763,nan,nan,nan
9/29/2026 3:26:04,1.17.3,StopSig,57,4.11,nan,1,>Left_Regular_trial,Left,174,278,119,40646546,nan,nan,nan
9/29/2026 3:26:08,1.17.3,StopSig,57,4.11,nan,1,NoPoke_Regular_(incorrect),Left,174,278,119,40650785,nan,nan,nan
9/29/2026 3:29:01,1.17.3,StopSig,57,4.11,nan,1,>Left_Stop_trial,Left,175,278,119,40823554,nan,nan,nan
9/29/2026 3:29:05,1.17.3,StopSig,57,4.11,nan,1,NoPoke_STOP_(correct),Left,175,278,119,40827696,nan,nan,nan
9/29/2026 3:29:21,1.17.3,StopSig,57,4.11,1,1,Pellet,Left,175,278,120,40827696,15.39,1588,nan
9/29/2026 3:45:54,1.17.3,StopSig,57,4.11,nan,1,>Left_Stop_trial,Left,176,278,120,41836706,nan,nan,nan
9/29/2026 3:45:55,1.17.3,StopSig,57,4.11,nan,1,Right_STOP_(incorrect),Left,176,279,120,41838019,nan,nan,nan
9/29/2026 3:46:32,1.17.3,StopSig,57,4.11,nan,1,>Left_Regular_trial,Left,177,279,120,41874983,nan,nan,nan
9/29/2026 3:46:36,1.17.3,StopSig,57,4.11,nan,1,NoPoke_Regular_(incorrect),Left,177,279,120,41878799,nan,nan,nan
9/29/2026 3:47:23,1.17.3,StopSig,57,4.11,nan,1,Right_no_left,Left,177,280,120,41878799,nan,nan,nan
9/29/2026 3:47:25,1.17.3,StopSig,57,4.11,nan,1,>Left_Stop_trial,Left,178,280,120,41927044,nan,nan,nan
9/29/2026 3:47:25,1.17.3,StopSig,57,4.11,nan,1,Right_STOP_(incorrect),Left,178,281,120,41928290,nan,nan,nan
9/29/2026 3:48:16,1.17.3,StopSig,57,4.11,nan,1,>Left_Regular_trial,Left,179,281,120,41978950,nan,nan,nan
9/29/2026 3:48:20,1.17.3,StopSig,57,4.11,nan,1,NoPoke_Regular_(incorrect),Left,179,281,120,41982768,nan,nan,nan
9/29/2026 3:50:54,1.17.3,StopSig,57,4.11,nan,1,>Left_Stop_trial,Left,180,281,120,42136001,nan,nan,nan
9/29/2026 3:50:55,1.17.3,StopSig,57,4.11,nan,1,Right_STOP_(incorrect),Left,180,282,120,42138158,nan,nan,nan
9/29/2026 3:51:26,1.17.3,StopSig,57,4.11,nan,1,>Left_Stop_trial,Left,181,282,120,42168468,nan,nan,nan
9/29/2026 3:51:26,1.17.3,StopSig,57,4.11,nan,1,Right_STOP_(incorrect),Left,181,283,120,42169406,nan,nan,nan
9/29/2026 3:51:57,1.17.3,StopSig,57,4.11,nan,1,>Left_Regular_trial,Left,182,283,120,42199717,nan,nan,nan
9/29/2026 3:52:00,1.17.3,StopSig,57,4.11,nan,1,Right_Regular_(correct),Left,182,284,120,42203403,nan,nan,nan
9/29/2026 3:52:01,1.17.3,StopSig,57,4.11,nan,1,RightDuringDispense,Left,182,285,120,42203403,nan,nan,0.26
9/29/2026 3:52:02,1.17.3,StopSig,57,4.11,1,1,Pellet,Left,182,285,121,42203403,0.44,1361,nan
9/29/2026 3:52:29,1.17.3,StopSig,57,4.11,nan,1,>Left_Stop_trial,Left,183,285,121,42231428,nan,nan,nan
9/29/2026 3:52:29,1.17.3,StopSig,57,4.11,nan,1,Right_STOP_(incorrect),Left,183,286,121,42232332,nan,nan,nan
9/29/2026 3:53:00,1.17.3,StopSig,57,4.09,nan,1,>Left_Regular_trial,Left,184,286,121,42262648,nan,nan,nan
9/29/2026 3:53:02,1.17.3,StopSig,57,4.09,nan,1,Right_Regular_(correct),Left,184,287,121,42264913,nan,nan,nan
9/29/2026 3:53:02,1.17.3,StopSig,57,4.09,nan,1,RightDuringDispense,Left,184,288,121,42264913,nan,nan,0.26
9/29/2026 3:53:03,1.17.3,StopSig,57,4.09,1,1,Pellet,Left,184,288,122,42264913,0.22,61,nan
9/29/2026 3:53:34,1.17.3,StopSig,57,4.10,nan,1,>Left_Regular_trial,Left,185,288,122,42297405,nan,nan,nan
9/29/2026 3:53:35,1.17.3,StopSig,57,4.11,nan,1,Right_Regular_(correct),Left,185,289,122,42298411,nan,nan,nan
9/29/2026 3:53:36,1.17.3,StopSig,57,4.11,1,1,Pellet,Left,185,289,123,42298411,0.39,33,nan
9/29/2026 3:53:58,1.17.3,StopSig,57,4.11,nan,1,Right_no_left,Left,185,290,123,42298411,nan,nan,nan
9/29/2026 3:53:58,1.17.3,StopSig,57,4.11,nan,1,Right_no_left,Left,185,291,123,42321213,nan,nan,nan
9/29/2026 3:54:02,1.17.3,StopSig,57,4.11,nan,1,>Left_Stop_trial,Left,186,291,123,42324042,nan,nan,nan
9/29/2026 3:54:02,1.17.3,StopSig,57,4.11,nan,1,Right_STOP_(incorrect),Left,186,292,123,42325006,nan,nan,nan
9/29/2026 3:55:17,1.17.3,StopSig,57,4.11,nan,1,Right_no_left,Left,186,293,123,42325006,nan,nan,nan
9/29/2026 3:55:17,1.17.3,StopSig,57,4.11,nan,1,Right_no_left,Left,186,294,123,42400029,nan,nan,nan
9/29/2026 3:55:19,1.17.3,StopSig,57,4.11,nan,1,Right_no_left,Left,186,295,123,42400598,nan,nan,nan
9/29/2026 3:55:22,1.17.3,StopSig,57,4.11,nan,1,Right_no_left,Left,186,296,123,42401733,nan,nan,nan
9/29/2026 3:55:23,1.17.3,StopSig,57,4.11,nan,1,Right_no_left,Left,186,297,123,42405280,nan,nan,nan
9/29/2026 3:55:24,1.17.3,StopSig,57,4.11,nan,1,>Left_Regular_trial,Left,187,297,123,42407264,nan,nan,nan
9/29/2026 3:55:28,1.17.3,StopSig,57,4.11,nan,1,NoPoke_Regular_(incorrect),Left,187,297,123,42410801,nan,nan,nan
9/29/2026 3:57:34,1.17.3,StopSig,57,4.11,nan,1,>Left_Regular_trial,Left,188,297,123,42536665,nan,nan,nan
9/29/2026 3:57:38,1.17.3,StopSig,57,4.10,nan,1,NoPoke_Regular_(incorrect),Left,188,297,123,42540769,nan,nan,nan
9/29/2026 4:00:31,1.17.3,StopSig,57,4.11,nan,1,>Left_Regular_trial,Left,189,297,123,42713972,nan,nan,nan
9/29/2026 4:00:35,1.17.3,StopSig,57,4.11,nan,1,NoPoke_Regular_(incorrect),Left,189,297,123,42717792,nan,nan,nan
9/29/2026 4:01:07,1.17.3,StopSig,57,4.11,nan,1,Right_no_left,Left,189,298,123,42717792,nan,nan,nan
9/29/2026 4:01:51,1.17.3,StopSig,57,4.10,nan,1,Right_no_left,Left,189,299,123,42750507,nan,nan,nan
9/29/2026 4:05:20,1.17.3,StopSig,57,4.11,nan,1,>Left_Regular_trial,Left,190,299,123,43003368,nan,nan,nan
9/29/2026 4:05:21,1.17.3,StopSig,57,4.11,nan,1,Right_Regular_(correct),Left,190,300,123,43004520,nan,nan,nan
9/29/2026 4:05:23,1.17.3,StopSig,57,4.10,1,1,Pellet,Left,190,300,124,43004520,0.83,707,nan
9/29/2026 4:06:17,1.17.3,StopSig,57,4.10,nan,1,Right_no_left,Left,190,301,124,43004520,nan,nan,nan
9/29/2026 4:06:24,1.17.3,StopSig,57,4.11,nan,1,>Left_Regular_trial,Left,191,301,124,43067152,nan,nan,nan
9/29/2026 4:06:27,1.17.3,StopSig,57,4.11,nan,1,Right_Regular_(correct),Left,191,302,124,43070260,nan,nan,nan
9/29/2026 4:06:30,1.17.3,StopSig,57,4.11,nan,1,RightDuringDispense,Left,191,303,124,43070260,nan,nan,0.13
9/29/2026 4:06:31,1.17.3,StopSig,57,4.11,2,1,Pellet,Left,191,303,125,43070260,0.16,68,nan
9/29/2026 4:06:58,1.17.3,StopSig,57,4.11,nan,1,>Left_Regular_trial,Left,192,303,125,43101226,nan,nan,nan
9/29/2026 4:07:00,1.17.3,StopSig,57,4.10,nan,1,Right_Regular_(correct),Left,192,304,125,43102785,nan,nan,nan
9/29/2026 4:07:00,1.17.3,StopSig,57,4.11,nan,1,RightDuringDispense,Left,192,305,125,43102785,nan,nan,0.13
9/29/2026 4:07:01,1.17.3,StopSig,57,4.11,1,1,Pellet,Left,192,305,126,43102785,0.44,30,nan
9/29/2026 4:07:32,1.17.3,StopSig,57,4.11,nan,1,>Left_Stop_trial,Left,193,305,126,43134880,nan,nan,nan
9/29/2026 4:07:36,1.17.3,StopSig,57,4.11,nan,1,NoPoke_STOP_(correct),Left,193,305,126,43138909,nan,nan,nan
9/29/2026 4:07:37,1.17.3,StopSig,57,4.11,1,1,Pellet,Left,193,305,127,43138909,0.55,36,nan
9/29/2026 4:07:56,1.17.3,StopSig,57,4.10,nan,1,>Left_Regular_trial,Left,194,305,127,43159262,nan,nan,nan
9/29/2026 4:07:58,1.17.3,StopSig,57,4.11,nan,1,Right_Regular_(correct),Left,194,306,127,43161107,nan,nan,nan
9/29/2026 4:07:59,1.17.3,StopSig,57,4.11,1,1,Pellet,Left,194,306,128,43161107,0.16,22,nan
9/29/2026 4:08:17,1.17.3,StopSig,57,4.11,nan,1,>Left_Regular_trial,Left,195,306,128,43179474,nan,nan,nan
9/29/2026 4:08:17,1.17.3,StopSig,57,4.11,nan,1,Right_Regular_(correct),Left,195,307,128,43180326,nan,nan,nan
9/29/2026 4:08:18,1.17.3,StopSig,57,4.11,1,1,Pellet,Left,195,307,129,43180326,0.39,19,nan
9/29/2026 4:08:43,1.17.3,StopSig,57,4.11,nan,1,>Left_Regular_trial,Left,196,307,129,43205883,nan,nan,nan
9/29/2026 4:08:44,1.17.3,StopSig,57,4.11,nan,1,Right_Regular_(correct),Left,196,308,129,43206746,nan,nan,nan
9/29/2026 4:08:45,1.17.3,StopSig,57,4.11,1,1,Pellet,Left,196,308,130,43206746,0.27,27,nan
9/29/2026 4:10:59,1.17.3,StopSig,57,4.11,nan,1,Right_no_left,Left,196,309,130,43206746,nan,nan,nan
9/29/2026 4:22:24,1.17.3,StopSig,57,4.11,nan,1,Right_no_left,Left,196,310,130,43342215,nan,nan,nan
9/29/2026 4:25:26,1.17.3,StopSig,57,4.11,nan,1,Right_no_left,Left,196,311,130,44027540,nan,nan,nan
9/29/2026 4:29:48,1.17.3,StopSig,57,4.11,nan,1,>Left_Regular_trial,Left,197,311,130,44471121,nan,nan,nan
9/29/2026 4:29:49,1.17.3,StopSig,57,4.10,nan,1,Right_Regular_(correct),Left,197,312,130,44472535,nan,nan,nan
9/29/2026 4:29:50,1.17.3,StopSig,57,4.11,1,1,Pellet,Left,197,312,131,44472535,0.27,1265,nan
9/29/2026 4:30:10,1.17.3,StopSig,57,4.11,nan,1,>Left_Stop_trial,Left,198,312,131,44492751,nan,nan,nan
9/29/2026 4:30:11,1.17.3,StopSig,57,4.11,nan,1,Right_STOP_(incorrect),Left,198,313,131,44493913,nan,nan,nan
9/29/2026 4:37:57,1.17.3,StopSig,57,4.11,nan,1,Right_no_left,Left,198,314,131,44493913,nan,nan,nan
9/29/2026 4:37:58,1.17.3,StopSig,57,4.10,nan,1,Right_no_left,Left,198,315,131,44960388,nan,nan,nan
9/29/2026 4:37:59,1.17.3,StopSig,57,4.11,nan,1,Right_no_left,Left,198,316,131,44961802,nan,nan,nan
9/29/2026 4:41:44,1.17.3,StopSig,57,4.11,nan,1,Right_no_left,Left,198,317,131,44962229,nan,nan,nan
9/29/2026 4:44:10,1.17.3,StopSig,57,4.10,nan,1,Right_no_left,Left,198,318,131,45187710,nan,nan,nan
9/29/2026 4:44:28,1.17.3,StopSig,57,4.11,nan,1,Right_no_left,Left,198,319,131,45332868,nan,nan,nan
9/29/2026 4:44:28,1.17.3,StopSig,57,4.10,nan,1,Right_no_left,Left,198,320,131,45351360,nan,nan,nan
9/29/2026 4:45:16,1.17.3,StopSig,57,4.11,nan,1,Right_no_left,Left,198,321,131,45351646,nan,nan,nan
9/29/2026 4:45:30,1.17.3,StopSig,57,4.10,nan,1,Right_no_left,Left,198,322,131,45398962,nan,nan,nan
9/29/2026 4:45:31,1.17.3,StopSig,57,4.10,nan,1,Right_no_left,Left,198,323,131,45413510,nan,nan,nan
9/29/2026 4:45:34,1.17.3,StopSig,57,4.10,nan,1,Right_no_left,Left,198,324,131,45414795,nan,nan,nan
9/29/2026 4:45:35,1.17.3,StopSig,57,4.10,nan,1,Right_no_left,Left,198,325,131,45417482,nan,nan,nan
9/29/2026 4:45:35,1.17.3,StopSig,57,4.10,nan,1,Right_no_left,Left,198,326,131,45418192,nan,nan,nan
9/29/2026 4:45:37,1.17.3,StopSig,57,4.10,nan,1,Right_no_left,Left,198,327,131,45418618,nan,nan,nan
9/29/2026 4:45:38,1.17.3,StopSig,57,4.10,nan,1,Right_no_left,Left,198,328,131,45420747,nan,nan,nan
9/29/2026 4:45:42,1.17.3,StopSig,57,4.11,nan,1,Right_no_left,Left,198,329,131,45421315,nan,nan,nan
9/29/2026 4:45:43,1.17.3,StopSig,57,4.11,nan,1,Right_no_left,Left,198,330,131,45425416,nan,nan,nan
9/29/2026 4:45:43,1.17.3,StopSig,57,4.10,nan,1,Right_no_left,Left,198,331,131,45425843,nan,nan,nan
9/29/2026 4:45:43,1.17.3,StopSig,57,4.10,nan,1,Right_no_left,Left,198,332,131,45426270,nan,nan,nan
9/29/2026 4:45:45,1.17.3,StopSig,57,4.11,nan,1,Right_no_left,Left,198,333,131,45426844,nan,nan,nan
9/29/2026 4:45:48,1.17.3,StopSig,57,4.10,nan,1,>Left_Stop_trial,Left,199,333,131,45430519,nan,nan,nan
9/29/2026 4:45:51,1.17.3,StopSig,57,4.10,nan,1,NoPoke_STOP_(correct),Left,199,333,131,45433981,nan,nan,nan
9/29/2026 4:45:54,1.17.3,StopSig,57,4.03,nan,1,LeftDuringDispense,Left,200,333,131,45433981,nan,nan,0.03
9/29/2026 4:45:55,1.17.3,StopSig,57,4.10,2,1,Pellet,Left,200,333,132,45433981,1.50,965,nan
9/29/2026 4:46:51,1.17.3,StopSig,57,4.10,nan,1,>Left_Stop_trial,Left,201,333,132,45493739,nan,nan,nan
9/29/2026 4:46:51,1.17.3,StopSig,57,4.11,nan,1,Right_STOP_(incorrect),Left,201,334,132,45494497,nan,nan,nan
9/29/2026 4:50:44,1.17.3,StopSig,57,4.10,nan,1,>Left_Regular_trial,Left,202,334,132,45727298,nan,nan,nan
9/29/2026 4:50:46,1.17.3,StopSig,57,4.10,nan,1,Right_Regular_(correct),Left,202,335,132,45729422,nan,nan,nan
9/29/2026 4:50:47,1.17.3,StopSig,57,4.10,1,1,Pellet,Left,202,335,133,45729422,0.33,292,nan
9/29/2026 4:51:06,1.17.3,StopSig,57,4.10,nan,1,Right_no_left,Left,202,336,133,45729422,nan,nan,nan
9/29/2026 4:51:07,1.17.3,StopSig,57,4.10,nan,1,Right_no_left,Left,202,337,133,45749283,nan,nan,nan
9/29/2026 4:51:08,1.17.3,StopSig,57,4.10,nan,1,>Left_Regular_trial,Left,203,337,133,45751265,nan,nan,nan
9/29/2026 4:51:09,1.17.3,StopSig,57,4.10,nan,1,Right_Regular_(correct),Left,203,338,133,45752257,nan,nan,nan
9/29/2026 4:51:10,1.17.3,StopSig,57,4.10,1,1,Pellet,Left,203,338,134,45752257,0.39,23,nan
9/29/2026 4:51:39,1.17.3,StopSig,57,4.10,nan,1,>Left_Regular_trial,Left,204,338,134,45781578,nan,nan,nan
9/29/2026 4:51:39,1.17.3,StopSig,57,4.10,nan,1,Right_Regular_(correct),Left,204,339,134,45782429,nan,nan,nan
9/29/2026 4:51:40,1.17.3,StopSig,57,4.11,nan,1,RightDuringDispense,Left,204,340,134,45782429,nan,nan,0.10
9/29/2026 4:51:41,1.17.3,StopSig,57,4.10,1,1,Pellet,Left,204,340,135,45782429,0.22,31,nan
9/29/2026 4:51:59,1.17.3,StopSig,57,4.11,nan,1,>Left_Regular_trial,Left,205,340,135,45802416,nan,nan,nan
9/29/2026 4:52:00,1.17.3,StopSig,57,4.10,nan,1,Right_Regular_(correct),Left,205,341,135,45803557,nan,nan,nan
9/29/2026 4:52:01,1.17.3,StopSig,57,4.09,1,1,Pellet,Left,205,341,136,45803557,0.27,20,nan
9/29/2026 4:52:15,1.17.3,StopSig,57,4.10,nan,1,>Left_Regular_trial,Left,206,341,136,45818541,nan,nan,nan
9/29/2026 4:52:19,1.17.3,StopSig,57,4.11,nan,1,Right_Regular_(correct),Left,206,342,136,45821796,nan,nan,nan
9/29/2026 4:52:19,1.17.3,StopSig,57,4.10,nan,1,RightDuringDispense,Left,206,343,136,45821796,nan,nan,0.01
9/29/2026 4:52:19,1.17.3,StopSig,57,4.03,nan,1,RightDuringDispense,Left,206,344,136,45821796,nan,nan,0.30
9/29/2026 4:52:21,1.17.3,StopSig,57,4.11,2,1,Pellet,Left,206,344,137,45821796,0.27,20,nan
9/29/2026 4:52:44,1.17.3,StopSig,57,4.10,nan,1,Right_no_left,Left,206,345,137,45821796,nan,nan,nan
9/29/2026 4:53:57,1.17.3,StopSig,57,4.10,nan,1,Right_no_left,Left,206,346,137,45847535,nan,nan,nan
9/29/2026 5:03:22,1.17.3,StopSig,57,4.11,nan,1,Right_no_left,Left,206,347,137,45920229,nan,nan,nan
9/29/2026 5:03:24,1.17.3,StopSig,57,4.10,nan,1,>Left_Regular_trial,Left,207,347,137,46487468,nan,nan,nan
9/29/2026 5:03:25,1.17.3,StopSig,57,4.10,nan,1,Right_Regular_(correct),Left,207,348,137,46488460,nan,nan,nan
9/29/2026 5:03:26,1.17.3,StopSig,57,4.10,1,1,Pellet,Left,207,348,138,46488460,0.39,665,nan
9/29/2026 5:05:35,1.17.3,StopSig,57,4.10,nan,1,>Left_Regular_trial,Left,208,348,138,46617910,nan,nan,nan
9/29/2026 5:05:39,1.17.3,StopSig,57,4.10,nan,1,NoPoke_Regular_(incorrect),Left,208,348,138,46622020,nan,nan,nan
9/29/2026 5:07:12,1.17.3,StopSig,57,4.10,nan,1,>Left_Regular_trial,Left,209,348,138,46714661,nan,nan,nan
9/29/2026 5:07:15,1.17.3,StopSig,57,4.10,nan,1,NoPoke_Regular_(incorrect),Left,209,348,138,46717918,nan,nan,nan
9/29/2026 5:08:50,1.17.3,StopSig,57,4.10,nan,1,Right_no_left,Left,209,349,138,46717918,nan,nan,nan
9/29/2026 5:10:09,1.17.3,StopSig,57,4.09,nan,1,Right_no_left,Left,209,350,138,46813375,nan,nan,nan
9/29/2026 5:12:58,1.17.3,StopSig,57,4.10,nan,1,Right_no_left,Left,209,351,138,46891940,nan,nan,nan
9/29/2026 5:13:01,1.17.3,StopSig,57,4.10,nan,1,Right_no_left,Left,209,352,138,47061255,nan,nan,nan
9/29/2026 5:13:02,1.17.3,StopSig,57,4.10,nan,1,Right_no_left,Left,209,353,138,47064650,nan,nan,nan
9/29/2026 5:17:51,1.17.3,StopSig,57,4.10,nan,1,Right_no_left,Left,209,354,138,47065219,nan,nan,nan
9/29/2026 5:17:53,1.17.3,StopSig,57,4.10,nan,1,Right_no_left,Left,209,355,138,47354666,nan,nan,nan
9/29/2026 5:17:55,1.17.3,StopSig,57,4.10,nan,1,Right_no_left,Left,209,356,138,47356365,nan,nan,nan
9/29/2026 5:21:00,1.17.3,StopSig,57,4.10,nan,1,>Left_Regular_trial,Left,210,356,138,47543524,nan,nan,nan
9/29/2026 5:21:04,1.17.3,StopSig,57,4.10,nan,1,NoPoke_Regular_(incorrect),Left,210,356,138,47547062,nan,nan,nan
9/29/2026 5:22:42,1.17.3,StopSig,57,4.10,nan,1,>Left_Regular_trial,Left,211,356,138,47645559,nan,nan,nan
9/29/2026 5:22:46,1.17.3,StopSig,57,4.10,nan,1,NoPoke_Regular_(incorrect),Left,211,356,138,47648956,nan,nan,nan
9/29/2026 5:29:27,1.17.3,StopSig,57,4.10,nan,1,>Left_Regular_trial,Left,212,356,138,48049694,nan,nan,nan
9/29/2026 5:29:28,1.17.3,StopSig,57,4.09,nan,1,Right_Regular_(correct),Left,212,357,138,48051119,nan,nan,nan
9/29/2026 5:29:33,1.17.3,StopSig,57,4.09,3,1,Pellet,Left,212,357,139,48051119,0.39,1567,nan
9/29/2026 5:32:26,1.17.3,StopSig,57,4.10,nan,1,Right_no_left,Left,212,358,139,48051119,nan,nan,nan
9/29/2026 5:32:30,1.17.3,StopSig,57,4.11,nan,1,Right_no_left,Left,212,359,139,48229840,nan,nan,nan
9/29/2026 5:34:14,1.17.3,StopSig,57,4.10,nan,1,Right_no_left,Left,212,360,139,48233663,nan,nan,nan
9/29/2026 5:34:15,1.17.3,StopSig,57,4.09,nan,1,Right_no_left,Left,212,361,139,48337626,nan,nan,nan
9/29/2026 5:34:15,1.17.3,StopSig,57,4.10,nan,1,Right_no_left,Left,212,362,139,48338053,nan,nan,nan
9/29/2026 5:34:16,1.17.3,StopSig,57,4.10,nan,1,Right_no_left,Left,212,363,139,48338762,nan,nan,nan
9/29/2026 5:34:17,1.17.3,StopSig,57,4.09,nan,1,Right_no_left,Left,212,364,139,48339189,nan,nan,nan
9/29/2026 5:34:20,1.17.3,StopSig,57,4.10,nan,1,Right_no_left,Left,212,365,139,48340748,nan,nan,nan
9/29/2026 5:53:40,1.17.3,StopSig,57,4.09,nan,1,Right_no_left,Left,212,366,139,48343160,nan,nan,nan
9/29/2026 5:55:06,1.17.3,StopSig,57,4.10,nan,1,>Left_Regular_trial,Left,213,366,139,49589339,nan,nan,nan
9/29/2026 5:55:10,1.17.3,StopSig,57,4.09,nan,1,NoPoke_Regular_(incorrect),Left,213,366,139,49593021,nan,nan,nan
9/29/2026 5:55:47,1.17.3,StopSig,57,4.09,nan,1,>Left_Regular_trial,Left,214,366,139,49630265,nan,nan,nan
9/29/2026 5:55:51,1.17.3,StopSig,57,4.09,nan,1,NoPoke_Regular_(incorrect),Left,214,366,139,49634087,nan,nan,nan
9/29/2026 5:57:58,1.17.3,StopSig,57,4.09,nan,1,Right_no_left,Left,214,367,139,49634087,nan,nan,nan
9/29/2026 5:58:00,1.17.3,StopSig,57,4.09,nan,1,Right_no_left,Left,214,368,139,49761565,nan,nan,nan
9/29/2026 5:58:02,1.17.3,StopSig,57,4.09,nan,1,Right_no_left,Left,214,369,139,49763971,nan,nan,nan
9/29/2026 5:58:35,1.17.3,StopSig,57,4.09,nan,1,Right_no_left,Left,214,370,139,49765106,nan,nan,nan
9/29/2026 5:58:45,1.17.3,StopSig,57,4.09,nan,1,>Left_Regular_trial,Left,215,370,139,49807826,nan,nan,nan
9/29/2026 5:58:46,1.17.3,StopSig,57,4.09,nan,1,Right_Regular_(correct),Left,215,371,139,49809391,nan,nan,nan
9/29/2026 5:58:47,1.17.3,StopSig,57,4.09,1,1,Pellet,Left,215,371,140,49809391,0.39,1754,nan
9/29/2026 5:59:25,1.17.3,StopSig,57,4.10,nan,1,Right_no_left,Left,215,372,140,49809391,nan,nan,nan
9/29/2026 5:59:28,1.17.3,StopSig,57,4.09,nan,1,Right_no_left,Left,215,373,140,49848699,nan,nan,nan
9/29/2026 5:59:30,1.17.3,StopSig,57,4.09,nan,1,Right_no_left,Left,215,374,140,49851680,nan,nan,nan
9/29/2026 6:03:09,1.17.3,StopSig,57,4.09,nan,1,Right_no_left,Left,215,375,140,49853668,nan,nan,nan
9/29/2026 6:03:17,1.17.3,StopSig,57,4.09,nan,1,>Left_Stop_trial,Left,216,375,140,50079568,nan,nan,nan
9/29/2026 6:03:17,1.17.3,StopSig,57,4.09,nan,1,Right_STOP_(incorrect),Left,216,376,140,50080648,nan,nan,nan
9/29/2026 6:52:21,1.17.3,StopSig,57,4.09,nan,1,>Left_Stop_trial,Left,217,376,140,53024107,nan,nan,nan
9/29/2026 6:52:22,1.17.3,StopSig,57,4.09,nan,1,Right_STOP_(incorrect),Left,217,377,140,53025171,nan,nan,nan
9/29/2026 6:52:52,1.17.3,StopSig,57,4.09,nan,1,>Left_Stop_trial,Left,218,377,140,53055488,nan,nan,nan
9/29/2026 6:52:56,1.17.3,StopSig,57,4.09,nan,1,NoPoke_STOP_(correct),Left,218,377,140,53059222,nan,nan,nan
9/29/2026 6:52:57,1.17.3,StopSig,57,4.09,1,1,Pellet,Left,218,377,141,53059222,0.83,3250,nan
9/29/2026 6:55:32,1.17.3,StopSig,57,4.09,nan,1,Right_no_left,Left,218,378,141,53059222,nan,nan,nan
9/29/2026 6:55:33,1.17.3,StopSig,57,4.09,nan,1,Right_no_left,Left,218,379,141,53215153,nan,nan,nan
9/29/2026 6:55:35,1.17.3,StopSig,57,4.09,nan,1,Right_no_left,Left,218,380,141,53216445,nan,nan,nan
9/29/2026 6:55:37,1.17.3,StopSig,57,4.09,nan,1,Right_no_left,Left,218,381,141,53218709,nan,nan,nan
9/29/2026 6:55:37,1.17.3,StopSig,57,4.09,nan,1,Right_no_left,Left,218,382,141,53220408,nan,nan,nan
9/29/2026 6:55:39,1.17.3,StopSig,57,4.09,nan,1,>Left_Regular_trial,Left,219,382,141,53222390,nan,nan,nan
9/29/2026 6:55:40,1.17.3,StopSig,57,4.09,nan,1,Right_Regular_(correct),Left,219,383,141,53223241,nan,nan,nan
9/29/2026 6:55:41,1.17.3,StopSig,57,4.09,1,1,Pellet,Left,219,383,142,53223241,0.39,164,nan
9/29/2026 6:56:00,1.17.3,StopSig,57,4.09,nan,1,Right_no_left,Left,219,384,142,53223241,nan,nan,nan
9/29/2026 6:56:02,1.17.3,StopSig,57,4.09,nan,1,Right_no_left,Left,219,385,142,53244119,nan,nan,nan
9/29/2026 6:56:04,1.17.3,StopSig,57,4.09,nan,1,>Left_Stop_trial,Left,220,385,142,53247235,nan,nan,nan
9/29/2026 6:56:05,1.17.3,StopSig,57,4.09,nan,1,Right_STOP_(incorrect),Left,220,386,142,53248665,nan,nan,nan
9/29/2026 7:15:57,1.17.3,StopSig,57,4.09,nan,1,Right_no_left,Left,220,387,142,53248665,nan,nan,nan
9/29/2026 7:15:59,1.17.3,StopSig,57,4.09,nan,1,Right_no_left,Left,220,388,142,54440839,nan,nan,nan
9/29/2026 7:16:00,1.17.3,StopSig,57,4.09,nan,1,Right_no_left,Left,220,389,142,54442962,nan,nan,nan
9/29/2026 7:16:02,1.17.3,StopSig,57,4.09,nan,1,Right_no_left,Left,220,390,142,54443813,nan,nan,nan
9/29/2026 7:16:02,1.17.3,StopSig,57,4.09,nan,1,Right_no_left,Left,220,391,142,54445513,nan,nan,nan
9/29/2026 7:16:04,1.17.3,StopSig,57,4.09,nan,1,Right_no_left,Left,220,392,142,54446088,nan,nan,nan
9/29/2026 7:16:05,1.17.3,StopSig,57,4.09,nan,1,Right_no_left,Left,220,393,142,54447786,nan,nan,nan
9/29/2026 7:16:07,1.17.3,StopSig,57,4.09,nan,1,Right_no_left,Left,220,394,142,54448637,nan,nan,nan
9/29/2026 7:16:10,1.17.3,StopSig,57,4.09,nan,1,Right_no_left,Left,220,395,142,54450478,nan,nan,nan
9/29/2026 7:16:11,1.17.3,StopSig,57,4.09,nan,1,Right_no_left,Left,220,396,142,54453307,nan,nan,nan
9/29/2026 7:16:14,1.17.3,StopSig,57,4.09,nan,1,Right_no_left,Left,220,397,142,54455013,nan,nan,nan
9/29/2026 7:16:15,1.17.3,StopSig,57,4.09,nan,1,Right_no_left,Left,220,398,142,54457419,nan,nan,nan
9/29/2026 7:16:17,1.17.3,StopSig,57,4.09,nan,1,Right_no_left,Left,220,399,142,54458411,nan,nan,nan
9/29/2026 7:16:17,1.17.3,StopSig,57,4.09,nan,1,Right_no_left,Left,220,400,142,54460394,nan,nan,nan
9/29/2026 7:16:18,1.17.3,StopSig,57,4.09,nan,1,Right_no_left,Left,220,401,142,54461104,nan,nan,nan
9/29/2026 7:16:19,1.17.3,StopSig,57,4.09,nan,1,Right_no_left,Left,220,402,142,54461678,nan,nan,nan
9/29/2026 7:16:21,1.17.3,StopSig,57,4.09,nan,1,>Left_Regular_trial,Left,221,402,142,54464225,nan,nan,nan
9/29/2026 7:16:22,1.17.3,StopSig,57,4.09,nan,1,Right_Regular_(correct),Left,221,403,142,54465216,nan,nan,nan
9/29/2026 7:16:22,1.17.3,StopSig,57,4.09,nan,1,RightDuringDispense,Left,221,404,142,54465216,nan,nan,0.11
9/29/2026 7:16:23,1.17.3,StopSig,57,4.09,1,1,Pellet,Left,221,404,143,54465216,0.33,1242,nan
9/29/2026 7:16:48,1.17.3,StopSig,57,4.09,nan,1,Right_no_left,Left,221,405,143,54465216,nan,nan,nan
9/29/2026 7:16:49,1.17.3,StopSig,57,4.09,nan,1,Right_no_left,Left,221,406,143,54491457,nan,nan,nan
9/29/2026 7:16:49,1.17.3,StopSig,57,4.09,nan,1,Right_no_left,Left,221,407,143,54492448,nan,nan,nan
9/29/2026 7:16:50,1.17.3,StopSig,57,4.08,nan,1,Right_no_left,Left,221,408,143,54493016,nan,nan,nan
9/29/2026 7:16:52,1.17.3,StopSig,57,4.09,nan,1,>Left_Regular_trial,Left,222,408,143,54495702,nan,nan,nan
9/29/2026 7:16:53,1.17.3,StopSig,57,4.09,nan,1,Right_Regular_(correct),Left,222,409,143,54496560,nan,nan,nan
9/29/2026 7:16:54,1.17.3,StopSig,57,4.09,1,1,Pellet,Left,222,409,144,54496560,0.38,31,nan
9/29/2026 7:17:12,1.17.3,StopSig,57,4.09,nan,1,Right_no_left,Left,222,410,144,54496560,nan,nan,nan
9/29/2026 7:17:12,1.17.3,StopSig,57,4.09,nan,1,Right_no_left,Left,222,411,144,54515207,nan,nan,nan
9/29/2026 7:17:15,1.17.3,StopSig,57,4.09,nan,1,>Left_Regular_trial,Left,223,411,144,54518030,nan,nan,nan
9/29/2026 7:17:16,1.17.3,StopSig,57,4.09,nan,1,Right_Regular_(correct),Left,223,412,144,54520013,nan,nan,nan
9/29/2026 7:17:18,1.17.3,StopSig,57,4.09,1,1,Pellet,Left,223,412,145,54520013,0.44,24,nan
9/29/2026 7:17:30,1.17.3,StopSig,57,4.09,nan,1,Right_no_left,Left,223,413,145,54520013,nan,nan,nan
9/29/2026 7:17:31,1.17.3,StopSig,57,4.09,nan,1,Right_no_left,Left,223,414,145,54533432,nan,nan,nan
9/29/2026 7:17:31,1.17.3,StopSig,57,4.09,nan,1,Right_no_left,Left,223,415,145,54534564,nan,nan,nan
9/29/2026 7:17:33,1.17.3,StopSig,57,4.09,nan,1,>Left_Regular_trial,Left,224,415,145,54536689,nan,nan,nan
9/29/2026 7:17:35,1.17.3,StopSig,57,4.09,nan,1,Right_Regular_(correct),Left,224,416,145,54538668,nan,nan,nan
9/29/2026 7:17:36,1.17.3,StopSig,57,4.09,nan,1,RightDuringDispense,Left,224,417,145,54538668,nan,nan,0.21
9/29/2026 7:17:37,1.17.3,StopSig,57,4.09,1,1,Pellet,Left,224,417,146,54538668,0.22,19,nan
9/29/2026 7:17:49,1.17.3,StopSig,57,4.09,nan,1,>Left_Regular_trial,Left,225,417,146,54552269,nan,nan,nan
9/29/2026 7:17:51,1.17.3,StopSig,57,4.08,nan,1,Right_Regular_(correct),Left,225,418,146,54554818,nan,nan,nan
9/29/2026 7:17:52,1.17.3,StopSig,57,4.09,nan,1,RightDuringDispense,Left,225,419,146,54554818,nan,nan,0.32
9/29/2026 7:17:53,1.17.3,StopSig,57,4.09,1,1,Pellet,Left,225,419,147,54554818,0.22,16,nan
9/29/2026 7:18:05,1.17.3,StopSig,57,4.09,nan,1,>Left_Regular_trial,Left,226,419,147,54567917,nan,nan,nan
9/29/2026 7:18:06,1.17.3,StopSig,57,4.09,nan,1,Right_Regular_(correct),Left,226,420,147,54569332,nan,nan,nan
9/29/2026 7:18:07,1.17.3,StopSig,57,4.09,1,1,Pellet,Left,226,420,148,54569332,0.22,14,nan
9/29/2026 7:18:20,1.17.3,StopSig,57,4.09,nan,1,>Left_Regular_trial,Left,227,420,148,54583201,nan,nan,nan
9/29/2026 7:18:21,1.17.3,StopSig,57,4.09,nan,1,Right_Regular_(correct),Left,227,421,148,54584335,nan,nan,nan
9/29/2026 7:18:22,1.17.3,StopSig,57,4.09,1,1,Pellet,Left,227,421,149,54584335,0.44,15,nan
9/29/2026 7:18:36,1.17.3,StopSig,57,4.09,nan,1,>Left_Regular_trial,Left,228,421,149,54599866,nan,nan,nan
9/29/2026 7:18:38,1.17.3,StopSig,57,4.09,nan,1,Right_Regular_(correct),Left,228,422,149,54601147,nan,nan,nan
9/29/2026 7:18:39,1.17.3,StopSig,57,4.09,1,1,Pellet,Left,228,422,150,54601147,0.83,17,nan
9/29/2026 7:18:54,1.17.3,StopSig,57,4.09,nan,1,Right_no_left,Left,228,423,150,54601147,nan,nan,nan
9/29/2026 7:18:55,1.17.3,StopSig,57,4.09,nan,1,Right_no_left,Left,228,424,150,54617615,nan,nan,nan
9/29/2026 7:18:59,1.17.3,StopSig,57,4.09,nan,1,>Left_Regular_trial,Left,229,424,150,54622708,nan,nan,nan
9/29/2026 7:19:01,1.17.3,StopSig,57,4.09,nan,1,Right_Regular_(correct),Left,229,425,150,54624130,nan,nan,nan
9/29/2026 7:19:02,1.17.3,StopSig,57,4.09,1,1,Pellet,Left,229,425,151,54624130,0.27,23,nan
9/29/2026 7:19:12,1.17.3,StopSig,57,4.09,nan,1,Right_no_left,Left,229,426,151,54624130,nan,nan,nan
9/29/2026 7:19:16,1.17.3,StopSig,57,4.09,nan,1,>Left_Regular_trial,Left,230,426,151,54639078,nan,nan,nan
9/29/2026 7:19:17,1.17.3,StopSig,57,4.09,nan,1,Right_Regular_(correct),Left,230,427,151,54640070,nan,nan,nan
9/29/2026 7:19:18,1.17.3,StopSig,57,4.09,1,1,Pellet,Left,230,427,152,54640070,0.27,16,nan
9/29/2026 7:19:32,1.17.3,StopSig,57,4.09,nan,1,>Left_Regular_trial,Left,231,427,152,54655563,nan,nan,nan
9/29/2026 7:19:33,1.17.3,StopSig,57,4.09,nan,1,Right_Regular_(correct),Left,231,428,152,54656424,nan,nan,nan
9/29/2026 7:19:34,1.17.3,StopSig,57,4.09,1,1,Pellet,Left,231,428,153,54656424,0.39,16,nan
9/29/2026 7:19:48,1.17.3,StopSig,57,4.09,nan,1,Right_no_left,Left,231,429,153,54656424,nan,nan,nan
9/29/2026 7:19:50,1.17.3,StopSig,57,4.09,nan,1,Right_no_left,Left,231,430,153,54672033,nan,nan,nan
9/29/2026 7:19:51,1.17.3,StopSig,57,4.09,nan,1,Right_no_left,Left,231,431,153,54673448,nan,nan,nan
9/29/2026 7:19:52,1.17.3,StopSig,57,4.09,nan,1,Right_no_left,Left,231,432,153,54674440,nan,nan,nan
9/29/2026 7:28:39,1.17.3,StopSig,57,4.09,nan,1,Right_no_left,Left,231,433,153,54675572,nan,nan,nan
9/29/2026 7:31:27,1.17.3,StopSig,57,4.08,nan,1,Right_no_left,Left,231,434,153,55202616,nan,nan,nan
9/29/2026 7:31:28,1.17.3,StopSig,57,4.09,nan,1,Right_no_left,Left,231,435,153,55370338,nan,nan,nan
9/29/2026 7:44:23,1.17.3,StopSig,57,4.09,nan,1,Right_no_left,Left,231,436,153,55371610,nan,nan,nan
9/29/2026 7:45:56,1.17.3,StopSig,57,4.09,nan,1,Right_no_left,Left,231,437,153,56147242,nan,nan,nan
9/29/2026 7:46:00,1.17.3,StopSig,57,4.08,nan,1,Right_no_left,Left,231,438,153,56240208,nan,nan,nan
9/29/2026 7:46:00,1.17.3,StopSig,57,4.08,nan,1,Right_no_left,Left,231,439,153,56243317,nan,nan,nan
9/29/2026 7:46:10,1.17.3,StopSig,57,4.09,nan,1,>Left_Regular_trial,Left,232,439,153,56253636,nan,nan,nan
9/29/2026 7:46:14,1.17.3,StopSig,57,4.09,nan,1,NoPoke_Regular_(incorrect),Left,232,439,153,56257322,nan,nan,nan
9/29/2026 7:48:13,1.17.3,StopSig,57,4.09,nan,1,Right_no_left,Left,232,440,153,56257322,nan,nan,nan
9/29/2026 7:48:14,1.17.3,StopSig,57,4.08,nan,1,Right_no_left,Left,232,441,153,56376413,nan,nan,nan
9/29/2026 7:48:24,1.17.3,StopSig,57,4.09,nan,1,Right_no_left,Left,232,442,153,56377688,nan,nan,nan
9/29/2026 7:48:26,1.17.3,StopSig,57,4.08,nan,1,Right_no_left,Left,232,443,153,56388004,nan,nan,nan
9/29/2026 7:48:27,1.17.3,StopSig,57,4.09,nan,1,Right_no_left,Left,232,444,153,56389710,nan,nan,nan
9/29/2026 7:48:27,1.17.3,StopSig,57,4.08,nan,1,Right_no_left,Left,232,445,153,56390420,nan,nan,nan
9/29/2026 7:48:28,1.17.3,StopSig,57,4.09,nan,1,Right_no_left,Left,232,446,153,56391129,nan,nan,nan
9/29/2026 7:48:36,1.17.3,StopSig,57,4.08,nan,1,Right_no_left,Left,232,447,153,56391698,nan,nan,nan
9/29/2026 7:48:38,1.17.3,StopSig,57,4.09,nan,1,Right_no_left,Left,232,448,153,56400045,nan,nan,nan
9/29/2026 7:48:39,1.17.3,StopSig,57,4.09,nan,1,Right_no_left,Left,232,449,153,56401608,nan,nan,nan
9/29/2026 7:49:20,1.17.3,StopSig,57,4.08,nan,1,Right_no_left,Left,232,450,153,56402884,nan,nan,nan
9/29/2026 7:49:22,1.17.3,StopSig,57,4.09,nan,1,Right_no_left,Left,232,451,153,56444170,nan,nan,nan
9/29/2026 7:49:53,1.17.3,StopSig,57,4.08,nan,1,Right_no_left,Left,232,452,153,56446152,nan,nan,nan
9/29/2026 7:50:54,1.17.3,StopSig,57,4.09,nan,1,Right_no_left,Left,232,453,153,56477238,nan,nan,nan
9/29/2026 7:56:28,1.17.3,StopSig,57,4.09,nan,1,Right_no_left,Left,232,454,153,56538069,nan,nan,nan
9/29/2026 7:56:57,1.17.3,StopSig,57,4.09,nan,1,Right_no_left,Left,232,455,153,56871386,nan,nan,nan
9/29/2026 7:57:05,1.17.3,StopSig,57,4.08,nan,1,Right_no_left,Left,232,456,153,56900676,nan,nan,nan
9/29/2026 8:03:00,1.17.3,StopSig,57,4.08,nan,1,Right_no_left,Left,232,457,153,56908457,nan,nan,nan
9/29/2026 8:10:55,1.17.3,StopSig,57,4.08,nan,1,Right_no_left,Left,232,458,153,57263363,nan,nan,nan
9/29/2026 8:14:14,1.17.3,StopSig,57,4.09,nan,1,Right_no_left,Left,232,459,153,57738426,nan,nan,nan
9/29/2026 8:14:19,1.17.3,StopSig,57,4.08,nan,1,Right_no_left,Left,232,460,153,57937714,nan,nan,nan
9/29/2026 8:14:20,1.17.3,StopSig,57,4.08,nan,1,Right_no_left,Left,232,461,153,57942665,nan,nan,nan
9/29/2026 8:14:21,1.17.3,StopSig,57,4.09,nan,1,Right_no_left,Left,232,462,153,57943658,nan,nan,nan
9/29/2026 8:14:21,1.17.3,StopSig,57,4.09,nan,1,Right_no_left,Left,232,463,153,57944509,nan,nan,nan
9/29/2026 8:14:23,1.17.3,StopSig,57,4.08,nan,1,Right_no_left,Left,232,464,153,57945084,nan,nan,nan
9/29/2026 8:14:24,1.17.3,StopSig,57,4.09,nan,1,Right_no_left,Left,232,465,153,57947066,nan,nan,nan
9/29/2026 8:14:25,1.17.3,StopSig,57,4.08,nan,1,Right_no_left,Left,232,466,153,57948059,nan,nan,nan
9/29/2026 8:14:29,1.17.3,StopSig,57,4.09,nan,1,Right_no_left,Left,232,467,153,57949062,nan,nan,nan
9/29/2026 8:14:29,1.17.3,StopSig,57,4.08,nan,1,Right_no_left,Left,232,468,153,57952460,nan,nan,nan
9/29/2026 8:29:37,1.17.3,StopSig,57,4.08,nan,1,Right_no_left,Left,232,469,153,57953034,nan,nan,nan
9/29/2026 8:29:37,1.17.3,StopSig,57,4.08,nan,1,Right_no_left,Left,232,470,153,58860647,nan,nan,nan
9/29/2026 8:29:38,1.17.3,StopSig,57,4.08,nan,1,Right_no_left,Left,232,471,153,58861216,nan,nan,nan
9/29/2026 8:29:38,1.17.3,StopSig,57,4.08,nan,1,Right_no_left,Left,232,472,153,58861785,nan,nan,nan
9/29/2026 8:29:39,1.17.3,StopSig,57,4.07,nan,1,Right_no_left,Left,232,473,153,58862212,nan,nan,nan
9/29/2026 8:29:41,1.17.3,StopSig,57,4.08,nan,1,Right_no_left,Left,232,474,153,58862504,nan,nan,nan
9/29/2026 8:30:13,1.17.3,StopSig,57,4.08,nan,1,Right_no_left,Left,232,475,153,58864487,nan,nan,nan
9/29/2026 8:30:13,1.17.3,StopSig,57,4.08,nan,1,Right_no_left,Left,232,476,153,58896739,nan,nan,nan
9/29/2026 8:30:21,1.17.3,StopSig,57,4.08,nan,1,>Left_Regular_trial,Left,233,476,153,58904524,nan,nan,nan
9/29/2026 8:30:25,1.17.3,StopSig,57,4.08,nan,1,NoPoke_Regular_(incorrect),Left,233,476,153,58908489,nan,nan,nan
9/29/2026 8:30:57,1.17.3,StopSig,57,4.08,nan,1,Right_no_left,Left,233,477,153,58908489,nan,nan,nan
9/29/2026 8:30:58,1.17.3,StopSig,57,4.08,nan,1,Right_no_left,Left,233,478,153,58941073,nan,nan,nan
9/29/2026 8:31:00,1.17.3,StopSig,57,4.08,nan,1,Right_no_left,Left,233,479,153,58941500,nan,nan,nan
9/29/2026 8:31:01,1.17.3,StopSig,57,4.08,nan,1,Right_no_left,Left,233,480,153,58944049,nan,nan,nan
9/29/2026 8:31:04,1.17.3,StopSig,57,4.08,nan,1,Right_no_left,Left,233,481,153,58945042,nan,nan,nan
9/29/2026 8:31:06,1.17.3,StopSig,57,4.08,nan,1,Right_no_left,Left,233,482,153,58948304,nan,nan,nan
9/29/2026 8:31:06,1.17.3,StopSig,57,4.08,nan,1,Right_no_left,Left,233,483,153,58949438,nan,nan,nan
9/29/2026 8:31:13,1.17.3,StopSig,57,4.08,nan,1,Right_no_left,Left,233,484,153,58949724,nan,nan,nan
9/29/2026 8:31:13,1.17.3,StopSig,57,4.08,nan,1,Right_no_left,Left,233,485,153,58956658,nan,nan,nan
9/29/2026 8:31:56,1.17.3,StopSig,57,4.08,nan,1,Right_no_left,Left,233,486,153,58957226,nan,nan,nan
9/29/2026 8:31:57,1.17.3,StopSig,57,4.08,nan,1,Right_no_left,Left,233,487,153,58999392,nan,nan,nan
9/29/2026 8:32:04,1.17.3,StopSig,57,4.08,nan,1,Right_no_left,Left,233,488,153,59001234,nan,nan,nan
9/29/2026 8:32:05,1.17.3,StopSig,57,4.08,nan,1,Right_no_left,Left,233,489,153,59008311,nan,nan,nan
9/29/2026 8:32:07,1.17.3,StopSig,57,4.08,nan,1,Right_no_left,Left,233,490,153,59009033,nan,nan,nan
9/29/2026 8:32:08,1.17.3,StopSig,57,4.08,nan,1,Right_no_left,Left,233,491,153,59010876,nan,nan,nan
9/29/2026 8:33:27,1.17.3,StopSig,57,4.08,nan,1,Right_no_left,Left,233,492,153,59011587,nan,nan,nan
9/29/2026 8:33:27,1.17.3,StopSig,57,4.08,nan,1,Right_no_left,Left,233,493,153,59090510,nan,nan,nan
9/29/2026 8:33:27,1.17.3,StopSig,57,4.08,nan,1,Right_no_left,Left,233,494,153,59090796,nan,nan,nan
9/29/2026 8:33:28,1.17.3,StopSig,57,4.08,nan,1,Right_no_left,Left,233,495,153,59091081,nan,nan,nan
9/29/2026 8:34:27,1.17.3,StopSig,57,4.08,nan,1,Right_no_left,Left,233,496,153,59091650,nan,nan,nan
9/29/2026 8:34:28,1.17.3,StopSig,57,4.08,nan,1,Right_no_left,Left,233,497,153,59150950,nan,nan,nan
9/29/2026 8:37:31,1.17.3,StopSig,57,4.08,nan,1,Right_no_left,Left,233,498,153,59151384,nan,nan,nan
9/29/2026 9:28:54,1.17.3,StopSig,57,4.07,nan,1,Right_no_left,Left,233,499,153,59335015,nan,nan,nan
9/29/2026 9:28:56,1.17.3,StopSig,57,4.07,nan,1,Right_no_left,Left,233,500,153,62418407,nan,nan,nan
9/29/2026 9:28:59,1.17.3,StopSig,57,4.08,nan,1,Right_no_left,Left,233,501,153,62419683,nan,nan,nan
9/29/2026 9:29:24,1.17.3,StopSig,57,4.07,nan,1,Right_no_left,Left,233,502,153,62423226,nan,nan,nan
9/29/2026 9:29:25,1.17.3,StopSig,57,4.07,nan,1,Right_no_left,Left,233,503,153,62447846,nan,nan,nan
9/29/2026 9:29:27,1.17.3,StopSig,57,4.08,nan,1,>Left_Regular_trial,Left,234,503,153,62450822,nan,nan,nan
9/29/2026 9:29:28,1.17.3,StopSig,57,4.07,nan,1,Right_Regular_(correct),Left,234,504,153,62451815,nan,nan,nan
9/29/2026 9:29:28,1.17.3,StopSig,57,4.07,nan,1,RightDuringDispense,Left,234,505,153,62451815,nan,nan,0.18
9/29/2026 9:29:29,1.17.3,StopSig,57,4.07,1,1,Pellet,Left,234,505,154,62451815,0.33,7795,nan
9/29/2026 9:30:22,1.17.3,StopSig,57,4.07,nan,1,Right_no_left,Left,234,506,154,62451815,nan,nan,nan
9/29/2026 9:30:27,1.17.3,StopSig,57,4.08,nan,1,Right_no_left,Left,234,507,154,62505600,nan,nan,nan
9/29/2026 9:30:32,1.17.3,StopSig,57,4.07,nan,1,Right_no_left,Left,234,508,154,62511404,nan,nan,nan
9/29/2026 9:30:37,1.17.3,StopSig,57,4.07,nan,1,>Left_Regular_trial,Left,235,508,154,62520460,nan,nan,nan
9/29/2026 9:30:38,1.17.3,StopSig,57,4.07,nan,1,Right_Regular_(correct),Left,235,509,154,62522303,nan,nan,nan
9/29/2026 9:30:39,1.17.3,StopSig,57,4.05,nan,1,RightDuringDispense,Left,235,510,154,62522303,nan,nan,0.00
9/29/2026 9:30:40,1.17.3,StopSig,57,4.05,1,1,Pellet,Left,235,510,155,62522303,0.33,71,nan
9/29/2026 9:31:06,1.17.3,StopSig,57,4.06,nan,1,Right_no_left,Left,235,511,155,62522303,nan,nan,nan
9/29/2026 9:31:07,1.17.3,StopSig,57,4.06,nan,1,Right_no_left,Left,235,512,155,62549706,nan,nan,nan
9/29/2026 9:31:09,1.17.3,StopSig,57,4.07,nan,1,>Left_Regular_trial,Left,236,512,155,62552676,nan,nan,nan
9/29/2026 9:31:10,1.17.3,StopSig,57,4.07,nan,1,Right_Regular_(correct),Left,236,513,155,62554246,nan,nan,nan
9/29/2026 9:31:11,1.17.3,StopSig,57,4.07,1,1,Pellet,Left,236,513,156,62554246,0.27,31,nan
9/29/2026 9:39:41,1.17.3,StopSig,57,4.08,nan,1,Right_no_left,Left,236,514,156,62554246,nan,nan,nan
9/29/2026 9:39:43,1.17.3,StopSig,57,4.07,nan,1,Right_no_left,Left,236,515,156,63064721,nan,nan,nan
9/29/2026 9:40:12,1.17.3,StopSig,57,4.07,nan,1,Right_no_left,Left,236,516,156,63066563,nan,nan,nan
9/29/2026 9:40:14,1.17.3,StopSig,57,4.07,nan,1,Right_no_left,Left,236,517,156,63096426,nan,nan,nan
9/29/2026 9:40:16,1.17.3,StopSig,57,4.07,nan,1,>Left_Regular_trial,Left,237,517,156,63099682,nan,nan,nan
9/29/2026 9:40:17,1.17.3,StopSig,57,4.07,nan,1,Right_Regular_(correct),Left,237,518,156,63100956,nan,nan,nan
9/29/2026 9:40:17,1.17.3,StopSig,57,4.07,nan,1,RightDuringDispense,Left,237,519,156,63100956,nan,nan,0.01
9/29/2026 9:40:19,1.17.3,StopSig,57,4.07,1,1,Pellet,Left,237,519,157,63100956,0.38,548,nan
9/29/2026 9:40:57,1.17.3,StopSig,57,4.07,nan,1,Right_no_left,Left,237,520,157,63100956,nan,nan,nan
9/29/2026 9:40:59,1.17.3,StopSig,57,4.07,nan,1,Right_no_left,Left,237,521,157,63141272,nan,nan,nan
9/29/2026 9:41:04,1.17.3,StopSig,57,4.08,nan,1,Right_no_left,Left,237,522,157,63143113,nan,nan,nan
9/29/2026 9:41:04,1.17.3,StopSig,57,4.07,nan,1,Right_no_left,Left,237,523,157,63147633,nan,nan,nan
9/29/2026 9:41:05,1.17.3,StopSig,57,4.07,nan,1,Right_no_left,Left,237,524,157,63148202,nan,nan,nan
9/29/2026 9:41:05,1.17.3,StopSig,57,4.07,nan,1,Right_no_left,Left,237,525,157,63148635,nan,nan,nan
9/29/2026 9:42:52,1.17.3,StopSig,57,4.07,nan,1,Right_no_left,Left,237,526,157,63149062,nan,nan,nan
9/29/2026 9:51:32,1.17.3,StopSig,57,4.07,nan,1,Right_no_left,Left,237,527,157,63256056,nan,nan,nan
9/29/2026 9:51:34,1.17.3,StopSig,57,4.07,nan,1,Right_no_left,Left,237,528,157,63776484,nan,nan,nan
9/29/2026 9:51:37,1.17.3,StopSig,57,4.08,nan,1,Right_no_left,Left,237,529,157,63778465,nan,nan,nan
9/29/2026 9:51:39,1.17.3,StopSig,57,4.07,nan,1,Right_no_left,Left,237,530,157,63781302,nan,nan,nan
9/29/2026 9:51:41,1.17.3,StopSig,57,4.07,nan,1,>Left_Regular_trial,Left,238,530,157,63784838,nan,nan,nan
9/29/2026 9:51:42,1.17.3,StopSig,57,4.08,nan,1,Right_Regular_(correct),Left,238,531,157,63786114,nan,nan,nan
9/29/2026 9:51:44,1.17.3,StopSig,57,4.07,1,1,Pellet,Left,238,531,158,63786114,1.39,685,nan
9/29/2026 9:52:04,1.17.3,StopSig,57,4.07,nan,1,Right_no_left,Left,238,532,158,63786114,nan,nan,nan
9/29/2026 9:52:05,1.17.3,StopSig,57,4.07,nan,1,Right_no_left,Left,238,533,158,63808177,nan,nan,nan
9/29/2026 9:52:07,1.17.3,StopSig,57,4.07,nan,1,>Left_Regular_trial,Left,239,533,158,63810446,nan,nan,nan
9/29/2026 9:52:08,1.17.3,StopSig,57,4.07,nan,1,Right_Regular_(correct),Left,239,534,158,63811582,nan,nan,nan
9/29/2026 9:52:08,1.17.3,StopSig,57,4.07,nan,1,RightDuringDispense,Left,239,535,158,63811582,nan,nan,0.05
9/29/2026 9:52:09,1.17.3,StopSig,57,4.07,1,1,Pellet,Left,239,535,159,63811582,0.33,25,nan
9/29/2026 9:52:22,1.17.3,StopSig,57,4.07,nan,1,>Left_Regular_trial,Left,240,535,159,63825655,nan,nan,nan
9/29/2026 9:52:23,1.17.3,StopSig,57,4.07,nan,1,Right_Regular_(correct),Left,240,536,159,63827356,nan,nan,nan
9/29/2026 9:52:24,1.17.3,StopSig,57,4.07,1,1,Pellet,Left,240,536,160,63827356,0.27,15,nan
9/29/2026 9:52:44,1.17.3,StopSig,57,4.07,nan,1,>Left_Regular_trial,Left,241,536,160,63848203,nan,nan,nan
9/29/2026 9:52:46,1.17.3,StopSig,57,4.07,nan,1,Right_Regular_(correct),Left,241,537,160,63849903,nan,nan,nan
9/29/2026 9:52:46,1.17.3,StopSig,57,4.07,nan,1,RightDuringDispense,Left,241,538,160,63849903,nan,nan,0.10
9/29/2026 9:52:47,1.17.3,StopSig,57,4.07,1,1,Pellet,Left,241,538,161,63849903,0.39,23,nan
9/29/2026 9:53:01,1.17.3,StopSig,57,4.07,nan,1,>Left_Regular_trial,Left,242,538,161,63865214,nan,nan,nan
9/29/2026 9:53:03,1.17.3,StopSig,57,4.07,nan,1,Right_Regular_(correct),Left,242,539,161,63866914,nan,nan,nan
9/29/2026 9:53:04,1.17.3,StopSig,57,4.07,1,1,Pellet,Left,242,539,162,63866914,0.16,17,nan
9/29/2026 9:53:20,1.17.3,StopSig,57,4.07,nan,1,Right_no_left,Left,242,540,162,63866914,nan,nan,nan
9/29/2026 9:53:21,1.17.3,StopSig,57,4.07,nan,1,Right_no_left,Left,242,541,162,63883839,nan,nan,nan
9/29/2026 9:53:23,1.17.3,StopSig,57,4.07,nan,1,Right_no_left,Left,242,542,162,63885398,nan,nan,nan
9/29/2026 9:53:24,1.17.3,StopSig,57,4.07,nan,1,Right_no_left,Left,242,543,162,63887381,nan,nan,nan
9/29/2026 9:53:25,1.17.3,StopSig,57,4.07,nan,1,Right_no_left,Left,242,544,162,63887961,nan,nan,nan
9/29/2026 9:53:27,1.17.3,StopSig,57,4.07,nan,1,>Left_Stop_trial,Left,243,544,162,63889951,nan,nan,nan
9/29/2026 9:53:27,1.17.3,StopSig,57,4.07,nan,1,Right_STOP_(incorrect),Left,243,545,162,63891046,nan,nan,nan
9/29/2026 9:53:58,1.17.3,StopSig,57,4.07,nan,1,>Left_Regular_trial,Left,244,545,162,63921357,nan,nan,nan
9/29/2026 9:54:01,1.17.3,StopSig,57,4.07,nan,1,NoPoke_Regular_(incorrect),Left,244,545,162,63924613,nan,nan,nan
9/29/2026 11:27:55,1.17.3,StopSig,57,4.07,nan,1,Right_no_left,Left,244,546,162,63924613,nan,nan,nan
9/29/2026 11:27:58,1.17.3,StopSig,57,4.06,nan,1,Right_no_left,Left,244,547,162,69558856,nan,nan,nan
9/29/2026 11:40:22,1.17.3,StopSig,57,4.07,nan,1,Right_no_left,Left,244,548,162,69562106,nan,nan,nan
9/29/2026 11:40:22,1.17.3,StopSig,57,4.07,nan,1,Right_no_left,Left,244,549,162,70305910,nan,nan,nan
9/29/2026 11:41:56,1.17.3,StopSig,57,4.06,nan,1,>Left_Stop_trial,Left,245,549,162,70399747,nan,nan,nan
9/29/2026 11:41:57,1.17.3,StopSig,57,4.07,nan,1,Right_STOP_(incorrect),Left,245,550,162,70401095,nan,nan,nan
9/29/2026 11:42:27,1.17.3,StopSig,57,4.07,nan,1,>Left_Regular_trial,Left,246,550,162,70431412,nan,nan,nan
9/29/2026 11:42:31,1.17.3,StopSig,57,4.07,nan,1,NoPoke_Regular_(incorrect),Left,246,550,162,70434806,nan,nan,nan
9/29/2026 11:56:36,1.17.3,StopSig,57,4.06,nan,1,Right_no_left,Left,246,551,162,70434806,nan,nan,nan
9/29/2026 12:01:12,1.17.3,StopSig,57,4.06,nan,1,>Left_Regular_trial,Left,247,551,162,71556177,nan,nan,nan
9/29/2026 12:01:13,1.17.3,StopSig,57,4.06,nan,1,Right_Regular_(correct),Left,247,552,162,71557309,nan,nan,nan
9/29/2026 12:01:13,1.17.3,StopSig,57,4.06,nan,1,RightDuringDispense,Left,247,553,162,71557309,nan,nan,0.03
9/29/2026 12:01:14,1.17.3,StopSig,57,4.07,1,1,Pellet,Left,247,553,163,71557309,0.27,7690,nan
9/29/2026 12:01:43,1.17.3,StopSig,57,4.06,nan,1,>Left_Regular_trial,Left,248,553,163,71587168,nan,nan,nan
9/29/2026 12:01:44,1.17.3,StopSig,57,4.06,nan,1,Right_Regular_(correct),Left,248,554,163,71588302,nan,nan,nan
9/29/2026 12:01:45,1.17.3,StopSig,57,4.06,1,1,Pellet,Left,248,554,164,71588302,0.27,31,nan
9/29/2026 12:02:07,1.17.3,StopSig,57,4.06,nan,1,Right_no_left,Left,248,555,164,71588302,nan,nan,nan
9/29/2026 12:02:07,1.17.3,StopSig,57,4.07,nan,1,Right_no_left,Left,248,556,164,71610940,nan,nan,nan
9/29/2026 12:02:09,1.17.3,StopSig,57,4.06,nan,1,>Left_Regular_trial,Left,249,556,164,71613206,nan,nan,nan
9/29/2026 12:02:13,1.17.3,StopSig,57,4.06,nan,1,NoPoke_Regular_(incorrect),Left,249,556,164,71616886,nan,nan,nan
9/29/2026 12:03:43,1.17.3,StopSig,57,4.06,nan,1,>Left_Regular_trial,Left,250,556,164,71707015,nan,nan,nan
9/29/2026 12:03:47,1.17.3,StopSig,57,4.06,nan,1,NoPoke_Regular_(incorrect),Left,250,556,164,71710843,nan,nan,nan
9/29/2026 13:29:34,1.17.3,StopSig,57,4.06,nan,1,Right_no_left,Left,250,557,164,71710843,nan,nan,nan
9/29/2026 13:29:35,1.17.3,StopSig,57,4.05,nan,1,Right_no_left,Left,250,558,164,76858917,nan,nan,nan
9/29/2026 13:29:37,1.17.3,StopSig,57,4.05,nan,1,Right_no_left,Left,250,559,164,76859910,nan,nan,nan
9/29/2026 13:29:38,1.17.3,StopSig,57,4.05,nan,1,Right_no_left,Left,250,560,164,76861051,nan,nan,nan
9/29/2026 13:29:40,1.17.3,StopSig,57,4.05,nan,1,Right_no_left,Left,250,561,164,76862044,nan,nan,nan
9/29/2026 13:29:41,1.17.3,StopSig,57,4.05,nan,1,Right_no_left,Left,250,562,164,76864735,nan,nan,nan
9/29/2026 13:29:46,1.17.3,StopSig,57,4.05,nan,1,Right_no_left,Left,250,563,164,76865868,nan,nan,nan
9/29/2026 13:29:48,1.17.3,StopSig,57,4.05,nan,1,Right_no_left,Left,250,564,164,76870681,nan,nan,nan
9/29/2026 13:30:00,1.17.3,StopSig,57,4.05,nan,1,>Left_Regular_trial,Left,251,564,164,76884543,nan,nan,nan
9/29/2026 13:30:04,1.17.3,StopSig,57,4.05,nan,1,NoPoke_Regular_(incorrect),Left,251,564,164,76888096,nan,nan,nan
9/29/2026 13:32:46,1.17.3,StopSig,57,4.05,nan,1,Right_no_left,Left,251,565,164,76888096,nan,nan,nan
9/29/2026 13:32:49,1.17.3,StopSig,57,4.05,nan,1,Right_no_left,Left,251,566,164,77050177,nan,nan,nan
9/29/2026 13:32:50,1.17.3,StopSig,57,4.05,nan,1,Right_no_left,Left,251,567,164,77053290,nan,nan,nan
9/29/2026 13:32:51,1.17.3,StopSig,57,4.05,nan,1,Right_no_left,Left,251,568,164,77054147,nan,nan,nan
9/29/2026 13:32:51,1.17.3,StopSig,57,4.05,nan,1,Right_no_left,Left,251,569,164,77055139,nan,nan,nan
9/29/2026 13:32:52,1.17.3,StopSig,57,4.05,nan,1,Right_no_left,Left,251,570,164,77055990,nan,nan,nan
9/29/2026 13:32:55,1.17.3,StopSig,57,4.05,nan,1,>Left_Regular_trial,Left,252,570,164,77059665,nan,nan,nan
9/29/2026 13:32:56,1.17.3,StopSig,57,4.05,nan,1,Right_Regular_(correct),Left,252,571,164,77060517,nan,nan,nan
9/29/2026 13:32:57,1.17.3,StopSig,57,4.05,1,1,Pellet,Left,252,571,165,77060517,0.39,5472,nan
9/29/2026 13:33:14,1.17.3,StopSig,57,4.05,nan,1,Right_no_left,Left,252,572,165,77060517,nan,nan,nan
9/29/2026 13:33:16,1.17.3,StopSig,57,4.06,nan,1,>Left_Regular_trial,Left,253,572,165,77080570,nan,nan,nan
9/29/2026 13:33:17,1.17.3,StopSig,57,4.05,nan,1,Right_Regular_(correct),Left,253,573,165,77081846,nan,nan,nan
9/29/2026 13:33:19,1.17.3,StopSig,57,4.05,1,1,Pellet,Left,253,573,166,77081846,0.39,22,nan
9/29/2026 13:33:32,1.17.3,StopSig,57,4.05,nan,1,>Left_Regular_trial,Left,254,573,166,77096335,nan,nan,nan
9/29/2026 13:33:33,1.17.3,StopSig,57,4.05,nan,1,Right_Regular_(correct),Left,254,574,166,77097470,nan,nan,nan
9/29/2026 13:33:33,1.17.3,StopSig,57,3.98,nan,1,RightDuringDispense,Left,254,575,166,77097470,nan,nan,0.04
9/29/2026 13:33:34,1.17.3,StopSig,57,4.05,1,1,Pellet,Left,254,575,167,77097470,0.22,15,nan
9/29/2026 13:33:51,1.17.3,StopSig,57,4.05,nan,1,>Left_Stop_trial,Left,255,575,167,77114680,nan,nan,nan
9/29/2026 13:33:51,1.17.3,StopSig,57,4.05,nan,1,Right_STOP_(incorrect),Left,255,576,167,77115796,nan,nan,nan
9/29/2026 13:34:22,1.17.3,StopSig,57,4.05,nan,1,>Left_Regular_trial,Left,256,576,167,77146106,nan,nan,nan
9/29/2026 13:34:26,1.17.3,StopSig,57,4.05,nan,1,NoPoke_Regular_(incorrect),Left,256,576,167,77150067,nan,nan,nan
9/29/2026 13:35:22,1.17.3,StopSig,57,4.05,nan,1,Right_no_left,Left,256,577,167,77150067,nan,nan,nan
9/29/2026 13:49:33,1.17.3,StopSig,57,4.05,nan,1,>Left_Stop_trial,Left,257,577,167,78057017,nan,nan,nan
9/29/2026 13:49:34,1.17.3,StopSig,57,4.05,nan,1,Right_STOP_(incorrect),Left,257,578,167,78058408,nan,nan,nan
9/29/2026 13:57:13,1.17.3,StopSig,57,4.05,nan,1,Right_no_left,Left,257,579,167,78058408,nan,nan,nan
9/29/2026 13:57:14,1.17.3,StopSig,57,4.05,nan,1,Right_no_left,Left,257,580,167,78517925,nan,nan,nan
9/29/2026 13:58:41,1.17.3,StopSig,57,4.05,nan,1,Right_no_left,Left,257,581,167,78518917,nan,nan,nan
9/29/2026 14:03:18,1.17.3,StopSig,57,4.05,nan,1,>Left_Regular_trial,Left,258,581,167,78882454,nan,nan,nan
9/29/2026 14:03:19,1.17.3,StopSig,57,4.05,nan,1,Right_Regular_(correct),Left,258,582,167,78883877,nan,nan,nan
9/29/2026 14:03:20,1.17.3,StopSig,57,4.05,nan,1,RightDuringDispense,Left,258,583,167,78883877,nan,nan,0.33
9/29/2026 14:03:20,1.17.3,StopSig,57,3.98,nan,1,RightDuringDispense,Left,258,584,167,78883877,nan,nan,0.08
9/29/2026 14:03:22,1.17.3,StopSig,57,4.05,1,1,Pellet,Left,258,584,168,78883877,0.39,1788,nan
9/29/2026 14:03:51,1.17.3,StopSig,57,4.05,nan,1,Right_no_left,Left,258,585,168,78883877,nan,nan,nan
9/29/2026 14:23:29,1.17.3,StopSig,57,4.05,nan,1,Right_no_left,Left,258,586,168,78915583,nan,nan,nan
9/29/2026 14:23:32,1.17.3,StopSig,57,4.05,nan,1,Right_no_left,Left,258,587,168,80093923,nan,nan,nan
9/29/2026 14:47:48,1.17.3,StopSig,57,4.05,nan,1,>Left_Stop_trial,Left,259,587,168,81551735,nan,nan,nan
9/29/2026 14:47:48,1.17.3,StopSig,57,4.04,nan,1,Right_STOP_(incorrect),Left,259,588,168,81552860,nan,nan,nan
9/29/2026 14:48:19,1.17.3,StopSig,57,4.05,nan,1,>Left_Regular_trial,Left,260,588,168,81583171,nan,nan,nan
9/29/2026 14:48:22,1.17.3,StopSig,57,4.05,nan,1,Right_Regular_(correct),Left,260,589,168,81586440,nan,nan,nan
9/29/2026 14:48:22,1.17.3,StopSig,57,4.05,nan,1,RightDuringDispense,Left,260,590,168,81586440,nan,nan,0.14
9/29/2026 14:48:25,1.17.3,StopSig,57,4.05,2,1,Pellet,Left,260,590,169,81586440,0.27,2703,nan
9/29/2026 14:49:12,1.17.3,StopSig,57,4.05,nan,1,>Left_Regular_trial,Left,261,590,169,81636829,nan,nan,nan
9/29/2026 14:49:14,1.17.3,StopSig,57,4.05,nan,1,Right_Regular_(correct),Left,261,591,169,81638389,nan,nan,nan
9/29/2026 14:49:15,1.17.3,StopSig,57,4.05,1,1,Pellet,Left,261,591,170,81638389,0.44,50,nan
9/29/2026 14:49:34,1.17.3,StopSig,57,4.05,nan,1,Right_no_left,Left,261,592,170,81638389,nan,nan,nan
9/29/2026 14:49:37,1.17.3,StopSig,57,4.04,nan,1,>Left_Regular_trial,Left,262,592,170,81661167,nan,nan,nan
9/29/2026 14:49:38,1.17.3,StopSig,57,4.05,nan,1,Right_Regular_(correct),Left,262,593,170,81662444,nan,nan,nan
9/29/2026 14:49:38,1.17.3,StopSig,57,4.05,nan,1,RightDuringDispense,Left,262,594,170,81662444,nan,nan,0.04
9/29/2026 14:49:39,1.17.3,StopSig,57,4.05,1,1,Pellet,Left,262,594,171,81662444,0.16,24,nan
9/29/2026 14:49:53,1.17.3,StopSig,57,4.05,nan,1,>Left_Stop_trial,Left,263,594,171,81677533,nan,nan,nan
9/29/2026 14:49:54,1.17.3,StopSig,57,4.05,nan,1,Right_STOP_(incorrect),Left,263,595,171,81678590,nan,nan,nan
9/29/2026 14:50:25,1.17.3,StopSig,57,4.05,nan,1,>Left_Regular_trial,Left,264,595,171,81708900,nan,nan,nan
9/29/2026 14:50:28,1.17.3,StopSig,57,4.05,nan,1,Right_Regular_(correct),Left,264,596,171,81712164,nan,nan,nan
9/29/2026 14:50:28,1.17.3,StopSig,57,4.04,nan,1,RightDuringDispense,Left,264,597,171,81712164,nan,nan,0.00
9/29/2026 14:50:29,1.17.3,StopSig,57,4.05,1,1,Pellet,Left,264,597,172,81712164,0.50,50,nan
9/29/2026 14:50:52,1.17.3,StopSig,57,4.05,nan,1,>Left_Stop_trial,Left,265,597,172,81736459,nan,nan,nan
9/29/2026 14:50:53,1.17.3,StopSig,57,4.05,nan,1,Right_STOP_(incorrect),Left,265,598,172,81737376,nan,nan,nan
9/29/2026 14:51:24,1.17.3,StopSig,57,4.04,nan,1,>Left_Stop_trial,Left,266,598,172,81767693,nan,nan,nan
9/29/2026 14:51:27,1.17.3,StopSig,57,4.05,nan,1,NoPoke_STOP_(correct),Left,266,598,172,81771277,nan,nan,nan
9/29/2026 14:51:28,1.17.3,StopSig,57,4.04,1,1,Pellet,Left,266,598,173,81771277,0.39,59,nan
9/29/2026 14:51:51,1.17.3,StopSig,57,4.05,nan,1,Right_no_left,Left,266,599,173,81771277,nan,nan,nan
9/29/2026 14:51:52,1.17.3,StopSig,57,4.04,nan,1,Right_no_left,Left,266,600,173,81795622,nan,nan,nan
9/29/2026 14:51:57,1.17.3,StopSig,57,4.04,nan,1,Right_no_left,Left,266,601,173,81796197,nan,nan,nan
9/29/2026 14:51:58,1.17.3,StopSig,57,4.05,nan,1,Right_no_left,Left,266,602,173,81801438,nan,nan,nan
9/29/2026 14:51:59,1.17.3,StopSig,57,4.04,nan,1,Right_no_left,Left,266,603,173,81802996,nan,nan,nan
9/29/2026 14:52:03,1.17.3,StopSig,57,4.05,nan,1,Right_no_left,Left,266,604,173,81804131,nan,nan,nan
9/29/2026 14:52:06,1.17.3,StopSig,57,4.05,nan,1,>Left_Regular_trial,Left,267,604,173,81810791,nan,nan,nan
9/29/2026 14:52:07,1.17.3,StopSig,57,4.05,nan,1,Right_Regular_(correct),Left,267,605,173,81811791,nan,nan,nan
9/29/2026 14:52:08,1.17.3,StopSig,57,4.05,1,1,Pellet,Left,267,605,174,81811791,0.39,40,nan
9/29/2026 14:59:05,1.17.3,StopSig,57,4.05,nan,1,Right_no_left,Left,267,606,174,81811791,nan,nan,nan
9/29/2026 15:15:54,1.17.3,StopSig,57,4.05,nan,1,Right_no_left,Left,267,607,174,82229860,nan,nan,nan
9/29/2026 15:17:32,1.17.3,StopSig,57,4.04,nan,1,Right_no_left,Left,267,608,174,83238455,nan,nan,nan
9/29/2026 15:17:35,1.17.3,StopSig,57,4.03,nan,1,Right_no_left,Left,267,609,174,83336914,nan,nan,nan
9/29/2026 15:17:35,1.17.3,StopSig,57,4.03,nan,1,Right_no_left,Left,267,610,174,83339605,nan,nan,nan
9/29/2026 15:17:36,1.17.3,StopSig,57,4.03,nan,1,Right_no_left,Left,267,611,174,83340183,nan,nan,nan
9/29/2026 15:17:37,1.17.3,StopSig,57,4.03,nan,1,Right_no_left,Left,267,612,174,83341034,nan,nan,nan
9/29/2026 15:17:38,1.17.3,StopSig,57,4.03,nan,1,Right_no_left,Left,267,613,174,83341743,nan,nan,nan
9/29/2026 15:17:39,1.17.3,StopSig,57,4.04,nan,1,Right_no_left,Left,267,614,174,83342594,nan,nan,nan
9/29/2026 15:17:40,1.17.3,StopSig,57,4.04,nan,1,Right_no_left,Left,267,615,174,83343873,nan,nan,nan
9/29/2026 15:17:42,1.17.3,StopSig,57,4.04,nan,1,Right_no_left,Left,267,616,174,83344441,nan,nan,nan
9/29/2026 15:17:42,1.17.3,StopSig,57,4.04,nan,1,Right_no_left,Left,267,617,174,83346705,nan,nan,nan
9/29/2026 15:17:44,1.17.3,StopSig,57,4.05,nan,1,Right_no_left,Left,267,618,174,83347132,nan,nan,nan
9/29/2026 15:17:44,1.17.3,StopSig,57,4.05,nan,1,Right_no_left,Left,267,619,174,83348407,nan,nan,nan
9/29/2026 15:17:46,1.17.3,StopSig,57,4.04,nan,1,>Left_Stop_trial,Left,268,619,174,83350112,nan,nan,nan
9/29/2026 15:17:46,1.17.3,StopSig,57,4.03,nan,1,Right_STOP_(incorrect),Left,268,620,174,83351087,nan,nan,nan
9/29/2026 15:18:17,1.17.3,StopSig,57,4.04,nan,1,>Left_Regular_trial,Left,269,620,174,83381397,nan,nan,nan
9/29/2026 15:18:21,1.17.3,StopSig,57,4.04,nan,1,NoPoke_Regular_(incorrect),Left,269,620,174,83385366,nan,nan,nan
9/29/2026 15:20:07,1.17.3,StopSig,57,4.05,nan,1,Right_no_left,Left,269,621,174,83385366,nan,nan,nan
9/29/2026 15:20:10,1.17.3,StopSig,57,4.04,nan,1,>Left_Stop_trial,Left,270,621,174,83493999,nan,nan,nan
9/29/2026 15:20:10,1.17.3,StopSig,57,4.04,nan,1,Right_STOP_(incorrect),Left,270,622,174,83495053,nan,nan,nan
9/29/2026 15:22:26,1.17.3,StopSig,57,4.04,nan,1,Right_no_left,Left,270,623,174,83495053,nan,nan,nan
9/29/2026 15:22:27,1.17.3,StopSig,57,4.04,nan,1,Right_no_left,Left,270,624,174,83631108,nan,nan,nan
9/29/2026 15:22:27,1.17.3,StopSig,57,4.04,nan,1,Right_no_left,Left,270,625,174,83631410,nan,nan,nan
9/29/2026 15:22:29,1.17.3,StopSig,57,4.05,nan,1,>Left_Regular_trial,Left,271,625,174,83633112,nan,nan,nan
9/29/2026 15:22:30,1.17.3,StopSig,57,4.04,nan,1,Right_Regular_(correct),Left,271,626,174,83634388,nan,nan,nan
9/29/2026 15:22:31,1.17.3,StopSig,57,4.05,1,1,Pellet,Left,271,626,175,83634388,0.22,1823,nan
9/29/2026 15:22:50,1.17.3,StopSig,57,4.05,nan,1,>Left_Regular_trial,Left,272,626,175,83654597,nan,nan,nan
9/29/2026 15:22:54,1.17.3,StopSig,57,4.04,nan,1,NoPoke_Regular_(incorrect),Left,272,626,175,83658290,nan,nan,nan
9/29/2026 15:23:50,1.17.3,StopSig,57,4.04,nan,1,>Left_Regular_trial,Left,273,626,175,83714956,nan,nan,nan
9/29/2026 15:23:52,1.17.3,StopSig,57,4.04,nan,1,Right_Regular_(correct),Left,273,627,175,83716659,nan,nan,nan
9/29/2026 15:23:53,1.17.3,StopSig,57,4.05,nan,1,RightDuringDispense,Left,273,628,175,83716659,nan,nan,0.18
9/29/2026 15:23:58,1.17.3,StopSig,57,4.04,3,1,Pellet,Left,273,628,176,83716659,0.22,86,nan
9/29/2026 15:26:19,1.17.3,StopSig,57,4.04,nan,1,>Left_Regular_trial,Left,274,628,176,83863283,nan,nan,nan
9/29/2026 15:26:20,1.17.3,StopSig,57,4.04,nan,1,Right_Regular_(correct),Left,274,629,176,83864561,nan,nan,nan
9/29/2026 15:26:20,1.17.3,StopSig,57,4.05,nan,1,RightDuringDispense,Left,274,630,176,83864561,nan,nan,0.10
9/29/2026 15:26:21,1.17.3,StopSig,57,4.04,1,1,Pellet,Left,274,630,177,83864561,0.22,144,nan
9/29/2026 15:26:39,1.17.3,StopSig,57,4.04,nan,1,>Left_Stop_trial,Left,275,630,177,83883210,nan,nan,nan
9/29/2026 15:26:40,1.17.3,StopSig,57,4.05,nan,1,Right_STOP_(incorrect),Left,275,631,177,83884297,nan,nan,nan
9/29/2026 15:27:25,1.17.3,StopSig,57,4.04,nan,1,>Left_Regular_trial,Left,276,631,177,83929032,nan,nan,nan
9/29/2026 15:27:28,1.17.3,StopSig,57,4.04,nan,1,NoPoke_Regular_(incorrect),Left,276,631,177,83932288,nan,nan,nan
9/29/2026 15:28:29,1.17.3,StopSig,57,4.04,nan,1,>Left_Regular_trial,Left,277,631,177,83993313,nan,nan,nan
9/29/2026 15:28:33,1.17.3,StopSig,57,4.05,nan,1,NoPoke_Regular_(incorrect),Left,277,631,177,83997418,nan,nan,nan
9/29/2026 16:17:26,1.17.3,StopSig,57,4.04,nan,1,Right_no_left,Left,277,632,177,83997418,nan,nan,nan
9/29/2026 16:17:27,1.17.3,StopSig,57,4.05,nan,1,Right_no_left,Left,277,633,177,86931194,nan,nan,nan
9/29/2026 16:17:29,1.17.3,StopSig,57,4.04,nan,1,Right_no_left,Left,277,634,177,86932186,nan,nan,nan
9/29/2026 16:17:30,1.17.3,StopSig,57,4.03,nan,1,Right_no_left,Left,277,635,177,86933472,nan,nan,nan
9/29/2026 16:17:33,1.17.3,StopSig,57,4.03,nan,1,Right_no_left,Left,277,636,177,86935029,nan,nan,nan
9/29/2026 16:17:34,1.17.3,StopSig,57,4.04,nan,1,Right_no_left,Left,277,637,177,86938290,nan,nan,nan
9/29/2026 16:17:38,1.17.3,StopSig,57,4.04,nan,1,>Left_Stop_trial,Left,278,637,177,86941685,nan,nan,nan
9/29/2026 16:17:38,1.17.3,StopSig,57,4.04,nan,1,Right_STOP_(incorrect),Left,278,638,177,86942727,nan,nan,nan
9/29/2026 16:18:08,1.17.3,StopSig,57,4.04,nan,1,>Left_Regular_trial,Left,279,638,177,86973038,nan,nan,nan
9/29/2026 16:18:12,1.17.3,StopSig,57,4.04,nan,1,NoPoke_Regular_(incorrect),Left,279,638,177,86976439,nan,nan,nan
9/29/2026 16:18:46,1.17.3,StopSig,57,4.03,nan,1,>Left_Regular_trial,Left,280,638,177,87010437,nan,nan,nan
9/29/2026 16:18:48,1.17.3,StopSig,57,4.03,nan,1,Right_Regular_(correct),Left,280,639,177,87012707,nan,nan,nan
9/29/2026 16:18:48,1.17.3,StopSig,57,4.03,nan,1,RightDuringDispense,Left,280,640,177,87012707,nan,nan,0.22
9/29/2026 16:18:49,1.17.3,StopSig,57,4.03,1,1,Pellet,Left,280,640,178,87012707,0.22,3148,nan
9/29/2026 16:19:05,1.17.3,StopSig,57,4.04,nan,1,Right_no_left,Left,280,641,178,87012707,nan,nan,nan
9/29/2026 16:19:06,1.17.3,StopSig,57,4.04,nan,1,Right_no_left,Left,280,642,178,87030029,nan,nan,nan
9/29/2026 16:19:06,1.17.3,StopSig,57,4.04,nan,1,Right_no_left,Left,280,643,178,87030598,nan,nan,nan
9/29/2026 16:19:08,1.17.3,StopSig,57,4.04,nan,1,>Left_Regular_trial,Left,281,643,178,87032584,nan,nan,nan
9/29/2026 16:19:09,1.17.3,StopSig,57,4.03,nan,1,Right_Regular_(correct),Left,281,644,178,87033719,nan,nan,nan
9/29/2026 16:19:10,1.17.3,StopSig,57,4.03,1,1,Pellet,Left,281,644,179,87033719,0.22,21,nan
9/29/2026 16:19:20,1.17.3,StopSig,57,4.03,nan,1,Right_no_left,Left,281,645,179,87033719,nan,nan,nan
9/29/2026 16:19:21,1.17.3,StopSig,57,4.04,nan,1,Right_no_left,Left,281,646,179,87045358,nan,nan,nan
9/29/2026 16:19:21,1.17.3,StopSig,57,4.04,nan,1,Right_no_left,Left,281,647,179,87046069,nan,nan,nan
9/29/2026 16:19:22,1.17.3,StopSig,57,4.03,nan,1,Right_no_left,Left,281,648,179,87046355,nan,nan,nan
9/29/2026 16:19:24,1.17.3,StopSig,57,4.03,nan,1,>Left_Regular_trial,Left,282,648,179,87048204,nan,nan,nan
9/29/2026 16:19:27,1.17.3,StopSig,57,4.04,nan,1,Right_Regular_(correct),Left,282,649,179,87051324,nan,nan,nan
9/29/2026 16:19:27,1.17.3,StopSig,57,4.03,nan,1,RightDuringDispense,Left,282,650,179,87051324,nan,nan,0.29
9/29/2026 16:19:28,1.17.3,StopSig,57,4.03,1,1,Pellet,Left,282,650,180,87051324,0.22,18,nan
9/29/2026 16:19:41,1.17.3,StopSig,57,4.04,nan,1,>Left_Regular_trial,Left,283,650,180,87065604,nan,nan,nan
9/29/2026 16:19:43,1.17.3,StopSig,57,4.03,nan,1,Right_Regular_(correct),Left,283,651,180,87067598,nan,nan,nan
9/29/2026 16:19:44,1.17.3,StopSig,57,4.03,1,1,Pellet,Left,283,651,181,87067598,0.16,16,nan
9/29/2026 16:19:58,1.17.3,StopSig,57,4.03,nan,1,>Left_Regular_trial,Left,284,651,181,87082387,nan,nan,nan
9/29/2026 16:19:59,1.17.3,StopSig,57,4.03,nan,1,Right_Regular_(correct),Left,284,652,181,87083805,nan,nan,nan
9/29/2026 16:20:00,1.17.3,StopSig,57,4.04,1,1,Pellet,Left,284,652,182,87083805,0.27,16,nan
9/29/2026 16:20:15,1.17.3,StopSig,57,4.04,nan,1,>Left_Regular_trial,Left,285,652,182,87099544,nan,nan,nan
9/29/2026 16:20:16,1.17.3,StopSig,57,4.04,nan,1,Right_Regular_(correct),Left,285,653,182,87100823,nan,nan,nan
9/29/2026 16:20:17,1.17.3,StopSig,57,4.04,1,1,Pellet,Left,285,653,183,87100823,0.27,17,nan
9/29/2026 16:20:32,1.17.3,StopSig,57,4.03,nan,1,>Left_Stop_trial,Left,286,653,183,87115605,nan,nan,nan
9/29/2026 16:20:32,1.17.3,StopSig,57,4.03,nan,1,Right_STOP_(incorrect),Left,286,654,183,87117052,nan,nan,nan
9/29/2026 16:21:03,1.17.3,StopSig,57,4.04,nan,1,>Left_Regular_trial,Left,287,654,183,87147369,nan,nan,nan
9/29/2026 16:21:04,1.17.3,StopSig,57,4.03,nan,1,Right_Regular_(correct),Left,287,655,183,87148647,nan,nan,nan
9/29/2026 16:21:05,1.17.3,StopSig,57,4.04,nan,1,RightDuringDispense,Left,287,656,183,87148647,nan,nan,0.41
9/29/2026 16:21:06,1.17.3,StopSig,57,4.03,1,1,Pellet,Left,287,656,184,87148647,0.27,49,nan
9/29/2026 16:21:34,1.17.3,StopSig,57,4.03,nan,1,>Left_Stop_trial,Left,288,656,184,87178386,nan,nan,nan
9/29/2026 16:21:35,1.17.3,StopSig,57,4.03,nan,1,Right_STOP_(incorrect),Left,288,657,184,87179556,nan,nan,nan
9/29/2026 16:22:05,1.17.3,StopSig,57,4.04,nan,1,>Left_Regular_trial,Left,289,657,184,87209877,nan,nan,nan
9/29/2026 16:22:08,1.17.3,StopSig,57,4.04,nan,1,Right_Regular_(correct),Left,289,658,184,87212290,nan,nan,nan
9/29/2026 16:22:08,1.17.3,StopSig,57,4.04,nan,1,RightDuringDispense,Left,289,659,184,87212290,nan,nan,0.63
9/29/2026 16:22:14,1.17.3,StopSig,57,4.04,3,1,Pellet,Left,289,659,185,87212290,0.78,68,nan
9/29/2026 16:22:43,1.17.3,StopSig,57,4.03,nan,1,Right_no_left,Left,289,660,185,87212290,nan,nan,nan
9/29/2026 16:22:46,1.17.3,StopSig,57,4.04,nan,1,>Left_Regular_trial,Left,290,660,185,87251071,nan,nan,nan
9/29/2026 16:22:48,1.17.3,StopSig,57,4.04,nan,1,Right_Regular_(correct),Left,290,661,185,87252492,nan,nan,nan
9/29/2026 16:22:49,1.17.3,StopSig,57,4.04,1,1,Pellet,Left,290,661,186,87252492,0.33,35,nan
9/29/2026 16:23:11,1.17.3,StopSig,57,4.03,nan,1,Right_no_left,Left,290,662,186,87252492,nan,nan,nan
9/29/2026 16:23:11,1.17.3,StopSig,57,4.03,nan,1,Right_no_left,Left,290,663,186,87275587,nan,nan,nan
9/29/2026 16:23:12,1.17.3,StopSig,57,4.03,nan,1,Right_no_left,Left,290,664,186,87276299,nan,nan,nan
9/29/2026 16:23:15,1.17.3,StopSig,57,4.03,nan,1,>Left_Regular_trial,Left,291,664,186,87279565,nan,nan,nan
9/29/2026 16:23:16,1.17.3,StopSig,57,4.04,nan,1,Right_Regular_(correct),Left,291,665,186,87280844,nan,nan,nan
9/29/2026 16:23:16,1.17.3,StopSig,57,4.04,nan,1,RightDuringDispense,Left,291,666,186,87280844,nan,nan,0.09
9/29/2026 16:23:17,1.17.3,StopSig,57,4.04,1,1,Pellet,Left,291,666,187,87280844,0.16,28,nan
9/29/2026 16:23:31,1.17.3,StopSig,57,4.03,nan,1,>Left_Regular_trial,Left,292,666,187,87295726,nan,nan,nan
9/29/2026 16:23:35,1.17.3,StopSig,57,4.03,nan,1,NoPoke_Regular_(incorrect),Left,292,666,187,87299417,nan,nan,nan
9/29/2026 16:24:06,1.17.3,StopSig,57,4.03,nan,1,Right_no_left,Left,292,667,187,87299417,nan,nan,nan
9/29/2026 16:27:32,1.17.3,StopSig,57,4.03,nan,1,Right_no_left,Left,292,668,187,87330866,nan,nan,nan
9/29/2026 16:27:34,1.17.3,StopSig,57,4.03,nan,1,Right_no_left,Left,292,669,187,87537279,nan,nan,nan
9/29/2026 16:27:37,1.17.3,StopSig,57,4.04,nan,1,>Left_Regular_trial,Left,293,669,187,87541394,nan,nan,nan
9/29/2026 16:27:38,1.17.3,StopSig,57,4.03,nan,1,Right_Regular_(correct),Left,293,670,187,87542389,nan,nan,nan
9/29/2026 16:27:39,1.17.3,StopSig,57,4.03,1,1,Pellet,Left,293,670,188,87542389,0.22,262,nan
9/29/2026 16:27:51,1.17.3,StopSig,57,4.04,nan,1,Right_no_left,Left,293,671,188,87542389,nan,nan,nan
9/29/2026 16:27:54,1.17.3,StopSig,57,4.04,nan,1,>Left_Stop_trial,Left,294,671,188,87558259,nan,nan,nan
9/29/2026 16:27:54,1.17.3,StopSig,57,4.03,nan,1,Right_STOP_(incorrect),Left,294,672,188,87559226,nan,nan,nan
9/29/2026 16:34:27,1.17.3,StopSig,57,4.03,nan,1,Right_no_left,Left,294,673,188,87559226,nan,nan,nan
9/29/2026 16:35:33,1.17.3,StopSig,57,4.04,nan,1,>Left_Regular_trial,Left,295,673,188,88017288,nan,nan,nan
9/29/2026 16:35:36,1.17.3,StopSig,57,4.04,nan,1,NoPoke_Regular_(incorrect),Left,295,673,188,88020553,nan,nan,nan
9/29/2026 16:41:04,1.17.3,StopSig,57,4.03,nan,1,>Left_Regular_trial,Left,296,673,188,88348577,nan,nan,nan
9/29/2026 16:41:08,1.17.3,StopSig,57,4.04,nan,1,NoPoke_Regular_(incorrect),Left,296,673,188,88352548,nan,nan,nan
9/29/2026 16:42:52,1.17.3,StopSig,57,4.03,nan,1,Right_no_left,Left,296,674,188,88352548,nan,nan,nan
9/29/2026 16:43:48,1.17.3,StopSig,57,4.03,nan,1,Right_no_left,Left,296,675,188,88456735,nan,nan,nan
9/29/2026 17:32:59,1.17.3,StopSig,57,4.03,nan,1,Right_no_left,Left,296,676,188,88512889,nan,nan,nan
9/29/2026 17:33:07,1.17.3,StopSig,57,4.03,nan,1,Right_no_left,Left,296,677,188,91464047,nan,nan,nan
9/29/2026 17:33:12,1.17.3,StopSig,57,4.03,nan,1,>Left_Regular_trial,Left,297,677,188,91477092,nan,nan,nan
9/29/2026 17:33:13,1.17.3,StopSig,57,4.03,nan,1,Right_Regular_(correct),Left,297,678,188,91477945,nan,nan,nan
9/29/2026 17:33:13,1.17.3,StopSig,57,4.03,nan,1,RightDuringDispense,Left,297,679,188,91477945,nan,nan,0.12
9/29/2026 17:33:17,1.17.3,StopSig,57,4.03,2,1,Pellet,Left,297,679,189,91477945,0.55,3938,nan
9/29/2026 17:33:37,1.17.3,StopSig,57,4.03,nan,1,>Left_Regular_trial,Left,298,679,189,91501755,nan,nan,nan
9/29/2026 17:33:38,1.17.3,StopSig,57,4.03,nan,1,Right_Regular_(correct),Left,298,680,189,91503317,nan,nan,nan
9/29/2026 17:33:39,1.17.3,StopSig,57,4.03,1,1,Pellet,Left,298,680,190,91503317,0.27,22,nan
9/29/2026 17:33:55,1.17.3,StopSig,57,4.03,nan,1,Right_no_left,Left,298,681,190,91503317,nan,nan,nan
9/29/2026 17:33:59,1.17.3,StopSig,57,4.03,nan,1,>Left_Regular_trial,Left,299,681,190,91523348,nan,nan,nan
9/29/2026 17:34:00,1.17.3,StopSig,57,4.03,nan,1,Right_Regular_(correct),Left,299,682,190,91524484,nan,nan,nan
9/29/2026 17:34:00,1.17.3,StopSig,57,4.02,nan,1,RightDuringDispense,Left,299,683,190,91524484,nan,nan,0.22
9/29/2026 17:34:01,1.17.3,StopSig,57,4.03,2,1,Pellet,Left,299,683,191,91524484,0.22,22,nan
9/29/2026 17:34:12,1.17.3,StopSig,57,4.03,nan,1,>Left_Regular_trial,Left,300,683,191,91537140,nan,nan,nan
9/29/2026 17:34:14,1.17.3,StopSig,57,4.03,nan,1,Right_Regular_(correct),Left,300,684,191,91538424,nan,nan,nan
9/29/2026 17:34:15,1.17.3,StopSig,57,4.03,1,1,Pellet,Left,300,684,192,91538424,0.39,14,nan
9/29/2026 17:34:27,1.17.3,StopSig,57,4.03,nan,1,>Left_Regular_trial,Left,301,684,192,91551715,nan,nan,nan
9/29/2026 17:34:29,1.17.3,StopSig,57,4.03,nan,1,Right_Regular_(correct),Left,301,685,192,91554266,nan,nan,nan
9/29/2026 17:34:30,1.17.3,StopSig,57,4.03,1,1,Pellet,Left,301,685,193,91554266,0.22,15,nan
9/29/2026 17:34:42,1.17.3,StopSig,57,4.03,nan,1,Right_no_left,Left,301,686,193,91554266,nan,nan,nan
9/29/2026 17:34:42,1.17.3,StopSig,57,4.03,nan,1,Right_no_left,Left,301,687,193,91566573,nan,nan,nan
9/29/2026 17:34:43,1.17.3,StopSig,57,4.03,nan,1,Right_no_left,Left,301,688,193,91567142,nan,nan,nan
9/29/2026 17:34:45,1.17.3,StopSig,57,4.03,nan,1,>Left_Regular_trial,Left,302,688,193,91569269,nan,nan,nan
9/29/2026 17:34:46,1.17.3,StopSig,57,4.03,nan,1,Right_Regular_(correct),Left,302,689,193,91570831,nan,nan,nan
9/29/2026 17:34:46,1.17.3,StopSig,57,4.03,nan,1,RightDuringDispense,Left,302,690,193,91570831,nan,nan,0.11
9/29/2026 17:34:47,1.17.3,StopSig,57,4.03,1,1,Pellet,Left,302,690,194,91570831,0.11,17,nan
9/29/2026 17:34:59,1.17.3,StopSig,57,4.03,nan,1,>Left_Regular_trial,Left,303,690,194,91583788,nan,nan,nan
9/29/2026 17:35:00,1.17.3,StopSig,57,4.03,nan,1,Right_Regular_(correct),Left,303,691,194,91585349,nan,nan,nan
9/29/2026 17:35:01,1.17.3,StopSig,57,4.03,1,1,Pellet,Left,303,691,195,91585349,0.22,14,nan
9/29/2026 17:35:11,1.17.3,StopSig,57,4.03,nan,1,>Left_Stop_trial,Left,304,691,195,91595293,nan,nan,nan
9/29/2026 17:35:12,1.17.3,StopSig,57,4.03,nan,1,Right_STOP_(incorrect),Left,304,692,195,91596417,nan,nan,nan
9/29/2026 17:35:42,1.17.3,StopSig,57,4.03,nan,1,>Left_Regular_trial,Left,305,692,195,91626728,nan,nan,nan
9/29/2026 17:35:44,1.17.3,StopSig,57,4.03,nan,1,Right_Regular_(correct),Left,305,693,195,91628715,nan,nan,nan
9/29/2026 17:35:44,1.17.3,StopSig,57,4.03,nan,1,RightDuringDispense,Left,305,694,195,91628715,nan,nan,0.13
9/29/2026 17:35:47,1.17.3,StopSig,57,4.03,2,1,Pellet,Left,305,694,196,91628715,0.39,46,nan
9/29/2026 17:43:33,1.17.3,StopSig,57,4.03,nan,1,Right_no_left,Left,305,695,196,91628715,nan,nan,nan
9/29/2026 17:43:35,1.17.3,StopSig,57,4.03,nan,1,Right_no_left,Left,305,696,196,92098372,nan,nan,nan
9/29/2026 17:45:08,1.17.3,StopSig,57,4.03,nan,1,>Left_Regular_trial,Left,306,696,196,92193038,nan,nan,nan
9/29/2026 17:45:09,1.17.3,StopSig,57,4.03,nan,1,Right_Regular_(correct),Left,306,697,196,92194033,nan,nan,nan
9/29/2026 17:45:10,1.17.3,StopSig,57,4.02,1,1,Pellet,Left,306,697,197,92194033,0.27,563,nan
9/29/2026 17:45:32,1.17.3,StopSig,57,4.03,nan,1,>Left_Regular_trial,Left,307,697,197,92216989,nan,nan,nan
9/29/2026 17:45:34,1.17.3,StopSig,57,4.03,nan,1,Right_Regular_(correct),Left,307,698,197,92218832,nan,nan,nan
9/29/2026 17:45:44,1.17.3,StopSig,57,4.03,2,1,Pellet,Left,307,698,198,92218832,7.21,34,nan
9/29/2026 17:46:07,1.17.3,StopSig,57,4.03,nan,1,>Left_Regular_trial,Left,308,698,198,92252148,nan,nan,nan
9/29/2026 17:46:08,1.17.3,StopSig,57,4.03,nan,1,Right_Regular_(correct),Left,308,699,198,92253014,nan,nan,nan
9/29/2026 17:46:09,1.17.3,StopSig,57,4.03,1,1,Pellet,Left,308,699,199,92253014,0.16,25,nan
9/29/2026 17:46:24,1.17.3,StopSig,57,4.03,nan,1,>Left_Regular_trial,Left,309,699,199,92269227,nan,nan,nan
9/29/2026 17:46:26,1.17.3,StopSig,57,4.03,nan,1,Right_Regular_(correct),Left,309,700,199,92270505,nan,nan,nan
9/29/2026 17:46:26,1.17.3,StopSig,57,4.03,1,1,Pellet,Left,309,700,200,92270505,0.11,17,nan
9/29/2026 17:46:37,1.17.3,StopSig,57,4.03,nan,1,>Left_Regular_trial,Left,310,700,200,92281334,nan,nan,nan
9/29/2026 17:46:38,1.17.3,StopSig,57,4.03,nan,1,Right_Regular_(correct),Left,310,701,200,92282611,nan,nan,nan
9/29/2026 17:46:39,1.17.3,StopSig,57,4.03,1,1,Pellet,Left,310,701,201,92282611,0.16,13,nan
9/29/2026 17:46:51,1.17.3,StopSig,57,4.03,nan,1,>Left_Regular_trial,Left,311,701,201,92295405,nan,nan,nan
9/29/2026 17:46:53,1.17.3,StopSig,57,4.03,nan,1,Right_Regular_(correct),Left,311,702,201,92297951,nan,nan,nan
9/29/2026 17:46:54,1.17.3,StopSig,57,4.03,nan,1,RightDuringDispense,Left,311,703,201,92297951,nan,nan,0.21
9/29/2026 17:47:01,1.17.3,StopSig,57,4.03,2,1,Pellet,Left,311,703,202,92297951,4.58,22,nan
9/29/2026 17:47:18,1.17.3,StopSig,57,4.03,nan,1,>Left_Regular_trial,Left,312,703,202,92322959,nan,nan,nan
9/29/2026 17:47:19,1.17.3,StopSig,57,4.03,nan,1,Right_Regular_(correct),Left,312,704,202,92324377,nan,nan,nan
9/29/2026 17:47:20,1.17.3,StopSig,57,4.03,2,1,Pellet,Left,312,704,203,92324377,0.05,19,nan
9/29/2026 17:48:14,1.17.3,StopSig,57,4.03,nan,1,Right_no_left,Left,312,705,203,92324377,nan,nan,nan
9/29/2026 17:56:26,1.17.3,StopSig,57,4.03,nan,1,Right_no_left,Left,312,706,203,92379117,nan,nan,nan
9/29/2026 17:56:28,1.17.3,StopSig,57,4.03,nan,1,Right_no_left,Left,312,707,203,92871488,nan,nan,nan
9/29/2026 18:16:55,1.17.3,StopSig,57,4.03,nan,1,>Left_Regular_trial,Left,313,707,203,94100098,nan,nan,nan
9/29/2026 18:16:57,1.17.3,StopSig,57,4.03,nan,1,Right_Regular_(correct),Left,313,708,203,94102225,nan,nan,nan
9/29/2026 18:16:58,1.17.3,StopSig,57,4.02,1,1,Pellet,Left,313,708,204,94102225,0.27,1778,nan
9/29/2026 18:17:12,1.17.3,StopSig,57,4.03,nan,1,Right_no_left,Left,313,709,204,94102225,nan,nan,nan
9/29/2026 18:17:14,1.17.3,StopSig,57,4.02,nan,1,>Left_Regular_trial,Left,314,709,204,94118974,nan,nan,nan
9/29/2026 18:17:15,1.17.3,StopSig,57,4.03,nan,1,Right_Regular_(correct),Left,314,710,204,94119826,nan,nan,nan
9/29/2026 18:17:16,1.17.3,StopSig,57,4.03,1,1,Pellet,Left,314,710,205,94119826,0.33,18,nan
9/29/2026 18:17:35,1.17.3,StopSig,57,4.03,nan,1,>Left_Regular_trial,Left,315,710,205,94139842,nan,nan,nan
9/29/2026 18:17:36,1.17.3,StopSig,57,4.03,nan,1,Right_Regular_(correct),Left,315,711,205,94141259,nan,nan,nan
9/29/2026 18:17:37,1.17.3,StopSig,57,4.03,1,1,Pellet,Left,315,711,206,94141259,0.22,21,nan
9/29/2026 18:17:47,1.17.3,StopSig,57,4.03,nan,1,>Left_Regular_trial,Left,316,711,206,94151709,nan,nan,nan
9/29/2026 18:17:50,1.17.3,StopSig,57,4.03,nan,1,Right_Regular_(correct),Left,316,712,206,94155247,nan,nan,nan
9/29/2026 18:17:51,1.17.3,StopSig,57,4.03,nan,1,RightDuringDispense,Left,316,713,206,94155247,nan,nan,0.30
9/29/2026 18:17:52,1.17.3,StopSig,57,4.03,1,1,Pellet,Left,316,713,207,94155247,0.22,15,nan
9/29/2026 18:18:03,1.17.3,StopSig,57,4.03,nan,1,>Left_Regular_trial,Left,317,713,207,94167520,nan,nan,nan
9/29/2026 18:18:04,1.17.3,StopSig,57,4.03,nan,1,Right_Regular_(correct),Left,317,714,207,94168654,nan,nan,nan
9/29/2026 18:18:07,1.17.3,StopSig,57,4.03,2,1,Pellet,Left,317,714,208,94168654,0.44,15,nan
9/29/2026 18:18:19,1.17.3,StopSig,57,4.03,nan,1,>Left_Regular_trial,Left,318,714,208,94184053,nan,nan,nan
9/29/2026 18:18:20,1.17.3,StopSig,57,4.03,nan,1,Right_Regular_(correct),Left,318,715,208,94185047,nan,nan,nan
9/29/2026 18:18:21,1.17.3,StopSig,57,4.03,1,1,Pellet,Left,318,715,209,94185047,0.33,14,nan
9/29/2026 18:18:32,1.17.3,StopSig,57,4.03,nan,1,Right_no_left,Left,318,716,209,94185047,nan,nan,nan
9/29/2026 18:18:33,1.17.3,StopSig,57,4.03,nan,1,Right_no_left,Left,318,717,209,94197434,nan,nan,nan
9/29/2026 18:18:38,1.17.3,StopSig,57,4.02,nan,1,>Left_Regular_trial,Left,319,717,209,94202674,nan,nan,nan
9/29/2026 18:18:42,1.17.3,StopSig,57,4.03,nan,1,NoPoke_Regular_(incorrect),Left,319,717,209,94206780,nan,nan,nan
9/29/2026 18:20:20,1.17.3,StopSig,57,4.03,nan,1,>Left_Regular_trial,Left,320,717,209,94305003,nan,nan,nan
9/29/2026 18:20:24,1.17.3,StopSig,57,4.03,nan,1,NoPoke_Regular_(incorrect),Left,320,717,209,94308690,nan,nan,nan
9/29/2026 18:29:48,1.17.3,StopSig,57,4.03,nan,1,>Left_Regular_trial,Left,321,717,209,94873361,nan,nan,nan
9/29/2026 18:29:52,1.17.3,StopSig,57,4.03,nan,1,NoPoke_Regular_(incorrect),Left,321,717,209,94876762,nan,nan,nan
9/29/2026 18:39:48,1.17.3,StopSig,57,4.03,nan,1,>Left_Regular_trial,Left,322,717,209,95472942,nan,nan,nan
9/29/2026 18:39:52,1.17.3,StopSig,57,4.03,nan,1,NoPoke_Regular_(incorrect),Left,322,717,209,95476780,nan,nan,nan
9/29/2026 18:53:06,1.17.3,StopSig,57,4.03,nan,1,>Left_Regular_trial,Left,323,717,209,96271017,nan,nan,nan
9/29/2026 18:53:10,1.17.3,StopSig,57,4.02,nan,1,NoPoke_Regular_(incorrect),Left,323,717,209,96274851,nan,nan,nan
9/29/2026 19:02:25,1.17.3,StopSig,57,4.02,nan,1,>Left_Regular_trial,Left,324,717,209,96829965,nan,nan,nan
9/29/2026 19:02:29,1.17.3,StopSig,57,4.03,nan,1,NoPoke_Regular_(incorrect),Left,324,717,209,96833791,nan,nan,nan
9/29/2026 19:05:59,1.17.3,StopSig,57,4.02,nan,1,Right_no_left,Left,324,718,209,96833791,nan,nan,nan
9/29/2026 19:15:12,1.17.3,StopSig,57,4.02,nan,1,Right_no_left,Left,324,719,209,97043774,nan,nan,nan
9/29/2026 19:15:14,1.17.3,StopSig,57,4.02,nan,1,>Left_Regular_trial,Left,325,719,209,97598636,nan,nan,nan
9/29/2026 19:15:15,1.17.3,StopSig,57,4.02,nan,1,Right_Regular_(correct),Left,325,720,209,97599630,nan,nan,nan
9/29/2026 19:15:16,1.17.3,StopSig,57,4.02,1,1,Pellet,Left,325,720,210,97599630,0.33,3415,nan
9/29/2026 19:22:23,1.17.3,StopSig,57,4.02,nan,1,Right_no_left,Left,325,721,210,97599630,nan,nan,nan
9/29/2026 19:22:24,1.17.3,StopSig,57,4.02,nan,1,>Left_Regular_trial,Left,326,721,210,98028804,nan,nan,nan
9/29/2026 19:22:26,1.17.3,StopSig,57,4.02,nan,1,Right_Regular_(correct),Left,326,722,210,98030647,nan,nan,nan
9/29/2026 19:22:27,1.17.3,StopSig,57,4.03,1,1,Pellet,Left,326,722,211,98030647,0.39,431,nan
9/29/2026 19:26:34,1.17.3,StopSig,57,4.02,nan,1,Right_no_left,Left,326,723,211,98030647,nan,nan,nan
9/29/2026 19:27:51,1.17.3,StopSig,57,4.02,nan,1,>Left_Stop_trial,Left,327,723,211,98355935,nan,nan,nan
9/29/2026 19:27:54,1.17.3,StopSig,57,4.02,nan,1,Right_STOP_(incorrect),Left,327,724,211,98358851,nan,nan,nan
9/29/2026 19:38:49,1.17.3,StopSig,57,4.02,nan,1,>Left_Regular_trial,Left,328,724,211,99014106,nan,nan,nan
9/29/2026 19:38:51,1.17.3,StopSig,57,4.02,nan,1,Right_Regular_(correct),Left,328,725,211,99016658,nan,nan,nan
9/29/2026 19:38:53,1.17.3,StopSig,57,4.02,1,1,Pellet,Left,328,725,212,99016658,0.89,986,nan
9/29/2026 19:39:22,1.17.3,StopSig,57,4.02,nan,1,Right_no_left,Left,328,726,212,99016658,nan,nan,nan
9/29/2026 19:54:31,1.17.3,StopSig,57,4.02,nan,1,Right_no_left,Left,328,727,212,99047519,nan,nan,nan
9/29/2026 19:54:34,1.17.3,StopSig,57,4.02,nan,1,>Left_Regular_trial,Left,329,727,212,99958967,nan,nan,nan
9/29/2026 19:54:38,1.17.3,StopSig,57,4.02,nan,1,NoPoke_Regular_(incorrect),Left,329,727,212,99962934,nan,nan,nan
9/29/2026 19:57:16,1.17.3,StopSig,57,4.02,nan,1,>Left_Regular_trial,Left,330,727,212,100121160,nan,nan,nan
9/29/2026 19:57:20,1.17.3,StopSig,57,4.02,nan,1,NoPoke_Regular_(incorrect),Left,330,727,212,100124985,nan,nan,nan
9/29/2026 20:02:42,1.17.3,StopSig,57,4.02,nan,1,>Left_Stop_trial,Left,331,727,212,100446879,nan,nan,nan
9/29/2026 20:02:43,1.17.3,StopSig,57,4.02,nan,1,Right_STOP_(incorrect),Left,331,728,212,100448383,nan,nan,nan
9/29/2026 20:09:20,1.17.3,StopSig,57,4.02,nan,1,Right_no_left,Left,331,729,212,100448383,nan,nan,nan
9/29/2026 20:09:21,1.17.3,StopSig,57,4.02,nan,1,>Left_Regular_trial,Left,332,729,212,100845771,nan,nan,nan
9/29/2026 20:09:21,1.17.3,StopSig,57,4.02,nan,1,Right_Regular_(correct),Left,332,730,212,100846341,nan,nan,nan
9/29/2026 20:09:22,1.17.3,StopSig,57,4.02,1,1,Pellet,Left,332,730,213,100846341,0.61,1829,nan
9/29/2026 20:13:00,1.17.3,StopSig,57,4.02,nan,1,>Left_Regular_trial,Left,333,730,213,101065145,nan,nan,nan
9/29/2026 20:13:04,1.17.3,StopSig,57,4.02,nan,1,NoPoke_Regular_(incorrect),Left,333,730,213,101068973,nan,nan,nan
9/29/2026 20:13:50,1.17.3,StopSig,57,4.02,nan,1,Right_no_left,Left,333,731,213,101068973,nan,nan,nan
9/29/2026 20:14:07,1.17.3,StopSig,57,4.02,nan,1,>Left_Regular_trial,Left,334,731,213,101132137,nan,nan,nan
9/29/2026 20:14:11,1.17.3,StopSig,57,4.02,nan,1,NoPoke_Regular_(incorrect),Left,334,731,213,101135966,nan,nan,nan
9/29/2026 20:14:42,1.17.3,StopSig,57,4.02,nan,1,Right_no_left,Left,334,732,213,101135966,nan,nan,nan
9/29/2026 20:14:43,1.17.3,StopSig,57,4.02,nan,1,>Left_Stop_trial,Left,335,732,213,101168119,nan,nan,nan
9/29/2026 20:14:46,1.17.3,StopSig,57,4.02,nan,1,Right_STOP_(incorrect),Left,335,733,213,101171096,nan,nan,nan
9/29/2026 20:24:28,1.17.3,StopSig,57,4.02,nan,1,Right_no_left,Left,335,734,213,101171096,nan,nan,nan
9/29/2026 20:26:05,1.17.3,StopSig,57,4.02,nan,1,Right_no_left,Left,335,735,213,101753570,nan,nan,nan
9/29/2026 20:26:12,1.17.3,StopSig,57,4.02,nan,1,Right_no_left,Left,335,736,213,101849957,nan,nan,nan
9/29/2026 20:26:15,1.17.3,StopSig,57,4.01,nan,1,Right_no_left,Left,335,737,213,101856909,nan,nan,nan
9/29/2026 20:26:16,1.17.3,StopSig,57,4.02,nan,1,Right_no_left,Left,335,738,213,101860600,nan,nan,nan
9/29/2026 20:26:17,1.17.3,StopSig,57,4.02,nan,1,Right_no_left,Left,335,739,213,101861035,nan,nan,nan
9/29/2026 20:26:18,1.17.3,StopSig,57,4.02,nan,1,Right_no_left,Left,335,740,213,101862881,nan,nan,nan
9/29/2026 20:26:20,1.17.3,StopSig,57,4.02,nan,1,>Left_Regular_trial,Left,336,740,213,101864869,nan,nan,nan
9/29/2026 20:26:21,1.17.3,StopSig,57,4.02,nan,1,Right_Regular_(correct),Left,336,741,213,101865865,nan,nan,nan
9/29/2026 20:26:22,1.17.3,StopSig,57,4.01,1,1,Pellet,Left,336,741,214,101865865,0.39,1020,nan
9/29/2026 20:26:48,1.17.3,StopSig,57,4.01,nan,1,Right_no_left,Left,336,742,214,101865865,nan,nan,nan
9/29/2026 20:29:55,1.17.3,StopSig,57,4.02,nan,1,Right_no_left,Left,336,743,214,101893609,nan,nan,nan
9/29/2026 20:30:03,1.17.3,StopSig,57,4.02,nan,1,>Left_Stop_trial,Left,337,743,214,102087516,nan,nan,nan
9/29/2026 20:30:06,1.17.3,StopSig,57,4.02,nan,1,NoPoke_STOP_(correct),Left,337,743,214,102091063,nan,nan,nan
9/29/2026 20:30:08,1.17.3,StopSig,57,4.02,1,1,Pellet,Left,337,743,215,102091063,1.05,226,nan
9/29/2026 20:30:57,1.17.3,StopSig,57,4.01,nan,1,Right_no_left,Left,337,744,215,102091063,nan,nan,nan
9/29/2026 20:30:57,1.17.3,StopSig,57,4.02,nan,1,Right_no_left,Left,337,745,215,102142050,nan,nan,nan
9/29/2026 20:30:58,1.17.3,StopSig,57,4.02,nan,1,>Left_Regular_trial,Left,338,745,215,102143470,nan,nan,nan
9/29/2026 20:30:59,1.17.3,StopSig,57,4.02,nan,1,Right_Regular_(correct),Left,338,746,215,102144181,nan,nan,nan
9/29/2026 20:31:00,1.17.3,StopSig,57,4.02,1,1,Pellet,Left,338,746,216,102144181,0.22,52,nan
9/29/2026 20:33:01,1.17.3,StopSig,57,4.02,nan,1,>Left_Regular_trial,Left,339,746,216,102265946,nan,nan,nan
9/29/2026 20:33:05,1.17.3,StopSig,57,4.02,nan,1,NoPoke_Regular_(incorrect),Left,339,746,216,102270061,nan,nan,nan
9/29/2026 20:40:21,1.17.3,StopSig,57,4.01,nan,1,Right_no_left,Left,339,747,216,102270061,nan,nan,nan
9/29/2026 20:42:45,1.17.3,StopSig,57,4.02,nan,1,Right_no_left,Left,339,748,216,102706664,nan,nan,nan
9/29/2026 20:42:47,1.17.3,StopSig,57,4.02,nan,1,Right_no_left,Left,339,749,216,102850710,nan,nan,nan
9/29/2026 20:42:47,1.17.3,StopSig,57,4.01,nan,1,Right_no_left,Left,339,750,216,102851995,nan,nan,nan
9/29/2026 20:42:50,1.17.3,StopSig,57,4.02,nan,1,>Left_Stop_trial,Left,340,750,216,102854833,nan,nan,nan
9/29/2026 20:42:50,1.17.3,StopSig,57,4.01,nan,1,Right_STOP_(incorrect),Left,340,751,216,102855585,nan,nan,nan
9/29/2026 20:48:47,1.17.3,StopSig,57,4.02,nan,1,Right_no_left,Left,340,752,216,102855585,nan,nan,nan
9/29/2026 20:49:12,1.17.3,StopSig,57,4.01,nan,1,Right_no_left,Left,340,753,216,103212194,nan,nan,nan
9/29/2026 20:51:29,1.17.3,StopSig,57,4.02,nan,1,>Left_Regular_trial,Left,341,753,216,103374657,nan,nan,nan
9/29/2026 20:51:33,1.17.3,StopSig,57,4.02,nan,1,NoPoke_Regular_(incorrect),Left,341,753,216,103378057,nan,nan,nan
9/29/2026 20:53:37,1.17.3,StopSig,57,4.01,nan,1,Right_no_left,Left,341,754,216,103378057,nan,nan,nan
9/29/2026 20:53:39,1.17.3,StopSig,57,4.01,nan,1,>Left_Regular_trial,Left,342,754,216,103503717,nan,nan,nan
9/29/2026 20:53:39,1.17.3,StopSig,57,4.02,nan,1,Right_Regular_(correct),Left,342,755,216,103504570,nan,nan,nan
9/29/2026 20:53:40,1.17.3,StopSig,57,4.02,1,1,Pellet,Left,342,755,217,103504570,0.39,1360,nan
9/29/2026 20:54:07,1.17.3,StopSig,57,4.02,nan,1,Right_no_left,Left,342,756,217,103504570,nan,nan,nan
9/29/2026 20:54:08,1.17.3,StopSig,57,4.01,nan,1,Right_no_left,Left,342,757,217,103532904,nan,nan,nan
9/29/2026 20:54:10,1.17.3,StopSig,57,4.02,nan,1,>Left_Regular_trial,Left,343,757,217,103534758,nan,nan,nan
9/29/2026 20:54:10,1.17.3,StopSig,57,4.02,nan,1,Right_Regular_(correct),Left,343,758,217,103535469,nan,nan,nan
9/29/2026 20:54:11,1.17.3,StopSig,57,4.01,1,1,Pellet,Left,343,758,218,103535469,0.27,31,nan
9/29/2026 20:58:14,1.17.3,StopSig,57,4.01,nan,1,Right_no_left,Left,343,759,218,103535469,nan,nan,nan
9/29/2026 20:58:16,1.17.3,StopSig,57,4.01,nan,1,Right_no_left,Left,343,760,218,103779704,nan,nan,nan
9/29/2026 20:58:17,1.17.3,StopSig,57,4.01,nan,1,Right_no_left,Left,343,761,218,103781418,nan,nan,nan
9/29/2026 20:58:17,1.17.3,StopSig,57,4.02,nan,1,>Left_Regular_trial,Left,344,761,218,103782556,nan,nan,nan
9/29/2026 20:58:18,1.17.3,StopSig,57,4.02,nan,1,Right_Regular_(correct),Left,344,762,218,103783273,nan,nan,nan
9/29/2026 20:58:19,1.17.3,StopSig,57,4.02,1,1,Pellet,Left,344,762,219,103783273,0.22,248,nan
9/29/2026 20:59:04,1.17.3,StopSig,57,4.02,nan,1,>Left_Regular_trial,Left,345,762,219,103829651,nan,nan,nan
9/29/2026 20:59:05,1.17.3,StopSig,57,4.01,nan,1,Right_Regular_(correct),Left,345,763,219,103830362,nan,nan,nan
9/29/2026 20:59:06,1.17.3,StopSig,57,4.01,1,1,Pellet,Left,345,763,220,103830362,0.39,47,nan
9/29/2026 20:59:35,1.17.3,StopSig,57,4.00,nan,1,Right_no_left,Left,345,764,220,103830362,nan,nan,nan
9/29/2026 20:59:36,1.17.3,StopSig,57,4.02,nan,1,>Left_Regular_trial,Left,346,764,220,103861192,nan,nan,nan
9/29/2026 20:59:37,1.17.3,StopSig,57,4.02,nan,1,Right_Regular_(correct),Left,346,765,220,103862046,nan,nan,nan
9/29/2026 20:59:38,1.17.3,StopSig,57,4.02,1,1,Pellet,Left,346,765,221,103862046,0.27,32,nan
9/29/2026 21:00:00,1.17.3,StopSig,57,4.01,nan,1,>Left_Regular_trial,Left,347,765,221,103885031,nan,nan,nan
9/29/2026 21:00:02,1.17.3,StopSig,57,4.01,nan,1,Right_Regular_(correct),Left,347,766,221,103886881,nan,nan,nan
9/29/2026 21:00:02,1.17.3,StopSig,57,4.02,nan,1,RightDuringDispense,Left,347,767,221,103886881,nan,nan,0.11
9/29/2026 21:00:03,1.17.3,StopSig,57,4.01,1,1,Pellet,Left,347,767,222,103886881,0.16,25,nan
9/29/2026 21:07:04,1.17.3,StopSig,57,4.02,nan,1,>Left_Stop_trial,Left,348,767,222,104308613,nan,nan,nan
9/29/2026 21:07:05,1.17.3,StopSig,57,4.02,nan,1,Right_STOP_(incorrect),Left,348,768,222,104310038,nan,nan,nan
9/29/2026 21:07:49,1.17.3,StopSig,57,4.02,nan,1,>Left_Regular_trial,Left,349,768,222,104353964,nan,nan,nan
9/29/2026 21:07:53,1.17.3,StopSig,57,4.01,nan,1,NoPoke_Regular_(incorrect),Left,349,768,222,104358078,nan,nan,nan
9/29/2026 21:14:55,1.17.3,StopSig,57,4.01,nan,1,Right_no_left,Left,349,769,222,104358078,nan,nan,nan
9/29/2026 21:17:40,1.17.3,StopSig,57,4.02,nan,1,Right_no_left,Left,349,770,222,104780581,nan,nan,nan
9/29/2026 21:17:42,1.17.3,StopSig,57,4.00,nan,1,Right_no_left,Left,349,771,222,104945795,nan,nan,nan
9/29/2026 21:25:46,1.17.3,StopSig,57,4.00,nan,1,Right_no_left,Left,349,772,222,104947354,nan,nan,nan
9/29/2026 21:25:48,1.17.3,StopSig,57,4.00,nan,1,>Left_Regular_trial,Left,350,772,222,105433419,nan,nan,nan
9/29/2026 21:25:52,1.17.3,StopSig,57,4.00,nan,1,NoPoke_Regular_(incorrect),Left,350,772,222,105437108,nan,nan,nan
9/29/2026 21:27:36,1.17.3,StopSig,57,4.00,nan,1,>Left_Regular_trial,Left,351,772,222,105541692,nan,nan,nan
9/29/2026 21:27:37,1.17.3,StopSig,57,4.01,nan,1,Right_Regular_(correct),Left,351,773,222,105542832,nan,nan,nan
9/29/2026 21:27:41,1.17.3,StopSig,57,4.01,3,1,Pellet,Left,351,773,223,105542832,0.27,1658,nan
9/29/2026 21:27:57,1.17.3,StopSig,57,4.02,nan,1,Right_no_left,Left,351,774,223,105542832,nan,nan,nan
9/29/2026 21:27:59,1.17.3,StopSig,57,4.01,nan,1,Right_no_left,Left,351,775,223,105562911,nan,nan,nan
9/29/2026 21:28:00,1.17.3,StopSig,57,4.01,nan,1,Right_no_left,Left,351,776,223,105564046,nan,nan,nan
9/29/2026 21:28:01,1.17.3,StopSig,57,4.01,nan,1,Right_no_left,Left,351,777,223,105565623,nan,nan,nan
9/29/2026 21:28:03,1.17.3,StopSig,57,4.02,nan,1,Right_no_left,Left,351,778,223,105566051,nan,nan,nan
9/29/2026 21:28:03,1.17.3,StopSig,57,4.01,nan,1,Right_no_left,Left,351,779,223,105568178,nan,nan,nan
9/29/2026 21:28:05,1.17.3,StopSig,57,4.02,nan,1,Right_no_left,Left,351,780,223,105568748,nan,nan,nan
9/29/2026 21:28:05,1.17.3,StopSig,57,4.02,nan,1,Right_no_left,Left,351,781,223,105570309,nan,nan,nan
9/29/2026 21:28:07,1.17.3,StopSig,57,4.01,nan,1,Right_no_left,Left,351,782,223,105571027,nan,nan,nan
9/29/2026 21:28:07,1.17.3,StopSig,57,4.01,nan,1,Right_no_left,Left,351,783,223,105572589,nan,nan,nan
9/29/2026 21:28:18,1.17.3,StopSig,57,4.02,nan,1,>Left_Regular_trial,Left,352,783,223,105583083,nan,nan,nan
9/29/2026 21:28:18,1.17.3,StopSig,57,4.02,nan,1,Right_Regular_(correct),Left,352,784,223,105583795,nan,nan,nan
9/29/2026 21:28:20,1.17.3,StopSig,57,4.02,2,1,Pellet,Left,352,784,224,105583795,0.16,39,nan
9/29/2026 21:28:29,1.17.3,StopSig,57,4.01,nan,1,Right_no_left,Left,352,785,224,105583795,nan,nan,nan
9/29/2026 21:28:30,1.17.3,StopSig,57,4.02,nan,1,Right_no_left,Left,352,786,224,105594665,nan,nan,nan
9/29/2026 21:28:33,1.17.3,StopSig,57,4.01,nan,1,Right_no_left,Left,352,787,224,105595093,nan,nan,nan
9/29/2026 21:28:35,1.17.3,StopSig,57,4.01,nan,1,>Left_Regular_trial,Left,353,787,224,105599919,nan,nan,nan
9/29/2026 21:28:35,1.17.3,StopSig,57,4.01,nan,1,Right_Regular_(correct),Left,353,788,224,105600631,nan,nan,nan
9/29/2026 21:28:36,1.17.3,StopSig,57,4.01,2,1,Pellet,Left,353,788,225,105600631,0.16,16,nan
9/29/2026 21:28:48,1.17.3,StopSig,57,4.02,nan,1,Right_no_left,Left,353,789,225,105600631,nan,nan,nan
9/29/2026 21:28:50,1.17.3,StopSig,57,4.01,nan,1,>Left_Regular_trial,Left,354,789,225,105614981,nan,nan,nan
9/29/2026 21:28:50,1.17.3,StopSig,57,4.01,nan,1,Right_Regular_(correct),Left,354,790,225,105615693,nan,nan,nan
9/29/2026 21:28:51,1.17.3,StopSig,57,3.94,nan,1,RightDuringDispense,Left,354,791,225,105615693,nan,nan,0.02
9/29/2026 21:28:52,1.17.3,StopSig,57,4.01,2,1,Pellet,Left,354,791,226,105615693,0.05,16,nan
9/29/2026 21:29:13,1.17.3,StopSig,57,4.01,nan,1,>Left_Regular_trial,Left,355,791,226,105638642,nan,nan,nan
9/29/2026 21:29:15,1.17.3,StopSig,57,4.01,nan,1,Right_Regular_(correct),Left,355,792,226,105639921,nan,nan,nan
9/29/2026 21:29:15,1.17.3,StopSig,57,4.01,1,1,Pellet,Left,355,792,227,105639921,0.11,23,nan
9/29/2026 21:29:32,1.17.3,StopSig,57,4.01,nan,1,>Left_Stop_trial,Left,356,792,227,105656590,nan,nan,nan
9/29/2026 21:29:32,1.17.3,StopSig,57,4.01,nan,1,Right_STOP_(incorrect),Left,356,793,227,105657419,nan,nan,nan
9/29/2026 21:32:39,1.17.3,StopSig,57,4.01,nan,1,>Left_Regular_trial,Left,357,793,227,105844203,nan,nan,nan
9/29/2026 21:32:40,1.17.3,StopSig,57,4.01,nan,1,Right_Regular_(correct),Left,357,794,227,105845056,nan,nan,nan
9/29/2026 21:32:41,1.17.3,StopSig,57,4.01,1,1,Pellet,Left,357,794,228,105845056,0.50,206,nan
9/29/2026 21:36:38,1.17.3,StopSig,57,4.02,nan,1,>Left_Stop_trial,Left,358,794,228,106083282,nan,nan,nan
9/29/2026 21:36:39,1.17.3,StopSig,57,4.01,nan,1,Right_STOP_(incorrect),Left,358,795,228,106084908,nan,nan,nan
9/29/2026 21:38:38,1.17.3,StopSig,57,4.01,nan,1,Right_no_left,Left,358,796,228,106084908,nan,nan,nan
9/29/2026 21:38:51,1.17.3,StopSig,57,4.02,nan,1,Right_no_left,Left,358,797,228,106204047,nan,nan,nan
9/29/2026 21:38:55,1.17.3,StopSig,57,4.02,nan,1,Right_no_left,Left,358,798,228,106216260,nan,nan,nan
9/29/2026 21:38:56,1.17.3,StopSig,57,4.01,nan,1,Right_no_left,Left,358,799,228,106220242,nan,nan,nan
9/29/2026 21:38:56,1.17.3,StopSig,57,4.01,nan,1,Right_no_left,Left,358,800,228,106221664,nan,nan,nan
9/29/2026 21:47:08,1.17.3,StopSig,57,4.01,nan,1,Right_no_left,Left,358,801,228,106221961,nan,nan,nan
9/29/2026 21:47:29,1.17.3,StopSig,57,4.01,nan,1,>Left_Regular_trial,Left,359,801,228,106733826,nan,nan,nan
9/29/2026 21:47:30,1.17.3,StopSig,57,4.01,nan,1,Right_Regular_(correct),Left,359,802,228,106735814,nan,nan,nan
9/29/2026 21:47:33,1.17.3,StopSig,57,4.01,2,1,Pellet,Left,359,802,229,106735814,0.27,892,nan
9/29/2026 21:48:04,1.17.3,StopSig,57,4.01,nan,1,>Left_Regular_trial,Left,360,802,229,106769114,nan,nan,nan
9/29/2026 21:48:04,1.17.3,StopSig,57,4.01,nan,1,Right_Regular_(correct),Left,360,803,229,106769827,nan,nan,nan
9/29/2026 21:48:05,1.17.3,StopSig,57,4.00,1,1,Pellet,Left,360,803,230,106769827,0.16,32,nan
9/29/2026 21:48:31,1.17.3,StopSig,57,4.01,nan,1,>Left_Regular_trial,Left,361,803,230,106796515,nan,nan,nan
9/29/2026 21:48:33,1.17.3,StopSig,57,4.01,nan,1,Right_Regular_(correct),Left,361,804,230,106798084,nan,nan,nan
9/29/2026 21:48:34,1.17.3,StopSig,57,4.01,1,1,Pellet,Left,361,804,231,106798084,0.22,29,nan
9/29/2026 21:48:58,1.17.3,StopSig,57,4.00,nan,1,Right_no_left,Left,361,805,231,106798084,nan,nan,nan
9/29/2026 21:49:00,1.17.3,StopSig,57,4.01,nan,1,Right_no_left,Left,361,806,231,106823629,nan,nan,nan
9/29/2026 21:49:04,1.17.3,StopSig,57,4.01,nan,1,>Left_Regular_trial,Left,362,806,231,106829299,nan,nan,nan
9/29/2026 21:49:05,1.17.3,StopSig,57,4.01,nan,1,Right_Regular_(correct),Left,362,807,231,106830301,nan,nan,nan
9/29/2026 21:49:15,1.17.3,StopSig,57,4.01,3,1,Pellet,Left,362,807,232,106830301,5.59,41,nan
9/29/2026 21:49:39,1.17.3,StopSig,57,4.01,nan,1,>Left_Regular_trial,Left,363,807,232,106863898,nan,nan,nan
9/29/2026 21:49:39,1.17.3,StopSig,57,4.02,nan,1,Right_Regular_(correct),Left,363,808,232,106864621,nan,nan,nan
9/29/2026 21:49:40,1.17.3,StopSig,57,4.01,1,1,Pellet,Left,363,808,233,106864621,0.16,25,nan
9/29/2026 22:01:09,1.17.3,StopSig,57,4.00,nan,1,>Left_Regular_trial,Left,364,808,233,107553959,nan,nan,nan
9/29/2026 22:01:12,1.17.3,StopSig,57,4.01,nan,1,NoPoke_Regular_(incorrect),Left,364,808,233,107557226,nan,nan,nan
9/29/2026 22:04:59,1.17.3,StopSig,57,4.01,nan,1,Right_no_left,Left,364,809,233,107557226,nan,nan,nan
9/29/2026 22:05:02,1.17.3,StopSig,57,4.01,nan,1,>Left_Regular_trial,Left,365,809,233,107787230,nan,nan,nan
9/29/2026 22:05:06,1.17.3,StopSig,57,4.00,nan,1,NoPoke_Regular_(incorrect),Left,365,809,233,107791211,nan,nan,nan
9/29/2026 22:10:37,1.17.3,StopSig,57,4.01,nan,1,Right_no_left,Left,365,810,233,107791211,nan,nan,nan
9/29/2026 22:10:39,1.17.3,StopSig,57,4.01,nan,1,Right_no_left,Left,365,811,233,108122686,nan,nan,nan
9/29/2026 22:10:40,1.17.3,StopSig,57,4.01,nan,1,Right_no_left,Left,365,812,233,108124675,nan,nan,nan
9/29/2026 22:10:41,1.17.3,StopSig,57,4.00,nan,1,Right_no_left,Left,365,813,233,108125386,nan,nan,nan
9/29/2026 22:19:54,1.17.3,StopSig,57,4.00,nan,1,>Left_Regular_trial,Left,366,813,233,108679124,nan,nan,nan
9/29/2026 22:19:58,1.17.3,StopSig,57,4.01,nan,1,NoPoke_Regular_(incorrect),Left,366,813,233,108683246,nan,nan,nan
9/29/2026 22:20:42,1.17.3,StopSig,57,4.00,nan,1,Right_no_left,Left,366,814,233,108683246,nan,nan,nan
9/29/2026 22:21:09,1.17.3,StopSig,57,4.01,nan,1,Right_no_left,Left,366,815,233,108727614,nan,nan,nan
9/29/2026 22:28:12,1.17.3,StopSig,57,4.00,nan,1,Right_no_left,Left,366,816,233,108755142,nan,nan,nan
9/29/2026 22:34:58,1.17.3,StopSig,57,4.01,nan,1,>Left_Regular_trial,Left,367,816,233,109583355,nan,nan,nan
9/29/2026 22:35:02,1.17.3,StopSig,57,4.00,nan,1,NoPoke_Regular_(incorrect),Left,367,816,233,109587337,nan,nan,nan
9/29/2026 22:41:37,1.17.3,StopSig,57,4.00,nan,1,Right_no_left,Left,367,817,233,109587337,nan,nan,nan
9/29/2026 22:41:47,1.17.3,StopSig,57,4.00,nan,1,>Left_Regular_trial,Left,368,817,233,109992764,nan,nan,nan
9/29/2026 22:41:48,1.17.3,StopSig,57,4.00,nan,1,Right_Regular_(correct),Left,368,818,233,109993486,nan,nan,nan
9/29/2026 22:41:51,1.17.3,StopSig,57,4.00,2,1,Pellet,Left,368,818,234,109993486,0.27,3131,nan
9/29/2026 22:42:24,1.17.3,StopSig,57,4.00,nan,1,Right_no_left,Left,368,819,234,109993486,nan,nan,nan
9/29/2026 22:42:25,1.17.3,StopSig,57,4.00,nan,1,Right_no_left,Left,368,820,234,110029750,nan,nan,nan
9/29/2026 22:43:51,1.17.3,StopSig,57,4.00,nan,1,Right_no_left,Left,368,821,234,110030888,nan,nan,nan
9/29/2026 22:47:46,1.17.3,StopSig,57,4.00,nan,1,>Left_Regular_trial,Left,369,821,234,110351623,nan,nan,nan
9/29/2026 22:47:50,1.17.3,StopSig,57,4.01,nan,1,NoPoke_Regular_(incorrect),Left,369,821,234,110355329,nan,nan,nan
9/29/2026 22:50:31,1.17.3,StopSig,57,4.00,nan,1,>Left_Regular_trial,Left,370,821,234,110516886,nan,nan,nan
9/29/2026 22:50:32,1.17.3,StopSig,57,4.00,nan,1,Right_Regular_(correct),Left,370,822,234,110517598,nan,nan,nan
9/29/2026 22:50:33,1.17.3,StopSig,57,4.00,nan,1,RightDuringDispense,Left,370,823,234,110517598,nan,nan,0.23
9/29/2026 22:50:34,1.17.3,StopSig,57,4.00,1,1,Pellet,Left,370,823,235,110517598,0.27,522,nan
9/29/2026 22:51:01,1.17.3,StopSig,57,4.00,nan,1,>Left_Stop_trial,Left,371,823,235,110546368,nan,nan,nan
9/29/2026 22:51:01,1.17.3,StopSig,57,4.00,nan,1,Right_STOP_(incorrect),Left,371,824,235,110547031,nan,nan,nan
9/29/2026 22:51:32,1.17.3,StopSig,57,4.01,nan,1,>Left_Stop_trial,Left,372,824,235,110577342,nan,nan,nan
9/29/2026 22:51:33,1.17.3,StopSig,57,4.00,nan,1,Right_STOP_(incorrect),Left,372,825,235,110578724,nan,nan,nan
9/29/2026 22:52:04,1.17.3,StopSig,57,4.00,nan,1,>Left_Stop_trial,Left,373,825,235,110609035,nan,nan,nan
9/29/2026 22:52:07,1.17.3,StopSig,57,4.00,nan,1,NoPoke_STOP_(correct),Left,373,825,235,110612358,nan,nan,nan
9/29/2026 22:52:09,1.17.3,StopSig,57,4.00,2,1,Pellet,Left,373,825,236,110612358,1.22,96,nan
9/29/2026 22:52:28,1.17.3,StopSig,57,4.00,nan,1,>Left_Stop_trial,Left,374,825,236,110632521,nan,nan,nan
9/29/2026 22:52:28,1.17.3,StopSig,57,4.01,nan,1,Right_STOP_(incorrect),Left,374,826,236,110633379,nan,nan,nan
9/29/2026 22:54:27,1.17.3,StopSig,57,4.00,nan,1,>Left_Regular_trial,Left,375,826,236,110752138,nan,nan,nan
9/29/2026 22:54:30,1.17.3,StopSig,57,4.00,nan,1,Right_Regular_(correct),Left,375,827,236,110755413,nan,nan,nan
9/29/2026 22:54:31,1.17.3,StopSig,57,4.00,1,1,Pellet,Left,375,827,237,110755413,0.27,142,nan
9/29/2026 22:54:52,1.17.3,StopSig,57,4.00,nan,1,Right_no_left,Left,375,828,237,110755413,nan,nan,nan
9/29/2026 22:54:54,1.17.3,StopSig,57,4.00,nan,1,>Left_Regular_trial,Left,376,828,237,110779312,nan,nan,nan
9/29/2026 22:54:58,1.17.3,StopSig,57,4.00,nan,1,NoPoke_Regular_(incorrect),Left,376,828,237,110783289,nan,nan,nan
9/29/2026 22:55:57,1.17.3,StopSig,57,4.00,nan,1,Right_no_left,Left,376,829,237,110783289,nan,nan,nan
9/29/2026 22:56:08,1.17.3,StopSig,57,4.00,nan,1,>Left_Regular_trial,Left,377,829,237,110853648,nan,nan,nan
9/29/2026 22:56:09,1.17.3,StopSig,57,4.00,nan,1,Right_Regular_(correct),Left,377,830,237,110854502,nan,nan,nan
9/29/2026 22:56:10,1.17.3,StopSig,57,4.00,1,1,Pellet,Left,377,830,238,110854502,0.22,99,nan
9/29/2026 22:56:36,1.17.3,StopSig,57,4.00,nan,1,>Left_Regular_trial,Left,378,830,238,110881220,nan,nan,nan
9/29/2026 22:56:36,1.17.3,StopSig,57,4.00,nan,1,Right_Regular_(correct),Left,378,831,238,110881932,nan,nan,nan
9/29/2026 22:56:37,1.17.3,StopSig,57,4.00,1,1,Pellet,Left,378,831,239,110881932,0.27,27,nan
9/29/2026 22:56:57,1.17.3,StopSig,57,4.01,nan,1,>Left_Regular_trial,Left,379,831,239,110902081,nan,nan,nan
9/29/2026 22:56:57,1.17.3,StopSig,57,4.00,nan,1,Right_Regular_(correct),Left,379,832,239,110902934,nan,nan,nan
9/29/2026 22:56:58,1.17.3,StopSig,57,4.00,1,1,Pellet,Left,379,832,240,110902934,0.22,21,nan
9/29/2026 22:57:13,1.17.3,StopSig,57,4.00,nan,1,>Left_Stop_trial,Left,380,832,240,110917683,nan,nan,nan
9/29/2026 22:57:13,1.17.3,StopSig,57,4.00,nan,1,Right_STOP_(incorrect),Left,380,833,240,110918596,nan,nan,nan
9/29/2026 22:59:56,1.17.3,StopSig,57,4.00,nan,1,>Left_Stop_trial,Left,381,833,240,111081149,nan,nan,nan
9/29/2026 22:59:56,1.17.3,StopSig,57,4.00,nan,1,Right_STOP_(incorrect),Left,381,834,240,111082001,nan,nan,nan
9/29/2026 23:01:22,1.17.3,StopSig,57,4.00,nan,1,>Left_Regular_trial,Left,382,834,240,111167482,nan,nan,nan
9/29/2026 23:01:26,1.17.3,StopSig,57,4.00,nan,1,NoPoke_Regular_(incorrect),Left,382,834,240,111171314,nan,nan,nan
9/29/2026 23:03:57,1.17.3,StopSig,57,4.00,nan,1,>Left_Regular_trial,Left,383,834,240,111322870,nan,nan,nan
9/29/2026 23:03:58,1.17.3,StopSig,57,4.01,nan,1,Right_Regular_(correct),Left,383,835,240,111323440,nan,nan,nan
9/29/2026 23:04:01,1.17.3,StopSig,57,4.00,2,1,Pellet,Left,383,835,241,111323440,0.50,423,nan
9/29/2026 23:04:44,1.17.3,StopSig,57,4.00,nan,1,>Left_Regular_trial,Left,384,835,241,111369562,nan,nan,nan
9/29/2026 23:04:46,1.17.3,StopSig,57,4.01,nan,1,Right_Regular_(correct),Left,384,836,241,111371975,nan,nan,nan
9/29/2026 23:04:47,1.17.3,StopSig,57,4.00,1,1,Pellet,Left,384,836,242,111371975,0.27,46,nan
9/29/2026 23:05:12,1.17.3,StopSig,57,4.00,nan,1,>Left_Regular_trial,Left,385,836,242,111397522,nan,nan,nan
9/29/2026 23:05:13,1.17.3,StopSig,57,4.00,nan,1,Right_Regular_(correct),Left,385,837,242,111398235,nan,nan,nan
9/29/2026 23:05:14,1.17.3,StopSig,57,4.00,1,1,Pellet,Left,385,837,243,111398235,0.33,27,nan
9/29/2026 23:05:41,1.17.3,StopSig,57,4.00,nan,1,>Left_Regular_trial,Left,386,837,243,111426613,nan,nan,nan
9/29/2026 23:05:42,1.17.3,StopSig,57,4.00,nan,1,Right_Regular_(correct),Left,386,838,243,111427325,nan,nan,nan
9/29/2026 23:05:43,1.17.3,StopSig,57,4.00,1,1,Pellet,Left,386,838,244,111427325,0.22,29,nan
9/29/2026 23:05:53,1.17.3,StopSig,57,4.01,nan,1,>Left_Regular_trial,Left,387,838,244,111438956,nan,nan,nan
9/29/2026 23:05:54,1.17.3,StopSig,57,4.00,nan,1,Right_Regular_(correct),Left,387,839,244,111439817,nan,nan,nan
9/29/2026 23:05:55,1.17.3,StopSig,57,4.00,1,1,Pellet,Left,387,839,245,111439817,0.33,12,nan
9/29/2026 23:06:11,1.17.3,StopSig,57,4.00,nan,1,>Left_Stop_trial,Left,388,839,245,111456253,nan,nan,nan
9/29/2026 23:06:15,1.17.3,StopSig,57,4.00,nan,1,NoPoke_STOP_(correct),Left,388,839,245,111460326,nan,nan,nan
9/29/2026 23:06:16,1.17.3,StopSig,57,4.00,1,1,Pellet,Left,388,839,246,111460326,0.50,21,nan
9/29/2026 23:06:32,1.17.3,StopSig,57,4.00,nan,1,>Left_Regular_trial,Left,389,839,246,111477069,nan,nan,nan
9/29/2026 23:06:32,1.17.3,StopSig,57,4.00,nan,1,Right_Regular_(correct),Left,389,840,246,111477781,nan,nan,nan
9/29/2026 23:06:43,1.17.3,StopSig,57,4.00,4,1,Pellet,Left,389,840,247,111477781,6.04,27,nan
9/29/2026 23:07:01,1.17.3,StopSig,57,4.00,nan,1,>Left_Regular_trial,Left,390,840,247,111506133,nan,nan,nan
9/29/2026 23:07:04,1.17.3,StopSig,57,4.00,nan,1,NoPoke_Regular_(incorrect),Left,390,840,247,111509398,nan,nan,nan
9/29/2026 23:14:20,1.17.3,StopSig,57,4.00,nan,1,>Left_Regular_trial,Left,391,840,247,111945650,nan,nan,nan
9/29/2026 23:14:24,1.17.3,StopSig,57,4.00,nan,1,NoPoke_Regular_(incorrect),Left,391,840,247,111949334,nan,nan,nan
9/29/2026 23:17:02,1.17.3,StopSig,57,4.00,nan,1,Right_no_left,Left,391,841,247,111949334,nan,nan,nan
9/29/2026 23:17:14,1.17.3,StopSig,57,4.00,nan,1,Right_no_left,Left,391,842,247,112107986,nan,nan,nan
9/29/2026 23:17:57,1.17.3,StopSig,57,4.00,nan,1,>Left_Regular_trial,Left,392,842,247,112162070,nan,nan,nan
9/29/2026 23:18:00,1.17.3,StopSig,57,4.00,nan,1,NoPoke_Regular_(incorrect),Left,392,842,247,112165332,nan,nan,nan
9/29/2026 23:28:21,1.17.3,StopSig,57,4.00,nan,1,>Left_Regular_trial,Left,393,842,247,112786462,nan,nan,nan
9/29/2026 23:28:23,1.17.3,StopSig,57,4.00,nan,1,Right_Regular_(correct),Left,393,843,247,112788179,nan,nan,nan
9/29/2026 23:28:24,1.17.3,StopSig,57,4.00,2,1,Pellet,Left,393,843,248,112788179,0.33,1301,nan
9/29/2026 23:30:12,1.17.3,StopSig,57,3.99,nan,1,>Left_Stop_trial,Left,394,843,248,112896795,nan,nan,nan
9/29/2026 23:30:15,1.17.3,StopSig,57,4.00,nan,1,NoPoke_STOP_(correct),Left,394,843,248,112900445,nan,nan,nan
9/29/2026 23:30:18,1.17.3,StopSig,57,3.99,2,1,Pellet,Left,394,843,249,112900445,2.00,114,nan
9/29/2026 23:30:44,1.17.3,StopSig,57,4.00,nan,1,Right_no_left,Left,394,844,249,112900445,nan,nan,nan
9/29/2026 23:57:08,1.17.3,StopSig,57,3.99,nan,1,>Left_Regular_trial,Left,395,844,249,114513268,nan,nan,nan
9/29/2026 23:57:12,1.17.3,StopSig,57,4.00,nan,1,NoPoke_Regular_(incorrect),Left,395,844,249,114517397,nan,nan,nan
9/30/2026 0:07:25,1.17.3,StopSig,57,4.00,nan,1,Right_no_left,Left,395,845,249,114517397,nan,nan,nan
9/30/2026 0:07:27,1.17.3,StopSig,57,4.00,nan,1,Right_no_left,Left,395,846,249,115131132,nan,nan,nan
9/30/2026 0:07:31,1.17.3,StopSig,57,4.00,nan,1,Right_no_left,Left,395,847,249,115132979,nan,nan,nan
9/30/2026 0:07:37,1.17.3,StopSig,57,4.00,nan,1,>Left_Stop_trial,Left,396,847,249,115142486,nan,nan,nan
9/30/2026 0:07:41,1.17.3,StopSig,57,4.00,nan,1,NoPoke_STOP_(correct),Left,396,847,249,115146439,nan,nan,nan
9/30/2026 0:07:46,1.17.3,StopSig,57,4.00,2,1,Pellet,Left,396,847,250,115146439,2.68,2248,nan
9/30/2026 0:09:05,1.17.3,StopSig,57,4.00,nan,1,Right_no_left,Left,396,848,250,115146439,nan,nan,nan
9/30/2026 0:10:13,1.17.3,StopSig,57,4.00,nan,1,Right_no_left,Left,396,849,250,115231311,nan,nan,nan
9/30/2026 0:10:19,1.17.3,StopSig,57,4.00,nan,1,Right_no_left,Left,396,850,250,115299206,nan,nan,nan
9/30/2026 0:10:19,1.17.3,StopSig,57,4.00,nan,1,Right_no_left,Left,396,851,250,115304465,nan,nan,nan
9/30/2026 0:10:20,1.17.3,StopSig,57,4.00,nan,1,Right_no_left,Left,396,852,250,115304751,nan,nan,nan
9/30/2026 0:16:20,1.17.3,StopSig,57,4.00,nan,1,Right_no_left,Left,396,853,250,115305746,nan,nan,nan
9/30/2026 0:16:21,1.17.3,StopSig,57,3.99,nan,1,Right_no_left,Left,396,854,250,115666080,nan,nan,nan
9/30/2026 0:16:22,1.17.3,StopSig,57,4.00,nan,1,Right_no_left,Left,396,855,250,115667076,nan,nan,nan
9/30/2026 0:16:26,1.17.3,StopSig,57,4.00,nan,1,Right_no_left,Left,396,856,250,115668078,nan,nan,nan
9/30/2026 0:16:27,1.17.3,StopSig,57,4.00,nan,1,Right_no_left,Left,396,857,250,115671914,nan,nan,nan
9/30/2026 0:16:27,1.17.3,StopSig,57,3.99,nan,1,Right_no_left,Left,396,858,250,115672768,nan,nan,nan
9/30/2026 0:16:29,1.17.3,StopSig,57,4.00,nan,1,>Left_Regular_trial,Left,397,858,250,115674616,nan,nan,nan
9/30/2026 0:16:33,1.17.3,StopSig,57,4.00,nan,1,NoPoke_Regular_(incorrect),Left,397,858,250,115678451,nan,nan,nan
9/30/2026 0:18:43,1.17.3,StopSig,57,4.00,nan,1,>Left_Regular_trial,Left,398,858,250,115808223,nan,nan,nan
9/30/2026 0:18:46,1.17.3,StopSig,57,3.99,nan,1,NoPoke_Regular_(incorrect),Left,398,858,250,115811492,nan,nan,nan
9/30/2026 0:41:53,1.17.3,StopSig,57,4.00,nan,1,Right_no_left,Left,398,859,250,115811492,nan,nan,nan
9/30/2026 0:42:05,1.17.3,StopSig,57,4.00,nan,1,Right_no_left,Left,398,860,250,117198944,nan,nan,nan
9/30/2026 0:42:06,1.17.3,StopSig,57,3.99,nan,1,Right_no_left,Left,398,861,250,117211014,nan,nan,nan
9/30/2026 0:42:06,1.17.3,StopSig,57,4.00,nan,1,Right_no_left,Left,398,862,250,117211591,nan,nan,nan
9/30/2026 0:42:07,1.17.3,StopSig,57,3.99,nan,1,Right_no_left,Left,398,863,250,117212030,nan,nan,nan
9/30/2026 0:42:09,1.17.3,StopSig,57,4.00,nan,1,Right_no_left,Left,398,864,250,117212884,nan,nan,nan
9/30/2026 0:42:09,1.17.3,StopSig,57,3.99,nan,1,Right_no_left,Left,398,865,250,117214733,nan,nan,nan
9/30/2026 0:42:10,1.17.3,StopSig,57,4.00,nan,1,Right_no_left,Left,398,866,250,117215315,nan,nan,nan
9/30/2026 0:42:19,1.17.3,StopSig,57,4.00,nan,1,Right_no_left,Left,398,867,250,117215892,nan,nan,nan
9/30/2026 0:42:19,1.17.3,StopSig,57,3.99,nan,1,Right_no_left,Left,398,868,250,117224704,nan,nan,nan
9/30/2026 0:42:20,1.17.3,StopSig,57,4.00,nan,1,Right_no_left,Left,398,869,250,117225274,nan,nan,nan
9/30/2026 0:42:20,1.17.3,StopSig,57,3.99,nan,1,Right_no_left,Left,398,870,250,117225560,nan,nan,nan
9/30/2026 0:42:20,1.17.3,StopSig,57,3.99,nan,1,Right_no_left,Left,398,871,250,117226131,nan,nan,nan
9/30/2026 0:42:21,1.17.3,StopSig,57,4.00,nan,1,Right_no_left,Left,398,872,250,117226424,nan,nan,nan
9/30/2026 0:42:21,1.17.3,StopSig,57,4.00,nan,1,Right_no_left,Left,398,873,250,117226851,nan,nan,nan
9/30/2026 0:42:24,1.17.3,StopSig,57,4.00,nan,1,Right_no_left,Left,398,874,250,117227422,nan,nan,nan
9/30/2026 0:42:25,1.17.3,StopSig,57,4.00,nan,1,Right_no_left,Left,398,875,250,117230405,nan,nan,nan
9/30/2026 0:42:25,1.17.3,StopSig,57,4.00,nan,1,Right_no_left,Left,398,876,250,117230692,nan,nan,nan
9/30/2026 0:42:25,1.17.3,StopSig,57,3.99,nan,1,Right_no_left,Left,398,877,250,117230984,nan,nan,nan
9/30/2026 0:42:26,1.17.3,StopSig,57,4.00,nan,1,Right_no_left,Left,398,878,250,117231270,nan,nan,nan
9/30/2026 0:42:26,1.17.3,StopSig,57,3.99,nan,1,Right_no_left,Left,398,879,250,117231841,nan,nan,nan
9/30/2026 0:42:27,1.17.3,StopSig,57,3.99,nan,1,Right_no_left,Left,398,880,250,117232411,nan,nan,nan
9/30/2026 0:42:28,1.17.3,StopSig,57,3.99,nan,1,Right_no_left,Left,398,881,250,117232981,nan,nan,nan
9/30/2026 0:42:31,1.17.3,StopSig,57,3.99,nan,1,Right_no_left,Left,398,882,250,117234268,nan,nan,nan
9/30/2026 0:42:32,1.17.3,StopSig,57,4.00,nan,1,Right_no_left,Left,398,883,250,117237252,nan,nan,nan
9/30/2026 0:42:32,1.17.3,StopSig,57,3.99,nan,1,Right_no_left,Left,398,884,250,117237822,nan,nan,nan
9/30/2026 0:42:33,1.17.3,StopSig,57,4.00,nan,1,Right_no_left,Left,398,885,250,117238109,nan,nan,nan
9/30/2026 0:42:33,1.17.3,StopSig,57,4.00,nan,1,Right_no_left,Left,398,886,250,117238679,nan,nan,nan
9/30/2026 0:42:34,1.17.3,StopSig,57,4.00,nan,1,Right_no_left,Left,398,887,250,117239114,nan,nan,nan
9/30/2026 0:42:37,1.17.3,StopSig,57,3.99,nan,1,Right_no_left,Left,398,888,250,117240111,nan,nan,nan
9/30/2026 0:42:38,1.17.3,StopSig,57,3.99,nan,1,Right_no_left,Left,398,889,250,117242527,nan,nan,nan
9/30/2026 0:42:39,1.17.3,StopSig,57,4.00,nan,1,Right_no_left,Left,398,890,250,117244377,nan,nan,nan
9/30/2026 0:42:40,1.17.3,StopSig,57,3.99,nan,1,Right_no_left,Left,398,891,250,117245232,nan,nan,nan
9/30/2026 0:42:40,1.17.3,StopSig,57,3.99,nan,1,Right_no_left,Left,398,892,250,117245524,nan,nan,nan
9/30/2026 0:42:41,1.17.3,StopSig,57,4.00,nan,1,Right_no_left,Left,398,893,250,117245952,nan,nan,nan
9/30/2026 0:42:43,1.17.3,StopSig,57,3.99,nan,1,Right_no_left,Left,398,894,250,117246665,nan,nan,nan
9/30/2026 0:42:44,1.17.3,StopSig,57,3.99,nan,1,Right_no_left,Left,398,895,250,117249366,nan,nan,nan
9/30/2026 0:42:44,1.17.3,StopSig,57,4.00,nan,1,Right_no_left,Left,398,896,250,117249652,nan,nan,nan
9/30/2026 0:42:44,1.17.3,StopSig,57,3.99,nan,1,Right_no_left,Left,398,897,250,117249945,nan,nan,nan
9/30/2026 0:43:03,1.17.3,StopSig,57,4.00,nan,1,Right_no_left,Left,398,898,250,117250231,nan,nan,nan
9/30/2026 0:43:04,1.17.3,StopSig,57,4.00,nan,1,Right_no_left,Left,398,899,250,117268974,nan,nan,nan
9/30/2026 0:43:13,1.17.3,StopSig,57,3.99,nan,1,>Left_Regular_trial,Left,399,899,250,117278492,nan,nan,nan
9/30/2026 0:43:17,1.17.3,StopSig,57,4.00,nan,1,NoPoke_Regular_(incorrect),Left,399,899,250,117282613,nan,nan,nan
9/30/2026 0:43:57,1.17.3,StopSig,57,3.99,nan,1,>Left_Regular_trial,Left,400,899,250,117323023,nan,nan,nan
9/30/2026 0:43:58,1.17.3,StopSig,57,3.99,nan,1,Right_Regular_(correct),Left,400,900,250,117324303,nan,nan,nan
9/30/2026 0:44:00,1.17.3,StopSig,57,3.99,1,1,Pellet,Left,400,900,251,117324303,0.33,2174,nan
9/30/2026 0:44:24,1.17.3,StopSig,57,3.99,nan,1,>Left_Regular_trial,Left,401,900,251,117349320,nan,nan,nan
9/30/2026 0:44:25,1.17.3,StopSig,57,3.99,nan,1,Right_Regular_(correct),Left,401,901,251,117350597,nan,nan,nan
9/30/2026 0:44:26,1.17.3,StopSig,57,4.00,2,1,Pellet,Left,401,901,252,117350597,0.05,26,nan
9/30/2026 0:44:31,1.17.3,StopSig,57,4.00,nan,1,Right_no_left,Left,401,902,252,117350597,nan,nan,nan
9/30/2026 0:44:34,1.17.3,StopSig,57,3.99,nan,1,Right_no_left,Left,401,903,252,117357222,nan,nan,nan
9/30/2026 0:44:35,1.17.3,StopSig,57,3.99,nan,1,Right_no_left,Left,401,904,252,117359776,nan,nan,nan
9/30/2026 0:44:36,1.17.3,StopSig,57,4.00,nan,1,>Left_Regular_trial,Left,402,904,252,117361904,nan,nan,nan
9/30/2026 0:44:37,1.17.3,StopSig,57,3.99,nan,1,Right_Regular_(correct),Left,402,905,252,117362906,nan,nan,nan
9/30/2026 0:44:38,1.17.3,StopSig,57,3.99,1,1,Pellet,Left,402,905,253,117362906,0.33,12,nan
9/30/2026 0:44:55,1.17.3,StopSig,57,4.00,nan,1,Right_no_left,Left,402,906,253,117362906,nan,nan,nan
9/30/2026 0:44:56,1.17.3,StopSig,57,3.99,nan,1,Right_no_left,Left,402,907,253,117381328,nan,nan,nan
9/30/2026 0:44:56,1.17.3,StopSig,57,4.00,nan,1,Right_no_left,Left,402,908,253,117381615,nan,nan,nan
9/30/2026 0:44:58,1.17.3,StopSig,57,3.99,nan,1,>Left_Regular_trial,Left,403,908,253,117383326,nan,nan,nan
9/30/2026 0:44:59,1.17.3,StopSig,57,4.00,nan,1,Right_Regular_(correct),Left,403,909,253,117384605,nan,nan,nan
9/30/2026 0:45:00,1.17.3,StopSig,57,3.99,1,1,Pellet,Left,403,909,254,117384605,0.27,22,nan
9/30/2026 0:45:17,1.17.3,StopSig,57,3.99,nan,1,>Left_Regular_trial,Left,404,909,254,117402349,nan,nan,nan
9/30/2026 0:45:19,1.17.3,StopSig,57,4.00,nan,1,Right_Regular_(correct),Left,404,910,254,117404621,nan,nan,nan
9/30/2026 0:45:20,1.17.3,StopSig,57,3.99,1,1,Pellet,Left,404,910,255,117404621,0.33,20,nan
9/30/2026 0:45:40,1.17.3,StopSig,57,3.99,nan,1,>Left_Regular_trial,Left,405,910,255,117425852,nan,nan,nan
9/30/2026 0:45:42,1.17.3,StopSig,57,4.00,nan,1,Right_Regular_(correct),Left,405,911,255,117427840,nan,nan,nan
9/30/2026 0:45:43,1.17.3,StopSig,57,3.99,2,1,Pellet,Left,405,911,256,117427840,0.22,23,nan
9/30/2026 0:45:51,1.17.3,StopSig,57,4.00,nan,1,Right_no_left,Left,405,912,256,117427840,nan,nan,nan
9/30/2026 0:45:53,1.17.3,StopSig,57,4.00,nan,1,>Left_Regular_trial,Left,406,912,256,117438701,nan,nan,nan
9/30/2026 0:45:57,1.17.3,StopSig,57,4.00,nan,1,NoPoke_Regular_(incorrect),Left,406,912,256,117442533,nan,nan,nan
9/30/2026 0:46:36,1.17.3,StopSig,57,3.99,nan,1,Right_no_left,Left,406,913,256,117442533,nan,nan,nan
9/30/2026 0:46:39,1.17.3,StopSig,57,4.00,nan,1,Right_no_left,Left,406,914,256,117482068,nan,nan,nan
9/30/2026 0:46:41,1.17.3,StopSig,57,4.00,nan,1,Right_no_left,Left,406,915,256,117485333,nan,nan,nan
9/30/2026 0:46:42,1.17.3,StopSig,57,3.99,nan,1,>Left_Regular_trial,Left,407,915,256,117488037,nan,nan,nan
9/30/2026 0:46:46,1.17.3,StopSig,57,3.99,nan,1,NoPoke_Regular_(incorrect),Left,407,915,256,117491584,nan,nan,nan
9/30/2026 0:51:02,1.17.3,StopSig,57,4.00,nan,1,Right_no_left,Left,407,916,256,117491584,nan,nan,nan
9/30/2026 0:51:05,1.17.3,StopSig,57,3.99,nan,1,Right_no_left,Left,407,917,256,117747579,nan,nan,nan
9/30/2026 0:51:06,1.17.3,StopSig,57,3.99,nan,1,Right_no_left,Left,407,918,256,117750699,nan,nan,nan
9/30/2026 0:51:06,1.17.3,StopSig,57,4.00,nan,1,Right_no_left,Left,407,919,256,117751558,nan,nan,nan
9/30/2026 0:52:45,1.17.3,StopSig,57,3.99,nan,1,Right_no_left,Left,407,920,256,117751997,nan,nan,nan
9/30/2026 0:52:49,1.17.3,StopSig,57,3.99,nan,1,>Left_Regular_trial,Left,408,920,256,117854337,nan,nan,nan
9/30/2026 0:52:50,1.17.3,StopSig,57,4.00,nan,1,Right_Regular_(correct),Left,408,921,256,117855618,nan,nan,nan
9/30/2026 0:52:51,1.17.3,StopSig,57,3.99,1,1,Pellet,Left,408,921,257,117855618,0.44,428,nan
9/30/2026 0:53:08,1.17.3,StopSig,57,4.00,nan,1,>Left_Regular_trial,Left,409,921,257,117874124,nan,nan,nan
9/30/2026 0:53:09,1.17.3,StopSig,57,4.00,nan,1,Right_Regular_(correct),Left,409,922,257,117874977,nan,nan,nan
9/30/2026 0:53:10,1.17.3,StopSig,57,4.00,1,1,Pellet,Left,409,922,258,117874977,0.22,19,nan
9/30/2026 2:36:31,1.17.3,StopSig,57,3.98,nan,1,>Left_Regular_trial,Left,410,922,258,124077035,nan,nan,nan
9/30/2026 2:36:33,1.17.3,StopSig,57,3.98,nan,1,Right_Regular_(correct),Left,410,923,258,124078609,nan,nan,nan
9/30/2026 2:36:33,1.17.3,StopSig,57,3.99,nan,1,RightDuringDispense,Left,410,924,258,124078609,nan,nan,0.02
9/30/2026 2:36:34,1.17.3,StopSig,57,3.98,1,1,Pellet,Left,410,924,259,124078609,0.22,6204,nan
9/30/2026 2:37:00,1.17.3,StopSig,57,3.98,nan,1,>Left_Regular_trial,Left,411,924,259,124106025,nan,nan,nan
9/30/2026 2:37:01,1.17.3,StopSig,57,3.98,nan,1,Right_Regular_(correct),Left,411,925,259,124106877,nan,nan,nan
9/30/2026 2:37:02,1.17.3,StopSig,57,3.98,1,1,Pellet,Left,411,925,260,124106877,0.16,28,nan
9/30/2026 2:37:18,1.17.3,StopSig,57,3.99,nan,1,>Left_Regular_trial,Left,412,925,260,124123885,nan,nan,nan
9/30/2026 2:37:19,1.17.3,StopSig,57,3.98,nan,1,Right_Regular_(correct),Left,412,926,260,124125163,nan,nan,nan
9/30/2026 2:37:22,1.17.3,StopSig,57,3.98,2,1,Pellet,Left,412,926,261,124125163,0.11,20,nan
9/30/2026 2:37:35,1.17.3,StopSig,57,3.98,nan,1,>Left_Stop_trial,Left,413,926,261,124140758,nan,nan,nan
9/30/2026 2:37:37,1.17.3,StopSig,57,3.98,nan,1,Right_STOP_(incorrect),Left,413,927,261,124142911,nan,nan,nan
9/30/2026 2:42:50,1.17.3,StopSig,57,3.98,nan,1,Right_no_left,Left,413,928,261,124142911,nan,nan,nan
9/30/2026 2:42:52,1.17.3,StopSig,57,3.98,nan,1,>Left_Regular_trial,Left,414,928,261,124457467,nan,nan,nan
9/30/2026 2:42:55,1.17.3,StopSig,57,3.98,nan,1,NoPoke_Regular_(incorrect),Left,414,928,261,124460870,nan,nan,nan
9/30/2026 2:46:21,1.17.3,StopSig,57,3.98,nan,1,>Left_Stop_trial,Left,415,928,261,124666573,nan,nan,nan
9/30/2026 2:46:24,1.17.3,StopSig,57,3.98,nan,1,NoPoke_STOP_(correct),Left,415,928,261,124669875,nan,nan,nan
9/30/2026 2:46:25,1.17.3,StopSig,57,3.98,1,1,Pellet,Left,415,928,262,124669875,0.39,543,nan
9/30/2026 2:46:40,1.17.3,StopSig,57,3.98,nan,1,Right_no_left,Left,415,929,262,124669875,nan,nan,nan
9/30/2026 2:46:41,1.17.3,StopSig,57,3.98,nan,1,Right_no_left,Left,415,930,262,124686639,nan,nan,nan
9/30/2026 2:46:44,1.17.3,StopSig,57,3.98,nan,1,Right_no_left,Left,415,931,262,124687493,nan,nan,nan
9/30/2026 3:33:04,1.17.3,StopSig,57,3.98,nan,1,Right_no_left,Left,415,932,262,124689913,nan,nan,nan
9/30/2026 3:33:09,1.17.3,StopSig,57,3.98,nan,1,>Left_Stop_trial,Left,416,932,262,127474307,nan,nan,nan
9/30/2026 3:33:09,1.17.3,StopSig,57,3.98,nan,1,Right_STOP_(incorrect),Left,416,933,262,127475358,nan,nan,nan
9/30/2026 3:33:40,1.17.3,StopSig,57,3.98,nan,1,>Left_Regular_trial,Left,417,933,262,127505669,nan,nan,nan
9/30/2026 3:33:43,1.17.3,StopSig,57,3.98,nan,1,NoPoke_Regular_(incorrect),Left,417,933,262,127508932,nan,nan,nan
9/30/2026 3:34:13,1.17.3,StopSig,57,3.98,nan,1,>Left_Regular_trial,Left,418,933,262,127539390,nan,nan,nan
9/30/2026 3:34:15,1.17.3,StopSig,57,3.98,nan,1,Right_Regular_(correct),Left,418,934,262,127541237,nan,nan,nan
9/30/2026 3:34:15,1.17.3,StopSig,57,3.98,nan,1,RightDuringDispense,Left,418,935,262,127541237,nan,nan,0.12
9/30/2026 3:34:16,1.17.3,StopSig,57,3.98,1,1,Pellet,Left,418,935,263,127541237,0.27,2871,nan
9/30/2026 3:34:33,1.17.3,StopSig,57,3.98,nan,1,>Left_Regular_trial,Left,419,935,263,127558839,nan,nan,nan
9/30/2026 3:34:34,1.17.3,StopSig,57,3.98,nan,1,Right_Regular_(correct),Left,419,936,263,127560691,nan,nan,nan
9/30/2026 3:34:36,1.17.3,StopSig,57,3.98,1,1,Pellet,Left,419,936,264,127560691,0.22,19,nan
9/30/2026 3:34:51,1.17.3,StopSig,57,3.98,nan,1,>Left_Stop_trial,Left,420,936,264,127576181,nan,nan,nan
9/30/2026 3:34:51,1.17.3,StopSig,57,3.98,nan,1,Right_STOP_(incorrect),Left,420,937,264,127577077,nan,nan,nan
9/30/2026 3:35:21,1.17.3,StopSig,57,3.98,nan,1,>Left_Regular_trial,Left,421,937,264,127607388,nan,nan,nan
9/30/2026 3:35:24,1.17.3,StopSig,57,3.98,nan,1,Right_Regular_(correct),Left,421,938,264,127609806,nan,nan,nan
9/30/2026 3:35:24,1.17.3,StopSig,57,3.98,nan,1,RightDuringDispense,Left,421,939,264,127609806,nan,nan,0.13
9/30/2026 3:35:26,1.17.3,StopSig,57,3.98,1,1,Pellet,Left,421,939,265,127609806,0.78,50,nan
9/30/2026 3:35:42,1.17.3,StopSig,57,3.98,nan,1,>Left_Stop_trial,Left,422,939,265,127627907,nan,nan,nan
9/30/2026 3:35:43,1.17.3,StopSig,57,3.98,nan,1,Right_STOP_(incorrect),Left,422,940,265,127628817,nan,nan,nan
9/30/2026 3:36:16,1.17.3,StopSig,57,3.98,nan,1,Right_no_left,Left,422,941,265,127628817,nan,nan,nan
9/30/2026 3:36:21,1.17.3,StopSig,57,3.98,nan,1,>Left_Regular_trial,Left,423,941,265,127666809,nan,nan,nan
9/30/2026 3:36:22,1.17.3,StopSig,57,3.98,nan,1,Right_Regular_(correct),Left,423,942,265,127667946,nan,nan,nan
9/30/2026 3:36:23,1.17.3,StopSig,57,3.98,1,1,Pellet,Left,423,942,266,127667946,0.27,58,nan
9/30/2026 3:49:29,1.17.3,StopSig,57,3.98,nan,1,>Left_Regular_trial,Left,424,942,266,128455278,nan,nan,nan
9/30/2026 3:49:30,1.17.3,StopSig,57,3.98,nan,1,Right_Regular_(correct),Left,424,943,266,128456705,nan,nan,nan
9/30/2026 3:49:31,1.17.3,StopSig,57,3.98,1,1,Pellet,Left,424,943,267,128456705,0.22,788,nan
9/30/2026 3:49:54,1.17.3,StopSig,57,3.97,nan,1,>Left_Stop_trial,Left,425,943,267,128479941,nan,nan,nan
9/30/2026 3:49:55,1.17.3,StopSig,57,3.98,nan,1,Right_STOP_(incorrect),Left,425,944,267,128480792,nan,nan,nan
9/30/2026 3:50:53,1.17.3,StopSig,57,3.98,nan,1,Right_no_left,Left,425,945,267,128480792,nan,nan,nan
9/30/2026 3:50:54,1.17.3,StopSig,57,3.98,nan,1,Right_no_left,Left,425,946,267,128539189,nan,nan,nan
9/30/2026 3:56:21,1.17.3,StopSig,57,3.98,nan,1,>Left_Regular_trial,Left,426,946,267,128866896,nan,nan,nan
9/30/2026 3:56:25,1.17.3,StopSig,57,3.98,nan,1,NoPoke_Regular_(incorrect),Left,426,946,267,128871014,nan,nan,nan
9/30/2026 3:57:25,1.17.3,StopSig,57,3.98,nan,1,Right_no_left,Left,426,947,267,128871014,nan,nan,nan
9/30/2026 3:57:31,1.17.3,StopSig,57,3.98,nan,1,Right_no_left,Left,426,948,267,128931552,nan,nan,nan
9/30/2026 3:57:37,1.17.3,StopSig,57,3.98,nan,1,>Left_Regular_trial,Left,427,948,267,128942900,nan,nan,nan
9/30/2026 3:57:37,1.17.3,StopSig,57,3.98,nan,1,Right_Regular_(correct),Left,427,949,267,128943611,nan,nan,nan
9/30/2026 3:57:40,1.17.3,StopSig,57,3.98,2,1,Pellet,Left,427,949,268,128943611,0.33,489,nan
9/30/2026 3:58:13,1.17.3,StopSig,57,3.98,nan,1,>Left_Stop_trial,Left,428,949,268,128978394,nan,nan,nan
9/30/2026 3:58:13,1.17.3,StopSig,57,3.98,nan,1,Right_STOP_(incorrect),Left,428,950,268,128979271,nan,nan,nan
9/30/2026 3:58:51,1.17.3,StopSig,57,3.98,nan,1,>Left_Stop_trial,Left,429,950,268,129016687,nan,nan,nan
9/30/2026 3:58:54,1.17.3,StopSig,57,3.98,nan,1,NoPoke_STOP_(correct),Left,429,950,268,129020016,nan,nan,nan
9/30/2026 3:58:56,1.17.3,StopSig,57,3.97,1,1,Pellet,Left,429,950,269,129020016,1.28,76,nan
9/30/2026 3:59:28,1.17.3,StopSig,57,3.98,nan,1,Right_no_left,Left,429,951,269,129020016,nan,nan,nan
9/30/2026 3:59:30,1.17.3,StopSig,57,3.98,nan,1,>Left_Regular_trial,Left,430,951,269,129055696,nan,nan,nan
9/30/2026 3:59:31,1.17.3,StopSig,57,3.98,nan,1,Right_Regular_(correct),Left,430,952,269,129056975,nan,nan,nan
9/30/2026 3:59:32,1.17.3,StopSig,57,3.98,1,1,Pellet,Left,430,952,270,129056975,0.33,36,nan
9/30/2026 4:03:23,1.17.3,StopSig,57,3.98,nan,1,>Left_Stop_trial,Left,431,952,270,129288755,nan,nan,nan
9/30/2026 4:03:23,1.17.3,StopSig,57,3.98,nan,1,Right_STOP_(incorrect),Left,431,953,270,129289726,nan,nan,nan
9/30/2026 4:07:27,1.17.3,StopSig,57,3.98,nan,1,Right_no_left,Left,431,954,270,129289726,nan,nan,nan
9/30/2026 4:07:30,1.17.3,StopSig,57,3.98,nan,1,>Left_Stop_trial,Left,432,954,270,129535553,nan,nan,nan
9/30/2026 4:07:30,1.17.3,StopSig,57,3.98,nan,1,Right_STOP_(incorrect),Left,432,955,270,129536634,nan,nan,nan
9/30/2026 4:14:50,1.17.3,StopSig,57,3.98,nan,1,>Left_Regular_trial,Left,433,955,270,129975699,nan,nan,nan
9/30/2026 4:14:51,1.17.3,StopSig,57,3.98,nan,1,Right_Regular_(correct),Left,433,956,270,129976835,nan,nan,nan
9/30/2026 4:14:52,1.17.3,StopSig,57,3.98,1,1,Pellet,Left,433,956,271,129976835,0.38,920,nan
9/30/2026 4:15:22,1.17.3,StopSig,57,3.98,nan,1,>Left_Regular_trial,Left,434,956,271,130008257,nan,nan,nan
9/30/2026 4:15:26,1.17.3,StopSig,57,3.97,nan,1,NoPoke_Regular_(incorrect),Left,434,956,271,130012082,nan,nan,nan
9/30/2026 4:17:35,1.17.3,StopSig,57,3.98,nan,1,Right_no_left,Left,434,957,271,130012082,nan,nan,nan
9/30/2026 4:20:37,1.17.3,StopSig,57,3.98,nan,1,>Left_Regular_trial,Left,435,957,271,130323336,nan,nan,nan
9/30/2026 4:20:41,1.17.3,StopSig,57,3.97,nan,1,NoPoke_Regular_(incorrect),Left,435,957,271,130327028,nan,nan,nan
9/30/2026 4:35:08,1.17.3,StopSig,57,3.98,nan,1,Right_no_left,Left,435,958,271,130327028,nan,nan,nan
9/30/2026 4:35:11,1.17.3,StopSig,57,3.98,nan,1,>Left_Regular_trial,Left,436,958,271,131197473,nan,nan,nan
9/30/2026 4:35:12,1.17.3,StopSig,57,3.97,nan,1,Right_Regular_(correct),Left,436,959,271,131198609,nan,nan,nan
9/30/2026 4:35:13,1.17.3,StopSig,57,3.97,1,1,Pellet,Left,436,959,272,131198609,0.27,1221,nan
9/30/2026 4:35:34,1.17.3,StopSig,57,3.98,nan,1,>Left_Stop_trial,Left,437,959,272,131219829,nan,nan,nan
9/30/2026 4:35:37,1.17.3,StopSig,57,3.98,nan,1,NoPoke_STOP_(correct),Left,437,959,272,131223097,nan,nan,nan
9/30/2026 4:35:38,1.17.3,StopSig,57,3.97,1,1,Pellet,Left,437,959,273,131223097,0.61,25,nan
9/30/2026 4:37:50,1.17.3,StopSig,57,3.98,nan,1,Right_no_left,Left,437,960,273,131223097,nan,nan,nan
9/30/2026 4:41:48,1.17.3,StopSig,57,3.97,nan,1,>Left_Regular_trial,Left,438,960,273,131594014,nan,nan,nan
9/30/2026 4:41:52,1.17.3,StopSig,57,3.98,nan,1,NoPoke_Regular_(incorrect),Left,438,960,273,131598133,nan,nan,nan
9/30/2026 4:48:15,1.17.3,StopSig,57,3.97,nan,1,>Left_Regular_trial,Left,439,960,273,131980760,nan,nan,nan
9/30/2026 4:48:18,1.17.3,StopSig,57,3.97,nan,1,NoPoke_Regular_(incorrect),Left,439,960,273,131984167,nan,nan,nan
9/30/2026 4:51:10,1.17.3,StopSig,57,3.98,nan,1,Right_no_left,Left,439,961,273,131984167,nan,nan,nan
9/30/2026 5:01:07,1.17.3,StopSig,57,3.98,nan,1,Right_no_left,Left,439,962,273,132156310,nan,nan,nan
9/30/2026 5:01:13,1.17.3,StopSig,57,3.97,nan,1,Right_no_left,Left,439,963,273,132753426,nan,nan,nan
9/30/2026 5:01:14,1.17.3,StopSig,57,3.97,nan,1,Right_no_left,Left,439,964,273,132759667,nan,nan,nan
9/30/2026 5:01:15,1.17.3,StopSig,57,3.98,nan,1,Right_no_left,Left,439,965,273,132760237,nan,nan,nan
9/30/2026 5:01:17,1.17.3,StopSig,57,3.97,nan,1,Right_no_left,Left,439,966,273,132761373,nan,nan,nan
9/30/2026 5:01:20,1.17.3,StopSig,57,3.97,nan,1,>Left_Regular_trial,Left,440,966,273,132765914,nan,nan,nan
9/30/2026 5:01:20,1.17.3,StopSig,57,3.97,nan,1,Right_Regular_(correct),Left,440,967,273,132766631,nan,nan,nan
9/30/2026 5:01:25,1.17.3,StopSig,57,3.97,3,1,Pellet,Left,440,967,274,132766631,0.27,1547,nan
9/30/2026 5:01:52,1.17.3,StopSig,57,3.97,nan,1,Right_no_left,Left,440,968,274,132766631,nan,nan,nan
9/30/2026 5:12:56,1.17.3,StopSig,57,3.96,nan,1,Right_no_left,Left,440,969,274,132798106,nan,nan,nan
9/30/2026 5:15:37,1.17.3,StopSig,57,3.97,nan,1,Right_no_left,Left,440,970,274,133462497,nan,nan,nan
9/30/2026 5:15:38,1.17.3,StopSig,57,3.97,nan,1,Right_no_left,Left,440,971,274,133623317,nan,nan,nan
9/30/2026 5:16:04,1.17.3,StopSig,57,3.96,nan,1,Right_no_left,Left,440,972,274,133624169,nan,nan,nan
9/30/2026 5:16:05,1.17.3,StopSig,57,3.97,nan,1,Right_no_left,Left,440,973,274,133650914,nan,nan,nan
9/30/2026 5:16:07,1.17.3,StopSig,57,3.97,nan,1,Right_no_left,Left,440,974,274,133651766,nan,nan,nan
9/30/2026 5:16:08,1.17.3,StopSig,57,3.97,nan,1,Right_no_left,Left,440,975,274,133653468,nan,nan,nan
9/30/2026 5:16:08,1.17.3,StopSig,57,3.98,nan,1,Right_no_left,Left,440,976,274,133654185,nan,nan,nan
9/30/2026 5:16:13,1.17.3,StopSig,57,3.97,nan,1,Right_no_left,Left,440,977,274,133654755,nan,nan,nan
9/30/2026 5:16:17,1.17.3,StopSig,57,3.96,nan,1,Right_no_left,Left,440,978,274,133659857,nan,nan,nan
9/30/2026 5:16:20,1.17.3,StopSig,57,3.97,nan,1,Right_no_left,Left,440,979,274,133663116,nan,nan,nan
9/30/2026 5:16:21,1.17.3,StopSig,57,3.97,nan,1,Right_no_left,Left,440,980,274,133666519,nan,nan,nan
9/30/2026 5:16:28,1.17.3,StopSig,57,3.97,nan,1,Right_no_left,Left,440,981,274,133667094,nan,nan,nan
9/30/2026 5:16:29,1.17.3,StopSig,57,3.97,nan,1,Right_no_left,Left,440,982,274,133674467,nan,nan,nan
9/30/2026 5:16:29,1.17.3,StopSig,57,3.97,nan,1,Right_no_left,Left,440,983,274,133675320,nan,nan,nan
9/30/2026 5:16:30,1.17.3,StopSig,57,3.97,nan,1,Right_no_left,Left,440,984,274,133675889,nan,nan,nan
9/30/2026 5:16:31,1.17.3,StopSig,57,3.97,nan,1,Right_no_left,Left,440,985,274,133676459,nan,nan,nan
9/30/2026 5:16:35,1.17.3,StopSig,57,3.97,nan,1,Right_no_left,Left,440,986,274,133677601,nan,nan,nan
9/30/2026 5:17:01,1.17.3,StopSig,57,3.98,nan,1,Right_no_left,Left,440,987,274,133681714,nan,nan,nan
9/30/2026 5:17:03,1.17.3,StopSig,57,3.97,nan,1,Right_no_left,Left,440,988,274,133707801,nan,nan,nan
9/30/2026 5:17:04,1.17.3,StopSig,57,3.98,nan,1,Right_no_left,Left,440,989,274,133709362,nan,nan,nan
9/30/2026 5:17:07,1.17.3,StopSig,57,3.96,nan,1,Right_no_left,Left,440,990,274,133710639,nan,nan,nan
9/30/2026 5:17:12,1.17.3,StopSig,57,3.97,nan,1,Right_no_left,Left,440,991,274,133714076,nan,nan,nan
9/30/2026 5:17:14,1.17.3,StopSig,57,3.97,nan,1,Right_no_left,Left,440,992,274,133718185,nan,nan,nan
9/30/2026 5:17:17,1.17.3,StopSig,57,3.96,nan,1,Right_no_left,Left,440,993,274,133720593,nan,nan,nan
9/30/2026 5:17:22,1.17.3,StopSig,57,3.97,nan,1,>Left_Regular_trial,Left,441,993,274,133728101,nan,nan,nan
9/30/2026 5:17:25,1.17.3,StopSig,57,3.97,nan,1,Right_Regular_(correct),Left,441,994,274,133731217,nan,nan,nan
9/30/2026 5:17:25,1.17.3,StopSig,57,3.97,nan,1,RightDuringDispense,Left,441,995,274,133731217,nan,nan,0.17
9/30/2026 5:17:26,1.17.3,StopSig,57,3.97,1,1,Pellet,Left,441,995,275,133731217,0.33,961,nan
9/30/2026 5:17:49,1.17.3,StopSig,57,3.97,nan,1,Right_no_left,Left,441,996,275,133731217,nan,nan,nan
9/30/2026 5:17:51,1.17.3,StopSig,57,3.97,nan,1,Right_no_left,Left,441,997,275,133755503,nan,nan,nan
9/30/2026 5:17:51,1.17.3,StopSig,57,3.97,nan,1,Right_no_left,Left,441,998,275,133757204,nan,nan,nan
9/30/2026 5:17:53,1.17.3,StopSig,57,3.97,nan,1,>Left_Regular_trial,Left,442,998,275,133759195,nan,nan,nan
9/30/2026 5:17:54,1.17.3,StopSig,57,3.97,nan,1,Right_Regular_(correct),Left,442,999,275,133760473,nan,nan,nan
9/30/2026 5:17:55,1.17.3,StopSig,57,3.96,1,1,Pellet,Left,442,999,276,133760473,0.33,29,nan
9/30/2026 5:18:23,1.17.3,StopSig,57,3.97,nan,1,Right_no_left,Left,442,1000,276,133760473,nan,nan,nan
9/30/2026 5:18:24,1.17.3,StopSig,57,3.97,nan,1,Right_no_left,Left,442,1001,276,133790087,nan,nan,nan
9/30/2026 5:18:27,1.17.3,StopSig,57,3.96,nan,1,>Left_Regular_trial,Left,443,1001,276,133793216,nan,nan,nan
9/30/2026 5:18:28,1.17.3,StopSig,57,3.97,nan,1,Right_Regular_(correct),Left,443,1002,276,133794070,nan,nan,nan
9/30/2026 5:18:29,1.17.3,StopSig,57,3.97,1,1,Pellet,Left,443,1002,277,133794070,0.16,33,nan
9/30/2026 5:18:56,1.17.3,StopSig,57,3.97,nan,1,Right_no_left,Left,443,1003,277,133794070,nan,nan,nan
9/30/2026 5:18:57,1.17.3,StopSig,57,3.97,nan,1,Right_no_left,Left,443,1004,277,133822345,nan,nan,nan
9/30/2026 5:18:59,1.17.3,StopSig,57,3.97,nan,1,Right_no_left,Left,443,1005,277,133823205,nan,nan,nan
9/30/2026 5:19:02,1.17.3,StopSig,57,3.97,nan,1,Right_no_left,Left,443,1006,277,133825618,nan,nan,nan
9/30/2026 5:57:27,1.17.3,StopSig,57,3.97,nan,1,Right_no_left,Left,443,1007,277,133828598,nan,nan,nan
9/30/2026 5:57:28,1.17.3,StopSig,57,3.97,nan,1,Right_no_left,Left,443,1008,277,136133710,nan,nan,nan
9/30/2026 5:57:31,1.17.3,StopSig,57,3.97,nan,1,Right_no_left,Left,443,1009,277,136134563,nan,nan,nan
9/30/2026 5:57:46,1.17.3,StopSig,57,3.96,nan,1,Right_no_left,Left,443,1010,277,136137977,nan,nan,nan
9/30/2026 5:57:48,1.17.3,StopSig,57,3.97,nan,1,>Left_Regular_trial,Left,444,1010,277,136154292,nan,nan,nan
9/30/2026 5:57:49,1.17.3,StopSig,57,3.96,nan,1,Right_Regular_(correct),Left,444,1011,277,136155569,nan,nan,nan
9/30/2026 5:57:50,1.17.3,StopSig,57,3.96,1,1,Pellet,Left,444,1011,278,136155569,0.22,2362,nan
9/30/2026 5:58:13,1.17.3,StopSig,57,3.96,nan,1,>Left_Stop_trial,Left,445,1011,278,136179027,nan,nan,nan
9/30/2026 5:58:14,1.17.3,StopSig,57,3.96,nan,1,Right_STOP_(incorrect),Left,445,1012,278,136180233,nan,nan,nan
9/30/2026 5:58:45,1.17.3,StopSig,57,3.96,nan,1,>Left_Stop_trial,Left,446,1012,278,136210544,nan,nan,nan
9/30/2026 5:58:47,1.17.3,StopSig,57,3.96,nan,1,Right_STOP_(incorrect),Left,446,1013,278,136213622,nan,nan,nan
9/30/2026 5:59:20,1.17.3,StopSig,57,3.97,nan,1,>Left_Regular_trial,Left,447,1013,278,136246062,nan,nan,nan
9/30/2026 5:59:21,1.17.3,StopSig,57,3.96,nan,1,Right_Regular_(correct),Left,447,1014,278,136247483,nan,nan,nan
9/30/2026 5:59:22,1.17.3,StopSig,57,3.96,1,1,Pellet,Left,447,1014,279,136247483,0.16,92,nan
9/30/2026 5:59:44,1.17.3,StopSig,57,3.97,nan,1,Right_no_left,Left,447,1015,279,136247483,nan,nan,nan
9/30/2026 5:59:53,1.17.3,StopSig,57,3.96,nan,1,Right_no_left,Left,447,1016,279,136270532,nan,nan,nan
9/30/2026 5:59:55,1.17.3,StopSig,57,3.96,nan,1,Right_no_left,Left,447,1017,279,136279752,nan,nan,nan
9/30/2026 6:06:02,1.17.3,StopSig,57,3.96,nan,1,Right_no_left,Left,447,1018,279,136281457,nan,nan,nan
9/30/2026 6:06:03,1.17.3,StopSig,57,3.97,nan,1,Right_no_left,Left,447,1019,279,136648840,nan,nan,nan
9/30/2026 6:06:06,1.17.3,StopSig,57,3.97,nan,1,>Left_Regular_trial,Left,448,1019,279,136652673,nan,nan,nan
9/30/2026 6:06:07,1.17.3,StopSig,57,3.97,nan,1,Right_Regular_(correct),Left,448,1020,279,136653680,nan,nan,nan
9/30/2026 6:06:13,1.17.3,StopSig,57,3.96,3,1,Pellet,Left,448,1020,280,136653680,0.78,411,nan
9/30/2026 6:06:44,1.17.3,StopSig,57,3.97,nan,1,>Left_Stop_trial,Left,449,1020,280,136689995,nan,nan,nan
9/30/2026 6:06:44,1.17.3,StopSig,57,3.97,nan,1,Right_STOP_(incorrect),Left,449,1021,280,136690908,nan,nan,nan
9/30/2026 6:17:13,1.17.3,StopSig,57,3.96,nan,1,>Left_Stop_trial,Left,450,1021,280,137318752,nan,nan,nan
9/30/2026 6:17:16,1.17.3,StopSig,57,3.97,nan,1,NoPoke_STOP_(correct),Left,450,1021,280,137322379,nan,nan,nan
9/30/2026 6:17:17,1.17.3,StopSig,57,3.96,1,1,Pellet,Left,450,1021,281,137322379,0.33,664,nan
9/30/2026 6:17:45,1.17.3,StopSig,57,3.96,nan,1,>Left_Regular_trial,Left,451,1021,281,137351015,nan,nan,nan
9/30/2026 6:17:45,1.17.3,StopSig,57,3.96,nan,1,Right_Regular_(correct),Left,451,1022,281,137351868,nan,nan,nan
9/30/2026 6:17:46,1.17.3,StopSig,57,3.96,1,1,Pellet,Left,451,1022,282,137351868,0.16,29,nan
9/30/2026 6:18:31,1.17.3,StopSig,57,3.97,nan,1,>Left_Stop_trial,Left,452,1022,282,137396669,nan,nan,nan
9/30/2026 6:18:31,1.17.3,StopSig,57,3.96,nan,1,Right_STOP_(incorrect),Left,452,1023,282,137397500,nan,nan,nan
9/30/2026 6:26:52,1.17.3,StopSig,57,3.96,nan,1,>Left_Regular_trial,Left,453,1023,282,137898275,nan,nan,nan
9/30/2026 6:26:54,1.17.3,StopSig,57,3.96,nan,1,Right_Regular_(correct),Left,453,1024,282,137900694,nan,nan,nan
9/30/2026 6:26:55,1.17.3,StopSig,57,3.96,nan,1,RightDuringDispense,Left,453,1025,282,137900694,nan,nan,0.14
9/30/2026 6:26:56,1.17.3,StopSig,57,3.96,1,1,Pellet,Left,453,1025,283,137900694,0.55,550,nan
9/30/2026 6:27:21,1.17.3,StopSig,57,3.96,nan,1,>Left_Regular_trial,Left,454,1025,283,137927626,nan,nan,nan
9/30/2026 6:27:22,1.17.3,StopSig,57,3.97,nan,1,Right_Regular_(correct),Left,454,1026,283,137929056,nan,nan,nan
9/30/2026 6:27:23,1.17.3,StopSig,57,3.96,1,1,Pellet,Left,454,1026,284,137929056,0.27,27,nan
9/30/2026 6:27:42,1.17.3,StopSig,57,3.96,nan,1,>Left_Regular_trial,Left,455,1026,284,137948687,nan,nan,nan
9/30/2026 6:27:44,1.17.3,StopSig,57,3.96,nan,1,Right_Regular_(correct),Left,455,1027,284,137950678,nan,nan,nan
9/30/2026 6:27:45,1.17.3,StopSig,57,3.96,1,1,Pellet,Left,455,1027,285,137950678,0.27,22,nan
9/30/2026 6:28:02,1.17.3,StopSig,57,3.96,nan,1,Right_no_left,Left,455,1028,285,137950678,nan,nan,nan
9/30/2026 6:33:24,1.17.3,StopSig,57,3.96,nan,1,>Left_Regular_trial,Left,456,1028,285,138290126,nan,nan,nan
9/30/2026 6:33:24,1.17.3,StopSig,57,3.96,nan,1,Right_Regular_(correct),Left,456,1029,285,138290981,nan,nan,nan
9/30/2026 6:33:28,1.17.3,StopSig,57,3.97,2,1,Pellet,Left,456,1029,286,138290981,0.66,343,nan
9/30/2026 6:33:48,1.17.3,StopSig,57,3.97,nan,1,Right_no_left,Left,456,1030,286,138290981,nan,nan,nan
9/30/2026 6:33:48,1.17.3,StopSig,57,3.96,nan,1,Right_no_left,Left,456,1031,286,138314326,nan,nan,nan
9/30/2026 6:33:48,1.17.3,StopSig,57,3.96,nan,1,Right_no_left,Left,456,1032,286,138314612,nan,nan,nan
9/30/2026 6:33:50,1.17.3,StopSig,57,3.96,nan,1,>Left_Stop_trial,Left,457,1032,286,138316463,nan,nan,nan
9/30/2026 6:33:54,1.17.3,StopSig,57,3.96,nan,1,NoPoke_STOP_(correct),Left,457,1032,286,138320409,nan,nan,nan
9/30/2026 6:33:55,1.17.3,StopSig,57,3.96,1,1,Pellet,Left,457,1032,287,138320409,0.27,27,nan
9/30/2026 6:34:34,1.17.3,StopSig,57,3.96,nan,1,>Left_Stop_trial,Left,458,1032,287,138360201,nan,nan,nan
9/30/2026 6:34:34,1.17.3,StopSig,57,3.96,nan,1,Right_STOP_(incorrect),Left,458,1033,287,138361095,nan,nan,nan
9/30/2026 6:42:05,1.17.3,StopSig,57,3.96,nan,1,>Left_Regular_trial,Left,459,1033,287,138811023,nan,nan,nan
9/30/2026 6:42:08,1.17.3,StopSig,57,3.96,nan,1,NoPoke_Regular_(incorrect),Left,459,1033,287,138814434,nan,nan,nan
9/30/2026 6:45:29,1.17.3,StopSig,57,3.96,nan,1,Right_no_left,Left,459,1034,287,138814434,nan,nan,nan
9/30/2026 6:48:28,1.17.3,StopSig,57,3.94,nan,1,Right_no_left,Left,459,1035,287,139015471,nan,nan,nan
9/30/2026 6:48:31,1.17.3,StopSig,57,3.94,nan,1,>Left_Regular_trial,Left,460,1035,287,139197519,nan,nan,nan
9/30/2026 6:48:35,1.17.3,StopSig,57,3.95,nan,1,NoPoke_Regular_(incorrect),Left,460,1035,287,139201358,nan,nan,nan
9/30/2026 6:54:47,1.17.3,StopSig,57,3.94,nan,1,Right_no_left,Left,460,1036,287,139201358,nan,nan,nan
9/30/2026 7:00:01,1.17.3,StopSig,57,3.96,nan,1,Right_no_left,Left,460,1037,287,139573572,nan,nan,nan
9/30/2026 7:00:03,1.17.3,StopSig,57,3.96,nan,1,Right_no_left,Left,460,1038,287,139887883,nan,nan,nan
9/30/2026 7:00:04,1.17.3,StopSig,57,3.96,nan,1,Right_no_left,Left,460,1039,287,139889872,nan,nan,nan
9/30/2026 7:00:14,1.17.3,StopSig,57,3.96,nan,1,Right_no_left,Left,460,1040,287,139890585,nan,nan,nan
9/30/2026 7:00:15,1.17.3,StopSig,57,3.96,nan,1,Right_no_left,Left,460,1041,287,139900671,nan,nan,nan
9/30/2026 7:00:56,1.17.3,StopSig,57,3.96,nan,1,Right_no_left,Left,460,1042,287,139902241,nan,nan,nan
9/30/2026 7:00:57,1.17.3,StopSig,57,3.96,nan,1,Right_no_left,Left,460,1043,287,139943242,nan,nan,nan
9/30/2026 7:01:13,1.17.3,StopSig,57,3.96,nan,1,Right_no_left,Left,460,1044,287,139943528,nan,nan,nan
9/30/2026 7:01:15,1.17.3,StopSig,57,3.96,nan,1,Right_no_left,Left,460,1045,287,139960130,nan,nan,nan
9/30/2026 7:01:16,1.17.3,StopSig,57,3.96,nan,1,Right_no_left,Left,460,1046,287,139961693,nan,nan,nan
9/30/2026 7:01:18,1.17.3,StopSig,57,3.96,nan,1,Right_no_left,Left,460,1047,287,139962979,nan,nan,nan
9/30/2026 7:28:04,1.17.3,StopSig,57,3.96,nan,1,Right_no_left,Left,460,1048,287,139964968,nan,nan,nan
9/30/2026 7:59:45,1.17.3,StopSig,57,3.96,nan,1,Right_no_left,Left,460,1049,287,141570946,nan,nan,nan
9/30/2026 8:00:56,1.17.3,StopSig,57,3.96,nan,1,Right_no_left,Left,460,1050,287,143471470,nan,nan,nan
9/30/2026 8:20:34,1.17.3,StopSig,57,3.96,nan,1,>Left_Regular_trial,Left,461,1050,287,144720367,nan,nan,nan
9/30/2026 8:20:37,1.17.3,StopSig,57,3.95,nan,1,NoPoke_Regular_(incorrect),Left,461,1050,287,144723642,nan,nan,nan
9/30/2026 8:21:09,1.17.3,StopSig,57,3.96,nan,1,>Left_Regular_trial,Left,462,1050,287,144755797,nan,nan,nan
9/30/2026 8:21:13,1.17.3,StopSig,57,3.95,nan,1,NoPoke_Regular_(incorrect),Left,462,1050,287,144759635,nan,nan,nan
9/30/2026 8:57:02,1.17.3,StopSig,57,3.95,nan,1,Right_no_left,Left,462,1051,287,144759635,nan,nan,nan
9/30/2026 8:57:09,1.17.3,StopSig,57,3.95,nan,1,Right_no_left,Left,462,1052,287,146909039,nan,nan,nan
9/30/2026 8:57:13,1.17.3,StopSig,57,3.95,nan,1,>Left_Regular_trial,Left,463,1052,287,146920124,nan,nan,nan
9/30/2026 8:57:15,1.17.3,StopSig,57,3.95,nan,1,Right_Regular_(correct),Left,463,1053,287,146921547,nan,nan,nan
9/30/2026 8:57:15,1.17.3,StopSig,57,3.89,nan,1,RightDuringDispense,Left,463,1054,287,146921547,nan,nan,0.01
9/30/2026 8:57:17,1.17.3,StopSig,57,3.96,1,1,Pellet,Left,463,1054,288,146921547,1.00,8602,nan
9/30/2026 8:57:37,1.17.3,StopSig,57,3.95,nan,1,Right_no_left,Left,463,1055,288,146921547,nan,nan,nan
9/30/2026 8:57:39,1.17.3,StopSig,57,3.95,nan,1,>Left_Regular_trial,Left,464,1055,288,146946052,nan,nan,nan
9/30/2026 8:57:41,1.17.3,StopSig,57,3.95,nan,1,Right_Regular_(correct),Left,464,1056,288,146948044,nan,nan,nan
9/30/2026 8:57:42,1.17.3,StopSig,57,3.95,1,1,Pellet,Left,464,1056,289,146948044,0.50,25,nan
9/30/2026 8:58:00,1.17.3,StopSig,57,3.95,nan,1,>Left_Regular_trial,Left,465,1056,289,146966499,nan,nan,nan
9/30/2026 8:58:02,1.17.3,StopSig,57,3.95,nan,1,Right_Regular_(correct),Left,465,1057,289,146969204,nan,nan,nan
9/30/2026 8:58:14,1.17.3,StopSig,57,3.94,3,1,Pellet,Left,465,1057,290,146969204,7.33,32,nan
9/30/2026 8:58:34,1.17.3,StopSig,57,3.95,nan,1,>Left_Regular_trial,Left,466,1057,290,147001153,nan,nan,nan
9/30/2026 8:58:37,1.17.3,StopSig,57,3.95,nan,1,Right_Regular_(correct),Left,466,1058,290,147004425,nan,nan,nan
9/30/2026 8:58:40,1.17.3,StopSig,57,3.95,nan,1,RightDuringDispense,Left,466,1059,290,147004425,nan,nan,2.28
9/30/2026 8:58:55,1.17.3,StopSig,57,3.95,4,1,Pellet,Left,466,1059,291,147004425,9.23,41,nan
9/30/2026 8:59:23,1.17.3,StopSig,57,3.95,nan,1,>Left_Regular_trial,Left,467,1059,291,147049999,nan,nan,nan
9/30/2026 8:59:27,1.17.3,StopSig,57,3.95,nan,1,NoPoke_Regular_(incorrect),Left,467,1059,291,147053694,nan,nan,nan
9/30/2026 9:06:48,1.17.3,StopSig,57,3.95,nan,1,Right_no_left,Left,467,1060,291,147053694,nan,nan,nan
9/30/2026 9:29:12,1.17.3,StopSig,57,3.94,nan,1,Right_no_left,Left,467,1061,291,147495476,nan,nan,nan
9/30/2026 12:10:07,1.17.3,StopSig,57,3.93,nan,1,Right_no_left,Left,467,1062,291,148839633,nan,nan,nan
9/30/2026 12:12:53,1.17.3,StopSig,57,3.92,nan,1,Right_no_left,Left,467,1063,291,158494207,nan,nan,nan
9/30/2026 12:15:31,1.17.3,StopSig,57,3.93,nan,1,Right_no_left,Left,467,1064,291,158660837,nan,nan,nan
9/30/2026 12:15:33,1.17.3,StopSig,57,3.93,nan,1,>Left_Regular_trial,Left,468,1064,291,158820104,nan,nan,nan
9/30/2026 12:15:33,1.17.3,StopSig,57,3.93,nan,1,Right_Regular_(correct),Left,468,1065,291,158820828,nan,nan,nan
9/30/2026 12:15:34,1.17.3,StopSig,57,3.93,nan,1,RightDuringDispense,Left,468,1066,291,158820828,nan,nan,0.12
9/30/2026 12:15:37,1.17.3,StopSig,57,3.93,3,1,Pellet,Left,468,1066,292,158820828,0.44,11802,nan
9/30/2026 12:18:46,1.17.3,StopSig,57,3.93,nan,1,>Left_Regular_trial,Left,469,1066,292,159013042,nan,nan,nan
9/30/2026 12:18:46,1.17.3,StopSig,57,3.93,nan,1,Right_Regular_(correct),Left,469,1067,292,159013897,nan,nan,nan
9/30/2026 12:18:48,1.17.3,StopSig,57,3.93,2,1,Pellet,Left,469,1067,293,159013897,0.39,191,nan
9/30/2026 12:20:02,1.17.3,StopSig,57,3.93,nan,1,>Left_Stop_trial,Left,470,1067,293,159088317,nan,nan,nan
9/30/2026 12:20:05,1.17.3,StopSig,57,3.93,nan,1,NoPoke_STOP_(correct),Left,470,1067,293,159092249,nan,nan,nan
9/30/2026 12:20:08,1.17.3,StopSig,57,3.93,1,1,Pellet,Left,470,1067,294,159092249,2.17,80,nan
9/30/2026 12:27:13,1.17.3,StopSig,57,3.93,nan,1,>Left_Regular_trial,Left,471,1067,294,159519901,nan,nan,nan
9/30/2026 12:27:14,1.17.3,StopSig,57,3.93,nan,1,Right_Regular_(correct),Left,471,1068,294,159521181,nan,nan,nan
9/30/2026 12:27:17,1.17.3,StopSig,57,3.93,1,1,Pellet,Left,471,1068,295,159521181,3.07,429,nan
9/30/2026 12:29:09,1.17.3,StopSig,57,3.93,nan,1,Right_no_left,Left,471,1069,295,159521181,nan,nan,nan
9/30/2026 12:29:11,1.17.3,StopSig,57,3.93,nan,1,Right_no_left,Left,471,1070,295,159636676,nan,nan,nan
9/30/2026 12:41:44,1.17.3,StopSig,57,3.93,nan,1,Right_no_left,Left,471,1071,295,159638525,nan,nan,nan
9/30/2026 12:48:55,1.17.3,StopSig,57,3.93,nan,1,Right_no_left,Left,471,1072,295,160391534,nan,nan,nan
9/30/2026 12:48:56,1.17.3,StopSig,57,3.93,nan,1,Right_no_left,Left,471,1073,295,160822888,nan,nan,nan
9/30/2026 12:49:03,1.17.3,StopSig,57,3.93,nan,1,>Left_Regular_trial,Left,472,1073,295,160830129,nan,nan,nan
9/30/2026 12:49:04,1.17.3,StopSig,57,3.93,nan,1,Right_Regular_(correct),Left,472,1074,295,160831268,nan,nan,nan
9/30/2026 12:49:05,1.17.3,StopSig,57,3.93,1,1,Pellet,Left,472,1074,296,160831268,0.78,1308,nan
9/30/2026 12:52:09,1.17.3,StopSig,57,3.93,nan,1,>Left_Regular_trial,Left,473,1074,296,161016116,nan,nan,nan
9/30/2026 12:52:10,1.17.3,StopSig,57,3.93,nan,1,Right_Regular_(correct),Left,473,1075,296,161017262,nan,nan,nan
9/30/2026 12:52:10,1.17.3,StopSig,57,3.93,nan,1,RightDuringDispense,Left,473,1076,296,161017262,nan,nan,0.11
9/30/2026 12:52:12,1.17.3,StopSig,57,3.93,1,1,Pellet,Left,473,1076,297,161017262,1.00,187,nan
9/30/2026 13:08:13,1.17.3,StopSig,57,3.92,nan,1,Right_no_left,Left,473,1077,297,161017262,nan,nan,nan
9/30/2026 13:11:48,1.17.3,StopSig,57,3.93,nan,1,>Left_Regular_trial,Left,474,1077,297,162195388,nan,nan,nan
9/30/2026 13:11:49,1.17.3,StopSig,57,3.92,nan,1,Right_Regular_(correct),Left,474,1078,297,162196389,nan,nan,nan
9/30/2026 13:11:49,1.17.3,StopSig,57,3.93,nan,1,RightDuringDispense,Left,474,1079,297,162196389,nan,nan,0.08
9/30/2026 13:11:50,1.17.3,StopSig,57,3.93,1,1,Pellet,Left,474,1079,298,162196389,0.50,1178,nan
9/30/2026 13:14:53,1.17.3,StopSig,57,3.93,nan,1,Right_no_left,Left,474,1080,298,162196389,nan,nan,nan
9/30/2026 13:17:27,1.17.3,StopSig,57,3.92,nan,1,Right_no_left,Left,474,1081,298,162380667,nan,nan,nan
9/30/2026 13:24:34,1.17.3,StopSig,57,3.92,nan,1,>Left_Regular_trial,Left,475,1081,298,162961832,nan,nan,nan
9/30/2026 13:24:38,1.17.3,StopSig,57,3.93,nan,1,NoPoke_Regular_(incorrect),Left,475,1081,298,162965386,nan,nan,nan
9/30/2026 13:32:57,1.17.3,StopSig,57,3.93,nan,1,Right_no_left,Left,475,1082,298,162965386,nan,nan,nan
9/30/2026 13:33:42,1.17.3,StopSig,57,3.93,nan,1,Right_no_left,Left,475,1083,298,163464653,nan,nan,nan
9/30/2026 13:34:17,1.17.3,StopSig,57,3.92,nan,1,Right_no_left,Left,475,1084,298,163510316,nan,nan,nan
9/30/2026 13:34:25,1.17.3,StopSig,57,3.93,nan,1,Right_no_left,Left,475,1085,298,163544873,nan,nan,nan
9/30/2026 13:34:26,1.17.3,StopSig,57,3.92,nan,1,Right_no_left,Left,475,1086,298,163553261,nan,nan,nan
9/30/2026 13:34:30,1.17.3,StopSig,57,3.93,nan,1,Right_no_left,Left,475,1087,298,163553832,nan,nan,nan
9/30/2026 13:34:39,1.17.3,StopSig,57,3.92,nan,1,>Left_Stop_trial,Left,476,1087,298,163565632,nan,nan,nan
9/30/2026 13:34:39,1.17.3,StopSig,57,3.93,nan,1,Right_STOP_(incorrect),Left,476,1088,298,163566661,nan,nan,nan
9/30/2026 14:02:30,1.17.3,StopSig,57,3.92,nan,1,Right_no_left,Left,476,1089,298,163566661,nan,nan,nan
9/30/2026 14:02:30,1.17.3,StopSig,57,3.92,nan,1,Right_no_left,Left,476,1090,298,165237797,nan,nan,nan
9/30/2026 14:02:31,1.17.3,StopSig,57,3.92,nan,1,Right_no_left,Left,476,1091,298,165238226,nan,nan,nan
9/30/2026 14:03:18,1.17.3,StopSig,57,3.92,nan,1,Right_no_left,Left,476,1092,298,165239366,nan,nan,nan
9/30/2026 14:38:09,1.17.3,StopSig,57,3.92,nan,1,Right_no_left,Left,476,1093,298,165285970,nan,nan,nan
9/30/2026 15:13:34,1.17.3,StopSig,57,3.91,nan,1,Right_no_left,Left,476,1094,298,167376490,nan,nan,nan
9/30/2026 15:14:18,1.17.3,StopSig,57,3.92,nan,1,>Left_Stop_trial,Left,477,1094,298,169545194,nan,nan,nan
9/30/2026 15:14:19,1.17.3,StopSig,57,3.91,nan,1,Right_STOP_(incorrect),Left,477,1095,298,169546636,nan,nan,nan
9/30/2026 15:14:49,1.17.3,StopSig,57,3.91,nan,1,>Left_Regular_trial,Left,478,1095,298,169576947,nan,nan,nan
9/30/2026 15:14:53,1.17.3,StopSig,57,3.91,nan,1,NoPoke_Regular_(incorrect),Left,478,1095,298,169580650,nan,nan,nan
9/30/2026 15:40:41,1.17.3,StopSig,57,3.91,nan,1,Right_no_left,Left,478,1096,298,169580650,nan,nan,nan
9/30/2026 15:40:47,1.17.3,StopSig,57,3.92,nan,1,>Left_Regular_trial,Left,479,1096,298,171134372,nan,nan,nan
9/30/2026 15:40:50,1.17.3,StopSig,57,3.91,nan,1,NoPoke_Regular_(incorrect),Left,479,1096,298,171137786,nan,nan,nan
9/30/2026 15:43:01,1.17.3,StopSig,57,3.91,nan,1,Right_no_left,Left,479,1097,298,171137786,nan,nan,nan
9/30/2026 15:43:04,1.17.3,StopSig,57,3.91,nan,1,>Left_Stop_trial,Left,480,1097,298,171271162,nan,nan,nan
9/30/2026 15:43:04,1.17.3,StopSig,57,3.91,nan,1,Right_STOP_(incorrect),Left,480,1098,298,171272386,nan,nan,nan
9/30/2026 15:43:35,1.17.3,StopSig,57,3.91,nan,1,>Left_Regular_trial,Left,481,1098,298,171302697,nan,nan,nan
9/30/2026 15:43:39,1.17.3,StopSig,57,3.90,nan,1,NoPoke_Regular_(incorrect),Left,481,1098,298,171306823,nan,nan,nan
9/30/2026 15:46:07,1.17.3,StopSig,57,3.90,nan,1,Right_no_left,Left,481,1099,298,171306823,nan,nan,nan
9/30/2026 15:46:09,1.17.3,StopSig,57,3.91,nan,1,Right_no_left,Left,481,1100,298,171455003,nan,nan,nan
9/30/2026 15:46:10,1.17.3,StopSig,57,3.91,nan,1,Right_no_left,Left,481,1101,298,171456854,nan,nan,nan
9/30/2026 15:46:10,1.17.3,StopSig,57,3.91,nan,1,Right_no_left,Left,481,1102,298,171457708,nan,nan,nan
9/30/2026 15:47:11,1.17.3,StopSig,57,3.91,nan,1,>Left_Regular_trial,Left,482,1102,298,171518785,nan,nan,nan
9/30/2026 15:47:15,1.17.3,StopSig,57,3.91,nan,1,NoPoke_Regular_(incorrect),Left,482,1102,298,171522772,nan,nan,nan
9/30/2026 15:47:46,1.17.3,StopSig,57,3.91,nan,1,>Left_Regular_trial,Left,483,1102,298,171553936,nan,nan,nan
9/30/2026 15:47:48,1.17.3,StopSig,57,3.91,nan,1,Right_Regular_(correct),Left,483,1103,298,171555643,nan,nan,nan
9/30/2026 15:47:49,1.17.3,StopSig,57,3.91,1,1,Pellet,Left,483,1103,299,171555643,0.33,9359,nan
9/30/2026 15:48:05,1.17.3,StopSig,57,3.91,nan,1,>Left_Regular_trial,Left,484,1103,299,171573139,nan,nan,nan
9/30/2026 15:48:09,1.17.3,StopSig,57,3.92,nan,1,NoPoke_Regular_(incorrect),Left,484,1103,299,171576711,nan,nan,nan
9/30/2026 15:48:49,1.17.3,StopSig,57,3.91,nan,1,Right_no_left,Left,484,1104,299,171576711,nan,nan,nan
9/30/2026 15:48:50,1.17.3,StopSig,57,3.91,nan,1,Right_no_left,Left,484,1105,299,171617255,nan,nan,nan
9/30/2026 15:48:51,1.17.3,StopSig,57,3.91,nan,1,>Left_Regular_trial,Left,485,1105,299,171619104,nan,nan,nan
9/30/2026 15:48:52,1.17.3,StopSig,57,3.91,nan,1,Right_Regular_(correct),Left,485,1106,299,171620386,nan,nan,nan
9/30/2026 15:49:04,1.17.3,StopSig,57,3.91,1,1,Pellet,Left,485,1106,300,171620386,10.91,75,nan
9/30/2026 15:49:29,1.17.3,StopSig,57,3.91,nan,1,>Left_Regular_trial,Left,486,1106,300,171657331,nan,nan,nan
9/30/2026 15:49:33,1.17.3,StopSig,57,3.91,nan,1,NoPoke_Regular_(incorrect),Left,486,1106,300,171660744,nan,nan,nan
9/30/2026 15:50:20,1.17.3,StopSig,57,3.91,nan,1,>Left_Regular_trial,Left,487,1106,300,171707692,nan,nan,nan
9/30/2026 15:50:24,1.17.3,StopSig,57,3.91,nan,1,NoPoke_Regular_(incorrect),Left,487,1106,300,171711821,nan,nan,nan
9/30/2026 15:51:10,1.17.3,StopSig,57,3.91,nan,1,Right_no_left,Left,487,1107,300,171711821,nan,nan,nan
9/30/2026 15:51:12,1.17.3,StopSig,57,3.91,nan,1,>Left_Regular_trial,Left,488,1107,300,171759601,nan,nan,nan
9/30/2026 15:51:16,1.17.3,StopSig,57,3.91,nan,1,NoPoke_Regular_(incorrect),Left,488,1107,300,171763721,nan,nan,nan
9/30/2026 15:55:18,1.17.3,StopSig,57,3.91,nan,1,>Left_Regular_trial,Left,489,1107,300,172005603,nan,nan,nan
9/30/2026 15:55:19,1.17.3,StopSig,57,3.91,nan,1,Right_Regular_(correct),Left,489,1108,300,172006902,nan,nan,nan
9/30/2026 15:55:20,1.17.3,StopSig,57,3.91,2,1,Pellet,Left,489,1108,301,172006902,0.22,376,nan
9/30/2026 15:55:34,1.17.3,StopSig,57,3.91,nan,1,>Left_Regular_trial,Left,490,1108,301,172021450,nan,nan,nan
9/30/2026 15:55:36,1.17.3,StopSig,57,3.91,nan,1,Right_Regular_(correct),Left,490,1109,301,172023583,nan,nan,nan
9/30/2026 15:55:37,1.17.3,StopSig,57,3.91,1,1,Pellet,Left,490,1109,302,172023583,0.27,16,nan
9/30/2026 15:55:50,1.17.3,StopSig,57,3.91,nan,1,Right_no_left,Left,490,1110,302,172023583,nan,nan,nan
9/30/2026 15:55:53,1.17.3,StopSig,57,3.90,nan,1,>Left_Regular_trial,Left,491,1110,302,172040617,nan,nan,nan
9/30/2026 15:55:57,1.17.3,StopSig,57,3.91,nan,1,NoPoke_Regular_(incorrect),Left,491,1110,302,172044733,nan,nan,nan
9/30/2026 15:59:50,1.17.3,StopSig,57,3.91,nan,1,>Left_Regular_trial,Left,492,1110,302,172278325,nan,nan,nan
9/30/2026 15:59:54,1.17.3,StopSig,57,3.91,nan,1,NoPoke_Regular_(incorrect),Left,492,1110,302,172281735,nan,nan,nan
9/30/2026 16:01:31,1.17.3,StopSig,57,3.91,nan,1,>Left_Regular_trial,Left,493,1110,302,172378766,nan,nan,nan
9/30/2026 16:01:33,1.17.3,StopSig,57,3.91,nan,1,Right_Regular_(correct),Left,493,1111,302,172381181,nan,nan,nan
9/30/2026 16:01:34,1.17.3,StopSig,57,3.91,1,1,Pellet,Left,493,1111,303,172381181,0.22,358,nan
9/30/2026 16:01:52,1.17.3,StopSig,57,3.91,nan,1,>Left_Regular_trial,Left,494,1111,303,172399567,nan,nan,nan
9/30/2026 16:01:53,1.17.3,StopSig,57,3.91,nan,1,Right_Regular_(correct),Left,494,1112,303,172400709,nan,nan,nan
9/30/2026 16:01:54,1.17.3,StopSig,57,3.91,1,1,Pellet,Left,494,1112,304,172400709,0.22,20,nan
9/30/2026 16:02:07,1.17.3,StopSig,57,3.91,nan,1,>Left_Regular_trial,Left,495,1112,304,172414873,nan,nan,nan
9/30/2026 16:02:08,1.17.3,StopSig,57,3.91,nan,1,Right_Regular_(correct),Left,495,1113,304,172415869,nan,nan,nan
9/30/2026 16:02:09,1.17.3,StopSig,57,3.91,1,1,Pellet,Left,495,1113,305,172415869,0.22,15,nan
9/30/2026 16:09:12,1.17.3,StopSig,57,3.91,nan,1,Right_no_left,Left,495,1114,305,172415869,nan,nan,nan
9/30/2026 16:09:14,1.17.3,StopSig,57,3.91,nan,1,>Left_Regular_trial,Left,496,1114,305,172841954,nan,nan,nan
9/30/2026 16:09:18,1.17.3,StopSig,57,3.91,nan,1,NoPoke_Regular_(incorrect),Left,496,1114,305,172845801,nan,nan,nan
9/30/2026 16:15:21,1.17.3,StopSig,57,3.91,nan,1,Right_no_left,Left,496,1115,305,172845801,nan,nan,nan
9/30/2026 16:16:09,1.17.3,StopSig,57,3.91,nan,1,>Left_Regular_trial,Left,497,1115,305,173256549,nan,nan,nan
9/30/2026 16:16:09,1.17.3,StopSig,57,3.89,nan,1,Right_Regular_(correct),Left,497,1116,305,173257550,nan,nan,nan
9/30/2026 16:16:10,1.17.3,StopSig,57,3.89,1,1,Pellet,Left,497,1116,306,173257550,0.27,841,nan
9/30/2026 16:16:29,1.17.3,StopSig,57,3.89,nan,1,Right_no_left,Left,497,1117,306,173257550,nan,nan,nan
9/30/2026 16:18:57,1.17.3,StopSig,57,3.89,nan,1,Right_no_left,Left,497,1118,306,173277455,nan,nan,nan
9/30/2026 16:24:48,1.17.3,StopSig,57,3.89,nan,1,Right_no_left,Left,497,1119,306,173425332,nan,nan,nan
9/30/2026 16:25:42,1.17.3,StopSig,57,3.91,nan,1,Right_no_left,Left,497,1120,306,173776410,nan,nan,nan
9/30/2026 16:25:44,1.17.3,StopSig,57,3.91,nan,1,>Left_Regular_trial,Left,498,1120,306,173832063,nan,nan,nan
9/30/2026 16:25:45,1.17.3,StopSig,57,3.91,nan,1,Right_Regular_(correct),Left,498,1121,306,173833203,nan,nan,nan
9/30/2026 16:25:46,1.17.3,StopSig,57,3.91,1,1,Pellet,Left,498,1121,307,173833203,0.39,576,nan
9/30/2026 16:26:03,1.17.3,StopSig,57,3.91,nan,1,>Left_Regular_trial,Left,499,1121,307,173851076,nan,nan,nan
9/30/2026 16:26:04,1.17.3,StopSig,57,3.91,nan,1,Right_Regular_(correct),Left,499,1122,307,173851794,nan,nan,nan
9/30/2026 16:26:05,1.17.3,StopSig,57,3.91,1,1,Pellet,Left,499,1122,308,173851794,0.22,19,nan
9/30/2026 16:26:16,1.17.3,StopSig,57,3.91,nan,1,Right_no_left,Left,499,1123,308,173851794,nan,nan,nan
9/30/2026 16:26:18,1.17.3,StopSig,57,3.91,nan,1,>Left_Regular_trial,Left,500,1123,308,173865853,nan,nan,nan
9/30/2026 16:26:19,1.17.3,StopSig,57,3.91,nan,1,Right_Regular_(correct),Left,500,1124,308,173866993,nan,nan,nan
9/30/2026 16:26:20,1.17.3,StopSig,57,3.91,1,1,Pellet,Left,500,1124,309,173866993,0.22,15,nan
9/30/2026 16:30:15,1.17.3,StopSig,57,3.91,nan,1,Right_no_left,Left,500,1125,309,173866993,nan,nan,nan
9/30/2026 16:37:56,1.17.3,StopSig,57,3.91,nan,1,Right_no_left,Left,500,1126,309,174103769,nan,nan,nan
9/30/2026 16:44:36,1.17.3,StopSig,57,3.91,nan,1,Right_no_left,Left,500,1127,309,174564021,nan,nan,nan
9/30/2026 16:44:38,1.17.3,StopSig,57,3.91,nan,1,>Left_Regular_trial,Left,501,1127,309,174966299,nan,nan,nan
9/30/2026 16:44:39,1.17.3,StopSig,57,3.91,nan,1,Right_Regular_(correct),Left,501,1128,309,174967159,nan,nan,nan
9/30/2026 16:44:40,1.17.3,StopSig,57,3.91,1,1,Pellet,Left,501,1128,310,174967159,0.78,1100,nan
9/30/2026 16:46:15,1.17.3,StopSig,57,3.91,nan,1,Right_no_left,Left,501,1129,310,174967159,nan,nan,nan
9/30/2026 16:46:16,1.17.3,StopSig,57,3.91,nan,1,Right_no_left,Left,501,1130,310,175063403,nan,nan,nan
9/30/2026 16:46:19,1.17.3,StopSig,57,3.91,nan,1,Right_no_left,Left,501,1131,310,175063831,nan,nan,nan
9/30/2026 16:46:19,1.17.3,StopSig,57,3.91,nan,1,Right_no_left,Left,501,1132,310,175067104,nan,nan,nan
9/30/2026 17:00:51,1.17.3,StopSig,57,3.91,nan,1,>Left_Regular_trial,Left,502,1132,310,175938757,nan,nan,nan
9/30/2026 17:00:52,1.17.3,StopSig,57,3.91,nan,1,Right_Regular_(correct),Left,502,1133,310,175940179,nan,nan,nan
9/30/2026 17:00:55,1.17.3,StopSig,57,3.90,nan,1,RightDuringDispense,Left,502,1134,310,175940179,nan,nan,0.27
9/30/2026 17:00:57,1.17.3,StopSig,57,3.91,2,1,Pellet,Left,502,1134,311,175940179,2.00,977,nan
9/30/2026 17:01:19,1.17.3,StopSig,57,3.91,nan,1,>Left_Regular_trial,Left,503,1134,311,175966811,nan,nan,nan
9/30/2026 17:01:19,1.17.3,StopSig,57,3.91,nan,1,Right_Regular_(correct),Left,503,1135,311,175967663,nan,nan,nan
9/30/2026 17:01:20,1.17.3,StopSig,57,3.90,nan,1,RightDuringDispense,Left,503,1136,311,175967663,nan,nan,0.00
9/30/2026 17:01:21,1.17.3,StopSig,57,3.91,2,1,Pellet,Left,503,1136,312,175967663,0.27,24,nan
9/30/2026 17:01:35,1.17.3,StopSig,57,3.91,nan,1,>Left_Stop_trial,Left,504,1136,312,175982987,nan,nan,nan
9/30/2026 17:01:36,1.17.3,StopSig,57,3.90,nan,1,Right_STOP_(incorrect),Left,504,1137,312,175984004,nan,nan,nan
9/30/2026 17:02:07,1.17.3,StopSig,57,3.91,nan,1,>Left_Stop_trial,Left,505,1137,312,176014315,nan,nan,nan
9/30/2026 17:02:10,1.17.3,StopSig,57,3.91,nan,1,NoPoke_STOP_(correct),Left,505,1137,312,176017921,nan,nan,nan
9/30/2026 17:02:12,1.17.3,StopSig,57,3.91,1,1,Pellet,Left,505,1137,313,176017921,1.56,51,nan
9/30/2026 17:05:12,1.17.3,StopSig,57,3.91,nan,1,Right_no_left,Left,505,1138,313,176017921,nan,nan,nan
9/30/2026 17:05:51,1.17.3,StopSig,57,3.91,nan,1,Right_no_left,Left,505,1139,313,176200192,nan,nan,nan
9/30/2026 17:07:18,1.17.3,StopSig,57,3.91,nan,1,Right_no_left,Left,505,1140,313,176239241,nan,nan,nan
9/30/2026 17:07:58,1.17.3,StopSig,57,3.90,nan,1,Right_no_left,Left,505,1141,313,176326118,nan,nan,nan
9/30/2026 17:08:02,1.17.3,StopSig,57,3.90,nan,1,>Left_Regular_trial,Left,506,1141,313,176370229,nan,nan,nan
9/30/2026 17:08:03,1.17.3,StopSig,57,3.91,nan,1,Right_Regular_(correct),Left,506,1142,313,176371089,nan,nan,nan
9/30/2026 17:08:03,1.17.3,StopSig,57,3.90,nan,1,RightDuringDispense,Left,506,1143,313,176371089,nan,nan,0.09
9/30/2026 17:08:04,1.17.3,StopSig,57,3.90,1,1,Pellet,Left,506,1143,314,176371089,0.33,352,nan
9/30/2026 17:09:19,1.17.3,StopSig,57,3.91,nan,1,Right_no_left,Left,506,1144,314,176371089,nan,nan,nan
9/30/2026 17:14:54,1.17.3,StopSig,57,3.91,nan,1,Right_no_left,Left,506,1145,314,176447489,nan,nan,nan
9/30/2026 17:14:57,1.17.3,StopSig,57,3.91,nan,1,Right_no_left,Left,506,1146,314,176782057,nan,nan,nan
9/30/2026 17:15:01,1.17.3,StopSig,57,3.91,nan,1,Right_no_left,Left,506,1147,314,176785036,nan,nan,nan
9/30/2026 17:38:16,1.17.3,StopSig,57,3.90,nan,1,Right_no_left,Left,506,1148,314,176789717,nan,nan,nan
9/30/2026 17:38:18,1.17.3,StopSig,57,3.90,nan,1,>Left_Stop_trial,Left,507,1148,314,178186109,nan,nan,nan
9/30/2026 17:38:19,1.17.3,StopSig,57,3.90,nan,1,Right_STOP_(incorrect),Left,507,1149,314,178187234,nan,nan,nan
9/30/2026 17:38:49,1.17.3,StopSig,57,3.91,nan,1,>Left_Regular_trial,Left,508,1149,314,178217551,nan,nan,nan
9/30/2026 17:38:51,1.17.3,StopSig,57,3.90,nan,1,Right_Regular_(correct),Left,508,1150,314,178218973,nan,nan,nan
9/30/2026 17:38:51,1.17.3,StopSig,57,3.82,nan,1,RightDuringDispense,Left,508,1151,314,178218973,nan,nan,0.01
9/30/2026 17:38:52,1.17.3,StopSig,57,3.91,1,1,Pellet,Left,508,1151,315,178218973,0.27,1848,nan
9/30/2026 17:39:36,1.17.3,StopSig,57,3.90,nan,1,>Left_Regular_trial,Left,509,1151,315,178264411,nan,nan,nan
9/30/2026 17:39:37,1.17.3,StopSig,57,3.91,nan,1,Right_Regular_(correct),Left,509,1152,315,178265565,nan,nan,nan
9/30/2026 17:39:38,1.17.3,StopSig,57,3.91,nan,1,RightDuringDispense,Left,509,1153,315,178265565,nan,nan,0.50
9/30/2026 17:39:39,1.17.3,StopSig,57,3.91,1,1,Pellet,Left,509,1153,316,178265565,0.27,47,nan
9/30/2026 17:47:30,1.17.3,StopSig,57,3.90,nan,1,Right_no_left,Left,509,1154,316,178265565,nan,nan,nan
9/30/2026 17:47:35,1.17.3,StopSig,57,3.90,nan,1,Right_no_left,Left,509,1155,316,178738937,nan,nan,nan
9/30/2026 17:47:44,1.17.3,StopSig,57,3.90,nan,1,>Left_Regular_trial,Left,510,1155,316,178752274,nan,nan,nan
9/30/2026 17:47:45,1.17.3,StopSig,57,3.90,nan,1,Right_Regular_(correct),Left,510,1156,316,178753411,nan,nan,nan
9/30/2026 17:47:46,1.17.3,StopSig,57,3.91,nan,1,RightDuringDispense,Left,510,1157,316,178753411,nan,nan,0.28
9/30/2026 17:47:47,1.17.3,StopSig,57,3.90,1,1,Pellet,Left,510,1157,317,178753411,0.22,488,nan
9/30/2026 17:48:02,1.17.3,StopSig,57,3.91,nan,1,>Left_Regular_trial,Left,511,1157,317,178770067,nan,nan,nan
9/30/2026 17:48:03,1.17.3,StopSig,57,3.90,nan,1,Right_Regular_(correct),Left,511,1158,317,178771497,nan,nan,nan
9/30/2026 17:48:04,1.17.3,StopSig,57,3.90,1,1,Pellet,Left,511,1158,318,178771497,0.22,17,nan
9/30/2026 17:48:18,1.17.3,StopSig,57,3.90,nan,1,>Left_Regular_trial,Left,512,1158,318,178786646,nan,nan,nan
9/30/2026 17:48:20,1.17.3,StopSig,57,3.90,nan,1,Right_Regular_(correct),Left,512,1159,318,178788210,nan,nan,nan
9/30/2026 17:48:21,1.17.3,StopSig,57,3.90,1,1,Pellet,Left,512,1159,319,178788210,0.16,17,nan
9/30/2026 17:48:37,1.17.3,StopSig,57,3.90,nan,1,>Left_Regular_trial,Left,513,1159,319,178805455,nan,nan,nan
9/30/2026 17:48:38,1.17.3,StopSig,57,3.90,nan,1,Right_Regular_(correct),Left,513,1160,319,178806734,nan,nan,nan
9/30/2026 17:48:39,1.17.3,StopSig,57,3.90,1,1,Pellet,Left,513,1160,320,178806734,0.27,18,nan
9/30/2026 17:48:52,1.17.3,StopSig,57,3.90,nan,1,Right_no_left,Left,513,1161,320,178806734,nan,nan,nan
9/30/2026 17:48:53,1.17.3,StopSig,57,3.89,nan,1,Right_no_left,Left,513,1162,320,178820949,nan,nan,nan
9/30/2026 17:48:55,1.17.3,StopSig,57,3.90,nan,1,>Left_Regular_trial,Left,514,1162,320,178823507,nan,nan,nan
9/30/2026 17:48:56,1.17.3,StopSig,57,3.90,nan,1,Right_Regular_(correct),Left,514,1163,320,178824786,nan,nan,nan
9/30/2026 17:49:06,1.17.3,StopSig,57,3.90,2,1,Pellet,Left,514,1163,321,178824786,6.60,27,nan
9/30/2026 17:49:23,1.17.3,StopSig,57,3.90,nan,1,>Left_Regular_trial,Left,515,1163,321,178851145,nan,nan,nan
9/30/2026 17:49:24,1.17.3,StopSig,57,3.90,nan,1,Right_Regular_(correct),Left,515,1164,321,178852714,nan,nan,nan
9/30/2026 17:49:25,1.17.3,StopSig,57,3.90,1,1,Pellet,Left,515,1164,322,178852714,0.27,19,nan
9/30/2026 17:49:39,1.17.3,StopSig,57,3.90,nan,1,>Left_Regular_trial,Left,516,1164,322,178866955,nan,nan,nan
9/30/2026 17:49:40,1.17.3,StopSig,57,3.90,nan,1,Right_Regular_(correct),Left,516,1165,322,178868377,nan,nan,nan
9/30/2026 17:49:41,1.17.3,StopSig,57,3.90,1,1,Pellet,Left,516,1165,323,178868377,0.27,16,nan
9/30/2026 17:50:07,1.17.3,StopSig,57,3.90,nan,1,>Left_Regular_trial,Left,517,1165,323,178895119,nan,nan,nan
9/30/2026 17:50:08,1.17.3,StopSig,57,3.90,nan,1,Right_Regular_(correct),Left,517,1166,323,178896398,nan,nan,nan
9/30/2026 17:50:09,1.17.3,StopSig,57,3.90,1,1,Pellet,Left,517,1166,324,178896398,0.27,28,nan
9/30/2026 17:54:47,1.17.3,StopSig,57,3.90,nan,1,Right_no_left,Left,517,1167,324,178896398,nan,nan,nan
9/30/2026 17:56:23,1.17.3,StopSig,57,3.89,nan,1,Right_no_left,Left,517,1168,324,179175639,nan,nan,nan
9/30/2026 18:10:49,1.17.3,StopSig,57,3.90,nan,1,Right_no_left,Left,517,1169,324,179271087,nan,nan,nan
9/30/2026 18:10:56,1.17.3,StopSig,57,3.90,nan,1,Right_no_left,Left,517,1170,324,180138001,nan,nan,nan
9/30/2026 18:19:10,1.17.3,StopSig,57,3.90,nan,1,Right_no_left,Left,517,1171,324,180144529,nan,nan,nan
9/30/2026 18:19:12,1.17.3,StopSig,57,3.90,nan,1,>Left_Regular_trial,Left,518,1171,324,180640499,nan,nan,nan
9/30/2026 18:19:13,1.17.3,StopSig,57,3.90,nan,1,Right_Regular_(correct),Left,518,1172,324,180641784,nan,nan,nan
9/30/2026 18:19:15,1.17.3,StopSig,57,3.90,1,1,Pellet,Left,518,1172,325,180641784,0.39,1745,nan
9/30/2026 18:19:34,1.17.3,StopSig,57,3.90,nan,1,>Left_Regular_trial,Left,519,1172,325,180661965,nan,nan,nan
9/30/2026 18:19:34,1.17.3,StopSig,57,3.90,nan,1,Right_Regular_(correct),Left,519,1173,325,180662688,nan,nan,nan
9/30/2026 18:19:35,1.17.3,StopSig,57,3.90,1,1,Pellet,Left,519,1173,326,180662688,0.27,21,nan
9/30/2026 18:28:13,1.17.3,StopSig,57,3.90,nan,1,Right_no_left,Left,519,1174,326,180662688,nan,nan,nan
9/30/2026 18:28:35,1.17.3,StopSig,57,3.90,nan,1,>Left_Stop_trial,Left,520,1174,326,181203484,nan,nan,nan
9/30/2026 18:28:36,1.17.3,StopSig,57,3.90,nan,1,Right_STOP_(incorrect),Left,520,1175,326,181204531,nan,nan,nan
9/30/2026 18:38:19,1.17.3,StopSig,57,3.90,nan,1,>Left_Regular_trial,Left,521,1175,326,181787147,nan,nan,nan
9/30/2026 18:38:20,1.17.3,StopSig,57,3.90,nan,1,Right_Regular_(correct),Left,521,1176,326,181788144,nan,nan,nan
9/30/2026 18:38:21,1.17.3,StopSig,57,3.90,1,1,Pellet,Left,521,1176,327,181788144,0.44,1126,nan
9/30/2026 18:42:55,1.17.3,StopSig,57,3.90,nan,1,>Left_Regular_trial,Left,522,1176,327,182063560,nan,nan,nan
9/30/2026 18:42:59,1.17.3,StopSig,57,3.90,nan,1,NoPoke_Regular_(incorrect),Left,522,1176,327,182067256,nan,nan,nan
9/30/2026 18:49:52,1.17.3,StopSig,57,3.90,nan,1,>Left_Stop_trial,Left,523,1176,327,182479775,nan,nan,nan
9/30/2026 18:49:55,1.17.3,StopSig,57,3.90,nan,1,NoPoke_STOP_(correct),Left,523,1176,327,182483248,nan,nan,nan
9/30/2026 18:49:56,1.17.3,StopSig,57,3.89,1,1,Pellet,Left,523,1176,328,182483248,0.27,695,nan
9/30/2026 18:55:07,1.17.3,StopSig,57,3.89,nan,1,Right_no_left,Left,523,1177,328,182483248,nan,nan,nan
9/30/2026 19:09:18,1.17.3,StopSig,57,3.89,nan,1,Right_no_left,Left,523,1178,328,182795865,nan,nan,nan
9/30/2026 19:17:02,1.17.3,StopSig,57,3.90,nan,1,>Left_Stop_trial,Left,524,1178,328,184110246,nan,nan,nan
9/30/2026 19:17:04,1.17.3,StopSig,57,3.90,nan,1,Right_STOP_(incorrect),Left,524,1179,328,184112530,nan,nan,nan
9/30/2026 19:19:30,1.17.3,StopSig,57,3.90,nan,1,>Left_Stop_trial,Left,525,1179,328,184258129,nan,nan,nan
9/30/2026 19:19:30,1.17.3,StopSig,57,3.90,nan,1,Right_STOP_(incorrect),Left,525,1180,328,184258912,nan,nan,nan
9/30/2026 19:21:24,1.17.3,StopSig,57,3.90,nan,1,Right_no_left,Left,525,1181,328,184258912,nan,nan,nan
9/30/2026 19:21:25,1.17.3,StopSig,57,3.89,nan,1,>Left_Regular_trial,Left,526,1181,328,184373264,nan,nan,nan
9/30/2026 19:21:25,1.17.3,StopSig,57,3.89,nan,1,Right_Regular_(correct),Left,526,1182,328,184373834,nan,nan,nan
9/30/2026 19:21:26,1.17.3,StopSig,57,3.89,1,1,Pellet,Left,526,1182,329,184373834,0.27,1890,nan
9/30/2026 19:24:02,1.17.3,StopSig,57,3.89,nan,1,>Left_Regular_trial,Left,527,1182,329,184530020,nan,nan,nan
9/30/2026 19:24:03,1.17.3,StopSig,57,3.89,nan,1,Right_Regular_(correct),Left,527,1183,329,184531301,nan,nan,nan
9/30/2026 19:24:11,1.17.3,StopSig,57,3.90,3,1,Pellet,Left,527,1183,330,184531301,5.03,165,nan
9/30/2026 19:26:48,1.17.3,StopSig,57,3.89,nan,1,>Left_Regular_trial,Left,528,1183,330,184696374,nan,nan,nan
9/30/2026 19:26:48,1.17.3,StopSig,57,3.89,nan,1,Right_Regular_(correct),Left,528,1184,330,184696945,nan,nan,nan
9/30/2026 19:26:49,1.17.3,StopSig,57,3.89,1,1,Pellet,Left,528,1184,331,184696945,0.33,158,nan
9/30/2026 19:37:05,1.17.3,StopSig,57,3.89,nan,1,>Left_Regular_trial,Left,529,1184,331,185313941,nan,nan,nan
9/30/2026 19:37:06,1.17.3,StopSig,57,3.89,nan,1,Right_Regular_(correct),Left,529,1185,331,185314370,nan,nan,nan
9/30/2026 19:37:07,1.17.3,StopSig,57,3.89,1,1,Pellet,Left,529,1185,332,185314370,0.44,618,nan
9/30/2026 19:41:40,1.17.3,StopSig,57,3.89,nan,1,>Left_Regular_trial,Left,530,1185,332,185588412,nan,nan,nan
9/30/2026 19:41:40,1.17.3,StopSig,57,3.89,nan,1,Right_Regular_(correct),Left,530,1186,332,185588983,nan,nan,nan
9/30/2026 19:41:41,1.17.3,StopSig,57,3.89,1,1,Pellet,Left,530,1186,333,185588983,0.27,274,nan
9/30/2026 19:51:41,1.17.3,StopSig,57,3.89,nan,1,Right_no_left,Left,530,1187,333,185588983,nan,nan,nan
9/30/2026 19:51:43,1.17.3,StopSig,57,3.90,nan,1,Right_no_left,Left,530,1188,333,186189682,nan,nan,nan
9/30/2026 19:53:35,1.17.3,StopSig,57,3.89,nan,1,>Left_Regular_trial,Left,531,1188,333,186303436,nan,nan,nan
9/30/2026 19:53:36,1.17.3,StopSig,57,3.89,nan,1,Right_Regular_(correct),Left,531,1189,333,186304575,nan,nan,nan
9/30/2026 19:53:37,1.17.3,StopSig,57,3.89,1,1,Pellet,Left,531,1189,334,186304575,0.22,716,nan
9/30/2026 19:55:32,1.17.3,StopSig,57,3.89,nan,1,Right_no_left,Left,531,1190,334,186304575,nan,nan,nan
9/30/2026 19:55:34,1.17.3,StopSig,57,3.89,nan,1,Right_no_left,Left,531,1191,334,186420974,nan,nan,nan
9/30/2026 19:57:40,1.17.3,StopSig,57,3.89,nan,1,Right_no_left,Left,531,1192,334,186422548,nan,nan,nan
9/30/2026 19:57:41,1.17.3,StopSig,57,3.89,nan,1,Right_no_left,Left,531,1193,334,186549218,nan,nan,nan
9/30/2026 19:57:42,1.17.3,StopSig,57,3.89,nan,1,Right_no_left,Left,531,1194,334,186549787,nan,nan,nan
9/30/2026 19:57:44,1.17.3,StopSig,57,3.89,nan,1,Right_no_left,Left,531,1195,334,186550499,nan,nan,nan
9/30/2026 19:57:44,1.17.3,StopSig,57,3.89,nan,1,Right_no_left,Left,531,1196,334,186552778,nan,nan,nan
9/30/2026 19:57:44,1.17.3,StopSig,57,3.89,nan,1,Right_no_left,Left,531,1197,334,186553064,nan,nan,nan
9/30/2026 19:57:45,1.17.3,StopSig,57,3.89,nan,1,Right_no_left,Left,531,1198,334,186553350,nan,nan,nan
9/30/2026 19:57:47,1.17.3,StopSig,57,3.89,nan,1,Right_no_left,Left,531,1199,334,186554345,nan,nan,nan
9/30/2026 19:57:48,1.17.3,StopSig,57,3.89,nan,1,Right_no_left,Left,531,1200,334,186555909,nan,nan,nan
9/30/2026 19:57:51,1.17.3,StopSig,57,3.89,nan,1,Right_no_left,Left,531,1201,334,186556628,nan,nan,nan
9/30/2026 19:57:52,1.17.3,StopSig,57,3.89,nan,1,Right_no_left,Left,531,1202,334,186560322,nan,nan,nan
9/30/2026 20:01:20,1.17.3,StopSig,57,3.89,nan,1,>Left_Regular_trial,Left,532,1202,334,186768260,nan,nan,nan
9/30/2026 20:01:20,1.17.3,StopSig,57,3.89,nan,1,Right_Regular_(correct),Left,532,1203,334,186768973,nan,nan,nan
9/30/2026 20:01:21,1.17.3,StopSig,57,3.89,1,1,Pellet,Left,532,1203,335,186768973,0.50,464,nan
9/30/2026 20:01:50,1.17.3,StopSig,57,3.88,nan,1,Right_no_left,Left,532,1204,335,186768973,nan,nan,nan
9/30/2026 20:02:00,1.17.3,StopSig,57,3.89,nan,1,>Left_Regular_trial,Left,533,1204,335,186808167,nan,nan,nan
9/30/2026 20:02:01,1.17.3,StopSig,57,3.89,nan,1,Right_Regular_(correct),Left,533,1205,335,186809450,nan,nan,nan
9/30/2026 20:02:01,1.17.3,StopSig,57,3.89,nan,1,RightDuringDispense,Left,533,1206,335,186809450,nan,nan,0.12
9/30/2026 20:02:02,1.17.3,StopSig,57,3.89,2,1,Pellet,Left,533,1206,336,186809450,0.22,41,nan
9/30/2026 20:03:02,1.17.3,StopSig,57,3.89,nan,1,Right_no_left,Left,533,1207,336,186809450,nan,nan,nan
9/30/2026 20:03:09,1.17.3,StopSig,57,3.88,nan,1,Right_no_left,Left,533,1208,336,186870393,nan,nan,nan
9/30/2026 20:04:16,1.17.3,StopSig,57,3.89,nan,1,Right_no_left,Left,533,1209,336,186877510,nan,nan,nan
9/30/2026 20:16:35,1.17.3,StopSig,57,3.89,nan,1,>Left_Regular_trial,Left,534,1209,336,187683484,nan,nan,nan
9/30/2026 20:16:35,1.17.3,StopSig,57,3.89,nan,1,Right_Regular_(correct),Left,534,1210,336,187684198,nan,nan,nan
9/30/2026 20:16:38,1.17.3,StopSig,57,3.89,2,1,Pellet,Left,534,1210,337,187684198,0.16,876,nan
9/30/2026 20:21:35,1.17.3,StopSig,57,3.89,nan,1,>Left_Regular_trial,Left,535,1210,337,187983451,nan,nan,nan
9/30/2026 20:21:36,1.17.3,StopSig,57,3.89,nan,1,Right_Regular_(correct),Left,535,1211,337,187984306,nan,nan,nan
9/30/2026 20:21:36,1.17.3,StopSig,57,3.89,1,1,Pellet,Left,535,1211,338,187984306,0.27,298,nan
9/30/2026 20:22:03,1.17.3,StopSig,57,3.89,nan,1,>Left_Regular_trial,Left,536,1211,338,188011282,nan,nan,nan
9/30/2026 20:22:03,1.17.3,StopSig,57,3.89,nan,1,Right_Regular_(correct),Left,536,1212,338,188011996,nan,nan,nan
9/30/2026 20:22:04,1.17.3,StopSig,57,3.89,1,1,Pellet,Left,536,1212,339,188011996,0.27,28,nan
9/30/2026 20:23:14,1.17.3,StopSig,57,3.89,nan,1,>Left_Stop_trial,Left,537,1212,339,188081959,nan,nan,nan
9/30/2026 20:23:14,1.17.3,StopSig,57,3.89,nan,1,Right_STOP_(incorrect),Left,537,1213,339,188082676,nan,nan,nan
9/30/2026 20:26:13,1.17.3,StopSig,57,3.89,nan,1,Right_no_left,Left,537,1214,339,188082676,nan,nan,nan
9/30/2026 20:26:14,1.17.3,StopSig,57,3.89,nan,1,>Left_Regular_trial,Left,538,1214,339,188262982,nan,nan,nan
9/30/2026 20:26:15,1.17.3,StopSig,57,3.89,nan,1,Right_Regular_(correct),Left,538,1215,339,188263553,nan,nan,nan
9/30/2026 20:26:16,1.17.3,StopSig,57,3.89,1,1,Pellet,Left,538,1215,340,188263553,0.39,252,nan
9/30/2026 20:27:52,1.17.3,StopSig,57,3.89,nan,1,>Left_Regular_trial,Left,539,1215,340,188360403,nan,nan,nan
9/30/2026 20:27:52,1.17.3,StopSig,57,3.89,nan,1,Right_Regular_(correct),Left,539,1216,340,188361265,nan,nan,nan
9/30/2026 20:27:53,1.17.3,StopSig,57,3.89,2,1,Pellet,Left,539,1216,341,188361265,0.05,97,nan
9/30/2026 20:31:17,1.17.3,StopSig,57,3.89,nan,1,Right_no_left,Left,539,1217,341,188361265,nan,nan,nan
9/30/2026 20:37:10,1.17.3,StopSig,57,3.89,nan,1,>Left_Regular_trial,Left,540,1217,341,188919008,nan,nan,nan
9/30/2026 20:37:12,1.17.3,StopSig,57,3.89,nan,1,Right_Regular_(correct),Left,540,1218,341,188920571,nan,nan,nan
9/30/2026 20:37:13,1.17.3,StopSig,57,3.89,1,1,Pellet,Left,540,1218,342,188920571,0.27,560,nan
9/30/2026 20:40:51,1.17.3,StopSig,57,3.89,nan,1,>Left_Regular_trial,Left,541,1218,342,189139906,nan,nan,nan
9/30/2026 20:40:55,1.17.3,StopSig,57,3.88,nan,1,NoPoke_Regular_(incorrect),Left,541,1218,342,189143601,nan,nan,nan
9/30/2026 20:41:28,1.17.3,StopSig,57,3.89,nan,1,Right_no_left,Left,541,1219,342,189143601,nan,nan,nan
9/30/2026 20:41:28,1.17.3,StopSig,57,3.89,nan,1,Right_no_left,Left,541,1220,342,189176895,nan,nan,nan
9/30/2026 20:41:30,1.17.3,StopSig,57,3.89,nan,1,Right_no_left,Left,541,1221,342,189177330,nan,nan,nan
9/30/2026 20:41:33,1.17.3,StopSig,57,3.89,nan,1,Right_no_left,Left,541,1222,342,189178894,nan,nan,nan
9/30/2026 20:41:34,1.17.3,StopSig,57,3.89,nan,1,>Left_Regular_trial,Left,542,1222,342,189183154,nan,nan,nan
9/30/2026 20:41:35,1.17.3,StopSig,57,3.89,nan,1,Right_Regular_(correct),Left,542,1223,342,189184009,nan,nan,nan
9/30/2026 20:41:36,1.17.3,StopSig,57,3.89,1,1,Pellet,Left,542,1223,343,189184009,0.27,263,nan
9/30/2026 20:49:24,1.17.3,StopSig,57,3.89,nan,1,Right_no_left,Left,542,1224,343,189184009,nan,nan,nan
9/30/2026 20:49:26,1.17.3,StopSig,57,3.89,nan,1,Right_no_left,Left,542,1225,343,189652950,nan,nan,nan
9/30/2026 20:52:34,1.17.3,StopSig,57,3.89,nan,1,>Left_Stop_trial,Left,543,1225,343,189842698,nan,nan,nan
9/30/2026 20:52:35,1.17.3,StopSig,57,3.89,nan,1,Right_STOP_(incorrect),Left,543,1226,343,189843420,nan,nan,nan
9/30/2026 20:53:37,1.17.3,StopSig,57,3.89,nan,1,>Left_Regular_trial,Left,544,1226,343,189906182,nan,nan,nan
9/30/2026 20:53:38,1.17.3,StopSig,57,3.89,nan,1,Right_Regular_(correct),Left,544,1227,343,189907322,nan,nan,nan
9/30/2026 20:53:40,1.17.3,StopSig,57,3.89,1,1,Pellet,Left,544,1227,344,189907322,0.61,724,nan
9/30/2026 20:54:42,1.17.3,StopSig,57,3.89,nan,1,>Left_Regular_trial,Left,545,1227,344,189970599,nan,nan,nan
9/30/2026 20:54:43,1.17.3,StopSig,57,3.89,nan,1,Right_Regular_(correct),Left,545,1228,344,189971596,nan,nan,nan
9/30/2026 20:54:44,1.17.3,StopSig,57,3.89,1,1,Pellet,Left,545,1228,345,189971596,0.22,64,nan
9/30/2026 20:55:52,1.17.3,StopSig,57,3.89,nan,1,Right_no_left,Left,545,1229,345,189971596,nan,nan,nan
9/30/2026 20:55:52,1.17.3,StopSig,57,3.89,nan,1,Right_no_left,Left,545,1230,345,190041042,nan,nan,nan
9/30/2026 20:55:54,1.17.3,StopSig,57,3.89,nan,1,>Left_Regular_trial,Left,546,1230,345,190042609,nan,nan,nan
9/30/2026 20:55:54,1.17.3,StopSig,57,3.89,nan,1,Right_Regular_(correct),Left,546,1231,345,190043323,nan,nan,nan
9/30/2026 20:55:56,1.17.3,StopSig,57,3.89,1,1,Pellet,Left,546,1231,346,190043323,0.27,71,nan
9/30/2026 21:03:17,1.17.3,StopSig,57,3.88,nan,1,Right_no_left,Left,546,1232,346,190043323,nan,nan,nan
9/30/2026 21:04:37,1.17.3,StopSig,57,3.89,nan,1,>Left_Regular_trial,Left,547,1232,346,190565953,nan,nan,nan
9/30/2026 21:04:38,1.17.3,StopSig,57,3.89,nan,1,Right_Regular_(correct),Left,547,1233,346,190566666,nan,nan,nan
9/30/2026 21:04:39,1.17.3,StopSig,57,3.88,1,1,Pellet,Left,547,1233,347,190566666,0.39,524,nan
9/30/2026 21:06:09,1.17.3,StopSig,57,3.88,nan,1,>Left_Stop_trial,Left,548,1233,347,190656700,nan,nan,nan
9/30/2026 21:06:09,1.17.3,StopSig,57,3.88,nan,1,Right_STOP_(incorrect),Left,548,1234,347,190657574,nan,nan,nan
9/30/2026 21:09:42,1.17.3,StopSig,57,3.89,nan,1,>Left_Regular_trial,Left,549,1234,347,190871175,nan,nan,nan
9/30/2026 21:09:43,1.17.3,StopSig,57,3.89,nan,1,Right_Regular_(correct),Left,549,1235,347,190872030,nan,nan,nan
9/30/2026 21:09:44,1.17.3,StopSig,57,3.89,1,1,Pellet,Left,549,1235,348,190872030,0.27,305,nan
9/30/2026 21:13:31,1.17.3,StopSig,57,3.89,nan,1,Right_no_left,Left,549,1236,348,190872030,nan,nan,nan
9/30/2026 21:13:32,1.17.3,StopSig,57,3.88,nan,1,Right_no_left,Left,549,1237,348,191100189,nan,nan,nan
9/30/2026 21:15:02,1.17.3,StopSig,57,3.89,nan,1,>Left_Regular_trial,Left,550,1237,348,191190782,nan,nan,nan
9/30/2026 21:15:03,1.17.3,StopSig,57,3.88,nan,1,Right_Regular_(correct),Left,550,1238,348,191192205,nan,nan,nan
9/30/2026 21:15:04,1.17.3,StopSig,57,3.89,1,1,Pellet,Left,550,1238,349,191192205,0.22,320,nan
9/30/2026 21:16:35,1.17.3,StopSig,57,3.89,nan,1,Right_no_left,Left,550,1239,349,191192205,nan,nan,nan
9/30/2026 21:16:36,1.17.3,StopSig,57,3.89,nan,1,Right_no_left,Left,550,1240,349,191284283,nan,nan,nan
9/30/2026 21:22:51,1.17.3,StopSig,57,3.88,nan,1,Right_no_left,Left,550,1241,349,191285138,nan,nan,nan
9/30/2026 21:29:56,1.17.3,StopSig,57,3.89,nan,1,>Left_Regular_trial,Left,551,1241,349,192085256,nan,nan,nan
9/30/2026 21:29:57,1.17.3,StopSig,57,3.89,nan,1,Right_Regular_(correct),Left,551,1242,349,192085969,nan,nan,nan
9/30/2026 21:29:58,1.17.3,StopSig,57,3.89,1,1,Pellet,Left,551,1242,350,192085969,0.22,894,nan
9/30/2026 21:31:00,1.17.3,StopSig,57,3.88,nan,1,>Left_Regular_trial,Left,552,1242,350,192149069,nan,nan,nan
9/30/2026 21:31:04,1.17.3,StopSig,57,3.89,nan,1,NoPoke_Regular_(incorrect),Left,552,1242,350,192152766,nan,nan,nan
9/30/2026 21:31:54,1.17.3,StopSig,57,3.89,nan,1,>Left_Regular_trial,Left,553,1242,350,192203255,nan,nan,nan
9/30/2026 21:31:55,1.17.3,StopSig,57,3.88,nan,1,Right_Regular_(correct),Left,553,1243,350,192203832,nan,nan,nan
9/30/2026 21:31:56,1.17.3,StopSig,57,3.88,1,1,Pellet,Left,553,1243,351,192203832,0.27,118,nan
9/30/2026 21:35:19,1.17.3,StopSig,57,3.89,nan,1,Right_no_left,Left,553,1244,351,192203832,nan,nan,nan
9/30/2026 21:35:20,1.17.3,StopSig,57,3.89,nan,1,Right_no_left,Left,553,1245,351,192408081,nan,nan,nan
9/30/2026 21:40:43,1.17.3,StopSig,57,3.88,nan,1,>Left_Regular_trial,Left,554,1245,351,192731894,nan,nan,nan
9/30/2026 21:40:44,1.17.3,StopSig,57,3.88,nan,1,Right_Regular_(correct),Left,554,1246,351,192733465,nan,nan,nan
9/30/2026 21:40:45,1.17.3,StopSig,57,3.88,nan,1,RightDuringDispense,Left,554,1247,351,192733465,nan,nan,0.04
9/30/2026 21:40:52,1.17.3,StopSig,57,3.88,2,1,Pellet,Left,554,1247,352,192733465,4.08,536,nan
9/30/2026 21:48:13,1.17.3,StopSig,57,3.89,nan,1,>Left_Regular_trial,Left,555,1247,352,193181846,nan,nan,nan
9/30/2026 21:48:13,1.17.3,StopSig,57,3.89,nan,1,Right_Regular_(correct),Left,555,1248,352,193182417,nan,nan,nan
9/30/2026 21:48:15,1.17.3,StopSig,57,3.88,1,1,Pellet,Left,555,1248,353,193182417,0.33,442,nan
9/30/2026 21:51:35,1.17.3,StopSig,57,3.89,nan,1,Right_no_left,Left,555,1249,353,193182417,nan,nan,nan
9/30/2026 21:51:58,1.17.3,StopSig,57,3.88,nan,1,Right_no_left,Left,555,1250,353,193384075,nan,nan,nan
9/30/2026 21:52:36,1.17.3,StopSig,57,3.89,nan,1,Right_no_left,Left,555,1251,353,193407524,nan,nan,nan
9/30/2026 21:52:37,1.17.3,StopSig,57,3.89,nan,1,>Left_Regular_trial,Left,556,1251,353,193446078,nan,nan,nan
9/30/2026 21:52:38,1.17.3,StopSig,57,3.88,nan,1,Right_Regular_(correct),Left,556,1252,353,193446798,nan,nan,nan
9/30/2026 21:52:39,1.17.3,StopSig,57,3.89,1,1,Pellet,Left,556,1252,354,193446798,0.39,265,nan
9/30/2026 21:53:47,1.17.3,StopSig,57,3.89,nan,1,>Left_Regular_trial,Left,557,1252,354,193516035,nan,nan,nan
9/30/2026 21:53:51,1.17.3,StopSig,57,3.88,nan,1,NoPoke_Regular_(incorrect),Left,557,1252,354,193519733,nan,nan,nan
9/30/2026 21:57:35,1.17.3,StopSig,57,3.88,nan,1,>Left_Regular_trial,Left,558,1252,354,193744075,nan,nan,nan
9/30/2026 21:57:39,1.17.3,StopSig,57,3.89,nan,1,NoPoke_Regular_(incorrect),Left,558,1252,354,193747781,nan,nan,nan
9/30/2026 22:04:17,1.17.3,StopSig,57,3.88,nan,1,Right_no_left,Left,558,1253,354,193747781,nan,nan,nan
9/30/2026 22:04:19,1.17.3,StopSig,57,3.89,nan,1,>Left_Regular_trial,Left,559,1253,354,194147589,nan,nan,nan
9/30/2026 22:04:20,1.17.3,StopSig,57,3.88,nan,1,Right_Regular_(correct),Left,559,1254,354,194148730,nan,nan,nan
9/30/2026 22:04:21,1.17.3,StopSig,57,3.88,1,1,Pellet,Left,559,1254,355,194148730,0.27,702,nan
9/30/2026 22:06:03,1.17.3,StopSig,57,3.89,nan,1,>Left_Regular_trial,Left,560,1254,355,194252253,nan,nan,nan
9/30/2026 22:06:04,1.17.3,StopSig,57,3.88,nan,1,Right_Regular_(correct),Left,560,1255,355,194252966,nan,nan,nan
9/30/2026 22:06:05,1.17.3,StopSig,57,3.88,1,1,Pellet,Left,560,1255,356,194252966,0.22,104,nan
9/30/2026 22:06:35,1.17.3,StopSig,57,3.89,nan,1,>Left_Regular_trial,Left,561,1255,356,194283902,nan,nan,nan
9/30/2026 22:06:36,1.17.3,StopSig,57,3.89,nan,1,Right_Regular_(correct),Left,561,1256,356,194284764,nan,nan,nan
9/30/2026 22:06:37,1.17.3,StopSig,57,3.88,1,1,Pellet,Left,561,1256,357,194284764,0.27,32,nan
9/30/2026 22:10:42,1.17.3,StopSig,57,3.88,nan,1,>Left_Regular_trial,Left,562,1256,357,194531288,nan,nan,nan
9/30/2026 22:10:43,1.17.3,StopSig,57,3.88,nan,1,Right_Regular_(correct),Left,562,1257,357,194532428,nan,nan,nan
9/30/2026 22:10:45,1.17.3,StopSig,57,3.88,1,1,Pellet,Left,562,1257,358,194532428,0.39,247,nan
9/30/2026 22:14:57,1.17.3,StopSig,57,3.88,nan,1,>Left_Regular_trial,Left,563,1257,358,194786228,nan,nan,nan
9/30/2026 22:15:01,1.17.3,StopSig,57,3.88,nan,1,NoPoke_Regular_(incorrect),Left,563,1257,358,194789786,nan,nan,nan
9/30/2026 22:17:20,1.17.3,StopSig,57,3.88,nan,1,>Left_Regular_trial,Left,564,1257,358,194928793,nan,nan,nan
9/30/2026 22:17:21,1.17.3,StopSig,57,3.87,nan,1,Right_Regular_(correct),Left,564,1258,358,194930359,nan,nan,nan
9/30/2026 22:17:22,1.17.3,StopSig,57,3.88,1,1,Pellet,Left,564,1258,359,194930359,0.39,398,nan
9/30/2026 22:21:22,1.17.3,StopSig,57,3.87,nan,1,Right_no_left,Left,564,1259,359,194930359,nan,nan,nan
9/30/2026 22:22:52,1.17.3,StopSig,57,3.87,nan,1,>Left_Regular_trial,Left,565,1259,359,195261399,nan,nan,nan
9/30/2026 22:22:54,1.17.3,StopSig,57,3.88,nan,1,Right_Regular_(correct),Left,565,1260,359,195263395,nan,nan,nan
9/30/2026 22:22:55,1.17.3,StopSig,57,3.88,1,1,Pellet,Left,565,1260,360,195263395,0.33,333,nan
9/30/2026 22:27:27,1.17.3,StopSig,57,3.88,nan,1,>Left_Stop_trial,Left,566,1260,360,195535880,nan,nan,nan
9/30/2026 22:27:28,1.17.3,StopSig,57,3.88,nan,1,Right_STOP_(incorrect),Left,566,1261,360,195536672,nan,nan,nan
9/30/2026 22:35:46,1.17.3,StopSig,57,3.88,nan,1,>Left_Stop_trial,Left,567,1261,360,196034337,nan,nan,nan
9/30/2026 22:35:49,1.17.3,StopSig,57,3.87,nan,1,NoPoke_STOP_(correct),Left,567,1261,360,196037863,nan,nan,nan
9/30/2026 22:35:50,1.17.3,StopSig,57,3.88,1,1,Pellet,Left,567,1261,361,196037863,0.83,775,nan
9/30/2026 22:39:47,1.17.3,StopSig,57,3.87,nan,1,Right_no_left,Left,567,1262,361,196037863,nan,nan,nan
9/30/2026 22:40:05,1.17.3,StopSig,57,3.88,nan,1,Right_no_left,Left,567,1263,361,196276558,nan,nan,nan
9/30/2026 22:42:56,1.17.3,StopSig,57,3.88,nan,1,Right_no_left,Left,567,1264,361,196294343,nan,nan,nan
9/30/2026 22:42:57,1.17.3,StopSig,57,3.88,nan,1,>Left_Regular_trial,Left,568,1264,361,196465539,nan,nan,nan
9/30/2026 22:42:57,1.17.3,StopSig,57,3.88,nan,1,Right_Regular_(correct),Left,568,1265,361,196466264,nan,nan,nan
9/30/2026 22:42:58,1.17.3,StopSig,57,3.87,1,1,Pellet,Left,568,1265,362,196466264,0.22,428,nan
9/30/2026 22:51:06,1.17.3,StopSig,57,3.88,nan,1,Right_no_left,Left,568,1266,362,196466264,nan,nan,nan
9/30/2026 22:51:09,1.17.3,StopSig,57,3.87,nan,1,Right_no_left,Left,568,1267,362,196955481,nan,nan,nan
9/30/2026 22:51:39,1.17.3,StopSig,57,3.87,nan,1,>Left_Regular_trial,Left,569,1267,362,196987794,nan,nan,nan
9/30/2026 22:51:39,1.17.3,StopSig,57,3.87,nan,1,Right_Regular_(correct),Left,569,1268,362,196988508,nan,nan,nan
9/30/2026 22:51:40,1.17.3,StopSig,57,3.87,1,1,Pellet,Left,569,1268,363,196988508,0.27,522,nan
9/30/2026 22:55:28,1.17.3,StopSig,57,3.87,nan,1,>Left_Stop_trial,Left,570,1268,363,197216631,nan,nan,nan
9/30/2026 22:55:29,1.17.3,StopSig,57,3.87,nan,1,Right_STOP_(incorrect),Left,570,1269,363,197217778,nan,nan,nan
9/30/2026 22:59:36,1.17.3,StopSig,57,3.88,nan,1,Right_no_left,Left,570,1270,363,197217778,nan,nan,nan
9/30/2026 22:59:38,1.17.3,StopSig,57,3.88,nan,1,Right_no_left,Left,570,1271,363,197465645,nan,nan,nan
9/30/2026 22:59:40,1.17.3,StopSig,57,3.88,nan,1,>Left_Stop_trial,Left,571,1271,363,197468356,nan,nan,nan
9/30/2026 22:59:40,1.17.3,StopSig,57,3.88,nan,1,Right_STOP_(incorrect),Left,571,1272,363,197469102,nan,nan,nan
9/30/2026 23:05:16,1.17.3,StopSig,57,3.87,nan,1,>Left_Stop_trial,Left,572,1272,363,197804530,nan,nan,nan
9/30/2026 23:05:16,1.17.3,StopSig,57,3.88,nan,1,Right_STOP_(incorrect),Left,572,1273,363,197805617,nan,nan,nan
9/30/2026 23:06:50,1.17.3,StopSig,57,3.87,nan,1,Right_no_left,Left,572,1274,363,197805617,nan,nan,nan
9/30/2026 23:06:52,1.17.3,StopSig,57,3.88,nan,1,Right_no_left,Left,572,1275,363,197899253,nan,nan,nan
9/30/2026 23:06:52,1.17.3,StopSig,57,3.87,nan,1,Right_no_left,Left,572,1276,363,197901246,nan,nan,nan
9/30/2026 23:08:17,1.17.3,StopSig,57,3.87,nan,1,Right_no_left,Left,572,1277,363,197901675,nan,nan,nan
9/30/2026 23:08:19,1.17.3,StopSig,57,3.88,nan,1,Right_no_left,Left,572,1278,363,197986465,nan,nan,nan
9/30/2026 23:08:19,1.17.3,StopSig,57,3.88,nan,1,Right_no_left,Left,572,1279,363,197988032,nan,nan,nan
9/30/2026 23:08:21,1.17.3,StopSig,57,3.87,nan,1,>Left_Regular_trial,Left,573,1279,363,197989748,nan,nan,nan
9/30/2026 23:08:21,1.17.3,StopSig,57,3.87,nan,1,Right_Regular_(correct),Left,573,1280,363,197990462,nan,nan,nan
9/30/2026 23:08:22,1.17.3,StopSig,57,3.87,1,1,Pellet,Left,573,1280,364,197990462,0.16,1002,nan
9/30/2026 23:09:13,1.17.3,StopSig,57,3.87,nan,1,>Left_Regular_trial,Left,574,1280,364,198042523,nan,nan,nan
9/30/2026 23:09:14,1.17.3,StopSig,57,3.87,nan,1,Right_Regular_(correct),Left,574,1281,364,198043237,nan,nan,nan
9/30/2026 23:09:15,1.17.3,StopSig,57,3.85,1,1,Pellet,Left,574,1281,365,198043237,0.16,53,nan
9/30/2026 23:12:44,1.17.3,StopSig,57,3.85,nan,1,>Left_Regular_trial,Left,575,1281,365,198253411,nan,nan,nan
9/30/2026 23:12:48,1.17.3,StopSig,57,3.85,nan,1,NoPoke_Regular_(incorrect),Left,575,1281,365,198256967,nan,nan,nan
9/30/2026 23:15:49,1.17.3,StopSig,57,3.84,nan,1,Right_no_left,Left,575,1282,365,198256967,nan,nan,nan
9/30/2026 23:15:50,1.17.3,StopSig,57,3.87,nan,1,>Left_Regular_trial,Left,576,1282,365,198438931,nan,nan,nan
9/30/2026 23:15:51,1.17.3,StopSig,57,3.87,nan,1,Right_Regular_(correct),Left,576,1283,365,198439933,nan,nan,nan
9/30/2026 23:15:52,1.17.3,StopSig,57,3.87,1,1,Pellet,Left,576,1283,366,198439933,0.22,397,nan
9/30/2026 23:17:44,1.17.3,StopSig,57,3.87,nan,1,Right_no_left,Left,576,1284,366,198439933,nan,nan,nan
9/30/2026 23:17:45,1.17.3,StopSig,57,3.88,nan,1,Right_no_left,Left,576,1285,366,198553591,nan,nan,nan
9/30/2026 23:21:23,1.17.3,StopSig,57,3.87,nan,1,Right_no_left,Left,576,1286,366,198554168,nan,nan,nan
9/30/2026 23:24:20,1.17.3,StopSig,57,3.87,nan,1,Right_no_left,Left,576,1287,366,198772852,nan,nan,nan
9/30/2026 23:24:22,1.17.3,StopSig,57,3.87,nan,1,Right_no_left,Left,576,1288,366,198949762,nan,nan,nan
9/30/2026 23:24:24,1.17.3,StopSig,57,3.87,nan,1,>Left_Regular_trial,Left,577,1288,366,198953323,nan,nan,nan
9/30/2026 23:24:26,1.17.3,StopSig,57,3.87,nan,1,Right_Regular_(correct),Left,577,1289,366,198955745,nan,nan,nan
9/30/2026 23:24:27,1.17.3,StopSig,57,3.87,1,1,Pellet,Left,577,1289,367,198955745,0.22,515,nan
9/30/2026 23:28:23,1.17.3,StopSig,57,3.87,nan,1,>Left_Stop_trial,Left,578,1289,367,199192281,nan,nan,nan
9/30/2026 23:28:27,1.17.3,StopSig,57,3.87,nan,1,NoPoke_STOP_(correct),Left,578,1289,367,199196063,nan,nan,nan
9/30/2026 23:28:29,1.17.3,StopSig,57,3.87,1,1,Pellet,Left,578,1289,368,199196063,1.33,242,nan
9/30/2026 23:32:43,1.17.3,StopSig,57,3.87,nan,1,Right_no_left,Left,578,1290,368,199196063,nan,nan,nan
9/30/2026 23:32:45,1.17.3,StopSig,57,3.87,nan,1,Right_no_left,Left,578,1291,368,199452561,nan,nan,nan
9/30/2026 23:41:11,1.17.3,StopSig,57,3.87,nan,1,>Left_Regular_trial,Left,579,1291,368,199960262,nan,nan,nan
9/30/2026 23:41:12,1.17.3,StopSig,57,3.87,nan,1,Right_Regular_(correct),Left,579,1292,368,199961117,nan,nan,nan
9/30/2026 23:41:12,1.17.3,StopSig,57,3.87,nan,1,RightDuringDispense,Left,579,1293,368,199961117,nan,nan,0.03
9/30/2026 23:41:13,1.17.3,StopSig,57,3.87,2,1,Pellet,Left,579,1293,369,199961117,0.11,764,nan
9/30/2026 23:41:25,1.17.3,StopSig,57,3.87,nan,1,>Left_Regular_trial,Left,580,1293,369,199973909,nan,nan,nan
9/30/2026 23:41:25,1.17.3,StopSig,57,3.87,nan,1,Right_Regular_(correct),Left,580,1294,369,199974623,nan,nan,nan
9/30/2026 23:41:26,1.17.3,StopSig,57,3.87,1,1,Pellet,Left,580,1294,370,199974623,0.27,13,nan
9/30/2026 23:42:28,1.17.3,StopSig,57,3.87,nan,1,Right_no_left,Left,580,1295,370,199974623,nan,nan,nan
9/30/2026 23:42:29,1.17.3,StopSig,57,3.87,nan,1,>Left_Regular_trial,Left,581,1295,370,200038473,nan,nan,nan
9/30/2026 23:42:30,1.17.3,StopSig,57,3.87,nan,1,Right_Regular_(correct),Left,581,1296,370,200039192,nan,nan,nan
9/30/2026 23:42:30,1.17.3,StopSig,57,3.79,nan,1,RightDuringDispense,Left,581,1297,370,200039192,nan,nan,0.08
9/30/2026 23:42:31,1.17.3,StopSig,57,3.87,1,1,Pellet,Left,581,1297,371,200039192,0.22,65,nan
9/30/2026 23:45:25,1.17.3,StopSig,57,3.87,nan,1,Right_no_left,Left,581,1298,371,200039192,nan,nan,nan
9/30/2026 23:45:26,1.17.3,StopSig,57,3.87,nan,1,Right_no_left,Left,581,1299,371,200214760,nan,nan,nan
9/30/2026 23:45:28,1.17.3,StopSig,57,3.87,nan,1,>Left_Regular_trial,Left,582,1299,371,200216758,nan,nan,nan
9/30/2026 23:45:28,1.17.3,StopSig,57,3.87,nan,1,Right_Regular_(correct),Left,582,1300,371,200217471,nan,nan,nan
9/30/2026 23:45:29,1.17.3,StopSig,57,3.87,1,1,Pellet,Left,582,1300,372,200217471,0.27,178,nan
9/30/2026 23:49:28,1.17.3,StopSig,57,3.87,nan,1,>Left_Regular_trial,Left,583,1300,372,200457041,nan,nan,nan
9/30/2026 23:49:32,1.17.3,StopSig,57,3.87,nan,1,NoPoke_Regular_(incorrect),Left,583,1300,372,200461038,nan,nan,nan
9/30/2026 23:51:03,1.17.3,StopSig,57,3.87,nan,1,>Left_Regular_trial,Left,584,1300,372,200552702,nan,nan,nan
9/30/2026 23:51:07,1.17.3,StopSig,57,3.87,nan,1,NoPoke_Regular_(incorrect),Left,584,1300,372,200556116,nan,nan,nan
9/30/2026 23:52:58,1.17.3,StopSig,57,3.87,nan,1,Right_no_left,Left,584,1301,372,200556116,nan,nan,nan
9/30/2026 23:52:59,1.17.3,StopSig,57,3.87,nan,1,Right_no_left,Left,584,1302,372,200667379,nan,nan,nan
9/30/2026 23:53:03,1.17.3,StopSig,57,3.87,nan,1,Right_no_left,Left,584,1303,372,200668668,nan,nan,nan
9/30/2026 23:53:05,1.17.3,StopSig,57,3.87,nan,1,>Left_Regular_trial,Left,585,1303,372,200673792,nan,nan,nan
9/30/2026 23:53:06,1.17.3,StopSig,57,3.87,nan,1,Right_Regular_(correct),Left,585,1304,372,200675645,nan,nan,nan
9/30/2026 23:53:07,1.17.3,StopSig,57,3.87,1,1,Pellet,Left,585,1304,373,200675645,0.39,458,nan
9/30/2026 23:53:40,1.17.3,StopSig,57,3.87,nan,1,>Left_Stop_trial,Left,586,1304,373,200708305,nan,nan,nan
9/30/2026 23:53:40,1.17.3,StopSig,57,3.87,nan,1,Right_STOP_(incorrect),Left,586,1305,373,200709675,nan,nan,nan
9/30/2026 23:54:16,1.17.3,StopSig,57,3.87,nan,1,Right_no_left,Left,586,1306,373,200709675,nan,nan,nan
9/30/2026 23:54:17,1.17.3,StopSig,57,3.87,nan,1,>Left_Regular_trial,Left,587,1306,373,200746535,nan,nan,nan
9/30/2026 23:54:18,1.17.3,StopSig,57,3.87,nan,1,Right_Regular_(correct),Left,587,1307,373,200747391,nan,nan,nan
9/30/2026 23:54:19,1.17.3,StopSig,57,3.87,1,1,Pellet,Left,587,1307,374,200747391,0.16,72,nan
9/30/2026 23:57:29,1.17.3,StopSig,57,3.87,nan,1,>Left_Regular_trial,Left,588,1307,374,200937949,nan,nan,nan
9/30/2026 23:57:30,1.17.3,StopSig,57,3.87,nan,1,Right_Regular_(correct),Left,588,1308,374,200938946,nan,nan,nan
9/30/2026 23:57:30,1.17.3,StopSig,57,3.87,1,1,Pellet,Left,588,1308,375,200938946,0.22,191,nan
10/1/2026 0:07:55,1.17.3,StopSig,57,3.87,nan,1,>Left_Regular_trial,Left,589,1308,375,201563974,nan,nan,nan
10/1/2026 0:07:55,1.17.3,StopSig,57,3.87,nan,1,Right_Regular_(correct),Left,589,1309,375,201564828,nan,nan,nan
10/1/2026 0:07:56,1.17.3,StopSig,57,3.87,1,1,Pellet,Left,589,1309,376,201564828,0.22,626,nan
10/1/2026 0:14:51,1.17.3,StopSig,57,3.87,nan,1,>Left_Regular_trial,Left,590,1309,376,201980442,nan,nan,nan
10/1/2026 0:14:52,1.17.3,StopSig,57,3.87,nan,1,Right_Regular_(correct),Left,590,1310,376,201981296,nan,nan,nan
10/1/2026 0:14:53,1.17.3,StopSig,57,3.87,1,1,Pellet,Left,590,1310,377,201981296,0.27,417,nan
10/1/2026 0:15:20,1.17.3,StopSig,57,3.87,nan,1,>Left_Stop_trial,Left,591,1310,377,202008756,nan,nan,nan
10/1/2026 0:15:20,1.17.3,StopSig,57,3.87,nan,1,Right_STOP_(incorrect),Left,591,1311,377,202009639,nan,nan,nan
10/1/2026 0:15:53,1.17.3,StopSig,57,3.87,nan,1,Right_no_left,Left,591,1312,377,202009639,nan,nan,nan
10/1/2026 0:15:57,1.17.3,StopSig,57,3.87,nan,1,>Left_Regular_trial,Left,592,1312,377,202046466,nan,nan,nan
10/1/2026 0:15:58,1.17.3,StopSig,57,3.87,nan,1,Right_Regular_(correct),Left,592,1313,377,202047177,nan,nan,nan
10/1/2026 0:15:59,1.17.3,StopSig,57,3.87,2,1,Pellet,Left,592,1313,378,202047177,0.16,66,nan
10/1/2026 0:22:49,1.17.3,StopSig,57,3.87,nan,1,>Left_Stop_trial,Left,593,1313,378,202458140,nan,nan,nan
10/1/2026 0:22:49,1.17.3,StopSig,57,3.87,nan,1,Right_STOP_(incorrect),Left,593,1314,378,202458826,nan,nan,nan
10/1/2026 0:26:30,1.17.3,StopSig,57,3.87,nan,1,>Left_Stop_trial,Left,594,1314,378,202678898,nan,nan,nan
10/1/2026 0:26:31,1.17.3,StopSig,57,3.87,nan,1,Right_STOP_(incorrect),Left,594,1315,378,202680024,nan,nan,nan
10/1/2026 0:28:11,1.17.3,StopSig,57,3.87,nan,1,Right_no_left,Left,594,1316,378,202680024,nan,nan,nan
10/1/2026 0:28:12,1.17.3,StopSig,57,3.87,nan,1,Right_no_left,Left,594,1317,378,202781012,nan,nan,nan
10/1/2026 0:28:13,1.17.3,StopSig,57,3.87,nan,1,>Left_Regular_trial,Left,595,1317,378,202782718,nan,nan,nan
10/1/2026 0:28:14,1.17.3,StopSig,57,3.87,nan,1,Right_Regular_(correct),Left,595,1318,378,202783430,nan,nan,nan
10/1/2026 0:28:15,1.17.3,StopSig,57,3.87,1,1,Pellet,Left,595,1318,379,202783430,0.55,736,nan
10/1/2026 0:30:30,1.17.3,StopSig,57,3.87,nan,1,>Left_Regular_trial,Left,596,1318,379,202919663,nan,nan,nan
10/1/2026 0:30:32,1.17.3,StopSig,57,3.87,nan,1,Right_Regular_(correct),Left,596,1319,379,202921228,nan,nan,nan
10/1/2026 0:30:33,1.17.3,StopSig,57,3.87,1,1,Pellet,Left,596,1319,380,202921228,0.27,138,nan
10/1/2026 0:37:17,1.17.3,StopSig,57,3.87,nan,1,>Left_Regular_trial,Left,597,1319,380,203326775,nan,nan,nan
10/1/2026 0:37:18,1.17.3,StopSig,57,3.87,nan,1,Right_Regular_(correct),Left,597,1320,380,203327345,nan,nan,nan
10/1/2026 0:37:19,1.17.3,StopSig,57,3.87,1,1,Pellet,Left,597,1320,381,203327345,0.22,406,nan
10/1/2026 0:37:48,1.17.3,StopSig,57,3.87,nan,1,>Left_Stop_trial,Left,598,1320,381,203356712,nan,nan,nan
10/1/2026 0:37:48,1.17.3,StopSig,57,3.87,nan,1,Right_STOP_(incorrect),Left,598,1321,381,203357646,nan,nan,nan
10/1/2026 0:46:30,1.17.3,StopSig,57,3.87,nan,1,Right_no_left,Left,598,1322,381,203357646,nan,nan,nan
10/1/2026 0:46:31,1.17.3,StopSig,57,3.87,nan,1,Right_no_left,Left,598,1323,381,203879745,nan,nan,nan
10/1/2026 0:46:33,1.17.3,StopSig,57,3.87,nan,1,>Left_Regular_trial,Left,599,1323,381,203882169,nan,nan,nan
10/1/2026 0:46:34,1.17.3,StopSig,57,3.87,nan,1,Right_Regular_(correct),Left,599,1324,381,203883307,nan,nan,nan
10/1/2026 0:46:35,1.17.3,StopSig,57,3.87,1,1,Pellet,Left,599,1324,382,203883307,0.27,556,nan
10/1/2026 0:47:59,1.17.3,StopSig,57,3.87,nan,1,Right_no_left,Left,599,1325,382,203883307,nan,nan,nan
10/1/2026 0:48:01,1.17.3,StopSig,57,3.87,nan,1,>Left_Regular_trial,Left,600,1325,382,203970703,nan,nan,nan
10/1/2026 0:48:02,1.17.3,StopSig,57,3.87,nan,1,Right_Regular_(correct),Left,600,1326,382,203971565,nan,nan,nan
10/1/2026 0:48:03,1.17.3,StopSig,57,3.87,1,1,Pellet,Left,600,1326,383,203971565,0.27,88,nan
10/1/2026 0:50:59,1.17.3,StopSig,57,3.87,nan,1,Right_no_left,Left,600,1327,383,203971565,nan,nan,nan
10/1/2026 0:56:07,1.17.3,StopSig,57,3.87,nan,1,Right_no_left,Left,600,1328,383,204148488,nan,nan,nan
10/1/2026 0:56:10,1.17.3,StopSig,57,3.87,nan,1,>Left_Stop_trial,Left,601,1328,383,204458691,nan,nan,nan
10/1/2026 0:56:10,1.17.3,StopSig,57,3.87,nan,1,Right_STOP_(incorrect),Left,601,1329,383,204459867,nan,nan,nan
10/1/2026 0:56:41,1.17.3,StopSig,57,3.87,nan,1,>Left_Regular_trial,Left,602,1329,383,204490178,nan,nan,nan
10/1/2026 0:56:45,1.17.3,StopSig,57,3.87,nan,1,NoPoke_Regular_(incorrect),Left,602,1329,383,204494305,nan,nan,nan
10/1/2026 1:15:20,1.17.3,StopSig,57,3.87,nan,1,Right_no_left,Left,602,1330,383,204494305,nan,nan,nan
10/1/2026 1:15:23,1.17.3,StopSig,57,3.86,nan,1,>Left_Regular_trial,Left,603,1330,383,205612820,nan,nan,nan
10/1/2026 1:15:24,1.17.3,StopSig,57,3.86,nan,1,Right_Regular_(correct),Left,603,1331,383,205613964,nan,nan,nan
10/1/2026 1:15:26,1.17.3,StopSig,57,3.87,1,1,Pellet,Left,603,1331,384,205613964,0.44,1643,nan
10/1/2026 1:15:33,1.17.3,StopSig,57,3.87,nan,1,>Left_Regular_trial,Left,604,1331,384,205622808,nan,nan,nan
10/1/2026 1:15:35,1.17.3,StopSig,57,3.87,nan,1,Right_Regular_(correct),Left,604,1332,384,205624086,nan,nan,nan
10/1/2026 1:15:36,1.17.3,StopSig,57,3.86,1,1,Pellet,Left,604,1332,385,205624086,0.33,10,nan
10/1/2026 1:15:51,1.17.3,StopSig,57,3.86,nan,1,>Left_Regular_trial,Left,605,1332,385,205640310,nan,nan,nan
10/1/2026 1:15:52,1.17.3,StopSig,57,3.87,nan,1,Right_Regular_(correct),Left,605,1333,385,205641590,nan,nan,nan
10/1/2026 1:15:53,1.17.3,StopSig,57,3.87,2,1,Pellet,Left,605,1333,386,205641590,0.16,17,nan
10/1/2026 1:16:13,1.17.3,StopSig,57,3.87,nan,1,>Left_Stop_trial,Left,606,1333,386,205661614,nan,nan,nan
10/1/2026 1:16:13,1.17.3,StopSig,57,3.87,nan,1,Right_STOP_(incorrect),Left,606,1334,386,205662781,nan,nan,nan
10/1/2026 1:16:44,1.17.3,StopSig,57,3.87,nan,1,>Left_Regular_trial,Left,607,1334,386,205693098,nan,nan,nan
10/1/2026 1:16:47,1.17.3,StopSig,57,3.87,nan,1,NoPoke_Regular_(incorrect),Left,607,1334,386,205696364,nan,nan,nan
10/1/2026 1:32:51,1.17.3,StopSig,57,3.86,nan,1,>Left_Stop_trial,Left,608,1334,386,206660426,nan,nan,nan
10/1/2026 1:32:52,1.17.3,StopSig,57,3.86,nan,1,Right_STOP_(incorrect),Left,608,1335,386,206661570,nan,nan,nan
10/1/2026 1:33:23,1.17.3,StopSig,57,3.86,nan,1,>Left_Stop_trial,Left,609,1335,386,206691888,nan,nan,nan
10/1/2026 1:33:23,1.17.3,StopSig,57,3.87,nan,1,Right_STOP_(incorrect),Left,609,1336,386,206692634,nan,nan,nan
10/1/2026 1:33:54,1.17.3,StopSig,57,3.87,nan,1,>Left_Stop_trial,Left,610,1336,386,206722957,nan,nan,nan
10/1/2026 1:33:57,1.17.3,StopSig,57,3.86,nan,1,NoPoke_STOP_(correct),Left,610,1336,386,206726425,nan,nan,nan
10/1/2026 1:34:00,1.17.3,StopSig,57,3.87,2,1,Pellet,Left,610,1336,387,206726425,0.50,1087,nan
10/1/2026 1:35:26,1.17.3,StopSig,57,3.86,nan,1,Right_no_left,Left,610,1337,387,206726425,nan,nan,nan
10/1/2026 1:35:27,1.17.3,StopSig,57,3.86,nan,1,>Left_Regular_trial,Left,611,1337,387,206816695,nan,nan,nan
10/1/2026 1:35:28,1.17.3,StopSig,57,3.87,nan,1,Right_Regular_(correct),Left,611,1338,387,206817690,nan,nan,nan
10/1/2026 1:35:29,1.17.3,StopSig,57,3.87,1,1,Pellet,Left,611,1338,388,206817690,0.22,89,nan
10/1/2026 1:35:49,1.17.3,StopSig,57,3.87,nan,1,>Left_Stop_trial,Left,612,1338,388,206837488,nan,nan,nan
10/1/2026 1:35:49,1.17.3,StopSig,57,3.87,nan,1,Right_STOP_(incorrect),Left,612,1339,388,206838431,nan,nan,nan
10/1/2026 1:45:18,1.17.3,StopSig,57,3.86,nan,1,Right_no_left,Left,612,1340,388,206838431,nan,nan,nan
10/1/2026 1:45:22,1.17.3,StopSig,57,3.86,nan,1,Right_no_left,Left,612,1341,388,207407748,nan,nan,nan
10/1/2026 1:45:24,1.17.3,StopSig,57,3.85,nan,1,Right_no_left,Left,612,1342,388,207411724,nan,nan,nan
10/1/2026 1:45:24,1.17.3,StopSig,57,3.87,nan,1,Right_no_left,Left,612,1343,388,207413853,nan,nan,nan
10/1/2026 1:45:25,1.17.3,StopSig,57,3.86,nan,1,>Left_Regular_trial,Left,613,1343,388,207414997,nan,nan,nan
10/1/2026 1:45:26,1.17.3,StopSig,57,3.86,nan,1,Right_Regular_(correct),Left,613,1344,388,207415709,nan,nan,nan
10/1/2026 1:45:27,1.17.3,StopSig,57,3.86,1,1,Pellet,Left,613,1344,389,207415709,0.44,598,nan
10/1/2026 1:57:23,1.17.3,StopSig,57,3.85,nan,1,>Left_Stop_trial,Left,614,1344,389,208131731,nan,nan,nan
10/1/2026 1:57:26,1.17.3,StopSig,57,3.86,nan,1,NoPoke_STOP_(correct),Left,614,1344,389,208135362,nan,nan,nan
10/1/2026 1:57:27,1.17.3,StopSig,57,3.87,1,1,Pellet,Left,614,1344,390,208135362,0.16,720,nan
10/1/2026 1:59:11,1.17.3,StopSig,57,3.87,nan,1,Right_no_left,Left,614,1345,390,208135362,nan,nan,nan
10/1/2026 2:06:16,1.17.3,StopSig,57,3.86,nan,1,>Left_Regular_trial,Left,615,1345,390,208665557,nan,nan,nan
10/1/2026 2:06:17,1.17.3,StopSig,57,3.86,nan,1,Right_Regular_(correct),Left,615,1346,390,208666411,nan,nan,nan
10/1/2026 2:06:18,1.17.3,StopSig,57,3.87,1,1,Pellet,Left,615,1346,391,208666411,0.39,531,nan
10/1/2026 2:07:24,1.17.3,StopSig,57,3.87,nan,1,Right_no_left,Left,615,1347,391,208666411,nan,nan,nan
10/1/2026 2:15:28,1.17.3,StopSig,57,3.87,nan,1,>Left_Regular_trial,Left,616,1347,391,209218007,nan,nan,nan
10/1/2026 2:15:29,1.17.3,StopSig,57,3.86,nan,1,Right_Regular_(correct),Left,616,1348,391,209218718,nan,nan,nan
10/1/2026 2:15:30,1.17.3,StopSig,57,3.86,1,1,Pellet,Left,616,1348,392,209218718,0.16,552,nan
10/1/2026 2:16:10,1.17.3,StopSig,57,3.86,nan,1,Right_no_left,Left,616,1349,392,209218718,nan,nan,nan
10/1/2026 2:16:11,1.17.3,StopSig,57,3.86,nan,1,Right_no_left,Left,616,1350,392,209260274,nan,nan,nan
10/1/2026 2:16:15,1.17.3,StopSig,57,3.86,nan,1,>Left_Regular_trial,Left,617,1350,392,209264394,nan,nan,nan
10/1/2026 2:16:15,1.17.3,StopSig,57,3.86,nan,1,Right_Regular_(correct),Left,617,1351,392,209265106,nan,nan,nan
10/1/2026 2:16:16,1.17.3,StopSig,57,3.86,nan,1,RightDuringDispense,Left,617,1352,392,209265106,nan,nan,0.08
10/1/2026 2:16:17,1.17.3,StopSig,57,3.86,1,1,Pellet,Left,617,1352,393,209265106,0.22,47,nan
10/1/2026 2:18:03,1.17.3,StopSig,57,3.85,nan,1,Right_no_left,Left,617,1353,393,209265106,nan,nan,nan
10/1/2026 2:19:06,1.17.3,StopSig,57,3.86,nan,1,>Left_Regular_trial,Left,618,1353,393,209435174,nan,nan,nan
10/1/2026 2:19:07,1.17.3,StopSig,57,3.85,nan,1,Right_Regular_(correct),Left,618,1354,393,209436454,nan,nan,nan
10/1/2026 2:19:10,1.17.3,StopSig,57,3.87,2,1,Pellet,Left,618,1354,394,209436454,0.39,173,nan
10/1/2026 2:19:49,1.17.3,StopSig,57,3.86,nan,1,>Left_Stop_trial,Left,619,1354,394,209477836,nan,nan,nan
10/1/2026 2:19:49,1.17.3,StopSig,57,3.83,nan,1,Right_STOP_(incorrect),Left,619,1355,394,209478578,nan,nan,nan
10/1/2026 2:20:23,1.17.3,StopSig,57,3.84,nan,1,Right_no_left,Left,619,1356,394,209478578,nan,nan,nan
10/1/2026 2:20:25,1.17.3,StopSig,57,3.83,nan,1,>Left_Regular_trial,Left,620,1356,394,209514997,nan,nan,nan
10/1/2026 2:20:26,1.17.3,StopSig,57,3.83,nan,1,Right_Regular_(correct),Left,620,1357,394,209515711,nan,nan,nan
10/1/2026 2:20:27,1.17.3,StopSig,57,3.86,1,1,Pellet,Left,620,1357,395,209515711,0.44,77,nan
10/1/2026 2:29:01,1.17.3,StopSig,57,3.86,nan,1,>Left_Regular_trial,Left,621,1357,395,210030215,nan,nan,nan
10/1/2026 2:29:04,1.17.3,StopSig,57,3.86,nan,1,NoPoke_Regular_(incorrect),Left,621,1357,395,210033483,nan,nan,nan
10/1/2026 2:44:59,1.17.3,StopSig,57,3.85,nan,1,Right_no_left,Left,621,1358,395,210033483,nan,nan,nan
10/1/2026 2:45:00,1.17.3,StopSig,57,3.86,nan,1,Right_no_left,Left,621,1359,395,210988716,nan,nan,nan
10/1/2026 2:45:00,1.17.3,StopSig,57,3.86,nan,1,Right_no_left,Left,621,1360,395,210989719,nan,nan,nan
10/1/2026 2:45:03,1.17.3,StopSig,57,3.86,nan,1,>Left_Regular_trial,Left,622,1360,395,210993130,nan,nan,nan
10/1/2026 2:45:04,1.17.3,StopSig,57,3.86,nan,1,Right_Regular_(correct),Left,622,1361,395,210994127,nan,nan,nan
10/1/2026 2:45:05,1.17.3,StopSig,57,3.77,nan,1,RightDuringDispense,Left,622,1362,395,210994127,nan,nan,0.02
10/1/2026 2:45:06,1.17.3,StopSig,57,3.85,2,1,Pellet,Left,622,1362,396,210994127,0.11,1479,nan
10/1/2026 2:45:30,1.17.3,StopSig,57,3.86,nan,1,>Left_Regular_trial,Left,623,1362,396,211019521,nan,nan,nan
10/1/2026 2:45:31,1.17.3,StopSig,57,3.86,nan,1,Right_Regular_(correct),Left,623,1363,396,211020519,nan,nan,nan
10/1/2026 2:45:34,1.17.3,StopSig,57,3.86,2,1,Pellet,Left,623,1363,397,211020519,0.16,28,nan
10/1/2026 2:46:08,1.17.3,StopSig,57,3.85,nan,1,Right_no_left,Left,623,1364,397,211020519,nan,nan,nan
10/1/2026 2:46:09,1.17.3,StopSig,57,3.85,nan,1,Right_no_left,Left,623,1365,397,211058408,nan,nan,nan
10/1/2026 2:46:10,1.17.3,StopSig,57,3.85,nan,1,>Left_Regular_trial,Left,624,1365,397,211060121,nan,nan,nan
10/1/2026 2:46:11,1.17.3,StopSig,57,3.85,nan,1,Right_Regular_(correct),Left,624,1366,397,211061260,nan,nan,nan
10/1/2026 2:46:12,1.17.3,StopSig,57,3.85,1,1,Pellet,Left,624,1366,398,211061260,0.27,38,nan
10/1/2026 2:52:48,1.17.3,StopSig,57,3.85,nan,1,>Left_Regular_trial,Left,625,1366,398,211457779,nan,nan,nan
10/1/2026 2:52:51,1.17.3,StopSig,57,3.86,nan,1,Right_Regular_(correct),Left,625,1367,398,211460342,nan,nan,nan
10/1/2026 2:52:51,1.17.3,StopSig,57,3.85,nan,1,RightDuringDispense,Left,625,1368,398,211460342,nan,nan,0.09
10/1/2026 2:52:52,1.17.3,StopSig,57,3.86,1,1,Pellet,Left,625,1368,399,211460342,0.27,400,nan
10/1/2026 2:53:00,1.17.3,StopSig,57,3.86,nan,1,>Left_Regular_trial,Left,626,1368,399,211469596,nan,nan,nan
10/1/2026 2:53:01,1.17.3,StopSig,57,3.86,nan,1,Right_Regular_(correct),Left,626,1369,399,211470452,nan,nan,nan
10/1/2026 2:53:02,1.17.3,StopSig,57,3.86,1,1,Pellet,Left,626,1369,400,211470452,0.44,10,nan
10/1/2026 2:53:12,1.17.3,StopSig,57,3.85,nan,1,>Left_Regular_trial,Left,627,1369,400,211481831,nan,nan,nan
10/1/2026 2:53:13,1.17.3,StopSig,57,3.86,nan,1,Right_Regular_(correct),Left,627,1370,400,211482685,nan,nan,nan
10/1/2026 2:53:14,1.17.3,StopSig,57,3.86,1,1,Pellet,Left,627,1370,401,211482685,0.44,12,nan
10/1/2026 2:53:30,1.17.3,StopSig,57,3.86,nan,1,>Left_Regular_trial,Left,628,1370,401,211499869,nan,nan,nan
10/1/2026 2:53:31,1.17.3,StopSig,57,3.86,nan,1,Right_Regular_(correct),Left,628,1371,401,211500582,nan,nan,nan
10/1/2026 2:53:32,1.17.3,StopSig,57,3.86,1,1,Pellet,Left,628,1371,402,211500582,0.16,18,nan
10/1/2026 2:53:42,1.17.3,StopSig,57,3.86,nan,1,>Left_Regular_trial,Left,629,1371,402,211512025,nan,nan,nan
10/1/2026 2:53:43,1.17.3,StopSig,57,3.86,nan,1,Right_Regular_(correct),Left,629,1372,402,211512879,nan,nan,nan
10/1/2026 2:53:44,1.17.3,StopSig,57,3.86,1,1,Pellet,Left,629,1372,403,211512879,0.27,12,nan
10/1/2026 2:53:55,1.17.3,StopSig,57,3.86,nan,1,>Left_Regular_trial,Left,630,1372,403,211524818,nan,nan,nan
10/1/2026 2:53:56,1.17.3,StopSig,57,3.86,nan,1,Right_Regular_(correct),Left,630,1373,403,211525821,nan,nan,nan
10/1/2026 2:53:57,1.17.3,StopSig,57,3.86,1,1,Pellet,Left,630,1373,404,211525821,0.22,13,nan
10/1/2026 2:54:08,1.17.3,StopSig,57,3.85,nan,1,Right_no_left,Left,630,1374,404,211525821,nan,nan,nan
10/1/2026 3:07:58,1.17.3,StopSig,57,3.86,nan,1,>Left_Regular_trial,Left,631,1374,404,212367732,nan,nan,nan
10/1/2026 3:08:02,1.17.3,StopSig,57,3.85,nan,1,NoPoke_Regular_(incorrect),Left,631,1374,404,212371570,nan,nan,nan
10/1/2026 3:09:37,1.17.3,StopSig,57,3.85,nan,1,>Left_Regular_trial,Left,632,1374,404,212466425,nan,nan,nan
10/1/2026 3:09:38,1.17.3,StopSig,57,3.85,nan,1,Right_Regular_(correct),Left,632,1375,404,212467563,nan,nan,nan
10/1/2026 3:09:39,1.17.3,StopSig,57,3.85,1,1,Pellet,Left,632,1375,405,212467563,0.33,942,nan
10/1/2026 3:10:50,1.17.3,StopSig,57,3.86,nan,1,>Left_Regular_trial,Left,633,1375,405,212539323,nan,nan,nan
10/1/2026 3:10:51,1.17.3,StopSig,57,3.85,nan,1,Right_Regular_(correct),Left,633,1376,405,212540609,nan,nan,nan
10/1/2026 3:10:52,1.17.3,StopSig,57,3.86,1,1,Pellet,Left,633,1376,406,212540609,0.55,73,nan
10/1/2026 3:12:32,1.17.3,StopSig,57,3.86,nan,1,>Left_Regular_trial,Left,634,1376,406,212642128,nan,nan,nan
10/1/2026 3:12:36,1.17.3,StopSig,57,3.86,nan,1,NoPoke_Regular_(incorrect),Left,634,1376,406,212645679,nan,nan,nan
10/1/2026 3:15:12,1.17.3,StopSig,57,3.85,nan,1,Right_no_left,Left,634,1377,406,212645679,nan,nan,nan
10/1/2026 3:20:00,1.17.3,StopSig,57,3.85,nan,1,>Left_Regular_trial,Left,635,1377,406,213090249,nan,nan,nan
10/1/2026 3:20:01,1.17.3,StopSig,57,3.85,nan,1,Right_Regular_(correct),Left,635,1378,406,213091104,nan,nan,nan
10/1/2026 3:20:04,1.17.3,StopSig,57,3.86,1,1,Pellet,Left,635,1378,407,213091104,2.06,552,nan
10/1/2026 3:27:38,1.17.3,StopSig,57,3.85,nan,1,>Left_Regular_trial,Left,636,1378,407,213547407,nan,nan,nan
10/1/2026 3:27:39,1.17.3,StopSig,57,3.85,nan,1,Right_Regular_(correct),Left,636,1379,407,213548545,nan,nan,nan
10/1/2026 3:27:40,1.17.3,StopSig,57,3.85,1,1,Pellet,Left,636,1379,408,213548545,0.39,456,nan
10/1/2026 3:46:49,1.17.3,StopSig,57,3.85,nan,1,>Left_Regular_trial,Left,637,1379,408,214699321,nan,nan,nan
10/1/2026 3:46:51,1.17.3,StopSig,57,3.85,nan,1,Right_Regular_(correct),Left,637,1380,408,214700743,nan,nan,nan
10/1/2026 3:46:54,1.17.3,StopSig,57,3.85,2,1,Pellet,Left,637,1380,409,214700743,0.05,1154,nan
10/1/2026 3:47:19,1.17.3,StopSig,57,3.85,nan,1,>Left_Regular_trial,Left,638,1380,409,214728722,nan,nan,nan
10/1/2026 3:47:20,1.17.3,StopSig,57,3.85,nan,1,Right_Regular_(correct),Left,638,1381,409,214729726,nan,nan,nan
10/1/2026 3:47:21,1.17.3,StopSig,57,3.85,2,1,Pellet,Left,638,1381,410,214729726,0.22,27,nan
10/1/2026 3:47:35,1.17.3,StopSig,57,3.85,nan,1,>Left_Stop_trial,Left,639,1381,410,214744118,nan,nan,nan
10/1/2026 3:47:35,1.17.3,StopSig,57,3.85,nan,1,Right_STOP_(incorrect),Left,639,1382,410,214745407,nan,nan,nan
10/1/2026 3:48:06,1.17.3,StopSig,57,3.85,nan,1,>Left_Stop_trial,Left,640,1382,410,214775718,nan,nan,nan
10/1/2026 3:48:10,1.17.3,StopSig,57,3.85,nan,1,NoPoke_STOP_(correct),Left,640,1382,410,214779704,nan,nan,nan
10/1/2026 3:48:11,1.17.3,StopSig,57,3.85,2,1,Pellet,Left,640,1382,411,214779704,0.39,50,nan
10/1/2026 3:57:59,1.17.3,StopSig,57,3.85,nan,1,>Left_Stop_trial,Left,641,1382,411,215368728,nan,nan,nan
10/1/2026 3:58:00,1.17.3,StopSig,57,3.85,nan,1,Right_STOP_(incorrect),Left,641,1383,411,215369882,nan,nan,nan
10/1/2026 4:17:19,1.17.3,StopSig,57,3.85,nan,1,Right_no_left,Left,641,1384,411,215369882,nan,nan,nan
10/1/2026 4:17:21,1.17.3,StopSig,57,3.85,nan,1,>Left_Regular_trial,Left,642,1384,411,216531211,nan,nan,nan
10/1/2026 4:17:22,1.17.3,StopSig,57,3.85,nan,1,Right_Regular_(correct),Left,642,1385,411,216532346,nan,nan,nan
10/1/2026 4:17:24,1.17.3,StopSig,57,3.85,2,1,Pellet,Left,642,1385,412,216532346,0.50,1753,nan
10/1/2026 4:19:51,1.17.3,StopSig,57,3.85,nan,1,Right_no_left,Left,642,1386,412,216532346,nan,nan,nan
10/1/2026 4:19:54,1.17.3,StopSig,57,3.85,nan,1,Right_no_left,Left,642,1387,412,216681340,nan,nan,nan
10/1/2026 4:27:49,1.17.3,StopSig,57,3.85,nan,1,>Left_Regular_trial,Left,643,1387,412,217159133,nan,nan,nan
10/1/2026 4:27:53,1.17.3,StopSig,57,3.85,nan,1,NoPoke_Regular_(incorrect),Left,643,1387,412,217162823,nan,nan,nan
10/1/2026 4:29:29,1.17.3,StopSig,57,3.85,nan,1,Right_no_left,Left,643,1388,412,217162823,nan,nan,nan
10/1/2026 4:32:58,1.17.3,StopSig,57,3.85,nan,1,Right_no_left,Left,643,1389,412,217259265,nan,nan,nan
10/1/2026 4:32:59,1.17.3,StopSig,57,3.85,nan,1,Right_no_left,Left,643,1390,412,217468659,nan,nan,nan
10/1/2026 4:36:04,1.17.3,StopSig,57,3.85,nan,1,>Left_Regular_trial,Left,644,1390,412,217654114,nan,nan,nan
10/1/2026 4:36:05,1.17.3,StopSig,57,3.85,nan,1,Right_Regular_(correct),Left,644,1391,412,217655252,nan,nan,nan
10/1/2026 4:36:06,1.17.3,StopSig,57,3.85,2,1,Pellet,Left,644,1391,413,217655252,0.33,1122,nan
10/1/2026 4:39:45,1.17.3,StopSig,57,3.85,nan,1,Right_no_left,Left,644,1392,413,217655252,nan,nan,nan
10/1/2026 4:43:41,1.17.3,StopSig,57,3.85,nan,1,>Left_Regular_trial,Left,645,1392,413,218110871,nan,nan,nan
10/1/2026 4:43:45,1.17.3,StopSig,57,3.85,nan,1,NoPoke_Regular_(incorrect),Left,645,1392,413,218114847,nan,nan,nan
10/1/2026 4:48:09,1.17.3,StopSig,57,3.85,nan,1,Right_no_left,Left,645,1393,413,218114847,nan,nan,nan
10/1/2026 4:48:25,1.17.3,StopSig,57,3.85,nan,1,Right_no_left,Left,645,1394,413,218379411,nan,nan,nan
10/1/2026 4:48:26,1.17.3,StopSig,57,3.85,nan,1,>Left_Regular_trial,Left,646,1394,413,218396165,nan,nan,nan
10/1/2026 4:48:27,1.17.3,StopSig,57,3.85,nan,1,Right_Regular_(correct),Left,646,1395,413,218396742,nan,nan,nan
10/1/2026 4:48:28,1.17.3,StopSig,57,3.85,2,1,Pellet,Left,646,1395,414,218396742,0.16,742,nan
10/1/2026 4:54:38,1.17.3,StopSig,57,3.85,nan,1,Right_no_left,Left,646,1396,414,218396742,nan,nan,nan
10/1/2026 4:54:43,1.17.3,StopSig,57,3.84,nan,1,Right_no_left,Left,646,1397,414,218768330,nan,nan,nan
10/1/2026 4:54:44,1.17.3,StopSig,57,3.85,nan,1,Right_no_left,Left,646,1398,414,218773300,nan,nan,nan
10/1/2026 5:02:08,1.17.3,StopSig,57,3.85,nan,1,Right_no_left,Left,646,1399,414,218774443,nan,nan,nan
10/1/2026 5:02:09,1.17.3,StopSig,57,3.85,nan,1,Right_no_left,Left,646,1400,414,219218368,nan,nan,nan
10/1/2026 5:02:10,1.17.3,StopSig,57,3.85,nan,1,Right_no_left,Left,646,1401,414,219218938,nan,nan,nan
10/1/2026 5:02:45,1.17.3,StopSig,57,3.85,nan,1,Right_no_left,Left,646,1402,414,219220789,nan,nan,nan
10/1/2026 5:06:23,1.17.3,StopSig,57,3.85,nan,1,Right_no_left,Left,646,1403,414,219254986,nan,nan,nan
10/1/2026 5:07:49,1.17.3,StopSig,57,3.85,nan,1,>Left_Regular_trial,Left,647,1403,414,219558883,nan,nan,nan
10/1/2026 5:07:50,1.17.3,StopSig,57,3.84,nan,1,Right_Regular_(correct),Left,647,1404,414,219560165,nan,nan,nan
10/1/2026 5:07:50,1.17.3,StopSig,57,3.85,nan,1,RightDuringDispense,Left,647,1405,414,219560165,nan,nan,0.10
10/1/2026 5:07:51,1.17.3,StopSig,57,3.84,1,1,Pellet,Left,647,1405,415,219560165,0.22,1163,nan
10/1/2026 5:08:44,1.17.3,StopSig,57,3.85,nan,1,Right_no_left,Left,647,1406,415,219560165,nan,nan,nan
10/1/2026 5:17:27,1.17.3,StopSig,57,3.84,nan,1,>Left_Stop_trial,Left,648,1406,415,220136255,nan,nan,nan
10/1/2026 5:17:30,1.17.3,StopSig,57,3.85,nan,1,NoPoke_STOP_(correct),Left,648,1406,415,220139927,nan,nan,nan
10/1/2026 5:17:32,1.17.3,StopSig,57,3.84,1,1,Pellet,Left,648,1406,416,220139927,1.95,581,nan
10/1/2026 5:18:49,1.17.3,StopSig,57,3.85,nan,1,>Left_Stop_trial,Left,649,1406,416,220218921,nan,nan,nan
10/1/2026 5:18:53,1.17.3,StopSig,57,3.85,nan,1,NoPoke_STOP_(correct),Left,649,1406,416,220222952,nan,nan,nan
10/1/2026 5:18:54,1.17.3,StopSig,57,3.85,1,1,Pellet,Left,649,1406,417,220222952,0.55,82,nan
10/1/2026 5:19:55,1.17.3,StopSig,57,3.84,nan,1,Right_no_left,Left,649,1407,417,220222952,nan,nan,nan
10/1/2026 5:27:07,1.17.3,StopSig,57,3.85,nan,1,>Left_Regular_trial,Left,650,1407,417,220717123,nan,nan,nan
10/1/2026 5:27:10,1.17.3,StopSig,57,3.84,nan,1,Right_Regular_(correct),Left,650,1408,417,220720679,nan,nan,nan
10/1/2026 5:27:11,1.17.3,StopSig,57,3.84,nan,1,RightDuringDispense,Left,650,1409,417,220720679,nan,nan,0.09
10/1/2026 5:27:12,1.17.3,StopSig,57,3.85,1,1,Pellet,Left,650,1409,418,220720679,0.33,498,nan
10/1/2026 5:27:43,1.17.3,StopSig,57,3.85,nan,1,Right_no_left,Left,650,1410,418,220720679,nan,nan,nan
10/1/2026 5:27:46,1.17.3,StopSig,57,3.85,nan,1,Right_no_left,Left,650,1411,418,220752974,nan,nan,nan
10/1/2026 5:27:47,1.17.3,StopSig,57,3.85,nan,1,Right_no_left,Left,650,1412,418,220755963,nan,nan,nan
10/1/2026 5:27:52,1.17.3,StopSig,57,3.84,nan,1,Right_no_left,Left,650,1413,418,220757388,nan,nan,nan
10/1/2026 5:27:52,1.17.3,StopSig,57,3.85,nan,1,Right_no_left,Left,650,1414,418,220761944,nan,nan,nan
10/1/2026 5:27:53,1.17.3,StopSig,57,3.85,nan,1,Right_no_left,Left,650,1415,418,220762799,nan,nan,nan
10/1/2026 5:28:13,1.17.3,StopSig,57,3.85,nan,1,Right_no_left,Left,650,1416,418,220763086,nan,nan,nan
10/1/2026 5:28:13,1.17.3,StopSig,57,3.84,nan,1,Right_no_left,Left,650,1417,418,220783304,nan,nan,nan
10/1/2026 5:28:15,1.17.3,StopSig,57,3.85,nan,1,>Left_Regular_trial,Left,651,1417,418,220785014,nan,nan,nan
10/1/2026 5:28:16,1.17.3,StopSig,57,3.85,nan,1,Right_Regular_(correct),Left,651,1418,418,220786445,nan,nan,nan
10/1/2026 5:28:17,1.17.3,StopSig,57,3.85,1,1,Pellet,Left,651,1418,419,220786445,0.27,65,nan
10/1/2026 5:29:13,1.17.3,StopSig,57,3.85,nan,1,Right_no_left,Left,651,1419,419,220786445,nan,nan,nan
10/1/2026 5:34:27,1.17.3,StopSig,57,3.85,nan,1,Right_no_left,Left,651,1420,419,220843718,nan,nan,nan
10/1/2026 6:21:28,1.17.3,StopSig,57,3.84,nan,1,Right_no_left,Left,651,1421,419,221157322,nan,nan,nan
10/1/2026 6:21:31,1.17.3,StopSig,57,3.83,nan,1,Right_no_left,Left,651,1422,419,223978055,nan,nan,nan
10/1/2026 6:21:33,1.17.3,StopSig,57,3.84,nan,1,>Left_Regular_trial,Left,652,1422,419,223983047,nan,nan,nan
10/1/2026 6:21:34,1.17.3,StopSig,57,3.84,nan,1,Right_Regular_(correct),Left,652,1423,419,223983905,nan,nan,nan
10/1/2026 6:21:34,1.17.3,StopSig,57,3.76,nan,1,RightDuringDispense,Left,652,1424,419,223983905,nan,nan,0.06
10/1/2026 6:21:45,1.17.3,StopSig,57,3.84,2,1,Pellet,Left,652,1424,420,223983905,8.72,3208,nan
10/1/2026 6:22:02,1.17.3,StopSig,57,3.84,nan,1,>Left_Regular_trial,Left,653,1424,420,224012617,nan,nan,nan
10/1/2026 6:22:03,1.17.3,StopSig,57,3.84,nan,1,Right_Regular_(correct),Left,653,1425,420,224013619,nan,nan,nan
10/1/2026 6:22:04,1.17.3,StopSig,57,3.84,1,1,Pellet,Left,653,1425,421,224013619,0.22,19,nan
10/1/2026 6:22:17,1.17.3,StopSig,57,3.84,nan,1,>Left_Regular_trial,Left,654,1425,421,224026999,nan,nan,nan
10/1/2026 6:22:18,1.17.3,StopSig,57,3.85,nan,1,Right_Regular_(correct),Left,654,1426,421,224028149,nan,nan,nan
10/1/2026 6:22:19,1.17.3,StopSig,57,3.84,1,1,Pellet,Left,654,1426,422,224028149,0.33,15,nan
10/1/2026 6:22:38,1.17.3,StopSig,57,3.84,nan,1,>Left_Stop_trial,Left,655,1426,422,224047613,nan,nan,nan
10/1/2026 6:22:39,1.17.3,StopSig,57,3.84,nan,1,Right_STOP_(incorrect),Left,655,1427,422,224049045,nan,nan,nan
10/1/2026 6:23:37,1.17.3,StopSig,57,3.84,nan,1,Right_no_left,Left,655,1428,422,224049045,nan,nan,nan
10/1/2026 6:23:38,1.17.3,StopSig,57,3.84,nan,1,Right_no_left,Left,655,1429,422,224107085,nan,nan,nan
10/1/2026 6:31:47,1.17.3,StopSig,57,3.84,nan,1,>Left_Regular_trial,Left,656,1429,422,224597594,nan,nan,nan
10/1/2026 6:31:48,1.17.3,StopSig,57,3.84,nan,1,Right_Regular_(correct),Left,656,1430,422,224598596,nan,nan,nan
10/1/2026 6:31:49,1.17.3,StopSig,57,3.84,1,1,Pellet,Left,656,1430,423,224598596,0.22,570,nan
10/1/2026 6:32:15,1.17.3,StopSig,57,3.85,nan,1,>Left_Regular_trial,Left,657,1430,423,224624874,nan,nan,nan
10/1/2026 6:32:15,1.17.3,StopSig,57,3.84,nan,1,Right_Regular_(correct),Left,657,1431,423,224625740,nan,nan,nan
10/1/2026 6:32:16,1.17.3,StopSig,57,3.84,1,1,Pellet,Left,657,1431,424,224625740,0.33,27,nan
10/1/2026 6:33:04,1.17.3,StopSig,57,3.84,nan,1,Right_no_left,Left,657,1432,424,224625740,nan,nan,nan
10/1/2026 6:33:47,1.17.3,StopSig,57,3.84,nan,1,Right_no_left,Left,657,1433,424,224674230,nan,nan,nan
10/1/2026 6:33:48,1.17.3,StopSig,57,3.84,nan,1,Right_no_left,Left,657,1434,424,224717803,nan,nan,nan
10/1/2026 6:39:52,1.17.3,StopSig,57,3.82,nan,1,Right_no_left,Left,657,1435,424,224718095,nan,nan,nan
10/1/2026 6:40:53,1.17.3,StopSig,57,3.82,nan,1,Right_no_left,Left,657,1436,424,225082681,nan,nan,nan
10/1/2026 6:43:02,1.17.3,StopSig,57,3.83,nan,1,Right_no_left,Left,657,1437,424,225143670,nan,nan,nan
10/1/2026 7:40:07,1.17.3,StopSig,57,3.82,nan,1,Right_no_left,Left,657,1438,424,225272764,nan,nan,nan
10/1/2026 7:40:09,1.17.3,StopSig,57,3.83,nan,1,Right_no_left,Left,657,1439,424,228697932,nan,nan,nan
10/1/2026 7:40:12,1.17.3,StopSig,57,3.84,nan,1,>Left_Regular_trial,Left,658,1439,424,228702374,nan,nan,nan
10/1/2026 7:40:13,1.17.3,StopSig,57,3.83,nan,1,Right_Regular_(correct),Left,658,1440,424,228703804,nan,nan,nan
10/1/2026 7:40:14,1.17.3,StopSig,57,3.84,1,1,Pellet,Left,658,1440,425,228703804,0.27,4078,nan
10/1/2026 7:40:32,1.17.3,StopSig,57,3.84,nan,1,Right_no_left,Left,658,1441,425,228703804,nan,nan,nan
10/1/2026 7:40:34,1.17.3,StopSig,57,3.83,nan,1,>Left_Stop_trial,Left,659,1441,425,228724342,nan,nan,nan
10/1/2026 7:40:35,1.17.3,StopSig,57,3.83,nan,1,Right_STOP_(incorrect),Left,659,1442,425,228725436,nan,nan,nan
10/1/2026 7:41:05,1.17.3,StopSig,57,3.83,nan,1,>Left_Regular_trial,Left,660,1442,425,228755747,nan,nan,nan
10/1/2026 7:41:09,1.17.3,StopSig,57,3.83,nan,1,NoPoke_Regular_(incorrect),Left,660,1442,425,228759317,nan,nan,nan
10/1/2026 8:22:28,1.17.3,StopSig,57,3.83,nan,1,Right_no_left,Left,660,1443,425,228759317,nan,nan,nan
10/1/2026 8:31:28,1.17.3,StopSig,57,3.83,nan,1,Right_no_left,Left,660,1444,425,231239256,nan,nan,nan
10/1/2026 8:31:31,1.17.3,StopSig,57,3.83,nan,1,>Left_Regular_trial,Left,661,1444,425,231782010,nan,nan,nan
10/1/2026 8:31:33,1.17.3,StopSig,57,3.83,nan,1,Right_Regular_(correct),Left,661,1445,425,231783439,nan,nan,nan
10/1/2026 8:31:34,1.17.3,StopSig,57,3.83,1,1,Pellet,Left,661,1445,426,231783439,0.61,3080,nan
10/1/2026 8:40:13,1.17.3,StopSig,57,3.83,nan,1,Right_no_left,Left,661,1446,426,231783439,nan,nan,nan
10/1/2026 8:40:18,1.17.3,StopSig,57,3.83,nan,1,Right_no_left,Left,661,1447,426,232303775,nan,nan,nan
10/1/2026 8:48:05,1.17.3,StopSig,57,3.83,nan,1,>Left_Regular_trial,Left,662,1447,426,232775769,nan,nan,nan
10/1/2026 8:48:09,1.17.3,StopSig,57,3.83,nan,1,NoPoke_Regular_(incorrect),Left,662,1447,426,232779488,nan,nan,nan
10/1/2026 8:52:04,1.17.3,StopSig,57,3.83,nan,1,Right_no_left,Left,662,1448,426,232779488,nan,nan,nan
10/1/2026 8:52:06,1.17.3,StopSig,57,3.83,nan,1,Right_no_left,Left,662,1449,426,233014894,nan,nan,nan
10/1/2026 8:52:07,1.17.3,StopSig,57,3.83,nan,1,Right_no_left,Left,662,1450,426,233016469,nan,nan,nan
10/1/2026 8:52:46,1.17.3,StopSig,57,3.83,nan,1,>Left_Regular_trial,Left,663,1450,426,233057110,nan,nan,nan
10/1/2026 8:52:47,1.17.3,StopSig,57,3.83,nan,1,Right_Regular_(correct),Left,663,1451,426,233057684,nan,nan,nan
10/1/2026 8:52:48,1.17.3,StopSig,57,3.83,2,1,Pellet,Left,663,1451,427,233057684,0.27,1274,nan
10/1/2026 8:54:07,1.17.3,StopSig,57,3.83,nan,1,>Left_Stop_trial,Left,664,1451,427,233137375,nan,nan,nan
10/1/2026 8:54:07,1.17.3,StopSig,57,3.83,nan,1,Right_STOP_(incorrect),Left,664,1452,427,233138269,nan,nan,nan
10/1/2026 8:54:41,1.17.3,StopSig,57,3.83,nan,1,Right_no_left,Left,664,1453,427,233138269,nan,nan,nan
10/1/2026 8:54:42,1.17.3,StopSig,57,3.83,nan,1,Right_no_left,Left,664,1454,427,233172018,nan,nan,nan
10/1/2026 9:36:23,1.17.3,StopSig,57,3.83,nan,1,>Left_Regular_trial,Left,665,1454,427,235673561,nan,nan,nan
10/1/2026 9:36:24,1.17.3,StopSig,57,3.83,nan,1,Right_Regular_(correct),Left,665,1455,427,235675277,nan,nan,nan
10/1/2026 9:36:25,1.17.3,StopSig,57,3.83,nan,1,RightDuringDispense,Left,665,1456,427,235675277,nan,nan,0.29
10/1/2026 9:36:26,1.17.3,StopSig,57,3.83,1,1,Pellet,Left,665,1456,428,235675277,0.27,2618,nan
10/1/2026 9:36:41,1.17.3,StopSig,57,3.83,nan,1,>Left_Stop_trial,Left,666,1456,428,235691324,nan,nan,nan
10/1/2026 9:36:41,1.17.3,StopSig,57,3.83,nan,1,Right_STOP_(incorrect),Left,666,1457,428,235692272,nan,nan,nan
10/1/2026 9:37:56,1.17.3,StopSig,57,3.83,nan,1,>Left_Regular_trial,Left,667,1457,428,235767039,nan,nan,nan
10/1/2026 9:38:00,1.17.3,StopSig,57,3.83,nan,1,NoPoke_Regular_(incorrect),Left,667,1457,428,235770631,nan,nan,nan
10/1/2026 9:40:02,1.17.3,StopSig,57,3.82,nan,1,Right_no_left,Left,667,1458,428,235770631,nan,nan,nan
10/1/2026 9:40:04,1.17.3,StopSig,57,3.82,nan,1,Right_no_left,Left,667,1459,428,235893564,nan,nan,nan
10/1/2026 9:40:52,1.17.3,StopSig,57,3.83,nan,1,Right_no_left,Left,667,1460,428,235894709,nan,nan,nan
10/1/2026 9:43:34,1.17.3,StopSig,57,3.83,nan,1,Right_no_left,Left,667,1461,428,235943168,nan,nan,nan
10/1/2026 9:54:00,1.17.3,StopSig,57,3.82,nan,1,Right_no_left,Left,667,1462,428,236105102,nan,nan,nan
10/1/2026 10:16:26,1.17.3,StopSig,57,3.82,nan,1,>Left_Regular_trial,Left,668,1462,428,238077068,nan,nan,nan
10/1/2026 10:16:30,1.17.3,StopSig,57,3.82,nan,1,NoPoke_Regular_(incorrect),Left,668,1462,428,238080785,nan,nan,nan
10/1/2026 10:18:38,1.17.3,StopSig,57,3.82,nan,1,Right_no_left,Left,668,1463,428,238080785,nan,nan,nan
10/1/2026 10:19:52,1.17.3,StopSig,57,3.82,nan,1,Right_no_left,Left,668,1464,428,238209384,nan,nan,nan
10/1/2026 10:19:54,1.17.3,StopSig,57,3.82,nan,1,Right_no_left,Left,668,1465,428,238283121,nan,nan,nan
10/1/2026 10:20:07,1.17.3,StopSig,57,3.83,nan,1,Right_no_left,Left,668,1466,428,238284836,nan,nan,nan
10/1/2026 10:20:12,1.17.3,StopSig,57,3.82,nan,1,>Left_Regular_trial,Left,669,1466,428,238302852,nan,nan,nan
10/1/2026 10:20:16,1.17.3,StopSig,57,3.82,nan,1,NoPoke_Regular_(incorrect),Left,669,1466,428,238306714,nan,nan,nan
10/1/2026 10:30:48,1.17.3,StopSig,57,3.82,nan,1,Right_no_left,Left,669,1467,428,238306714,nan,nan,nan
10/1/2026 10:30:50,1.17.3,StopSig,57,3.82,nan,1,>Left_Regular_trial,Left,670,1467,428,238940516,nan,nan,nan
10/1/2026 10:30:51,1.17.3,StopSig,57,3.82,nan,1,Right_Regular_(correct),Left,670,1468,428,238942089,nan,nan,nan
10/1/2026 10:30:52,1.17.3,StopSig,57,3.82,1,1,Pellet,Left,670,1468,429,238942089,0.22,3266,nan
10/1/2026 10:31:30,1.17.3,StopSig,57,3.82,nan,1,>Left_Regular_trial,Left,671,1468,429,238980828,nan,nan,nan
10/1/2026 10:31:31,1.17.3,StopSig,57,3.82,nan,1,Right_Regular_(correct),Left,671,1469,429,238982541,nan,nan,nan
10/1/2026 10:31:32,1.17.3,StopSig,57,3.82,1,1,Pellet,Left,671,1469,430,238982541,0.16,40,nan
10/1/2026 10:32:09,1.17.3,StopSig,57,3.82,nan,1,>Left_Regular_trial,Left,672,1469,430,239019747,nan,nan,nan
10/1/2026 10:32:11,1.17.3,StopSig,57,3.82,nan,1,Right_Regular_(correct),Left,672,1470,430,239022177,nan,nan,nan
10/1/2026 10:32:12,1.17.3,StopSig,57,3.82,1,1,Pellet,Left,672,1470,431,239022177,0.44,40,nan
10/1/2026 10:34:56,1.17.3,StopSig,57,3.82,nan,1,Right_no_left,Left,672,1471,431,239022177,nan,nan,nan
10/1/2026 10:35:15,1.17.3,StopSig,57,3.82,nan,1,>Left_Stop_trial,Left,673,1471,431,239205486,nan,nan,nan
10/1/2026 10:35:15,1.17.3,StopSig,57,3.82,nan,1,Right_STOP_(incorrect),Left,673,1472,431,239206361,nan,nan,nan
10/1/2026 11:10:03,1.17.3,StopSig,57,3.82,nan,1,Right_no_left,Left,673,1473,431,239206361,nan,nan,nan
10/1/2026 11:10:03,1.17.3,StopSig,57,3.82,nan,1,Right_no_left,Left,673,1474,431,241294065,nan,nan,nan
10/1/2026 11:41:05,1.17.3,StopSig,57,3.82,nan,1,Right_no_left,Left,673,1475,431,241294500,nan,nan,nan
10/1/2026 11:41:07,1.17.3,StopSig,57,3.82,nan,1,>Left_Regular_trial,Left,674,1475,431,243158213,nan,nan,nan
10/1/2026 11:41:09,1.17.3,StopSig,57,3.82,nan,1,Right_Regular_(correct),Left,674,1476,431,243159780,nan,nan,nan
10/1/2026 11:41:10,1.17.3,StopSig,57,3.82,1,1,Pellet,Left,674,1476,432,243159780,0.33,4138,nan
10/1/2026 11:41:27,1.17.3,StopSig,57,3.82,nan,1,>Left_Regular_trial,Left,675,1476,432,243177916,nan,nan,nan
10/1/2026 11:41:28,1.17.3,StopSig,57,3.82,nan,1,Right_Regular_(correct),Left,675,1477,432,243179206,nan,nan,nan
10/1/2026 11:41:29,1.17.3,StopSig,57,3.82,1,1,Pellet,Left,675,1477,433,243179206,0.27,19,nan
10/1/2026 11:41:46,1.17.3,StopSig,57,3.82,nan,1,>Left_Stop_trial,Left,676,1477,433,243196194,nan,nan,nan
10/1/2026 11:41:46,1.17.3,StopSig,57,3.82,nan,1,Right_STOP_(incorrect),Left,676,1478,433,243197195,nan,nan,nan
10/1/2026 11:42:23,1.17.3,StopSig,57,3.82,nan,1,Right_no_left,Left,676,1479,433,243197195,nan,nan,nan
10/1/2026 11:42:25,1.17.3,StopSig,57,3.82,nan,1,>Left_Regular_trial,Left,677,1479,433,243236356,nan,nan,nan
10/1/2026 11:42:26,1.17.3,StopSig,57,3.82,nan,1,Right_Regular_(correct),Left,677,1480,433,243237213,nan,nan,nan
10/1/2026 11:42:27,1.17.3,StopSig,57,3.82,1,1,Pellet,Left,677,1480,434,243237213,0.22,58,nan
10/1/2026 11:42:38,1.17.3,StopSig,57,3.82,nan,1,>Left_Stop_trial,Left,678,1480,434,243248376,nan,nan,nan
10/1/2026 11:42:38,1.17.3,StopSig,57,3.82,nan,1,Right_STOP_(incorrect),Left,678,1481,434,243249491,nan,nan,nan
10/1/2026 11:53:56,1.17.3,StopSig,57,3.82,nan,1,>Left_Regular_trial,Left,679,1481,434,243926638,nan,nan,nan
10/1/2026 11:53:57,1.17.3,StopSig,57,3.82,nan,1,Right_Regular_(correct),Left,679,1482,434,243927780,nan,nan,nan
10/1/2026 11:53:57,1.17.3,StopSig,57,3.82,nan,1,RightDuringDispense,Left,679,1483,434,243927780,nan,nan,0.17
10/1/2026 11:53:58,1.17.3,StopSig,57,3.82,1,1,Pellet,Left,679,1483,435,243927780,0.38,691,nan
10/1/2026 11:54:24,1.17.3,StopSig,57,3.82,nan,1,Right_no_left,Left,679,1484,435,243927780,nan,nan,nan
10/1/2026 11:54:24,1.17.3,StopSig,57,3.82,nan,1,Right_no_left,Left,679,1485,435,243955005,nan,nan,nan
10/1/2026 11:54:47,1.17.3,StopSig,57,3.82,nan,1,Right_no_left,Left,679,1486,435,243955577,nan,nan,nan
10/1/2026 11:54:48,1.17.3,StopSig,57,3.82,nan,1,Right_no_left,Left,679,1487,435,243978263,nan,nan,nan
10/1/2026 11:55:04,1.17.3,StopSig,57,3.82,nan,1,>Left_Regular_trial,Left,680,1487,435,243994951,nan,nan,nan
10/1/2026 11:55:08,1.17.3,StopSig,57,3.82,nan,1,NoPoke_Regular_(incorrect),Left,680,1487,435,243998956,nan,nan,nan
10/1/2026 11:58:29,1.17.3,StopSig,57,3.81,nan,1,Right_no_left,Left,680,1488,435,243998956,nan,nan,nan
10/1/2026 12:11:37,1.17.3,StopSig,57,3.82,nan,1,Right_no_left,Left,680,1489,435,244200137,nan,nan,nan
10/1/2026 12:12:24,1.17.3,StopSig,57,3.81,nan,1,Right_no_left,Left,680,1490,435,244988278,nan,nan,nan
10/1/2026 12:12:26,1.17.3,StopSig,57,3.82,nan,1,>Left_Regular_trial,Left,681,1490,435,245036962,nan,nan,nan
10/1/2026 12:12:27,1.17.3,StopSig,57,3.82,nan,1,Right_Regular_(correct),Left,681,1491,435,245037969,nan,nan,nan
10/1/2026 12:12:30,1.17.3,StopSig,57,3.82,2,1,Pellet,Left,681,1491,436,245037969,0.05,1112,nan
10/1/2026 12:14:44,1.17.3,StopSig,57,3.82,nan,1,>Left_Stop_trial,Left,682,1491,436,245175209,nan,nan,nan
10/1/2026 12:14:45,1.17.3,StopSig,57,3.82,nan,1,Right_STOP_(incorrect),Left,682,1492,436,245175987,nan,nan,nan
10/1/2026 13:14:34,1.17.3,StopSig,57,3.81,nan,1,Right_no_left,Left,682,1493,436,245175987,nan,nan,nan
10/1/2026 13:14:37,1.17.3,StopSig,57,3.81,nan,1,>Left_Stop_trial,Left,683,1493,436,248767637,nan,nan,nan
10/1/2026 13:14:37,1.17.3,StopSig,57,3.81,nan,1,Right_STOP_(incorrect),Left,683,1494,436,248768507,nan,nan,nan
10/1/2026 13:15:12,1.17.3,StopSig,57,3.81,nan,1,>Left_Regular_trial,Left,684,1494,436,248803243,nan,nan,nan
10/1/2026 13:15:13,1.17.3,StopSig,57,3.81,nan,1,Right_Regular_(correct),Left,684,1495,436,248804387,nan,nan,nan
10/1/2026 13:15:14,1.17.3,StopSig,57,3.81,1,1,Pellet,Left,684,1495,437,248804387,0.66,3764,nan
10/1/2026 13:15:33,1.17.3,StopSig,57,3.81,nan,1,>Left_Regular_trial,Left,685,1495,437,248824304,nan,nan,nan
10/1/2026 13:15:35,1.17.3,StopSig,57,3.81,nan,1,Right_Regular_(correct),Left,685,1496,437,248826303,nan,nan,nan
10/1/2026 13:15:35,1.17.3,StopSig,57,3.81,nan,1,RightDuringDispense,Left,685,1497,437,248826303,nan,nan,0.10
10/1/2026 13:15:36,1.17.3,StopSig,57,3.81,1,1,Pellet,Left,685,1497,438,248826303,0.27,22,nan
10/1/2026 13:15:54,1.17.3,StopSig,57,3.81,nan,1,>Left_Stop_trial,Left,686,1497,438,248844398,nan,nan,nan
10/1/2026 13:15:54,1.17.3,StopSig,57,3.81,nan,1,Right_STOP_(incorrect),Left,686,1498,438,248845679,nan,nan,nan
10/1/2026 13:16:25,1.17.3,StopSig,57,3.81,nan,1,>Left_Regular_trial,Left,687,1498,438,248875991,nan,nan,nan
10/1/2026 13:16:28,1.17.3,StopSig,57,3.82,nan,1,NoPoke_Regular_(incorrect),Left,687,1498,438,248879277,nan,nan,nan
10/1/2026 13:56:28,1.17.3,StopSig,57,3.80,nan,1,Right_no_left,Left,687,1499,438,248879277,nan,nan,nan
10/1/2026 13:56:32,1.17.3,StopSig,57,3.81,nan,1,Right_no_left,Left,687,1500,438,251279417,nan,nan,nan
10/1/2026 14:24:12,1.17.3,StopSig,57,3.80,nan,1,>Left_Regular_trial,Left,688,1500,438,252943910,nan,nan,nan
10/1/2026 14:24:15,1.17.3,StopSig,57,3.80,nan,1,Right_Regular_(correct),Left,688,1501,438,252946199,nan,nan,nan
10/1/2026 14:24:15,1.17.3,StopSig,57,3.81,1,1,Pellet,Left,688,1501,439,252946199,0.22,4119,nan
10/1/2026 14:24:28,1.17.3,StopSig,57,3.80,nan,1,Right_no_left,Left,688,1502,439,252946199,nan,nan,nan
10/1/2026 14:24:30,1.17.3,StopSig,57,3.80,nan,1,>Left_Stop_trial,Left,689,1502,439,252961429,nan,nan,nan
10/1/2026 14:24:31,1.17.3,StopSig,57,3.80,nan,1,Right_STOP_(incorrect),Left,689,1503,439,252962675,nan,nan,nan
10/1/2026 14:25:02,1.17.3,StopSig,57,3.80,nan,1,>Left_Stop_trial,Left,690,1503,439,252992987,nan,nan,nan
10/1/2026 14:25:05,1.17.3,StopSig,57,3.80,nan,1,NoPoke_STOP_(correct),Left,690,1503,439,252996450,nan,nan,nan
10/1/2026 14:25:08,1.17.3,StopSig,57,3.80,3,1,Pellet,Left,690,1503,440,252996450,0.05,53,nan
10/1/2026 14:25:33,1.17.3,StopSig,57,3.80,nan,1,>Left_Stop_trial,Left,691,1503,440,253023815,nan,nan,nan
10/1/2026 14:25:33,1.17.3,StopSig,57,3.80,nan,1,Right_STOP_(incorrect),Left,691,1504,440,253025133,nan,nan,nan
10/1/2026 14:38:02,1.17.3,StopSig,57,3.80,nan,1,>Left_Regular_trial,Left,692,1504,440,253773546,nan,nan,nan
10/1/2026 14:38:03,1.17.3,StopSig,57,3.80,nan,1,Right_Regular_(correct),Left,692,1505,440,253774690,nan,nan,nan
10/1/2026 14:38:04,1.17.3,StopSig,57,3.80,1,1,Pellet,Left,692,1505,441,253774690,0.61,776,nan
10/1/2026 14:38:38,1.17.3,StopSig,57,3.80,nan,1,>Left_Regular_trial,Left,693,1505,441,253809714,nan,nan,nan
10/1/2026 14:38:39,1.17.3,StopSig,57,3.80,nan,1,Right_Regular_(correct),Left,693,1506,441,253810857,nan,nan,nan
10/1/2026 14:38:40,1.17.3,StopSig,57,3.80,1,1,Pellet,Left,693,1506,442,253810857,0.27,36,nan
10/1/2026 14:39:30,1.17.3,StopSig,57,3.80,nan,1,>Left_Stop_trial,Left,694,1506,442,253860904,nan,nan,nan
10/1/2026 14:39:30,1.17.3,StopSig,57,3.80,nan,1,Right_STOP_(incorrect),Left,694,1507,442,253862015,nan,nan,nan
10/1/2026 14:41:03,1.17.3,StopSig,57,3.80,nan,1,Right_no_left,Left,694,1508,442,253862015,nan,nan,nan
10/1/2026 14:43:36,1.17.3,StopSig,57,3.80,nan,1,Right_no_left,Left,694,1509,442,253954386,nan,nan,nan
10/1/2026 14:45:48,1.17.3,StopSig,57,3.80,nan,1,Right_no_left,Left,694,1510,442,254107663,nan,nan,nan
10/1/2026 14:47:42,1.17.3,StopSig,57,3.80,nan,1,>Left_Regular_trial,Left,695,1510,442,254353589,nan,nan,nan
10/1/2026 14:47:46,1.17.3,StopSig,57,3.80,nan,1,NoPoke_Regular_(incorrect),Left,695,1510,442,254357440,nan,nan,nan
10/1/2026 15:26:36,1.17.3,StopSig,57,3.80,nan,1,Right_no_left,Left,695,1511,442,254357440,nan,nan,nan
10/1/2026 15:53:33,1.17.3,StopSig,57,3.80,nan,1,Right_no_left,Left,695,1512,442,256688347,nan,nan,nan
10/1/2026 15:53:35,1.17.3,StopSig,57,3.80,nan,1,>Left_Regular_trial,Left,696,1512,442,258306883,nan,nan,nan
10/1/2026 15:53:36,1.17.3,StopSig,57,3.80,nan,1,Right_Regular_(correct),Left,696,1513,442,258307741,nan,nan,nan
10/1/2026 15:53:39,1.17.3,StopSig,57,3.80,3,1,Pellet,Left,696,1513,443,258307741,0.05,4499,nan
10/1/2026 15:55:04,1.17.3,StopSig,57,3.80,nan,1,Right_no_left,Left,696,1514,443,258307741,nan,nan,nan
10/1/2026 15:55:05,1.17.3,StopSig,57,3.80,nan,1,Right_no_left,Left,696,1515,443,258396277,nan,nan,nan
10/1/2026 15:55:05,1.17.3,StopSig,57,3.80,nan,1,Right_no_left,Left,696,1516,443,258396850,nan,nan,nan
10/1/2026 15:55:10,1.17.3,StopSig,57,3.80,nan,1,Right_no_left,Left,696,1517,443,258397422,nan,nan,nan
10/1/2026 15:55:11,1.17.3,StopSig,57,3.80,nan,1,Right_no_left,Left,696,1518,443,258402285,nan,nan,nan
10/1/2026 15:55:13,1.17.3,StopSig,57,3.80,nan,1,>Left_Regular_trial,Left,697,1518,443,258404857,nan,nan,nan
10/1/2026 15:55:14,1.17.3,StopSig,57,3.80,nan,1,Right_Regular_(correct),Left,697,1519,443,258406000,nan,nan,nan
10/1/2026 15:55:15,1.17.3,StopSig,57,3.80,1,1,Pellet,Left,697,1519,444,258406000,0.39,96,nan
10/1/2026 15:55:27,1.17.3,StopSig,57,3.80,nan,1,>Left_Regular_trial,Left,698,1519,444,258418480,nan,nan,nan
10/1/2026 15:55:28,1.17.3,StopSig,57,3.78,nan,1,Right_Regular_(correct),Left,698,1520,444,258420057,nan,nan,nan
10/1/2026 15:55:31,1.17.3,StopSig,57,3.78,3,1,Pellet,Left,698,1520,445,258420057,0.05,16,nan
10/1/2026 15:55:45,1.17.3,StopSig,57,3.78,nan,1,>Left_Regular_trial,Left,699,1520,445,258436927,nan,nan,nan
10/1/2026 15:55:46,1.17.3,StopSig,57,3.78,nan,1,Right_Regular_(correct),Left,699,1521,445,258438214,nan,nan,nan
10/1/2026 15:55:48,1.17.3,StopSig,57,3.77,1,1,Pellet,Left,699,1521,446,258438214,0.78,17,nan
10/1/2026 15:56:04,1.17.3,StopSig,57,3.80,nan,1,>Left_Regular_trial,Left,700,1521,446,258455558,nan,nan,nan
10/1/2026 15:56:05,1.17.3,StopSig,57,3.80,nan,1,Right_Regular_(correct),Left,700,1522,446,258457272,nan,nan,nan
10/1/2026 15:56:07,1.17.3,StopSig,57,3.80,1,1,Pellet,Left,700,1522,447,258457272,0.50,19,nan
10/1/2026 15:56:21,1.17.3,StopSig,57,3.80,nan,1,>Left_Stop_trial,Left,701,1522,447,258472682,nan,nan,nan
10/1/2026 15:56:22,1.17.3,StopSig,57,3.80,nan,1,Right_STOP_(incorrect),Left,701,1523,447,258473805,nan,nan,nan
10/1/2026 15:57:01,1.17.3,StopSig,57,3.80,nan,1,Right_no_left,Left,701,1524,447,258473805,nan,nan,nan
10/1/2026 15:57:02,1.17.3,StopSig,57,3.80,nan,1,Right_no_left,Left,701,1525,447,258512822,nan,nan,nan
10/1/2026 16:16:18,1.17.3,StopSig,57,3.80,nan,1,Right_no_left,Left,701,1526,447,258513690,nan,nan,nan
10/1/2026 16:28:22,1.17.3,StopSig,57,3.79,nan,1,Right_no_left,Left,701,1527,447,259669600,nan,nan,nan
10/1/2026 16:28:24,1.17.3,StopSig,57,3.79,nan,1,Right_no_left,Left,701,1528,447,260394494,nan,nan,nan
10/1/2026 16:28:26,1.17.3,StopSig,57,3.79,nan,1,>Left_Regular_trial,Left,702,1528,447,260397498,nan,nan,nan
10/1/2026 16:28:27,1.17.3,StopSig,57,3.80,nan,1,Right_Regular_(correct),Left,702,1529,447,260398784,nan,nan,nan
10/1/2026 16:28:38,1.17.3,StopSig,57,3.80,2,1,Pellet,Left,702,1529,448,260398784,8.22,1951,nan
10/1/2026 16:29:02,1.17.3,StopSig,57,3.80,nan,1,>Left_Regular_trial,Left,703,1529,448,260433363,nan,nan,nan
10/1/2026 16:29:03,1.17.3,StopSig,57,3.80,nan,1,Right_Regular_(correct),Left,703,1530,448,260434793,nan,nan,nan
10/1/2026 16:29:04,1.17.3,StopSig,57,3.80,1,1,Pellet,Left,703,1530,449,260434793,0.27,26,nan
10/1/2026 16:29:21,1.17.3,StopSig,57,3.80,nan,1,Right_no_left,Left,703,1531,449,260434793,nan,nan,nan
10/1/2026 16:29:25,1.17.3,StopSig,57,3.80,nan,1,>Left_Regular_trial,Left,704,1531,449,260456779,nan,nan,nan
10/1/2026 16:29:26,1.17.3,StopSig,57,3.80,nan,1,Right_Regular_(correct),Left,704,1532,449,260458065,nan,nan,nan
10/1/2026 16:29:27,1.17.3,StopSig,57,3.79,2,1,Pellet,Left,704,1532,450,260458065,0.05,23,nan
10/1/2026 16:29:47,1.17.3,StopSig,57,3.80,nan,1,>Left_Regular_trial,Left,705,1532,450,260478328,nan,nan,nan
10/1/2026 16:29:48,1.17.3,StopSig,57,3.80,nan,1,Right_Regular_(correct),Left,705,1533,450,260479615,nan,nan,nan
10/1/2026 16:29:49,1.17.3,StopSig,57,3.80,1,1,Pellet,Left,705,1533,451,260479615,0.27,22,nan
10/1/2026 16:30:39,1.17.3,StopSig,57,3.80,nan,1,>Left_Regular_trial,Left,706,1533,451,260530547,nan,nan,nan
10/1/2026 16:30:40,1.17.3,StopSig,57,3.80,nan,1,Right_Regular_(correct),Left,706,1534,451,260531554,nan,nan,nan
10/1/2026 16:30:41,1.17.3,StopSig,57,3.80,1,1,Pellet,Left,706,1534,452,260531554,0.50,52,nan
10/1/2026 16:30:54,1.17.3,StopSig,57,3.80,nan,1,>Left_Regular_trial,Left,707,1534,452,260545326,nan,nan,nan
10/1/2026 16:30:55,1.17.3,StopSig,57,3.80,nan,1,Right_Regular_(correct),Left,707,1535,452,260546897,nan,nan,nan
10/1/2026 16:30:56,1.17.3,StopSig,57,3.80,1,1,Pellet,Left,707,1535,453,260546897,0.27,15,nan
10/1/2026 16:31:10,1.17.3,StopSig,57,3.80,nan,1,Right_no_left,Left,707,1536,453,260546897,nan,nan,nan
10/1/2026 16:43:34,1.17.3,StopSig,57,3.79,nan,1,Right_no_left,Left,707,1537,453,260561907,nan,nan,nan
10/1/2026 16:47:37,1.17.3,StopSig,57,3.80,nan,1,>Left_Regular_trial,Left,708,1537,453,261549263,nan,nan,nan
10/1/2026 16:47:41,1.17.3,StopSig,57,3.80,nan,1,NoPoke_Regular_(incorrect),Left,708,1537,453,261552690,nan,nan,nan
10/1/2026 16:49:11,1.17.3,StopSig,57,3.79,nan,1,Right_no_left,Left,708,1538,453,261552690,nan,nan,nan
10/1/2026 16:49:58,1.17.3,StopSig,57,3.79,nan,1,>Left_Regular_trial,Left,709,1538,453,261689701,nan,nan,nan
10/1/2026 16:50:02,1.17.3,StopSig,57,3.79,nan,1,NoPoke_Regular_(incorrect),Left,709,1538,453,261693703,nan,nan,nan
10/1/2026 16:54:16,1.17.3,StopSig,57,3.79,nan,1,Right_no_left,Left,709,1539,453,261693703,nan,nan,nan
10/1/2026 16:54:21,1.17.3,StopSig,57,3.79,nan,1,>Left_Regular_trial,Left,710,1539,453,261952558,nan,nan,nan
10/1/2026 16:54:21,1.17.3,StopSig,57,3.80,nan,1,Right_Regular_(correct),Left,710,1540,453,261953131,nan,nan,nan
10/1/2026 16:54:22,1.17.3,StopSig,57,3.80,1,1,Pellet,Left,710,1540,454,261953131,0.22,1406,nan
10/1/2026 16:55:18,1.17.3,StopSig,57,3.80,nan,1,Right_no_left,Left,710,1541,454,261953131,nan,nan,nan
10/1/2026 16:55:20,1.17.3,StopSig,57,3.80,nan,1,>Left_Regular_trial,Left,711,1541,454,262011621,nan,nan,nan
10/1/2026 16:55:20,1.17.3,StopSig,57,3.80,nan,1,Right_Regular_(correct),Left,711,1542,454,262012478,nan,nan,nan
10/1/2026 16:55:21,1.17.3,StopSig,57,3.80,1,1,Pellet,Left,711,1542,455,262012478,0.16,59,nan
10/1/2026 16:55:51,1.17.3,StopSig,57,3.80,nan,1,>Left_Regular_trial,Left,712,1542,455,262042929,nan,nan,nan
10/1/2026 16:55:52,1.17.3,StopSig,57,3.79,nan,1,Right_Regular_(correct),Left,712,1543,455,262043930,nan,nan,nan
10/1/2026 16:55:53,1.17.3,StopSig,57,3.80,1,1,Pellet,Left,712,1543,456,262043930,0.22,32,nan
10/1/2026 16:56:21,1.17.3,StopSig,57,3.80,nan,1,>Left_Regular_trial,Left,713,1543,456,262072490,nan,nan,nan
10/1/2026 16:56:21,1.17.3,StopSig,57,3.80,nan,1,Right_Regular_(correct),Left,713,1544,456,262073212,nan,nan,nan
10/1/2026 16:56:22,1.17.3,StopSig,57,3.79,1,1,Pellet,Left,713,1544,457,262073212,0.16,29,nan
10/1/2026 16:56:36,1.17.3,StopSig,57,3.79,nan,1,>Left_Regular_trial,Left,714,1544,457,262088248,nan,nan,nan
10/1/2026 16:56:37,1.17.3,StopSig,57,3.79,nan,1,Right_Regular_(correct),Left,714,1545,457,262088962,nan,nan,nan
10/1/2026 16:56:45,1.17.3,StopSig,57,3.79,2,1,Pellet,Left,714,1545,458,262088962,5.70,23,nan
10/1/2026 16:57:06,1.17.3,StopSig,57,3.80,nan,1,Right_no_left,Left,714,1546,458,262088962,nan,nan,nan
10/1/2026 16:57:07,1.17.3,StopSig,57,3.80,nan,1,Right_no_left,Left,714,1547,458,262118108,nan,nan,nan
10/1/2026 17:34:05,1.17.3,StopSig,57,3.79,nan,1,Right_no_left,Left,714,1548,458,262119393,nan,nan,nan
10/1/2026 17:34:08,1.17.3,StopSig,57,3.79,nan,1,Right_no_left,Left,714,1549,458,264337761,nan,nan,nan
10/1/2026 17:34:11,1.17.3,StopSig,57,3.79,nan,1,Right_no_left,Left,714,1550,458,264340329,nan,nan,nan
10/1/2026 17:39:13,1.17.3,StopSig,57,3.79,nan,1,Right_no_left,Left,714,1551,458,264343045,nan,nan,nan
10/1/2026 17:39:13,1.17.3,StopSig,57,3.79,nan,1,Right_no_left,Left,714,1552,458,264644814,nan,nan,nan
10/1/2026 17:39:15,1.17.3,StopSig,57,3.79,nan,1,>Left_Regular_trial,Left,715,1552,458,264646812,nan,nan,nan
10/1/2026 17:39:16,1.17.3,StopSig,57,3.79,nan,1,Right_Regular_(correct),Left,715,1553,458,264648241,nan,nan,nan
10/1/2026 17:39:17,1.17.3,StopSig,57,3.79,1,1,Pellet,Left,715,1553,459,264648241,0.11,2552,nan
10/1/2026 17:39:33,1.17.3,StopSig,57,3.79,nan,1,>Left_Regular_trial,Left,716,1553,459,264665001,nan,nan,nan
10/1/2026 17:39:34,1.17.3,StopSig,57,3.79,nan,1,Right_Regular_(correct),Left,716,1554,459,264666001,nan,nan,nan
10/1/2026 17:39:35,1.17.3,StopSig,57,3.78,1,1,Pellet,Left,716,1554,460,264666001,0.22,18,nan
10/1/2026 17:39:47,1.17.3,StopSig,57,3.78,nan,1,>Left_Regular_trial,Left,717,1554,460,264678649,nan,nan,nan
10/1/2026 17:39:47,1.17.3,StopSig,57,3.80,nan,1,Right_Regular_(correct),Left,717,1555,460,264679648,nan,nan,nan
10/1/2026 17:39:49,1.17.3,StopSig,57,3.79,1,1,Pellet,Left,717,1555,461,264679648,0.72,14,nan
10/1/2026 17:40:00,1.17.3,StopSig,57,3.79,nan,1,>Left_Stop_trial,Left,718,1555,461,264692063,nan,nan,nan
10/1/2026 17:40:01,1.17.3,StopSig,57,3.79,nan,1,Right_STOP_(incorrect),Left,718,1556,461,264692989,nan,nan,nan
10/1/2026 17:53:12,1.17.3,StopSig,57,3.79,nan,1,Right_no_left,Left,718,1557,461,264692989,nan,nan,nan
10/1/2026 17:53:14,1.17.3,StopSig,57,3.79,nan,1,Right_no_left,Left,718,1558,461,265484810,nan,nan,nan
10/1/2026 17:54:46,1.17.3,StopSig,57,3.79,nan,1,Right_no_left,Left,718,1559,461,265486243,nan,nan,nan
10/1/2026 17:54:48,1.17.3,StopSig,57,3.78,nan,1,>Left_Regular_trial,Left,719,1559,461,265580501,nan,nan,nan
10/1/2026 17:54:49,1.17.3,StopSig,57,3.78,nan,1,Right_Regular_(correct),Left,719,1560,461,265581215,nan,nan,nan
10/1/2026 17:54:50,1.17.3,StopSig,57,3.79,1,1,Pellet,Left,719,1560,462,265581215,0.16,901,nan
10/1/2026 17:55:10,1.17.3,StopSig,57,3.78,nan,1,>Left_Regular_trial,Left,720,1560,462,265602107,nan,nan,nan
10/1/2026 17:55:11,1.17.3,StopSig,57,3.79,nan,1,Right_Regular_(correct),Left,720,1561,462,265603269,nan,nan,nan
10/1/2026 17:55:14,1.17.3,StopSig,57,3.78,3,1,Pellet,Left,720,1561,463,265603269,0.05,24,nan
10/1/2026 17:55:42,1.17.3,StopSig,57,3.78,nan,1,>Left_Stop_trial,Left,721,1561,463,265633539,nan,nan,nan
10/1/2026 17:55:42,1.17.3,StopSig,57,3.78,nan,1,Right_STOP_(incorrect),Left,721,1562,463,265634456,nan,nan,nan
10/1/2026 18:17:00,1.17.3,StopSig,57,3.79,nan,1,Right_no_left,Left,721,1563,463,265634456,nan,nan,nan
10/1/2026 18:17:06,1.17.3,StopSig,57,3.78,nan,1,>Left_Regular_trial,Left,722,1563,463,266917635,nan,nan,nan
10/1/2026 18:17:06,1.17.3,StopSig,57,3.79,nan,1,Right_Regular_(correct),Left,722,1564,463,266918493,nan,nan,nan
10/1/2026 18:17:08,1.17.3,StopSig,57,3.78,1,1,Pellet,Left,722,1564,464,266918493,0.83,1314,nan
10/1/2026 18:17:15,1.17.3,StopSig,57,3.78,nan,1,>Left_Regular_trial,Left,723,1564,464,266926858,nan,nan,nan
10/1/2026 18:17:16,1.17.3,StopSig,57,3.78,nan,1,Right_Regular_(correct),Left,723,1565,464,266927864,nan,nan,nan
10/1/2026 18:17:17,1.17.3,StopSig,57,3.78,1,1,Pellet,Left,723,1565,465,266927864,0.50,9,nan
10/1/2026 18:17:30,1.17.3,StopSig,57,3.78,nan,1,>Left_Regular_trial,Left,724,1565,465,266942291,nan,nan,nan
10/1/2026 18:17:31,1.17.3,StopSig,57,3.79,nan,1,Right_Regular_(correct),Left,724,1566,465,266943291,nan,nan,nan
10/1/2026 18:17:32,1.17.3,StopSig,57,3.78,1,1,Pellet,Left,724,1566,466,266943291,0.33,15,nan
10/1/2026 18:17:43,1.17.3,StopSig,57,3.79,nan,1,>Left_Regular_trial,Left,725,1566,466,266955113,nan,nan,nan
10/1/2026 18:17:45,1.17.3,StopSig,57,3.79,nan,1,Right_Regular_(correct),Left,725,1567,466,266956828,nan,nan,nan
10/1/2026 18:17:46,1.17.3,StopSig,57,3.78,1,1,Pellet,Left,725,1567,467,266956828,0.22,14,nan
10/1/2026 18:17:54,1.17.3,StopSig,57,3.78,nan,1,>Left_Regular_trial,Left,726,1567,467,266966131,nan,nan,nan
10/1/2026 18:17:55,1.17.3,StopSig,57,3.78,nan,1,Right_Regular_(correct),Left,726,1568,467,266967559,nan,nan,nan
10/1/2026 18:17:56,1.17.3,StopSig,57,3.78,1,1,Pellet,Left,726,1568,468,266967559,0.27,10,nan
10/1/2026 18:18:07,1.17.3,StopSig,57,3.78,nan,1,>Left_Stop_trial,Left,727,1568,468,266978843,nan,nan,nan
10/1/2026 18:18:09,1.17.3,StopSig,57,3.78,nan,1,Right_STOP_(incorrect),Left,727,1569,468,266981021,nan,nan,nan
10/1/2026 18:18:39,1.17.3,StopSig,57,3.78,nan,1,>Left_Regular_trial,Left,728,1569,468,267011332,nan,nan,nan
10/1/2026 18:18:43,1.17.3,StopSig,57,3.78,nan,1,NoPoke_Regular_(incorrect),Left,728,1569,468,267015050,nan,nan,nan
10/1/2026 18:21:34,1.17.3,StopSig,57,3.78,nan,1,>Left_Regular_trial,Left,729,1569,468,267185732,nan,nan,nan
10/1/2026 18:21:35,1.17.3,StopSig,57,3.78,nan,1,Right_Regular_(correct),Left,729,1570,468,267187305,nan,nan,nan
10/1/2026 18:21:36,1.17.3,StopSig,57,3.78,nan,1,RightDuringDispense,Left,729,1571,468,267187305,nan,nan,0.36
10/1/2026 18:21:37,1.17.3,StopSig,57,3.78,1,1,Pellet,Left,729,1571,469,267187305,0.44,221,nan
10/1/2026 18:29:29,1.17.3,StopSig,57,3.78,nan,1,Right_no_left,Left,729,1572,469,267187305,nan,nan,nan
10/1/2026 18:31:58,1.17.3,StopSig,57,3.78,nan,1,Right_no_left,Left,729,1573,469,267661796,nan,nan,nan
10/1/2026 18:34:11,1.17.3,StopSig,57,3.78,nan,1,Right_no_left,Left,729,1574,469,267810573,nan,nan,nan
10/1/2026 18:36:54,1.17.3,StopSig,57,3.78,nan,1,>Left_Regular_trial,Left,730,1574,469,268106003,nan,nan,nan
10/1/2026 18:36:54,1.17.3,StopSig,57,3.78,nan,1,Right_Regular_(correct),Left,730,1575,469,268106719,nan,nan,nan
10/1/2026 18:36:55,1.17.3,StopSig,57,3.79,1,1,Pellet,Left,730,1575,470,268106719,0.33,918,nan
10/1/2026 18:44:09,1.17.3,StopSig,57,3.78,nan,1,Right_no_left,Left,730,1576,470,268106719,nan,nan,nan
10/1/2026 18:44:11,1.17.3,StopSig,57,3.78,nan,1,Right_no_left,Left,730,1577,470,268541923,nan,nan,nan
10/1/2026 18:49:17,1.17.3,StopSig,57,3.78,nan,1,>Left_Stop_trial,Left,731,1577,470,268848522,nan,nan,nan
10/1/2026 18:49:17,1.17.3,StopSig,57,3.77,nan,1,Right_STOP_(incorrect),Left,731,1578,470,268849792,nan,nan,nan
10/1/2026 18:50:27,1.17.3,StopSig,57,3.78,nan,1,>Left_Stop_trial,Left,732,1578,470,268918477,nan,nan,nan
10/1/2026 18:50:27,1.17.3,StopSig,57,3.78,nan,1,Right_STOP_(incorrect),Left,732,1579,470,268919211,nan,nan,nan
10/1/2026 18:55:50,1.17.3,StopSig,57,3.78,nan,1,Right_no_left,Left,732,1580,470,268919211,nan,nan,nan
10/1/2026 18:55:51,1.17.3,StopSig,57,3.78,nan,1,>Left_Regular_trial,Left,733,1580,470,269243182,nan,nan,nan
10/1/2026 18:55:52,1.17.3,StopSig,57,3.78,nan,1,Right_Regular_(correct),Left,733,1581,470,269244041,nan,nan,nan
10/1/2026 18:55:53,1.17.3,StopSig,57,3.78,1,1,Pellet,Left,733,1581,471,269244041,0.16,1138,nan
10/1/2026 18:56:37,1.17.3,StopSig,57,3.78,nan,1,>Left_Regular_trial,Left,734,1581,471,269289579,nan,nan,nan
10/1/2026 18:56:38,1.17.3,StopSig,57,3.78,nan,1,Right_Regular_(correct),Left,734,1582,471,269290294,nan,nan,nan
10/1/2026 18:56:39,1.17.3,StopSig,57,3.78,1,1,Pellet,Left,734,1582,472,269290294,0.16,46,nan
10/1/2026 18:56:50,1.17.3,StopSig,57,3.78,nan,1,>Left_Regular_trial,Left,735,1582,472,269302448,nan,nan,nan
10/1/2026 18:56:51,1.17.3,StopSig,57,3.78,nan,1,Right_Regular_(correct),Left,735,1583,472,269303170,nan,nan,nan
10/1/2026 18:56:52,1.17.3,StopSig,57,3.78,1,1,Pellet,Left,735,1583,473,269303170,0.33,13,nan
10/1/2026 18:59:56,1.17.3,StopSig,57,3.78,nan,1,Right_no_left,Left,735,1584,473,269303170,nan,nan,nan
10/1/2026 19:00:13,1.17.3,StopSig,57,3.78,nan,1,Right_no_left,Left,735,1585,473,269488724,nan,nan,nan
10/1/2026 19:00:15,1.17.3,StopSig,57,3.77,nan,1,>Left_Regular_trial,Left,736,1585,473,269507139,nan,nan,nan
10/1/2026 19:00:15,1.17.3,StopSig,57,3.78,nan,1,Right_Regular_(correct),Left,736,1586,473,269507575,nan,nan,nan
10/1/2026 19:00:15,1.17.3,StopSig,57,3.78,nan,1,RightDuringDispense,Left,736,1587,473,269507575,nan,nan,0.00
10/1/2026 19:00:17,1.17.3,StopSig,57,3.78,1,1,Pellet,Left,736,1587,474,269507575,0.39,205,nan
10/1/2026 19:00:53,1.17.3,StopSig,57,3.78,nan,1,Right_no_left,Left,736,1588,474,269507575,nan,nan,nan
10/1/2026 19:02:27,1.17.3,StopSig,57,3.78,nan,1,Right_no_left,Left,736,1589,474,269545795,nan,nan,nan
10/1/2026 19:02:27,1.17.3,StopSig,57,3.78,nan,1,Right_no_left,Left,736,1590,474,269639293,nan,nan,nan
10/1/2026 19:02:29,1.17.3,StopSig,57,3.78,nan,1,>Left_Stop_trial,Left,737,1590,474,269641007,nan,nan,nan
10/1/2026 19:02:32,1.17.3,StopSig,57,3.78,nan,1,Right_STOP_(incorrect),Left,737,1591,474,269644265,nan,nan,nan
10/1/2026 19:05:25,1.17.3,StopSig,57,3.78,nan,1,>Left_Regular_trial,Left,738,1591,474,269817638,nan,nan,nan
10/1/2026 19:05:29,1.17.3,StopSig,57,3.78,nan,1,NoPoke_Regular_(incorrect),Left,738,1591,474,269821063,nan,nan,nan
10/1/2026 19:07:45,1.17.3,StopSig,57,3.78,nan,1,Right_no_left,Left,738,1592,474,269821063,nan,nan,nan
10/1/2026 19:07:46,1.17.3,StopSig,57,3.78,nan,1,>Left_Regular_trial,Left,739,1592,474,269957914,nan,nan,nan
10/1/2026 19:07:46,1.17.3,StopSig,57,3.78,nan,1,Right_Regular_(correct),Left,739,1593,474,269958486,nan,nan,nan
10/1/2026 19:07:48,1.17.3,StopSig,57,3.78,1,1,Pellet,Left,739,1593,475,269958486,0.66,451,nan
10/1/2026 19:12:27,1.17.3,StopSig,57,3.78,nan,1,>Left_Stop_trial,Left,740,1593,475,270238854,nan,nan,nan
10/1/2026 19:12:30,1.17.3,StopSig,57,3.78,nan,1,NoPoke_STOP_(correct),Left,740,1593,475,270242198,nan,nan,nan
10/1/2026 19:12:31,1.17.3,StopSig,57,3.78,1,1,Pellet,Left,740,1593,476,270242198,0.39,283,nan
10/1/2026 19:14:42,1.17.3,StopSig,57,3.78,nan,1,>Left_Regular_trial,Left,741,1593,476,270374701,nan,nan,nan
10/1/2026 19:14:46,1.17.3,StopSig,57,3.78,nan,1,NoPoke_Regular_(incorrect),Left,741,1593,476,270378121,nan,nan,nan
10/1/2026 19:18:09,1.17.3,StopSig,57,3.76,nan,1,>Left_Stop_trial,Left,742,1593,476,270580993,nan,nan,nan
10/1/2026 19:18:13,1.17.3,StopSig,57,3.76,nan,1,NoPoke_STOP_(correct),Left,742,1593,476,270585185,nan,nan,nan
10/1/2026 19:18:15,1.17.3,StopSig,57,3.75,1,1,Pellet,Left,742,1593,477,270585185,1.16,344,nan
10/1/2026 19:19:35,1.17.3,StopSig,57,3.75,nan,1,Right_no_left,Left,742,1594,477,270585185,nan,nan,nan
10/1/2026 19:19:47,1.17.3,StopSig,57,3.76,nan,1,Right_no_left,Left,742,1595,477,270668044,nan,nan,nan
10/1/2026 19:19:57,1.17.3,StopSig,57,3.78,nan,1,Right_no_left,Left,742,1596,477,270679591,nan,nan,nan
10/1/2026 19:19:59,1.17.3,StopSig,57,3.78,nan,1,>Left_Stop_trial,Left,743,1596,477,270691138,nan,nan,nan
10/1/2026 19:20:03,1.17.3,StopSig,57,3.78,nan,1,NoPoke_STOP_(correct),Left,743,1596,477,270695144,nan,nan,nan
10/1/2026 19:20:07,1.17.3,StopSig,57,3.78,1,1,Pellet,Left,743,1596,478,270695144,3.40,112,nan
10/1/2026 19:21:18,1.17.3,StopSig,57,3.78,nan,1,Right_no_left,Left,743,1597,478,270695144,nan,nan,nan
10/1/2026 19:21:24,1.17.3,StopSig,57,3.78,nan,1,>Left_Stop_trial,Left,744,1597,478,270776030,nan,nan,nan
10/1/2026 19:21:28,1.17.3,StopSig,57,3.78,nan,1,NoPoke_STOP_(correct),Left,744,1597,478,270780220,nan,nan,nan
10/1/2026 19:21:29,1.17.3,StopSig,57,3.78,1,1,Pellet,Left,744,1597,479,270780220,0.55,82,nan
10/1/2026 19:22:40,1.17.3,StopSig,57,3.78,nan,1,>Left_Regular_trial,Left,745,1597,479,270852076,nan,nan,nan
10/1/2026 19:22:41,1.17.3,StopSig,57,3.78,nan,1,Right_Regular_(correct),Left,745,1598,479,270853789,nan,nan,nan
10/1/2026 19:22:42,1.17.3,StopSig,57,3.78,1,1,Pellet,Left,745,1598,480,270853789,0.22,73,nan
10/1/2026 19:27:42,1.17.3,StopSig,57,3.78,nan,1,>Left_Stop_trial,Left,746,1598,480,271154317,nan,nan,nan
10/1/2026 19:27:46,1.17.3,StopSig,57,3.78,nan,1,NoPoke_STOP_(correct),Left,746,1598,480,271158140,nan,nan,nan
10/1/2026 19:27:47,1.17.3,StopSig,57,3.78,1,1,Pellet,Left,746,1598,481,271158140,0.78,305,nan
10/1/2026 19:32:44,1.17.3,StopSig,57,3.78,nan,1,>Left_Regular_trial,Left,747,1598,481,271456419,nan,nan,nan
10/1/2026 19:32:45,1.17.3,StopSig,57,3.78,nan,1,Right_Regular_(correct),Left,747,1599,481,271457426,nan,nan,nan
10/1/2026 19:32:46,1.17.3,StopSig,57,3.77,1,1,Pellet,Left,747,1599,482,271457426,0.27,299,nan
10/1/2026 19:37:52,1.17.3,StopSig,57,3.78,nan,1,>Left_Stop_trial,Left,748,1599,482,271764093,nan,nan,nan
10/1/2026 19:37:52,1.17.3,StopSig,57,3.78,nan,1,Right_STOP_(incorrect),Left,748,1600,482,271764967,nan,nan,nan
10/1/2026 19:40:27,1.17.3,StopSig,57,3.78,nan,1,Right_no_left,Left,748,1601,482,271764967,nan,nan,nan
10/1/2026 19:40:28,1.17.3,StopSig,57,3.78,nan,1,>Left_Regular_trial,Left,749,1601,482,271920305,nan,nan,nan
10/1/2026 19:40:28,1.17.3,StopSig,57,3.78,nan,1,Right_Regular_(correct),Left,749,1602,482,271920878,nan,nan,nan
10/1/2026 19:40:30,1.17.3,StopSig,57,3.78,1,1,Pellet,Left,749,1602,483,271920878,0.61,464,nan
10/1/2026 19:43:18,1.17.3,StopSig,57,3.78,nan,1,>Left_Stop_trial,Left,750,1602,483,272090261,nan,nan,nan
10/1/2026 19:43:18,1.17.3,StopSig,57,3.78,nan,1,Right_STOP_(incorrect),Left,750,1603,483,272090982,nan,nan,nan
10/1/2026 19:43:51,1.17.3,StopSig,57,3.78,nan,1,Right_no_left,Left,750,1604,483,272090982,nan,nan,nan
10/1/2026 19:43:55,1.17.3,StopSig,57,3.78,nan,1,>Left_Regular_trial,Left,751,1604,483,272127721,nan,nan,nan
10/1/2026 19:43:56,1.17.3,StopSig,57,3.78,nan,1,Right_Regular_(correct),Left,751,1605,483,272128436,nan,nan,nan
10/1/2026 19:43:57,1.17.3,StopSig,57,3.77,1,1,Pellet,Left,751,1605,484,272128436,0.27,207,nan
10/1/2026 19:46:59,1.17.3,StopSig,57,3.78,nan,1,>Left_Regular_trial,Left,752,1605,484,272311057,nan,nan,nan
10/1/2026 19:46:59,1.17.3,StopSig,57,3.78,nan,1,Right_Regular_(correct),Left,752,1606,484,272311773,nan,nan,nan
10/1/2026 19:47:02,1.17.3,StopSig,57,3.78,2,1,Pellet,Left,752,1606,485,272311773,0.22,185,nan
10/1/2026 20:04:13,1.17.3,StopSig,57,3.78,nan,1,Right_no_left,Left,752,1607,485,272311773,nan,nan,nan
10/1/2026 20:04:14,1.17.3,StopSig,57,3.78,nan,1,>Left_Stop_trial,Left,753,1607,485,273346004,nan,nan,nan
10/1/2026 20:04:14,1.17.3,StopSig,57,3.78,nan,1,Right_STOP_(incorrect),Left,753,1608,485,273346716,nan,nan,nan
10/1/2026 20:06:21,1.17.3,StopSig,57,3.78,nan,1,>Left_Regular_trial,Left,754,1608,485,273473007,nan,nan,nan
10/1/2026 20:06:22,1.17.3,StopSig,57,3.78,nan,1,Right_Regular_(correct),Left,754,1609,485,273474581,nan,nan,nan
10/1/2026 20:06:23,1.17.3,StopSig,57,3.78,1,1,Pellet,Left,754,1609,486,273474581,0.44,1161,nan
10/1/2026 20:07:25,1.17.3,StopSig,57,3.78,nan,1,Right_no_left,Left,754,1610,486,273474581,nan,nan,nan
10/1/2026 20:09:19,1.17.3,StopSig,57,3.77,nan,1,Right_no_left,Left,754,1611,486,273537334,nan,nan,nan
10/1/2026 20:09:22,1.17.3,StopSig,57,3.78,nan,1,Right_no_left,Left,754,1612,486,273652055,nan,nan,nan
10/1/2026 20:09:22,1.17.3,StopSig,57,3.77,nan,1,Right_no_left,Left,754,1613,486,273654340,nan,nan,nan
10/1/2026 20:13:52,1.17.3,StopSig,57,3.78,nan,1,>Left_Regular_trial,Left,755,1613,486,273924237,nan,nan,nan
10/1/2026 20:13:53,1.17.3,StopSig,57,3.78,nan,1,Right_Regular_(correct),Left,755,1614,486,273925809,nan,nan,nan
10/1/2026 20:13:54,1.17.3,StopSig,57,3.78,1,1,Pellet,Left,755,1614,487,273925809,0.22,451,nan
10/1/2026 20:14:19,1.17.3,StopSig,57,3.78,nan,1,Right_no_left,Left,755,1615,487,273925809,nan,nan,nan
10/1/2026 20:15:19,1.17.3,StopSig,57,3.78,nan,1,>Left_Regular_trial,Left,756,1615,487,274011640,nan,nan,nan
10/1/2026 20:15:23,1.17.3,StopSig,57,3.78,nan,1,NoPoke_Regular_(incorrect),Left,756,1615,487,274015353,nan,nan,nan
10/1/2026 20:16:53,1.17.3,StopSig,57,3.78,nan,1,Right_no_left,Left,756,1616,487,274015353,nan,nan,nan
10/1/2026 20:17:17,1.17.3,StopSig,57,3.77,nan,1,Right_no_left,Left,756,1617,487,274105486,nan,nan,nan
10/1/2026 20:17:19,1.17.3,StopSig,57,3.77,nan,1,Right_no_left,Left,756,1618,487,274130035,nan,nan,nan
10/1/2026 20:17:41,1.17.3,StopSig,57,3.78,nan,1,Right_no_left,Left,756,1619,487,274131891,nan,nan,nan
10/1/2026 20:17:42,1.17.3,StopSig,57,3.78,nan,1,Right_no_left,Left,756,1620,487,274154154,nan,nan,nan
10/1/2026 20:17:43,1.17.3,StopSig,57,3.78,nan,1,Right_no_left,Left,756,1621,487,274154584,nan,nan,nan
10/1/2026 20:17:43,1.17.3,StopSig,57,3.77,nan,1,Right_no_left,Left,756,1622,487,274155449,nan,nan,nan
10/1/2026 20:17:47,1.17.3,StopSig,57,3.78,nan,1,>Left_Regular_trial,Left,757,1622,487,274159876,nan,nan,nan
10/1/2026 20:17:49,1.17.3,StopSig,57,3.78,nan,1,Right_Regular_(correct),Left,757,1623,487,274162018,nan,nan,nan
10/1/2026 20:17:50,1.17.3,StopSig,57,3.78,1,1,Pellet,Left,757,1623,488,274162018,0.27,236,nan
10/1/2026 20:18:26,1.17.3,StopSig,57,3.78,nan,1,>Left_Regular_trial,Left,758,1623,488,274198625,nan,nan,nan
10/1/2026 20:18:27,1.17.3,StopSig,57,3.77,nan,1,Right_Regular_(correct),Left,758,1624,488,274199199,nan,nan,nan
10/1/2026 20:18:30,1.17.3,StopSig,57,3.78,3,1,Pellet,Left,758,1624,489,274199199,0.11,40,nan
10/1/2026 20:27:13,1.17.3,StopSig,57,3.76,nan,1,Right_no_left,Left,758,1625,489,274199199,nan,nan,nan
10/1/2026 20:27:14,1.17.3,StopSig,57,3.77,nan,1,Right_no_left,Left,758,1626,489,274726000,nan,nan,nan
10/1/2026 20:27:14,1.17.3,StopSig,57,3.78,nan,1,Right_no_left,Left,758,1627,489,274726437,nan,nan,nan
10/1/2026 20:27:20,1.17.3,StopSig,57,3.77,nan,1,Right_no_left,Left,758,1628,489,274727010,nan,nan,nan
10/1/2026 20:27:21,1.17.3,StopSig,57,3.77,nan,1,Right_no_left,Left,758,1629,489,274732872,nan,nan,nan
10/1/2026 20:27:26,1.17.3,StopSig,57,3.78,nan,1,Right_no_left,Left,758,1630,489,274733302,nan,nan,nan
10/1/2026 20:27:26,1.17.3,StopSig,57,3.77,nan,1,Right_no_left,Left,758,1631,489,274738737,nan,nan,nan
10/1/2026 20:36:20,1.17.3,StopSig,57,3.77,nan,1,>Left_Regular_trial,Left,759,1631,489,275272943,nan,nan,nan
10/1/2026 20:36:21,1.17.3,StopSig,57,3.78,nan,1,Right_Regular_(correct),Left,759,1632,489,275273659,nan,nan,nan
10/1/2026 20:36:22,1.17.3,StopSig,57,3.77,1,1,Pellet,Left,759,1632,490,275273659,0.27,1072,nan
10/1/2026 20:37:42,1.17.3,StopSig,57,3.77,nan,1,Right_no_left,Left,759,1633,490,275273659,nan,nan,nan
10/1/2026 20:40:30,1.17.3,StopSig,57,3.77,nan,1,>Left_Regular_trial,Left,760,1633,490,275522329,nan,nan,nan
10/1/2026 20:40:31,1.17.3,StopSig,57,3.77,nan,1,Right_Regular_(correct),Left,760,1634,490,275523337,nan,nan,nan
10/1/2026 20:40:32,1.17.3,StopSig,57,3.77,1,1,Pellet,Left,760,1634,491,275523337,0.44,250,nan
10/1/2026 20:43:04,1.17.3,StopSig,57,3.78,nan,1,Right_no_left,Left,760,1635,491,275523337,nan,nan,nan
10/1/2026 20:43:11,1.17.3,StopSig,57,3.77,nan,1,>Left_Regular_trial,Left,761,1635,491,275683828,nan,nan,nan
10/1/2026 20:43:13,1.17.3,StopSig,57,3.78,nan,1,Right_Regular_(correct),Left,761,1636,491,275685542,nan,nan,nan
10/1/2026 20:43:16,1.17.3,StopSig,57,3.77,2,1,Pellet,Left,761,1636,492,275685542,0.39,164,nan
10/1/2026 20:46:04,1.17.3,StopSig,57,3.77,nan,1,>Left_Regular_trial,Left,762,1636,492,275856204,nan,nan,nan
10/1/2026 20:46:04,1.17.3,StopSig,57,3.77,nan,1,Right_Regular_(correct),Left,762,1637,492,275857063,nan,nan,nan
10/1/2026 20:46:05,1.17.3,StopSig,57,3.77,1,1,Pellet,Left,762,1637,493,275857063,0.22,169,nan
10/1/2026 20:46:49,1.17.3,StopSig,57,3.77,nan,1,Right_no_left,Left,762,1638,493,275857063,nan,nan,nan
10/1/2026 20:46:49,1.17.3,StopSig,57,3.76,nan,1,Right_no_left,Left,762,1639,493,275901329,nan,nan,nan
10/1/2026 20:48:42,1.17.3,StopSig,57,3.77,nan,1,>Left_Regular_trial,Left,763,1639,493,276014238,nan,nan,nan
10/1/2026 20:48:46,1.17.3,StopSig,57,3.77,nan,1,NoPoke_Regular_(incorrect),Left,763,1639,493,276018385,nan,nan,nan
10/1/2026 20:50:34,1.17.3,StopSig,57,3.77,nan,1,Right_no_left,Left,763,1640,493,276018385,nan,nan,nan
10/1/2026 20:50:36,1.17.3,StopSig,57,3.77,nan,1,Right_no_left,Left,763,1641,493,276126894,nan,nan,nan
10/1/2026 20:50:37,1.17.3,StopSig,57,3.77,nan,1,>Left_Regular_trial,Left,764,1641,493,276129617,nan,nan,nan
10/1/2026 20:50:38,1.17.3,StopSig,57,3.77,nan,1,Right_Regular_(correct),Left,764,1642,493,276130618,nan,nan,nan
10/1/2026 20:50:39,1.17.3,StopSig,57,3.76,1,1,Pellet,Left,764,1642,494,276130618,0.11,274,nan
10/1/2026 20:52:30,1.17.3,StopSig,57,3.78,nan,1,>Left_Regular_trial,Left,765,1642,494,276242748,nan,nan,nan
10/1/2026 20:52:31,1.17.3,StopSig,57,3.76,nan,1,Right_Regular_(correct),Left,765,1643,494,276243464,nan,nan,nan
10/1/2026 20:52:32,1.17.3,StopSig,57,3.76,1,1,Pellet,Left,765,1643,495,276243464,0.27,113,nan
10/1/2026 20:52:59,1.17.3,StopSig,57,3.77,nan,1,Right_no_left,Left,765,1644,495,276243464,nan,nan,nan
10/1/2026 20:53:00,1.17.3,StopSig,57,3.77,nan,1,Right_no_left,Left,765,1645,495,276272192,nan,nan,nan
10/1/2026 20:53:07,1.17.3,StopSig,57,3.77,nan,1,Right_no_left,Left,765,1646,495,276272622,nan,nan,nan
10/1/2026 20:53:15,1.17.3,StopSig,57,3.78,nan,1,>Left_Regular_trial,Left,766,1646,495,276287777,nan,nan,nan
10/1/2026 20:53:19,1.17.3,StopSig,57,3.77,nan,1,NoPoke_Regular_(incorrect),Left,766,1646,495,276291352,nan,nan,nan
10/1/2026 20:57:05,1.17.3,StopSig,57,3.77,nan,1,Right_no_left,Left,766,1647,495,276291352,nan,nan,nan
10/1/2026 20:57:14,1.17.3,StopSig,57,3.77,nan,1,Right_no_left,Left,766,1648,495,276517714,nan,nan,nan
10/1/2026 20:57:23,1.17.3,StopSig,57,3.77,nan,1,Right_no_left,Left,766,1649,495,276526572,nan,nan,nan
10/1/2026 20:57:39,1.17.3,StopSig,57,3.77,nan,1,Right_no_left,Left,766,1650,495,276535443,nan,nan,nan
10/1/2026 20:57:40,1.17.3,StopSig,57,3.77,nan,1,Right_no_left,Left,766,1651,495,276552308,nan,nan,nan
10/1/2026 20:57:41,1.17.3,StopSig,57,3.77,nan,1,>Left_Stop_trial,Left,767,1651,495,276553607,nan,nan,nan
10/1/2026 20:57:45,1.17.3,StopSig,57,3.77,nan,1,NoPoke_STOP_(correct),Left,767,1651,495,276557444,nan,nan,nan
10/1/2026 20:57:45,1.17.3,StopSig,57,3.77,nan,1,RightDuringDispense,Left,767,1652,495,276557444,nan,nan,0.03
10/1/2026 20:57:47,1.17.3,StopSig,57,3.77,1,1,Pellet,Left,767,1652,496,276557444,0.78,315,nan
10/1/2026 21:02:10,1.17.3,StopSig,57,3.77,nan,1,Right_no_left,Left,767,1653,496,276557444,nan,nan,nan
10/1/2026 21:02:16,1.17.3,StopSig,57,3.77,nan,1,Right_no_left,Left,767,1654,496,276823322,nan,nan,nan
10/1/2026 21:02:17,1.17.3,StopSig,57,3.77,nan,1,>Left_Stop_trial,Left,768,1654,496,276829465,nan,nan,nan
10/1/2026 21:02:18,1.17.3,StopSig,57,3.77,nan,1,Right_STOP_(incorrect),Left,768,1655,496,276830283,nan,nan,nan
10/1/2026 21:09:02,1.17.3,StopSig,57,3.77,nan,1,Right_no_left,Left,768,1656,496,276830283,nan,nan,nan
10/1/2026 21:09:03,1.17.3,StopSig,57,3.77,nan,1,>Left_Regular_trial,Left,769,1656,496,277235829,nan,nan,nan
10/1/2026 21:09:04,1.17.3,StopSig,57,3.77,nan,1,Right_Regular_(correct),Left,769,1657,496,277236545,nan,nan,nan
10/1/2026 21:09:05,1.17.3,StopSig,57,3.77,1,1,Pellet,Left,769,1657,497,277236545,0.22,678,nan
10/1/2026 21:10:43,1.17.3,StopSig,57,3.77,nan,1,>Left_Stop_trial,Left,770,1657,497,277335293,nan,nan,nan
10/1/2026 21:10:44,1.17.3,StopSig,57,3.77,nan,1,Right_STOP_(incorrect),Left,770,1658,497,277336251,nan,nan,nan
10/1/2026 21:13:23,1.17.3,StopSig,57,3.77,nan,1,Right_no_left,Left,770,1659,497,277336251,nan,nan,nan
10/1/2026 21:14:16,1.17.3,StopSig,57,3.77,nan,1,Right_no_left,Left,770,1660,497,277495910,nan,nan,nan
10/1/2026 21:16:01,1.17.3,StopSig,57,3.77,nan,1,Right_no_left,Left,770,1661,497,277549094,nan,nan,nan
10/1/2026 21:22:51,1.17.3,StopSig,57,3.77,nan,1,>Left_Regular_trial,Left,771,1661,497,278063845,nan,nan,nan
10/1/2026 21:22:52,1.17.3,StopSig,57,3.77,nan,1,Right_Regular_(correct),Left,771,1662,497,278064993,nan,nan,nan
10/1/2026 21:22:55,1.17.3,StopSig,57,3.77,2,1,Pellet,Left,771,1662,498,278064993,0.11,830,nan
10/1/2026 21:24:09,1.17.3,StopSig,57,3.77,nan,1,Right_no_left,Left,771,1663,498,278064993,nan,nan,nan
10/1/2026 21:24:11,1.17.3,StopSig,57,3.77,nan,1,>Left_Stop_trial,Left,772,1663,498,278143103,nan,nan,nan
10/1/2026 21:24:12,1.17.3,StopSig,57,3.77,nan,1,Right_STOP_(incorrect),Left,772,1664,498,278144325,nan,nan,nan
10/1/2026 21:24:42,1.17.3,StopSig,57,3.77,nan,1,Right_no_left,Left,772,1665,498,278144325,nan,nan,nan
10/1/2026 21:24:43,1.17.3,StopSig,57,3.76,nan,1,Right_no_left,Left,772,1666,498,278175215,nan,nan,nan
10/1/2026 21:24:45,1.17.3,StopSig,57,3.76,nan,1,>Left_Stop_trial,Left,773,1666,498,278176931,nan,nan,nan
10/1/2026 21:24:45,1.17.3,StopSig,57,3.77,nan,1,Right_STOP_(incorrect),Left,773,1667,498,278177706,nan,nan,nan
10/1/2026 21:26:46,1.17.3,StopSig,57,3.77,nan,1,Right_no_left,Left,773,1668,498,278177706,nan,nan,nan
10/1/2026 21:26:47,1.17.3,StopSig,57,3.76,nan,1,Right_no_left,Left,773,1669,498,278298844,nan,nan,nan
10/1/2026 21:27:39,1.17.3,StopSig,57,3.76,nan,1,>Left_Regular_trial,Left,774,1669,498,278351686,nan,nan,nan
10/1/2026 21:27:40,1.17.3,StopSig,57,3.76,nan,1,Right_Regular_(correct),Left,774,1670,498,278353115,nan,nan,nan
10/1/2026 21:27:41,1.17.3,StopSig,57,3.76,1,1,Pellet,Left,774,1670,499,278353115,0.22,286,nan
10/1/2026 21:28:12,1.17.3,StopSig,57,3.77,nan,1,>Left_Regular_trial,Left,775,1670,499,278384583,nan,nan,nan
10/1/2026 21:28:13,1.17.3,StopSig,57,3.77,nan,1,Right_Regular_(correct),Left,775,1671,499,278386012,nan,nan,nan
10/1/2026 21:28:14,1.17.3,StopSig,57,3.77,1,1,Pellet,Left,775,1671,500,278386012,0.39,33,nan
10/1/2026 21:28:49,1.17.3,StopSig,57,3.77,nan,1,>Left_Regular_trial,Left,776,1671,500,278422090,nan,nan,nan
10/1/2026 21:28:50,1.17.3,StopSig,57,3.76,nan,1,Right_Regular_(correct),Left,776,1672,500,278422959,nan,nan,nan
10/1/2026 21:28:54,1.17.3,StopSig,57,3.77,2,1,Pellet,Left,776,1672,501,278422959,0.72,40,nan
10/1/2026 21:29:07,1.17.3,StopSig,57,3.77,nan,1,>Left_Regular_trial,Left,777,1672,501,278439189,nan,nan,nan
10/1/2026 21:29:09,1.17.3,StopSig,57,3.77,nan,1,Right_Regular_(correct),Left,777,1673,501,278441329,nan,nan,nan
10/1/2026 21:29:10,1.17.3,StopSig,57,3.77,1,1,Pellet,Left,777,1673,502,278441329,0.44,16,nan
10/1/2026 21:29:23,1.17.3,StopSig,57,3.76,nan,1,>Left_Regular_trial,Left,778,1673,502,278455663,nan,nan,nan
10/1/2026 21:29:24,1.17.3,StopSig,57,3.76,nan,1,Right_Regular_(correct),Left,778,1674,502,278456528,nan,nan,nan
10/1/2026 21:29:25,1.17.3,StopSig,57,3.77,1,1,Pellet,Left,778,1674,503,278456528,0.22,15,nan
10/1/2026 21:29:35,1.17.3,StopSig,57,3.76,nan,1,>Left_Regular_trial,Left,779,1674,503,278467942,nan,nan,nan
10/1/2026 21:29:36,1.17.3,StopSig,57,3.76,nan,1,Right_Regular_(correct),Left,779,1675,503,278468943,nan,nan,nan
10/1/2026 21:29:37,1.17.3,StopSig,57,3.76,1,1,Pellet,Left,779,1675,504,278468943,0.16,12,nan
10/1/2026 21:29:46,1.17.3,StopSig,57,3.73,nan,1,>Left_Regular_trial,Left,780,1675,504,278479126,nan,nan,nan
10/1/2026 21:29:47,1.17.3,StopSig,57,3.74,nan,1,Right_Regular_(correct),Left,780,1676,504,278479841,nan,nan,nan
10/1/2026 21:29:48,1.17.3,StopSig,57,3.73,1,1,Pellet,Left,780,1676,505,278479841,0.16,11,nan
10/1/2026 21:29:59,1.17.3,StopSig,57,3.74,nan,1,>Left_Regular_trial,Left,781,1676,505,278491677,nan,nan,nan
10/1/2026 21:30:00,1.17.3,StopSig,57,3.77,nan,1,Right_Regular_(correct),Left,781,1677,505,278492535,nan,nan,nan
10/1/2026 21:30:01,1.17.3,StopSig,57,3.76,1,1,Pellet,Left,781,1677,506,278492535,0.55,13,nan
10/1/2026 21:30:11,1.17.3,StopSig,57,3.77,nan,1,>Left_Regular_trial,Left,782,1677,506,278503717,nan,nan,nan
10/1/2026 21:30:12,1.17.3,StopSig,57,3.76,nan,1,Right_Regular_(correct),Left,782,1678,506,278504576,nan,nan,nan
10/1/2026 21:30:13,1.17.3,StopSig,57,3.77,1,1,Pellet,Left,782,1678,507,278504576,0.16,12,nan
10/1/2026 21:30:25,1.17.3,StopSig,57,3.77,nan,1,>Left_Regular_trial,Left,783,1678,507,278517910,nan,nan,nan
10/1/2026 21:30:27,1.17.3,StopSig,57,3.76,nan,1,Right_Regular_(correct),Left,783,1679,507,278519489,nan,nan,nan
10/1/2026 21:30:28,1.17.3,StopSig,57,3.77,nan,1,RightWithPellet,Left,783,1680,507,278519489,nan,nan,0.02
10/1/2026 21:30:28,1.17.3,StopSig,57,3.76,1,1,Pellet,Left,783,1680,508,278519489,0.05,15,nan
10/1/2026 21:34:43,1.17.3,StopSig,57,3.76,nan,1,Right_no_left,Left,783,1681,508,278519489,nan,nan,nan
10/1/2026 21:39:30,1.17.3,StopSig,57,3.76,nan,1,>Left_Regular_trial,Left,784,1681,508,279062586,nan,nan,nan
10/1/2026 21:39:31,1.17.3,StopSig,57,3.77,nan,1,Right_Regular_(correct),Left,784,1682,508,279063445,nan,nan,nan
10/1/2026 21:39:32,1.17.3,StopSig,57,3.76,1,1,Pellet,Left,784,1682,509,279063445,0.50,544,nan
10/1/2026 21:41:03,1.17.3,StopSig,57,3.76,nan,1,Right_no_left,Left,784,1683,509,279063445,nan,nan,nan
10/1/2026 21:43:21,1.17.3,StopSig,57,3.77,nan,1,Right_no_left,Left,784,1684,509,279155504,nan,nan,nan
10/1/2026 21:43:22,1.17.3,StopSig,57,3.76,nan,1,Right_no_left,Left,784,1685,509,279294197,nan,nan,nan
10/1/2026 21:43:23,1.17.3,StopSig,57,3.76,nan,1,Right_no_left,Left,784,1686,509,279294770,nan,nan,nan
10/1/2026 21:43:24,1.17.3,StopSig,57,3.76,nan,1,Right_no_left,Left,784,1687,509,279295629,nan,nan,nan
10/1/2026 21:43:25,1.17.3,StopSig,57,3.77,nan,1,>Left_Regular_trial,Left,785,1687,509,279297202,nan,nan,nan
10/1/2026 21:43:28,1.17.3,StopSig,57,3.76,nan,1,Right_Regular_(correct),Left,785,1688,509,279300347,nan,nan,nan
10/1/2026 21:43:29,1.17.3,StopSig,57,3.76,2,1,Pellet,Left,785,1688,510,279300347,0.16,237,nan
10/1/2026 21:54:41,1.17.3,StopSig,57,3.76,nan,1,Right_no_left,Left,785,1689,510,279300347,nan,nan,nan
10/1/2026 21:58:55,1.17.3,StopSig,57,3.76,nan,1,Right_no_left,Left,785,1690,510,279974106,nan,nan,nan
10/1/2026 22:02:38,1.17.3,StopSig,57,3.76,nan,1,Right_no_left,Left,785,1691,510,280228402,nan,nan,nan
10/1/2026 22:02:39,1.17.3,StopSig,57,3.76,nan,1,>Left_Regular_trial,Left,786,1691,510,280451997,nan,nan,nan
10/1/2026 22:02:40,1.17.3,StopSig,57,3.76,nan,1,Right_Regular_(correct),Left,786,1692,510,280452862,nan,nan,nan
10/1/2026 22:02:41,1.17.3,StopSig,57,3.76,1,1,Pellet,Left,786,1692,511,280452862,0.39,1152,nan
10/1/2026 22:03:50,1.17.3,StopSig,57,3.76,nan,1,Right_no_left,Left,786,1693,511,280452862,nan,nan,nan
10/1/2026 22:07:50,1.17.3,StopSig,57,3.76,nan,1,Right_no_left,Left,786,1694,511,280523326,nan,nan,nan
10/1/2026 22:08:38,1.17.3,StopSig,57,3.76,nan,1,>Left_Stop_trial,Left,787,1694,511,280809822,nan,nan,nan
10/1/2026 22:08:38,1.17.3,StopSig,57,3.76,nan,1,Right_STOP_(incorrect),Left,787,1695,511,280810676,nan,nan,nan
10/1/2026 22:10:55,1.17.3,StopSig,57,3.76,nan,1,Right_no_left,Left,787,1696,511,280810676,nan,nan,nan
10/1/2026 22:10:57,1.17.3,StopSig,57,3.76,nan,1,Right_no_left,Left,787,1697,511,280947582,nan,nan,nan
10/1/2026 22:10:58,1.17.3,StopSig,57,3.76,nan,1,Right_no_left,Left,787,1698,511,280949866,nan,nan,nan
10/1/2026 22:10:59,1.17.3,StopSig,57,3.75,nan,1,Right_no_left,Left,787,1699,511,280950581,nan,nan,nan
10/1/2026 22:11:17,1.17.3,StopSig,57,3.76,nan,1,>Left_Regular_trial,Left,788,1699,511,280969261,nan,nan,nan
10/1/2026 22:11:20,1.17.3,StopSig,57,3.76,nan,1,NoPoke_Regular_(incorrect),Left,788,1699,511,280972686,nan,nan,nan
10/1/2026 22:14:17,1.17.3,StopSig,57,3.76,nan,1,>Left_Regular_trial,Left,789,1699,511,281149582,nan,nan,nan
10/1/2026 22:14:18,1.17.3,StopSig,57,3.76,nan,1,Right_Regular_(correct),Left,789,1700,511,281150868,nan,nan,nan
10/1/2026 22:14:19,1.17.3,StopSig,57,3.76,2,1,Pellet,Left,789,1700,512,281150868,0.39,698,nan
10/1/2026 22:14:59,1.17.3,StopSig,57,3.76,nan,1,>Left_Regular_trial,Left,790,1700,512,281191919,nan,nan,nan
10/1/2026 22:15:00,1.17.3,StopSig,57,3.76,nan,1,Right_Regular_(correct),Left,790,1701,512,281193062,nan,nan,nan
10/1/2026 22:15:03,1.17.3,StopSig,57,3.76,2,1,Pellet,Left,790,1701,513,281193062,0.22,44,nan
10/1/2026 22:15:26,1.17.3,StopSig,57,3.76,nan,1,Right_no_left,Left,790,1702,513,281193062,nan,nan,nan
10/1/2026 22:15:28,1.17.3,StopSig,57,3.76,nan,1,>Left_Regular_trial,Left,791,1702,513,281220366,nan,nan,nan
10/1/2026 22:15:29,1.17.3,StopSig,57,3.76,nan,1,Right_Regular_(correct),Left,791,1703,513,281221514,nan,nan,nan
10/1/2026 22:15:30,1.17.3,StopSig,57,3.76,1,1,Pellet,Left,791,1703,514,281221514,0.22,27,nan
10/1/2026 22:15:57,1.17.3,StopSig,57,3.76,nan,1,>Left_Regular_trial,Left,792,1703,514,281249574,nan,nan,nan
10/1/2026 22:15:57,1.17.3,StopSig,57,3.76,nan,1,Right_Regular_(correct),Left,792,1704,514,281250147,nan,nan,nan
10/1/2026 22:15:58,1.17.3,StopSig,57,3.76,1,1,Pellet,Left,792,1704,515,281250147,0.27,28,nan
10/1/2026 22:18:06,1.17.3,StopSig,57,3.76,nan,1,>Left_Regular_trial,Left,793,1704,515,281379249,nan,nan,nan
10/1/2026 22:18:07,1.17.3,StopSig,57,3.76,nan,1,Right_Regular_(correct),Left,793,1705,515,281379821,nan,nan,nan
10/1/2026 22:18:08,1.17.3,StopSig,57,3.76,1,1,Pellet,Left,793,1705,516,281379821,0.16,130,nan
10/1/2026 22:27:06,1.17.3,StopSig,57,3.76,nan,1,Right_no_left,Left,793,1706,516,281379821,nan,nan,nan
10/1/2026 22:27:19,1.17.3,StopSig,57,3.76,nan,1,>Left_Regular_trial,Left,794,1706,516,281931777,nan,nan,nan
10/1/2026 22:27:20,1.17.3,StopSig,57,3.76,nan,1,Right_Regular_(correct),Left,794,1707,516,281932920,nan,nan,nan
10/1/2026 22:27:21,1.17.3,StopSig,57,3.76,1,1,Pellet,Left,794,1707,517,281932920,0.44,553,nan
10/1/2026 22:27:50,1.17.3,StopSig,57,3.76,nan,1,Right_no_left,Left,794,1708,517,281932920,nan,nan,nan
10/1/2026 22:27:52,1.17.3,StopSig,57,3.76,nan,1,Right_no_left,Left,794,1709,517,281962798,nan,nan,nan
10/1/2026 22:27:53,1.17.3,StopSig,57,3.76,nan,1,Right_no_left,Left,794,1710,517,281965517,nan,nan,nan
10/1/2026 22:27:55,1.17.3,StopSig,57,3.76,nan,1,Right_no_left,Left,794,1711,517,281965946,nan,nan,nan
10/1/2026 22:28:13,1.17.3,StopSig,57,3.76,nan,1,>Left_Regular_trial,Left,795,1711,517,281986179,nan,nan,nan
10/1/2026 22:28:15,1.17.3,StopSig,57,3.76,nan,1,Right_Regular_(correct),Left,795,1712,517,281987749,nan,nan,nan
10/1/2026 22:28:16,1.17.3,StopSig,57,3.76,1,1,Pellet,Left,795,1712,518,281987749,0.33,55,nan
10/1/2026 22:28:57,1.17.3,StopSig,57,3.76,nan,1,Right_no_left,Left,795,1713,518,281987749,nan,nan,nan
10/1/2026 22:43:34,1.17.3,StopSig,57,3.76,nan,1,>Left_Regular_trial,Left,796,1713,518,282906694,nan,nan,nan
10/1/2026 22:43:34,1.17.3,StopSig,57,3.76,nan,1,Right_Regular_(correct),Left,796,1714,518,282907124,nan,nan,nan
10/1/2026 22:43:35,1.17.3,StopSig,57,3.76,1,1,Pellet,Left,796,1714,519,282907124,0.16,919,nan
10/1/2026 22:43:59,1.17.3,StopSig,57,3.76,nan,1,Right_no_left,Left,796,1715,519,282907124,nan,nan,nan
10/1/2026 22:51:44,1.17.3,StopSig,57,3.76,nan,1,>Left_Regular_trial,Left,797,1715,519,283397004,nan,nan,nan
10/1/2026 22:51:45,1.17.3,StopSig,57,3.76,nan,1,Right_Regular_(correct),Left,797,1716,519,283397861,nan,nan,nan
10/1/2026 22:51:46,1.17.3,StopSig,57,3.76,1,1,Pellet,Left,797,1716,520,283397861,0.33,491,nan
10/1/2026 22:52:09,1.17.3,StopSig,57,3.76,nan,1,Right_no_left,Left,797,1717,520,283397861,nan,nan,nan
10/1/2026 22:52:10,1.17.3,StopSig,57,3.76,nan,1,Right_no_left,Left,797,1718,520,283422045,nan,nan,nan
10/1/2026 22:55:28,1.17.3,StopSig,57,3.76,nan,1,Right_no_left,Left,797,1719,520,283422767,nan,nan,nan
10/1/2026 22:55:30,1.17.3,StopSig,57,3.76,nan,1,Right_no_left,Left,797,1720,520,283620929,nan,nan,nan
10/1/2026 22:56:17,1.17.3,StopSig,57,3.76,nan,1,Right_no_left,Left,797,1721,520,283623358,nan,nan,nan
10/1/2026 23:01:30,1.17.3,StopSig,57,3.76,nan,1,Right_no_left,Left,797,1722,520,283670507,nan,nan,nan
10/1/2026 23:01:32,1.17.3,StopSig,57,3.75,nan,1,Right_no_left,Left,797,1723,520,283983221,nan,nan,nan
10/1/2026 23:01:32,1.17.3,StopSig,57,3.75,nan,1,Right_no_left,Left,797,1724,520,283985085,nan,nan,nan
10/1/2026 23:11:30,1.17.3,StopSig,57,3.76,nan,1,Right_no_left,Left,797,1725,520,283985515,nan,nan,nan
10/1/2026 23:17:09,1.17.3,StopSig,57,3.76,nan,1,>Left_Regular_trial,Left,798,1725,520,284921804,nan,nan,nan
10/1/2026 23:17:10,1.17.3,StopSig,57,3.75,nan,1,Right_Regular_(correct),Left,798,1726,520,284922805,nan,nan,nan
10/1/2026 23:17:11,1.17.3,StopSig,57,3.75,1,1,Pellet,Left,798,1726,521,284922805,0.44,1525,nan
10/1/2026 23:22:01,1.17.3,StopSig,57,3.76,nan,1,>Left_Stop_trial,Left,799,1726,521,285213623,nan,nan,nan
10/1/2026 23:22:02,1.17.3,StopSig,57,3.76,nan,1,Right_STOP_(incorrect),Left,799,1727,521,285215104,nan,nan,nan
10/1/2026 23:23:17,1.17.3,StopSig,57,3.75,nan,1,>Left_Regular_trial,Left,800,1727,521,285290234,nan,nan,nan
10/1/2026 23:23:18,1.17.3,StopSig,57,3.76,nan,1,Right_Regular_(correct),Left,800,1728,521,285290816,nan,nan,nan
10/1/2026 23:23:19,1.17.3,StopSig,57,3.76,1,1,Pellet,Left,800,1728,522,285290816,0.16,368,nan
10/1/2026 23:23:58,1.17.3,StopSig,57,3.76,nan,1,>Left_Regular_trial,Left,801,1728,522,285330981,nan,nan,nan
10/1/2026 23:23:59,1.17.3,StopSig,57,3.76,nan,1,Right_Regular_(correct),Left,801,1729,522,285331840,nan,nan,nan
10/1/2026 23:24:00,1.17.3,StopSig,57,3.75,1,1,Pellet,Left,801,1729,523,285331840,0.27,41,nan
10/1/2026 23:24:50,1.17.3,StopSig,57,3.75,nan,1,Right_no_left,Left,801,1730,523,285331840,nan,nan,nan
10/1/2026 23:24:51,1.17.3,StopSig,57,3.75,nan,1,Right_no_left,Left,801,1731,523,285383213,nan,nan,nan
10/1/2026 23:24:53,1.17.3,StopSig,57,3.75,nan,1,>Left_Regular_trial,Left,802,1731,523,285386212,nan,nan,nan
10/1/2026 23:24:54,1.17.3,StopSig,57,3.75,nan,1,Right_Regular_(correct),Left,802,1732,523,285387070,nan,nan,nan
10/1/2026 23:24:55,1.17.3,StopSig,57,3.75,1,1,Pellet,Left,802,1732,524,285387070,0.22,55,nan
10/1/2026 23:25:18,1.17.3,StopSig,57,3.76,nan,1,>Left_Regular_trial,Left,803,1732,524,285410550,nan,nan,nan
10/1/2026 23:25:18,1.17.3,StopSig,57,3.75,nan,1,Right_Regular_(correct),Left,803,1733,524,285411558,nan,nan,nan
10/1/2026 23:25:30,1.17.3,StopSig,57,3.76,3,1,Pellet,Left,803,1733,525,285411558,6.71,35,nan
10/1/2026 23:27:31,1.17.3,StopSig,57,3.75,nan,1,Right_no_left,Left,803,1734,525,285411558,nan,nan,nan
10/1/2026 23:27:35,1.17.3,StopSig,57,3.75,nan,1,>Left_Stop_trial,Left,804,1734,525,285547131,nan,nan,nan
10/1/2026 23:27:36,1.17.3,StopSig,57,3.76,nan,1,Right_STOP_(incorrect),Left,804,1735,525,285548901,nan,nan,nan
10/1/2026 23:32:52,1.17.3,StopSig,57,3.76,nan,1,Right_no_left,Left,804,1736,525,285548901,nan,nan,nan
10/1/2026 23:33:01,1.17.3,StopSig,57,3.76,nan,1,>Left_Regular_trial,Left,805,1736,525,285874114,nan,nan,nan
10/1/2026 23:33:04,1.17.3,StopSig,57,3.75,nan,1,Right_Regular_(correct),Left,805,1737,525,285876832,nan,nan,nan
10/1/2026 23:33:07,1.17.3,StopSig,57,3.75,2,1,Pellet,Left,805,1737,526,285876832,0.50,457,nan
10/1/2026 23:44:33,1.17.3,StopSig,57,3.75,nan,1,>Left_Regular_trial,Left,806,1737,526,286565859,nan,nan,nan
10/1/2026 23:44:37,1.17.3,StopSig,57,3.75,nan,1,NoPoke_Regular_(incorrect),Left,806,1737,526,286569868,nan,nan,nan
10/1/2026 23:47:42,1.17.3,StopSig,57,3.74,nan,1,Right_no_left,Left,806,1738,526,286569868,nan,nan,nan
10/1/2026 23:48:45,1.17.3,StopSig,57,3.75,nan,1,>Left_Regular_trial,Left,807,1738,526,286817514,nan,nan,nan
10/1/2026 23:48:45,1.17.3,StopSig,57,3.75,nan,1,Right_Regular_(correct),Left,807,1739,526,286818374,nan,nan,nan
10/1/2026 23:48:46,1.17.3,StopSig,57,3.76,1,1,Pellet,Left,807,1739,527,286818374,0.16,939,nan
10/1/2026 23:49:46,1.17.3,StopSig,57,3.75,nan,1,Right_no_left,Left,807,1740,527,286818374,nan,nan,nan
10/1/2026 23:49:48,1.17.3,StopSig,57,3.75,nan,1,Right_no_left,Left,807,1741,527,286878839,nan,nan,nan
10/1/2026 23:54:50,1.17.3,StopSig,57,3.75,nan,1,>Left_Regular_trial,Left,808,1741,527,287183046,nan,nan,nan
10/1/2026 23:54:54,1.17.3,StopSig,57,3.75,nan,1,NoPoke_Regular_(incorrect),Left,808,1741,527,287186903,nan,nan,nan
10/1/2026 23:58:44,1.17.3,StopSig,57,3.75,nan,1,Right_no_left,Left,808,1742,527,287186903,nan,nan,nan
10/2/2026 0:02:29,1.17.3,StopSig,57,3.74,nan,1,Right_no_left,Left,808,1743,527,287417457,nan,nan,nan
10/2/2026 0:02:31,1.17.3,StopSig,57,3.75,nan,1,Right_no_left,Left,808,1744,527,287642541,nan,nan,nan
10/2/2026 0:03:28,1.17.3,StopSig,57,3.75,nan,1,Right_no_left,Left,808,1745,527,287643830,nan,nan,nan
10/2/2026 0:04:21,1.17.3,StopSig,57,3.75,nan,1,Right_no_left,Left,808,1746,527,287701324,nan,nan,nan
10/2/2026 0:04:22,1.17.3,StopSig,57,3.74,nan,1,>Left_Regular_trial,Left,809,1746,527,287755539,nan,nan,nan
10/2/2026 0:04:25,1.17.3,StopSig,57,3.75,nan,1,Right_Regular_(correct),Left,809,1747,527,287757692,nan,nan,nan
10/2/2026 0:04:25,1.17.3,StopSig,57,3.74,1,1,Pellet,Left,809,1747,528,287757692,0.22,939,nan
10/2/2026 0:08:09,1.17.3,StopSig,57,3.74,nan,1,Right_no_left,Left,809,1748,528,287757692,nan,nan,nan
10/2/2026 0:08:41,1.17.3,StopSig,57,3.74,nan,1,Right_no_left,Left,809,1749,528,287982219,nan,nan,nan
10/2/2026 0:08:42,1.17.3,StopSig,57,3.74,nan,1,Right_no_left,Left,809,1750,528,288014022,nan,nan,nan
10/2/2026 1:07:44,1.17.3,StopSig,57,3.74,nan,1,Right_no_left,Left,809,1751,528,288015740,nan,nan,nan
10/2/2026 1:07:47,1.17.3,StopSig,57,3.74,nan,1,Right_no_left,Left,809,1752,528,291557385,nan,nan,nan
10/2/2026 1:14:43,1.17.3,StopSig,57,3.74,nan,1,Right_no_left,Left,809,1753,528,291560812,nan,nan,nan
10/2/2026 1:14:45,1.17.3,StopSig,57,3.74,nan,1,>Left_Regular_trial,Left,810,1753,528,291978230,nan,nan,nan
10/2/2026 1:14:46,1.17.3,StopSig,57,3.74,nan,1,Right_Regular_(correct),Left,810,1754,528,291979521,nan,nan,nan
10/2/2026 1:14:47,1.17.3,StopSig,57,3.74,1,1,Pellet,Left,810,1754,529,291979521,0.39,4222,nan
10/2/2026 1:15:01,1.17.3,StopSig,57,3.74,nan,1,Right_no_left,Left,810,1755,529,291979521,nan,nan,nan
10/2/2026 1:15:02,1.17.3,StopSig,57,3.74,nan,1,Right_no_left,Left,810,1756,529,291994937,nan,nan,nan
10/2/2026 1:15:02,1.17.3,StopSig,57,3.74,nan,1,Right_no_left,Left,810,1757,529,291995223,nan,nan,nan
10/2/2026 1:15:03,1.17.3,StopSig,57,3.74,nan,1,>Left_Regular_trial,Left,811,1757,529,291996514,nan,nan,nan
10/2/2026 1:15:05,1.17.3,StopSig,57,3.74,nan,1,Right_Regular_(correct),Left,811,1758,529,291998225,nan,nan,nan
10/2/2026 1:15:06,1.17.3,StopSig,57,3.74,1,1,Pellet,Left,811,1758,530,291998225,0.27,19,nan
10/2/2026 1:15:19,1.17.3,StopSig,57,3.74,nan,1,>Left_Regular_trial,Left,812,1758,530,292012227,nan,nan,nan
10/2/2026 1:15:20,1.17.3,StopSig,57,3.74,nan,1,Right_Regular_(correct),Left,812,1759,530,292013227,nan,nan,nan
10/2/2026 1:15:21,1.17.3,StopSig,57,3.74,1,1,Pellet,Left,812,1759,531,292013227,0.22,15,nan
10/2/2026 1:15:33,1.17.3,StopSig,57,3.74,nan,1,>Left_Regular_trial,Left,813,1759,531,292026713,nan,nan,nan
10/2/2026 1:15:34,1.17.3,StopSig,57,3.74,nan,1,Right_Regular_(correct),Left,813,1760,531,292027854,nan,nan,nan
10/2/2026 1:15:36,1.17.3,StopSig,57,3.74,1,1,Pellet,Left,813,1760,532,292027854,0.61,15,nan
10/2/2026 1:16:11,1.17.3,StopSig,57,3.74,nan,1,>Left_Regular_trial,Left,814,1760,532,292064412,nan,nan,nan
10/2/2026 1:16:12,1.17.3,StopSig,57,3.74,nan,1,Right_Regular_(correct),Left,814,1761,532,292065418,nan,nan,nan
10/2/2026 1:16:13,1.17.3,StopSig,57,3.74,1,1,Pellet,Left,814,1761,533,292065418,0.22,37,nan
10/2/2026 1:16:27,1.17.3,StopSig,57,3.74,nan,1,>Left_Stop_trial,Left,815,1761,533,292080205,nan,nan,nan
10/2/2026 1:16:28,1.17.3,StopSig,57,3.74,nan,1,Right_STOP_(incorrect),Left,815,1762,533,292081279,nan,nan,nan
10/2/2026 1:17:43,1.17.3,StopSig,57,3.74,nan,1,Right_no_left,Left,815,1763,533,292081279,nan,nan,nan
10/2/2026 1:18:44,1.17.3,StopSig,57,3.71,nan,1,Right_no_left,Left,815,1764,533,292156484,nan,nan,nan
10/2/2026 1:22:28,1.17.3,StopSig,57,3.72,nan,1,Right_no_left,Left,815,1765,533,292217787,nan,nan,nan
10/2/2026 1:26:44,1.17.3,StopSig,57,3.71,nan,1,Right_no_left,Left,815,1766,533,292441172,nan,nan,nan
10/2/2026 1:26:46,1.17.3,StopSig,57,3.71,nan,1,>Left_Regular_trial,Left,816,1766,533,292698821,nan,nan,nan
10/2/2026 1:26:46,1.17.3,StopSig,57,3.71,nan,1,Right_Regular_(correct),Left,816,1767,533,292699822,nan,nan,nan
10/2/2026 1:26:47,1.17.3,StopSig,57,3.74,1,1,Pellet,Left,816,1767,534,292699822,0.27,634,nan
10/2/2026 1:27:04,1.17.3,StopSig,57,3.74,nan,1,Right_no_left,Left,816,1768,534,292699822,nan,nan,nan
10/2/2026 1:33:23,1.17.3,StopSig,57,3.74,nan,1,Right_no_left,Left,816,1769,534,292717509,nan,nan,nan
10/2/2026 1:36:27,1.17.3,StopSig,57,3.74,nan,1,Right_no_left,Left,816,1770,534,293096279,nan,nan,nan
10/2/2026 1:40:54,1.17.3,StopSig,57,3.74,nan,1,Right_no_left,Left,816,1771,534,293280832,nan,nan,nan
10/2/2026 1:44:48,1.17.3,StopSig,57,3.74,nan,1,>Left_Regular_trial,Left,817,1771,534,293781484,nan,nan,nan
10/2/2026 1:44:52,1.17.3,StopSig,57,3.74,nan,1,NoPoke_Regular_(incorrect),Left,817,1771,534,293785184,nan,nan,nan
10/2/2026 1:45:23,1.17.3,StopSig,57,3.74,nan,1,Right_no_left,Left,817,1772,534,293785184,nan,nan,nan
10/2/2026 1:45:24,1.17.3,StopSig,57,3.73,nan,1,Right_no_left,Left,817,1773,534,293817062,nan,nan,nan
10/2/2026 1:45:26,1.17.3,StopSig,57,3.74,nan,1,Right_no_left,Left,817,1774,534,293817929,nan,nan,nan
10/2/2026 1:45:28,1.17.3,StopSig,57,3.74,nan,1,Right_no_left,Left,817,1775,534,293820073,nan,nan,nan
10/2/2026 1:45:29,1.17.3,StopSig,57,3.74,nan,1,>Left_Regular_trial,Left,818,1775,534,293822068,nan,nan,nan
10/2/2026 1:45:30,1.17.3,StopSig,57,3.74,nan,1,Right_Regular_(correct),Left,818,1776,534,293823210,nan,nan,nan
10/2/2026 1:45:30,1.17.3,StopSig,57,3.65,nan,1,RightDuringDispense,Left,818,1777,534,293823210,nan,nan,0.04
10/2/2026 1:45:31,1.17.3,StopSig,57,3.74,1,1,Pellet,Left,818,1777,535,293823210,0.33,1124,nan
10/2/2026 1:49:23,1.17.3,StopSig,57,3.73,nan,1,Right_no_left,Left,818,1778,535,293823210,nan,nan,nan
10/2/2026 1:49:37,1.17.3,StopSig,57,3.74,nan,1,Right_no_left,Left,818,1779,535,294056859,nan,nan,nan
10/2/2026 1:52:19,1.17.3,StopSig,57,3.74,nan,1,Right_no_left,Left,818,1780,535,294070693,nan,nan,nan
10/2/2026 1:53:36,1.17.3,StopSig,57,3.74,nan,1,>Left_Stop_trial,Left,819,1780,535,294308842,nan,nan,nan
10/2/2026 1:53:39,1.17.3,StopSig,57,3.74,nan,1,NoPoke_STOP_(correct),Left,819,1780,535,294312285,nan,nan,nan
10/2/2026 1:53:40,1.17.3,StopSig,57,3.74,1,1,Pellet,Left,819,1780,536,294312285,0.72,489,nan
10/2/2026 1:54:21,1.17.3,StopSig,57,3.74,nan,1,Right_no_left,Left,819,1781,536,294312285,nan,nan,nan
10/2/2026 1:54:22,1.17.3,StopSig,57,3.73,nan,1,>Left_Regular_trial,Left,820,1781,536,294355673,nan,nan,nan
10/2/2026 1:54:26,1.17.3,StopSig,57,3.73,nan,1,NoPoke_Regular_(incorrect),Left,820,1781,536,294359241,nan,nan,nan
10/2/2026 1:57:55,1.17.3,StopSig,57,3.73,nan,1,Right_no_left,Left,820,1782,536,294359241,nan,nan,nan
10/2/2026 1:57:55,1.17.3,StopSig,57,3.74,nan,1,Right_no_left,Left,820,1783,536,294568625,nan,nan,nan
10/2/2026 1:57:58,1.17.3,StopSig,57,3.74,nan,1,Right_no_left,Left,820,1784,536,294569055,nan,nan,nan
10/2/2026 1:58:04,1.17.3,StopSig,57,3.74,nan,1,>Left_Regular_trial,Left,821,1784,536,294577623,nan,nan,nan
10/2/2026 1:58:05,1.17.3,StopSig,57,3.73,nan,1,Right_Regular_(correct),Left,821,1785,536,294578338,nan,nan,nan
10/2/2026 1:58:06,1.17.3,StopSig,57,3.74,1,1,Pellet,Left,821,1785,537,294578338,0.22,266,nan
10/2/2026 2:03:56,1.17.3,StopSig,57,3.73,nan,1,>Left_Regular_trial,Left,822,1785,537,294929444,nan,nan,nan
10/2/2026 2:04:00,1.17.3,StopSig,57,3.73,nan,1,Right_Regular_(correct),Left,822,1786,537,294933159,nan,nan,nan
10/2/2026 2:04:01,1.17.3,StopSig,57,3.74,1,1,Pellet,Left,822,1786,538,294933159,0.39,355,nan
10/2/2026 2:26:31,1.17.3,StopSig,57,3.73,nan,1,Right_no_left,Left,822,1787,538,294933159,nan,nan,nan
10/2/2026 2:35:52,1.17.3,StopSig,57,3.73,nan,1,Right_no_left,Left,822,1788,538,296284330,nan,nan,nan
10/2/2026 2:36:00,1.17.3,StopSig,57,3.73,nan,1,Right_no_left,Left,822,1789,538,296845774,nan,nan,nan
10/2/2026 2:36:11,1.17.3,StopSig,57,3.73,nan,1,Right_no_left,Left,822,1790,538,296853497,nan,nan,nan
10/2/2026 2:36:13,1.17.3,StopSig,57,3.73,nan,1,>Left_Regular_trial,Left,823,1790,538,296866794,nan,nan,nan
10/2/2026 2:36:14,1.17.3,StopSig,57,3.73,nan,1,Right_Regular_(correct),Left,823,1791,538,296867939,nan,nan,nan
10/2/2026 2:36:15,1.17.3,StopSig,57,3.73,1,1,Pellet,Left,823,1791,539,296867939,0.33,1934,nan
10/2/2026 2:36:29,1.17.3,StopSig,57,3.73,nan,1,Right_no_left,Left,823,1792,539,296867939,nan,nan,nan
10/2/2026 2:36:31,1.17.3,StopSig,57,3.73,nan,1,Right_no_left,Left,823,1793,539,296883057,nan,nan,nan
10/2/2026 2:36:35,1.17.3,StopSig,57,3.73,nan,1,>Left_Regular_trial,Left,824,1793,539,296888202,nan,nan,nan
10/2/2026 2:36:36,1.17.3,StopSig,57,3.73,nan,1,Right_Regular_(correct),Left,824,1794,539,296889489,nan,nan,nan
10/2/2026 2:36:37,1.17.3,StopSig,57,3.73,1,1,Pellet,Left,824,1794,540,296889489,0.16,22,nan
10/2/2026 2:37:07,1.17.3,StopSig,57,3.73,nan,1,Right_no_left,Left,824,1795,540,296889489,nan,nan,nan
10/2/2026 2:37:07,1.17.3,StopSig,57,3.73,nan,1,Right_no_left,Left,824,1796,540,296920367,nan,nan,nan
10/2/2026 2:47:01,1.17.3,StopSig,57,3.73,nan,1,Right_no_left,Left,824,1797,540,296920654,nan,nan,nan
10/2/2026 2:47:04,1.17.3,StopSig,57,3.73,nan,1,Right_no_left,Left,824,1798,540,297514787,nan,nan,nan
10/2/2026 2:47:05,1.17.3,StopSig,57,3.73,nan,1,Right_no_left,Left,824,1799,540,297517504,nan,nan,nan
10/2/2026 2:47:06,1.17.3,StopSig,57,3.73,nan,1,Right_no_left,Left,824,1800,540,297519075,nan,nan,nan
10/2/2026 2:47:52,1.17.3,StopSig,57,3.73,nan,1,>Left_Stop_trial,Left,825,1800,540,297565332,nan,nan,nan
10/2/2026 2:47:56,1.17.3,StopSig,57,3.73,nan,1,NoPoke_STOP_(correct),Left,825,1800,540,297569423,nan,nan,nan
10/2/2026 2:47:59,1.17.3,StopSig,57,3.73,2,1,Pellet,Left,825,1800,541,297569423,0.27,682,nan
10/2/2026 2:49:31,1.17.3,StopSig,57,3.74,nan,1,Right_no_left,Left,825,1801,541,297569423,nan,nan,nan
10/2/2026 2:51:10,1.17.3,StopSig,57,3.73,nan,1,Right_no_left,Left,825,1802,541,297664695,nan,nan,nan
10/2/2026 3:23:33,1.17.3,StopSig,57,3.73,nan,1,Right_no_left,Left,825,1803,541,297763704,nan,nan,nan
10/2/2026 3:23:38,1.17.3,StopSig,57,3.73,nan,1,Right_no_left,Left,825,1804,541,299706503,nan,nan,nan
10/2/2026 3:23:40,1.17.3,StopSig,57,3.73,nan,1,>Left_Regular_trial,Left,826,1804,541,299713643,nan,nan,nan
10/2/2026 3:23:44,1.17.3,StopSig,57,3.73,nan,1,NoPoke_Regular_(incorrect),Left,826,1804,541,299717506,nan,nan,nan
10/2/2026 3:53:14,1.17.3,StopSig,57,3.72,nan,1,>Left_Regular_trial,Left,827,1804,541,301488151,nan,nan,nan
10/2/2026 3:53:15,1.17.3,StopSig,57,3.72,nan,1,Right_Regular_(correct),Left,827,1805,541,301489152,nan,nan,nan
10/2/2026 3:53:16,1.17.3,StopSig,57,3.73,nan,1,RightDuringDispense,Left,827,1806,541,301489152,nan,nan,0.12
10/2/2026 3:53:17,1.17.3,StopSig,57,3.72,1,1,Pellet,Left,827,1806,542,301489152,0.39,3918,nan
10/2/2026 3:53:33,1.17.3,StopSig,57,3.73,nan,1,Right_no_left,Left,827,1807,542,301489152,nan,nan,nan
10/2/2026 4:15:51,1.17.3,StopSig,57,3.72,nan,1,Right_no_left,Left,827,1808,542,301507108,nan,nan,nan
10/2/2026 4:15:52,1.17.3,StopSig,57,3.72,nan,1,Right_no_left,Left,827,1809,542,302844887,nan,nan,nan
10/2/2026 4:15:58,1.17.3,StopSig,57,3.72,nan,1,>Left_Stop_trial,Left,828,1809,542,302851025,nan,nan,nan
10/2/2026 4:15:58,1.17.3,StopSig,57,3.72,nan,1,Right_STOP_(incorrect),Left,828,1810,542,302851796,nan,nan,nan
10/2/2026 4:16:30,1.17.3,StopSig,57,3.72,nan,1,Right_no_left,Left,828,1811,542,302851796,nan,nan,nan
10/2/2026 4:20:35,1.17.3,StopSig,57,3.72,nan,1,Right_no_left,Left,828,1812,542,302884256,nan,nan,nan
10/2/2026 4:20:36,1.17.3,StopSig,57,3.72,nan,1,Right_no_left,Left,828,1813,542,303128638,nan,nan,nan
10/2/2026 4:20:40,1.17.3,StopSig,57,3.72,nan,1,Right_no_left,Left,828,1814,542,303130353,nan,nan,nan
10/2/2026 4:20:43,1.17.3,StopSig,57,3.72,nan,1,>Left_Regular_trial,Left,829,1814,542,303136637,nan,nan,nan
10/2/2026 4:20:44,1.17.3,StopSig,57,3.71,nan,1,Right_Regular_(correct),Left,829,1815,542,303137929,nan,nan,nan
10/2/2026 4:20:45,1.17.3,StopSig,57,3.71,1,1,Pellet,Left,829,1815,543,303137929,0.22,1648,nan
10/2/2026 4:21:04,1.17.3,StopSig,57,3.71,nan,1,>Left_Regular_trial,Left,830,1815,543,303157497,nan,nan,nan
10/2/2026 4:21:05,1.17.3,StopSig,57,3.72,nan,1,Right_Regular_(correct),Left,830,1816,543,303158925,nan,nan,nan
10/2/2026 4:21:06,1.17.3,StopSig,57,3.73,1,1,Pellet,Left,830,1816,544,303158925,0.22,21,nan
10/2/2026 4:21:21,1.17.3,StopSig,57,3.72,nan,1,>Left_Regular_trial,Left,831,1816,544,303174591,nan,nan,nan
10/2/2026 4:21:22,1.17.3,StopSig,57,3.71,nan,1,Right_Regular_(correct),Left,831,1817,544,303175743,nan,nan,nan
10/2/2026 4:21:23,1.17.3,StopSig,57,3.72,1,1,Pellet,Left,831,1817,545,303175743,0.16,17,nan
10/2/2026 4:21:49,1.17.3,StopSig,57,3.72,nan,1,>Left_Stop_trial,Left,832,1817,545,303202613,nan,nan,nan
10/2/2026 4:21:50,1.17.3,StopSig,57,3.71,nan,1,Right_STOP_(incorrect),Left,832,1818,545,303203693,nan,nan,nan
10/2/2026 4:22:21,1.17.3,StopSig,57,3.71,nan,1,>Left_Stop_trial,Left,833,1818,545,303234011,nan,nan,nan
10/2/2026 4:22:24,1.17.3,StopSig,57,3.72,nan,1,NoPoke_STOP_(correct),Left,833,1818,545,303237700,nan,nan,nan
10/2/2026 4:22:26,1.17.3,StopSig,57,3.72,1,1,Pellet,Left,833,1818,546,303237700,1.28,63,nan
10/2/2026 4:37:12,1.17.3,StopSig,57,3.72,nan,1,Right_no_left,Left,833,1819,546,303237700,nan,nan,nan
10/2/2026 4:37:27,1.17.3,StopSig,57,3.71,nan,1,>Left_Stop_trial,Left,834,1819,546,304140616,nan,nan,nan
10/2/2026 4:37:31,1.17.3,StopSig,57,3.71,nan,1,NoPoke_STOP_(correct),Left,834,1819,546,304144619,nan,nan,nan
10/2/2026 4:37:32,1.17.3,StopSig,57,3.71,1,1,Pellet,Left,834,1819,547,304144619,0.72,906,nan
10/2/2026 4:42:09,1.17.3,StopSig,57,3.72,nan,1,Right_no_left,Left,834,1820,547,304144619,nan,nan,nan
10/2/2026 4:42:44,1.17.3,StopSig,57,3.72,nan,1,Right_no_left,Left,834,1821,547,304422604,nan,nan,nan
10/2/2026 4:42:51,1.17.3,StopSig,57,3.72,nan,1,Right_no_left,Left,834,1822,547,304457998,nan,nan,nan
10/2/2026 4:42:53,1.17.3,StopSig,57,3.72,nan,1,Right_no_left,Left,834,1823,547,304465564,nan,nan,nan
10/2/2026 4:47:17,1.17.3,StopSig,57,3.71,nan,1,Right_no_left,Left,834,1824,547,304466707,nan,nan,nan
10/2/2026 4:50:01,1.17.3,StopSig,57,3.72,nan,1,>Left_Stop_trial,Left,835,1824,547,304894757,nan,nan,nan
10/2/2026 4:50:05,1.17.3,StopSig,57,3.71,nan,1,NoPoke_STOP_(correct),Left,835,1824,547,304898692,nan,nan,nan
10/2/2026 4:50:06,1.17.3,StopSig,57,3.71,1,1,Pellet,Left,835,1824,548,304898692,0.89,754,nan
10/2/2026 4:56:21,1.17.3,StopSig,57,3.71,nan,1,Right_no_left,Left,835,1825,548,304898692,nan,nan,nan
10/2/2026 4:56:22,1.17.3,StopSig,57,3.71,nan,1,Right_no_left,Left,835,1826,548,305275603,nan,nan,nan
10/2/2026 4:59:41,1.17.3,StopSig,57,3.72,nan,1,>Left_Stop_trial,Left,836,1826,548,305474730,nan,nan,nan
10/2/2026 4:59:45,1.17.3,StopSig,57,3.71,nan,1,NoPoke_STOP_(correct),Left,836,1826,548,305478727,nan,nan,nan
10/2/2026 4:59:46,1.17.3,StopSig,57,3.71,1,1,Pellet,Left,836,1826,549,305478727,0.16,580,nan
10/2/2026 5:00:20,1.17.3,StopSig,57,3.72,nan,1,>Left_Regular_trial,Left,837,1826,549,305514086,nan,nan,nan
10/2/2026 5:00:21,1.17.3,StopSig,57,3.72,nan,1,Right_Regular_(correct),Left,837,1827,549,305515087,nan,nan,nan
10/2/2026 5:00:22,1.17.3,StopSig,57,3.72,1,1,Pellet,Left,837,1827,550,305515087,0.50,36,nan
10/2/2026 5:00:46,1.17.3,StopSig,57,3.71,nan,1,Right_no_left,Left,837,1828,550,305515087,nan,nan,nan
10/2/2026 5:13:27,1.17.3,StopSig,57,3.71,nan,1,Right_no_left,Left,837,1829,550,305540574,nan,nan,nan
10/2/2026 5:13:29,1.17.3,StopSig,57,3.71,nan,1,Right_no_left,Left,837,1830,550,306300763,nan,nan,nan
10/2/2026 5:15:36,1.17.3,StopSig,57,3.71,nan,1,>Left_Regular_trial,Left,838,1830,550,306429671,nan,nan,nan
10/2/2026 5:15:40,1.17.3,StopSig,57,3.72,nan,1,NoPoke_Regular_(incorrect),Left,838,1830,550,306433816,nan,nan,nan
10/2/2026 5:20:21,1.17.3,StopSig,57,3.71,nan,1,>Left_Regular_trial,Left,839,1830,550,306715053,nan,nan,nan
10/2/2026 5:20:25,1.17.3,StopSig,57,3.71,nan,1,NoPoke_Regular_(incorrect),Left,839,1830,550,306718777,nan,nan,nan
10/2/2026 5:21:39,1.17.3,StopSig,57,3.71,nan,1,Right_no_left,Left,839,1831,550,306718777,nan,nan,nan
10/2/2026 5:21:41,1.17.3,StopSig,57,3.71,nan,1,Right_no_left,Left,839,1832,550,306793234,nan,nan,nan
10/2/2026 5:24:20,1.17.3,StopSig,57,3.71,nan,1,>Left_Regular_trial,Left,840,1832,550,306954346,nan,nan,nan
10/2/2026 5:24:22,1.17.3,StopSig,57,3.72,nan,1,Right_Regular_(correct),Left,840,1833,550,306955776,nan,nan,nan
10/2/2026 5:24:23,1.17.3,StopSig,57,3.71,1,1,Pellet,Left,840,1833,551,306955776,0.33,1441,nan
10/2/2026 5:26:08,1.17.3,StopSig,57,3.71,nan,1,>Left_Regular_trial,Left,841,1833,551,307062072,nan,nan,nan
10/2/2026 5:26:09,1.17.3,StopSig,57,3.71,nan,1,Right_Regular_(correct),Left,841,1834,551,307062930,nan,nan,nan
10/2/2026 5:26:10,1.17.3,StopSig,57,3.71,1,1,Pellet,Left,841,1834,552,307062930,0.27,107,nan
10/2/2026 5:27:45,1.17.3,StopSig,57,3.71,nan,1,>Left_Regular_trial,Left,842,1834,552,307158473,nan,nan,nan
10/2/2026 5:27:48,1.17.3,StopSig,57,3.71,nan,1,NoPoke_Regular_(incorrect),Left,842,1834,552,307161766,nan,nan,nan
10/2/2026 5:28:22,1.17.3,StopSig,57,3.71,nan,1,>Left_Regular_trial,Left,843,1834,552,307195936,nan,nan,nan
10/2/2026 5:28:23,1.17.3,StopSig,57,3.71,nan,1,Right_Regular_(correct),Left,843,1835,552,307196652,nan,nan,nan
10/2/2026 5:28:24,1.17.3,StopSig,57,3.71,1,1,Pellet,Left,843,1835,553,307196652,0.27,134,nan
10/2/2026 5:28:54,1.17.3,StopSig,57,3.71,nan,1,>Left_Regular_trial,Left,844,1835,553,307227531,nan,nan,nan
10/2/2026 5:28:54,1.17.3,StopSig,57,3.71,nan,1,Right_Regular_(correct),Left,844,1836,553,307228396,nan,nan,nan
10/2/2026 5:28:55,1.17.3,StopSig,57,3.71,1,1,Pellet,Left,844,1836,554,307228396,0.22,31,nan
10/2/2026 5:36:34,1.17.3,StopSig,57,3.71,nan,1,Right_no_left,Left,844,1837,554,307228396,nan,nan,nan
10/2/2026 5:36:35,1.17.3,StopSig,57,3.71,nan,1,>Left_Regular_trial,Left,845,1837,554,307688993,nan,nan,nan
10/2/2026 5:36:37,1.17.3,StopSig,57,3.71,nan,1,Right_Regular_(correct),Left,845,1838,554,307690708,nan,nan,nan
10/2/2026 5:36:38,1.17.3,StopSig,57,3.71,1,1,Pellet,Left,845,1838,555,307690708,0.33,463,nan
10/2/2026 5:37:41,1.17.3,StopSig,57,3.71,nan,1,>Left_Regular_trial,Left,846,1838,555,307755076,nan,nan,nan
10/2/2026 5:37:43,1.17.3,StopSig,57,3.71,nan,1,Right_Regular_(correct),Left,846,1839,555,307756793,nan,nan,nan
10/2/2026 5:37:44,1.17.3,StopSig,57,3.71,1,1,Pellet,Left,846,1839,556,307756793,0.27,66,nan
10/2/2026 5:41:49,1.17.3,StopSig,57,3.71,nan,1,>Left_Regular_trial,Left,847,1839,556,308003094,nan,nan,nan
10/2/2026 5:41:53,1.17.3,StopSig,57,3.71,nan,1,NoPoke_Regular_(incorrect),Left,847,1839,556,308006834,nan,nan,nan
10/2/2026 5:42:28,1.17.3,StopSig,57,3.71,nan,1,>Left_Regular_trial,Left,848,1839,556,308041573,nan,nan,nan
10/2/2026 5:42:31,1.17.3,StopSig,57,3.71,nan,1,NoPoke_Regular_(incorrect),Left,848,1839,556,308044863,nan,nan,nan
10/2/2026 5:47:08,1.17.3,StopSig,57,3.71,nan,1,>Left_Regular_trial,Left,849,1839,556,308321750,nan,nan,nan
10/2/2026 5:47:09,1.17.3,StopSig,57,3.71,nan,1,Right_Regular_(correct),Left,849,1840,556,308322758,nan,nan,nan
10/2/2026 5:47:10,1.17.3,StopSig,57,3.71,1,1,Pellet,Left,849,1840,557,308322758,0.27,566,nan
10/2/2026 5:47:47,1.17.3,StopSig,57,3.71,nan,1,Right_no_left,Left,849,1841,557,308322758,nan,nan,nan
10/2/2026 6:00:19,1.17.3,StopSig,57,3.71,nan,1,>Left_Regular_trial,Left,850,1841,557,309113088,nan,nan,nan
10/2/2026 6:00:20,1.17.3,StopSig,57,3.71,nan,1,Right_Regular_(correct),Left,850,1842,557,309114089,nan,nan,nan
10/2/2026 6:00:21,1.17.3,StopSig,57,3.71,1,1,Pellet,Left,850,1842,558,309114089,0.55,791,nan
10/2/2026 6:01:07,1.17.3,StopSig,57,3.71,nan,1,>Left_Regular_trial,Left,851,1842,558,309161181,nan,nan,nan
10/2/2026 6:01:08,1.17.3,StopSig,57,3.71,nan,1,Right_Regular_(correct),Left,851,1843,558,309162467,nan,nan,nan
10/2/2026 6:01:09,1.17.3,StopSig,57,3.71,2,1,Pellet,Left,851,1843,559,309162467,0.22,48,nan
10/2/2026 6:01:47,1.17.3,StopSig,57,3.71,nan,1,>Left_Regular_trial,Left,852,1843,559,309201366,nan,nan,nan
10/2/2026 6:01:48,1.17.3,StopSig,57,3.68,nan,1,Right_Regular_(correct),Left,852,1844,559,309202098,nan,nan,nan
10/2/2026 6:01:49,1.17.3,StopSig,57,3.69,1,1,Pellet,Left,852,1844,560,309202098,0.22,40,nan
10/2/2026 6:19:17,1.17.3,StopSig,57,3.69,nan,1,>Left_Stop_trial,Left,853,1844,560,310250382,nan,nan,nan
10/2/2026 6:19:20,1.17.3,StopSig,57,3.68,nan,1,NoPoke_STOP_(correct),Left,853,1844,560,310253989,nan,nan,nan
10/2/2026 6:19:21,1.17.3,StopSig,57,3.68,1,1,Pellet,Left,853,1844,561,310253989,0.39,1052,nan
10/2/2026 6:20:24,1.17.3,StopSig,57,3.71,nan,1,>Left_Regular_trial,Left,854,1844,561,310318400,nan,nan,nan
10/2/2026 6:20:26,1.17.3,StopSig,57,3.71,nan,1,Right_Regular_(correct),Left,854,1845,561,310320115,nan,nan,nan
10/2/2026 6:20:27,1.17.3,StopSig,57,3.71,1,1,Pellet,Left,854,1845,562,310320115,0.27,66,nan
10/2/2026 6:23:26,1.17.3,StopSig,57,3.70,nan,1,Right_no_left,Left,854,1846,562,310320115,nan,nan,nan
10/2/2026 6:25:56,1.17.3,StopSig,57,3.71,nan,1,>Left_Regular_trial,Left,855,1846,562,310650555,nan,nan,nan
10/2/2026 6:26:00,1.17.3,StopSig,57,3.71,nan,1,NoPoke_Regular_(incorrect),Left,855,1846,562,310653994,nan,nan,nan
10/2/2026 6:30:34,1.17.3,StopSig,57,3.71,nan,1,>Left_Stop_trial,Left,856,1846,562,310927571,nan,nan,nan
10/2/2026 6:30:34,1.17.3,StopSig,57,3.71,nan,1,Right_STOP_(incorrect),Left,856,1847,562,310928635,nan,nan,nan
10/2/2026 6:43:00,1.17.3,StopSig,57,3.71,nan,1,>Left_Regular_trial,Left,857,1847,562,311674628,nan,nan,nan
10/2/2026 6:43:04,1.17.3,StopSig,57,3.71,nan,1,NoPoke_Regular_(incorrect),Left,857,1847,562,311678057,nan,nan,nan
10/2/2026 6:43:48,1.17.3,StopSig,57,3.71,nan,1,Right_no_left,Left,857,1848,562,311678057,nan,nan,nan
10/2/2026 6:43:51,1.17.3,StopSig,57,3.70,nan,1,Right_no_left,Left,857,1849,562,311721942,nan,nan,nan
10/2/2026 6:44:16,1.17.3,StopSig,57,3.71,nan,1,Right_no_left,Left,857,1850,562,311725231,nan,nan,nan
10/2/2026 6:56:53,1.17.3,StopSig,57,3.71,nan,1,Right_no_left,Left,857,1851,562,311750373,nan,nan,nan
10/2/2026 6:56:56,1.17.3,StopSig,57,3.71,nan,1,Right_no_left,Left,857,1852,562,312507915,nan,nan,nan
10/2/2026 6:57:19,1.17.3,StopSig,57,3.71,nan,1,Right_no_left,Left,857,1853,562,312510780,nan,nan,nan
10/2/2026 6:57:20,1.17.3,StopSig,57,3.71,nan,1,Right_no_left,Left,857,1854,562,312533792,nan,nan,nan
10/2/2026 8:05:45,1.17.3,StopSig,57,3.70,nan,1,Right_no_left,Left,857,1855,562,312534365,nan,nan,nan
10/2/2026 8:05:49,1.17.3,StopSig,57,3.70,nan,1,Right_no_left,Left,857,1856,562,316639189,nan,nan,nan
10/2/2026 8:06:08,1.17.3,StopSig,57,3.70,nan,1,Right_no_left,Left,857,1857,562,316643479,nan,nan,nan
10/2/2026 8:06:09,1.17.3,StopSig,57,3.71,nan,1,Right_no_left,Left,857,1858,562,316662216,nan,nan,nan
10/2/2026 8:06:11,1.17.3,StopSig,57,3.69,nan,1,Right_no_left,Left,857,1859,562,316663646,nan,nan,nan
10/2/2026 8:06:17,1.17.3,StopSig,57,3.70,nan,1,>Left_Regular_trial,Left,858,1859,562,316671797,nan,nan,nan
10/2/2026 8:06:18,1.17.3,StopSig,57,3.70,nan,1,Right_Regular_(correct),Left,858,1860,562,316672811,nan,nan,nan
10/2/2026 8:06:19,1.17.3,StopSig,57,3.70,nan,1,RightDuringDispense,Left,858,1861,562,316672811,nan,nan,0.23
10/2/2026 8:06:21,1.17.3,StopSig,57,3.69,nan,1,RightDuringDispense,Left,858,1862,562,316672811,nan,nan,0.08
10/2/2026 8:06:22,1.17.3,StopSig,57,3.70,2,1,Pellet,Left,858,1862,563,316672811,0.39,6355,nan
10/2/2026 8:06:40,1.17.3,StopSig,57,3.70,nan,1,>Left_Regular_trial,Left,859,1862,563,316694286,nan,nan,nan
10/2/2026 8:06:41,1.17.3,StopSig,57,3.70,nan,1,Right_Regular_(correct),Left,859,1863,563,316695575,nan,nan,nan
10/2/2026 8:06:42,1.17.3,StopSig,57,3.70,1,1,Pellet,Left,859,1863,564,316695575,0.22,20,nan
10/2/2026 8:06:57,1.17.3,StopSig,57,3.70,nan,1,>Left_Regular_trial,Left,860,1863,564,316711146,nan,nan,nan
10/2/2026 8:06:58,1.17.3,StopSig,57,3.70,nan,1,Right_Regular_(correct),Left,860,1864,564,316712303,nan,nan,nan
10/2/2026 8:06:58,1.17.3,StopSig,57,3.70,nan,1,RightDuringDispense,Left,860,1865,564,316712303,nan,nan,0.06
10/2/2026 8:07:09,1.17.3,StopSig,57,3.70,2,1,Pellet,Left,860,1865,565,316712303,8.45,27,nan
10/2/2026 8:07:57,1.17.3,StopSig,57,3.71,nan,1,Right_no_left,Left,860,1866,565,316712303,nan,nan,nan
10/2/2026 8:07:58,1.17.3,StopSig,57,3.70,nan,1,Right_no_left,Left,860,1867,565,316771784,nan,nan,nan
10/2/2026 8:07:59,1.17.3,StopSig,57,3.71,nan,1,Right_no_left,Left,860,1868,565,316772214,nan,nan,nan
10/2/2026 8:08:02,1.17.3,StopSig,57,3.69,nan,1,>Left_Regular_trial,Left,861,1868,565,316775934,nan,nan,nan
10/2/2026 8:08:03,1.17.3,StopSig,57,3.70,nan,1,Right_Regular_(correct),Left,861,1869,565,316777222,nan,nan,nan
10/2/2026 8:08:04,1.17.3,StopSig,57,3.70,1,1,Pellet,Left,861,1869,566,316777222,0.22,55,nan
10/2/2026 8:58:16,1.17.3,StopSig,57,3.70,nan,1,Right_no_left,Left,861,1870,566,316777222,nan,nan,nan
10/2/2026 8:58:20,1.17.3,StopSig,57,3.69,nan,1,Right_no_left,Left,861,1871,566,319790944,nan,nan,nan
10/2/2026 9:28:53,1.17.3,StopSig,57,3.69,nan,1,Right_no_left,Left,861,1872,566,319794801,nan,nan,nan
10/2/2026 9:51:25,1.17.3,StopSig,57,3.69,nan,1,Right_no_left,Left,861,1873,566,321627635,nan,nan,nan
10/2/2026 9:51:27,1.17.3,StopSig,57,3.69,nan,1,Right_no_left,Left,861,1874,566,322979939,nan,nan,nan
10/2/2026 9:51:32,1.17.3,StopSig,57,3.69,nan,1,Right_no_left,Left,861,1875,566,322982363,nan,nan,nan
10/2/2026 9:51:33,1.17.3,StopSig,57,3.69,nan,1,Right_no_left,Left,861,1876,566,322986921,nan,nan,nan
10/2/2026 9:51:35,1.17.3,StopSig,57,3.69,nan,1,Right_no_left,Left,861,1877,566,322987778,nan,nan,nan
10/2/2026 9:51:37,1.17.3,StopSig,57,3.69,nan,1,>Left_Regular_trial,Left,862,1877,566,322992053,nan,nan,nan
10/2/2026 9:51:39,1.17.3,StopSig,57,3.69,nan,1,Right_Regular_(correct),Left,862,1878,566,322993344,nan,nan,nan
10/2/2026 9:51:39,1.17.3,StopSig,57,3.69,1,1,Pellet,Left,862,1878,567,322993344,0.16,6215,nan
10/2/2026 9:52:11,1.17.3,StopSig,57,3.69,nan,1,>Left_Regular_trial,Left,863,1878,567,323025193,nan,nan,nan
10/2/2026 9:52:12,1.17.3,StopSig,57,3.69,nan,1,Right_Regular_(correct),Left,863,1879,567,323026336,nan,nan,nan
10/2/2026 9:52:12,1.17.3,StopSig,57,3.69,nan,1,RightDuringDispense,Left,863,1880,567,323026336,nan,nan,0.01
10/2/2026 9:52:13,1.17.3,StopSig,57,3.69,2,1,Pellet,Left,863,1880,568,323026336,0.22,34,nan
10/2/2026 9:52:31,1.17.3,StopSig,57,3.69,nan,1,Right_no_left,Left,863,1881,568,323026336,nan,nan,nan
10/2/2026 9:52:35,1.17.3,StopSig,57,3.69,nan,1,>Left_Stop_trial,Left,864,1881,568,323049125,nan,nan,nan
10/2/2026 9:52:36,1.17.3,StopSig,57,3.69,nan,1,Right_STOP_(incorrect),Left,864,1882,568,323050492,nan,nan,nan
10/2/2026 10:07:55,1.17.3,StopSig,57,3.69,nan,1,Right_no_left,Left,864,1883,568,323050492,nan,nan,nan
10/2/2026 10:07:58,1.17.3,StopSig,57,3.69,nan,1,>Left_Regular_trial,Left,865,1883,568,323972429,nan,nan,nan
10/2/2026 10:08:02,1.17.3,StopSig,57,3.69,nan,1,NoPoke_Regular_(incorrect),Left,865,1883,568,323976568,nan,nan,nan
10/2/2026 10:10:08,1.17.3,StopSig,57,3.69,nan,1,>Left_Regular_trial,Left,866,1883,568,324102763,nan,nan,nan
10/2/2026 10:10:12,1.17.3,StopSig,57,3.69,nan,1,NoPoke_Regular_(incorrect),Left,866,1883,568,324106615,nan,nan,nan
10/2/2026 10:11:18,1.17.3,StopSig,57,3.70,nan,1,Right_no_left,Left,866,1884,568,324106615,nan,nan,nan
10/2/2026 10:14:01,1.17.3,StopSig,57,3.69,nan,1,Right_no_left,Left,866,1885,568,324173432,nan,nan,nan
10/2/2026 11:04:46,1.17.3,StopSig,57,3.69,nan,1,Right_no_left,Left,866,1886,568,324335756,nan,nan,nan
10/2/2026 11:45:02,1.17.3,StopSig,57,3.69,nan,1,Right_no_left,Left,866,1887,568,327381344,nan,nan,nan
10/2/2026 11:45:05,1.17.3,StopSig,57,3.69,nan,1,Right_no_left,Left,866,1888,568,329797771,nan,nan,nan
10/2/2026 11:45:05,1.17.3,StopSig,57,3.69,nan,1,Right_no_left,Left,866,1889,568,329799917,nan,nan,nan
10/2/2026 11:53:37,1.17.3,StopSig,57,3.68,nan,1,Right_no_left,Left,866,1890,568,329800632,nan,nan,nan
10/2/2026 11:53:44,1.17.3,StopSig,57,3.69,nan,1,Right_no_left,Left,866,1891,568,330311855,nan,nan,nan
10/2/2026 11:54:19,1.17.3,StopSig,57,3.69,nan,1,>Left_Regular_trial,Left,867,1891,568,330353875,nan,nan,nan
10/2/2026 11:54:23,1.17.3,StopSig,57,3.69,nan,1,NoPoke_Regular_(incorrect),Left,867,1891,568,330357861,nan,nan,nan
10/2/2026 11:59:55,1.17.3,StopSig,57,3.69,nan,1,Right_no_left,Left,867,1892,568,330357861,nan,nan,nan
10/2/2026 11:59:55,1.17.3,StopSig,57,3.69,nan,1,Right_no_left,Left,867,1893,568,330689958,nan,nan,nan
10/2/2026 12:00:47,1.17.3,StopSig,57,3.69,nan,1,>Left_Regular_trial,Left,868,1893,568,330741996,nan,nan,nan
10/2/2026 12:00:51,1.17.3,StopSig,57,3.69,nan,1,NoPoke_Regular_(incorrect),Left,868,1893,568,330745850,nan,nan,nan
10/2/2026 12:06:12,1.17.3,StopSig,57,3.69,nan,1,>Left_Regular_trial,Left,869,1893,568,331067471,nan,nan,nan
10/2/2026 12:06:16,1.17.3,StopSig,57,3.69,nan,1,NoPoke_Regular_(incorrect),Left,869,1893,568,331070903,nan,nan,nan
10/2/2026 12:08:47,1.17.3,StopSig,57,3.69,nan,1,>Left_Regular_trial,Left,870,1893,568,331222025,nan,nan,nan
10/2/2026 12:08:51,1.17.3,StopSig,57,3.68,nan,1,NoPoke_Regular_(incorrect),Left,870,1893,568,331225876,nan,nan,nan
10/2/2026 12:47:42,1.17.3,StopSig,57,3.69,nan,1,Right_no_left,Left,870,1894,568,331225876,nan,nan,nan
