MM:DD:YYYY hh:mm:ss,Library_Version,Session_type,Device_Number,Battery_Voltage,Motor_Turns,FR,Event,Active_Poke,Left_Poke_Count,Right_Poke_Count,Pellet_Count,Block_Pellet_Count,Retrieval_Time,InterPelletInterval,Poke_Time
9/28/2026 16:16:59,1.17.3,StopSig,0,4.14,nan,1,>Left_Regular_trial,Left,1,0,0,949953,nan,nan,nan
9/28/2026 16:17:02,1.17.3,StopSig,0,4.14,nan,1,NoPoke_Regular_(incorrect),Left,1,0,0,953173,nan,nan,nan
9/28/2026 16:17:35,1.17.3,StopSig,0,4.14,nan,1,>Left_Regular_trial,Left,2,0,0,986551,nan,nan,nan
9/28/2026 16:17:37,1.17.3,StopSig,0,4.14,nan,1,Right_Regular_(correct),Left,2,1,0,988236,nan,nan,nan
9/28/2026 16:17:37,1.17.3,StopSig,0,4.14,nan,1,RightDuringDispense,Left,2,2,0,988236,nan,nan,0.04
9/28/2026 16:17:37,1.17.3,StopSig,0,4.09,nan,1,RightDuringDispense,Left,2,3,0,988236,nan,nan,0.08
9/28/2026 16:17:41,1.17.3,StopSig,0,4.14,2,1,Pellet,Left,2,3,1,988236,1.11,nan,nan
9/28/2026 16:18:06,1.17.3,StopSig,0,4.14,nan,1,>Left_Regular_trial,Left,3,3,1,1016973,nan,nan,nan
9/28/2026 16:18:08,1.17.3,StopSig,0,4.15,nan,1,Right_Regular_(correct),Left,3,4,1,1019480,nan,nan,nan
9/28/2026 16:18:09,1.17.3,StopSig,0,4.14,1,1,Pellet,Left,3,4,2,1019480,0.33,28,nan
9/28/2026 16:18:26,1.17.3,StopSig,0,4.14,nan,1,>Left_Regular_trial,Left,4,4,2,1037216,nan,nan,nan
9/28/2026 16:18:27,1.17.3,StopSig,0,4.15,nan,1,Right_Regular_(correct),Left,4,5,2,1038482,nan,nan,nan
9/28/2026 16:18:28,1.17.3,StopSig,0,4.14,1,1,Pellet,Left,4,5,3,1038482,0.33,19,nan
9/28/2026 16:18:40,1.17.3,StopSig,0,4.14,nan,1,>Left_Regular_trial,Left,5,5,3,1051750,nan,nan,nan
9/28/2026 16:18:44,1.17.3,StopSig,0,4.15,nan,1,Right_Regular_(correct),Left,5,6,3,1055251,nan,nan,nan
9/28/2026 16:18:44,1.17.3,StopSig,0,4.09,nan,1,RightDuringDispense,Left,5,7,3,1055251,nan,nan,0.03
9/28/2026 16:18:45,1.17.3,StopSig,0,4.15,1,1,Pellet,Left,5,7,4,1055251,0.50,17,nan
9/28/2026 16:18:56,1.17.3,StopSig,0,4.15,nan,1,>Left_Regular_trial,Left,6,7,4,1067160,nan,nan,nan
9/28/2026 16:18:57,1.17.3,StopSig,0,4.14,nan,1,Right_Regular_(correct),Left,6,8,4,1068410,nan,nan,nan
9/28/2026 16:18:58,1.17.3,StopSig,0,4.14,2,1,Pellet,Left,6,8,5,1068410,0.27,13,nan
9/28/2026 16:19:10,1.17.3,StopSig,0,4.14,nan,1,>Left_Regular_trial,Left,7,8,5,1081451,nan,nan,nan
9/28/2026 16:19:14,1.17.3,StopSig,0,4.15,nan,1,NoPoke_Regular_(incorrect),Left,7,8,5,1085220,nan,nan,nan
9/28/2026 16:20:14,1.17.3,StopSig,0,4.15,nan,1,>Left_Regular_trial,Left,8,8,5,1145039,nan,nan,nan
9/28/2026 16:20:17,1.17.3,StopSig,0,4.14,nan,1,Right_Regular_(correct),Left,8,9,5,1147983,nan,nan,nan
9/28/2026 16:20:18,1.17.3,StopSig,0,4.14,2,1,Pellet,Left,8,9,6,1147983,0.11,80,nan
9/28/2026 16:20:44,1.17.3,StopSig,0,4.14,nan,1,>Left_Regular_trial,Left,9,9,6,1175668,nan,nan,nan
9/28/2026 16:20:45,1.17.3,StopSig,0,4.14,nan,1,Right_Regular_(correct),Left,9,10,6,1176779,nan,nan,nan
9/28/2026 16:20:46,1.17.3,StopSig,0,4.14,2,1,Pellet,Left,9,10,7,1176779,0.22,28,nan
9/28/2026 16:20:57,1.17.3,StopSig,0,4.15,nan,1,>Left_Regular_trial,Left,10,10,7,1188174,nan,nan,nan
9/28/2026 16:20:58,1.17.3,StopSig,0,4.14,nan,1,Right_Regular_(correct),Left,10,11,7,1189147,nan,nan,nan
9/28/2026 16:20:59,1.17.3,StopSig,0,4.15,2,1,Pellet,Left,10,11,8,1189147,0.05,13,nan
9/28/2026 16:21:15,1.17.3,StopSig,0,4.14,nan,1,>Left_Regular_trial,Left,11,11,8,1206404,nan,nan,nan
9/28/2026 16:21:17,1.17.3,StopSig,0,4.14,nan,1,Right_Regular_(correct),Left,11,12,8,1208077,nan,nan,nan
9/28/2026 16:21:18,1.17.3,StopSig,0,4.15,2,1,Pellet,Left,11,12,9,1208077,0.05,19,nan
9/28/2026 16:21:30,1.17.3,StopSig,0,4.14,nan,1,>Left_Regular_trial,Left,12,12,9,1221088,nan,nan,nan
9/28/2026 16:21:32,1.17.3,StopSig,0,4.14,nan,1,Right_Regular_(correct),Left,12,13,9,1223331,nan,nan,nan
9/28/2026 16:21:33,1.17.3,StopSig,0,4.14,1,1,Pellet,Left,12,13,10,1223331,0.16,15,nan
9/28/2026 16:21:47,1.17.3,StopSig,0,4.14,nan,1,>Left_Regular_trial,Left,13,13,10,1238179,nan,nan,nan
9/28/2026 16:21:48,1.17.3,StopSig,0,4.14,nan,1,Right_Regular_(correct),Left,13,14,10,1239012,nan,nan,nan
9/28/2026 16:21:48,1.17.3,StopSig,0,4.14,1,1,Pellet,Left,13,14,11,1239012,0.16,15,nan
9/28/2026 16:22:04,1.17.3,StopSig,0,4.14,nan,1,>Left_Regular_trial,Left,14,14,11,1255021,nan,nan,nan
9/28/2026 16:22:05,1.17.3,StopSig,0,4.14,nan,1,Right_Regular_(correct),Left,14,15,11,1256001,nan,nan,nan
9/28/2026 16:22:14,1.17.3,StopSig,0,4.14,2,1,Pellet,Left,14,15,12,1256001,6.63,26,nan
9/28/2026 16:22:46,1.17.3,StopSig,0,4.14,nan,1,Right_no_left,Left,14,16,12,1256001,nan,nan,nan
9/28/2026 16:22:47,1.17.3,StopSig,0,4.14,nan,1,Right_no_left,Left,14,17,12,1297799,nan,nan,nan
9/28/2026 16:22:49,1.17.3,StopSig,0,4.14,nan,1,>Left_Stop_trial,Left,15,17,12,1299477,nan,nan,nan
9/28/2026 16:22:49,1.17.3,StopSig,0,4.14,nan,1,Right_STOP_(incorrect),Left,15,18,12,1300477,nan,nan,nan
9/28/2026 16:23:52,1.17.3,StopSig,0,4.14,nan,1,>Left_Stop_trial,Left,16,18,12,1363061,nan,nan,nan
9/28/2026 16:23:56,1.17.3,StopSig,0,4.15,nan,1,NoPoke_STOP_(correct),Left,16,18,12,1367144,nan,nan,nan
9/28/2026 16:23:57,1.17.3,StopSig,0,4.14,1,1,Pellet,Left,16,18,13,1367144,0.94,103,nan
9/28/2026 16:24:14,1.17.3,StopSig,0,4.14,nan,1,>Left_Regular_trial,Left,17,18,13,1385101,nan,nan,nan
9/28/2026 16:24:16,1.17.3,StopSig,0,4.14,nan,1,Right_Regular_(correct),Left,17,19,13,1387231,nan,nan,nan
9/28/2026 16:24:17,1.17.3,StopSig,0,4.14,2,1,Pellet,Left,17,19,14,1387231,0.22,20,nan
9/28/2026 16:24:45,1.17.3,StopSig,0,4.14,nan,1,>Left_Stop_trial,Left,18,19,14,1415637,nan,nan,nan
9/28/2026 16:24:48,1.17.3,StopSig,0,4.14,nan,1,NoPoke_STOP_(correct),Left,18,19,14,1419185,nan,nan,nan
9/28/2026 16:24:49,1.17.3,StopSig,0,4.14,1,1,Pellet,Left,18,19,15,1419185,0.66,32,nan
9/28/2026 16:24:50,1.17.3,StopSig,0,4.15,nan,1,>Left_Stop_trial,Left,19,19,15,1421258,nan,nan,nan
9/28/2026 16:24:54,1.17.3,StopSig,0,4.14,nan,1,NoPoke_STOP_(correct),Left,19,19,15,1425264,nan,nan,nan
9/28/2026 16:25:06,1.17.3,StopSig,0,4.14,1,1,Pellet,Left,19,19,16,1425264,11.67,17,nan
9/28/2026 16:25:24,1.17.3,StopSig,0,4.14,nan,1,>Left_Regular_trial,Left,20,19,16,1455033,nan,nan,nan
9/28/2026 16:25:25,1.17.3,StopSig,0,4.14,nan,1,Right_Regular_(correct),Left,20,20,16,1456157,nan,nan,nan
9/28/2026 16:25:26,1.17.3,StopSig,0,4.14,2,1,Pellet,Left,20,20,17,1456157,0.05,20,nan
9/28/2026 16:25:42,1.17.3,StopSig,0,4.14,nan,1,>Left_Stop_trial,Left,21,20,17,1472734,nan,nan,nan
9/28/2026 16:25:42,1.17.3,StopSig,0,4.14,nan,1,Right_STOP_(incorrect),Left,21,21,17,1473516,nan,nan,nan
9/28/2026 16:26:13,1.17.3,StopSig,0,4.14,nan,1,>Left_Regular_trial,Left,22,21,17,1503833,nan,nan,nan
9/28/2026 16:26:15,1.17.3,StopSig,0,4.14,nan,1,Right_Regular_(correct),Left,22,22,17,1506806,nan,nan,nan
9/28/2026 16:26:16,1.17.3,StopSig,0,4.14,2,1,Pellet,Left,22,22,18,1506806,0.05,50,nan
9/28/2026 16:26:34,1.17.3,StopSig,0,4.14,nan,1,>Left_Stop_trial,Left,23,22,18,1525260,nan,nan,nan
9/28/2026 16:26:35,1.17.3,StopSig,0,4.14,nan,1,Right_STOP_(incorrect),Left,23,23,18,1526169,nan,nan,nan
9/28/2026 16:27:05,1.17.3,StopSig,0,4.14,nan,1,>Left_Stop_trial,Left,24,23,18,1556468,nan,nan,nan
9/28/2026 16:27:09,1.17.3,StopSig,0,4.14,nan,1,NoPoke_STOP_(correct),Left,24,23,18,1560209,nan,nan,nan
9/28/2026 16:27:13,1.17.3,StopSig,0,4.14,1,1,Pellet,Left,24,23,19,1560209,3.96,57,nan
9/28/2026 16:30:59,1.17.3,StopSig,0,4.14,nan,1,>Left_Stop_trial,Left,25,23,19,1789996,nan,nan,nan
9/28/2026 16:31:02,1.17.3,StopSig,0,4.14,nan,1,NoPoke_STOP_(correct),Left,25,23,19,1793188,nan,nan,nan
9/28/2026 16:31:04,1.17.3,StopSig,0,4.15,1,1,Pellet,Left,25,23,20,1793188,1.44,231,nan
9/28/2026 16:34:19,1.17.3,StopSig,0,4.14,nan,1,>Left_Stop_trial,Left,26,23,20,1989661,nan,nan,nan
9/28/2026 16:34:22,1.17.3,StopSig,0,4.14,nan,1,NoPoke_STOP_(correct),Left,26,23,20,1993311,nan,nan,nan
9/28/2026 16:34:23,1.17.3,StopSig,0,4.14,1,1,Pellet,Left,26,23,21,1993311,0.55,199,nan
9/28/2026 16:34:46,1.17.3,StopSig,0,4.14,nan,1,>Left_Stop_trial,Left,27,23,21,2017074,nan,nan,nan
9/28/2026 16:34:50,1.17.3,StopSig,0,4.14,nan,1,NoPoke_STOP_(correct),Left,27,23,21,2021257,nan,nan,nan
9/28/2026 16:34:51,1.17.3,StopSig,0,4.15,2,1,Pellet,Left,27,23,22,2021257,0.38,28,nan
9/28/2026 16:35:11,1.17.3,StopSig,0,4.14,nan,1,>Left_Regular_trial,Left,28,23,22,2042291,nan,nan,nan
9/28/2026 16:35:12,1.17.3,StopSig,0,4.14,nan,1,Right_Regular_(correct),Left,28,24,22,2043710,nan,nan,nan
9/28/2026 16:35:13,1.17.3,StopSig,0,4.14,1,1,Pellet,Left,28,24,23,2043710,0.22,22,nan
9/28/2026 16:39:20,1.17.3,StopSig,0,4.14,nan,1,>Left_Regular_trial,Left,29,24,23,2291547,nan,nan,nan
9/28/2026 16:39:21,1.17.3,StopSig,0,4.15,nan,1,Right_Regular_(correct),Left,29,25,23,2292565,nan,nan,nan
9/28/2026 16:39:22,1.17.3,StopSig,0,4.14,2,1,Pellet,Left,29,25,24,2292565,0.11,249,nan
9/28/2026 16:39:40,1.17.3,StopSig,0,4.14,nan,1,>Left_Regular_trial,Left,30,25,24,2311812,nan,nan,nan
9/28/2026 16:39:41,1.17.3,StopSig,0,4.14,nan,1,Right_Regular_(correct),Left,30,26,24,2312651,nan,nan,nan
9/28/2026 16:39:42,1.17.3,StopSig,0,4.14,1,1,Pellet,Left,30,26,25,2312651,0.11,20,nan
9/28/2026 16:40:09,1.17.3,StopSig,0,4.14,nan,1,>Left_Regular_trial,Left,31,26,25,2340511,nan,nan,nan
9/28/2026 16:40:10,1.17.3,StopSig,0,4.14,nan,1,Right_Regular_(correct),Left,31,27,25,2341353,nan,nan,nan
9/28/2026 16:40:11,1.17.3,StopSig,0,4.14,1,1,Pellet,Left,31,27,26,2341353,0.05,29,nan
9/28/2026 16:40:26,1.17.3,StopSig,0,4.14,nan,1,Right_no_left,Left,31,28,26,2341353,nan,nan,nan
9/28/2026 16:40:26,1.17.3,StopSig,0,4.14,nan,1,Right_no_left,Left,31,29,26,2357553,nan,nan,nan
9/28/2026 16:40:27,1.17.3,StopSig,0,4.14,nan,1,Right_no_left,Left,31,30,26,2357989,nan,nan,nan
9/28/2026 16:40:29,1.17.3,StopSig,0,4.14,nan,1,>Left_Stop_trial,Left,32,30,26,2359978,nan,nan,nan
9/28/2026 16:40:29,1.17.3,StopSig,0,4.14,nan,1,Right_STOP_(incorrect),Left,32,31,26,2360673,nan,nan,nan
9/28/2026 16:41:07,1.17.3,StopSig,0,4.14,nan,1,>Left_Stop_trial,Left,33,31,26,2397867,nan,nan,nan
9/28/2026 16:41:07,1.17.3,StopSig,0,4.14,nan,1,Right_STOP_(incorrect),Left,33,32,26,2398684,nan,nan,nan
9/28/2026 16:44:02,1.17.3,StopSig,0,4.14,nan,1,>Left_Regular_trial,Left,34,32,26,2573059,nan,nan,nan
9/28/2026 16:44:03,1.17.3,StopSig,0,4.14,nan,1,Right_Regular_(correct),Left,34,33,26,2574323,nan,nan,nan
9/28/2026 16:44:07,1.17.3,StopSig,0,4.14,1,1,Pellet,Left,34,33,27,2574323,3.45,236,nan
9/28/2026 16:44:25,1.17.3,StopSig,0,4.14,nan,1,Right_no_left,Left,34,34,27,2574323,nan,nan,nan
9/28/2026 16:44:29,1.17.3,StopSig,0,4.14,nan,1,>Left_Stop_trial,Left,35,34,27,2600298,nan,nan,nan
9/28/2026 16:44:32,1.17.3,StopSig,0,4.14,nan,1,Right_STOP_(incorrect),Left,35,35,27,2603777,nan,nan,nan
9/28/2026 16:45:03,1.17.3,StopSig,0,4.14,nan,1,>Left_Regular_trial,Left,36,35,27,2634093,nan,nan,nan
9/28/2026 16:45:04,1.17.3,StopSig,0,4.14,nan,1,Right_Regular_(correct),Left,36,36,27,2635805,nan,nan,nan
9/28/2026 16:45:05,1.17.3,StopSig,0,4.14,2,1,Pellet,Left,36,36,28,2635805,0.16,58,nan
9/28/2026 16:45:19,1.17.3,StopSig,0,4.14,nan,1,Right_no_left,Left,36,37,28,2635805,nan,nan,nan
9/28/2026 16:45:21,1.17.3,StopSig,0,4.14,nan,1,>Left_Regular_trial,Left,37,37,28,2652550,nan,nan,nan
9/28/2026 16:45:22,1.17.3,StopSig,0,4.14,nan,1,Right_Regular_(correct),Left,37,38,28,2653247,nan,nan,nan
9/28/2026 16:45:22,1.17.3,StopSig,0,4.14,1,1,Pellet,Left,37,38,29,2653247,0.11,17,nan
9/28/2026 16:45:47,1.17.3,StopSig,0,4.14,nan,1,>Left_Stop_trial,Left,38,38,29,2677812,nan,nan,nan
9/28/2026 16:45:47,1.17.3,StopSig,0,4.14,nan,1,Right_STOP_(incorrect),Left,38,39,29,2678740,nan,nan,nan
9/28/2026 16:46:18,1.17.3,StopSig,0,4.14,nan,1,>Left_Regular_trial,Left,39,39,29,2709039,nan,nan,nan
9/28/2026 16:46:21,1.17.3,StopSig,0,4.14,nan,1,NoPoke_Regular_(incorrect),Left,39,39,29,2712276,nan,nan,nan
9/28/2026 16:47:13,1.17.3,StopSig,0,4.14,nan,1,>Left_Stop_trial,Left,40,39,29,2763523,nan,nan,nan
9/28/2026 16:47:16,1.17.3,StopSig,0,4.14,nan,1,NoPoke_STOP_(correct),Left,40,39,29,2767333,nan,nan,nan
9/28/2026 16:47:17,1.17.3,StopSig,0,4.14,1,1,Pellet,Left,40,39,30,2767333,0.94,115,nan
9/28/2026 16:47:38,1.17.3,StopSig,0,4.14,nan,1,>Left_Regular_trial,Left,41,39,30,2789835,nan,nan,nan
9/28/2026 16:47:40,1.17.3,StopSig,0,4.14,nan,1,Right_Regular_(correct),Left,41,40,30,2791371,nan,nan,nan
9/28/2026 16:47:41,1.17.3,StopSig,0,4.14,2,1,Pellet,Left,41,40,31,2791371,0.22,24,nan
9/28/2026 16:47:58,1.17.3,StopSig,0,4.14,nan,1,>Left_Regular_trial,Left,42,40,31,2809297,nan,nan,nan
9/28/2026 16:47:59,1.17.3,StopSig,0,4.14,nan,1,Right_Regular_(correct),Left,42,41,31,2810277,nan,nan,nan
9/28/2026 16:48:00,1.17.3,StopSig,0,4.14,2,1,Pellet,Left,42,41,32,2810277,0.05,19,nan
9/28/2026 16:48:16,1.17.3,StopSig,0,4.14,nan,1,>Left_Regular_trial,Left,43,41,32,2827521,nan,nan,nan
9/28/2026 16:48:17,1.17.3,StopSig,0,4.14,nan,1,Right_Regular_(correct),Left,43,42,32,2828223,nan,nan,nan
9/28/2026 16:48:18,1.17.3,StopSig,0,4.14,1,1,Pellet,Left,43,42,33,2828223,0.33,18,nan
9/28/2026 16:48:37,1.17.3,StopSig,0,4.14,nan,1,>Left_Stop_trial,Left,44,42,33,2847826,nan,nan,nan
9/28/2026 16:48:37,1.17.3,StopSig,0,4.14,nan,1,Right_STOP_(incorrect),Left,44,43,33,2848680,nan,nan,nan
9/28/2026 16:49:19,1.17.3,StopSig,0,4.14,nan,1,Right_no_left,Left,44,44,33,2848680,nan,nan,nan
9/28/2026 16:49:19,1.17.3,StopSig,0,4.14,nan,1,Right_no_left,Left,44,45,33,2890343,nan,nan,nan
9/28/2026 16:49:21,1.17.3,StopSig,0,4.14,nan,1,>Left_Regular_trial,Left,45,45,33,2892300,nan,nan,nan
9/28/2026 16:49:22,1.17.3,StopSig,0,4.14,nan,1,Right_Regular_(correct),Left,45,46,33,2893421,nan,nan,nan
9/28/2026 16:49:25,1.17.3,StopSig,0,4.14,2,1,Pellet,Left,45,46,34,2893421,0.33,67,nan
9/28/2026 16:49:42,1.17.3,StopSig,0,4.14,nan,1,>Left_Regular_trial,Left,46,46,34,2913515,nan,nan,nan
9/28/2026 16:49:43,1.17.3,StopSig,0,4.14,nan,1,Right_Regular_(correct),Left,46,47,34,2914501,nan,nan,nan
9/28/2026 16:49:44,1.17.3,StopSig,0,4.14,1,1,Pellet,Left,46,47,35,2914501,0.11,19,nan
9/28/2026 16:49:58,1.17.3,StopSig,0,4.14,nan,1,>Left_Regular_trial,Left,47,47,35,2929138,nan,nan,nan
9/28/2026 16:49:59,1.17.3,StopSig,0,4.14,nan,1,Right_Regular_(correct),Left,47,48,35,2930112,nan,nan,nan
9/28/2026 16:49:59,1.17.3,StopSig,0,4.14,2,1,Pellet,Left,47,48,36,2930112,0.11,15,nan
9/28/2026 16:50:15,1.17.3,StopSig,0,4.14,nan,1,Right_no_left,Left,47,49,36,2930112,nan,nan,nan
9/28/2026 16:50:17,1.17.3,StopSig,0,4.14,nan,1,>Left_Regular_trial,Left,48,49,36,2948164,nan,nan,nan
9/28/2026 16:50:17,1.17.3,StopSig,0,4.14,nan,1,Right_Regular_(correct),Left,48,50,36,2949003,nan,nan,nan
9/28/2026 16:50:18,1.17.3,StopSig,0,4.14,1,1,Pellet,Left,48,50,37,2949003,0.16,19,nan
9/28/2026 16:50:43,1.17.3,StopSig,0,4.14,nan,1,>Left_Regular_trial,Left,49,50,37,2974844,nan,nan,nan
9/28/2026 16:50:44,1.17.3,StopSig,0,4.14,nan,1,Right_Regular_(correct),Left,49,51,37,2975691,nan,nan,nan
9/28/2026 16:50:45,1.17.3,StopSig,0,4.14,1,1,Pellet,Left,49,51,38,2975691,0.16,27,nan
9/28/2026 16:51:02,1.17.3,StopSig,0,4.14,nan,1,>Left_Regular_trial,Left,50,51,38,2993408,nan,nan,nan
9/28/2026 16:51:03,1.17.3,StopSig,0,4.14,nan,1,Right_Regular_(correct),Left,50,52,38,2994247,nan,nan,nan
9/28/2026 16:51:03,1.17.3,StopSig,0,4.14,1,1,Pellet,Left,50,52,39,2994247,0.05,18,nan
9/28/2026 16:51:21,1.17.3,StopSig,0,4.14,nan,1,>Left_Regular_trial,Left,51,52,39,3011976,nan,nan,nan
9/28/2026 16:51:21,1.17.3,StopSig,0,4.14,nan,1,Right_Regular_(correct),Left,51,53,39,3012670,nan,nan,nan
9/28/2026 16:51:31,1.17.3,StopSig,0,4.14,2,1,Pellet,Left,51,53,40,3012670,7.65,28,nan
9/28/2026 17:17:31,1.17.3,StopSig,0,4.14,nan,1,Right_no_left,Left,51,54,40,3012670,nan,nan,nan
9/28/2026 17:17:31,1.17.3,StopSig,0,4.14,nan,1,Right_no_left,Left,51,55,40,4582368,nan,nan,nan
9/28/2026 17:17:32,1.17.3,StopSig,0,4.14,nan,1,Right_no_left,Left,51,56,40,4582921,nan,nan,nan
9/28/2026 17:17:36,1.17.3,StopSig,0,4.14,nan,1,>Left_Regular_trial,Left,52,56,40,4587261,nan,nan,nan
9/28/2026 17:17:38,1.17.3,StopSig,0,4.14,nan,1,Right_Regular_(correct),Left,52,57,40,4589368,nan,nan,nan
9/28/2026 17:17:39,1.17.3,StopSig,0,4.14,2,1,Pellet,Left,52,57,41,4589368,0.27,1568,nan
9/28/2026 17:17:55,1.17.3,StopSig,0,4.14,nan,1,Right_no_left,Left,52,58,41,4589368,nan,nan,nan
9/28/2026 17:17:56,1.17.3,StopSig,0,4.14,nan,1,Right_no_left,Left,52,59,41,4606809,nan,nan,nan
9/28/2026 17:17:56,1.17.3,StopSig,0,4.14,nan,1,Right_no_left,Left,52,60,41,4607361,nan,nan,nan
9/28/2026 17:17:58,1.17.3,StopSig,0,4.14,nan,1,>Left_Stop_trial,Left,53,60,41,4609316,nan,nan,nan
9/28/2026 17:18:02,1.17.3,StopSig,0,4.14,nan,1,NoPoke_STOP_(correct),Left,53,60,41,4613434,nan,nan,nan
9/28/2026 17:18:06,1.17.3,StopSig,0,4.14,1,1,Pellet,Left,53,60,42,4613434,3.68,27,nan
9/28/2026 17:18:24,1.17.3,StopSig,0,4.14,nan,1,>Left_Regular_trial,Left,54,60,42,4635216,nan,nan,nan
9/28/2026 17:18:25,1.17.3,StopSig,0,4.14,nan,1,Right_Regular_(correct),Left,54,61,42,4637063,nan,nan,nan
9/28/2026 17:18:26,1.17.3,StopSig,0,4.14,1,1,Pellet,Left,54,61,43,4637063,0.11,20,nan
9/28/2026 17:18:46,1.17.3,StopSig,0,4.13,nan,1,Right_no_left,Left,54,62,43,4637063,nan,nan,nan
9/28/2026 17:18:49,1.17.3,StopSig,0,4.14,nan,1,>Left_Regular_trial,Left,55,62,43,4660102,nan,nan,nan
9/28/2026 17:18:50,1.17.3,StopSig,0,4.14,nan,1,Right_Regular_(correct),Left,55,63,43,4661357,nan,nan,nan
9/28/2026 17:18:50,1.17.3,StopSig,0,4.14,1,1,Pellet,Left,55,63,44,4661357,0.11,24,nan
9/28/2026 17:19:04,1.17.3,StopSig,0,4.14,nan,1,>Left_Regular_trial,Left,56,63,44,4675914,nan,nan,nan
9/28/2026 17:19:05,1.17.3,StopSig,0,4.14,nan,1,Right_Regular_(correct),Left,56,64,44,4677175,nan,nan,nan
9/28/2026 17:19:06,1.17.3,StopSig,0,4.14,2,1,Pellet,Left,56,64,45,4677175,0.05,16,nan
9/28/2026 17:19:21,1.17.3,StopSig,0,4.14,nan,1,Right_no_left,Left,56,65,45,4677175,nan,nan,nan
9/28/2026 17:19:22,1.17.3,StopSig,0,4.14,nan,1,Right_no_left,Left,56,66,45,4692586,nan,nan,nan
9/28/2026 17:19:23,1.17.3,StopSig,0,4.14,nan,1,Right_no_left,Left,56,67,45,4693999,nan,nan,nan
9/28/2026 17:19:25,1.17.3,StopSig,0,4.14,nan,1,>Left_Regular_trial,Left,57,67,45,4696551,nan,nan,nan
9/28/2026 17:19:26,1.17.3,StopSig,0,4.14,nan,1,Right_Regular_(correct),Left,57,68,45,4697691,nan,nan,nan
9/28/2026 17:19:27,1.17.3,StopSig,0,4.14,1,1,Pellet,Left,57,68,46,4697691,0.11,21,nan
9/28/2026 17:19:45,1.17.3,StopSig,0,4.14,nan,1,>Left_Regular_trial,Left,58,68,46,4716691,nan,nan,nan
9/28/2026 17:19:47,1.17.3,StopSig,0,4.14,nan,1,Right_Regular_(correct),Left,58,69,46,4718237,nan,nan,nan
9/28/2026 17:19:47,1.17.3,StopSig,0,4.14,1,1,Pellet,Left,58,69,47,4718237,0.11,20,nan
9/28/2026 17:20:03,1.17.3,StopSig,0,4.14,nan,1,>Left_Stop_trial,Left,59,69,47,4734561,nan,nan,nan
9/28/2026 17:20:04,1.17.3,StopSig,0,4.14,nan,1,Right_STOP_(incorrect),Left,59,70,47,4735453,nan,nan,nan
9/28/2026 17:20:36,1.17.3,StopSig,0,4.14,nan,1,>Left_Regular_trial,Left,60,70,47,4767737,nan,nan,nan
9/28/2026 17:20:37,1.17.3,StopSig,0,4.13,nan,1,Right_Regular_(correct),Left,60,71,47,4769166,nan,nan,nan
9/28/2026 17:20:38,1.17.3,StopSig,0,4.13,1,1,Pellet,Left,60,71,48,4769166,0.22,51,nan
9/28/2026 17:20:57,1.17.3,StopSig,0,4.14,nan,1,>Left_Regular_trial,Left,61,71,48,4789003,nan,nan,nan
9/28/2026 17:20:59,1.17.3,StopSig,0,4.14,nan,1,Right_Regular_(correct),Left,61,72,48,4790404,nan,nan,nan
9/28/2026 17:21:00,1.17.3,StopSig,0,4.14,1,1,Pellet,Left,61,72,49,4790404,0.27,22,nan
9/28/2026 17:21:15,1.17.3,StopSig,0,4.14,nan,1,>Left_Regular_trial,Left,62,72,49,4806252,nan,nan,nan
9/28/2026 17:21:15,1.17.3,StopSig,0,4.14,nan,1,Right_Regular_(correct),Left,62,73,49,4807094,nan,nan,nan
9/28/2026 17:21:16,1.17.3,StopSig,0,4.14,1,1,Pellet,Left,62,73,50,4807094,0.16,16,nan
9/28/2026 17:40:35,1.17.3,StopSig,0,4.13,nan,1,>Left_Regular_trial,Left,63,73,50,5966438,nan,nan,nan
9/28/2026 17:40:36,1.17.3,StopSig,0,4.14,nan,1,Right_Regular_(correct),Left,63,74,50,5968015,nan,nan,nan
9/28/2026 17:40:38,1.17.3,StopSig,0,4.14,2,1,Pellet,Left,63,74,51,5968015,0.94,1162,nan
9/28/2026 17:40:57,1.17.3,StopSig,0,4.13,nan,1,>Left_Regular_trial,Left,64,74,51,5988466,nan,nan,nan
9/28/2026 17:40:58,1.17.3,StopSig,0,4.14,nan,1,Right_Regular_(correct),Left,64,75,51,5989607,nan,nan,nan
9/28/2026 17:40:59,1.17.3,StopSig,0,4.14,1,1,Pellet,Left,64,75,52,5989607,0.16,21,nan
9/28/2026 17:41:14,1.17.3,StopSig,0,4.13,nan,1,Right_no_left,Left,64,76,52,5989607,nan,nan,nan
9/28/2026 17:41:15,1.17.3,StopSig,0,4.14,nan,1,Right_no_left,Left,64,77,52,6006400,nan,nan,nan
9/28/2026 17:41:17,1.17.3,StopSig,0,4.14,nan,1,>Left_Regular_trial,Left,65,77,52,6008780,nan,nan,nan
9/28/2026 17:41:18,1.17.3,StopSig,0,4.14,nan,1,Right_Regular_(correct),Left,65,78,52,6009622,nan,nan,nan
9/28/2026 17:41:19,1.17.3,StopSig,0,4.14,1,1,Pellet,Left,65,78,53,6009622,0.22,20,nan
9/28/2026 17:41:33,1.17.3,StopSig,0,4.13,nan,1,>Left_Regular_trial,Left,66,78,53,6024934,nan,nan,nan
9/28/2026 17:41:34,1.17.3,StopSig,0,4.13,nan,1,Right_Regular_(correct),Left,66,79,53,6025806,nan,nan,nan
9/28/2026 17:41:35,1.17.3,StopSig,0,4.14,1,1,Pellet,Left,66,79,54,6025806,0.22,16,nan
9/28/2026 17:41:47,1.17.3,StopSig,0,4.14,nan,1,Right_no_left,Left,66,80,54,6025806,nan,nan,nan
9/28/2026 17:41:48,1.17.3,StopSig,0,4.14,nan,1,Right_no_left,Left,66,81,54,6039359,nan,nan,nan
9/28/2026 17:41:49,1.17.3,StopSig,0,4.13,nan,1,Right_no_left,Left,66,82,54,6039919,nan,nan,nan
9/28/2026 17:41:51,1.17.3,StopSig,0,4.13,nan,1,>Left_Regular_trial,Left,67,82,54,6042304,nan,nan,nan
9/28/2026 17:41:51,1.17.3,StopSig,0,4.14,nan,1,Right_Regular_(correct),Left,67,83,54,6043002,nan,nan,nan
9/28/2026 17:41:52,1.17.3,StopSig,0,4.14,1,1,Pellet,Left,67,83,55,6043002,0.16,17,nan
9/28/2026 17:42:09,1.17.3,StopSig,0,4.13,nan,1,>Left_Regular_trial,Left,68,83,55,6060438,nan,nan,nan
9/28/2026 17:42:10,1.17.3,StopSig,0,4.13,nan,1,Right_Regular_(correct),Left,68,84,55,6061290,nan,nan,nan
9/28/2026 17:42:11,1.17.3,StopSig,0,4.13,2,1,Pellet,Left,68,84,56,6061290,0.11,19,nan
9/28/2026 17:42:24,1.17.3,StopSig,0,4.13,nan,1,>Left_Regular_trial,Left,69,84,56,6075746,nan,nan,nan
9/28/2026 17:42:25,1.17.3,StopSig,0,4.14,nan,1,Right_Regular_(correct),Left,69,85,56,6076474,nan,nan,nan
9/28/2026 17:42:26,1.17.3,StopSig,0,4.13,1,1,Pellet,Left,69,85,57,6076474,0.22,14,nan
9/28/2026 17:42:40,1.17.3,StopSig,0,4.14,nan,1,>Left_Regular_trial,Left,70,85,57,6091940,nan,nan,nan
9/28/2026 17:42:41,1.17.3,StopSig,0,4.14,nan,1,Right_Regular_(correct),Left,70,86,57,6092782,nan,nan,nan
9/28/2026 17:42:42,1.17.3,StopSig,0,4.13,2,1,Pellet,Left,70,86,58,6092782,0.11,17,nan
9/28/2026 17:42:56,1.17.3,StopSig,0,4.13,nan,1,>Left_Regular_trial,Left,71,86,58,6107358,nan,nan,nan
9/28/2026 17:42:56,1.17.3,StopSig,0,4.13,nan,1,Right_Regular_(correct),Left,71,87,58,6108060,nan,nan,nan
9/28/2026 17:42:57,1.17.3,StopSig,0,4.14,1,1,Pellet,Left,71,87,59,6108060,0.27,15,nan
9/28/2026 18:08:36,1.17.3,StopSig,0,4.13,nan,1,>Left_Regular_trial,Left,72,87,59,7648196,nan,nan,nan
9/28/2026 18:08:38,1.17.3,StopSig,0,4.13,nan,1,Right_Regular_(correct),Left,72,88,59,7649612,nan,nan,nan
9/28/2026 18:08:39,1.17.3,StopSig,0,4.13,1,1,Pellet,Left,72,88,60,7649612,0.22,1542,nan
9/28/2026 18:09:03,1.17.3,StopSig,0,4.13,nan,1,Right_no_left,Left,72,89,60,7649612,nan,nan,nan
9/28/2026 18:09:04,1.17.3,StopSig,0,4.13,nan,1,Right_no_left,Left,72,90,60,7675347,nan,nan,nan
9/28/2026 18:09:06,1.17.3,StopSig,0,4.13,nan,1,>Left_Regular_trial,Left,73,90,60,7677729,nan,nan,nan
9/28/2026 18:09:07,1.17.3,StopSig,0,4.13,nan,1,Right_Regular_(correct),Left,73,91,60,7678846,nan,nan,nan
9/28/2026 18:09:08,1.17.3,StopSig,0,4.14,1,1,Pellet,Left,73,91,61,7678846,0.11,29,nan
9/28/2026 18:09:22,1.17.3,StopSig,0,4.13,nan,1,>Left_Regular_trial,Left,74,91,61,7694274,nan,nan,nan
9/28/2026 18:09:23,1.17.3,StopSig,0,4.13,nan,1,Right_Regular_(correct),Left,74,92,61,7695395,nan,nan,nan
9/28/2026 18:09:25,1.17.3,StopSig,0,4.13,2,1,Pellet,Left,74,92,62,7695395,0.05,17,nan
9/28/2026 18:09:40,1.17.3,StopSig,0,4.14,nan,1,>Left_Regular_trial,Left,75,92,62,7712071,nan,nan,nan
9/28/2026 18:09:41,1.17.3,StopSig,0,4.13,nan,1,Right_Regular_(correct),Left,75,93,62,7712914,nan,nan,nan
9/28/2026 18:09:42,1.17.3,StopSig,0,4.13,1,1,Pellet,Left,75,93,63,7712914,0.16,17,nan
9/28/2026 18:09:57,1.17.3,StopSig,0,4.13,nan,1,>Left_Regular_trial,Left,76,93,63,7728499,nan,nan,nan
9/28/2026 18:09:57,1.17.3,StopSig,0,4.14,nan,1,Right_Regular_(correct),Left,76,94,63,7729350,nan,nan,nan
9/28/2026 18:09:58,1.17.3,StopSig,0,4.12,1,1,Pellet,Left,76,94,64,7729350,0.22,16,nan
9/28/2026 18:10:16,1.17.3,StopSig,0,4.14,nan,1,>Left_Regular_trial,Left,77,94,64,7747635,nan,nan,nan
9/28/2026 18:10:17,1.17.3,StopSig,0,4.13,nan,1,Right_Regular_(correct),Left,77,95,64,7748750,nan,nan,nan
9/28/2026 18:10:18,1.17.3,StopSig,0,4.13,2,1,Pellet,Left,77,95,65,7748750,0.33,20,nan
9/28/2026 18:10:36,1.17.3,StopSig,0,4.13,nan,1,Right_no_left,Left,77,96,65,7748750,nan,nan,nan
9/28/2026 18:10:37,1.17.3,StopSig,0,4.13,nan,1,Right_no_left,Left,77,97,65,7767982,nan,nan,nan
9/28/2026 18:49:42,1.17.3,StopSig,0,4.13,nan,1,Right_no_left,Left,77,98,65,7768959,nan,nan,nan
9/28/2026 18:49:43,1.17.3,StopSig,0,4.12,nan,1,Right_no_left,Left,77,99,65,10114166,nan,nan,nan
9/28/2026 18:49:43,1.17.3,StopSig,0,4.12,nan,1,Right_no_left,Left,77,100,65,10114732,nan,nan,nan
9/28/2026 18:49:46,1.17.3,StopSig,0,4.12,nan,1,Right_no_left,Left,77,101,65,10115436,nan,nan,nan
9/28/2026 18:49:47,1.17.3,StopSig,0,4.13,nan,1,Right_no_left,Left,77,102,65,10118380,nan,nan,nan
9/28/2026 18:49:48,1.17.3,StopSig,0,4.13,nan,1,Right_no_left,Left,77,103,65,10119215,nan,nan,nan
9/28/2026 18:49:48,1.17.3,StopSig,0,4.12,nan,1,Right_no_left,Left,77,104,65,10120050,nan,nan,nan
9/28/2026 18:49:48,1.17.3,StopSig,0,4.13,nan,1,Right_no_left,Left,77,105,65,10120323,nan,nan,nan
9/28/2026 18:49:51,1.17.3,StopSig,0,4.12,nan,1,>Left_Stop_trial,Left,78,105,65,10122147,nan,nan,nan
9/28/2026 18:49:51,1.17.3,StopSig,0,4.12,nan,1,Right_STOP_(incorrect),Left,78,106,65,10123092,nan,nan,nan
9/28/2026 18:50:21,1.17.3,StopSig,0,4.12,nan,1,>Left_Regular_trial,Left,79,106,65,10153390,nan,nan,nan
9/28/2026 18:50:22,1.17.3,StopSig,0,4.13,nan,1,Right_Regular_(correct),Left,79,107,65,10153672,nan,nan,nan
9/28/2026 18:50:22,1.17.3,StopSig,0,4.12,1,1,Pellet,Left,79,107,66,10153672,0.22,2404,nan
9/28/2026 18:50:45,1.17.3,StopSig,0,4.13,nan,1,>Left_Regular_trial,Left,80,107,66,10176933,nan,nan,nan
9/28/2026 18:50:46,1.17.3,StopSig,0,4.12,nan,1,Right_Regular_(correct),Left,80,108,66,10177910,nan,nan,nan
9/28/2026 18:50:47,1.17.3,StopSig,0,4.12,1,1,Pellet,Left,80,108,67,10177910,0.22,25,nan
9/28/2026 18:51:04,1.17.3,StopSig,0,4.13,nan,1,>Left_Regular_trial,Left,81,108,67,10195625,nan,nan,nan
9/28/2026 18:51:05,1.17.3,StopSig,0,4.12,nan,1,Right_Regular_(correct),Left,81,109,67,10196601,nan,nan,nan
9/28/2026 18:51:05,1.17.3,StopSig,0,4.12,1,1,Pellet,Left,81,109,68,10196601,0.11,18,nan
9/28/2026 18:51:43,1.17.3,StopSig,0,4.13,nan,1,Right_no_left,Left,81,110,68,10196601,nan,nan,nan
9/28/2026 18:51:44,1.17.3,StopSig,0,4.12,nan,1,Right_no_left,Left,81,111,68,10235688,nan,nan,nan
9/28/2026 18:51:46,1.17.3,StopSig,0,4.12,nan,1,>Left_Regular_trial,Left,82,111,68,10237786,nan,nan,nan
9/28/2026 18:51:47,1.17.3,StopSig,0,4.12,nan,1,Right_Regular_(correct),Left,82,112,68,10238627,nan,nan,nan
9/28/2026 18:51:48,1.17.3,StopSig,0,4.12,1,1,Pellet,Left,82,112,69,10238627,0.38,43,nan
9/28/2026 18:52:06,1.17.3,StopSig,0,4.12,nan,1,>Left_Regular_trial,Left,83,112,69,10258168,nan,nan,nan
9/28/2026 18:52:07,1.17.3,StopSig,0,4.13,nan,1,Right_Regular_(correct),Left,83,113,69,10259004,nan,nan,nan
9/28/2026 18:52:08,1.17.3,StopSig,0,4.12,2,1,Pellet,Left,83,113,70,10259004,0.05,20,nan
9/28/2026 18:52:26,1.17.3,StopSig,0,4.13,nan,1,>Left_Stop_trial,Left,84,113,70,10277160,nan,nan,nan
9/28/2026 18:52:26,1.17.3,StopSig,0,4.12,nan,1,Right_STOP_(incorrect),Left,84,114,70,10277985,nan,nan,nan
9/28/2026 18:52:56,1.17.3,StopSig,0,4.12,nan,1,>Left_Regular_trial,Left,85,114,70,10308289,nan,nan,nan
9/28/2026 18:53:00,1.17.3,StopSig,0,4.13,nan,1,NoPoke_Regular_(incorrect),Left,85,114,70,10311804,nan,nan,nan
9/28/2026 18:55:03,1.17.3,StopSig,0,4.12,nan,1,Right_no_left,Left,85,115,70,10311804,nan,nan,nan
9/28/2026 18:55:03,1.17.3,StopSig,0,4.12,nan,1,Right_no_left,Left,85,116,70,10434877,nan,nan,nan
9/28/2026 18:55:08,1.17.3,StopSig,0,4.13,nan,1,>Left_Regular_trial,Left,86,116,70,10440076,nan,nan,nan
9/28/2026 18:55:09,1.17.3,StopSig,0,4.13,nan,1,Right_Regular_(correct),Left,86,117,70,10441227,nan,nan,nan
9/28/2026 18:55:24,1.17.3,StopSig,0,4.13,3,1,Pellet,Left,86,117,71,10441227,11.35,196,nan
9/28/2026 18:55:40,1.17.3,StopSig,0,4.12,nan,1,>Left_Regular_trial,Left,87,117,71,10472216,nan,nan,nan
9/28/2026 18:55:41,1.17.3,StopSig,0,4.12,nan,1,Right_Regular_(correct),Left,87,118,71,10473191,nan,nan,nan
9/28/2026 18:55:42,1.17.3,StopSig,0,4.12,2,1,Pellet,Left,87,118,72,10473191,0.27,18,nan
9/28/2026 18:55:57,1.17.3,StopSig,0,4.12,nan,1,>Left_Regular_trial,Left,88,118,72,10488966,nan,nan,nan
9/28/2026 18:55:58,1.17.3,StopSig,0,4.12,nan,1,Right_Regular_(correct),Left,88,119,72,10489823,nan,nan,nan
9/28/2026 18:55:59,1.17.3,StopSig,0,4.12,2,1,Pellet,Left,88,119,73,10489823,0.11,17,nan
9/28/2026 18:56:16,1.17.3,StopSig,0,4.12,nan,1,Right_no_left,Left,88,120,73,10489823,nan,nan,nan
9/28/2026 18:56:17,1.17.3,StopSig,0,4.12,nan,1,Right_no_left,Left,88,121,73,10507772,nan,nan,nan
9/28/2026 18:56:18,1.17.3,StopSig,0,4.12,nan,1,Right_no_left,Left,88,122,73,10509052,nan,nan,nan
9/28/2026 18:56:20,1.17.3,StopSig,0,4.12,nan,1,>Left_Stop_trial,Left,89,122,73,10511583,nan,nan,nan
9/28/2026 18:56:20,1.17.3,StopSig,0,4.12,nan,1,Right_STOP_(incorrect),Left,89,123,73,10512536,nan,nan,nan
9/28/2026 19:23:51,1.17.3,StopSig,0,4.12,nan,1,>Left_Stop_trial,Left,90,123,73,12162641,nan,nan,nan
9/28/2026 19:23:54,1.17.3,StopSig,0,4.12,nan,1,NoPoke_STOP_(correct),Left,90,123,73,12165969,nan,nan,nan
9/28/2026 19:23:55,1.17.3,StopSig,0,4.12,2,1,Pellet,Left,90,123,74,12165969,0.33,1676,nan
9/28/2026 19:24:16,1.17.3,StopSig,0,4.12,nan,1,>Left_Regular_trial,Left,91,123,74,12187589,nan,nan,nan
9/28/2026 19:24:17,1.17.3,StopSig,0,4.12,nan,1,Right_Regular_(correct),Left,91,124,74,12188737,nan,nan,nan
9/28/2026 19:24:29,1.17.3,StopSig,0,4.12,2,1,Pellet,Left,91,124,75,12188737,9.88,34,nan
9/28/2026 19:24:46,1.17.3,StopSig,0,4.12,nan,1,>Left_Regular_trial,Left,92,124,75,12218405,nan,nan,nan
9/28/2026 19:24:47,1.17.3,StopSig,0,4.12,nan,1,Right_Regular_(correct),Left,92,125,75,12219550,nan,nan,nan
9/28/2026 19:24:48,1.17.3,StopSig,0,4.12,1,1,Pellet,Left,92,125,76,12219550,0.05,19,nan
9/28/2026 19:25:03,1.17.3,StopSig,0,4.12,nan,1,>Left_Stop_trial,Left,93,125,76,12234593,nan,nan,nan
9/28/2026 19:25:03,1.17.3,StopSig,0,4.12,nan,1,Right_STOP_(incorrect),Left,93,126,76,12235485,nan,nan,nan
9/28/2026 19:25:34,1.17.3,StopSig,0,4.12,nan,1,>Left_Regular_trial,Left,94,126,76,12265790,nan,nan,nan
9/28/2026 19:25:35,1.17.3,StopSig,0,4.12,nan,1,Right_Regular_(correct),Left,94,127,76,12267066,nan,nan,nan
9/28/2026 19:25:36,1.17.3,StopSig,0,4.12,2,1,Pellet,Left,94,127,77,12267066,0.05,48,nan
9/28/2026 19:25:51,1.17.3,StopSig,0,4.12,nan,1,>Left_Regular_trial,Left,95,127,77,12283104,nan,nan,nan
9/28/2026 19:25:52,1.17.3,StopSig,0,4.12,nan,1,Right_Regular_(correct),Left,95,128,77,12284113,nan,nan,nan
9/28/2026 19:25:53,1.17.3,StopSig,0,4.12,1,1,Pellet,Left,95,128,78,12284113,0.16,17,nan
9/28/2026 19:26:08,1.17.3,StopSig,0,4.12,nan,1,>Left_Regular_trial,Left,96,128,78,12300380,nan,nan,nan
9/28/2026 19:26:09,1.17.3,StopSig,0,4.12,nan,1,Right_Regular_(correct),Left,96,129,78,12301647,nan,nan,nan
9/28/2026 19:26:10,1.17.3,StopSig,0,4.12,2,1,Pellet,Left,96,129,79,12301647,0.05,17,nan
9/28/2026 19:26:30,1.17.3,StopSig,0,4.12,nan,1,Right_no_left,Left,96,130,79,12301647,nan,nan,nan
9/28/2026 19:26:31,1.17.3,StopSig,0,4.12,nan,1,Right_no_left,Left,96,131,79,12322017,nan,nan,nan
9/28/2026 19:26:32,1.17.3,StopSig,0,4.12,nan,1,Right_no_left,Left,96,132,79,12323011,nan,nan,nan
9/28/2026 19:26:32,1.17.3,StopSig,0,4.12,nan,1,Right_no_left,Left,96,133,79,12324292,nan,nan,nan
9/28/2026 19:26:33,1.17.3,StopSig,0,4.12,nan,1,Right_no_left,Left,96,134,79,12324592,nan,nan,nan
9/28/2026 19:26:36,1.17.3,StopSig,0,4.12,nan,1,>Left_Stop_trial,Left,97,134,79,12327287,nan,nan,nan
9/28/2026 19:26:39,1.17.3,StopSig,0,4.12,nan,1,NoPoke_STOP_(correct),Left,97,134,79,12330908,nan,nan,nan
9/28/2026 19:26:40,1.17.3,StopSig,0,4.12,1,1,Pellet,Left,97,134,80,12330908,0.44,30,nan
9/28/2026 19:26:56,1.17.3,StopSig,0,4.12,nan,1,>Left_Regular_trial,Left,98,134,80,12347819,nan,nan,nan
9/28/2026 19:26:57,1.17.3,StopSig,0,4.12,nan,1,Right_Regular_(correct),Left,98,135,80,12349227,nan,nan,nan
9/28/2026 19:27:07,1.17.3,StopSig,0,4.12,2,1,Pellet,Left,98,135,81,12349227,7.54,27,nan
9/28/2026 19:27:27,1.17.3,StopSig,0,4.12,nan,1,>Left_Regular_trial,Left,99,135,81,12378726,nan,nan,nan
9/28/2026 19:27:27,1.17.3,StopSig,0,4.12,nan,1,Right_Regular_(correct),Left,99,136,81,12379710,nan,nan,nan
9/28/2026 19:27:28,1.17.3,StopSig,0,4.12,2,1,Pellet,Left,99,136,82,12379710,0.05,21,nan
9/28/2026 19:27:45,1.17.3,StopSig,0,4.12,nan,1,>Left_Regular_trial,Left,100,136,82,12397143,nan,nan,nan
9/28/2026 19:27:46,1.17.3,StopSig,0,4.12,nan,1,Right_Regular_(correct),Left,100,137,82,12397877,nan,nan,nan
9/28/2026 19:27:46,1.17.3,StopSig,0,4.12,1,1,Pellet,Left,100,137,83,12397877,0.11,18,nan
9/28/2026 19:45:09,1.17.3,StopSig,0,4.12,nan,1,Right_no_left,Left,100,138,83,12397877,nan,nan,nan
9/28/2026 19:51:09,1.17.3,StopSig,0,4.12,nan,1,Right_no_left,Left,100,139,83,13441473,nan,nan,nan
9/28/2026 19:51:09,1.17.3,StopSig,0,4.12,nan,1,Right_no_left,Left,100,140,83,13801253,nan,nan,nan
9/28/2026 19:51:11,1.17.3,StopSig,0,4.12,nan,1,Right_no_left,Left,100,141,83,13801809,nan,nan,nan
9/28/2026 19:51:16,1.17.3,StopSig,0,4.12,nan,1,>Left_Regular_trial,Left,101,141,83,13808559,nan,nan,nan
9/28/2026 19:51:17,1.17.3,StopSig,0,4.12,nan,1,Right_Regular_(correct),Left,101,142,83,13809683,nan,nan,nan
9/28/2026 19:51:18,1.17.3,StopSig,0,4.12,1,1,Pellet,Left,101,142,84,13809683,0.16,1412,nan
9/28/2026 19:51:39,1.17.3,StopSig,0,4.12,nan,1,>Left_Regular_trial,Left,102,142,84,13831424,nan,nan,nan
9/28/2026 19:51:40,1.17.3,StopSig,0,4.12,nan,1,Right_Regular_(correct),Left,102,143,84,13832297,nan,nan,nan
9/28/2026 19:51:41,1.17.3,StopSig,0,4.12,2,1,Pellet,Left,102,143,85,13832297,0.33,23,nan
9/28/2026 19:51:57,1.17.3,StopSig,0,4.12,nan,1,>Left_Regular_trial,Left,103,143,85,13848751,nan,nan,nan
9/28/2026 19:51:58,1.17.3,StopSig,0,4.12,nan,1,Right_Regular_(correct),Left,103,144,85,13850306,nan,nan,nan
9/28/2026 19:51:59,1.17.3,StopSig,0,4.12,1,1,Pellet,Left,103,144,86,13850306,0.05,18,nan
9/28/2026 19:52:13,1.17.3,StopSig,0,4.12,nan,1,Right_no_left,Left,103,145,86,13850306,nan,nan,nan
9/28/2026 19:52:14,1.17.3,StopSig,0,4.12,nan,1,Right_no_left,Left,103,146,86,13865593,nan,nan,nan
9/28/2026 19:52:14,1.17.3,StopSig,0,4.12,nan,1,Right_no_left,Left,103,147,86,13866009,nan,nan,nan
9/28/2026 20:11:43,1.17.3,StopSig,0,4.12,nan,1,Right_no_left,Left,103,148,86,13866291,nan,nan,nan
9/28/2026 20:11:44,1.17.3,StopSig,0,4.12,nan,1,Right_no_left,Left,103,149,86,15035388,nan,nan,nan
9/28/2026 20:11:44,1.17.3,StopSig,0,4.12,nan,1,Right_no_left,Left,103,150,86,15036092,nan,nan,nan
9/28/2026 20:11:45,1.17.3,StopSig,0,4.12,nan,1,Right_no_left,Left,103,151,86,15036520,nan,nan,nan
9/28/2026 20:11:47,1.17.3,StopSig,0,4.12,nan,1,>Left_Regular_trial,Left,104,151,86,15039195,nan,nan,nan
9/28/2026 20:11:49,1.17.3,StopSig,0,4.12,nan,1,Right_Regular_(correct),Left,104,152,86,15041309,nan,nan,nan
9/28/2026 20:11:50,1.17.3,StopSig,0,4.12,1,1,Pellet,Left,104,152,87,15041309,0.44,1191,nan
9/28/2026 20:12:07,1.17.3,StopSig,0,4.12,nan,1,>Left_Stop_trial,Left,105,152,87,15058798,nan,nan,nan
9/28/2026 20:12:07,1.17.3,StopSig,0,4.12,nan,1,Right_STOP_(incorrect),Left,105,153,87,15059839,nan,nan,nan
9/28/2026 20:12:38,1.17.3,StopSig,0,4.11,nan,1,>Left_Stop_trial,Left,106,153,87,15090139,nan,nan,nan
9/28/2026 20:12:39,1.17.3,StopSig,0,4.12,nan,1,Right_STOP_(incorrect),Left,106,154,87,15091567,nan,nan,nan
9/28/2026 20:13:10,1.17.3,StopSig,0,4.12,nan,1,>Left_Regular_trial,Left,107,154,87,15121875,nan,nan,nan
9/28/2026 20:13:11,1.17.3,StopSig,0,4.12,nan,1,Right_Regular_(correct),Left,107,155,87,15123847,nan,nan,nan
9/28/2026 20:13:12,1.17.3,StopSig,0,4.12,2,1,Pellet,Left,107,155,88,15123847,0.05,82,nan
9/28/2026 20:13:28,1.17.3,StopSig,0,4.12,nan,1,>Left_Stop_trial,Left,108,155,88,15139505,nan,nan,nan
9/28/2026 20:13:28,1.17.3,StopSig,0,4.12,nan,1,Right_STOP_(incorrect),Left,108,156,88,15140599,nan,nan,nan
9/28/2026 20:13:59,1.17.3,StopSig,0,4.12,nan,1,>Left_Regular_trial,Left,109,156,88,15170899,nan,nan,nan
9/28/2026 20:14:00,1.17.3,StopSig,0,4.12,nan,1,Right_Regular_(correct),Left,109,157,88,15172585,nan,nan,nan
9/28/2026 20:14:01,1.17.3,StopSig,0,4.12,1,1,Pellet,Left,109,157,89,15172585,0.22,49,nan
9/28/2026 20:14:20,1.17.3,StopSig,0,4.12,nan,1,>Left_Stop_trial,Left,110,157,89,15192099,nan,nan,nan
9/28/2026 20:14:21,1.17.3,StopSig,0,4.12,nan,1,Right_STOP_(incorrect),Left,110,158,89,15193098,nan,nan,nan
9/28/2026 20:34:44,1.17.3,StopSig,0,4.12,nan,1,>Left_Regular_trial,Left,111,158,89,16416395,nan,nan,nan
9/28/2026 20:34:45,1.17.3,StopSig,0,4.12,nan,1,Right_Regular_(correct),Left,111,159,89,16417818,nan,nan,nan
9/28/2026 20:34:46,1.17.3,StopSig,0,4.12,1,1,Pellet,Left,111,159,90,16417818,0.16,1245,nan
9/28/2026 20:35:02,1.17.3,StopSig,0,4.12,nan,1,>Left_Regular_trial,Left,112,159,90,16434218,nan,nan,nan
9/28/2026 20:35:03,1.17.3,StopSig,0,4.12,nan,1,Right_Regular_(correct),Left,112,160,90,16435636,nan,nan,nan
9/28/2026 20:35:04,1.17.3,StopSig,0,4.12,1,1,Pellet,Left,112,160,91,16435636,0.38,18,nan
9/28/2026 20:35:24,1.17.3,StopSig,0,4.12,nan,1,>Left_Regular_trial,Left,113,160,91,16456791,nan,nan,nan
9/28/2026 20:35:25,1.17.3,StopSig,0,4.12,nan,1,Right_Regular_(correct),Left,113,161,91,16457630,nan,nan,nan
9/28/2026 20:35:30,1.17.3,StopSig,0,4.05,nan,1,RightDuringDispense,Left,113,162,91,16457630,nan,nan,0.03
9/28/2026 20:35:31,1.17.3,StopSig,0,4.12,4,1,Pellet,Left,113,162,92,16457630,0.05,27,nan
9/28/2026 20:35:41,1.17.3,StopSig,0,4.12,nan,1,>Left_Regular_trial,Left,114,162,92,16473552,nan,nan,nan
9/28/2026 20:35:42,1.17.3,StopSig,0,4.11,nan,1,Right_Regular_(correct),Left,114,163,92,16474254,nan,nan,nan
9/28/2026 20:35:42,1.17.3,StopSig,0,4.12,1,1,Pellet,Left,114,163,93,16474254,0.11,11,nan
9/28/2026 20:35:56,1.17.3,StopSig,0,4.12,nan,1,>Left_Regular_trial,Left,115,163,93,16488477,nan,nan,nan
9/28/2026 20:35:58,1.17.3,StopSig,0,4.11,nan,1,Right_Regular_(correct),Left,115,164,93,16490452,nan,nan,nan
9/28/2026 20:36:06,1.17.3,StopSig,0,4.11,2,1,Pellet,Left,115,164,94,16490452,5.58,24,nan
9/28/2026 20:36:27,1.17.3,StopSig,0,4.12,nan,1,Right_no_left,Left,115,165,94,16490452,nan,nan,nan
9/28/2026 20:36:28,1.17.3,StopSig,0,4.11,nan,1,Right_no_left,Left,115,166,94,16519345,nan,nan,nan
9/28/2026 20:36:28,1.17.3,StopSig,0,4.11,nan,1,Right_no_left,Left,115,167,94,16520325,nan,nan,nan
9/28/2026 20:36:29,1.17.3,StopSig,0,4.12,nan,1,Right_no_left,Left,115,168,94,16520745,nan,nan,nan
9/28/2026 20:36:31,1.17.3,StopSig,0,4.11,nan,1,>Left_Regular_trial,Left,116,168,94,16523561,nan,nan,nan
9/28/2026 20:36:32,1.17.3,StopSig,0,4.12,nan,1,Right_Regular_(correct),Left,116,169,94,16524682,nan,nan,nan
9/28/2026 20:36:33,1.17.3,StopSig,0,4.12,1,1,Pellet,Left,116,169,95,16524682,0.16,27,nan
9/28/2026 20:36:46,1.17.3,StopSig,0,4.12,nan,1,>Left_Regular_trial,Left,117,169,95,16538859,nan,nan,nan
9/28/2026 20:36:47,1.17.3,StopSig,0,4.12,nan,1,Right_Regular_(correct),Left,117,170,95,16539570,nan,nan,nan
9/28/2026 20:36:50,1.17.3,StopSig,0,4.11,2,1,Pellet,Left,117,170,96,16539570,0.16,17,nan
9/28/2026 20:37:00,1.17.3,StopSig,0,4.11,nan,1,Right_no_left,Left,117,171,96,16539570,nan,nan,nan
9/28/2026 20:37:02,1.17.3,StopSig,0,4.11,nan,1,>Left_Regular_trial,Left,118,171,96,16554091,nan,nan,nan
9/28/2026 20:37:02,1.17.3,StopSig,0,4.11,nan,1,Right_Regular_(correct),Left,118,172,96,16554789,nan,nan,nan
9/28/2026 20:37:03,1.17.3,StopSig,0,4.11,2,1,Pellet,Left,118,172,97,16554789,0.05,13,nan
9/28/2026 20:37:14,1.17.3,StopSig,0,4.11,nan,1,Right_no_left,Left,118,173,97,16554789,nan,nan,nan
9/28/2026 20:37:17,1.17.3,StopSig,0,4.11,nan,1,>Left_Stop_trial,Left,119,173,97,16568322,nan,nan,nan
9/28/2026 20:37:17,1.17.3,StopSig,0,4.12,nan,1,Right_STOP_(incorrect),Left,119,174,97,16569202,nan,nan,nan
9/28/2026 20:37:47,1.17.3,StopSig,0,4.11,nan,1,>Left_Regular_trial,Left,120,174,97,16599514,nan,nan,nan
9/28/2026 20:37:51,1.17.3,StopSig,0,4.11,nan,1,NoPoke_Regular_(incorrect),Left,120,174,97,16603328,nan,nan,nan
9/28/2026 20:38:21,1.17.3,StopSig,0,4.12,nan,1,Right_no_left,Left,120,175,97,16603328,nan,nan,nan
9/28/2026 20:38:22,1.17.3,StopSig,0,4.11,nan,1,Right_no_left,Left,120,176,97,16633775,nan,nan,nan
9/28/2026 20:38:23,1.17.3,StopSig,0,4.11,nan,1,Right_no_left,Left,120,177,97,16634476,nan,nan,nan
9/28/2026 20:38:24,1.17.3,StopSig,0,4.11,nan,1,>Left_Regular_trial,Left,121,177,97,16636726,nan,nan,nan
9/28/2026 20:38:25,1.17.3,StopSig,0,4.12,nan,1,Right_Regular_(correct),Left,121,178,97,16637579,nan,nan,nan
9/28/2026 20:38:26,1.17.3,StopSig,0,4.11,1,1,Pellet,Left,121,178,98,16637579,0.39,83,nan
9/28/2026 20:38:41,1.17.3,StopSig,0,4.12,nan,1,>Left_Regular_trial,Left,122,178,98,16653402,nan,nan,nan
9/28/2026 20:38:41,1.17.3,StopSig,0,4.11,nan,1,Right_Regular_(correct),Left,122,179,98,16653992,nan,nan,nan
9/28/2026 20:38:42,1.17.3,StopSig,0,4.12,2,1,Pellet,Left,122,179,99,16653992,0.05,16,nan
9/28/2026 20:38:54,1.17.3,StopSig,0,4.11,nan,1,Right_no_left,Left,122,180,99,16653992,nan,nan,nan
9/28/2026 20:38:54,1.17.3,StopSig,0,4.11,nan,1,Right_no_left,Left,122,181,99,16666382,nan,nan,nan
9/28/2026 20:38:57,1.17.3,StopSig,0,4.12,nan,1,>Left_Regular_trial,Left,123,181,99,16669344,nan,nan,nan
9/28/2026 20:38:58,1.17.3,StopSig,0,4.12,nan,1,Right_Regular_(correct),Left,123,182,99,16670189,nan,nan,nan
9/28/2026 20:38:59,1.17.3,StopSig,0,4.12,1,1,Pellet,Left,123,182,100,16670189,0.16,17,nan
9/28/2026 20:39:14,1.17.3,StopSig,0,4.11,nan,1,>Left_Regular_trial,Left,124,182,100,16685907,nan,nan,nan
9/28/2026 20:39:14,1.17.3,StopSig,0,4.11,nan,1,Right_Regular_(correct),Left,124,183,100,16686624,nan,nan,nan
9/28/2026 20:39:15,1.17.3,StopSig,0,4.11,1,1,Pellet,Left,124,183,101,16686624,0.16,16,nan
9/28/2026 20:39:30,1.17.3,StopSig,0,4.12,nan,1,Right_no_left,Left,124,184,101,16686624,nan,nan,nan
9/28/2026 20:39:31,1.17.3,StopSig,0,4.11,nan,1,Right_no_left,Left,124,185,101,16702895,nan,nan,nan
9/28/2026 20:39:32,1.17.3,StopSig,0,4.12,nan,1,Right_no_left,Left,124,186,101,16703619,nan,nan,nan
9/28/2026 20:39:35,1.17.3,StopSig,0,4.11,nan,1,>Left_Regular_trial,Left,125,186,101,16707450,nan,nan,nan
9/28/2026 20:39:36,1.17.3,StopSig,0,4.12,nan,1,Right_Regular_(correct),Left,125,187,101,16708439,nan,nan,nan
9/28/2026 20:39:45,1.17.3,StopSig,0,4.11,2,1,Pellet,Left,125,187,102,16708439,6.59,30,nan
9/28/2026 20:40:02,1.17.3,StopSig,0,4.11,nan,1,>Left_Regular_trial,Left,126,187,102,16734041,nan,nan,nan
9/28/2026 20:40:02,1.17.3,StopSig,0,4.12,nan,1,Right_Regular_(correct),Left,126,188,102,16734889,nan,nan,nan
9/28/2026 20:40:03,1.17.3,StopSig,0,4.11,1,1,Pellet,Left,126,188,103,16734889,0.11,18,nan
9/28/2026 20:59:23,1.17.3,StopSig,0,4.12,nan,1,>Left_Regular_trial,Left,127,188,103,17895242,nan,nan,nan
9/28/2026 20:59:24,1.17.3,StopSig,0,4.11,nan,1,Right_Regular_(correct),Left,127,189,103,17896689,nan,nan,nan
9/28/2026 20:59:25,1.17.3,StopSig,0,4.11,2,1,Pellet,Left,127,189,104,17896689,0.16,1162,nan
9/28/2026 21:10:23,1.17.3,StopSig,0,4.11,nan,1,>Left_Regular_trial,Left,128,189,104,18555568,nan,nan,nan
9/28/2026 21:10:24,1.17.3,StopSig,0,4.11,nan,1,Right_Regular_(correct),Left,128,190,104,18556718,nan,nan,nan
9/28/2026 21:10:26,1.17.3,StopSig,0,4.11,1,1,Pellet,Left,128,190,105,18556718,0.89,660,nan
9/28/2026 21:10:49,1.17.3,StopSig,0,4.11,nan,1,Right_no_left,Left,128,191,105,18556718,nan,nan,nan
9/28/2026 21:10:50,1.17.3,StopSig,0,4.11,nan,1,Right_no_left,Left,128,192,105,18581589,nan,nan,nan
9/28/2026 21:10:52,1.17.3,StopSig,0,4.11,nan,1,>Left_Regular_trial,Left,129,192,105,18584685,nan,nan,nan
9/28/2026 21:10:53,1.17.3,StopSig,0,4.11,nan,1,Right_Regular_(correct),Left,129,193,105,18585688,nan,nan,nan
9/28/2026 21:11:03,1.17.3,StopSig,0,4.11,2,1,Pellet,Left,129,193,106,18585688,6.76,38,nan
9/28/2026 21:31:22,1.17.3,StopSig,0,4.11,nan,1,>Left_Regular_trial,Left,130,193,106,19814775,nan,nan,nan
9/28/2026 21:31:25,1.17.3,StopSig,0,4.11,nan,1,Right_Regular_(correct),Left,130,194,106,19818052,nan,nan,nan
9/28/2026 21:31:26,1.17.3,StopSig,0,4.11,1,1,Pellet,Left,130,194,107,19818052,0.22,1223,nan
9/28/2026 21:31:43,1.17.3,StopSig,0,4.11,nan,1,>Left_Regular_trial,Left,131,194,107,19835538,nan,nan,nan
9/28/2026 21:31:44,1.17.3,StopSig,0,4.11,nan,1,Right_Regular_(correct),Left,131,195,107,19836523,nan,nan,nan
9/28/2026 21:32:01,1.17.3,StopSig,0,4.11,2,1,Pellet,Left,131,195,108,19836523,14.19,35,nan
9/28/2026 21:32:16,1.17.3,StopSig,0,4.11,nan,1,Right_no_left,Left,131,196,108,19836523,nan,nan,nan
9/28/2026 21:32:18,1.17.3,StopSig,0,4.11,nan,1,>Left_Regular_trial,Left,132,196,108,19870844,nan,nan,nan
9/28/2026 21:32:20,1.17.3,StopSig,0,4.11,nan,1,Right_Regular_(correct),Left,132,197,108,19872263,nan,nan,nan
9/28/2026 21:32:21,1.17.3,StopSig,0,4.11,2,1,Pellet,Left,132,197,109,19872263,0.05,20,nan
9/28/2026 21:32:33,1.17.3,StopSig,0,4.11,nan,1,>Left_Regular_trial,Left,133,197,109,19886004,nan,nan,nan
9/28/2026 21:32:34,1.17.3,StopSig,0,4.11,nan,1,Right_Regular_(correct),Left,133,198,109,19887015,nan,nan,nan
9/28/2026 21:32:35,1.17.3,StopSig,0,4.11,1,1,Pellet,Left,133,198,110,19887015,0.16,14,nan
9/28/2026 21:32:49,1.17.3,StopSig,0,4.11,nan,1,>Left_Regular_trial,Left,134,198,110,19901726,nan,nan,nan
9/28/2026 21:32:50,1.17.3,StopSig,0,4.11,nan,1,Right_Regular_(correct),Left,134,199,110,19903137,nan,nan,nan
9/28/2026 21:32:51,1.17.3,StopSig,0,4.11,1,1,Pellet,Left,134,199,111,19903137,0.05,16,nan
9/28/2026 21:33:05,1.17.3,StopSig,0,4.11,nan,1,>Left_Regular_trial,Left,135,199,111,19917363,nan,nan,nan
9/28/2026 21:33:06,1.17.3,StopSig,0,4.11,nan,1,Right_Regular_(correct),Left,135,200,111,19918342,nan,nan,nan
9/28/2026 21:33:06,1.17.3,StopSig,0,4.11,1,1,Pellet,Left,135,200,112,19918342,0.27,15,nan
9/28/2026 21:33:20,1.17.3,StopSig,0,4.11,nan,1,>Left_Regular_trial,Left,136,200,112,19932487,nan,nan,nan
9/28/2026 21:33:21,1.17.3,StopSig,0,4.11,nan,1,Right_Regular_(correct),Left,136,201,112,19933337,nan,nan,nan
9/28/2026 21:33:21,1.17.3,StopSig,0,4.11,1,1,Pellet,Left,136,201,113,19933337,0.05,15,nan
9/28/2026 21:33:33,1.17.3,StopSig,0,4.11,nan,1,>Left_Stop_trial,Left,137,201,113,19945021,nan,nan,nan
9/28/2026 21:33:33,1.17.3,StopSig,0,4.11,nan,1,Right_STOP_(incorrect),Left,137,202,113,19945875,nan,nan,nan
9/28/2026 21:34:05,1.17.3,StopSig,0,4.11,nan,1,Right_no_left,Left,137,203,113,19945875,nan,nan,nan
9/28/2026 21:34:07,1.17.3,StopSig,0,4.11,nan,1,>Left_Regular_trial,Left,138,203,113,19979554,nan,nan,nan
9/28/2026 21:34:08,1.17.3,StopSig,0,4.11,nan,1,Right_Regular_(correct),Left,138,204,113,19980534,nan,nan,nan
9/28/2026 21:34:09,1.17.3,StopSig,0,4.11,2,1,Pellet,Left,138,204,114,19980534,0.11,48,nan
9/28/2026 21:34:23,1.17.3,StopSig,0,4.11,nan,1,Right_no_left,Left,138,205,114,19980534,nan,nan,nan
9/28/2026 21:34:23,1.17.3,StopSig,0,4.11,nan,1,Right_no_left,Left,138,206,114,19995455,nan,nan,nan
9/28/2026 21:34:24,1.17.3,StopSig,0,4.11,nan,1,Right_no_left,Left,138,207,114,19996294,nan,nan,nan
9/28/2026 21:34:25,1.17.3,StopSig,0,4.11,nan,1,>Left_Regular_trial,Left,139,207,114,19997696,nan,nan,nan
9/28/2026 21:34:26,1.17.3,StopSig,0,4.11,nan,1,Right_Regular_(correct),Left,139,208,114,19999239,nan,nan,nan
9/28/2026 21:34:27,1.17.3,StopSig,0,4.11,2,1,Pellet,Left,139,208,115,19999239,0.05,18,nan
9/28/2026 22:00:13,1.17.3,StopSig,0,4.11,nan,1,Right_no_left,Left,139,209,115,19999239,nan,nan,nan
9/28/2026 22:00:18,1.17.3,StopSig,0,4.11,nan,1,Right_no_left,Left,139,210,115,21546242,nan,nan,nan
9/28/2026 22:00:20,1.17.3,StopSig,0,4.11,nan,1,Right_no_left,Left,139,211,115,21551181,nan,nan,nan
9/28/2026 22:00:21,1.17.3,StopSig,0,4.11,nan,1,Right_no_left,Left,139,212,115,21553437,nan,nan,nan
9/28/2026 22:00:25,1.17.3,StopSig,0,4.11,nan,1,Right_no_left,Left,139,213,115,21554010,nan,nan,nan
9/28/2026 22:00:29,1.17.3,StopSig,0,4.11,nan,1,>Left_Regular_trial,Left,140,213,115,21561619,nan,nan,nan
9/28/2026 22:00:30,1.17.3,StopSig,0,4.11,nan,1,Right_Regular_(correct),Left,140,214,115,21562458,nan,nan,nan
9/28/2026 22:00:31,1.17.3,StopSig,0,4.11,2,1,Pellet,Left,140,214,116,21562458,0.11,1564,nan
9/28/2026 22:00:56,1.17.3,StopSig,0,4.11,nan,1,>Left_Regular_trial,Left,141,214,116,21588429,nan,nan,nan
9/28/2026 22:00:57,1.17.3,StopSig,0,4.11,nan,1,Right_Regular_(correct),Left,141,215,116,21589413,nan,nan,nan
9/28/2026 22:00:58,1.17.3,StopSig,0,4.11,2,1,Pellet,Left,141,215,117,21589413,0.05,27,nan
9/28/2026 22:01:14,1.17.3,StopSig,0,4.11,nan,1,Right_no_left,Left,141,216,117,21589413,nan,nan,nan
9/28/2026 22:01:17,1.17.3,StopSig,0,4.11,nan,1,>Left_Regular_trial,Left,142,216,117,21609446,nan,nan,nan
9/28/2026 22:01:19,1.17.3,StopSig,0,4.11,nan,1,Right_Regular_(correct),Left,142,217,117,21611693,nan,nan,nan
9/28/2026 22:01:20,1.17.3,StopSig,0,4.11,2,1,Pellet,Left,142,217,118,21611693,0.11,22,nan
9/28/2026 22:01:41,1.17.3,StopSig,0,4.11,nan,1,>Left_Stop_trial,Left,143,217,118,21633520,nan,nan,nan
9/28/2026 22:01:41,1.17.3,StopSig,0,4.11,nan,1,Right_STOP_(incorrect),Left,143,218,118,21634256,nan,nan,nan
9/28/2026 22:12:32,1.17.3,StopSig,0,4.11,nan,1,>Left_Regular_trial,Left,144,218,118,22284509,nan,nan,nan
9/28/2026 22:12:33,1.17.3,StopSig,0,4.11,nan,1,Right_Regular_(correct),Left,144,219,118,22286052,nan,nan,nan
9/28/2026 22:12:34,1.17.3,StopSig,0,4.11,2,1,Pellet,Left,144,219,119,22286052,0.05,674,nan
9/28/2026 22:12:51,1.17.3,StopSig,0,4.11,nan,1,>Left_Regular_trial,Left,145,219,119,22303378,nan,nan,nan
9/28/2026 22:12:51,1.17.3,StopSig,0,4.11,nan,1,Right_Regular_(correct),Left,145,220,119,22304359,nan,nan,nan
9/28/2026 22:12:52,1.17.3,StopSig,0,4.11,1,1,Pellet,Left,145,220,120,22304359,0.16,18,nan
9/28/2026 22:13:09,1.17.3,StopSig,0,4.11,nan,1,>Left_Regular_trial,Left,146,220,120,22321629,nan,nan,nan
9/28/2026 22:13:10,1.17.3,StopSig,0,4.11,nan,1,Right_Regular_(correct),Left,146,221,120,22322481,nan,nan,nan
9/28/2026 22:13:11,1.17.3,StopSig,0,4.11,2,1,Pellet,Left,146,221,121,22322481,0.05,18,nan
9/28/2026 22:13:25,1.17.3,StopSig,0,4.11,nan,1,Right_no_left,Left,146,222,121,22322481,nan,nan,nan
9/28/2026 22:13:27,1.17.3,StopSig,0,4.11,nan,1,>Left_Stop_trial,Left,147,222,121,22339509,nan,nan,nan
9/28/2026 22:13:31,1.17.3,StopSig,0,4.11,nan,1,NoPoke_STOP_(correct),Left,147,222,121,22343658,nan,nan,nan
9/28/2026 22:13:32,1.17.3,StopSig,0,4.11,1,1,Pellet,Left,147,222,122,22343658,0.33,22,nan
9/28/2026 22:13:48,1.17.3,StopSig,0,4.11,nan,1,>Left_Regular_trial,Left,148,222,122,22360639,nan,nan,nan
9/28/2026 22:13:50,1.17.3,StopSig,0,4.11,nan,1,Right_Regular_(correct),Left,148,223,122,22362613,nan,nan,nan
9/28/2026 22:13:53,1.17.3,StopSig,0,4.11,2,1,Pellet,Left,148,223,123,22362613,0.50,21,nan
9/28/2026 22:14:09,1.17.3,StopSig,0,4.11,nan,1,>Left_Regular_trial,Left,149,223,123,22381661,nan,nan,nan
9/28/2026 22:14:10,1.17.3,StopSig,0,4.11,nan,1,Right_Regular_(correct),Left,149,224,123,22382506,nan,nan,nan
9/28/2026 22:14:10,1.17.3,StopSig,0,4.11,1,1,Pellet,Left,149,224,124,22382506,0.11,17,nan
9/28/2026 22:14:28,1.17.3,StopSig,0,4.11,nan,1,Right_no_left,Left,149,225,124,22382506,nan,nan,nan
9/28/2026 22:27:39,1.17.3,StopSig,0,4.11,nan,1,Right_no_left,Left,149,226,124,22401005,nan,nan,nan
9/28/2026 22:27:40,1.17.3,StopSig,0,4.11,nan,1,Right_no_left,Left,149,227,124,23192459,nan,nan,nan
9/28/2026 22:27:43,1.17.3,StopSig,0,4.10,nan,1,>Left_Regular_trial,Left,150,227,124,23195873,nan,nan,nan
9/28/2026 22:27:44,1.17.3,StopSig,0,4.11,nan,1,Right_Regular_(correct),Left,150,228,124,23197136,nan,nan,nan
9/28/2026 22:27:45,1.17.3,StopSig,0,4.11,2,1,Pellet,Left,150,228,125,23197136,0.16,815,nan
9/28/2026 22:28:02,1.17.3,StopSig,0,4.11,nan,1,>Left_Stop_trial,Left,151,228,125,23214278,nan,nan,nan
9/28/2026 22:28:02,1.17.3,StopSig,0,4.11,nan,1,Right_STOP_(incorrect),Left,151,229,125,23215179,nan,nan,nan
9/28/2026 22:51:30,1.17.3,StopSig,0,4.11,nan,1,Right_no_left,Left,151,230,125,23215179,nan,nan,nan
9/28/2026 22:51:31,1.17.3,StopSig,0,4.10,nan,1,Right_no_left,Left,151,231,125,24622974,nan,nan,nan
9/28/2026 22:51:33,1.17.3,StopSig,0,4.10,nan,1,>Left_Regular_trial,Left,152,231,125,24626352,nan,nan,nan
9/28/2026 22:51:34,1.17.3,StopSig,0,4.10,nan,1,Right_Regular_(correct),Left,152,232,125,24627481,nan,nan,nan
9/28/2026 22:51:35,1.17.3,StopSig,0,4.10,2,1,Pellet,Left,152,232,126,24627481,0.05,1430,nan
9/28/2026 22:51:53,1.17.3,StopSig,0,4.10,nan,1,>Left_Regular_trial,Left,153,232,126,24646163,nan,nan,nan
9/28/2026 22:51:54,1.17.3,StopSig,0,4.10,nan,1,Right_Regular_(correct),Left,153,233,126,24647317,nan,nan,nan
9/28/2026 22:51:55,1.17.3,StopSig,0,4.10,1,1,Pellet,Left,153,233,127,24647317,0.33,20,nan
9/28/2026 22:52:32,1.17.3,StopSig,0,4.11,nan,1,>Left_Regular_trial,Left,154,233,127,24685054,nan,nan,nan
9/28/2026 22:52:33,1.17.3,StopSig,0,4.10,nan,1,Right_Regular_(correct),Left,154,234,127,24685928,nan,nan,nan
9/28/2026 22:52:34,1.17.3,StopSig,0,4.10,1,1,Pellet,Left,154,234,128,24685928,0.27,39,nan
9/28/2026 22:52:55,1.17.3,StopSig,0,4.11,nan,1,>Left_Regular_trial,Left,155,234,128,24707701,nan,nan,nan
9/28/2026 22:52:56,1.17.3,StopSig,0,4.11,nan,1,Right_Regular_(correct),Left,155,235,128,24708973,nan,nan,nan
9/28/2026 22:52:57,1.17.3,StopSig,0,4.11,1,1,Pellet,Left,155,235,129,24708973,0.05,23,nan
9/28/2026 22:53:12,1.17.3,StopSig,0,4.10,nan,1,>Left_Regular_trial,Left,156,235,129,24725378,nan,nan,nan
9/28/2026 22:53:13,1.17.3,StopSig,0,4.10,nan,1,Right_Regular_(correct),Left,156,236,129,24726246,nan,nan,nan
9/28/2026 22:53:14,1.17.3,StopSig,0,4.10,2,1,Pellet,Left,156,236,130,24726246,0.05,17,nan
9/28/2026 22:53:31,1.17.3,StopSig,0,4.10,nan,1,>Left_Stop_trial,Left,157,236,130,24743122,nan,nan,nan
9/28/2026 22:53:31,1.17.3,StopSig,0,4.10,nan,1,Right_STOP_(incorrect),Left,157,237,130,24743933,nan,nan,nan
9/28/2026 22:54:02,1.17.3,StopSig,0,4.10,nan,1,>Left_Stop_trial,Left,158,237,130,24774256,nan,nan,nan
9/28/2026 22:54:05,1.17.3,StopSig,0,4.11,nan,1,NoPoke_STOP_(correct),Left,158,237,130,24777841,nan,nan,nan
9/28/2026 22:54:10,1.17.3,StopSig,0,4.10,1,1,Pellet,Left,158,237,131,24777841,4.41,56,nan
9/28/2026 22:54:26,1.17.3,StopSig,0,4.10,nan,1,>Left_Stop_trial,Left,159,237,131,24798176,nan,nan,nan
9/28/2026 22:54:26,1.17.3,StopSig,0,4.10,nan,1,Right_STOP_(incorrect),Left,159,238,131,24799211,nan,nan,nan
9/28/2026 22:57:57,1.17.3,StopSig,0,4.10,nan,1,>Left_Stop_trial,Left,160,238,131,25009110,nan,nan,nan
9/28/2026 22:58:00,1.17.3,StopSig,0,4.11,nan,1,NoPoke_STOP_(correct),Left,160,238,131,25012865,nan,nan,nan
9/28/2026 22:58:01,1.17.3,StopSig,0,4.11,1,1,Pellet,Left,160,238,132,25012865,0.66,231,nan
9/28/2026 22:58:18,1.17.3,StopSig,0,4.10,nan,1,>Left_Regular_trial,Left,161,238,132,25031020,nan,nan,nan
9/28/2026 22:58:19,1.17.3,StopSig,0,4.11,nan,1,Right_Regular_(correct),Left,161,239,132,25032317,nan,nan,nan
9/28/2026 22:58:20,1.17.3,StopSig,0,4.11,1,1,Pellet,Left,161,239,133,25032317,0.05,19,nan
9/28/2026 22:58:37,1.17.3,StopSig,0,4.11,nan,1,Right_no_left,Left,161,240,133,25032317,nan,nan,nan
9/28/2026 22:58:38,1.17.3,StopSig,0,4.11,nan,1,Right_no_left,Left,161,241,133,25050297,nan,nan,nan
9/28/2026 22:58:40,1.17.3,StopSig,0,4.10,nan,1,>Left_Regular_trial,Left,162,241,133,25053394,nan,nan,nan
9/28/2026 22:58:42,1.17.3,StopSig,0,4.10,nan,1,Right_Regular_(correct),Left,162,242,133,25054668,nan,nan,nan
9/28/2026 22:58:42,1.17.3,StopSig,0,4.11,1,1,Pellet,Left,162,242,134,25054668,0.05,22,nan
9/28/2026 22:58:58,1.17.3,StopSig,0,4.09,nan,1,Right_no_left,Left,162,243,134,25054668,nan,nan,nan
9/28/2026 22:58:59,1.17.3,StopSig,0,4.10,nan,1,Right_no_left,Left,162,244,134,25071147,nan,nan,nan
9/28/2026 22:59:00,1.17.3,StopSig,0,4.10,nan,1,Right_no_left,Left,162,245,134,25072016,nan,nan,nan
9/28/2026 22:59:01,1.17.3,StopSig,0,4.10,nan,1,Right_no_left,Left,162,246,134,25073726,nan,nan,nan
9/28/2026 22:59:01,1.17.3,StopSig,0,4.11,nan,1,Right_no_left,Left,162,247,134,25074166,nan,nan,nan
9/28/2026 22:59:04,1.17.3,StopSig,0,4.10,nan,1,>Left_Regular_trial,Left,163,247,134,25077293,nan,nan,nan
9/28/2026 22:59:05,1.17.3,StopSig,0,4.11,nan,1,Right_Regular_(correct),Left,163,248,134,25078279,nan,nan,nan
9/28/2026 22:59:17,1.17.3,StopSig,0,4.10,2,1,Pellet,Left,163,248,135,25078279,9.00,35,nan
9/28/2026 22:59:36,1.17.3,StopSig,0,4.10,nan,1,>Left_Regular_trial,Left,164,248,135,25108864,nan,nan,nan
9/28/2026 22:59:37,1.17.3,StopSig,0,4.10,nan,1,Right_Regular_(correct),Left,164,249,135,25109854,nan,nan,nan
9/28/2026 22:59:38,1.17.3,StopSig,0,4.10,1,1,Pellet,Left,164,249,136,25109854,0.27,21,nan
9/28/2026 23:25:15,1.17.3,StopSig,0,4.10,nan,1,Right_no_left,Left,164,250,136,25109854,nan,nan,nan
9/28/2026 23:25:15,1.17.3,StopSig,0,4.10,nan,1,Right_no_left,Left,164,251,136,26648251,nan,nan,nan
9/28/2026 23:25:18,1.17.3,StopSig,0,4.10,nan,1,>Left_Regular_trial,Left,165,251,136,26650664,nan,nan,nan
9/28/2026 23:25:19,1.17.3,StopSig,0,4.10,nan,1,Right_Regular_(correct),Left,165,252,136,26652241,nan,nan,nan
9/28/2026 23:25:20,1.17.3,StopSig,0,4.10,2,1,Pellet,Left,165,252,137,26652241,0.22,1542,nan
9/28/2026 23:25:34,1.17.3,StopSig,0,4.10,nan,1,Right_no_left,Left,165,253,137,26652241,nan,nan,nan
9/28/2026 23:25:37,1.17.3,StopSig,0,4.11,nan,1,>Left_Stop_trial,Left,166,253,137,26669280,nan,nan,nan
9/28/2026 23:25:37,1.17.3,StopSig,0,4.10,nan,1,Right_STOP_(incorrect),Left,166,254,137,26669989,nan,nan,nan
9/28/2026 23:26:08,1.17.3,StopSig,0,4.10,nan,1,>Left_Stop_trial,Left,167,254,137,26700294,nan,nan,nan
9/28/2026 23:26:11,1.17.3,StopSig,0,4.09,nan,1,NoPoke_STOP_(correct),Left,167,254,137,26704021,nan,nan,nan
9/28/2026 23:26:12,1.17.3,StopSig,0,4.10,1,1,Pellet,Left,167,254,138,26704021,0.33,52,nan
9/28/2026 23:26:35,1.17.3,StopSig,0,4.10,nan,1,>Left_Regular_trial,Left,168,254,138,26728106,nan,nan,nan
9/28/2026 23:26:36,1.17.3,StopSig,0,4.10,nan,1,Right_Regular_(correct),Left,168,255,138,26729102,nan,nan,nan
9/28/2026 23:26:49,1.17.3,StopSig,0,4.10,2,1,Pellet,Left,168,255,139,26729102,10.13,37,nan
9/28/2026 23:27:11,1.17.3,StopSig,0,4.10,nan,1,Right_no_left,Left,168,256,139,26729102,nan,nan,nan
9/28/2026 23:27:12,1.17.3,StopSig,0,4.10,nan,1,Right_no_left,Left,168,257,139,26764644,nan,nan,nan
9/28/2026 23:27:13,1.17.3,StopSig,0,4.09,nan,1,Right_no_left,Left,168,258,139,26765769,nan,nan,nan
9/28/2026 23:27:15,1.17.3,StopSig,0,4.10,nan,1,>Left_Regular_trial,Left,169,258,139,26768023,nan,nan,nan
9/28/2026 23:27:19,1.17.3,StopSig,0,4.11,nan,1,NoPoke_Regular_(incorrect),Left,169,258,139,26771972,nan,nan,nan
9/28/2026 23:27:51,1.17.3,StopSig,0,4.10,nan,1,Right_no_left,Left,169,259,139,26771972,nan,nan,nan
9/28/2026 23:27:55,1.17.3,StopSig,0,4.09,nan,1,Right_no_left,Left,169,260,139,26804831,nan,nan,nan
9/28/2026 23:27:57,1.17.3,StopSig,0,4.09,nan,1,>Left_Regular_trial,Left,170,260,139,26809778,nan,nan,nan
9/28/2026 23:27:57,1.17.3,StopSig,0,4.10,nan,1,Right_Regular_(correct),Left,170,261,139,26810626,nan,nan,nan
9/28/2026 23:27:58,1.17.3,StopSig,0,4.09,2,1,Pellet,Left,170,261,140,26810626,0.05,69,nan
9/28/2026 23:28:15,1.17.3,StopSig,0,4.10,nan,1,>Left_Stop_trial,Left,171,261,140,26827819,nan,nan,nan
9/28/2026 23:28:16,1.17.3,StopSig,0,4.09,nan,1,Right_STOP_(incorrect),Left,171,262,140,26829037,nan,nan,nan
9/28/2026 23:28:49,1.17.3,StopSig,0,4.10,nan,1,Right_no_left,Left,171,263,140,26829037,nan,nan,nan
9/28/2026 23:28:52,1.17.3,StopSig,0,4.10,nan,1,>Left_Stop_trial,Left,172,263,140,26864273,nan,nan,nan
9/28/2026 23:28:55,1.17.3,StopSig,0,4.10,nan,1,NoPoke_STOP_(correct),Left,172,263,140,26867973,nan,nan,nan
9/28/2026 23:28:56,1.17.3,StopSig,0,4.10,1,1,Pellet,Left,172,263,141,26867973,0.22,57,nan
9/28/2026 23:29:11,1.17.3,StopSig,0,4.09,nan,1,>Left_Regular_trial,Left,173,263,141,26883727,nan,nan,nan
9/28/2026 23:29:11,1.17.3,StopSig,0,4.10,nan,1,Right_Regular_(correct),Left,173,264,141,26884579,nan,nan,nan
9/28/2026 23:29:23,1.17.3,StopSig,0,4.09,2,1,Pellet,Left,173,264,142,26884579,8.89,28,nan
9/28/2026 23:49:49,1.17.3,StopSig,0,4.09,nan,1,Right_no_left,Left,173,265,142,26884579,nan,nan,nan
9/28/2026 23:49:50,1.17.3,StopSig,0,4.10,nan,1,Right_no_left,Left,173,266,142,28122891,nan,nan,nan
9/28/2026 23:49:52,1.17.3,StopSig,0,4.09,nan,1,>Left_Regular_trial,Left,174,266,142,28125708,nan,nan,nan
9/28/2026 23:49:53,1.17.3,StopSig,0,4.10,nan,1,Right_Regular_(correct),Left,174,267,142,28126830,nan,nan,nan
9/28/2026 23:49:55,1.17.3,StopSig,0,4.10,1,1,Pellet,Left,174,267,143,28126830,0.39,1232,nan
9/28/2026 23:50:11,1.17.3,StopSig,0,4.10,nan,1,>Left_Stop_trial,Left,175,267,143,28143835,nan,nan,nan
9/28/2026 23:50:14,1.17.3,StopSig,0,4.10,nan,1,NoPoke_STOP_(correct),Left,175,267,143,28147097,nan,nan,nan
9/28/2026 23:50:15,1.17.3,StopSig,0,4.10,1,1,Pellet,Left,175,267,144,28147097,0.33,20,nan
9/28/2026 23:50:29,1.17.3,StopSig,0,4.10,nan,1,>Left_Regular_trial,Left,176,267,144,28162279,nan,nan,nan
9/28/2026 23:50:30,1.17.3,StopSig,0,4.10,nan,1,Right_Regular_(correct),Left,176,268,144,28163826,nan,nan,nan
9/28/2026 23:50:42,1.17.3,StopSig,0,4.10,2,1,Pellet,Left,176,268,145,28163826,8.88,27,nan
9/28/2026 23:51:11,1.17.3,StopSig,0,4.09,nan,1,>Left_Regular_trial,Left,177,268,145,28203832,nan,nan,nan
9/28/2026 23:51:12,1.17.3,StopSig,0,4.10,nan,1,Right_Regular_(correct),Left,177,269,145,28204953,nan,nan,nan
9/28/2026 23:51:13,1.17.3,StopSig,0,4.10,2,1,Pellet,Left,177,269,146,28204953,0.16,31,nan
9/28/2026 23:51:30,1.17.3,StopSig,0,4.10,nan,1,Right_no_left,Left,177,270,146,28204953,nan,nan,nan
9/28/2026 23:51:31,1.17.3,StopSig,0,4.09,nan,1,Right_no_left,Left,177,271,146,28223424,nan,nan,nan
9/28/2026 23:51:32,1.17.3,StopSig,0,4.09,nan,1,Right_no_left,Left,177,272,146,28224550,nan,nan,nan
9/28/2026 23:51:33,1.17.3,StopSig,0,4.09,nan,1,Right_no_left,Left,177,273,146,28225817,nan,nan,nan
9/28/2026 23:51:35,1.17.3,StopSig,0,4.10,nan,1,>Left_Stop_trial,Left,178,273,146,28227643,nan,nan,nan
9/28/2026 23:51:38,1.17.3,StopSig,0,4.09,nan,1,NoPoke_STOP_(correct),Left,178,273,146,28231081,nan,nan,nan
9/28/2026 23:51:39,1.17.3,StopSig,0,4.09,1,1,Pellet,Left,178,273,147,28231081,0.16,26,nan
9/29/2026 0:33:53,1.17.3,StopSig,0,4.09,nan,1,Right_no_left,Left,178,274,147,28231081,nan,nan,nan
9/29/2026 0:33:54,1.17.3,StopSig,0,4.09,nan,1,Right_no_left,Left,178,275,147,30766186,nan,nan,nan
9/29/2026 0:34:10,1.17.3,StopSig,0,4.09,nan,1,>Left_Regular_trial,Left,179,275,147,30783099,nan,nan,nan
9/29/2026 0:34:13,1.17.3,StopSig,0,4.09,nan,1,Right_Regular_(correct),Left,179,276,147,30786475,nan,nan,nan
9/29/2026 0:34:14,1.17.3,StopSig,0,4.09,1,1,Pellet,Left,179,276,148,30786475,0.27,2555,nan
9/29/2026 0:34:48,1.17.3,StopSig,0,4.09,nan,1,Right_no_left,Left,179,277,148,30786475,nan,nan,nan
9/29/2026 0:34:51,1.17.3,StopSig,0,4.09,nan,1,Right_no_left,Left,179,278,148,30821623,nan,nan,nan
9/29/2026 0:34:52,1.17.3,StopSig,0,4.09,nan,1,Right_no_left,Left,179,279,148,30824720,nan,nan,nan
9/29/2026 0:34:54,1.17.3,StopSig,0,4.09,nan,1,>Left_Regular_trial,Left,180,279,148,30827112,nan,nan,nan
9/29/2026 0:34:55,1.17.3,StopSig,0,4.09,nan,1,Right_Regular_(correct),Left,180,280,148,30828659,nan,nan,nan
9/29/2026 0:34:56,1.17.3,StopSig,0,4.09,1,1,Pellet,Left,180,280,149,30828659,0.05,42,nan
9/29/2026 0:35:05,1.17.3,StopSig,0,4.09,nan,1,>Left_Regular_trial,Left,181,280,149,30838394,nan,nan,nan
9/29/2026 0:35:06,1.17.3,StopSig,0,4.09,nan,1,Right_Regular_(correct),Left,181,281,149,30839265,nan,nan,nan
9/29/2026 0:35:18,1.17.3,StopSig,0,4.09,6,1,Pellet,Left,181,281,150,30839265,0.55,22,nan
9/29/2026 0:35:35,1.17.3,StopSig,0,4.09,nan,1,>Left_Regular_trial,Left,182,281,150,30868252,nan,nan,nan
9/29/2026 0:35:36,1.17.3,StopSig,0,4.09,nan,1,Right_Regular_(correct),Left,182,282,150,30869104,nan,nan,nan
9/29/2026 0:35:37,1.17.3,StopSig,0,4.09,2,1,Pellet,Left,182,282,151,30869104,0.05,19,nan
9/29/2026 0:35:46,1.17.3,StopSig,0,4.09,nan,1,Right_no_left,Left,182,283,151,30869104,nan,nan,nan
9/29/2026 0:35:49,1.17.3,StopSig,0,4.09,nan,1,>Left_Regular_trial,Left,183,283,151,30881889,nan,nan,nan
9/29/2026 0:35:49,1.17.3,StopSig,0,4.09,nan,1,Right_Regular_(correct),Left,183,284,151,30882614,nan,nan,nan
9/29/2026 0:36:01,1.17.3,StopSig,0,4.09,2,1,Pellet,Left,183,284,152,30882614,8.66,24,nan
9/29/2026 0:36:13,1.17.3,StopSig,0,4.09,nan,1,>Left_Regular_trial,Left,184,284,152,30906899,nan,nan,nan
9/29/2026 0:36:14,1.17.3,StopSig,0,4.09,nan,1,Right_Regular_(correct),Left,184,285,152,30907743,nan,nan,nan
9/29/2026 0:36:15,1.17.3,StopSig,0,4.09,2,1,Pellet,Left,184,285,153,30907743,0.05,14,nan
9/29/2026 0:36:25,1.17.3,StopSig,0,4.09,nan,1,Right_no_left,Left,184,286,153,30907743,nan,nan,nan
9/29/2026 0:36:26,1.17.3,StopSig,0,4.09,nan,1,Right_no_left,Left,184,287,153,30918880,nan,nan,nan
9/29/2026 0:36:27,1.17.3,StopSig,0,4.09,nan,1,>Left_Regular_trial,Left,185,287,153,30920585,nan,nan,nan
9/29/2026 0:36:28,1.17.3,StopSig,0,4.09,nan,1,Right_Regular_(correct),Left,185,288,153,30921177,nan,nan,nan
9/29/2026 0:36:36,1.17.3,StopSig,0,4.09,2,1,Pellet,Left,185,288,154,30921177,5.64,21,nan
9/29/2026 0:36:49,1.17.3,StopSig,0,4.09,nan,1,>Left_Regular_trial,Left,186,288,154,30942828,nan,nan,nan
9/29/2026 0:36:50,1.17.3,StopSig,0,4.09,nan,1,Right_Regular_(correct),Left,186,289,154,30943701,nan,nan,nan
9/29/2026 0:36:51,1.17.3,StopSig,0,4.09,2,1,Pellet,Left,186,289,155,30943701,0.05,15,nan
9/29/2026 0:37:06,1.17.3,StopSig,0,4.09,nan,1,>Left_Regular_trial,Left,187,289,155,30959798,nan,nan,nan
9/29/2026 0:37:07,1.17.3,StopSig,0,4.09,nan,1,Right_Regular_(correct),Left,187,290,155,30960518,nan,nan,nan
9/29/2026 0:37:08,1.17.3,StopSig,0,4.09,2,1,Pellet,Left,187,290,156,30960518,0.05,17,nan
9/29/2026 0:37:20,1.17.3,StopSig,0,4.09,nan,1,Right_no_left,Left,187,291,156,30960518,nan,nan,nan
9/29/2026 0:37:21,1.17.3,StopSig,0,4.09,nan,1,Right_no_left,Left,187,292,156,30973879,nan,nan,nan
9/29/2026 0:37:22,1.17.3,StopSig,0,4.09,nan,1,Right_no_left,Left,187,293,156,30974894,nan,nan,nan
9/29/2026 0:37:23,1.17.3,StopSig,0,4.09,nan,1,>Left_Regular_trial,Left,188,293,156,30976752,nan,nan,nan
9/29/2026 0:37:24,1.17.3,StopSig,0,4.09,nan,1,Right_Regular_(correct),Left,188,294,156,30977622,nan,nan,nan
9/29/2026 0:37:33,1.17.3,StopSig,0,4.09,2,1,Pellet,Left,188,294,157,30977622,5.81,25,nan
9/29/2026 0:37:46,1.17.3,StopSig,0,4.09,nan,1,>Left_Regular_trial,Left,189,294,157,30999832,nan,nan,nan
9/29/2026 0:37:47,1.17.3,StopSig,0,4.09,nan,1,Right_Regular_(correct),Left,189,295,157,31000539,nan,nan,nan
9/29/2026 0:37:48,1.17.3,StopSig,0,4.09,2,1,Pellet,Left,189,295,158,31000539,0.05,15,nan
9/29/2026 0:41:50,1.17.3,StopSig,0,4.09,nan,1,>Left_Regular_trial,Left,190,295,158,31243773,nan,nan,nan
9/29/2026 0:41:54,1.17.3,StopSig,0,4.09,nan,1,NoPoke_Regular_(incorrect),Left,190,295,158,31247303,nan,nan,nan
9/29/2026 0:48:02,1.17.3,StopSig,0,4.09,nan,1,>Left_Regular_trial,Left,191,295,158,31615719,nan,nan,nan
9/29/2026 0:48:03,1.17.3,StopSig,0,4.09,nan,1,Right_Regular_(correct),Left,191,296,158,31617017,nan,nan,nan
9/29/2026 0:48:04,1.17.3,StopSig,0,4.09,1,1,Pellet,Left,191,296,159,31617017,0.11,616,nan
9/29/2026 0:48:21,1.17.3,StopSig,0,4.09,nan,1,>Left_Regular_trial,Left,192,296,159,31634553,nan,nan,nan
9/29/2026 0:48:22,1.17.3,StopSig,0,4.09,nan,1,Right_Regular_(correct),Left,192,297,159,31635844,nan,nan,nan
9/29/2026 0:48:33,1.17.3,StopSig,0,4.09,2,1,Pellet,Left,192,297,160,31635844,8.27,29,nan
9/29/2026 0:48:50,1.17.3,StopSig,0,4.09,nan,1,>Left_Stop_trial,Left,193,297,160,31662910,nan,nan,nan
9/29/2026 0:48:50,1.17.3,StopSig,0,4.09,nan,1,Right_STOP_(incorrect),Left,193,298,160,31663745,nan,nan,nan
9/29/2026 0:49:22,1.17.3,StopSig,0,4.09,nan,1,Right_no_left,Left,193,299,160,31663745,nan,nan,nan
9/29/2026 0:49:26,1.17.3,StopSig,0,4.09,nan,1,Right_no_left,Left,193,300,160,31695602,nan,nan,nan
9/29/2026 0:49:27,1.17.3,StopSig,0,4.09,nan,1,Right_no_left,Left,193,301,160,31699287,nan,nan,nan
9/29/2026 1:11:26,1.17.3,StopSig,0,4.09,nan,1,>Left_Regular_trial,Left,194,301,160,33019510,nan,nan,nan
9/29/2026 1:11:30,1.17.3,StopSig,0,4.09,nan,1,NoPoke_Regular_(incorrect),Left,194,301,160,33023478,nan,nan,nan
9/29/2026 1:13:30,1.17.3,StopSig,0,4.09,nan,1,Right_no_left,Left,194,302,160,33023478,nan,nan,nan
9/29/2026 1:13:31,1.17.3,StopSig,0,4.09,nan,1,Right_no_left,Left,194,303,160,33144124,nan,nan,nan
9/29/2026 1:13:52,1.17.3,StopSig,0,4.09,nan,1,Right_no_left,Left,194,304,160,33144556,nan,nan,nan
9/29/2026 1:14:02,1.17.3,StopSig,0,4.09,nan,1,>Left_Stop_trial,Left,195,304,160,33174579,nan,nan,nan
9/29/2026 1:14:02,1.17.3,StopSig,0,4.09,nan,1,Right_STOP_(incorrect),Left,195,305,160,33175530,nan,nan,nan
9/29/2026 1:14:32,1.17.3,StopSig,0,4.08,nan,1,>Left_Regular_trial,Left,196,305,160,33205834,nan,nan,nan
9/29/2026 1:14:36,1.17.3,StopSig,0,4.09,nan,1,NoPoke_Regular_(incorrect),Left,196,305,160,33209500,nan,nan,nan
9/29/2026 1:15:13,1.17.3,StopSig,0,4.09,nan,1,>Left_Regular_trial,Left,197,305,160,33246863,nan,nan,nan
9/29/2026 1:15:15,1.17.3,StopSig,0,4.09,nan,1,Right_Regular_(correct),Left,197,306,160,33248582,nan,nan,nan
9/29/2026 1:15:16,1.17.3,StopSig,0,4.09,2,1,Pellet,Left,197,306,161,33248582,0.11,1603,nan
9/29/2026 1:15:31,1.17.3,StopSig,0,4.09,nan,1,Right_no_left,Left,197,307,161,33248582,nan,nan,nan
9/29/2026 1:15:33,1.17.3,StopSig,0,4.09,nan,1,>Left_Regular_trial,Left,198,307,161,33266206,nan,nan,nan
9/29/2026 1:15:33,1.17.3,StopSig,0,4.09,nan,1,Right_Regular_(correct),Left,198,308,161,33267058,nan,nan,nan
9/29/2026 1:15:34,1.17.3,StopSig,0,4.09,1,1,Pellet,Left,198,308,162,33267058,0.16,18,nan
9/29/2026 1:16:06,1.17.3,StopSig,0,4.09,nan,1,>Left_Stop_trial,Left,199,308,162,33299242,nan,nan,nan
9/29/2026 1:16:10,1.17.3,StopSig,0,4.09,nan,1,NoPoke_STOP_(correct),Left,199,308,162,33303484,nan,nan,nan
9/29/2026 1:16:11,1.17.3,StopSig,0,4.09,1,1,Pellet,Left,199,308,163,33303484,0.50,37,nan
9/29/2026 1:16:40,1.17.3,StopSig,0,4.08,nan,1,>Left_Regular_trial,Left,200,308,163,33333289,nan,nan,nan
9/29/2026 1:16:41,1.17.3,StopSig,0,4.08,nan,1,Right_Regular_(correct),Left,200,309,163,33334434,nan,nan,nan
9/29/2026 1:16:42,1.17.3,StopSig,0,4.09,1,1,Pellet,Left,200,309,164,33334434,0.44,31,nan
9/29/2026 1:16:58,1.17.3,StopSig,0,4.09,nan,1,>Left_Regular_trial,Left,201,309,164,33351328,nan,nan,nan
9/29/2026 1:16:58,1.17.3,StopSig,0,4.09,nan,1,Right_Regular_(correct),Left,201,310,164,33352181,nan,nan,nan
9/29/2026 1:17:09,1.17.3,StopSig,0,4.08,2,1,Pellet,Left,201,310,165,33352181,7.87,27,nan
9/29/2026 1:17:38,1.17.3,StopSig,0,4.09,nan,1,>Left_Regular_trial,Left,202,310,165,33392073,nan,nan,nan
9/29/2026 1:17:42,1.17.3,StopSig,0,4.09,nan,1,NoPoke_Regular_(incorrect),Left,202,310,165,33395449,nan,nan,nan
9/29/2026 1:18:19,1.17.3,StopSig,0,4.08,nan,1,>Left_Regular_trial,Left,203,310,165,33432802,nan,nan,nan
9/29/2026 1:18:23,1.17.3,StopSig,0,4.09,nan,1,NoPoke_Regular_(incorrect),Left,203,310,165,33436463,nan,nan,nan
9/29/2026 1:18:57,1.17.3,StopSig,0,4.09,nan,1,>Left_Regular_trial,Left,204,310,165,33470154,nan,nan,nan
9/29/2026 1:18:57,1.17.3,StopSig,0,4.08,nan,1,Right_Regular_(correct),Left,204,311,165,33471006,nan,nan,nan
9/29/2026 1:18:58,1.17.3,StopSig,0,4.09,2,1,Pellet,Left,204,311,166,33471006,0.05,109,nan
9/29/2026 1:19:13,1.17.3,StopSig,0,4.09,nan,1,>Left_Stop_trial,Left,205,311,166,33485884,nan,nan,nan
9/29/2026 1:19:13,1.17.3,StopSig,0,4.09,nan,1,Right_STOP_(incorrect),Left,205,312,166,33486741,nan,nan,nan
9/29/2026 1:25:45,1.17.3,StopSig,0,4.09,nan,1,>Left_Regular_trial,Left,206,312,166,33878370,nan,nan,nan
9/29/2026 1:25:47,1.17.3,StopSig,0,4.08,nan,1,Right_Regular_(correct),Left,206,313,166,33880348,nan,nan,nan
9/29/2026 1:25:47,1.17.3,StopSig,0,4.08,1,1,Pellet,Left,206,313,167,33880348,0.22,409,nan
9/29/2026 1:26:06,1.17.3,StopSig,0,4.09,nan,1,>Left_Regular_trial,Left,207,313,167,33899729,nan,nan,nan
9/29/2026 1:26:07,1.17.3,StopSig,0,4.09,nan,1,Right_Regular_(correct),Left,207,314,167,33900992,nan,nan,nan
9/29/2026 1:26:08,1.17.3,StopSig,0,4.09,2,1,Pellet,Left,207,314,168,33900992,0.11,21,nan
9/29/2026 1:26:24,1.17.3,StopSig,0,4.08,nan,1,>Left_Stop_trial,Left,208,314,168,33917321,nan,nan,nan
9/29/2026 1:26:28,1.17.3,StopSig,0,4.08,nan,1,NoPoke_STOP_(correct),Left,208,314,168,33921449,nan,nan,nan
9/29/2026 1:26:29,1.17.3,StopSig,0,4.08,1,1,Pellet,Left,208,314,169,33921449,0.50,21,nan
9/29/2026 1:26:49,1.17.3,StopSig,0,4.09,nan,1,>Left_Regular_trial,Left,209,314,169,33942747,nan,nan,nan
9/29/2026 1:26:50,1.17.3,StopSig,0,4.08,nan,1,Right_Regular_(correct),Left,209,315,169,33944022,nan,nan,nan
9/29/2026 1:26:51,1.17.3,StopSig,0,4.09,2,1,Pellet,Left,209,315,170,33944022,0.22,22,nan
9/29/2026 1:27:07,1.17.3,StopSig,0,4.09,nan,1,Right_no_left,Left,209,316,170,33944022,nan,nan,nan
9/29/2026 1:27:08,1.17.3,StopSig,0,4.09,nan,1,Right_no_left,Left,209,317,170,33960866,nan,nan,nan
9/29/2026 1:27:11,1.17.3,StopSig,0,4.09,nan,1,>Left_Regular_trial,Left,210,317,170,33964806,nan,nan,nan
9/29/2026 1:27:13,1.17.3,StopSig,0,4.09,nan,1,Right_Regular_(correct),Left,210,318,170,33966353,nan,nan,nan
9/29/2026 1:27:14,1.17.3,StopSig,0,4.08,2,1,Pellet,Left,210,318,171,33966353,0.11,23,nan
9/29/2026 1:27:31,1.17.3,StopSig,0,4.09,nan,1,>Left_Regular_trial,Left,211,318,171,33984291,nan,nan,nan
9/29/2026 1:27:32,1.17.3,StopSig,0,4.08,nan,1,Right_Regular_(correct),Left,211,319,171,33985273,nan,nan,nan
9/29/2026 1:27:32,1.17.3,StopSig,0,4.09,1,1,Pellet,Left,211,319,172,33985273,0.05,18,nan
9/29/2026 1:42:55,1.17.3,StopSig,0,4.08,nan,1,Right_no_left,Left,211,320,172,33985273,nan,nan,nan
9/29/2026 1:42:56,1.17.3,StopSig,0,4.08,nan,1,Right_no_left,Left,211,321,172,34908910,nan,nan,nan
9/29/2026 1:52:27,1.17.3,StopSig,0,4.08,nan,1,Right_no_left,Left,211,322,172,34910030,nan,nan,nan
9/29/2026 1:58:47,1.17.3,StopSig,0,4.08,nan,1,Right_no_left,Left,211,323,172,35480524,nan,nan,nan
9/29/2026 1:58:47,1.17.3,StopSig,0,4.08,nan,1,Right_no_left,Left,211,324,172,35860738,nan,nan,nan
9/29/2026 1:58:52,1.17.3,StopSig,0,4.08,nan,1,>Left_Regular_trial,Left,212,324,172,35866232,nan,nan,nan
9/29/2026 1:58:53,1.17.3,StopSig,0,4.08,nan,1,Right_Regular_(correct),Left,212,325,172,35867221,nan,nan,nan
9/29/2026 1:58:54,1.17.3,StopSig,0,4.09,1,1,Pellet,Left,212,325,173,35867221,0.33,1882,nan
9/29/2026 1:59:09,1.17.3,StopSig,0,4.08,nan,1,Right_no_left,Left,212,326,173,35867221,nan,nan,nan
9/29/2026 1:59:10,1.17.3,StopSig,0,4.08,nan,1,Right_no_left,Left,212,327,173,35883205,nan,nan,nan
9/29/2026 1:59:11,1.17.3,StopSig,0,4.09,nan,1,Right_no_left,Left,212,328,173,35884472,nan,nan,nan
9/29/2026 1:59:14,1.17.3,StopSig,0,4.08,nan,1,Right_no_left,Left,212,329,173,35885029,nan,nan,nan
9/29/2026 1:59:15,1.17.3,StopSig,0,4.08,nan,1,Right_no_left,Left,212,330,173,35887985,nan,nan,nan
9/29/2026 1:59:15,1.17.3,StopSig,0,4.08,nan,1,Right_no_left,Left,212,331,173,35888684,nan,nan,nan
9/29/2026 1:59:16,1.17.3,StopSig,0,4.08,nan,1,Right_no_left,Left,212,332,173,35889241,nan,nan,nan
9/29/2026 2:00:50,1.17.3,StopSig,0,4.08,nan,1,Right_no_left,Left,212,333,173,35889661,nan,nan,nan
9/29/2026 2:00:50,1.17.3,StopSig,0,4.09,nan,1,Right_no_left,Left,212,334,173,35983943,nan,nan,nan
9/29/2026 2:00:54,1.17.3,StopSig,0,4.08,nan,1,Right_no_left,Left,212,335,173,35984359,nan,nan,nan
9/29/2026 2:00:55,1.17.3,StopSig,0,4.08,nan,1,Right_no_left,Left,212,336,173,35988303,nan,nan,nan
9/29/2026 2:21:50,1.17.3,StopSig,0,4.08,nan,1,Right_no_left,Left,212,337,173,35989020,nan,nan,nan
9/29/2026 2:21:52,1.17.3,StopSig,0,4.08,nan,1,Right_no_left,Left,212,338,173,37244205,nan,nan,nan
9/29/2026 2:21:54,1.17.3,StopSig,0,4.08,nan,1,>Left_Regular_trial,Left,213,338,173,37248308,nan,nan,nan
9/29/2026 2:21:55,1.17.3,StopSig,0,4.08,nan,1,Right_Regular_(correct),Left,213,339,173,37249431,nan,nan,nan
9/29/2026 2:21:56,1.17.3,StopSig,0,4.08,1,1,Pellet,Left,213,339,174,37249431,0.16,1382,nan
9/29/2026 2:22:16,1.17.3,StopSig,0,4.08,nan,1,>Left_Regular_trial,Left,214,339,174,37270103,nan,nan,nan
9/29/2026 2:22:18,1.17.3,StopSig,0,4.08,nan,1,Right_Regular_(correct),Left,214,340,174,37271657,nan,nan,nan
9/29/2026 2:22:19,1.17.3,StopSig,0,4.07,1,1,Pellet,Left,214,340,175,37271657,0.22,23,nan
9/29/2026 2:22:41,1.17.3,StopSig,0,4.07,nan,1,>Left_Regular_trial,Left,215,340,175,37294788,nan,nan,nan
9/29/2026 2:22:42,1.17.3,StopSig,0,4.08,nan,1,Right_Regular_(correct),Left,215,341,175,37295662,nan,nan,nan
9/29/2026 2:22:43,1.17.3,StopSig,0,4.08,1,1,Pellet,Left,215,341,176,37295662,0.16,24,nan
9/29/2026 2:23:05,1.17.3,StopSig,0,4.08,nan,1,>Left_Regular_trial,Left,216,341,176,37318987,nan,nan,nan
9/29/2026 2:23:06,1.17.3,StopSig,0,4.08,nan,1,Right_Regular_(correct),Left,216,342,176,37319856,nan,nan,nan
9/29/2026 2:23:18,1.17.3,StopSig,0,4.08,2,1,Pellet,Left,216,342,177,37319856,9.11,35,nan
9/29/2026 2:23:39,1.17.3,StopSig,0,4.08,nan,1,>Left_Stop_trial,Left,217,342,177,37352384,nan,nan,nan
9/29/2026 2:23:39,1.17.3,StopSig,0,4.08,nan,1,Right_STOP_(incorrect),Left,217,343,177,37353363,nan,nan,nan
9/29/2026 2:51:08,1.17.3,StopSig,0,4.07,nan,1,Right_no_left,Left,217,344,177,37353363,nan,nan,nan
9/29/2026 2:51:09,1.17.3,StopSig,0,4.07,nan,1,Right_no_left,Left,217,345,177,39002259,nan,nan,nan
9/29/2026 2:51:12,1.17.3,StopSig,0,4.08,nan,1,>Left_Stop_trial,Left,218,345,177,39005517,nan,nan,nan
9/29/2026 2:51:12,1.17.3,StopSig,0,4.07,nan,1,Right_STOP_(incorrect),Left,218,346,177,39006552,nan,nan,nan
9/29/2026 2:51:43,1.17.3,StopSig,0,4.08,nan,1,>Left_Regular_trial,Left,219,346,177,39036886,nan,nan,nan
9/29/2026 2:51:44,1.17.3,StopSig,0,4.08,nan,1,Right_Regular_(correct),Left,219,347,177,39038183,nan,nan,nan
9/29/2026 2:51:45,1.17.3,StopSig,0,4.08,1,1,Pellet,Left,219,347,178,39038183,0.27,1707,nan
9/29/2026 2:52:14,1.17.3,StopSig,0,4.07,nan,1,>Left_Regular_trial,Left,220,347,178,39067479,nan,nan,nan
9/29/2026 2:52:14,1.17.3,StopSig,0,4.08,nan,1,Right_Regular_(correct),Left,220,348,178,39068329,nan,nan,nan
9/29/2026 2:52:15,1.17.3,StopSig,0,4.02,nan,1,RightDuringDispense,Left,220,349,178,39068329,nan,nan,0.06
9/29/2026 2:52:16,1.17.3,StopSig,0,4.07,1,1,Pellet,Left,220,349,179,39068329,0.33,31,nan
9/29/2026 2:52:32,1.17.3,StopSig,0,4.07,nan,1,Right_no_left,Left,220,350,179,39068329,nan,nan,nan
9/29/2026 2:52:33,1.17.3,StopSig,0,4.08,nan,1,Right_no_left,Left,220,351,179,39086489,nan,nan,nan
9/29/2026 2:52:34,1.17.3,StopSig,0,4.08,nan,1,Right_no_left,Left,220,352,179,39087190,nan,nan,nan
9/29/2026 2:52:34,1.17.3,StopSig,0,4.08,nan,1,Right_no_left,Left,220,353,179,39088459,nan,nan,nan
9/29/2026 2:52:35,1.17.3,StopSig,0,4.08,nan,1,Right_no_left,Left,220,354,179,39088741,nan,nan,nan
9/29/2026 2:52:37,1.17.3,StopSig,0,4.07,nan,1,>Left_Regular_trial,Left,221,354,179,39090728,nan,nan,nan
9/29/2026 2:52:38,1.17.3,StopSig,0,4.08,nan,1,Right_Regular_(correct),Left,221,355,179,39091869,nan,nan,nan
9/29/2026 2:52:39,1.17.3,StopSig,0,4.08,2,1,Pellet,Left,221,355,180,39091869,0.05,23,nan
9/29/2026 2:52:55,1.17.3,StopSig,0,4.08,nan,1,>Left_Regular_trial,Left,222,355,180,39109068,nan,nan,nan
9/29/2026 2:52:56,1.17.3,StopSig,0,4.07,nan,1,Right_Regular_(correct),Left,222,356,180,39110085,nan,nan,nan
9/29/2026 2:52:57,1.17.3,StopSig,0,4.08,1,1,Pellet,Left,222,356,181,39110085,0.16,18,nan
9/29/2026 2:53:14,1.17.3,StopSig,0,4.08,nan,1,>Left_Regular_trial,Left,223,356,181,39127753,nan,nan,nan
9/29/2026 2:53:15,1.17.3,StopSig,0,4.07,nan,1,Right_Regular_(correct),Left,223,357,181,39128886,nan,nan,nan
9/29/2026 2:53:16,1.17.3,StopSig,0,4.07,1,1,Pellet,Left,223,357,182,39128886,0.05,19,nan
9/29/2026 2:53:31,1.17.3,StopSig,0,4.08,nan,1,>Left_Regular_trial,Left,224,357,182,39145377,nan,nan,nan
9/29/2026 2:53:32,1.17.3,StopSig,0,4.08,nan,1,Right_Regular_(correct),Left,224,358,182,39146380,nan,nan,nan
9/29/2026 2:53:46,1.17.3,StopSig,0,4.08,2,1,Pellet,Left,224,358,183,39146380,10.91,30,nan
9/29/2026 2:54:06,1.17.3,StopSig,0,4.08,nan,1,Right_no_left,Left,224,359,183,39146380,nan,nan,nan
9/29/2026 2:54:06,1.17.3,StopSig,0,4.07,nan,1,Right_no_left,Left,224,360,183,39179971,nan,nan,nan
9/29/2026 2:54:07,1.17.3,StopSig,0,4.08,nan,1,Right_no_left,Left,224,361,183,39180419,nan,nan,nan
9/29/2026 2:54:08,1.17.3,StopSig,0,4.07,nan,1,Right_no_left,Left,224,362,183,39181708,nan,nan,nan
9/29/2026 3:19:50,1.17.3,StopSig,0,4.07,nan,1,Right_no_left,Left,224,363,183,39181986,nan,nan,nan
9/29/2026 3:19:51,1.17.3,StopSig,0,4.07,nan,1,Right_no_left,Left,224,364,183,40724094,nan,nan,nan
9/29/2026 3:19:54,1.17.3,StopSig,0,4.07,nan,1,>Left_Regular_trial,Left,225,364,183,40727907,nan,nan,nan
9/29/2026 3:19:58,1.17.3,StopSig,0,4.07,nan,1,NoPoke_Regular_(incorrect),Left,225,364,183,40732005,nan,nan,nan
9/29/2026 4:28:00,1.17.3,StopSig,0,4.07,nan,1,>Left_Stop_trial,Left,226,364,183,44813896,nan,nan,nan
9/29/2026 4:28:03,1.17.3,StopSig,0,4.07,nan,1,NoPoke_STOP_(correct),Left,226,364,183,44817242,nan,nan,nan
9/29/2026 4:28:04,1.17.3,StopSig,0,4.07,1,1,Pellet,Left,226,364,184,44817242,0.39,5658,nan
9/29/2026 4:28:21,1.17.3,StopSig,0,4.07,nan,1,>Left_Regular_trial,Left,227,364,184,44835107,nan,nan,nan
9/29/2026 4:28:22,1.17.3,StopSig,0,4.07,nan,1,Right_Regular_(correct),Left,227,365,184,44836973,nan,nan,nan
9/29/2026 4:28:23,1.17.3,StopSig,0,4.07,1,1,Pellet,Left,227,365,185,44836973,0.27,19,nan
9/29/2026 4:28:35,1.17.3,StopSig,0,4.07,nan,1,>Left_Regular_trial,Left,228,365,185,44849586,nan,nan,nan
9/29/2026 4:28:36,1.17.3,StopSig,0,4.07,nan,1,Right_Regular_(correct),Left,228,366,185,44850570,nan,nan,nan
9/29/2026 4:28:37,1.17.3,StopSig,0,4.07,2,1,Pellet,Left,228,366,186,44850570,0.16,14,nan
9/29/2026 4:28:52,1.17.3,StopSig,0,4.07,nan,1,>Left_Regular_trial,Left,229,366,186,44866127,nan,nan,nan
9/29/2026 4:28:53,1.17.3,StopSig,0,4.07,nan,1,Right_Regular_(correct),Left,229,367,186,44867115,nan,nan,nan
9/29/2026 4:28:53,1.17.3,StopSig,0,4.07,1,1,Pellet,Left,229,367,187,44867115,0.11,16,nan
9/29/2026 4:29:08,1.17.3,StopSig,0,4.07,nan,1,>Left_Stop_trial,Left,230,367,187,44881352,nan,nan,nan
9/29/2026 4:29:08,1.17.3,StopSig,0,4.07,nan,1,Right_STOP_(incorrect),Left,230,368,187,44882221,nan,nan,nan
9/29/2026 4:29:38,1.17.3,StopSig,0,4.07,nan,1,>Left_Regular_trial,Left,231,368,187,44912521,nan,nan,nan
9/29/2026 4:29:38,1.17.3,StopSig,0,4.07,nan,1,Right_Regular_(correct),Left,231,369,187,44912954,nan,nan,nan
9/29/2026 4:29:39,1.17.3,StopSig,0,4.07,nan,1,RightDuringDispense,Left,231,370,187,44912954,nan,nan,0.12
9/29/2026 4:29:40,1.17.3,StopSig,0,4.07,1,1,Pellet,Left,231,370,188,44912954,0.27,47,nan
9/29/2026 4:29:53,1.17.3,StopSig,0,4.07,nan,1,>Left_Regular_trial,Left,232,370,188,44927217,nan,nan,nan
9/29/2026 4:29:53,1.17.3,StopSig,0,4.07,nan,1,Right_Regular_(correct),Left,232,371,188,44927917,nan,nan,nan
9/29/2026 4:29:54,1.17.3,StopSig,0,4.07,1,1,Pellet,Left,232,371,189,44927917,0.27,14,nan
9/29/2026 4:30:07,1.17.3,StopSig,0,4.07,nan,1,Right_no_left,Left,232,372,189,44927917,nan,nan,nan
9/29/2026 4:30:09,1.17.3,StopSig,0,4.07,nan,1,Right_no_left,Left,232,373,189,44941245,nan,nan,nan
9/29/2026 4:30:10,1.17.3,StopSig,0,4.07,nan,1,Right_no_left,Left,232,374,189,44943369,nan,nan,nan
9/29/2026 4:30:11,1.17.3,StopSig,0,4.07,nan,1,Right_no_left,Left,232,375,189,44944219,nan,nan,nan
9/29/2026 4:30:12,1.17.3,StopSig,0,4.07,nan,1,>Left_Regular_trial,Left,233,375,189,44946622,nan,nan,nan
9/29/2026 4:30:13,1.17.3,StopSig,0,4.07,nan,1,Right_Regular_(correct),Left,233,376,189,44947604,nan,nan,nan
9/29/2026 4:30:14,1.17.3,StopSig,0,4.07,1,1,Pellet,Left,233,376,190,44947604,0.11,20,nan
9/29/2026 4:30:28,1.17.3,StopSig,0,4.07,nan,1,>Left_Stop_trial,Left,234,376,190,44961611,nan,nan,nan
9/29/2026 4:30:28,1.17.3,StopSig,0,4.07,nan,1,Right_STOP_(incorrect),Left,234,377,190,44962397,nan,nan,nan
9/29/2026 4:30:58,1.17.3,StopSig,0,4.07,nan,1,>Left_Regular_trial,Left,235,377,190,44992706,nan,nan,nan
9/29/2026 4:31:02,1.17.3,StopSig,0,4.07,nan,1,NoPoke_Regular_(incorrect),Left,235,377,190,44996241,nan,nan,nan
9/29/2026 4:44:03,1.17.3,StopSig,0,4.07,nan,1,Right_no_left,Left,235,378,190,44996241,nan,nan,nan
9/29/2026 4:44:04,1.17.3,StopSig,0,4.07,nan,1,Right_no_left,Left,235,379,190,45777992,nan,nan,nan
9/29/2026 4:44:06,1.17.3,StopSig,0,4.07,nan,1,>Left_Stop_trial,Left,236,379,190,45780396,nan,nan,nan
9/29/2026 4:44:10,1.17.3,StopSig,0,4.07,nan,1,NoPoke_STOP_(correct),Left,236,379,190,45784315,nan,nan,nan
9/29/2026 4:44:11,1.17.3,StopSig,0,4.07,1,1,Pellet,Left,236,379,191,45784315,0.22,837,nan
9/29/2026 4:44:33,1.17.3,StopSig,0,4.07,nan,1,>Left_Regular_trial,Left,237,379,191,45807794,nan,nan,nan
9/29/2026 4:44:34,1.17.3,StopSig,0,4.07,nan,1,Right_Regular_(correct),Left,237,380,191,45808915,nan,nan,nan
9/29/2026 4:44:38,1.17.3,StopSig,0,4.07,2,1,Pellet,Left,237,380,192,45808915,0.55,27,nan
9/29/2026 4:44:54,1.17.3,StopSig,0,4.07,nan,1,>Left_Stop_trial,Left,238,380,192,45827900,nan,nan,nan
9/29/2026 4:44:54,1.17.3,StopSig,0,4.07,nan,1,Right_STOP_(incorrect),Left,238,381,192,45828863,nan,nan,nan
9/29/2026 4:45:25,1.17.3,StopSig,0,4.07,nan,1,>Left_Regular_trial,Left,239,381,192,45859166,nan,nan,nan
9/29/2026 4:45:29,1.17.3,StopSig,0,4.06,nan,1,NoPoke_Regular_(incorrect),Left,239,381,192,45863262,nan,nan,nan
9/29/2026 5:05:56,1.17.3,StopSig,0,4.07,nan,1,Right_no_left,Left,239,382,192,45863262,nan,nan,nan
9/29/2026 5:06:00,1.17.3,StopSig,0,4.07,nan,1,Right_no_left,Left,239,383,192,47091299,nan,nan,nan
9/29/2026 5:06:01,1.17.3,StopSig,0,4.07,nan,1,Right_no_left,Left,239,384,192,47094827,nan,nan,nan
9/29/2026 5:06:03,1.17.3,StopSig,0,4.07,nan,1,>Left_Regular_trial,Left,240,384,192,47097648,nan,nan,nan
9/29/2026 5:06:04,1.17.3,StopSig,0,4.07,nan,1,Right_Regular_(correct),Left,240,385,192,47098631,nan,nan,nan
9/29/2026 5:06:05,1.17.3,StopSig,0,4.07,2,1,Pellet,Left,240,385,193,47098631,0.27,1287,nan
9/29/2026 5:06:23,1.17.3,StopSig,0,4.07,nan,1,>Left_Regular_trial,Left,241,385,193,47117611,nan,nan,nan
9/29/2026 5:06:24,1.17.3,StopSig,0,4.06,nan,1,Right_Regular_(correct),Left,241,386,193,47118600,nan,nan,nan
9/29/2026 5:06:25,1.17.3,StopSig,0,4.07,1,1,Pellet,Left,241,386,194,47118600,0.33,20,nan
9/29/2026 5:06:41,1.17.3,StopSig,0,4.07,nan,1,>Left_Regular_trial,Left,242,386,194,47135708,nan,nan,nan
9/29/2026 5:06:42,1.17.3,StopSig,0,4.07,nan,1,Right_Regular_(correct),Left,242,387,194,47136418,nan,nan,nan
9/29/2026 5:06:43,1.17.3,StopSig,0,4.06,1,1,Pellet,Left,242,387,195,47136418,0.33,18,nan
9/29/2026 5:06:57,1.17.3,StopSig,0,4.07,nan,1,>Left_Regular_trial,Left,243,387,195,47151174,nan,nan,nan
9/29/2026 5:06:57,1.17.3,StopSig,0,4.07,nan,1,Right_Regular_(correct),Left,243,388,195,47152015,nan,nan,nan
9/29/2026 5:06:58,1.17.3,StopSig,0,4.06,nan,1,RightDuringDispense,Left,243,389,195,47152015,nan,nan,0.04
9/29/2026 5:06:59,1.17.3,StopSig,0,4.07,1,1,Pellet,Left,243,389,196,47152015,0.16,16,nan
9/29/2026 5:07:12,1.17.3,StopSig,0,4.07,nan,1,>Left_Regular_trial,Left,244,389,196,47166346,nan,nan,nan
9/29/2026 5:07:13,1.17.3,StopSig,0,4.07,nan,1,Right_Regular_(correct),Left,244,390,196,47167477,nan,nan,nan
9/29/2026 5:07:14,1.17.3,StopSig,0,4.07,1,1,Pellet,Left,244,390,197,47167477,0.16,15,nan
9/29/2026 5:07:35,1.17.3,StopSig,0,4.07,nan,1,>Left_Stop_trial,Left,245,390,197,47188758,nan,nan,nan
9/29/2026 5:07:35,1.17.3,StopSig,0,4.07,nan,1,Right_STOP_(incorrect),Left,245,391,197,47189540,nan,nan,nan
9/29/2026 5:08:16,1.17.3,StopSig,0,4.07,nan,1,>Left_Regular_trial,Left,246,391,197,47230163,nan,nan,nan
9/29/2026 5:08:16,1.17.3,StopSig,0,4.07,nan,1,Right_Regular_(correct),Left,246,392,197,47231145,nan,nan,nan
9/29/2026 5:08:18,1.17.3,StopSig,0,4.07,1,1,Pellet,Left,246,392,198,47231145,0.94,64,nan
9/29/2026 6:00:49,1.17.3,StopSig,0,4.06,nan,1,Right_no_left,Left,246,393,198,47231145,nan,nan,nan
9/29/2026 6:00:51,1.17.3,StopSig,0,4.06,nan,1,Right_no_left,Left,246,394,198,50384214,nan,nan,nan
9/29/2026 6:03:04,1.17.3,StopSig,0,4.06,nan,1,>Left_Regular_trial,Left,247,394,198,50519034,nan,nan,nan
9/29/2026 6:03:05,1.17.3,StopSig,0,4.06,nan,1,Right_Regular_(correct),Left,247,395,198,50520333,nan,nan,nan
9/29/2026 6:03:06,1.17.3,StopSig,0,4.06,2,1,Pellet,Left,247,395,199,50520333,0.05,3288,nan
9/29/2026 6:03:29,1.17.3,StopSig,0,4.06,nan,1,>Left_Regular_trial,Left,248,395,199,50543444,nan,nan,nan
9/29/2026 6:03:30,1.17.3,StopSig,0,4.07,nan,1,Right_Regular_(correct),Left,248,396,199,50545309,nan,nan,nan
9/29/2026 6:03:31,1.17.3,StopSig,0,4.07,1,1,Pellet,Left,248,396,200,50545309,0.27,25,nan
9/29/2026 6:03:55,1.17.3,StopSig,0,4.06,nan,1,Right_no_left,Left,248,397,200,50545309,nan,nan,nan
9/29/2026 6:03:56,1.17.3,StopSig,0,4.06,nan,1,Right_no_left,Left,248,398,200,50570422,nan,nan,nan
9/29/2026 6:03:58,1.17.3,StopSig,0,4.06,nan,1,>Left_Regular_trial,Left,249,398,200,50573252,nan,nan,nan
9/29/2026 6:03:59,1.17.3,StopSig,0,4.06,nan,1,Right_Regular_(correct),Left,249,399,200,50574103,nan,nan,nan
9/29/2026 6:04:00,1.17.3,StopSig,0,4.06,1,1,Pellet,Left,249,399,201,50574103,0.22,29,nan
9/29/2026 6:44:19,1.17.3,StopSig,0,4.05,nan,1,Right_no_left,Left,249,400,201,50574103,nan,nan,nan
9/29/2026 6:44:20,1.17.3,StopSig,0,4.06,nan,1,Right_no_left,Left,249,401,201,52994457,nan,nan,nan
9/29/2026 6:44:23,1.17.3,StopSig,0,4.05,nan,1,Right_no_left,Left,249,402,201,52995607,nan,nan,nan
9/29/2026 6:44:24,1.17.3,StopSig,0,4.06,nan,1,Right_no_left,Left,249,403,201,52998305,nan,nan,nan
9/29/2026 6:44:26,1.17.3,StopSig,0,4.05,nan,1,>Left_Regular_trial,Left,250,403,201,53001015,nan,nan,nan
9/29/2026 6:44:27,1.17.3,StopSig,0,4.05,nan,1,Right_Regular_(correct),Left,250,404,201,53001879,nan,nan,nan
9/29/2026 6:44:27,1.17.3,StopSig,0,4.00,nan,1,RightDuringDispense,Left,250,405,201,53001879,nan,nan,0.03
9/29/2026 6:44:28,1.17.3,StopSig,0,4.06,1,1,Pellet,Left,250,405,202,53001879,0.27,2428,nan
9/29/2026 6:44:48,1.17.3,StopSig,0,4.05,nan,1,Right_no_left,Left,250,406,202,53001879,nan,nan,nan
9/29/2026 6:44:49,1.17.3,StopSig,0,4.06,nan,1,Right_no_left,Left,250,407,202,53023587,nan,nan,nan
9/29/2026 6:44:50,1.17.3,StopSig,0,4.06,nan,1,Right_no_left,Left,250,408,202,53024165,nan,nan,nan
9/29/2026 6:44:51,1.17.3,StopSig,0,4.05,nan,1,Right_no_left,Left,250,409,202,53025464,nan,nan,nan
9/29/2026 6:44:51,1.17.3,StopSig,0,4.06,nan,1,Right_no_left,Left,250,410,202,53025759,nan,nan,nan
9/29/2026 6:44:51,1.17.3,StopSig,0,4.06,nan,1,Right_no_left,Left,250,411,202,53026056,nan,nan,nan
9/29/2026 6:44:54,1.17.3,StopSig,0,4.06,nan,1,>Left_Regular_trial,Left,251,411,202,53028616,nan,nan,nan
9/29/2026 6:44:55,1.17.3,StopSig,0,4.06,nan,1,Right_Regular_(correct),Left,251,412,202,53029626,nan,nan,nan
9/29/2026 6:44:55,1.17.3,StopSig,0,4.06,1,1,Pellet,Left,251,412,203,53029626,0.27,27,nan
9/29/2026 6:45:15,1.17.3,StopSig,0,4.06,nan,1,Right_no_left,Left,251,413,203,53029626,nan,nan,nan
9/29/2026 6:45:15,1.17.3,StopSig,0,4.05,nan,1,Right_no_left,Left,251,414,203,53049861,nan,nan,nan
9/29/2026 6:45:16,1.17.3,StopSig,0,4.06,nan,1,Right_no_left,Left,251,415,203,53050710,nan,nan,nan
9/29/2026 6:45:17,1.17.3,StopSig,0,4.06,nan,1,Right_no_left,Left,251,416,203,53051708,nan,nan,nan
9/29/2026 6:45:18,1.17.3,StopSig,0,4.06,nan,1,>Left_Regular_trial,Left,252,416,203,53053136,nan,nan,nan
9/29/2026 6:45:19,1.17.3,StopSig,0,4.05,nan,1,Right_Regular_(correct),Left,252,417,203,53054011,nan,nan,nan
9/29/2026 6:45:20,1.17.3,StopSig,0,4.06,1,1,Pellet,Left,252,417,204,53054011,0.16,25,nan
9/29/2026 6:45:40,1.17.3,StopSig,0,4.06,nan,1,>Left_Regular_trial,Left,253,417,204,53075339,nan,nan,nan
9/29/2026 6:45:41,1.17.3,StopSig,0,4.06,nan,1,Right_Regular_(correct),Left,253,418,204,53075926,nan,nan,nan
9/29/2026 6:45:44,1.17.3,StopSig,0,4.05,2,1,Pellet,Left,253,418,205,53075926,0.66,24,nan
9/29/2026 6:46:23,1.17.3,StopSig,0,4.06,nan,1,>Left_Regular_trial,Left,254,418,205,53117732,nan,nan,nan
9/29/2026 6:46:24,1.17.3,StopSig,0,4.06,nan,1,Right_Regular_(correct),Left,254,419,205,53119147,nan,nan,nan
9/29/2026 6:46:39,1.17.3,StopSig,0,4.05,2,1,Pellet,Left,254,419,206,53119147,11.75,55,nan
9/29/2026 6:46:51,1.17.3,StopSig,0,4.06,nan,1,>Left_Regular_trial,Left,255,419,206,53146144,nan,nan,nan
9/29/2026 6:46:52,1.17.3,StopSig,0,4.05,nan,1,Right_Regular_(correct),Left,255,420,206,53147017,nan,nan,nan
9/29/2026 6:46:53,1.17.3,StopSig,0,4.05,2,1,Pellet,Left,255,420,207,53147017,0.16,14,nan
9/29/2026 6:47:08,1.17.3,StopSig,0,4.06,nan,1,Right_no_left,Left,255,421,207,53147017,nan,nan,nan
9/29/2026 6:47:09,1.17.3,StopSig,0,4.06,nan,1,Right_no_left,Left,255,422,207,53163490,nan,nan,nan
9/29/2026 6:47:11,1.17.3,StopSig,0,4.05,nan,1,>Left_Regular_trial,Left,256,422,207,53166333,nan,nan,nan
9/29/2026 6:47:12,1.17.3,StopSig,0,4.05,nan,1,Right_Regular_(correct),Left,256,423,207,53167320,nan,nan,nan
9/29/2026 6:47:16,1.17.3,StopSig,0,4.06,2,1,Pellet,Left,256,423,208,53167320,0.72,23,nan
9/29/2026 6:47:33,1.17.3,StopSig,0,4.06,nan,1,Right_no_left,Left,256,424,208,53167320,nan,nan,nan
9/29/2026 6:47:35,1.17.3,StopSig,0,4.05,nan,1,Right_no_left,Left,256,425,208,53188345,nan,nan,nan
9/29/2026 6:47:35,1.17.3,StopSig,0,4.06,nan,1,Right_no_left,Left,256,426,208,53189909,nan,nan,nan
9/29/2026 6:47:41,1.17.3,StopSig,0,4.06,nan,1,>Left_Regular_trial,Left,257,426,208,53195710,nan,nan,nan
9/29/2026 6:47:45,1.17.3,StopSig,0,4.06,nan,1,NoPoke_Regular_(incorrect),Left,257,426,208,53199815,nan,nan,nan
9/29/2026 7:23:29,1.17.3,StopSig,0,4.06,nan,1,Right_no_left,Left,257,427,208,53199815,nan,nan,nan
9/29/2026 7:23:30,1.17.3,StopSig,0,4.05,nan,1,Right_no_left,Left,257,428,208,55344856,nan,nan,nan
9/29/2026 7:23:33,1.17.3,StopSig,0,4.05,nan,1,>Left_Regular_trial,Left,258,428,208,55347831,nan,nan,nan
9/29/2026 7:23:34,1.17.3,StopSig,0,4.05,nan,1,Right_Regular_(correct),Left,258,429,208,55348815,nan,nan,nan
9/29/2026 7:23:34,1.17.3,StopSig,0,4.00,nan,1,RightDuringDispense,Left,258,430,208,55348815,nan,nan,0.04
9/29/2026 7:23:35,1.17.3,StopSig,0,4.05,1,1,Pellet,Left,258,430,209,55348815,0.39,2179,nan
9/29/2026 7:23:59,1.17.3,StopSig,0,4.06,nan,1,>Left_Regular_trial,Left,259,430,209,55374365,nan,nan,nan
9/29/2026 7:24:00,1.17.3,StopSig,0,4.06,nan,1,Right_Regular_(correct),Left,259,431,209,55375212,nan,nan,nan
9/29/2026 7:24:01,1.17.3,StopSig,0,4.05,1,1,Pellet,Left,259,431,210,55375212,0.22,26,nan
9/29/2026 7:24:30,1.17.3,StopSig,0,4.05,nan,1,Right_no_left,Left,259,432,210,55375212,nan,nan,nan
9/29/2026 7:24:31,1.17.3,StopSig,0,4.05,nan,1,Right_no_left,Left,259,433,210,55405839,nan,nan,nan
9/29/2026 7:24:32,1.17.3,StopSig,0,4.05,nan,1,Right_no_left,Left,259,434,210,55406257,nan,nan,nan
9/29/2026 7:24:32,1.17.3,StopSig,0,4.05,nan,1,Right_no_left,Left,259,435,210,55407255,nan,nan,nan
9/29/2026 7:24:34,1.17.3,StopSig,0,4.05,nan,1,>Left_Regular_trial,Left,260,435,210,55409084,nan,nan,nan
9/29/2026 7:24:35,1.17.3,StopSig,0,4.06,nan,1,Right_Regular_(correct),Left,260,436,210,55410348,nan,nan,nan
9/29/2026 7:24:36,1.17.3,StopSig,0,4.05,1,1,Pellet,Left,260,436,211,55410348,0.27,35,nan
9/29/2026 7:24:56,1.17.3,StopSig,0,4.05,nan,1,>Left_Regular_trial,Left,261,436,211,55430639,nan,nan,nan
9/29/2026 7:24:56,1.17.3,StopSig,0,4.05,nan,1,Right_Regular_(correct),Left,261,437,211,55431626,nan,nan,nan
9/29/2026 7:24:58,1.17.3,StopSig,0,4.05,1,1,Pellet,Left,261,437,212,55431626,0.44,22,nan
9/29/2026 7:25:15,1.17.3,StopSig,0,4.05,nan,1,Right_no_left,Left,261,438,212,55431626,nan,nan,nan
9/29/2026 7:25:16,1.17.3,StopSig,0,4.05,nan,1,Right_no_left,Left,261,439,212,55450465,nan,nan,nan
9/29/2026 7:25:19,1.17.3,StopSig,0,4.05,nan,1,>Left_Regular_trial,Left,262,439,212,55454282,nan,nan,nan
9/29/2026 7:25:20,1.17.3,StopSig,0,4.06,nan,1,Right_Regular_(correct),Left,262,440,212,55455135,nan,nan,nan
9/29/2026 7:25:30,1.17.3,StopSig,0,4.06,2,1,Pellet,Left,262,440,213,55455135,7.72,32,nan
9/29/2026 7:38:04,1.17.3,StopSig,0,4.05,nan,1,>Left_Stop_trial,Left,263,440,213,56219147,nan,nan,nan
9/29/2026 7:38:08,1.17.3,StopSig,0,4.06,nan,1,NoPoke_STOP_(correct),Left,263,440,213,56222987,nan,nan,nan
9/29/2026 7:38:11,1.17.3,StopSig,0,4.05,2,1,Pellet,Left,263,440,214,56222987,1.00,761,nan
9/29/2026 7:48:32,1.17.3,StopSig,0,4.05,nan,1,Right_no_left,Left,263,441,214,56222987,nan,nan,nan
9/29/2026 7:48:34,1.17.3,StopSig,0,4.05,nan,1,>Left_Regular_trial,Left,264,441,214,56848960,nan,nan,nan
9/29/2026 7:48:35,1.17.3,StopSig,0,4.05,nan,1,Right_Regular_(correct),Left,264,442,214,56849945,nan,nan,nan
9/29/2026 7:48:36,1.17.3,StopSig,0,4.05,1,1,Pellet,Left,264,442,215,56849945,0.33,625,nan
9/29/2026 7:48:57,1.17.3,StopSig,0,4.05,nan,1,>Left_Regular_trial,Left,265,442,215,56871908,nan,nan,nan
9/29/2026 7:48:57,1.17.3,StopSig,0,4.05,nan,1,Right_Regular_(correct),Left,265,443,215,56872754,nan,nan,nan
9/29/2026 7:48:59,1.17.3,StopSig,0,4.06,1,1,Pellet,Left,265,443,216,56872754,0.33,22,nan
9/29/2026 7:49:45,1.17.3,StopSig,0,4.05,nan,1,>Left_Regular_trial,Left,266,443,216,56920325,nan,nan,nan
9/29/2026 7:49:46,1.17.3,StopSig,0,4.05,nan,1,Right_Regular_(correct),Left,266,444,216,56921307,nan,nan,nan
9/29/2026 7:49:47,1.17.3,StopSig,0,4.05,1,1,Pellet,Left,266,444,217,56921307,0.22,49,nan
9/29/2026 7:50:07,1.17.3,StopSig,0,4.05,nan,1,>Left_Regular_trial,Left,267,444,217,56941744,nan,nan,nan
9/29/2026 7:50:07,1.17.3,StopSig,0,4.05,nan,1,Right_Regular_(correct),Left,267,445,217,56942730,nan,nan,nan
9/29/2026 7:50:11,1.17.3,StopSig,0,4.05,2,1,Pellet,Left,267,445,218,56942730,0.50,24,nan
9/29/2026 7:50:26,1.17.3,StopSig,0,4.05,nan,1,Right_no_left,Left,267,446,218,56942730,nan,nan,nan
9/29/2026 7:50:27,1.17.3,StopSig,0,4.05,nan,1,Right_no_left,Left,267,447,218,56961069,nan,nan,nan
9/29/2026 7:50:29,1.17.3,StopSig,0,4.05,nan,1,>Left_Regular_trial,Left,268,447,218,56963750,nan,nan,nan
9/29/2026 7:50:29,1.17.3,StopSig,0,4.05,nan,1,Right_Regular_(correct),Left,268,448,218,56964594,nan,nan,nan
9/29/2026 7:50:30,1.17.3,StopSig,0,4.05,1,1,Pellet,Left,268,448,219,56964594,0.16,19,nan
9/29/2026 7:50:46,1.17.3,StopSig,0,4.06,nan,1,Right_no_left,Left,268,449,219,56964594,nan,nan,nan
9/29/2026 7:50:48,1.17.3,StopSig,0,4.05,nan,1,>Left_Regular_trial,Left,269,449,219,56983438,nan,nan,nan
9/29/2026 7:50:49,1.17.3,StopSig,0,4.06,nan,1,Right_Regular_(correct),Left,269,450,219,56984278,nan,nan,nan
9/29/2026 7:50:50,1.17.3,StopSig,0,4.05,1,1,Pellet,Left,269,450,220,56984278,0.16,20,nan
9/29/2026 7:51:05,1.17.3,StopSig,0,4.05,nan,1,Right_no_left,Left,269,451,220,56984278,nan,nan,nan
9/29/2026 7:51:07,1.17.3,StopSig,0,4.05,nan,1,>Left_Regular_trial,Left,270,451,220,57001901,nan,nan,nan
9/29/2026 7:51:08,1.17.3,StopSig,0,4.05,nan,1,Right_Regular_(correct),Left,270,452,220,57002884,nan,nan,nan
9/29/2026 7:51:08,1.17.3,StopSig,0,4.05,2,1,Pellet,Left,270,452,221,57002884,0.05,18,nan
9/29/2026 8:31:39,1.17.3,StopSig,0,4.05,nan,1,>Left_Regular_trial,Left,271,452,221,59434182,nan,nan,nan
9/29/2026 8:31:41,1.17.3,StopSig,0,4.05,nan,1,Right_Regular_(correct),Left,271,453,221,59436888,nan,nan,nan
9/29/2026 8:31:42,1.17.3,StopSig,0,4.05,1,1,Pellet,Left,271,453,222,59436888,0.44,2434,nan
9/29/2026 8:32:02,1.17.3,StopSig,0,4.05,nan,1,>Left_Regular_trial,Left,272,453,222,59457494,nan,nan,nan
9/29/2026 8:32:05,1.17.3,StopSig,0,4.05,nan,1,Right_Regular_(correct),Left,272,454,222,59460183,nan,nan,nan
9/29/2026 8:32:06,1.17.3,StopSig,0,4.05,1,1,Pellet,Left,272,454,223,59460183,0.33,24,nan
9/29/2026 8:32:27,1.17.3,StopSig,0,4.05,nan,1,>Left_Stop_trial,Left,273,454,223,59482245,nan,nan,nan
9/29/2026 8:32:31,1.17.3,StopSig,0,4.05,nan,1,NoPoke_STOP_(correct),Left,273,454,223,59486328,nan,nan,nan
9/29/2026 8:32:32,1.17.3,StopSig,0,4.05,1,1,Pellet,Left,273,454,224,59486328,0.33,26,nan
9/29/2026 8:33:01,1.17.3,StopSig,0,4.05,nan,1,>Left_Stop_trial,Left,274,454,224,59516050,nan,nan,nan
9/29/2026 8:33:04,1.17.3,StopSig,0,4.05,nan,1,NoPoke_STOP_(correct),Left,274,454,224,59519290,nan,nan,nan
9/29/2026 8:33:05,1.17.3,StopSig,0,4.05,1,1,Pellet,Left,274,454,225,59519290,0.50,33,nan
9/29/2026 8:33:22,1.17.3,StopSig,0,4.05,nan,1,>Left_Regular_trial,Left,275,454,225,59537439,nan,nan,nan
9/29/2026 8:33:26,1.17.3,StopSig,0,4.05,nan,1,NoPoke_Regular_(incorrect),Left,275,454,225,59541261,nan,nan,nan
9/29/2026 8:33:57,1.17.3,StopSig,0,4.05,nan,1,Right_no_left,Left,275,455,225,59541261,nan,nan,nan
9/29/2026 8:33:58,1.17.3,StopSig,0,4.05,nan,1,Right_no_left,Left,275,456,225,59572853,nan,nan,nan
9/29/2026 8:34:02,1.17.3,StopSig,0,4.05,nan,1,>Left_Stop_trial,Left,276,456,225,59576558,nan,nan,nan
9/29/2026 8:34:05,1.17.3,StopSig,0,4.05,nan,1,NoPoke_STOP_(correct),Left,276,456,225,59580224,nan,nan,nan
9/29/2026 8:34:06,1.17.3,StopSig,0,4.05,2,1,Pellet,Left,276,456,226,59580224,0.22,61,nan
9/29/2026 8:34:27,1.17.3,StopSig,0,4.05,nan,1,>Left_Regular_trial,Left,277,456,226,59602273,nan,nan,nan
9/29/2026 8:34:31,1.17.3,StopSig,0,4.05,nan,1,NoPoke_Regular_(incorrect),Left,277,456,226,59606256,nan,nan,nan
9/29/2026 8:54:45,1.17.3,StopSig,0,4.05,nan,1,>Left_Regular_trial,Left,278,456,226,60820529,nan,nan,nan
9/29/2026 8:54:49,1.17.3,StopSig,0,4.05,nan,1,NoPoke_Regular_(incorrect),Left,278,456,226,60824358,nan,nan,nan
9/29/2026 8:55:22,1.17.3,StopSig,0,4.05,nan,1,Right_no_left,Left,278,457,226,60824358,nan,nan,nan
9/29/2026 8:55:24,1.17.3,StopSig,0,4.05,nan,1,>Left_Regular_trial,Left,279,457,226,60859488,nan,nan,nan
9/29/2026 8:55:25,1.17.3,StopSig,0,4.05,nan,1,Right_Regular_(correct),Left,279,458,226,60860912,nan,nan,nan
9/29/2026 8:55:26,1.17.3,StopSig,0,4.05,2,1,Pellet,Left,279,458,227,60860912,0.05,1280,nan
9/29/2026 8:55:56,1.17.3,StopSig,0,4.05,nan,1,>Left_Regular_trial,Left,280,458,227,60891227,nan,nan,nan
9/29/2026 8:55:57,1.17.3,StopSig,0,4.05,nan,1,Right_Regular_(correct),Left,280,459,227,60892246,nan,nan,nan
9/29/2026 8:55:58,1.17.3,StopSig,0,4.05,1,1,Pellet,Left,280,459,228,60892246,0.39,32,nan
9/29/2026 8:56:15,1.17.3,StopSig,0,4.05,nan,1,>Left_Regular_trial,Left,281,459,228,60910148,nan,nan,nan
9/29/2026 8:56:16,1.17.3,StopSig,0,4.05,nan,1,Right_Regular_(correct),Left,281,460,228,60911426,nan,nan,nan
9/29/2026 8:56:17,1.17.3,StopSig,0,4.05,1,1,Pellet,Left,281,460,229,60911426,0.44,19,nan
9/29/2026 8:56:33,1.17.3,StopSig,0,4.05,nan,1,>Left_Stop_trial,Left,282,460,229,60928374,nan,nan,nan
9/29/2026 8:56:37,1.17.3,StopSig,0,4.05,nan,1,NoPoke_STOP_(correct),Left,282,460,229,60932429,nan,nan,nan
9/29/2026 8:56:38,1.17.3,StopSig,0,4.05,2,1,Pellet,Left,282,460,230,60932429,0.55,21,nan
9/29/2026 8:56:53,1.17.3,StopSig,0,4.05,nan,1,>Left_Stop_trial,Left,283,460,230,60948156,nan,nan,nan
9/29/2026 8:56:56,1.17.3,StopSig,0,4.05,nan,1,NoPoke_STOP_(correct),Left,283,460,230,60951377,nan,nan,nan
9/29/2026 8:56:57,1.17.3,StopSig,0,4.05,1,1,Pellet,Left,283,460,231,60951377,0.66,19,nan
9/29/2026 8:57:14,1.17.3,StopSig,0,4.05,nan,1,>Left_Regular_trial,Left,284,460,231,60969648,nan,nan,nan
9/29/2026 8:57:16,1.17.3,StopSig,0,4.05,nan,1,Right_Regular_(correct),Left,284,461,231,60971793,nan,nan,nan
9/29/2026 8:57:29,1.17.3,StopSig,0,4.05,2,1,Pellet,Left,284,461,232,60971793,9.56,32,nan
9/29/2026 8:57:58,1.17.3,StopSig,0,4.05,nan,1,>Left_Regular_trial,Left,285,461,232,61013061,nan,nan,nan
9/29/2026 8:57:59,1.17.3,StopSig,0,4.05,nan,1,Right_Regular_(correct),Left,285,462,232,61014904,nan,nan,nan
9/29/2026 8:58:01,1.17.3,StopSig,0,4.05,1,1,Pellet,Left,285,462,233,61014904,0.50,32,nan
9/29/2026 8:58:23,1.17.3,StopSig,0,4.05,nan,1,>Left_Stop_trial,Left,286,462,233,61037779,nan,nan,nan
9/29/2026 8:58:26,1.17.3,StopSig,0,4.05,nan,1,NoPoke_STOP_(correct),Left,286,462,233,61041351,nan,nan,nan
9/29/2026 8:58:27,1.17.3,StopSig,0,4.05,1,1,Pellet,Left,286,462,234,61041351,0.39,26,nan
9/29/2026 9:52:28,1.17.3,StopSig,0,4.05,nan,1,>Left_Stop_trial,Left,287,462,234,64283570,nan,nan,nan
9/29/2026 9:52:32,1.17.3,StopSig,0,4.05,nan,1,NoPoke_STOP_(correct),Left,287,462,234,64287547,nan,nan,nan
9/29/2026 9:52:33,1.17.3,StopSig,0,4.04,1,1,Pellet,Left,287,462,235,64287547,0.39,3246,nan
9/29/2026 9:52:57,1.17.3,StopSig,0,4.04,nan,1,>Left_Stop_trial,Left,288,462,235,64312058,nan,nan,nan
9/29/2026 9:53:00,1.17.3,StopSig,0,4.04,nan,1,NoPoke_STOP_(correct),Left,288,462,235,64315683,nan,nan,nan
9/29/2026 9:53:01,1.17.3,StopSig,0,4.05,1,1,Pellet,Left,288,462,236,64315683,0.27,28,nan
9/29/2026 9:59:48,1.17.3,StopSig,0,4.04,nan,1,>Left_Regular_trial,Left,289,462,236,64723954,nan,nan,nan
9/29/2026 9:59:52,1.17.3,StopSig,0,4.05,nan,1,NoPoke_Regular_(incorrect),Left,289,462,236,64727652,nan,nan,nan
9/29/2026 10:34:27,1.17.3,StopSig,0,4.04,nan,1,Right_no_left,Left,289,463,236,64727652,nan,nan,nan
9/29/2026 10:34:29,1.17.3,StopSig,0,4.04,nan,1,Right_no_left,Left,289,464,236,66802843,nan,nan,nan
9/29/2026 10:34:31,1.17.3,StopSig,0,4.04,nan,1,>Left_Regular_trial,Left,290,464,236,66807105,nan,nan,nan
9/29/2026 10:34:33,1.17.3,StopSig,0,4.04,nan,1,Right_Regular_(correct),Left,290,465,236,66808533,nan,nan,nan
9/29/2026 10:34:33,1.17.3,StopSig,0,4.04,1,1,Pellet,Left,290,465,237,66808533,0.11,2492,nan
9/29/2026 10:34:49,1.17.3,StopSig,0,4.04,nan,1,>Left_Regular_trial,Left,291,465,237,66824979,nan,nan,nan
9/29/2026 10:34:51,1.17.3,StopSig,0,4.04,nan,1,Right_Regular_(correct),Left,291,466,237,66827519,nan,nan,nan
9/29/2026 10:34:52,1.17.3,StopSig,0,4.05,1,1,Pellet,Left,291,466,238,66827519,0.22,19,nan
9/29/2026 10:35:06,1.17.3,StopSig,0,4.04,nan,1,Right_no_left,Left,291,467,238,66827519,nan,nan,nan
9/29/2026 10:35:08,1.17.3,StopSig,0,4.04,nan,1,Right_no_left,Left,291,468,238,66842594,nan,nan,nan
9/29/2026 10:35:08,1.17.3,StopSig,0,4.04,nan,1,Right_no_left,Left,291,469,238,66843724,nan,nan,nan
9/29/2026 10:35:10,1.17.3,StopSig,0,4.04,nan,1,>Left_Stop_trial,Left,292,469,238,66845569,nan,nan,nan
9/29/2026 10:35:13,1.17.3,StopSig,0,4.04,nan,1,NoPoke_STOP_(correct),Left,292,469,238,66848737,nan,nan,nan
9/29/2026 10:35:14,1.17.3,StopSig,0,4.04,1,1,Pellet,Left,292,469,239,66848737,0.50,22,nan
9/29/2026 10:35:55,1.17.3,StopSig,0,4.04,nan,1,>Left_Stop_trial,Left,293,469,239,66890743,nan,nan,nan
9/29/2026 10:35:59,1.17.3,StopSig,0,4.04,nan,1,NoPoke_STOP_(correct),Left,293,469,239,66894774,nan,nan,nan
9/29/2026 10:36:00,1.17.3,StopSig,0,4.04,1,1,Pellet,Left,293,469,240,66894774,0.50,46,nan
9/29/2026 10:36:15,1.17.3,StopSig,0,4.04,nan,1,>Left_Regular_trial,Left,294,469,240,66910846,nan,nan,nan
9/29/2026 10:36:17,1.17.3,StopSig,0,4.04,nan,1,Right_Regular_(correct),Left,294,470,240,66912821,nan,nan,nan
9/29/2026 10:36:18,1.17.3,StopSig,0,4.04,1,1,Pellet,Left,294,470,241,66912821,0.16,18,nan
9/29/2026 10:36:33,1.17.3,StopSig,0,4.04,nan,1,>Left_Regular_trial,Left,295,470,241,66929142,nan,nan,nan
9/29/2026 10:36:34,1.17.3,StopSig,0,4.05,nan,1,Right_Regular_(correct),Left,295,471,241,66930132,nan,nan,nan
9/29/2026 10:36:35,1.17.3,StopSig,0,4.04,2,1,Pellet,Left,295,471,242,66930132,0.16,17,nan
9/29/2026 10:36:51,1.17.3,StopSig,0,4.04,nan,1,>Left_Stop_trial,Left,296,471,242,66946275,nan,nan,nan
9/29/2026 10:36:54,1.17.3,StopSig,0,4.04,nan,1,NoPoke_STOP_(correct),Left,296,471,242,66949841,nan,nan,nan
9/29/2026 10:36:55,1.17.3,StopSig,0,4.04,1,1,Pellet,Left,296,471,243,66949841,0.78,20,nan
9/29/2026 10:37:10,1.17.3,StopSig,0,4.04,nan,1,>Left_Regular_trial,Left,297,471,243,66965814,nan,nan,nan
9/29/2026 10:37:14,1.17.3,StopSig,0,4.04,nan,1,NoPoke_Regular_(incorrect),Left,297,471,243,66969762,nan,nan,nan
9/29/2026 11:21:13,1.17.3,StopSig,0,4.04,nan,1,>Left_Stop_trial,Left,298,471,243,69608727,nan,nan,nan
9/29/2026 11:21:16,1.17.3,StopSig,0,4.04,nan,1,NoPoke_STOP_(correct),Left,298,471,243,69612022,nan,nan,nan
9/29/2026 11:21:18,1.17.3,StopSig,0,4.03,1,1,Pellet,Left,298,471,244,69612022,1.78,2663,nan
9/29/2026 11:21:38,1.17.3,StopSig,0,4.03,nan,1,>Left_Regular_trial,Left,299,471,244,69634483,nan,nan,nan
9/29/2026 11:21:42,1.17.3,StopSig,0,4.04,nan,1,NoPoke_Regular_(incorrect),Left,299,471,244,69638013,nan,nan,nan
9/29/2026 11:22:17,1.17.3,StopSig,0,4.04,nan,1,>Left_Regular_trial,Left,300,471,244,69673270,nan,nan,nan
9/29/2026 11:22:18,1.17.3,StopSig,0,4.04,nan,1,Right_Regular_(correct),Left,300,472,244,69674547,nan,nan,nan
9/29/2026 11:22:19,1.17.3,StopSig,0,4.04,1,1,Pellet,Left,300,472,245,69674547,0.16,61,nan
9/29/2026 11:22:40,1.17.3,StopSig,0,4.04,nan,1,>Left_Regular_trial,Left,301,472,245,69696240,nan,nan,nan
9/29/2026 11:22:42,1.17.3,StopSig,0,4.04,nan,1,Right_Regular_(correct),Left,301,473,245,69698211,nan,nan,nan
9/29/2026 11:22:43,1.17.3,StopSig,0,4.03,1,1,Pellet,Left,301,473,246,69698211,0.22,24,nan
9/29/2026 11:23:05,1.17.3,StopSig,0,4.03,nan,1,>Left_Regular_trial,Left,302,473,246,69720684,nan,nan,nan
9/29/2026 11:23:06,1.17.3,StopSig,0,4.04,nan,1,Right_Regular_(correct),Left,302,474,246,69721820,nan,nan,nan
9/29/2026 11:23:07,1.17.3,StopSig,0,4.04,2,1,Pellet,Left,302,474,247,69721820,0.05,24,nan
9/29/2026 11:23:48,1.17.3,StopSig,0,4.04,nan,1,>Left_Regular_trial,Left,303,474,247,69763643,nan,nan,nan
9/29/2026 11:23:49,1.17.3,StopSig,0,4.04,nan,1,Right_Regular_(correct),Left,303,475,247,69764916,nan,nan,nan
9/29/2026 11:23:50,1.17.3,StopSig,0,4.03,1,1,Pellet,Left,303,475,248,69764916,0.22,43,nan
9/29/2026 11:24:11,1.17.3,StopSig,0,4.04,nan,1,>Left_Stop_trial,Left,304,475,248,69786567,nan,nan,nan
9/29/2026 11:24:14,1.17.3,StopSig,0,4.04,nan,1,NoPoke_STOP_(correct),Left,304,475,248,69789990,nan,nan,nan
9/29/2026 11:24:15,1.17.3,StopSig,0,4.03,1,1,Pellet,Left,304,475,249,69789990,0.78,25,nan
9/29/2026 11:24:37,1.17.3,StopSig,0,4.04,nan,1,>Left_Regular_trial,Left,305,475,249,69813186,nan,nan,nan
9/29/2026 11:24:38,1.17.3,StopSig,0,4.04,nan,1,Right_Regular_(correct),Left,305,476,249,69814596,nan,nan,nan
9/29/2026 11:24:39,1.17.3,StopSig,0,4.03,1,1,Pellet,Left,305,476,250,69814596,0.16,24,nan
9/29/2026 11:24:59,1.17.3,StopSig,0,4.04,nan,1,>Left_Regular_trial,Left,306,476,250,69835455,nan,nan,nan
9/29/2026 11:25:03,1.17.3,StopSig,0,4.03,nan,1,NoPoke_Regular_(incorrect),Left,306,476,250,69838985,nan,nan,nan
9/29/2026 11:53:50,1.17.3,StopSig,0,4.04,nan,1,>Left_Regular_trial,Left,307,476,250,71566439,nan,nan,nan
9/29/2026 11:53:54,1.17.3,StopSig,0,4.03,nan,1,NoPoke_Regular_(incorrect),Left,307,476,250,71570123,nan,nan,nan
9/29/2026 12:28:50,1.17.3,StopSig,0,4.03,nan,1,>Left_Regular_trial,Left,308,476,250,73666257,nan,nan,nan
9/29/2026 12:28:54,1.17.3,StopSig,0,4.03,nan,1,NoPoke_Regular_(incorrect),Left,308,476,250,73670216,nan,nan,nan
9/29/2026 12:29:40,1.17.3,StopSig,0,4.03,nan,1,>Left_Regular_trial,Left,309,476,250,73716239,nan,nan,nan
9/29/2026 12:29:41,1.17.3,StopSig,0,4.03,nan,1,Right_Regular_(correct),Left,309,477,250,73717648,nan,nan,nan
9/29/2026 12:29:42,1.17.3,StopSig,0,4.04,1,1,Pellet,Left,309,477,251,73717648,0.27,3903,nan
9/29/2026 12:30:01,1.17.3,StopSig,0,4.03,nan,1,>Left_Regular_trial,Left,310,477,251,73737285,nan,nan,nan
9/29/2026 12:30:02,1.17.3,StopSig,0,4.03,nan,1,Right_Regular_(correct),Left,310,478,251,73738862,nan,nan,nan
9/29/2026 12:30:03,1.17.3,StopSig,0,4.03,1,1,Pellet,Left,310,478,252,73738862,0.05,21,nan
9/29/2026 12:30:25,1.17.3,StopSig,0,4.03,nan,1,>Left_Regular_trial,Left,311,478,252,73761612,nan,nan,nan
9/29/2026 12:30:27,1.17.3,StopSig,0,4.03,nan,1,Right_Regular_(correct),Left,311,479,252,73763327,nan,nan,nan
9/29/2026 12:30:28,1.17.3,StopSig,0,4.03,1,1,Pellet,Left,311,479,253,73763327,0.16,25,nan
9/29/2026 12:30:58,1.17.3,StopSig,0,4.03,nan,1,>Left_Regular_trial,Left,312,479,253,73794504,nan,nan,nan
9/29/2026 12:31:00,1.17.3,StopSig,0,4.03,nan,1,Right_Regular_(correct),Left,312,480,253,73796201,nan,nan,nan
9/29/2026 12:31:01,1.17.3,StopSig,0,4.03,1,1,Pellet,Left,312,480,254,73796201,0.16,33,nan
9/29/2026 12:31:19,1.17.3,StopSig,0,4.03,nan,1,>Left_Regular_trial,Left,313,480,254,73815033,nan,nan,nan
9/29/2026 12:31:20,1.17.3,StopSig,0,4.04,nan,1,Right_Regular_(correct),Left,313,481,254,73816041,nan,nan,nan
9/29/2026 12:31:21,1.17.3,StopSig,0,4.04,2,1,Pellet,Left,313,481,255,73816041,0.16,20,nan
9/29/2026 12:31:36,1.17.3,StopSig,0,4.03,nan,1,>Left_Regular_trial,Left,314,481,255,73832772,nan,nan,nan
9/29/2026 12:31:37,1.17.3,StopSig,0,4.03,nan,1,Right_Regular_(correct),Left,314,482,255,73833788,nan,nan,nan
9/29/2026 12:31:38,1.17.3,StopSig,0,4.03,1,1,Pellet,Left,314,482,256,73833788,0.22,17,nan
9/29/2026 12:32:01,1.17.3,StopSig,0,4.03,nan,1,>Left_Regular_trial,Left,315,482,256,73856990,nan,nan,nan
9/29/2026 12:32:02,1.17.3,StopSig,0,4.03,nan,1,Right_Regular_(correct),Left,315,483,256,73858265,nan,nan,nan
9/29/2026 12:32:03,1.17.3,StopSig,0,4.03,2,1,Pellet,Left,315,483,257,73858265,0.16,25,nan
9/29/2026 12:32:20,1.17.3,StopSig,0,4.03,nan,1,>Left_Regular_trial,Left,316,483,257,73876891,nan,nan,nan
9/29/2026 12:32:21,1.17.3,StopSig,0,4.04,nan,1,Right_Regular_(correct),Left,316,484,257,73877752,nan,nan,nan
9/29/2026 12:32:35,1.17.3,StopSig,0,4.03,2,1,Pellet,Left,316,484,258,73877752,10.86,32,nan
9/29/2026 12:32:52,1.17.3,StopSig,0,4.03,nan,1,>Left_Regular_trial,Left,317,484,258,73908092,nan,nan,nan
9/29/2026 12:32:54,1.17.3,StopSig,0,4.03,nan,1,Right_Regular_(correct),Left,317,485,258,73910097,nan,nan,nan
9/29/2026 12:32:54,1.17.3,StopSig,0,4.03,2,1,Pellet,Left,317,485,259,73910097,0.05,19,nan
9/29/2026 12:51:03,1.17.3,StopSig,0,4.03,nan,1,>Left_Regular_trial,Left,318,485,259,74999827,nan,nan,nan
9/29/2026 12:51:07,1.17.3,StopSig,0,4.03,nan,1,NoPoke_Regular_(incorrect),Left,318,485,259,75003368,nan,nan,nan
9/29/2026 13:27:22,1.17.3,StopSig,0,4.04,nan,1,Right_no_left,Left,318,486,259,75003368,nan,nan,nan
9/29/2026 13:40:10,1.17.3,StopSig,0,4.03,nan,1,Right_no_left,Left,318,487,259,77179113,nan,nan,nan
9/29/2026 13:40:14,1.17.3,StopSig,0,4.03,nan,1,>Left_Regular_trial,Left,319,487,259,77950859,nan,nan,nan
9/29/2026 13:40:15,1.17.3,StopSig,0,4.03,nan,1,Right_Regular_(correct),Left,319,488,259,77952141,nan,nan,nan
9/29/2026 13:40:16,1.17.3,StopSig,0,3.98,nan,1,RightDuringDispense,Left,319,489,259,77952141,nan,nan,0.04
9/29/2026 13:40:17,1.17.3,StopSig,0,4.03,1,1,Pellet,Left,319,489,260,77952141,0.27,4043,nan
9/29/2026 13:40:58,1.17.3,StopSig,0,4.03,nan,1,>Left_Regular_trial,Left,320,489,260,77994192,nan,nan,nan
9/29/2026 13:40:59,1.17.3,StopSig,0,4.03,nan,1,Right_Regular_(correct),Left,320,490,260,77995635,nan,nan,nan
9/29/2026 13:41:00,1.17.3,StopSig,0,4.03,1,1,Pellet,Left,320,490,261,77995635,0.27,43,nan
9/29/2026 13:41:23,1.17.3,StopSig,0,4.03,nan,1,>Left_Regular_trial,Left,321,490,261,78019917,nan,nan,nan
9/29/2026 13:41:24,1.17.3,StopSig,0,4.03,nan,1,Right_Regular_(correct),Left,321,491,261,78020768,nan,nan,nan
9/29/2026 13:41:25,1.17.3,StopSig,0,4.03,1,1,Pellet,Left,321,491,262,78020768,0.16,25,nan
9/29/2026 13:41:42,1.17.3,StopSig,0,4.03,nan,1,>Left_Stop_trial,Left,322,491,262,78038633,nan,nan,nan
9/29/2026 13:41:43,1.17.3,StopSig,0,4.03,nan,1,Right_STOP_(incorrect),Left,322,492,262,78039461,nan,nan,nan
9/29/2026 13:42:13,1.17.3,StopSig,0,4.03,nan,1,>Left_Regular_trial,Left,323,492,262,78069774,nan,nan,nan
9/29/2026 13:42:17,1.17.3,StopSig,0,4.03,nan,1,NoPoke_Regular_(incorrect),Left,323,492,262,78073626,nan,nan,nan
9/29/2026 14:06:47,1.17.3,StopSig,0,4.03,nan,1,>Left_Regular_trial,Left,324,492,262,79543283,nan,nan,nan
9/29/2026 14:06:49,1.17.3,StopSig,0,4.03,nan,1,Right_Regular_(correct),Left,324,493,262,79545441,nan,nan,nan
9/29/2026 14:06:50,1.17.3,StopSig,0,4.03,1,1,Pellet,Left,324,493,263,79545441,0.38,1525,nan
9/29/2026 14:07:13,1.17.3,StopSig,0,4.03,nan,1,>Left_Stop_trial,Left,325,493,263,79568940,nan,nan,nan
9/29/2026 14:07:16,1.17.3,StopSig,0,4.03,nan,1,NoPoke_STOP_(correct),Left,325,493,263,79572737,nan,nan,nan
9/29/2026 14:07:18,1.17.3,StopSig,0,4.03,1,1,Pellet,Left,325,493,264,79572737,1.50,28,nan
9/29/2026 14:07:35,1.17.3,StopSig,0,4.03,nan,1,>Left_Regular_trial,Left,326,493,264,79592215,nan,nan,nan
9/29/2026 14:07:37,1.17.3,StopSig,0,4.03,nan,1,Right_Regular_(correct),Left,326,494,264,79593784,nan,nan,nan
9/29/2026 14:07:38,1.17.3,StopSig,0,4.03,1,1,Pellet,Left,326,494,265,79593784,0.33,20,nan
9/29/2026 14:08:05,1.17.3,StopSig,0,4.03,nan,1,>Left_Regular_trial,Left,327,494,265,79621319,nan,nan,nan
9/29/2026 14:08:06,1.17.3,StopSig,0,4.03,nan,1,Right_Regular_(correct),Left,327,495,265,79622478,nan,nan,nan
9/29/2026 14:08:07,1.17.3,StopSig,0,4.03,1,1,Pellet,Left,327,495,266,79622478,0.22,28,nan
9/29/2026 14:08:23,1.17.3,StopSig,0,4.03,nan,1,>Left_Regular_trial,Left,328,495,266,79639915,nan,nan,nan
9/29/2026 14:08:24,1.17.3,StopSig,0,4.03,nan,1,Right_Regular_(correct),Left,328,496,266,79641189,nan,nan,nan
9/29/2026 14:08:38,1.17.3,StopSig,0,4.03,2,1,Pellet,Left,328,496,267,79641189,10.91,32,nan
9/29/2026 14:09:08,1.17.3,StopSig,0,4.03,nan,1,Right_no_left,Left,328,497,267,79641189,nan,nan,nan
9/29/2026 14:09:12,1.17.3,StopSig,0,4.03,nan,1,>Left_Regular_trial,Left,329,497,267,79688428,nan,nan,nan
9/29/2026 14:09:13,1.17.3,StopSig,0,4.03,nan,1,Right_Regular_(correct),Left,329,498,267,79689706,nan,nan,nan
9/29/2026 14:09:14,1.17.3,StopSig,0,4.03,1,1,Pellet,Left,329,498,268,79689706,0.27,36,nan
9/29/2026 14:09:30,1.17.3,StopSig,0,4.03,nan,1,>Left_Regular_trial,Left,330,498,268,79706655,nan,nan,nan
9/29/2026 14:09:32,1.17.3,StopSig,0,4.03,nan,1,Right_Regular_(correct),Left,330,499,268,79708502,nan,nan,nan
9/29/2026 14:09:32,1.17.3,StopSig,0,4.03,1,1,Pellet,Left,330,499,269,79708502,0.16,18,nan
9/29/2026 14:09:49,1.17.3,StopSig,0,4.03,nan,1,>Left_Stop_trial,Left,331,499,269,79725844,nan,nan,nan
9/29/2026 14:09:53,1.17.3,StopSig,0,4.03,nan,1,NoPoke_STOP_(correct),Left,331,499,269,79729696,nan,nan,nan
9/29/2026 14:09:54,1.17.3,StopSig,0,4.03,1,1,Pellet,Left,331,499,270,79729696,0.27,22,nan
9/29/2026 15:04:18,1.17.3,StopSig,0,4.03,nan,1,>Left_Regular_trial,Left,332,499,270,82994738,nan,nan,nan
9/29/2026 15:04:21,1.17.3,StopSig,0,4.03,nan,1,Right_Regular_(correct),Left,332,500,270,82998137,nan,nan,nan
9/29/2026 15:04:22,1.17.3,StopSig,0,4.03,1,1,Pellet,Left,332,500,271,82998137,0.55,3268,nan
9/29/2026 15:04:38,1.17.3,StopSig,0,4.03,nan,1,>Left_Stop_trial,Left,333,500,271,83014823,nan,nan,nan
9/29/2026 15:04:39,1.17.3,StopSig,0,4.02,nan,1,Right_STOP_(incorrect),Left,333,501,271,83015916,nan,nan,nan
9/29/2026 15:05:10,1.17.3,StopSig,0,4.03,nan,1,>Left_Stop_trial,Left,334,501,271,83046218,nan,nan,nan
9/29/2026 15:05:13,1.17.3,StopSig,0,4.03,nan,1,NoPoke_STOP_(correct),Left,334,501,271,83049935,nan,nan,nan
9/29/2026 15:05:14,1.17.3,StopSig,0,4.03,1,1,Pellet,Left,334,501,272,83049935,0.44,52,nan
9/29/2026 15:05:37,1.17.3,StopSig,0,4.03,nan,1,>Left_Regular_trial,Left,335,501,272,83073870,nan,nan,nan
9/29/2026 15:05:41,1.17.3,StopSig,0,4.03,nan,1,NoPoke_Regular_(incorrect),Left,335,501,272,83077971,nan,nan,nan
9/29/2026 15:11:45,1.17.3,StopSig,0,4.02,nan,1,>Left_Regular_trial,Left,336,501,272,83442338,nan,nan,nan
9/29/2026 15:11:49,1.17.3,StopSig,0,4.03,nan,1,NoPoke_Regular_(incorrect),Left,336,501,272,83446010,nan,nan,nan
9/29/2026 15:42:37,1.17.3,StopSig,0,4.03,nan,1,Right_no_left,Left,336,502,272,83446010,nan,nan,nan
9/29/2026 15:42:40,1.17.3,StopSig,0,4.02,nan,1,>Left_Regular_trial,Left,337,502,272,85297112,nan,nan,nan
9/29/2026 15:42:41,1.17.3,StopSig,0,4.02,nan,1,Right_Regular_(correct),Left,337,503,272,85298809,nan,nan,nan
9/29/2026 15:42:42,1.17.3,StopSig,0,4.03,nan,1,RightDuringDispense,Left,337,504,272,85298809,nan,nan,0.01
9/29/2026 15:42:43,1.17.3,StopSig,0,4.03,1,1,Pellet,Left,337,504,273,85298809,0.22,2249,nan
9/29/2026 15:42:58,1.17.3,StopSig,0,4.03,nan,1,>Left_Regular_trial,Left,338,504,273,85315486,nan,nan,nan
9/29/2026 15:43:00,1.17.3,StopSig,0,4.03,nan,1,Right_Regular_(correct),Left,338,505,273,85316894,nan,nan,nan
9/29/2026 15:43:01,1.17.3,StopSig,0,4.02,1,1,Pellet,Left,338,505,274,85316894,0.27,18,nan
9/29/2026 15:43:27,1.17.3,StopSig,0,4.02,nan,1,>Left_Stop_trial,Left,339,505,274,85343684,nan,nan,nan
9/29/2026 15:43:30,1.17.3,StopSig,0,4.03,nan,1,NoPoke_STOP_(correct),Left,339,505,274,85347106,nan,nan,nan
9/29/2026 15:43:31,1.17.3,StopSig,0,4.02,1,1,Pellet,Left,339,505,275,85347106,0.16,30,nan
9/29/2026 15:43:46,1.17.3,StopSig,0,4.02,nan,1,>Left_Stop_trial,Left,340,505,275,85362745,nan,nan,nan
9/29/2026 15:43:49,1.17.3,StopSig,0,4.02,nan,1,NoPoke_STOP_(correct),Left,340,505,275,85366021,nan,nan,nan
9/29/2026 15:43:50,1.17.3,StopSig,0,4.02,1,1,Pellet,Left,340,505,276,85366021,0.22,19,nan
9/29/2026 15:43:59,1.17.3,StopSig,0,4.02,nan,1,>Left_Regular_trial,Left,341,505,276,85376554,nan,nan,nan
9/29/2026 15:44:01,1.17.3,StopSig,0,4.02,nan,1,Right_Regular_(correct),Left,341,506,276,85378683,nan,nan,nan
9/29/2026 15:44:02,1.17.3,StopSig,0,4.02,1,1,Pellet,Left,341,506,277,85378683,0.16,12,nan
9/29/2026 15:44:16,1.17.3,StopSig,0,4.03,nan,1,>Left_Regular_trial,Left,342,506,277,85393623,nan,nan,nan
9/29/2026 15:44:17,1.17.3,StopSig,0,4.02,nan,1,Right_Regular_(correct),Left,342,507,277,85394465,nan,nan,nan
9/29/2026 15:44:18,1.17.3,StopSig,0,4.03,2,1,Pellet,Left,342,507,278,85394465,0.11,16,nan
9/29/2026 15:44:35,1.17.3,StopSig,0,4.03,nan,1,Right_no_left,Left,342,508,278,85394465,nan,nan,nan
9/29/2026 15:44:36,1.17.3,StopSig,0,4.02,nan,1,Right_no_left,Left,342,509,278,85412665,nan,nan,nan
9/29/2026 15:44:39,1.17.3,StopSig,0,4.02,nan,1,>Left_Regular_trial,Left,343,509,278,85416196,nan,nan,nan
9/29/2026 15:44:40,1.17.3,StopSig,0,4.03,nan,1,Right_Regular_(correct),Left,343,510,278,85417186,nan,nan,nan
9/29/2026 15:44:41,1.17.3,StopSig,0,4.02,1,1,Pellet,Left,343,510,279,85417186,0.11,23,nan
9/29/2026 15:44:55,1.17.3,StopSig,0,4.02,nan,1,>Left_Stop_trial,Left,344,510,279,85432009,nan,nan,nan
9/29/2026 15:44:55,1.17.3,StopSig,0,4.02,nan,1,Right_STOP_(incorrect),Left,344,511,279,85432825,nan,nan,nan
9/29/2026 15:45:26,1.17.3,StopSig,0,4.02,nan,1,>Left_Regular_trial,Left,345,511,279,85463125,nan,nan,nan
9/29/2026 15:45:30,1.17.3,StopSig,0,4.02,nan,1,NoPoke_Regular_(incorrect),Left,345,511,279,85467074,nan,nan,nan
9/29/2026 16:10:33,1.17.3,StopSig,0,4.02,nan,1,>Left_Regular_trial,Left,346,511,279,86970226,nan,nan,nan
9/29/2026 16:10:35,1.17.3,StopSig,0,4.03,nan,1,Right_Regular_(correct),Left,346,512,279,86972492,nan,nan,nan
9/29/2026 16:10:36,1.17.3,StopSig,0,4.02,1,1,Pellet,Left,346,512,280,86972492,0.22,1555,nan
9/29/2026 16:11:00,1.17.3,StopSig,0,4.02,nan,1,>Left_Regular_trial,Left,347,512,280,86997434,nan,nan,nan
9/29/2026 16:11:01,1.17.3,StopSig,0,4.02,nan,1,Right_Regular_(correct),Left,347,513,280,86998703,nan,nan,nan
9/29/2026 16:11:02,1.17.3,StopSig,0,4.02,2,1,Pellet,Left,347,513,281,86998703,0.22,26,nan
9/29/2026 16:11:20,1.17.3,StopSig,0,4.02,nan,1,>Left_Regular_trial,Left,348,513,281,87017684,nan,nan,nan
9/29/2026 16:11:22,1.17.3,StopSig,0,4.02,nan,1,Right_Regular_(correct),Left,348,514,281,87019090,nan,nan,nan
9/29/2026 16:11:32,1.17.3,StopSig,0,4.02,2,1,Pellet,Left,348,514,282,87019090,7.82,30,nan
9/29/2026 16:11:59,1.17.3,StopSig,0,4.02,nan,1,>Left_Stop_trial,Left,349,514,282,87056184,nan,nan,nan
9/29/2026 16:12:03,1.17.3,StopSig,0,4.02,nan,1,NoPoke_STOP_(correct),Left,349,514,282,87060271,nan,nan,nan
9/29/2026 16:12:04,1.17.3,StopSig,0,4.02,1,1,Pellet,Left,349,514,283,87060271,0.38,32,nan
9/29/2026 16:12:24,1.17.3,StopSig,0,4.02,nan,1,Right_no_left,Left,349,515,283,87060271,nan,nan,nan
9/29/2026 16:12:25,1.17.3,StopSig,0,4.02,nan,1,Right_no_left,Left,349,516,283,87081490,nan,nan,nan
9/29/2026 16:12:27,1.17.3,StopSig,0,4.02,nan,1,>Left_Regular_trial,Left,350,516,283,87084043,nan,nan,nan
9/29/2026 16:12:27,1.17.3,StopSig,0,4.03,nan,1,Right_Regular_(correct),Left,350,517,283,87084902,nan,nan,nan
9/29/2026 16:12:41,1.17.3,StopSig,0,4.02,2,1,Pellet,Left,350,517,284,87084902,11.19,37,nan
9/29/2026 16:33:53,1.17.3,StopSig,0,4.02,nan,1,>Left_Regular_trial,Left,351,517,284,88370340,nan,nan,nan
9/29/2026 16:33:56,1.17.3,StopSig,0,4.02,nan,1,Right_Regular_(correct),Left,351,518,284,88373173,nan,nan,nan
9/29/2026 16:33:57,1.17.3,StopSig,0,4.02,1,1,Pellet,Left,351,518,285,88373173,0.27,1276,nan
9/29/2026 16:34:14,1.17.3,StopSig,0,4.02,nan,1,>Left_Stop_trial,Left,352,518,285,88391063,nan,nan,nan
9/29/2026 16:34:17,1.17.3,StopSig,0,4.03,nan,1,NoPoke_STOP_(correct),Left,352,518,285,88394257,nan,nan,nan
9/29/2026 16:34:18,1.17.3,StopSig,0,4.02,1,1,Pellet,Left,352,518,286,88394257,0.55,21,nan
9/29/2026 16:34:34,1.17.3,StopSig,0,4.02,nan,1,>Left_Stop_trial,Left,353,518,286,88411174,nan,nan,nan
9/29/2026 16:34:38,1.17.3,StopSig,0,4.02,nan,1,NoPoke_STOP_(correct),Left,353,518,286,88415331,nan,nan,nan
9/29/2026 16:34:39,1.17.3,StopSig,0,4.03,1,1,Pellet,Left,353,518,287,88415331,0.33,21,nan
9/29/2026 16:34:53,1.17.3,StopSig,0,4.02,nan,1,>Left_Regular_trial,Left,354,518,287,88430268,nan,nan,nan
9/29/2026 16:34:54,1.17.3,StopSig,0,4.02,nan,1,Right_Regular_(correct),Left,354,519,287,88431967,nan,nan,nan
9/29/2026 16:34:55,1.17.3,StopSig,0,4.02,1,1,Pellet,Left,354,519,288,88431967,0.16,16,nan
9/29/2026 16:35:11,1.17.3,StopSig,0,4.02,nan,1,>Left_Regular_trial,Left,355,519,288,88448836,nan,nan,nan
9/29/2026 16:35:12,1.17.3,StopSig,0,4.02,nan,1,Right_Regular_(correct),Left,355,520,288,88449829,nan,nan,nan
9/29/2026 16:35:13,1.17.3,StopSig,0,3.96,nan,1,RightDuringDispense,Left,355,521,288,88449829,nan,nan,0.04
9/29/2026 16:35:14,1.17.3,StopSig,0,4.02,2,1,Pellet,Left,355,521,289,88449829,0.05,19,nan
9/29/2026 16:35:29,1.17.3,StopSig,0,4.02,nan,1,>Left_Stop_trial,Left,356,521,289,88465829,nan,nan,nan
9/29/2026 16:35:29,1.17.3,StopSig,0,4.02,nan,1,Right_STOP_(incorrect),Left,356,522,289,88466587,nan,nan,nan
9/29/2026 16:35:59,1.17.3,StopSig,0,4.02,nan,1,>Left_Regular_trial,Left,357,522,289,88496914,nan,nan,nan
9/29/2026 16:36:03,1.17.3,StopSig,0,4.02,nan,1,NoPoke_Regular_(incorrect),Left,357,522,289,88500321,nan,nan,nan
9/29/2026 17:00:59,1.17.3,StopSig,0,4.02,nan,1,>Left_Regular_trial,Left,358,522,289,89996913,nan,nan,nan
9/29/2026 17:01:01,1.17.3,StopSig,0,4.02,nan,1,Right_Regular_(correct),Left,358,523,289,89998902,nan,nan,nan
9/29/2026 17:01:02,1.17.3,StopSig,0,4.02,1,1,Pellet,Left,358,523,290,89998902,0.33,1548,nan
9/29/2026 17:01:17,1.17.3,StopSig,0,4.02,nan,1,>Left_Regular_trial,Left,359,523,290,90014374,nan,nan,nan
9/29/2026 17:01:18,1.17.3,StopSig,0,4.02,nan,1,Right_Regular_(correct),Left,359,524,290,90015528,nan,nan,nan
9/29/2026 17:01:19,1.17.3,StopSig,0,4.02,2,1,Pellet,Left,359,524,291,90015528,0.05,17,nan
9/29/2026 17:01:33,1.17.3,StopSig,0,4.02,nan,1,>Left_Regular_trial,Left,360,524,291,90030167,nan,nan,nan
9/29/2026 17:01:33,1.17.3,StopSig,0,4.02,nan,1,Right_Regular_(correct),Left,360,525,291,90031042,nan,nan,nan
9/29/2026 17:01:34,1.17.3,StopSig,0,4.02,2,1,Pellet,Left,360,525,292,90031042,0.05,15,nan
9/29/2026 17:01:51,1.17.3,StopSig,0,4.02,nan,1,>Left_Regular_trial,Left,361,525,292,90048059,nan,nan,nan
9/29/2026 17:01:52,1.17.3,StopSig,0,4.02,nan,1,Right_Regular_(correct),Left,361,526,292,90049474,nan,nan,nan
9/29/2026 17:01:53,1.17.3,StopSig,0,4.02,1,1,Pellet,Left,361,526,293,90049474,0.16,18,nan
9/29/2026 17:02:18,1.17.3,StopSig,0,4.02,nan,1,>Left_Stop_trial,Left,362,526,293,90075236,nan,nan,nan
9/29/2026 17:02:19,1.17.3,StopSig,0,4.02,nan,1,Right_STOP_(incorrect),Left,362,527,293,90076386,nan,nan,nan
9/29/2026 17:02:49,1.17.3,StopSig,0,4.02,nan,1,>Left_Regular_trial,Left,363,527,293,90106708,nan,nan,nan
9/29/2026 17:02:51,1.17.3,StopSig,0,4.02,nan,1,Right_Regular_(correct),Left,363,528,293,90108574,nan,nan,nan
9/29/2026 17:02:52,1.17.3,StopSig,0,4.02,1,1,Pellet,Left,363,528,294,90108574,0.27,60,nan
9/29/2026 17:21:51,1.17.3,StopSig,0,4.02,nan,1,>Left_Stop_trial,Left,364,528,294,91247752,nan,nan,nan
9/29/2026 17:21:54,1.17.3,StopSig,0,4.02,nan,1,NoPoke_STOP_(correct),Left,364,528,294,91251448,nan,nan,nan
9/29/2026 17:21:55,1.17.3,StopSig,0,4.02,1,1,Pellet,Left,364,528,295,91251448,0.61,1143,nan
9/29/2026 17:22:11,1.17.3,StopSig,0,4.02,nan,1,>Left_Regular_trial,Left,365,528,295,91268158,nan,nan,nan
9/29/2026 17:22:13,1.17.3,StopSig,0,4.02,nan,1,Right_Regular_(correct),Left,365,529,295,91270427,nan,nan,nan
9/29/2026 17:22:14,1.17.3,StopSig,0,4.02,1,1,Pellet,Left,365,529,296,91270427,0.11,18,nan
9/29/2026 17:22:28,1.17.3,StopSig,0,4.02,nan,1,>Left_Regular_trial,Left,366,529,296,91286028,nan,nan,nan
9/29/2026 17:22:29,1.17.3,StopSig,0,4.02,nan,1,Right_Regular_(correct),Left,366,530,296,91286905,nan,nan,nan
9/29/2026 17:22:30,1.17.3,StopSig,0,4.02,2,1,Pellet,Left,366,530,297,91286905,0.16,17,nan
9/29/2026 17:22:44,1.17.3,StopSig,0,4.02,nan,1,>Left_Regular_trial,Left,367,530,297,91302097,nan,nan,nan
9/29/2026 17:22:46,1.17.3,StopSig,0,4.02,nan,1,Right_Regular_(correct),Left,367,531,297,91303252,nan,nan,nan
9/29/2026 17:22:46,1.17.3,StopSig,0,4.02,1,1,Pellet,Left,367,531,298,91303252,0.16,16,nan
9/29/2026 17:23:03,1.17.3,StopSig,0,4.02,nan,1,>Left_Regular_trial,Left,368,531,298,91320711,nan,nan,nan
9/29/2026 17:23:07,1.17.3,StopSig,0,4.02,nan,1,NoPoke_Regular_(incorrect),Left,368,531,298,91324535,nan,nan,nan
9/29/2026 17:49:05,1.17.3,StopSig,0,4.02,nan,1,>Left_Regular_trial,Left,369,531,298,92882969,nan,nan,nan
9/29/2026 17:49:07,1.17.3,StopSig,0,4.02,nan,1,Right_Regular_(correct),Left,369,532,298,92884394,nan,nan,nan
9/29/2026 17:49:07,1.17.3,StopSig,0,4.02,1,1,Pellet,Left,369,532,299,92884394,0.16,1581,nan
9/29/2026 17:49:21,1.17.3,StopSig,0,4.02,nan,1,>Left_Stop_trial,Left,370,532,299,92898469,nan,nan,nan
9/29/2026 17:49:22,1.17.3,StopSig,0,4.02,nan,1,Right_STOP_(incorrect),Left,370,533,299,92899540,nan,nan,nan
9/29/2026 17:49:53,1.17.3,StopSig,0,4.02,nan,1,>Left_Stop_trial,Left,371,533,299,92929850,nan,nan,nan
9/29/2026 17:49:54,1.17.3,StopSig,0,4.02,nan,1,Right_STOP_(incorrect),Left,371,534,299,92931979,nan,nan,nan
9/29/2026 17:50:25,1.17.3,StopSig,0,4.02,nan,1,>Left_Regular_trial,Left,372,534,299,92962294,nan,nan,nan
9/29/2026 17:50:27,1.17.3,StopSig,0,4.02,nan,1,Right_Regular_(correct),Left,372,535,299,92964693,nan,nan,nan
9/29/2026 17:50:27,1.17.3,StopSig,0,4.02,nan,1,RightDuringDispense,Left,372,536,299,92964693,nan,nan,0.13
9/29/2026 17:50:28,1.17.3,StopSig,0,4.02,2,1,Pellet,Left,372,536,300,92964693,0.33,81,nan
9/29/2026 17:50:44,1.17.3,StopSig,0,4.02,nan,1,Right_no_left,Left,372,537,300,92964693,nan,nan,nan
9/29/2026 17:50:46,1.17.3,StopSig,0,4.02,nan,1,Right_no_left,Left,372,538,300,92982010,nan,nan,nan
9/29/2026 17:50:48,1.17.3,StopSig,0,4.02,nan,1,>Left_Regular_trial,Left,373,538,300,92985834,nan,nan,nan
9/29/2026 17:50:49,1.17.3,StopSig,0,4.02,nan,1,Right_Regular_(correct),Left,373,539,300,92987111,nan,nan,nan
9/29/2026 17:50:50,1.17.3,StopSig,0,4.02,1,1,Pellet,Left,373,539,301,92987111,0.16,22,nan
9/29/2026 17:51:18,1.17.3,StopSig,0,4.02,nan,1,>Left_Regular_trial,Left,374,539,301,93015558,nan,nan,nan
9/29/2026 17:51:19,1.17.3,StopSig,0,4.02,nan,1,Right_Regular_(correct),Left,374,540,301,93016839,nan,nan,nan
9/29/2026 17:51:20,1.17.3,StopSig,0,4.02,1,1,Pellet,Left,374,540,302,93016839,0.05,30,nan
9/29/2026 17:51:42,1.17.3,StopSig,0,4.02,nan,1,>Left_Regular_trial,Left,375,540,302,93039319,nan,nan,nan
9/29/2026 17:51:42,1.17.3,StopSig,0,4.02,nan,1,Right_Regular_(correct),Left,375,541,302,93040160,nan,nan,nan
9/29/2026 17:51:53,1.17.3,StopSig,0,4.02,2,1,Pellet,Left,375,541,303,93040160,7.94,33,nan
9/29/2026 18:24:19,1.17.3,StopSig,0,4.02,nan,1,>Left_Regular_trial,Left,376,541,303,94996851,nan,nan,nan
9/29/2026 18:24:23,1.17.3,StopSig,0,4.02,nan,1,NoPoke_Regular_(incorrect),Left,376,541,303,95000821,nan,nan,nan
9/29/2026 18:25:29,1.17.3,StopSig,0,4.02,nan,1,>Left_Regular_trial,Left,377,541,303,95067076,nan,nan,nan
9/29/2026 18:25:33,1.17.3,StopSig,0,4.02,nan,1,NoPoke_Regular_(incorrect),Left,377,541,303,95070766,nan,nan,nan
9/29/2026 18:28:03,1.17.3,StopSig,0,4.02,nan,1,>Left_Regular_trial,Left,378,541,303,95220979,nan,nan,nan
9/29/2026 18:28:07,1.17.3,StopSig,0,4.02,nan,1,NoPoke_Regular_(incorrect),Left,378,541,303,95224812,nan,nan,nan
9/29/2026 18:29:12,1.17.3,StopSig,0,4.02,nan,1,Right_no_left,Left,378,542,303,95224812,nan,nan,nan
9/29/2026 18:47:55,1.17.3,StopSig,0,4.02,nan,1,>Left_Regular_trial,Left,379,542,303,96412763,nan,nan,nan
9/29/2026 18:47:56,1.17.3,StopSig,0,4.02,nan,1,Right_Regular_(correct),Left,379,543,303,96414029,nan,nan,nan
9/29/2026 18:47:56,1.17.3,StopSig,0,4.02,nan,1,RightDuringDispense,Left,379,544,303,96414029,nan,nan,0.01
9/29/2026 18:47:57,1.17.3,StopSig,0,4.02,1,1,Pellet,Left,379,544,304,96414029,0.33,3364,nan
9/29/2026 18:48:15,1.17.3,StopSig,0,4.02,nan,1,Right_no_left,Left,379,545,304,96414029,nan,nan,nan
9/29/2026 18:48:17,1.17.3,StopSig,0,4.02,nan,1,Right_no_left,Left,379,546,304,96433065,nan,nan,nan
9/29/2026 18:48:18,1.17.3,StopSig,0,4.02,nan,1,Right_no_left,Left,379,547,304,96435324,nan,nan,nan
9/29/2026 18:48:20,1.17.3,StopSig,0,4.02,nan,1,>Left_Regular_trial,Left,380,547,304,96437582,nan,nan,nan
9/29/2026 18:48:21,1.17.3,StopSig,0,4.02,nan,1,Right_Regular_(correct),Left,380,548,304,96438999,nan,nan,nan
9/29/2026 18:48:22,1.17.3,StopSig,0,4.02,2,1,Pellet,Left,380,548,305,96438999,0.05,25,nan
9/29/2026 18:48:36,1.17.3,StopSig,0,4.02,nan,1,>Left_Regular_trial,Left,381,548,305,96454488,nan,nan,nan
9/29/2026 18:48:37,1.17.3,StopSig,0,4.02,nan,1,Right_Regular_(correct),Left,381,549,305,96455188,nan,nan,nan
9/29/2026 18:48:38,1.17.3,StopSig,0,4.02,1,1,Pellet,Left,381,549,306,96455188,0.22,16,nan
9/29/2026 18:48:54,1.17.3,StopSig,0,4.02,nan,1,>Left_Regular_trial,Left,382,549,306,96472101,nan,nan,nan
9/29/2026 18:48:55,1.17.3,StopSig,0,4.02,nan,1,Right_Regular_(correct),Left,382,550,306,96472813,nan,nan,nan
9/29/2026 18:48:56,1.17.3,StopSig,0,4.02,2,1,Pellet,Left,382,550,307,96472813,0.11,18,nan
9/29/2026 18:49:12,1.17.3,StopSig,0,4.02,nan,1,>Left_Regular_trial,Left,383,550,307,96489607,nan,nan,nan
9/29/2026 18:49:12,1.17.3,StopSig,0,4.02,nan,1,Right_Regular_(correct),Left,383,551,307,96490315,nan,nan,nan
9/29/2026 18:49:13,1.17.3,StopSig,0,4.01,1,1,Pellet,Left,383,551,308,96490315,0.22,17,nan
9/29/2026 18:49:26,1.17.3,StopSig,0,4.02,nan,1,>Left_Regular_trial,Left,384,551,308,96504450,nan,nan,nan
9/29/2026 18:49:27,1.17.3,StopSig,0,4.01,nan,1,Right_Regular_(correct),Left,384,552,308,96505009,nan,nan,nan
9/29/2026 18:49:28,1.17.3,StopSig,0,4.02,2,1,Pellet,Left,384,552,309,96505009,0.22,15,nan
9/29/2026 18:49:42,1.17.3,StopSig,0,4.02,nan,1,>Left_Regular_trial,Left,385,552,309,96520121,nan,nan,nan
9/29/2026 18:49:43,1.17.3,StopSig,0,4.02,nan,1,Right_Regular_(correct),Left,385,553,309,96520685,nan,nan,nan
9/29/2026 18:49:43,1.17.3,StopSig,0,4.02,1,1,Pellet,Left,385,553,310,96520685,0.05,15,nan
9/29/2026 18:49:58,1.17.3,StopSig,0,4.02,nan,1,>Left_Regular_trial,Left,386,553,310,96535961,nan,nan,nan
9/29/2026 18:50:00,1.17.3,StopSig,0,4.02,nan,1,Right_Regular_(correct),Left,386,554,310,96538079,nan,nan,nan
9/29/2026 18:50:01,1.17.3,StopSig,0,4.02,1,1,Pellet,Left,386,554,311,96538079,0.22,18,nan
9/29/2026 19:10:42,1.17.3,StopSig,0,4.02,nan,1,Right_no_left,Left,386,555,311,96538079,nan,nan,nan
9/29/2026 19:10:45,1.17.3,StopSig,0,4.02,nan,1,>Left_Regular_trial,Left,387,555,311,97783186,nan,nan,nan
9/29/2026 19:10:46,1.17.3,StopSig,0,4.02,nan,1,Right_Regular_(correct),Left,387,556,311,97784309,nan,nan,nan
9/29/2026 19:10:47,1.17.3,StopSig,0,4.02,2,1,Pellet,Left,387,556,312,97784309,0.11,1246,nan
9/29/2026 19:11:03,1.17.3,StopSig,0,4.02,nan,1,>Left_Regular_trial,Left,388,556,312,97801372,nan,nan,nan
9/29/2026 19:11:04,1.17.3,StopSig,0,4.02,nan,1,Right_Regular_(correct),Left,388,557,312,97802227,nan,nan,nan
9/29/2026 19:11:05,1.17.3,StopSig,0,4.02,1,1,Pellet,Left,388,557,313,97802227,0.33,18,nan
9/29/2026 19:11:22,1.17.3,StopSig,0,4.02,nan,1,>Left_Regular_trial,Left,389,557,313,97819891,nan,nan,nan
9/29/2026 19:11:22,1.17.3,StopSig,0,4.01,nan,1,Right_Regular_(correct),Left,389,558,313,97820625,nan,nan,nan
9/29/2026 19:11:23,1.17.3,StopSig,0,4.02,1,1,Pellet,Left,389,558,314,97820625,0.16,18,nan
9/29/2026 19:11:37,1.17.3,StopSig,0,4.02,nan,1,>Left_Regular_trial,Left,390,558,314,97835285,nan,nan,nan
9/29/2026 19:11:38,1.17.3,StopSig,0,4.02,nan,1,Right_Regular_(correct),Left,390,559,314,97835852,nan,nan,nan
9/29/2026 19:11:39,1.17.3,StopSig,0,4.02,2,1,Pellet,Left,390,559,315,97835852,0.05,16,nan
9/29/2026 19:11:53,1.17.3,StopSig,0,4.02,nan,1,Right_no_left,Left,390,560,315,97835852,nan,nan,nan
9/29/2026 19:11:54,1.17.3,StopSig,0,4.01,nan,1,Right_no_left,Left,390,561,315,97851235,nan,nan,nan
9/29/2026 19:11:55,1.17.3,StopSig,0,4.02,nan,1,Right_no_left,Left,390,562,315,97852513,nan,nan,nan
9/29/2026 19:11:56,1.17.3,StopSig,0,4.02,nan,1,Right_no_left,Left,390,563,315,97853380,nan,nan,nan
9/29/2026 19:11:57,1.17.3,StopSig,0,4.02,nan,1,>Left_Regular_trial,Left,391,563,315,97855519,nan,nan,nan
9/29/2026 19:11:58,1.17.3,StopSig,0,4.02,nan,1,Right_Regular_(correct),Left,391,564,315,97856378,nan,nan,nan
9/29/2026 19:11:59,1.17.3,StopSig,0,4.02,nan,1,RightDuringDispense,Left,391,565,315,97856378,nan,nan,0.14
9/29/2026 19:11:59,1.17.3,StopSig,0,4.02,1,1,Pellet,Left,391,565,316,97856378,0.16,20,nan
9/29/2026 19:12:13,1.17.3,StopSig,0,4.02,nan,1,>Left_Regular_trial,Left,392,565,316,97870925,nan,nan,nan
9/29/2026 19:12:13,1.17.3,StopSig,0,4.02,nan,1,Right_Regular_(correct),Left,392,566,316,97871631,nan,nan,nan
9/29/2026 19:12:14,1.17.3,StopSig,0,4.02,1,1,Pellet,Left,392,566,317,97871631,0.22,15,nan
9/29/2026 19:12:34,1.17.3,StopSig,0,4.02,nan,1,>Left_Regular_trial,Left,393,566,317,97892069,nan,nan,nan
9/29/2026 19:12:35,1.17.3,StopSig,0,4.02,nan,1,Right_Regular_(correct),Left,393,567,317,97893071,nan,nan,nan
9/29/2026 19:12:36,1.17.3,StopSig,0,4.01,2,1,Pellet,Left,393,567,318,97893071,0.05,22,nan
9/29/2026 19:44:46,1.17.3,StopSig,0,4.01,nan,1,Right_no_left,Left,393,568,318,97893071,nan,nan,nan
9/29/2026 19:44:48,1.17.3,StopSig,0,4.01,nan,1,Right_no_left,Left,393,569,318,99824679,nan,nan,nan
9/29/2026 19:44:52,1.17.3,StopSig,0,4.02,nan,1,>Left_Regular_trial,Left,394,569,318,99829790,nan,nan,nan
9/29/2026 19:44:52,1.17.3,StopSig,0,4.02,nan,1,Right_Regular_(correct),Left,394,570,318,99830803,nan,nan,nan
9/29/2026 19:44:53,1.17.3,StopSig,0,4.01,1,1,Pellet,Left,394,570,319,99830803,0.22,1937,nan
9/29/2026 19:45:09,1.17.3,StopSig,0,4.02,nan,1,Right_no_left,Left,394,571,319,99830803,nan,nan,nan
9/29/2026 19:45:10,1.17.3,StopSig,0,4.02,nan,1,Right_no_left,Left,394,572,319,99847848,nan,nan,nan
9/29/2026 19:45:11,1.17.3,StopSig,0,4.02,nan,1,Right_no_left,Left,394,573,319,99848556,nan,nan,nan
9/29/2026 19:45:12,1.17.3,StopSig,0,4.01,nan,1,Right_no_left,Left,394,574,319,99849836,nan,nan,nan
9/29/2026 19:45:13,1.17.3,StopSig,0,4.02,nan,1,>Left_Regular_trial,Left,395,574,319,99851545,nan,nan,nan
9/29/2026 19:45:14,1.17.3,StopSig,0,4.02,nan,1,Right_Regular_(correct),Left,395,575,319,99852420,nan,nan,nan
9/29/2026 19:45:15,1.17.3,StopSig,0,4.02,1,1,Pellet,Left,395,575,320,99852420,0.11,22,nan
9/29/2026 19:45:29,1.17.3,StopSig,0,4.02,nan,1,Right_no_left,Left,395,576,320,99852420,nan,nan,nan
9/29/2026 19:45:30,1.17.3,StopSig,0,4.02,nan,1,Right_no_left,Left,395,577,320,99867678,nan,nan,nan
9/29/2026 19:45:31,1.17.3,StopSig,0,4.02,nan,1,>Left_Regular_trial,Left,396,577,320,99869519,nan,nan,nan
9/29/2026 19:45:32,1.17.3,StopSig,0,4.01,nan,1,Right_Regular_(correct),Left,396,578,320,99870224,nan,nan,nan
9/29/2026 19:45:33,1.17.3,StopSig,0,4.02,1,1,Pellet,Left,396,578,321,99870224,0.22,18,nan
9/29/2026 19:45:56,1.17.3,StopSig,0,4.02,nan,1,Right_no_left,Left,396,579,321,99870224,nan,nan,nan
9/29/2026 19:45:57,1.17.3,StopSig,0,4.02,nan,1,>Left_Regular_trial,Left,397,579,321,99895348,nan,nan,nan
9/29/2026 19:45:58,1.17.3,StopSig,0,4.02,nan,1,Right_Regular_(correct),Left,397,580,321,99896077,nan,nan,nan
9/29/2026 19:45:59,1.17.3,StopSig,0,4.01,2,1,Pellet,Left,397,580,322,99896077,0.11,26,nan
9/29/2026 19:46:13,1.17.3,StopSig,0,4.02,nan,1,>Left_Regular_trial,Left,398,580,322,99911095,nan,nan,nan
9/29/2026 19:46:14,1.17.3,StopSig,0,4.01,nan,1,Right_Regular_(correct),Left,398,581,322,99911971,nan,nan,nan
9/29/2026 19:46:14,1.17.3,StopSig,0,4.02,1,1,Pellet,Left,398,581,323,99911971,0.16,15,nan
9/29/2026 19:46:28,1.17.3,StopSig,0,4.01,nan,1,Right_no_left,Left,398,582,323,99911971,nan,nan,nan
9/29/2026 19:46:29,1.17.3,StopSig,0,4.02,nan,1,Right_no_left,Left,398,583,323,99926852,nan,nan,nan
9/29/2026 19:46:29,1.17.3,StopSig,0,4.01,nan,1,Right_no_left,Left,398,584,323,99927129,nan,nan,nan
9/29/2026 19:46:30,1.17.3,StopSig,0,4.01,nan,1,Right_no_left,Left,398,585,323,99927981,nan,nan,nan
9/29/2026 19:46:30,1.17.3,StopSig,0,4.02,nan,1,Right_no_left,Left,398,586,323,99928271,nan,nan,nan
9/29/2026 19:46:31,1.17.3,StopSig,0,4.01,nan,1,>Left_Regular_trial,Left,399,586,323,99929696,nan,nan,nan
9/29/2026 19:46:32,1.17.3,StopSig,0,4.02,nan,1,Right_Regular_(correct),Left,399,587,323,99930701,nan,nan,nan
9/29/2026 19:46:33,1.17.3,StopSig,0,4.02,1,1,Pellet,Left,399,587,324,99930701,0.16,19,nan
9/29/2026 19:46:48,1.17.3,StopSig,0,4.01,nan,1,>Left_Stop_trial,Left,400,587,324,99945970,nan,nan,nan
9/29/2026 19:46:48,1.17.3,StopSig,0,4.01,nan,1,Right_STOP_(incorrect),Left,400,588,324,99946812,nan,nan,nan
9/29/2026 20:22:04,1.17.3,StopSig,0,4.01,nan,1,>Left_Regular_trial,Left,401,588,324,102062461,nan,nan,nan
9/29/2026 20:22:08,1.17.3,StopSig,0,4.02,nan,1,NoPoke_Regular_(incorrect),Left,401,588,324,102066286,nan,nan,nan
9/29/2026 20:22:41,1.17.3,StopSig,0,4.01,nan,1,Right_no_left,Left,401,589,324,102066286,nan,nan,nan
9/29/2026 20:34:55,1.17.3,StopSig,0,4.02,nan,1,Right_no_left,Left,401,590,324,102099980,nan,nan,nan
9/29/2026 20:34:56,1.17.3,StopSig,0,4.02,nan,1,Right_no_left,Left,401,591,324,102833934,nan,nan,nan
9/29/2026 20:48:14,1.17.3,StopSig,0,4.02,nan,1,>Left_Regular_trial,Left,402,591,324,103632665,nan,nan,nan
9/29/2026 20:48:18,1.17.3,StopSig,0,4.02,nan,1,NoPoke_Regular_(incorrect),Left,402,591,324,103636367,nan,nan,nan
9/29/2026 20:52:33,1.17.3,StopSig,0,4.01,nan,1,>Left_Stop_trial,Left,403,591,324,103891020,nan,nan,nan
9/29/2026 20:52:36,1.17.3,StopSig,0,4.01,nan,1,NoPoke_STOP_(correct),Left,403,591,324,103894340,nan,nan,nan
9/29/2026 20:52:37,1.17.3,StopSig,0,4.01,1,1,Pellet,Left,403,591,325,103894340,0.50,3964,nan
9/29/2026 20:52:53,1.17.3,StopSig,0,4.01,nan,1,>Left_Regular_trial,Left,404,591,325,103911382,nan,nan,nan
9/29/2026 20:52:56,1.17.3,StopSig,0,4.02,nan,1,Right_Regular_(correct),Left,404,592,325,103914914,nan,nan,nan
9/29/2026 20:52:57,1.17.3,StopSig,0,4.01,nan,1,RightDuringDispense,Left,404,593,325,103914914,nan,nan,0.01
9/29/2026 20:52:58,1.17.3,StopSig,0,4.01,1,1,Pellet,Left,404,593,326,103914914,0.33,21,nan
9/29/2026 20:53:11,1.17.3,StopSig,0,4.01,nan,1,>Left_Regular_trial,Left,405,593,326,103929707,nan,nan,nan
9/29/2026 20:53:15,1.17.3,StopSig,0,4.01,nan,1,NoPoke_Regular_(incorrect),Left,405,593,326,103933397,nan,nan,nan
9/29/2026 20:53:47,1.17.3,StopSig,0,4.02,nan,1,>Left_Regular_trial,Left,406,593,326,103965411,nan,nan,nan
9/29/2026 20:53:51,1.17.3,StopSig,0,4.01,nan,1,NoPoke_Regular_(incorrect),Left,406,593,326,103969386,nan,nan,nan
9/29/2026 20:54:37,1.17.3,StopSig,0,4.01,nan,1,>Left_Regular_trial,Left,407,593,326,104015569,nan,nan,nan
9/29/2026 20:54:40,1.17.3,StopSig,0,4.01,nan,1,Right_Regular_(correct),Left,407,594,326,104018395,nan,nan,nan
9/29/2026 20:54:41,1.17.3,StopSig,0,4.01,1,1,Pellet,Left,407,594,327,104018395,0.22,103,nan
9/29/2026 20:54:55,1.17.3,StopSig,0,4.01,nan,1,>Left_Regular_trial,Left,408,594,327,104033540,nan,nan,nan
9/29/2026 20:54:57,1.17.3,StopSig,0,4.01,nan,1,Right_Regular_(correct),Left,408,595,327,104036082,nan,nan,nan
9/29/2026 20:54:58,1.17.3,StopSig,0,4.01,1,1,Pellet,Left,408,595,328,104036082,0.22,17,nan
9/29/2026 20:55:11,1.17.3,StopSig,0,4.01,nan,1,Right_no_left,Left,408,596,328,104036082,nan,nan,nan
9/29/2026 20:55:13,1.17.3,StopSig,0,4.01,nan,1,Right_no_left,Left,408,597,328,104050180,nan,nan,nan
9/29/2026 20:55:14,1.17.3,StopSig,0,4.01,nan,1,>Left_Regular_trial,Left,409,597,328,104052445,nan,nan,nan
9/29/2026 20:55:15,1.17.3,StopSig,0,4.02,nan,1,Right_Regular_(correct),Left,409,598,328,104053444,nan,nan,nan
9/29/2026 20:55:16,1.17.3,StopSig,0,4.02,1,1,Pellet,Left,409,598,329,104053444,0.27,18,nan
9/29/2026 20:55:31,1.17.3,StopSig,0,4.01,nan,1,>Left_Stop_trial,Left,410,598,329,104069123,nan,nan,nan
9/29/2026 20:55:34,1.17.3,StopSig,0,4.02,nan,1,NoPoke_STOP_(correct),Left,410,598,329,104072431,nan,nan,nan
9/29/2026 20:55:35,1.17.3,StopSig,0,4.01,1,1,Pellet,Left,410,598,330,104072431,0.78,19,nan
9/29/2026 20:55:56,1.17.3,StopSig,0,4.01,nan,1,>Left_Regular_trial,Left,411,598,330,104094961,nan,nan,nan
9/29/2026 20:56:00,1.17.3,StopSig,0,4.01,nan,1,NoPoke_Regular_(incorrect),Left,411,598,330,104098356,nan,nan,nan
9/29/2026 20:56:34,1.17.3,StopSig,0,4.02,nan,1,>Left_Regular_trial,Left,412,598,330,104132208,nan,nan,nan
9/29/2026 20:56:38,1.17.3,StopSig,0,4.01,nan,1,NoPoke_Regular_(incorrect),Left,412,598,330,104136454,nan,nan,nan
9/29/2026 21:07:25,1.17.3,StopSig,0,4.01,nan,1,>Left_Regular_trial,Left,413,598,330,104783272,nan,nan,nan
9/29/2026 21:07:29,1.17.3,StopSig,0,4.02,nan,1,NoPoke_Regular_(incorrect),Left,413,598,330,104787384,nan,nan,nan
9/29/2026 21:08:24,1.17.3,StopSig,0,4.02,nan,1,>Left_Stop_trial,Left,414,598,330,104842758,nan,nan,nan
9/29/2026 21:08:28,1.17.3,StopSig,0,4.01,nan,1,NoPoke_STOP_(correct),Left,414,598,330,104846465,nan,nan,nan
9/29/2026 21:08:31,1.17.3,StopSig,0,4.01,2,1,Pellet,Left,414,598,331,104846465,0.72,776,nan
9/29/2026 21:08:47,1.17.3,StopSig,0,4.01,nan,1,>Left_Stop_trial,Left,415,598,331,104864807,nan,nan,nan
9/29/2026 21:08:50,1.17.3,StopSig,0,4.01,nan,1,NoPoke_STOP_(correct),Left,415,598,331,104868499,nan,nan,nan
9/29/2026 21:08:51,1.17.3,StopSig,0,4.01,1,1,Pellet,Left,415,598,332,104868499,0.27,20,nan
9/29/2026 21:09:13,1.17.3,StopSig,0,4.02,nan,1,>Left_Regular_trial,Left,416,598,332,104891665,nan,nan,nan
9/29/2026 21:09:14,1.17.3,StopSig,0,4.01,nan,1,Right_Regular_(correct),Left,416,599,332,104893086,nan,nan,nan
9/29/2026 21:09:15,1.17.3,StopSig,0,4.01,nan,1,RightDuringDispense,Left,416,600,332,104893086,nan,nan,0.05
9/29/2026 21:09:16,1.17.3,StopSig,0,4.01,1,1,Pellet,Left,416,600,333,104893086,0.11,25,nan
9/29/2026 21:09:30,1.17.3,StopSig,0,4.01,nan,1,Right_no_left,Left,416,601,333,104893086,nan,nan,nan
9/29/2026 21:09:31,1.17.3,StopSig,0,4.01,nan,1,Right_no_left,Left,416,602,333,104908573,nan,nan,nan
9/29/2026 21:09:31,1.17.3,StopSig,0,4.01,nan,1,Right_no_left,Left,416,603,333,104909698,nan,nan,nan
9/29/2026 21:09:33,1.17.3,StopSig,0,4.01,nan,1,>Left_Regular_trial,Left,417,603,333,104911530,nan,nan,nan
9/29/2026 21:09:34,1.17.3,StopSig,0,4.01,nan,1,Right_Regular_(correct),Left,417,604,333,104912655,nan,nan,nan
9/29/2026 21:09:35,1.17.3,StopSig,0,4.01,1,1,Pellet,Left,417,604,334,104912655,0.05,19,nan
9/29/2026 21:09:48,1.17.3,StopSig,0,4.01,nan,1,Right_no_left,Left,417,605,334,104912655,nan,nan,nan
9/29/2026 21:09:49,1.17.3,StopSig,0,4.01,nan,1,Right_no_left,Left,417,606,334,104926713,nan,nan,nan
9/29/2026 21:09:51,1.17.3,StopSig,0,4.01,nan,1,>Left_Regular_trial,Left,418,606,334,104929676,nan,nan,nan
9/29/2026 21:09:52,1.17.3,StopSig,0,4.01,nan,1,Right_Regular_(correct),Left,418,607,334,104930660,nan,nan,nan
9/29/2026 21:09:53,1.17.3,StopSig,0,4.01,2,1,Pellet,Left,418,607,335,104930660,0.33,18,nan
9/29/2026 21:10:04,1.17.3,StopSig,0,4.01,nan,1,>Left_Regular_trial,Left,419,607,335,104942951,nan,nan,nan
9/29/2026 21:10:05,1.17.3,StopSig,0,4.01,nan,1,Right_Regular_(correct),Left,419,608,335,104943651,nan,nan,nan
9/29/2026 21:10:06,1.17.3,StopSig,0,4.01,1,1,Pellet,Left,419,608,336,104943651,0.22,13,nan
9/29/2026 21:11:00,1.17.3,StopSig,0,4.01,nan,1,>Left_Stop_trial,Left,420,608,336,104998635,nan,nan,nan
9/29/2026 21:11:04,1.17.3,StopSig,0,4.01,nan,1,NoPoke_STOP_(correct),Left,420,608,336,105002448,nan,nan,nan
9/29/2026 21:11:05,1.17.3,StopSig,0,4.01,1,1,Pellet,Left,420,608,337,105002448,0.44,59,nan
9/29/2026 21:29:05,1.17.3,StopSig,0,4.01,nan,1,>Left_Regular_trial,Left,421,608,337,106083729,nan,nan,nan
9/29/2026 21:29:09,1.17.3,StopSig,0,4.01,nan,1,NoPoke_Regular_(incorrect),Left,421,608,337,106087578,nan,nan,nan
9/29/2026 21:29:40,1.17.3,StopSig,0,4.01,nan,1,>Left_Regular_trial,Left,422,608,337,106119045,nan,nan,nan
9/29/2026 21:29:43,1.17.3,StopSig,0,4.01,nan,1,Right_Regular_(correct),Left,422,609,337,106121330,nan,nan,nan
9/29/2026 21:29:53,1.17.3,StopSig,0,4.01,2,1,Pellet,Left,422,609,338,106121330,8.16,1128,nan
9/29/2026 21:30:08,1.17.3,StopSig,0,4.02,nan,1,>Left_Stop_trial,Left,423,609,338,106146585,nan,nan,nan
9/29/2026 21:30:12,1.17.3,StopSig,0,4.01,nan,1,NoPoke_STOP_(correct),Left,423,609,338,106150475,nan,nan,nan
9/29/2026 21:30:13,1.17.3,StopSig,0,4.01,1,1,Pellet,Left,423,609,339,106150475,0.27,20,nan
9/29/2026 21:30:28,1.17.3,StopSig,0,4.01,nan,1,>Left_Stop_trial,Left,424,609,339,106166421,nan,nan,nan
9/29/2026 21:30:29,1.17.3,StopSig,0,4.02,nan,1,Right_STOP_(incorrect),Left,424,610,339,106167455,nan,nan,nan
9/29/2026 21:30:59,1.17.3,StopSig,0,4.01,nan,1,>Left_Regular_trial,Left,425,610,339,106197776,nan,nan,nan
9/29/2026 21:31:03,1.17.3,StopSig,0,4.01,nan,1,NoPoke_Regular_(incorrect),Left,425,610,339,106201484,nan,nan,nan
9/29/2026 21:48:34,1.17.3,StopSig,0,4.01,nan,1,>Left_Stop_trial,Left,426,610,339,107251968,nan,nan,nan
9/29/2026 21:48:37,1.17.3,StopSig,0,4.01,nan,1,NoPoke_STOP_(correct),Left,426,610,339,107255555,nan,nan,nan
9/29/2026 21:48:38,1.17.3,StopSig,0,4.01,1,1,Pellet,Left,426,610,340,107255555,0.66,1105,nan
9/29/2026 21:48:53,1.17.3,StopSig,0,4.01,nan,1,>Left_Regular_trial,Left,427,610,340,107272171,nan,nan,nan
9/29/2026 21:48:55,1.17.3,StopSig,0,4.01,nan,1,Right_Regular_(correct),Left,427,611,340,107273446,nan,nan,nan
9/29/2026 21:48:55,1.17.3,StopSig,0,4.01,1,1,Pellet,Left,427,611,341,107273446,0.11,17,nan
9/29/2026 21:49:08,1.17.3,StopSig,0,4.01,nan,1,>Left_Stop_trial,Left,428,611,341,107285819,nan,nan,nan
9/29/2026 21:49:08,1.17.3,StopSig,0,4.01,nan,1,Right_STOP_(incorrect),Left,428,612,341,107286866,nan,nan,nan
9/29/2026 21:49:38,1.17.3,StopSig,0,4.01,nan,1,>Left_Regular_trial,Left,429,612,341,107317201,nan,nan,nan
9/29/2026 21:49:41,1.17.3,StopSig,0,4.01,nan,1,Right_Regular_(correct),Left,429,613,341,107319909,nan,nan,nan
9/29/2026 21:49:42,1.17.3,StopSig,0,4.01,nan,1,RightDuringDispense,Left,429,614,341,107319909,nan,nan,0.25
9/29/2026 21:49:43,1.17.3,StopSig,0,4.01,1,1,Pellet,Left,429,614,342,107319909,0.55,48,nan
9/29/2026 21:49:58,1.17.3,StopSig,0,4.01,nan,1,>Left_Regular_trial,Left,430,614,342,107337243,nan,nan,nan
9/29/2026 21:49:59,1.17.3,StopSig,0,4.01,nan,1,Right_Regular_(correct),Left,430,615,342,107338234,nan,nan,nan
9/29/2026 21:50:00,1.17.3,StopSig,0,4.01,2,1,Pellet,Left,430,615,343,107338234,0.05,17,nan
9/29/2026 21:50:14,1.17.3,StopSig,0,4.00,nan,1,>Left_Regular_trial,Left,431,615,343,107352316,nan,nan,nan
9/29/2026 21:50:14,1.17.3,StopSig,0,4.01,nan,1,Right_Regular_(correct),Left,431,616,343,107353190,nan,nan,nan
9/29/2026 21:50:15,1.17.3,StopSig,0,4.01,1,1,Pellet,Left,431,616,344,107353190,0.05,15,nan
9/29/2026 21:50:27,1.17.3,StopSig,0,4.01,nan,1,Right_no_left,Left,431,617,344,107353190,nan,nan,nan
9/29/2026 21:50:28,1.17.3,StopSig,0,4.00,nan,1,Right_no_left,Left,431,618,344,107366354,nan,nan,nan
9/29/2026 21:50:29,1.17.3,StopSig,0,4.01,nan,1,Right_no_left,Left,431,619,344,107367219,nan,nan,nan
9/29/2026 21:50:29,1.17.3,StopSig,0,4.00,nan,1,Right_no_left,Left,431,620,344,107368206,nan,nan,nan
9/29/2026 21:50:31,1.17.3,StopSig,0,4.01,nan,1,>Left_Stop_trial,Left,432,620,344,107369476,nan,nan,nan
9/29/2026 21:50:32,1.17.3,StopSig,0,4.01,nan,1,Right_STOP_(incorrect),Left,432,621,344,107370409,nan,nan,nan
9/29/2026 21:51:11,1.17.3,StopSig,0,4.01,nan,1,>Left_Regular_trial,Left,433,621,344,107410040,nan,nan,nan
9/29/2026 21:51:12,1.17.3,StopSig,0,4.01,nan,1,Right_Regular_(correct),Left,433,622,344,107410899,nan,nan,nan
9/29/2026 21:51:13,1.17.3,StopSig,0,4.01,1,1,Pellet,Left,433,622,345,107410899,0.22,58,nan
9/29/2026 22:01:53,1.17.3,StopSig,0,4.01,nan,1,>Left_Regular_trial,Left,434,622,345,108051674,nan,nan,nan
9/29/2026 22:01:57,1.17.3,StopSig,0,4.00,nan,1,NoPoke_Regular_(incorrect),Left,434,622,345,108055668,nan,nan,nan
9/29/2026 22:05:19,1.17.3,StopSig,0,4.00,nan,1,>Left_Regular_trial,Left,435,622,345,108257542,nan,nan,nan
9/29/2026 22:05:23,1.17.3,StopSig,0,4.01,nan,1,NoPoke_Regular_(incorrect),Left,435,622,345,108261675,nan,nan,nan
9/29/2026 22:24:13,1.17.3,StopSig,0,4.01,nan,1,Right_no_left,Left,435,623,345,108261675,nan,nan,nan
9/29/2026 22:28:06,1.17.3,StopSig,0,4.01,nan,1,>Left_Stop_trial,Left,436,623,345,109624828,nan,nan,nan
9/29/2026 22:28:10,1.17.3,StopSig,0,4.00,nan,1,NoPoke_STOP_(correct),Left,436,623,345,109628840,nan,nan,nan
9/29/2026 22:28:11,1.17.3,StopSig,0,4.00,2,1,Pellet,Left,436,623,346,109628840,0.55,2218,nan
9/29/2026 22:28:27,1.17.3,StopSig,0,4.01,nan,1,>Left_Regular_trial,Left,437,623,346,109645844,nan,nan,nan
9/29/2026 22:28:31,1.17.3,StopSig,0,4.01,nan,1,NoPoke_Regular_(incorrect),Left,437,623,346,109649834,nan,nan,nan
9/29/2026 22:29:03,1.17.3,StopSig,0,4.01,nan,1,Right_no_left,Left,437,624,346,109649834,nan,nan,nan
9/29/2026 22:29:04,1.17.3,StopSig,0,4.00,nan,1,Right_no_left,Left,437,625,346,109682158,nan,nan,nan
9/29/2026 22:29:11,1.17.3,StopSig,0,4.00,nan,1,Right_no_left,Left,437,626,346,109683149,nan,nan,nan
9/29/2026 22:29:13,1.17.3,StopSig,0,4.01,nan,1,>Left_Regular_trial,Left,438,626,346,109692362,nan,nan,nan
9/29/2026 22:29:14,1.17.3,StopSig,0,4.01,nan,1,Right_Regular_(correct),Left,438,627,346,109693220,nan,nan,nan
9/29/2026 22:29:15,1.17.3,StopSig,0,4.01,2,1,Pellet,Left,438,627,347,109693220,0.05,64,nan
9/29/2026 22:29:33,1.17.3,StopSig,0,4.01,nan,1,>Left_Stop_trial,Left,439,627,347,109711046,nan,nan,nan
9/29/2026 22:29:33,1.17.3,StopSig,0,4.00,nan,1,Right_STOP_(incorrect),Left,439,628,347,109711831,nan,nan,nan
9/29/2026 22:30:04,1.17.3,StopSig,0,4.01,nan,1,>Left_Stop_trial,Left,440,628,347,109742131,nan,nan,nan
9/29/2026 22:30:07,1.17.3,StopSig,0,4.01,nan,1,NoPoke_STOP_(correct),Left,440,628,347,109745818,nan,nan,nan
9/29/2026 22:30:08,1.17.3,StopSig,0,4.00,1,1,Pellet,Left,440,628,348,109745818,0.44,53,nan
9/29/2026 22:30:21,1.17.3,StopSig,0,4.01,nan,1,Right_no_left,Left,440,629,348,109745818,nan,nan,nan
9/29/2026 22:30:24,1.17.3,StopSig,0,4.00,nan,1,Right_no_left,Left,440,630,348,109760695,nan,nan,nan
9/29/2026 22:30:25,1.17.3,StopSig,0,4.01,nan,1,>Left_Regular_trial,Left,441,630,348,109763955,nan,nan,nan
9/29/2026 22:30:26,1.17.3,StopSig,0,4.01,nan,1,Right_Regular_(correct),Left,441,631,348,109764808,nan,nan,nan
9/29/2026 22:30:27,1.17.3,StopSig,0,4.01,2,1,Pellet,Left,441,631,349,109764808,0.27,19,nan
9/29/2026 22:30:42,1.17.3,StopSig,0,4.00,nan,1,>Left_Regular_trial,Left,442,631,349,109780484,nan,nan,nan
9/29/2026 22:30:42,1.17.3,StopSig,0,4.01,nan,1,Right_Regular_(correct),Left,442,632,349,109781484,nan,nan,nan
9/29/2026 22:30:43,1.17.3,StopSig,0,4.01,1,1,Pellet,Left,442,632,350,109781484,0.05,16,nan
9/29/2026 22:30:56,1.17.3,StopSig,0,4.01,nan,1,>Left_Regular_trial,Left,443,632,350,109794977,nan,nan,nan
9/29/2026 22:30:57,1.17.3,StopSig,0,4.01,nan,1,Right_Regular_(correct),Left,443,633,350,109795679,nan,nan,nan
9/29/2026 22:30:57,1.17.3,StopSig,0,4.01,1,1,Pellet,Left,443,633,351,109795679,0.16,14,nan
9/29/2026 22:31:19,1.17.3,StopSig,0,4.01,nan,1,>Left_Regular_trial,Left,444,633,351,109818022,nan,nan,nan
9/29/2026 22:31:20,1.17.3,StopSig,0,4.01,nan,1,Right_Regular_(correct),Left,444,634,351,109818877,nan,nan,nan
9/29/2026 22:31:21,1.17.3,StopSig,0,4.00,1,1,Pellet,Left,444,634,352,109818877,0.22,24,nan
9/29/2026 22:33:25,1.17.3,StopSig,0,4.01,nan,1,Right_no_left,Left,444,635,352,109818877,nan,nan,nan
9/29/2026 22:33:27,1.17.3,StopSig,0,4.00,nan,1,>Left_Regular_trial,Left,445,635,352,109946215,nan,nan,nan
9/29/2026 22:33:31,1.17.3,StopSig,0,4.01,nan,1,NoPoke_Regular_(incorrect),Left,445,635,352,109949760,nan,nan,nan
9/29/2026 22:40:29,1.17.3,StopSig,0,4.00,nan,1,>Left_Regular_trial,Left,446,635,352,110368074,nan,nan,nan
9/29/2026 22:40:33,1.17.3,StopSig,0,4.00,nan,1,NoPoke_Regular_(incorrect),Left,446,635,352,110371893,nan,nan,nan
9/29/2026 22:41:07,1.17.3,StopSig,0,4.00,nan,1,>Left_Regular_trial,Left,447,635,352,110406441,nan,nan,nan
9/29/2026 22:41:10,1.17.3,StopSig,0,4.01,nan,1,Right_Regular_(correct),Left,447,636,352,110409547,nan,nan,nan
9/29/2026 22:41:12,1.17.3,StopSig,0,4.01,1,1,Pellet,Left,447,636,353,110409547,0.66,591,nan
9/29/2026 22:41:28,1.17.3,StopSig,0,4.01,nan,1,>Left_Regular_trial,Left,448,636,353,110427159,nan,nan,nan
9/29/2026 22:41:30,1.17.3,StopSig,0,4.00,nan,1,Right_Regular_(correct),Left,448,637,353,110429282,nan,nan,nan
9/29/2026 22:41:31,1.17.3,StopSig,0,4.01,1,1,Pellet,Left,448,637,354,110429282,0.27,19,nan
9/29/2026 22:41:48,1.17.3,StopSig,0,4.01,nan,1,Right_no_left,Left,448,638,354,110429282,nan,nan,nan
9/29/2026 22:41:51,1.17.3,StopSig,0,4.00,nan,1,Right_no_left,Left,448,639,354,110447589,nan,nan,nan
9/29/2026 22:41:55,1.17.3,StopSig,0,4.01,nan,1,>Left_Regular_trial,Left,449,639,354,110454236,nan,nan,nan
9/29/2026 22:41:56,1.17.3,StopSig,0,4.01,nan,1,Right_Regular_(correct),Left,449,640,354,110455503,nan,nan,nan
9/29/2026 22:41:57,1.17.3,StopSig,0,4.00,1,1,Pellet,Left,449,640,355,110455503,0.27,26,nan
9/29/2026 22:43:25,1.17.3,StopSig,0,4.01,nan,1,>Left_Regular_trial,Left,450,640,355,110543655,nan,nan,nan
9/29/2026 22:43:29,1.17.3,StopSig,0,4.01,nan,1,NoPoke_Regular_(incorrect),Left,450,640,355,110547902,nan,nan,nan
9/29/2026 22:54:44,1.17.3,StopSig,0,4.01,nan,1,Right_no_left,Left,450,641,355,110547902,nan,nan,nan
9/29/2026 22:54:51,1.17.3,StopSig,0,4.01,nan,1,Right_no_left,Left,450,642,355,111222892,nan,nan,nan
9/29/2026 22:58:53,1.17.3,StopSig,0,4.01,nan,1,Right_no_left,Left,450,643,355,111229821,nan,nan,nan
9/29/2026 22:58:54,1.17.3,StopSig,0,4.00,nan,1,Right_no_left,Left,450,644,355,111472756,nan,nan,nan
9/29/2026 22:58:56,1.17.3,StopSig,0,4.01,nan,1,>Left_Regular_trial,Left,451,644,355,111475020,nan,nan,nan
9/29/2026 22:58:57,1.17.3,StopSig,0,4.00,nan,1,Right_Regular_(correct),Left,451,645,355,111476146,nan,nan,nan
9/29/2026 22:58:58,1.17.3,StopSig,0,4.01,2,1,Pellet,Left,451,645,356,111476146,0.22,1021,nan
9/29/2026 22:59:12,1.17.3,StopSig,0,4.00,nan,1,Right_no_left,Left,451,646,356,111476146,nan,nan,nan
9/29/2026 22:59:13,1.17.3,StopSig,0,4.00,nan,1,Right_no_left,Left,451,647,356,111491304,nan,nan,nan
9/29/2026 22:59:14,1.17.3,StopSig,0,4.01,nan,1,>Left_Regular_trial,Left,452,647,356,111493287,nan,nan,nan
9/29/2026 22:59:15,1.17.3,StopSig,0,4.00,nan,1,Right_Regular_(correct),Left,452,648,356,111494132,nan,nan,nan
9/29/2026 22:59:16,1.17.3,StopSig,0,4.00,1,1,Pellet,Left,452,648,357,111494132,0.11,18,nan
9/29/2026 22:59:30,1.17.3,StopSig,0,4.01,nan,1,>Left_Regular_trial,Left,453,648,357,111509161,nan,nan,nan
9/29/2026 22:59:31,1.17.3,StopSig,0,4.00,nan,1,Right_Regular_(correct),Left,453,649,357,111509724,nan,nan,nan
9/29/2026 22:59:31,1.17.3,StopSig,0,4.01,1,1,Pellet,Left,453,649,358,111509724,0.16,15,nan
9/29/2026 22:59:47,1.17.3,StopSig,0,4.01,nan,1,>Left_Regular_trial,Left,454,649,358,111525668,nan,nan,nan
9/29/2026 22:59:47,1.17.3,StopSig,0,4.01,nan,1,Right_Regular_(correct),Left,454,650,358,111526370,nan,nan,nan
9/29/2026 22:59:48,1.17.3,StopSig,0,4.01,2,1,Pellet,Left,454,650,359,111526370,0.05,17,nan
9/29/2026 23:00:08,1.17.3,StopSig,0,4.00,nan,1,>Left_Regular_trial,Left,455,650,359,111546562,nan,nan,nan
9/29/2026 23:00:08,1.17.3,StopSig,0,4.01,nan,1,Right_Regular_(correct),Left,455,651,359,111547417,nan,nan,nan
9/29/2026 23:00:18,1.17.3,StopSig,0,4.01,2,1,Pellet,Left,455,651,360,111547417,6.49,29,nan
9/29/2026 23:09:27,1.17.3,StopSig,0,4.00,nan,1,Right_no_left,Left,455,652,360,111547417,nan,nan,nan
9/29/2026 23:09:27,1.17.3,StopSig,0,4.01,nan,1,Right_no_left,Left,455,653,360,112105970,nan,nan,nan
9/29/2026 23:09:28,1.17.3,StopSig,0,4.01,nan,1,Right_no_left,Left,455,654,360,112106277,nan,nan,nan
9/29/2026 23:09:29,1.17.3,StopSig,0,4.01,nan,1,>Left_Regular_trial,Left,456,654,360,112108561,nan,nan,nan
9/29/2026 23:09:30,1.17.3,StopSig,0,4.00,nan,1,Right_Regular_(correct),Left,456,655,360,112109553,nan,nan,nan
9/29/2026 23:09:31,1.17.3,StopSig,0,4.00,1,1,Pellet,Left,456,655,361,112109553,0.22,554,nan
9/29/2026 23:09:45,1.17.3,StopSig,0,4.00,nan,1,Right_no_left,Left,456,656,361,112109553,nan,nan,nan
9/29/2026 23:09:46,1.17.3,StopSig,0,4.00,nan,1,Right_no_left,Left,456,657,361,112124459,nan,nan,nan
9/29/2026 23:09:47,1.17.3,StopSig,0,4.01,nan,1,>Left_Stop_trial,Left,457,657,361,112126167,nan,nan,nan
9/29/2026 23:09:48,1.17.3,StopSig,0,4.01,nan,1,Right_STOP_(incorrect),Left,457,658,361,112127014,nan,nan,nan
9/29/2026 23:10:26,1.17.3,StopSig,0,4.01,nan,1,Right_no_left,Left,457,659,361,112127014,nan,nan,nan
9/29/2026 23:10:27,1.17.3,StopSig,0,4.00,nan,1,Right_no_left,Left,457,660,361,112165293,nan,nan,nan
9/29/2026 23:10:27,1.17.3,StopSig,0,4.01,nan,1,Right_no_left,Left,457,661,361,112166009,nan,nan,nan
9/29/2026 23:10:27,1.17.3,StopSig,0,4.01,nan,1,Right_no_left,Left,457,662,361,112166456,nan,nan,nan
9/29/2026 23:10:29,1.17.3,StopSig,0,4.00,nan,1,>Left_Regular_trial,Left,458,662,361,112167870,nan,nan,nan
9/29/2026 23:10:29,1.17.3,StopSig,0,4.01,nan,1,Right_Regular_(correct),Left,458,663,361,112168574,nan,nan,nan
9/29/2026 23:10:30,1.17.3,StopSig,0,4.01,1,1,Pellet,Left,458,663,362,112168574,0.27,59,nan
9/29/2026 23:10:36,1.17.3,StopSig,0,4.00,nan,1,>Left_Stop_trial,Left,459,663,362,112174597,nan,nan,nan
9/29/2026 23:10:36,1.17.3,StopSig,0,4.00,nan,1,Right_STOP_(incorrect),Left,459,664,362,112175365,nan,nan,nan
9/29/2026 23:27:04,1.17.3,StopSig,0,4.00,nan,1,Right_no_left,Left,459,665,362,112175365,nan,nan,nan
9/29/2026 23:27:06,1.17.3,StopSig,0,4.01,nan,1,Right_no_left,Left,459,666,362,113163900,nan,nan,nan
9/29/2026 23:27:07,1.17.3,StopSig,0,4.00,nan,1,Right_no_left,Left,459,667,362,113165907,nan,nan,nan
9/29/2026 23:27:09,1.17.3,StopSig,0,4.01,nan,1,>Left_Regular_trial,Left,460,667,362,113168337,nan,nan,nan
9/29/2026 23:27:10,1.17.3,StopSig,0,4.00,nan,1,Right_Regular_(correct),Left,460,668,362,113169347,nan,nan,nan
9/29/2026 23:27:11,1.17.3,StopSig,0,4.01,1,1,Pellet,Left,460,668,363,113169347,0.22,1001,nan
9/29/2026 23:27:23,1.17.3,StopSig,0,4.00,nan,1,>Left_Regular_trial,Left,461,668,363,113182398,nan,nan,nan
9/29/2026 23:27:24,1.17.3,StopSig,0,4.00,nan,1,Right_Regular_(correct),Left,461,669,363,113183388,nan,nan,nan
9/29/2026 23:27:25,1.17.3,StopSig,0,4.00,1,1,Pellet,Left,461,669,364,113183388,0.16,14,nan
9/29/2026 23:27:38,1.17.3,StopSig,0,4.00,nan,1,>Left_Regular_trial,Left,462,669,364,113196673,nan,nan,nan
9/29/2026 23:27:38,1.17.3,StopSig,0,4.00,nan,1,Right_Regular_(correct),Left,462,670,364,113197547,nan,nan,nan
9/29/2026 23:27:39,1.17.3,StopSig,0,4.00,2,1,Pellet,Left,462,670,365,113197547,0.05,14,nan
9/29/2026 23:27:50,1.17.3,StopSig,0,4.01,nan,1,>Left_Regular_trial,Left,463,670,365,113209152,nan,nan,nan
9/29/2026 23:27:51,1.17.3,StopSig,0,4.00,nan,1,Right_Regular_(correct),Left,463,671,365,113209883,nan,nan,nan
9/29/2026 23:27:51,1.17.3,StopSig,0,4.00,1,1,Pellet,Left,463,671,366,113209883,0.11,12,nan
9/29/2026 23:28:05,1.17.3,StopSig,0,4.00,nan,1,Right_no_left,Left,463,672,366,113209883,nan,nan,nan
9/29/2026 23:28:07,1.17.3,StopSig,0,4.01,nan,1,Right_no_left,Left,463,673,366,113224951,nan,nan,nan
9/29/2026 23:28:07,1.17.3,StopSig,0,4.00,nan,1,Right_no_left,Left,463,674,366,113226224,nan,nan,nan
9/29/2026 23:28:09,1.17.3,StopSig,0,4.00,nan,1,>Left_Regular_trial,Left,464,674,366,113227923,nan,nan,nan
9/29/2026 23:28:09,1.17.3,StopSig,0,4.00,nan,1,Right_Regular_(correct),Left,464,675,366,113228781,nan,nan,nan
9/29/2026 23:28:10,1.17.3,StopSig,0,4.00,1,1,Pellet,Left,464,675,367,113228781,0.05,19,nan
9/29/2026 23:28:26,1.17.3,StopSig,0,4.00,nan,1,>Left_Regular_trial,Left,465,675,367,113245528,nan,nan,nan
9/29/2026 23:28:27,1.17.3,StopSig,0,4.00,nan,1,Right_Regular_(correct),Left,465,676,367,113246540,nan,nan,nan
9/29/2026 23:28:35,1.17.3,StopSig,0,4.01,2,1,Pellet,Left,465,676,368,113246540,6.93,25,nan
9/29/2026 23:28:56,1.17.3,StopSig,0,4.01,nan,1,>Left_Stop_trial,Left,466,676,368,113275094,nan,nan,nan
9/29/2026 23:28:57,1.17.3,StopSig,0,4.01,nan,1,Right_STOP_(incorrect),Left,466,677,368,113275873,nan,nan,nan
9/29/2026 23:46:58,1.17.3,StopSig,0,4.00,nan,1,Right_no_left,Left,466,678,368,113275873,nan,nan,nan
9/29/2026 23:47:01,1.17.3,StopSig,0,4.00,nan,1,Right_no_left,Left,466,679,368,114357401,nan,nan,nan
9/29/2026 23:47:01,1.17.3,StopSig,0,4.00,nan,1,Right_no_left,Left,466,680,368,114360241,nan,nan,nan
9/29/2026 23:47:09,1.17.3,StopSig,0,4.01,nan,1,Right_no_left,Left,466,681,368,114360551,nan,nan,nan
9/29/2026 23:47:09,1.17.3,StopSig,0,4.00,nan,1,Right_no_left,Left,466,682,368,114368086,nan,nan,nan
9/29/2026 23:47:12,1.17.3,StopSig,0,4.00,nan,1,Right_no_left,Left,466,683,368,114368521,nan,nan,nan
9/29/2026 23:47:13,1.17.3,StopSig,0,4.01,nan,1,Right_no_left,Left,466,684,368,114371509,nan,nan,nan
9/29/2026 23:47:14,1.17.3,StopSig,0,4.00,nan,1,Right_no_left,Left,466,685,368,114372385,nan,nan,nan
9/29/2026 23:55:39,1.17.3,StopSig,0,4.00,nan,1,>Left_Regular_trial,Left,467,685,368,114878708,nan,nan,nan
9/29/2026 23:55:41,1.17.3,StopSig,0,4.00,nan,1,Right_Regular_(correct),Left,467,686,368,114879980,nan,nan,nan
9/29/2026 23:55:42,1.17.3,StopSig,0,4.01,2,1,Pellet,Left,467,686,369,114879980,0.39,1627,nan
9/29/2026 23:55:58,1.17.3,StopSig,0,4.00,nan,1,>Left_Regular_trial,Left,468,686,369,114897287,nan,nan,nan
9/29/2026 23:55:59,1.17.3,StopSig,0,4.00,nan,1,Right_Regular_(correct),Left,468,687,369,114898138,nan,nan,nan
9/29/2026 23:56:00,1.17.3,StopSig,0,4.00,2,1,Pellet,Left,468,687,370,114898138,0.05,18,nan
9/29/2026 23:56:13,1.17.3,StopSig,0,4.00,nan,1,Right_no_left,Left,468,688,370,114898138,nan,nan,nan
9/29/2026 23:56:15,1.17.3,StopSig,0,4.01,nan,1,Right_no_left,Left,468,689,370,114912279,nan,nan,nan
9/29/2026 23:56:15,1.17.3,StopSig,0,4.00,nan,1,Right_no_left,Left,468,690,370,114914271,nan,nan,nan
9/29/2026 23:56:16,1.17.3,StopSig,0,4.01,nan,1,Right_no_left,Left,468,691,370,114914984,nan,nan,nan
9/29/2026 23:56:20,1.17.3,StopSig,0,4.00,nan,1,>Left_Stop_trial,Left,469,691,370,114918671,nan,nan,nan
9/29/2026 23:56:23,1.17.3,StopSig,0,4.00,nan,1,NoPoke_STOP_(correct),Left,469,691,370,114922095,nan,nan,nan
9/29/2026 23:56:26,1.17.3,StopSig,0,4.00,2,1,Pellet,Left,469,691,371,114922095,0.16,26,nan
9/29/2026 23:56:43,1.17.3,StopSig,0,4.00,nan,1,>Left_Regular_trial,Left,470,691,371,114942534,nan,nan,nan
9/29/2026 23:56:47,1.17.3,StopSig,0,4.00,nan,1,NoPoke_Regular_(incorrect),Left,470,691,371,114946225,nan,nan,nan
9/30/2026 0:12:43,1.17.3,StopSig,0,4.00,nan,1,>Left_Regular_trial,Left,471,691,371,115902098,nan,nan,nan
9/30/2026 0:12:47,1.17.3,StopSig,0,4.00,nan,1,NoPoke_Regular_(incorrect),Left,471,691,371,115906190,nan,nan,nan
9/30/2026 0:30:15,1.17.3,StopSig,0,4.00,nan,1,Right_no_left,Left,471,692,371,115906190,nan,nan,nan
9/30/2026 0:30:19,1.17.3,StopSig,0,4.00,nan,1,Right_no_left,Left,471,693,371,116954356,nan,nan,nan
9/30/2026 0:30:26,1.17.3,StopSig,0,4.00,nan,1,>Left_Regular_trial,Left,472,693,371,116964958,nan,nan,nan
9/30/2026 0:30:28,1.17.3,StopSig,0,4.00,nan,1,Right_Regular_(correct),Left,472,694,371,116967083,nan,nan,nan
9/30/2026 0:30:28,1.17.3,StopSig,0,4.00,2,1,Pellet,Left,472,694,372,116967083,0.05,2042,nan
9/30/2026 0:30:42,1.17.3,StopSig,0,4.00,nan,1,>Left_Regular_trial,Left,473,694,372,116981737,nan,nan,nan
9/30/2026 0:30:43,1.17.3,StopSig,0,4.00,nan,1,Right_Regular_(correct),Left,473,695,372,116982591,nan,nan,nan
9/30/2026 0:30:44,1.17.3,StopSig,0,4.00,2,1,Pellet,Left,473,695,373,116982591,0.22,16,nan
9/30/2026 0:30:57,1.17.3,StopSig,0,4.00,nan,1,>Left_Regular_trial,Left,474,695,373,116995999,nan,nan,nan
9/30/2026 0:30:57,1.17.3,StopSig,0,4.00,nan,1,Right_Regular_(correct),Left,474,696,373,116996842,nan,nan,nan
9/30/2026 0:30:58,1.17.3,StopSig,0,4.00,1,1,Pellet,Left,474,696,374,116996842,0.50,14,nan
9/30/2026 0:31:17,1.17.3,StopSig,0,4.00,nan,1,>Left_Stop_trial,Left,475,696,374,117015797,nan,nan,nan
9/30/2026 0:31:20,1.17.3,StopSig,0,4.00,nan,1,NoPoke_STOP_(correct),Left,475,696,374,117019363,nan,nan,nan
9/30/2026 0:31:21,1.17.3,StopSig,0,4.00,1,1,Pellet,Left,475,696,375,117019363,0.50,23,nan
9/30/2026 0:31:39,1.17.3,StopSig,0,4.00,nan,1,>Left_Regular_trial,Left,476,696,375,117038284,nan,nan,nan
9/30/2026 0:31:42,1.17.3,StopSig,0,4.00,nan,1,Right_Regular_(correct),Left,476,697,375,117041404,nan,nan,nan
9/30/2026 0:31:43,1.17.3,StopSig,0,4.00,1,1,Pellet,Left,476,697,376,117041404,0.16,22,nan
9/30/2026 0:32:11,1.17.3,StopSig,0,4.00,nan,1,>Left_Regular_trial,Left,477,697,376,117070636,nan,nan,nan
9/30/2026 0:32:12,1.17.3,StopSig,0,4.01,nan,1,Right_Regular_(correct),Left,477,698,376,117071478,nan,nan,nan
9/30/2026 0:32:13,1.17.3,StopSig,0,4.00,1,1,Pellet,Left,477,698,377,117071478,0.11,30,nan
9/30/2026 0:32:28,1.17.3,StopSig,0,4.00,nan,1,>Left_Regular_trial,Left,478,698,377,117087099,nan,nan,nan
9/30/2026 0:32:28,1.17.3,StopSig,0,4.00,nan,1,Right_Regular_(correct),Left,478,699,377,117087942,nan,nan,nan
9/30/2026 0:32:29,1.17.3,StopSig,0,4.00,1,1,Pellet,Left,478,699,378,117087942,0.22,16,nan
9/30/2026 0:32:43,1.17.3,StopSig,0,4.00,nan,1,>Left_Regular_trial,Left,479,699,378,117102596,nan,nan,nan
9/30/2026 0:32:44,1.17.3,StopSig,0,4.00,nan,1,Right_Regular_(correct),Left,479,700,378,117103587,nan,nan,nan
9/30/2026 0:32:45,1.17.3,StopSig,0,4.00,2,1,Pellet,Left,479,700,379,117103587,0.11,16,nan
9/30/2026 0:32:57,1.17.3,StopSig,0,4.00,nan,1,>Left_Regular_trial,Left,480,700,379,117116121,nan,nan,nan
9/30/2026 0:32:57,1.17.3,StopSig,0,4.00,nan,1,Right_Regular_(correct),Left,480,701,379,117116972,nan,nan,nan
9/30/2026 0:32:58,1.17.3,StopSig,0,4.00,1,1,Pellet,Left,480,701,380,117116972,0.11,13,nan
9/30/2026 0:47:13,1.17.3,StopSig,0,4.00,nan,1,>Left_Regular_trial,Left,481,701,380,117972788,nan,nan,nan
9/30/2026 0:47:17,1.17.3,StopSig,0,4.00,nan,1,NoPoke_Regular_(incorrect),Left,481,701,380,117976318,nan,nan,nan
9/30/2026 0:48:25,1.17.3,StopSig,0,4.00,nan,1,>Left_Regular_trial,Left,482,701,380,118044673,nan,nan,nan
9/30/2026 0:48:26,1.17.3,StopSig,0,4.00,nan,1,Right_Regular_(correct),Left,482,702,380,118045661,nan,nan,nan
9/30/2026 0:48:27,1.17.3,StopSig,0,4.00,1,1,Pellet,Left,482,702,381,118045661,0.44,929,nan
9/30/2026 0:48:44,1.17.3,StopSig,0,4.00,nan,1,>Left_Stop_trial,Left,483,702,381,118062964,nan,nan,nan
9/30/2026 0:48:47,1.17.3,StopSig,0,4.00,nan,1,NoPoke_STOP_(correct),Left,483,702,381,118066323,nan,nan,nan
9/30/2026 0:48:48,1.17.3,StopSig,0,4.00,2,1,Pellet,Left,483,702,382,118066323,0.83,21,nan
9/30/2026 0:49:04,1.17.3,StopSig,0,4.00,nan,1,>Left_Regular_trial,Left,484,702,382,118083287,nan,nan,nan
9/30/2026 0:49:05,1.17.3,StopSig,0,4.00,nan,1,Right_Regular_(correct),Left,484,703,382,118084555,nan,nan,nan
9/30/2026 0:49:16,1.17.3,StopSig,0,4.00,2,1,Pellet,Left,484,703,383,118084555,8.05,28,nan
9/30/2026 0:50:48,1.17.3,StopSig,0,4.00,nan,1,>Left_Regular_trial,Left,485,703,383,118188011,nan,nan,nan
9/30/2026 0:50:52,1.17.3,StopSig,0,4.00,nan,1,NoPoke_Regular_(incorrect),Left,485,703,383,118191405,nan,nan,nan
9/30/2026 0:51:36,1.17.3,StopSig,0,4.00,nan,1,>Left_Stop_trial,Left,486,703,383,118235170,nan,nan,nan
9/30/2026 0:51:39,1.17.3,StopSig,0,4.00,nan,1,NoPoke_STOP_(correct),Left,486,703,383,118238345,nan,nan,nan
9/30/2026 0:51:40,1.17.3,StopSig,0,4.00,2,1,Pellet,Left,486,703,384,118238345,0.50,144,nan
9/30/2026 0:51:55,1.17.3,StopSig,0,4.00,nan,1,>Left_Regular_trial,Left,487,703,384,118254438,nan,nan,nan
9/30/2026 0:51:56,1.17.3,StopSig,0,4.00,nan,1,Right_Regular_(correct),Left,487,704,384,118255585,nan,nan,nan
9/30/2026 0:51:59,1.17.3,StopSig,0,4.00,2,1,Pellet,Left,487,704,385,118255585,0.66,19,nan
9/30/2026 0:52:15,1.17.3,StopSig,0,4.00,nan,1,>Left_Regular_trial,Left,488,704,385,118274587,nan,nan,nan
9/30/2026 0:52:16,1.17.3,StopSig,0,4.00,nan,1,Right_Regular_(correct),Left,488,705,385,118275437,nan,nan,nan
9/30/2026 0:52:17,1.17.3,StopSig,0,4.00,2,1,Pellet,Left,488,705,386,118275437,0.05,18,nan
9/30/2026 0:52:31,1.17.3,StopSig,0,4.00,nan,1,>Left_Regular_trial,Left,489,705,386,118290569,nan,nan,nan
9/30/2026 0:52:32,1.17.3,StopSig,0,4.00,nan,1,Right_Regular_(correct),Left,489,706,386,118291288,nan,nan,nan
9/30/2026 0:52:40,1.17.3,StopSig,0,4.00,2,1,Pellet,Left,489,706,387,118291288,5.92,23,nan
9/30/2026 0:52:55,1.17.3,StopSig,0,4.00,nan,1,>Left_Stop_trial,Left,490,706,387,118313969,nan,nan,nan
9/30/2026 0:52:58,1.17.3,StopSig,0,4.00,nan,1,NoPoke_STOP_(correct),Left,490,706,387,118317336,nan,nan,nan
9/30/2026 0:52:59,1.17.3,StopSig,0,4.00,2,1,Pellet,Left,490,706,388,118317336,0.05,19,nan
9/30/2026 1:02:02,1.17.3,StopSig,0,4.00,nan,1,Right_no_left,Left,490,707,388,118317336,nan,nan,nan
9/30/2026 1:23:32,1.17.3,StopSig,0,4.00,nan,1,Right_no_left,Left,490,708,388,118861995,nan,nan,nan
9/30/2026 1:32:32,1.17.3,StopSig,0,4.00,nan,1,>Left_Stop_trial,Left,491,708,388,120691321,nan,nan,nan
9/30/2026 1:32:35,1.17.3,StopSig,0,4.00,nan,1,NoPoke_STOP_(correct),Left,491,708,388,120694577,nan,nan,nan
9/30/2026 1:32:36,1.17.3,StopSig,0,4.00,1,1,Pellet,Left,491,708,389,120694577,0.33,2377,nan
9/30/2026 1:33:03,1.17.3,StopSig,0,4.00,nan,1,>Left_Regular_trial,Left,492,708,389,120722293,nan,nan,nan
9/30/2026 1:33:04,1.17.3,StopSig,0,4.00,nan,1,Right_Regular_(correct),Left,492,709,389,120724019,nan,nan,nan
9/30/2026 1:33:05,1.17.3,StopSig,0,4.00,2,1,Pellet,Left,492,709,390,120724019,0.11,29,nan
9/30/2026 1:33:19,1.17.3,StopSig,0,4.00,nan,1,>Left_Stop_trial,Left,493,709,390,120738447,nan,nan,nan
9/30/2026 1:33:23,1.17.3,StopSig,0,4.00,nan,1,NoPoke_STOP_(correct),Left,493,709,390,120742505,nan,nan,nan
9/30/2026 1:33:24,1.17.3,StopSig,0,4.00,1,1,Pellet,Left,493,709,391,120742505,0.22,19,nan
9/30/2026 1:35:22,1.17.3,StopSig,0,4.00,nan,1,Right_no_left,Left,493,710,391,120742505,nan,nan,nan
9/30/2026 1:35:22,1.17.3,StopSig,0,4.00,nan,1,Right_no_left,Left,493,711,391,120862041,nan,nan,nan
9/30/2026 1:35:26,1.17.3,StopSig,0,4.00,nan,1,>Left_Regular_trial,Left,494,711,391,120865431,nan,nan,nan
9/30/2026 1:35:27,1.17.3,StopSig,0,4.00,nan,1,Right_Regular_(correct),Left,494,712,391,120866842,nan,nan,nan
9/30/2026 1:35:37,1.17.3,StopSig,0,4.00,2,1,Pellet,Left,494,712,392,120866842,7.59,133,nan
9/30/2026 1:35:52,1.17.3,StopSig,0,4.00,nan,1,>Left_Regular_trial,Left,495,712,392,120891463,nan,nan,nan
9/30/2026 1:35:53,1.17.3,StopSig,0,4.00,nan,1,Right_Regular_(correct),Left,495,713,392,120892758,nan,nan,nan
9/30/2026 1:36:04,1.17.3,StopSig,0,4.00,2,1,Pellet,Left,495,713,393,120892758,8.44,27,nan
9/30/2026 1:58:14,1.17.3,StopSig,0,4.00,nan,1,>Left_Regular_trial,Left,496,713,393,122233590,nan,nan,nan
9/30/2026 1:58:18,1.17.3,StopSig,0,4.00,nan,1,NoPoke_Regular_(incorrect),Left,496,713,393,122237716,nan,nan,nan
9/30/2026 2:01:49,1.17.3,StopSig,0,4.00,nan,1,Right_no_left,Left,496,714,393,122237716,nan,nan,nan
9/30/2026 2:02:18,1.17.3,StopSig,0,4.00,nan,1,Right_no_left,Left,496,715,393,122448994,nan,nan,nan
9/30/2026 2:02:19,1.17.3,StopSig,0,4.00,nan,1,Right_no_left,Left,496,716,393,122478281,nan,nan,nan
9/30/2026 2:02:41,1.17.3,StopSig,0,4.00,nan,1,Right_no_left,Left,496,717,393,122479127,nan,nan,nan
9/30/2026 2:03:04,1.17.3,StopSig,0,4.00,nan,1,Right_no_left,Left,496,718,393,122501370,nan,nan,nan
9/30/2026 2:09:13,1.17.3,StopSig,0,4.00,nan,1,Right_no_left,Left,496,719,393,122523755,nan,nan,nan
9/30/2026 2:14:20,1.17.3,StopSig,0,4.00,nan,1,Right_no_left,Left,496,720,393,122892678,nan,nan,nan
9/30/2026 2:20:36,1.17.3,StopSig,0,4.00,nan,1,Right_no_left,Left,496,721,393,123199801,nan,nan,nan
9/30/2026 2:43:06,1.17.3,StopSig,0,4.00,nan,1,Right_no_left,Left,496,722,393,123576447,nan,nan,nan
9/30/2026 2:43:07,1.17.3,StopSig,0,4.00,nan,1,Right_no_left,Left,496,723,393,124926714,nan,nan,nan
9/30/2026 2:43:08,1.17.3,StopSig,0,4.00,nan,1,Right_no_left,Left,496,724,393,124927421,nan,nan,nan
9/30/2026 2:43:11,1.17.3,StopSig,0,4.00,nan,1,Right_no_left,Left,496,725,393,124927843,nan,nan,nan
9/30/2026 2:43:11,1.17.3,StopSig,0,4.00,nan,1,Right_no_left,Left,496,726,393,124930812,nan,nan,nan
9/30/2026 2:43:15,1.17.3,StopSig,0,4.00,nan,1,Right_no_left,Left,496,727,393,124931087,nan,nan,nan
9/30/2026 2:43:16,1.17.3,StopSig,0,4.00,nan,1,Right_no_left,Left,496,728,393,124935480,nan,nan,nan
9/30/2026 2:43:19,1.17.3,StopSig,0,4.00,nan,1,Right_no_left,Left,496,729,393,124936335,nan,nan,nan
9/30/2026 2:43:22,1.17.3,StopSig,0,4.00,nan,1,Right_no_left,Left,496,730,393,124939195,nan,nan,nan
9/30/2026 2:43:23,1.17.3,StopSig,0,4.00,nan,1,Right_no_left,Left,496,731,393,124942479,nan,nan,nan
9/30/2026 2:45:54,1.17.3,StopSig,0,4.00,nan,1,>Left_Regular_trial,Left,497,731,393,125094190,nan,nan,nan
9/30/2026 2:45:56,1.17.3,StopSig,0,4.00,nan,1,Right_Regular_(correct),Left,497,732,393,125095915,nan,nan,nan
9/30/2026 2:45:56,1.17.3,StopSig,0,4.00,nan,1,RightDuringDispense,Left,497,733,393,125095915,nan,nan,0.13
9/30/2026 2:45:57,1.17.3,StopSig,0,3.94,nan,1,RightDuringDispense,Left,497,734,393,125095915,nan,nan,0.20
9/30/2026 2:45:58,1.17.3,StopSig,0,4.00,1,1,Pellet,Left,497,734,394,125095915,0.66,4194,nan
9/30/2026 2:46:15,1.17.3,StopSig,0,4.00,nan,1,Right_no_left,Left,497,735,394,125095915,nan,nan,nan
9/30/2026 2:46:16,1.17.3,StopSig,0,4.00,nan,1,>Left_Regular_trial,Left,498,735,394,125116449,nan,nan,nan
9/30/2026 2:46:17,1.17.3,StopSig,0,4.00,nan,1,Right_Regular_(correct),Left,498,736,394,125117579,nan,nan,nan
9/30/2026 2:46:18,1.17.3,StopSig,0,4.00,1,1,Pellet,Left,498,736,395,125117579,0.27,20,nan
9/30/2026 2:46:35,1.17.3,StopSig,0,4.00,nan,1,>Left_Stop_trial,Left,499,736,395,125134329,nan,nan,nan
9/30/2026 2:46:35,1.17.3,StopSig,0,4.00,nan,1,Right_STOP_(incorrect),Left,499,737,395,125135044,nan,nan,nan
9/30/2026 2:52:21,1.17.3,StopSig,0,4.00,nan,1,Right_no_left,Left,499,738,395,125135044,nan,nan,nan
9/30/2026 3:32:08,1.17.3,StopSig,0,4.00,nan,1,Right_no_left,Left,499,739,395,125481751,nan,nan,nan
9/30/2026 3:32:12,1.17.3,StopSig,0,4.00,nan,1,Right_no_left,Left,499,740,395,127868135,nan,nan,nan
9/30/2026 3:32:13,1.17.3,StopSig,0,4.00,nan,1,Right_no_left,Left,499,741,395,127872817,nan,nan,nan
9/30/2026 3:32:16,1.17.3,StopSig,0,4.00,nan,1,Right_no_left,Left,499,742,395,127873526,nan,nan,nan
9/30/2026 3:32:16,1.17.3,StopSig,0,4.00,nan,1,Right_no_left,Left,499,743,395,127876214,nan,nan,nan
9/30/2026 3:32:19,1.17.3,StopSig,0,4.00,nan,1,>Left_Stop_trial,Left,500,743,395,127879338,nan,nan,nan
9/30/2026 3:32:23,1.17.3,StopSig,0,4.00,nan,1,NoPoke_STOP_(correct),Left,500,743,395,127883038,nan,nan,nan
9/30/2026 3:32:24,1.17.3,StopSig,0,4.00,1,1,Pellet,Left,500,743,396,127883038,0.39,2766,nan
9/30/2026 3:32:38,1.17.3,StopSig,0,4.00,nan,1,Right_no_left,Left,500,744,396,127883038,nan,nan,nan
9/30/2026 3:32:41,1.17.3,StopSig,0,4.00,nan,1,Right_no_left,Left,500,745,396,127898293,nan,nan,nan
9/30/2026 3:32:42,1.17.3,StopSig,0,4.00,nan,1,Right_no_left,Left,500,746,396,127901549,nan,nan,nan
9/30/2026 3:32:44,1.17.3,StopSig,0,4.00,nan,1,>Left_Regular_trial,Left,501,746,396,127904524,nan,nan,nan
9/30/2026 3:32:45,1.17.3,StopSig,0,4.00,nan,1,Right_Regular_(correct),Left,501,747,396,127905520,nan,nan,nan
9/30/2026 3:32:46,1.17.3,StopSig,0,4.00,1,1,Pellet,Left,501,747,397,127905520,0.27,22,nan
9/30/2026 3:33:06,1.17.3,StopSig,0,4.00,nan,1,Right_no_left,Left,501,748,397,127905520,nan,nan,nan
9/30/2026 3:33:10,1.17.3,StopSig,0,3.99,nan,1,>Left_Regular_trial,Left,502,748,397,127930035,nan,nan,nan
9/30/2026 3:33:11,1.17.3,StopSig,0,4.00,nan,1,Right_Regular_(correct),Left,502,749,397,127931444,nan,nan,nan
9/30/2026 3:33:15,1.17.3,StopSig,0,4.00,2,1,Pellet,Left,502,749,398,127931444,0.78,29,nan
9/30/2026 3:33:56,1.17.3,StopSig,0,4.00,nan,1,Right_no_left,Left,502,750,398,127931444,nan,nan,nan
9/30/2026 3:33:58,1.17.3,StopSig,0,4.00,nan,1,>Left_Stop_trial,Left,503,750,398,127977832,nan,nan,nan
9/30/2026 3:34:01,1.17.3,StopSig,0,4.00,nan,1,NoPoke_STOP_(correct),Left,503,750,398,127981039,nan,nan,nan
9/30/2026 3:34:04,1.17.3,StopSig,0,4.00,2,1,Pellet,Left,503,750,399,127981039,0.66,49,nan
9/30/2026 3:34:21,1.17.3,StopSig,0,4.00,nan,1,>Left_Regular_trial,Left,504,750,399,128000913,nan,nan,nan
9/30/2026 3:34:22,1.17.3,StopSig,0,4.00,nan,1,Right_Regular_(correct),Left,504,751,399,128001904,nan,nan,nan
9/30/2026 3:34:23,1.17.3,StopSig,0,4.00,2,1,Pellet,Left,504,751,400,128001904,0.11,18,nan
9/30/2026 3:34:36,1.17.3,StopSig,0,4.00,nan,1,>Left_Regular_trial,Left,505,751,400,128015721,nan,nan,nan
9/30/2026 3:34:36,1.17.3,StopSig,0,4.00,nan,1,Right_Regular_(correct),Left,505,752,400,128016706,nan,nan,nan
9/30/2026 3:34:37,1.17.3,StopSig,0,4.00,1,1,Pellet,Left,505,752,401,128016706,0.27,15,nan
9/30/2026 3:34:52,1.17.3,StopSig,0,3.99,nan,1,>Left_Regular_trial,Left,506,752,401,128031991,nan,nan,nan
9/30/2026 3:34:52,1.17.3,StopSig,0,4.00,nan,1,Right_Regular_(correct),Left,506,753,401,128032833,nan,nan,nan
9/30/2026 3:34:53,1.17.3,StopSig,0,4.00,2,1,Pellet,Left,506,753,402,128032833,0.11,16,nan
9/30/2026 3:35:08,1.17.3,StopSig,0,4.00,nan,1,>Left_Regular_trial,Left,507,753,402,128048117,nan,nan,nan
9/30/2026 3:35:09,1.17.3,StopSig,0,4.00,nan,1,Right_Regular_(correct),Left,507,754,402,128049104,nan,nan,nan
9/30/2026 3:35:10,1.17.3,StopSig,0,4.00,1,1,Pellet,Left,507,754,403,128049104,0.33,17,nan
9/30/2026 3:35:25,1.17.3,StopSig,0,4.00,nan,1,>Left_Regular_trial,Left,508,754,403,128065377,nan,nan,nan
9/30/2026 3:35:26,1.17.3,StopSig,0,4.00,nan,1,Right_Regular_(correct),Left,508,755,403,128066377,nan,nan,nan
9/30/2026 3:35:27,1.17.3,StopSig,0,4.00,1,1,Pellet,Left,508,755,404,128066377,0.27,17,nan
9/30/2026 4:01:08,1.17.3,StopSig,0,4.00,nan,1,Right_no_left,Left,508,756,404,128066377,nan,nan,nan
9/30/2026 4:26:13,1.17.3,StopSig,0,4.00,nan,1,Right_no_left,Left,508,757,404,129608663,nan,nan,nan
9/30/2026 4:38:51,1.17.3,StopSig,0,3.99,nan,1,Right_no_left,Left,508,758,404,131113232,nan,nan,nan
9/30/2026 4:46:23,1.17.3,StopSig,0,4.00,nan,1,>Left_Regular_trial,Left,509,758,404,132323013,nan,nan,nan
9/30/2026 4:46:24,1.17.3,StopSig,0,4.00,nan,1,Right_Regular_(correct),Left,509,759,404,132325000,nan,nan,nan
9/30/2026 4:46:26,1.17.3,StopSig,0,3.99,2,1,Pellet,Left,509,759,405,132325000,0.27,4259,nan
9/30/2026 4:46:40,1.17.3,StopSig,0,3.99,nan,1,>Left_Regular_trial,Left,510,759,405,132340789,nan,nan,nan
9/30/2026 4:46:41,1.17.3,StopSig,0,4.00,nan,1,Right_Regular_(correct),Left,510,760,405,132341497,nan,nan,nan
9/30/2026 4:46:42,1.17.3,StopSig,0,4.00,1,1,Pellet,Left,510,760,406,132341497,0.16,16,nan
9/30/2026 4:46:56,1.17.3,StopSig,0,4.00,nan,1,Right_no_left,Left,510,761,406,132341497,nan,nan,nan
9/30/2026 4:46:57,1.17.3,StopSig,0,3.99,nan,1,Right_no_left,Left,510,762,406,132357033,nan,nan,nan
9/30/2026 4:46:59,1.17.3,StopSig,0,4.00,nan,1,>Left_Regular_trial,Left,511,762,406,132359290,nan,nan,nan
9/30/2026 4:46:59,1.17.3,StopSig,0,4.00,nan,1,Right_Regular_(correct),Left,511,763,406,132360020,nan,nan,nan
9/30/2026 4:47:00,1.17.3,StopSig,0,4.00,1,1,Pellet,Left,511,763,407,132360020,0.11,18,nan
9/30/2026 4:47:15,1.17.3,StopSig,0,4.00,nan,1,>Left_Regular_trial,Left,512,763,407,132375896,nan,nan,nan
9/30/2026 4:47:16,1.17.3,StopSig,0,4.00,nan,1,Right_Regular_(correct),Left,512,764,407,132376614,nan,nan,nan
9/30/2026 4:47:17,1.17.3,StopSig,0,4.00,1,1,Pellet,Left,512,764,408,132376614,0.05,17,nan
9/30/2026 4:47:30,1.17.3,StopSig,0,4.00,nan,1,>Left_Regular_trial,Left,513,764,408,132390010,nan,nan,nan
9/30/2026 4:47:30,1.17.3,StopSig,0,4.00,nan,1,Right_Regular_(correct),Left,513,765,408,132390729,nan,nan,nan
9/30/2026 4:47:31,1.17.3,StopSig,0,4.00,2,1,Pellet,Left,513,765,409,132390729,0.05,14,nan
9/30/2026 4:47:44,1.17.3,StopSig,0,4.00,nan,1,Right_no_left,Left,513,766,409,132390729,nan,nan,nan
9/30/2026 4:47:46,1.17.3,StopSig,0,3.99,nan,1,>Left_Regular_trial,Left,514,766,409,132406973,nan,nan,nan
9/30/2026 4:47:47,1.17.3,StopSig,0,3.99,nan,1,Right_Regular_(correct),Left,514,767,409,132407675,nan,nan,nan
9/30/2026 4:47:48,1.17.3,StopSig,0,4.00,1,1,Pellet,Left,514,767,410,132407675,0.11,17,nan
9/30/2026 4:48:04,1.17.3,StopSig,0,3.99,nan,1,Right_no_left,Left,514,768,410,132407675,nan,nan,nan
9/30/2026 4:48:06,1.17.3,StopSig,0,4.00,nan,1,Right_no_left,Left,514,769,410,132424306,nan,nan,nan
9/30/2026 4:48:08,1.17.3,StopSig,0,3.99,nan,1,>Left_Regular_trial,Left,515,769,410,132428701,nan,nan,nan
9/30/2026 4:48:09,1.17.3,StopSig,0,4.00,nan,1,Right_Regular_(correct),Left,515,770,410,132429859,nan,nan,nan
9/30/2026 4:48:10,1.17.3,StopSig,0,4.00,1,1,Pellet,Left,515,770,411,132429859,0.05,22,nan
9/30/2026 4:48:35,1.17.3,StopSig,0,4.00,nan,1,>Left_Regular_trial,Left,516,770,411,132455875,nan,nan,nan
9/30/2026 4:48:36,1.17.3,StopSig,0,3.99,nan,1,Right_Regular_(correct),Left,516,771,411,132456724,nan,nan,nan
9/30/2026 4:48:37,1.17.3,StopSig,0,4.00,2,1,Pellet,Left,516,771,412,132456724,0.05,27,nan
9/30/2026 4:54:38,1.17.3,StopSig,0,4.00,nan,1,>Left_Regular_trial,Left,517,771,412,132818114,nan,nan,nan
9/30/2026 4:54:41,1.17.3,StopSig,0,4.00,nan,1,NoPoke_Regular_(incorrect),Left,517,771,412,132821371,nan,nan,nan
9/30/2026 4:55:20,1.17.3,StopSig,0,4.00,nan,1,Right_no_left,Left,517,772,412,132821371,nan,nan,nan
9/30/2026 5:00:28,1.17.3,StopSig,0,4.00,nan,1,>Left_Regular_trial,Left,518,772,412,133168304,nan,nan,nan
9/30/2026 5:00:32,1.17.3,StopSig,0,4.00,nan,1,NoPoke_Regular_(incorrect),Left,518,772,412,133172429,nan,nan,nan
9/30/2026 5:12:50,1.17.3,StopSig,0,4.00,nan,1,Right_no_left,Left,518,773,412,133172429,nan,nan,nan
9/30/2026 5:12:50,1.17.3,StopSig,0,3.99,nan,1,Right_no_left,Left,518,774,412,133910717,nan,nan,nan
9/30/2026 5:12:52,1.17.3,StopSig,0,4.00,nan,1,Right_no_left,Left,518,775,412,133911142,nan,nan,nan
9/30/2026 5:14:23,1.17.3,StopSig,0,4.00,nan,1,Right_no_left,Left,518,776,412,133912836,nan,nan,nan
9/30/2026 5:14:24,1.17.3,StopSig,0,3.99,nan,1,Right_no_left,Left,518,777,412,134004246,nan,nan,nan
9/30/2026 5:22:16,1.17.3,StopSig,0,4.00,nan,1,>Left_Stop_trial,Left,519,777,412,134476297,nan,nan,nan
9/30/2026 5:22:19,1.17.3,StopSig,0,4.00,nan,1,NoPoke_STOP_(correct),Left,519,777,412,134479466,nan,nan,nan
9/30/2026 5:22:27,1.17.3,StopSig,0,3.99,2,1,Pellet,Left,519,777,413,134479466,7.26,2030,nan
9/30/2026 5:22:50,1.17.3,StopSig,0,4.00,nan,1,Right_no_left,Left,519,778,413,134479466,nan,nan,nan
9/30/2026 5:22:51,1.17.3,StopSig,0,3.99,nan,1,Right_no_left,Left,519,779,413,134510828,nan,nan,nan
9/30/2026 5:22:54,1.17.3,StopSig,0,3.99,nan,1,Right_no_left,Left,519,780,413,134511541,nan,nan,nan
9/30/2026 5:22:55,1.17.3,StopSig,0,4.00,nan,1,Right_no_left,Left,519,781,413,134515092,nan,nan,nan
9/30/2026 5:22:57,1.17.3,StopSig,0,3.99,nan,1,>Left_Regular_trial,Left,520,781,413,134518057,nan,nan,nan
9/30/2026 5:22:58,1.17.3,StopSig,0,4.00,nan,1,Right_Regular_(correct),Left,520,782,413,134518907,nan,nan,nan
9/30/2026 5:22:59,1.17.3,StopSig,0,4.00,2,1,Pellet,Left,520,782,414,134518907,0.27,32,nan
9/30/2026 5:23:13,1.17.3,StopSig,0,4.00,nan,1,Right_no_left,Left,520,783,414,134518907,nan,nan,nan
9/30/2026 5:23:15,1.17.3,StopSig,0,4.00,nan,1,>Left_Regular_trial,Left,521,783,414,134535878,nan,nan,nan
9/30/2026 5:23:16,1.17.3,StopSig,0,4.00,nan,1,Right_Regular_(correct),Left,521,784,414,134536733,nan,nan,nan
9/30/2026 5:23:19,1.17.3,StopSig,0,3.99,2,1,Pellet,Left,521,784,415,134536733,0.22,20,nan
9/30/2026 5:23:35,1.17.3,StopSig,0,4.00,nan,1,>Left_Stop_trial,Left,522,784,415,134555416,nan,nan,nan
9/30/2026 5:23:39,1.17.3,StopSig,0,4.00,nan,1,NoPoke_STOP_(correct),Left,522,784,415,134559524,nan,nan,nan
9/30/2026 5:23:40,1.17.3,StopSig,0,3.99,1,1,Pellet,Left,522,784,416,134559524,0.33,21,nan
9/30/2026 5:24:03,1.17.3,StopSig,0,3.99,nan,1,Right_no_left,Left,522,785,416,134559524,nan,nan,nan
9/30/2026 5:36:57,1.17.3,StopSig,0,3.99,nan,1,Right_no_left,Left,522,786,416,134584076,nan,nan,nan
9/30/2026 6:04:56,1.17.3,StopSig,0,3.99,nan,1,Right_no_left,Left,522,787,416,135357719,nan,nan,nan
9/30/2026 6:05:10,1.17.3,StopSig,0,4.00,nan,1,Right_no_left,Left,522,788,416,137036982,nan,nan,nan
9/30/2026 6:05:14,1.17.3,StopSig,0,4.00,nan,1,>Left_Regular_trial,Left,523,788,416,137054548,nan,nan,nan
9/30/2026 6:05:15,1.17.3,StopSig,0,4.00,nan,1,Right_Regular_(correct),Left,523,789,416,137055848,nan,nan,nan
9/30/2026 6:05:16,1.17.3,StopSig,0,3.99,1,1,Pellet,Left,523,789,417,137055848,0.22,2496,nan
9/30/2026 6:05:31,1.17.3,StopSig,0,3.99,nan,1,>Left_Regular_trial,Left,524,789,417,137071829,nan,nan,nan
9/30/2026 6:05:32,1.17.3,StopSig,0,3.99,nan,1,Right_Regular_(correct),Left,524,790,417,137072703,nan,nan,nan
9/30/2026 6:05:33,1.17.3,StopSig,0,3.99,1,1,Pellet,Left,524,790,418,137072703,0.33,17,nan
9/30/2026 6:05:48,1.17.3,StopSig,0,3.99,nan,1,>Left_Regular_trial,Left,525,790,418,137089002,nan,nan,nan
9/30/2026 6:05:49,1.17.3,StopSig,0,3.99,nan,1,Right_Regular_(correct),Left,525,791,418,137089853,nan,nan,nan
9/30/2026 6:05:50,1.17.3,StopSig,0,3.99,1,1,Pellet,Left,525,791,419,137089853,0.11,17,nan
9/30/2026 6:06:08,1.17.3,StopSig,0,3.99,nan,1,Right_no_left,Left,525,792,419,137089853,nan,nan,nan
9/30/2026 6:06:12,1.17.3,StopSig,0,3.99,nan,1,>Left_Stop_trial,Left,526,792,419,137112148,nan,nan,nan
9/30/2026 6:06:12,1.17.3,StopSig,0,3.99,nan,1,Right_STOP_(incorrect),Left,526,793,419,137112971,nan,nan,nan
9/30/2026 6:06:43,1.17.3,StopSig,0,3.99,nan,1,>Left_Stop_trial,Left,527,793,419,137143276,nan,nan,nan
9/30/2026 6:06:46,1.17.3,StopSig,0,3.99,nan,1,NoPoke_STOP_(correct),Left,527,793,419,137146757,nan,nan,nan
9/30/2026 6:06:47,1.17.3,StopSig,0,3.99,1,1,Pellet,Left,527,793,420,137146757,0.33,57,nan
9/30/2026 6:07:05,1.17.3,StopSig,0,3.99,nan,1,>Left_Regular_trial,Left,528,793,420,137165830,nan,nan,nan
9/30/2026 6:07:06,1.17.3,StopSig,0,3.99,nan,1,Right_Regular_(correct),Left,528,794,420,137166956,nan,nan,nan
9/30/2026 6:07:07,1.17.3,StopSig,0,3.99,2,1,Pellet,Left,528,794,421,137166956,0.11,20,nan
9/30/2026 6:07:25,1.17.3,StopSig,0,3.99,nan,1,>Left_Regular_trial,Left,529,794,421,137185428,nan,nan,nan
9/30/2026 6:07:25,1.17.3,StopSig,0,3.99,nan,1,Right_Regular_(correct),Left,529,795,421,137186412,nan,nan,nan
9/30/2026 6:07:26,1.17.3,StopSig,0,3.99,1,1,Pellet,Left,529,795,422,137186412,0.33,19,nan
9/30/2026 6:07:40,1.17.3,StopSig,0,4.00,nan,1,>Left_Regular_trial,Left,530,795,422,137201212,nan,nan,nan
9/30/2026 6:07:41,1.17.3,StopSig,0,3.99,nan,1,Right_Regular_(correct),Left,530,796,422,137202209,nan,nan,nan
9/30/2026 6:07:52,1.17.3,StopSig,0,3.99,2,1,Pellet,Left,530,796,423,137202209,7.88,26,nan
9/30/2026 7:54:29,1.17.3,StopSig,0,3.99,nan,1,>Left_Regular_trial,Left,531,796,423,143610708,nan,nan,nan
9/30/2026 7:54:30,1.17.3,StopSig,0,3.99,nan,1,Right_Regular_(correct),Left,531,797,423,143611861,nan,nan,nan
9/30/2026 7:54:31,1.17.3,StopSig,0,3.98,1,1,Pellet,Left,531,797,424,143611861,0.33,6399,nan
9/30/2026 7:55:25,1.17.3,StopSig,0,3.98,nan,1,>Left_Regular_trial,Left,532,797,424,143666759,nan,nan,nan
9/30/2026 7:55:26,1.17.3,StopSig,0,3.98,nan,1,Right_Regular_(correct),Left,532,798,424,143667884,nan,nan,nan
9/30/2026 7:55:28,1.17.3,StopSig,0,3.98,2,1,Pellet,Left,532,798,425,143667884,0.11,56,nan
9/30/2026 7:55:44,1.17.3,StopSig,0,3.98,nan,1,Right_no_left,Left,532,799,425,143667884,nan,nan,nan
9/30/2026 7:55:45,1.17.3,StopSig,0,3.98,nan,1,Right_no_left,Left,532,800,425,143685527,nan,nan,nan
9/30/2026 7:55:45,1.17.3,StopSig,0,3.98,nan,1,Right_no_left,Left,532,801,425,143686515,nan,nan,nan
9/30/2026 7:55:47,1.17.3,StopSig,0,3.98,nan,1,>Left_Regular_trial,Left,533,801,425,143688645,nan,nan,nan
9/30/2026 7:55:48,1.17.3,StopSig,0,3.98,nan,1,Right_Regular_(correct),Left,533,802,425,143689499,nan,nan,nan
9/30/2026 7:55:49,1.17.3,StopSig,0,3.98,1,1,Pellet,Left,533,802,426,143689499,0.16,22,nan
9/30/2026 7:56:07,1.17.3,StopSig,0,3.98,nan,1,>Left_Regular_trial,Left,534,802,426,143707991,nan,nan,nan
9/30/2026 7:56:08,1.17.3,StopSig,0,3.98,nan,1,Right_Regular_(correct),Left,534,803,426,143709119,nan,nan,nan
9/30/2026 7:56:09,1.17.3,StopSig,0,3.98,2,1,Pellet,Left,534,803,427,143709119,0.44,20,nan
9/30/2026 8:05:08,1.17.3,StopSig,0,3.99,nan,1,Right_no_left,Left,534,804,427,143709119,nan,nan,nan
9/30/2026 8:30:20,1.17.3,StopSig,0,3.98,nan,1,Right_no_left,Left,534,805,427,144249960,nan,nan,nan
9/30/2026 8:40:37,1.17.3,StopSig,0,3.99,nan,1,Right_no_left,Left,534,806,427,145762082,nan,nan,nan
9/30/2026 8:40:37,1.17.3,StopSig,0,3.98,nan,1,Right_no_left,Left,534,807,427,146378404,nan,nan,nan
9/30/2026 8:40:40,1.17.3,StopSig,0,3.98,nan,1,Right_no_left,Left,534,808,427,146378680,nan,nan,nan
9/30/2026 11:39:45,1.17.3,StopSig,0,3.96,nan,1,Right_no_left,Left,534,809,427,146381654,nan,nan,nan
9/30/2026 11:42:37,1.17.3,StopSig,0,3.98,nan,1,>Left_Stop_trial,Left,535,809,427,157299178,nan,nan,nan
9/30/2026 11:42:41,1.17.3,StopSig,0,3.97,nan,1,NoPoke_STOP_(correct),Left,535,809,427,157303109,nan,nan,nan
9/30/2026 11:42:44,1.17.3,StopSig,0,3.97,3,1,Pellet,Left,535,809,428,157303109,0.44,13595,nan
9/30/2026 11:44:22,1.17.3,StopSig,0,3.97,nan,1,>Left_Stop_trial,Left,536,809,428,157403456,nan,nan,nan
9/30/2026 11:44:25,1.17.3,StopSig,0,3.97,nan,1,NoPoke_STOP_(correct),Left,536,809,428,157407087,nan,nan,nan
9/30/2026 11:44:33,1.17.3,StopSig,0,3.98,2,1,Pellet,Left,536,809,429,157407087,7.54,109,nan
9/30/2026 11:45:47,1.17.3,StopSig,0,3.97,nan,1,Right_no_left,Left,536,810,429,157407087,nan,nan,nan
9/30/2026 11:47:54,1.17.3,StopSig,0,3.98,nan,1,>Left_Stop_trial,Left,537,810,429,157615906,nan,nan,nan
9/30/2026 11:47:57,1.17.3,StopSig,0,3.97,nan,1,NoPoke_STOP_(correct),Left,537,810,429,157619159,nan,nan,nan
9/30/2026 11:47:57,1.17.3,StopSig,0,3.92,nan,1,RightDuringDispense,Left,537,811,429,157619159,nan,nan,0.11
9/30/2026 11:49:13,1.17.3,StopSig,0,3.98,2,1,Pellet,Left,537,811,430,157619159,Timed_out,280,nan
9/30/2026 11:49:22,1.17.3,StopSig,0,3.97,nan,1,Right_no_left,Left,537,812,430,157619159,nan,nan,nan
9/30/2026 11:56:05,1.17.3,StopSig,0,3.98,nan,1,>Left_Regular_trial,Left,538,812,430,158107760,nan,nan,nan
9/30/2026 11:56:09,1.17.3,StopSig,0,3.98,nan,1,NoPoke_Regular_(incorrect),Left,538,812,430,158111162,nan,nan,nan
9/30/2026 12:06:26,1.17.3,StopSig,0,3.98,nan,1,>Left_Regular_trial,Left,539,812,430,158727905,nan,nan,nan
9/30/2026 12:06:29,1.17.3,StopSig,0,3.97,nan,1,NoPoke_Regular_(incorrect),Left,539,812,430,158731311,nan,nan,nan
9/30/2026 12:09:23,1.17.3,StopSig,0,3.98,nan,1,>Left_Regular_trial,Left,540,812,430,158905826,nan,nan,nan
9/30/2026 12:09:27,1.17.3,StopSig,0,3.97,nan,1,NoPoke_Regular_(incorrect),Left,540,812,430,158909215,nan,nan,nan
9/30/2026 12:10:35,1.17.3,StopSig,0,3.97,nan,1,>Left_Regular_trial,Left,541,812,430,158976981,nan,nan,nan
9/30/2026 12:10:38,1.17.3,StopSig,0,3.98,nan,1,NoPoke_Regular_(incorrect),Left,541,812,430,158980253,nan,nan,nan
9/30/2026 12:11:24,1.17.3,StopSig,0,3.98,nan,1,Right_no_left,Left,541,813,430,158980253,nan,nan,nan
9/30/2026 12:28:56,1.17.3,StopSig,0,3.97,nan,1,>Left_Regular_trial,Left,542,813,430,160078694,nan,nan,nan
9/30/2026 12:29:00,1.17.3,StopSig,0,3.97,nan,1,NoPoke_Regular_(incorrect),Left,542,813,430,160082397,nan,nan,nan
9/30/2026 12:30:23,1.17.3,StopSig,0,3.97,nan,1,Right_no_left,Left,542,814,430,160082397,nan,nan,nan
9/30/2026 12:36:56,1.17.3,StopSig,0,3.97,nan,1,Right_no_left,Left,542,815,430,160165649,nan,nan,nan
9/30/2026 12:46:41,1.17.3,StopSig,0,3.97,nan,1,>Left_Regular_trial,Left,543,815,430,161143794,nan,nan,nan
9/30/2026 12:46:45,1.17.3,StopSig,0,3.97,nan,1,NoPoke_Regular_(incorrect),Left,543,815,430,161147476,nan,nan,nan
9/30/2026 12:49:56,1.17.3,StopSig,0,3.97,nan,1,Right_no_left,Left,543,816,430,161147476,nan,nan,nan
9/30/2026 12:53:57,1.17.3,StopSig,0,3.97,nan,1,Right_no_left,Left,543,817,430,161338456,nan,nan,nan
9/30/2026 12:59:50,1.17.3,StopSig,0,3.97,nan,1,Right_no_left,Left,543,818,430,161579830,nan,nan,nan
9/30/2026 13:06:56,1.17.3,StopSig,0,3.96,nan,1,>Left_Regular_trial,Left,544,818,430,162358588,nan,nan,nan
9/30/2026 13:06:57,1.17.3,StopSig,0,3.96,nan,1,Right_Regular_(correct),Left,544,819,430,162359747,nan,nan,nan
9/30/2026 13:06:59,1.17.3,StopSig,0,3.96,2,1,Pellet,Left,544,819,431,162359747,0.50,4666,nan
9/30/2026 13:07:14,1.17.3,StopSig,0,3.97,nan,1,>Left_Stop_trial,Left,545,819,431,162376360,nan,nan,nan
9/30/2026 13:07:14,1.17.3,StopSig,0,3.97,nan,1,Right_STOP_(incorrect),Left,545,820,431,162377124,nan,nan,nan
9/30/2026 13:07:45,1.17.3,StopSig,0,3.97,nan,1,>Left_Regular_trial,Left,546,820,431,162407430,nan,nan,nan
9/30/2026 13:07:49,1.17.3,StopSig,0,3.97,nan,1,NoPoke_Regular_(incorrect),Left,546,820,431,162411534,nan,nan,nan
9/30/2026 13:17:49,1.17.3,StopSig,0,3.97,nan,1,Right_no_left,Left,546,821,431,162411534,nan,nan,nan
9/30/2026 13:17:57,1.17.3,StopSig,0,3.97,nan,1,>Left_Regular_trial,Left,547,821,431,163020133,nan,nan,nan
9/30/2026 13:18:01,1.17.3,StopSig,0,3.97,nan,1,NoPoke_Regular_(incorrect),Left,547,821,431,163023534,nan,nan,nan
9/30/2026 13:19:33,1.17.3,StopSig,0,3.96,nan,1,>Left_Stop_trial,Left,548,821,431,163114708,nan,nan,nan
9/30/2026 13:19:36,1.17.3,StopSig,0,3.96,nan,1,NoPoke_STOP_(correct),Left,548,821,431,163118564,nan,nan,nan
9/30/2026 13:19:38,1.17.3,StopSig,0,3.97,1,1,Pellet,Left,548,821,432,163118564,1.05,759,nan
9/30/2026 13:25:46,1.17.3,StopSig,0,3.97,nan,1,>Left_Stop_trial,Left,549,821,432,163488443,nan,nan,nan
9/30/2026 13:25:50,1.17.3,StopSig,0,3.96,nan,1,NoPoke_STOP_(correct),Left,549,821,432,163492528,nan,nan,nan
9/30/2026 13:25:51,1.17.3,StopSig,0,3.96,1,1,Pellet,Left,549,821,433,163492528,0.78,373,nan
9/30/2026 13:26:18,1.17.3,StopSig,0,3.97,nan,1,Right_no_left,Left,549,822,433,163492528,nan,nan,nan
9/30/2026 13:30:04,1.17.3,StopSig,0,3.97,nan,1,Right_no_left,Left,549,823,433,163521325,nan,nan,nan
9/30/2026 13:38:08,1.17.3,StopSig,0,3.97,nan,1,>Left_Regular_trial,Left,550,823,433,164230492,nan,nan,nan
9/30/2026 13:38:12,1.17.3,StopSig,0,3.97,nan,1,NoPoke_Regular_(incorrect),Left,550,823,433,164234609,nan,nan,nan
9/30/2026 13:40:13,1.17.3,StopSig,0,3.96,nan,1,>Left_Regular_trial,Left,551,823,433,164355435,nan,nan,nan
9/30/2026 13:40:17,1.17.3,StopSig,0,3.96,nan,1,NoPoke_Regular_(incorrect),Left,551,823,433,164359571,nan,nan,nan
9/30/2026 13:47:09,1.17.3,StopSig,0,3.96,nan,1,>Left_Regular_trial,Left,552,823,433,164771945,nan,nan,nan
9/30/2026 13:47:13,1.17.3,StopSig,0,3.96,nan,1,NoPoke_Regular_(incorrect),Left,552,823,433,164775652,nan,nan,nan
9/30/2026 13:53:10,1.17.3,StopSig,0,3.97,nan,1,>Left_Regular_trial,Left,553,823,433,165132519,nan,nan,nan
9/30/2026 13:53:14,1.17.3,StopSig,0,3.96,nan,1,NoPoke_Regular_(incorrect),Left,553,823,433,165136636,nan,nan,nan
9/30/2026 13:55:18,1.17.3,StopSig,0,3.97,nan,1,>Left_Regular_trial,Left,554,823,433,165260680,nan,nan,nan
9/30/2026 13:55:22,1.17.3,StopSig,0,3.96,nan,1,NoPoke_Regular_(incorrect),Left,554,823,433,165264643,nan,nan,nan
9/30/2026 13:55:59,1.17.3,StopSig,0,3.96,nan,1,>Left_Regular_trial,Left,555,823,433,165301330,nan,nan,nan
9/30/2026 13:56:02,1.17.3,StopSig,0,3.96,nan,1,NoPoke_Regular_(incorrect),Left,555,823,433,165304757,nan,nan,nan
9/30/2026 14:02:00,1.17.3,StopSig,0,3.97,nan,1,>Left_Regular_trial,Left,556,823,433,165663322,nan,nan,nan
9/30/2026 14:02:02,1.17.3,StopSig,0,3.97,nan,1,Right_Regular_(correct),Left,556,824,433,165664765,nan,nan,nan
9/30/2026 14:02:03,1.17.3,StopSig,0,3.96,1,1,Pellet,Left,556,824,434,165664765,0.22,2172,nan
9/30/2026 14:02:17,1.17.3,StopSig,0,3.96,nan,1,Right_no_left,Left,556,825,434,165664765,nan,nan,nan
9/30/2026 14:02:18,1.17.3,StopSig,0,3.97,nan,1,Right_no_left,Left,556,826,434,165680238,nan,nan,nan
9/30/2026 14:02:20,1.17.3,StopSig,0,3.96,nan,1,>Left_Regular_trial,Left,557,826,434,165682358,nan,nan,nan
9/30/2026 14:02:20,1.17.3,StopSig,0,3.96,nan,1,Right_Regular_(correct),Left,557,827,434,165683207,nan,nan,nan
9/30/2026 14:02:21,1.17.3,StopSig,0,3.96,1,1,Pellet,Left,557,827,435,165683207,0.16,18,nan
9/30/2026 14:02:37,1.17.3,StopSig,0,3.97,nan,1,>Left_Regular_trial,Left,558,827,435,165699897,nan,nan,nan
9/30/2026 14:02:38,1.17.3,StopSig,0,3.96,nan,1,Right_Regular_(correct),Left,558,828,435,165701199,nan,nan,nan
9/30/2026 14:02:39,1.17.3,StopSig,0,3.96,1,1,Pellet,Left,558,828,436,165701199,0.16,18,nan
9/30/2026 14:02:49,1.17.3,StopSig,0,3.97,nan,1,>Left_Regular_trial,Left,559,828,436,165712192,nan,nan,nan
9/30/2026 14:02:50,1.17.3,StopSig,0,3.96,nan,1,Right_Regular_(correct),Left,559,829,436,165713061,nan,nan,nan
9/30/2026 14:02:50,1.17.3,StopSig,0,3.91,nan,1,RightDuringDispense,Left,559,830,436,165713061,nan,nan,0.06
9/30/2026 14:02:52,1.17.3,StopSig,0,3.96,2,1,Pellet,Left,559,830,437,165713061,0.11,12,nan
9/30/2026 14:03:01,1.17.3,StopSig,0,3.96,nan,1,>Left_Regular_trial,Left,560,830,437,165724131,nan,nan,nan
9/30/2026 14:03:02,1.17.3,StopSig,0,3.96,nan,1,Right_Regular_(correct),Left,560,831,437,165724839,nan,nan,nan
9/30/2026 14:03:10,1.17.3,StopSig,0,3.96,2,1,Pellet,Left,560,831,438,165724839,5.47,19,nan
9/30/2026 14:03:26,1.17.3,StopSig,0,3.96,nan,1,>Left_Regular_trial,Left,561,831,438,165748848,nan,nan,nan
9/30/2026 14:03:27,1.17.3,StopSig,0,3.96,nan,1,Right_Regular_(correct),Left,561,832,438,165749566,nan,nan,nan
9/30/2026 14:03:28,1.17.3,StopSig,0,3.96,1,1,Pellet,Left,561,832,439,165749566,0.22,18,nan
9/30/2026 14:23:30,1.17.3,StopSig,0,3.96,nan,1,Right_no_left,Left,561,833,439,165749566,nan,nan,nan
9/30/2026 14:31:03,1.17.3,StopSig,0,3.96,nan,1,Right_no_left,Left,561,834,439,166952819,nan,nan,nan
9/30/2026 14:32:35,1.17.3,StopSig,0,3.96,nan,1,>Left_Regular_trial,Left,562,834,439,167498104,nan,nan,nan
9/30/2026 14:32:39,1.17.3,StopSig,0,3.96,nan,1,NoPoke_Regular_(incorrect),Left,562,834,439,167501921,nan,nan,nan
9/30/2026 14:42:46,1.17.3,StopSig,0,3.96,nan,1,>Left_Regular_trial,Left,563,834,439,168109479,nan,nan,nan
9/30/2026 14:42:50,1.17.3,StopSig,0,3.96,nan,1,NoPoke_Regular_(incorrect),Left,563,834,439,168112874,nan,nan,nan
9/30/2026 14:43:26,1.17.3,StopSig,0,3.96,nan,1,Right_no_left,Left,563,835,439,168112874,nan,nan,nan
9/30/2026 14:43:48,1.17.3,StopSig,0,3.96,nan,1,>Left_Regular_trial,Left,564,835,439,168171485,nan,nan,nan
9/30/2026 14:43:50,1.17.3,StopSig,0,3.96,nan,1,Right_Regular_(correct),Left,564,836,439,168172905,nan,nan,nan
9/30/2026 14:43:51,1.17.3,StopSig,0,3.96,2,1,Pellet,Left,564,836,440,168172905,0.39,2423,nan
9/30/2026 14:44:06,1.17.3,StopSig,0,3.96,nan,1,>Left_Regular_trial,Left,565,836,440,168189080,nan,nan,nan
9/30/2026 14:44:07,1.17.3,StopSig,0,3.96,nan,1,Right_Regular_(correct),Left,565,837,440,168189930,nan,nan,nan
9/30/2026 14:44:08,1.17.3,StopSig,0,3.96,1,1,Pellet,Left,565,837,441,168189930,0.22,17,nan
9/30/2026 14:44:20,1.17.3,StopSig,0,3.96,nan,1,>Left_Stop_trial,Left,566,837,441,168202376,nan,nan,nan
9/30/2026 14:44:23,1.17.3,StopSig,0,3.96,nan,1,NoPoke_STOP_(correct),Left,566,837,441,168205900,nan,nan,nan
9/30/2026 14:44:24,1.17.3,StopSig,0,3.96,1,1,Pellet,Left,566,837,442,168205900,0.66,16,nan
9/30/2026 14:44:40,1.17.3,StopSig,0,3.96,nan,1,>Left_Regular_trial,Left,567,837,442,168222685,nan,nan,nan
9/30/2026 14:44:40,1.17.3,StopSig,0,3.96,nan,1,Right_Regular_(correct),Left,567,838,442,168223530,nan,nan,nan
9/30/2026 14:44:51,1.17.3,StopSig,0,3.96,2,1,Pellet,Left,567,838,443,168223530,9.78,27,nan
9/30/2026 14:45:03,1.17.3,StopSig,0,3.96,nan,1,>Left_Stop_trial,Left,568,838,443,168245327,nan,nan,nan
9/30/2026 14:45:06,1.17.3,StopSig,0,3.96,nan,1,NoPoke_STOP_(correct),Left,568,838,443,168248948,nan,nan,nan
9/30/2026 14:45:07,1.17.3,StopSig,0,3.96,1,1,Pellet,Left,568,838,444,168248948,0.39,16,nan
9/30/2026 14:48:44,1.17.3,StopSig,0,3.96,nan,1,Right_no_left,Left,568,839,444,168248948,nan,nan,nan
9/30/2026 14:52:57,1.17.3,StopSig,0,3.96,nan,1,>Left_Regular_trial,Left,569,839,444,168719830,nan,nan,nan
9/30/2026 14:53:01,1.17.3,StopSig,0,3.96,nan,1,NoPoke_Regular_(incorrect),Left,569,839,444,168723927,nan,nan,nan
9/30/2026 14:55:56,1.17.3,StopSig,0,3.96,nan,1,Right_no_left,Left,569,840,444,168723927,nan,nan,nan
9/30/2026 15:52:58,1.17.3,StopSig,0,3.96,nan,1,>Left_Regular_trial,Left,570,840,444,172320841,nan,nan,nan
9/30/2026 15:53:00,1.17.3,StopSig,0,3.96,nan,1,Right_Regular_(correct),Left,570,841,444,172322975,nan,nan,nan
9/30/2026 15:53:01,1.17.3,StopSig,0,3.96,1,1,Pellet,Left,570,841,445,172322975,0.55,4074,nan
9/30/2026 15:53:21,1.17.3,StopSig,0,3.96,nan,1,>Left_Stop_trial,Left,571,841,445,172344316,nan,nan,nan
9/30/2026 15:53:22,1.17.3,StopSig,0,3.96,nan,1,Right_STOP_(incorrect),Left,571,842,445,172345196,nan,nan,nan
9/30/2026 15:53:52,1.17.3,StopSig,0,3.96,nan,1,>Left_Regular_trial,Left,572,842,445,172375500,nan,nan,nan
9/30/2026 15:53:53,1.17.3,StopSig,0,3.96,nan,1,Right_Regular_(correct),Left,572,843,445,172376909,nan,nan,nan
9/30/2026 15:53:57,1.17.3,StopSig,0,3.95,2,1,Pellet,Left,572,843,446,172376909,0.61,56,nan
9/30/2026 15:54:11,1.17.3,StopSig,0,3.96,nan,1,Right_no_left,Left,572,844,446,172376909,nan,nan,nan
9/30/2026 15:54:14,1.17.3,StopSig,0,3.96,nan,1,>Left_Regular_trial,Left,573,844,446,172397423,nan,nan,nan
9/30/2026 15:54:15,1.17.3,StopSig,0,3.96,nan,1,Right_Regular_(correct),Left,573,845,446,172398410,nan,nan,nan
9/30/2026 15:54:16,1.17.3,StopSig,0,3.96,1,1,Pellet,Left,573,845,447,172398410,0.22,19,nan
9/30/2026 15:54:31,1.17.3,StopSig,0,3.96,nan,1,Right_no_left,Left,573,846,447,172398410,nan,nan,nan
9/30/2026 15:54:31,1.17.3,StopSig,0,3.96,nan,1,Right_no_left,Left,573,847,447,172414198,nan,nan,nan
9/30/2026 15:54:34,1.17.3,StopSig,0,3.96,nan,1,>Left_Regular_trial,Left,574,847,447,172417018,nan,nan,nan
9/30/2026 15:54:34,1.17.3,StopSig,0,3.96,nan,1,Right_Regular_(correct),Left,574,848,447,172417862,nan,nan,nan
9/30/2026 15:54:36,1.17.3,StopSig,0,3.96,1,1,Pellet,Left,574,848,448,172417862,0.38,19,nan
9/30/2026 15:54:51,1.17.3,StopSig,0,3.96,nan,1,>Left_Regular_trial,Left,575,848,448,172434679,nan,nan,nan
9/30/2026 15:54:52,1.17.3,StopSig,0,3.96,nan,1,Right_Regular_(correct),Left,575,849,448,172435662,nan,nan,nan
9/30/2026 15:54:53,1.17.3,StopSig,0,3.96,1,1,Pellet,Left,575,849,449,172435662,0.16,18,nan
9/30/2026 15:55:09,1.17.3,StopSig,0,3.96,nan,1,Right_no_left,Left,575,850,449,172435662,nan,nan,nan
9/30/2026 15:55:09,1.17.3,StopSig,0,3.96,nan,1,Right_no_left,Left,575,851,449,172452105,nan,nan,nan
9/30/2026 15:55:10,1.17.3,StopSig,0,3.95,nan,1,>Left_Regular_trial,Left,576,851,449,172453796,nan,nan,nan
9/30/2026 15:55:11,1.17.3,StopSig,0,3.96,nan,1,Right_Regular_(correct),Left,576,852,449,172454496,nan,nan,nan
9/30/2026 15:55:11,1.17.3,StopSig,0,3.96,nan,1,RightDuringDispense,Left,576,853,449,172454496,nan,nan,0.06
9/30/2026 15:55:12,1.17.3,StopSig,0,3.96,2,1,Pellet,Left,576,853,450,172454496,0.11,19,nan
9/30/2026 15:55:26,1.17.3,StopSig,0,3.96,nan,1,Right_no_left,Left,576,854,450,172454496,nan,nan,nan
9/30/2026 15:55:29,1.17.3,StopSig,0,3.96,nan,1,Right_no_left,Left,576,855,450,172469985,nan,nan,nan
9/30/2026 15:55:30,1.17.3,StopSig,0,3.96,nan,1,Right_no_left,Left,576,856,450,172472951,nan,nan,nan
9/30/2026 16:30:08,1.17.3,StopSig,0,3.96,nan,1,Right_no_left,Left,576,857,450,172473227,nan,nan,nan
9/30/2026 16:30:09,1.17.3,StopSig,0,3.96,nan,1,Right_no_left,Left,576,858,450,174551586,nan,nan,nan
9/30/2026 16:30:13,1.17.3,StopSig,0,3.96,nan,1,Right_no_left,Left,576,859,450,174552449,nan,nan,nan
9/30/2026 16:30:13,1.17.3,StopSig,0,3.95,nan,1,Right_no_left,Left,576,860,450,174556281,nan,nan,nan
9/30/2026 16:30:13,1.17.3,StopSig,0,3.95,nan,1,Right_no_left,Left,576,861,450,174556573,nan,nan,nan
9/30/2026 16:30:15,1.17.3,StopSig,0,3.96,nan,1,>Left_Regular_trial,Left,577,861,450,174558430,nan,nan,nan
9/30/2026 16:30:16,1.17.3,StopSig,0,3.96,nan,1,Right_Regular_(correct),Left,577,862,450,174559159,nan,nan,nan
9/30/2026 16:30:16,1.17.3,StopSig,0,3.90,nan,1,RightDuringDispense,Left,577,863,450,174559159,nan,nan,0.04
9/30/2026 16:30:17,1.17.3,StopSig,0,3.96,2,1,Pellet,Left,577,863,451,174559159,0.05,2105,nan
9/30/2026 16:30:33,1.17.3,StopSig,0,3.95,nan,1,>Left_Regular_trial,Left,578,863,451,174576736,nan,nan,nan
9/30/2026 16:30:34,1.17.3,StopSig,0,3.96,nan,1,Right_Regular_(correct),Left,578,864,451,174577447,nan,nan,nan
9/30/2026 16:30:35,1.17.3,StopSig,0,3.95,1,1,Pellet,Left,578,864,452,174577447,0.50,18,nan
9/30/2026 16:30:54,1.17.3,StopSig,0,3.95,nan,1,>Left_Regular_trial,Left,579,864,452,174597222,nan,nan,nan
9/30/2026 16:30:54,1.17.3,StopSig,0,3.95,nan,1,Right_Regular_(correct),Left,579,865,452,174597959,nan,nan,nan
9/30/2026 16:30:55,1.17.3,StopSig,0,3.95,1,1,Pellet,Left,579,865,453,174597959,0.16,20,nan
9/30/2026 17:08:03,1.17.3,StopSig,0,3.95,nan,1,Right_no_left,Left,579,866,453,174597959,nan,nan,nan
9/30/2026 17:13:42,1.17.3,StopSig,0,3.95,nan,1,>Left_Regular_trial,Left,580,866,453,177165297,nan,nan,nan
9/30/2026 17:13:45,1.17.3,StopSig,0,3.95,nan,1,NoPoke_Regular_(incorrect),Left,580,866,453,177168559,nan,nan,nan
9/30/2026 17:18:43,1.17.3,StopSig,0,3.95,nan,1,>Left_Regular_trial,Left,581,866,453,177466568,nan,nan,nan
9/30/2026 17:18:47,1.17.3,StopSig,0,3.95,nan,1,NoPoke_Regular_(incorrect),Left,581,866,453,177470532,nan,nan,nan
9/30/2026 17:32:20,1.17.3,StopSig,0,3.95,nan,1,>Left_Regular_trial,Left,582,866,453,178283809,nan,nan,nan
9/30/2026 17:32:21,1.17.3,StopSig,0,3.95,nan,1,Right_Regular_(correct),Left,582,867,453,178285242,nan,nan,nan
9/30/2026 17:32:22,1.17.3,StopSig,0,3.95,1,1,Pellet,Left,582,867,454,178285242,0.22,3687,nan
9/30/2026 17:32:38,1.17.3,StopSig,0,3.95,nan,1,>Left_Regular_trial,Left,583,867,454,178301399,nan,nan,nan
9/30/2026 17:32:38,1.17.3,StopSig,0,3.95,nan,1,Right_Regular_(correct),Left,583,868,454,178302275,nan,nan,nan
9/30/2026 17:32:42,1.17.3,StopSig,0,3.94,2,1,Pellet,Left,583,868,455,178302275,0.55,20,nan
9/30/2026 17:32:54,1.17.3,StopSig,0,3.95,nan,1,Right_no_left,Left,583,869,455,178302275,nan,nan,nan
9/30/2026 17:32:55,1.17.3,StopSig,0,3.95,nan,1,Right_no_left,Left,583,870,455,178317977,nan,nan,nan
9/30/2026 17:33:08,1.17.3,StopSig,0,3.95,nan,1,Right_no_left,Left,583,871,455,178318831,nan,nan,nan
9/30/2026 17:33:08,1.17.3,StopSig,0,3.95,nan,1,Right_no_left,Left,583,872,455,178332133,nan,nan,nan
9/30/2026 17:38:01,1.17.3,StopSig,0,3.95,nan,1,>Left_Regular_trial,Left,584,872,455,178625205,nan,nan,nan
9/30/2026 17:38:04,1.17.3,StopSig,0,3.95,nan,1,Right_Regular_(correct),Left,584,873,455,178627912,nan,nan,nan
9/30/2026 17:38:05,1.17.3,StopSig,0,3.95,1,1,Pellet,Left,584,873,456,178627912,0.16,323,nan
9/30/2026 17:38:26,1.17.3,StopSig,0,3.95,nan,1,>Left_Regular_trial,Left,585,873,456,178649304,nan,nan,nan
9/30/2026 17:38:26,1.17.3,StopSig,0,3.94,nan,1,Right_Regular_(correct),Left,585,874,456,178650174,nan,nan,nan
9/30/2026 17:38:27,1.17.3,StopSig,0,3.95,1,1,Pellet,Left,585,874,457,178650174,0.16,22,nan
9/30/2026 17:51:17,1.17.3,StopSig,0,3.94,nan,1,>Left_Regular_trial,Left,586,874,457,179421156,nan,nan,nan
9/30/2026 17:51:21,1.17.3,StopSig,0,3.94,nan,1,NoPoke_Regular_(incorrect),Left,586,874,457,179424695,nan,nan,nan
9/30/2026 17:52:08,1.17.3,StopSig,0,3.94,nan,1,Right_no_left,Left,586,875,457,179424695,nan,nan,nan
9/30/2026 17:57:03,1.17.3,StopSig,0,3.94,nan,1,>Left_Regular_trial,Left,587,875,457,179766698,nan,nan,nan
9/30/2026 17:57:05,1.17.3,StopSig,0,3.95,nan,1,Right_Regular_(correct),Left,587,876,457,179768539,nan,nan,nan
9/30/2026 17:57:06,1.17.3,StopSig,0,3.94,1,1,Pellet,Left,587,876,458,179768539,0.33,1118,nan
9/30/2026 17:57:19,1.17.3,StopSig,0,3.95,nan,1,>Left_Regular_trial,Left,588,876,458,179783102,nan,nan,nan
9/30/2026 17:57:20,1.17.3,StopSig,0,3.95,nan,1,Right_Regular_(correct),Left,588,877,458,179783975,nan,nan,nan
9/30/2026 17:57:21,1.17.3,StopSig,0,3.94,1,1,Pellet,Left,588,877,459,179783975,0.22,16,nan
9/30/2026 17:57:35,1.17.3,StopSig,0,3.95,nan,1,>Left_Regular_trial,Left,589,877,459,179798828,nan,nan,nan
9/30/2026 17:57:36,1.17.3,StopSig,0,3.95,nan,1,Right_Regular_(correct),Left,589,878,459,179799558,nan,nan,nan
9/30/2026 17:57:37,1.17.3,StopSig,0,3.94,1,1,Pellet,Left,589,878,460,179799558,0.16,15,nan
9/30/2026 17:57:50,1.17.3,StopSig,0,3.95,nan,1,>Left_Stop_trial,Left,590,878,460,179813110,nan,nan,nan
9/30/2026 17:57:53,1.17.3,StopSig,0,3.94,nan,1,NoPoke_STOP_(correct),Left,590,878,460,179816681,nan,nan,nan
9/30/2026 17:57:54,1.17.3,StopSig,0,3.94,1,1,Pellet,Left,590,878,461,179816681,0.27,18,nan
9/30/2026 17:58:58,1.17.3,StopSig,0,3.95,nan,1,>Left_Regular_trial,Left,591,878,461,179881867,nan,nan,nan
9/30/2026 17:58:59,1.17.3,StopSig,0,3.94,nan,1,Right_Regular_(correct),Left,591,879,461,179883167,nan,nan,nan
9/30/2026 17:59:00,1.17.3,StopSig,0,3.94,1,1,Pellet,Left,591,879,462,179883167,0.33,66,nan
9/30/2026 18:15:15,1.17.3,StopSig,0,3.95,nan,1,>Left_Stop_trial,Left,592,879,462,180858809,nan,nan,nan
9/30/2026 18:15:19,1.17.3,StopSig,0,3.94,nan,1,NoPoke_STOP_(correct),Left,592,879,462,180862759,nan,nan,nan
9/30/2026 18:15:20,1.17.3,StopSig,0,3.95,1,1,Pellet,Left,592,879,463,180862759,0.83,980,nan
9/30/2026 18:15:43,1.17.3,StopSig,0,3.94,nan,1,Right_no_left,Left,592,880,463,180862759,nan,nan,nan
9/30/2026 18:15:43,1.17.3,StopSig,0,3.94,nan,1,Right_no_left,Left,592,881,463,180886919,nan,nan,nan
9/30/2026 18:15:44,1.17.3,StopSig,0,3.94,nan,1,Right_no_left,Left,592,882,463,180887621,nan,nan,nan
9/30/2026 18:15:46,1.17.3,StopSig,0,3.95,nan,1,>Left_Stop_trial,Left,593,882,463,180889315,nan,nan,nan
9/30/2026 18:15:46,1.17.3,StopSig,0,3.95,nan,1,Right_STOP_(incorrect),Left,593,883,463,180890087,nan,nan,nan
9/30/2026 18:16:17,1.17.3,StopSig,0,3.94,nan,1,>Left_Stop_trial,Left,594,883,463,180920388,nan,nan,nan
9/30/2026 18:16:20,1.17.3,StopSig,0,3.94,nan,1,NoPoke_STOP_(correct),Left,594,883,463,180923827,nan,nan,nan
9/30/2026 18:16:21,1.17.3,StopSig,0,3.94,1,1,Pellet,Left,594,883,464,180923827,0.16,61,nan
9/30/2026 18:16:39,1.17.3,StopSig,0,3.95,nan,1,Right_no_left,Left,594,884,464,180923827,nan,nan,nan
9/30/2026 18:16:39,1.17.3,StopSig,0,3.95,nan,1,Right_no_left,Left,594,885,464,180942779,nan,nan,nan
9/30/2026 18:16:40,1.17.3,StopSig,0,3.95,nan,1,Right_no_left,Left,594,886,464,180943623,nan,nan,nan
9/30/2026 18:16:54,1.17.3,StopSig,0,3.94,nan,1,>Left_Regular_trial,Left,595,886,464,180957795,nan,nan,nan
9/30/2026 18:16:55,1.17.3,StopSig,0,3.94,nan,1,Right_Regular_(correct),Left,595,887,464,180958922,nan,nan,nan
9/30/2026 18:16:56,1.17.3,StopSig,0,3.94,1,1,Pellet,Left,595,887,465,180958922,0.27,35,nan
9/30/2026 18:17:10,1.17.3,StopSig,0,3.94,nan,1,>Left_Regular_trial,Left,596,887,465,180974008,nan,nan,nan
9/30/2026 18:17:11,1.17.3,StopSig,0,3.94,nan,1,Right_Regular_(correct),Left,596,888,465,180975288,nan,nan,nan
9/30/2026 18:17:12,1.17.3,StopSig,0,3.94,1,1,Pellet,Left,596,888,466,180975288,0.27,16,nan
9/30/2026 18:17:26,1.17.3,StopSig,0,3.94,nan,1,>Left_Stop_trial,Left,597,888,466,180989822,nan,nan,nan
9/30/2026 18:17:30,1.17.3,StopSig,0,3.94,nan,1,NoPoke_STOP_(correct),Left,597,888,466,180993821,nan,nan,nan
9/30/2026 18:17:31,1.17.3,StopSig,0,3.94,2,1,Pellet,Left,597,888,467,180993821,0.22,19,nan
9/30/2026 18:17:44,1.17.3,StopSig,0,3.94,nan,1,>Left_Regular_trial,Left,598,888,467,181007627,nan,nan,nan
9/30/2026 18:17:46,1.17.3,StopSig,0,3.94,nan,1,Right_Regular_(correct),Left,598,889,467,181009605,nan,nan,nan
9/30/2026 18:17:46,1.17.3,StopSig,0,3.95,1,1,Pellet,Left,598,889,468,181009605,0.16,15,nan
9/30/2026 18:18:00,1.17.3,StopSig,0,3.95,nan,1,>Left_Regular_trial,Left,599,889,468,181023694,nan,nan,nan
9/30/2026 18:18:01,1.17.3,StopSig,0,3.94,nan,1,Right_Regular_(correct),Left,599,890,468,181024835,nan,nan,nan
9/30/2026 18:18:02,1.17.3,StopSig,0,3.95,1,1,Pellet,Left,599,890,469,181024835,0.11,16,nan
9/30/2026 18:18:16,1.17.3,StopSig,0,3.94,nan,1,>Left_Regular_trial,Left,600,890,469,181040174,nan,nan,nan
9/30/2026 18:18:17,1.17.3,StopSig,0,3.94,nan,1,Right_Regular_(correct),Left,600,891,469,181041026,nan,nan,nan
9/30/2026 18:18:18,1.17.3,StopSig,0,3.95,1,1,Pellet,Left,600,891,470,181041026,0.11,16,nan
9/30/2026 18:36:31,1.17.3,StopSig,0,3.94,nan,1,>Left_Regular_trial,Left,601,891,470,182135493,nan,nan,nan
9/30/2026 18:36:34,1.17.3,StopSig,0,3.94,nan,1,Right_Regular_(correct),Left,601,892,470,182137752,nan,nan,nan
9/30/2026 18:36:35,1.17.3,StopSig,0,3.94,1,1,Pellet,Left,601,892,471,182137752,0.50,1097,nan
9/30/2026 18:36:55,1.17.3,StopSig,0,3.94,nan,1,Right_no_left,Left,601,893,471,182137752,nan,nan,nan
9/30/2026 18:36:56,1.17.3,StopSig,0,3.94,nan,1,Right_no_left,Left,601,894,471,182159430,nan,nan,nan
9/30/2026 18:36:57,1.17.3,StopSig,0,3.94,nan,1,>Left_Regular_trial,Left,602,894,471,182161123,nan,nan,nan
9/30/2026 18:36:58,1.17.3,StopSig,0,3.94,nan,1,Right_Regular_(correct),Left,602,895,471,182162533,nan,nan,nan
9/30/2026 18:36:59,1.17.3,StopSig,0,3.94,1,1,Pellet,Left,602,895,472,182162533,0.22,24,nan
9/30/2026 18:37:16,1.17.3,StopSig,0,3.95,nan,1,Right_no_left,Left,602,896,472,182162533,nan,nan,nan
9/30/2026 18:37:16,1.17.3,StopSig,0,3.94,nan,1,Right_no_left,Left,602,897,472,182180080,nan,nan,nan
9/30/2026 18:37:18,1.17.3,StopSig,0,3.94,nan,1,>Left_Regular_trial,Left,603,897,472,182181915,nan,nan,nan
9/30/2026 18:37:19,1.17.3,StopSig,0,3.94,nan,1,Right_Regular_(correct),Left,603,898,472,182182900,nan,nan,nan
9/30/2026 18:37:20,1.17.3,StopSig,0,3.94,1,1,Pellet,Left,603,898,473,182182900,0.16,21,nan
9/30/2026 18:37:35,1.17.3,StopSig,0,3.94,nan,1,>Left_Regular_trial,Left,604,898,473,182198531,nan,nan,nan
9/30/2026 18:37:35,1.17.3,StopSig,0,3.94,nan,1,Right_Regular_(correct),Left,604,899,473,182199520,nan,nan,nan
9/30/2026 18:37:36,1.17.3,StopSig,0,3.94,1,1,Pellet,Left,604,899,474,182199520,0.22,16,nan
9/30/2026 18:37:51,1.17.3,StopSig,0,3.94,nan,1,>Left_Regular_trial,Left,605,899,474,182215270,nan,nan,nan
9/30/2026 18:37:52,1.17.3,StopSig,0,3.95,nan,1,Right_Regular_(correct),Left,605,900,474,182216118,nan,nan,nan
9/30/2026 18:37:53,1.17.3,StopSig,0,3.94,2,1,Pellet,Left,605,900,475,182216118,0.05,17,nan
9/30/2026 19:14:54,1.17.3,StopSig,0,3.94,nan,1,Right_no_left,Left,605,901,475,182216118,nan,nan,nan
9/30/2026 19:14:57,1.17.3,StopSig,0,3.94,nan,1,>Left_Regular_trial,Left,606,901,475,184440810,nan,nan,nan
9/30/2026 19:14:58,1.17.3,StopSig,0,3.94,nan,1,Right_Regular_(correct),Left,606,902,475,184441935,nan,nan,nan
9/30/2026 19:14:58,1.17.3,StopSig,0,3.94,1,1,Pellet,Left,606,902,476,184441935,0.22,2225,nan
9/30/2026 19:15:12,1.17.3,StopSig,0,3.94,nan,1,Right_no_left,Left,606,903,476,184441935,nan,nan,nan
9/30/2026 19:15:13,1.17.3,StopSig,0,3.94,nan,1,Right_no_left,Left,606,904,476,184456942,nan,nan,nan
9/30/2026 19:15:15,1.17.3,StopSig,0,3.94,nan,1,>Left_Regular_trial,Left,607,904,476,184459064,nan,nan,nan
9/30/2026 19:15:16,1.17.3,StopSig,0,3.94,nan,1,Right_Regular_(correct),Left,607,905,476,184460048,nan,nan,nan
9/30/2026 19:15:17,1.17.3,StopSig,0,3.94,2,1,Pellet,Left,607,905,477,184460048,0.05,19,nan
9/30/2026 19:15:31,1.17.3,StopSig,0,3.94,nan,1,>Left_Regular_trial,Left,608,905,477,184475220,nan,nan,nan
9/30/2026 19:15:32,1.17.3,StopSig,0,3.94,nan,1,Right_Regular_(correct),Left,608,906,477,184476355,nan,nan,nan
9/30/2026 19:15:33,1.17.3,StopSig,0,3.94,2,1,Pellet,Left,608,906,478,184476355,0.11,16,nan
9/30/2026 19:15:47,1.17.3,StopSig,0,3.94,nan,1,Right_no_left,Left,608,907,478,184476355,nan,nan,nan
9/30/2026 19:15:50,1.17.3,StopSig,0,3.94,nan,1,Right_no_left,Left,608,908,478,184491738,nan,nan,nan
9/30/2026 19:15:51,1.17.3,StopSig,0,3.94,nan,1,Right_no_left,Left,608,909,478,184494424,nan,nan,nan
9/30/2026 19:15:51,1.17.3,StopSig,0,3.94,nan,1,Right_no_left,Left,608,910,478,184495276,nan,nan,nan
9/30/2026 19:15:51,1.17.3,StopSig,0,3.94,nan,1,Right_no_left,Left,608,911,478,184495571,nan,nan,nan
9/30/2026 19:15:53,1.17.3,StopSig,0,3.94,nan,1,>Left_Stop_trial,Left,609,911,478,184496862,nan,nan,nan
9/30/2026 19:15:53,1.17.3,StopSig,0,3.94,nan,1,Right_STOP_(incorrect),Left,609,912,478,184497798,nan,nan,nan
9/30/2026 19:16:24,1.17.3,StopSig,0,3.94,nan,1,>Left_Regular_trial,Left,610,912,478,184528113,nan,nan,nan
9/30/2026 19:16:26,1.17.3,StopSig,0,3.94,nan,1,Right_Regular_(correct),Left,610,913,478,184529974,nan,nan,nan
9/30/2026 19:16:26,1.17.3,StopSig,0,3.94,1,1,Pellet,Left,610,913,479,184529974,0.11,53,nan
9/30/2026 19:16:39,1.17.3,StopSig,0,3.94,nan,1,Right_no_left,Left,610,914,479,184529974,nan,nan,nan
9/30/2026 19:16:40,1.17.3,StopSig,0,3.94,nan,1,Right_no_left,Left,610,915,479,184543757,nan,nan,nan
9/30/2026 19:16:41,1.17.3,StopSig,0,3.94,nan,1,>Left_Regular_trial,Left,611,915,479,184545169,nan,nan,nan
9/30/2026 19:16:42,1.17.3,StopSig,0,3.94,nan,1,Right_Regular_(correct),Left,611,916,479,184546171,nan,nan,nan
9/30/2026 19:16:43,1.17.3,StopSig,0,3.94,2,1,Pellet,Left,611,916,480,184546171,0.05,17,nan
9/30/2026 19:16:57,1.17.3,StopSig,0,3.94,nan,1,>Left_Stop_trial,Left,612,916,480,184560839,nan,nan,nan
9/30/2026 19:16:58,1.17.3,StopSig,0,3.94,nan,1,Right_STOP_(incorrect),Left,612,917,480,184561844,nan,nan,nan
9/30/2026 19:17:28,1.17.3,StopSig,0,3.94,nan,1,>Left_Regular_trial,Left,613,917,480,184592176,nan,nan,nan
9/30/2026 19:17:30,1.17.3,StopSig,0,3.94,nan,1,Right_Regular_(correct),Left,613,918,480,184594453,nan,nan,nan
9/30/2026 19:17:31,1.17.3,StopSig,0,3.94,1,1,Pellet,Left,613,918,481,184594453,0.22,48,nan
9/30/2026 19:17:45,1.17.3,StopSig,0,3.94,nan,1,>Left_Stop_trial,Left,614,918,481,184608589,nan,nan,nan
9/30/2026 19:17:45,1.17.3,StopSig,0,3.94,nan,1,Right_STOP_(incorrect),Left,614,919,481,184609463,nan,nan,nan
9/30/2026 19:29:35,1.17.3,StopSig,0,3.94,nan,1,>Left_Regular_trial,Left,615,919,481,185319007,nan,nan,nan
9/30/2026 19:29:36,1.17.3,StopSig,0,3.94,nan,1,Right_Regular_(correct),Left,615,920,481,185320297,nan,nan,nan
9/30/2026 19:29:37,1.17.3,StopSig,0,3.94,2,1,Pellet,Left,615,920,482,185320297,0.05,726,nan
9/30/2026 19:46:34,1.17.3,StopSig,0,3.94,nan,1,>Left_Regular_trial,Left,616,920,482,186338061,nan,nan,nan
9/30/2026 19:46:37,1.17.3,StopSig,0,3.94,nan,1,Right_Regular_(correct),Left,616,921,482,186341067,nan,nan,nan
9/30/2026 19:46:38,1.17.3,StopSig,0,3.94,1,1,Pellet,Left,616,921,483,186341067,0.22,1021,nan
9/30/2026 19:46:52,1.17.3,StopSig,0,3.94,nan,1,>Left_Regular_trial,Left,617,921,483,186355888,nan,nan,nan
9/30/2026 19:46:52,1.17.3,StopSig,0,3.94,nan,1,Right_Regular_(correct),Left,617,922,483,186356736,nan,nan,nan
9/30/2026 19:46:53,1.17.3,StopSig,0,3.94,2,1,Pellet,Left,617,922,484,186356736,0.05,15,nan
9/30/2026 19:47:08,1.17.3,StopSig,0,3.94,nan,1,>Left_Stop_trial,Left,618,922,484,186371659,nan,nan,nan
9/30/2026 19:47:08,1.17.3,StopSig,0,3.94,nan,1,Right_STOP_(incorrect),Left,618,923,484,186372543,nan,nan,nan
9/30/2026 19:47:39,1.17.3,StopSig,0,3.94,nan,1,>Left_Regular_trial,Left,619,923,484,186402856,nan,nan,nan
9/30/2026 19:47:42,1.17.3,StopSig,0,3.94,nan,1,NoPoke_Regular_(incorrect),Left,619,923,484,186406141,nan,nan,nan
9/30/2026 19:52:09,1.17.3,StopSig,0,3.94,nan,1,>Left_Regular_trial,Left,620,923,484,186673448,nan,nan,nan
9/30/2026 19:52:13,1.17.3,StopSig,0,3.94,nan,1,NoPoke_Regular_(incorrect),Left,620,923,484,186677161,nan,nan,nan
9/30/2026 20:07:23,1.17.3,StopSig,0,3.94,nan,1,>Left_Stop_trial,Left,621,923,484,187586741,nan,nan,nan
9/30/2026 20:07:26,1.17.3,StopSig,0,3.94,nan,1,NoPoke_STOP_(correct),Left,621,923,484,187590223,nan,nan,nan
9/30/2026 20:07:29,1.17.3,StopSig,0,3.94,2,1,Pellet,Left,621,923,485,187590223,0.44,1236,nan
9/30/2026 20:07:46,1.17.3,StopSig,0,3.94,nan,1,>Left_Regular_trial,Left,622,923,485,187609903,nan,nan,nan
9/30/2026 20:07:47,1.17.3,StopSig,0,3.94,nan,1,Right_Regular_(correct),Left,622,924,485,187611180,nan,nan,nan
9/30/2026 20:07:48,1.17.3,StopSig,0,3.93,1,1,Pellet,Left,622,924,486,187611180,0.16,19,nan
9/30/2026 20:08:01,1.17.3,StopSig,0,3.94,nan,1,>Left_Regular_trial,Left,623,924,486,187625631,nan,nan,nan
9/30/2026 20:08:05,1.17.3,StopSig,0,3.94,nan,1,NoPoke_Regular_(incorrect),Left,623,924,486,187629202,nan,nan,nan
9/30/2026 20:09:14,1.17.3,StopSig,0,3.94,nan,1,Right_no_left,Left,623,925,486,187629202,nan,nan,nan
9/30/2026 20:17:25,1.17.3,StopSig,0,3.94,nan,1,>Left_Regular_trial,Left,624,925,486,188189497,nan,nan,nan
9/30/2026 20:17:29,1.17.3,StopSig,0,3.94,nan,1,NoPoke_Regular_(incorrect),Left,624,925,486,188193348,nan,nan,nan
9/30/2026 20:35:49,1.17.3,StopSig,0,3.94,nan,1,Right_no_left,Left,624,926,486,188193348,nan,nan,nan
9/30/2026 20:36:46,1.17.3,StopSig,0,3.94,nan,1,>Left_Stop_trial,Left,625,926,486,189350396,nan,nan,nan
9/30/2026 20:36:50,1.17.3,StopSig,0,3.93,nan,1,NoPoke_STOP_(correct),Left,625,926,486,189354442,nan,nan,nan
9/30/2026 20:36:51,1.17.3,StopSig,0,3.93,1,1,Pellet,Left,625,926,487,189354442,0.61,1743,nan
9/30/2026 20:37:05,1.17.3,StopSig,0,3.94,nan,1,>Left_Regular_trial,Left,626,926,487,189369114,nan,nan,nan
9/30/2026 20:37:08,1.17.3,StopSig,0,3.93,nan,1,NoPoke_Regular_(incorrect),Left,626,926,487,189372401,nan,nan,nan
9/30/2026 20:38:10,1.17.3,StopSig,0,3.93,nan,1,Right_no_left,Left,626,927,487,189372401,nan,nan,nan
9/30/2026 20:38:11,1.17.3,StopSig,0,3.93,nan,1,Right_no_left,Left,626,928,487,189434838,nan,nan,nan
9/30/2026 20:45:12,1.17.3,StopSig,0,3.94,nan,1,>Left_Stop_trial,Left,627,928,487,189856481,nan,nan,nan
9/30/2026 20:45:16,1.17.3,StopSig,0,3.93,nan,1,NoPoke_STOP_(correct),Left,627,928,487,189860491,nan,nan,nan
9/30/2026 20:45:17,1.17.3,StopSig,0,3.93,1,1,Pellet,Left,627,928,488,189860491,0.33,506,nan
9/30/2026 20:45:35,1.17.3,StopSig,0,3.93,nan,1,>Left_Regular_trial,Left,628,928,488,189879195,nan,nan,nan
9/30/2026 20:45:38,1.17.3,StopSig,0,3.93,nan,1,NoPoke_Regular_(incorrect),Left,628,928,488,189882456,nan,nan,nan
9/30/2026 20:52:48,1.17.3,StopSig,0,3.93,nan,1,>Left_Regular_trial,Left,629,928,488,190312183,nan,nan,nan
9/30/2026 20:52:51,1.17.3,StopSig,0,3.94,nan,1,NoPoke_Regular_(incorrect),Left,629,928,488,190315449,nan,nan,nan
9/30/2026 20:53:25,1.17.3,StopSig,0,3.93,nan,1,Right_no_left,Left,629,929,488,190315449,nan,nan,nan
9/30/2026 20:53:27,1.17.3,StopSig,0,3.93,nan,1,>Left_Stop_trial,Left,630,929,488,190351310,nan,nan,nan
9/30/2026 20:53:31,1.17.3,StopSig,0,3.94,nan,1,NoPoke_STOP_(correct),Left,630,929,488,190355478,nan,nan,nan
9/30/2026 20:53:32,1.17.3,StopSig,0,3.94,1,1,Pellet,Left,630,929,489,190355478,0.55,495,nan
9/30/2026 20:53:43,1.17.3,StopSig,0,3.94,nan,1,>Left_Regular_trial,Left,631,929,489,190367940,nan,nan,nan
9/30/2026 20:53:45,1.17.3,StopSig,0,3.93,nan,1,Right_Regular_(correct),Left,631,930,489,190369779,nan,nan,nan
9/30/2026 20:53:54,1.17.3,StopSig,0,3.93,2,1,Pellet,Left,631,930,490,190369779,6.65,22,nan
9/30/2026 20:54:07,1.17.3,StopSig,0,3.93,nan,1,>Left_Regular_trial,Left,632,930,490,190391969,nan,nan,nan
9/30/2026 20:54:09,1.17.3,StopSig,0,3.93,nan,1,Right_Regular_(correct),Left,632,931,490,190393240,nan,nan,nan
9/30/2026 20:54:12,1.17.3,StopSig,0,3.93,2,1,Pellet,Left,632,931,491,190393240,0.39,18,nan
9/30/2026 20:54:25,1.17.3,StopSig,0,3.93,nan,1,>Left_Stop_trial,Left,633,931,491,190409178,nan,nan,nan
9/30/2026 20:54:28,1.17.3,StopSig,0,3.93,nan,1,NoPoke_STOP_(correct),Left,633,931,491,190412498,nan,nan,nan
9/30/2026 20:54:29,1.17.3,StopSig,0,3.93,2,1,Pellet,Left,633,931,492,190412498,0.22,17,nan
9/30/2026 20:54:41,1.17.3,StopSig,0,3.93,nan,1,>Left_Regular_trial,Left,634,931,492,190425173,nan,nan,nan
9/30/2026 20:54:42,1.17.3,StopSig,0,3.93,nan,1,Right_Regular_(correct),Left,634,932,492,190426882,nan,nan,nan
9/30/2026 20:54:43,1.17.3,StopSig,0,3.94,1,1,Pellet,Left,634,932,493,190426882,0.16,14,nan
9/30/2026 21:05:33,1.17.3,StopSig,0,3.93,nan,1,Right_no_left,Left,634,933,493,190426882,nan,nan,nan
9/30/2026 21:05:34,1.17.3,StopSig,0,3.93,nan,1,Right_no_left,Left,634,934,493,191077948,nan,nan,nan
9/30/2026 21:05:36,1.17.3,StopSig,0,3.93,nan,1,>Left_Regular_trial,Left,635,934,493,191080493,nan,nan,nan
9/30/2026 21:05:37,1.17.3,StopSig,0,3.94,nan,1,Right_Regular_(correct),Left,635,935,493,191081768,nan,nan,nan
9/30/2026 21:05:38,1.17.3,StopSig,0,3.93,1,1,Pellet,Left,635,935,494,191081768,0.16,655,nan
9/30/2026 21:05:55,1.17.3,StopSig,0,3.93,nan,1,>Left_Stop_trial,Left,636,935,494,191099548,nan,nan,nan
9/30/2026 21:05:59,1.17.3,StopSig,0,3.93,nan,1,NoPoke_STOP_(correct),Left,636,935,494,191103573,nan,nan,nan
9/30/2026 21:06:00,1.17.3,StopSig,0,3.93,1,1,Pellet,Left,636,935,495,191103573,0.22,22,nan
9/30/2026 21:06:15,1.17.3,StopSig,0,3.93,nan,1,Right_no_left,Left,636,936,495,191103573,nan,nan,nan
9/30/2026 21:06:16,1.17.3,StopSig,0,3.93,nan,1,Right_no_left,Left,636,937,495,191120267,nan,nan,nan
9/30/2026 21:06:18,1.17.3,StopSig,0,3.93,nan,1,Right_no_left,Left,636,938,495,191120828,nan,nan,nan
9/30/2026 21:06:19,1.17.3,StopSig,0,3.93,nan,1,Right_no_left,Left,636,939,495,191122806,nan,nan,nan
9/30/2026 21:12:41,1.17.3,StopSig,0,3.93,nan,1,Right_no_left,Left,636,940,495,191123793,nan,nan,nan
9/30/2026 21:24:00,1.17.3,StopSig,0,3.93,nan,1,>Left_Regular_trial,Left,637,940,495,192184783,nan,nan,nan
9/30/2026 21:24:04,1.17.3,StopSig,0,3.93,nan,1,NoPoke_Regular_(incorrect),Left,637,940,495,192188618,nan,nan,nan
9/30/2026 21:24:48,1.17.3,StopSig,0,3.93,nan,1,Right_no_left,Left,637,941,495,192188618,nan,nan,nan
9/30/2026 21:25:29,1.17.3,StopSig,0,3.93,nan,1,Right_no_left,Left,637,942,495,192233378,nan,nan,nan
9/30/2026 21:25:31,1.17.3,StopSig,0,3.93,nan,1,>Left_Stop_trial,Left,638,942,495,192275735,nan,nan,nan
9/30/2026 21:25:35,1.17.3,StopSig,0,3.94,nan,1,NoPoke_STOP_(correct),Left,638,942,495,192279598,nan,nan,nan
9/30/2026 21:25:36,1.17.3,StopSig,0,3.93,1,1,Pellet,Left,638,942,496,192279598,0.66,1176,nan
9/30/2026 21:25:48,1.17.3,StopSig,0,3.93,nan,1,>Left_Regular_trial,Left,639,942,496,192292249,nan,nan,nan
9/30/2026 21:25:49,1.17.3,StopSig,0,3.94,nan,1,Right_Regular_(correct),Left,639,943,496,192293377,nan,nan,nan
9/30/2026 21:25:49,1.17.3,StopSig,0,3.93,1,1,Pellet,Left,639,943,497,192293377,0.16,13,nan
9/30/2026 21:26:00,1.17.3,StopSig,0,3.93,nan,1,>Left_Regular_trial,Left,640,943,497,192304360,nan,nan,nan
9/30/2026 21:26:01,1.17.3,StopSig,0,3.93,nan,1,Right_Regular_(correct),Left,640,944,497,192305361,nan,nan,nan
9/30/2026 21:26:08,1.17.3,StopSig,0,3.93,2,1,Pellet,Left,640,944,498,192305361,4.86,19,nan
9/30/2026 21:26:23,1.17.3,StopSig,0,3.93,nan,1,>Left_Stop_trial,Left,641,944,498,192327674,nan,nan,nan
9/30/2026 21:26:27,1.17.3,StopSig,0,3.93,nan,1,NoPoke_STOP_(correct),Left,641,944,498,192331573,nan,nan,nan
9/30/2026 21:26:28,1.17.3,StopSig,0,3.93,1,1,Pellet,Left,641,944,499,192331573,0.22,20,nan
9/30/2026 21:43:45,1.17.3,StopSig,0,3.93,nan,1,Right_no_left,Left,641,945,499,192331573,nan,nan,nan
9/30/2026 21:43:51,1.17.3,StopSig,0,3.93,nan,1,Right_no_left,Left,641,946,499,193370354,nan,nan,nan
9/30/2026 21:43:54,1.17.3,StopSig,0,3.93,nan,1,Right_no_left,Left,641,947,499,193375728,nan,nan,nan
9/30/2026 21:44:59,1.17.3,StopSig,0,3.93,nan,1,Right_no_left,Left,641,948,499,193379546,nan,nan,nan
9/30/2026 21:52:14,1.17.3,StopSig,0,3.93,nan,1,>Left_Regular_trial,Left,642,948,499,193879079,nan,nan,nan
9/30/2026 21:52:18,1.17.3,StopSig,0,3.93,nan,1,NoPoke_Regular_(incorrect),Left,642,948,499,193882760,nan,nan,nan
9/30/2026 21:54:16,1.17.3,StopSig,0,3.93,nan,1,Right_no_left,Left,642,949,499,193882760,nan,nan,nan
9/30/2026 21:54:22,1.17.3,StopSig,0,3.93,nan,1,>Left_Regular_trial,Left,643,949,499,194007257,nan,nan,nan
9/30/2026 21:54:24,1.17.3,StopSig,0,3.93,nan,1,Right_Regular_(correct),Left,643,950,499,194008832,nan,nan,nan
9/30/2026 21:54:25,1.17.3,StopSig,0,3.93,1,1,Pellet,Left,643,950,500,194008832,0.11,1677,nan
9/30/2026 21:54:38,1.17.3,StopSig,0,3.93,nan,1,>Left_Regular_trial,Left,644,950,500,194023328,nan,nan,nan
9/30/2026 21:54:40,1.17.3,StopSig,0,3.93,nan,1,Right_Regular_(correct),Left,644,951,500,194024743,nan,nan,nan
9/30/2026 21:54:47,1.17.3,StopSig,0,3.93,2,1,Pellet,Left,644,951,501,194024743,4.69,22,nan
9/30/2026 21:55:01,1.17.3,StopSig,0,3.93,nan,1,Right_no_left,Left,644,952,501,194024743,nan,nan,nan
9/30/2026 21:55:05,1.17.3,StopSig,0,3.93,nan,1,Right_no_left,Left,644,953,501,194046481,nan,nan,nan
9/30/2026 21:55:06,1.17.3,StopSig,0,3.93,nan,1,Right_no_left,Left,644,954,501,194049898,nan,nan,nan
9/30/2026 21:55:08,1.17.3,StopSig,0,3.93,nan,1,>Left_Regular_trial,Left,645,954,501,194052333,nan,nan,nan
9/30/2026 21:55:08,1.17.3,StopSig,0,3.93,nan,1,Right_Regular_(correct),Left,645,955,501,194053347,nan,nan,nan
9/30/2026 21:55:09,1.17.3,StopSig,0,3.93,2,1,Pellet,Left,645,955,502,194053347,0.05,22,nan
9/30/2026 21:55:20,1.17.3,StopSig,0,3.93,nan,1,>Left_Regular_trial,Left,646,955,502,194065290,nan,nan,nan
9/30/2026 21:55:22,1.17.3,StopSig,0,3.93,nan,1,Right_Regular_(correct),Left,646,956,502,194067278,nan,nan,nan
9/30/2026 21:55:31,1.17.3,StopSig,0,3.93,2,1,Pellet,Left,646,956,503,194067278,5.54,22,nan
9/30/2026 21:55:46,1.17.3,StopSig,0,3.93,nan,1,>Left_Regular_trial,Left,647,956,503,194090731,nan,nan,nan
9/30/2026 21:55:47,1.17.3,StopSig,0,3.93,nan,1,Right_Regular_(correct),Left,647,957,503,194092018,nan,nan,nan
9/30/2026 21:55:48,1.17.3,StopSig,0,3.93,2,1,Pellet,Left,647,957,504,194092018,0.27,17,nan
9/30/2026 22:10:12,1.17.3,StopSig,0,3.93,nan,1,>Left_Regular_trial,Left,648,957,504,194956815,nan,nan,nan
9/30/2026 22:10:13,1.17.3,StopSig,0,3.93,nan,1,Right_Regular_(correct),Left,648,958,504,194958407,nan,nan,nan
9/30/2026 22:10:15,1.17.3,StopSig,0,3.93,1,1,Pellet,Left,648,958,505,194958407,0.44,866,nan
9/30/2026 22:10:31,1.17.3,StopSig,0,3.93,nan,1,Right_no_left,Left,648,959,505,194958407,nan,nan,nan
9/30/2026 22:10:31,1.17.3,StopSig,0,3.93,nan,1,Right_no_left,Left,648,960,505,194975734,nan,nan,nan
9/30/2026 22:10:32,1.17.3,StopSig,0,3.93,nan,1,Right_no_left,Left,648,961,505,194976441,nan,nan,nan
9/30/2026 22:10:33,1.17.3,StopSig,0,3.93,nan,1,>Left_Regular_trial,Left,649,961,505,194977860,nan,nan,nan
9/30/2026 22:10:34,1.17.3,StopSig,0,3.93,nan,1,Right_Regular_(correct),Left,649,962,505,194978711,nan,nan,nan
9/30/2026 22:10:35,1.17.3,StopSig,0,3.93,1,1,Pellet,Left,649,962,506,194978711,0.16,21,nan
9/30/2026 22:10:51,1.17.3,StopSig,0,3.93,nan,1,>Left_Regular_trial,Left,650,962,506,194995695,nan,nan,nan
9/30/2026 22:10:52,1.17.3,StopSig,0,3.93,nan,1,Right_Regular_(correct),Left,650,963,506,194996714,nan,nan,nan
9/30/2026 22:10:53,1.17.3,StopSig,0,3.93,1,1,Pellet,Left,650,963,507,194996714,0.22,18,nan
9/30/2026 22:11:06,1.17.3,StopSig,0,3.93,nan,1,>Left_Regular_trial,Left,651,963,507,195010391,nan,nan,nan
9/30/2026 22:11:06,1.17.3,StopSig,0,3.93,nan,1,Right_Regular_(correct),Left,651,964,507,195011121,nan,nan,nan
9/30/2026 22:11:14,1.17.3,StopSig,0,3.93,2,1,Pellet,Left,651,964,508,195011121,4.75,21,nan
9/30/2026 22:15:54,1.17.3,StopSig,0,3.93,nan,1,Right_no_left,Left,651,965,508,195011121,nan,nan,nan
9/30/2026 22:15:55,1.17.3,StopSig,0,3.93,nan,1,Right_no_left,Left,651,966,508,195299407,nan,nan,nan
9/30/2026 22:17:25,1.17.3,StopSig,0,3.93,nan,1,>Left_Regular_trial,Left,652,966,508,195390233,nan,nan,nan
9/30/2026 22:17:29,1.17.3,StopSig,0,3.93,nan,1,NoPoke_Regular_(incorrect),Left,652,966,508,195393794,nan,nan,nan
9/30/2026 22:21:03,1.17.3,StopSig,0,3.93,nan,1,>Left_Regular_trial,Left,653,966,508,195608418,nan,nan,nan
9/30/2026 22:21:07,1.17.3,StopSig,0,3.93,nan,1,NoPoke_Regular_(incorrect),Left,653,966,508,195611856,nan,nan,nan
9/30/2026 22:31:34,1.17.3,StopSig,0,3.93,nan,1,>Left_Regular_trial,Left,654,966,508,196238619,nan,nan,nan
9/30/2026 22:31:37,1.17.3,StopSig,0,3.93,nan,1,NoPoke_Regular_(incorrect),Left,654,966,508,196241911,nan,nan,nan
9/30/2026 22:32:43,1.17.3,StopSig,0,3.93,nan,1,Right_no_left,Left,654,967,508,196241911,nan,nan,nan
9/30/2026 22:32:47,1.17.3,StopSig,0,3.93,nan,1,>Left_Regular_trial,Left,655,967,508,196312306,nan,nan,nan
9/30/2026 22:32:51,1.17.3,StopSig,0,3.93,nan,1,NoPoke_Regular_(incorrect),Left,655,967,508,196315858,nan,nan,nan
9/30/2026 22:34:03,1.17.3,StopSig,0,3.93,nan,1,>Left_Regular_trial,Left,656,967,508,196388492,nan,nan,nan
9/30/2026 22:34:07,1.17.3,StopSig,0,3.93,nan,1,NoPoke_Regular_(incorrect),Left,656,967,508,196391898,nan,nan,nan
9/30/2026 22:35:16,1.17.3,StopSig,0,3.93,nan,1,>Left_Regular_trial,Left,657,967,508,196461001,nan,nan,nan
9/30/2026 22:35:20,1.17.3,StopSig,0,3.93,nan,1,NoPoke_Regular_(incorrect),Left,657,967,508,196464855,nan,nan,nan
9/30/2026 22:42:21,1.17.3,StopSig,0,3.93,nan,1,>Left_Regular_trial,Left,658,967,508,196885602,nan,nan,nan
9/30/2026 22:42:24,1.17.3,StopSig,0,3.93,nan,1,NoPoke_Regular_(incorrect),Left,658,967,508,196888897,nan,nan,nan
9/30/2026 22:43:44,1.17.3,StopSig,0,3.93,nan,1,>Left_Regular_trial,Left,659,967,508,196968806,nan,nan,nan
9/30/2026 22:43:48,1.17.3,StopSig,0,3.93,nan,1,NoPoke_Regular_(incorrect),Left,659,967,508,196972923,nan,nan,nan
9/30/2026 22:47:26,1.17.3,StopSig,0,3.93,nan,1,>Left_Regular_trial,Left,660,967,508,197191121,nan,nan,nan
9/30/2026 22:47:28,1.17.3,StopSig,0,3.93,nan,1,Right_Regular_(correct),Left,660,968,508,197193679,nan,nan,nan
9/30/2026 22:47:29,1.17.3,StopSig,0,3.92,1,1,Pellet,Left,660,968,509,197193679,0.33,2175,nan
9/30/2026 22:47:42,1.17.3,StopSig,0,3.93,nan,1,>Left_Regular_trial,Left,661,968,509,197207061,nan,nan,nan
9/30/2026 22:47:43,1.17.3,StopSig,0,3.92,nan,1,Right_Regular_(correct),Left,661,969,509,197207937,nan,nan,nan
9/30/2026 22:47:44,1.17.3,StopSig,0,3.93,1,1,Pellet,Left,661,969,510,197207937,0.11,15,nan
9/30/2026 22:47:57,1.17.3,StopSig,0,3.93,nan,1,Right_no_left,Left,661,970,510,197207937,nan,nan,nan
9/30/2026 22:47:58,1.17.3,StopSig,0,3.93,nan,1,Right_no_left,Left,661,971,510,197222327,nan,nan,nan
9/30/2026 22:47:58,1.17.3,StopSig,0,3.92,nan,1,Right_no_left,Left,661,972,510,197222897,nan,nan,nan
9/30/2026 22:48:00,1.17.3,StopSig,0,3.93,nan,1,>Left_Stop_trial,Left,662,972,510,197224447,nan,nan,nan
9/30/2026 22:48:00,1.17.3,StopSig,0,3.93,nan,1,Right_STOP_(incorrect),Left,662,973,510,197225238,nan,nan,nan
9/30/2026 22:48:36,1.17.3,StopSig,0,3.93,nan,1,>Left_Stop_trial,Left,663,973,510,197260931,nan,nan,nan
9/30/2026 22:48:40,1.17.3,StopSig,0,3.93,nan,1,NoPoke_STOP_(correct),Left,663,973,510,197264994,nan,nan,nan
9/30/2026 22:48:52,1.17.3,StopSig,0,3.92,7,1,Pellet,Left,663,973,511,197264994,0.27,68,nan
9/30/2026 22:49:04,1.17.3,StopSig,0,3.93,nan,1,>Left_Regular_trial,Left,664,973,511,197289371,nan,nan,nan
9/30/2026 22:49:06,1.17.3,StopSig,0,3.93,nan,1,Right_Regular_(correct),Left,664,974,511,197290792,nan,nan,nan
9/30/2026 22:49:13,1.17.3,StopSig,0,3.93,2,1,Pellet,Left,664,974,512,197290792,4.92,21,nan
9/30/2026 22:49:29,1.17.3,StopSig,0,3.92,nan,1,>Left_Stop_trial,Left,665,974,512,197313554,nan,nan,nan
9/30/2026 22:49:32,1.17.3,StopSig,0,3.93,nan,1,NoPoke_STOP_(correct),Left,665,974,512,197316913,nan,nan,nan
9/30/2026 22:49:33,1.17.3,StopSig,0,3.93,1,1,Pellet,Left,665,974,513,197316913,0.11,20,nan
9/30/2026 22:49:44,1.17.3,StopSig,0,3.93,nan,1,>Left_Stop_trial,Left,666,974,513,197328830,nan,nan,nan
9/30/2026 22:49:48,1.17.3,StopSig,0,3.92,nan,1,NoPoke_STOP_(correct),Left,666,974,513,197332877,nan,nan,nan
9/30/2026 22:49:49,1.17.3,StopSig,0,3.92,1,1,Pellet,Left,666,974,514,197332877,0.39,16,nan
9/30/2026 22:59:06,1.17.3,StopSig,0,3.92,nan,1,>Left_Stop_trial,Left,667,974,514,197890824,nan,nan,nan
9/30/2026 22:59:10,1.17.3,StopSig,0,3.93,nan,1,NoPoke_STOP_(correct),Left,667,974,514,197895036,nan,nan,nan
9/30/2026 22:59:11,1.17.3,StopSig,0,3.93,2,1,Pellet,Left,667,974,515,197895036,0.05,562,nan
9/30/2026 22:59:25,1.17.3,StopSig,0,3.92,nan,1,>Left_Regular_trial,Left,668,974,515,197910526,nan,nan,nan
9/30/2026 22:59:26,1.17.3,StopSig,0,3.92,nan,1,Right_Regular_(correct),Left,668,975,515,197911666,nan,nan,nan
9/30/2026 22:59:27,1.17.3,StopSig,0,3.92,1,1,Pellet,Left,668,975,516,197911666,0.22,16,nan
9/30/2026 22:59:43,1.17.3,StopSig,0,3.93,nan,1,>Left_Regular_trial,Left,669,975,516,197928014,nan,nan,nan
9/30/2026 22:59:44,1.17.3,StopSig,0,3.93,nan,1,Right_Regular_(correct),Left,669,976,516,197929426,nan,nan,nan
9/30/2026 22:59:45,1.17.3,StopSig,0,3.93,1,1,Pellet,Left,669,976,517,197929426,0.22,18,nan
9/30/2026 22:59:58,1.17.3,StopSig,0,3.93,nan,1,Right_no_left,Left,669,977,517,197929426,nan,nan,nan
9/30/2026 23:00:00,1.17.3,StopSig,0,3.93,nan,1,>Left_Regular_trial,Left,670,977,517,197944649,nan,nan,nan
9/30/2026 23:00:00,1.17.3,StopSig,0,3.93,nan,1,Right_Regular_(correct),Left,670,978,517,197945646,nan,nan,nan
9/30/2026 23:00:01,1.17.3,StopSig,0,3.93,1,1,Pellet,Left,670,978,518,197945646,0.16,16,nan
9/30/2026 23:00:17,1.17.3,StopSig,0,3.92,nan,1,Right_no_left,Left,670,979,518,197945646,nan,nan,nan
9/30/2026 23:00:19,1.17.3,StopSig,0,3.93,nan,1,>Left_Regular_trial,Left,671,979,518,197963719,nan,nan,nan
9/30/2026 23:00:22,1.17.3,StopSig,0,3.92,nan,1,NoPoke_Regular_(incorrect),Left,671,979,518,197966978,nan,nan,nan
9/30/2026 23:00:54,1.17.3,StopSig,0,3.92,nan,1,Right_no_left,Left,671,980,518,197966978,nan,nan,nan
9/30/2026 23:00:57,1.17.3,StopSig,0,3.93,nan,1,>Left_Regular_trial,Left,672,980,518,198001666,nan,nan,nan
9/30/2026 23:00:57,1.17.3,StopSig,0,3.93,nan,1,Right_Regular_(correct),Left,672,981,518,198002652,nan,nan,nan
9/30/2026 23:00:59,1.17.3,StopSig,0,3.92,1,1,Pellet,Left,672,981,519,198002652,0.55,58,nan
9/30/2026 23:01:10,1.17.3,StopSig,0,3.93,nan,1,>Left_Regular_trial,Left,673,981,519,198014833,nan,nan,nan
9/30/2026 23:01:12,1.17.3,StopSig,0,3.93,nan,1,Right_Regular_(correct),Left,673,982,519,198017104,nan,nan,nan
9/30/2026 23:01:13,1.17.3,StopSig,0,3.92,2,1,Pellet,Left,673,982,520,198017104,0.11,14,nan
9/30/2026 23:01:28,1.17.3,StopSig,0,3.93,nan,1,>Left_Regular_trial,Left,674,982,520,198032794,nan,nan,nan
9/30/2026 23:01:28,1.17.3,StopSig,0,3.92,nan,1,Right_Regular_(correct),Left,674,983,520,198033646,nan,nan,nan
9/30/2026 23:01:29,1.17.3,StopSig,0,3.92,2,1,Pellet,Left,674,983,521,198033646,0.11,16,nan
9/30/2026 23:01:42,1.17.3,StopSig,0,3.93,nan,1,>Left_Regular_trial,Left,675,983,521,198047322,nan,nan,nan
9/30/2026 23:01:43,1.17.3,StopSig,0,3.92,nan,1,Right_Regular_(correct),Left,675,984,521,198048307,nan,nan,nan
9/30/2026 23:01:44,1.17.3,StopSig,0,3.92,1,1,Pellet,Left,675,984,522,198048307,0.44,15,nan
9/30/2026 23:07:22,1.17.3,StopSig,0,3.92,nan,1,>Left_Stop_trial,Left,676,984,522,198386652,nan,nan,nan
9/30/2026 23:07:25,1.17.3,StopSig,0,3.92,nan,1,NoPoke_STOP_(correct),Left,676,984,522,198390086,nan,nan,nan
9/30/2026 23:07:26,1.17.3,StopSig,0,3.93,1,1,Pellet,Left,676,984,523,198390086,0.50,342,nan
9/30/2026 23:07:43,1.17.3,StopSig,0,3.93,nan,1,>Left_Stop_trial,Left,677,984,523,198408286,nan,nan,nan
9/30/2026 23:07:47,1.17.3,StopSig,0,3.92,nan,1,NoPoke_STOP_(correct),Left,677,984,523,198412025,nan,nan,nan
9/30/2026 23:07:48,1.17.3,StopSig,0,3.93,1,1,Pellet,Left,677,984,524,198412025,0.39,22,nan
9/30/2026 23:08:05,1.17.3,StopSig,0,3.93,nan,1,>Left_Regular_trial,Left,678,984,524,198430023,nan,nan,nan
9/30/2026 23:08:09,1.17.3,StopSig,0,3.93,nan,1,NoPoke_Regular_(incorrect),Left,678,984,524,198433992,nan,nan,nan
9/30/2026 23:11:30,1.17.3,StopSig,0,3.93,nan,1,>Left_Stop_trial,Left,679,984,524,198634154,nan,nan,nan
9/30/2026 23:11:33,1.17.3,StopSig,0,3.92,nan,1,NoPoke_STOP_(correct),Left,679,984,524,198638066,nan,nan,nan
9/30/2026 23:11:34,1.17.3,StopSig,0,3.92,1,1,Pellet,Left,679,984,525,198638066,0.78,226,nan
9/30/2026 23:14:17,1.17.3,StopSig,0,3.92,nan,1,>Left_Regular_trial,Left,680,984,525,198802462,nan,nan,nan
9/30/2026 23:14:20,1.17.3,StopSig,0,3.92,nan,1,Right_Regular_(correct),Left,680,985,525,198805746,nan,nan,nan
9/30/2026 23:14:21,1.17.3,StopSig,0,3.92,nan,1,RightDuringDispense,Left,680,986,525,198805746,nan,nan,0.18
9/30/2026 23:14:22,1.17.3,StopSig,0,3.92,1,1,Pellet,Left,680,986,526,198805746,0.55,168,nan
9/30/2026 23:14:35,1.17.3,StopSig,0,3.92,nan,1,>Left_Regular_trial,Left,681,986,526,198819834,nan,nan,nan
9/30/2026 23:14:36,1.17.3,StopSig,0,3.92,nan,1,Right_Regular_(correct),Left,681,987,526,198821123,nan,nan,nan
9/30/2026 23:14:37,1.17.3,StopSig,0,3.92,2,1,Pellet,Left,681,987,527,198821123,0.05,15,nan
9/30/2026 23:14:50,1.17.3,StopSig,0,3.92,nan,1,>Left_Regular_trial,Left,682,987,527,198835033,nan,nan,nan
9/30/2026 23:14:52,1.17.3,StopSig,0,3.93,nan,1,Right_Regular_(correct),Left,682,988,527,198836875,nan,nan,nan
9/30/2026 23:14:52,1.17.3,StopSig,0,3.92,1,1,Pellet,Left,682,988,528,198836875,0.16,15,nan
9/30/2026 23:15:04,1.17.3,StopSig,0,3.92,nan,1,Right_no_left,Left,682,989,528,198836875,nan,nan,nan
9/30/2026 23:15:04,1.17.3,StopSig,0,3.92,nan,1,Right_no_left,Left,682,990,528,198849000,nan,nan,nan
9/30/2026 23:15:06,1.17.3,StopSig,0,3.92,nan,1,>Left_Regular_trial,Left,683,990,528,198851432,nan,nan,nan
9/30/2026 23:15:07,1.17.3,StopSig,0,3.93,nan,1,Right_Regular_(correct),Left,683,991,528,198852301,nan,nan,nan
9/30/2026 23:15:16,1.17.3,StopSig,0,3.92,2,1,Pellet,Left,683,991,529,198852301,5.87,24,nan
9/30/2026 23:37:28,1.17.3,StopSig,0,3.93,nan,1,Right_no_left,Left,683,992,529,198852301,nan,nan,nan
9/30/2026 23:37:28,1.17.3,StopSig,0,3.92,nan,1,Right_no_left,Left,683,993,529,200193412,nan,nan,nan
9/30/2026 23:37:29,1.17.3,StopSig,0,3.92,nan,1,Right_no_left,Left,683,994,529,200193972,nan,nan,nan
9/30/2026 23:37:34,1.17.3,StopSig,0,3.92,nan,1,Right_no_left,Left,683,995,529,200194398,nan,nan,nan
9/30/2026 23:37:35,1.17.3,StopSig,0,3.92,nan,1,Right_no_left,Left,683,996,529,200199650,nan,nan,nan
9/30/2026 23:37:35,1.17.3,StopSig,0,3.92,nan,1,Right_no_left,Left,683,997,529,200200362,nan,nan,nan
9/30/2026 23:37:37,1.17.3,StopSig,0,3.92,nan,1,>Left_Regular_trial,Left,684,997,529,200202234,nan,nan,nan
9/30/2026 23:37:38,1.17.3,StopSig,0,3.92,nan,1,Right_Regular_(correct),Left,684,998,529,200203245,nan,nan,nan
9/30/2026 23:37:38,1.17.3,StopSig,0,3.87,nan,1,RightDuringDispense,Left,684,999,529,200203245,nan,nan,0.02
9/30/2026 23:37:39,1.17.3,StopSig,0,3.91,1,1,Pellet,Left,684,999,530,200203245,0.33,1343,nan
9/30/2026 23:37:56,1.17.3,StopSig,0,3.92,nan,1,Right_no_left,Left,684,1000,530,200203245,nan,nan,nan
9/30/2026 23:37:58,1.17.3,StopSig,0,3.92,nan,1,>Left_Regular_trial,Left,685,1000,530,200223060,nan,nan,nan
9/30/2026 23:38:02,1.17.3,StopSig,0,3.92,nan,1,NoPoke_Regular_(incorrect),Left,685,1000,530,200227181,nan,nan,nan
9/30/2026 23:38:34,1.17.3,StopSig,0,3.92,nan,1,Right_no_left,Left,685,1001,530,200227181,nan,nan,nan
9/30/2026 23:38:35,1.17.3,StopSig,0,3.92,nan,1,Right_no_left,Left,685,1002,530,200260057,nan,nan,nan
9/30/2026 23:38:35,1.17.3,StopSig,0,3.93,nan,1,Right_no_left,Left,685,1003,530,200260490,nan,nan,nan
9/30/2026 23:38:36,1.17.3,StopSig,0,3.92,nan,1,Right_no_left,Left,685,1004,530,200260780,nan,nan,nan
9/30/2026 23:38:37,1.17.3,StopSig,0,3.92,nan,1,Right_no_left,Left,685,1005,530,200261518,nan,nan,nan
9/30/2026 23:38:38,1.17.3,StopSig,0,3.92,nan,1,>Left_Regular_trial,Left,686,1005,530,200263663,nan,nan,nan
9/30/2026 23:38:39,1.17.3,StopSig,0,3.92,nan,1,Right_Regular_(correct),Left,686,1006,530,200264526,nan,nan,nan
9/30/2026 23:38:40,1.17.3,StopSig,0,3.92,1,1,Pellet,Left,686,1006,531,200264526,0.16,61,nan
9/30/2026 23:38:52,1.17.3,StopSig,0,3.92,nan,1,Right_no_left,Left,686,1007,531,200264526,nan,nan,nan
9/30/2026 23:38:54,1.17.3,StopSig,0,3.92,nan,1,>Left_Stop_trial,Left,687,1007,531,200278688,nan,nan,nan
9/30/2026 23:38:54,1.17.3,StopSig,0,3.93,nan,1,Right_STOP_(incorrect),Left,687,1008,531,200279547,nan,nan,nan
9/30/2026 23:39:25,1.17.3,StopSig,0,3.91,nan,1,>Left_Stop_trial,Left,688,1008,531,200309861,nan,nan,nan
9/30/2026 23:39:28,1.17.3,StopSig,0,3.92,nan,1,NoPoke_STOP_(correct),Left,688,1008,531,200313225,nan,nan,nan
9/30/2026 23:39:29,1.17.3,StopSig,0,3.92,1,1,Pellet,Left,688,1008,532,200313225,0.33,49,nan
9/30/2026 23:39:39,1.17.3,StopSig,0,3.92,nan,1,Right_no_left,Left,688,1009,532,200313225,nan,nan,nan
9/30/2026 23:39:41,1.17.3,StopSig,0,3.92,nan,1,Right_no_left,Left,688,1010,532,200324074,nan,nan,nan
9/30/2026 23:39:41,1.17.3,StopSig,0,3.92,nan,1,Right_no_left,Left,688,1011,532,200326366,nan,nan,nan
9/30/2026 23:39:45,1.17.3,StopSig,0,3.92,nan,1,Right_no_left,Left,688,1012,532,200326645,nan,nan,nan
9/30/2026 23:39:45,1.17.3,StopSig,0,3.92,nan,1,Right_no_left,Left,688,1013,532,200330195,nan,nan,nan
9/30/2026 23:39:48,1.17.3,StopSig,0,3.92,nan,1,>Left_Stop_trial,Left,689,1013,532,200332611,nan,nan,nan
9/30/2026 23:39:48,1.17.3,StopSig,0,3.92,nan,1,Right_STOP_(incorrect),Left,689,1014,532,200333561,nan,nan,nan
9/30/2026 23:40:19,1.17.3,StopSig,0,3.92,nan,1,>Left_Stop_trial,Left,690,1014,532,200363875,nan,nan,nan
9/30/2026 23:40:22,1.17.3,StopSig,0,3.92,nan,1,NoPoke_STOP_(correct),Left,690,1014,532,200367132,nan,nan,nan
9/30/2026 23:40:25,1.17.3,StopSig,0,3.92,3,1,Pellet,Left,690,1014,533,200367132,0.55,56,nan
9/30/2026 23:40:42,1.17.3,StopSig,0,3.92,nan,1,>Left_Regular_trial,Left,691,1014,533,200387612,nan,nan,nan
9/30/2026 23:40:43,1.17.3,StopSig,0,3.93,nan,1,Right_Regular_(correct),Left,691,1015,533,200388620,nan,nan,nan
9/30/2026 23:40:44,1.17.3,StopSig,0,3.92,1,1,Pellet,Left,691,1015,534,200388620,0.11,19,nan
9/30/2026 23:41:03,1.17.3,StopSig,0,3.92,nan,1,>Left_Regular_trial,Left,692,1015,534,200408116,nan,nan,nan
9/30/2026 23:41:04,1.17.3,StopSig,0,3.92,nan,1,Right_Regular_(correct),Left,692,1016,534,200408968,nan,nan,nan
9/30/2026 23:41:04,1.17.3,StopSig,0,3.92,1,1,Pellet,Left,692,1016,535,200408968,0.11,20,nan
9/30/2026 23:41:20,1.17.3,StopSig,0,3.92,nan,1,>Left_Stop_trial,Left,693,1016,535,200424465,nan,nan,nan
9/30/2026 23:41:23,1.17.3,StopSig,0,3.92,nan,1,NoPoke_STOP_(correct),Left,693,1016,535,200428207,nan,nan,nan
9/30/2026 23:41:24,1.17.3,StopSig,0,3.93,2,1,Pellet,Left,693,1016,536,200428207,0.05,20,nan
9/30/2026 23:41:38,1.17.3,StopSig,0,3.92,nan,1,>Left_Regular_trial,Left,694,1016,536,200443428,nan,nan,nan
9/30/2026 23:41:42,1.17.3,StopSig,0,3.92,nan,1,NoPoke_Regular_(incorrect),Left,694,1016,536,200447123,nan,nan,nan
9/30/2026 23:43:18,1.17.3,StopSig,0,3.92,nan,1,Right_no_left,Left,694,1017,536,200447123,nan,nan,nan
9/30/2026 23:43:19,1.17.3,StopSig,0,3.92,nan,1,Right_no_left,Left,694,1018,536,200543201,nan,nan,nan
9/30/2026 23:43:20,1.17.3,StopSig,0,3.93,nan,1,Right_no_left,Left,694,1019,536,200544755,nan,nan,nan
9/30/2026 23:43:24,1.17.3,StopSig,0,3.92,nan,1,Right_no_left,Left,694,1020,536,200545742,nan,nan,nan
9/30/2026 23:43:25,1.17.3,StopSig,0,3.92,nan,1,Right_no_left,Left,694,1021,536,200549427,nan,nan,nan
9/30/2026 23:43:25,1.17.3,StopSig,0,3.92,nan,1,Right_no_left,Left,694,1022,536,200550130,nan,nan,nan
9/30/2026 23:43:28,1.17.3,StopSig,0,3.92,nan,1,>Left_Stop_trial,Left,695,1022,536,200552829,nan,nan,nan
9/30/2026 23:43:28,1.17.3,StopSig,0,3.92,nan,1,Right_STOP_(incorrect),Left,695,1023,536,200553622,nan,nan,nan
9/30/2026 23:46:15,1.17.3,StopSig,0,3.92,nan,1,>Left_Regular_trial,Left,696,1023,536,200719828,nan,nan,nan
9/30/2026 23:46:17,1.17.3,StopSig,0,3.92,nan,1,Right_Regular_(correct),Left,696,1024,536,200722404,nan,nan,nan
9/30/2026 23:46:17,1.17.3,StopSig,0,3.92,nan,1,RightDuringDispense,Left,696,1025,536,200722404,nan,nan,0.16
9/30/2026 23:46:18,1.17.3,StopSig,0,3.92,1,1,Pellet,Left,696,1025,537,200722404,0.55,294,nan
10/1/2026 0:01:01,1.17.3,StopSig,0,3.92,nan,1,>Left_Regular_trial,Left,697,1025,537,201605982,nan,nan,nan
10/1/2026 0:01:02,1.17.3,StopSig,0,3.92,nan,1,Right_Regular_(correct),Left,697,1026,537,201607825,nan,nan,nan
10/1/2026 0:01:03,1.17.3,StopSig,0,3.92,2,1,Pellet,Left,697,1026,538,201607825,0.27,885,nan
10/1/2026 0:01:19,1.17.3,StopSig,0,3.92,nan,1,>Left_Stop_trial,Left,698,1026,538,201624136,nan,nan,nan
10/1/2026 0:01:23,1.17.3,StopSig,0,3.92,nan,1,NoPoke_STOP_(correct),Left,698,1026,538,201628200,nan,nan,nan
10/1/2026 0:01:24,1.17.3,StopSig,0,3.92,1,1,Pellet,Left,698,1026,539,201628200,0.61,21,nan
10/1/2026 0:01:38,1.17.3,StopSig,0,3.92,nan,1,>Left_Regular_trial,Left,699,1026,539,201643262,nan,nan,nan
10/1/2026 0:01:39,1.17.3,StopSig,0,3.93,nan,1,Right_Regular_(correct),Left,699,1027,539,201644402,nan,nan,nan
10/1/2026 0:01:40,1.17.3,StopSig,0,3.92,1,1,Pellet,Left,699,1027,540,201644402,0.16,16,nan
10/1/2026 0:01:53,1.17.3,StopSig,0,3.92,nan,1,>Left_Regular_trial,Left,700,1027,540,201658215,nan,nan,nan
10/1/2026 0:01:54,1.17.3,StopSig,0,3.92,nan,1,Right_Regular_(correct),Left,700,1028,540,201659058,nan,nan,nan
10/1/2026 0:01:55,1.17.3,StopSig,0,3.92,1,1,Pellet,Left,700,1028,541,201659058,0.27,14,nan
10/1/2026 0:02:05,1.17.3,StopSig,0,3.92,nan,1,Right_no_left,Left,700,1029,541,201659058,nan,nan,nan
10/1/2026 0:02:07,1.17.3,StopSig,0,3.91,nan,1,>Left_Regular_trial,Left,701,1029,541,201672494,nan,nan,nan
10/1/2026 0:02:09,1.17.3,StopSig,0,3.91,nan,1,Right_Regular_(correct),Left,701,1030,541,201674045,nan,nan,nan
10/1/2026 0:02:09,1.17.3,StopSig,0,3.91,1,1,Pellet,Left,701,1030,542,201674045,0.11,15,nan
10/1/2026 0:02:24,1.17.3,StopSig,0,3.92,nan,1,>Left_Regular_trial,Left,702,1030,542,201689400,nan,nan,nan
10/1/2026 0:02:25,1.17.3,StopSig,0,3.92,nan,1,Right_Regular_(correct),Left,702,1031,542,201690246,nan,nan,nan
10/1/2026 0:02:26,1.17.3,StopSig,0,3.91,2,1,Pellet,Left,702,1031,543,201690246,0.05,17,nan
10/1/2026 0:02:39,1.17.3,StopSig,0,3.93,nan,1,Right_no_left,Left,702,1032,543,201690246,nan,nan,nan
10/1/2026 0:02:40,1.17.3,StopSig,0,3.92,nan,1,Right_no_left,Left,702,1033,543,201704592,nan,nan,nan
10/1/2026 0:02:42,1.17.3,StopSig,0,3.92,nan,1,>Left_Regular_trial,Left,703,1033,543,201707704,nan,nan,nan
10/1/2026 0:02:43,1.17.3,StopSig,0,3.92,nan,1,Right_Regular_(correct),Left,703,1034,543,201708406,nan,nan,nan
10/1/2026 0:02:44,1.17.3,StopSig,0,3.92,1,1,Pellet,Left,703,1034,544,201708406,0.05,18,nan
10/1/2026 0:02:57,1.17.3,StopSig,0,3.92,nan,1,>Left_Regular_trial,Left,704,1034,544,201722439,nan,nan,nan
10/1/2026 0:02:58,1.17.3,StopSig,0,3.92,nan,1,Right_Regular_(correct),Left,704,1035,544,201723140,nan,nan,nan
10/1/2026 0:02:58,1.17.3,StopSig,0,3.92,1,1,Pellet,Left,704,1035,545,201723140,0.16,14,nan
10/1/2026 0:06:04,1.17.3,StopSig,0,3.91,nan,1,Right_no_left,Left,704,1036,545,201723140,nan,nan,nan
10/1/2026 0:06:04,1.17.3,StopSig,0,3.91,nan,1,Right_no_left,Left,704,1037,545,201909242,nan,nan,nan
10/1/2026 0:06:11,1.17.3,StopSig,0,3.92,nan,1,>Left_Regular_trial,Left,705,1037,545,201915897,nan,nan,nan
10/1/2026 0:06:11,1.17.3,StopSig,0,3.92,nan,1,Right_Regular_(correct),Left,705,1038,545,201917023,nan,nan,nan
10/1/2026 0:06:12,1.17.3,StopSig,0,3.92,2,1,Pellet,Left,705,1038,546,201917023,0.16,194,nan
10/1/2026 0:06:30,1.17.3,StopSig,0,3.92,nan,1,>Left_Regular_trial,Left,706,1038,546,201935330,nan,nan,nan
10/1/2026 0:06:31,1.17.3,StopSig,0,3.91,nan,1,Right_Regular_(correct),Left,706,1039,546,201936320,nan,nan,nan
10/1/2026 0:06:32,1.17.3,StopSig,0,3.92,1,1,Pellet,Left,706,1039,547,201936320,0.16,20,nan
10/1/2026 0:06:49,1.17.3,StopSig,0,3.92,nan,1,>Left_Stop_trial,Left,707,1039,547,201954434,nan,nan,nan
10/1/2026 0:06:50,1.17.3,StopSig,0,3.91,nan,1,Right_STOP_(incorrect),Left,707,1040,547,201955291,nan,nan,nan
10/1/2026 0:21:13,1.17.3,StopSig,0,3.92,nan,1,>Left_Regular_trial,Left,708,1040,547,202818570,nan,nan,nan
10/1/2026 0:21:15,1.17.3,StopSig,0,3.92,nan,1,Right_Regular_(correct),Left,708,1041,547,202820845,nan,nan,nan
10/1/2026 0:21:16,1.17.3,StopSig,0,3.92,1,1,Pellet,Left,708,1041,548,202820845,0.16,884,nan
10/1/2026 0:21:32,1.17.3,StopSig,0,3.92,nan,1,>Left_Regular_trial,Left,709,1041,548,202837624,nan,nan,nan
10/1/2026 0:21:33,1.17.3,StopSig,0,3.92,nan,1,Right_Regular_(correct),Left,709,1042,548,202838891,nan,nan,nan
10/1/2026 0:21:34,1.17.3,StopSig,0,3.92,1,1,Pellet,Left,709,1042,549,202838891,0.16,18,nan
10/1/2026 0:21:48,1.17.3,StopSig,0,3.92,nan,1,>Left_Regular_trial,Left,710,1042,549,202853561,nan,nan,nan
10/1/2026 0:21:49,1.17.3,StopSig,0,3.92,nan,1,Right_Regular_(correct),Left,710,1043,549,202854428,nan,nan,nan
10/1/2026 0:21:50,1.17.3,StopSig,0,3.92,1,1,Pellet,Left,710,1043,550,202854428,0.16,16,nan
10/1/2026 0:22:04,1.17.3,StopSig,0,3.92,nan,1,>Left_Regular_trial,Left,711,1043,550,202869465,nan,nan,nan
10/1/2026 0:22:05,1.17.3,StopSig,0,3.92,nan,1,Right_Regular_(correct),Left,711,1044,550,202870183,nan,nan,nan
10/1/2026 0:22:05,1.17.3,StopSig,0,3.92,1,1,Pellet,Left,711,1044,551,202870183,0.05,15,nan
10/1/2026 0:22:20,1.17.3,StopSig,0,3.92,nan,1,>Left_Regular_trial,Left,712,1044,551,202885598,nan,nan,nan
10/1/2026 0:22:21,1.17.3,StopSig,0,3.92,nan,1,Right_Regular_(correct),Left,712,1045,551,202886304,nan,nan,nan
10/1/2026 0:22:21,1.17.3,StopSig,0,3.92,1,1,Pellet,Left,712,1045,552,202886304,0.05,16,nan
10/1/2026 0:22:36,1.17.3,StopSig,0,3.92,nan,1,>Left_Regular_trial,Left,713,1045,552,202901826,nan,nan,nan
10/1/2026 0:22:37,1.17.3,StopSig,0,3.92,nan,1,Right_Regular_(correct),Left,713,1046,552,202902544,nan,nan,nan
10/1/2026 0:22:38,1.17.3,StopSig,0,3.91,1,1,Pellet,Left,713,1046,553,202902544,0.11,17,nan
10/1/2026 0:22:54,1.17.3,StopSig,0,3.92,nan,1,Right_no_left,Left,713,1047,553,202902544,nan,nan,nan
10/1/2026 0:22:55,1.17.3,StopSig,0,3.91,nan,1,Right_no_left,Left,713,1048,553,202919806,nan,nan,nan
10/1/2026 0:22:55,1.17.3,StopSig,0,3.92,nan,1,Right_no_left,Left,713,1049,553,202920527,nan,nan,nan
10/1/2026 0:37:41,1.17.3,StopSig,0,3.91,nan,1,Right_no_left,Left,713,1050,553,202920822,nan,nan,nan
10/1/2026 1:02:59,1.17.3,StopSig,0,3.91,nan,1,>Left_Regular_trial,Left,714,1050,553,205324391,nan,nan,nan
10/1/2026 1:03:01,1.17.3,StopSig,0,3.92,nan,1,Right_Regular_(correct),Left,714,1051,553,205326374,nan,nan,nan
10/1/2026 1:03:02,1.17.3,StopSig,0,3.92,1,1,Pellet,Left,714,1051,554,205326374,0.33,2424,nan
10/1/2026 1:03:18,1.17.3,StopSig,0,3.91,nan,1,>Left_Regular_trial,Left,715,1051,554,205343833,nan,nan,nan
10/1/2026 1:03:19,1.17.3,StopSig,0,3.91,nan,1,Right_Regular_(correct),Left,715,1052,554,205344840,nan,nan,nan
10/1/2026 1:03:20,1.17.3,StopSig,0,3.91,1,1,Pellet,Left,715,1052,555,205344840,0.16,18,nan
10/1/2026 1:03:43,1.17.3,StopSig,0,3.91,nan,1,>Left_Regular_trial,Left,716,1052,555,205368217,nan,nan,nan
10/1/2026 1:03:43,1.17.3,StopSig,0,3.91,nan,1,Right_Regular_(correct),Left,716,1053,555,205369094,nan,nan,nan
10/1/2026 1:04:01,1.17.3,StopSig,0,3.91,2,1,Pellet,Left,716,1053,556,205369094,15.00,41,nan
10/1/2026 1:04:22,1.17.3,StopSig,0,3.91,nan,1,>Left_Regular_trial,Left,717,1053,556,205408104,nan,nan,nan
10/1/2026 1:04:23,1.17.3,StopSig,0,3.91,nan,1,Right_Regular_(correct),Left,717,1054,556,205409096,nan,nan,nan
10/1/2026 1:04:24,1.17.3,StopSig,0,3.91,1,1,Pellet,Left,717,1054,557,205409096,0.27,23,nan
10/1/2026 1:04:41,1.17.3,StopSig,0,3.91,nan,1,>Left_Regular_trial,Left,718,1054,557,205427114,nan,nan,nan
10/1/2026 1:04:42,1.17.3,StopSig,0,3.91,nan,1,Right_Regular_(correct),Left,718,1055,557,205427963,nan,nan,nan
10/1/2026 1:04:43,1.17.3,StopSig,0,3.91,1,1,Pellet,Left,718,1055,558,205427963,0.16,19,nan
10/1/2026 1:04:56,1.17.3,StopSig,0,3.91,nan,1,>Left_Regular_trial,Left,719,1055,558,205441645,nan,nan,nan
10/1/2026 1:04:57,1.17.3,StopSig,0,3.91,nan,1,Right_Regular_(correct),Left,719,1056,558,205442373,nan,nan,nan
10/1/2026 1:04:58,1.17.3,StopSig,0,3.92,1,1,Pellet,Left,719,1056,559,205442373,0.22,14,nan
10/1/2026 1:05:12,1.17.3,StopSig,0,3.92,nan,1,Right_no_left,Left,719,1057,559,205442373,nan,nan,nan
10/1/2026 1:05:13,1.17.3,StopSig,0,3.91,nan,1,Right_no_left,Left,719,1058,559,205457767,nan,nan,nan
10/1/2026 1:20:06,1.17.3,StopSig,0,3.91,nan,1,>Left_Regular_trial,Left,720,1058,559,206351382,nan,nan,nan
10/1/2026 1:20:09,1.17.3,StopSig,0,3.91,nan,1,Right_Regular_(correct),Left,720,1059,559,206354362,nan,nan,nan
10/1/2026 1:20:09,1.17.3,StopSig,0,3.91,1,1,Pellet,Left,720,1059,560,206354362,0.27,912,nan
10/1/2026 1:22:57,1.17.3,StopSig,0,3.91,nan,1,Right_no_left,Left,720,1060,560,206354362,nan,nan,nan
10/1/2026 1:57:37,1.17.3,StopSig,0,3.91,nan,1,>Left_Stop_trial,Left,721,1060,560,208602585,nan,nan,nan
10/1/2026 1:57:41,1.17.3,StopSig,0,3.91,nan,1,NoPoke_STOP_(correct),Left,721,1060,560,208606705,nan,nan,nan
10/1/2026 1:57:42,1.17.3,StopSig,0,3.91,1,1,Pellet,Left,721,1060,561,208606705,0.44,2253,nan
10/1/2026 1:58:00,1.17.3,StopSig,0,3.91,nan,1,>Left_Regular_trial,Left,722,1060,561,208626330,nan,nan,nan
10/1/2026 1:58:01,1.17.3,StopSig,0,3.91,nan,1,Right_Regular_(correct),Left,722,1061,561,208627482,nan,nan,nan
10/1/2026 1:58:02,1.17.3,StopSig,0,3.91,1,1,Pellet,Left,722,1061,562,208627482,0.16,20,nan
10/1/2026 1:58:23,1.17.3,StopSig,0,3.91,nan,1,>Left_Regular_trial,Left,723,1061,562,208648369,nan,nan,nan
10/1/2026 1:58:23,1.17.3,StopSig,0,3.91,nan,1,Right_Regular_(correct),Left,723,1062,562,208649502,nan,nan,nan
10/1/2026 1:58:24,1.17.3,StopSig,0,3.91,1,1,Pellet,Left,723,1062,563,208649502,0.05,22,nan
10/1/2026 1:58:41,1.17.3,StopSig,0,3.91,nan,1,>Left_Stop_trial,Left,724,1062,563,208666110,nan,nan,nan
10/1/2026 1:58:41,1.17.3,StopSig,0,3.91,nan,1,Right_STOP_(incorrect),Left,724,1063,563,208666928,nan,nan,nan
10/1/2026 1:59:12,1.17.3,StopSig,0,3.91,nan,1,>Left_Stop_trial,Left,725,1063,563,208697247,nan,nan,nan
10/1/2026 1:59:15,1.17.3,StopSig,0,3.91,nan,1,NoPoke_STOP_(correct),Left,725,1063,563,208700727,nan,nan,nan
10/1/2026 1:59:16,1.17.3,StopSig,0,3.91,2,1,Pellet,Left,725,1063,564,208700727,0.05,52,nan
10/1/2026 1:59:30,1.17.3,StopSig,0,3.91,nan,1,>Left_Regular_trial,Left,726,1063,564,208715452,nan,nan,nan
10/1/2026 1:59:31,1.17.3,StopSig,0,3.91,nan,1,Right_Regular_(correct),Left,726,1064,564,208716605,nan,nan,nan
10/1/2026 1:59:40,1.17.3,StopSig,0,3.91,3,1,Pellet,Left,726,1064,565,208716605,6.76,24,nan
10/1/2026 2:00:04,1.17.3,StopSig,0,3.91,nan,1,>Left_Regular_trial,Left,727,1064,565,208749592,nan,nan,nan
10/1/2026 2:00:05,1.17.3,StopSig,0,3.91,nan,1,Right_Regular_(correct),Left,727,1065,565,208750719,nan,nan,nan
10/1/2026 2:00:06,1.17.3,StopSig,0,3.91,1,1,Pellet,Left,727,1065,566,208750719,0.16,26,nan
10/1/2026 2:20:43,1.17.3,StopSig,0,3.91,nan,1,>Left_Stop_trial,Left,728,1065,566,209988888,nan,nan,nan
10/1/2026 2:20:47,1.17.3,StopSig,0,3.91,nan,1,NoPoke_STOP_(correct),Left,728,1065,566,209992835,nan,nan,nan
10/1/2026 2:20:48,1.17.3,StopSig,0,3.91,1,1,Pellet,Left,728,1065,567,209992835,0.44,1242,nan
10/1/2026 2:21:09,1.17.3,StopSig,0,3.91,nan,1,Right_no_left,Left,728,1066,567,209992835,nan,nan,nan
10/1/2026 2:32:54,1.17.3,StopSig,0,3.91,nan,1,>Left_Stop_trial,Left,729,1066,567,210719293,nan,nan,nan
10/1/2026 2:32:57,1.17.3,StopSig,0,3.91,nan,1,NoPoke_STOP_(correct),Left,729,1066,567,210722904,nan,nan,nan
10/1/2026 2:32:58,1.17.3,StopSig,0,3.91,1,1,Pellet,Left,729,1066,568,210722904,0.27,730,nan
10/1/2026 2:52:59,1.17.3,StopSig,0,3.91,nan,1,>Left_Regular_trial,Left,730,1066,568,211925366,nan,nan,nan
10/1/2026 2:53:03,1.17.3,StopSig,0,3.91,nan,1,NoPoke_Regular_(incorrect),Left,730,1066,568,211928911,nan,nan,nan
10/1/2026 3:09:13,1.17.3,StopSig,0,3.91,nan,1,>Left_Stop_trial,Left,731,1066,568,212898945,nan,nan,nan
10/1/2026 3:09:17,1.17.3,StopSig,0,3.90,nan,1,NoPoke_STOP_(correct),Left,731,1066,568,212903013,nan,nan,nan
10/1/2026 3:09:18,1.17.3,StopSig,0,3.90,1,1,Pellet,Left,731,1066,569,212903013,0.61,2180,nan
10/1/2026 3:09:33,1.17.3,StopSig,0,3.91,nan,1,>Left_Stop_trial,Left,732,1066,569,212918411,nan,nan,nan
10/1/2026 3:09:36,1.17.3,StopSig,0,3.91,nan,1,NoPoke_STOP_(correct),Left,732,1066,569,212922106,nan,nan,nan
10/1/2026 3:09:37,1.17.3,StopSig,0,3.90,1,1,Pellet,Left,732,1066,570,212922106,0.27,19,nan
10/1/2026 3:09:53,1.17.3,StopSig,0,3.91,nan,1,>Left_Regular_trial,Left,733,1066,570,212938729,nan,nan,nan
10/1/2026 3:09:56,1.17.3,StopSig,0,3.91,nan,1,NoPoke_Regular_(incorrect),Left,733,1066,570,212941984,nan,nan,nan
10/1/2026 3:14:50,1.17.3,StopSig,0,3.91,nan,1,>Left_Regular_trial,Left,734,1066,570,213236243,nan,nan,nan
10/1/2026 3:14:54,1.17.3,StopSig,0,3.90,nan,1,NoPoke_Regular_(incorrect),Left,734,1066,570,213240060,nan,nan,nan
10/1/2026 3:26:35,1.17.3,StopSig,0,3.91,nan,1,>Left_Regular_trial,Left,735,1066,570,213940793,nan,nan,nan
10/1/2026 3:26:37,1.17.3,StopSig,0,3.90,nan,1,Right_Regular_(correct),Left,735,1067,570,213942946,nan,nan,nan
10/1/2026 3:26:49,1.17.3,StopSig,0,3.90,7,1,Pellet,Left,735,1067,571,213942946,0.22,1032,nan
10/1/2026 3:27:02,1.17.3,StopSig,0,3.91,nan,1,>Left_Regular_trial,Left,736,1067,571,213968315,nan,nan,nan
10/1/2026 3:27:03,1.17.3,StopSig,0,3.90,nan,1,Right_Regular_(correct),Left,736,1068,571,213969299,nan,nan,nan
10/1/2026 3:27:11,1.17.3,StopSig,0,3.91,2,1,Pellet,Left,736,1068,572,213969299,4.75,21,nan
10/1/2026 3:27:23,1.17.3,StopSig,0,3.90,nan,1,Right_no_left,Left,736,1069,572,213969299,nan,nan,nan
10/1/2026 3:27:24,1.17.3,StopSig,0,3.90,nan,1,Right_no_left,Left,736,1070,572,213989651,nan,nan,nan
10/1/2026 3:27:27,1.17.3,StopSig,0,3.91,nan,1,Right_no_left,Left,736,1071,572,213990494,nan,nan,nan
10/1/2026 3:27:29,1.17.3,StopSig,0,3.91,nan,1,Right_no_left,Left,736,1072,572,213993321,nan,nan,nan
10/1/2026 3:27:32,1.17.3,StopSig,0,3.91,nan,1,>Left_Regular_trial,Left,737,1072,572,213997991,nan,nan,nan
10/1/2026 3:27:33,1.17.3,StopSig,0,3.91,nan,1,Right_Regular_(correct),Left,737,1073,572,213998977,nan,nan,nan
10/1/2026 3:27:34,1.17.3,StopSig,0,3.91,1,1,Pellet,Left,737,1073,573,213998977,0.16,24,nan
10/1/2026 3:27:47,1.17.3,StopSig,0,3.91,nan,1,Right_no_left,Left,737,1074,573,213998977,nan,nan,nan
10/1/2026 3:27:48,1.17.3,StopSig,0,3.90,nan,1,Right_no_left,Left,737,1075,573,214013375,nan,nan,nan
10/1/2026 3:27:48,1.17.3,StopSig,0,3.91,nan,1,Right_no_left,Left,737,1076,573,214014079,nan,nan,nan
10/1/2026 3:27:50,1.17.3,StopSig,0,3.90,nan,1,>Left_Regular_trial,Left,738,1076,573,214016054,nan,nan,nan
10/1/2026 3:27:51,1.17.3,StopSig,0,3.91,nan,1,Right_Regular_(correct),Left,738,1077,573,214016897,nan,nan,nan
10/1/2026 3:27:51,1.17.3,StopSig,0,3.90,1,1,Pellet,Left,738,1077,574,214016897,0.11,17,nan
10/1/2026 3:28:03,1.17.3,StopSig,0,3.91,nan,1,Right_no_left,Left,738,1078,574,214016897,nan,nan,nan
10/1/2026 3:28:04,1.17.3,StopSig,0,3.91,nan,1,Right_no_left,Left,738,1079,574,214029417,nan,nan,nan
10/1/2026 3:28:06,1.17.3,StopSig,0,3.91,nan,1,>Left_Regular_trial,Left,739,1079,574,214031820,nan,nan,nan
10/1/2026 3:28:06,1.17.3,StopSig,0,3.91,nan,1,Right_Regular_(correct),Left,739,1080,574,214032521,nan,nan,nan
10/1/2026 3:28:07,1.17.3,StopSig,0,3.90,1,1,Pellet,Left,739,1080,575,214032521,0.11,16,nan
10/1/2026 3:40:18,1.17.3,StopSig,0,3.90,nan,1,Right_no_left,Left,739,1081,575,214032521,nan,nan,nan
10/1/2026 3:46:16,1.17.3,StopSig,0,3.90,nan,1,>Left_Stop_trial,Left,740,1081,575,215121825,nan,nan,nan
10/1/2026 3:46:19,1.17.3,StopSig,0,3.90,nan,1,NoPoke_STOP_(correct),Left,740,1081,575,215125238,nan,nan,nan
10/1/2026 3:46:21,1.17.3,StopSig,0,3.90,1,1,Pellet,Left,740,1081,576,215125238,1.67,1094,nan
10/1/2026 3:46:38,1.17.3,StopSig,0,3.90,nan,1,>Left_Regular_trial,Left,741,1081,576,215144764,nan,nan,nan
10/1/2026 3:46:40,1.17.3,StopSig,0,3.90,nan,1,Right_Regular_(correct),Left,741,1082,576,215146314,nan,nan,nan
10/1/2026 3:46:41,1.17.3,StopSig,0,3.91,1,1,Pellet,Left,741,1082,577,215146314,0.39,20,nan
10/1/2026 4:57:30,1.17.3,StopSig,0,3.90,nan,1,>Left_Stop_trial,Left,742,1082,577,219395808,nan,nan,nan
10/1/2026 4:57:33,1.17.3,StopSig,0,3.90,nan,1,NoPoke_STOP_(correct),Left,742,1082,577,219399562,nan,nan,nan
10/1/2026 4:57:34,1.17.3,StopSig,0,3.90,1,1,Pellet,Left,742,1082,578,219399562,0.33,4253,nan
10/1/2026 4:57:53,1.17.3,StopSig,0,3.89,nan,1,>Left_Stop_trial,Left,743,1082,578,219419257,nan,nan,nan
10/1/2026 4:57:54,1.17.3,StopSig,0,3.89,nan,1,Right_STOP_(incorrect),Left,743,1083,578,219420402,nan,nan,nan
10/1/2026 4:58:24,1.17.3,StopSig,0,3.90,nan,1,>Left_Regular_trial,Left,744,1083,578,219450703,nan,nan,nan
10/1/2026 4:58:27,1.17.3,StopSig,0,3.90,nan,1,Right_Regular_(correct),Left,744,1084,578,219453535,nan,nan,nan
10/1/2026 4:58:27,1.17.3,StopSig,0,3.84,nan,1,RightDuringDispense,Left,744,1085,578,219453535,nan,nan,0.03
10/1/2026 4:58:28,1.17.3,StopSig,0,3.89,2,1,Pellet,Left,744,1085,579,219453535,0.22,54,nan
10/1/2026 4:58:53,1.17.3,StopSig,0,3.89,nan,1,>Left_Regular_trial,Left,745,1085,579,219479864,nan,nan,nan
10/1/2026 4:58:54,1.17.3,StopSig,0,3.90,nan,1,Right_Regular_(correct),Left,745,1086,579,219480881,nan,nan,nan
10/1/2026 4:59:03,1.17.3,StopSig,0,3.89,2,1,Pellet,Left,745,1086,580,219480881,6.15,35,nan
10/1/2026 4:59:29,1.17.3,StopSig,0,3.89,nan,1,Right_no_left,Left,745,1087,580,219480881,nan,nan,nan
10/1/2026 4:59:30,1.17.3,StopSig,0,3.89,nan,1,Right_no_left,Left,745,1088,580,219515620,nan,nan,nan
10/1/2026 5:28:20,1.17.3,StopSig,0,3.89,nan,1,>Left_Stop_trial,Left,746,1088,580,221245898,nan,nan,nan
10/1/2026 5:28:23,1.17.3,StopSig,0,3.89,nan,1,NoPoke_STOP_(correct),Left,746,1088,580,221249663,nan,nan,nan
10/1/2026 5:28:24,1.17.3,StopSig,0,3.89,1,1,Pellet,Left,746,1088,581,221249663,0.33,1761,nan
10/1/2026 5:28:42,1.17.3,StopSig,0,3.89,nan,1,>Left_Regular_trial,Left,747,1088,581,221269118,nan,nan,nan
10/1/2026 5:28:43,1.17.3,StopSig,0,3.89,nan,1,Right_Regular_(correct),Left,747,1089,581,221270395,nan,nan,nan
10/1/2026 5:28:55,1.17.3,StopSig,0,3.89,2,1,Pellet,Left,747,1089,582,221270395,8.27,31,nan
10/1/2026 5:29:12,1.17.3,StopSig,0,3.89,nan,1,>Left_Regular_trial,Left,748,1089,582,221299202,nan,nan,nan
10/1/2026 5:29:15,1.17.3,StopSig,0,3.89,nan,1,Right_Regular_(correct),Left,748,1090,582,221301500,nan,nan,nan
10/1/2026 5:29:16,1.17.3,StopSig,0,3.89,2,1,Pellet,Left,748,1090,583,221301500,0.11,21,nan
10/1/2026 5:29:32,1.17.3,StopSig,0,3.89,nan,1,>Left_Regular_trial,Left,749,1090,583,221318529,nan,nan,nan
10/1/2026 5:29:33,1.17.3,StopSig,0,3.89,nan,1,Right_Regular_(correct),Left,749,1091,583,221319542,nan,nan,nan
10/1/2026 5:29:34,1.17.3,StopSig,0,3.89,2,1,Pellet,Left,749,1091,584,221319542,0.11,18,nan
10/1/2026 5:29:48,1.17.3,StopSig,0,3.89,nan,1,>Left_Stop_trial,Left,750,1091,584,221334543,nan,nan,nan
10/1/2026 5:29:48,1.17.3,StopSig,0,3.89,nan,1,Right_STOP_(incorrect),Left,750,1092,584,221335369,nan,nan,nan
10/1/2026 5:30:19,1.17.3,StopSig,0,3.89,nan,1,>Left_Regular_trial,Left,751,1092,584,221365672,nan,nan,nan
10/1/2026 5:30:23,1.17.3,StopSig,0,3.89,nan,1,NoPoke_Regular_(incorrect),Left,751,1092,584,221369656,nan,nan,nan
10/1/2026 5:41:53,1.17.3,StopSig,0,3.89,nan,1,>Left_Regular_trial,Left,752,1092,584,222059545,nan,nan,nan
10/1/2026 5:41:54,1.17.3,StopSig,0,3.89,nan,1,Right_Regular_(correct),Left,752,1093,584,222061273,nan,nan,nan
10/1/2026 5:41:55,1.17.3,StopSig,0,3.89,1,1,Pellet,Left,752,1093,585,222061273,0.22,741,nan
10/1/2026 5:42:13,1.17.3,StopSig,0,3.89,nan,1,>Left_Regular_trial,Left,753,1093,585,222079494,nan,nan,nan
10/1/2026 5:42:14,1.17.3,StopSig,0,3.89,nan,1,Right_Regular_(correct),Left,753,1094,585,222080503,nan,nan,nan
10/1/2026 5:42:14,1.17.3,StopSig,0,3.89,1,1,Pellet,Left,753,1094,586,222080503,0.22,19,nan
10/1/2026 5:42:30,1.17.3,StopSig,0,3.89,nan,1,Right_no_left,Left,753,1095,586,222080503,nan,nan,nan
10/1/2026 5:42:30,1.17.3,StopSig,0,3.89,nan,1,Right_no_left,Left,753,1096,586,222096625,nan,nan,nan
10/1/2026 5:42:31,1.17.3,StopSig,0,3.89,nan,1,Right_no_left,Left,753,1097,586,222097043,nan,nan,nan
10/1/2026 5:42:33,1.17.3,StopSig,0,3.89,nan,1,>Left_Regular_trial,Left,754,1097,586,222100029,nan,nan,nan
10/1/2026 5:42:34,1.17.3,StopSig,0,3.89,nan,1,Right_Regular_(correct),Left,754,1098,586,222100902,nan,nan,nan
10/1/2026 5:42:35,1.17.3,StopSig,0,3.89,2,1,Pellet,Left,754,1098,587,222100902,0.11,21,nan
10/1/2026 5:42:51,1.17.3,StopSig,0,3.90,nan,1,>Left_Stop_trial,Left,755,1098,587,222117312,nan,nan,nan
10/1/2026 5:42:51,1.17.3,StopSig,0,3.89,nan,1,Right_STOP_(incorrect),Left,755,1099,587,222118081,nan,nan,nan
10/1/2026 6:19:28,1.17.3,StopSig,0,3.89,nan,1,Right_no_left,Left,755,1100,587,222118081,nan,nan,nan
10/1/2026 6:19:33,1.17.3,StopSig,0,3.89,nan,1,>Left_Regular_trial,Left,756,1100,587,224319891,nan,nan,nan
10/1/2026 6:19:34,1.17.3,StopSig,0,3.89,nan,1,Right_Regular_(correct),Left,756,1101,587,224320740,nan,nan,nan
10/1/2026 6:19:35,1.17.3,StopSig,0,3.89,1,1,Pellet,Left,756,1101,588,224320740,0.16,2220,nan
10/1/2026 6:19:52,1.17.3,StopSig,0,3.89,nan,1,Right_no_left,Left,756,1102,588,224320740,nan,nan,nan
10/1/2026 6:19:53,1.17.3,StopSig,0,3.89,nan,1,Right_no_left,Left,756,1103,588,224339510,nan,nan,nan
10/1/2026 6:19:58,1.17.3,StopSig,0,3.89,nan,1,Right_no_left,Left,756,1104,588,224340528,nan,nan,nan
10/1/2026 6:20:00,1.17.3,StopSig,0,3.89,nan,1,>Left_Regular_trial,Left,757,1104,588,224347356,nan,nan,nan
10/1/2026 6:20:01,1.17.3,StopSig,0,3.89,nan,1,Right_Regular_(correct),Left,757,1105,588,224348354,nan,nan,nan
10/1/2026 6:20:02,1.17.3,StopSig,0,3.89,1,1,Pellet,Left,757,1105,589,224348354,0.11,27,nan
10/1/2026 6:20:32,1.17.3,StopSig,0,3.89,nan,1,Right_no_left,Left,757,1106,589,224348354,nan,nan,nan
10/1/2026 6:20:33,1.17.3,StopSig,0,3.89,nan,1,Right_no_left,Left,757,1107,589,224379654,nan,nan,nan
10/1/2026 6:20:34,1.17.3,StopSig,0,3.89,nan,1,>Left_Regular_trial,Left,758,1107,589,224381348,nan,nan,nan
10/1/2026 6:20:35,1.17.3,StopSig,0,3.89,nan,1,Right_Regular_(correct),Left,758,1108,589,224382199,nan,nan,nan
10/1/2026 6:20:36,1.17.3,StopSig,0,3.89,2,1,Pellet,Left,758,1108,590,224382199,0.16,34,nan
10/1/2026 6:20:52,1.17.3,StopSig,0,3.89,nan,1,>Left_Regular_trial,Left,759,1108,590,224399176,nan,nan,nan
10/1/2026 6:20:53,1.17.3,StopSig,0,3.89,nan,1,Right_Regular_(correct),Left,759,1109,590,224400053,nan,nan,nan
10/1/2026 6:20:54,1.17.3,StopSig,0,3.89,1,1,Pellet,Left,759,1109,591,224400053,0.16,18,nan
10/1/2026 6:21:44,1.17.3,StopSig,0,3.89,nan,1,>Left_Regular_trial,Left,760,1109,591,224451310,nan,nan,nan
10/1/2026 6:21:45,1.17.3,StopSig,0,3.89,nan,1,Right_Regular_(correct),Left,760,1110,591,224452023,nan,nan,nan
10/1/2026 6:21:46,1.17.3,StopSig,0,3.89,1,1,Pellet,Left,760,1110,592,224452023,0.16,52,nan
10/1/2026 6:22:00,1.17.3,StopSig,0,3.89,nan,1,>Left_Regular_trial,Left,761,1110,592,224466878,nan,nan,nan
10/1/2026 6:22:01,1.17.3,StopSig,0,3.89,nan,1,Right_Regular_(correct),Left,761,1111,592,224467720,nan,nan,nan
10/1/2026 6:22:01,1.17.3,StopSig,0,3.89,2,1,Pellet,Left,761,1111,593,224467720,0.05,15,nan
10/1/2026 6:22:19,1.17.3,StopSig,0,3.89,nan,1,Right_no_left,Left,761,1112,593,224467720,nan,nan,nan
10/1/2026 6:22:20,1.17.3,StopSig,0,3.89,nan,1,Right_no_left,Left,761,1113,593,224486242,nan,nan,nan
10/1/2026 7:04:03,1.17.3,StopSig,0,3.89,nan,1,Right_no_left,Left,761,1114,593,224487090,nan,nan,nan
10/1/2026 7:12:41,1.17.3,StopSig,0,3.89,nan,1,Right_no_left,Left,761,1115,593,226990814,nan,nan,nan
10/1/2026 7:13:04,1.17.3,StopSig,0,3.89,nan,1,Right_no_left,Left,761,1116,593,227508240,nan,nan,nan
10/1/2026 7:13:07,1.17.3,StopSig,0,3.89,nan,1,Right_no_left,Left,761,1117,593,227531003,nan,nan,nan
10/1/2026 7:28:17,1.17.3,StopSig,0,3.89,nan,1,Right_no_left,Left,761,1118,593,227534251,nan,nan,nan
10/1/2026 7:29:01,1.17.3,StopSig,0,3.89,nan,1,Right_no_left,Left,761,1119,593,228444625,nan,nan,nan
10/1/2026 7:36:25,1.17.3,StopSig,0,3.89,nan,1,Right_no_left,Left,761,1120,593,228488077,nan,nan,nan
10/1/2026 8:05:59,1.17.3,StopSig,0,3.89,nan,1,Right_no_left,Left,761,1121,593,228932236,nan,nan,nan
10/1/2026 8:45:29,1.17.3,StopSig,0,3.88,nan,1,Right_no_left,Left,761,1122,593,230706978,nan,nan,nan
10/1/2026 8:45:33,1.17.3,StopSig,0,3.88,nan,1,>Left_Stop_trial,Left,762,1122,593,233079857,nan,nan,nan
10/1/2026 8:45:36,1.17.3,StopSig,0,3.88,nan,1,NoPoke_STOP_(correct),Left,762,1122,593,233083471,nan,nan,nan
10/1/2026 8:45:38,1.17.3,StopSig,0,3.89,1,1,Pellet,Left,762,1122,594,233083471,1.16,8617,nan
10/1/2026 8:45:55,1.17.3,StopSig,0,3.88,nan,1,Right_no_left,Left,762,1123,594,233083471,nan,nan,nan
10/1/2026 8:45:57,1.17.3,StopSig,0,3.88,nan,1,>Left_Regular_trial,Left,763,1123,594,233104450,nan,nan,nan
10/1/2026 8:45:58,1.17.3,StopSig,0,3.88,nan,1,Right_Regular_(correct),Left,763,1124,594,233105307,nan,nan,nan
10/1/2026 8:45:59,1.17.3,StopSig,0,3.88,1,1,Pellet,Left,763,1124,595,233105307,0.22,21,nan
10/1/2026 8:46:58,1.17.3,StopSig,0,3.88,nan,1,>Left_Stop_trial,Left,764,1124,595,233164686,nan,nan,nan
10/1/2026 8:46:58,1.17.3,StopSig,0,3.88,nan,1,Right_STOP_(incorrect),Left,764,1125,595,233165759,nan,nan,nan
10/1/2026 8:47:36,1.17.3,StopSig,0,3.88,nan,1,Right_no_left,Left,764,1126,595,233165759,nan,nan,nan
10/1/2026 8:47:37,1.17.3,StopSig,0,3.88,nan,1,Right_no_left,Left,764,1127,595,233203990,nan,nan,nan
10/1/2026 8:47:39,1.17.3,StopSig,0,3.88,nan,1,>Left_Regular_trial,Left,765,1127,595,233206257,nan,nan,nan
10/1/2026 8:47:40,1.17.3,StopSig,0,3.88,nan,1,Right_Regular_(correct),Left,765,1128,595,233207250,nan,nan,nan
10/1/2026 8:47:40,1.17.3,StopSig,0,3.89,1,1,Pellet,Left,765,1128,596,233207250,0.05,101,nan
10/1/2026 8:47:58,1.17.3,StopSig,0,3.88,nan,1,>Left_Regular_trial,Left,766,1128,596,233225687,nan,nan,nan
10/1/2026 8:47:59,1.17.3,StopSig,0,3.88,nan,1,Right_Regular_(correct),Left,766,1129,596,233226404,nan,nan,nan
10/1/2026 8:47:59,1.17.3,StopSig,0,3.88,1,1,Pellet,Left,766,1129,597,233226404,0.11,19,nan
10/1/2026 8:48:18,1.17.3,StopSig,0,3.88,nan,1,>Left_Regular_trial,Left,767,1129,597,233245316,nan,nan,nan
10/1/2026 8:48:18,1.17.3,StopSig,0,3.88,nan,1,Right_Regular_(correct),Left,767,1130,597,233246159,nan,nan,nan
10/1/2026 8:48:19,1.17.3,StopSig,0,3.88,1,1,Pellet,Left,767,1130,598,233246159,0.16,20,nan
10/1/2026 8:48:35,1.17.3,StopSig,0,3.89,nan,1,Right_no_left,Left,767,1131,598,233246159,nan,nan,nan
10/1/2026 9:52:21,1.17.3,StopSig,0,3.88,nan,1,>Left_Regular_trial,Left,768,1131,598,237089176,nan,nan,nan
10/1/2026 9:52:25,1.17.3,StopSig,0,3.88,nan,1,NoPoke_Regular_(incorrect),Left,768,1131,598,237092735,nan,nan,nan
10/1/2026 9:55:03,1.17.3,StopSig,0,3.87,nan,1,>Left_Regular_trial,Left,769,1131,598,237251161,nan,nan,nan
10/1/2026 9:55:07,1.17.3,StopSig,0,3.88,nan,1,NoPoke_Regular_(incorrect),Left,769,1131,598,237254711,nan,nan,nan
10/1/2026 10:53:53,1.17.3,StopSig,0,3.87,nan,1,Right_no_left,Left,769,1132,598,237254711,nan,nan,nan
10/1/2026 10:53:57,1.17.3,StopSig,0,3.87,nan,1,>Left_Stop_trial,Left,770,1132,598,240784483,nan,nan,nan
10/1/2026 10:53:57,1.17.3,StopSig,0,3.87,nan,1,Right_STOP_(incorrect),Left,770,1133,598,240785308,nan,nan,nan
10/1/2026 11:16:51,1.17.3,StopSig,0,3.87,nan,1,>Left_Regular_trial,Left,771,1133,598,242159074,nan,nan,nan
10/1/2026 11:16:52,1.17.3,StopSig,0,3.87,nan,1,Right_Regular_(correct),Left,771,1134,598,242160351,nan,nan,nan
10/1/2026 11:16:53,1.17.3,StopSig,0,3.87,1,1,Pellet,Left,771,1134,599,242160351,0.39,8914,nan
10/1/2026 11:17:08,1.17.3,StopSig,0,3.87,nan,1,Right_no_left,Left,771,1135,599,242160351,nan,nan,nan
10/1/2026 11:17:13,1.17.3,StopSig,0,3.87,nan,1,>Left_Stop_trial,Left,772,1135,599,242180385,nan,nan,nan
10/1/2026 11:17:13,1.17.3,StopSig,0,3.87,nan,1,Right_STOP_(incorrect),Left,772,1136,599,242181231,nan,nan,nan
10/1/2026 11:17:44,1.17.3,StopSig,0,3.87,nan,1,>Left_Stop_trial,Left,773,1136,599,242211535,nan,nan,nan
10/1/2026 11:17:47,1.17.3,StopSig,0,3.87,nan,1,NoPoke_STOP_(correct),Left,773,1136,599,242215082,nan,nan,nan
10/1/2026 11:17:48,1.17.3,StopSig,0,3.87,1,1,Pellet,Left,773,1136,600,242215082,1.00,55,nan
10/1/2026 11:18:04,1.17.3,StopSig,0,3.87,nan,1,>Left_Regular_trial,Left,774,1136,600,242232070,nan,nan,nan
10/1/2026 11:18:05,1.17.3,StopSig,0,3.87,nan,1,Right_Regular_(correct),Left,774,1137,600,242233336,nan,nan,nan
10/1/2026 11:18:06,1.17.3,StopSig,0,3.87,1,1,Pellet,Left,774,1137,601,242233336,0.33,18,nan
10/1/2026 11:18:21,1.17.3,StopSig,0,3.87,nan,1,>Left_Regular_trial,Left,775,1137,601,242248902,nan,nan,nan
10/1/2026 11:18:22,1.17.3,StopSig,0,3.87,nan,1,Right_Regular_(correct),Left,775,1138,601,242249884,nan,nan,nan
10/1/2026 11:18:22,1.17.3,StopSig,0,3.87,1,1,Pellet,Left,775,1138,602,242249884,0.11,16,nan
10/1/2026 11:18:39,1.17.3,StopSig,0,3.87,nan,1,>Left_Regular_trial,Left,776,1138,602,242267418,nan,nan,nan
10/1/2026 11:18:40,1.17.3,StopSig,0,3.87,nan,1,Right_Regular_(correct),Left,776,1139,602,242268423,nan,nan,nan
10/1/2026 11:18:41,1.17.3,StopSig,0,3.87,1,1,Pellet,Left,776,1139,603,242268423,0.16,19,nan
10/1/2026 11:19:00,1.17.3,StopSig,0,3.87,nan,1,>Left_Regular_trial,Left,777,1139,603,242287927,nan,nan,nan
10/1/2026 11:19:01,1.17.3,StopSig,0,3.87,nan,1,Right_Regular_(correct),Left,777,1140,603,242288915,nan,nan,nan
10/1/2026 11:19:01,1.17.3,StopSig,0,3.87,nan,1,RightDuringDispense,Left,777,1141,603,242288915,nan,nan,0.11
10/1/2026 11:19:02,1.17.3,StopSig,0,3.87,1,1,Pellet,Left,777,1141,604,242288915,0.16,21,nan
10/1/2026 11:19:17,1.17.3,StopSig,0,3.87,nan,1,>Left_Regular_trial,Left,778,1141,604,242305162,nan,nan,nan
10/1/2026 11:19:18,1.17.3,StopSig,0,3.87,nan,1,Right_Regular_(correct),Left,778,1142,604,242306037,nan,nan,nan
10/1/2026 11:19:19,1.17.3,StopSig,0,3.87,1,1,Pellet,Left,778,1142,605,242306037,0.16,17,nan
10/1/2026 11:19:33,1.17.3,StopSig,0,3.87,nan,1,>Left_Regular_trial,Left,779,1142,605,242321244,nan,nan,nan
10/1/2026 11:19:34,1.17.3,StopSig,0,3.87,nan,1,Right_Regular_(correct),Left,779,1143,605,242322251,nan,nan,nan
10/1/2026 11:19:35,1.17.3,StopSig,0,3.87,2,1,Pellet,Left,779,1143,606,242322251,0.05,16,nan
10/1/2026 12:47:25,1.17.3,StopSig,0,3.87,nan,1,Right_no_left,Left,779,1144,606,242322251,nan,nan,nan
10/1/2026 12:47:25,1.17.3,StopSig,0,3.87,nan,1,Right_no_left,Left,779,1145,606,247593591,nan,nan,nan
10/1/2026 12:47:29,1.17.3,StopSig,0,3.87,nan,1,>Left_Regular_trial,Left,780,1145,606,247597264,nan,nan,nan
10/1/2026 12:47:30,1.17.3,StopSig,0,3.87,nan,1,Right_Regular_(correct),Left,780,1146,606,247598406,nan,nan,nan
10/1/2026 12:47:31,1.17.3,StopSig,0,3.87,1,1,Pellet,Left,780,1146,607,247598406,0.94,5276,nan
10/1/2026 12:47:46,1.17.3,StopSig,0,3.87,nan,1,Right_no_left,Left,780,1147,607,247598406,nan,nan,nan
10/1/2026 12:47:48,1.17.3,StopSig,0,3.87,nan,1,>Left_Regular_trial,Left,781,1147,607,247616899,nan,nan,nan
10/1/2026 12:47:49,1.17.3,StopSig,0,3.87,nan,1,Right_Regular_(correct),Left,781,1148,607,247617624,nan,nan,nan
10/1/2026 12:47:50,1.17.3,StopSig,0,3.87,1,1,Pellet,Left,781,1148,608,247617624,0.05,19,nan
10/1/2026 12:48:04,1.17.3,StopSig,0,3.87,nan,1,>Left_Regular_trial,Left,782,1148,608,247632564,nan,nan,nan
10/1/2026 12:48:05,1.17.3,StopSig,0,3.87,nan,1,Right_Regular_(correct),Left,782,1149,608,247633419,nan,nan,nan
10/1/2026 12:48:06,1.17.3,StopSig,0,3.87,1,1,Pellet,Left,782,1149,609,247633419,0.27,16,nan
10/1/2026 12:48:20,1.17.3,StopSig,0,3.87,nan,1,>Left_Regular_trial,Left,783,1149,609,247648906,nan,nan,nan
10/1/2026 12:48:22,1.17.3,StopSig,0,3.87,nan,1,Right_Regular_(correct),Left,783,1150,609,247650917,nan,nan,nan
10/1/2026 12:48:23,1.17.3,StopSig,0,3.86,nan,1,RightDuringDispense,Left,783,1151,609,247650917,nan,nan,0.09
10/1/2026 12:48:23,1.17.3,StopSig,0,3.82,nan,1,RightDuringDispense,Left,783,1152,609,247650917,nan,nan,0.15
10/1/2026 12:48:32,1.17.3,StopSig,0,3.87,2,1,Pellet,Left,783,1152,610,247650917,6.54,26,nan
10/1/2026 12:49:01,1.17.3,StopSig,0,3.87,nan,1,>Left_Regular_trial,Left,784,1152,610,247689118,nan,nan,nan
10/1/2026 12:49:01,1.17.3,StopSig,0,3.87,nan,1,Right_Regular_(correct),Left,784,1153,610,247689824,nan,nan,nan
10/1/2026 12:49:02,1.17.3,StopSig,0,3.87,1,1,Pellet,Left,784,1153,611,247689824,0.22,30,nan
10/1/2026 13:24:50,1.17.3,StopSig,0,3.87,nan,1,Right_no_left,Left,784,1154,611,247689824,nan,nan,nan
10/1/2026 13:35:58,1.17.3,StopSig,0,3.86,nan,1,Right_no_left,Left,784,1155,611,249838855,nan,nan,nan
10/1/2026 13:36:00,1.17.3,StopSig,0,3.86,nan,1,>Left_Regular_trial,Left,785,1155,611,250508988,nan,nan,nan
10/1/2026 13:36:01,1.17.3,StopSig,0,3.85,nan,1,Right_Regular_(correct),Left,785,1156,611,250510126,nan,nan,nan
10/1/2026 13:36:02,1.17.3,StopSig,0,3.87,1,1,Pellet,Left,785,1156,612,250510126,0.16,2820,nan
10/1/2026 13:36:20,1.17.3,StopSig,0,3.87,nan,1,>Left_Regular_trial,Left,786,1156,612,250528514,nan,nan,nan
10/1/2026 13:36:21,1.17.3,StopSig,0,3.86,nan,1,Right_Regular_(correct),Left,786,1157,612,250529527,nan,nan,nan
10/1/2026 13:36:22,1.17.3,StopSig,0,3.87,1,1,Pellet,Left,786,1157,613,250529527,0.22,20,nan
10/1/2026 13:36:37,1.17.3,StopSig,0,3.87,nan,1,>Left_Stop_trial,Left,787,1157,613,250544995,nan,nan,nan
10/1/2026 13:36:40,1.17.3,StopSig,0,3.87,nan,1,NoPoke_STOP_(correct),Left,787,1157,613,250548721,nan,nan,nan
10/1/2026 13:36:41,1.17.3,StopSig,0,3.86,1,1,Pellet,Left,787,1157,614,250548721,0.39,19,nan
10/1/2026 13:37:06,1.17.3,StopSig,0,3.87,nan,1,>Left_Regular_trial,Left,788,1157,614,250575235,nan,nan,nan
10/1/2026 13:37:08,1.17.3,StopSig,0,3.87,nan,1,Right_Regular_(correct),Left,788,1158,614,250576944,nan,nan,nan
10/1/2026 13:37:22,1.17.3,StopSig,0,3.86,7,1,Pellet,Left,788,1158,615,250576944,1.55,41,nan
10/1/2026 13:37:34,1.17.3,StopSig,0,3.87,nan,1,>Left_Stop_trial,Left,789,1158,615,250602671,nan,nan,nan
10/1/2026 13:37:38,1.17.3,StopSig,0,3.86,nan,1,NoPoke_STOP_(correct),Left,789,1158,615,250606689,nan,nan,nan
10/1/2026 13:37:39,1.17.3,StopSig,0,3.87,2,1,Pellet,Left,789,1158,616,250606689,0.66,17,nan
10/1/2026 13:37:54,1.17.3,StopSig,0,3.87,nan,1,>Left_Regular_trial,Left,790,1158,616,250622727,nan,nan,nan
10/1/2026 13:37:55,1.17.3,StopSig,0,3.87,nan,1,Right_Regular_(correct),Left,790,1159,616,250623576,nan,nan,nan
10/1/2026 13:37:56,1.17.3,StopSig,0,3.86,2,1,Pellet,Left,790,1159,617,250623576,0.11,17,nan
10/1/2026 14:30:21,1.17.3,StopSig,0,3.86,nan,1,Right_no_left,Left,790,1160,617,250623576,nan,nan,nan
10/1/2026 14:30:21,1.17.3,StopSig,0,3.86,nan,1,Right_no_left,Left,790,1161,617,253770008,nan,nan,nan
10/1/2026 14:30:23,1.17.3,StopSig,0,3.86,nan,1,Right_no_left,Left,790,1162,617,253770721,nan,nan,nan
10/1/2026 14:30:26,1.17.3,StopSig,0,3.86,nan,1,>Left_Regular_trial,Left,791,1162,617,253774960,nan,nan,nan
10/1/2026 14:30:27,1.17.3,StopSig,0,3.86,nan,1,Right_Regular_(correct),Left,791,1163,617,253776092,nan,nan,nan
10/1/2026 14:30:28,1.17.3,StopSig,0,3.86,1,1,Pellet,Left,791,1163,618,253776092,0.50,3152,nan
10/1/2026 14:30:45,1.17.3,StopSig,0,3.87,nan,1,>Left_Regular_trial,Left,792,1163,618,253793912,nan,nan,nan
10/1/2026 14:30:46,1.17.3,StopSig,0,3.86,nan,1,Right_Regular_(correct),Left,792,1164,618,253794771,nan,nan,nan
10/1/2026 14:30:47,1.17.3,StopSig,0,3.86,1,1,Pellet,Left,792,1164,619,253794771,0.22,18,nan
10/1/2026 14:31:01,1.17.3,StopSig,0,3.86,nan,1,>Left_Regular_trial,Left,793,1164,619,253810527,nan,nan,nan
10/1/2026 14:31:03,1.17.3,StopSig,0,3.87,nan,1,Right_Regular_(correct),Left,793,1165,619,253811941,nan,nan,nan
10/1/2026 14:31:04,1.17.3,StopSig,0,3.86,1,1,Pellet,Left,793,1165,620,253811941,0.22,18,nan
10/1/2026 14:31:23,1.17.3,StopSig,0,3.86,nan,1,Right_no_left,Left,793,1166,620,253811941,nan,nan,nan
10/1/2026 14:31:24,1.17.3,StopSig,0,3.85,nan,1,Right_no_left,Left,793,1167,620,253832647,nan,nan,nan
10/1/2026 14:31:25,1.17.3,StopSig,0,3.86,nan,1,Right_no_left,Left,793,1168,620,253833492,nan,nan,nan
10/1/2026 14:31:27,1.17.3,StopSig,0,3.86,nan,1,>Left_Regular_trial,Left,794,1168,620,253836039,nan,nan,nan
10/1/2026 14:31:28,1.17.3,StopSig,0,3.86,nan,1,Right_Regular_(correct),Left,794,1169,620,253836884,nan,nan,nan
10/1/2026 14:31:29,1.17.3,StopSig,0,3.86,1,1,Pellet,Left,794,1169,621,253836884,0.22,25,nan
10/1/2026 14:31:45,1.17.3,StopSig,0,3.86,nan,1,Right_no_left,Left,794,1170,621,253836884,nan,nan,nan
10/1/2026 14:31:46,1.17.3,StopSig,0,3.86,nan,1,Right_no_left,Left,794,1171,621,253854089,nan,nan,nan
10/1/2026 14:31:48,1.17.3,StopSig,0,3.86,nan,1,>Left_Regular_trial,Left,795,1171,621,253856624,nan,nan,nan
10/1/2026 14:31:48,1.17.3,StopSig,0,3.86,nan,1,Right_Regular_(correct),Left,795,1172,621,253857323,nan,nan,nan
10/1/2026 14:31:49,1.17.3,StopSig,0,3.86,1,1,Pellet,Left,795,1172,622,253857323,0.05,20,nan
10/1/2026 15:00:18,1.17.3,StopSig,0,3.86,nan,1,Right_no_left,Left,795,1173,622,253857323,nan,nan,nan
10/1/2026 15:00:18,1.17.3,StopSig,0,3.86,nan,1,Right_no_left,Left,795,1174,622,255567140,nan,nan,nan
10/1/2026 15:00:19,1.17.3,StopSig,0,3.86,nan,1,Right_no_left,Left,795,1175,622,255567416,nan,nan,nan
10/1/2026 15:14:06,1.17.3,StopSig,0,3.85,nan,1,>Left_Stop_trial,Left,796,1175,622,256394216,nan,nan,nan
10/1/2026 15:14:06,1.17.3,StopSig,0,3.86,nan,1,Right_STOP_(incorrect),Left,796,1176,622,256395056,nan,nan,nan
10/1/2026 15:14:36,1.17.3,StopSig,0,3.86,nan,1,Right_no_left,Left,796,1177,622,256395056,nan,nan,nan
10/1/2026 15:14:36,1.17.3,StopSig,0,3.86,nan,1,>Left_Regular_trial,Left,797,1177,622,256425494,nan,nan,nan
10/1/2026 15:14:36,1.17.3,StopSig,0,3.86,nan,1,Right_Regular_(correct),Left,797,1178,622,256425770,nan,nan,nan
10/1/2026 15:14:38,1.17.3,StopSig,0,3.86,1,1,Pellet,Left,797,1178,623,256425770,0.33,2569,nan
10/1/2026 15:15:11,1.17.3,StopSig,0,3.85,nan,1,>Left_Regular_trial,Left,798,1178,623,256460687,nan,nan,nan
10/1/2026 15:15:13,1.17.3,StopSig,0,3.86,nan,1,Right_Regular_(correct),Left,798,1179,623,256462667,nan,nan,nan
10/1/2026 15:15:14,1.17.3,StopSig,0,3.86,1,1,Pellet,Left,798,1179,624,256462667,0.16,36,nan
10/1/2026 15:15:41,1.17.3,StopSig,0,3.86,nan,1,>Left_Regular_trial,Left,799,1179,624,256490569,nan,nan,nan
10/1/2026 15:15:42,1.17.3,StopSig,0,3.86,nan,1,Right_Regular_(correct),Left,799,1180,624,256491425,nan,nan,nan
10/1/2026 15:15:43,1.17.3,StopSig,0,3.86,2,1,Pellet,Left,799,1180,625,256491425,0.11,29,nan
10/1/2026 15:15:59,1.17.3,StopSig,0,3.86,nan,1,Right_no_left,Left,799,1181,625,256491425,nan,nan,nan
10/1/2026 15:16:00,1.17.3,StopSig,0,3.86,nan,1,Right_no_left,Left,799,1182,625,256508361,nan,nan,nan
10/1/2026 15:16:02,1.17.3,StopSig,0,3.86,nan,1,>Left_Regular_trial,Left,800,1182,625,256511327,nan,nan,nan
10/1/2026 15:16:03,1.17.3,StopSig,0,3.86,nan,1,Right_Regular_(correct),Left,800,1183,625,256512174,nan,nan,nan
10/1/2026 15:16:06,1.17.3,StopSig,0,3.86,2,1,Pellet,Left,800,1183,626,256512174,0.39,23,nan
10/1/2026 15:16:21,1.17.3,StopSig,0,3.86,nan,1,Right_no_left,Left,800,1184,626,256512174,nan,nan,nan
10/1/2026 15:16:22,1.17.3,StopSig,0,3.85,nan,1,Right_no_left,Left,800,1185,626,256530695,nan,nan,nan
10/1/2026 15:16:23,1.17.3,StopSig,0,3.86,nan,1,Right_no_left,Left,800,1186,626,256531538,nan,nan,nan
10/1/2026 15:16:25,1.17.3,StopSig,0,3.85,nan,1,>Left_Regular_trial,Left,801,1186,626,256534236,nan,nan,nan
10/1/2026 15:16:26,1.17.3,StopSig,0,3.86,nan,1,Right_Regular_(correct),Left,801,1187,626,256535220,nan,nan,nan
10/1/2026 15:16:27,1.17.3,StopSig,0,3.86,2,1,Pellet,Left,801,1187,627,256535220,0.05,21,nan
10/1/2026 15:16:45,1.17.3,StopSig,0,3.86,nan,1,>Left_Regular_trial,Left,802,1187,627,256554581,nan,nan,nan
10/1/2026 15:16:46,1.17.3,StopSig,0,3.85,nan,1,Right_Regular_(correct),Left,802,1188,627,256555848,nan,nan,nan
10/1/2026 15:16:47,1.17.3,StopSig,0,3.86,1,1,Pellet,Left,802,1188,628,256555848,0.11,20,nan
10/1/2026 15:53:36,1.17.3,StopSig,0,3.85,nan,1,Right_no_left,Left,802,1189,628,256555848,nan,nan,nan
10/1/2026 15:53:36,1.17.3,StopSig,0,3.86,nan,1,Right_no_left,Left,802,1190,628,258765177,nan,nan,nan
10/1/2026 15:53:40,1.17.3,StopSig,0,3.85,nan,1,>Left_Regular_trial,Left,803,1190,628,258769566,nan,nan,nan
10/1/2026 15:53:41,1.17.3,StopSig,0,3.85,nan,1,Right_Regular_(correct),Left,803,1191,628,258770551,nan,nan,nan
10/1/2026 15:53:42,1.17.3,StopSig,0,3.85,1,1,Pellet,Left,803,1191,629,258770551,0.61,2215,nan
10/1/2026 15:53:55,1.17.3,StopSig,0,3.85,nan,1,Right_no_left,Left,803,1192,629,258770551,nan,nan,nan
10/1/2026 15:53:56,1.17.3,StopSig,0,3.85,nan,1,Right_no_left,Left,803,1193,629,258785136,nan,nan,nan
10/1/2026 15:53:57,1.17.3,StopSig,0,3.86,nan,1,Right_no_left,Left,803,1194,629,258786121,nan,nan,nan
10/1/2026 15:53:58,1.17.3,StopSig,0,3.86,nan,1,Right_no_left,Left,803,1195,629,258786569,nan,nan,nan
10/1/2026 15:53:58,1.17.3,StopSig,0,3.85,nan,1,Right_no_left,Left,803,1196,629,258787558,nan,nan,nan
10/1/2026 15:54:01,1.17.3,StopSig,0,3.85,nan,1,>Left_Regular_trial,Left,804,1196,629,258789975,nan,nan,nan
10/1/2026 15:54:02,1.17.3,StopSig,0,3.86,nan,1,Right_Regular_(correct),Left,804,1197,629,258791115,nan,nan,nan
10/1/2026 15:54:03,1.17.3,StopSig,0,3.86,2,1,Pellet,Left,804,1197,630,258791115,0.11,21,nan
10/1/2026 15:54:17,1.17.3,StopSig,0,3.85,nan,1,>Left_Stop_trial,Left,805,1197,630,258806367,nan,nan,nan
10/1/2026 15:54:18,1.17.3,StopSig,0,3.86,nan,1,Right_STOP_(incorrect),Left,805,1198,630,258807238,nan,nan,nan
10/1/2026 15:54:49,1.17.3,StopSig,0,3.85,nan,1,>Left_Stop_trial,Left,806,1198,630,258837543,nan,nan,nan
10/1/2026 15:54:50,1.17.3,StopSig,0,3.86,nan,1,Right_STOP_(incorrect),Left,806,1199,630,258839501,nan,nan,nan
10/1/2026 16:14:11,1.17.3,StopSig,0,3.85,nan,1,>Left_Regular_trial,Left,807,1199,630,260000786,nan,nan,nan
10/1/2026 16:14:12,1.17.3,StopSig,0,3.85,nan,1,Right_Regular_(correct),Left,807,1200,630,260001778,nan,nan,nan
10/1/2026 16:14:13,1.17.3,StopSig,0,3.85,1,1,Pellet,Left,807,1200,631,260001778,0.22,1210,nan
10/1/2026 16:14:36,1.17.3,StopSig,0,3.85,nan,1,Right_no_left,Left,807,1201,631,260001778,nan,nan,nan
10/1/2026 16:14:36,1.17.3,StopSig,0,3.85,nan,1,Right_no_left,Left,807,1202,631,260025513,nan,nan,nan
10/1/2026 16:14:39,1.17.3,StopSig,0,3.86,nan,1,>Left_Regular_trial,Left,808,1202,631,260028077,nan,nan,nan
10/1/2026 16:14:40,1.17.3,StopSig,0,3.86,nan,1,Right_Regular_(correct),Left,808,1203,631,260029946,nan,nan,nan
10/1/2026 16:14:41,1.17.3,StopSig,0,3.85,2,1,Pellet,Left,808,1203,632,260029946,0.05,28,nan
10/1/2026 16:15:03,1.17.3,StopSig,0,3.85,nan,1,Right_no_left,Left,808,1204,632,260029946,nan,nan,nan
10/1/2026 16:15:07,1.17.3,StopSig,0,3.85,nan,1,>Left_Regular_trial,Left,809,1204,632,260056682,nan,nan,nan
10/1/2026 16:15:08,1.17.3,StopSig,0,3.85,nan,1,Right_Regular_(correct),Left,809,1205,632,260057532,nan,nan,nan
10/1/2026 16:15:09,1.17.3,StopSig,0,3.85,1,1,Pellet,Left,809,1205,633,260057532,0.16,28,nan
10/1/2026 16:15:25,1.17.3,StopSig,0,3.85,nan,1,Right_no_left,Left,809,1206,633,260057532,nan,nan,nan
10/1/2026 16:15:26,1.17.3,StopSig,0,3.85,nan,1,Right_no_left,Left,809,1207,633,260074549,nan,nan,nan
10/1/2026 16:15:26,1.17.3,StopSig,0,3.85,nan,1,Right_no_left,Left,809,1208,633,260075568,nan,nan,nan
10/1/2026 16:15:27,1.17.3,StopSig,0,3.85,nan,1,Right_no_left,Left,809,1209,633,260076007,nan,nan,nan
10/1/2026 16:15:29,1.17.3,StopSig,0,3.85,nan,1,>Left_Regular_trial,Left,810,1209,633,260078157,nan,nan,nan
10/1/2026 16:15:30,1.17.3,StopSig,0,3.85,nan,1,Right_Regular_(correct),Left,810,1210,633,260079171,nan,nan,nan
10/1/2026 16:15:30,1.17.3,StopSig,0,3.86,1,1,Pellet,Left,810,1210,634,260079171,0.11,21,nan
10/1/2026 16:15:47,1.17.3,StopSig,0,3.85,nan,1,>Left_Regular_trial,Left,811,1210,634,260096221,nan,nan,nan
10/1/2026 16:15:47,1.17.3,StopSig,0,3.85,nan,1,Right_Regular_(correct),Left,811,1211,634,260097071,nan,nan,nan
10/1/2026 16:15:48,1.17.3,StopSig,0,3.85,1,1,Pellet,Left,811,1211,635,260097071,0.22,18,nan
10/1/2026 16:16:06,1.17.3,StopSig,0,3.85,nan,1,>Left_Stop_trial,Left,812,1211,635,260114638,nan,nan,nan
10/1/2026 16:16:06,1.17.3,StopSig,0,3.85,nan,1,Right_STOP_(incorrect),Left,812,1212,635,260115472,nan,nan,nan
10/1/2026 16:42:40,1.17.3,StopSig,0,3.85,nan,1,>Left_Regular_trial,Left,813,1212,635,261709565,nan,nan,nan
10/1/2026 16:42:41,1.17.3,StopSig,0,3.85,nan,1,Right_Regular_(correct),Left,813,1213,635,261710584,nan,nan,nan
10/1/2026 16:42:42,1.17.3,StopSig,0,3.85,1,1,Pellet,Left,813,1213,636,261710584,0.11,1614,nan
10/1/2026 16:42:57,1.17.3,StopSig,0,3.85,nan,1,>Left_Stop_trial,Left,814,1213,636,261725681,nan,nan,nan
10/1/2026 16:42:57,1.17.3,StopSig,0,3.85,nan,1,Right_STOP_(incorrect),Left,814,1214,636,261726438,nan,nan,nan
10/1/2026 16:43:27,1.17.3,StopSig,0,3.85,nan,1,>Left_Regular_trial,Left,815,1214,636,261756745,nan,nan,nan
10/1/2026 16:43:29,1.17.3,StopSig,0,3.85,nan,1,Right_Regular_(correct),Left,815,1215,636,261758442,nan,nan,nan
10/1/2026 16:43:30,1.17.3,StopSig,0,3.85,2,1,Pellet,Left,815,1215,637,261758442,0.05,48,nan
10/1/2026 16:43:45,1.17.3,StopSig,0,3.85,nan,1,>Left_Stop_trial,Left,816,1215,637,261774376,nan,nan,nan
10/1/2026 16:43:46,1.17.3,StopSig,0,3.85,nan,1,Right_STOP_(incorrect),Left,816,1216,637,261775369,nan,nan,nan
10/1/2026 16:44:17,1.17.3,StopSig,0,3.85,nan,1,>Left_Stop_trial,Left,817,1216,637,261805696,nan,nan,nan
10/1/2026 16:44:20,1.17.3,StopSig,0,3.86,nan,1,NoPoke_STOP_(correct),Left,817,1216,637,261809519,nan,nan,nan
10/1/2026 16:44:21,1.17.3,StopSig,0,3.86,1,1,Pellet,Left,817,1216,638,261809519,0.16,51,nan
10/1/2026 16:44:40,1.17.3,StopSig,0,3.85,nan,1,>Left_Regular_trial,Left,818,1216,638,261829519,nan,nan,nan
10/1/2026 16:44:41,1.17.3,StopSig,0,3.85,nan,1,Right_Regular_(correct),Left,818,1217,638,261830652,nan,nan,nan
10/1/2026 16:44:51,1.17.3,StopSig,0,3.85,2,1,Pellet,Left,818,1217,639,261830652,7.66,30,nan
10/1/2026 16:51:59,1.17.3,StopSig,0,3.85,nan,1,Right_no_left,Left,818,1218,639,261830652,nan,nan,nan
10/1/2026 16:58:36,1.17.3,StopSig,0,3.85,nan,1,>Left_Regular_trial,Left,819,1218,639,262665675,nan,nan,nan
10/1/2026 16:58:40,1.17.3,StopSig,0,3.85,nan,1,NoPoke_Regular_(incorrect),Left,819,1218,639,262669531,nan,nan,nan
10/1/2026 17:07:16,1.17.3,StopSig,0,3.85,nan,1,>Left_Regular_trial,Left,820,1218,639,263186048,nan,nan,nan
10/1/2026 17:07:20,1.17.3,StopSig,0,3.85,nan,1,NoPoke_Regular_(incorrect),Left,820,1218,639,263189622,nan,nan,nan
10/1/2026 17:13:21,1.17.3,StopSig,0,3.85,nan,1,>Left_Regular_trial,Left,821,1218,639,263550733,nan,nan,nan
10/1/2026 17:13:25,1.17.3,StopSig,0,3.85,nan,1,NoPoke_Regular_(incorrect),Left,821,1218,639,263554581,nan,nan,nan
10/1/2026 17:27:07,1.17.3,StopSig,0,3.85,nan,1,Right_no_left,Left,821,1219,639,263554581,nan,nan,nan
10/1/2026 17:34:15,1.17.3,StopSig,0,3.85,nan,1,>Left_Stop_trial,Left,822,1219,639,264804352,nan,nan,nan
10/1/2026 17:34:18,1.17.3,StopSig,0,3.85,nan,1,NoPoke_STOP_(correct),Left,822,1219,639,264807669,nan,nan,nan
10/1/2026 17:34:19,1.17.3,StopSig,0,3.85,1,1,Pellet,Left,822,1219,640,264807669,0.22,2968,nan
10/1/2026 17:34:35,1.17.3,StopSig,0,3.85,nan,1,>Left_Regular_trial,Left,823,1219,640,264825147,nan,nan,nan
10/1/2026 17:34:37,1.17.3,StopSig,0,3.85,nan,1,Right_Regular_(correct),Left,823,1220,640,264826714,nan,nan,nan
10/1/2026 17:34:38,1.17.3,StopSig,0,3.85,1,1,Pellet,Left,823,1220,641,264826714,0.22,19,nan
10/1/2026 17:34:52,1.17.3,StopSig,0,3.85,nan,1,>Left_Regular_trial,Left,824,1220,641,264841500,nan,nan,nan
10/1/2026 17:34:54,1.17.3,StopSig,0,3.85,nan,1,Right_Regular_(correct),Left,824,1221,641,264843491,nan,nan,nan
10/1/2026 17:34:55,1.17.3,StopSig,0,3.85,2,1,Pellet,Left,824,1221,642,264843491,0.11,17,nan
10/1/2026 17:35:08,1.17.3,StopSig,0,3.85,nan,1,Right_no_left,Left,824,1222,642,264843491,nan,nan,nan
10/1/2026 17:35:09,1.17.3,StopSig,0,3.85,nan,1,Right_no_left,Left,824,1223,642,264857776,nan,nan,nan
10/1/2026 17:35:09,1.17.3,StopSig,0,3.85,nan,1,Right_no_left,Left,824,1224,642,264858621,nan,nan,nan
10/1/2026 17:35:51,1.17.3,StopSig,0,3.85,nan,1,>Left_Regular_trial,Left,825,1224,642,264901033,nan,nan,nan
10/1/2026 17:35:55,1.17.3,StopSig,0,3.85,nan,1,NoPoke_Regular_(incorrect),Left,825,1224,642,264904725,nan,nan,nan
10/1/2026 17:36:26,1.17.3,StopSig,0,3.85,nan,1,>Left_Regular_trial,Left,826,1224,642,264936170,nan,nan,nan
10/1/2026 17:36:27,1.17.3,StopSig,0,3.85,nan,1,Right_Regular_(correct),Left,826,1225,642,264937315,nan,nan,nan
10/1/2026 17:36:28,1.17.3,StopSig,0,3.85,1,1,Pellet,Left,826,1225,643,264937315,0.39,93,nan
10/1/2026 18:19:52,1.17.3,StopSig,0,3.85,nan,1,>Left_Regular_trial,Left,827,1225,643,267542342,nan,nan,nan
10/1/2026 18:19:54,1.17.3,StopSig,0,3.85,nan,1,Right_Regular_(correct),Left,827,1226,643,267544470,nan,nan,nan
10/1/2026 18:19:56,1.17.3,StopSig,0,3.85,1,1,Pellet,Left,827,1226,644,267544470,0.83,2608,nan
10/1/2026 18:20:11,1.17.3,StopSig,0,3.85,nan,1,>Left_Stop_trial,Left,828,1226,644,267560072,nan,nan,nan
10/1/2026 18:20:14,1.17.3,StopSig,0,3.85,nan,1,NoPoke_STOP_(correct),Left,828,1226,644,267563837,nan,nan,nan
10/1/2026 18:20:15,1.17.3,StopSig,0,3.85,1,1,Pellet,Left,828,1226,645,267563837,0.33,19,nan
10/1/2026 18:20:32,1.17.3,StopSig,0,3.85,nan,1,>Left_Regular_trial,Left,829,1226,645,267581577,nan,nan,nan
10/1/2026 18:20:33,1.17.3,StopSig,0,3.85,nan,1,Right_Regular_(correct),Left,829,1227,645,267582865,nan,nan,nan
10/1/2026 18:20:34,1.17.3,StopSig,0,3.85,2,1,Pellet,Left,829,1227,646,267582865,0.05,19,nan
10/1/2026 18:20:50,1.17.3,StopSig,0,3.85,nan,1,Right_no_left,Left,829,1228,646,267582865,nan,nan,nan
10/1/2026 18:20:51,1.17.3,StopSig,0,3.85,nan,1,Right_no_left,Left,829,1229,646,267600660,nan,nan,nan
10/1/2026 18:20:52,1.17.3,StopSig,0,3.85,nan,1,Right_no_left,Left,829,1230,646,267600937,nan,nan,nan
10/1/2026 18:20:53,1.17.3,StopSig,0,3.85,nan,1,Right_no_left,Left,829,1231,646,267601925,nan,nan,nan
10/1/2026 18:20:53,1.17.3,StopSig,0,3.85,nan,1,Right_no_left,Left,829,1232,646,267603054,nan,nan,nan
10/1/2026 18:20:54,1.17.3,StopSig,0,3.85,nan,1,Right_no_left,Left,829,1233,646,267603330,nan,nan,nan
10/1/2026 18:20:55,1.17.3,StopSig,0,3.85,nan,1,>Left_Regular_trial,Left,830,1233,646,267605320,nan,nan,nan
10/1/2026 18:20:56,1.17.3,StopSig,0,3.85,nan,1,Right_Regular_(correct),Left,830,1234,646,267606179,nan,nan,nan
10/1/2026 18:21:07,1.17.3,StopSig,0,3.85,2,1,Pellet,Left,830,1234,647,267606179,8.55,33,nan
10/1/2026 18:21:22,1.17.3,StopSig,0,3.85,nan,1,Right_no_left,Left,830,1235,647,267606179,nan,nan,nan
10/1/2026 18:21:23,1.17.3,StopSig,0,3.85,nan,1,Right_no_left,Left,830,1236,647,267632419,nan,nan,nan
10/1/2026 18:21:27,1.17.3,StopSig,0,3.85,nan,1,Right_no_left,Left,830,1237,647,267633416,nan,nan,nan
10/1/2026 18:21:30,1.17.3,StopSig,0,3.85,nan,1,>Left_Stop_trial,Left,831,1237,647,267639377,nan,nan,nan
10/1/2026 18:21:33,1.17.3,StopSig,0,3.85,nan,1,NoPoke_STOP_(correct),Left,831,1237,647,267642854,nan,nan,nan
10/1/2026 18:21:34,1.17.3,StopSig,0,3.85,1,1,Pellet,Left,831,1237,648,267642854,0.11,27,nan
10/1/2026 18:21:49,1.17.3,StopSig,0,3.85,nan,1,>Left_Regular_trial,Left,832,1237,648,267658893,nan,nan,nan
10/1/2026 18:21:51,1.17.3,StopSig,0,3.85,nan,1,Right_Regular_(correct),Left,832,1238,648,267661018,nan,nan,nan
10/1/2026 18:21:52,1.17.3,StopSig,0,3.85,1,1,Pellet,Left,832,1238,649,267661018,0.16,18,nan
10/1/2026 18:22:07,1.17.3,StopSig,0,3.85,nan,1,Right_no_left,Left,832,1239,649,267661018,nan,nan,nan
10/1/2026 18:22:07,1.17.3,StopSig,0,3.85,nan,1,Right_no_left,Left,832,1240,649,267677209,nan,nan,nan
10/1/2026 19:04:32,1.17.3,StopSig,0,3.85,nan,1,Right_no_left,Left,832,1241,649,267677485,nan,nan,nan
10/1/2026 19:04:32,1.17.3,StopSig,0,3.85,nan,1,Right_no_left,Left,832,1242,649,270222019,nan,nan,nan
10/1/2026 19:04:34,1.17.3,StopSig,0,3.85,nan,1,Right_no_left,Left,832,1243,649,270222723,nan,nan,nan
10/1/2026 19:04:34,1.17.3,StopSig,0,3.85,nan,1,Right_no_left,Left,832,1244,649,270224282,nan,nan,nan
10/1/2026 19:04:36,1.17.3,StopSig,0,3.85,nan,1,>Left_Regular_trial,Left,833,1244,649,270225697,nan,nan,nan
10/1/2026 19:04:36,1.17.3,StopSig,0,3.85,nan,1,Right_Regular_(correct),Left,833,1245,649,270226687,nan,nan,nan
10/1/2026 19:04:37,1.17.3,StopSig,0,3.85,2,1,Pellet,Left,833,1245,650,270226687,0.16,2565,nan
10/1/2026 19:04:54,1.17.3,StopSig,0,3.85,nan,1,>Left_Regular_trial,Left,834,1245,650,270244103,nan,nan,nan
10/1/2026 19:04:54,1.17.3,StopSig,0,3.85,nan,1,Right_Regular_(correct),Left,834,1246,650,270244808,nan,nan,nan
10/1/2026 19:05:07,1.17.3,StopSig,0,3.85,2,1,Pellet,Left,834,1246,651,270244808,9.78,30,nan
10/1/2026 19:05:24,1.17.3,StopSig,0,3.85,nan,1,Right_no_left,Left,834,1247,651,270244808,nan,nan,nan
10/1/2026 19:05:25,1.17.3,StopSig,0,3.85,nan,1,Right_no_left,Left,834,1248,651,270274552,nan,nan,nan
10/1/2026 19:05:26,1.17.3,StopSig,0,3.85,nan,1,Right_no_left,Left,834,1249,651,270275714,nan,nan,nan
10/1/2026 19:05:28,1.17.3,StopSig,0,3.85,nan,1,>Left_Regular_trial,Left,835,1249,651,270277699,nan,nan,nan
10/1/2026 19:05:28,1.17.3,StopSig,0,3.85,nan,1,Right_Regular_(correct),Left,835,1250,651,270278688,nan,nan,nan
10/1/2026 19:05:38,1.17.3,StopSig,0,3.85,2,1,Pellet,Left,835,1250,652,270278688,7.15,31,nan
10/1/2026 19:06:01,1.17.3,StopSig,0,3.85,nan,1,Right_no_left,Left,835,1251,652,270278688,nan,nan,nan
10/1/2026 19:06:01,1.17.3,StopSig,0,3.85,nan,1,Right_no_left,Left,835,1252,652,270311052,nan,nan,nan
10/1/2026 19:06:05,1.17.3,StopSig,0,3.85,nan,1,>Left_Regular_trial,Left,836,1252,652,270314769,nan,nan,nan
10/1/2026 19:06:06,1.17.3,StopSig,0,3.85,nan,1,Right_Regular_(correct),Left,836,1253,652,270316360,nan,nan,nan
10/1/2026 19:06:07,1.17.3,StopSig,0,3.84,2,1,Pellet,Left,836,1253,653,270316360,0.05,29,nan
10/1/2026 19:06:22,1.17.3,StopSig,0,3.85,nan,1,>Left_Regular_trial,Left,837,1253,653,270332258,nan,nan,nan
10/1/2026 19:06:23,1.17.3,StopSig,0,3.85,nan,1,Right_Regular_(correct),Left,837,1254,653,270333109,nan,nan,nan
10/1/2026 19:06:33,1.17.3,StopSig,0,3.85,2,1,Pellet,Left,837,1254,654,270333109,7.60,26,nan
10/1/2026 19:15:43,1.17.3,StopSig,0,3.85,nan,1,Right_no_left,Left,837,1255,654,270333109,nan,nan,nan
10/1/2026 19:35:24,1.17.3,StopSig,0,3.84,nan,1,>Left_Regular_trial,Left,838,1255,654,272074366,nan,nan,nan
10/1/2026 19:35:28,1.17.3,StopSig,0,3.85,nan,1,NoPoke_Regular_(incorrect),Left,838,1255,654,272078231,nan,nan,nan
10/1/2026 19:56:20,1.17.3,StopSig,0,3.85,nan,1,Right_no_left,Left,838,1256,654,272078231,nan,nan,nan
10/1/2026 20:11:28,1.17.3,StopSig,0,3.85,nan,1,Right_no_left,Left,838,1257,654,273330198,nan,nan,nan
10/1/2026 20:13:15,1.17.3,StopSig,0,3.84,nan,1,>Left_Regular_trial,Left,839,1257,654,274345277,nan,nan,nan
10/1/2026 20:13:19,1.17.3,StopSig,0,3.85,nan,1,NoPoke_Regular_(incorrect),Left,839,1257,654,274349293,nan,nan,nan
10/1/2026 20:14:44,1.17.3,StopSig,0,3.85,nan,1,>Left_Regular_trial,Left,840,1257,654,274434656,nan,nan,nan
10/1/2026 20:14:48,1.17.3,StopSig,0,3.85,nan,1,NoPoke_Regular_(incorrect),Left,840,1257,654,274438363,nan,nan,nan
10/1/2026 20:16:06,1.17.3,StopSig,0,3.85,nan,1,Right_no_left,Left,840,1258,654,274438363,nan,nan,nan
10/1/2026 20:16:53,1.17.3,StopSig,0,3.85,nan,1,Right_no_left,Left,840,1259,654,274516453,nan,nan,nan
10/1/2026 20:19:08,1.17.3,StopSig,0,3.85,nan,1,Right_no_left,Left,840,1260,654,274563435,nan,nan,nan
10/1/2026 20:30:40,1.17.3,StopSig,0,3.84,nan,1,>Left_Regular_trial,Left,841,1260,654,275390088,nan,nan,nan
10/1/2026 20:30:41,1.17.3,StopSig,0,3.84,nan,1,Right_Regular_(correct),Left,841,1261,654,275392116,nan,nan,nan
10/1/2026 20:30:43,1.17.3,StopSig,0,3.85,1,1,Pellet,Left,841,1261,655,275392116,0.33,5049,nan
10/1/2026 20:30:59,1.17.3,StopSig,0,3.84,nan,1,Right_no_left,Left,841,1262,655,275392116,nan,nan,nan
10/1/2026 20:31:00,1.17.3,StopSig,0,3.85,nan,1,Right_no_left,Left,841,1263,655,275409621,nan,nan,nan
10/1/2026 20:31:01,1.17.3,StopSig,0,3.84,nan,1,Right_no_left,Left,841,1264,655,275410903,nan,nan,nan
10/1/2026 20:31:02,1.17.3,StopSig,0,3.84,nan,1,>Left_Regular_trial,Left,842,1264,655,275412615,nan,nan,nan
10/1/2026 20:31:03,1.17.3,StopSig,0,3.84,nan,1,Right_Regular_(correct),Left,842,1265,655,275413325,nan,nan,nan
10/1/2026 20:31:11,1.17.3,StopSig,0,3.84,2,1,Pellet,Left,842,1265,656,275413325,5.70,29,nan
10/1/2026 20:31:31,1.17.3,StopSig,0,3.85,nan,1,Right_no_left,Left,842,1266,656,275413325,nan,nan,nan
10/1/2026 20:31:32,1.17.3,StopSig,0,3.84,nan,1,Right_no_left,Left,842,1267,656,275441541,nan,nan,nan
10/1/2026 20:31:32,1.17.3,StopSig,0,3.84,nan,1,Right_no_left,Left,842,1268,656,275442402,nan,nan,nan
10/1/2026 20:31:34,1.17.3,StopSig,0,3.84,nan,1,Right_no_left,Left,842,1269,656,275442843,nan,nan,nan
10/1/2026 20:31:35,1.17.3,StopSig,0,3.84,nan,1,Right_no_left,Left,842,1270,656,275445154,nan,nan,nan
10/1/2026 20:31:38,1.17.3,StopSig,0,3.85,nan,1,Right_no_left,Left,842,1271,656,275445744,nan,nan,nan
10/1/2026 20:31:39,1.17.3,StopSig,0,3.84,nan,1,Right_no_left,Left,842,1272,656,275448875,nan,nan,nan
10/1/2026 20:31:39,1.17.3,StopSig,0,3.84,nan,1,Right_no_left,Left,842,1273,656,275449585,nan,nan,nan
10/1/2026 20:44:33,1.17.3,StopSig,0,3.85,nan,1,>Left_Regular_trial,Left,843,1273,656,276223728,nan,nan,nan
10/1/2026 20:44:34,1.17.3,StopSig,0,3.84,nan,1,Right_Regular_(correct),Left,843,1274,656,276225021,nan,nan,nan
10/1/2026 20:44:46,1.17.3,StopSig,0,3.84,2,1,Pellet,Left,843,1274,657,276225021,9.34,815,nan
10/1/2026 20:45:03,1.17.3,StopSig,0,3.84,nan,1,Right_no_left,Left,843,1275,657,276225021,nan,nan,nan
10/1/2026 20:45:07,1.17.3,StopSig,0,3.84,nan,1,Right_no_left,Left,843,1276,657,276254323,nan,nan,nan
10/1/2026 20:45:07,1.17.3,StopSig,0,3.84,nan,1,Right_no_left,Left,843,1277,657,276257614,nan,nan,nan
10/1/2026 20:59:43,1.17.3,StopSig,0,3.84,nan,1,>Left_Regular_trial,Left,844,1277,657,277133254,nan,nan,nan
10/1/2026 20:59:44,1.17.3,StopSig,0,3.84,nan,1,Right_Regular_(correct),Left,844,1278,657,277134844,nan,nan,nan
10/1/2026 20:59:45,1.17.3,StopSig,0,3.85,1,1,Pellet,Left,844,1278,658,277134844,0.05,899,nan
10/1/2026 20:59:59,1.17.3,StopSig,0,3.84,nan,1,>Left_Regular_trial,Left,845,1278,658,277149691,nan,nan,nan
10/1/2026 21:00:00,1.17.3,StopSig,0,3.84,nan,1,Right_Regular_(correct),Left,845,1279,658,277150545,nan,nan,nan
10/1/2026 21:00:01,1.17.3,StopSig,0,3.85,1,1,Pellet,Left,845,1279,659,277150545,0.11,16,nan
10/1/2026 21:00:12,1.17.3,StopSig,0,3.85,nan,1,Right_no_left,Left,845,1280,659,277150545,nan,nan,nan
10/1/2026 21:00:14,1.17.3,StopSig,0,3.85,nan,1,Right_no_left,Left,845,1281,659,277163013,nan,nan,nan
10/1/2026 21:00:15,1.17.3,StopSig,0,3.85,nan,1,Right_no_left,Left,845,1282,659,277165180,nan,nan,nan
10/1/2026 21:00:17,1.17.3,StopSig,0,3.84,nan,1,Right_no_left,Left,845,1283,659,277166050,nan,nan,nan
10/1/2026 21:00:18,1.17.3,StopSig,0,3.85,nan,1,Right_no_left,Left,845,1284,659,277168058,nan,nan,nan
10/1/2026 21:00:19,1.17.3,StopSig,0,3.84,nan,1,>Left_Regular_trial,Left,846,1284,659,277169929,nan,nan,nan
10/1/2026 21:00:20,1.17.3,StopSig,0,3.84,nan,1,Right_Regular_(correct),Left,846,1285,659,277170781,nan,nan,nan
10/1/2026 21:00:28,1.17.3,StopSig,0,3.85,2,1,Pellet,Left,846,1285,660,277170781,5.64,27,nan
10/1/2026 21:00:46,1.17.3,StopSig,0,3.84,nan,1,>Left_Stop_trial,Left,847,1285,660,277196036,nan,nan,nan
10/1/2026 21:00:49,1.17.3,StopSig,0,3.84,nan,1,NoPoke_STOP_(correct),Left,847,1285,660,277199582,nan,nan,nan
10/1/2026 21:00:50,1.17.3,StopSig,0,3.84,1,1,Pellet,Left,847,1285,661,277199582,0.16,22,nan
10/1/2026 21:01:04,1.17.3,StopSig,0,3.85,nan,1,Right_no_left,Left,847,1286,661,277199582,nan,nan,nan
10/1/2026 21:01:05,1.17.3,StopSig,0,3.84,nan,1,Right_no_left,Left,847,1287,661,277214714,nan,nan,nan
10/1/2026 21:01:07,1.17.3,StopSig,0,3.84,nan,1,Right_no_left,Left,847,1288,661,277215569,nan,nan,nan
10/1/2026 21:01:08,1.17.3,StopSig,0,3.84,nan,1,Right_no_left,Left,847,1289,661,277217995,nan,nan,nan
10/1/2026 21:01:10,1.17.3,StopSig,0,3.84,nan,1,>Left_Regular_trial,Left,848,1289,661,277220699,nan,nan,nan
10/1/2026 21:01:11,1.17.3,StopSig,0,3.84,nan,1,Right_Regular_(correct),Left,848,1290,661,277221689,nan,nan,nan
10/1/2026 21:01:12,1.17.3,StopSig,0,3.84,2,1,Pellet,Left,848,1290,662,277221689,0.05,22,nan
10/1/2026 21:01:26,1.17.3,StopSig,0,3.84,nan,1,>Left_Regular_trial,Left,849,1290,662,277236720,nan,nan,nan
10/1/2026 21:01:27,1.17.3,StopSig,0,3.84,nan,1,Right_Regular_(correct),Left,849,1291,662,277237567,nan,nan,nan
10/1/2026 21:01:28,1.17.3,StopSig,0,3.84,2,1,Pellet,Left,849,1291,663,277237567,0.05,16,nan
10/1/2026 21:01:42,1.17.3,StopSig,0,3.84,nan,1,Right_no_left,Left,849,1292,663,277237567,nan,nan,nan
10/1/2026 21:01:42,1.17.3,StopSig,0,3.85,nan,1,Right_no_left,Left,849,1293,663,277252653,nan,nan,nan
10/1/2026 21:08:58,1.17.3,StopSig,0,3.84,nan,1,Right_no_left,Left,849,1294,663,277253367,nan,nan,nan
10/1/2026 21:08:59,1.17.3,StopSig,0,3.84,nan,1,Right_no_left,Left,849,1295,663,277689344,nan,nan,nan
10/1/2026 21:08:59,1.17.3,StopSig,0,3.84,nan,1,Right_no_left,Left,849,1296,663,277689630,nan,nan,nan
10/1/2026 21:09:02,1.17.3,StopSig,0,3.85,nan,1,Right_no_left,Left,849,1297,663,277689907,nan,nan,nan
10/1/2026 21:09:03,1.17.3,StopSig,0,3.84,nan,1,Right_no_left,Left,849,1298,663,277692612,nan,nan,nan
10/1/2026 21:09:03,1.17.3,StopSig,0,3.85,nan,1,Right_no_left,Left,849,1299,663,277693888,nan,nan,nan
10/1/2026 21:09:06,1.17.3,StopSig,0,3.84,nan,1,Right_no_left,Left,849,1300,663,277694308,nan,nan,nan
10/1/2026 21:09:07,1.17.3,StopSig,0,3.84,nan,1,Right_no_left,Left,849,1301,663,277697159,nan,nan,nan
10/1/2026 21:09:09,1.17.3,StopSig,0,3.84,nan,1,>Left_Regular_trial,Left,850,1301,663,277699590,nan,nan,nan
10/1/2026 21:09:10,1.17.3,StopSig,0,3.84,nan,1,Right_Regular_(correct),Left,850,1302,663,277701161,nan,nan,nan
10/1/2026 21:09:11,1.17.3,StopSig,0,3.84,1,1,Pellet,Left,850,1302,664,277701161,0.16,463,nan
10/1/2026 21:18:43,1.17.3,StopSig,0,3.84,nan,1,Right_no_left,Left,850,1303,664,277701161,nan,nan,nan
10/1/2026 21:41:46,1.17.3,StopSig,0,3.84,nan,1,Right_no_left,Left,850,1304,664,278274480,nan,nan,nan
10/1/2026 21:41:51,1.17.3,StopSig,0,3.84,nan,1,>Left_Regular_trial,Left,851,1304,664,279661883,nan,nan,nan
10/1/2026 21:41:52,1.17.3,StopSig,0,3.84,nan,1,Right_Regular_(correct),Left,851,1305,664,279663014,nan,nan,nan
10/1/2026 21:41:53,1.17.3,StopSig,0,3.84,1,1,Pellet,Left,851,1305,665,279663014,0.33,1962,nan
10/1/2026 21:44:19,1.17.3,StopSig,0,3.84,nan,1,>Left_Regular_trial,Left,852,1305,665,279810024,nan,nan,nan
10/1/2026 21:44:20,1.17.3,StopSig,0,3.84,nan,1,Right_Regular_(correct),Left,852,1306,665,279811166,nan,nan,nan
10/1/2026 21:44:21,1.17.3,StopSig,0,3.85,1,1,Pellet,Left,852,1306,666,279811166,0.16,148,nan
10/1/2026 21:45:38,1.17.3,StopSig,0,3.84,nan,1,>Left_Regular_trial,Left,853,1306,666,279888978,nan,nan,nan
10/1/2026 21:45:42,1.17.3,StopSig,0,3.84,nan,1,NoPoke_Regular_(incorrect),Left,853,1306,666,279892693,nan,nan,nan
10/1/2026 21:50:47,1.17.3,StopSig,0,3.84,nan,1,Right_no_left,Left,853,1307,666,279892693,nan,nan,nan
10/1/2026 22:15:43,1.17.3,StopSig,0,3.83,nan,1,>Left_Stop_trial,Left,854,1307,666,281693557,nan,nan,nan
10/1/2026 22:15:46,1.17.3,StopSig,0,3.84,nan,1,NoPoke_STOP_(correct),Left,854,1307,666,281696793,nan,nan,nan
10/1/2026 22:15:47,1.17.3,StopSig,0,3.84,1,1,Pellet,Left,854,1307,667,281696793,0.44,1886,nan
10/1/2026 22:19:27,1.17.3,StopSig,0,3.83,nan,1,Right_no_left,Left,854,1308,667,281696793,nan,nan,nan
10/1/2026 22:21:42,1.17.3,StopSig,0,3.84,nan,1,Right_no_left,Left,854,1309,667,281918663,nan,nan,nan
10/1/2026 22:21:43,1.17.3,StopSig,0,3.84,nan,1,Right_no_left,Left,854,1310,667,282053323,nan,nan,nan
10/1/2026 22:38:59,1.17.3,StopSig,0,3.83,nan,1,>Left_Regular_trial,Left,855,1310,667,283089607,nan,nan,nan
10/1/2026 22:39:02,1.17.3,StopSig,0,3.83,nan,1,NoPoke_Regular_(incorrect),Left,855,1310,667,283092896,nan,nan,nan
10/1/2026 22:39:35,1.17.3,StopSig,0,3.84,nan,1,>Left_Regular_trial,Left,856,1310,667,283126338,nan,nan,nan
10/1/2026 22:39:39,1.17.3,StopSig,0,3.84,nan,1,NoPoke_Regular_(incorrect),Left,856,1310,667,283129913,nan,nan,nan
10/1/2026 22:40:18,1.17.3,StopSig,0,3.84,nan,1,>Left_Regular_trial,Left,857,1310,667,283169491,nan,nan,nan
10/1/2026 22:40:19,1.17.3,StopSig,0,3.83,nan,1,Right_Regular_(correct),Left,857,1311,667,283170624,nan,nan,nan
10/1/2026 22:40:21,1.17.3,StopSig,0,3.84,1,1,Pellet,Left,857,1311,668,283170624,0.83,1474,nan
10/1/2026 22:40:35,1.17.3,StopSig,0,3.83,nan,1,>Left_Stop_trial,Left,858,1311,668,283185227,nan,nan,nan
10/1/2026 22:40:38,1.17.3,StopSig,0,3.84,nan,1,NoPoke_STOP_(correct),Left,858,1311,668,283189033,nan,nan,nan
10/1/2026 22:40:39,1.17.3,StopSig,0,3.84,1,1,Pellet,Left,858,1311,669,283189033,0.66,18,nan
10/1/2026 22:40:56,1.17.3,StopSig,0,3.83,nan,1,>Left_Stop_trial,Left,859,1311,669,283206366,nan,nan,nan
10/1/2026 22:40:59,1.17.3,StopSig,0,3.84,nan,1,NoPoke_STOP_(correct),Left,859,1311,669,283209935,nan,nan,nan
10/1/2026 22:41:00,1.17.3,StopSig,0,3.84,2,1,Pellet,Left,859,1311,670,283209935,0.27,21,nan
10/1/2026 22:41:12,1.17.3,StopSig,0,3.84,nan,1,>Left_Regular_trial,Left,860,1311,670,283223311,nan,nan,nan
10/1/2026 22:41:13,1.17.3,StopSig,0,3.84,nan,1,Right_Regular_(correct),Left,860,1312,670,283224300,nan,nan,nan
10/1/2026 22:41:14,1.17.3,StopSig,0,3.84,1,1,Pellet,Left,860,1312,671,283224300,0.27,14,nan
10/1/2026 22:41:26,1.17.3,StopSig,0,3.84,nan,1,>Left_Regular_trial,Left,861,1312,671,283237328,nan,nan,nan
10/1/2026 22:41:28,1.17.3,StopSig,0,3.84,nan,1,Right_Regular_(correct),Left,861,1313,671,283238747,nan,nan,nan
10/1/2026 22:41:28,1.17.3,StopSig,0,3.84,1,1,Pellet,Left,861,1313,672,283238747,0.22,14,nan
10/1/2026 22:41:42,1.17.3,StopSig,0,3.84,nan,1,>Left_Stop_trial,Left,862,1313,672,283252480,nan,nan,nan
10/1/2026 22:41:45,1.17.3,StopSig,0,3.84,nan,1,NoPoke_STOP_(correct),Left,862,1313,672,283255949,nan,nan,nan
10/1/2026 22:41:46,1.17.3,StopSig,0,3.83,1,1,Pellet,Left,862,1313,673,283255949,0.39,18,nan
10/1/2026 22:42:02,1.17.3,StopSig,0,3.84,nan,1,>Left_Stop_trial,Left,863,1313,673,283272876,nan,nan,nan
10/1/2026 22:42:06,1.17.3,StopSig,0,3.84,nan,1,NoPoke_STOP_(correct),Left,863,1313,673,283276932,nan,nan,nan
10/1/2026 22:42:07,1.17.3,StopSig,0,3.84,1,1,Pellet,Left,863,1313,674,283276932,0.50,21,nan
10/1/2026 22:46:44,1.17.3,StopSig,0,3.83,nan,1,>Left_Stop_trial,Left,864,1313,674,283554076,nan,nan,nan
10/1/2026 22:46:47,1.17.3,StopSig,0,3.84,nan,1,NoPoke_STOP_(correct),Left,864,1313,674,283558046,nan,nan,nan
10/1/2026 22:46:48,1.17.3,StopSig,0,3.84,2,1,Pellet,Left,864,1313,675,283558046,0.11,281,nan
10/1/2026 22:49:22,1.17.3,StopSig,0,3.84,nan,1,>Left_Regular_trial,Left,865,1313,675,283712820,nan,nan,nan
10/1/2026 22:49:24,1.17.3,StopSig,0,3.84,nan,1,Right_Regular_(correct),Left,865,1314,675,283714844,nan,nan,nan
10/1/2026 22:49:25,1.17.3,StopSig,0,3.83,1,1,Pellet,Left,865,1314,676,283714844,0.33,157,nan
10/1/2026 23:12:31,1.17.3,StopSig,0,3.83,nan,1,Right_no_left,Left,865,1315,676,283714844,nan,nan,nan
10/1/2026 23:13:46,1.17.3,StopSig,0,3.84,nan,1,Right_no_left,Left,865,1316,676,285102831,nan,nan,nan
10/1/2026 23:13:49,1.17.3,StopSig,0,3.84,nan,1,>Left_Regular_trial,Left,866,1316,676,285180309,nan,nan,nan
10/1/2026 23:13:50,1.17.3,StopSig,0,3.84,nan,1,Right_Regular_(correct),Left,866,1317,676,285181163,nan,nan,nan
10/1/2026 23:13:51,1.17.3,StopSig,0,3.83,1,1,Pellet,Left,866,1317,677,285181163,0.39,1466,nan
10/1/2026 23:14:06,1.17.3,StopSig,0,3.83,nan,1,Right_no_left,Left,866,1318,677,285181163,nan,nan,nan
10/1/2026 23:14:07,1.17.3,StopSig,0,3.84,nan,1,Right_no_left,Left,866,1319,677,285197815,nan,nan,nan
10/1/2026 23:14:10,1.17.3,StopSig,0,3.84,nan,1,Right_no_left,Left,866,1320,677,285198818,nan,nan,nan
10/1/2026 23:14:10,1.17.3,StopSig,0,3.83,nan,1,Right_no_left,Left,866,1321,677,285201255,nan,nan,nan
10/1/2026 23:24:53,1.17.3,StopSig,0,3.83,nan,1,Right_no_left,Left,866,1322,677,285201841,nan,nan,nan
10/1/2026 23:24:55,1.17.3,StopSig,0,3.84,nan,1,Right_no_left,Left,866,1323,677,285844081,nan,nan,nan
10/1/2026 23:39:22,1.17.3,StopSig,0,3.84,nan,1,Right_no_left,Left,866,1324,677,285846108,nan,nan,nan
10/1/2026 23:39:24,1.17.3,StopSig,0,3.83,nan,1,Right_no_left,Left,866,1325,677,286713505,nan,nan,nan
10/1/2026 23:42:28,1.17.3,StopSig,0,3.83,nan,1,Right_no_left,Left,866,1326,677,286715353,nan,nan,nan
10/1/2026 23:42:29,1.17.3,StopSig,0,3.83,nan,1,Right_no_left,Left,866,1327,677,286899352,nan,nan,nan
10/1/2026 23:51:47,1.17.3,StopSig,0,3.83,nan,1,Right_no_left,Left,866,1328,677,286900208,nan,nan,nan
10/1/2026 23:51:49,1.17.3,StopSig,0,3.83,nan,1,>Left_Regular_trial,Left,867,1328,677,287460470,nan,nan,nan
10/1/2026 23:51:50,1.17.3,StopSig,0,3.83,nan,1,Right_Regular_(correct),Left,867,1329,677,287461611,nan,nan,nan
10/1/2026 23:51:53,1.17.3,StopSig,0,3.83,2,1,Pellet,Left,867,1329,678,287461611,0.27,2282,nan
10/1/2026 23:52:08,1.17.3,StopSig,0,3.83,nan,1,>Left_Regular_trial,Left,868,1329,678,287479000,nan,nan,nan
10/1/2026 23:52:08,1.17.3,StopSig,0,3.83,nan,1,Right_Regular_(correct),Left,868,1330,678,287479728,nan,nan,nan
10/1/2026 23:52:11,1.17.3,StopSig,0,3.83,2,1,Pellet,Left,868,1330,679,287479728,0.39,18,nan
10/1/2026 23:52:25,1.17.3,StopSig,0,3.83,nan,1,>Left_Regular_trial,Left,869,1330,679,287496777,nan,nan,nan
10/1/2026 23:52:26,1.17.3,StopSig,0,3.83,nan,1,Right_Regular_(correct),Left,869,1331,679,287497632,nan,nan,nan
10/1/2026 23:52:27,1.17.3,StopSig,0,3.83,2,1,Pellet,Left,869,1331,680,287497632,0.11,16,nan
10/1/2026 23:52:41,1.17.3,StopSig,0,3.83,nan,1,>Left_Stop_trial,Left,870,1331,680,287511425,nan,nan,nan
10/1/2026 23:52:41,1.17.3,StopSig,0,3.83,nan,1,Right_STOP_(incorrect),Left,870,1332,680,287512303,nan,nan,nan
10/2/2026 0:14:03,1.17.3,StopSig,0,3.83,nan,1,>Left_Stop_trial,Left,871,1332,680,288793911,nan,nan,nan
10/2/2026 0:14:06,1.17.3,StopSig,0,3.83,nan,1,NoPoke_STOP_(correct),Left,871,1332,680,288797408,nan,nan,nan
10/2/2026 0:14:07,1.17.3,StopSig,0,3.83,1,1,Pellet,Left,871,1332,681,288797408,0.39,1300,nan
10/2/2026 0:14:23,1.17.3,StopSig,0,3.83,nan,1,Right_no_left,Left,871,1333,681,288797408,nan,nan,nan
10/2/2026 0:14:23,1.17.3,StopSig,0,3.83,nan,1,Right_no_left,Left,871,1334,681,288814825,nan,nan,nan
10/2/2026 0:14:26,1.17.3,StopSig,0,3.83,nan,1,>Left_Regular_trial,Left,872,1334,681,288817386,nan,nan,nan
10/2/2026 0:14:27,1.17.3,StopSig,0,3.83,nan,1,Right_Regular_(correct),Left,872,1335,681,288818814,nan,nan,nan
10/2/2026 0:14:28,1.17.3,StopSig,0,3.83,1,1,Pellet,Left,872,1335,682,288818814,0.22,21,nan
10/2/2026 0:21:54,1.17.3,StopSig,0,3.84,nan,1,>Left_Regular_trial,Left,873,1335,682,289265621,nan,nan,nan
10/2/2026 0:21:58,1.17.3,StopSig,0,3.83,nan,1,NoPoke_Regular_(incorrect),Left,873,1335,682,289269350,nan,nan,nan
10/2/2026 0:26:34,1.17.3,StopSig,0,3.83,nan,1,>Left_Regular_trial,Left,874,1335,682,289545162,nan,nan,nan
10/2/2026 0:26:36,1.17.3,StopSig,0,3.83,nan,1,Right_Regular_(correct),Left,874,1336,682,289547761,nan,nan,nan
10/2/2026 0:26:37,1.17.3,StopSig,0,3.83,1,1,Pellet,Left,874,1336,683,289547761,0.16,729,nan
10/2/2026 0:26:50,1.17.3,StopSig,0,3.83,nan,1,>Left_Regular_trial,Left,875,1336,683,289561716,nan,nan,nan
10/2/2026 0:26:51,1.17.3,StopSig,0,3.83,nan,1,Right_Regular_(correct),Left,875,1337,683,289562723,nan,nan,nan
10/2/2026 0:26:52,1.17.3,StopSig,0,3.83,1,1,Pellet,Left,875,1337,684,289562723,0.22,15,nan
10/2/2026 0:27:07,1.17.3,StopSig,0,3.83,nan,1,Right_no_left,Left,875,1338,684,289562723,nan,nan,nan
10/2/2026 0:27:08,1.17.3,StopSig,0,3.83,nan,1,Right_no_left,Left,875,1339,684,289578698,nan,nan,nan
10/2/2026 1:10:58,1.17.3,StopSig,0,3.83,nan,1,>Left_Regular_trial,Left,876,1339,684,292209383,nan,nan,nan
10/2/2026 1:10:59,1.17.3,StopSig,0,3.83,nan,1,Right_Regular_(correct),Left,876,1340,684,292211099,nan,nan,nan
10/2/2026 1:11:00,1.17.3,StopSig,0,3.83,1,1,Pellet,Left,876,1340,685,292211099,0.22,2648,nan
10/2/2026 1:11:13,1.17.3,StopSig,0,3.83,nan,1,>Left_Regular_trial,Left,877,1340,685,292225154,nan,nan,nan
10/2/2026 1:11:14,1.17.3,StopSig,0,3.83,nan,1,Right_Regular_(correct),Left,877,1341,685,292226014,nan,nan,nan
10/2/2026 1:11:15,1.17.3,StopSig,0,3.83,2,1,Pellet,Left,877,1341,686,292226014,0.16,15,nan
10/2/2026 1:11:29,1.17.3,StopSig,0,3.83,nan,1,>Left_Regular_trial,Left,878,1341,686,292240407,nan,nan,nan
10/2/2026 1:11:29,1.17.3,StopSig,0,3.83,nan,1,Right_Regular_(correct),Left,878,1342,686,292241111,nan,nan,nan
10/2/2026 1:11:39,1.17.3,StopSig,0,3.83,2,1,Pellet,Left,878,1342,687,292241111,7.26,24,nan
10/2/2026 1:11:58,1.17.3,StopSig,0,3.83,nan,1,>Left_Regular_trial,Left,879,1342,687,292269229,nan,nan,nan
10/2/2026 1:11:58,1.17.3,StopSig,0,3.83,nan,1,Right_Regular_(correct),Left,879,1343,687,292270076,nan,nan,nan
10/2/2026 1:11:59,1.17.3,StopSig,0,3.83,2,1,Pellet,Left,879,1343,688,292270076,0.05,20,nan
10/2/2026 1:12:16,1.17.3,StopSig,0,3.83,nan,1,>Left_Regular_trial,Left,880,1343,688,292287971,nan,nan,nan
10/2/2026 1:12:17,1.17.3,StopSig,0,3.83,nan,1,Right_Regular_(correct),Left,880,1344,688,292288844,nan,nan,nan
10/2/2026 1:12:18,1.17.3,StopSig,0,3.83,1,1,Pellet,Left,880,1344,689,292288844,0.27,19,nan
10/2/2026 1:12:33,1.17.3,StopSig,0,3.83,nan,1,Right_no_left,Left,880,1345,689,292288844,nan,nan,nan
10/2/2026 1:12:33,1.17.3,StopSig,0,3.83,nan,1,Right_no_left,Left,880,1346,689,292304553,nan,nan,nan
10/2/2026 1:57:15,1.17.3,StopSig,0,3.83,nan,1,>Left_Regular_trial,Left,881,1346,689,294987311,nan,nan,nan
10/2/2026 1:57:19,1.17.3,StopSig,0,3.83,nan,1,NoPoke_Regular_(incorrect),Left,881,1346,689,294990734,nan,nan,nan
10/2/2026 2:01:28,1.17.3,StopSig,0,3.83,nan,1,>Left_Regular_trial,Left,882,1346,689,295240375,nan,nan,nan
10/2/2026 2:01:32,1.17.3,StopSig,0,3.83,nan,1,NoPoke_Regular_(incorrect),Left,882,1346,689,295243798,nan,nan,nan
10/2/2026 2:02:23,1.17.3,StopSig,0,3.83,nan,1,>Left_Regular_trial,Left,883,1346,689,295294566,nan,nan,nan
10/2/2026 2:02:26,1.17.3,StopSig,0,3.83,nan,1,NoPoke_Regular_(incorrect),Left,883,1346,689,295297861,nan,nan,nan
10/2/2026 2:07:56,1.17.3,StopSig,0,3.83,nan,1,>Left_Regular_trial,Left,884,1346,689,295628313,nan,nan,nan
10/2/2026 2:08:00,1.17.3,StopSig,0,3.83,nan,1,NoPoke_Regular_(incorrect),Left,884,1346,689,295631906,nan,nan,nan
10/2/2026 2:21:26,1.17.3,StopSig,0,3.83,nan,1,>Left_Stop_trial,Left,885,1346,689,296437914,nan,nan,nan
10/2/2026 2:21:30,1.17.3,StopSig,0,3.83,nan,1,NoPoke_STOP_(correct),Left,885,1346,689,296441892,nan,nan,nan
10/2/2026 2:21:31,1.17.3,StopSig,0,3.83,1,1,Pellet,Left,885,1346,690,296441892,0.27,4153,nan
10/2/2026 2:26:33,1.17.3,StopSig,0,3.83,nan,1,>Left_Regular_trial,Left,886,1346,690,296745521,nan,nan,nan
10/2/2026 2:26:37,1.17.3,StopSig,0,3.83,nan,1,NoPoke_Regular_(incorrect),Left,886,1346,690,296748947,nan,nan,nan
10/2/2026 2:27:24,1.17.3,StopSig,0,3.83,nan,1,Right_no_left,Left,886,1347,690,296748947,nan,nan,nan
10/2/2026 2:29:08,1.17.3,StopSig,0,3.82,nan,1,>Left_Stop_trial,Left,887,1347,690,296899512,nan,nan,nan
10/2/2026 2:29:11,1.17.3,StopSig,0,3.83,nan,1,NoPoke_STOP_(correct),Left,887,1347,690,296902895,nan,nan,nan
10/2/2026 2:29:12,1.17.3,StopSig,0,3.83,1,1,Pellet,Left,887,1347,691,296902895,0.39,461,nan
10/2/2026 2:29:29,1.17.3,StopSig,0,3.83,nan,1,>Left_Regular_trial,Left,888,1347,691,296921447,nan,nan,nan
10/2/2026 2:29:33,1.17.3,StopSig,0,3.83,nan,1,NoPoke_Regular_(incorrect),Left,888,1347,691,296924885,nan,nan,nan
10/2/2026 2:30:15,1.17.3,StopSig,0,3.83,nan,1,>Left_Regular_trial,Left,889,1347,691,296967045,nan,nan,nan
10/2/2026 2:30:16,1.17.3,StopSig,0,3.83,nan,1,Right_Regular_(correct),Left,889,1348,691,296968465,nan,nan,nan
10/2/2026 2:30:17,1.17.3,StopSig,0,3.83,1,1,Pellet,Left,889,1348,692,296968465,0.22,65,nan
10/2/2026 2:30:30,1.17.3,StopSig,0,3.83,nan,1,>Left_Regular_trial,Left,890,1348,692,296982494,nan,nan,nan
10/2/2026 2:30:32,1.17.3,StopSig,0,3.83,nan,1,Right_Regular_(correct),Left,890,1349,692,296984635,nan,nan,nan
10/2/2026 2:30:33,1.17.3,StopSig,0,3.83,1,1,Pellet,Left,890,1349,693,296984635,0.16,16,nan
10/2/2026 2:30:50,1.17.3,StopSig,0,3.83,nan,1,>Left_Regular_trial,Left,891,1349,693,297002419,nan,nan,nan
10/2/2026 2:30:51,1.17.3,StopSig,0,3.83,nan,1,Right_Regular_(correct),Left,891,1350,693,297003415,nan,nan,nan
10/2/2026 2:30:52,1.17.3,StopSig,0,3.83,1,1,Pellet,Left,891,1350,694,297003415,0.11,19,nan
10/2/2026 2:31:07,1.17.3,StopSig,0,3.83,nan,1,>Left_Regular_trial,Left,892,1350,694,297019086,nan,nan,nan
10/2/2026 2:31:08,1.17.3,StopSig,0,3.83,nan,1,Right_Regular_(correct),Left,892,1351,694,297020078,nan,nan,nan
10/2/2026 2:31:09,1.17.3,StopSig,0,3.83,1,1,Pellet,Left,892,1351,695,297020078,0.16,17,nan
10/2/2026 3:00:15,1.17.3,StopSig,0,3.83,nan,1,>Left_Stop_trial,Left,893,1351,695,298767012,nan,nan,nan
10/2/2026 3:00:19,1.17.3,StopSig,0,3.83,nan,1,NoPoke_STOP_(correct),Left,893,1351,695,298771083,nan,nan,nan
10/2/2026 3:00:21,1.17.3,StopSig,0,3.82,1,1,Pellet,Left,893,1351,696,298771083,1.05,1752,nan
10/2/2026 3:00:36,1.17.3,StopSig,0,3.83,nan,1,>Left_Stop_trial,Left,894,1351,696,298788287,nan,nan,nan
10/2/2026 3:00:40,1.17.3,StopSig,0,3.83,nan,1,NoPoke_STOP_(correct),Left,894,1351,696,298791990,nan,nan,nan
10/2/2026 3:00:41,1.17.3,StopSig,0,3.82,1,1,Pellet,Left,894,1351,697,298791990,0.27,20,nan
10/2/2026 3:00:57,1.17.3,StopSig,0,3.83,nan,1,>Left_Regular_trial,Left,895,1351,697,298809240,nan,nan,nan
10/2/2026 3:01:01,1.17.3,StopSig,0,3.83,nan,1,NoPoke_Regular_(incorrect),Left,895,1351,697,298813108,nan,nan,nan
10/2/2026 3:01:34,1.17.3,StopSig,0,3.83,nan,1,>Left_Regular_trial,Left,896,1351,697,298845693,nan,nan,nan
10/2/2026 3:01:37,1.17.3,StopSig,0,3.83,nan,1,Right_Regular_(correct),Left,896,1352,697,298848972,nan,nan,nan
10/2/2026 3:01:38,1.17.3,StopSig,0,3.83,1,1,Pellet,Left,896,1352,698,298848972,0.33,57,nan
10/2/2026 3:15:04,1.17.3,StopSig,0,3.83,nan,1,>Left_Regular_trial,Left,897,1352,698,299656144,nan,nan,nan
10/2/2026 3:15:05,1.17.3,StopSig,0,3.83,nan,1,Right_Regular_(correct),Left,897,1353,698,299657732,nan,nan,nan
10/2/2026 3:15:07,1.17.3,StopSig,0,3.83,2,1,Pellet,Left,897,1353,699,299657732,0.89,809,nan
10/2/2026 3:26:19,1.17.3,StopSig,0,3.83,nan,1,Right_no_left,Left,897,1354,699,299657732,nan,nan,nan
10/2/2026 3:26:20,1.17.3,StopSig,0,3.83,nan,1,Right_no_left,Left,897,1355,699,300331730,nan,nan,nan
10/2/2026 3:26:21,1.17.3,StopSig,0,3.83,nan,1,Right_no_left,Left,897,1356,699,300332890,nan,nan,nan
10/2/2026 3:31:47,1.17.3,StopSig,0,3.83,nan,1,>Left_Regular_trial,Left,898,1356,699,300659455,nan,nan,nan
10/2/2026 3:31:49,1.17.3,StopSig,0,3.82,nan,1,Right_Regular_(correct),Left,898,1357,699,300661313,nan,nan,nan
10/2/2026 3:31:50,1.17.3,StopSig,0,3.83,1,1,Pellet,Left,898,1357,700,300661313,0.27,1003,nan
10/2/2026 3:32:20,1.17.3,StopSig,0,3.83,nan,1,>Left_Regular_trial,Left,899,1357,700,300692773,nan,nan,nan
10/2/2026 3:32:24,1.17.3,StopSig,0,3.83,nan,1,NoPoke_Regular_(incorrect),Left,899,1357,700,300696201,nan,nan,nan
10/2/2026 3:56:00,1.17.3,StopSig,0,3.83,nan,1,Right_no_left,Left,899,1358,700,300696201,nan,nan,nan
10/2/2026 3:59:19,1.17.3,StopSig,0,3.83,nan,1,>Left_Regular_trial,Left,900,1358,700,302311537,nan,nan,nan
10/2/2026 3:59:23,1.17.3,StopSig,0,3.82,nan,1,NoPoke_Regular_(incorrect),Left,900,1358,700,302315278,nan,nan,nan
10/2/2026 4:01:04,1.17.3,StopSig,0,3.82,nan,1,>Left_Regular_trial,Left,901,1358,700,302416324,nan,nan,nan
10/2/2026 4:01:08,1.17.3,StopSig,0,3.82,nan,1,NoPoke_Regular_(incorrect),Left,901,1358,700,302420339,nan,nan,nan
10/2/2026 4:18:48,1.17.3,StopSig,0,3.82,nan,1,Right_no_left,Left,901,1359,700,302420339,nan,nan,nan
10/2/2026 4:21:11,1.17.3,StopSig,0,3.82,nan,1,Right_no_left,Left,901,1360,700,303480667,nan,nan,nan
10/2/2026 4:47:00,1.17.3,StopSig,0,3.82,nan,1,Right_no_left,Left,901,1361,700,303623893,nan,nan,nan
10/2/2026 4:47:01,1.17.3,StopSig,0,3.82,nan,1,Right_no_left,Left,901,1362,700,305172864,nan,nan,nan
10/2/2026 4:47:06,1.17.3,StopSig,0,3.82,nan,1,Right_no_left,Left,901,1363,700,305173439,nan,nan,nan
10/2/2026 4:47:07,1.17.3,StopSig,0,3.82,nan,1,Right_no_left,Left,901,1364,700,305179014,nan,nan,nan
10/2/2026 4:56:11,1.17.3,StopSig,0,3.82,nan,1,>Left_Regular_trial,Left,902,1364,700,305723577,nan,nan,nan
10/2/2026 4:56:12,1.17.3,StopSig,0,3.82,nan,1,Right_Regular_(correct),Left,902,1365,700,305724603,nan,nan,nan
10/2/2026 4:56:13,1.17.3,StopSig,0,3.82,1,1,Pellet,Left,902,1365,701,305724603,0.22,5063,nan
10/2/2026 4:56:33,1.17.3,StopSig,0,3.82,nan,1,Right_no_left,Left,902,1366,701,305724603,nan,nan,nan
10/2/2026 4:56:33,1.17.3,StopSig,0,3.82,nan,1,Right_no_left,Left,902,1367,701,305745669,nan,nan,nan
10/2/2026 4:56:34,1.17.3,StopSig,0,3.83,nan,1,Right_no_left,Left,902,1368,701,305746376,nan,nan,nan
10/2/2026 4:56:34,1.17.3,StopSig,0,3.82,nan,1,Right_no_left,Left,902,1369,701,305746652,nan,nan,nan
10/2/2026 4:56:35,1.17.3,StopSig,0,3.82,nan,1,>Left_Regular_trial,Left,903,1369,701,305748072,nan,nan,nan
10/2/2026 4:56:36,1.17.3,StopSig,0,3.82,nan,1,Right_Regular_(correct),Left,903,1370,701,305749082,nan,nan,nan
10/2/2026 4:56:48,1.17.3,StopSig,0,3.82,2,1,Pellet,Left,903,1370,702,305749082,8.89,35,nan
10/2/2026 6:35:02,1.17.3,StopSig,0,3.82,nan,1,Right_no_left,Left,903,1371,702,305749082,nan,nan,nan
10/2/2026 6:35:10,1.17.3,StopSig,0,3.82,nan,1,>Left_Regular_trial,Left,904,1371,702,311663272,nan,nan,nan
10/2/2026 6:35:11,1.17.3,StopSig,0,3.82,nan,1,Right_Regular_(correct),Left,904,1372,702,311664567,nan,nan,nan
10/2/2026 6:35:12,1.17.3,StopSig,0,3.82,nan,1,RightDuringDispense,Left,904,1373,702,311664567,nan,nan,0.00
10/2/2026 6:35:13,1.17.3,StopSig,0,3.82,2,1,Pellet,Left,904,1373,703,311664567,0.11,5905,nan
10/2/2026 6:35:38,1.17.3,StopSig,0,3.82,nan,1,>Left_Regular_trial,Left,905,1373,703,311691122,nan,nan,nan
10/2/2026 6:35:39,1.17.3,StopSig,0,3.82,nan,1,Right_Regular_(correct),Left,905,1374,703,311691979,nan,nan,nan
10/2/2026 6:35:40,1.17.3,StopSig,0,3.82,2,1,Pellet,Left,905,1374,704,311691979,0.05,27,nan
10/2/2026 6:35:55,1.17.3,StopSig,0,3.82,nan,1,>Left_Regular_trial,Left,906,1374,704,311708541,nan,nan,nan
10/2/2026 6:35:57,1.17.3,StopSig,0,3.82,nan,1,Right_Regular_(correct),Left,906,1375,704,311710708,nan,nan,nan
10/2/2026 6:35:58,1.17.3,StopSig,0,3.82,1,1,Pellet,Left,906,1375,705,311710708,0.27,18,nan
10/2/2026 6:36:16,1.17.3,StopSig,0,3.82,nan,1,>Left_Regular_trial,Left,907,1375,705,311728856,nan,nan,nan
10/2/2026 6:36:16,1.17.3,StopSig,0,3.82,nan,1,Right_Regular_(correct),Left,907,1376,705,311729598,nan,nan,nan
10/2/2026 6:36:17,1.17.3,StopSig,0,3.82,1,1,Pellet,Left,907,1376,706,311729598,0.16,19,nan
10/2/2026 6:36:33,1.17.3,StopSig,0,3.82,nan,1,Right_no_left,Left,907,1377,706,311729598,nan,nan,nan
10/2/2026 6:36:33,1.17.3,StopSig,0,3.82,nan,1,Right_no_left,Left,907,1378,706,311745995,nan,nan,nan
10/2/2026 6:36:33,1.17.3,StopSig,0,3.82,nan,1,Right_no_left,Left,907,1379,706,311746278,nan,nan,nan
10/2/2026 6:36:34,1.17.3,StopSig,0,3.82,nan,1,Right_no_left,Left,907,1380,706,311746844,nan,nan,nan
10/2/2026 6:36:36,1.17.3,StopSig,0,3.82,nan,1,Right_no_left,Left,907,1381,706,311747133,nan,nan,nan
10/2/2026 7:00:45,1.17.3,StopSig,0,3.82,nan,1,Right_no_left,Left,907,1382,706,311749445,nan,nan,nan
10/2/2026 8:03:58,1.17.3,StopSig,0,3.81,nan,1,Right_no_left,Left,907,1383,706,313198211,nan,nan,nan
10/2/2026 8:04:00,1.17.3,StopSig,0,3.81,nan,1,>Left_Regular_trial,Left,908,1383,706,316993844,nan,nan,nan
10/2/2026 8:04:01,1.17.3,StopSig,0,3.82,nan,1,Right_Regular_(correct),Left,908,1384,706,316994552,nan,nan,nan
10/2/2026 8:04:02,1.17.3,StopSig,0,3.82,1,1,Pellet,Left,908,1384,707,316994552,0.11,5265,nan
10/2/2026 8:04:23,1.17.3,StopSig,0,3.82,nan,1,Right_no_left,Left,908,1385,707,316994552,nan,nan,nan
10/2/2026 8:04:24,1.17.3,StopSig,0,3.81,nan,1,Right_no_left,Left,908,1386,707,317016847,nan,nan,nan
10/2/2026 8:04:26,1.17.3,StopSig,0,3.82,nan,1,>Left_Regular_trial,Left,909,1386,707,317018982,nan,nan,nan
10/2/2026 8:04:26,1.17.3,StopSig,0,3.82,nan,1,Right_Regular_(correct),Left,909,1387,707,317019688,nan,nan,nan
10/2/2026 8:04:27,1.17.3,StopSig,0,3.82,1,1,Pellet,Left,909,1387,708,317019688,0.05,25,nan
10/2/2026 8:04:47,1.17.3,StopSig,0,3.82,nan,1,>Left_Regular_trial,Left,910,1387,708,317040601,nan,nan,nan
10/2/2026 8:04:48,1.17.3,StopSig,0,3.81,nan,1,Right_Regular_(correct),Left,910,1388,708,317041328,nan,nan,nan
10/2/2026 8:05:00,1.17.3,StopSig,0,3.82,3,1,Pellet,Left,910,1388,709,317041328,8.66,33,nan
10/2/2026 8:05:25,1.17.3,StopSig,0,3.82,nan,1,>Left_Regular_trial,Left,911,1388,709,317078693,nan,nan,nan
10/2/2026 8:05:26,1.17.3,StopSig,0,3.81,nan,1,Right_Regular_(correct),Left,911,1389,709,317079699,nan,nan,nan
10/2/2026 8:05:38,1.17.3,StopSig,0,3.82,3,1,Pellet,Left,911,1389,710,317079699,9.00,38,nan
10/2/2026 8:30:50,1.17.3,StopSig,0,3.82,nan,1,Right_no_left,Left,911,1390,710,317079699,nan,nan,nan
10/2/2026 8:30:53,1.17.3,StopSig,0,3.81,nan,1,>Left_Regular_trial,Left,912,1390,710,318606114,nan,nan,nan
10/2/2026 8:30:54,1.17.3,StopSig,0,3.82,nan,1,Right_Regular_(correct),Left,912,1391,710,318607247,nan,nan,nan
10/2/2026 8:30:55,1.17.3,StopSig,0,3.81,2,1,Pellet,Left,912,1391,711,318607247,0.16,1517,nan
10/2/2026 8:31:15,1.17.3,StopSig,0,3.82,nan,1,Right_no_left,Left,912,1392,711,318607247,nan,nan,nan
10/2/2026 8:31:15,1.17.3,StopSig,0,3.81,nan,1,Right_no_left,Left,912,1393,711,318628697,nan,nan,nan
10/2/2026 8:31:18,1.17.3,StopSig,0,3.82,nan,1,>Left_Stop_trial,Left,913,1393,711,318630695,nan,nan,nan
10/2/2026 8:31:21,1.17.3,StopSig,0,3.82,nan,1,NoPoke_STOP_(correct),Left,913,1393,711,318634418,nan,nan,nan
10/2/2026 8:31:24,1.17.3,StopSig,0,3.81,3,1,Pellet,Left,913,1393,712,318634418,0.66,29,nan
10/2/2026 8:31:48,1.17.3,StopSig,0,3.81,nan,1,>Left_Regular_trial,Left,914,1393,712,318661567,nan,nan,nan
10/2/2026 8:31:49,1.17.3,StopSig,0,3.81,nan,1,Right_Regular_(correct),Left,914,1394,712,318662414,nan,nan,nan
10/2/2026 8:31:50,1.17.3,StopSig,0,3.82,1,1,Pellet,Left,914,1394,713,318662414,0.16,26,nan
10/2/2026 8:32:20,1.17.3,StopSig,0,3.82,nan,1,>Left_Regular_trial,Left,915,1394,713,318693083,nan,nan,nan
10/2/2026 8:32:23,1.17.3,StopSig,0,3.82,nan,1,NoPoke_Regular_(incorrect),Left,915,1394,713,318696507,nan,nan,nan
10/2/2026 8:43:42,1.17.3,StopSig,0,3.81,nan,1,Right_no_left,Left,915,1395,713,318696507,nan,nan,nan
10/2/2026 9:06:34,1.17.3,StopSig,0,3.81,nan,1,Right_no_left,Left,915,1396,713,319375954,nan,nan,nan
10/2/2026 9:06:36,1.17.3,StopSig,0,3.81,nan,1,>Left_Regular_trial,Left,916,1396,713,320749412,nan,nan,nan
10/2/2026 9:06:37,1.17.3,StopSig,0,3.81,nan,1,Right_Regular_(correct),Left,916,1397,713,320750415,nan,nan,nan
10/2/2026 9:06:37,1.17.3,StopSig,0,3.81,2,1,Pellet,Left,916,1397,714,320750415,0.05,2087,nan
10/2/2026 9:16:01,1.17.3,StopSig,0,3.81,nan,1,Right_no_left,Left,916,1398,714,320750415,nan,nan,nan
10/2/2026 9:17:30,1.17.3,StopSig,0,3.81,nan,1,>Left_Stop_trial,Left,917,1398,714,321403663,nan,nan,nan
10/2/2026 9:17:34,1.17.3,StopSig,0,3.82,nan,1,NoPoke_STOP_(correct),Left,917,1398,714,321407580,nan,nan,nan
10/2/2026 9:17:36,1.17.3,StopSig,0,3.81,1,1,Pellet,Left,917,1398,715,321407580,1.67,659,nan
10/2/2026 10:07:03,1.17.3,StopSig,0,3.81,nan,1,Right_no_left,Left,917,1399,715,321407580,nan,nan,nan
10/2/2026 10:07:10,1.17.3,StopSig,0,3.80,nan,1,>Left_Stop_trial,Left,918,1399,715,324383734,nan,nan,nan
10/2/2026 10:07:14,1.17.3,StopSig,0,3.80,nan,1,NoPoke_STOP_(correct),Left,918,1399,715,324387810,nan,nan,nan
10/2/2026 10:07:15,1.17.3,StopSig,0,3.80,1,1,Pellet,Left,918,1399,716,324387810,0.39,2979,nan
10/2/2026 10:07:42,1.17.3,StopSig,0,3.81,nan,1,>Left_Regular_trial,Left,919,1399,716,324415957,nan,nan,nan
10/2/2026 10:07:43,1.17.3,StopSig,0,3.81,nan,1,Right_Regular_(correct),Left,919,1400,716,324417533,nan,nan,nan
10/2/2026 10:07:44,1.17.3,StopSig,0,3.80,nan,1,RightDuringDispense,Left,919,1401,716,324417533,nan,nan,0.01
10/2/2026 10:07:45,1.17.3,StopSig,0,3.80,1,1,Pellet,Left,919,1401,717,324417533,0.22,30,nan
10/2/2026 10:07:58,1.17.3,StopSig,0,3.80,nan,1,Right_no_left,Left,919,1402,717,324417533,nan,nan,nan
10/2/2026 10:07:59,1.17.3,StopSig,0,3.81,nan,1,Right_no_left,Left,919,1403,717,324432734,nan,nan,nan
10/2/2026 10:08:01,1.17.3,StopSig,0,3.80,nan,1,>Left_Regular_trial,Left,920,1403,717,324435151,nan,nan,nan
10/2/2026 10:08:02,1.17.3,StopSig,0,3.81,nan,1,Right_Regular_(correct),Left,920,1404,717,324436141,nan,nan,nan
10/2/2026 10:08:03,1.17.3,StopSig,0,3.81,1,1,Pellet,Left,920,1404,718,324436141,0.11,18,nan
10/2/2026 10:08:18,1.17.3,StopSig,0,3.81,nan,1,>Left_Stop_trial,Left,921,1404,718,324451792,nan,nan,nan
10/2/2026 10:08:18,1.17.3,StopSig,0,3.81,nan,1,Right_STOP_(incorrect),Left,921,1405,718,324452594,nan,nan,nan
10/2/2026 10:57:20,1.17.3,StopSig,0,3.80,nan,1,>Left_Regular_trial,Left,922,1405,718,327394455,nan,nan,nan
10/2/2026 10:57:21,1.17.3,StopSig,0,3.80,nan,1,Right_Regular_(correct),Left,922,1406,718,327395453,nan,nan,nan
10/2/2026 10:57:22,1.17.3,StopSig,0,3.81,1,1,Pellet,Left,922,1406,719,327395453,0.16,2959,nan
10/2/2026 10:57:55,1.17.3,StopSig,0,3.81,nan,1,Right_no_left,Left,922,1407,719,327395453,nan,nan,nan
10/2/2026 10:57:56,1.17.3,StopSig,0,3.80,nan,1,Right_no_left,Left,922,1408,719,327429905,nan,nan,nan
10/2/2026 10:57:57,1.17.3,StopSig,0,3.80,nan,1,Right_no_left,Left,922,1409,719,327430755,nan,nan,nan
10/2/2026 10:57:58,1.17.3,StopSig,0,3.80,nan,1,>Left_Stop_trial,Left,923,1409,719,327432043,nan,nan,nan
10/2/2026 10:57:59,1.17.3,StopSig,0,3.80,nan,1,Right_STOP_(incorrect),Left,923,1410,719,327432888,nan,nan,nan
10/2/2026 10:58:29,1.17.3,StopSig,0,3.80,nan,1,>Left_Regular_trial,Left,924,1410,719,327463202,nan,nan,nan
10/2/2026 10:58:33,1.17.3,StopSig,0,3.80,nan,1,NoPoke_Regular_(incorrect),Left,924,1410,719,327467066,nan,nan,nan
10/2/2026 11:07:32,1.17.3,StopSig,0,3.80,nan,1,Right_no_left,Left,924,1411,719,327467066,nan,nan,nan
10/2/2026 11:29:04,1.17.3,StopSig,0,3.80,nan,1,Right_no_left,Left,924,1412,719,328006157,nan,nan,nan
10/2/2026 11:29:05,1.17.3,StopSig,0,3.80,nan,1,Right_no_left,Left,924,1413,719,329298734,nan,nan,nan
10/2/2026 11:29:06,1.17.3,StopSig,0,3.81,nan,1,Right_no_left,Left,924,1414,719,329299581,nan,nan,nan
10/2/2026 11:29:09,1.17.3,StopSig,0,3.81,nan,1,>Left_Stop_trial,Left,925,1414,719,329303002,nan,nan,nan
10/2/2026 11:29:10,1.17.3,StopSig,0,3.80,nan,1,Right_STOP_(incorrect),Left,925,1415,719,329303946,nan,nan,nan
10/2/2026 11:29:40,1.17.3,StopSig,0,3.80,nan,1,>Left_Regular_trial,Left,926,1415,719,329334279,nan,nan,nan
10/2/2026 11:29:42,1.17.3,StopSig,0,3.80,nan,1,Right_Regular_(correct),Left,926,1416,719,329336152,nan,nan,nan
10/2/2026 11:29:43,1.17.3,StopSig,0,3.80,1,1,Pellet,Left,926,1416,720,329336152,0.27,1941,nan
10/2/2026 11:30:14,1.17.3,StopSig,0,3.80,nan,1,>Left_Regular_trial,Left,927,1416,720,329368406,nan,nan,nan
10/2/2026 11:30:15,1.17.3,StopSig,0,3.80,nan,1,Right_Regular_(correct),Left,927,1417,720,329369261,nan,nan,nan
10/2/2026 11:30:16,1.17.3,StopSig,0,3.80,2,1,Pellet,Left,927,1417,721,329369261,0.05,33,nan
10/2/2026 11:30:32,1.17.3,StopSig,0,3.80,nan,1,>Left_Regular_trial,Left,928,1417,721,329386720,nan,nan,nan
10/2/2026 11:30:33,1.17.3,StopSig,0,3.80,nan,1,Right_Regular_(correct),Left,928,1418,721,329387578,nan,nan,nan
10/2/2026 11:30:34,1.17.3,StopSig,0,3.80,1,1,Pellet,Left,928,1418,722,329387578,0.27,18,nan
10/2/2026 11:30:48,1.17.3,StopSig,0,3.80,nan,1,>Left_Regular_trial,Left,929,1418,722,329402057,nan,nan,nan
10/2/2026 11:30:49,1.17.3,StopSig,0,3.80,nan,1,Right_Regular_(correct),Left,929,1419,722,329403079,nan,nan,nan
10/2/2026 11:30:59,1.17.3,StopSig,0,3.80,2,1,Pellet,Left,929,1419,723,329403079,7.66,25,nan
10/2/2026 11:31:19,1.17.3,StopSig,0,3.80,nan,1,>Left_Stop_trial,Left,930,1419,723,329433072,nan,nan,nan
10/2/2026 11:31:19,1.17.3,StopSig,0,3.80,nan,1,Right_STOP_(incorrect),Left,930,1420,723,329433930,nan,nan,nan
10/2/2026 11:57:29,1.17.3,StopSig,0,3.80,nan,1,>Left_Regular_trial,Left,931,1420,723,331003158,nan,nan,nan
10/2/2026 11:57:30,1.17.3,StopSig,0,3.80,nan,1,Right_Regular_(correct),Left,931,1421,723,331004446,nan,nan,nan
10/2/2026 11:57:31,1.17.3,StopSig,0,3.80,1,1,Pellet,Left,931,1421,724,331004446,0.22,1592,nan
10/2/2026 11:57:53,1.17.3,StopSig,0,3.80,nan,1,>Left_Stop_trial,Left,932,1421,724,331026688,nan,nan,nan
10/2/2026 11:57:53,1.17.3,StopSig,0,3.80,nan,1,Right_STOP_(incorrect),Left,932,1422,724,331027509,nan,nan,nan
10/2/2026 12:30:02,1.17.3,StopSig,0,3.80,nan,1,Right_no_left,Left,932,1423,724,331027509,nan,nan,nan
10/2/2026 12:30:06,1.17.3,StopSig,0,3.80,nan,1,>Left_Regular_trial,Left,933,1423,724,332960826,nan,nan,nan
10/2/2026 12:30:07,1.17.3,StopSig,0,3.80,nan,1,Right_Regular_(correct),Left,933,1424,724,332961563,nan,nan,nan
10/2/2026 12:30:08,1.17.3,StopSig,0,3.80,1,1,Pellet,Left,933,1424,725,332961563,0.05,1957,nan
10/2/2026 12:30:52,1.17.3,StopSig,0,3.80,nan,1,Right_no_left,Left,933,1425,725,332961563,nan,nan,nan
10/2/2026 12:30:54,1.17.3,StopSig,0,3.80,nan,1,>Left_Regular_trial,Left,934,1425,725,333008595,nan,nan,nan
10/2/2026 12:30:55,1.17.3,StopSig,0,3.80,nan,1,Right_Regular_(correct),Left,934,1426,725,333009450,nan,nan,nan
10/2/2026 12:30:56,1.17.3,StopSig,0,3.80,1,1,Pellet,Left,934,1426,726,333009450,0.27,48,nan
10/2/2026 12:31:12,1.17.3,StopSig,0,3.80,nan,1,Right_no_left,Left,934,1427,726,333009450,nan,nan,nan
10/2/2026 12:31:13,1.17.3,StopSig,0,3.80,nan,1,Right_no_left,Left,934,1428,726,333027259,nan,nan,nan
10/2/2026 12:31:15,1.17.3,StopSig,0,3.80,nan,1,>Left_Regular_trial,Left,935,1428,726,333029422,nan,nan,nan
10/2/2026 12:31:15,1.17.3,StopSig,0,3.80,nan,1,Right_Regular_(correct),Left,935,1429,726,333030148,nan,nan,nan
10/2/2026 12:31:16,1.17.3,StopSig,0,3.80,2,1,Pellet,Left,935,1429,727,333030148,0.05,20,nan
10/2/2026 12:43:05,1.17.3,StopSig,0,3.80,nan,1,Right_no_left,Left,935,1430,727,333030148,nan,nan,nan
10/2/2026 12:43:08,1.17.3,StopSig,0,3.80,nan,1,>Left_Stop_trial,Left,936,1430,727,333742327,nan,nan,nan
10/2/2026 12:43:08,1.17.3,StopSig,0,3.80,nan,1,Right_STOP_(incorrect),Left,936,1431,727,333743106,nan,nan,nan
10/2/2026 12:43:47,1.17.3,StopSig,0,3.80,nan,1,Right_no_left,Left,936,1432,727,333743106,nan,nan,nan
10/2/2026 12:43:51,1.17.3,StopSig,0,3.80,nan,1,>Left_Stop_trial,Left,937,1432,727,333785096,nan,nan,nan
10/2/2026 12:43:51,1.17.3,StopSig,0,3.80,nan,1,Right_STOP_(incorrect),Left,937,1433,727,333785991,nan,nan,nan
10/2/2026 12:44:22,1.17.3,StopSig,0,3.80,nan,1,>Left_Regular_trial,Left,938,1433,727,333816291,nan,nan,nan
10/2/2026 12:44:25,1.17.3,StopSig,0,3.80,nan,1,NoPoke_Regular_(incorrect),Left,938,1433,727,333819571,nan,nan,nan
