MM:DD:YYYY hh:mm:ss,Library_Version,Session_type,Device_Number,Battery_Voltage,Motor_Turns,FR,Event,Active_Poke,Left_Poke_Count,Right_Poke_Count,Pellet_Count,Block_Pellet_Count,Retrieval_Time,InterPelletInterval,Poke_Time
9/28/2026 16:29:00,1.17.3,StopSig,76,4.15,nan,1,>Left_Regular_trial,Left,1,0,0,1379112,nan,nan,nan
9/28/2026 16:29:02,1.17.3,StopSig,76,4.16,nan,1,Right_Regular_(correct),Left,1,1,0,1380937,nan,nan,nan
9/28/2026 16:29:08,1.17.3,StopSig,76,4.16,4,1,Pellet,Left,1,1,1,1380937,0.83,nan,nan
9/28/2026 16:30:13,1.17.3,StopSig,76,4.16,nan,1,>Left_Regular_trial,Left,2,1,1,1452246,nan,nan,nan
9/28/2026 16:30:14,1.17.3,StopSig,76,4.15,nan,1,Right_Regular_(correct),Left,2,2,1,1452949,nan,nan,nan
9/28/2026 16:30:15,1.17.3,StopSig,76,4.16,2,1,Pellet,Left,2,2,2,1452949,0.11,67,nan
9/28/2026 16:30:32,1.17.3,StopSig,76,4.16,nan,1,>Left_Regular_trial,Left,3,2,2,1471296,nan,nan,nan
9/28/2026 16:30:33,1.17.3,StopSig,76,4.15,nan,1,Right_Regular_(correct),Left,3,3,2,1472281,nan,nan,nan
9/28/2026 16:30:34,1.17.3,StopSig,76,4.16,2,1,Pellet,Left,3,3,3,1472281,0.05,19,nan
9/28/2026 16:30:51,1.17.3,StopSig,76,4.15,nan,1,>Left_Regular_trial,Left,4,3,3,1489474,nan,nan,nan
9/28/2026 16:30:51,1.17.3,StopSig,76,4.16,nan,1,Right_Regular_(correct),Left,4,4,3,1490177,nan,nan,nan
9/28/2026 16:30:52,1.17.3,StopSig,76,4.15,2,1,Pellet,Left,4,4,4,1490177,0.11,18,nan
9/28/2026 16:31:06,1.17.3,StopSig,76,4.16,nan,1,Right_no_left,Left,4,5,4,1490177,nan,nan,nan
9/28/2026 16:31:06,1.17.3,StopSig,76,4.16,nan,1,Right_no_left,Left,4,6,4,1505184,nan,nan,nan
9/28/2026 16:31:07,1.17.3,StopSig,76,4.16,nan,1,Right_no_left,Left,4,7,4,1505473,nan,nan,nan
9/28/2026 16:31:09,1.17.3,StopSig,76,4.16,nan,1,>Left_Regular_trial,Left,5,7,4,1507436,nan,nan,nan
9/28/2026 16:31:09,1.17.3,StopSig,76,4.15,nan,1,Right_Regular_(correct),Left,5,8,4,1508420,nan,nan,nan
9/28/2026 16:31:10,1.17.3,StopSig,76,4.15,1,1,Pellet,Left,5,8,5,1508420,0.11,18,nan
9/28/2026 16:31:25,1.17.3,StopSig,76,4.15,nan,1,>Left_Regular_trial,Left,6,8,5,1523579,nan,nan,nan
9/28/2026 16:31:25,1.17.3,StopSig,76,4.16,nan,1,Right_Regular_(correct),Left,6,9,5,1524429,nan,nan,nan
9/28/2026 16:31:26,1.17.3,StopSig,76,4.15,2,1,Pellet,Left,6,9,6,1524429,0.05,16,nan
9/28/2026 16:31:39,1.17.3,StopSig,76,4.16,nan,1,>Left_Regular_trial,Left,7,9,6,1537765,nan,nan,nan
9/28/2026 16:31:40,1.17.3,StopSig,76,4.16,nan,1,Right_Regular_(correct),Left,7,10,6,1538749,nan,nan,nan
9/28/2026 16:31:43,1.17.3,StopSig,76,4.15,2,1,Pellet,Left,7,10,7,1538749,0.33,17,nan
9/28/2026 16:31:54,1.17.3,StopSig,76,4.15,nan,1,>Left_Regular_trial,Left,8,10,7,1552470,nan,nan,nan
9/28/2026 16:31:54,1.17.3,StopSig,76,4.16,nan,1,Right_Regular_(correct),Left,8,11,7,1553461,nan,nan,nan
9/28/2026 16:31:56,1.17.3,StopSig,76,4.15,1,1,Pellet,Left,8,11,8,1553461,0.77,13,nan
9/28/2026 16:32:12,1.17.3,StopSig,76,4.16,nan,1,>Left_Regular_trial,Left,9,11,8,1571356,nan,nan,nan
9/28/2026 16:32:13,1.17.3,StopSig,76,4.16,nan,1,Right_Regular_(correct),Left,9,12,8,1572201,nan,nan,nan
9/28/2026 16:32:14,1.17.3,StopSig,76,4.16,1,1,Pellet,Left,9,12,9,1572201,0.16,18,nan
9/28/2026 16:34:12,1.17.3,StopSig,76,4.16,nan,1,>Left_Regular_trial,Left,10,12,9,1690515,nan,nan,nan
9/28/2026 16:34:15,1.17.3,StopSig,76,4.15,nan,1,NoPoke_Regular_(incorrect),Left,10,12,9,1693751,nan,nan,nan
9/28/2026 16:34:46,1.17.3,StopSig,76,4.15,nan,1,Right_no_left,Left,10,13,9,1693751,nan,nan,nan
9/28/2026 16:35:05,1.17.3,StopSig,76,4.16,nan,1,>Left_Regular_trial,Left,11,13,9,1744175,nan,nan,nan
9/28/2026 16:35:09,1.17.3,StopSig,76,4.15,nan,1,NoPoke_Regular_(incorrect),Left,11,13,9,1747832,nan,nan,nan
9/28/2026 16:35:50,1.17.3,StopSig,76,4.15,nan,1,>Left_Regular_trial,Left,12,13,9,1789402,nan,nan,nan
9/28/2026 16:35:52,1.17.3,StopSig,76,4.15,nan,1,Right_Regular_(correct),Left,12,14,9,1790811,nan,nan,nan
9/28/2026 16:35:53,1.17.3,StopSig,76,4.16,1,1,Pellet,Left,12,14,10,1790811,0.22,219,nan
9/28/2026 16:37:00,1.17.3,StopSig,76,4.16,nan,1,>Left_Regular_trial,Left,13,14,10,1859367,nan,nan,nan
9/28/2026 16:37:01,1.17.3,StopSig,76,4.15,nan,1,Right_Regular_(correct),Left,13,15,10,1860213,nan,nan,nan
9/28/2026 16:37:05,1.17.3,StopSig,76,4.16,3,1,Pellet,Left,13,15,11,1860213,0.44,72,nan
9/28/2026 16:37:20,1.17.3,StopSig,76,4.16,nan,1,>Left_Stop_trial,Left,14,15,11,1878746,nan,nan,nan
9/28/2026 16:37:20,1.17.3,StopSig,76,4.16,nan,1,Right_STOP_(incorrect),Left,14,16,11,1879535,nan,nan,nan
9/28/2026 16:37:51,1.17.3,StopSig,76,4.15,nan,1,>Left_Stop_trial,Left,15,16,11,1909842,nan,nan,nan
9/28/2026 16:37:55,1.17.3,StopSig,76,4.16,nan,1,NoPoke_STOP_(correct),Left,15,16,11,1913768,nan,nan,nan
9/28/2026 16:38:00,1.17.3,StopSig,76,4.16,3,1,Pellet,Left,15,16,12,1913768,2.11,55,nan
9/28/2026 16:39:27,1.17.3,StopSig,76,4.16,nan,1,Right_no_left,Left,15,17,12,1913768,nan,nan,nan
9/28/2026 16:40:49,1.17.3,StopSig,76,4.15,nan,1,>Left_Stop_trial,Left,16,17,12,2087277,nan,nan,nan
9/28/2026 16:40:52,1.17.3,StopSig,76,4.15,nan,1,NoPoke_STOP_(correct),Left,16,17,12,2090792,nan,nan,nan
9/28/2026 16:40:53,1.17.3,StopSig,76,4.15,2,1,Pellet,Left,16,17,13,2090792,0.77,173,nan
9/28/2026 16:41:57,1.17.3,StopSig,76,4.15,nan,1,>Left_Stop_trial,Left,17,17,13,2155494,nan,nan,nan
9/28/2026 16:42:00,1.17.3,StopSig,76,4.16,nan,1,NoPoke_STOP_(correct),Left,17,17,13,2158900,nan,nan,nan
9/28/2026 16:42:02,1.17.3,StopSig,76,4.16,1,1,Pellet,Left,17,17,14,2158900,1.39,69,nan
9/28/2026 16:42:51,1.17.3,StopSig,76,4.16,nan,1,>Left_Regular_trial,Left,18,17,14,2209875,nan,nan,nan
9/28/2026 16:42:52,1.17.3,StopSig,76,4.16,nan,1,Right_Regular_(correct),Left,18,18,14,2210861,nan,nan,nan
9/28/2026 16:42:53,1.17.3,StopSig,76,4.15,1,1,Pellet,Left,18,18,15,2210861,0.11,51,nan
9/28/2026 16:43:13,1.17.3,StopSig,76,4.15,nan,1,Right_no_left,Left,18,19,15,2210861,nan,nan,nan
9/28/2026 16:43:13,1.17.3,StopSig,76,4.15,nan,1,Right_no_left,Left,18,20,15,2232307,nan,nan,nan
9/28/2026 16:43:20,1.17.3,StopSig,76,4.16,nan,1,>Left_Regular_trial,Left,19,20,15,2239215,nan,nan,nan
9/28/2026 16:43:21,1.17.3,StopSig,76,4.16,nan,1,Right_Regular_(correct),Left,19,21,15,2240203,nan,nan,nan
9/28/2026 16:43:22,1.17.3,StopSig,76,4.15,2,1,Pellet,Left,19,21,16,2240203,0.05,29,nan
9/28/2026 16:44:07,1.17.3,StopSig,76,4.15,nan,1,>Left_Regular_trial,Left,20,21,16,2285994,nan,nan,nan
9/28/2026 16:44:08,1.17.3,StopSig,76,4.15,nan,1,Right_Regular_(correct),Left,20,22,16,2286981,nan,nan,nan
9/28/2026 16:44:09,1.17.3,StopSig,76,4.15,1,1,Pellet,Left,20,22,17,2286981,0.16,47,nan
9/28/2026 16:45:40,1.17.3,StopSig,76,4.16,nan,1,>Left_Regular_trial,Left,21,22,17,2379441,nan,nan,nan
9/28/2026 16:45:42,1.17.3,StopSig,76,4.16,nan,1,Right_Regular_(correct),Left,21,23,17,2380710,nan,nan,nan
9/28/2026 16:45:43,1.17.3,StopSig,76,4.15,1,1,Pellet,Left,21,23,18,2380710,0.44,94,nan
9/28/2026 16:46:04,1.17.3,StopSig,76,4.16,nan,1,>Left_Regular_trial,Left,22,23,18,2402554,nan,nan,nan
9/28/2026 16:46:06,1.17.3,StopSig,76,4.15,nan,1,Right_Regular_(correct),Left,22,24,18,2404672,nan,nan,nan
9/28/2026 16:46:19,1.17.3,StopSig,76,4.15,3,1,Pellet,Left,22,24,19,2404672,8.55,36,nan
9/28/2026 16:46:55,1.17.3,StopSig,76,4.15,nan,1,>Left_Regular_trial,Left,23,24,19,2454316,nan,nan,nan
9/28/2026 16:46:56,1.17.3,StopSig,76,4.16,nan,1,Right_Regular_(correct),Left,23,25,19,2455180,nan,nan,nan
9/28/2026 16:46:59,1.17.3,StopSig,76,4.15,2,1,Pellet,Left,23,25,20,2455180,0.11,40,nan
9/28/2026 16:48:20,1.17.3,StopSig,76,4.15,nan,1,Right_no_left,Left,23,26,20,2455180,nan,nan,nan
9/28/2026 16:52:44,1.17.3,StopSig,76,4.15,nan,1,Right_no_left,Left,23,27,20,2539173,nan,nan,nan
9/28/2026 16:52:44,1.17.3,StopSig,76,4.15,nan,1,Right_no_left,Left,23,28,20,2802804,nan,nan,nan
9/28/2026 16:52:46,1.17.3,StopSig,76,4.15,nan,1,Right_no_left,Left,23,29,20,2803657,nan,nan,nan
9/28/2026 16:52:53,1.17.3,StopSig,76,4.15,nan,1,Right_no_left,Left,23,30,20,2804929,nan,nan,nan
9/28/2026 17:09:35,1.17.3,StopSig,76,4.14,nan,1,>Left_Stop_trial,Left,24,30,20,3813486,nan,nan,nan
9/28/2026 17:09:35,1.17.3,StopSig,76,4.15,nan,1,Right_STOP_(incorrect),Left,24,31,20,3814503,nan,nan,nan
9/28/2026 17:10:06,1.17.3,StopSig,76,4.15,nan,1,>Left_Regular_trial,Left,25,31,20,3844811,nan,nan,nan
9/28/2026 17:10:10,1.17.3,StopSig,76,4.15,nan,1,NoPoke_Regular_(incorrect),Left,25,31,20,3848897,nan,nan,nan
9/28/2026 17:12:42,1.17.3,StopSig,76,4.15,nan,1,>Left_Regular_trial,Left,26,31,20,4000730,nan,nan,nan
9/28/2026 17:12:42,1.17.3,StopSig,76,4.15,nan,1,Right_Regular_(correct),Left,26,32,20,4001294,nan,nan,nan
9/28/2026 17:12:43,1.17.3,StopSig,76,4.14,1,1,Pellet,Left,26,32,21,4001294,0.50,1544,nan
9/28/2026 17:13:05,1.17.3,StopSig,76,4.14,nan,1,>Left_Regular_trial,Left,27,32,21,4023927,nan,nan,nan
9/28/2026 17:13:06,1.17.3,StopSig,76,4.15,nan,1,Right_Regular_(correct),Left,27,33,21,4025477,nan,nan,nan
9/28/2026 17:13:07,1.17.3,StopSig,76,4.15,1,1,Pellet,Left,27,33,22,4025477,0.11,24,nan
9/28/2026 17:13:32,1.17.3,StopSig,76,4.14,nan,1,>Left_Regular_trial,Left,28,33,22,4051392,nan,nan,nan
9/28/2026 17:13:34,1.17.3,StopSig,76,4.15,nan,1,Right_Regular_(correct),Left,28,34,22,4053225,nan,nan,nan
9/28/2026 17:13:35,1.17.3,StopSig,76,4.14,1,1,Pellet,Left,28,34,23,4053225,0.16,28,nan
9/28/2026 17:13:51,1.17.3,StopSig,76,4.14,nan,1,Right_no_left,Left,28,35,23,4053225,nan,nan,nan
9/28/2026 17:13:54,1.17.3,StopSig,76,4.15,nan,1,>Left_Regular_trial,Left,29,35,23,4072831,nan,nan,nan
9/28/2026 17:13:56,1.17.3,StopSig,76,4.15,nan,1,Right_Regular_(correct),Left,29,36,23,4075228,nan,nan,nan
9/28/2026 17:13:59,1.17.3,StopSig,76,4.14,2,1,Pellet,Left,29,36,24,4075228,0.55,24,nan
9/28/2026 17:14:14,1.17.3,StopSig,76,4.15,nan,1,Right_no_left,Left,29,37,24,4075228,nan,nan,nan
9/28/2026 17:14:15,1.17.3,StopSig,76,4.15,nan,1,Right_no_left,Left,29,38,24,4093689,nan,nan,nan
9/28/2026 17:14:18,1.17.3,StopSig,76,4.14,nan,1,>Left_Regular_trial,Left,30,38,24,4096937,nan,nan,nan
9/28/2026 17:14:19,1.17.3,StopSig,76,4.15,nan,1,Right_Regular_(correct),Left,30,39,24,4098206,nan,nan,nan
9/28/2026 17:14:20,1.17.3,StopSig,76,4.14,2,1,Pellet,Left,30,39,25,4098206,0.27,21,nan
9/28/2026 17:14:40,1.17.3,StopSig,76,4.15,nan,1,>Left_Stop_trial,Left,31,39,25,4118352,nan,nan,nan
9/28/2026 17:14:40,1.17.3,StopSig,76,4.15,nan,1,Right_STOP_(incorrect),Left,31,40,25,4119343,nan,nan,nan
9/28/2026 18:23:19,1.17.3,StopSig,76,4.14,nan,1,>Left_Stop_trial,Left,32,40,25,8237911,nan,nan,nan
9/28/2026 18:23:19,1.17.3,StopSig,76,4.14,nan,1,Right_STOP_(incorrect),Left,32,41,25,8238798,nan,nan,nan
9/28/2026 18:43:18,1.17.3,StopSig,76,4.14,nan,1,>Left_Regular_trial,Left,33,41,25,9437283,nan,nan,nan
9/28/2026 18:43:19,1.17.3,StopSig,76,4.14,nan,1,Right_Regular_(correct),Left,33,42,25,9438128,nan,nan,nan
9/28/2026 18:43:20,1.17.3,StopSig,76,4.14,1,1,Pellet,Left,33,42,26,9438128,0.22,5340,nan
9/28/2026 18:43:42,1.17.3,StopSig,76,4.14,nan,1,>Left_Regular_trial,Left,34,42,26,9461524,nan,nan,nan
9/28/2026 18:43:43,1.17.3,StopSig,76,4.14,nan,1,Right_Regular_(correct),Left,34,43,26,9462510,nan,nan,nan
9/28/2026 18:43:46,1.17.3,StopSig,76,4.14,2,1,Pellet,Left,34,43,27,9462510,0.11,26,nan
9/28/2026 18:44:07,1.17.3,StopSig,76,4.14,nan,1,>Left_Regular_trial,Left,35,43,27,9485851,nan,nan,nan
9/28/2026 18:44:08,1.17.3,StopSig,76,4.14,nan,1,Right_Regular_(correct),Left,35,44,27,9487118,nan,nan,nan
9/28/2026 18:44:09,1.17.3,StopSig,76,4.13,1,1,Pellet,Left,35,44,28,9487118,0.22,23,nan
9/28/2026 18:44:25,1.17.3,StopSig,76,4.14,nan,1,>Left_Regular_trial,Left,36,44,28,9504360,nan,nan,nan
9/28/2026 18:44:26,1.17.3,StopSig,76,4.14,nan,1,Right_Regular_(correct),Left,36,45,28,9505487,nan,nan,nan
9/28/2026 18:44:27,1.17.3,StopSig,76,4.13,1,1,Pellet,Left,36,45,29,9505487,0.16,18,nan
9/28/2026 18:44:42,1.17.3,StopSig,76,4.14,nan,1,>Left_Regular_trial,Left,37,45,29,9521691,nan,nan,nan
9/28/2026 18:44:43,1.17.3,StopSig,76,4.14,nan,1,Right_Regular_(correct),Left,37,46,29,9522684,nan,nan,nan
9/28/2026 18:44:46,1.17.3,StopSig,76,4.14,3,1,Pellet,Left,37,46,30,9522684,0.22,19,nan
9/28/2026 18:45:01,1.17.3,StopSig,76,4.14,nan,1,>Left_Stop_trial,Left,38,46,30,9539662,nan,nan,nan
9/28/2026 18:45:01,1.17.3,StopSig,76,4.13,nan,1,Right_STOP_(incorrect),Left,38,47,30,9540890,nan,nan,nan
9/28/2026 18:45:32,1.17.3,StopSig,76,4.14,nan,1,>Left_Regular_trial,Left,39,47,30,9571198,nan,nan,nan
9/28/2026 18:45:36,1.17.3,StopSig,76,4.14,nan,1,NoPoke_Regular_(incorrect),Left,39,47,30,9575145,nan,nan,nan
9/28/2026 18:46:59,1.17.3,StopSig,76,4.14,nan,1,Right_no_left,Left,39,48,30,9575145,nan,nan,nan
9/28/2026 18:46:59,1.17.3,StopSig,76,4.13,nan,1,Right_no_left,Left,39,49,30,9658369,nan,nan,nan
9/28/2026 18:47:00,1.17.3,StopSig,76,4.14,nan,1,Right_no_left,Left,39,50,30,9658934,nan,nan,nan
9/28/2026 18:47:02,1.17.3,StopSig,76,4.14,nan,1,Right_no_left,Left,39,51,30,9659638,nan,nan,nan
9/28/2026 18:47:13,1.17.3,StopSig,76,4.14,nan,1,>Left_Regular_trial,Left,40,51,30,9672439,nan,nan,nan
9/28/2026 18:47:15,1.17.3,StopSig,76,4.14,nan,1,Right_Regular_(correct),Left,40,52,30,9674415,nan,nan,nan
9/28/2026 18:47:16,1.17.3,StopSig,76,4.14,1,1,Pellet,Left,40,52,31,9674415,0.22,150,nan
9/28/2026 18:47:32,1.17.3,StopSig,76,4.14,nan,1,Right_no_left,Left,40,53,31,9674415,nan,nan,nan
9/28/2026 18:47:34,1.17.3,StopSig,76,4.13,nan,1,>Left_Regular_trial,Left,41,53,31,9693792,nan,nan,nan
9/28/2026 18:47:38,1.17.3,StopSig,76,4.14,nan,1,Right_Regular_(correct),Left,41,54,31,9697035,nan,nan,nan
9/28/2026 18:47:39,1.17.3,StopSig,76,4.13,1,1,Pellet,Left,41,54,32,9697035,0.33,23,nan
9/28/2026 18:47:54,1.17.3,StopSig,76,4.14,nan,1,Right_no_left,Left,41,55,32,9697035,nan,nan,nan
9/28/2026 18:47:55,1.17.3,StopSig,76,4.14,nan,1,Right_no_left,Left,41,56,32,9713993,nan,nan,nan
9/28/2026 18:47:55,1.17.3,StopSig,76,4.14,nan,1,Right_no_left,Left,41,57,32,9714276,nan,nan,nan
9/28/2026 18:47:57,1.17.3,StopSig,76,4.14,nan,1,>Left_Regular_trial,Left,42,57,32,9716245,nan,nan,nan
9/28/2026 18:47:58,1.17.3,StopSig,76,4.14,nan,1,Right_Regular_(correct),Left,42,58,32,9717659,nan,nan,nan
9/28/2026 18:47:59,1.17.3,StopSig,76,4.14,1,1,Pellet,Left,42,58,33,9717659,0.22,20,nan
9/28/2026 18:48:12,1.17.3,StopSig,76,4.14,nan,1,>Left_Stop_trial,Left,43,58,33,9730719,nan,nan,nan
9/28/2026 18:48:12,1.17.3,StopSig,76,4.14,nan,1,Right_STOP_(incorrect),Left,43,59,33,9731689,nan,nan,nan
9/28/2026 18:51:37,1.17.3,StopSig,76,4.14,nan,1,>Left_Regular_trial,Left,44,59,33,9936133,nan,nan,nan
9/28/2026 18:51:39,1.17.3,StopSig,76,4.13,nan,1,Right_Regular_(correct),Left,44,60,33,9938824,nan,nan,nan
9/28/2026 18:51:40,1.17.3,StopSig,76,4.14,1,1,Pellet,Left,44,60,34,9938824,0.16,221,nan
9/28/2026 18:51:57,1.17.3,StopSig,76,4.14,nan,1,>Left_Regular_trial,Left,45,60,34,9956730,nan,nan,nan
9/28/2026 18:51:59,1.17.3,StopSig,76,4.14,nan,1,Right_Regular_(correct),Left,45,61,34,9958701,nan,nan,nan
9/28/2026 18:52:00,1.17.3,StopSig,76,4.14,1,1,Pellet,Left,45,61,35,9958701,0.11,20,nan
9/28/2026 18:52:20,1.17.3,StopSig,76,4.14,nan,1,Right_no_left,Left,45,62,35,9958701,nan,nan,nan
9/28/2026 18:52:22,1.17.3,StopSig,76,4.13,nan,1,>Left_Regular_trial,Left,46,62,35,9981094,nan,nan,nan
9/28/2026 18:52:25,1.17.3,StopSig,76,4.14,nan,1,Right_Regular_(correct),Left,46,63,35,9984899,nan,nan,nan
9/28/2026 18:52:26,1.17.3,StopSig,76,4.13,1,1,Pellet,Left,46,63,36,9984899,0.16,26,nan
9/28/2026 18:52:40,1.17.3,StopSig,76,4.13,nan,1,>Left_Regular_trial,Left,47,63,36,9999646,nan,nan,nan
9/28/2026 18:52:41,1.17.3,StopSig,76,4.13,nan,1,Right_Regular_(correct),Left,47,64,36,10000639,nan,nan,nan
9/28/2026 18:52:43,1.17.3,StopSig,76,4.14,2,1,Pellet,Left,47,64,37,10000639,0.11,17,nan
9/28/2026 18:54:05,1.17.3,StopSig,76,4.14,nan,1,>Left_Regular_trial,Left,48,64,37,10084430,nan,nan,nan
9/28/2026 18:54:07,1.17.3,StopSig,76,4.14,nan,1,Right_Regular_(correct),Left,48,65,37,10085979,nan,nan,nan
9/28/2026 18:54:08,1.17.3,StopSig,76,4.13,2,1,Pellet,Left,48,65,38,10085979,0.27,85,nan
9/28/2026 18:54:43,1.17.3,StopSig,76,4.12,nan,1,>Left_Regular_trial,Left,49,65,38,10122165,nan,nan,nan
9/28/2026 18:54:47,1.17.3,StopSig,76,4.12,nan,1,NoPoke_Regular_(incorrect),Left,49,65,38,10126250,nan,nan,nan
9/28/2026 18:58:27,1.17.3,StopSig,76,4.13,nan,1,>Left_Regular_trial,Left,50,65,38,10346484,nan,nan,nan
9/28/2026 18:58:28,1.17.3,StopSig,76,4.13,nan,1,Right_Regular_(correct),Left,50,66,38,10347190,nan,nan,nan
9/28/2026 18:58:28,1.17.3,StopSig,76,4.14,nan,1,RightDuringDispense,Left,50,67,38,10347190,nan,nan,0.07
9/28/2026 18:58:29,1.17.3,StopSig,76,4.14,2,1,Pellet,Left,50,67,39,10347190,0.11,261,nan
9/28/2026 19:56:17,1.17.3,StopSig,76,4.12,nan,1,>Left_Regular_trial,Left,51,67,39,13816714,nan,nan,nan
9/28/2026 19:56:18,1.17.3,StopSig,76,4.12,nan,1,Right_Regular_(correct),Left,51,68,39,13817700,nan,nan,nan
9/28/2026 19:56:19,1.17.3,StopSig,76,4.12,2,1,Pellet,Left,51,68,40,13817700,0.22,3470,nan
9/28/2026 19:56:33,1.17.3,StopSig,76,4.13,nan,1,>Left_Stop_trial,Left,52,68,40,13832230,nan,nan,nan
9/28/2026 19:56:34,1.17.3,StopSig,76,4.13,nan,1,Right_STOP_(incorrect),Left,52,69,40,13833256,nan,nan,nan
9/28/2026 20:30:10,1.17.3,StopSig,76,4.12,nan,1,>Left_Regular_trial,Left,53,69,40,15849775,nan,nan,nan
9/28/2026 20:30:11,1.17.3,StopSig,76,4.12,nan,1,Right_Regular_(correct),Left,53,70,40,15851186,nan,nan,nan
9/28/2026 20:30:12,1.17.3,StopSig,76,4.12,1,1,Pellet,Left,53,70,41,15851186,0.16,2033,nan
9/28/2026 20:30:29,1.17.3,StopSig,76,4.12,nan,1,>Left_Stop_trial,Left,54,70,41,15867904,nan,nan,nan
9/28/2026 20:30:32,1.17.3,StopSig,76,4.12,nan,1,NoPoke_STOP_(correct),Left,54,70,41,15871526,nan,nan,nan
9/28/2026 20:30:33,1.17.3,StopSig,76,4.12,1,1,Pellet,Left,54,70,42,15871526,0.89,21,nan
9/28/2026 20:30:48,1.17.3,StopSig,76,4.13,nan,1,>Left_Regular_trial,Left,55,70,42,15887506,nan,nan,nan
9/28/2026 20:30:49,1.17.3,StopSig,76,4.12,nan,1,Right_Regular_(correct),Left,55,71,42,15888634,nan,nan,nan
9/28/2026 20:30:50,1.17.3,StopSig,76,4.12,2,1,Pellet,Left,55,71,43,15888634,0.11,17,nan
9/28/2026 20:31:05,1.17.3,StopSig,76,4.12,nan,1,>Left_Regular_trial,Left,56,71,43,15904626,nan,nan,nan
9/28/2026 20:31:06,1.17.3,StopSig,76,4.12,nan,1,Right_Regular_(correct),Left,56,72,43,15905488,nan,nan,nan
9/28/2026 20:31:07,1.17.3,StopSig,76,4.12,1,1,Pellet,Left,56,72,44,15905488,0.11,17,nan
9/28/2026 20:31:33,1.17.3,StopSig,76,4.12,nan,1,>Left_Regular_trial,Left,57,72,44,15932613,nan,nan,nan
9/28/2026 20:31:35,1.17.3,StopSig,76,4.12,nan,1,Right_Regular_(correct),Left,57,73,44,15934302,nan,nan,nan
9/28/2026 20:31:35,1.17.3,StopSig,76,4.12,1,1,Pellet,Left,57,73,45,15934302,0.11,28,nan
9/28/2026 20:31:54,1.17.3,StopSig,76,4.13,nan,1,>Left_Regular_trial,Left,58,73,45,15953665,nan,nan,nan
9/28/2026 20:31:55,1.17.3,StopSig,76,4.13,nan,1,Right_Regular_(correct),Left,58,74,45,15954651,nan,nan,nan
9/28/2026 20:31:56,1.17.3,StopSig,76,4.12,1,1,Pellet,Left,58,74,46,15954651,0.33,21,nan
9/28/2026 20:32:13,1.17.3,StopSig,76,4.12,nan,1,>Left_Stop_trial,Left,59,74,46,15971889,nan,nan,nan
9/28/2026 20:32:13,1.17.3,StopSig,76,4.12,nan,1,Right_STOP_(incorrect),Left,59,75,46,15972936,nan,nan,nan
9/28/2026 20:32:44,1.17.3,StopSig,76,4.12,nan,1,>Left_Regular_trial,Left,60,75,46,16003250,nan,nan,nan
9/28/2026 20:32:47,1.17.3,StopSig,76,4.12,nan,1,NoPoke_Regular_(incorrect),Left,60,75,46,16006492,nan,nan,nan
9/28/2026 20:33:23,1.17.3,StopSig,76,4.12,nan,1,>Left_Regular_trial,Left,61,75,46,16042858,nan,nan,nan
9/28/2026 20:33:24,1.17.3,StopSig,76,4.12,nan,1,Right_Regular_(correct),Left,61,76,46,16043844,nan,nan,nan
9/28/2026 20:33:25,1.17.3,StopSig,76,4.12,2,1,Pellet,Left,61,76,47,16043844,0.16,89,nan
9/28/2026 20:33:47,1.17.3,StopSig,76,4.12,nan,1,Right_no_left,Left,61,77,47,16043844,nan,nan,nan
9/28/2026 20:33:48,1.17.3,StopSig,76,4.12,nan,1,Right_no_left,Left,61,78,47,16066815,nan,nan,nan
9/28/2026 20:33:49,1.17.3,StopSig,76,4.13,nan,1,Right_no_left,Left,61,79,47,16068082,nan,nan,nan
9/28/2026 20:33:50,1.17.3,StopSig,76,4.12,nan,1,>Left_Stop_trial,Left,62,79,47,16069350,nan,nan,nan
9/28/2026 20:33:54,1.17.3,StopSig,76,4.12,nan,1,NoPoke_STOP_(correct),Left,62,79,47,16073537,nan,nan,nan
9/28/2026 20:33:55,1.17.3,StopSig,76,4.12,1,1,Pellet,Left,62,79,48,16073537,0.44,30,nan
9/28/2026 20:35:17,1.17.3,StopSig,76,4.12,nan,1,>Left_Stop_trial,Left,63,79,48,16156135,nan,nan,nan
9/28/2026 20:35:20,1.17.3,StopSig,76,4.12,nan,1,NoPoke_STOP_(correct),Left,63,79,48,16159522,nan,nan,nan
9/28/2026 20:35:21,1.17.3,StopSig,76,4.12,1,1,Pellet,Left,63,79,49,16159522,0.89,86,nan
9/28/2026 20:35:38,1.17.3,StopSig,76,4.13,nan,1,>Left_Stop_trial,Left,64,79,49,16177623,nan,nan,nan
9/28/2026 20:35:39,1.17.3,StopSig,76,4.12,nan,1,Right_STOP_(incorrect),Left,64,80,49,16178657,nan,nan,nan
9/28/2026 20:36:44,1.17.3,StopSig,76,4.12,nan,1,>Left_Stop_trial,Left,65,80,49,16243638,nan,nan,nan
9/28/2026 20:36:48,1.17.3,StopSig,76,4.12,nan,1,NoPoke_STOP_(correct),Left,65,80,49,16247457,nan,nan,nan
9/28/2026 20:36:49,1.17.3,StopSig,76,4.12,1,1,Pellet,Left,65,80,50,16247457,0.61,88,nan
9/28/2026 20:37:13,1.17.3,StopSig,76,4.12,nan,1,Right_no_left,Left,65,81,50,16247457,nan,nan,nan
9/28/2026 20:37:14,1.17.3,StopSig,76,4.12,nan,1,Right_no_left,Left,65,82,50,16273325,nan,nan,nan
9/28/2026 20:37:15,1.17.3,StopSig,76,4.12,nan,1,Right_no_left,Left,65,83,50,16274030,nan,nan,nan
9/28/2026 20:37:16,1.17.3,StopSig,76,4.12,nan,1,>Left_Regular_trial,Left,66,83,50,16275723,nan,nan,nan
9/28/2026 20:37:20,1.17.3,StopSig,76,4.12,nan,1,NoPoke_Regular_(incorrect),Left,66,83,50,16279530,nan,nan,nan
9/28/2026 20:37:52,1.17.3,StopSig,76,4.12,nan,1,>Left_Regular_trial,Left,67,83,50,16311388,nan,nan,nan
9/28/2026 20:37:56,1.17.3,StopSig,76,4.12,nan,1,NoPoke_Regular_(incorrect),Left,67,83,50,16315481,nan,nan,nan
9/28/2026 20:38:38,1.17.3,StopSig,76,4.12,nan,1,>Left_Regular_trial,Left,68,83,50,16357654,nan,nan,nan
9/28/2026 20:38:39,1.17.3,StopSig,76,4.12,nan,1,Right_Regular_(correct),Left,68,84,50,16359066,nan,nan,nan
9/28/2026 20:38:40,1.17.3,StopSig,76,4.12,1,1,Pellet,Left,68,84,51,16359066,0.33,111,nan
9/28/2026 20:38:54,1.17.3,StopSig,76,4.12,nan,1,>Left_Regular_trial,Left,69,84,51,16373445,nan,nan,nan
9/28/2026 20:38:55,1.17.3,StopSig,76,4.12,nan,1,Right_Regular_(correct),Left,69,85,51,16375003,nan,nan,nan
9/28/2026 20:38:56,1.17.3,StopSig,76,4.12,2,1,Pellet,Left,69,85,52,16375003,0.22,16,nan
9/28/2026 20:39:12,1.17.3,StopSig,76,4.12,nan,1,>Left_Regular_trial,Left,70,85,52,16391631,nan,nan,nan
9/28/2026 20:39:14,1.17.3,StopSig,76,4.12,nan,1,Right_Regular_(correct),Left,70,86,52,16393324,nan,nan,nan
9/28/2026 20:39:14,1.17.3,StopSig,76,4.12,1,1,Pellet,Left,70,86,53,16393324,0.11,18,nan
9/28/2026 20:39:29,1.17.3,StopSig,76,4.12,nan,1,>Left_Regular_trial,Left,71,86,53,16408979,nan,nan,nan
9/28/2026 20:39:33,1.17.3,StopSig,76,4.12,nan,1,NoPoke_Regular_(incorrect),Left,71,86,53,16412501,nan,nan,nan
9/28/2026 20:41:54,1.17.3,StopSig,76,4.12,nan,1,>Left_Regular_trial,Left,72,86,53,16554122,nan,nan,nan
9/28/2026 20:41:55,1.17.3,StopSig,76,4.12,nan,1,Right_Regular_(correct),Left,72,87,53,16554828,nan,nan,nan
9/28/2026 20:41:56,1.17.3,StopSig,76,4.12,1,1,Pellet,Left,72,87,54,16554828,0.33,162,nan
9/28/2026 20:42:14,1.17.3,StopSig,76,4.12,nan,1,>Left_Regular_trial,Left,73,87,54,16573272,nan,nan,nan
9/28/2026 20:42:15,1.17.3,StopSig,76,4.12,nan,1,Right_Regular_(correct),Left,73,88,54,16574399,nan,nan,nan
9/28/2026 20:42:16,1.17.3,StopSig,76,4.12,2,1,Pellet,Left,73,88,55,16574399,0.11,20,nan
9/28/2026 20:42:35,1.17.3,StopSig,76,4.12,nan,1,>Left_Regular_trial,Left,74,88,55,16594407,nan,nan,nan
9/28/2026 20:42:35,1.17.3,StopSig,76,4.12,nan,1,Right_Regular_(correct),Left,74,89,55,16595254,nan,nan,nan
9/28/2026 20:42:36,1.17.3,StopSig,76,4.12,1,1,Pellet,Left,74,89,56,16595254,0.16,20,nan
9/28/2026 20:42:51,1.17.3,StopSig,76,4.12,nan,1,>Left_Regular_trial,Left,75,89,56,16610910,nan,nan,nan
9/28/2026 20:42:52,1.17.3,StopSig,76,4.12,nan,1,Right_Regular_(correct),Left,75,90,56,16611898,nan,nan,nan
9/28/2026 20:42:53,1.17.3,StopSig,76,4.12,1,1,Pellet,Left,75,90,57,16611898,0.05,17,nan
9/28/2026 20:43:11,1.17.3,StopSig,76,4.12,nan,1,>Left_Regular_trial,Left,76,90,57,16630435,nan,nan,nan
9/28/2026 20:43:11,1.17.3,StopSig,76,4.12,nan,1,Right_Regular_(correct),Left,76,91,57,16631287,nan,nan,nan
9/28/2026 20:43:12,1.17.3,StopSig,76,4.12,1,1,Pellet,Left,76,91,58,16631287,0.05,19,nan
9/28/2026 20:43:39,1.17.3,StopSig,76,4.12,nan,1,>Left_Regular_trial,Left,77,91,58,16659028,nan,nan,nan
9/28/2026 20:43:40,1.17.3,StopSig,76,4.12,nan,1,Right_Regular_(correct),Left,77,92,58,16659733,nan,nan,nan
9/28/2026 20:43:41,1.17.3,StopSig,76,4.12,1,1,Pellet,Left,77,92,59,16659733,0.22,29,nan
9/28/2026 20:43:57,1.17.3,StopSig,76,4.12,nan,1,>Left_Regular_trial,Left,78,92,59,16676465,nan,nan,nan
9/28/2026 20:43:59,1.17.3,StopSig,76,4.12,nan,1,Right_Regular_(correct),Left,78,93,59,16678727,nan,nan,nan
9/28/2026 20:44:00,1.17.3,StopSig,76,4.12,1,1,Pellet,Left,78,93,60,16678727,0.11,19,nan
9/28/2026 20:44:15,1.17.3,StopSig,76,4.12,nan,1,>Left_Regular_trial,Left,79,93,60,16694366,nan,nan,nan
9/28/2026 20:44:16,1.17.3,StopSig,76,4.12,nan,1,Right_Regular_(correct),Left,79,94,60,16695635,nan,nan,nan
9/28/2026 20:44:17,1.17.3,StopSig,76,4.12,2,1,Pellet,Left,79,94,61,16695635,0.05,17,nan
9/28/2026 20:44:30,1.17.3,StopSig,76,4.12,nan,1,>Left_Regular_trial,Left,80,94,61,16710103,nan,nan,nan
9/28/2026 20:44:31,1.17.3,StopSig,76,4.13,nan,1,Right_Regular_(correct),Left,80,95,61,16711090,nan,nan,nan
9/28/2026 20:44:32,1.17.3,StopSig,76,4.12,1,1,Pellet,Left,80,95,62,16711090,0.16,15,nan
9/28/2026 20:45:21,1.17.3,StopSig,76,4.12,nan,1,Right_no_left,Left,80,96,62,16711090,nan,nan,nan
9/28/2026 20:45:22,1.17.3,StopSig,76,4.12,nan,1,>Left_Regular_trial,Left,81,96,62,16762089,nan,nan,nan
9/28/2026 20:45:23,1.17.3,StopSig,76,4.12,nan,1,Right_Regular_(correct),Left,81,97,62,16762941,nan,nan,nan
9/28/2026 20:45:24,1.17.3,StopSig,76,4.12,1,1,Pellet,Left,81,97,63,16762941,0.16,52,nan
9/28/2026 20:47:56,1.17.3,StopSig,76,4.12,nan,1,>Left_Regular_trial,Left,82,97,63,16916120,nan,nan,nan
9/28/2026 20:48:00,1.17.3,StopSig,76,4.12,nan,1,NoPoke_Regular_(incorrect),Left,82,97,63,16919501,nan,nan,nan
9/28/2026 21:41:04,1.17.3,StopSig,76,4.12,nan,1,>Left_Regular_trial,Left,83,97,63,20103544,nan,nan,nan
9/28/2026 21:41:05,1.17.3,StopSig,76,4.12,nan,1,Right_Regular_(correct),Left,83,98,63,20105380,nan,nan,nan
9/28/2026 21:41:06,1.17.3,StopSig,76,4.12,1,1,Pellet,Left,83,98,64,20105380,0.22,3342,nan
9/28/2026 21:41:21,1.17.3,StopSig,76,4.12,nan,1,>Left_Stop_trial,Left,84,98,64,20120602,nan,nan,nan
9/28/2026 21:41:25,1.17.3,StopSig,76,4.12,nan,1,NoPoke_STOP_(correct),Left,84,98,64,20124669,nan,nan,nan
9/28/2026 21:41:28,1.17.3,StopSig,76,4.11,2,1,Pellet,Left,84,98,65,20124669,0.27,22,nan
9/28/2026 21:41:46,1.17.3,StopSig,76,4.12,nan,1,>Left_Stop_trial,Left,85,98,65,20145557,nan,nan,nan
9/28/2026 21:41:47,1.17.3,StopSig,76,4.12,nan,1,Right_STOP_(incorrect),Left,85,99,65,20146520,nan,nan,nan
9/28/2026 21:42:17,1.17.3,StopSig,76,4.12,nan,1,>Left_Regular_trial,Left,86,99,65,20176828,nan,nan,nan
9/28/2026 21:42:21,1.17.3,StopSig,76,4.12,nan,1,NoPoke_Regular_(incorrect),Left,86,99,65,20180633,nan,nan,nan
9/28/2026 21:52:28,1.17.3,StopSig,76,4.12,nan,1,Right_no_left,Left,86,100,65,20180633,nan,nan,nan
9/28/2026 21:52:31,1.17.3,StopSig,76,4.12,nan,1,>Left_Regular_trial,Left,87,100,65,20790864,nan,nan,nan
9/28/2026 21:52:34,1.17.3,StopSig,76,4.12,nan,1,Right_Regular_(correct),Left,87,101,65,20793826,nan,nan,nan
9/28/2026 21:52:35,1.17.3,StopSig,76,4.12,1,1,Pellet,Left,87,101,66,20793826,0.22,667,nan
9/28/2026 21:52:57,1.17.3,StopSig,76,4.12,nan,1,>Left_Regular_trial,Left,88,101,66,20816562,nan,nan,nan
9/28/2026 21:52:58,1.17.3,StopSig,76,4.12,nan,1,Right_Regular_(correct),Left,88,102,66,20817692,nan,nan,nan
9/28/2026 21:53:01,1.17.3,StopSig,76,4.12,2,1,Pellet,Left,88,102,67,20817692,0.05,26,nan
9/28/2026 21:53:19,1.17.3,StopSig,76,4.12,nan,1,Right_no_left,Left,88,103,67,20817692,nan,nan,nan
9/28/2026 21:53:21,1.17.3,StopSig,76,4.12,nan,1,Right_no_left,Left,88,104,67,20838878,nan,nan,nan
9/28/2026 21:53:21,1.17.3,StopSig,76,4.12,nan,1,Right_no_left,Left,88,105,67,20840854,nan,nan,nan
9/28/2026 21:53:23,1.17.3,StopSig,76,4.12,nan,1,Right_no_left,Left,88,106,67,20841278,nan,nan,nan
9/28/2026 21:53:24,1.17.3,StopSig,76,4.12,nan,1,>Left_Regular_trial,Left,89,106,67,20844247,nan,nan,nan
9/28/2026 21:53:26,1.17.3,StopSig,76,4.11,nan,1,Right_Regular_(correct),Left,89,107,67,20845940,nan,nan,nan
9/28/2026 21:53:27,1.17.3,StopSig,76,4.12,1,1,Pellet,Left,89,107,68,20845940,0.16,26,nan
9/28/2026 21:53:44,1.17.3,StopSig,76,4.12,nan,1,Right_no_left,Left,89,108,68,20845940,nan,nan,nan
9/28/2026 21:53:45,1.17.3,StopSig,76,4.12,nan,1,Right_no_left,Left,89,109,68,20864166,nan,nan,nan
9/28/2026 21:53:45,1.17.3,StopSig,76,4.12,nan,1,Right_no_left,Left,89,110,68,20865020,nan,nan,nan
9/28/2026 21:53:47,1.17.3,StopSig,76,4.12,nan,1,Right_no_left,Left,89,111,68,20865585,nan,nan,nan
9/28/2026 21:53:49,1.17.3,StopSig,76,4.12,nan,1,>Left_Stop_trial,Left,90,111,68,20868122,nan,nan,nan
9/28/2026 21:53:52,1.17.3,StopSig,76,4.12,nan,1,NoPoke_STOP_(correct),Left,90,111,68,20871668,nan,nan,nan
9/28/2026 21:53:53,1.17.3,StopSig,76,4.12,1,1,Pellet,Left,90,111,69,20871668,0.94,26,nan
9/28/2026 21:54:21,1.17.3,StopSig,76,4.12,nan,1,Right_no_left,Left,90,112,69,20871668,nan,nan,nan
9/28/2026 21:54:22,1.17.3,StopSig,76,4.12,nan,1,Right_no_left,Left,90,113,69,20901168,nan,nan,nan
9/28/2026 21:54:22,1.17.3,StopSig,76,4.12,nan,1,Right_no_left,Left,90,114,69,20901874,nan,nan,nan
9/28/2026 21:54:24,1.17.3,StopSig,76,4.12,nan,1,>Left_Stop_trial,Left,91,114,69,20903424,nan,nan,nan
9/28/2026 21:54:27,1.17.3,StopSig,76,4.12,nan,1,NoPoke_STOP_(correct),Left,91,114,69,20906664,nan,nan,nan
9/28/2026 21:54:28,1.17.3,StopSig,76,4.11,1,1,Pellet,Left,91,114,70,20906664,0.50,35,nan
9/28/2026 21:56:22,1.17.3,StopSig,76,4.12,nan,1,>Left_Stop_trial,Left,92,114,70,21020974,nan,nan,nan
9/28/2026 21:56:25,1.17.3,StopSig,76,4.12,nan,1,NoPoke_STOP_(correct),Left,92,114,70,21024766,nan,nan,nan
9/28/2026 21:56:28,1.17.3,StopSig,76,4.12,2,1,Pellet,Left,92,114,71,21024766,0.72,120,nan
9/28/2026 21:56:57,1.17.3,StopSig,76,4.12,nan,1,>Left_Regular_trial,Left,93,114,71,21056696,nan,nan,nan
9/28/2026 21:56:57,1.17.3,StopSig,76,4.12,nan,1,Right_Regular_(correct),Left,93,115,71,21057407,nan,nan,nan
9/28/2026 21:56:58,1.17.3,StopSig,76,4.12,1,1,Pellet,Left,93,115,72,21057407,0.27,30,nan
9/28/2026 21:57:21,1.17.3,StopSig,76,4.12,nan,1,Right_no_left,Left,93,116,72,21057407,nan,nan,nan
9/28/2026 22:20:40,1.17.3,StopSig,76,4.11,nan,1,>Left_Stop_trial,Left,94,116,72,22480055,nan,nan,nan
9/28/2026 22:20:41,1.17.3,StopSig,76,4.12,nan,1,Right_STOP_(incorrect),Left,94,117,72,22480653,nan,nan,nan
9/28/2026 22:21:46,1.17.3,StopSig,76,4.12,nan,1,Right_no_left,Left,94,118,72,22480653,nan,nan,nan
9/28/2026 22:25:14,1.17.3,StopSig,76,4.11,nan,1,Right_no_left,Left,94,119,72,22546141,nan,nan,nan
9/28/2026 22:25:15,1.17.3,StopSig,76,4.12,nan,1,Right_no_left,Left,94,120,72,22753965,nan,nan,nan
9/28/2026 22:25:25,1.17.3,StopSig,76,4.12,nan,1,Right_no_left,Left,94,121,72,22754953,nan,nan,nan
9/28/2026 22:25:27,1.17.3,StopSig,76,4.12,nan,1,>Left_Regular_trial,Left,95,121,72,22766937,nan,nan,nan
9/28/2026 22:25:28,1.17.3,StopSig,76,4.11,nan,1,Right_Regular_(correct),Left,95,122,72,22768348,nan,nan,nan
9/28/2026 22:25:31,1.17.3,StopSig,76,4.11,2,1,Pellet,Left,95,122,73,22768348,0.11,1713,nan
9/28/2026 22:25:47,1.17.3,StopSig,76,4.11,nan,1,Right_no_left,Left,95,123,73,22768348,nan,nan,nan
9/28/2026 22:25:48,1.17.3,StopSig,76,4.12,nan,1,Right_no_left,Left,95,124,73,22786933,nan,nan,nan
9/28/2026 22:25:48,1.17.3,StopSig,76,4.11,nan,1,Right_no_left,Left,95,125,73,22787921,nan,nan,nan
9/28/2026 22:25:49,1.17.3,StopSig,76,4.11,nan,1,Right_no_left,Left,95,126,73,22788345,nan,nan,nan
9/28/2026 22:25:49,1.17.3,StopSig,76,4.12,nan,1,Right_no_left,Left,95,127,73,22789057,nan,nan,nan
9/28/2026 22:25:53,1.17.3,StopSig,76,4.11,nan,1,>Left_Stop_trial,Left,96,127,73,22792865,nan,nan,nan
9/28/2026 22:25:57,1.17.3,StopSig,76,4.11,nan,1,NoPoke_STOP_(correct),Left,96,127,73,22796891,nan,nan,nan
9/28/2026 22:25:58,1.17.3,StopSig,76,4.11,1,1,Pellet,Left,96,127,74,22796891,0.44,27,nan
9/28/2026 22:26:14,1.17.3,StopSig,76,4.11,nan,1,Right_no_left,Left,96,128,74,22796891,nan,nan,nan
9/28/2026 22:26:14,1.17.3,StopSig,76,4.12,nan,1,Right_no_left,Left,96,129,74,22813898,nan,nan,nan
9/28/2026 22:26:19,1.17.3,StopSig,76,4.12,nan,1,>Left_Stop_trial,Left,97,129,74,22817989,nan,nan,nan
9/28/2026 22:26:22,1.17.3,StopSig,76,4.11,nan,1,NoPoke_STOP_(correct),Left,97,129,74,22821807,nan,nan,nan
9/28/2026 22:26:23,1.17.3,StopSig,76,4.11,1,1,Pellet,Left,97,129,75,22821807,0.33,25,nan
9/28/2026 22:26:41,1.17.3,StopSig,76,4.12,nan,1,Right_no_left,Left,97,130,75,22821807,nan,nan,nan
9/28/2026 22:26:42,1.17.3,StopSig,76,4.11,nan,1,Right_no_left,Left,97,131,75,22841692,nan,nan,nan
9/28/2026 22:26:43,1.17.3,StopSig,76,4.11,nan,1,Right_no_left,Left,97,132,75,22842118,nan,nan,nan
9/28/2026 22:26:43,1.17.3,StopSig,76,4.12,nan,1,Right_no_left,Left,97,133,75,22843249,nan,nan,nan
9/28/2026 22:26:45,1.17.3,StopSig,76,4.12,nan,1,>Left_Regular_trial,Left,98,133,75,22844944,nan,nan,nan
9/28/2026 22:26:46,1.17.3,StopSig,76,4.12,nan,1,Right_Regular_(correct),Left,98,134,75,22846217,nan,nan,nan
9/28/2026 22:26:47,1.17.3,StopSig,76,4.11,2,1,Pellet,Left,98,134,76,22846217,0.05,24,nan
9/28/2026 22:27:08,1.17.3,StopSig,76,4.12,nan,1,>Left_Stop_trial,Left,99,134,76,22867454,nan,nan,nan
9/28/2026 22:27:08,1.17.3,StopSig,76,4.11,nan,1,Right_STOP_(incorrect),Left,99,135,76,22868429,nan,nan,nan
9/28/2026 22:28:22,1.17.3,StopSig,76,4.11,nan,1,>Left_Regular_trial,Left,100,135,76,22941905,nan,nan,nan
9/28/2026 22:28:23,1.17.3,StopSig,76,4.12,nan,1,Right_Regular_(correct),Left,100,136,76,22942897,nan,nan,nan
9/28/2026 22:28:26,1.17.3,StopSig,76,4.11,2,1,Pellet,Left,100,136,77,22942897,0.05,99,nan
9/28/2026 22:28:48,1.17.3,StopSig,76,4.12,nan,1,>Left_Regular_trial,Left,101,136,77,22967619,nan,nan,nan
9/28/2026 22:28:48,1.17.3,StopSig,76,4.11,nan,1,Right_Regular_(correct),Left,101,137,77,22968469,nan,nan,nan
9/28/2026 22:28:49,1.17.3,StopSig,76,4.11,1,1,Pellet,Left,101,137,78,22968469,0.16,23,nan
9/28/2026 22:29:27,1.17.3,StopSig,76,4.12,nan,1,>Left_Regular_trial,Left,102,137,78,23006489,nan,nan,nan
9/28/2026 22:29:29,1.17.3,StopSig,76,4.12,nan,1,Right_Regular_(correct),Left,102,138,78,23008898,nan,nan,nan
9/28/2026 22:29:30,1.17.3,StopSig,76,4.12,1,1,Pellet,Left,102,138,79,23008898,0.11,41,nan
9/28/2026 22:29:46,1.17.3,StopSig,76,4.11,nan,1,>Left_Regular_trial,Left,103,138,79,23025776,nan,nan,nan
9/28/2026 22:29:46,1.17.3,StopSig,76,4.11,nan,1,Right_Regular_(correct),Left,103,139,79,23026486,nan,nan,nan
9/28/2026 22:29:47,1.17.3,StopSig,76,4.12,1,1,Pellet,Left,103,139,80,23026486,0.16,17,nan
9/28/2026 22:31:45,1.17.3,StopSig,76,4.12,nan,1,>Left_Regular_trial,Left,104,139,80,23145248,nan,nan,nan
9/28/2026 22:31:47,1.17.3,StopSig,76,4.11,nan,1,Right_Regular_(correct),Left,104,140,80,23147368,nan,nan,nan
9/28/2026 22:31:50,1.17.3,StopSig,76,4.12,2,1,Pellet,Left,104,140,81,23147368,0.33,123,nan
9/28/2026 22:32:06,1.17.3,StopSig,76,4.12,nan,1,Right_no_left,Left,104,141,81,23147368,nan,nan,nan
9/28/2026 22:32:12,1.17.3,StopSig,76,4.12,nan,1,Right_no_left,Left,104,142,81,23166680,nan,nan,nan
9/28/2026 22:34:09,1.17.3,StopSig,76,4.11,nan,1,Right_no_left,Left,104,143,81,23171764,nan,nan,nan
9/28/2026 22:34:10,1.17.3,StopSig,76,4.11,nan,1,Right_no_left,Left,104,144,81,23289275,nan,nan,nan
9/28/2026 22:34:12,1.17.3,StopSig,76,4.11,nan,1,>Left_Stop_trial,Left,105,144,81,23291393,nan,nan,nan
9/28/2026 22:34:15,1.17.3,StopSig,76,4.12,nan,1,NoPoke_STOP_(correct),Left,105,144,81,23294919,nan,nan,nan
9/28/2026 22:34:17,1.17.3,StopSig,76,4.11,1,1,Pellet,Left,105,144,82,23294919,1.00,147,nan
9/28/2026 22:34:36,1.17.3,StopSig,76,4.11,nan,1,Right_no_left,Left,105,145,82,23294919,nan,nan,nan
9/28/2026 22:36:56,1.17.3,StopSig,76,4.12,nan,1,>Left_Stop_trial,Left,106,145,82,23455636,nan,nan,nan
9/28/2026 22:36:59,1.17.3,StopSig,76,4.11,nan,1,NoPoke_STOP_(correct),Left,106,145,82,23458840,nan,nan,nan
9/28/2026 22:37:00,1.17.3,StopSig,76,4.11,1,1,Pellet,Left,106,145,83,23458840,0.39,163,nan
9/28/2026 22:37:22,1.17.3,StopSig,76,4.12,nan,1,>Left_Regular_trial,Left,107,145,83,23482111,nan,nan,nan
9/28/2026 22:37:26,1.17.3,StopSig,76,4.12,nan,1,NoPoke_Regular_(incorrect),Left,107,145,83,23485930,nan,nan,nan
9/28/2026 22:38:19,1.17.3,StopSig,76,4.12,nan,1,>Left_Regular_trial,Left,108,145,83,23538550,nan,nan,nan
9/28/2026 22:38:19,1.17.3,StopSig,76,4.11,nan,1,Right_Regular_(correct),Left,108,146,83,23539542,nan,nan,nan
9/28/2026 22:38:20,1.17.3,StopSig,76,4.11,1,1,Pellet,Left,108,146,84,23539542,0.16,80,nan
9/28/2026 22:38:52,1.17.3,StopSig,76,4.11,nan,1,Right_no_left,Left,108,147,84,23539542,nan,nan,nan
9/28/2026 23:50:13,1.17.3,StopSig,76,4.11,nan,1,Right_no_left,Left,108,148,84,23572556,nan,nan,nan
9/28/2026 23:50:14,1.17.3,StopSig,76,4.11,nan,1,>Left_Regular_trial,Left,109,148,84,27854690,nan,nan,nan
9/28/2026 23:50:18,1.17.3,StopSig,76,4.11,nan,1,NoPoke_Regular_(incorrect),Left,109,148,84,27858084,nan,nan,nan
9/28/2026 23:50:57,1.17.3,StopSig,76,4.11,nan,1,>Left_Regular_trial,Left,110,148,84,27897575,nan,nan,nan
9/28/2026 23:50:59,1.17.3,StopSig,76,4.11,nan,1,Right_Regular_(correct),Left,110,149,84,27899695,nan,nan,nan
9/28/2026 23:51:03,1.17.3,StopSig,76,4.11,3,1,Pellet,Left,110,149,85,27899695,0.16,4363,nan
9/28/2026 23:51:16,1.17.3,StopSig,76,4.11,nan,1,>Left_Regular_trial,Left,111,149,85,27916587,nan,nan,nan
9/28/2026 23:51:18,1.17.3,StopSig,76,4.11,nan,1,Right_Regular_(correct),Left,111,150,85,27918563,nan,nan,nan
9/28/2026 23:51:19,1.17.3,StopSig,76,4.11,2,1,Pellet,Left,111,150,86,27918563,0.05,16,nan
9/28/2026 23:51:46,1.17.3,StopSig,76,4.11,nan,1,>Left_Regular_trial,Left,112,150,86,27946218,nan,nan,nan
9/28/2026 23:51:47,1.17.3,StopSig,76,4.11,nan,1,Right_Regular_(correct),Left,112,151,86,27947074,nan,nan,nan
9/28/2026 23:51:48,1.17.3,StopSig,76,4.11,2,1,Pellet,Left,112,151,87,27947074,0.05,29,nan
9/28/2026 23:52:13,1.17.3,StopSig,76,4.11,nan,1,>Left_Regular_trial,Left,113,151,87,27973329,nan,nan,nan
9/28/2026 23:52:14,1.17.3,StopSig,76,4.11,nan,1,Right_Regular_(correct),Left,113,152,87,27974179,nan,nan,nan
9/28/2026 23:52:15,1.17.3,StopSig,76,4.11,2,1,Pellet,Left,113,152,88,27974179,0.16,27,nan
9/28/2026 23:52:36,1.17.3,StopSig,76,4.11,nan,1,>Left_Regular_trial,Left,114,152,88,27996462,nan,nan,nan
9/28/2026 23:52:37,1.17.3,StopSig,76,4.11,nan,1,Right_Regular_(correct),Left,114,153,88,27997736,nan,nan,nan
9/28/2026 23:52:38,1.17.3,StopSig,76,4.11,1,1,Pellet,Left,114,153,89,27997736,0.16,23,nan
9/28/2026 23:53:02,1.17.3,StopSig,76,4.11,nan,1,>Left_Stop_trial,Left,115,153,89,28022344,nan,nan,nan
9/28/2026 23:53:06,1.17.3,StopSig,76,4.11,nan,1,NoPoke_STOP_(correct),Left,115,153,89,28026085,nan,nan,nan
9/28/2026 23:53:07,1.17.3,StopSig,76,4.11,1,1,Pellet,Left,115,153,90,28026085,0.22,29,nan
9/28/2026 23:53:22,1.17.3,StopSig,76,4.11,nan,1,>Left_Regular_trial,Left,116,153,90,28042578,nan,nan,nan
9/28/2026 23:53:25,1.17.3,StopSig,76,4.11,nan,1,Right_Regular_(correct),Left,116,154,90,28045546,nan,nan,nan
9/28/2026 23:53:26,1.17.3,StopSig,76,4.11,2,1,Pellet,Left,116,154,91,28045546,0.16,19,nan
9/28/2026 23:53:41,1.17.3,StopSig,76,4.11,nan,1,>Left_Stop_trial,Left,117,154,91,28060653,nan,nan,nan
9/28/2026 23:53:41,1.17.3,StopSig,76,4.11,nan,1,Right_STOP_(incorrect),Left,117,155,91,28061558,nan,nan,nan
9/28/2026 23:54:18,1.17.3,StopSig,76,4.11,nan,1,>Left_Regular_trial,Left,118,155,91,28097927,nan,nan,nan
9/28/2026 23:54:19,1.17.3,StopSig,76,4.11,nan,1,Right_Regular_(correct),Left,118,156,91,28099059,nan,nan,nan
9/28/2026 23:54:20,1.17.3,StopSig,76,4.11,1,1,Pellet,Left,118,156,92,28099059,0.22,54,nan
9/28/2026 23:54:37,1.17.3,StopSig,76,4.11,nan,1,>Left_Regular_trial,Left,119,156,92,28117054,nan,nan,nan
9/28/2026 23:54:39,1.17.3,StopSig,76,4.11,nan,1,Right_Regular_(correct),Left,119,157,92,28119191,nan,nan,nan
9/28/2026 23:54:40,1.17.3,StopSig,76,4.11,1,1,Pellet,Left,119,157,93,28119191,0.11,20,nan
9/28/2026 23:54:55,1.17.3,StopSig,76,4.11,nan,1,>Left_Regular_trial,Left,120,157,93,28135417,nan,nan,nan
9/28/2026 23:54:58,1.17.3,StopSig,76,4.11,nan,1,Right_Regular_(correct),Left,120,158,93,28138243,nan,nan,nan
9/28/2026 23:54:59,1.17.3,StopSig,76,4.11,2,1,Pellet,Left,120,158,94,28138243,0.05,19,nan
9/28/2026 23:55:16,1.17.3,StopSig,76,4.11,nan,1,>Left_Regular_trial,Left,121,158,94,28156677,nan,nan,nan
9/28/2026 23:55:18,1.17.3,StopSig,76,4.11,nan,1,Right_Regular_(correct),Left,121,159,94,28157950,nan,nan,nan
9/28/2026 23:55:18,1.17.3,StopSig,76,4.11,1,1,Pellet,Left,121,159,95,28157950,0.05,19,nan
9/28/2026 23:55:33,1.17.3,StopSig,76,4.11,nan,1,>Left_Stop_trial,Left,122,159,95,28172600,nan,nan,nan
9/28/2026 23:55:33,1.17.3,StopSig,76,4.11,nan,1,Right_STOP_(incorrect),Left,122,160,95,28173398,nan,nan,nan
9/29/2026 0:00:14,1.17.3,StopSig,76,4.11,nan,1,>Left_Regular_trial,Left,123,160,95,28453787,nan,nan,nan
9/29/2026 0:00:16,1.17.3,StopSig,76,4.11,nan,1,Right_Regular_(correct),Left,123,161,95,28456050,nan,nan,nan
9/29/2026 0:00:17,1.17.3,StopSig,76,4.11,1,1,Pellet,Left,123,161,96,28456050,0.39,299,nan
9/29/2026 0:00:33,1.17.3,StopSig,76,4.11,nan,1,>Left_Stop_trial,Left,124,161,96,28472978,nan,nan,nan
9/29/2026 0:00:34,1.17.3,StopSig,76,4.11,nan,1,Right_STOP_(incorrect),Left,124,162,96,28474008,nan,nan,nan
9/29/2026 0:01:04,1.17.3,StopSig,76,4.11,nan,1,>Left_Regular_trial,Left,125,162,96,28504325,nan,nan,nan
9/29/2026 0:01:08,1.17.3,StopSig,76,4.11,nan,1,NoPoke_Regular_(incorrect),Left,125,162,96,28508140,nan,nan,nan
9/29/2026 0:01:54,1.17.3,StopSig,76,4.11,nan,1,>Left_Regular_trial,Left,126,162,96,28553977,nan,nan,nan
9/29/2026 0:01:56,1.17.3,StopSig,76,4.11,nan,1,Right_Regular_(correct),Left,126,163,96,28556662,nan,nan,nan
9/29/2026 0:01:59,1.17.3,StopSig,76,4.11,2,1,Pellet,Left,126,163,97,28556662,0.27,102,nan
9/29/2026 0:02:15,1.17.3,StopSig,76,4.11,nan,1,>Left_Regular_trial,Left,127,163,97,28575240,nan,nan,nan
9/29/2026 0:02:19,1.17.3,StopSig,76,4.11,nan,1,NoPoke_Regular_(incorrect),Left,127,163,97,28579053,nan,nan,nan
9/29/2026 0:02:58,1.17.3,StopSig,76,4.11,nan,1,Right_no_left,Left,127,164,97,28579053,nan,nan,nan
9/29/2026 0:02:59,1.17.3,StopSig,76,4.11,nan,1,Right_no_left,Left,127,165,97,28618821,nan,nan,nan
9/29/2026 0:03:00,1.17.3,StopSig,76,4.11,nan,1,Right_no_left,Left,127,166,97,28619812,nan,nan,nan
9/29/2026 0:03:37,1.17.3,StopSig,76,4.11,nan,1,>Left_Regular_trial,Left,128,166,97,28657645,nan,nan,nan
9/29/2026 0:03:41,1.17.3,StopSig,76,4.11,nan,1,NoPoke_Regular_(incorrect),Left,128,166,97,28661179,nan,nan,nan
9/29/2026 0:07:49,1.17.3,StopSig,76,4.11,nan,1,Right_no_left,Left,128,167,97,28661179,nan,nan,nan
9/29/2026 0:07:50,1.17.3,StopSig,76,4.11,nan,1,Right_no_left,Left,128,168,97,28909845,nan,nan,nan
9/29/2026 0:07:51,1.17.3,StopSig,76,4.11,nan,1,Right_no_left,Left,128,169,97,28910694,nan,nan,nan
9/29/2026 0:16:27,1.17.3,StopSig,76,4.11,nan,1,>Left_Regular_trial,Left,129,169,97,29427210,nan,nan,nan
9/29/2026 0:16:31,1.17.3,StopSig,76,4.11,nan,1,NoPoke_Regular_(incorrect),Left,129,169,97,29431164,nan,nan,nan
9/29/2026 0:17:33,1.17.3,StopSig,76,4.11,nan,1,>Left_Stop_trial,Left,130,169,97,29492918,nan,nan,nan
9/29/2026 0:17:34,1.17.3,StopSig,76,4.11,nan,1,Right_STOP_(incorrect),Left,130,170,97,29494324,nan,nan,nan
9/29/2026 0:18:05,1.17.3,StopSig,76,4.11,nan,1,>Left_Stop_trial,Left,131,170,97,29524634,nan,nan,nan
9/29/2026 0:18:08,1.17.3,StopSig,76,4.11,nan,1,NoPoke_STOP_(correct),Left,131,170,97,29528189,nan,nan,nan
9/29/2026 0:18:09,1.17.3,StopSig,76,4.11,1,1,Pellet,Left,131,170,98,29528189,0.44,970,nan
9/29/2026 0:18:25,1.17.3,StopSig,76,4.11,nan,1,>Left_Stop_trial,Left,132,170,98,29545233,nan,nan,nan
9/29/2026 0:18:26,1.17.3,StopSig,76,4.11,nan,1,Right_STOP_(incorrect),Left,132,171,98,29546110,nan,nan,nan
9/29/2026 0:20:36,1.17.3,StopSig,76,4.11,nan,1,>Left_Stop_trial,Left,133,171,98,29675539,nan,nan,nan
9/29/2026 0:20:39,1.17.3,StopSig,76,4.11,nan,1,NoPoke_STOP_(correct),Left,133,171,98,29679178,nan,nan,nan
9/29/2026 0:20:40,1.17.3,StopSig,76,4.11,1,1,Pellet,Left,133,171,99,29679178,0.50,151,nan
9/29/2026 0:20:58,1.17.3,StopSig,76,4.11,nan,1,>Left_Stop_trial,Left,134,171,99,29698155,nan,nan,nan
9/29/2026 0:21:02,1.17.3,StopSig,76,4.11,nan,1,NoPoke_STOP_(correct),Left,134,171,99,29702173,nan,nan,nan
9/29/2026 0:21:03,1.17.3,StopSig,76,4.11,1,1,Pellet,Left,134,171,100,29702173,0.50,23,nan
9/29/2026 0:21:25,1.17.3,StopSig,76,4.11,nan,1,Right_no_left,Left,134,172,100,29702173,nan,nan,nan
9/29/2026 0:21:27,1.17.3,StopSig,76,4.11,nan,1,Right_no_left,Left,134,173,100,29725802,nan,nan,nan
9/29/2026 0:21:28,1.17.3,StopSig,76,4.11,nan,1,>Left_Regular_trial,Left,135,173,100,29728204,nan,nan,nan
9/29/2026 0:21:31,1.17.3,StopSig,76,4.11,nan,1,Right_Regular_(correct),Left,135,174,100,29731737,nan,nan,nan
9/29/2026 0:21:32,1.17.3,StopSig,76,4.11,2,1,Pellet,Left,135,174,101,29731737,0.11,29,nan
9/29/2026 0:21:49,1.17.3,StopSig,76,4.11,nan,1,>Left_Regular_trial,Left,136,174,101,29749489,nan,nan,nan
9/29/2026 0:21:50,1.17.3,StopSig,76,4.11,nan,1,Right_Regular_(correct),Left,136,175,101,29750338,nan,nan,nan
9/29/2026 0:21:51,1.17.3,StopSig,76,4.11,1,1,Pellet,Left,136,175,102,29750338,0.11,19,nan
9/29/2026 0:22:06,1.17.3,StopSig,76,4.11,nan,1,Right_no_left,Left,136,176,102,29750338,nan,nan,nan
9/29/2026 0:22:07,1.17.3,StopSig,76,4.11,nan,1,Right_no_left,Left,136,177,102,29766836,nan,nan,nan
9/29/2026 0:22:08,1.17.3,StopSig,76,4.11,nan,1,Right_no_left,Left,136,178,102,29767552,nan,nan,nan
9/29/2026 0:22:08,1.17.3,StopSig,76,4.11,nan,1,Right_no_left,Left,136,179,102,29768403,nan,nan,nan
9/29/2026 0:22:09,1.17.3,StopSig,76,4.11,nan,1,Right_no_left,Left,136,180,102,29768689,nan,nan,nan
9/29/2026 0:22:10,1.17.3,StopSig,76,4.11,nan,1,Right_no_left,Left,136,181,102,29769822,nan,nan,nan
9/29/2026 0:22:11,1.17.3,StopSig,76,4.11,nan,1,Right_no_left,Left,136,182,102,29770250,nan,nan,nan
9/29/2026 0:22:13,1.17.3,StopSig,76,4.11,nan,1,>Left_Regular_trial,Left,137,182,102,29772804,nan,nan,nan
9/29/2026 0:22:14,1.17.3,StopSig,76,4.11,nan,1,Right_Regular_(correct),Left,137,183,102,29774503,nan,nan,nan
9/29/2026 0:22:15,1.17.3,StopSig,76,4.11,1,1,Pellet,Left,137,183,103,29774503,0.05,24,nan
9/29/2026 0:22:48,1.17.3,StopSig,76,4.11,nan,1,>Left_Regular_trial,Left,138,183,103,29808246,nan,nan,nan
9/29/2026 0:22:49,1.17.3,StopSig,76,4.11,nan,1,Right_Regular_(correct),Left,138,184,103,29809380,nan,nan,nan
9/29/2026 0:22:50,1.17.3,StopSig,76,4.11,1,1,Pellet,Left,138,184,104,29809380,0.11,35,nan
9/29/2026 0:23:13,1.17.3,StopSig,76,4.11,nan,1,Right_no_left,Left,138,185,104,29809380,nan,nan,nan
9/29/2026 0:54:53,1.17.3,StopSig,76,4.11,nan,1,>Left_Regular_trial,Left,139,185,104,31733626,nan,nan,nan
9/29/2026 0:54:57,1.17.3,StopSig,76,4.11,nan,1,NoPoke_Regular_(incorrect),Left,139,185,104,31737313,nan,nan,nan
9/29/2026 0:55:52,1.17.3,StopSig,76,4.11,nan,1,>Left_Regular_trial,Left,140,185,104,31792644,nan,nan,nan
9/29/2026 0:55:53,1.17.3,StopSig,76,4.11,nan,1,Right_Regular_(correct),Left,140,186,104,31793501,nan,nan,nan
9/29/2026 0:55:54,1.17.3,StopSig,76,4.11,1,1,Pellet,Left,140,186,105,31793501,0.72,1984,nan
9/29/2026 0:56:10,1.17.3,StopSig,76,4.11,nan,1,>Left_Regular_trial,Left,141,186,105,31810585,nan,nan,nan
9/29/2026 0:56:11,1.17.3,StopSig,76,4.11,nan,1,Right_Regular_(correct),Left,141,187,105,31811436,nan,nan,nan
9/29/2026 0:56:12,1.17.3,StopSig,76,4.11,1,1,Pellet,Left,141,187,106,31811436,0.33,18,nan
9/29/2026 0:56:28,1.17.3,StopSig,76,4.11,nan,1,>Left_Regular_trial,Left,142,187,106,31828529,nan,nan,nan
9/29/2026 0:56:29,1.17.3,StopSig,76,4.11,nan,1,Right_Regular_(correct),Left,142,188,106,31829663,nan,nan,nan
9/29/2026 0:56:32,1.17.3,StopSig,76,4.11,2,1,Pellet,Left,142,188,107,31829663,0.05,20,nan
9/29/2026 0:56:50,1.17.3,StopSig,76,4.11,nan,1,Right_no_left,Left,142,189,107,31829663,nan,nan,nan
9/29/2026 0:56:51,1.17.3,StopSig,76,4.11,nan,1,Right_no_left,Left,142,190,107,31850964,nan,nan,nan
9/29/2026 0:56:52,1.17.3,StopSig,76,4.11,nan,1,Right_no_left,Left,142,191,107,31851963,nan,nan,nan
9/29/2026 0:56:52,1.17.3,StopSig,76,4.11,nan,1,Right_no_left,Left,142,192,107,31852390,nan,nan,nan
9/29/2026 0:56:53,1.17.3,StopSig,76,4.11,nan,1,Right_no_left,Left,142,193,107,31852958,nan,nan,nan
9/29/2026 0:56:54,1.17.3,StopSig,76,4.11,nan,1,Right_no_left,Left,142,194,107,31853808,nan,nan,nan
9/29/2026 0:56:56,1.17.3,StopSig,76,4.11,nan,1,>Left_Regular_trial,Left,143,194,107,31856354,nan,nan,nan
9/29/2026 0:57:00,1.17.3,StopSig,76,4.11,nan,1,NoPoke_Regular_(incorrect),Left,143,194,107,31860317,nan,nan,nan
9/29/2026 0:57:34,1.17.3,StopSig,76,4.11,nan,1,Right_no_left,Left,143,195,107,31860317,nan,nan,nan
9/29/2026 0:57:37,1.17.3,StopSig,76,4.10,nan,1,>Left_Regular_trial,Left,144,195,107,31897123,nan,nan,nan
9/29/2026 0:57:40,1.17.3,StopSig,76,4.10,nan,1,Right_Regular_(correct),Left,144,196,107,31900655,nan,nan,nan
9/29/2026 0:57:43,1.17.3,StopSig,76,4.11,2,1,Pellet,Left,144,196,108,31900655,0.33,71,nan
9/29/2026 0:58:02,1.17.3,StopSig,76,4.11,nan,1,Right_no_left,Left,144,197,108,31900655,nan,nan,nan
9/29/2026 0:58:03,1.17.3,StopSig,76,4.11,nan,1,Right_no_left,Left,144,198,108,31922480,nan,nan,nan
9/29/2026 0:58:03,1.17.3,StopSig,76,4.11,nan,1,Right_no_left,Left,144,199,108,31923189,nan,nan,nan
9/29/2026 0:58:04,1.17.3,StopSig,76,4.11,nan,1,Right_no_left,Left,144,200,108,31923475,nan,nan,nan
9/29/2026 0:58:06,1.17.3,StopSig,76,4.11,nan,1,>Left_Regular_trial,Left,145,200,108,31926448,nan,nan,nan
9/29/2026 0:58:08,1.17.3,StopSig,76,4.11,nan,1,Right_Regular_(correct),Left,145,201,108,31928721,nan,nan,nan
9/29/2026 0:58:09,1.17.3,StopSig,76,4.11,1,1,Pellet,Left,145,201,109,31928721,0.16,26,nan
9/29/2026 0:58:39,1.17.3,StopSig,76,4.11,nan,1,Right_no_left,Left,145,202,109,31928721,nan,nan,nan
9/29/2026 0:58:40,1.17.3,StopSig,76,4.11,nan,1,Right_no_left,Left,145,203,109,31959797,nan,nan,nan
9/29/2026 0:58:44,1.17.3,StopSig,76,4.11,nan,1,>Left_Regular_trial,Left,146,203,109,31964751,nan,nan,nan
9/29/2026 0:58:45,1.17.3,StopSig,76,4.10,nan,1,Right_Regular_(correct),Left,146,204,109,31965751,nan,nan,nan
9/29/2026 0:58:46,1.17.3,StopSig,76,4.11,1,1,Pellet,Left,146,204,110,31965751,0.16,37,nan
9/29/2026 0:59:11,1.17.3,StopSig,76,4.11,nan,1,Right_no_left,Left,146,205,110,31965751,nan,nan,nan
9/29/2026 0:59:12,1.17.3,StopSig,76,4.11,nan,1,Right_no_left,Left,146,206,110,31991219,nan,nan,nan
9/29/2026 0:59:14,1.17.3,StopSig,76,4.10,nan,1,>Left_Regular_trial,Left,147,206,110,31994615,nan,nan,nan
9/29/2026 0:59:18,1.17.3,StopSig,76,4.11,nan,1,Right_Regular_(correct),Left,147,207,110,31998157,nan,nan,nan
9/29/2026 0:59:19,1.17.3,StopSig,76,4.11,1,1,Pellet,Left,147,207,111,31998157,0.16,33,nan
9/29/2026 0:59:37,1.17.3,StopSig,76,4.11,nan,1,>Left_Stop_trial,Left,148,207,111,32016596,nan,nan,nan
9/29/2026 0:59:37,1.17.3,StopSig,76,4.11,nan,1,Right_STOP_(incorrect),Left,148,208,111,32017648,nan,nan,nan
9/29/2026 1:32:20,1.17.3,StopSig,76,4.11,nan,1,>Left_Regular_trial,Left,149,208,111,33980069,nan,nan,nan
9/29/2026 1:32:21,1.17.3,StopSig,76,4.11,nan,1,Right_Regular_(correct),Left,149,209,111,33982065,nan,nan,nan
9/29/2026 1:32:23,1.17.3,StopSig,76,4.11,1,1,Pellet,Left,149,209,112,33982065,0.55,1984,nan
9/29/2026 1:32:40,1.17.3,StopSig,76,4.11,nan,1,>Left_Regular_trial,Left,150,209,112,34000043,nan,nan,nan
9/29/2026 1:32:40,1.17.3,StopSig,76,4.11,nan,1,Right_Regular_(correct),Left,150,210,112,34000753,nan,nan,nan
9/29/2026 1:32:43,1.17.3,StopSig,76,4.11,3,1,Pellet,Left,150,210,113,34000753,0.05,20,nan
9/29/2026 1:33:01,1.17.3,StopSig,76,4.11,nan,1,Right_no_left,Left,150,211,113,34000753,nan,nan,nan
9/29/2026 1:33:02,1.17.3,StopSig,76,4.11,nan,1,Right_no_left,Left,150,212,113,34021532,nan,nan,nan
9/29/2026 1:33:02,1.17.3,StopSig,76,4.11,nan,1,Right_no_left,Left,150,213,113,34022382,nan,nan,nan
9/29/2026 1:33:03,1.17.3,StopSig,76,4.11,nan,1,Right_no_left,Left,150,214,113,34022950,nan,nan,nan
9/29/2026 1:33:08,1.17.3,StopSig,76,4.11,nan,1,>Left_Regular_trial,Left,151,214,113,34028455,nan,nan,nan
9/29/2026 1:33:10,1.17.3,StopSig,76,4.11,nan,1,Right_Regular_(correct),Left,151,215,113,34030156,nan,nan,nan
9/29/2026 1:33:10,1.17.3,StopSig,76,4.11,1,1,Pellet,Left,151,215,114,34030156,0.27,27,nan
9/29/2026 1:33:28,1.17.3,StopSig,76,4.11,nan,1,Right_no_left,Left,151,216,114,34030156,nan,nan,nan
9/29/2026 1:33:29,1.17.3,StopSig,76,4.11,nan,1,Right_no_left,Left,151,217,114,34048605,nan,nan,nan
9/29/2026 1:33:30,1.17.3,StopSig,76,4.11,nan,1,Right_no_left,Left,151,218,114,34049455,nan,nan,nan
9/29/2026 1:33:33,1.17.3,StopSig,76,4.11,nan,1,>Left_Regular_trial,Left,152,218,114,34053411,nan,nan,nan
9/29/2026 1:33:37,1.17.3,StopSig,76,4.11,nan,1,NoPoke_Regular_(incorrect),Left,152,218,114,34057365,nan,nan,nan
9/29/2026 1:54:59,1.17.3,StopSig,76,4.11,nan,1,>Left_Stop_trial,Left,153,218,114,35338614,nan,nan,nan
9/29/2026 1:55:02,1.17.3,StopSig,76,4.11,nan,1,NoPoke_STOP_(correct),Left,153,218,114,35342464,nan,nan,nan
9/29/2026 1:55:05,1.17.3,StopSig,76,4.10,1,1,Pellet,Left,153,218,115,35342464,1.95,1314,nan
9/29/2026 1:56:32,1.17.3,StopSig,76,4.10,nan,1,>Left_Regular_trial,Left,154,218,115,35432881,nan,nan,nan
9/29/2026 1:56:36,1.17.3,StopSig,76,4.10,nan,1,NoPoke_Regular_(incorrect),Left,154,218,115,35436413,nan,nan,nan
9/29/2026 1:57:32,1.17.3,StopSig,76,4.11,nan,1,>Left_Stop_trial,Left,155,218,115,35492114,nan,nan,nan
9/29/2026 1:57:35,1.17.3,StopSig,76,4.11,nan,1,NoPoke_STOP_(correct),Left,155,218,115,35495486,nan,nan,nan
9/29/2026 1:57:36,1.17.3,StopSig,76,4.11,1,1,Pellet,Left,155,218,116,35495486,0.39,152,nan
9/29/2026 1:57:54,1.17.3,StopSig,76,4.11,nan,1,>Left_Regular_trial,Left,156,218,116,35514979,nan,nan,nan
9/29/2026 1:57:58,1.17.3,StopSig,76,4.10,nan,1,NoPoke_Regular_(incorrect),Left,156,218,116,35518370,nan,nan,nan
9/29/2026 1:58:45,1.17.3,StopSig,76,4.11,nan,1,Right_no_left,Left,156,219,116,35518370,nan,nan,nan
9/29/2026 1:59:29,1.17.3,StopSig,76,4.11,nan,1,>Left_Regular_trial,Left,157,219,116,35609692,nan,nan,nan
9/29/2026 1:59:30,1.17.3,StopSig,76,4.10,nan,1,Right_Regular_(correct),Left,157,220,116,35610260,nan,nan,nan
9/29/2026 1:59:31,1.17.3,StopSig,76,4.11,1,1,Pellet,Left,157,220,117,35610260,0.50,115,nan
9/29/2026 1:59:48,1.17.3,StopSig,76,4.11,nan,1,>Left_Stop_trial,Left,158,220,117,35627956,nan,nan,nan
9/29/2026 1:59:51,1.17.3,StopSig,76,4.11,nan,1,NoPoke_STOP_(correct),Left,158,220,117,35631417,nan,nan,nan
9/29/2026 1:59:52,1.17.3,StopSig,76,4.11,1,1,Pellet,Left,158,220,118,35631417,0.33,21,nan
9/29/2026 2:00:13,1.17.3,StopSig,76,4.11,nan,1,>Left_Stop_trial,Left,159,220,118,35652730,nan,nan,nan
9/29/2026 2:00:13,1.17.3,StopSig,76,4.11,nan,1,Right_STOP_(incorrect),Left,159,221,118,35653777,nan,nan,nan
9/29/2026 2:02:33,1.17.3,StopSig,76,4.10,nan,1,>Left_Regular_trial,Left,160,221,118,35793255,nan,nan,nan
9/29/2026 2:02:34,1.17.3,StopSig,76,4.10,nan,1,Right_Regular_(correct),Left,160,222,118,35794388,nan,nan,nan
9/29/2026 2:02:35,1.17.3,StopSig,76,4.10,1,1,Pellet,Left,160,222,119,35794388,0.16,163,nan
9/29/2026 2:02:48,1.17.3,StopSig,76,4.10,nan,1,>Left_Regular_trial,Left,161,222,119,35808478,nan,nan,nan
9/29/2026 2:02:49,1.17.3,StopSig,76,4.11,nan,1,Right_Regular_(correct),Left,161,223,119,35810183,nan,nan,nan
9/29/2026 2:02:51,1.17.3,StopSig,76,4.10,1,1,Pellet,Left,161,223,120,35810183,0.44,16,nan
9/29/2026 2:03:23,1.17.3,StopSig,76,4.10,nan,1,>Left_Regular_trial,Left,162,223,120,35844013,nan,nan,nan
9/29/2026 2:03:24,1.17.3,StopSig,76,4.11,nan,1,Right_Regular_(correct),Left,162,224,120,35845006,nan,nan,nan
9/29/2026 2:03:25,1.17.3,StopSig,76,4.03,nan,1,RightDuringDispense,Left,162,225,120,35845006,nan,nan,0.00
9/29/2026 2:03:25,1.17.3,StopSig,76,4.10,1,1,Pellet,Left,162,225,121,35845006,0.05,34,nan
9/29/2026 2:03:47,1.17.3,StopSig,76,4.11,nan,1,Right_no_left,Left,162,226,121,35845006,nan,nan,nan
9/29/2026 2:07:01,1.17.3,StopSig,76,4.11,nan,1,Right_no_left,Left,162,227,121,35867824,nan,nan,nan
9/29/2026 2:07:02,1.17.3,StopSig,76,4.11,nan,1,Right_no_left,Left,162,228,121,36061989,nan,nan,nan
9/29/2026 2:07:03,1.17.3,StopSig,76,4.11,nan,1,Right_no_left,Left,162,229,121,36063122,nan,nan,nan
9/29/2026 2:07:47,1.17.3,StopSig,76,4.10,nan,1,Right_no_left,Left,162,230,121,36063556,nan,nan,nan
9/29/2026 2:07:51,1.17.3,StopSig,76,4.10,nan,1,>Left_Regular_trial,Left,163,230,121,36111330,nan,nan,nan
9/29/2026 2:07:52,1.17.3,StopSig,76,4.11,nan,1,Right_Regular_(correct),Left,163,231,121,36112322,nan,nan,nan
9/29/2026 2:07:53,1.17.3,StopSig,76,4.10,2,1,Pellet,Left,163,231,122,36112322,0.16,268,nan
9/29/2026 2:08:08,1.17.3,StopSig,76,4.11,nan,1,>Left_Regular_trial,Left,164,231,122,36129078,nan,nan,nan
9/29/2026 2:08:09,1.17.3,StopSig,76,4.11,nan,1,Right_Regular_(correct),Left,164,232,122,36129795,nan,nan,nan
9/29/2026 2:08:10,1.17.3,StopSig,76,4.11,2,1,Pellet,Left,164,232,123,36129795,0.11,17,nan
9/29/2026 2:08:23,1.17.3,StopSig,76,4.11,nan,1,>Left_Regular_trial,Left,165,232,123,36143329,nan,nan,nan
9/29/2026 2:08:26,1.17.3,StopSig,76,4.10,nan,1,Right_Regular_(correct),Left,165,233,123,36146588,nan,nan,nan
9/29/2026 2:08:27,1.17.3,StopSig,76,4.10,2,1,Pellet,Left,165,233,124,36146588,0.16,17,nan
9/29/2026 2:08:42,1.17.3,StopSig,76,4.11,nan,1,>Left_Stop_trial,Left,166,233,124,36161750,nan,nan,nan
9/29/2026 2:08:42,1.17.3,StopSig,76,4.11,nan,1,Right_STOP_(incorrect),Left,166,234,124,36162775,nan,nan,nan
9/29/2026 2:12:27,1.17.3,StopSig,76,4.11,nan,1,>Left_Regular_trial,Left,167,234,124,36388094,nan,nan,nan
9/29/2026 2:12:29,1.17.3,StopSig,76,4.11,nan,1,Right_Regular_(correct),Left,167,235,124,36389933,nan,nan,nan
9/29/2026 2:12:30,1.17.3,StopSig,76,4.10,1,1,Pellet,Left,167,235,125,36389933,0.11,243,nan
9/29/2026 2:12:46,1.17.3,StopSig,76,4.11,nan,1,>Left_Stop_trial,Left,168,235,125,36405951,nan,nan,nan
9/29/2026 2:12:46,1.17.3,StopSig,76,4.10,nan,1,Right_STOP_(incorrect),Left,168,236,125,36406693,nan,nan,nan
9/29/2026 2:21:47,1.17.3,StopSig,76,4.11,nan,1,Right_no_left,Left,168,237,125,36406693,nan,nan,nan
9/29/2026 2:21:51,1.17.3,StopSig,76,4.11,nan,1,>Left_Regular_trial,Left,169,237,125,36951527,nan,nan,nan
9/29/2026 2:21:55,1.17.3,StopSig,76,4.10,nan,1,NoPoke_Regular_(incorrect),Left,169,237,125,36955487,nan,nan,nan
9/29/2026 2:24:34,1.17.3,StopSig,76,4.10,nan,1,Right_no_left,Left,169,238,125,36955487,nan,nan,nan
9/29/2026 2:24:35,1.17.3,StopSig,76,4.10,nan,1,Right_no_left,Left,169,239,125,37114948,nan,nan,nan
9/29/2026 2:27:51,1.17.3,StopSig,76,4.10,nan,1,>Left_Stop_trial,Left,170,239,125,37310936,nan,nan,nan
9/29/2026 2:27:54,1.17.3,StopSig,76,4.11,nan,1,NoPoke_STOP_(correct),Left,170,239,125,37314566,nan,nan,nan
9/29/2026 2:27:55,1.17.3,StopSig,76,4.10,1,1,Pellet,Left,170,239,126,37314566,0.33,925,nan
9/29/2026 2:28:19,1.17.3,StopSig,76,4.11,nan,1,>Left_Stop_trial,Left,171,239,126,37339052,nan,nan,nan
9/29/2026 2:28:19,1.17.3,StopSig,76,4.11,nan,1,Right_STOP_(incorrect),Left,171,240,126,37339950,nan,nan,nan
9/29/2026 2:34:51,1.17.3,StopSig,76,4.10,nan,1,>Left_Regular_trial,Left,172,240,126,37731996,nan,nan,nan
9/29/2026 2:34:55,1.17.3,StopSig,76,4.10,nan,1,NoPoke_Regular_(incorrect),Left,172,240,126,37735533,nan,nan,nan
9/29/2026 3:13:15,1.17.3,StopSig,76,4.10,nan,1,Right_no_left,Left,172,241,126,37735533,nan,nan,nan
9/29/2026 3:13:15,1.17.3,StopSig,76,4.10,nan,1,Right_no_left,Left,172,242,126,40035633,nan,nan,nan
9/29/2026 3:13:16,1.17.3,StopSig,76,4.11,nan,1,Right_no_left,Left,172,243,126,40036060,nan,nan,nan
9/29/2026 3:13:18,1.17.3,StopSig,76,4.10,nan,1,>Left_Stop_trial,Left,173,243,126,40038040,nan,nan,nan
9/29/2026 3:13:21,1.17.3,StopSig,76,4.10,nan,1,NoPoke_STOP_(correct),Left,173,243,126,40041681,nan,nan,nan
9/29/2026 3:13:22,1.17.3,StopSig,76,4.10,1,1,Pellet,Left,173,243,127,40041681,0.44,2727,nan
9/29/2026 3:13:48,1.17.3,StopSig,76,4.10,nan,1,Right_no_left,Left,173,244,127,40041681,nan,nan,nan
9/29/2026 3:13:50,1.17.3,StopSig,76,4.11,nan,1,>Left_Regular_trial,Left,174,244,127,40070801,nan,nan,nan
9/29/2026 3:13:54,1.17.3,StopSig,76,4.11,nan,1,NoPoke_Regular_(incorrect),Left,174,244,127,40074613,nan,nan,nan
9/29/2026 3:14:45,1.17.3,StopSig,76,4.10,nan,1,Right_no_left,Left,174,245,127,40074613,nan,nan,nan
9/29/2026 3:14:50,1.17.3,StopSig,76,4.10,nan,1,>Left_Regular_trial,Left,175,245,127,40130456,nan,nan,nan
9/29/2026 3:14:52,1.17.3,StopSig,76,4.10,nan,1,Right_Regular_(correct),Left,175,246,127,40133147,nan,nan,nan
9/29/2026 3:14:53,1.17.3,StopSig,76,4.10,1,1,Pellet,Left,175,246,128,40133147,0.16,91,nan
9/29/2026 3:15:28,1.17.3,StopSig,76,4.10,nan,1,>Left_Stop_trial,Left,176,246,128,40167985,nan,nan,nan
9/29/2026 3:15:31,1.17.3,StopSig,76,4.11,nan,1,NoPoke_STOP_(correct),Left,176,246,128,40171628,nan,nan,nan
9/29/2026 3:15:32,1.17.3,StopSig,76,4.10,1,1,Pellet,Left,176,246,129,40171628,0.61,39,nan
9/29/2026 3:16:01,1.17.3,StopSig,76,4.10,nan,1,>Left_Regular_trial,Left,177,246,129,40201433,nan,nan,nan
9/29/2026 3:16:04,1.17.3,StopSig,76,4.10,nan,1,NoPoke_Regular_(incorrect),Left,177,246,129,40204685,nan,nan,nan
9/29/2026 3:17:25,1.17.3,StopSig,76,4.10,nan,1,>Left_Regular_trial,Left,178,246,129,40285825,nan,nan,nan
9/29/2026 3:17:26,1.17.3,StopSig,76,4.10,nan,1,Right_Regular_(correct),Left,178,247,129,40287100,nan,nan,nan
9/29/2026 3:17:27,1.17.3,StopSig,76,4.10,2,1,Pellet,Left,178,247,130,40287100,0.05,115,nan
9/29/2026 3:17:47,1.17.3,StopSig,76,4.10,nan,1,>Left_Stop_trial,Left,179,247,130,40307407,nan,nan,nan
9/29/2026 3:17:50,1.17.3,StopSig,76,4.10,nan,1,NoPoke_STOP_(correct),Left,179,247,130,40310690,nan,nan,nan
9/29/2026 3:17:55,1.17.3,StopSig,76,4.10,3,1,Pellet,Left,179,247,131,40310690,0.38,28,nan
9/29/2026 3:18:18,1.17.3,StopSig,76,4.10,nan,1,>Left_Regular_trial,Left,180,247,131,40338331,nan,nan,nan
9/29/2026 3:18:19,1.17.3,StopSig,76,4.10,nan,1,Right_Regular_(correct),Left,180,248,131,40340176,nan,nan,nan
9/29/2026 3:18:20,1.17.3,StopSig,76,4.10,1,1,Pellet,Left,180,248,132,40340176,0.27,25,nan
9/29/2026 3:18:45,1.17.3,StopSig,76,4.10,nan,1,>Left_Regular_trial,Left,181,248,132,40365293,nan,nan,nan
9/29/2026 3:18:47,1.17.3,StopSig,76,4.11,nan,1,Right_Regular_(correct),Left,181,249,132,40367981,nan,nan,nan
9/29/2026 3:18:48,1.17.3,StopSig,76,4.10,1,1,Pellet,Left,181,249,133,40367981,0.16,28,nan
9/29/2026 3:19:21,1.17.3,StopSig,76,4.10,nan,1,>Left_Stop_trial,Left,182,249,133,40401111,nan,nan,nan
9/29/2026 3:19:24,1.17.3,StopSig,76,4.10,nan,1,NoPoke_STOP_(correct),Left,182,249,133,40404724,nan,nan,nan
9/29/2026 3:19:25,1.17.3,StopSig,76,4.10,1,1,Pellet,Left,182,249,134,40404724,0.33,37,nan
9/29/2026 3:20:04,1.17.3,StopSig,76,4.10,nan,1,>Left_Regular_trial,Left,183,249,134,40444731,nan,nan,nan
9/29/2026 3:20:05,1.17.3,StopSig,76,4.10,nan,1,Right_Regular_(correct),Left,183,250,134,40446006,nan,nan,nan
9/29/2026 3:20:06,1.17.3,StopSig,76,4.10,1,1,Pellet,Left,183,250,135,40446006,0.27,41,nan
9/29/2026 3:26:36,1.17.3,StopSig,76,4.10,nan,1,>Left_Regular_trial,Left,184,250,135,40836785,nan,nan,nan
9/29/2026 3:26:37,1.17.3,StopSig,76,4.11,nan,1,Right_Regular_(correct),Left,184,251,135,40837920,nan,nan,nan
9/29/2026 3:26:38,1.17.3,StopSig,76,4.10,1,1,Pellet,Left,184,251,136,40837920,0.27,392,nan
9/29/2026 3:28:16,1.17.3,StopSig,76,4.10,nan,1,>Left_Regular_trial,Left,185,251,136,40937110,nan,nan,nan
9/29/2026 3:28:20,1.17.3,StopSig,76,4.10,nan,1,NoPoke_Regular_(incorrect),Left,185,251,136,40940649,nan,nan,nan
9/29/2026 3:31:47,1.17.3,StopSig,76,4.10,nan,1,Right_no_left,Left,185,252,136,40940649,nan,nan,nan
9/29/2026 3:31:48,1.17.3,StopSig,76,4.10,nan,1,Right_no_left,Left,185,253,136,41148417,nan,nan,nan
9/29/2026 3:36:53,1.17.3,StopSig,76,4.10,nan,1,Right_no_left,Left,185,254,136,41149410,nan,nan,nan
9/29/2026 3:42:44,1.17.3,StopSig,76,4.10,nan,1,>Left_Stop_trial,Left,186,254,136,41804900,nan,nan,nan
9/29/2026 3:42:48,1.17.3,StopSig,76,4.10,nan,1,NoPoke_STOP_(correct),Left,186,254,136,41808764,nan,nan,nan
9/29/2026 3:42:51,1.17.3,StopSig,76,4.10,2,1,Pellet,Left,186,254,137,41808764,0.55,973,nan
9/29/2026 3:44:36,1.17.3,StopSig,76,4.10,nan,1,Right_no_left,Left,186,255,137,41808764,nan,nan,nan
9/29/2026 3:46:00,1.17.3,StopSig,76,4.10,nan,1,>Left_Regular_trial,Left,187,255,137,42000776,nan,nan,nan
9/29/2026 3:46:04,1.17.3,StopSig,76,4.10,nan,1,NoPoke_Regular_(incorrect),Left,187,255,137,42004738,nan,nan,nan
9/29/2026 3:47:15,1.17.3,StopSig,76,4.10,nan,1,Right_no_left,Left,187,256,137,42004738,nan,nan,nan
9/29/2026 3:56:26,1.17.3,StopSig,76,4.11,nan,1,>Left_Regular_trial,Left,188,256,137,42627014,nan,nan,nan
9/29/2026 3:56:27,1.17.3,StopSig,76,4.10,nan,1,Right_Regular_(correct),Left,188,257,137,42627724,nan,nan,nan
9/29/2026 3:56:30,1.17.3,StopSig,76,4.10,2,1,Pellet,Left,188,257,138,42627724,0.33,819,nan
9/29/2026 3:57:11,1.17.3,StopSig,76,4.10,nan,1,>Left_Stop_trial,Left,189,257,138,42671323,nan,nan,nan
9/29/2026 3:57:14,1.17.3,StopSig,76,4.09,nan,1,NoPoke_STOP_(correct),Left,189,257,138,42674781,nan,nan,nan
9/29/2026 3:57:15,1.17.3,StopSig,76,4.09,1,1,Pellet,Left,189,257,139,42674781,0.83,45,nan
9/29/2026 3:57:33,1.17.3,StopSig,76,4.10,nan,1,>Left_Regular_trial,Left,190,257,139,42693620,nan,nan,nan
9/29/2026 3:57:37,1.17.3,StopSig,76,4.09,nan,1,NoPoke_Regular_(incorrect),Left,190,257,139,42697723,nan,nan,nan
9/29/2026 4:03:35,1.17.3,StopSig,76,4.10,nan,1,>Left_Stop_trial,Left,191,257,139,43055451,nan,nan,nan
9/29/2026 4:03:38,1.17.3,StopSig,76,4.10,nan,1,NoPoke_STOP_(correct),Left,191,257,139,43058742,nan,nan,nan
9/29/2026 4:03:39,1.17.3,StopSig,76,4.09,1,1,Pellet,Left,191,257,140,43058742,0.44,384,nan
9/29/2026 4:04:22,1.17.3,StopSig,76,4.09,nan,1,Right_no_left,Left,191,258,140,43058742,nan,nan,nan
9/29/2026 4:07:16,1.17.3,StopSig,76,4.10,nan,1,Right_no_left,Left,191,259,140,43103581,nan,nan,nan
9/29/2026 4:07:16,1.17.3,StopSig,76,4.10,nan,1,Right_no_left,Left,191,260,140,43277119,nan,nan,nan
9/29/2026 4:10:09,1.17.3,StopSig,76,4.10,nan,1,Right_no_left,Left,191,261,140,43277693,nan,nan,nan
9/29/2026 4:10:13,1.17.3,StopSig,76,4.10,nan,1,Right_no_left,Left,191,262,140,43450210,nan,nan,nan
9/29/2026 4:10:14,1.17.3,StopSig,76,4.10,nan,1,Right_no_left,Left,191,263,140,43454727,nan,nan,nan
9/29/2026 4:10:55,1.17.3,StopSig,76,4.09,nan,1,Right_no_left,Left,191,264,140,43455154,nan,nan,nan
9/29/2026 4:12:12,1.17.3,StopSig,76,4.10,nan,1,Right_no_left,Left,191,265,140,43496661,nan,nan,nan
9/29/2026 4:13:08,1.17.3,StopSig,76,4.10,nan,1,Right_no_left,Left,191,266,140,43573388,nan,nan,nan
9/29/2026 4:13:13,1.17.3,StopSig,76,4.11,nan,1,Right_no_left,Left,191,267,140,43629305,nan,nan,nan
9/29/2026 4:13:24,1.17.3,StopSig,76,4.10,nan,1,>Left_Regular_trial,Left,192,267,140,43644551,nan,nan,nan
9/29/2026 4:13:24,1.17.3,StopSig,76,4.09,nan,1,Right_Regular_(correct),Left,192,268,140,43645261,nan,nan,nan
9/29/2026 4:13:25,1.17.3,StopSig,76,4.10,1,1,Pellet,Left,192,268,141,43645261,0.33,586,nan
9/29/2026 4:14:02,1.17.3,StopSig,76,4.10,nan,1,Right_no_left,Left,192,269,141,43645261,nan,nan,nan
9/29/2026 4:14:03,1.17.3,StopSig,76,4.10,nan,1,Right_no_left,Left,192,270,141,43683601,nan,nan,nan
9/29/2026 4:14:06,1.17.3,StopSig,76,4.10,nan,1,>Left_Stop_trial,Left,193,270,141,43686849,nan,nan,nan
9/29/2026 4:14:10,1.17.3,StopSig,76,4.10,nan,1,NoPoke_STOP_(correct),Left,193,270,141,43690819,nan,nan,nan
9/29/2026 4:14:11,1.17.3,StopSig,76,4.10,1,1,Pellet,Left,193,270,142,43690819,0.66,46,nan
9/29/2026 4:19:42,1.17.3,StopSig,76,4.09,nan,1,>Left_Regular_trial,Left,194,270,142,44023337,nan,nan,nan
9/29/2026 4:19:46,1.17.3,StopSig,76,4.10,nan,1,NoPoke_Regular_(incorrect),Left,194,270,142,44026875,nan,nan,nan
9/29/2026 4:24:36,1.17.3,StopSig,76,4.10,nan,1,Right_no_left,Left,194,271,142,44026875,nan,nan,nan
9/29/2026 4:25:47,1.17.3,StopSig,76,4.10,nan,1,>Left_Regular_trial,Left,195,271,142,44387650,nan,nan,nan
9/29/2026 4:25:48,1.17.3,StopSig,76,4.09,nan,1,Right_Regular_(correct),Left,195,272,142,44389348,nan,nan,nan
9/29/2026 4:25:49,1.17.3,StopSig,76,4.10,1,1,Pellet,Left,195,272,143,44389348,0.22,698,nan
9/29/2026 4:26:08,1.17.3,StopSig,76,4.10,nan,1,>Left_Stop_trial,Left,196,272,143,44408652,nan,nan,nan
9/29/2026 4:26:11,1.17.3,StopSig,76,4.11,nan,1,NoPoke_STOP_(correct),Left,196,272,143,44411853,nan,nan,nan
9/29/2026 4:26:12,1.17.3,StopSig,76,4.10,1,1,Pellet,Left,196,272,144,44411853,0.33,23,nan
9/29/2026 4:26:28,1.17.3,StopSig,76,4.10,nan,1,>Left_Regular_trial,Left,197,272,144,44428739,nan,nan,nan
9/29/2026 4:26:32,1.17.3,StopSig,76,4.10,nan,1,NoPoke_Regular_(incorrect),Left,197,272,144,44432839,nan,nan,nan
9/29/2026 4:36:16,1.17.3,StopSig,76,4.10,nan,1,Right_no_left,Left,197,273,144,44432839,nan,nan,nan
9/29/2026 5:07:45,1.17.3,StopSig,76,4.09,nan,1,>Left_Regular_trial,Left,198,273,144,46906561,nan,nan,nan
9/29/2026 5:07:46,1.17.3,StopSig,76,4.10,nan,1,Right_Regular_(correct),Left,198,274,144,46907271,nan,nan,nan
9/29/2026 5:07:46,1.17.3,StopSig,76,4.10,nan,1,RightDuringDispense,Left,198,275,144,46907271,nan,nan,0.03
9/29/2026 5:07:49,1.17.3,StopSig,76,4.10,2,1,Pellet,Left,198,275,145,46907271,0.33,2497,nan
9/29/2026 5:08:17,1.17.3,StopSig,76,4.10,nan,1,Right_no_left,Left,198,276,145,46907271,nan,nan,nan
9/29/2026 5:08:19,1.17.3,StopSig,76,4.09,nan,1,Right_no_left,Left,198,277,145,46938443,nan,nan,nan
9/29/2026 5:08:22,1.17.3,StopSig,76,4.10,nan,1,>Left_Regular_trial,Left,199,277,145,46943114,nan,nan,nan
9/29/2026 5:08:26,1.17.3,StopSig,76,4.10,nan,1,NoPoke_Regular_(incorrect),Left,199,277,145,46946933,nan,nan,nan
9/29/2026 5:09:19,1.17.3,StopSig,76,4.09,nan,1,>Left_Regular_trial,Left,200,277,145,46999732,nan,nan,nan
9/29/2026 5:09:19,1.17.3,StopSig,76,4.10,nan,1,Right_Regular_(correct),Left,200,278,145,47000726,nan,nan,nan
9/29/2026 5:09:23,1.17.3,StopSig,76,4.10,2,1,Pellet,Left,200,278,146,47000726,0.61,94,nan
9/29/2026 5:09:43,1.17.3,StopSig,76,4.09,nan,1,Right_no_left,Left,200,279,146,47000726,nan,nan,nan
9/29/2026 5:09:44,1.17.3,StopSig,76,4.10,nan,1,Right_no_left,Left,200,280,146,47024653,nan,nan,nan
9/29/2026 5:09:45,1.17.3,StopSig,76,4.10,nan,1,Right_no_left,Left,200,281,146,47025229,nan,nan,nan
9/29/2026 5:09:45,1.17.3,StopSig,76,4.09,nan,1,Right_no_left,Left,200,282,146,47025940,nan,nan,nan
9/29/2026 5:09:46,1.17.3,StopSig,76,4.09,nan,1,Right_no_left,Left,200,283,146,47026226,nan,nan,nan
9/29/2026 5:09:46,1.17.3,StopSig,76,4.10,nan,1,Right_no_left,Left,200,284,146,47027078,nan,nan,nan
9/29/2026 5:09:50,1.17.3,StopSig,76,4.09,nan,1,>Left_Stop_trial,Left,201,284,146,47031046,nan,nan,nan
9/29/2026 5:09:54,1.17.3,StopSig,76,4.10,nan,1,NoPoke_STOP_(correct),Left,201,284,146,47034945,nan,nan,nan
9/29/2026 5:09:56,1.17.3,StopSig,76,4.09,1,1,Pellet,Left,201,284,147,47034945,1.16,33,nan
9/29/2026 5:10:49,1.17.3,StopSig,76,4.10,nan,1,Right_no_left,Left,201,285,147,47034945,nan,nan,nan
9/29/2026 5:10:50,1.17.3,StopSig,76,4.10,nan,1,Right_no_left,Left,201,286,147,47090383,nan,nan,nan
9/29/2026 5:11:42,1.17.3,StopSig,76,4.10,nan,1,>Left_Regular_trial,Left,202,286,147,47142922,nan,nan,nan
9/29/2026 5:11:46,1.17.3,StopSig,76,4.10,nan,1,NoPoke_Regular_(incorrect),Left,202,286,147,47147024,nan,nan,nan
9/29/2026 5:12:41,1.17.3,StopSig,76,4.10,nan,1,>Left_Regular_trial,Left,203,286,147,47202094,nan,nan,nan
9/29/2026 5:12:43,1.17.3,StopSig,76,4.10,nan,1,Right_Regular_(correct),Left,203,287,147,47204077,nan,nan,nan
9/29/2026 5:12:44,1.17.3,StopSig,76,4.10,1,1,Pellet,Left,203,287,148,47204077,0.50,168,nan
9/29/2026 5:14:17,1.17.3,StopSig,76,4.09,nan,1,>Left_Regular_trial,Left,204,287,148,47297837,nan,nan,nan
9/29/2026 5:14:21,1.17.3,StopSig,76,4.10,nan,1,Right_Regular_(correct),Left,204,288,148,47301805,nan,nan,nan
9/29/2026 5:14:22,1.17.3,StopSig,76,4.10,1,1,Pellet,Left,204,288,149,47301805,0.44,98,nan
9/29/2026 5:16:11,1.17.3,StopSig,76,4.09,nan,1,>Left_Stop_trial,Left,205,288,149,47411448,nan,nan,nan
9/29/2026 5:16:14,1.17.3,StopSig,76,4.09,nan,1,NoPoke_STOP_(correct),Left,205,288,149,47414944,nan,nan,nan
9/29/2026 5:16:17,1.17.3,StopSig,76,4.10,2,1,Pellet,Left,205,288,150,47414944,0.27,115,nan
9/29/2026 5:58:37,1.17.3,StopSig,76,4.10,nan,1,>Left_Regular_trial,Left,206,288,150,49958518,nan,nan,nan
9/29/2026 5:58:41,1.17.3,StopSig,76,4.09,nan,1,NoPoke_Regular_(incorrect),Left,206,288,150,49962205,nan,nan,nan
9/29/2026 5:59:29,1.17.3,StopSig,76,4.09,nan,1,Right_no_left,Left,206,289,150,49962205,nan,nan,nan
9/29/2026 5:59:30,1.17.3,StopSig,76,4.10,nan,1,Right_no_left,Left,206,290,150,50010660,nan,nan,nan
9/29/2026 5:59:36,1.17.3,StopSig,76,4.09,nan,1,Right_no_left,Left,206,291,150,50011807,nan,nan,nan
9/29/2026 5:59:39,1.17.3,StopSig,76,4.09,nan,1,>Left_Regular_trial,Left,207,291,150,50020029,nan,nan,nan
9/29/2026 5:59:43,1.17.3,StopSig,76,4.09,nan,1,NoPoke_Regular_(incorrect),Left,207,291,150,50024133,nan,nan,nan
9/29/2026 6:02:36,1.17.3,StopSig,76,4.10,nan,1,>Left_Regular_trial,Left,208,291,150,50197540,nan,nan,nan
9/29/2026 6:02:38,1.17.3,StopSig,76,4.10,nan,1,Right_Regular_(correct),Left,208,292,150,50199524,nan,nan,nan
9/29/2026 6:02:39,1.17.3,StopSig,76,4.09,1,1,Pellet,Left,208,292,151,50199524,0.50,2782,nan
9/29/2026 6:03:20,1.17.3,StopSig,76,4.09,nan,1,>Left_Regular_trial,Left,209,292,151,50241049,nan,nan,nan
9/29/2026 6:03:20,1.17.3,StopSig,76,4.10,nan,1,Right_Regular_(correct),Left,209,293,151,50241629,nan,nan,nan
9/29/2026 6:03:21,1.17.3,StopSig,76,4.09,1,1,Pellet,Left,209,293,152,50241629,0.22,42,nan
9/29/2026 6:03:38,1.17.3,StopSig,76,4.10,nan,1,>Left_Regular_trial,Left,210,293,152,50259300,nan,nan,nan
9/29/2026 6:03:41,1.17.3,StopSig,76,4.10,nan,1,Right_Regular_(correct),Left,210,294,152,50262416,nan,nan,nan
9/29/2026 6:03:42,1.17.3,StopSig,76,4.09,1,1,Pellet,Left,210,294,153,50262416,0.22,21,nan
9/29/2026 6:04:02,1.17.3,StopSig,76,4.09,nan,1,Right_no_left,Left,210,295,153,50262416,nan,nan,nan
9/29/2026 6:04:02,1.17.3,StopSig,76,4.09,nan,1,Right_no_left,Left,210,296,153,50283770,nan,nan,nan
9/29/2026 6:04:03,1.17.3,StopSig,76,4.09,nan,1,Right_no_left,Left,210,297,153,50284056,nan,nan,nan
9/29/2026 6:04:07,1.17.3,StopSig,76,4.10,nan,1,>Left_Regular_trial,Left,211,297,153,50288584,nan,nan,nan
9/29/2026 6:04:09,1.17.3,StopSig,76,4.09,nan,1,Right_Regular_(correct),Left,211,298,153,50290855,nan,nan,nan
9/29/2026 6:04:10,1.17.3,StopSig,76,4.10,1,1,Pellet,Left,211,298,154,50290855,0.27,28,nan
9/29/2026 6:04:33,1.17.3,StopSig,76,4.09,nan,1,>Left_Regular_trial,Left,212,298,154,50314728,nan,nan,nan
9/29/2026 6:04:35,1.17.3,StopSig,76,4.10,nan,1,Right_Regular_(correct),Left,212,299,154,50316287,nan,nan,nan
9/29/2026 6:04:36,1.17.3,StopSig,76,4.09,1,1,Pellet,Left,212,299,155,50316287,0.78,26,nan
9/29/2026 6:04:56,1.17.3,StopSig,76,4.09,nan,1,>Left_Regular_trial,Left,213,299,155,50337400,nan,nan,nan
9/29/2026 6:04:58,1.17.3,StopSig,76,4.10,nan,1,Right_Regular_(correct),Left,213,300,155,50338959,nan,nan,nan
9/29/2026 6:04:59,1.17.3,StopSig,76,4.09,1,1,Pellet,Left,213,300,156,50338959,0.50,23,nan
9/29/2026 6:08:44,1.17.3,StopSig,76,4.09,nan,1,>Left_Regular_trial,Left,214,300,156,50565123,nan,nan,nan
9/29/2026 6:08:48,1.17.3,StopSig,76,4.10,nan,1,NoPoke_Regular_(incorrect),Left,214,300,156,50569230,nan,nan,nan
9/29/2026 6:17:06,1.17.3,StopSig,76,4.10,nan,1,Right_no_left,Left,214,301,156,50569230,nan,nan,nan
9/29/2026 6:18:04,1.17.3,StopSig,76,4.09,nan,1,Right_no_left,Left,214,302,156,51067859,nan,nan,nan
9/29/2026 6:18:07,1.17.3,StopSig,76,4.09,nan,1,>Left_Regular_trial,Left,215,302,156,51128437,nan,nan,nan
9/29/2026 6:18:11,1.17.3,StopSig,76,4.09,nan,1,NoPoke_Regular_(incorrect),Left,215,302,156,51132260,nan,nan,nan
9/29/2026 6:21:44,1.17.3,StopSig,76,4.09,nan,1,>Left_Regular_trial,Left,216,302,156,51345339,nan,nan,nan
9/29/2026 6:21:48,1.17.3,StopSig,76,4.09,nan,1,NoPoke_Regular_(incorrect),Left,216,302,156,51349178,nan,nan,nan
9/29/2026 6:23:33,1.17.3,StopSig,76,4.09,nan,1,Right_no_left,Left,216,303,156,51349178,nan,nan,nan
9/29/2026 6:23:34,1.17.3,StopSig,76,4.10,nan,1,Right_no_left,Left,216,304,156,51454378,nan,nan,nan
9/29/2026 6:23:38,1.17.3,StopSig,76,4.09,nan,1,>Left_Regular_trial,Left,217,304,156,51459193,nan,nan,nan
9/29/2026 6:23:39,1.17.3,StopSig,76,4.09,nan,1,Right_Regular_(correct),Left,217,305,156,51460751,nan,nan,nan
9/29/2026 6:23:40,1.17.3,StopSig,76,4.09,1,1,Pellet,Left,217,305,157,51460751,0.16,1121,nan
9/29/2026 6:28:57,1.17.3,StopSig,76,4.09,nan,1,Right_no_left,Left,217,306,157,51460751,nan,nan,nan
9/29/2026 6:28:57,1.17.3,StopSig,76,4.09,nan,1,Right_no_left,Left,217,307,157,51778548,nan,nan,nan
9/29/2026 6:32:22,1.17.3,StopSig,76,4.09,nan,1,>Left_Regular_trial,Left,218,307,157,51983398,nan,nan,nan
9/29/2026 6:32:24,1.17.3,StopSig,76,4.09,nan,1,Right_Regular_(correct),Left,218,308,157,51985522,nan,nan,nan
9/29/2026 6:32:25,1.17.3,StopSig,76,4.09,1,1,Pellet,Left,218,308,158,51985522,0.72,525,nan
9/29/2026 6:32:48,1.17.3,StopSig,76,4.09,nan,1,>Left_Regular_trial,Left,219,308,158,52009755,nan,nan,nan
9/29/2026 6:32:49,1.17.3,StopSig,76,4.09,nan,1,Right_Regular_(correct),Left,219,309,158,52010760,nan,nan,nan
9/29/2026 6:32:50,1.17.3,StopSig,76,4.09,1,1,Pellet,Left,219,309,159,52010760,0.22,25,nan
9/29/2026 6:34:05,1.17.3,StopSig,76,4.09,nan,1,Right_no_left,Left,219,310,159,52010760,nan,nan,nan
9/29/2026 6:34:07,1.17.3,StopSig,76,4.09,nan,1,Right_no_left,Left,219,311,159,52086733,nan,nan,nan
9/29/2026 6:34:16,1.17.3,StopSig,76,4.09,nan,1,Right_no_left,Left,219,312,159,52088290,nan,nan,nan
9/29/2026 6:34:16,1.17.3,StopSig,76,4.09,nan,1,Right_no_left,Left,219,313,159,52097191,nan,nan,nan
9/29/2026 6:34:35,1.17.3,StopSig,76,4.09,nan,1,>Left_Regular_trial,Left,220,313,159,52116133,nan,nan,nan
9/29/2026 6:34:35,1.17.3,StopSig,76,4.09,nan,1,Right_Regular_(correct),Left,220,314,159,52116984,nan,nan,nan
9/29/2026 6:34:37,1.17.3,StopSig,76,4.09,1,1,Pellet,Left,220,314,160,52116984,0.27,107,nan
9/29/2026 6:35:03,1.17.3,StopSig,76,4.09,nan,1,>Left_Regular_trial,Left,221,314,160,52144479,nan,nan,nan
9/29/2026 6:35:07,1.17.3,StopSig,76,4.09,nan,1,NoPoke_Regular_(incorrect),Left,221,314,160,52148299,nan,nan,nan
9/29/2026 6:51:32,1.17.3,StopSig,76,4.09,nan,1,Right_no_left,Left,221,315,160,52148299,nan,nan,nan
9/29/2026 7:45:45,1.17.3,StopSig,76,4.09,nan,1,Right_no_left,Left,221,316,160,53133935,nan,nan,nan
9/29/2026 7:45:53,1.17.3,StopSig,76,4.09,nan,1,Right_no_left,Left,221,317,160,56387321,nan,nan,nan
9/29/2026 7:48:39,1.17.3,StopSig,76,4.09,nan,1,>Left_Regular_trial,Left,222,317,160,56560447,nan,nan,nan
9/29/2026 7:48:40,1.17.3,StopSig,76,4.09,nan,1,Right_Regular_(correct),Left,222,318,160,56561440,nan,nan,nan
9/29/2026 7:48:43,1.17.3,StopSig,76,4.09,2,1,Pellet,Left,222,318,161,56561440,0.16,4446,nan
9/29/2026 7:49:00,1.17.3,StopSig,76,4.09,nan,1,>Left_Regular_trial,Left,223,318,161,56581486,nan,nan,nan
9/29/2026 7:49:01,1.17.3,StopSig,76,4.09,nan,1,Right_Regular_(correct),Left,223,319,161,56582909,nan,nan,nan
9/29/2026 7:49:02,1.17.3,StopSig,76,4.09,1,1,Pellet,Left,223,319,162,56582909,0.22,19,nan
9/29/2026 7:49:21,1.17.3,StopSig,76,4.09,nan,1,Right_no_left,Left,223,320,162,56582909,nan,nan,nan
9/29/2026 7:49:22,1.17.3,StopSig,76,4.09,nan,1,Right_no_left,Left,223,321,162,56603065,nan,nan,nan
9/29/2026 7:49:22,1.17.3,StopSig,76,4.10,nan,1,Right_no_left,Left,223,322,162,56603493,nan,nan,nan
9/29/2026 7:49:25,1.17.3,StopSig,76,4.09,nan,1,>Left_Stop_trial,Left,224,322,162,56606332,nan,nan,nan
9/29/2026 7:49:29,1.17.3,StopSig,76,4.09,nan,1,NoPoke_STOP_(correct),Left,224,322,162,56610534,nan,nan,nan
9/29/2026 7:49:32,1.17.3,StopSig,76,4.09,2,1,Pellet,Left,224,322,163,56610534,0.33,30,nan
9/29/2026 7:51:05,1.17.3,StopSig,76,4.09,nan,1,>Left_Regular_trial,Left,225,322,163,56706684,nan,nan,nan
9/29/2026 7:51:06,1.17.3,StopSig,76,4.09,nan,1,Right_Regular_(correct),Left,225,323,163,56707395,nan,nan,nan
9/29/2026 7:51:07,1.17.3,StopSig,76,4.09,1,1,Pellet,Left,225,323,164,56707395,0.44,95,nan
9/29/2026 7:51:28,1.17.3,StopSig,76,4.09,nan,1,>Left_Regular_trial,Left,226,323,164,56729790,nan,nan,nan
9/29/2026 7:51:32,1.17.3,StopSig,76,4.09,nan,1,NoPoke_Regular_(incorrect),Left,226,323,164,56733470,nan,nan,nan
9/29/2026 9:07:54,1.17.3,StopSig,76,4.09,nan,1,Right_no_left,Left,226,324,164,56733470,nan,nan,nan
9/29/2026 9:07:56,1.17.3,StopSig,76,4.09,nan,1,Right_no_left,Left,226,325,164,61316324,nan,nan,nan
9/29/2026 9:07:58,1.17.3,StopSig,76,4.09,nan,1,>Left_Regular_trial,Left,227,325,164,61319589,nan,nan,nan
9/29/2026 9:07:59,1.17.3,StopSig,76,4.09,nan,1,Right_Regular_(correct),Left,227,326,164,61320865,nan,nan,nan
9/29/2026 9:08:00,1.17.3,StopSig,76,4.09,1,1,Pellet,Left,227,326,165,61320865,0.39,4613,nan
9/29/2026 9:08:19,1.17.3,StopSig,76,4.09,nan,1,>Left_Stop_trial,Left,228,326,165,61340801,nan,nan,nan
9/29/2026 9:08:23,1.17.3,StopSig,76,4.09,nan,1,NoPoke_STOP_(correct),Left,228,326,165,61344734,nan,nan,nan
9/29/2026 9:08:24,1.17.3,StopSig,76,4.09,1,1,Pellet,Left,228,326,166,61344734,0.39,24,nan
9/29/2026 9:09:09,1.17.3,StopSig,76,4.09,nan,1,>Left_Regular_trial,Left,229,326,166,61391100,nan,nan,nan
9/29/2026 9:09:11,1.17.3,StopSig,76,4.09,nan,1,Right_Regular_(correct),Left,229,327,166,61392530,nan,nan,nan
9/29/2026 9:09:12,1.17.3,StopSig,76,4.09,1,1,Pellet,Left,229,327,167,61392530,0.22,47,nan
9/29/2026 9:09:44,1.17.3,StopSig,76,4.09,nan,1,>Left_Regular_trial,Left,230,327,167,61425482,nan,nan,nan
9/29/2026 9:09:45,1.17.3,StopSig,76,4.09,nan,1,Right_Regular_(correct),Left,230,328,167,61426493,nan,nan,nan
9/29/2026 9:09:45,1.17.3,StopSig,76,4.09,1,1,Pellet,Left,230,328,168,61426493,0.27,34,nan
9/29/2026 9:10:04,1.17.3,StopSig,76,4.09,nan,1,>Left_Regular_trial,Left,231,328,168,61445434,nan,nan,nan
9/29/2026 9:10:07,1.17.3,StopSig,76,4.09,nan,1,Right_Regular_(correct),Left,231,329,168,61448549,nan,nan,nan
9/29/2026 9:10:08,1.17.3,StopSig,76,4.09,1,1,Pellet,Left,231,329,169,61448549,0.27,23,nan
9/29/2026 9:10:23,1.17.3,StopSig,76,4.09,nan,1,>Left_Stop_trial,Left,232,329,169,61464136,nan,nan,nan
9/29/2026 9:10:26,1.17.3,StopSig,76,4.09,nan,1,NoPoke_STOP_(correct),Left,232,329,169,61467680,nan,nan,nan
9/29/2026 9:10:27,1.17.3,StopSig,76,4.09,1,1,Pellet,Left,232,329,170,61467680,0.83,19,nan
9/29/2026 9:10:58,1.17.3,StopSig,76,4.09,nan,1,>Left_Stop_trial,Left,233,329,170,61499202,nan,nan,nan
9/29/2026 9:11:01,1.17.3,StopSig,76,4.09,nan,1,NoPoke_STOP_(correct),Left,233,329,170,61502773,nan,nan,nan
9/29/2026 9:11:02,1.17.3,StopSig,76,4.09,1,1,Pellet,Left,233,329,171,61502773,0.50,35,nan
9/29/2026 9:11:20,1.17.3,StopSig,76,4.09,nan,1,Right_no_left,Left,233,330,171,61502773,nan,nan,nan
9/29/2026 9:11:21,1.17.3,StopSig,76,4.09,nan,1,Right_no_left,Left,233,331,171,61522277,nan,nan,nan
9/29/2026 9:11:26,1.17.3,StopSig,76,4.09,nan,1,Right_no_left,Left,233,332,171,61523269,nan,nan,nan
9/29/2026 9:11:27,1.17.3,StopSig,76,4.09,nan,1,Right_no_left,Left,233,333,171,61528491,nan,nan,nan
9/29/2026 9:11:28,1.17.3,StopSig,76,4.09,nan,1,Right_no_left,Left,233,334,171,61529347,nan,nan,nan
9/29/2026 9:11:28,1.17.3,StopSig,76,4.09,nan,1,Right_no_left,Left,233,335,171,61530056,nan,nan,nan
9/29/2026 9:15:57,1.17.3,StopSig,76,4.09,nan,1,>Left_Regular_trial,Left,234,335,171,61798582,nan,nan,nan
9/29/2026 9:15:59,1.17.3,StopSig,76,4.09,nan,1,Right_Regular_(correct),Left,234,336,171,61801410,nan,nan,nan
9/29/2026 9:16:03,1.17.3,StopSig,76,4.09,2,1,Pellet,Left,234,336,172,61801410,0.39,301,nan
9/29/2026 9:16:23,1.17.3,StopSig,76,4.09,nan,1,>Left_Stop_trial,Left,235,336,172,61824569,nan,nan,nan
9/29/2026 9:16:27,1.17.3,StopSig,76,4.09,nan,1,NoPoke_STOP_(correct),Left,235,336,172,61828682,nan,nan,nan
9/29/2026 9:16:28,1.17.3,StopSig,76,4.09,1,1,Pellet,Left,235,336,173,61828682,0.33,25,nan
9/29/2026 9:16:53,1.17.3,StopSig,76,4.09,nan,1,>Left_Regular_trial,Left,236,336,173,61854596,nan,nan,nan
9/29/2026 9:16:57,1.17.3,StopSig,76,4.09,nan,1,NoPoke_Regular_(incorrect),Left,236,336,173,61858702,nan,nan,nan
9/29/2026 10:54:57,1.17.3,StopSig,76,4.09,nan,1,Right_no_left,Left,236,337,173,61858702,nan,nan,nan
9/29/2026 10:54:58,1.17.3,StopSig,76,4.09,nan,1,Right_no_left,Left,236,338,173,67739301,nan,nan,nan
9/29/2026 10:55:00,1.17.3,StopSig,76,4.09,nan,1,>Left_Regular_trial,Left,237,338,173,67742415,nan,nan,nan
9/29/2026 10:55:04,1.17.3,StopSig,76,4.09,nan,1,NoPoke_Regular_(incorrect),Left,237,338,173,67746094,nan,nan,nan
9/29/2026 10:55:40,1.17.3,StopSig,76,4.09,nan,1,>Left_Stop_trial,Left,238,338,173,67781353,nan,nan,nan
9/29/2026 10:55:43,1.17.3,StopSig,76,4.09,nan,1,NoPoke_STOP_(correct),Left,238,338,173,67785042,nan,nan,nan
9/29/2026 10:55:44,1.17.3,StopSig,76,4.09,1,1,Pellet,Left,238,338,174,67785042,0.33,5956,nan
9/29/2026 10:56:13,1.17.3,StopSig,76,4.09,nan,1,>Left_Regular_trial,Left,239,338,174,67815386,nan,nan,nan
9/29/2026 10:56:16,1.17.3,StopSig,76,4.09,nan,1,Right_Regular_(correct),Left,239,339,174,67818218,nan,nan,nan
9/29/2026 10:56:17,1.17.3,StopSig,76,4.09,1,1,Pellet,Left,239,339,175,67818218,0.78,33,nan
9/29/2026 10:56:55,1.17.3,StopSig,76,4.09,nan,1,>Left_Stop_trial,Left,240,339,175,67856534,nan,nan,nan
9/29/2026 10:56:58,1.17.3,StopSig,76,4.09,nan,1,NoPoke_STOP_(correct),Left,240,339,175,67860082,nan,nan,nan
9/29/2026 10:56:59,1.17.3,StopSig,76,4.09,1,1,Pellet,Left,240,339,176,67860082,0.55,42,nan
9/29/2026 10:57:29,1.17.3,StopSig,76,4.09,nan,1,Right_no_left,Left,240,340,176,67860082,nan,nan,nan
9/29/2026 10:57:29,1.17.3,StopSig,76,4.09,nan,1,Right_no_left,Left,240,341,176,67891237,nan,nan,nan
9/29/2026 10:57:30,1.17.3,StopSig,76,4.09,nan,1,Right_no_left,Left,240,342,176,67891670,nan,nan,nan
9/29/2026 10:57:30,1.17.3,StopSig,76,4.09,nan,1,Right_no_left,Left,240,343,176,67892097,nan,nan,nan
9/29/2026 11:44:15,1.17.3,StopSig,76,4.09,nan,1,Right_no_left,Left,240,344,176,67892948,nan,nan,nan
9/29/2026 11:44:16,1.17.3,StopSig,76,4.09,nan,1,>Left_Regular_trial,Left,241,344,176,70698279,nan,nan,nan
9/29/2026 11:44:17,1.17.3,StopSig,76,4.09,nan,1,Right_Regular_(correct),Left,241,345,176,70699692,nan,nan,nan
9/29/2026 11:44:18,1.17.3,StopSig,76,4.09,1,1,Pellet,Left,241,345,177,70699692,0.22,2839,nan
9/29/2026 11:44:36,1.17.3,StopSig,76,4.09,nan,1,>Left_Regular_trial,Left,242,345,177,70717965,nan,nan,nan
9/29/2026 11:44:37,1.17.3,StopSig,76,4.09,nan,1,Right_Regular_(correct),Left,242,346,177,70719096,nan,nan,nan
9/29/2026 11:44:38,1.17.3,StopSig,76,4.09,1,1,Pellet,Left,242,346,178,70719096,0.27,20,nan
9/29/2026 11:44:56,1.17.3,StopSig,76,4.09,nan,1,>Left_Regular_trial,Left,243,346,178,70738784,nan,nan,nan
9/29/2026 11:44:58,1.17.3,StopSig,76,4.09,nan,1,Right_Regular_(correct),Left,243,347,178,70740346,nan,nan,nan
9/29/2026 11:44:59,1.17.3,StopSig,76,4.09,1,1,Pellet,Left,243,347,179,70740346,0.16,21,nan
9/29/2026 11:45:19,1.17.3,StopSig,76,4.09,nan,1,>Left_Stop_trial,Left,244,347,179,70761309,nan,nan,nan
9/29/2026 11:45:20,1.17.3,StopSig,76,4.09,nan,1,Right_STOP_(incorrect),Left,244,348,179,70762506,nan,nan,nan
9/29/2026 11:56:53,1.17.3,StopSig,76,4.09,nan,1,>Left_Regular_trial,Left,245,348,179,71455184,nan,nan,nan
9/29/2026 11:56:56,1.17.3,StopSig,76,4.09,nan,1,Right_Regular_(correct),Left,245,349,179,71458019,nan,nan,nan
9/29/2026 11:56:57,1.17.3,StopSig,76,4.09,1,1,Pellet,Left,245,349,180,71458019,0.61,718,nan
9/29/2026 11:57:24,1.17.3,StopSig,76,4.09,nan,1,Right_no_left,Left,245,350,180,71458019,nan,nan,nan
9/29/2026 11:58:58,1.17.3,StopSig,76,4.09,nan,1,>Left_Stop_trial,Left,246,350,180,71580149,nan,nan,nan
9/29/2026 11:59:02,1.17.3,StopSig,76,4.09,nan,1,NoPoke_STOP_(correct),Left,246,350,180,71584192,nan,nan,nan
9/29/2026 11:59:03,1.17.3,StopSig,76,4.09,1,1,Pellet,Left,246,350,181,71584192,0.50,126,nan
9/29/2026 11:59:27,1.17.3,StopSig,76,4.09,nan,1,>Left_Regular_trial,Left,247,350,181,71609440,nan,nan,nan
9/29/2026 11:59:31,1.17.3,StopSig,76,4.09,nan,1,NoPoke_Regular_(incorrect),Left,247,350,181,71613255,nan,nan,nan
9/29/2026 12:01:02,1.17.3,StopSig,76,4.09,nan,1,>Left_Regular_trial,Left,248,350,181,71704458,nan,nan,nan
9/29/2026 12:01:03,1.17.3,StopSig,76,4.08,nan,1,Right_Regular_(correct),Left,248,351,181,71705168,nan,nan,nan
9/29/2026 12:01:06,1.17.3,StopSig,76,4.08,2,1,Pellet,Left,248,351,182,71705168,0.22,123,nan
9/29/2026 12:01:32,1.17.3,StopSig,76,4.09,nan,1,>Left_Regular_trial,Left,249,351,182,71734114,nan,nan,nan
9/29/2026 12:01:32,1.17.3,StopSig,76,4.09,nan,1,Right_Regular_(correct),Left,249,352,182,71734964,nan,nan,nan
9/29/2026 12:01:33,1.17.3,StopSig,76,4.09,1,1,Pellet,Left,249,352,183,71734964,0.27,27,nan
9/29/2026 12:45:15,1.17.3,StopSig,76,4.08,nan,1,Right_no_left,Left,249,353,183,71734964,nan,nan,nan
9/29/2026 13:11:40,1.17.3,StopSig,76,4.09,nan,1,Right_no_left,Left,249,354,183,74357807,nan,nan,nan
9/29/2026 13:11:41,1.17.3,StopSig,76,4.08,nan,1,Right_no_left,Left,249,355,183,75943151,nan,nan,nan
9/29/2026 13:11:42,1.17.3,StopSig,76,4.09,nan,1,Right_no_left,Left,249,356,183,75943719,nan,nan,nan
9/29/2026 13:11:44,1.17.3,StopSig,76,4.08,nan,1,>Left_Stop_trial,Left,250,356,183,75945700,nan,nan,nan
9/29/2026 13:11:44,1.17.3,StopSig,76,4.08,nan,1,Right_STOP_(incorrect),Left,250,357,183,75946804,nan,nan,nan
9/29/2026 13:12:15,1.17.3,StopSig,76,4.09,nan,1,>Left_Regular_trial,Left,251,357,183,75977122,nan,nan,nan
9/29/2026 13:12:18,1.17.3,StopSig,76,4.09,nan,1,NoPoke_Regular_(incorrect),Left,251,357,183,75980514,nan,nan,nan
9/29/2026 13:28:49,1.17.3,StopSig,76,4.08,nan,1,Right_no_left,Left,251,358,183,75980514,nan,nan,nan
9/29/2026 13:28:49,1.17.3,StopSig,76,4.09,nan,1,Right_no_left,Left,251,359,183,76971549,nan,nan,nan
9/29/2026 13:28:52,1.17.3,StopSig,76,4.08,nan,1,>Left_Regular_trial,Left,252,359,183,76974240,nan,nan,nan
9/29/2026 13:28:53,1.17.3,StopSig,76,4.09,nan,1,Right_Regular_(correct),Left,252,360,183,76976242,nan,nan,nan
9/29/2026 13:28:56,1.17.3,StopSig,76,4.09,2,1,Pellet,Left,252,360,184,76976242,0.05,5243,nan
9/29/2026 13:29:12,1.17.3,StopSig,76,4.09,nan,1,>Left_Stop_trial,Left,253,360,184,76994038,nan,nan,nan
9/29/2026 13:29:12,1.17.3,StopSig,76,4.09,nan,1,Right_STOP_(incorrect),Left,253,361,184,76995171,nan,nan,nan
9/29/2026 13:29:43,1.17.3,StopSig,76,4.09,nan,1,>Left_Stop_trial,Left,254,361,184,77025487,nan,nan,nan
9/29/2026 13:29:47,1.17.3,StopSig,76,4.09,nan,1,NoPoke_STOP_(correct),Left,254,361,184,77029487,nan,nan,nan
9/29/2026 13:29:48,1.17.3,StopSig,76,4.08,1,1,Pellet,Left,254,361,185,77029487,1.05,52,nan
9/29/2026 13:39:29,1.17.3,StopSig,76,4.08,nan,1,Right_no_left,Left,254,362,185,77029487,nan,nan,nan
9/29/2026 13:39:30,1.17.3,StopSig,76,4.08,nan,1,Right_no_left,Left,254,363,185,77612066,nan,nan,nan
9/29/2026 13:39:30,1.17.3,StopSig,76,4.08,nan,1,Right_no_left,Left,254,364,185,77612635,nan,nan,nan
9/29/2026 13:39:32,1.17.3,StopSig,76,4.08,nan,1,>Left_Regular_trial,Left,255,364,185,77614484,nan,nan,nan
9/29/2026 13:39:35,1.17.3,StopSig,76,4.09,nan,1,Right_Regular_(correct),Left,255,365,185,77617600,nan,nan,nan
9/29/2026 13:39:36,1.17.3,StopSig,76,4.08,1,1,Pellet,Left,255,365,186,77617600,0.16,588,nan
9/29/2026 13:40:26,1.17.3,StopSig,76,4.08,nan,1,Right_no_left,Left,255,366,186,77617600,nan,nan,nan
9/29/2026 13:40:27,1.17.3,StopSig,76,4.08,nan,1,Right_no_left,Left,255,367,186,77669395,nan,nan,nan
9/29/2026 13:40:27,1.17.3,StopSig,76,4.09,nan,1,Right_no_left,Left,255,368,186,77669971,nan,nan,nan
9/29/2026 13:40:30,1.17.3,StopSig,76,4.08,nan,1,>Left_Regular_trial,Left,256,368,186,77672805,nan,nan,nan
9/29/2026 13:40:32,1.17.3,StopSig,76,4.09,nan,1,Right_Regular_(correct),Left,256,369,186,77674365,nan,nan,nan
9/29/2026 13:40:32,1.17.3,StopSig,76,4.08,1,1,Pellet,Left,256,369,187,77674365,0.16,56,nan
9/29/2026 13:41:02,1.17.3,StopSig,76,4.08,nan,1,>Left_Stop_trial,Left,257,369,187,77703859,nan,nan,nan
9/29/2026 13:41:05,1.17.3,StopSig,76,4.09,nan,1,NoPoke_STOP_(correct),Left,257,369,187,77707467,nan,nan,nan
9/29/2026 13:41:08,1.17.3,StopSig,76,4.08,2,1,Pellet,Left,257,369,188,77707467,0.16,36,nan
9/29/2026 13:42:35,1.17.3,StopSig,76,4.09,nan,1,Right_no_left,Left,257,370,188,77707467,nan,nan,nan
9/29/2026 13:42:36,1.17.3,StopSig,76,4.09,nan,1,Right_no_left,Left,257,371,188,77797687,nan,nan,nan
9/29/2026 13:42:36,1.17.3,StopSig,76,4.08,nan,1,Right_no_left,Left,257,372,188,77798539,nan,nan,nan
9/29/2026 13:42:39,1.17.3,StopSig,76,4.09,nan,1,>Left_Regular_trial,Left,258,372,188,77801800,nan,nan,nan
9/29/2026 13:42:43,1.17.3,StopSig,76,4.09,nan,1,NoPoke_Regular_(incorrect),Left,258,372,188,77805482,nan,nan,nan
9/29/2026 13:43:34,1.17.3,StopSig,76,4.08,nan,1,>Left_Stop_trial,Left,259,372,188,77855883,nan,nan,nan
9/29/2026 13:43:37,1.17.3,StopSig,76,4.09,nan,1,NoPoke_STOP_(correct),Left,259,372,188,77859572,nan,nan,nan
9/29/2026 13:43:38,1.17.3,StopSig,76,4.08,1,1,Pellet,Left,259,372,189,77859572,0.55,150,nan
9/29/2026 13:44:03,1.17.3,StopSig,76,4.09,nan,1,>Left_Regular_trial,Left,260,372,189,77885889,nan,nan,nan
9/29/2026 13:44:05,1.17.3,StopSig,76,4.08,nan,1,Right_Regular_(correct),Left,260,373,189,77887589,nan,nan,nan
9/29/2026 13:44:06,1.17.3,StopSig,76,4.08,1,1,Pellet,Left,260,373,190,77887589,0.27,28,nan
9/29/2026 13:44:23,1.17.3,StopSig,76,4.08,nan,1,>Left_Stop_trial,Left,261,373,190,77905159,nan,nan,nan
9/29/2026 13:44:23,1.17.3,StopSig,76,4.08,nan,1,Right_STOP_(incorrect),Left,261,374,190,77906081,nan,nan,nan
9/29/2026 13:45:13,1.17.3,StopSig,76,4.09,nan,1,>Left_Regular_trial,Left,262,374,190,77955595,nan,nan,nan
9/29/2026 13:45:14,1.17.3,StopSig,76,4.09,nan,1,Right_Regular_(correct),Left,262,375,190,77957012,nan,nan,nan
9/29/2026 13:45:18,1.17.3,StopSig,76,4.09,2,1,Pellet,Left,262,375,191,77957012,0.55,71,nan
9/29/2026 13:45:33,1.17.3,StopSig,76,4.09,nan,1,>Left_Regular_trial,Left,263,375,191,77976144,nan,nan,nan
9/29/2026 13:45:34,1.17.3,StopSig,76,4.09,nan,1,Right_Regular_(correct),Left,263,376,191,77977001,nan,nan,nan
9/29/2026 13:45:35,1.17.3,StopSig,76,4.09,2,1,Pellet,Left,263,376,192,77977001,0.11,18,nan
9/29/2026 13:46:05,1.17.3,StopSig,76,4.09,nan,1,>Left_Regular_trial,Left,264,376,192,78007642,nan,nan,nan
9/29/2026 13:46:06,1.17.3,StopSig,76,4.08,nan,1,Right_Regular_(correct),Left,264,377,192,78008645,nan,nan,nan
9/29/2026 13:46:07,1.17.3,StopSig,76,4.08,1,1,Pellet,Left,264,377,193,78008645,0.16,32,nan
9/29/2026 13:46:24,1.17.3,StopSig,76,4.08,nan,1,>Left_Stop_trial,Left,265,377,193,78025909,nan,nan,nan
9/29/2026 13:46:24,1.17.3,StopSig,76,4.08,nan,1,Right_STOP_(incorrect),Left,265,378,193,78026989,nan,nan,nan
9/29/2026 13:54:47,1.17.3,StopSig,76,4.09,nan,1,>Left_Regular_trial,Left,266,378,193,78529992,nan,nan,nan
9/29/2026 13:54:48,1.17.3,StopSig,76,4.08,nan,1,Right_Regular_(correct),Left,266,379,193,78531269,nan,nan,nan
9/29/2026 13:54:49,1.17.3,StopSig,76,4.08,1,1,Pellet,Left,266,379,194,78531269,0.22,522,nan
9/29/2026 13:55:07,1.17.3,StopSig,76,4.08,nan,1,Right_no_left,Left,266,380,194,78531269,nan,nan,nan
9/29/2026 13:55:09,1.17.3,StopSig,76,4.08,nan,1,>Left_Stop_trial,Left,267,380,194,78550931,nan,nan,nan
9/29/2026 13:55:12,1.17.3,StopSig,76,4.09,nan,1,NoPoke_STOP_(correct),Left,267,380,194,78554536,nan,nan,nan
9/29/2026 13:55:13,1.17.3,StopSig,76,4.08,1,1,Pellet,Left,267,380,195,78554536,0.66,24,nan
9/29/2026 13:55:35,1.17.3,StopSig,76,4.08,nan,1,>Left_Regular_trial,Left,268,380,195,78577984,nan,nan,nan
9/29/2026 13:55:36,1.17.3,StopSig,76,4.08,nan,1,Right_Regular_(correct),Left,268,381,195,78578984,nan,nan,nan
9/29/2026 13:55:37,1.17.3,StopSig,76,4.08,1,1,Pellet,Left,268,381,196,78578984,0.22,24,nan
9/29/2026 13:55:54,1.17.3,StopSig,76,4.08,nan,1,>Left_Regular_trial,Left,269,381,196,78596600,nan,nan,nan
9/29/2026 13:55:58,1.17.3,StopSig,76,4.08,nan,1,NoPoke_Regular_(incorrect),Left,269,381,196,78600564,nan,nan,nan
9/29/2026 14:08:53,1.17.3,StopSig,76,4.08,nan,1,>Left_Stop_trial,Left,270,381,196,79375874,nan,nan,nan
9/29/2026 14:08:57,1.17.3,StopSig,76,4.09,nan,1,NoPoke_STOP_(correct),Left,270,381,196,79379616,nan,nan,nan
9/29/2026 14:08:58,1.17.3,StopSig,76,4.08,1,1,Pellet,Left,270,381,197,79379616,0.39,801,nan
9/29/2026 14:09:58,1.17.3,StopSig,76,4.08,nan,1,>Left_Regular_trial,Left,271,381,197,79441178,nan,nan,nan
9/29/2026 14:10:02,1.17.3,StopSig,76,4.08,nan,1,NoPoke_Regular_(incorrect),Left,271,381,197,79444566,nan,nan,nan
9/29/2026 14:10:41,1.17.3,StopSig,76,4.09,nan,1,Right_no_left,Left,271,382,197,79444566,nan,nan,nan
9/29/2026 14:10:42,1.17.3,StopSig,76,4.08,nan,1,Right_no_left,Left,271,383,197,79483627,nan,nan,nan
9/29/2026 14:15:07,1.17.3,StopSig,76,4.09,nan,1,>Left_Regular_trial,Left,272,383,197,79749678,nan,nan,nan
9/29/2026 14:15:11,1.17.3,StopSig,76,4.08,nan,1,NoPoke_Regular_(incorrect),Left,272,383,197,79753635,nan,nan,nan
9/29/2026 14:20:02,1.17.3,StopSig,76,4.08,nan,1,>Left_Regular_trial,Left,273,383,197,80045219,nan,nan,nan
9/29/2026 14:20:06,1.17.3,StopSig,76,4.08,nan,1,NoPoke_Regular_(incorrect),Left,273,383,197,80048614,nan,nan,nan
9/29/2026 14:21:03,1.17.3,StopSig,76,4.09,nan,1,>Left_Regular_trial,Left,274,383,197,80105358,nan,nan,nan
9/29/2026 14:21:04,1.17.3,StopSig,76,4.08,nan,1,Right_Regular_(correct),Left,274,384,197,80106491,nan,nan,nan
9/29/2026 14:21:05,1.17.3,StopSig,76,4.08,1,1,Pellet,Left,274,384,198,80106491,0.44,727,nan
9/29/2026 14:26:15,1.17.3,StopSig,76,4.08,nan,1,>Left_Regular_trial,Left,275,384,198,80417392,nan,nan,nan
9/29/2026 14:26:17,1.17.3,StopSig,76,4.08,nan,1,Right_Regular_(correct),Left,275,385,198,80420372,nan,nan,nan
9/29/2026 14:26:19,1.17.3,StopSig,76,4.08,1,1,Pellet,Left,275,385,199,80420372,0.44,314,nan
9/29/2026 15:23:11,1.17.3,StopSig,76,4.08,nan,1,>Left_Stop_trial,Left,276,385,199,83833921,nan,nan,nan
9/29/2026 15:23:15,1.17.3,StopSig,76,4.08,nan,1,NoPoke_STOP_(correct),Left,276,385,199,83837888,nan,nan,nan
9/29/2026 15:23:19,1.17.3,StopSig,76,4.08,2,1,Pellet,Left,276,385,200,83837888,1.95,3420,nan
9/29/2026 15:24:19,1.17.3,StopSig,76,4.08,nan,1,>Left_Regular_trial,Left,277,385,200,83902312,nan,nan,nan
9/29/2026 15:24:20,1.17.3,StopSig,76,4.09,nan,1,Right_Regular_(correct),Left,277,386,200,83903022,nan,nan,nan
9/29/2026 15:24:23,1.17.3,StopSig,76,4.08,2,1,Pellet,Left,277,386,201,83903022,0.44,64,nan
9/29/2026 15:24:41,1.17.3,StopSig,76,4.09,nan,1,>Left_Regular_trial,Left,278,386,201,83923753,nan,nan,nan
9/29/2026 15:24:43,1.17.3,StopSig,76,4.09,nan,1,Right_Regular_(correct),Left,278,387,201,83925737,nan,nan,nan
9/29/2026 15:24:44,1.17.3,StopSig,76,4.08,2,1,Pellet,Left,278,387,202,83925737,0.22,21,nan
9/29/2026 15:25:04,1.17.3,StopSig,76,4.08,nan,1,>Left_Regular_trial,Left,279,387,202,83946873,nan,nan,nan
9/29/2026 15:25:05,1.17.3,StopSig,76,4.09,nan,1,Right_Regular_(correct),Left,279,388,202,83948149,nan,nan,nan
9/29/2026 15:25:11,1.17.3,StopSig,76,4.08,4,1,Pellet,Left,279,388,203,83948149,0.27,27,nan
9/29/2026 15:25:34,1.17.3,StopSig,76,4.07,nan,1,>Left_Regular_trial,Left,280,388,203,83976642,nan,nan,nan
9/29/2026 15:25:38,1.17.3,StopSig,76,4.08,nan,1,NoPoke_Regular_(incorrect),Left,280,388,203,83980903,nan,nan,nan
9/29/2026 15:26:12,1.17.3,StopSig,76,4.08,nan,1,>Left_Regular_trial,Left,281,388,203,84014899,nan,nan,nan
9/29/2026 15:26:13,1.17.3,StopSig,76,4.08,nan,1,Right_Regular_(correct),Left,281,389,203,84016460,nan,nan,nan
9/29/2026 15:26:15,1.17.3,StopSig,76,4.08,2,1,Pellet,Left,281,389,204,84016460,0.61,64,nan
9/29/2026 15:26:37,1.17.3,StopSig,76,4.08,nan,1,Right_no_left,Left,281,390,204,84016460,nan,nan,nan
9/29/2026 15:26:45,1.17.3,StopSig,76,4.08,nan,1,>Left_Regular_trial,Left,282,390,204,84047731,nan,nan,nan
9/29/2026 15:26:49,1.17.3,StopSig,76,4.08,nan,1,NoPoke_Regular_(incorrect),Left,282,390,204,84051852,nan,nan,nan
9/29/2026 15:28:30,1.17.3,StopSig,76,4.08,nan,1,>Left_Regular_trial,Left,283,390,204,84152672,nan,nan,nan
9/29/2026 15:28:31,1.17.3,StopSig,76,4.08,nan,1,Right_Regular_(correct),Left,283,391,204,84153950,nan,nan,nan
9/29/2026 15:28:34,1.17.3,StopSig,76,4.08,2,1,Pellet,Left,283,391,205,84153950,0.50,139,nan
9/29/2026 15:30:24,1.17.3,StopSig,76,4.08,nan,1,>Left_Regular_trial,Left,284,391,205,84267204,nan,nan,nan
9/29/2026 15:30:28,1.17.3,StopSig,76,4.08,nan,1,NoPoke_Regular_(incorrect),Left,284,391,205,84270886,nan,nan,nan
9/29/2026 15:32:58,1.17.3,StopSig,76,4.08,nan,1,>Left_Regular_trial,Left,285,391,205,84420836,nan,nan,nan
9/29/2026 15:32:59,1.17.3,StopSig,76,4.08,nan,1,Right_Regular_(correct),Left,285,392,205,84421688,nan,nan,nan
9/29/2026 15:33:00,1.17.3,StopSig,76,4.08,1,1,Pellet,Left,285,392,206,84421688,0.33,266,nan
9/29/2026 15:33:35,1.17.3,StopSig,76,4.08,nan,1,>Left_Regular_trial,Left,286,392,206,84457589,nan,nan,nan
9/29/2026 15:33:36,1.17.3,StopSig,76,4.08,nan,1,Right_Regular_(correct),Left,286,393,206,84458726,nan,nan,nan
9/29/2026 15:33:37,1.17.3,StopSig,76,4.08,1,1,Pellet,Left,286,393,207,84458726,0.22,37,nan
9/29/2026 15:36:07,1.17.3,StopSig,76,4.08,nan,1,>Left_Regular_trial,Left,287,393,207,84609970,nan,nan,nan
9/29/2026 15:36:08,1.17.3,StopSig,76,4.08,nan,1,Right_Regular_(correct),Left,287,394,207,84611246,nan,nan,nan
9/29/2026 15:36:11,1.17.3,StopSig,76,4.07,2,1,Pellet,Left,287,394,208,84611246,0.27,154,nan
9/29/2026 15:59:53,1.17.3,StopSig,76,4.08,nan,1,>Left_Regular_trial,Left,288,394,208,86035997,nan,nan,nan
9/29/2026 15:59:57,1.17.3,StopSig,76,4.08,nan,1,NoPoke_Regular_(incorrect),Left,288,394,208,86039968,nan,nan,nan
9/29/2026 16:00:45,1.17.3,StopSig,76,4.08,nan,1,Right_no_left,Left,288,395,208,86039968,nan,nan,nan
9/29/2026 16:00:51,1.17.3,StopSig,76,4.07,nan,1,>Left_Regular_trial,Left,289,395,208,86094233,nan,nan,nan
9/29/2026 16:00:53,1.17.3,StopSig,76,4.08,nan,1,Right_Regular_(correct),Left,289,396,208,86095801,nan,nan,nan
9/29/2026 16:00:54,1.17.3,StopSig,76,4.07,1,1,Pellet,Left,289,396,209,86095801,0.27,1483,nan
9/29/2026 16:02:57,1.17.3,StopSig,76,4.08,nan,1,>Left_Regular_trial,Left,290,396,209,86220318,nan,nan,nan
9/29/2026 16:03:01,1.17.3,StopSig,76,4.08,nan,1,NoPoke_Regular_(incorrect),Left,290,396,209,86224004,nan,nan,nan
9/29/2026 16:04:18,1.17.3,StopSig,76,4.08,nan,1,>Left_Regular_trial,Left,291,396,209,86301064,nan,nan,nan
9/29/2026 16:04:22,1.17.3,StopSig,76,4.08,nan,1,NoPoke_Regular_(incorrect),Left,291,396,209,86305029,nan,nan,nan
9/29/2026 16:05:15,1.17.3,StopSig,76,4.08,nan,1,>Left_Regular_trial,Left,292,396,209,86358268,nan,nan,nan
9/29/2026 16:05:16,1.17.3,StopSig,76,4.08,nan,1,Right_Regular_(correct),Left,292,397,209,86359546,nan,nan,nan
9/29/2026 16:05:18,1.17.3,StopSig,76,4.08,1,1,Pellet,Left,292,397,210,86359546,0.61,264,nan
9/29/2026 16:05:55,1.17.3,StopSig,76,4.08,nan,1,>Left_Regular_trial,Left,293,397,210,86398376,nan,nan,nan
9/29/2026 16:05:57,1.17.3,StopSig,76,4.08,nan,1,Right_Regular_(correct),Left,293,398,210,86400218,nan,nan,nan
9/29/2026 16:05:58,1.17.3,StopSig,76,4.08,2,1,Pellet,Left,293,398,211,86400218,0.16,40,nan
9/29/2026 16:06:22,1.17.3,StopSig,76,4.08,nan,1,>Left_Stop_trial,Left,294,398,211,86424856,nan,nan,nan
9/29/2026 16:06:26,1.17.3,StopSig,76,4.08,nan,1,NoPoke_STOP_(correct),Left,294,398,211,86428923,nan,nan,nan
9/29/2026 16:06:27,1.17.3,StopSig,76,4.08,1,1,Pellet,Left,294,398,212,86428923,0.83,29,nan
9/29/2026 16:06:46,1.17.3,StopSig,76,4.08,nan,1,>Left_Regular_trial,Left,295,398,212,86449484,nan,nan,nan
9/29/2026 16:06:50,1.17.3,StopSig,76,4.08,nan,1,NoPoke_Regular_(incorrect),Left,295,398,212,86453027,nan,nan,nan
9/29/2026 16:08:11,1.17.3,StopSig,76,4.07,nan,1,Right_no_left,Left,295,399,212,86453027,nan,nan,nan
9/29/2026 17:19:58,1.17.3,StopSig,76,4.07,nan,1,>Left_Regular_trial,Left,296,399,212,90841178,nan,nan,nan
9/29/2026 17:19:58,1.17.3,StopSig,76,4.07,nan,1,Right_Regular_(correct),Left,296,400,212,90841894,nan,nan,nan
9/29/2026 17:20:00,1.17.3,StopSig,76,4.08,1,1,Pellet,Left,296,400,213,90841894,0.33,4412,nan
9/29/2026 17:20:10,1.17.3,StopSig,76,4.07,nan,1,>Left_Regular_trial,Left,297,400,213,90853168,nan,nan,nan
9/29/2026 17:20:11,1.17.3,StopSig,76,4.07,nan,1,Right_Regular_(correct),Left,297,401,213,90854726,nan,nan,nan
9/29/2026 17:20:12,1.17.3,StopSig,76,4.08,1,1,Pellet,Left,297,401,214,90854726,0.16,13,nan
9/29/2026 17:20:30,1.17.3,StopSig,76,4.07,nan,1,>Left_Regular_trial,Left,298,401,214,90873689,nan,nan,nan
9/29/2026 17:20:32,1.17.3,StopSig,76,4.07,nan,1,Right_Regular_(correct),Left,298,402,214,90875811,nan,nan,nan
9/29/2026 17:20:35,1.17.3,StopSig,76,4.07,2,1,Pellet,Left,298,402,215,90875811,0.11,23,nan
9/29/2026 17:20:53,1.17.3,StopSig,76,4.07,nan,1,>Left_Stop_trial,Left,299,402,215,90895992,nan,nan,nan
9/29/2026 17:20:53,1.17.3,StopSig,76,4.07,nan,1,Right_STOP_(incorrect),Left,299,403,215,90896896,nan,nan,nan
9/29/2026 18:06:49,1.17.3,StopSig,76,4.07,nan,1,>Left_Stop_trial,Left,300,403,215,93652349,nan,nan,nan
9/29/2026 18:06:50,1.17.3,StopSig,76,4.07,nan,1,Right_STOP_(incorrect),Left,300,404,215,93653220,nan,nan,nan
9/29/2026 18:16:20,1.17.3,StopSig,76,4.07,nan,1,>Left_Regular_trial,Left,301,404,215,94223946,nan,nan,nan
9/29/2026 18:16:21,1.17.3,StopSig,76,4.07,nan,1,Right_Regular_(correct),Left,301,405,215,94224937,nan,nan,nan
9/29/2026 18:16:22,1.17.3,StopSig,76,4.07,1,1,Pellet,Left,301,405,216,94224937,0.27,3347,nan
9/29/2026 18:16:35,1.17.3,StopSig,76,4.07,nan,1,>Left_Stop_trial,Left,302,405,216,94237673,nan,nan,nan
9/29/2026 18:16:35,1.17.3,StopSig,76,4.07,nan,1,Right_STOP_(incorrect),Left,302,406,216,94238582,nan,nan,nan
9/29/2026 18:17:05,1.17.3,StopSig,76,4.07,nan,1,>Left_Regular_trial,Left,303,406,216,94268893,nan,nan,nan
9/29/2026 18:17:09,1.17.3,StopSig,76,4.07,nan,1,NoPoke_Regular_(incorrect),Left,303,406,216,94272429,nan,nan,nan
9/29/2026 18:17:57,1.17.3,StopSig,76,4.07,nan,1,Right_no_left,Left,303,407,216,94272429,nan,nan,nan
9/29/2026 18:17:58,1.17.3,StopSig,76,4.07,nan,1,Right_no_left,Left,303,408,216,94321264,nan,nan,nan
9/29/2026 18:18:01,1.17.3,StopSig,76,4.07,nan,1,>Left_Regular_trial,Left,304,408,216,94324237,nan,nan,nan
9/29/2026 18:18:02,1.17.3,StopSig,76,4.07,nan,1,Right_Regular_(correct),Left,304,409,216,94325371,nan,nan,nan
9/29/2026 18:18:03,1.17.3,StopSig,76,4.07,2,1,Pellet,Left,304,409,217,94325371,0.11,101,nan
9/29/2026 18:18:16,1.17.3,StopSig,76,4.07,nan,1,>Left_Regular_trial,Left,305,409,217,94339752,nan,nan,nan
9/29/2026 18:18:17,1.17.3,StopSig,76,4.07,nan,1,Right_Regular_(correct),Left,305,410,217,94340745,nan,nan,nan
9/29/2026 18:18:20,1.17.3,StopSig,76,4.07,2,1,Pellet,Left,305,410,218,94340745,0.16,17,nan
9/29/2026 18:18:37,1.17.3,StopSig,76,4.07,nan,1,>Left_Regular_trial,Left,306,410,218,94360165,nan,nan,nan
9/29/2026 18:18:38,1.17.3,StopSig,76,4.07,nan,1,Right_Regular_(correct),Left,306,411,218,94361582,nan,nan,nan
9/29/2026 18:18:39,1.17.3,StopSig,76,4.07,1,1,Pellet,Left,306,411,219,94361582,0.16,19,nan
9/29/2026 18:18:55,1.17.3,StopSig,76,4.07,nan,1,>Left_Regular_trial,Left,307,411,219,94378468,nan,nan,nan
9/29/2026 18:18:56,1.17.3,StopSig,76,4.07,nan,1,Right_Regular_(correct),Left,307,412,219,94379600,nan,nan,nan
9/29/2026 18:18:57,1.17.3,StopSig,76,4.07,1,1,Pellet,Left,307,412,220,94379600,0.16,18,nan
9/29/2026 18:19:14,1.17.3,StopSig,76,4.07,nan,1,>Left_Regular_trial,Left,308,412,220,94397404,nan,nan,nan
9/29/2026 18:19:15,1.17.3,StopSig,76,4.07,nan,1,Right_Regular_(correct),Left,308,413,220,94398708,nan,nan,nan
9/29/2026 18:19:20,1.17.3,StopSig,76,4.07,3,1,Pellet,Left,308,413,221,94398708,0.11,23,nan
9/29/2026 18:20:43,1.17.3,StopSig,76,4.07,nan,1,Right_no_left,Left,308,414,221,94398708,nan,nan,nan
9/29/2026 18:20:44,1.17.3,StopSig,76,4.07,nan,1,Right_no_left,Left,308,415,221,94486554,nan,nan,nan
9/29/2026 18:21:19,1.17.3,StopSig,76,4.07,nan,1,Right_no_left,Left,308,416,221,94487547,nan,nan,nan
9/29/2026 18:21:32,1.17.3,StopSig,76,4.07,nan,1,>Left_Stop_trial,Left,309,416,221,94535607,nan,nan,nan
9/29/2026 18:21:36,1.17.3,StopSig,76,4.07,nan,1,NoPoke_STOP_(correct),Left,309,416,221,94539352,nan,nan,nan
9/29/2026 18:21:37,1.17.3,StopSig,76,4.07,1,1,Pellet,Left,309,416,222,94539352,0.83,137,nan
9/29/2026 18:21:57,1.17.3,StopSig,76,4.07,nan,1,Right_no_left,Left,309,417,222,94539352,nan,nan,nan
9/29/2026 18:25:26,1.17.3,StopSig,76,4.07,nan,1,>Left_Regular_trial,Left,310,417,222,94769106,nan,nan,nan
9/29/2026 18:25:26,1.17.3,StopSig,76,4.07,nan,1,Right_Regular_(correct),Left,310,418,222,94770105,nan,nan,nan
9/29/2026 18:25:28,1.17.3,StopSig,76,4.07,1,1,Pellet,Left,310,418,223,94770105,0.39,231,nan
9/29/2026 18:26:50,1.17.3,StopSig,76,4.07,nan,1,>Left_Regular_trial,Left,311,418,223,94853777,nan,nan,nan
9/29/2026 18:26:54,1.17.3,StopSig,76,4.07,nan,1,NoPoke_Regular_(incorrect),Left,311,418,223,94857454,nan,nan,nan
9/29/2026 18:30:15,1.17.3,StopSig,76,4.07,nan,1,>Left_Regular_trial,Left,312,418,223,95058427,nan,nan,nan
9/29/2026 18:30:16,1.17.3,StopSig,76,4.07,nan,1,Right_Regular_(correct),Left,312,419,223,95059285,nan,nan,nan
9/29/2026 18:30:17,1.17.3,StopSig,76,4.07,1,1,Pellet,Left,312,419,224,95059285,0.39,289,nan
9/29/2026 18:40:22,1.17.3,StopSig,76,4.07,nan,1,Right_no_left,Left,312,420,224,95059285,nan,nan,nan
9/29/2026 18:56:24,1.17.3,StopSig,76,4.07,nan,1,Right_no_left,Left,312,421,224,95665467,nan,nan,nan
9/29/2026 18:56:25,1.17.3,StopSig,76,4.07,nan,1,Right_no_left,Left,312,422,224,96627427,nan,nan,nan
9/29/2026 18:56:26,1.17.3,StopSig,76,4.07,nan,1,>Left_Regular_trial,Left,313,422,224,96629699,nan,nan,nan
9/29/2026 18:56:30,1.17.3,StopSig,76,4.07,nan,1,NoPoke_Regular_(incorrect),Left,313,422,224,96633521,nan,nan,nan
9/29/2026 18:59:22,1.17.3,StopSig,76,4.07,nan,1,>Left_Regular_trial,Left,314,422,224,96805815,nan,nan,nan
9/29/2026 18:59:23,1.17.3,StopSig,76,4.07,nan,1,Right_Regular_(correct),Left,314,423,224,96806384,nan,nan,nan
9/29/2026 18:59:24,1.17.3,StopSig,76,4.07,1,1,Pellet,Left,314,423,225,96806384,0.22,1747,nan
9/29/2026 18:59:37,1.17.3,StopSig,76,4.07,nan,1,>Left_Stop_trial,Left,315,423,225,96819823,nan,nan,nan
9/29/2026 18:59:37,1.17.3,StopSig,76,4.07,nan,1,Right_STOP_(incorrect),Left,315,424,225,96820759,nan,nan,nan
9/29/2026 19:00:08,1.17.3,StopSig,76,4.07,nan,1,>Left_Stop_trial,Left,316,424,225,96851070,nan,nan,nan
9/29/2026 19:00:11,1.17.3,StopSig,76,4.07,nan,1,NoPoke_STOP_(correct),Left,316,424,225,96854461,nan,nan,nan
9/29/2026 19:00:12,1.17.3,StopSig,76,4.07,1,1,Pellet,Left,316,424,226,96854461,0.66,48,nan
9/29/2026 19:00:31,1.17.3,StopSig,76,4.07,nan,1,Right_no_left,Left,316,425,226,96854461,nan,nan,nan
9/29/2026 19:00:32,1.17.3,StopSig,76,4.07,nan,1,Right_no_left,Left,316,426,226,96875358,nan,nan,nan
9/29/2026 19:00:32,1.17.3,StopSig,76,4.07,nan,1,Right_no_left,Left,316,427,226,96875927,nan,nan,nan
9/29/2026 19:00:34,1.17.3,StopSig,76,4.07,nan,1,Right_no_left,Left,316,428,226,96876213,nan,nan,nan
9/29/2026 19:00:34,1.17.3,StopSig,76,4.07,nan,1,Right_no_left,Left,316,429,226,96877630,nan,nan,nan
9/29/2026 19:00:35,1.17.3,StopSig,76,4.07,nan,1,Right_no_left,Left,316,430,226,96878206,nan,nan,nan
9/29/2026 19:00:36,1.17.3,StopSig,76,4.07,nan,1,Right_no_left,Left,316,431,226,96878926,nan,nan,nan
9/29/2026 19:00:48,1.17.3,StopSig,76,4.07,nan,1,>Left_Regular_trial,Left,317,431,226,96891935,nan,nan,nan
9/29/2026 19:00:49,1.17.3,StopSig,76,4.07,nan,1,Right_Regular_(correct),Left,317,432,226,96892786,nan,nan,nan
9/29/2026 19:00:50,1.17.3,StopSig,76,4.07,1,1,Pellet,Left,317,432,227,96892786,0.11,38,nan
9/29/2026 19:01:03,1.17.3,StopSig,76,4.07,nan,1,Right_no_left,Left,317,433,227,96892786,nan,nan,nan
9/29/2026 19:01:04,1.17.3,StopSig,76,4.07,nan,1,Right_no_left,Left,317,434,227,96907079,nan,nan,nan
9/29/2026 19:01:04,1.17.3,StopSig,76,4.07,nan,1,Right_no_left,Left,317,435,227,96907656,nan,nan,nan
9/29/2026 19:01:05,1.17.3,StopSig,76,4.07,nan,1,Right_no_left,Left,317,436,227,96908365,nan,nan,nan
9/29/2026 19:01:05,1.17.3,StopSig,76,4.07,nan,1,Right_no_left,Left,317,437,227,96908792,nan,nan,nan
9/29/2026 19:01:08,1.17.3,StopSig,76,4.07,nan,1,>Left_Regular_trial,Left,318,437,227,96911201,nan,nan,nan
9/29/2026 19:01:09,1.17.3,StopSig,76,4.07,nan,1,Right_Regular_(correct),Left,318,438,227,96912758,nan,nan,nan
9/29/2026 19:01:10,1.17.3,StopSig,76,4.07,1,1,Pellet,Left,318,438,228,96912758,0.11,20,nan
9/29/2026 19:01:28,1.17.3,StopSig,76,4.07,nan,1,>Left_Stop_trial,Left,319,438,228,96930902,nan,nan,nan
9/29/2026 19:01:31,1.17.3,StopSig,76,4.07,nan,1,NoPoke_STOP_(correct),Left,319,438,228,96934510,nan,nan,nan
9/29/2026 19:01:32,1.17.3,StopSig,76,4.07,1,1,Pellet,Left,319,438,229,96934510,0.33,22,nan
9/29/2026 19:01:47,1.17.3,StopSig,76,4.07,nan,1,>Left_Regular_trial,Left,320,438,229,96950638,nan,nan,nan
9/29/2026 19:01:49,1.17.3,StopSig,76,4.07,nan,1,Right_Regular_(correct),Left,320,439,229,96952904,nan,nan,nan
9/29/2026 19:01:50,1.17.3,StopSig,76,4.07,1,1,Pellet,Left,320,439,230,96952904,0.27,18,nan
9/29/2026 19:02:06,1.17.3,StopSig,76,4.07,nan,1,>Left_Regular_trial,Left,321,439,230,96969351,nan,nan,nan
9/29/2026 19:02:07,1.17.3,StopSig,76,4.07,nan,1,Right_Regular_(correct),Left,321,440,230,96971058,nan,nan,nan
9/29/2026 19:02:10,1.17.3,StopSig,76,4.07,2,1,Pellet,Left,321,440,231,96971058,0.05,20,nan
9/29/2026 19:02:35,1.17.3,StopSig,76,4.07,nan,1,Right_no_left,Left,321,441,231,96971058,nan,nan,nan
9/29/2026 19:02:36,1.17.3,StopSig,76,4.07,nan,1,Right_no_left,Left,321,442,231,96998828,nan,nan,nan
9/29/2026 19:04:15,1.17.3,StopSig,76,4.07,nan,1,>Left_Regular_trial,Left,322,442,231,97098977,nan,nan,nan
9/29/2026 19:04:16,1.17.3,StopSig,76,4.07,nan,1,Right_Regular_(correct),Left,322,443,231,97099976,nan,nan,nan
9/29/2026 19:04:18,1.17.3,StopSig,76,4.07,1,1,Pellet,Left,322,443,232,97099976,0.83,128,nan
9/29/2026 20:21:06,1.17.3,StopSig,76,4.07,nan,1,Right_no_left,Left,322,444,232,97099976,nan,nan,nan
9/29/2026 20:21:06,1.17.3,StopSig,76,4.07,nan,1,Right_no_left,Left,322,445,232,101709748,nan,nan,nan
9/29/2026 20:21:07,1.17.3,StopSig,76,4.07,nan,1,Right_no_left,Left,322,446,232,101710600,nan,nan,nan
9/29/2026 20:21:08,1.17.3,StopSig,76,4.07,nan,1,Right_no_left,Left,322,447,232,101710892,nan,nan,nan
9/29/2026 20:21:10,1.17.3,StopSig,76,4.07,nan,1,>Left_Regular_trial,Left,323,447,232,101713867,nan,nan,nan
9/29/2026 20:21:11,1.17.3,StopSig,76,4.07,nan,1,Right_Regular_(correct),Left,323,448,232,101714860,nan,nan,nan
9/29/2026 20:21:12,1.17.3,StopSig,76,4.07,2,1,Pellet,Left,323,448,233,101714860,0.16,4614,nan
9/29/2026 20:21:27,1.17.3,StopSig,76,4.07,nan,1,Right_no_left,Left,323,449,233,101714860,nan,nan,nan
9/29/2026 20:21:27,1.17.3,StopSig,76,4.07,nan,1,Right_no_left,Left,323,450,233,101730757,nan,nan,nan
9/29/2026 20:21:28,1.17.3,StopSig,76,4.07,nan,1,Right_no_left,Left,323,451,233,101731609,nan,nan,nan
9/29/2026 20:21:29,1.17.3,StopSig,76,4.07,nan,1,Right_no_left,Left,323,452,233,101732046,nan,nan,nan
9/29/2026 20:21:29,1.17.3,StopSig,76,4.07,nan,1,Right_no_left,Left,323,453,233,101733039,nan,nan,nan
9/29/2026 20:21:30,1.17.3,StopSig,76,4.07,nan,1,Right_no_left,Left,323,454,233,101733608,nan,nan,nan
9/29/2026 20:21:31,1.17.3,StopSig,76,4.07,nan,1,>Left_Regular_trial,Left,324,454,233,101735313,nan,nan,nan
9/29/2026 20:21:33,1.17.3,StopSig,76,4.07,nan,1,Right_Regular_(correct),Left,324,455,233,101736731,nan,nan,nan
9/29/2026 20:21:34,1.17.3,StopSig,76,4.07,1,1,Pellet,Left,324,455,234,101736731,0.16,22,nan
9/29/2026 20:21:46,1.17.3,StopSig,76,4.07,nan,1,Right_no_left,Left,324,456,234,101736731,nan,nan,nan
9/29/2026 20:21:47,1.17.3,StopSig,76,4.07,nan,1,Right_no_left,Left,324,457,234,101750292,nan,nan,nan
9/29/2026 20:21:47,1.17.3,StopSig,76,4.07,nan,1,Right_no_left,Left,324,458,234,101750726,nan,nan,nan
9/29/2026 20:21:49,1.17.3,StopSig,76,4.07,nan,1,>Left_Regular_trial,Left,325,458,234,101752851,nan,nan,nan
9/29/2026 20:21:51,1.17.3,StopSig,76,4.07,nan,1,Right_Regular_(correct),Left,325,459,234,101754836,nan,nan,nan
9/29/2026 20:21:52,1.17.3,StopSig,76,4.07,2,1,Pellet,Left,325,459,235,101754836,0.22,18,nan
9/29/2026 20:22:05,1.17.3,StopSig,76,4.07,nan,1,>Left_Regular_trial,Left,326,459,235,101769352,nan,nan,nan
9/29/2026 20:22:07,1.17.3,StopSig,76,4.07,nan,1,Right_Regular_(correct),Left,326,460,235,101770636,nan,nan,nan
9/29/2026 20:22:07,1.17.3,StopSig,76,4.07,1,1,Pellet,Left,326,460,236,101770636,0.16,15,nan
9/29/2026 20:22:20,1.17.3,StopSig,76,4.07,nan,1,Right_no_left,Left,326,461,236,101770636,nan,nan,nan
9/29/2026 20:22:21,1.17.3,StopSig,76,4.07,nan,1,Right_no_left,Left,326,462,236,101783942,nan,nan,nan
9/29/2026 20:22:21,1.17.3,StopSig,76,4.07,nan,1,Right_no_left,Left,326,463,236,101784653,nan,nan,nan
9/29/2026 20:22:21,1.17.3,StopSig,76,4.07,nan,1,Right_no_left,Left,326,464,236,101784956,nan,nan,nan
9/29/2026 20:22:22,1.17.3,StopSig,76,4.07,nan,1,Right_no_left,Left,326,465,236,101785526,nan,nan,nan
9/29/2026 20:22:24,1.17.3,StopSig,76,4.07,nan,1,>Left_Regular_trial,Left,327,465,236,101788080,nan,nan,nan
9/29/2026 20:22:26,1.17.3,StopSig,76,4.07,nan,1,Right_Regular_(correct),Left,327,466,236,101790350,nan,nan,nan
9/29/2026 20:22:27,1.17.3,StopSig,76,4.06,1,1,Pellet,Left,327,466,237,101790350,0.16,20,nan
9/29/2026 20:22:41,1.17.3,StopSig,76,4.07,nan,1,>Left_Stop_trial,Left,328,466,237,101804494,nan,nan,nan
9/29/2026 20:22:41,1.17.3,StopSig,76,4.06,nan,1,Right_STOP_(incorrect),Left,328,467,237,101805295,nan,nan,nan
9/29/2026 20:23:13,1.17.3,StopSig,76,4.07,nan,1,Right_no_left,Left,328,468,237,101805295,nan,nan,nan
9/29/2026 20:23:14,1.17.3,StopSig,76,4.07,nan,1,Right_no_left,Left,328,469,237,101837591,nan,nan,nan
9/29/2026 20:23:18,1.17.3,StopSig,76,4.07,nan,1,>Left_Stop_trial,Left,329,469,237,101841419,nan,nan,nan
9/29/2026 20:23:21,1.17.3,StopSig,76,4.07,nan,1,NoPoke_STOP_(correct),Left,329,469,237,101844705,nan,nan,nan
9/29/2026 20:23:22,1.17.3,StopSig,76,4.07,1,1,Pellet,Left,329,469,238,101844705,0.78,55,nan
9/29/2026 20:23:58,1.17.3,StopSig,76,4.07,nan,1,Right_no_left,Left,329,470,238,101844705,nan,nan,nan
9/29/2026 20:23:58,1.17.3,StopSig,76,4.06,nan,1,Right_no_left,Left,329,471,238,101881737,nan,nan,nan
9/29/2026 20:24:00,1.17.3,StopSig,76,4.07,nan,1,>Left_Regular_trial,Left,330,471,238,101884004,nan,nan,nan
9/29/2026 20:24:04,1.17.3,StopSig,76,4.07,nan,1,NoPoke_Regular_(incorrect),Left,330,471,238,101887692,nan,nan,nan
9/29/2026 20:51:50,1.17.3,StopSig,76,4.07,nan,1,>Left_Stop_trial,Left,331,471,238,103553661,nan,nan,nan
9/29/2026 20:51:50,1.17.3,StopSig,76,4.07,nan,1,Right_STOP_(incorrect),Left,331,472,238,103554397,nan,nan,nan
9/29/2026 20:54:03,1.17.3,StopSig,76,4.07,nan,1,Right_no_left,Left,331,473,238,103554397,nan,nan,nan
9/29/2026 20:54:05,1.17.3,StopSig,76,4.06,nan,1,>Left_Regular_trial,Left,332,473,238,103689025,nan,nan,nan
9/29/2026 20:54:09,1.17.3,StopSig,76,4.07,nan,1,NoPoke_Regular_(incorrect),Left,332,473,238,103692851,nan,nan,nan
9/29/2026 20:54:50,1.17.3,StopSig,76,4.07,nan,1,Right_no_left,Left,332,474,238,103692851,nan,nan,nan
9/29/2026 20:54:51,1.17.3,StopSig,76,4.06,nan,1,Right_no_left,Left,332,475,238,103734350,nan,nan,nan
9/29/2026 20:54:52,1.17.3,StopSig,76,4.07,nan,1,Right_no_left,Left,332,476,238,103735627,nan,nan,nan
9/29/2026 20:54:54,1.17.3,StopSig,76,4.06,nan,1,>Left_Stop_trial,Left,333,476,238,103737335,nan,nan,nan
9/29/2026 20:54:57,1.17.3,StopSig,76,4.07,nan,1,NoPoke_STOP_(correct),Left,333,476,238,103740898,nan,nan,nan
9/29/2026 20:54:58,1.17.3,StopSig,76,4.07,1,1,Pellet,Left,333,476,239,103740898,0.33,1896,nan
9/29/2026 20:55:23,1.17.3,StopSig,76,4.07,nan,1,>Left_Regular_trial,Left,334,476,239,103767063,nan,nan,nan
9/29/2026 20:55:25,1.17.3,StopSig,76,4.07,nan,1,Right_Regular_(correct),Left,334,477,239,103768906,nan,nan,nan
9/29/2026 20:55:26,1.17.3,StopSig,76,4.07,1,1,Pellet,Left,334,477,240,103768906,0.16,28,nan
9/29/2026 20:55:43,1.17.3,StopSig,76,4.07,nan,1,Right_no_left,Left,334,478,240,103768906,nan,nan,nan
9/29/2026 20:55:43,1.17.3,StopSig,76,4.07,nan,1,Right_no_left,Left,334,479,240,103786924,nan,nan,nan
9/29/2026 20:55:43,1.17.3,StopSig,76,4.07,nan,1,Right_no_left,Left,334,480,240,103787210,nan,nan,nan
9/29/2026 20:55:47,1.17.3,StopSig,76,4.06,nan,1,Right_no_left,Left,334,481,240,103787637,nan,nan,nan
9/29/2026 20:55:48,1.17.3,StopSig,76,4.07,nan,1,Right_no_left,Left,334,482,240,103791470,nan,nan,nan
9/29/2026 20:55:49,1.17.3,StopSig,76,4.07,nan,1,Right_no_left,Left,334,483,240,103792473,nan,nan,nan
9/29/2026 20:55:50,1.17.3,StopSig,76,4.07,nan,1,Right_no_left,Left,334,484,240,103793467,nan,nan,nan
9/29/2026 20:55:50,1.17.3,StopSig,76,4.06,nan,1,Right_no_left,Left,334,485,240,103793753,nan,nan,nan
9/29/2026 20:55:52,1.17.3,StopSig,76,4.07,nan,1,>Left_Stop_trial,Left,335,485,240,103795456,nan,nan,nan
9/29/2026 20:55:55,1.17.3,StopSig,76,4.07,nan,1,NoPoke_STOP_(correct),Left,335,485,240,103798907,nan,nan,nan
9/29/2026 20:55:56,1.17.3,StopSig,76,4.06,1,1,Pellet,Left,335,485,241,103798907,0.22,30,nan
9/29/2026 20:56:15,1.17.3,StopSig,76,4.07,nan,1,>Left_Regular_trial,Left,336,485,241,103819103,nan,nan,nan
9/29/2026 20:56:18,1.17.3,StopSig,76,4.07,nan,1,Right_Regular_(correct),Left,336,486,241,103822080,nan,nan,nan
9/29/2026 20:56:19,1.17.3,StopSig,76,4.07,1,1,Pellet,Left,336,486,242,103822080,0.27,23,nan
9/29/2026 20:56:57,1.17.3,StopSig,76,4.07,nan,1,Right_no_left,Left,336,487,242,103822080,nan,nan,nan
9/29/2026 20:56:59,1.17.3,StopSig,76,4.06,nan,1,>Left_Regular_trial,Left,337,487,242,103862643,nan,nan,nan
9/29/2026 20:57:00,1.17.3,StopSig,76,4.07,nan,1,Right_Regular_(correct),Left,337,488,242,103863920,nan,nan,nan
9/29/2026 20:57:01,1.17.3,StopSig,76,4.07,1,1,Pellet,Left,337,488,243,103863920,0.16,42,nan
9/29/2026 20:57:19,1.17.3,StopSig,76,4.07,nan,1,Right_no_left,Left,337,489,243,103863920,nan,nan,nan
9/29/2026 20:57:19,1.17.3,StopSig,76,4.07,nan,1,Right_no_left,Left,337,490,243,103883143,nan,nan,nan
9/29/2026 20:57:20,1.17.3,StopSig,76,4.07,nan,1,Right_no_left,Left,337,491,243,103883571,nan,nan,nan
9/29/2026 20:57:21,1.17.3,StopSig,76,4.07,nan,1,Right_no_left,Left,337,492,243,103884706,nan,nan,nan
9/29/2026 20:57:22,1.17.3,StopSig,76,4.07,nan,1,>Left_Regular_trial,Left,338,492,243,103886407,nan,nan,nan
9/29/2026 20:57:26,1.17.3,StopSig,76,4.07,nan,1,NoPoke_Regular_(incorrect),Left,338,492,243,103889808,nan,nan,nan
9/29/2026 20:58:50,1.17.3,StopSig,76,4.07,nan,1,>Left_Regular_trial,Left,339,492,243,103974123,nan,nan,nan
9/29/2026 20:58:51,1.17.3,StopSig,76,4.07,nan,1,Right_Regular_(correct),Left,339,493,243,103975543,nan,nan,nan
9/29/2026 20:58:52,1.17.3,StopSig,76,4.07,1,1,Pellet,Left,339,493,244,103975543,0.22,111,nan
9/29/2026 20:59:10,1.17.3,StopSig,76,4.07,nan,1,Right_no_left,Left,339,494,244,103975543,nan,nan,nan
9/29/2026 20:59:11,1.17.3,StopSig,76,4.06,nan,1,Right_no_left,Left,339,495,244,103994161,nan,nan,nan
9/29/2026 20:59:12,1.17.3,StopSig,76,4.07,nan,1,Right_no_left,Left,339,496,244,103994878,nan,nan,nan
9/29/2026 20:59:44,1.17.3,StopSig,76,4.07,nan,1,>Left_Stop_trial,Left,340,496,244,104027594,nan,nan,nan
9/29/2026 20:59:47,1.17.3,StopSig,76,4.07,nan,1,NoPoke_STOP_(correct),Left,340,496,244,104030807,nan,nan,nan
9/29/2026 20:59:48,1.17.3,StopSig,76,4.06,1,1,Pellet,Left,340,496,245,104030807,0.33,56,nan
9/29/2026 21:00:08,1.17.3,StopSig,76,4.06,nan,1,Right_no_left,Left,340,497,245,104030807,nan,nan,nan
9/29/2026 21:00:11,1.17.3,StopSig,76,4.07,nan,1,>Left_Regular_trial,Left,341,497,245,104054824,nan,nan,nan
9/29/2026 21:00:13,1.17.3,StopSig,76,4.06,nan,1,Right_Regular_(correct),Left,341,498,245,104056664,nan,nan,nan
9/29/2026 21:00:16,1.17.3,StopSig,76,4.07,2,1,Pellet,Left,341,498,246,104056664,0.11,27,nan
9/29/2026 21:00:36,1.17.3,StopSig,76,4.06,nan,1,>Left_Stop_trial,Left,342,498,246,104079560,nan,nan,nan
9/29/2026 21:00:36,1.17.3,StopSig,76,4.06,nan,1,Right_STOP_(incorrect),Left,342,499,246,104080504,nan,nan,nan
9/29/2026 21:10:13,1.17.3,StopSig,76,4.07,nan,1,Right_no_left,Left,342,500,246,104080504,nan,nan,nan
9/29/2026 21:10:14,1.17.3,StopSig,76,4.07,nan,1,Right_no_left,Left,342,501,246,104657483,nan,nan,nan
9/29/2026 21:10:14,1.17.3,StopSig,76,4.07,nan,1,Right_no_left,Left,342,502,246,104657911,nan,nan,nan
9/29/2026 21:10:20,1.17.3,StopSig,76,4.07,nan,1,Right_no_left,Left,342,503,246,104658338,nan,nan,nan
9/29/2026 21:10:20,1.17.3,StopSig,76,4.06,nan,1,Right_no_left,Left,342,504,246,104663856,nan,nan,nan
9/29/2026 21:10:21,1.17.3,StopSig,76,4.07,nan,1,Right_no_left,Left,342,505,246,104664573,nan,nan,nan
9/29/2026 21:10:22,1.17.3,StopSig,76,4.07,nan,1,Right_no_left,Left,342,506,246,104665141,nan,nan,nan
9/29/2026 21:11:13,1.17.3,StopSig,76,4.07,nan,1,>Left_Stop_trial,Left,343,506,246,104716911,nan,nan,nan
9/29/2026 21:11:17,1.17.3,StopSig,76,4.06,nan,1,NoPoke_STOP_(correct),Left,343,506,246,104720956,nan,nan,nan
9/29/2026 21:11:18,1.17.3,StopSig,76,4.06,1,1,Pellet,Left,343,506,247,104720956,0.33,663,nan
9/29/2026 21:11:39,1.17.3,StopSig,76,4.06,nan,1,Right_no_left,Left,343,507,247,104720956,nan,nan,nan
9/29/2026 21:11:42,1.17.3,StopSig,76,4.07,nan,1,>Left_Regular_trial,Left,344,507,247,104745651,nan,nan,nan
9/29/2026 21:11:42,1.17.3,StopSig,76,4.07,nan,1,Right_Regular_(correct),Left,344,508,247,104746642,nan,nan,nan
9/29/2026 21:11:43,1.17.3,StopSig,76,4.07,1,1,Pellet,Left,344,508,248,104746642,0.16,25,nan
9/29/2026 21:12:02,1.17.3,StopSig,76,4.07,nan,1,Right_no_left,Left,344,509,248,104746642,nan,nan,nan
9/29/2026 21:12:03,1.17.3,StopSig,76,4.06,nan,1,Right_no_left,Left,344,510,248,104765992,nan,nan,nan
9/29/2026 21:12:08,1.17.3,StopSig,76,4.06,nan,1,>Left_Regular_trial,Left,345,510,248,104772353,nan,nan,nan
9/29/2026 21:12:12,1.17.3,StopSig,76,4.07,nan,1,NoPoke_Regular_(incorrect),Left,345,510,248,104775889,nan,nan,nan
9/29/2026 21:14:54,1.17.3,StopSig,76,4.07,nan,1,>Left_Regular_trial,Left,346,510,248,104937880,nan,nan,nan
9/29/2026 21:14:55,1.17.3,StopSig,76,4.06,nan,1,Right_Regular_(correct),Left,346,511,248,104939161,nan,nan,nan
9/29/2026 21:14:56,1.17.3,StopSig,76,4.07,1,1,Pellet,Left,346,511,249,104939161,0.44,193,nan
9/29/2026 21:15:12,1.17.3,StopSig,76,4.06,nan,1,>Left_Regular_trial,Left,347,511,249,104956271,nan,nan,nan
9/29/2026 21:15:13,1.17.3,StopSig,76,4.07,nan,1,Right_Regular_(correct),Left,347,512,249,104957121,nan,nan,nan
9/29/2026 21:15:14,1.17.3,StopSig,76,4.07,1,1,Pellet,Left,347,512,250,104957121,0.16,18,nan
9/29/2026 21:15:28,1.17.3,StopSig,76,4.07,nan,1,>Left_Regular_trial,Left,348,512,250,104971586,nan,nan,nan
9/29/2026 21:15:28,1.17.3,StopSig,76,4.07,nan,1,Right_Regular_(correct),Left,348,513,250,104972438,nan,nan,nan
9/29/2026 21:15:29,1.17.3,StopSig,76,4.07,1,1,Pellet,Left,348,513,251,104972438,0.16,15,nan
9/29/2026 21:20:31,1.17.3,StopSig,76,4.06,nan,1,>Left_Regular_trial,Left,349,513,251,105274588,nan,nan,nan
9/29/2026 21:20:34,1.17.3,StopSig,76,4.06,nan,1,NoPoke_Regular_(incorrect),Left,349,513,251,105277983,nan,nan,nan
9/29/2026 21:21:18,1.17.3,StopSig,76,4.07,nan,1,>Left_Regular_trial,Left,350,513,251,105321854,nan,nan,nan
9/29/2026 21:21:19,1.17.3,StopSig,76,4.07,nan,1,Right_Regular_(correct),Left,350,514,251,105322846,nan,nan,nan
9/29/2026 21:21:20,1.17.3,StopSig,76,4.07,1,1,Pellet,Left,350,514,252,105322846,0.39,351,nan
9/29/2026 21:21:46,1.17.3,StopSig,76,4.06,nan,1,Right_no_left,Left,350,515,252,105322846,nan,nan,nan
9/29/2026 21:21:47,1.17.3,StopSig,76,4.07,nan,1,Right_no_left,Left,350,516,252,105350714,nan,nan,nan
9/29/2026 21:22:46,1.17.3,StopSig,76,4.07,nan,1,>Left_Regular_trial,Left,351,516,252,105410150,nan,nan,nan
9/29/2026 21:22:50,1.17.3,StopSig,76,4.07,nan,1,NoPoke_Regular_(incorrect),Left,351,516,252,105413971,nan,nan,nan
9/29/2026 21:26:43,1.17.3,StopSig,76,4.06,nan,1,>Left_Regular_trial,Left,352,516,252,105647316,nan,nan,nan
9/29/2026 21:26:44,1.17.3,StopSig,76,4.07,nan,1,Right_Regular_(correct),Left,352,517,252,105648593,nan,nan,nan
9/29/2026 21:26:45,1.17.3,StopSig,76,4.06,1,1,Pellet,Left,352,517,253,105648593,0.05,325,nan
9/29/2026 21:27:10,1.17.3,StopSig,76,4.07,nan,1,Right_no_left,Left,352,518,253,105648593,nan,nan,nan
9/29/2026 21:27:11,1.17.3,StopSig,76,4.07,nan,1,Right_no_left,Left,352,519,253,105674485,nan,nan,nan
9/29/2026 21:27:12,1.17.3,StopSig,76,4.06,nan,1,Right_no_left,Left,352,520,253,105675478,nan,nan,nan
9/29/2026 21:27:14,1.17.3,StopSig,76,4.06,nan,1,>Left_Regular_trial,Left,353,520,253,105677604,nan,nan,nan
9/29/2026 21:27:15,1.17.3,StopSig,76,4.07,nan,1,Right_Regular_(correct),Left,353,521,253,105679305,nan,nan,nan
9/29/2026 21:27:16,1.17.3,StopSig,76,4.07,2,1,Pellet,Left,353,521,254,105679305,0.16,31,nan
9/29/2026 21:27:37,1.17.3,StopSig,76,4.06,nan,1,Right_no_left,Left,353,522,254,105679305,nan,nan,nan
9/29/2026 21:27:39,1.17.3,StopSig,76,4.07,nan,1,Right_no_left,Left,353,523,254,105701801,nan,nan,nan
9/29/2026 21:27:39,1.17.3,StopSig,76,4.07,nan,1,Right_no_left,Left,353,524,254,105702936,nan,nan,nan
9/29/2026 22:22:21,1.17.3,StopSig,76,4.06,nan,1,>Left_Regular_trial,Left,354,524,254,108985467,nan,nan,nan
9/29/2026 22:22:22,1.17.3,StopSig,76,4.06,nan,1,Right_Regular_(correct),Left,354,525,254,108986477,nan,nan,nan
9/29/2026 22:22:23,1.17.3,StopSig,76,4.06,1,1,Pellet,Left,354,525,255,108986477,0.44,3307,nan
9/29/2026 22:22:50,1.17.3,StopSig,76,4.06,nan,1,>Left_Regular_trial,Left,355,525,255,109014645,nan,nan,nan
9/29/2026 22:22:54,1.17.3,StopSig,76,4.07,nan,1,NoPoke_Regular_(incorrect),Left,355,525,255,109018049,nan,nan,nan
9/29/2026 22:23:35,1.17.3,StopSig,76,4.05,nan,1,>Left_Regular_trial,Left,356,525,255,109059698,nan,nan,nan
9/29/2026 22:23:37,1.17.3,StopSig,76,4.06,nan,1,Right_Regular_(correct),Left,356,526,255,109061409,nan,nan,nan
9/29/2026 22:23:38,1.17.3,StopSig,76,4.06,1,1,Pellet,Left,356,526,256,109061409,0.33,75,nan
9/29/2026 22:23:53,1.17.3,StopSig,76,4.06,nan,1,>Left_Regular_trial,Left,357,526,256,109077291,nan,nan,nan
9/29/2026 22:23:54,1.17.3,StopSig,76,4.06,nan,1,Right_Regular_(correct),Left,357,527,256,109078721,nan,nan,nan
9/29/2026 22:23:55,1.17.3,StopSig,76,4.06,1,1,Pellet,Left,357,527,257,109078721,0.11,17,nan
9/29/2026 22:24:23,1.17.3,StopSig,76,4.06,nan,1,>Left_Regular_trial,Left,358,527,257,109106881,nan,nan,nan
9/29/2026 22:24:25,1.17.3,StopSig,76,4.06,nan,1,Right_Regular_(correct),Left,358,528,257,109109149,nan,nan,nan
9/29/2026 22:24:30,1.17.3,StopSig,76,4.06,3,1,Pellet,Left,358,528,258,109109149,0.27,35,nan
9/29/2026 22:24:49,1.17.3,StopSig,76,4.06,nan,1,>Left_Regular_trial,Left,359,528,258,109133629,nan,nan,nan
9/29/2026 22:24:51,1.17.3,StopSig,76,4.06,nan,1,Right_Regular_(correct),Left,359,529,258,109135340,nan,nan,nan
9/29/2026 22:24:54,1.17.3,StopSig,76,4.07,2,1,Pellet,Left,359,529,259,109135340,0.05,24,nan
9/29/2026 22:25:11,1.17.3,StopSig,76,4.06,nan,1,Right_no_left,Left,359,530,259,109135340,nan,nan,nan
9/29/2026 22:25:11,1.17.3,StopSig,76,4.05,nan,1,Right_no_left,Left,359,531,259,109155282,nan,nan,nan
9/29/2026 22:25:12,1.17.3,StopSig,76,4.06,nan,1,Right_no_left,Left,359,532,259,109155710,nan,nan,nan
9/29/2026 22:25:14,1.17.3,StopSig,76,4.07,nan,1,>Left_Regular_trial,Left,360,532,259,109157986,nan,nan,nan
9/29/2026 22:25:15,1.17.3,StopSig,76,4.06,nan,1,Right_Regular_(correct),Left,360,533,259,109159548,nan,nan,nan
9/29/2026 22:25:16,1.17.3,StopSig,76,4.07,1,1,Pellet,Left,360,533,260,109159548,0.16,22,nan
9/29/2026 22:25:31,1.17.3,StopSig,76,4.06,nan,1,>Left_Stop_trial,Left,361,533,260,109174727,nan,nan,nan
9/29/2026 22:25:31,1.17.3,StopSig,76,4.06,nan,1,Right_STOP_(incorrect),Left,361,534,260,109175671,nan,nan,nan
9/29/2026 22:26:10,1.17.3,StopSig,76,4.06,nan,1,>Left_Regular_trial,Left,362,534,260,109214351,nan,nan,nan
9/29/2026 22:26:12,1.17.3,StopSig,76,4.06,nan,1,Right_Regular_(correct),Left,362,535,260,109216196,nan,nan,nan
9/29/2026 22:26:13,1.17.3,StopSig,76,4.06,1,1,Pellet,Left,362,535,261,109216196,0.33,57,nan
9/29/2026 22:26:32,1.17.3,StopSig,76,4.06,nan,1,>Left_Regular_trial,Left,363,535,261,109236372,nan,nan,nan
9/29/2026 22:26:33,1.17.3,StopSig,76,4.05,nan,1,Right_Regular_(correct),Left,363,536,261,109237509,nan,nan,nan
9/29/2026 22:26:36,1.17.3,StopSig,76,4.05,3,1,Pellet,Left,363,536,262,109237509,0.05,23,nan
9/29/2026 22:27:02,1.17.3,StopSig,76,4.06,nan,1,>Left_Regular_trial,Left,364,536,262,109265765,nan,nan,nan
9/29/2026 22:27:03,1.17.3,StopSig,76,4.06,nan,1,Right_Regular_(correct),Left,364,537,262,109266901,nan,nan,nan
9/29/2026 22:27:04,1.17.3,StopSig,76,4.06,1,1,Pellet,Left,364,537,263,109266901,0.39,28,nan
9/29/2026 22:27:28,1.17.3,StopSig,76,4.06,nan,1,Right_no_left,Left,364,538,263,109266901,nan,nan,nan
9/29/2026 22:27:28,1.17.3,StopSig,76,4.06,nan,1,Right_no_left,Left,364,539,263,109292031,nan,nan,nan
9/29/2026 22:27:59,1.17.3,StopSig,76,4.06,nan,1,>Left_Regular_trial,Left,365,539,263,109322916,nan,nan,nan
9/29/2026 22:28:00,1.17.3,StopSig,76,4.06,nan,1,Right_Regular_(correct),Left,365,540,263,109323911,nan,nan,nan
9/29/2026 22:28:00,1.17.3,StopSig,76,4.06,1,1,Pellet,Left,365,540,264,109323911,0.11,56,nan
9/29/2026 22:28:21,1.17.3,StopSig,76,4.06,nan,1,Right_no_left,Left,365,541,264,109323911,nan,nan,nan
9/29/2026 22:28:22,1.17.3,StopSig,76,4.06,nan,1,Right_no_left,Left,365,542,264,109345233,nan,nan,nan
9/29/2026 22:28:22,1.17.3,StopSig,76,4.05,nan,1,Right_no_left,Left,365,543,264,109346086,nan,nan,nan
9/29/2026 22:28:24,1.17.3,StopSig,76,4.05,nan,1,>Left_Regular_trial,Left,366,543,264,109347941,nan,nan,nan
9/29/2026 22:28:25,1.17.3,StopSig,76,4.06,nan,1,Right_Regular_(correct),Left,366,544,264,109349361,nan,nan,nan
9/29/2026 22:28:28,1.17.3,StopSig,76,4.05,2,1,Pellet,Left,366,544,265,109349361,0.16,28,nan
9/29/2026 22:28:50,1.17.3,StopSig,76,4.06,nan,1,Right_no_left,Left,366,545,265,109349361,nan,nan,nan
9/29/2026 22:30:39,1.17.3,StopSig,76,4.06,nan,1,>Left_Stop_trial,Left,367,545,265,109482898,nan,nan,nan
9/29/2026 22:30:42,1.17.3,StopSig,76,4.06,nan,1,NoPoke_STOP_(correct),Left,367,545,265,109486081,nan,nan,nan
9/29/2026 22:30:43,1.17.3,StopSig,76,4.06,1,1,Pellet,Left,367,545,266,109486081,0.89,135,nan
9/29/2026 22:31:16,1.17.3,StopSig,76,4.05,nan,1,>Left_Regular_trial,Left,368,545,266,109520619,nan,nan,nan
9/29/2026 22:31:20,1.17.3,StopSig,76,4.06,nan,1,NoPoke_Regular_(incorrect),Left,368,545,266,109524170,nan,nan,nan
9/29/2026 22:32:25,1.17.3,StopSig,76,4.06,nan,1,>Left_Regular_trial,Left,369,545,266,109589072,nan,nan,nan
9/29/2026 22:32:29,1.17.3,StopSig,76,4.07,nan,1,Right_Regular_(correct),Left,369,546,266,109593044,nan,nan,nan
9/29/2026 22:32:32,1.17.3,StopSig,76,4.06,3,1,Pellet,Left,369,546,267,109593044,0.05,109,nan
9/29/2026 22:32:48,1.17.3,StopSig,76,4.05,nan,1,>Left_Regular_trial,Left,370,546,267,109612445,nan,nan,nan
9/29/2026 22:32:49,1.17.3,StopSig,76,4.06,nan,1,Right_Regular_(correct),Left,370,547,267,109613588,nan,nan,nan
9/29/2026 22:32:50,1.17.3,StopSig,76,4.06,1,1,Pellet,Left,370,547,268,109613588,0.16,18,nan
9/29/2026 22:33:10,1.17.3,StopSig,76,4.06,nan,1,>Left_Regular_trial,Left,371,547,268,109634469,nan,nan,nan
9/29/2026 22:33:11,1.17.3,StopSig,76,4.06,nan,1,Right_Regular_(correct),Left,371,548,268,109635463,nan,nan,nan
9/29/2026 22:33:12,1.17.3,StopSig,76,4.06,1,1,Pellet,Left,371,548,269,109635463,0.16,22,nan
9/29/2026 22:33:38,1.17.3,StopSig,76,4.06,nan,1,Right_no_left,Left,371,549,269,109635463,nan,nan,nan
9/29/2026 22:33:39,1.17.3,StopSig,76,4.06,nan,1,Right_no_left,Left,371,550,269,109662770,nan,nan,nan
9/29/2026 22:33:39,1.17.3,StopSig,76,4.06,nan,1,Right_no_left,Left,371,551,269,109663480,nan,nan,nan
9/29/2026 22:33:41,1.17.3,StopSig,76,4.06,nan,1,>Left_Regular_trial,Left,372,551,269,109665605,nan,nan,nan
9/29/2026 22:33:44,1.17.3,StopSig,76,4.06,nan,1,Right_Regular_(correct),Left,372,552,269,109668021,nan,nan,nan
9/29/2026 22:33:45,1.17.3,StopSig,76,4.06,1,1,Pellet,Left,372,552,270,109668021,0.27,33,nan
9/29/2026 22:34:04,1.17.3,StopSig,76,4.06,nan,1,Right_no_left,Left,372,553,270,109668021,nan,nan,nan
9/29/2026 22:34:05,1.17.3,StopSig,76,4.06,nan,1,Right_no_left,Left,372,554,270,109688607,nan,nan,nan
9/29/2026 22:34:06,1.17.3,StopSig,76,4.06,nan,1,Right_no_left,Left,372,555,270,109689176,nan,nan,nan
9/29/2026 22:34:06,1.17.3,StopSig,76,4.06,nan,1,Right_no_left,Left,372,556,270,109690176,nan,nan,nan
9/29/2026 22:34:09,1.17.3,StopSig,76,4.06,nan,1,Right_no_left,Left,372,557,270,109690462,nan,nan,nan
9/29/2026 22:34:10,1.17.3,StopSig,76,4.06,nan,1,Right_no_left,Left,372,558,270,109693438,nan,nan,nan
9/29/2026 22:34:10,1.17.3,StopSig,76,4.06,nan,1,Right_no_left,Left,372,559,270,109694149,nan,nan,nan
9/29/2026 22:34:11,1.17.3,StopSig,76,4.06,nan,1,Right_no_left,Left,372,560,270,109694577,nan,nan,nan
9/29/2026 23:30:38,1.17.3,StopSig,76,4.06,nan,1,Right_no_left,Left,372,561,270,109695429,nan,nan,nan
9/29/2026 23:30:41,1.17.3,StopSig,76,4.06,nan,1,Right_no_left,Left,372,562,270,113082554,nan,nan,nan
9/29/2026 23:30:42,1.17.3,StopSig,76,4.05,nan,1,Right_no_left,Left,372,563,270,113085245,nan,nan,nan
9/29/2026 23:30:42,1.17.3,StopSig,76,4.06,nan,1,Right_no_left,Left,372,564,270,113086239,nan,nan,nan
9/29/2026 23:30:44,1.17.3,StopSig,76,4.06,nan,1,>Left_Regular_trial,Left,373,564,270,113088508,nan,nan,nan
9/29/2026 23:30:45,1.17.3,StopSig,76,4.06,nan,1,Right_Regular_(correct),Left,373,565,270,113090074,nan,nan,nan
9/29/2026 23:30:47,1.17.3,StopSig,76,4.05,1,1,Pellet,Left,373,565,271,113090074,0.33,3422,nan
9/29/2026 23:31:04,1.17.3,StopSig,76,4.05,nan,1,Right_no_left,Left,373,566,271,113090074,nan,nan,nan
9/29/2026 23:31:05,1.17.3,StopSig,76,4.06,nan,1,Right_no_left,Left,373,567,271,113108684,nan,nan,nan
9/29/2026 23:31:05,1.17.3,StopSig,76,4.05,nan,1,Right_no_left,Left,373,568,271,113109394,nan,nan,nan
9/29/2026 23:31:08,1.17.3,StopSig,76,4.05,nan,1,Right_no_left,Left,373,569,271,113109696,nan,nan,nan
9/29/2026 23:31:08,1.17.3,StopSig,76,4.06,nan,1,Right_no_left,Left,373,570,271,113112810,nan,nan,nan
9/29/2026 23:31:09,1.17.3,StopSig,76,4.05,nan,1,Right_no_left,Left,373,571,271,113113096,nan,nan,nan
9/29/2026 23:31:11,1.17.3,StopSig,76,4.05,nan,1,>Left_Regular_trial,Left,374,571,271,113115923,nan,nan,nan
9/29/2026 23:31:13,1.17.3,StopSig,76,4.05,nan,1,Right_Regular_(correct),Left,374,572,271,113117196,nan,nan,nan
9/29/2026 23:31:14,1.17.3,StopSig,76,4.06,1,1,Pellet,Left,374,572,272,113117196,0.33,27,nan
9/29/2026 23:31:36,1.17.3,StopSig,76,4.06,nan,1,>Left_Stop_trial,Left,375,572,272,113139620,nan,nan,nan
9/29/2026 23:31:36,1.17.3,StopSig,76,4.05,nan,1,Right_STOP_(incorrect),Left,375,573,272,113140632,nan,nan,nan
9/29/2026 23:39:16,1.17.3,StopSig,76,4.06,nan,1,Right_no_left,Left,375,574,272,113140632,nan,nan,nan
9/29/2026 23:40:10,1.17.3,StopSig,76,4.05,nan,1,Right_no_left,Left,375,575,272,113600702,nan,nan,nan
9/29/2026 23:40:35,1.17.3,StopSig,76,4.05,nan,1,Right_no_left,Left,375,576,272,113655177,nan,nan,nan
9/29/2026 23:40:36,1.17.3,StopSig,76,4.06,nan,1,Right_no_left,Left,375,577,272,113679797,nan,nan,nan
9/29/2026 23:40:46,1.17.3,StopSig,76,4.05,nan,1,>Left_Stop_trial,Left,376,577,272,113690265,nan,nan,nan
9/29/2026 23:40:50,1.17.3,StopSig,76,4.05,nan,1,NoPoke_STOP_(correct),Left,376,577,272,113694298,nan,nan,nan
9/29/2026 23:40:51,1.17.3,StopSig,76,4.05,1,1,Pellet,Left,376,577,273,113694298,0.16,577,nan
9/29/2026 23:41:35,1.17.3,StopSig,76,4.06,nan,1,Right_no_left,Left,376,578,273,113694298,nan,nan,nan
9/29/2026 23:41:36,1.17.3,StopSig,76,4.06,nan,1,Right_no_left,Left,376,579,273,113740176,nan,nan,nan
9/29/2026 23:41:38,1.17.3,StopSig,76,4.05,nan,1,>Left_Regular_trial,Left,377,579,273,113742159,nan,nan,nan
9/29/2026 23:41:42,1.17.3,StopSig,76,4.05,nan,1,NoPoke_Regular_(incorrect),Left,377,579,273,113746401,nan,nan,nan
9/29/2026 23:42:42,1.17.3,StopSig,76,4.05,nan,1,Right_no_left,Left,377,580,273,113746401,nan,nan,nan
9/29/2026 23:42:46,1.17.3,StopSig,76,4.05,nan,1,>Left_Regular_trial,Left,378,580,273,113810945,nan,nan,nan
9/29/2026 23:42:49,1.17.3,StopSig,76,4.06,nan,1,Right_Regular_(correct),Left,378,581,273,113813356,nan,nan,nan
9/29/2026 23:42:50,1.17.3,StopSig,76,4.05,1,1,Pellet,Left,378,581,274,113813356,0.33,119,nan
9/29/2026 23:43:07,1.17.3,StopSig,76,4.05,nan,1,>Left_Stop_trial,Left,379,581,274,113830539,nan,nan,nan
9/29/2026 23:43:10,1.17.3,StopSig,76,4.06,nan,1,NoPoke_STOP_(correct),Left,379,581,274,113834304,nan,nan,nan
9/29/2026 23:43:11,1.17.3,StopSig,76,4.05,1,1,Pellet,Left,379,581,275,113834304,0.50,21,nan
9/29/2026 23:43:46,1.17.3,StopSig,76,4.05,nan,1,>Left_Stop_trial,Left,380,581,275,113870060,nan,nan,nan
9/29/2026 23:43:49,1.17.3,StopSig,76,4.05,nan,1,NoPoke_STOP_(correct),Left,380,581,275,113873401,nan,nan,nan
9/29/2026 23:43:52,1.17.3,StopSig,76,4.06,2,1,Pellet,Left,380,581,276,113873401,0.16,41,nan
9/29/2026 23:44:10,1.17.3,StopSig,76,4.05,nan,1,>Left_Stop_trial,Left,381,581,276,113893485,nan,nan,nan
9/29/2026 23:44:10,1.17.3,StopSig,76,4.06,nan,1,Right_STOP_(incorrect),Left,381,582,276,113894594,nan,nan,nan
9/29/2026 23:44:43,1.17.3,StopSig,76,4.05,nan,1,>Left_Regular_trial,Left,382,582,276,113927736,nan,nan,nan
9/29/2026 23:44:45,1.17.3,StopSig,76,4.05,nan,1,Right_Regular_(correct),Left,382,583,276,113930006,nan,nan,nan
9/29/2026 23:44:46,1.17.3,StopSig,76,4.06,1,1,Pellet,Left,382,583,277,113930006,0.33,54,nan
9/29/2026 23:45:01,1.17.3,StopSig,76,4.06,nan,1,>Left_Stop_trial,Left,383,583,277,113944941,nan,nan,nan
9/29/2026 23:45:04,1.17.3,StopSig,76,4.05,nan,1,NoPoke_STOP_(correct),Left,383,583,277,113948295,nan,nan,nan
9/29/2026 23:45:07,1.17.3,StopSig,76,4.06,2,1,Pellet,Left,383,583,278,113948295,0.16,21,nan
9/29/2026 23:45:26,1.17.3,StopSig,76,4.06,nan,1,Right_no_left,Left,383,584,278,113948295,nan,nan,nan
9/29/2026 23:45:27,1.17.3,StopSig,76,4.05,nan,1,Right_no_left,Left,383,585,278,113970271,nan,nan,nan
9/29/2026 23:45:28,1.17.3,StopSig,76,4.05,nan,1,>Left_Stop_trial,Left,384,585,278,113972399,nan,nan,nan
9/29/2026 23:45:32,1.17.3,StopSig,76,4.06,nan,1,NoPoke_STOP_(correct),Left,384,585,278,113976383,nan,nan,nan
9/29/2026 23:45:33,1.17.3,StopSig,76,4.05,1,1,Pellet,Left,384,585,279,113976383,0.83,26,nan
9/29/2026 23:46:13,1.17.3,StopSig,76,4.05,nan,1,Right_no_left,Left,384,586,279,113976383,nan,nan,nan
9/29/2026 23:46:13,1.17.3,StopSig,76,4.05,nan,1,Right_no_left,Left,384,587,279,114017291,nan,nan,nan
9/29/2026 23:46:15,1.17.3,StopSig,76,4.06,nan,1,>Left_Stop_trial,Left,385,587,279,114018710,nan,nan,nan
9/29/2026 23:46:18,1.17.3,StopSig,76,4.06,nan,1,NoPoke_STOP_(correct),Left,385,587,279,114022304,nan,nan,nan
9/29/2026 23:46:19,1.17.3,StopSig,76,4.06,1,1,Pellet,Left,385,587,280,114022304,0.55,46,nan
9/29/2026 23:46:57,1.17.3,StopSig,76,4.06,nan,1,>Left_Regular_trial,Left,386,587,280,114061297,nan,nan,nan
9/29/2026 23:46:58,1.17.3,StopSig,76,4.06,nan,1,Right_Regular_(correct),Left,386,588,280,114062860,nan,nan,nan
9/29/2026 23:46:59,1.17.3,StopSig,76,4.05,2,1,Pellet,Left,386,588,281,114062860,0.22,40,nan
9/29/2026 23:47:34,1.17.3,StopSig,76,4.05,nan,1,>Left_Regular_trial,Left,387,588,281,114098671,nan,nan,nan
9/29/2026 23:47:35,1.17.3,StopSig,76,4.06,nan,1,Right_Regular_(correct),Left,387,589,281,114100089,nan,nan,nan
9/29/2026 23:47:37,1.17.3,StopSig,76,4.06,1,1,Pellet,Left,387,589,282,114100089,0.72,38,nan
9/29/2026 23:47:54,1.17.3,StopSig,76,4.05,nan,1,>Left_Regular_trial,Left,388,589,282,114118650,nan,nan,nan
9/29/2026 23:47:55,1.17.3,StopSig,76,4.05,nan,1,Right_Regular_(correct),Left,388,590,282,114119645,nan,nan,nan
9/29/2026 23:47:58,1.17.3,StopSig,76,4.06,2,1,Pellet,Left,388,590,283,114119645,0.11,21,nan
9/29/2026 23:48:12,1.17.3,StopSig,76,4.05,nan,1,>Left_Stop_trial,Left,389,590,283,114136449,nan,nan,nan
9/29/2026 23:48:13,1.17.3,StopSig,76,4.05,nan,1,Right_STOP_(incorrect),Left,389,591,283,114137282,nan,nan,nan
9/29/2026 23:51:01,1.17.3,StopSig,76,4.05,nan,1,Right_no_left,Left,389,592,283,114137282,nan,nan,nan
9/29/2026 23:51:02,1.17.3,StopSig,76,4.05,nan,1,Right_no_left,Left,389,593,283,114305296,nan,nan,nan
9/29/2026 23:51:17,1.17.3,StopSig,76,4.06,nan,1,>Left_Regular_trial,Left,390,593,283,114321741,nan,nan,nan
9/29/2026 23:51:18,1.17.3,StopSig,76,4.05,nan,1,Right_Regular_(correct),Left,390,594,283,114322735,nan,nan,nan
9/29/2026 23:51:20,1.17.3,StopSig,76,4.05,1,1,Pellet,Left,390,594,284,114322735,0.94,202,nan
9/29/2026 23:51:37,1.17.3,StopSig,76,4.05,nan,1,>Left_Stop_trial,Left,391,594,284,114341399,nan,nan,nan
9/29/2026 23:51:41,1.17.3,StopSig,76,4.05,nan,1,NoPoke_STOP_(correct),Left,391,594,284,114345406,nan,nan,nan
9/29/2026 23:51:42,1.17.3,StopSig,76,4.05,1,1,Pellet,Left,391,594,285,114345406,0.39,22,nan
9/29/2026 23:52:02,1.17.3,StopSig,76,4.05,nan,1,>Left_Regular_trial,Left,392,594,285,114366223,nan,nan,nan
9/29/2026 23:52:04,1.17.3,StopSig,76,4.06,nan,1,Right_Regular_(correct),Left,392,595,285,114368352,nan,nan,nan
9/29/2026 23:52:05,1.17.3,StopSig,76,4.05,1,1,Pellet,Left,392,595,286,114368352,0.16,23,nan
9/29/2026 23:52:25,1.17.3,StopSig,76,4.05,nan,1,>Left_Stop_trial,Left,393,595,286,114388685,nan,nan,nan
9/29/2026 23:52:28,1.17.3,StopSig,76,4.05,nan,1,NoPoke_STOP_(correct),Left,393,595,286,114392421,nan,nan,nan
9/29/2026 23:52:29,1.17.3,StopSig,76,4.05,1,1,Pellet,Left,393,595,287,114392421,0.50,24,nan
9/30/2026 0:29:16,1.17.3,StopSig,76,4.06,nan,1,>Left_Regular_trial,Left,394,595,287,116600645,nan,nan,nan
9/30/2026 0:29:17,1.17.3,StopSig,76,4.05,nan,1,Right_Regular_(correct),Left,394,596,287,116601356,nan,nan,nan
9/30/2026 0:29:19,1.17.3,StopSig,76,4.06,2,1,Pellet,Left,394,596,288,116601356,0.05,2210,nan
9/30/2026 0:29:34,1.17.3,StopSig,76,4.06,nan,1,>Left_Regular_trial,Left,395,596,288,116618121,nan,nan,nan
9/30/2026 0:29:34,1.17.3,StopSig,76,4.05,nan,1,Right_Regular_(correct),Left,395,597,288,116619259,nan,nan,nan
9/30/2026 0:29:35,1.17.3,StopSig,76,4.05,1,1,Pellet,Left,395,597,289,116619259,0.16,16,nan
9/30/2026 0:30:01,1.17.3,StopSig,76,4.05,nan,1,Right_no_left,Left,395,598,289,116619259,nan,nan,nan
9/30/2026 0:30:02,1.17.3,StopSig,76,4.05,nan,1,Right_no_left,Left,395,599,289,116646015,nan,nan,nan
9/30/2026 0:30:10,1.17.3,StopSig,76,4.05,nan,1,>Left_Regular_trial,Left,396,599,289,116654382,nan,nan,nan
9/30/2026 0:30:14,1.17.3,StopSig,76,4.05,nan,1,NoPoke_Regular_(incorrect),Left,396,599,289,116658497,nan,nan,nan
9/30/2026 0:30:57,1.17.3,StopSig,76,4.05,nan,1,Right_no_left,Left,396,600,289,116658497,nan,nan,nan
9/30/2026 0:30:58,1.17.3,StopSig,76,4.05,nan,1,Right_no_left,Left,396,601,289,116701581,nan,nan,nan
9/30/2026 0:31:02,1.17.3,StopSig,76,4.05,nan,1,Right_no_left,Left,396,602,289,116702441,nan,nan,nan
9/30/2026 0:31:04,1.17.3,StopSig,76,4.05,nan,1,>Left_Regular_trial,Left,397,602,289,116708818,nan,nan,nan
9/30/2026 0:31:08,1.17.3,StopSig,76,4.05,nan,1,NoPoke_Regular_(incorrect),Left,397,602,289,116712502,nan,nan,nan
9/30/2026 0:41:32,1.17.3,StopSig,76,4.05,nan,1,>Left_Regular_trial,Left,398,602,289,117336360,nan,nan,nan
9/30/2026 0:41:36,1.17.3,StopSig,76,4.05,nan,1,NoPoke_Regular_(incorrect),Left,398,602,289,117340471,nan,nan,nan
9/30/2026 0:45:25,1.17.3,StopSig,76,4.05,nan,1,>Left_Regular_trial,Left,399,602,289,117569258,nan,nan,nan
9/30/2026 0:45:28,1.17.3,StopSig,76,4.05,nan,1,NoPoke_Regular_(incorrect),Left,399,602,289,117572520,nan,nan,nan
9/30/2026 0:46:20,1.17.3,StopSig,76,4.05,nan,1,>Left_Regular_trial,Left,400,602,289,117624664,nan,nan,nan
9/30/2026 0:46:24,1.17.3,StopSig,76,4.05,nan,1,Right_Regular_(correct),Left,400,603,289,117628493,nan,nan,nan
9/30/2026 0:46:25,1.17.3,StopSig,76,4.05,1,1,Pellet,Left,400,603,290,117628493,0.27,1010,nan
9/30/2026 0:46:44,1.17.3,StopSig,76,4.05,nan,1,Right_no_left,Left,400,604,290,117628493,nan,nan,nan
9/30/2026 0:46:45,1.17.3,StopSig,76,4.05,nan,1,Right_no_left,Left,400,605,290,117648852,nan,nan,nan
9/30/2026 0:46:45,1.17.3,StopSig,76,4.05,nan,1,Right_no_left,Left,400,606,290,117649988,nan,nan,nan
9/30/2026 0:49:35,1.17.3,StopSig,76,4.05,nan,1,>Left_Regular_trial,Left,401,606,290,117819707,nan,nan,nan
9/30/2026 0:49:37,1.17.3,StopSig,76,4.05,nan,1,Right_Regular_(correct),Left,401,607,290,117822258,nan,nan,nan
9/30/2026 0:49:38,1.17.3,StopSig,76,4.05,1,1,Pellet,Left,401,607,291,117822258,0.11,193,nan
9/30/2026 0:50:01,1.17.3,StopSig,76,4.05,nan,1,>Left_Regular_trial,Left,402,607,291,117845601,nan,nan,nan
9/30/2026 0:50:02,1.17.3,StopSig,76,4.05,nan,1,Right_Regular_(correct),Left,402,608,291,117846877,nan,nan,nan
9/30/2026 0:50:03,1.17.3,StopSig,76,4.05,1,1,Pellet,Left,402,608,292,117846877,0.05,25,nan
9/30/2026 0:50:21,1.17.3,StopSig,76,4.05,nan,1,Right_no_left,Left,402,609,292,117846877,nan,nan,nan
9/30/2026 0:50:22,1.17.3,StopSig,76,4.05,nan,1,Right_no_left,Left,402,610,292,117866265,nan,nan,nan
9/30/2026 0:50:24,1.17.3,StopSig,76,4.06,nan,1,>Left_Stop_trial,Left,403,610,292,117868392,nan,nan,nan
9/30/2026 0:50:28,1.17.3,StopSig,76,4.05,nan,1,NoPoke_STOP_(correct),Left,403,610,292,117872517,nan,nan,nan
9/30/2026 0:50:29,1.17.3,StopSig,76,4.05,2,1,Pellet,Left,403,610,293,117872517,0.05,26,nan
9/30/2026 0:50:48,1.17.3,StopSig,76,4.05,nan,1,Right_no_left,Left,403,611,293,117872517,nan,nan,nan
9/30/2026 0:50:52,1.17.3,StopSig,76,4.05,nan,1,Right_no_left,Left,403,612,293,117893197,nan,nan,nan
9/30/2026 0:50:53,1.17.3,StopSig,76,4.05,nan,1,Right_no_left,Left,403,613,293,117896594,nan,nan,nan
9/30/2026 0:52:14,1.17.3,StopSig,76,4.05,nan,1,Right_no_left,Left,403,614,293,117897588,nan,nan,nan
9/30/2026 0:52:28,1.17.3,StopSig,76,4.05,nan,1,>Left_Regular_trial,Left,404,614,293,117992238,nan,nan,nan
9/30/2026 0:52:31,1.17.3,StopSig,76,4.05,nan,1,Right_Regular_(correct),Left,404,615,293,117995495,nan,nan,nan
9/30/2026 0:52:32,1.17.3,StopSig,76,4.05,1,1,Pellet,Left,404,615,294,117995495,0.44,123,nan
9/30/2026 0:52:55,1.17.3,StopSig,76,4.05,nan,1,>Left_Regular_trial,Left,405,615,294,118019765,nan,nan,nan
9/30/2026 0:52:59,1.17.3,StopSig,76,4.05,nan,1,NoPoke_Regular_(incorrect),Left,405,615,294,118023590,nan,nan,nan
9/30/2026 1:00:13,1.17.3,StopSig,76,4.05,nan,1,>Left_Stop_trial,Left,406,615,294,118457806,nan,nan,nan
9/30/2026 1:00:17,1.17.3,StopSig,76,4.05,nan,1,NoPoke_STOP_(correct),Left,406,615,294,118461580,nan,nan,nan
9/30/2026 1:00:18,1.17.3,StopSig,76,4.05,1,1,Pellet,Left,406,615,295,118461580,0.55,466,nan
9/30/2026 1:00:38,1.17.3,StopSig,76,4.05,nan,1,>Left_Stop_trial,Left,407,615,295,118482207,nan,nan,nan
9/30/2026 1:00:41,1.17.3,StopSig,76,4.05,nan,1,NoPoke_STOP_(correct),Left,407,615,295,118485602,nan,nan,nan
9/30/2026 1:00:42,1.17.3,StopSig,76,4.05,1,1,Pellet,Left,407,615,296,118485602,0.22,24,nan
9/30/2026 1:03:10,1.17.3,StopSig,76,4.05,nan,1,Right_no_left,Left,407,616,296,118485602,nan,nan,nan
9/30/2026 1:13:27,1.17.3,StopSig,76,4.05,nan,1,>Left_Regular_trial,Left,408,616,296,119251337,nan,nan,nan
9/30/2026 1:13:30,1.17.3,StopSig,76,4.05,nan,1,NoPoke_Regular_(incorrect),Left,408,616,296,119254603,nan,nan,nan
9/30/2026 1:16:02,1.17.3,StopSig,76,4.05,nan,1,Right_no_left,Left,408,617,296,119254603,nan,nan,nan
9/30/2026 1:16:14,1.17.3,StopSig,76,4.05,nan,1,>Left_Stop_trial,Left,409,617,296,119418411,nan,nan,nan
9/30/2026 1:16:17,1.17.3,StopSig,76,4.05,nan,1,NoPoke_STOP_(correct),Left,409,617,296,119421631,nan,nan,nan
9/30/2026 1:16:18,1.17.3,StopSig,76,4.05,1,1,Pellet,Left,409,617,297,119421631,0.50,936,nan
9/30/2026 1:17:42,1.17.3,StopSig,76,4.06,nan,1,Right_no_left,Left,409,618,297,119421631,nan,nan,nan
9/30/2026 1:17:43,1.17.3,StopSig,76,4.05,nan,1,Right_no_left,Left,409,619,297,119507322,nan,nan,nan
9/30/2026 1:22:31,1.17.3,StopSig,76,4.05,nan,1,Right_no_left,Left,409,620,297,119508314,nan,nan,nan
9/30/2026 1:22:55,1.17.3,StopSig,76,4.05,nan,1,Right_no_left,Left,409,621,297,119795925,nan,nan,nan
9/30/2026 1:23:53,1.17.3,StopSig,76,4.05,nan,1,Right_no_left,Left,409,622,297,119819993,nan,nan,nan
9/30/2026 1:23:54,1.17.3,StopSig,76,4.05,nan,1,Right_no_left,Left,409,623,297,119878533,nan,nan,nan
9/30/2026 1:25:13,1.17.3,StopSig,76,4.05,nan,1,Right_no_left,Left,409,624,297,119879103,nan,nan,nan
9/30/2026 1:25:14,1.17.3,StopSig,76,4.05,nan,1,Right_no_left,Left,409,625,297,119958479,nan,nan,nan
9/30/2026 1:28:20,1.17.3,StopSig,76,4.05,nan,1,Right_no_left,Left,409,626,297,119958907,nan,nan,nan
9/30/2026 1:28:20,1.17.3,StopSig,76,4.05,nan,1,Right_no_left,Left,409,627,297,120144590,nan,nan,nan
9/30/2026 1:28:23,1.17.3,StopSig,76,4.05,nan,1,Right_no_left,Left,409,628,297,120145442,nan,nan,nan
9/30/2026 1:32:37,1.17.3,StopSig,76,4.05,nan,1,Right_no_left,Left,409,629,297,120148559,nan,nan,nan
9/30/2026 1:33:39,1.17.3,StopSig,76,4.05,nan,1,Right_no_left,Left,409,630,297,120401790,nan,nan,nan
9/30/2026 1:37:05,1.17.3,StopSig,76,4.05,nan,1,Right_no_left,Left,409,631,297,120464347,nan,nan,nan
9/30/2026 1:37:05,1.17.3,StopSig,76,4.05,nan,1,Right_no_left,Left,409,632,297,120669676,nan,nan,nan
9/30/2026 1:37:16,1.17.3,StopSig,76,4.05,nan,1,Right_no_left,Left,409,633,297,120670104,nan,nan,nan
9/30/2026 1:37:16,1.17.3,StopSig,76,4.05,nan,1,Right_no_left,Left,409,634,297,120680715,nan,nan,nan
9/30/2026 1:37:16,1.17.3,StopSig,76,4.05,nan,1,Right_no_left,Left,409,635,297,120681143,nan,nan,nan
9/30/2026 1:37:17,1.17.3,StopSig,76,4.05,nan,1,Right_no_left,Left,409,636,297,120681429,nan,nan,nan
9/30/2026 1:37:20,1.17.3,StopSig,76,4.05,nan,1,Right_no_left,Left,409,637,297,120682287,nan,nan,nan
9/30/2026 1:37:21,1.17.3,StopSig,76,4.05,nan,1,Right_no_left,Left,409,638,297,120685261,nan,nan,nan
9/30/2026 1:37:21,1.17.3,StopSig,76,4.05,nan,1,Right_no_left,Left,409,639,297,120685688,nan,nan,nan
9/30/2026 1:38:05,1.17.3,StopSig,76,4.05,nan,1,>Left_Regular_trial,Left,410,639,297,120729545,nan,nan,nan
9/30/2026 1:38:09,1.17.3,StopSig,76,4.05,nan,1,NoPoke_Regular_(incorrect),Left,410,639,297,120733651,nan,nan,nan
9/30/2026 1:38:41,1.17.3,StopSig,76,4.05,nan,1,Right_no_left,Left,410,640,297,120733651,nan,nan,nan
9/30/2026 1:38:49,1.17.3,StopSig,76,4.05,nan,1,>Left_Regular_trial,Left,411,640,297,120773728,nan,nan,nan
9/30/2026 1:38:53,1.17.3,StopSig,76,4.05,nan,1,NoPoke_Regular_(incorrect),Left,411,640,297,120777686,nan,nan,nan
9/30/2026 1:39:34,1.17.3,StopSig,76,4.05,nan,1,Right_no_left,Left,411,641,297,120777686,nan,nan,nan
9/30/2026 1:39:34,1.17.3,StopSig,76,4.05,nan,1,Right_no_left,Left,411,642,297,120818874,nan,nan,nan
9/30/2026 1:39:35,1.17.3,StopSig,76,4.05,nan,1,Right_no_left,Left,411,643,297,120819307,nan,nan,nan
9/30/2026 1:39:38,1.17.3,StopSig,76,4.05,nan,1,Right_no_left,Left,411,644,297,120819876,nan,nan,nan
9/30/2026 1:39:44,1.17.3,StopSig,76,4.05,nan,1,>Left_Regular_trial,Left,412,644,297,120828351,nan,nan,nan
9/30/2026 1:39:44,1.17.3,StopSig,76,4.05,nan,1,Right_Regular_(correct),Left,412,645,297,120829202,nan,nan,nan
9/30/2026 1:39:50,1.17.3,StopSig,76,4.05,3,1,Pellet,Left,412,645,298,120829202,0.44,1411,nan
9/30/2026 1:40:20,1.17.3,StopSig,76,4.05,nan,1,>Left_Regular_trial,Left,413,645,298,120864608,nan,nan,nan
9/30/2026 1:40:20,1.17.3,StopSig,76,4.05,nan,1,Right_Regular_(correct),Left,413,646,298,120865460,nan,nan,nan
9/30/2026 1:40:21,1.17.3,StopSig,76,4.05,2,1,Pellet,Left,413,646,299,120865460,0.05,32,nan
9/30/2026 1:40:52,1.17.3,StopSig,76,4.05,nan,1,Right_no_left,Left,413,647,299,120865460,nan,nan,nan
9/30/2026 1:40:53,1.17.3,StopSig,76,4.05,nan,1,Right_no_left,Left,413,648,299,120897590,nan,nan,nan
9/30/2026 1:40:54,1.17.3,StopSig,76,4.05,nan,1,Right_no_left,Left,413,649,299,120898589,nan,nan,nan
9/30/2026 1:40:57,1.17.3,StopSig,76,4.05,nan,1,>Left_Stop_trial,Left,414,649,299,120901561,nan,nan,nan
9/30/2026 1:40:58,1.17.3,StopSig,76,4.05,nan,1,Right_STOP_(incorrect),Left,414,650,299,120902835,nan,nan,nan
9/30/2026 1:41:43,1.17.3,StopSig,76,4.05,nan,1,>Left_Regular_trial,Left,415,650,299,120948120,nan,nan,nan
9/30/2026 1:41:45,1.17.3,StopSig,76,4.05,nan,1,Right_Regular_(correct),Left,415,651,299,120949967,nan,nan,nan
9/30/2026 1:41:46,1.17.3,StopSig,76,4.05,1,1,Pellet,Left,415,651,300,120949967,0.27,85,nan
9/30/2026 1:42:02,1.17.3,StopSig,76,4.05,nan,1,Right_no_left,Left,415,652,300,120949967,nan,nan,nan
9/30/2026 1:42:03,1.17.3,StopSig,76,4.05,nan,1,Right_no_left,Left,415,653,300,120967254,nan,nan,nan
9/30/2026 1:42:03,1.17.3,StopSig,76,4.05,nan,1,Right_no_left,Left,415,654,300,120968105,nan,nan,nan
9/30/2026 1:42:06,1.17.3,StopSig,76,4.05,nan,1,>Left_Regular_trial,Left,416,654,300,120970806,nan,nan,nan
9/30/2026 1:42:08,1.17.3,StopSig,76,4.05,nan,1,Right_Regular_(correct),Left,416,655,300,120972653,nan,nan,nan
9/30/2026 1:42:11,1.17.3,StopSig,76,4.05,2,1,Pellet,Left,416,655,301,120972653,0.39,25,nan
9/30/2026 1:42:29,1.17.3,StopSig,76,4.05,nan,1,Right_no_left,Left,416,656,301,120972653,nan,nan,nan
9/30/2026 1:42:29,1.17.3,StopSig,76,4.05,nan,1,Right_no_left,Left,416,657,301,120993972,nan,nan,nan
9/30/2026 1:49:06,1.17.3,StopSig,76,4.05,nan,1,Right_no_left,Left,416,658,301,120994541,nan,nan,nan
9/30/2026 1:51:10,1.17.3,StopSig,76,4.05,nan,1,Right_no_left,Left,416,659,301,121391466,nan,nan,nan
9/30/2026 1:51:11,1.17.3,StopSig,76,4.05,nan,1,Right_no_left,Left,416,660,301,121515042,nan,nan,nan
9/30/2026 1:55:28,1.17.3,StopSig,76,4.05,nan,1,>Left_Regular_trial,Left,417,660,301,121773176,nan,nan,nan
9/30/2026 1:55:31,1.17.3,StopSig,76,4.05,nan,1,Right_Regular_(correct),Left,417,661,301,121776005,nan,nan,nan
9/30/2026 1:55:32,1.17.3,StopSig,76,4.05,1,1,Pellet,Left,417,661,302,121776005,0.33,801,nan
9/30/2026 1:55:55,1.17.3,StopSig,76,4.05,nan,1,Right_no_left,Left,417,662,302,121776005,nan,nan,nan
9/30/2026 1:55:56,1.17.3,StopSig,76,4.05,nan,1,Right_no_left,Left,417,663,302,121800085,nan,nan,nan
9/30/2026 2:04:53,1.17.3,StopSig,76,4.05,nan,1,Right_no_left,Left,417,664,302,121801078,nan,nan,nan
9/30/2026 2:07:55,1.17.3,StopSig,76,4.05,nan,1,Right_no_left,Left,417,665,302,122338400,nan,nan,nan
9/30/2026 2:07:56,1.17.3,StopSig,76,4.05,nan,1,Right_no_left,Left,417,666,302,122520084,nan,nan,nan
9/30/2026 2:08:31,1.17.3,StopSig,76,4.05,nan,1,Right_no_left,Left,417,667,302,122520943,nan,nan,nan
9/30/2026 2:08:32,1.17.3,StopSig,76,4.05,nan,1,Right_no_left,Left,417,668,302,122556633,nan,nan,nan
9/30/2026 2:10:28,1.17.3,StopSig,76,4.05,nan,1,>Left_Regular_trial,Left,418,668,302,122673163,nan,nan,nan
9/30/2026 2:10:30,1.17.3,StopSig,76,4.05,nan,1,Right_Regular_(correct),Left,418,669,302,122674582,nan,nan,nan
9/30/2026 2:10:31,1.17.3,StopSig,76,4.05,1,1,Pellet,Left,418,669,303,122674582,0.27,899,nan
9/30/2026 2:10:55,1.17.3,StopSig,76,4.05,nan,1,>Left_Regular_trial,Left,419,669,303,122699880,nan,nan,nan
9/30/2026 2:10:59,1.17.3,StopSig,76,4.05,nan,1,NoPoke_Regular_(incorrect),Left,419,669,303,122703846,nan,nan,nan
9/30/2026 2:17:51,1.17.3,StopSig,76,4.05,nan,1,>Left_Regular_trial,Left,420,669,303,123116331,nan,nan,nan
9/30/2026 2:17:55,1.17.3,StopSig,76,4.05,nan,1,NoPoke_Regular_(incorrect),Left,420,669,303,123119873,nan,nan,nan
9/30/2026 2:20:00,1.17.3,StopSig,76,4.05,nan,1,>Left_Regular_trial,Left,421,669,303,123245387,nan,nan,nan
9/30/2026 2:20:04,1.17.3,StopSig,76,4.05,nan,1,NoPoke_Regular_(incorrect),Left,421,669,303,123248790,nan,nan,nan
9/30/2026 2:22:47,1.17.3,StopSig,76,4.05,nan,1,>Left_Regular_trial,Left,422,669,303,123411773,nan,nan,nan
9/30/2026 2:22:47,1.17.3,StopSig,76,4.05,nan,1,Right_Regular_(correct),Left,422,670,303,123412485,nan,nan,nan
9/30/2026 2:22:50,1.17.3,StopSig,76,4.05,2,1,Pellet,Left,422,670,304,123412485,0.22,739,nan
9/30/2026 2:23:16,1.17.3,StopSig,76,4.05,nan,1,Right_no_left,Left,422,671,304,123412485,nan,nan,nan
9/30/2026 2:23:17,1.17.3,StopSig,76,4.05,nan,1,Right_no_left,Left,422,672,304,123441456,nan,nan,nan
9/30/2026 2:23:17,1.17.3,StopSig,76,4.05,nan,1,Right_no_left,Left,422,673,304,123442167,nan,nan,nan
9/30/2026 2:23:19,1.17.3,StopSig,76,4.05,nan,1,>Left_Regular_trial,Left,423,673,304,123444011,nan,nan,nan
9/30/2026 2:23:21,1.17.3,StopSig,76,4.05,nan,1,Right_Regular_(correct),Left,423,674,304,123446422,nan,nan,nan
9/30/2026 2:23:23,1.17.3,StopSig,76,4.05,1,1,Pellet,Left,423,674,305,123446422,0.44,33,nan
9/30/2026 2:24:32,1.17.3,StopSig,76,4.05,nan,1,Right_no_left,Left,423,675,305,123446422,nan,nan,nan
9/30/2026 2:24:32,1.17.3,StopSig,76,4.05,nan,1,Right_no_left,Left,423,676,305,123516760,nan,nan,nan
9/30/2026 2:24:35,1.17.3,StopSig,76,4.05,nan,1,Right_no_left,Left,423,677,305,123517613,nan,nan,nan
9/30/2026 2:24:36,1.17.3,StopSig,76,4.05,nan,1,Right_no_left,Left,423,678,305,123520307,nan,nan,nan
9/30/2026 2:24:37,1.17.3,StopSig,76,4.05,nan,1,Right_no_left,Left,423,679,305,123521307,nan,nan,nan
9/30/2026 2:24:40,1.17.3,StopSig,76,4.05,nan,1,Right_no_left,Left,423,680,305,123522302,nan,nan,nan
9/30/2026 2:24:43,1.17.3,StopSig,76,4.05,nan,1,>Left_Regular_trial,Left,424,680,305,123527689,nan,nan,nan
9/30/2026 2:24:44,1.17.3,StopSig,76,4.05,nan,1,Right_Regular_(correct),Left,424,681,305,123529394,nan,nan,nan
9/30/2026 2:24:45,1.17.3,StopSig,76,4.05,2,1,Pellet,Left,424,681,306,123529394,0.05,82,nan
9/30/2026 2:28:49,1.17.3,StopSig,76,4.05,nan,1,Right_no_left,Left,424,682,306,123529394,nan,nan,nan
9/30/2026 2:28:50,1.17.3,StopSig,76,4.05,nan,1,Right_no_left,Left,424,683,306,123774371,nan,nan,nan
9/30/2026 2:30:20,1.17.3,StopSig,76,4.05,nan,1,Right_no_left,Left,424,684,306,123775509,nan,nan,nan
9/30/2026 2:31:19,1.17.3,StopSig,76,4.05,nan,1,>Left_Regular_trial,Left,425,684,306,123924474,nan,nan,nan
9/30/2026 2:31:23,1.17.3,StopSig,76,4.05,nan,1,NoPoke_Regular_(incorrect),Left,425,684,306,123927877,nan,nan,nan
9/30/2026 2:32:20,1.17.3,StopSig,76,4.05,nan,1,Right_no_left,Left,425,685,306,123927877,nan,nan,nan
9/30/2026 2:32:21,1.17.3,StopSig,76,4.05,nan,1,Right_no_left,Left,425,686,306,123985270,nan,nan,nan
9/30/2026 2:32:21,1.17.3,StopSig,76,4.05,nan,1,Right_no_left,Left,425,687,306,123985840,nan,nan,nan
9/30/2026 2:35:03,1.17.3,StopSig,76,4.05,nan,1,Right_no_left,Left,425,688,306,123986552,nan,nan,nan
9/30/2026 2:35:03,1.17.3,StopSig,76,4.05,nan,1,Right_no_left,Left,425,689,306,124147997,nan,nan,nan
9/30/2026 2:35:04,1.17.3,StopSig,76,4.05,nan,1,Right_no_left,Left,425,690,306,124148432,nan,nan,nan
9/30/2026 2:35:04,1.17.3,StopSig,76,4.05,nan,1,Right_no_left,Left,425,691,306,124149286,nan,nan,nan
9/30/2026 2:35:06,1.17.3,StopSig,76,4.05,nan,1,Right_no_left,Left,425,692,306,124149714,nan,nan,nan
9/30/2026 2:35:09,1.17.3,StopSig,76,4.05,nan,1,>Left_Regular_trial,Left,426,692,306,124153828,nan,nan,nan
9/30/2026 2:35:13,1.17.3,StopSig,76,4.05,nan,1,NoPoke_Regular_(incorrect),Left,426,692,306,124157945,nan,nan,nan
9/30/2026 2:36:03,1.17.3,StopSig,76,4.05,nan,1,>Left_Regular_trial,Left,427,692,306,124207693,nan,nan,nan
9/30/2026 2:36:03,1.17.3,StopSig,76,4.05,nan,1,Right_Regular_(correct),Left,427,693,306,124208546,nan,nan,nan
9/30/2026 2:36:05,1.17.3,StopSig,76,4.05,1,1,Pellet,Left,427,693,307,124208546,0.44,679,nan
9/30/2026 2:40:04,1.17.3,StopSig,76,4.05,nan,1,Right_no_left,Left,427,694,307,124208546,nan,nan,nan
9/30/2026 2:40:05,1.17.3,StopSig,76,4.05,nan,1,Right_no_left,Left,427,695,307,124448871,nan,nan,nan
9/30/2026 2:40:08,1.17.3,StopSig,76,4.05,nan,1,Right_no_left,Left,427,696,307,124450296,nan,nan,nan
9/30/2026 2:40:08,1.17.3,StopSig,76,4.05,nan,1,Right_no_left,Left,427,697,307,124453130,nan,nan,nan
9/30/2026 2:40:09,1.17.3,StopSig,76,4.05,nan,1,Right_no_left,Left,427,698,307,124453558,nan,nan,nan
9/30/2026 2:41:01,1.17.3,StopSig,76,4.05,nan,1,Right_no_left,Left,427,699,307,124453844,nan,nan,nan
9/30/2026 2:41:01,1.17.3,StopSig,76,4.05,nan,1,Right_no_left,Left,427,700,307,124505829,nan,nan,nan
9/30/2026 2:41:03,1.17.3,StopSig,76,4.05,nan,1,>Left_Regular_trial,Left,428,700,307,124508102,nan,nan,nan
9/30/2026 2:41:05,1.17.3,StopSig,76,4.05,nan,1,Right_Regular_(correct),Left,428,701,307,124510652,nan,nan,nan
9/30/2026 2:41:06,1.17.3,StopSig,76,4.05,1,1,Pellet,Left,428,701,308,124510652,0.16,302,nan
9/30/2026 2:41:42,1.17.3,StopSig,76,4.05,nan,1,Right_no_left,Left,428,702,308,124510652,nan,nan,nan
9/30/2026 2:41:42,1.17.3,StopSig,76,4.05,nan,1,Right_no_left,Left,428,703,308,124547356,nan,nan,nan
9/30/2026 2:43:43,1.17.3,StopSig,76,4.05,nan,1,>Left_Regular_trial,Left,429,703,308,124667654,nan,nan,nan
9/30/2026 2:43:43,1.17.3,StopSig,76,4.04,nan,1,Right_Regular_(correct),Left,429,704,308,124668649,nan,nan,nan
9/30/2026 2:43:45,1.17.3,StopSig,76,4.05,1,1,Pellet,Left,429,704,309,124668649,0.27,158,nan
9/30/2026 3:09:17,1.17.3,StopSig,76,4.04,nan,1,Right_no_left,Left,429,705,309,124668649,nan,nan,nan
9/30/2026 3:09:20,1.17.3,StopSig,76,4.04,nan,1,>Left_Regular_trial,Left,430,705,309,126204868,nan,nan,nan
9/30/2026 3:09:22,1.17.3,StopSig,76,4.05,nan,1,Right_Regular_(correct),Left,430,706,309,126206866,nan,nan,nan
9/30/2026 3:09:25,1.17.3,StopSig,76,4.05,2,1,Pellet,Left,430,706,310,126206866,0.66,1541,nan
9/30/2026 3:09:42,1.17.3,StopSig,76,4.05,nan,1,>Left_Regular_trial,Left,431,706,310,126227142,nan,nan,nan
9/30/2026 3:09:43,1.17.3,StopSig,76,4.05,nan,1,Right_Regular_(correct),Left,431,707,310,126228278,nan,nan,nan
9/30/2026 3:09:44,1.17.3,StopSig,76,4.05,1,1,Pellet,Left,431,707,311,126228278,0.27,19,nan
9/30/2026 3:10:03,1.17.3,StopSig,76,4.05,nan,1,>Left_Stop_trial,Left,432,707,311,126247518,nan,nan,nan
9/30/2026 3:10:03,1.17.3,StopSig,76,4.05,nan,1,Right_STOP_(incorrect),Left,432,708,311,126248649,nan,nan,nan
9/30/2026 3:10:42,1.17.3,StopSig,76,4.05,nan,1,Right_no_left,Left,432,709,311,126248649,nan,nan,nan
9/30/2026 3:10:46,1.17.3,StopSig,76,4.05,nan,1,>Left_Stop_trial,Left,433,709,311,126290275,nan,nan,nan
9/30/2026 3:10:49,1.17.3,StopSig,76,4.05,nan,1,NoPoke_STOP_(correct),Left,433,709,311,126293916,nan,nan,nan
9/30/2026 3:10:50,1.17.3,StopSig,76,4.05,1,1,Pellet,Left,433,709,312,126293916,0.27,66,nan
9/30/2026 3:11:15,1.17.3,StopSig,76,4.05,nan,1,Right_no_left,Left,433,710,312,126293916,nan,nan,nan
9/30/2026 3:11:15,1.17.3,StopSig,76,4.05,nan,1,Right_no_left,Left,433,711,312,126320131,nan,nan,nan
9/30/2026 3:11:17,1.17.3,StopSig,76,4.05,nan,1,Right_no_left,Left,433,712,312,126320841,nan,nan,nan
9/30/2026 3:11:18,1.17.3,StopSig,76,4.05,nan,1,Right_no_left,Left,433,713,312,126322821,nan,nan,nan
9/30/2026 3:11:19,1.17.3,StopSig,76,4.05,nan,1,>Left_Regular_trial,Left,434,713,312,126324244,nan,nan,nan
9/30/2026 3:11:22,1.17.3,StopSig,76,4.05,nan,1,Right_Regular_(correct),Left,434,714,312,126327495,nan,nan,nan
9/30/2026 3:11:25,1.17.3,StopSig,76,4.05,2,1,Pellet,Left,434,714,313,126327495,0.33,35,nan
9/30/2026 3:12:38,1.17.3,StopSig,76,4.05,nan,1,Right_no_left,Left,434,715,313,126327495,nan,nan,nan
9/30/2026 3:12:49,1.17.3,StopSig,76,4.05,nan,1,>Left_Stop_trial,Left,435,715,313,126413916,nan,nan,nan
9/30/2026 3:12:53,1.17.3,StopSig,76,4.05,nan,1,NoPoke_STOP_(correct),Left,435,715,313,126417926,nan,nan,nan
9/30/2026 3:12:54,1.17.3,StopSig,76,4.05,1,1,Pellet,Left,435,715,314,126417926,1.05,89,nan
9/30/2026 3:13:36,1.17.3,StopSig,76,4.05,nan,1,>Left_Stop_trial,Left,436,715,314,126460431,nan,nan,nan
9/30/2026 3:13:39,1.17.3,StopSig,76,4.05,nan,1,NoPoke_STOP_(correct),Left,436,715,314,126463975,nan,nan,nan
9/30/2026 3:13:41,1.17.3,StopSig,76,4.05,1,1,Pellet,Left,436,715,315,126463975,1.28,47,nan
9/30/2026 3:14:43,1.17.3,StopSig,76,4.05,nan,1,Right_no_left,Left,436,716,315,126463975,nan,nan,nan
9/30/2026 3:14:44,1.17.3,StopSig,76,4.05,nan,1,Right_no_left,Left,436,717,315,126528500,nan,nan,nan
9/30/2026 3:14:45,1.17.3,StopSig,76,4.05,nan,1,Right_no_left,Left,436,718,315,126528928,nan,nan,nan
9/30/2026 3:16:50,1.17.3,StopSig,76,4.05,nan,1,Right_no_left,Left,436,719,315,126529920,nan,nan,nan
9/30/2026 3:16:51,1.17.3,StopSig,76,4.05,nan,1,Right_no_left,Left,436,720,315,126655818,nan,nan,nan
9/30/2026 3:17:00,1.17.3,StopSig,76,4.05,nan,1,Right_no_left,Left,436,721,315,126656676,nan,nan,nan
9/30/2026 3:17:03,1.17.3,StopSig,76,4.05,nan,1,Right_no_left,Left,436,722,315,126665454,nan,nan,nan
9/30/2026 3:17:04,1.17.3,StopSig,76,4.05,nan,1,Right_no_left,Left,436,723,315,126668709,nan,nan,nan
9/30/2026 3:17:06,1.17.3,StopSig,76,4.05,nan,1,Right_no_left,Left,436,724,315,126669430,nan,nan,nan
9/30/2026 4:20:24,1.17.3,StopSig,76,4.05,nan,1,Right_no_left,Left,436,725,315,126671839,nan,nan,nan
9/30/2026 4:20:28,1.17.3,StopSig,76,4.05,nan,1,Right_no_left,Left,436,726,315,130469131,nan,nan,nan
9/30/2026 4:20:29,1.17.3,StopSig,76,4.05,nan,1,Right_no_left,Left,436,727,315,130473527,nan,nan,nan
9/30/2026 4:20:31,1.17.3,StopSig,76,4.05,nan,1,>Left_Stop_trial,Left,437,727,315,130476363,nan,nan,nan
9/30/2026 4:20:35,1.17.3,StopSig,76,4.04,nan,1,NoPoke_STOP_(correct),Left,437,727,315,130480139,nan,nan,nan
9/30/2026 4:20:38,1.17.3,StopSig,76,4.05,3,1,Pellet,Left,437,727,316,130480139,0.39,4017,nan
9/30/2026 4:21:07,1.17.3,StopSig,76,4.05,nan,1,Right_no_left,Left,437,728,316,130480139,nan,nan,nan
9/30/2026 4:21:09,1.17.3,StopSig,76,4.04,nan,1,>Left_Regular_trial,Left,438,728,316,130514713,nan,nan,nan
9/30/2026 4:21:11,1.17.3,StopSig,76,4.05,nan,1,Right_Regular_(correct),Left,438,729,316,130516133,nan,nan,nan
9/30/2026 4:21:13,1.17.3,StopSig,76,4.05,2,1,Pellet,Left,438,729,317,130516133,0.78,34,nan
9/30/2026 4:21:39,1.17.3,StopSig,76,4.05,nan,1,>Left_Regular_trial,Left,439,729,317,130544740,nan,nan,nan
9/30/2026 4:21:40,1.17.3,StopSig,76,4.05,nan,1,Right_Regular_(correct),Left,439,730,317,130545881,nan,nan,nan
9/30/2026 4:21:42,1.17.3,StopSig,76,4.05,2,1,Pellet,Left,439,730,318,130545881,0.05,30,nan
9/30/2026 4:22:06,1.17.3,StopSig,76,4.05,nan,1,>Left_Regular_trial,Left,440,730,318,130571025,nan,nan,nan
9/30/2026 4:22:07,1.17.3,StopSig,76,4.05,nan,1,Right_Regular_(correct),Left,440,731,318,130572020,nan,nan,nan
9/30/2026 4:22:08,1.17.3,StopSig,76,4.04,2,1,Pellet,Left,440,731,319,130572020,0.11,26,nan
9/30/2026 4:22:35,1.17.3,StopSig,76,4.05,nan,1,>Left_Stop_trial,Left,441,731,319,130600195,nan,nan,nan
9/30/2026 4:22:36,1.17.3,StopSig,76,4.05,nan,1,Right_STOP_(incorrect),Left,441,732,319,130601047,nan,nan,nan
9/30/2026 4:27:33,1.17.3,StopSig,76,4.05,nan,1,>Left_Regular_trial,Left,442,732,319,130898667,nan,nan,nan
9/30/2026 4:27:36,1.17.3,StopSig,76,4.05,nan,1,Right_Regular_(correct),Left,442,733,319,130901077,nan,nan,nan
9/30/2026 4:27:37,1.17.3,StopSig,76,4.04,2,1,Pellet,Left,442,733,320,130901077,0.39,329,nan
9/30/2026 4:27:59,1.17.3,StopSig,76,4.05,nan,1,Right_no_left,Left,442,734,320,130901077,nan,nan,nan
9/30/2026 4:28:00,1.17.3,StopSig,76,4.05,nan,1,Right_no_left,Left,442,735,320,130924564,nan,nan,nan
9/30/2026 4:29:04,1.17.3,StopSig,76,4.04,nan,1,>Left_Regular_trial,Left,443,735,320,130989649,nan,nan,nan
9/30/2026 4:29:07,1.17.3,StopSig,76,4.05,nan,1,Right_Regular_(correct),Left,443,736,320,130992062,nan,nan,nan
9/30/2026 4:29:08,1.17.3,StopSig,76,4.05,1,1,Pellet,Left,443,736,321,130992062,0.33,91,nan
9/30/2026 4:34:22,1.17.3,StopSig,76,4.05,nan,1,Right_no_left,Left,443,737,321,130992062,nan,nan,nan
9/30/2026 4:34:24,1.17.3,StopSig,76,4.05,nan,1,>Left_Regular_trial,Left,444,737,321,131309687,nan,nan,nan
9/30/2026 4:34:28,1.17.3,StopSig,76,4.05,nan,1,NoPoke_Regular_(incorrect),Left,444,737,321,131313227,nan,nan,nan
9/30/2026 4:38:09,1.17.3,StopSig,76,4.04,nan,1,Right_no_left,Left,444,738,321,131313227,nan,nan,nan
9/30/2026 4:38:11,1.17.3,StopSig,76,4.03,nan,1,>Left_Regular_trial,Left,445,738,321,131536424,nan,nan,nan
9/30/2026 4:38:15,1.17.3,StopSig,76,4.05,nan,1,NoPoke_Regular_(incorrect),Left,445,738,321,131540270,nan,nan,nan
9/30/2026 4:39:12,1.17.3,StopSig,76,4.05,nan,1,>Left_Regular_trial,Left,446,738,321,131597790,nan,nan,nan
9/30/2026 4:39:14,1.17.3,StopSig,76,4.05,nan,1,Right_Regular_(correct),Left,446,739,321,131599494,nan,nan,nan
9/30/2026 4:39:15,1.17.3,StopSig,76,4.05,1,1,Pellet,Left,446,739,322,131599494,0.22,607,nan
9/30/2026 4:44:31,1.17.3,StopSig,76,4.04,nan,1,Right_no_left,Left,446,740,322,131599494,nan,nan,nan
9/30/2026 4:46:30,1.17.3,StopSig,76,4.05,nan,1,>Left_Regular_trial,Left,447,740,322,132034970,nan,nan,nan
9/30/2026 4:46:31,1.17.3,StopSig,76,4.05,nan,1,Right_Regular_(correct),Left,447,741,322,132036106,nan,nan,nan
9/30/2026 4:46:34,1.17.3,StopSig,76,4.04,2,1,Pellet,Left,447,741,323,132036106,0.22,439,nan
9/30/2026 4:46:51,1.17.3,StopSig,76,4.05,nan,1,>Left_Regular_trial,Left,448,741,323,132056061,nan,nan,nan
9/30/2026 4:46:51,1.17.3,StopSig,76,4.04,nan,1,Right_Regular_(correct),Left,448,742,323,132056772,nan,nan,nan
9/30/2026 4:46:52,1.17.3,StopSig,76,4.05,1,1,Pellet,Left,448,742,324,132056772,0.27,18,nan
9/30/2026 4:49:04,1.17.3,StopSig,76,4.05,nan,1,>Left_Regular_trial,Left,449,742,324,132189072,nan,nan,nan
9/30/2026 4:49:05,1.17.3,StopSig,76,4.04,nan,1,Right_Regular_(correct),Left,449,743,324,132190208,nan,nan,nan
9/30/2026 4:49:06,1.17.3,StopSig,76,4.05,1,1,Pellet,Left,449,743,325,132190208,0.33,134,nan
9/30/2026 4:50:10,1.17.3,StopSig,76,4.04,nan,1,>Left_Stop_trial,Left,450,743,325,132254685,nan,nan,nan
9/30/2026 4:50:13,1.17.3,StopSig,76,4.05,nan,1,NoPoke_STOP_(correct),Left,450,743,325,132258286,nan,nan,nan
9/30/2026 4:50:14,1.17.3,StopSig,76,4.05,1,1,Pellet,Left,450,743,326,132258286,0.78,68,nan
9/30/2026 5:01:46,1.17.3,StopSig,76,4.05,nan,1,>Left_Regular_trial,Left,451,743,326,132951153,nan,nan,nan
9/30/2026 5:01:47,1.17.3,StopSig,76,4.05,nan,1,Right_Regular_(correct),Left,451,744,326,132952289,nan,nan,nan
9/30/2026 5:01:48,1.17.3,StopSig,76,4.05,1,1,Pellet,Left,451,744,327,132952289,0.33,694,nan
9/30/2026 5:02:09,1.17.3,StopSig,76,4.04,nan,1,>Left_Regular_trial,Left,452,744,327,132974019,nan,nan,nan
9/30/2026 5:02:12,1.17.3,StopSig,76,4.05,nan,1,NoPoke_Regular_(incorrect),Left,452,744,327,132977282,nan,nan,nan
9/30/2026 5:09:27,1.17.3,StopSig,76,4.04,nan,1,>Left_Regular_trial,Left,453,744,327,133412340,nan,nan,nan
9/30/2026 5:09:30,1.17.3,StopSig,76,4.05,nan,1,Right_Regular_(correct),Left,453,745,327,133415461,nan,nan,nan
9/30/2026 5:09:33,1.17.3,StopSig,76,4.05,2,1,Pellet,Left,453,745,328,133415461,0.33,465,nan
9/30/2026 5:09:53,1.17.3,StopSig,76,4.04,nan,1,>Left_Stop_trial,Left,454,745,328,133437719,nan,nan,nan
9/30/2026 5:09:56,1.17.3,StopSig,76,4.05,nan,1,NoPoke_STOP_(correct),Left,454,745,328,133441334,nan,nan,nan
9/30/2026 5:09:57,1.17.3,StopSig,76,4.05,1,1,Pellet,Left,454,745,329,133441334,0.39,24,nan
9/30/2026 5:12:33,1.17.3,StopSig,76,4.05,nan,1,>Left_Regular_trial,Left,455,745,329,133598084,nan,nan,nan
9/30/2026 5:12:36,1.17.3,StopSig,76,4.05,nan,1,NoPoke_Regular_(incorrect),Left,455,745,329,133601353,nan,nan,nan
9/30/2026 5:14:07,1.17.3,StopSig,76,4.04,nan,1,Right_no_left,Left,455,746,329,133601353,nan,nan,nan
9/30/2026 5:14:08,1.17.3,StopSig,76,4.05,nan,1,Right_no_left,Left,455,747,329,133692466,nan,nan,nan
9/30/2026 5:16:57,1.17.3,StopSig,76,4.04,nan,1,>Left_Regular_trial,Left,456,747,329,133862033,nan,nan,nan
9/30/2026 5:16:57,1.17.3,StopSig,76,4.04,nan,1,Right_Regular_(correct),Left,456,748,329,133862745,nan,nan,nan
9/30/2026 5:16:58,1.17.3,StopSig,76,4.04,1,1,Pellet,Left,456,748,330,133862745,0.44,421,nan
9/30/2026 5:17:29,1.17.3,StopSig,76,4.04,nan,1,>Left_Regular_trial,Left,457,748,330,133894012,nan,nan,nan
9/30/2026 5:17:32,1.17.3,StopSig,76,4.05,nan,1,NoPoke_Regular_(incorrect),Left,457,748,330,133897413,nan,nan,nan
9/30/2026 6:34:40,1.17.3,StopSig,76,4.05,nan,1,Right_no_left,Left,457,749,330,133897413,nan,nan,nan
9/30/2026 6:34:42,1.17.3,StopSig,76,4.04,nan,1,>Left_Regular_trial,Left,458,749,330,138527926,nan,nan,nan
9/30/2026 6:34:44,1.17.3,StopSig,76,4.04,nan,1,Right_Regular_(correct),Left,458,750,330,138529779,nan,nan,nan
9/30/2026 6:34:44,1.17.3,StopSig,76,4.05,nan,1,RightDuringDispense,Left,458,751,330,138529779,nan,nan,0.02
9/30/2026 6:34:45,1.17.3,StopSig,76,4.05,1,1,Pellet,Left,458,751,331,138529779,0.44,4667,nan
9/30/2026 6:35:29,1.17.3,StopSig,76,4.04,nan,1,>Left_Regular_trial,Left,459,751,331,138575217,nan,nan,nan
9/30/2026 6:35:32,1.17.3,StopSig,76,4.04,nan,1,Right_Regular_(correct),Left,459,752,331,138578195,nan,nan,nan
9/30/2026 6:35:35,1.17.3,StopSig,76,4.04,2,1,Pellet,Left,459,752,332,138578195,0.22,50,nan
9/30/2026 6:36:06,1.17.3,StopSig,76,4.04,nan,1,Right_no_left,Left,459,753,332,138578195,nan,nan,nan
9/30/2026 6:36:07,1.17.3,StopSig,76,4.05,nan,1,Right_no_left,Left,459,754,332,138611730,nan,nan,nan
9/30/2026 6:36:08,1.17.3,StopSig,76,4.04,nan,1,Right_no_left,Left,459,755,332,138613152,nan,nan,nan
9/30/2026 6:36:11,1.17.3,StopSig,76,4.04,nan,1,>Left_Regular_trial,Left,460,755,332,138616420,nan,nan,nan
9/30/2026 6:36:13,1.17.3,StopSig,76,4.05,nan,1,Right_Regular_(correct),Left,460,756,332,138618701,nan,nan,nan
9/30/2026 6:36:14,1.17.3,StopSig,76,4.04,1,1,Pellet,Left,460,756,333,138618701,0.50,39,nan
9/30/2026 6:36:38,1.17.3,StopSig,76,4.04,nan,1,>Left_Regular_trial,Left,461,756,333,138644068,nan,nan,nan
9/30/2026 6:36:39,1.17.3,StopSig,76,4.05,nan,1,Right_Regular_(correct),Left,461,757,333,138645347,nan,nan,nan
9/30/2026 6:36:40,1.17.3,StopSig,76,4.04,1,1,Pellet,Left,461,757,334,138645347,0.27,26,nan
9/30/2026 6:37:15,1.17.3,StopSig,76,4.04,nan,1,>Left_Regular_trial,Left,462,757,334,138680348,nan,nan,nan
9/30/2026 6:37:16,1.17.3,StopSig,76,4.04,nan,1,Right_Regular_(correct),Left,462,758,334,138681485,nan,nan,nan
9/30/2026 6:37:17,1.17.3,StopSig,76,4.04,1,1,Pellet,Left,462,758,335,138681485,0.11,37,nan
9/30/2026 6:37:57,1.17.3,StopSig,76,4.04,nan,1,>Left_Regular_trial,Left,463,758,335,138722864,nan,nan,nan
9/30/2026 6:37:58,1.17.3,StopSig,76,4.04,nan,1,Right_Regular_(correct),Left,463,759,335,138723718,nan,nan,nan
9/30/2026 6:37:59,1.17.3,StopSig,76,4.04,2,1,Pellet,Left,463,759,336,138723718,0.61,42,nan
9/30/2026 6:38:30,1.17.3,StopSig,76,4.04,nan,1,>Left_Stop_trial,Left,464,759,336,138755558,nan,nan,nan
9/30/2026 6:38:31,1.17.3,StopSig,76,4.05,nan,1,Right_STOP_(incorrect),Left,464,760,336,138756456,nan,nan,nan
9/30/2026 6:39:01,1.17.3,StopSig,76,4.04,nan,1,>Left_Stop_trial,Left,465,760,336,138786767,nan,nan,nan
9/30/2026 6:39:05,1.17.3,StopSig,76,4.04,nan,1,NoPoke_STOP_(correct),Left,465,760,336,138790624,nan,nan,nan
9/30/2026 6:39:06,1.17.3,StopSig,76,4.04,1,1,Pellet,Left,465,760,337,138790624,0.44,67,nan
9/30/2026 6:39:33,1.17.3,StopSig,76,4.04,nan,1,>Left_Regular_trial,Left,466,760,337,138818923,nan,nan,nan
9/30/2026 6:39:34,1.17.3,StopSig,76,4.04,nan,1,Right_Regular_(correct),Left,466,761,337,138820345,nan,nan,nan
9/30/2026 6:39:35,1.17.3,StopSig,76,4.04,1,1,Pellet,Left,466,761,338,138820345,0.27,29,nan
9/30/2026 6:39:57,1.17.3,StopSig,76,4.04,nan,1,>Left_Regular_trial,Left,467,761,338,138842369,nan,nan,nan
9/30/2026 6:39:58,1.17.3,StopSig,76,4.04,nan,1,Right_Regular_(correct),Left,467,762,338,138843654,nan,nan,nan
9/30/2026 6:39:59,1.17.3,StopSig,76,4.04,1,1,Pellet,Left,467,762,339,138843654,0.50,24,nan
9/30/2026 6:40:41,1.17.3,StopSig,76,4.04,nan,1,Right_no_left,Left,467,763,339,138843654,nan,nan,nan
9/30/2026 6:40:42,1.17.3,StopSig,76,4.04,nan,1,Right_no_left,Left,467,764,339,138886964,nan,nan,nan
9/30/2026 6:40:43,1.17.3,StopSig,76,4.04,nan,1,>Left_Regular_trial,Left,468,764,339,138889095,nan,nan,nan
9/30/2026 6:40:45,1.17.3,StopSig,76,4.05,nan,1,Right_Regular_(correct),Left,468,765,339,138891374,nan,nan,nan
9/30/2026 6:40:47,1.17.3,StopSig,76,4.04,1,1,Pellet,Left,468,765,340,138891374,1.00,48,nan
9/30/2026 6:41:14,1.17.3,StopSig,76,4.04,nan,1,Right_no_left,Left,468,766,340,138891374,nan,nan,nan
9/30/2026 6:41:15,1.17.3,StopSig,76,4.04,nan,1,Right_no_left,Left,468,767,340,138920177,nan,nan,nan
9/30/2026 6:41:16,1.17.3,StopSig,76,4.04,nan,1,Right_no_left,Left,468,768,340,138921031,nan,nan,nan
9/30/2026 6:41:18,1.17.3,StopSig,76,4.04,nan,1,Right_no_left,Left,468,769,340,138921891,nan,nan,nan
9/30/2026 6:41:20,1.17.3,StopSig,76,4.04,nan,1,>Left_Regular_trial,Left,469,769,340,138925439,nan,nan,nan
9/30/2026 6:41:21,1.17.3,StopSig,76,4.03,nan,1,Right_Regular_(correct),Left,469,770,340,138926860,nan,nan,nan
9/30/2026 6:41:24,1.17.3,StopSig,76,4.04,2,1,Pellet,Left,469,770,341,138926860,0.05,37,nan
9/30/2026 6:41:52,1.17.3,StopSig,76,4.04,nan,1,>Left_Stop_trial,Left,470,770,341,138957351,nan,nan,nan
9/30/2026 6:41:55,1.17.3,StopSig,76,4.04,nan,1,NoPoke_STOP_(correct),Left,470,770,341,138960687,nan,nan,nan
9/30/2026 6:41:56,1.17.3,StopSig,76,4.04,1,1,Pellet,Left,470,770,342,138960687,0.72,32,nan
9/30/2026 6:42:19,1.17.3,StopSig,76,4.05,nan,1,>Left_Regular_trial,Left,471,770,342,138984955,nan,nan,nan
9/30/2026 6:42:20,1.17.3,StopSig,76,4.04,nan,1,Right_Regular_(correct),Left,471,771,342,138986232,nan,nan,nan
9/30/2026 6:42:23,1.17.3,StopSig,76,4.04,2,1,Pellet,Left,471,771,343,138986232,0.05,27,nan
9/30/2026 6:42:46,1.17.3,StopSig,76,4.04,nan,1,>Left_Regular_trial,Left,472,771,343,139011403,nan,nan,nan
9/30/2026 6:42:47,1.17.3,StopSig,76,4.05,nan,1,Right_Regular_(correct),Left,472,772,343,139012821,nan,nan,nan
9/30/2026 6:42:48,1.17.3,StopSig,76,4.05,1,1,Pellet,Left,472,772,344,139012821,0.22,25,nan
9/30/2026 6:43:17,1.17.3,StopSig,76,4.05,nan,1,>Left_Regular_trial,Left,473,772,344,139042419,nan,nan,nan
9/30/2026 6:43:18,1.17.3,StopSig,76,4.04,nan,1,Right_Regular_(correct),Left,473,773,344,139043566,nan,nan,nan
9/30/2026 6:43:19,1.17.3,StopSig,76,4.04,1,1,Pellet,Left,473,773,345,139043566,0.16,31,nan
9/30/2026 6:44:11,1.17.3,StopSig,76,4.04,nan,1,>Left_Regular_trial,Left,474,773,345,139096932,nan,nan,nan
9/30/2026 6:44:12,1.17.3,StopSig,76,4.04,nan,1,Right_Regular_(correct),Left,474,774,345,139097784,nan,nan,nan
9/30/2026 6:44:13,1.17.3,StopSig,76,4.04,1,1,Pellet,Left,474,774,346,139097784,0.16,54,nan
9/30/2026 6:44:39,1.17.3,StopSig,76,4.04,nan,1,Right_no_left,Left,474,775,346,139097784,nan,nan,nan
9/30/2026 6:44:40,1.17.3,StopSig,76,4.05,nan,1,Right_no_left,Left,474,776,346,139125141,nan,nan,nan
9/30/2026 7:05:47,1.17.3,StopSig,76,4.04,nan,1,>Left_Stop_trial,Left,475,776,346,140392594,nan,nan,nan
9/30/2026 7:05:51,1.17.3,StopSig,76,4.04,nan,1,NoPoke_STOP_(correct),Left,475,776,346,140396667,nan,nan,nan
9/30/2026 7:05:52,1.17.3,StopSig,76,4.05,1,1,Pellet,Left,475,776,347,140396667,0.83,1299,nan
9/30/2026 7:06:14,1.17.3,StopSig,76,4.05,nan,1,>Left_Regular_trial,Left,476,776,347,140419868,nan,nan,nan
9/30/2026 7:06:18,1.17.3,StopSig,76,4.04,nan,1,NoPoke_Regular_(incorrect),Left,476,776,347,140423702,nan,nan,nan
9/30/2026 7:17:12,1.17.3,StopSig,76,4.04,nan,1,>Left_Regular_trial,Left,477,776,347,141077702,nan,nan,nan
9/30/2026 7:17:16,1.17.3,StopSig,76,4.04,nan,1,NoPoke_Regular_(incorrect),Left,477,776,347,141081805,nan,nan,nan
9/30/2026 7:19:23,1.17.3,StopSig,76,4.04,nan,1,>Left_Regular_trial,Left,478,776,347,141208734,nan,nan,nan
9/30/2026 7:19:25,1.17.3,StopSig,76,4.04,nan,1,Right_Regular_(correct),Left,478,777,347,141210594,nan,nan,nan
9/30/2026 7:19:26,1.17.3,StopSig,76,4.04,1,1,Pellet,Left,478,777,348,141210594,0.72,814,nan
9/30/2026 7:19:56,1.17.3,StopSig,76,4.04,nan,1,>Left_Regular_trial,Left,479,777,348,141242273,nan,nan,nan
9/30/2026 7:19:57,1.17.3,StopSig,76,4.04,nan,1,Right_Regular_(correct),Left,479,778,348,141243266,nan,nan,nan
9/30/2026 7:19:59,1.17.3,StopSig,76,4.04,1,1,Pellet,Left,479,778,349,141243266,0.66,33,nan
9/30/2026 8:27:54,1.17.3,StopSig,76,4.04,nan,1,Right_no_left,Left,479,779,349,141243266,nan,nan,nan
9/30/2026 8:27:55,1.17.3,StopSig,76,4.04,nan,1,Right_no_left,Left,479,780,349,145320376,nan,nan,nan
9/30/2026 8:28:00,1.17.3,StopSig,76,4.05,nan,1,Right_no_left,Left,479,781,349,145321513,nan,nan,nan
9/30/2026 8:28:02,1.17.3,StopSig,76,4.04,nan,1,Right_no_left,Left,479,782,349,145326480,nan,nan,nan
9/30/2026 8:28:02,1.17.3,StopSig,76,4.04,nan,1,Right_no_left,Left,479,783,349,145328043,nan,nan,nan
9/30/2026 8:51:45,1.17.3,StopSig,76,4.04,nan,1,Right_no_left,Left,479,784,349,145328619,nan,nan,nan
9/30/2026 8:51:48,1.17.3,StopSig,76,4.05,nan,1,>Left_Regular_trial,Left,480,784,349,146754588,nan,nan,nan
9/30/2026 8:51:52,1.17.3,StopSig,76,4.05,nan,1,NoPoke_Regular_(incorrect),Left,480,784,349,146757995,nan,nan,nan
9/30/2026 8:53:10,1.17.3,StopSig,76,4.04,nan,1,Right_no_left,Left,480,785,349,146757995,nan,nan,nan
9/30/2026 8:53:17,1.17.3,StopSig,76,4.04,nan,1,>Left_Stop_trial,Left,481,785,349,146843243,nan,nan,nan
9/30/2026 8:53:21,1.17.3,StopSig,76,4.04,nan,1,NoPoke_STOP_(correct),Left,481,785,349,146846964,nan,nan,nan
9/30/2026 8:53:24,1.17.3,StopSig,76,4.04,2,1,Pellet,Left,481,785,350,146846964,0.61,5605,nan
9/30/2026 8:53:43,1.17.3,StopSig,76,4.04,nan,1,Right_no_left,Left,481,786,350,146846964,nan,nan,nan
9/30/2026 8:53:44,1.17.3,StopSig,76,4.04,nan,1,Right_no_left,Left,481,787,350,146869431,nan,nan,nan
9/30/2026 8:53:46,1.17.3,StopSig,76,4.04,nan,1,>Left_Regular_trial,Left,482,787,350,146871845,nan,nan,nan
9/30/2026 8:53:47,1.17.3,StopSig,76,4.04,nan,1,Right_Regular_(correct),Left,482,788,350,146873274,nan,nan,nan
9/30/2026 8:53:48,1.17.3,StopSig,76,4.04,1,1,Pellet,Left,482,788,351,146873274,0.27,24,nan
9/30/2026 8:54:20,1.17.3,StopSig,76,4.05,nan,1,>Left_Regular_trial,Left,483,788,351,146906129,nan,nan,nan
9/30/2026 8:54:21,1.17.3,StopSig,76,4.04,nan,1,Right_Regular_(correct),Left,483,789,351,146907409,nan,nan,nan
9/30/2026 8:54:22,1.17.3,StopSig,76,4.04,1,1,Pellet,Left,483,789,352,146907409,0.33,34,nan
9/30/2026 8:54:43,1.17.3,StopSig,76,4.04,nan,1,>Left_Regular_trial,Left,484,789,352,146929303,nan,nan,nan
9/30/2026 8:54:45,1.17.3,StopSig,76,4.04,nan,1,Right_Regular_(correct),Left,484,790,352,146930878,nan,nan,nan
9/30/2026 8:54:46,1.17.3,StopSig,76,4.04,1,1,Pellet,Left,484,790,353,146930878,0.16,23,nan
9/30/2026 8:55:11,1.17.3,StopSig,76,4.04,nan,1,>Left_Regular_trial,Left,485,790,353,146957203,nan,nan,nan
9/30/2026 8:55:14,1.17.3,StopSig,76,4.04,nan,1,Right_Regular_(correct),Left,485,791,353,146960613,nan,nan,nan
9/30/2026 8:55:15,1.17.3,StopSig,76,4.04,1,1,Pellet,Left,485,791,354,146960613,0.16,30,nan
9/30/2026 8:55:42,1.17.3,StopSig,76,4.04,nan,1,>Left_Regular_trial,Left,486,791,354,146988535,nan,nan,nan
9/30/2026 8:55:44,1.17.3,StopSig,76,4.04,nan,1,Right_Regular_(correct),Left,486,792,354,146990240,nan,nan,nan
9/30/2026 8:55:47,1.17.3,StopSig,76,3.98,nan,1,RightDuringDispense,Left,486,793,354,146990240,nan,nan,0.00
9/30/2026 8:55:47,1.17.3,StopSig,76,4.04,2,1,Pellet,Left,486,793,355,146990240,0.05,32,nan
9/30/2026 8:56:07,1.17.3,StopSig,76,4.04,nan,1,>Left_Regular_trial,Left,487,793,355,147013210,nan,nan,nan
9/30/2026 8:56:09,1.17.3,StopSig,76,4.04,nan,1,Right_Regular_(correct),Left,487,794,355,147014916,nan,nan,nan
9/30/2026 8:56:12,1.17.3,StopSig,76,4.05,2,1,Pellet,Left,487,794,356,147014916,0.11,25,nan
9/30/2026 8:56:32,1.17.3,StopSig,76,4.04,nan,1,>Left_Regular_trial,Left,488,794,356,147037901,nan,nan,nan
9/30/2026 8:56:33,1.17.3,StopSig,76,4.04,nan,1,Right_Regular_(correct),Left,488,795,356,147039182,nan,nan,nan
9/30/2026 8:56:34,1.17.3,StopSig,76,4.04,1,1,Pellet,Left,488,795,357,147039182,0.44,22,nan
9/30/2026 9:09:23,1.17.3,StopSig,76,4.04,nan,1,>Left_Regular_trial,Left,489,795,357,147809462,nan,nan,nan
9/30/2026 9:09:27,1.17.3,StopSig,76,4.04,nan,1,NoPoke_Regular_(incorrect),Left,489,795,357,147813013,nan,nan,nan
9/30/2026 9:24:12,1.17.3,StopSig,76,4.04,nan,1,Right_no_left,Left,489,796,357,147813013,nan,nan,nan
9/30/2026 9:24:15,1.17.3,StopSig,76,4.04,nan,1,>Left_Regular_trial,Left,490,796,357,148701215,nan,nan,nan
9/30/2026 9:24:19,1.17.3,StopSig,76,4.04,nan,1,NoPoke_Regular_(incorrect),Left,490,796,357,148705053,nan,nan,nan
9/30/2026 9:26:19,1.17.3,StopSig,76,4.04,nan,1,Right_no_left,Left,490,797,357,148705053,nan,nan,nan
9/30/2026 9:26:52,1.17.3,StopSig,76,4.04,nan,1,Right_no_left,Left,490,798,357,148825751,nan,nan,nan
9/30/2026 9:27:33,1.17.3,StopSig,76,4.04,nan,1,Right_no_left,Left,490,799,357,148858089,nan,nan,nan
9/30/2026 9:27:38,1.17.3,StopSig,76,4.04,nan,1,>Left_Regular_trial,Left,491,799,357,148903909,nan,nan,nan
9/30/2026 9:27:41,1.17.3,StopSig,76,4.04,nan,1,NoPoke_Regular_(incorrect),Left,491,799,357,148907177,nan,nan,nan
9/30/2026 9:28:32,1.17.3,StopSig,76,4.05,nan,1,Right_no_left,Left,491,800,357,148907177,nan,nan,nan
9/30/2026 9:28:33,1.17.3,StopSig,76,4.03,nan,1,>Left_Regular_trial,Left,492,800,357,148959327,nan,nan,nan
9/30/2026 9:28:37,1.17.3,StopSig,76,4.04,nan,1,NoPoke_Regular_(incorrect),Left,492,800,357,148963163,nan,nan,nan
