MM:DD:YYYY hh:mm:ss,Library_Version,Session_type,Device_Number,Battery_Voltage,Motor_Turns,FR,Event,Active_Poke,Left_Poke_Count,Right_Poke_Count,Pellet_Count,Block_Pellet_Count,Retrieval_Time,InterPelletInterval,Poke_Time
8/17/2026 13:28:45,1.17.3,LeftRight,67,4.04,nan,1,Left,Left,1,0,0,2887901,nan,nan,0.00
8/17/2026 13:29:44,1.17.3,LeftRight,67,4.04,nan,1,RESET,Left,1,0,0,2947265,nan,nan,nan
8/17/2026 13:35:23,1.17.3,LeftRight,67,4.03,nan,1,Left,Left,2,0,0,3286231,nan,nan,0.00
8/17/2026 13:36:22,1.17.3,LeftRight,67,4.03,nan,1,RESET,Left,2,0,0,3345201,nan,nan,nan
8/17/2026 13:52:34,1.17.3,LeftRight,67,4.04,nan,1,Right,Left,2,1,0,4316796,nan,nan,0.75
8/17/2026 14:04:00,1.17.3,LeftRight,67,4.03,nan,1,Right,Left,2,2,0,5003009,nan,nan,0.37
8/17/2026 14:28:49,1.17.3,LeftRight,67,4.03,nan,1,Left,Left,3,2,0,6492717,nan,nan,0.00
8/17/2026 14:28:50,1.17.3,LeftRight,67,4.03,nan,1,Left,Left,4,2,0,6493609,nan,nan,0.00
8/17/2026 14:28:51,1.17.3,LeftRight,67,4.03,nan,1,Left,Left,5,2,0,6494099,nan,nan,0.00
8/17/2026 14:29:29,1.17.3,LeftRight,67,4.03,nan,1,Left,Left,6,2,0,6532174,nan,nan,0.00
8/17/2026 14:29:46,1.17.3,LeftRight,67,4.03,nan,1,Right,Left,6,3,0,6549335,nan,nan,0.15
8/17/2026 14:30:29,1.17.3,LeftRight,67,4.03,3,1,Pellet,Left,6,3,1,6549335,37.91,nan,nan
8/17/2026 14:41:19,1.17.3,LeftRight,67,4.03,nan,1,Right,Left,6,4,1,7242313,nan,nan,0.47
8/17/2026 14:43:09,1.17.3,LeftRight,67,4.03,nan,1,Left,Left,7,4,1,7352628,nan,nan,0.00
8/17/2026 14:43:10,1.17.3,LeftRight,67,4.03,nan,1,Left,Left,8,4,1,7353225,nan,nan,0.00
8/17/2026 14:43:35,1.17.3,LeftRight,67,4.03,nan,1,Right,Left,8,5,1,7377515,nan,nan,0.47
8/17/2026 14:43:50,1.17.3,LeftRight,67,4.03,1,1,Pellet,Left,8,5,2,7377515,15.17,801,nan
8/17/2026 14:46:15,1.17.3,LeftRight,67,4.03,nan,1,Left,Left,9,5,2,7538380,nan,nan,0.00
8/17/2026 14:47:14,1.17.3,LeftRight,67,4.03,nan,1,RESET,Left,9,5,2,7597464,nan,nan,nan
8/17/2026 15:00:18,1.17.3,LeftRight,67,4.03,nan,1,Right,Left,9,6,2,8380930,nan,nan,0.51
8/17/2026 15:00:19,1.17.3,LeftRight,67,4.03,nan,1,Right,Left,9,7,2,8382221,nan,nan,0.60
8/17/2026 15:00:22,1.17.3,LeftRight,67,4.03,nan,1,Right,Left,9,8,2,8384352,nan,nan,0.72
8/17/2026 15:00:23,1.17.3,LeftRight,67,4.03,nan,1,Right,Left,9,9,2,8386002,nan,nan,0.12
8/17/2026 15:01:58,1.17.3,LeftRight,67,4.03,nan,1,Left,Left,10,9,2,8481219,nan,nan,0.00
8/17/2026 15:02:26,1.17.3,LeftRight,67,4.03,nan,1,Left,Left,11,9,2,8509821,nan,nan,0.00
8/17/2026 15:03:26,1.17.3,LeftRight,67,4.03,nan,1,RESET,Left,11,9,2,8569536,nan,nan,nan
8/17/2026 15:09:30,1.17.3,LeftRight,67,4.03,nan,1,Left,Left,12,9,2,8933633,nan,nan,0.00
8/17/2026 15:10:30,1.17.3,LeftRight,67,4.03,nan,1,RESET,Left,12,9,2,8993527,nan,nan,nan
8/17/2026 15:20:53,1.17.3,LeftRight,67,4.03,nan,1,Right,Left,12,10,2,9616634,nan,nan,0.25
8/17/2026 15:20:55,1.17.3,LeftRight,67,4.03,nan,1,Right,Left,12,11,2,9617664,nan,nan,0.44
8/17/2026 15:21:08,1.17.3,LeftRight,67,4.03,nan,1,Left,Left,13,11,2,9631972,nan,nan,0.00
8/17/2026 15:21:13,1.17.3,LeftRight,67,4.03,nan,1,Left,Left,14,11,2,9636441,nan,nan,0.00
8/17/2026 15:21:15,1.17.3,LeftRight,67,4.03,nan,1,Left,Left,15,11,2,9638393,nan,nan,0.00
8/17/2026 15:21:19,1.17.3,LeftRight,67,4.03,nan,1,Left,Left,16,11,2,9642206,nan,nan,0.00
8/17/2026 15:22:18,1.17.3,LeftRight,67,4.03,nan,1,RESET,Left,16,11,2,9701521,nan,nan,nan
8/17/2026 15:28:00,1.17.3,LeftRight,67,4.03,nan,1,Left,Left,17,11,2,10043158,nan,nan,0.00
8/17/2026 15:28:59,1.17.3,LeftRight,67,4.03,nan,1,RESET,Left,17,11,2,10102487,nan,nan,nan
8/17/2026 15:30:29,1.17.3,LeftRight,67,4.03,nan,1,Right,Left,17,12,2,10192907,nan,nan,0.00
8/17/2026 15:31:41,1.17.3,LeftRight,67,4.02,nan,1,Left,Left,18,12,2,10264381,nan,nan,0.00
8/17/2026 15:32:24,1.17.3,LeftRight,67,4.02,nan,1,Left,Left,19,12,2,10307354,nan,nan,0.00
8/17/2026 15:32:29,1.17.3,LeftRight,67,4.03,nan,1,Left,Left,20,12,2,10312600,nan,nan,0.00
8/17/2026 15:33:29,1.17.3,LeftRight,67,4.03,nan,1,RESET,Left,20,12,2,10372615,nan,nan,nan
8/17/2026 15:40:23,1.17.3,LeftRight,67,4.02,nan,1,Right,Left,20,13,2,10786927,nan,nan,0.00
8/17/2026 15:41:09,1.17.3,LeftRight,67,4.02,nan,1,Left,Left,21,13,2,10832801,nan,nan,0.00
8/17/2026 15:41:19,1.17.3,LeftRight,67,4.02,nan,1,Left,Left,22,13,2,10842662,nan,nan,0.00
8/17/2026 15:42:19,1.17.3,LeftRight,67,4.02,nan,1,RESET,Left,22,13,2,10902628,nan,nan,nan
8/17/2026 15:54:18,1.17.3,LeftRight,67,4.02,nan,1,Right,Left,22,14,2,11622002,nan,nan,0.05
8/17/2026 15:54:40,1.17.3,LeftRight,67,4.03,nan,1,Left,Left,23,14,2,11643624,nan,nan,0.00
8/17/2026 15:55:39,1.17.3,LeftRight,67,4.03,nan,1,RESET,Left,23,14,2,11702591,nan,nan,nan
8/17/2026 15:55:49,1.17.3,LeftRight,67,4.03,nan,1,Right,Left,23,15,2,11712264,nan,nan,0.35
8/17/2026 15:55:50,1.17.3,LeftRight,67,4.03,nan,1,Right,Left,23,16,2,11713397,nan,nan,0.46
8/17/2026 15:55:52,1.17.3,LeftRight,67,4.02,nan,1,Right,Left,23,17,2,11715078,nan,nan,0.16
8/17/2026 15:55:58,1.17.3,LeftRight,67,4.02,nan,1,Left,Left,24,17,2,11721193,nan,nan,0.00
8/17/2026 15:56:04,1.17.3,LeftRight,67,4.03,nan,1,Right,Left,24,18,2,11727545,nan,nan,0.12
8/17/2026 15:56:16,1.17.3,LeftRight,67,4.02,1,1,Pellet,Left,24,18,3,11727545,11.45,4346,nan
8/17/2026 15:57:30,1.17.3,LeftRight,67,4.02,nan,1,Right,Left,24,19,3,11813233,nan,nan,0.21
8/17/2026 15:57:36,1.17.3,LeftRight,67,4.03,nan,1,Left,Left,25,19,3,11820149,nan,nan,0.00
8/17/2026 15:57:49,1.17.3,LeftRight,67,4.03,nan,1,Left,Left,26,19,3,11832350,nan,nan,0.00
8/17/2026 15:58:09,1.17.3,LeftRight,67,4.02,nan,1,Left,Left,27,19,3,11852381,nan,nan,0.00
8/17/2026 15:59:08,1.17.3,LeftRight,67,4.03,nan,1,RESET,Left,27,19,3,11911657,nan,nan,nan
8/17/2026 16:06:31,1.17.3,LeftRight,67,4.02,nan,1,Right,Left,27,20,3,12355137,nan,nan,0.01
8/17/2026 16:06:35,1.17.3,LeftRight,67,4.03,nan,1,Right,Left,27,21,3,12358434,nan,nan,0.48
8/17/2026 16:06:44,1.17.3,LeftRight,67,4.02,nan,1,Left,Left,28,21,3,12367281,nan,nan,0.00
8/17/2026 16:06:44,1.17.3,LeftRight,67,4.02,nan,1,Left,Left,29,21,3,12367929,nan,nan,0.00
8/17/2026 16:07:44,1.17.3,LeftRight,67,4.02,nan,1,RESET,Left,29,21,3,12427649,nan,nan,nan
8/17/2026 16:24:39,1.17.3,LeftRight,67,4.02,nan,1,Left,Left,30,21,3,13442778,nan,nan,0.00
8/17/2026 16:25:39,1.17.3,LeftRight,67,4.02,nan,1,RESET,Left,30,21,3,13502657,nan,nan,nan
8/17/2026 16:34:19,1.17.3,LeftRight,67,4.02,nan,1,Left,Left,31,21,3,14023215,nan,nan,0.00
8/17/2026 16:34:38,1.17.3,LeftRight,67,4.02,nan,1,Left,Left,32,21,3,14041823,nan,nan,0.00
8/17/2026 16:35:37,1.17.3,LeftRight,67,4.02,nan,1,RESET,Left,32,21,3,14100666,nan,nan,nan
8/17/2026 16:38:48,1.17.3,LeftRight,67,4.02,nan,1,Right,Left,32,22,3,14290399,nan,nan,1.41
8/17/2026 16:39:42,1.17.3,LeftRight,67,4.02,nan,1,Left,Left,33,22,3,14345312,nan,nan,0.00
8/17/2026 16:39:43,1.17.3,LeftRight,67,4.02,nan,1,Left,Left,34,22,3,14346407,nan,nan,0.00
8/17/2026 16:40:42,1.17.3,LeftRight,67,4.02,nan,1,RESET,Left,34,22,3,14405714,nan,nan,nan
8/17/2026 17:20:34,1.17.3,LeftRight,67,4.02,nan,1,Right,Left,34,23,3,16796689,nan,nan,0.86
8/17/2026 17:20:35,1.17.3,LeftRight,67,4.02,nan,1,Right,Left,34,24,3,16798186,nan,nan,0.18
8/17/2026 17:20:35,1.17.3,LeftRight,67,4.02,nan,1,Right,Left,34,25,3,16798857,nan,nan,0.00
8/17/2026 17:59:31,1.17.3,LeftRight,67,4.01,nan,1,Left,Left,35,25,3,19134479,nan,nan,0.00
8/17/2026 18:00:30,1.17.3,LeftRight,67,4.01,nan,1,RESET,Left,35,25,3,19193953,nan,nan,nan
8/17/2026 18:02:28,1.17.3,LeftRight,67,4.02,nan,1,Left,Left,36,25,3,19312158,nan,nan,0.00
8/17/2026 18:03:05,1.17.3,LeftRight,67,4.01,nan,1,Left,Left,37,25,3,19349164,nan,nan,0.00
8/17/2026 18:03:31,1.17.3,LeftRight,67,4.02,nan,1,Right,Left,37,26,3,19374447,nan,nan,0.04
8/17/2026 18:03:31,1.17.3,LeftRight,67,4.02,nan,1,RightDuringDispense,Left,37,27,3,19374447,nan,nan,0.40
8/17/2026 18:03:36,1.17.3,LeftRight,67,4.01,1,1,Pellet,Left,37,27,4,19374447,4.37,7640,nan
8/17/2026 18:04:42,1.17.3,LeftRight,67,4.02,nan,1,Left,Left,38,27,4,19446093,nan,nan,0.00
8/17/2026 18:05:06,1.17.3,LeftRight,67,4.02,nan,1,Left,Left,39,27,4,19469782,nan,nan,0.00
8/17/2026 18:05:48,1.17.3,LeftRight,67,4.01,nan,1,Right,Left,39,28,4,19511194,nan,nan,0.47
8/17/2026 18:05:51,1.17.3,LeftRight,67,4.02,1,1,Pellet,Left,39,28,5,19511194,2.45,135,nan
8/17/2026 18:06:56,1.17.3,LeftRight,67,4.02,nan,1,Right,Left,39,29,5,19579741,nan,nan,0.57
8/17/2026 18:07:04,1.17.3,LeftRight,67,4.02,nan,1,Left,Left,40,29,5,19587656,nan,nan,0.00
8/17/2026 18:08:02,1.17.3,LeftRight,67,4.01,nan,1,RESET,Left,40,29,5,19645939,nan,nan,nan
8/17/2026 18:08:13,1.17.3,LeftRight,67,4.02,nan,1,Right,Left,40,30,5,19656206,nan,nan,0.41
8/17/2026 18:10:40,1.17.3,LeftRight,67,4.02,nan,1,Right,Left,40,31,5,19803818,nan,nan,0.20
8/17/2026 18:20:23,1.17.3,LeftRight,67,4.01,nan,1,Right,Left,40,32,5,20387209,nan,nan,0.00
8/17/2026 18:20:29,1.17.3,LeftRight,67,4.02,nan,1,Right,Left,40,33,5,20392548,nan,nan,0.21
8/17/2026 18:20:31,1.17.3,LeftRight,67,4.01,nan,1,Right,Left,40,34,5,20394718,nan,nan,0.74
8/17/2026 18:20:32,1.17.3,LeftRight,67,4.01,nan,1,Right,Left,40,35,5,20396246,nan,nan,0.17
8/17/2026 18:20:34,1.17.3,LeftRight,67,4.01,nan,1,Right,Left,40,36,5,20397792,nan,nan,0.02
8/17/2026 18:20:34,1.17.3,LeftRight,67,4.02,nan,1,Right,Left,40,37,5,20398301,nan,nan,0.02
8/17/2026 18:20:36,1.17.3,LeftRight,67,4.01,nan,1,Right,Left,40,38,5,20400280,nan,nan,0.21
8/17/2026 18:20:39,1.17.3,LeftRight,67,4.01,nan,1,Right,Left,40,39,5,20402166,nan,nan,0.41
8/17/2026 18:20:46,1.17.3,LeftRight,67,4.01,nan,1,Right,Left,40,40,5,20410404,nan,nan,0.04
8/17/2026 18:20:48,1.17.3,LeftRight,67,4.01,nan,1,Right,Left,40,41,5,20411819,nan,nan,0.18
8/17/2026 18:20:53,1.17.3,LeftRight,67,4.02,nan,1,Right,Left,40,42,5,20417031,nan,nan,0.07
8/17/2026 18:20:57,1.17.3,LeftRight,67,4.01,nan,1,Right,Left,40,43,5,20420524,nan,nan,0.48
8/17/2026 18:20:59,1.17.3,LeftRight,67,4.02,nan,1,Right,Left,40,44,5,20422980,nan,nan,0.00
8/17/2026 18:21:02,1.17.3,LeftRight,67,4.01,nan,1,Right,Left,40,45,5,20425522,nan,nan,0.21
8/17/2026 18:21:38,1.17.3,LeftRight,67,4.01,nan,1,Left,Left,41,45,5,20461964,nan,nan,0.00
8/17/2026 18:21:40,1.17.3,LeftRight,67,4.01,nan,1,Left,Left,42,45,5,20463961,nan,nan,0.00
8/17/2026 18:21:47,1.17.3,LeftRight,67,4.01,nan,1,Left,Left,43,45,5,20471005,nan,nan,0.00
8/17/2026 18:21:48,1.17.3,LeftRight,67,4.01,nan,1,Left,Left,44,45,5,20471833,nan,nan,0.00
8/17/2026 18:21:56,1.17.3,LeftRight,67,4.01,nan,1,Left,Left,45,45,5,20480503,nan,nan,0.00
8/17/2026 18:22:05,1.17.3,LeftRight,67,4.01,nan,1,Left,Left,46,45,5,20489206,nan,nan,0.00
8/17/2026 18:22:10,1.17.3,LeftRight,67,4.02,nan,1,Left,Left,47,45,5,20493825,nan,nan,0.00
8/17/2026 18:22:11,1.17.3,LeftRight,67,4.01,nan,1,Left,Left,48,45,5,20495107,nan,nan,0.00
8/17/2026 18:22:18,1.17.3,LeftRight,67,4.01,nan,1,Right,Left,48,46,5,20500440,nan,nan,1.25
8/17/2026 18:22:21,1.17.3,LeftRight,67,4.01,1,1,Pellet,Left,48,46,6,20500440,2.93,990,nan
8/17/2026 18:23:36,1.17.3,LeftRight,67,4.02,nan,1,Right,Left,48,47,6,20580166,nan,nan,0.04
8/17/2026 18:24:01,1.17.3,LeftRight,67,4.01,nan,1,Left,Left,49,47,6,20605168,nan,nan,0.00
8/17/2026 18:24:14,1.17.3,LeftRight,67,4.01,nan,1,Left,Left,50,47,6,20617645,nan,nan,0.00
8/17/2026 18:25:13,1.17.3,LeftRight,67,4.01,nan,1,RESET,Left,50,47,6,20676948,nan,nan,nan
8/17/2026 18:30:34,1.17.3,LeftRight,67,4.01,nan,1,Left,Left,51,47,6,20997875,nan,nan,0.00
8/17/2026 18:31:33,1.17.3,LeftRight,67,4.01,nan,1,RESET,Left,51,47,6,21056975,nan,nan,nan
8/17/2026 18:32:52,1.17.3,LeftRight,67,4.01,nan,1,Right,Left,51,48,6,21135511,nan,nan,0.04
8/17/2026 18:54:46,1.17.3,LeftRight,67,4.00,nan,1,Right,Left,51,49,6,22449739,nan,nan,0.50
8/17/2026 18:55:10,1.17.3,LeftRight,67,4.00,nan,1,Right,Left,51,50,6,22474045,nan,nan,0.26
8/17/2026 18:58:48,1.17.3,LeftRight,67,4.00,nan,1,Right,Left,51,51,6,22692490,nan,nan,0.00
8/17/2026 19:20:14,1.17.3,LeftRight,67,4.00,nan,1,Right,Left,51,52,6,23978411,nan,nan,0.06
8/17/2026 19:27:27,1.17.3,LeftRight,67,4.00,nan,1,Right,Left,51,53,6,24410812,nan,nan,0.02
8/17/2026 19:27:45,1.17.3,LeftRight,67,4.00,nan,1,Right,Left,51,54,6,24429058,nan,nan,0.04
8/17/2026 19:27:49,1.17.3,LeftRight,67,4.00,nan,1,Left,Left,52,54,6,24432812,nan,nan,0.00
8/17/2026 19:27:58,1.17.3,LeftRight,67,4.01,nan,1,Left,Left,53,54,6,24442163,nan,nan,0.00
8/17/2026 19:28:58,1.17.3,LeftRight,67,4.01,nan,1,RESET,Left,53,54,6,24502093,nan,nan,nan
8/17/2026 19:34:47,1.17.3,LeftRight,67,4.01,nan,1,Right,Left,53,55,6,24851069,nan,nan,0.00
8/17/2026 19:34:49,1.17.3,LeftRight,67,4.00,nan,1,Right,Left,53,56,6,24853026,nan,nan,0.32
8/17/2026 19:34:58,1.17.3,LeftRight,67,4.00,nan,1,Left,Left,54,56,6,24862402,nan,nan,0.00
8/17/2026 19:35:00,1.17.3,LeftRight,67,4.00,nan,1,Left,Left,55,56,6,24864368,nan,nan,0.00
8/17/2026 19:35:01,1.17.3,LeftRight,67,4.00,nan,1,Left,Left,56,56,6,24865152,nan,nan,0.00
8/17/2026 19:35:06,1.17.3,LeftRight,67,4.00,nan,1,Left,Left,57,56,6,24870317,nan,nan,0.00
8/17/2026 19:36:05,1.17.3,LeftRight,67,4.00,nan,1,RESET,Left,57,56,6,24929069,nan,nan,nan
8/17/2026 19:37:03,1.17.3,LeftRight,67,4.01,nan,1,Right,Left,57,57,6,24987617,nan,nan,0.03
8/17/2026 19:37:06,1.17.3,LeftRight,67,4.01,nan,1,Right,Left,57,58,6,24989899,nan,nan,0.14
8/17/2026 19:58:27,1.17.3,LeftRight,67,4.00,nan,1,Left,Left,58,58,6,26270924,nan,nan,0.00
8/17/2026 19:59:26,1.17.3,LeftRight,67,4.00,nan,1,RESET,Left,58,58,6,26330171,nan,nan,nan
8/17/2026 20:04:20,1.17.3,LeftRight,67,4.00,nan,1,Right,Left,58,59,6,26624036,nan,nan,0.00
8/17/2026 20:04:21,1.17.3,LeftRight,67,4.00,nan,1,Right,Left,58,60,6,26624831,nan,nan,0.07
8/17/2026 20:04:30,1.17.3,LeftRight,67,4.00,nan,1,Right,Left,58,61,6,26634507,nan,nan,0.13
8/17/2026 20:07:05,1.17.3,LeftRight,67,4.00,nan,1,Left,Left,59,61,6,26788980,nan,nan,0.00
8/17/2026 20:08:04,1.17.3,LeftRight,67,4.00,nan,1,RESET,Left,59,61,6,26848169,nan,nan,nan
8/17/2026 20:22:48,1.17.3,LeftRight,67,4.00,nan,1,Left,Left,60,61,6,27732658,nan,nan,0.00
8/17/2026 20:22:59,1.17.3,LeftRight,67,4.00,nan,1,Right,Left,60,62,6,27742699,nan,nan,0.33
8/17/2026 20:23:02,1.17.3,LeftRight,67,4.00,1,1,Pellet,Left,60,62,7,27742699,2.57,7241,nan
8/17/2026 20:23:46,1.17.3,LeftRight,67,4.00,nan,1,Left,Left,61,62,7,27790646,nan,nan,0.00
8/17/2026 20:23:52,1.17.3,LeftRight,67,4.00,nan,1,Right,Left,61,63,7,27796272,nan,nan,0.00
8/17/2026 20:23:57,1.17.3,LeftRight,67,4.00,1,1,Pellet,Left,61,63,8,27796272,4.73,55,nan
8/17/2026 20:25:13,1.17.3,LeftRight,67,4.00,nan,1,Right,Left,61,64,8,27876675,nan,nan,0.20
8/17/2026 20:25:39,1.17.3,LeftRight,67,4.00,nan,1,Right,Left,61,65,8,27903645,nan,nan,0.00
8/17/2026 20:45:50,1.17.3,LeftRight,67,4.00,nan,1,Right,Left,61,66,8,29114283,nan,nan,0.12
8/17/2026 20:45:54,1.17.3,LeftRight,67,4.00,nan,1,Left,Left,62,66,8,29118388,nan,nan,0.00
8/17/2026 20:45:58,1.17.3,LeftRight,67,4.00,nan,1,Left,Left,63,66,8,29122047,nan,nan,0.00
8/17/2026 20:46:01,1.17.3,LeftRight,67,4.00,nan,1,Right,Left,63,67,8,29125771,nan,nan,0.01
8/17/2026 20:46:04,1.17.3,LeftRight,67,4.00,1,1,Pellet,Left,63,67,9,29125771,1.91,1327,nan
8/17/2026 20:46:27,1.17.3,LeftRight,67,4.00,nan,1,Left,Left,64,67,9,29151768,nan,nan,0.00
8/17/2026 20:46:46,1.17.3,LeftRight,67,4.00,nan,1,Right,Left,64,68,9,29170461,nan,nan,0.05
8/17/2026 20:46:48,1.17.3,LeftRight,67,4.00,1,1,Pellet,Left,64,68,10,29170461,1.43,44,nan
8/17/2026 20:49:00,1.17.3,LeftRight,67,4.00,nan,1,Right,Left,64,69,10,29304842,nan,nan,0.00
8/17/2026 20:57:00,1.17.3,LeftRight,67,4.00,nan,1,Right,Left,64,70,10,29784556,nan,nan,0.09
8/17/2026 20:57:09,1.17.3,LeftRight,67,4.00,nan,1,Right,Left,64,71,10,29793515,nan,nan,0.07
8/17/2026 20:57:22,1.17.3,LeftRight,67,4.00,nan,1,Right,Left,64,72,10,29805820,nan,nan,0.98
8/17/2026 20:57:27,1.17.3,LeftRight,67,4.00,nan,1,Left,Left,65,72,10,29811238,nan,nan,0.00
8/17/2026 20:57:33,1.17.3,LeftRight,67,4.00,nan,1,Left,Left,66,72,10,29817856,nan,nan,0.00
8/17/2026 20:57:35,1.17.3,LeftRight,67,4.00,nan,1,Left,Left,67,72,10,29819277,nan,nan,0.00
8/17/2026 20:57:37,1.17.3,LeftRight,67,4.00,nan,1,Left,Left,68,72,10,29821864,nan,nan,0.00
8/17/2026 20:57:43,1.17.3,LeftRight,67,4.00,nan,1,Right,Left,68,73,10,29826764,nan,nan,0.32
8/17/2026 20:57:45,1.17.3,LeftRight,67,4.00,1,1,Pellet,Left,68,73,11,29826764,1.73,657,nan
8/17/2026 20:58:35,1.17.3,LeftRight,67,3.99,nan,1,Right,Left,68,74,11,29879397,nan,nan,0.00
8/17/2026 21:00:10,1.17.3,LeftRight,67,4.00,nan,1,Left,Left,69,74,11,29974214,nan,nan,0.00
8/17/2026 21:01:09,1.17.3,LeftRight,67,4.00,nan,1,RESET,Left,69,74,11,30033374,nan,nan,nan
8/17/2026 21:01:29,1.17.3,LeftRight,67,4.00,nan,1,Left,Left,70,74,11,30053598,nan,nan,0.00
8/17/2026 21:01:40,1.17.3,LeftRight,67,4.00,nan,1,Right,Left,70,75,11,30064634,nan,nan,0.18
8/17/2026 21:01:43,1.17.3,LeftRight,67,4.00,1,1,Pellet,Left,70,75,12,30064634,2.03,238,nan
8/17/2026 21:04:22,1.17.3,LeftRight,67,4.00,nan,1,Right,Left,70,76,12,30226341,nan,nan,0.09
8/17/2026 21:09:52,1.17.3,LeftRight,67,4.00,nan,1,Left,Left,71,76,12,30556854,nan,nan,0.00
8/17/2026 21:09:59,1.17.3,LeftRight,67,3.99,nan,1,Left,Left,72,76,12,30563110,nan,nan,0.00
8/17/2026 21:10:16,1.17.3,LeftRight,67,4.00,nan,1,Left,Left,73,76,12,30580578,nan,nan,0.00
8/17/2026 21:11:15,1.17.3,LeftRight,67,4.00,nan,1,RESET,Left,73,76,12,30639430,nan,nan,nan
8/17/2026 22:06:08,1.17.3,LeftRight,67,3.99,nan,1,Right,Left,73,77,12,33931676,nan,nan,0.44
8/17/2026 22:08:46,1.17.3,LeftRight,67,3.99,nan,1,Left,Left,74,77,12,34090875,nan,nan,0.00
8/17/2026 22:08:54,1.17.3,LeftRight,67,3.99,nan,1,Right,Left,74,78,12,34098277,nan,nan,0.50
8/17/2026 22:08:55,1.17.3,LeftRight,67,4.00,nan,1,RightDuringDispense,Left,74,79,12,34098277,nan,nan,0.31
8/17/2026 22:08:58,1.17.3,LeftRight,67,3.98,1,1,Pellet,Left,74,79,13,34098277,2.21,4035,nan
8/17/2026 22:09:25,1.17.3,LeftRight,67,3.99,nan,1,Right,Left,74,80,13,34129833,nan,nan,0.02
8/17/2026 22:09:26,1.17.3,LeftRight,67,4.00,nan,1,Right,Left,74,81,13,34130635,nan,nan,0.41
8/17/2026 22:09:31,1.17.3,LeftRight,67,3.99,nan,1,Left,Left,75,81,13,34135197,nan,nan,0.00
8/17/2026 22:09:34,1.17.3,LeftRight,67,3.99,nan,1,Right,Left,75,82,13,34138045,nan,nan,0.54
8/17/2026 22:09:36,1.17.3,LeftRight,67,4.00,1,1,Pellet,Left,75,82,14,34138045,1.61,38,nan
8/17/2026 22:10:06,1.17.3,LeftRight,67,3.99,nan,1,Left,Left,76,82,14,34170433,nan,nan,0.00
8/17/2026 22:10:13,1.17.3,LeftRight,67,3.99,nan,1,Right,Left,76,83,14,34177386,nan,nan,0.32
8/17/2026 22:10:18,1.17.3,LeftRight,67,3.98,1,1,Pellet,Left,76,83,15,34177386,4.49,42,nan
8/17/2026 22:10:36,1.17.3,LeftRight,67,3.99,nan,1,Right,Left,76,84,15,34200194,nan,nan,0.53
8/17/2026 22:10:47,1.17.3,LeftRight,67,3.99,nan,1,Right,Left,76,85,15,34211359,nan,nan,0.58
8/17/2026 22:10:50,1.17.3,LeftRight,67,3.99,nan,1,Right,Left,76,86,15,34213309,nan,nan,0.82
8/17/2026 22:11:47,1.17.3,LeftRight,67,3.99,nan,1,Right,Left,76,87,15,34271001,nan,nan,0.22
8/17/2026 22:12:14,1.17.3,LeftRight,67,3.99,nan,1,Right,Left,76,88,15,34298714,nan,nan,0.00
8/17/2026 22:12:21,1.17.3,LeftRight,67,4.00,nan,1,Left,Left,77,88,15,34305513,nan,nan,0.00
8/17/2026 22:12:25,1.17.3,LeftRight,67,3.99,nan,1,Left,Left,78,88,15,34309372,nan,nan,0.00
8/17/2026 22:12:28,1.17.3,LeftRight,67,3.99,nan,1,Left,Left,79,88,15,34312309,nan,nan,0.00
8/17/2026 22:12:31,1.17.3,LeftRight,67,3.99,nan,1,Right,Left,79,89,15,34315151,nan,nan,0.27
8/17/2026 22:12:33,1.17.3,LeftRight,67,3.99,1,1,Pellet,Left,79,89,16,34315151,1.55,135,nan
8/17/2026 22:13:01,1.17.3,LeftRight,67,3.99,nan,1,Right,Left,79,90,16,34345440,nan,nan,0.52
8/17/2026 22:13:06,1.17.3,LeftRight,67,3.99,nan,1,Right,Left,79,91,16,34350567,nan,nan,0.20
8/17/2026 22:13:07,1.17.3,LeftRight,67,3.99,nan,1,Right,Left,79,92,16,34351702,nan,nan,0.37
8/17/2026 22:13:12,1.17.3,LeftRight,67,3.99,nan,1,Left,Left,80,92,16,34356152,nan,nan,0.00
8/17/2026 22:14:11,1.17.3,LeftRight,67,3.99,nan,1,RESET,Left,80,92,16,34415572,nan,nan,nan
8/17/2026 22:15:30,1.17.3,LeftRight,67,3.99,nan,1,Left,Left,81,92,16,34495079,nan,nan,0.00
8/17/2026 22:15:50,1.17.3,LeftRight,67,3.98,nan,1,Right,Left,81,93,16,34514808,nan,nan,0.04
8/17/2026 22:15:52,1.17.3,LeftRight,67,3.99,2,1,Pellet,Left,81,93,17,34514808,0.95,199,nan
8/17/2026 22:16:25,1.17.3,LeftRight,67,4.00,nan,1,Right,Left,81,94,17,34549834,nan,nan,0.21
8/17/2026 22:16:29,1.17.3,LeftRight,67,3.99,nan,1,Right,Left,81,95,17,34553482,nan,nan,0.46
8/17/2026 22:16:37,1.17.3,LeftRight,67,3.99,nan,1,Left,Left,82,95,17,34561435,nan,nan,0.00
8/17/2026 22:17:36,1.17.3,LeftRight,67,3.99,nan,1,RESET,Left,82,95,17,34620519,nan,nan,nan
8/17/2026 22:20:13,1.17.3,LeftRight,67,3.99,nan,1,Left,Left,83,95,17,34777647,nan,nan,0.00
8/17/2026 22:20:16,1.17.3,LeftRight,67,3.99,nan,1,Left,Left,84,95,17,34780102,nan,nan,0.00
8/17/2026 22:20:36,1.17.3,LeftRight,67,3.99,nan,1,Right,Left,84,96,17,34800431,nan,nan,0.37
8/17/2026 22:20:38,1.17.3,LeftRight,67,3.99,nan,1,RightWithPellet,Left,84,97,17,34800431,nan,nan,0.02
8/17/2026 22:20:43,1.17.3,LeftRight,67,3.99,1,1,Pellet,Left,84,97,18,34800431,5.82,291,nan
8/17/2026 22:21:03,1.17.3,LeftRight,67,3.99,nan,1,Left,Left,85,97,18,34827541,nan,nan,0.00
8/17/2026 22:21:07,1.17.3,LeftRight,67,3.99,nan,1,Right,Left,85,98,18,34831124,nan,nan,0.53
8/17/2026 22:21:09,1.17.3,LeftRight,67,3.99,1,1,Pellet,Left,85,98,19,34831124,1.25,26,nan
8/17/2026 22:21:21,1.17.3,LeftRight,67,4.00,nan,1,Right,Left,85,99,19,34845669,nan,nan,0.16
8/17/2026 22:21:56,1.17.3,LeftRight,67,3.99,nan,1,Right,Left,85,100,19,34880265,nan,nan,0.12
8/17/2026 22:22:00,1.17.3,LeftRight,67,3.99,nan,1,Right,Left,85,101,19,34883668,nan,nan,0.56
8/17/2026 22:22:06,1.17.3,LeftRight,67,3.99,nan,1,Right,Left,85,102,19,34890749,nan,nan,0.01
8/17/2026 22:22:09,1.17.3,LeftRight,67,3.98,nan,1,Right,Left,85,103,19,34892730,nan,nan,0.88
8/17/2026 22:22:11,1.17.3,LeftRight,67,3.99,nan,1,Right,Left,85,104,19,34895427,nan,nan,0.09
8/17/2026 22:22:13,1.17.3,LeftRight,67,3.99,nan,1,Right,Left,85,105,19,34897629,nan,nan,0.33
8/17/2026 22:22:28,1.17.3,LeftRight,67,3.99,nan,1,Right,Left,85,106,19,34912579,nan,nan,0.22
8/17/2026 22:22:32,1.17.3,LeftRight,67,3.99,nan,1,Right,Left,85,107,19,34916527,nan,nan,0.16
8/17/2026 22:26:31,1.17.3,LeftRight,67,3.99,nan,1,Right,Left,85,108,19,35155108,nan,nan,0.21
8/17/2026 22:26:42,1.17.3,LeftRight,67,3.99,nan,1,Left,Left,86,108,19,35166800,nan,nan,0.00
8/17/2026 22:26:47,1.17.3,LeftRight,67,3.99,nan,1,Left,Left,87,108,19,35171383,nan,nan,0.00
8/17/2026 22:26:49,1.17.3,LeftRight,67,3.99,nan,1,Left,Left,88,108,19,35173522,nan,nan,0.00
8/17/2026 22:26:50,1.17.3,LeftRight,67,3.99,nan,1,Left,Left,89,108,19,35174876,nan,nan,0.00
8/17/2026 22:26:52,1.17.3,LeftRight,67,3.98,nan,1,Right,Left,89,109,19,35175957,nan,nan,0.25
8/17/2026 22:26:53,1.17.3,LeftRight,67,3.99,1,1,Pellet,Left,89,109,20,35175957,1.07,344,nan
8/17/2026 22:27:04,1.17.3,LeftRight,67,3.99,nan,1,Right,Left,89,110,20,35188523,nan,nan,0.16
8/17/2026 22:27:05,1.17.3,LeftRight,67,3.99,nan,1,Right,Left,89,111,20,35189472,nan,nan,0.20
8/17/2026 22:27:07,1.17.3,LeftRight,67,3.99,nan,1,Right,Left,89,112,20,35191194,nan,nan,0.08
8/17/2026 22:27:10,1.17.3,LeftRight,67,3.99,nan,1,Right,Left,89,113,20,35194707,nan,nan,0.25
8/17/2026 22:27:13,1.17.3,LeftRight,67,3.99,nan,1,Right,Left,89,114,20,35197956,nan,nan,0.12
8/17/2026 22:27:14,1.17.3,LeftRight,67,3.99,nan,1,Right,Left,89,115,20,35198716,nan,nan,0.29
8/17/2026 22:27:16,1.17.3,LeftRight,67,3.99,nan,1,Right,Left,89,116,20,35200379,nan,nan,0.08
8/17/2026 22:27:19,1.17.3,LeftRight,67,3.98,nan,1,Right,Left,89,117,20,35203599,nan,nan,0.00
8/17/2026 22:27:31,1.17.3,LeftRight,67,3.99,nan,1,Right,Left,89,118,20,35215269,nan,nan,0.29
8/17/2026 22:28:43,1.17.3,LeftRight,67,3.98,nan,1,Left,Left,90,118,20,35287329,nan,nan,0.00
8/17/2026 22:28:49,1.17.3,LeftRight,67,3.99,nan,1,Right,Left,90,119,20,35293128,nan,nan,0.03
8/17/2026 22:28:51,1.17.3,LeftRight,67,3.99,1,1,Pellet,Left,90,119,21,35293128,1.37,118,nan
8/17/2026 22:29:05,1.17.3,LeftRight,67,3.99,nan,1,Right,Left,90,120,21,35309900,nan,nan,0.00
8/17/2026 22:29:31,1.17.3,LeftRight,67,3.99,nan,1,Right,Left,90,121,21,35335558,nan,nan,0.15
8/17/2026 22:29:39,1.17.3,LeftRight,67,3.99,nan,1,Right,Left,90,122,21,35343701,nan,nan,0.35
8/17/2026 22:30:52,1.17.3,LeftRight,67,3.99,nan,1,Right,Left,90,123,21,35416658,nan,nan,0.07
8/17/2026 22:32:19,1.17.3,LeftRight,67,3.99,nan,1,Left,Left,91,123,21,35503408,nan,nan,0.00
8/17/2026 22:32:21,1.17.3,LeftRight,67,3.99,nan,1,Left,Left,92,123,21,35505479,nan,nan,0.00
8/17/2026 22:32:24,1.17.3,LeftRight,67,3.99,nan,1,Right,Left,92,124,21,35508620,nan,nan,0.19
8/17/2026 22:32:26,1.17.3,LeftRight,67,3.99,1,1,Pellet,Left,92,124,22,35508620,1.19,215,nan
8/17/2026 22:32:45,1.17.3,LeftRight,67,3.99,nan,1,Right,Left,92,125,22,35529028,nan,nan,0.34
8/17/2026 22:32:49,1.17.3,LeftRight,67,3.99,nan,1,Right,Left,92,126,22,35533691,nan,nan,0.19
8/17/2026 22:33:06,1.17.3,LeftRight,67,3.98,nan,1,Left,Left,93,126,22,35550243,nan,nan,0.00
8/17/2026 22:34:05,1.17.3,LeftRight,67,3.99,nan,1,RESET,Left,93,126,22,35609504,nan,nan,nan
8/17/2026 22:34:16,1.17.3,LeftRight,67,3.99,nan,1,Left,Left,94,126,22,35620812,nan,nan,0.00
8/17/2026 22:35:16,1.17.3,LeftRight,67,3.99,nan,1,RESET,Left,94,126,22,35680636,nan,nan,nan
8/17/2026 22:38:27,1.17.3,LeftRight,67,3.98,nan,1,Right,Left,94,127,22,35871488,nan,nan,0.13
8/17/2026 22:39:01,1.17.3,LeftRight,67,3.98,nan,1,Right,Left,94,128,22,35905522,nan,nan,0.07
8/17/2026 22:39:03,1.17.3,LeftRight,67,4.00,nan,1,Right,Left,94,129,22,35907406,nan,nan,0.25
8/17/2026 22:39:05,1.17.3,LeftRight,67,3.98,nan,1,Right,Left,94,130,22,35909182,nan,nan,0.05
8/17/2026 22:39:09,1.17.3,LeftRight,67,3.98,nan,1,Right,Left,94,131,22,35912815,nan,nan,0.58
8/17/2026 22:39:10,1.17.3,LeftRight,67,3.99,nan,1,Right,Left,94,132,22,35914765,nan,nan,0.23
8/17/2026 22:39:13,1.17.3,LeftRight,67,3.99,nan,1,Right,Left,94,133,22,35916817,nan,nan,0.34
8/17/2026 22:39:15,1.17.3,LeftRight,67,3.98,nan,1,Right,Left,94,134,22,35919118,nan,nan,0.48
8/17/2026 22:39:17,1.17.3,LeftRight,67,3.99,nan,1,Left,Left,95,134,22,35921959,nan,nan,0.00
8/17/2026 22:39:19,1.17.3,LeftRight,67,3.99,nan,1,Left,Left,96,134,22,35923603,nan,nan,0.00
8/17/2026 22:39:20,1.17.3,LeftRight,67,3.99,nan,1,Left,Left,97,134,22,35924661,nan,nan,0.00
8/17/2026 22:39:22,1.17.3,LeftRight,67,3.99,nan,1,Right,Left,97,135,22,35926483,nan,nan,0.61
8/17/2026 22:39:24,1.17.3,LeftRight,67,3.99,1,1,Pellet,Left,97,135,23,35926483,1.01,418,nan
8/17/2026 22:39:35,1.17.3,LeftRight,67,3.98,nan,1,Right,Left,97,136,23,35939535,nan,nan,0.00
8/17/2026 22:39:39,1.17.3,LeftRight,67,3.99,nan,1,Right,Left,97,137,23,35943707,nan,nan,0.34
8/17/2026 22:39:42,1.17.3,LeftRight,67,3.99,nan,1,Right,Left,97,138,23,35946603,nan,nan,0.39
8/17/2026 22:39:43,1.17.3,LeftRight,67,3.98,nan,1,Right,Left,97,139,23,35947484,nan,nan,0.10
8/17/2026 22:39:44,1.17.3,LeftRight,67,3.99,nan,1,Right,Left,97,140,23,35948528,nan,nan,0.14
8/17/2026 22:39:53,1.17.3,LeftRight,67,3.99,nan,1,Left,Left,98,140,23,35957388,nan,nan,0.00
8/17/2026 22:40:01,1.17.3,LeftRight,67,3.99,nan,1,Right,Left,98,141,23,35965107,nan,nan,0.15
8/17/2026 22:40:04,1.17.3,LeftRight,67,3.99,1,1,Pellet,Left,98,141,24,35965107,2.63,40,nan
8/17/2026 22:41:19,1.17.3,LeftRight,67,3.99,nan,1,Right,Left,98,142,24,36043267,nan,nan,0.18
8/17/2026 22:41:22,1.17.3,LeftRight,67,3.98,nan,1,Right,Left,98,143,24,36046744,nan,nan,0.00
8/17/2026 22:41:25,1.17.3,LeftRight,67,3.98,nan,1,Right,Left,98,144,24,36049294,nan,nan,0.22
8/17/2026 22:41:26,1.17.3,LeftRight,67,3.98,nan,1,Right,Left,98,145,24,36050883,nan,nan,0.11
8/17/2026 22:41:27,1.17.3,LeftRight,67,3.99,nan,1,Right,Left,98,146,24,36051633,nan,nan,0.00
8/17/2026 22:41:29,1.17.3,LeftRight,67,3.99,nan,1,Right,Left,98,147,24,36053595,nan,nan,0.27
8/17/2026 22:41:31,1.17.3,LeftRight,67,3.99,nan,1,Right,Left,98,148,24,36055532,nan,nan,0.26
8/17/2026 22:41:33,1.17.3,LeftRight,67,3.99,nan,1,Right,Left,98,149,24,36057906,nan,nan,0.24
8/17/2026 22:41:35,1.17.3,LeftRight,67,3.99,nan,1,Right,Left,98,150,24,36059375,nan,nan,0.00
8/17/2026 22:42:38,1.17.3,LeftRight,67,3.98,nan,1,Right,Left,98,151,24,36122421,nan,nan,0.00
8/17/2026 22:42:57,1.17.3,LeftRight,67,3.99,nan,1,Right,Left,98,152,24,36141450,nan,nan,0.08
8/17/2026 22:43:08,1.17.3,LeftRight,67,3.99,nan,1,Left,Left,99,152,24,36152861,nan,nan,0.00
8/17/2026 22:44:08,1.17.3,LeftRight,67,3.98,nan,1,RESET,Left,99,152,24,36212675,nan,nan,nan
8/17/2026 22:47:31,1.17.3,LeftRight,67,3.99,nan,1,Left,Left,100,152,24,36416076,nan,nan,0.00
8/17/2026 22:47:34,1.17.3,LeftRight,67,3.98,nan,1,Right,Left,100,153,24,36418335,nan,nan,0.03
8/17/2026 22:47:36,1.17.3,LeftRight,67,3.99,1,1,Pellet,Left,100,153,25,36418335,1.61,452,nan
8/17/2026 22:47:54,1.17.3,LeftRight,67,3.98,nan,1,Right,Left,100,154,25,36439117,nan,nan,0.00
8/17/2026 22:47:57,1.17.3,LeftRight,67,3.98,nan,1,Right,Left,100,155,25,36441677,nan,nan,0.19
8/17/2026 22:48:01,1.17.3,LeftRight,67,3.98,nan,1,Right,Left,100,156,25,36445600,nan,nan,0.04
8/17/2026 22:48:03,1.17.3,LeftRight,67,3.99,nan,1,Right,Left,100,157,25,36447454,nan,nan,0.00
8/17/2026 22:48:05,1.17.3,LeftRight,67,3.98,nan,1,Right,Left,100,158,25,36450020,nan,nan,0.11
8/17/2026 22:48:09,1.17.3,LeftRight,67,3.98,nan,1,Left,Left,101,158,25,36453591,nan,nan,0.00
8/17/2026 22:48:16,1.17.3,LeftRight,67,3.98,nan,1,Right,Left,101,159,25,36460566,nan,nan,0.04
8/17/2026 22:48:19,1.17.3,LeftRight,67,3.98,1,1,Pellet,Left,101,159,26,36460566,2.69,43,nan
8/17/2026 22:48:36,1.17.3,LeftRight,67,3.99,nan,1,Right,Left,101,160,26,36480867,nan,nan,0.00
8/17/2026 22:48:39,1.17.3,LeftRight,67,3.99,nan,1,Right,Left,101,161,26,36483274,nan,nan,0.17
8/17/2026 22:48:41,1.17.3,LeftRight,67,3.99,nan,1,Right,Left,101,162,26,36485408,nan,nan,0.15
8/17/2026 22:50:12,1.17.3,LeftRight,67,3.98,nan,1,Right,Left,101,163,26,36577104,nan,nan,0.02
8/17/2026 22:50:18,1.17.3,LeftRight,67,3.99,nan,1,Right,Left,101,164,26,36582188,nan,nan,0.10
8/17/2026 22:50:19,1.17.3,LeftRight,67,3.99,nan,1,Right,Left,101,165,26,36583658,nan,nan,0.01
8/17/2026 22:52:54,1.17.3,LeftRight,67,3.98,nan,1,Left,Left,102,165,26,36738189,nan,nan,0.00
8/17/2026 22:53:03,1.17.3,LeftRight,67,3.98,nan,1,Right,Left,102,166,26,36747235,nan,nan,0.07
8/17/2026 22:53:05,1.17.3,LeftRight,67,3.99,1,1,Pellet,Left,102,166,27,36747235,1.19,286,nan
8/17/2026 22:53:44,1.17.3,LeftRight,67,3.99,nan,1,Right,Left,102,167,27,36788331,nan,nan,0.05
8/17/2026 22:56:46,1.17.3,LeftRight,67,3.99,nan,1,Right,Left,102,168,27,36970541,nan,nan,0.00
8/17/2026 22:56:58,1.17.3,LeftRight,67,3.98,nan,1,Right,Left,102,169,27,36982683,nan,nan,0.00
8/17/2026 22:57:02,1.17.3,LeftRight,67,3.99,nan,1,Right,Left,102,170,27,36986270,nan,nan,0.20
8/17/2026 22:57:03,1.17.3,LeftRight,67,3.99,nan,1,Right,Left,102,171,27,36987694,nan,nan,0.00
8/17/2026 22:57:08,1.17.3,LeftRight,67,3.99,nan,1,Left,Left,103,171,27,36992520,nan,nan,0.00
8/17/2026 22:57:14,1.17.3,LeftRight,67,3.98,nan,1,Left,Left,104,171,27,36999118,nan,nan,0.00
8/17/2026 22:57:18,1.17.3,LeftRight,67,3.99,nan,1,Right,Left,104,172,27,37002256,nan,nan,0.39
8/17/2026 22:57:20,1.17.3,LeftRight,67,3.98,1,1,Pellet,Left,104,172,28,37002256,0.89,255,nan
8/17/2026 22:57:41,1.17.3,LeftRight,67,3.99,nan,1,Right,Left,104,173,28,37025355,nan,nan,0.20
8/17/2026 22:57:46,1.17.3,LeftRight,67,3.99,nan,1,Right,Left,104,174,28,37029880,nan,nan,0.49
8/17/2026 22:57:48,1.17.3,LeftRight,67,3.99,nan,1,Right,Left,104,175,28,37032042,nan,nan,0.34
8/17/2026 22:57:52,1.17.3,LeftRight,67,3.98,nan,1,Left,Left,105,175,28,37037146,nan,nan,0.00
8/17/2026 22:58:03,1.17.3,LeftRight,67,3.98,nan,1,Right,Left,105,176,28,37047955,nan,nan,0.12
8/17/2026 22:58:05,1.17.3,LeftRight,67,3.99,1,1,Pellet,Left,105,176,29,37047955,1.25,45,nan
8/17/2026 23:06:39,1.17.3,LeftRight,67,3.98,nan,1,Right,Left,105,177,29,37563881,nan,nan,0.04
8/17/2026 23:06:50,1.17.3,LeftRight,67,3.98,nan,1,Right,Left,105,178,29,37575020,nan,nan,0.01
8/17/2026 23:07:06,1.17.3,LeftRight,67,3.98,nan,1,Left,Left,106,178,29,37590855,nan,nan,0.00
8/17/2026 23:07:08,1.17.3,LeftRight,67,3.98,nan,1,Left,Left,107,178,29,37592673,nan,nan,0.00
8/17/2026 23:07:09,1.17.3,LeftRight,67,3.99,nan,1,Right,Left,107,179,29,37594049,nan,nan,0.00
8/17/2026 23:07:11,1.17.3,LeftRight,67,3.98,1,1,Pellet,Left,107,179,30,37594049,0.89,546,nan
8/17/2026 23:08:57,1.17.3,LeftRight,67,3.99,nan,1,Right,Left,107,180,30,37701386,nan,nan,0.03
8/17/2026 23:08:58,1.17.3,LeftRight,67,3.98,nan,1,Right,Left,107,181,30,37703095,nan,nan,0.10
8/17/2026 23:09:12,1.17.3,LeftRight,67,3.98,nan,1,Left,Left,108,181,30,37716644,nan,nan,0.00
8/17/2026 23:09:16,1.17.3,LeftRight,67,3.98,nan,1,Left,Left,109,181,30,37720489,nan,nan,0.00
8/17/2026 23:09:57,1.17.3,LeftRight,67,3.98,nan,1,Right,Left,109,182,30,37761944,nan,nan,0.10
8/17/2026 23:09:59,1.17.3,LeftRight,67,3.98,1,1,Pellet,Left,109,182,31,37761944,0.89,168,nan
8/17/2026 23:11:04,1.17.3,LeftRight,67,3.98,nan,1,Right,Left,109,183,31,37828809,nan,nan,0.01
8/17/2026 23:11:11,1.17.3,LeftRight,67,3.98,nan,1,Right,Left,109,184,31,37836089,nan,nan,0.00
8/17/2026 23:11:13,1.17.3,LeftRight,67,3.99,nan,1,Right,Left,109,185,31,37837770,nan,nan,0.11
8/17/2026 23:11:14,1.17.3,LeftRight,67,3.98,nan,1,Right,Left,109,186,31,37838525,nan,nan,0.02
8/17/2026 23:11:20,1.17.3,LeftRight,67,3.99,nan,1,Right,Left,109,187,31,37844487,nan,nan,0.02
8/17/2026 23:14:39,1.17.3,LeftRight,67,3.98,nan,1,Left,Left,110,187,31,38043937,nan,nan,0.00
8/17/2026 23:14:41,1.17.3,LeftRight,67,3.99,nan,1,Right,Left,110,188,31,38045907,nan,nan,0.20
8/17/2026 23:14:43,1.17.3,LeftRight,67,3.98,1,1,Pellet,Left,110,188,32,38045907,0.95,284,nan
8/17/2026 23:19:06,1.17.3,LeftRight,67,3.99,nan,1,Right,Left,110,189,32,38310695,nan,nan,0.02
8/17/2026 23:19:08,1.17.3,LeftRight,67,3.98,nan,1,Right,Left,110,190,32,38312382,nan,nan,0.00
8/17/2026 23:19:09,1.17.3,LeftRight,67,3.98,nan,1,Right,Left,110,191,32,38313613,nan,nan,0.18
8/17/2026 23:19:12,1.17.3,LeftRight,67,3.98,nan,1,Right,Left,110,192,32,38317097,nan,nan,0.03
8/17/2026 23:19:16,1.17.3,LeftRight,67,3.98,nan,1,Right,Left,110,193,32,38320128,nan,nan,0.14
8/17/2026 23:20:24,1.17.3,LeftRight,67,3.98,nan,1,Left,Left,111,193,32,38388247,nan,nan,0.00
8/17/2026 23:20:25,1.17.3,LeftRight,67,3.98,nan,1,Right,Left,111,194,32,38390066,nan,nan,0.00
8/17/2026 23:20:28,1.17.3,LeftRight,67,3.99,1,1,Pellet,Left,111,194,33,38390066,1.43,344,nan
8/17/2026 23:22:04,1.17.3,LeftRight,67,3.99,nan,1,Right,Left,111,195,33,38488741,nan,nan,0.14
8/17/2026 23:22:05,1.17.3,LeftRight,67,3.98,nan,1,Right,Left,111,196,33,38489381,nan,nan,0.24
8/17/2026 23:22:18,1.17.3,LeftRight,67,3.98,nan,1,Right,Left,111,197,33,38501598,nan,nan,0.69
8/17/2026 23:22:30,1.17.3,LeftRight,67,3.98,nan,1,Right,Left,111,198,33,38514115,nan,nan,0.20
8/17/2026 23:22:31,1.17.3,LeftRight,67,3.99,nan,1,Right,Left,111,199,33,38515841,nan,nan,0.00
8/17/2026 23:22:32,1.17.3,LeftRight,67,3.98,nan,1,Right,Left,111,200,33,38516335,nan,nan,0.15
8/17/2026 23:22:37,1.17.3,LeftRight,67,3.98,nan,1,Left,Left,112,200,33,38521557,nan,nan,0.00
8/17/2026 23:22:40,1.17.3,LeftRight,67,3.98,nan,1,Right,Left,112,201,33,38524852,nan,nan,0.36
8/17/2026 23:23:04,1.17.3,LeftRight,67,3.98,1,1,Pellet,Left,112,201,34,38524852,22.52,157,nan
8/17/2026 23:24:33,1.17.3,LeftRight,67,3.98,nan,1,Right,Left,112,202,34,38637670,nan,nan,0.04
8/17/2026 23:24:33,1.17.3,LeftRight,67,3.98,nan,1,Right,Left,112,203,34,38638205,nan,nan,0.04
8/17/2026 23:24:35,1.17.3,LeftRight,67,3.98,nan,1,Right,Left,112,204,34,38639333,nan,nan,0.32
8/17/2026 23:24:48,1.17.3,LeftRight,67,3.98,nan,1,Right,Left,112,205,34,38652672,nan,nan,0.07
8/17/2026 23:24:51,1.17.3,LeftRight,67,3.98,nan,1,Right,Left,112,206,34,38655153,nan,nan,0.28
8/17/2026 23:24:52,1.17.3,LeftRight,67,3.98,nan,1,Right,Left,112,207,34,38656513,nan,nan,0.10
8/17/2026 23:25:20,1.17.3,LeftRight,67,3.98,nan,1,Right,Left,112,208,34,38684503,nan,nan,0.02
8/17/2026 23:26:03,1.17.3,LeftRight,67,3.98,nan,1,Right,Left,112,209,34,38727773,nan,nan,0.00
8/17/2026 23:26:09,1.17.3,LeftRight,67,3.98,nan,1,Right,Left,112,210,34,38733592,nan,nan,0.02
8/17/2026 23:26:10,1.17.3,LeftRight,67,3.98,nan,1,Right,Left,112,211,34,38734840,nan,nan,0.08
8/17/2026 23:26:12,1.17.3,LeftRight,67,3.99,nan,1,Left,Left,113,211,34,38737137,nan,nan,0.00
8/17/2026 23:27:00,1.17.3,LeftRight,67,3.98,nan,1,Right,Left,113,212,34,38784720,nan,nan,0.25
8/17/2026 23:27:03,1.17.3,LeftRight,67,3.98,1,1,Pellet,Left,113,212,35,38784720,1.85,239,nan
8/17/2026 23:29:18,1.17.3,LeftRight,67,3.98,nan,1,Right,Left,113,213,35,38923068,nan,nan,0.09
8/17/2026 23:29:21,1.17.3,LeftRight,67,3.98,nan,1,Right,Left,113,214,35,38925281,nan,nan,0.21
8/17/2026 23:29:26,1.17.3,LeftRight,67,3.98,nan,1,Right,Left,113,215,35,38931136,nan,nan,0.00
8/17/2026 23:29:28,1.17.3,LeftRight,67,3.98,nan,1,Right,Left,113,216,35,38932809,nan,nan,0.12
8/17/2026 23:29:33,1.17.3,LeftRight,67,3.98,nan,1,Right,Left,113,217,35,38937550,nan,nan,0.14
8/17/2026 23:34:32,1.17.3,LeftRight,67,3.98,nan,1,Right,Left,113,218,35,39237144,nan,nan,0.00
8/17/2026 23:34:34,1.17.3,LeftRight,67,3.98,nan,1,Right,Left,113,219,35,39238381,nan,nan,0.25
8/17/2026 23:34:38,1.17.3,LeftRight,67,3.98,nan,1,Right,Left,113,220,35,39242361,nan,nan,0.08
8/17/2026 23:35:42,1.17.3,LeftRight,67,3.98,nan,1,Left,Left,114,220,35,39307115,nan,nan,0.00
8/17/2026 23:35:46,1.17.3,LeftRight,67,3.98,nan,1,Left,Left,115,220,35,39310460,nan,nan,0.00
8/17/2026 23:35:50,1.17.3,LeftRight,67,3.98,nan,1,Right,Left,115,221,35,39314198,nan,nan,0.14
8/17/2026 23:35:51,1.17.3,LeftRight,67,3.98,1,1,Pellet,Left,115,221,36,39314198,0.77,528,nan
8/17/2026 23:36:29,1.17.3,LeftRight,67,3.98,nan,1,Right,Left,115,222,36,39353496,nan,nan,0.02
8/17/2026 23:36:30,1.17.3,LeftRight,67,3.98,nan,1,Right,Left,115,223,36,39354302,nan,nan,0.00
8/17/2026 23:36:30,1.17.3,LeftRight,67,3.99,nan,1,Right,Left,115,224,36,39354946,nan,nan,0.14
8/17/2026 23:36:33,1.17.3,LeftRight,67,3.98,nan,1,Right,Left,115,225,36,39357347,nan,nan,0.16
8/17/2026 23:36:43,1.17.3,LeftRight,67,3.98,nan,1,Right,Left,115,226,36,39367436,nan,nan,0.05
8/17/2026 23:36:44,1.17.3,LeftRight,67,3.98,nan,1,Right,Left,115,227,36,39368428,nan,nan,0.43
8/17/2026 23:36:45,1.17.3,LeftRight,67,3.98,nan,1,Right,Left,115,228,36,39369945,nan,nan,0.07
8/17/2026 23:44:07,1.17.3,LeftRight,67,3.98,nan,1,Right,Left,115,229,36,39811949,nan,nan,0.00
8/17/2026 23:54:04,1.17.3,LeftRight,67,3.98,nan,1,Right,Left,115,230,36,40409158,nan,nan,0.08
8/17/2026 23:54:06,1.17.3,LeftRight,67,3.98,nan,1,Right,Left,115,231,36,40410174,nan,nan,0.20
8/17/2026 23:54:15,1.17.3,LeftRight,67,3.98,nan,1,Right,Left,115,232,36,40419858,nan,nan,0.00
8/17/2026 23:54:39,1.17.3,LeftRight,67,3.98,nan,1,Right,Left,115,233,36,40443494,nan,nan,0.03
8/17/2026 23:54:44,1.17.3,LeftRight,67,3.98,nan,1,Right,Left,115,234,36,40448435,nan,nan,0.00
8/17/2026 23:54:45,1.17.3,LeftRight,67,3.98,nan,1,Right,Left,115,235,36,40449519,nan,nan,0.05
8/17/2026 23:54:55,1.17.3,LeftRight,67,3.98,nan,1,Right,Left,115,236,36,40460088,nan,nan,0.13
8/17/2026 23:55:43,1.17.3,LeftRight,67,3.98,nan,1,Right,Left,115,237,36,40507459,nan,nan,0.00
8/17/2026 23:55:44,1.17.3,LeftRight,67,3.98,nan,1,Right,Left,115,238,36,40508712,nan,nan,0.01
8/17/2026 23:55:49,1.17.3,LeftRight,67,3.98,nan,1,Right,Left,115,239,36,40513940,nan,nan,0.06
8/17/2026 23:55:51,1.17.3,LeftRight,67,3.98,nan,1,Right,Left,115,240,36,40515966,nan,nan,0.00
8/18/2026 0:09:26,1.17.3,LeftRight,67,3.98,nan,1,Right,Left,115,241,36,41331050,nan,nan,0.00
8/18/2026 0:09:28,1.17.3,LeftRight,67,3.98,nan,1,Right,Left,115,242,36,41332727,nan,nan,0.00
8/18/2026 0:10:15,1.17.3,LeftRight,67,3.98,nan,1,Right,Left,115,243,36,41379682,nan,nan,0.00
8/18/2026 0:10:17,1.17.3,LeftRight,67,3.98,nan,1,Right,Left,115,244,36,41381650,nan,nan,0.00
8/18/2026 0:10:21,1.17.3,LeftRight,67,3.98,nan,1,Left,Left,116,244,36,41385887,nan,nan,0.00
8/18/2026 0:10:24,1.17.3,LeftRight,67,3.98,nan,1,Right,Left,116,245,36,41389181,nan,nan,0.06
8/18/2026 0:10:26,1.17.3,LeftRight,67,3.98,1,1,Pellet,Left,116,245,37,41389181,1.13,2075,nan
8/18/2026 0:11:30,1.17.3,LeftRight,67,3.98,nan,1,Right,Left,116,246,37,41455369,nan,nan,0.00
8/18/2026 0:11:32,1.17.3,LeftRight,67,3.98,nan,1,Right,Left,116,247,37,41456746,nan,nan,0.03
8/18/2026 0:11:34,1.17.3,LeftRight,67,3.98,nan,1,Right,Left,116,248,37,41458444,nan,nan,0.19
8/18/2026 0:11:37,1.17.3,LeftRight,67,3.98,nan,1,Right,Left,116,249,37,41462365,nan,nan,0.00
8/18/2026 0:11:39,1.17.3,LeftRight,67,3.98,nan,1,Right,Left,116,250,37,41464037,nan,nan,0.00
8/18/2026 0:11:40,1.17.3,LeftRight,67,3.98,nan,1,Right,Left,116,251,37,41464678,nan,nan,0.31
8/18/2026 0:11:42,1.17.3,LeftRight,67,3.98,nan,1,Right,Left,116,252,37,41466809,nan,nan,0.08
8/18/2026 0:11:46,1.17.3,LeftRight,67,3.98,nan,1,Left,Left,117,252,37,41470480,nan,nan,0.00
8/18/2026 0:11:47,1.17.3,LeftRight,67,3.98,nan,1,Left,Left,118,252,37,41471427,nan,nan,0.00
8/18/2026 0:11:48,1.17.3,LeftRight,67,3.98,nan,1,Left,Left,119,252,37,41472808,nan,nan,0.00
8/18/2026 0:11:55,1.17.3,LeftRight,67,3.98,nan,1,Right,Left,119,253,37,41479044,nan,nan,0.97
8/18/2026 0:11:57,1.17.3,LeftRight,67,3.98,1,1,Pellet,Left,119,253,38,41479044,0.77,91,nan
8/18/2026 0:12:34,1.17.3,LeftRight,67,3.98,nan,1,Right,Left,119,254,38,41518543,nan,nan,0.05
8/18/2026 0:12:35,1.17.3,LeftRight,67,3.98,nan,1,Right,Left,119,255,38,41519973,nan,nan,0.20
8/18/2026 0:12:37,1.17.3,LeftRight,67,3.98,nan,1,Right,Left,119,256,38,41521401,nan,nan,0.40
8/18/2026 0:12:40,1.17.3,LeftRight,67,3.98,nan,1,Right,Left,119,257,38,41524508,nan,nan,0.05
8/18/2026 0:12:42,1.17.3,LeftRight,67,3.98,nan,1,Left,Left,120,257,38,41526759,nan,nan,0.00
8/18/2026 0:12:45,1.17.3,LeftRight,67,3.98,nan,1,Right,Left,120,258,38,41529030,nan,nan,0.72
8/18/2026 0:12:47,1.17.3,LeftRight,67,3.98,1,1,Pellet,Left,120,258,39,41529030,0.95,50,nan
8/18/2026 0:13:38,1.17.3,LeftRight,67,3.98,nan,1,Right,Left,120,259,39,41582517,nan,nan,0.03
8/18/2026 0:13:40,1.17.3,LeftRight,67,3.98,nan,1,Right,Left,120,260,39,41584667,nan,nan,0.44
8/18/2026 0:13:46,1.17.3,LeftRight,67,3.98,nan,1,Left,Left,121,260,39,41590482,nan,nan,0.00
8/18/2026 0:13:48,1.17.3,LeftRight,67,3.98,nan,1,Right,Left,121,261,39,41592604,nan,nan,0.20
8/18/2026 0:13:50,1.17.3,LeftRight,67,3.98,1,1,Pellet,Left,121,261,40,41592604,1.31,63,nan
8/18/2026 0:14:21,1.17.3,LeftRight,67,3.98,nan,1,Right,Left,121,262,40,41625800,nan,nan,0.00
8/18/2026 0:14:23,1.17.3,LeftRight,67,3.98,nan,1,Right,Left,121,263,40,41627620,nan,nan,0.00
8/18/2026 0:14:28,1.17.3,LeftRight,67,3.98,nan,1,Left,Left,122,263,40,41633302,nan,nan,0.00
8/18/2026 0:14:30,1.17.3,LeftRight,67,3.98,nan,1,Right,Left,122,264,40,41634682,nan,nan,0.07
8/18/2026 0:14:30,1.17.3,LeftRight,67,3.94,nan,1,RightDuringDispense,Left,122,265,40,41634682,nan,nan,0.03
8/18/2026 0:14:31,1.17.3,LeftRight,67,3.98,1,1,Pellet,Left,122,265,41,41634682,0.53,41,nan
8/18/2026 0:15:03,1.17.3,LeftRight,67,3.98,nan,1,Right,Left,122,266,41,41668186,nan,nan,0.00
8/18/2026 0:15:10,1.17.3,LeftRight,67,3.98,nan,1,Right,Left,122,267,41,41673841,nan,nan,0.55
8/18/2026 0:15:16,1.17.3,LeftRight,67,3.98,nan,1,Left,Left,123,267,41,41681070,nan,nan,0.00
8/18/2026 0:15:20,1.17.3,LeftRight,67,3.98,nan,1,Right,Left,123,268,41,41684518,nan,nan,0.00
8/18/2026 0:15:22,1.17.3,LeftRight,67,3.98,1,1,Pellet,Left,123,268,42,41684518,1.49,51,nan
8/18/2026 0:15:59,1.17.3,LeftRight,67,3.98,nan,1,Right,Left,123,269,42,41724200,nan,nan,0.00
8/18/2026 0:16:00,1.17.3,LeftRight,67,3.98,nan,1,Right,Left,123,270,42,41725137,nan,nan,0.13
8/18/2026 0:16:02,1.17.3,LeftRight,67,3.98,nan,1,Right,Left,123,271,42,41726939,nan,nan,0.00
8/18/2026 0:16:09,1.17.3,LeftRight,67,3.98,nan,1,Right,Left,123,272,42,41733769,nan,nan,0.13
8/18/2026 0:16:10,1.17.3,LeftRight,67,3.98,nan,1,Right,Left,123,273,42,41734692,nan,nan,0.00
8/18/2026 0:16:11,1.17.3,LeftRight,67,3.98,nan,1,Right,Left,123,274,42,41736219,nan,nan,0.04
8/18/2026 0:16:15,1.17.3,LeftRight,67,3.98,nan,1,Left,Left,124,274,42,41740146,nan,nan,0.00
8/18/2026 0:16:17,1.17.3,LeftRight,67,3.98,nan,1,Right,Left,124,275,42,41742261,nan,nan,0.04
8/18/2026 0:16:19,1.17.3,LeftRight,67,3.98,2,1,Pellet,Left,124,275,43,41742261,1.07,57,nan
8/18/2026 0:16:53,1.17.3,LeftRight,67,3.98,nan,1,Right,Left,124,276,43,41777711,nan,nan,0.06
8/18/2026 0:18:51,1.17.3,LeftRight,67,3.98,nan,1,Right,Left,124,277,43,41895587,nan,nan,0.00
8/18/2026 0:20:41,1.17.3,LeftRight,67,3.98,nan,1,Right,Left,124,278,43,42006009,nan,nan,0.00
8/18/2026 0:28:52,1.17.3,LeftRight,67,3.98,nan,1,Left,Left,125,278,43,42497129,nan,nan,0.00
8/18/2026 0:28:54,1.17.3,LeftRight,67,3.98,nan,1,Right,Left,125,279,43,42498952,nan,nan,0.00
8/18/2026 0:28:56,1.17.3,LeftRight,67,3.98,1,1,Pellet,Left,125,279,44,42498952,1.07,757,nan
8/18/2026 0:29:39,1.17.3,LeftRight,67,3.98,nan,1,Right,Left,125,280,44,42544238,nan,nan,0.16
8/18/2026 0:29:42,1.17.3,LeftRight,67,3.98,nan,1,Right,Left,125,281,44,42545774,nan,nan,0.65
8/18/2026 0:29:45,1.17.3,LeftRight,67,3.98,nan,1,Left,Left,126,281,44,42550098,nan,nan,0.00
8/18/2026 0:29:48,1.17.3,LeftRight,67,3.98,nan,1,Right,Left,126,282,44,42552511,nan,nan,0.00
8/18/2026 0:29:49,1.17.3,LeftRight,67,3.98,1,1,Pellet,Left,126,282,45,42552511,1.07,53,nan
8/18/2026 0:30:20,1.17.3,LeftRight,67,3.98,nan,1,Right,Left,126,283,45,42584969,nan,nan,0.06
8/18/2026 0:30:21,1.17.3,LeftRight,67,3.98,nan,1,Right,Left,126,284,45,42586266,nan,nan,0.15
8/18/2026 0:30:22,1.17.3,LeftRight,67,3.98,nan,1,Right,Left,126,285,45,42587205,nan,nan,0.00
8/18/2026 0:30:24,1.17.3,LeftRight,67,3.98,nan,1,Right,Left,126,286,45,42588734,nan,nan,0.08
8/18/2026 0:30:28,1.17.3,LeftRight,67,3.97,nan,1,Right,Left,126,287,45,42592406,nan,nan,0.05
8/18/2026 0:30:29,1.17.3,LeftRight,67,3.98,nan,1,Right,Left,126,288,45,42593547,nan,nan,0.06
8/18/2026 0:30:30,1.17.3,LeftRight,67,3.98,nan,1,Right,Left,126,289,45,42594548,nan,nan,0.47
8/18/2026 0:30:31,1.17.3,LeftRight,67,3.98,nan,1,Right,Left,126,290,45,42596100,nan,nan,0.00
8/18/2026 0:30:33,1.17.3,LeftRight,67,3.98,nan,1,Right,Left,126,291,45,42597776,nan,nan,0.35
8/18/2026 0:30:36,1.17.3,LeftRight,67,3.98,nan,1,Right,Left,126,292,45,42599216,nan,nan,1.38
8/18/2026 0:30:38,1.17.3,LeftRight,67,3.98,nan,1,Right,Left,126,293,45,42602867,nan,nan,0.38
8/18/2026 0:30:40,1.17.3,LeftRight,67,3.98,nan,1,Right,Left,126,294,45,42604195,nan,nan,0.59
8/18/2026 0:30:41,1.17.3,LeftRight,67,3.98,nan,1,Right,Left,126,295,45,42606168,nan,nan,0.11
8/18/2026 0:30:43,1.17.3,LeftRight,67,3.98,nan,1,Right,Left,126,296,45,42608105,nan,nan,0.09
8/18/2026 0:30:47,1.17.3,LeftRight,67,3.98,nan,1,Left,Left,127,296,45,42611814,nan,nan,0.00
8/18/2026 0:30:49,1.17.3,LeftRight,67,3.98,nan,1,Right,Left,127,297,45,42613784,nan,nan,0.41
8/18/2026 0:30:52,1.17.3,LeftRight,67,3.98,2,1,Pellet,Left,127,297,46,42613784,0.41,63,nan
8/18/2026 0:31:10,1.17.3,LeftRight,67,3.98,nan,1,Right,Left,127,298,46,42634472,nan,nan,0.06
8/18/2026 0:31:10,1.17.3,LeftRight,67,3.98,nan,1,Right,Left,127,299,46,42635027,nan,nan,0.03
8/18/2026 0:31:13,1.17.3,LeftRight,67,3.98,nan,1,Right,Left,127,300,46,42638348,nan,nan,0.05
8/18/2026 0:31:28,1.17.3,LeftRight,67,3.98,nan,1,Right,Left,127,301,46,42652899,nan,nan,0.06
8/18/2026 0:31:29,1.17.3,LeftRight,67,3.97,nan,1,Right,Left,127,302,46,42654188,nan,nan,0.08
8/18/2026 0:31:38,1.17.3,LeftRight,67,3.98,nan,1,Right,Left,127,303,46,42662582,nan,nan,0.00
8/18/2026 0:31:45,1.17.3,LeftRight,67,3.98,nan,1,Right,Left,127,304,46,42669710,nan,nan,0.00
8/18/2026 0:32:44,1.17.3,LeftRight,67,3.98,nan,1,Right,Left,127,305,46,42728607,nan,nan,0.00
8/18/2026 0:32:59,1.17.3,LeftRight,67,3.98,nan,1,Right,Left,127,306,46,42743426,nan,nan,0.03
8/18/2026 0:35:00,1.17.3,LeftRight,67,3.98,nan,1,Left,Left,128,306,46,42864564,nan,nan,0.00
8/18/2026 0:35:02,1.17.3,LeftRight,67,3.98,nan,1,Left,Left,129,306,46,42866525,nan,nan,0.00
8/18/2026 0:35:07,1.17.3,LeftRight,67,3.98,nan,1,Right,Left,129,307,46,42871745,nan,nan,0.17
8/18/2026 0:35:09,1.17.3,LeftRight,67,3.98,1,1,Pellet,Left,129,307,47,42871745,1.49,257,nan
8/18/2026 0:35:45,1.17.3,LeftRight,67,3.98,nan,1,Right,Left,129,308,47,42910364,nan,nan,0.00
8/18/2026 0:38:58,1.17.3,LeftRight,67,3.98,nan,1,Right,Left,129,309,47,43102710,nan,nan,0.07
8/18/2026 0:39:03,1.17.3,LeftRight,67,3.98,nan,1,Right,Left,129,310,47,43107993,nan,nan,0.00
8/18/2026 0:39:11,1.17.3,LeftRight,67,3.98,nan,1,Right,Left,129,311,47,43115865,nan,nan,0.19
8/18/2026 0:39:13,1.17.3,LeftRight,67,3.98,nan,1,Right,Left,129,312,47,43118317,nan,nan,0.02
8/18/2026 0:39:15,1.17.3,LeftRight,67,3.98,nan,1,Right,Left,129,313,47,43119717,nan,nan,0.59
8/18/2026 0:39:21,1.17.3,LeftRight,67,3.98,nan,1,Left,Left,130,313,47,43126405,nan,nan,0.00
8/18/2026 0:39:22,1.17.3,LeftRight,67,3.98,nan,1,Right,Left,130,314,47,43127353,nan,nan,0.01
8/18/2026 0:39:24,1.17.3,LeftRight,67,3.97,1,1,Pellet,Left,130,314,48,43127353,0.83,255,nan
8/18/2026 0:39:57,1.17.3,LeftRight,67,3.97,nan,1,Right,Left,130,315,48,43162361,nan,nan,0.01
8/18/2026 0:39:58,1.17.3,LeftRight,67,3.97,nan,1,Right,Left,130,316,48,43163160,nan,nan,0.09
8/18/2026 0:40:02,1.17.3,LeftRight,67,3.98,nan,1,Right,Left,130,317,48,43166548,nan,nan,0.00
8/18/2026 0:40:03,1.17.3,LeftRight,67,3.98,nan,1,Right,Left,130,318,48,43167190,nan,nan,0.39
8/18/2026 0:40:04,1.17.3,LeftRight,67,3.97,nan,1,Right,Left,130,319,48,43168667,nan,nan,0.26
8/18/2026 0:40:10,1.17.3,LeftRight,67,3.98,nan,1,Left,Left,131,319,48,43175048,nan,nan,0.00
8/18/2026 0:40:12,1.17.3,LeftRight,67,3.98,nan,1,Right,Left,131,320,48,43176721,nan,nan,0.11
8/18/2026 0:40:12,1.17.3,LeftRight,67,3.98,nan,1,RightDuringDispense,Left,131,321,48,43176721,nan,nan,0.02
8/18/2026 0:40:14,1.17.3,LeftRight,67,3.98,1,1,Pellet,Left,131,321,49,43176721,0.71,49,nan
8/18/2026 0:43:17,1.17.3,LeftRight,67,3.98,nan,1,Right,Left,131,322,49,43362132,nan,nan,0.00
8/18/2026 0:43:23,1.17.3,LeftRight,67,3.98,nan,1,Left,Left,132,322,49,43368091,nan,nan,0.00
8/18/2026 0:43:25,1.17.3,LeftRight,67,3.98,nan,1,Right,Left,132,323,49,43369618,nan,nan,0.00
8/18/2026 0:43:26,1.17.3,LeftRight,67,3.98,1,1,Pellet,Left,132,323,50,43369618,1.07,193,nan
8/18/2026 0:44:14,1.17.3,LeftRight,67,3.98,nan,1,Right,Left,132,324,50,43418529,nan,nan,0.43
8/18/2026 0:44:16,1.17.3,LeftRight,67,3.98,nan,1,Right,Left,132,325,50,43420782,nan,nan,0.00
8/18/2026 0:44:18,1.17.3,LeftRight,67,3.98,nan,1,Right,Left,132,326,50,43422759,nan,nan,0.16
8/18/2026 0:44:19,1.17.3,LeftRight,67,3.98,nan,1,Right,Left,132,327,50,43423418,nan,nan,0.33
8/18/2026 0:44:21,1.17.3,LeftRight,67,3.98,nan,1,Right,Left,132,328,50,43425721,nan,nan,0.02
8/18/2026 0:44:26,1.17.3,LeftRight,67,3.98,nan,1,Left,Left,133,328,50,43430754,nan,nan,0.00
8/18/2026 0:44:28,1.17.3,LeftRight,67,3.98,nan,1,Right,Left,133,329,50,43432577,nan,nan,0.04
8/18/2026 0:44:29,1.17.3,LeftRight,67,3.98,1,1,Pellet,Left,133,329,51,43432577,0.77,63,nan
8/18/2026 0:45:06,1.17.3,LeftRight,67,3.97,nan,1,Right,Left,133,330,51,43470991,nan,nan,0.31
8/18/2026 0:45:09,1.17.3,LeftRight,67,3.98,nan,1,Right,Left,133,331,51,43473862,nan,nan,0.17
8/18/2026 0:45:16,1.17.3,LeftRight,67,3.98,nan,1,Right,Left,133,332,51,43481173,nan,nan,0.00
8/18/2026 0:45:17,1.17.3,LeftRight,67,3.98,nan,1,Right,Left,133,333,51,43482258,nan,nan,0.10
8/18/2026 0:45:18,1.17.3,LeftRight,67,3.98,nan,1,Right,Left,133,334,51,43483004,nan,nan,0.08
8/18/2026 0:45:20,1.17.3,LeftRight,67,3.98,nan,1,Right,Left,133,335,51,43484768,nan,nan,0.12
8/18/2026 0:45:22,1.17.3,LeftRight,67,3.97,nan,1,Right,Left,133,336,51,43486564,nan,nan,0.15
8/18/2026 0:45:26,1.17.3,LeftRight,67,3.98,nan,1,Right,Left,133,337,51,43490310,nan,nan,0.26
8/18/2026 0:45:29,1.17.3,LeftRight,67,3.98,nan,1,Right,Left,133,338,51,43493869,nan,nan,0.00
8/18/2026 0:45:31,1.17.3,LeftRight,67,3.98,nan,1,Right,Left,133,339,51,43495544,nan,nan,0.39
8/18/2026 0:45:43,1.17.3,LeftRight,67,3.98,nan,1,Right,Left,133,340,51,43507934,nan,nan,0.02
8/18/2026 0:45:45,1.17.3,LeftRight,67,3.98,nan,1,Right,Left,133,341,51,43509487,nan,nan,0.07
8/18/2026 0:57:46,1.17.3,LeftRight,67,3.98,nan,1,Right,Left,133,342,51,44230738,nan,nan,0.00
8/18/2026 0:57:49,1.17.3,LeftRight,67,3.98,nan,1,Left,Left,134,342,51,44234181,nan,nan,0.00
8/18/2026 0:57:51,1.17.3,LeftRight,67,3.98,nan,1,Right,Left,134,343,51,44235559,nan,nan,0.00
8/18/2026 0:57:52,1.17.3,LeftRight,67,3.98,1,1,Pellet,Left,134,343,52,44235559,0.89,803,nan
8/18/2026 0:58:32,1.17.3,LeftRight,67,3.97,nan,1,Right,Left,134,344,52,44276653,nan,nan,0.08
8/18/2026 0:58:34,1.17.3,LeftRight,67,3.98,nan,1,Right,Left,134,345,52,44278264,nan,nan,0.30
8/18/2026 0:58:38,1.17.3,LeftRight,67,3.98,nan,1,Left,Left,135,345,52,44283355,nan,nan,0.00
8/18/2026 0:58:42,1.17.3,LeftRight,67,3.98,nan,1,Right,Left,135,346,52,44286507,nan,nan,0.01
8/18/2026 0:58:43,1.17.3,LeftRight,67,3.98,1,1,Pellet,Left,135,346,53,44286507,1.13,51,nan
8/18/2026 0:59:15,1.17.3,LeftRight,67,3.98,nan,1,Right,Left,135,347,53,44320033,nan,nan,0.18
8/18/2026 1:00:17,1.17.3,LeftRight,67,3.98,nan,1,Right,Left,135,348,53,44382222,nan,nan,0.04
8/18/2026 1:00:47,1.17.3,LeftRight,67,3.97,nan,1,Left,Left,136,348,53,44412427,nan,nan,0.00
8/18/2026 1:00:49,1.17.3,LeftRight,67,3.97,nan,1,Right,Left,136,349,53,44413660,nan,nan,0.08
8/18/2026 1:00:51,1.17.3,LeftRight,67,3.97,1,1,Pellet,Left,136,349,54,44413660,1.07,128,nan
8/18/2026 1:03:53,1.17.3,LeftRight,67,3.98,nan,1,Right,Left,136,350,54,44598414,nan,nan,0.00
8/18/2026 1:03:55,1.17.3,LeftRight,67,3.98,nan,1,Right,Left,136,351,54,44600242,nan,nan,0.04
8/18/2026 1:04:04,1.17.3,LeftRight,67,3.98,nan,1,Right,Left,136,352,54,44608879,nan,nan,0.00
8/18/2026 1:06:10,1.17.3,LeftRight,67,3.98,nan,1,Right,Left,136,353,54,44735327,nan,nan,0.00
8/18/2026 1:06:12,1.17.3,LeftRight,67,3.97,nan,1,Right,Left,136,354,54,44736559,nan,nan,0.04
8/18/2026 1:06:14,1.17.3,LeftRight,67,3.98,nan,1,Left,Left,137,354,54,44739440,nan,nan,0.00
8/18/2026 1:06:16,1.17.3,LeftRight,67,3.98,nan,1,Right,Left,137,355,54,44741261,nan,nan,0.04
8/18/2026 1:06:18,1.17.3,LeftRight,67,3.98,1,1,Pellet,Left,137,355,55,44741261,0.83,327,nan
8/18/2026 1:07:45,1.17.3,LeftRight,67,3.98,nan,1,Right,Left,137,356,55,44829550,nan,nan,0.19
8/18/2026 1:07:48,1.17.3,LeftRight,67,3.98,nan,1,Left,Left,138,356,55,44832615,nan,nan,0.00
8/18/2026 1:07:50,1.17.3,LeftRight,67,3.98,nan,1,Right,Left,138,357,55,44834586,nan,nan,0.03
8/18/2026 1:07:50,1.17.3,LeftRight,67,3.97,nan,1,RightDuringDispense,Left,138,358,55,44834586,nan,nan,0.02
8/18/2026 1:07:51,1.17.3,LeftRight,67,3.98,1,1,Pellet,Left,138,358,56,44834586,0.47,93,nan
8/18/2026 1:08:36,1.17.3,LeftRight,67,3.98,nan,1,Right,Left,138,359,56,44881076,nan,nan,0.28
8/18/2026 1:08:38,1.17.3,LeftRight,67,3.97,nan,1,Right,Left,138,360,56,44883329,nan,nan,0.00
8/18/2026 1:08:43,1.17.3,LeftRight,67,3.98,nan,1,Left,Left,139,360,56,44888149,nan,nan,0.00
8/18/2026 1:08:45,1.17.3,LeftRight,67,3.98,nan,1,Right,Left,139,361,56,44889530,nan,nan,0.01
8/18/2026 1:08:46,1.17.3,LeftRight,67,3.97,1,1,Pellet,Left,139,361,57,44889530,0.89,55,nan
8/18/2026 1:09:25,1.17.3,LeftRight,67,3.98,nan,1,Right,Left,139,362,57,44929619,nan,nan,0.13
8/18/2026 1:09:27,1.17.3,LeftRight,67,3.98,nan,1,Left,Left,140,362,57,44932247,nan,nan,0.00
8/18/2026 1:09:29,1.17.3,LeftRight,67,3.98,nan,1,Right,Left,140,363,57,44933773,nan,nan,0.04
8/18/2026 1:09:30,1.17.3,LeftRight,67,3.97,1,1,Pellet,Left,140,363,58,44933773,0.71,44,nan
8/18/2026 1:09:49,1.17.3,LeftRight,67,3.97,nan,1,Right,Left,140,364,58,44954053,nan,nan,0.00
8/18/2026 1:09:51,1.17.3,LeftRight,67,3.98,nan,1,Right,Left,140,365,58,44955882,nan,nan,0.08
8/18/2026 1:12:39,1.17.3,LeftRight,67,3.98,nan,1,Right,Left,140,366,58,45124050,nan,nan,0.07
8/18/2026 1:12:41,1.17.3,LeftRight,67,3.98,nan,1,Right,Left,140,367,58,45125352,nan,nan,0.25
8/18/2026 1:12:44,1.17.3,LeftRight,67,3.98,nan,1,Left,Left,141,367,58,45129482,nan,nan,0.00
8/18/2026 1:12:46,1.17.3,LeftRight,67,3.98,nan,1,Right,Left,141,368,58,45130565,nan,nan,0.00
8/18/2026 1:12:46,1.17.3,LeftRight,67,3.98,nan,1,RightDuringDispense,Left,141,369,58,45130565,nan,nan,0.13
8/18/2026 1:12:47,1.17.3,LeftRight,67,3.98,1,1,Pellet,Left,141,369,59,45130565,0.53,197,nan
8/18/2026 1:14:19,1.17.3,LeftRight,67,3.98,nan,1,Right,Left,141,370,59,45224107,nan,nan,0.00
8/18/2026 1:14:20,1.17.3,LeftRight,67,3.97,nan,1,Right,Left,141,371,59,45225189,nan,nan,0.04
8/18/2026 1:14:27,1.17.3,LeftRight,67,3.97,nan,1,Right,Left,141,372,59,45231747,nan,nan,0.04
8/18/2026 1:14:29,1.17.3,LeftRight,67,3.97,nan,1,Right,Left,141,373,59,45234192,nan,nan,0.10
8/18/2026 1:14:33,1.17.3,LeftRight,67,3.97,nan,1,Left,Left,142,373,59,45237602,nan,nan,0.00
8/18/2026 1:14:34,1.17.3,LeftRight,67,3.97,nan,1,Right,Left,142,374,59,45238685,nan,nan,0.00
8/18/2026 1:14:35,1.17.3,LeftRight,67,3.97,1,1,Pellet,Left,142,374,60,45238685,0.65,108,nan
8/18/2026 1:16:21,1.17.3,LeftRight,67,3.97,nan,1,Left,Left,143,374,60,45345562,nan,nan,0.00
8/18/2026 1:16:22,1.17.3,LeftRight,67,3.98,nan,1,Right,Left,143,375,60,45346792,nan,nan,0.14
8/18/2026 1:16:23,1.17.3,LeftRight,67,3.98,1,1,Pellet,Left,143,375,61,45346792,0.65,108,nan
8/18/2026 1:16:38,1.17.3,LeftRight,67,3.98,nan,1,Right,Left,143,376,61,45363027,nan,nan,0.00
8/18/2026 1:16:43,1.17.3,LeftRight,67,3.97,nan,1,Right,Left,143,377,61,45367791,nan,nan,0.18
8/18/2026 1:16:45,1.17.3,LeftRight,67,3.97,nan,1,Right,Left,143,378,61,45369786,nan,nan,0.16
8/18/2026 1:16:47,1.17.3,LeftRight,67,3.98,nan,1,Right,Left,143,379,61,45371917,nan,nan,0.00
8/18/2026 1:19:59,1.17.3,LeftRight,67,3.98,nan,1,Right,Left,143,380,61,45564070,nan,nan,0.00
8/18/2026 1:20:00,1.17.3,LeftRight,67,3.98,nan,1,Right,Left,143,381,61,45564718,nan,nan,0.09
8/18/2026 1:20:02,1.17.3,LeftRight,67,3.98,nan,1,Right,Left,143,382,61,45566778,nan,nan,0.00
8/18/2026 1:20:05,1.17.3,LeftRight,67,3.98,nan,1,Left,Left,144,382,61,45570086,nan,nan,0.00
8/18/2026 1:20:06,1.17.3,LeftRight,67,3.97,nan,1,Right,Left,144,383,61,45571034,nan,nan,0.10
8/18/2026 1:20:07,1.17.3,LeftRight,67,3.97,1,1,Pellet,Left,144,383,62,45571034,0.65,224,nan
8/18/2026 1:20:28,1.17.3,LeftRight,67,3.98,nan,1,Right,Left,144,384,62,45592763,nan,nan,0.11
8/18/2026 1:22:31,1.17.3,LeftRight,67,3.97,nan,1,Right,Left,144,385,62,45715857,nan,nan,0.00
8/18/2026 1:22:34,1.17.3,LeftRight,67,3.97,nan,1,Right,Left,144,386,62,45718269,nan,nan,0.29
8/18/2026 1:22:35,1.17.3,LeftRight,67,3.97,nan,1,Right,Left,144,387,62,45719649,nan,nan,0.20
8/18/2026 1:22:38,1.17.3,LeftRight,67,3.98,nan,1,Right,Left,144,388,62,45722403,nan,nan,0.26
8/18/2026 1:22:42,1.17.3,LeftRight,67,3.97,nan,1,Left,Left,145,388,62,45726554,nan,nan,0.00
8/18/2026 1:22:43,1.17.3,LeftRight,67,3.98,nan,1,Right,Left,145,389,62,45727794,nan,nan,0.09
8/18/2026 1:22:44,1.17.3,LeftRight,67,3.98,1,1,Pellet,Left,145,389,63,45727794,0.83,157,nan
8/18/2026 1:23:54,1.17.3,LeftRight,67,3.98,nan,1,Right,Left,145,390,63,45799170,nan,nan,0.07
8/18/2026 1:23:58,1.17.3,LeftRight,67,3.98,nan,1,Right,Left,145,391,63,45802682,nan,nan,0.00
8/18/2026 1:23:59,1.17.3,LeftRight,67,3.97,nan,1,Right,Left,145,392,63,45803621,nan,nan,0.27
8/18/2026 1:24:02,1.17.3,LeftRight,67,3.97,nan,1,Left,Left,146,392,63,45807241,nan,nan,0.00
8/18/2026 1:24:03,1.17.3,LeftRight,67,3.97,nan,1,Right,Left,146,393,63,45808179,nan,nan,0.13
8/18/2026 1:24:05,1.17.3,LeftRight,67,3.98,1,1,Pellet,Left,146,393,64,45808179,0.65,81,nan
8/18/2026 1:24:32,1.17.3,LeftRight,67,3.98,nan,1,Right,Left,146,394,64,45836951,nan,nan,0.00
8/18/2026 1:24:33,1.17.3,LeftRight,67,3.97,nan,1,Right,Left,146,395,64,45838477,nan,nan,0.03
8/18/2026 1:25:47,1.17.3,LeftRight,67,3.98,nan,1,Left,Left,147,395,64,45912004,nan,nan,0.00
8/18/2026 1:25:49,1.17.3,LeftRight,67,3.97,nan,1,Right,Left,147,396,64,45913537,nan,nan,0.09
8/18/2026 1:25:50,1.17.3,LeftRight,67,3.97,1,1,Pellet,Left,147,396,65,45913537,1.07,105,nan
8/18/2026 1:26:23,1.17.3,LeftRight,67,3.98,nan,1,Right,Left,147,397,65,45948360,nan,nan,0.00
8/18/2026 1:26:25,1.17.3,LeftRight,67,3.98,nan,1,Right,Left,147,398,65,45950034,nan,nan,0.00
8/18/2026 1:29:17,1.17.3,LeftRight,67,3.97,nan,1,Right,Left,147,399,65,46122359,nan,nan,0.17
8/18/2026 1:29:20,1.17.3,LeftRight,67,3.97,nan,1,Right,Left,147,400,65,46125090,nan,nan,0.00
8/18/2026 1:29:21,1.17.3,LeftRight,67,3.97,nan,1,Right,Left,147,401,65,46126321,nan,nan,0.18
8/18/2026 1:29:25,1.17.3,LeftRight,67,3.98,nan,1,Left,Left,148,401,65,46129664,nan,nan,0.00
8/18/2026 1:29:26,1.17.3,LeftRight,67,3.97,nan,1,Right,Left,148,402,65,46131201,nan,nan,0.01
8/18/2026 1:29:28,1.17.3,LeftRight,67,3.98,1,1,Pellet,Left,148,402,66,46131201,1.01,218,nan
8/18/2026 1:32:12,1.17.3,LeftRight,67,3.97,nan,1,Right,Left,148,403,66,46296571,nan,nan,0.23
8/18/2026 1:32:18,1.17.3,LeftRight,67,3.97,nan,1,Right,Left,148,404,66,46303053,nan,nan,0.18
8/18/2026 1:32:21,1.17.3,LeftRight,67,3.98,nan,1,Right,Left,148,405,66,46306383,nan,nan,0.00
8/18/2026 1:32:23,1.17.3,LeftRight,67,3.97,nan,1,Right,Left,148,406,66,46308059,nan,nan,0.00
8/18/2026 1:32:28,1.17.3,LeftRight,67,3.97,nan,1,Right,Left,148,407,66,46312833,nan,nan,0.00
8/18/2026 1:32:31,1.17.3,LeftRight,67,3.97,nan,1,Right,Left,148,408,66,46316424,nan,nan,0.00
8/18/2026 1:32:35,1.17.3,LeftRight,67,3.98,nan,1,Left,Left,149,408,66,46320049,nan,nan,0.00
8/18/2026 1:32:37,1.17.3,LeftRight,67,3.97,nan,1,Right,Left,149,409,66,46322030,nan,nan,0.03
8/18/2026 1:32:38,1.17.3,LeftRight,67,3.97,1,1,Pellet,Left,149,409,67,46322030,0.65,190,nan
8/18/2026 1:34:02,1.17.3,LeftRight,67,3.97,nan,1,Right,Left,149,410,67,46406900,nan,nan,0.18
8/18/2026 1:34:06,1.17.3,LeftRight,67,3.97,nan,1,Right,Left,149,411,67,46410816,nan,nan,0.00
8/18/2026 1:37:31,1.17.3,LeftRight,67,3.97,nan,1,Right,Left,149,412,67,46616447,nan,nan,0.08
8/18/2026 1:37:35,1.17.3,LeftRight,67,3.97,nan,1,Right,Left,149,413,67,46620405,nan,nan,0.09
8/18/2026 1:37:38,1.17.3,LeftRight,67,3.97,nan,1,Right,Left,149,414,67,46623200,nan,nan,0.11
8/18/2026 1:37:39,1.17.3,LeftRight,67,3.97,nan,1,Right,Left,149,415,67,46624241,nan,nan,0.19
8/18/2026 1:37:43,1.17.3,LeftRight,67,3.97,nan,1,Right,Left,149,416,67,46628463,nan,nan,0.00
8/18/2026 1:37:44,1.17.3,LeftRight,67,3.98,nan,1,Right,Left,149,417,67,46629104,nan,nan,0.00
8/18/2026 1:37:46,1.17.3,LeftRight,67,3.97,nan,1,Right,Left,149,418,67,46631223,nan,nan,0.33
8/18/2026 1:37:48,1.17.3,LeftRight,67,3.97,nan,1,Right,Left,149,419,67,46632780,nan,nan,0.05
8/18/2026 1:37:52,1.17.3,LeftRight,67,3.97,nan,1,Left,Left,150,419,67,46636655,nan,nan,0.00
8/18/2026 1:37:53,1.17.3,LeftRight,67,3.97,nan,1,Right,Left,150,420,67,46637885,nan,nan,0.00
8/18/2026 1:37:55,1.17.3,LeftRight,67,3.97,1,1,Pellet,Left,150,420,68,46637885,1.31,317,nan
8/18/2026 1:46:28,1.17.3,LeftRight,67,3.97,nan,1,Left,Left,151,420,68,47153251,nan,nan,0.00
8/18/2026 1:46:30,1.17.3,LeftRight,67,3.98,nan,1,Right,Left,151,421,68,47155220,nan,nan,0.09
8/18/2026 1:46:32,1.17.3,LeftRight,67,3.98,1,1,Pellet,Left,151,421,69,47155220,0.65,517,nan
8/18/2026 1:47:24,1.17.3,LeftRight,67,3.97,nan,1,Right,Left,151,422,69,47209365,nan,nan,0.02
8/18/2026 1:47:45,1.17.3,LeftRight,67,3.97,nan,1,Right,Left,151,423,69,47229761,nan,nan,0.03
8/18/2026 1:50:26,1.17.3,LeftRight,67,3.97,nan,1,Left,Left,152,423,69,47390769,nan,nan,0.00
8/18/2026 1:50:28,1.17.3,LeftRight,67,3.96,nan,1,Right,Left,152,424,69,47392745,nan,nan,0.04
8/18/2026 1:50:28,1.17.3,LeftRight,67,3.97,nan,1,RightDuringDispense,Left,152,425,69,47392745,nan,nan,0.12
8/18/2026 1:50:29,1.17.3,LeftRight,67,3.97,1,1,Pellet,Left,152,425,70,47392745,0.65,237,nan
8/18/2026 1:51:01,1.17.3,LeftRight,67,3.97,nan,1,Right,Left,152,426,70,47426218,nan,nan,0.02
8/18/2026 1:51:05,1.17.3,LeftRight,67,3.98,nan,1,Right,Left,152,427,70,47429386,nan,nan,0.41
8/18/2026 1:51:07,1.17.3,LeftRight,67,3.98,nan,1,Left,Left,153,427,70,47431852,nan,nan,0.00
8/18/2026 1:51:08,1.17.3,LeftRight,67,3.96,nan,1,Right,Left,153,428,70,47433082,nan,nan,0.34
8/18/2026 1:51:10,1.17.3,LeftRight,67,3.97,1,1,Pellet,Left,153,428,71,47433082,0.59,41,nan
8/18/2026 1:55:29,1.17.3,LeftRight,67,3.97,nan,1,Right,Left,153,429,71,47693669,nan,nan,0.12
8/18/2026 1:58:23,1.17.3,LeftRight,67,3.97,nan,1,Left,Left,154,429,71,47868615,nan,nan,0.00
8/18/2026 1:58:26,1.17.3,LeftRight,67,3.97,nan,1,Right,Left,154,430,71,47870582,nan,nan,0.11
8/18/2026 1:58:27,1.17.3,LeftRight,67,3.97,1,1,Pellet,Left,154,430,72,47870582,0.83,437,nan
8/18/2026 1:58:53,1.17.3,LeftRight,67,3.97,nan,1,Right,Left,154,431,72,47897929,nan,nan,0.00
8/18/2026 1:58:58,1.17.3,LeftRight,67,3.97,nan,1,Right,Left,154,432,72,47903431,nan,nan,0.17
8/18/2026 1:59:07,1.17.3,LeftRight,67,3.97,nan,1,Right,Left,154,433,72,47912501,nan,nan,0.01
8/18/2026 2:00:05,1.17.3,LeftRight,67,3.97,nan,1,Right,Left,154,434,72,47970488,nan,nan,0.07
8/18/2026 2:00:11,1.17.3,LeftRight,67,3.96,nan,1,Right,Left,154,435,72,47975786,nan,nan,0.00
8/18/2026 2:00:15,1.17.3,LeftRight,67,3.98,nan,1,Right,Left,154,436,72,47980410,nan,nan,0.05
8/18/2026 2:00:17,1.17.3,LeftRight,67,3.96,nan,1,Right,Left,154,437,72,47981842,nan,nan,0.16
8/18/2026 2:00:19,1.17.3,LeftRight,67,3.97,nan,1,Right,Left,154,438,72,47984418,nan,nan,0.18
8/18/2026 2:00:26,1.17.3,LeftRight,67,3.97,nan,1,Left,Left,155,438,72,47990754,nan,nan,0.00
8/18/2026 2:00:27,1.17.3,LeftRight,67,3.97,nan,1,Right,Left,155,439,72,47991845,nan,nan,0.07
8/18/2026 2:00:28,1.17.3,LeftRight,67,3.97,1,1,Pellet,Left,155,439,73,47991845,0.95,121,nan
8/18/2026 2:01:06,1.17.3,LeftRight,67,3.97,nan,1,Right,Left,155,440,73,48031374,nan,nan,0.04
8/18/2026 2:01:10,1.17.3,LeftRight,67,3.97,nan,1,Left,Left,156,440,73,48035591,nan,nan,0.00
8/18/2026 2:01:12,1.17.3,LeftRight,67,3.97,nan,1,Right,Left,156,441,73,48036823,nan,nan,0.00
8/18/2026 2:01:13,1.17.3,LeftRight,67,3.97,1,1,Pellet,Left,156,441,74,48036823,0.95,45,nan
8/18/2026 2:05:16,1.17.3,LeftRight,67,3.98,nan,1,Right,Left,156,442,74,48281157,nan,nan,0.20
8/18/2026 2:05:23,1.17.3,LeftRight,67,3.97,nan,1,Right,Left,156,443,74,48288043,nan,nan,0.17
8/18/2026 2:05:25,1.17.3,LeftRight,67,3.97,nan,1,Right,Left,156,444,74,48290184,nan,nan,0.02
8/18/2026 2:05:28,1.17.3,LeftRight,67,3.96,nan,1,Left,Left,157,444,74,48293205,nan,nan,0.00
8/18/2026 2:05:30,1.17.3,LeftRight,67,3.97,nan,1,Right,Left,157,445,74,48295025,nan,nan,0.00
8/18/2026 2:05:32,1.17.3,LeftRight,67,3.96,1,1,Pellet,Left,157,445,75,48295025,1.19,259,nan
8/18/2026 2:06:08,1.17.3,LeftRight,67,3.97,nan,1,Left,Left,158,445,75,48333155,nan,nan,0.00
8/18/2026 2:06:11,1.17.3,LeftRight,67,3.97,nan,1,Right,Left,158,446,75,48336159,nan,nan,0.10
8/18/2026 2:06:13,1.17.3,LeftRight,67,3.97,1,1,Pellet,Left,158,446,76,48336159,0.71,41,nan
8/18/2026 2:06:36,1.17.3,LeftRight,67,3.97,nan,1,Right,Left,158,447,76,48361086,nan,nan,0.21
8/18/2026 2:06:43,1.17.3,LeftRight,67,3.98,nan,1,Right,Left,158,448,76,48368139,nan,nan,0.13
8/18/2026 2:06:44,1.17.3,LeftRight,67,3.97,nan,1,Right,Left,158,449,76,48369356,nan,nan,0.26
8/18/2026 2:06:49,1.17.3,LeftRight,67,3.96,nan,1,Left,Left,159,449,76,48374048,nan,nan,0.00
8/18/2026 2:06:51,1.17.3,LeftRight,67,3.97,nan,1,Right,Left,159,450,76,48375871,nan,nan,0.40
8/18/2026 2:06:53,1.17.3,LeftRight,67,3.96,1,1,Pellet,Left,159,450,77,48375871,0.65,39,nan
8/18/2026 2:13:09,1.17.3,LeftRight,67,3.96,nan,1,Right,Left,159,451,77,48754599,nan,nan,0.00
8/18/2026 2:13:11,1.17.3,LeftRight,67,3.98,nan,1,Right,Left,159,452,77,48755983,nan,nan,0.08
8/18/2026 2:13:16,1.17.3,LeftRight,67,3.97,nan,1,Right,Left,159,453,77,48760982,nan,nan,0.00
8/18/2026 2:13:17,1.17.3,LeftRight,67,3.96,nan,1,Right,Left,159,454,77,48762361,nan,nan,0.07
8/18/2026 2:13:46,1.17.3,LeftRight,67,3.97,nan,1,Left,Left,160,454,77,48790767,nan,nan,0.00
8/18/2026 2:13:47,1.17.3,LeftRight,67,3.96,nan,1,Right,Left,160,455,77,48792440,nan,nan,0.05
8/18/2026 2:13:49,1.17.3,LeftRight,67,3.97,1,1,Pellet,Left,160,455,78,48792440,0.71,417,nan
8/18/2026 2:14:02,1.17.3,LeftRight,67,3.97,nan,1,Right,Left,160,456,78,48807275,nan,nan,0.16
8/18/2026 2:29:54,1.17.3,LeftRight,67,3.96,nan,1,Right,Left,160,457,78,49758532,nan,nan,0.23
8/18/2026 2:29:55,1.17.3,LeftRight,67,3.96,nan,1,Right,Left,160,458,78,49760146,nan,nan,0.19
8/18/2026 2:29:57,1.17.3,LeftRight,67,3.97,nan,1,Right,Left,160,459,78,49762452,nan,nan,0.00
8/18/2026 2:29:59,1.17.3,LeftRight,67,3.97,nan,1,Right,Left,160,460,78,49764297,nan,nan,0.05
8/18/2026 2:33:36,1.17.3,LeftRight,67,3.96,nan,1,Left,Left,161,460,78,49981106,nan,nan,0.00
8/18/2026 2:33:37,1.17.3,LeftRight,67,3.96,nan,1,Right,Left,161,461,78,49982486,nan,nan,0.09
8/18/2026 2:33:39,1.17.3,LeftRight,67,3.96,1,1,Pellet,Left,161,461,79,49982486,1.07,1190,nan
8/18/2026 2:33:53,1.17.3,LeftRight,67,3.96,nan,1,Right,Left,161,462,79,49997921,nan,nan,0.10
8/18/2026 2:33:56,1.17.3,LeftRight,67,3.97,nan,1,Left,Left,162,462,79,50001478,nan,nan,0.00
8/18/2026 2:33:58,1.17.3,LeftRight,67,3.97,nan,1,Right,Left,162,463,79,50003154,nan,nan,0.16
8/18/2026 2:34:00,1.17.3,LeftRight,67,3.97,1,1,Pellet,Left,162,463,80,50003154,0.77,21,nan
8/18/2026 2:34:12,1.17.3,LeftRight,67,3.96,nan,1,Right,Left,162,464,80,50016722,nan,nan,0.17
8/18/2026 2:34:15,1.17.3,LeftRight,67,3.97,nan,1,Right,Left,162,465,80,50019455,nan,nan,0.37
8/18/2026 2:34:17,1.17.3,LeftRight,67,3.96,nan,1,Left,Left,163,465,80,50022373,nan,nan,0.00
8/18/2026 2:34:19,1.17.3,LeftRight,67,3.97,nan,1,Right,Left,163,466,80,50024197,nan,nan,0.28
8/18/2026 2:34:21,1.17.3,LeftRight,67,3.97,1,1,Pellet,Left,163,466,81,50024197,0.89,21,nan
8/18/2026 2:34:31,1.17.3,LeftRight,67,3.96,nan,1,Right,Left,163,467,81,50035950,nan,nan,0.04
8/18/2026 2:34:37,1.17.3,LeftRight,67,3.97,nan,1,Right,Left,163,468,81,50042536,nan,nan,0.11
8/18/2026 2:34:39,1.17.3,LeftRight,67,3.96,nan,1,Right,Left,163,469,81,50044028,nan,nan,0.21
8/18/2026 2:34:42,1.17.3,LeftRight,67,3.97,nan,1,Right,Left,163,470,81,50046360,nan,nan,0.39
8/18/2026 2:34:46,1.17.3,LeftRight,67,3.97,nan,1,Left,Left,164,470,81,50051453,nan,nan,0.00
8/18/2026 2:34:48,1.17.3,LeftRight,67,3.96,nan,1,Left,Left,165,470,81,50053158,nan,nan,0.00
8/18/2026 2:34:51,1.17.3,LeftRight,67,3.96,nan,1,Right,Left,165,471,81,50056159,nan,nan,0.08
8/18/2026 2:34:53,1.17.3,LeftRight,67,3.97,1,1,Pellet,Left,165,471,82,50056159,1.01,32,nan
8/18/2026 2:35:22,1.17.3,LeftRight,67,3.97,nan,1,Left,Left,166,471,82,50086822,nan,nan,0.00
8/18/2026 2:35:24,1.17.3,LeftRight,67,3.96,nan,1,Right,Left,166,472,82,50088792,nan,nan,0.05
8/18/2026 2:35:26,1.17.3,LeftRight,67,3.96,1,1,Pellet,Left,166,472,83,50088792,1.79,33,nan
8/18/2026 2:43:22,1.17.3,LeftRight,67,3.97,nan,1,Right,Left,166,473,83,50567351,nan,nan,0.00
8/18/2026 2:43:24,1.17.3,LeftRight,67,3.97,nan,1,Right,Left,166,474,83,50569026,nan,nan,0.05
8/18/2026 2:43:26,1.17.3,LeftRight,67,3.96,nan,1,Right,Left,166,475,83,50570750,nan,nan,0.05
8/18/2026 2:48:13,1.17.3,LeftRight,67,3.96,nan,1,Right,Left,166,476,83,50857887,nan,nan,0.06
8/18/2026 2:48:16,1.17.3,LeftRight,67,3.96,nan,1,Left,Left,167,476,83,50861326,nan,nan,0.00
8/18/2026 2:48:19,1.17.3,LeftRight,67,3.96,nan,1,Right,Left,167,477,83,50863745,nan,nan,0.07
8/18/2026 2:48:20,1.17.3,LeftRight,67,3.97,1,1,Pellet,Left,167,477,84,50863745,0.89,774,nan
8/18/2026 2:49:15,1.17.3,LeftRight,67,3.97,nan,1,Right,Left,167,478,84,50920473,nan,nan,0.12
8/18/2026 2:49:20,1.17.3,LeftRight,67,3.97,nan,1,Right,Left,167,479,84,50924631,nan,nan,0.20
8/18/2026 2:49:22,1.17.3,LeftRight,67,3.96,nan,1,Right,Left,167,480,84,50926797,nan,nan,0.08
8/18/2026 2:49:27,1.17.3,LeftRight,67,3.96,nan,1,Right,Left,167,481,84,50931800,nan,nan,0.00
8/18/2026 2:49:29,1.17.3,LeftRight,67,3.96,nan,1,Right,Left,167,482,84,50934507,nan,nan,0.08
8/18/2026 2:50:48,1.17.3,LeftRight,67,3.97,nan,1,Left,Left,168,482,84,51013609,nan,nan,0.00
8/18/2026 2:51:00,1.17.3,LeftRight,67,3.96,nan,1,Left,Left,169,482,84,51025382,nan,nan,0.00
8/18/2026 2:51:02,1.17.3,LeftRight,67,3.96,nan,1,Right,Left,169,483,84,51026910,nan,nan,0.08
8/18/2026 2:51:04,1.17.3,LeftRight,67,3.96,1,1,Pellet,Left,169,483,85,51026910,1.07,164,nan
8/18/2026 2:51:22,1.17.3,LeftRight,67,3.96,nan,1,Right,Left,169,484,85,51046988,nan,nan,0.10
8/18/2026 2:51:23,1.17.3,LeftRight,67,3.96,nan,1,Right,Left,169,485,85,51048466,nan,nan,0.01
8/18/2026 2:51:26,1.17.3,LeftRight,67,3.96,nan,1,Right,Left,169,486,85,51051491,nan,nan,0.02
8/18/2026 2:54:53,1.17.3,LeftRight,67,3.96,nan,1,Right,Left,169,487,85,51258082,nan,nan,0.20
8/18/2026 2:55:05,1.17.3,LeftRight,67,3.96,nan,1,Left,Left,170,487,85,51270296,nan,nan,0.00
8/18/2026 2:55:06,1.17.3,LeftRight,67,3.96,nan,1,Left,Left,171,487,85,51271535,nan,nan,0.00
8/18/2026 2:55:09,1.17.3,LeftRight,67,3.96,nan,1,Right,Left,171,488,85,51273947,nan,nan,0.09
8/18/2026 2:55:11,1.17.3,LeftRight,67,3.96,1,1,Pellet,Left,171,488,86,51273947,1.43,247,nan
8/18/2026 2:55:30,1.17.3,LeftRight,67,3.96,nan,1,Right,Left,171,489,86,51295232,nan,nan,0.00
8/18/2026 2:56:31,1.17.3,LeftRight,67,3.97,nan,1,Right,Left,171,490,86,51355932,nan,nan,0.25
8/18/2026 2:56:34,1.17.3,LeftRight,67,3.96,nan,1,Right,Left,171,491,86,51359477,nan,nan,0.16
8/18/2026 2:56:36,1.17.3,LeftRight,67,3.97,nan,1,Right,Left,171,492,86,51360878,nan,nan,0.20
8/18/2026 3:03:27,1.17.3,LeftRight,67,3.96,nan,1,Right,Left,171,493,86,51772297,nan,nan,0.00
8/18/2026 3:03:29,1.17.3,LeftRight,67,3.96,nan,1,Right,Left,171,494,86,51774413,nan,nan,0.04
8/18/2026 3:03:31,1.17.3,LeftRight,67,3.96,nan,1,Right,Left,171,495,86,51776127,nan,nan,0.32
8/18/2026 3:03:38,1.17.3,LeftRight,67,3.96,nan,1,Right,Left,171,496,86,51783431,nan,nan,0.00
8/18/2026 3:03:40,1.17.3,LeftRight,67,3.96,nan,1,Right,Left,171,497,86,51785112,nan,nan,0.34
8/18/2026 3:03:45,1.17.3,LeftRight,67,3.96,nan,1,Right,Left,171,498,86,51790079,nan,nan,0.00
8/18/2026 3:03:46,1.17.3,LeftRight,67,3.96,nan,1,Right,Left,171,499,86,51791311,nan,nan,0.15
8/18/2026 3:03:48,1.17.3,LeftRight,67,3.96,nan,1,Left,Left,172,499,86,51793008,nan,nan,0.00
8/18/2026 3:03:49,1.17.3,LeftRight,67,3.96,nan,1,Right,Left,172,500,86,51794241,nan,nan,0.00
8/18/2026 3:03:51,1.17.3,LeftRight,67,3.96,1,1,Pellet,Left,172,500,87,51794241,1.07,520,nan
8/18/2026 4:36:09,1.17.3,LeftRight,67,3.96,nan,1,Right,Left,172,501,87,57334682,nan,nan,0.15
8/18/2026 4:57:07,1.17.3,LeftRight,67,3.96,nan,1,Right,Left,172,502,87,58592210,nan,nan,0.08
8/18/2026 5:00:04,1.17.3,LeftRight,67,3.95,nan,1,Left,Left,173,502,87,58769729,nan,nan,0.00
8/18/2026 5:00:34,1.17.3,LeftRight,67,3.96,nan,1,RESET,Left,173,502,87,58799588,nan,nan,nan
8/18/2026 5:00:43,1.17.3,LeftRight,67,3.95,nan,1,Right,Left,173,503,87,58808731,nan,nan,0.27
8/18/2026 5:00:47,1.17.3,LeftRight,67,3.96,nan,1,Right,Left,173,504,87,58812310,nan,nan,0.12
8/18/2026 5:00:56,1.17.3,LeftRight,67,3.95,nan,1,Right,Left,173,505,87,58822074,nan,nan,0.00
8/18/2026 5:01:05,1.17.3,LeftRight,67,3.96,nan,1,Right,Left,173,506,87,58830533,nan,nan,0.00
8/18/2026 5:11:03,1.17.3,LeftRight,67,3.95,nan,1,Right,Left,173,507,87,59428800,nan,nan,0.00
8/18/2026 5:12:32,1.17.3,LeftRight,67,3.95,nan,1,Right,Left,173,508,87,59517383,nan,nan,0.00
8/18/2026 5:12:33,1.17.3,LeftRight,67,3.96,nan,1,Right,Left,173,509,87,59518780,nan,nan,0.11
8/18/2026 5:12:37,1.17.3,LeftRight,67,3.96,nan,1,Right,Left,173,510,87,59522919,nan,nan,0.00
8/18/2026 5:12:39,1.17.3,LeftRight,67,3.96,nan,1,Right,Left,173,511,87,59524444,nan,nan,0.00
8/18/2026 5:12:43,1.17.3,LeftRight,67,3.96,nan,1,Right,Left,173,512,87,59528619,nan,nan,0.00
8/18/2026 5:12:48,1.17.3,LeftRight,67,3.95,nan,1,Right,Left,173,513,87,59533386,nan,nan,0.33
8/18/2026 5:16:13,1.17.3,LeftRight,67,3.95,nan,1,Left,Left,174,513,87,59738726,nan,nan,0.00
8/18/2026 5:16:14,1.17.3,LeftRight,67,3.95,nan,1,Right,Left,174,514,87,59739669,nan,nan,0.00
8/18/2026 5:16:16,1.17.3,LeftRight,67,3.95,1,1,Pellet,Left,174,514,88,59739669,0.83,7945,nan
8/18/2026 5:16:40,1.17.3,LeftRight,67,3.95,nan,1,Right,Left,174,515,88,59765985,nan,nan,0.00
8/18/2026 5:16:45,1.17.3,LeftRight,67,3.95,nan,1,Left,Left,175,515,88,59770869,nan,nan,0.00
8/18/2026 5:16:49,1.17.3,LeftRight,67,3.95,nan,1,Right,Left,175,516,88,59774018,nan,nan,0.19
8/18/2026 5:16:50,1.17.3,LeftRight,67,3.95,1,1,Pellet,Left,175,516,89,59774018,0.65,34,nan
8/18/2026 5:17:34,1.17.3,LeftRight,67,3.96,nan,1,Right,Left,175,517,89,59819415,nan,nan,0.00
8/18/2026 5:18:01,1.17.3,LeftRight,67,3.95,nan,1,Right,Left,175,518,89,59846419,nan,nan,0.15
8/18/2026 5:20:36,1.17.3,LeftRight,67,3.95,nan,1,Left,Left,176,518,89,60002107,nan,nan,0.00
8/18/2026 5:20:39,1.17.3,LeftRight,67,3.95,nan,1,Right,Left,176,519,89,60004521,nan,nan,0.00
8/18/2026 5:20:41,1.17.3,LeftRight,67,3.95,1,1,Pellet,Left,176,519,90,60004521,1.19,231,nan
8/18/2026 5:21:15,1.17.3,LeftRight,67,3.95,nan,1,Left,Left,177,519,90,60040450,nan,nan,0.00
8/18/2026 5:21:20,1.17.3,LeftRight,67,3.95,nan,1,Right,Left,177,520,90,60045215,nan,nan,0.34
8/18/2026 5:21:21,1.17.3,LeftRight,67,3.96,1,1,Pellet,Left,177,520,91,60045215,0.65,40,nan
8/18/2026 5:22:02,1.17.3,LeftRight,67,3.96,nan,1,Right,Left,177,521,91,60087342,nan,nan,0.02
8/18/2026 5:23:38,1.17.3,LeftRight,67,3.95,nan,1,Right,Left,177,522,91,60183593,nan,nan,0.34
8/18/2026 5:23:40,1.17.3,LeftRight,67,3.95,nan,1,Right,Left,177,523,91,60185166,nan,nan,0.13
8/18/2026 5:23:46,1.17.3,LeftRight,67,3.95,nan,1,Left,Left,178,523,91,60191830,nan,nan,0.00
8/18/2026 5:23:48,1.17.3,LeftRight,67,3.95,nan,1,Right,Left,178,524,91,60193063,nan,nan,0.19
8/18/2026 5:23:49,1.17.3,LeftRight,67,3.95,1,1,Pellet,Left,178,524,92,60193063,0.83,148,nan
8/18/2026 5:27:44,1.17.3,LeftRight,67,3.95,nan,1,Left,Left,179,524,92,60429988,nan,nan,0.00
8/18/2026 5:27:45,1.17.3,LeftRight,67,3.95,nan,1,Right,Left,179,525,92,60430778,nan,nan,0.17
8/18/2026 5:27:48,1.17.3,LeftRight,67,3.95,1,1,Pellet,Left,179,525,93,60430778,1.49,239,nan
8/18/2026 5:28:06,1.17.3,LeftRight,67,3.95,nan,1,Right,Left,179,526,93,60451520,nan,nan,0.12
8/18/2026 5:28:09,1.17.3,LeftRight,67,3.96,nan,1,Right,Left,179,527,93,60454058,nan,nan,0.28
8/18/2026 5:28:14,1.17.3,LeftRight,67,3.95,nan,1,Right,Left,179,528,93,60459851,nan,nan,0.14
8/18/2026 5:28:16,1.17.3,LeftRight,67,3.95,nan,1,Left,Left,180,528,93,60461529,nan,nan,0.00
8/18/2026 5:28:18,1.17.3,LeftRight,67,3.95,nan,1,Right,Left,180,529,93,60463213,nan,nan,0.08
8/18/2026 5:28:20,1.17.3,LeftRight,67,3.95,1,1,Pellet,Left,180,529,94,60463213,1.19,32,nan
8/18/2026 5:29:32,1.17.3,LeftRight,67,3.95,nan,1,Right,Left,180,530,94,60537614,nan,nan,0.00
8/18/2026 5:29:36,1.17.3,LeftRight,67,3.95,nan,1,Right,Left,180,531,94,60541517,nan,nan,0.13
8/18/2026 5:29:41,1.17.3,LeftRight,67,3.95,nan,1,Right,Left,180,532,94,60546272,nan,nan,0.02
8/18/2026 5:31:31,1.17.3,LeftRight,67,3.95,nan,1,Right,Left,180,533,94,60656755,nan,nan,0.00
8/18/2026 5:31:40,1.17.3,LeftRight,67,3.96,nan,1,Right,Left,180,534,94,60665975,nan,nan,0.05
8/18/2026 5:32:11,1.17.3,LeftRight,67,3.96,nan,1,Left,Left,181,534,94,60696268,nan,nan,0.00
8/18/2026 5:32:13,1.17.3,LeftRight,67,3.95,nan,1,Right,Left,181,535,94,60698237,nan,nan,0.19
8/18/2026 5:32:14,1.17.3,LeftRight,67,3.95,1,1,Pellet,Left,181,535,95,60698237,0.71,234,nan
8/18/2026 5:32:33,1.17.3,LeftRight,67,3.95,nan,1,Right,Left,181,536,95,60718839,nan,nan,0.23
8/18/2026 5:32:56,1.17.3,LeftRight,67,3.95,nan,1,Right,Left,181,537,95,60741421,nan,nan,0.21
8/18/2026 5:32:58,1.17.3,LeftRight,67,3.95,nan,1,Right,Left,181,538,95,60743015,nan,nan,0.40
8/18/2026 5:33:00,1.17.3,LeftRight,67,3.95,nan,1,Left,Left,182,538,95,60745614,nan,nan,0.00
8/18/2026 5:33:01,1.17.3,LeftRight,67,3.95,nan,1,Right,Left,182,539,95,60746847,nan,nan,0.00
8/18/2026 5:33:03,1.17.3,LeftRight,67,3.96,1,1,Pellet,Left,182,539,96,60746847,1.07,49,nan
8/18/2026 5:33:23,1.17.3,LeftRight,67,3.94,nan,1,Right,Left,182,540,96,60768303,nan,nan,0.02
8/18/2026 5:38:20,1.17.3,LeftRight,67,3.96,nan,1,Right,Left,182,541,96,61065484,nan,nan,0.21
8/18/2026 5:38:25,1.17.3,LeftRight,67,3.96,nan,1,Left,Left,183,541,96,61070190,nan,nan,0.00
8/18/2026 5:38:27,1.17.3,LeftRight,67,3.95,nan,1,Right,Left,183,542,96,61072456,nan,nan,0.07
8/18/2026 5:38:28,1.17.3,LeftRight,67,3.95,1,1,Pellet,Left,183,542,97,61072456,0.89,325,nan
8/18/2026 5:38:56,1.17.3,LeftRight,67,3.95,nan,1,Right,Left,183,543,97,61101391,nan,nan,0.28
8/18/2026 5:38:57,1.17.3,LeftRight,67,3.95,nan,1,Right,Left,183,544,97,61102759,nan,nan,0.08
8/18/2026 5:39:00,1.17.3,LeftRight,67,3.96,nan,1,Right,Left,183,545,97,61105397,nan,nan,0.03
8/18/2026 5:39:05,1.17.3,LeftRight,67,3.96,nan,1,Right,Left,183,546,97,61110648,nan,nan,0.20
8/18/2026 5:39:08,1.17.3,LeftRight,67,3.95,nan,1,Right,Left,183,547,97,61113410,nan,nan,0.10
8/18/2026 5:45:48,1.17.3,LeftRight,67,3.94,nan,1,Right,Left,183,548,97,61513473,nan,nan,0.00
8/18/2026 5:45:48,1.17.3,LeftRight,67,3.95,nan,1,Right,Left,183,549,97,61513968,nan,nan,0.13
8/18/2026 5:46:52,1.17.3,LeftRight,67,3.95,nan,1,Left,Left,184,549,97,61577535,nan,nan,0.00
8/18/2026 5:47:02,1.17.3,LeftRight,67,3.95,nan,1,Right,Left,184,550,97,61587914,nan,nan,0.19
8/18/2026 5:47:04,1.17.3,LeftRight,67,3.95,1,1,Pellet,Left,184,550,98,61587914,0.59,516,nan
8/18/2026 5:47:26,1.17.3,LeftRight,67,3.95,nan,1,Right,Left,184,551,98,61611660,nan,nan,0.08
8/18/2026 5:47:29,1.17.3,LeftRight,67,3.95,nan,1,Right,Left,184,552,98,61614741,nan,nan,0.23
8/18/2026 5:47:33,1.17.3,LeftRight,67,3.95,nan,1,Right,Left,184,553,98,61618421,nan,nan,0.19
8/18/2026 5:47:36,1.17.3,LeftRight,67,3.94,nan,1,Right,Left,184,554,98,61621913,nan,nan,0.26
8/18/2026 5:49:34,1.17.3,LeftRight,67,3.94,nan,1,Right,Left,184,555,98,61739590,nan,nan,0.01
8/18/2026 5:49:37,1.17.3,LeftRight,67,3.94,nan,1,Right,Left,184,556,98,61742163,nan,nan,0.18
8/18/2026 5:53:24,1.17.3,LeftRight,67,3.95,nan,1,Left,Left,185,556,98,61969415,nan,nan,0.00
8/18/2026 5:53:26,1.17.3,LeftRight,67,3.94,nan,1,Right,Left,185,557,98,61971246,nan,nan,0.02
8/18/2026 5:53:28,1.17.3,LeftRight,67,3.94,1,1,Pellet,Left,185,557,99,61971246,1.25,384,nan
8/18/2026 5:54:42,1.17.3,LeftRight,67,3.94,nan,1,Right,Left,185,558,99,62047386,nan,nan,0.00
8/18/2026 5:54:43,1.17.3,LeftRight,67,3.94,nan,1,Right,Left,185,559,99,62048472,nan,nan,0.13
8/18/2026 5:54:45,1.17.3,LeftRight,67,3.94,nan,1,Left,Left,186,559,99,62050363,nan,nan,0.00
8/18/2026 5:54:46,1.17.3,LeftRight,67,3.94,nan,1,Right,Left,186,560,99,62051301,nan,nan,0.16
8/18/2026 5:54:47,1.17.3,LeftRight,67,3.95,1,1,Pellet,Left,186,560,100,62051301,0.53,79,nan
8/18/2026 5:55:05,1.17.3,LeftRight,67,3.95,nan,1,Right,Left,186,561,100,62070074,nan,nan,0.28
8/18/2026 5:55:06,1.17.3,LeftRight,67,3.95,nan,1,Right,Left,186,562,100,62071441,nan,nan,0.40
8/18/2026 5:57:33,1.17.3,LeftRight,67,3.95,nan,1,Left,Left,187,562,100,62218928,nan,nan,0.00
8/18/2026 5:57:36,1.17.3,LeftRight,67,3.95,nan,1,Right,Left,187,563,100,62221196,nan,nan,0.30
8/18/2026 5:57:37,1.17.3,LeftRight,67,3.95,1,1,Pellet,Left,187,563,101,62221196,0.95,170,nan
8/18/2026 5:58:45,1.17.3,LeftRight,67,3.95,nan,1,Right,Left,187,564,101,62290562,nan,nan,0.14
8/18/2026 5:58:47,1.17.3,LeftRight,67,3.94,nan,1,Left,Left,188,564,101,62293122,nan,nan,0.00
8/18/2026 5:58:50,1.17.3,LeftRight,67,3.95,nan,1,Right,Left,188,565,101,62295392,nan,nan,0.08
8/18/2026 5:58:51,1.17.3,LeftRight,67,3.95,1,1,Pellet,Left,188,565,102,62295392,0.59,74,nan
8/18/2026 5:59:00,1.17.3,LeftRight,67,3.95,nan,1,Right,Left,188,566,102,62306050,nan,nan,0.02
8/18/2026 5:59:02,1.17.3,LeftRight,67,3.95,nan,1,Left,Left,189,566,102,62308203,nan,nan,0.00
8/18/2026 5:59:32,1.17.3,LeftRight,67,3.94,nan,1,RESET,Left,189,566,102,62337697,nan,nan,nan
8/18/2026 6:05:11,1.17.3,LeftRight,67,3.94,nan,1,Right,Left,189,567,102,62676285,nan,nan,0.00
8/18/2026 6:10:47,1.17.3,LeftRight,67,3.95,nan,1,Right,Left,189,568,102,63013162,nan,nan,0.02
8/18/2026 6:10:53,1.17.3,LeftRight,67,3.95,nan,1,Right,Left,189,569,102,63018705,nan,nan,0.31
8/18/2026 6:10:55,1.17.3,LeftRight,67,3.95,nan,1,Right,Left,189,570,102,63020407,nan,nan,0.12
8/18/2026 6:10:58,1.17.3,LeftRight,67,3.95,nan,1,Left,Left,190,570,102,63023435,nan,nan,0.00
8/18/2026 6:11:00,1.17.3,LeftRight,67,3.95,nan,1,Right,Left,190,571,102,63025260,nan,nan,0.16
8/18/2026 6:11:01,1.17.3,LeftRight,67,3.95,1,1,Pellet,Left,190,571,103,63025260,0.77,730,nan
8/18/2026 6:12:08,1.17.3,LeftRight,67,3.94,nan,1,Right,Left,190,572,103,63093608,nan,nan,0.07
8/18/2026 6:12:24,1.17.3,LeftRight,67,3.94,nan,1,Right,Left,190,573,103,63110121,nan,nan,0.12
8/18/2026 6:12:27,1.17.3,LeftRight,67,3.95,nan,1,Right,Left,190,574,103,63111923,nan,nan,0.45
8/18/2026 6:12:29,1.17.3,LeftRight,67,3.94,nan,1,Right,Left,190,575,103,63115086,nan,nan,0.05
8/18/2026 6:12:34,1.17.3,LeftRight,67,3.95,nan,1,Right,Left,190,576,103,63119765,nan,nan,0.47
8/18/2026 6:14:46,1.17.3,LeftRight,67,3.95,nan,1,Left,Left,191,576,103,63251594,nan,nan,0.00
8/18/2026 6:14:49,1.17.3,LeftRight,67,3.95,nan,1,Right,Left,191,577,103,63255040,nan,nan,0.00
8/18/2026 6:14:51,1.17.3,LeftRight,67,3.95,1,1,Pellet,Left,191,577,104,63255040,1.19,230,nan
8/18/2026 6:15:20,1.17.3,LeftRight,67,3.95,nan,1,Right,Left,191,578,104,63285703,nan,nan,0.00
8/18/2026 6:15:21,1.17.3,LeftRight,67,3.95,nan,1,Right,Left,191,579,104,63287083,nan,nan,0.15
8/18/2026 6:15:25,1.17.3,LeftRight,67,3.94,nan,1,Left,Left,192,579,104,63290865,nan,nan,0.00
8/18/2026 6:15:28,1.17.3,LeftRight,67,3.94,nan,1,Right,Left,192,580,104,63293870,nan,nan,0.08
8/18/2026 6:15:30,1.17.3,LeftRight,67,3.95,1,1,Pellet,Left,192,580,105,63293870,0.83,39,nan
8/18/2026 6:16:34,1.17.3,LeftRight,67,3.94,nan,1,Left,Left,193,580,105,63359698,nan,nan,0.00
8/18/2026 6:16:36,1.17.3,LeftRight,67,3.95,nan,1,Left,Left,194,580,105,63361987,nan,nan,0.00
8/18/2026 6:16:39,1.17.3,LeftRight,67,3.95,nan,1,Right,Left,194,581,105,63364700,nan,nan,0.19
8/18/2026 6:16:41,1.17.3,LeftRight,67,3.94,1,1,Pellet,Left,194,581,106,63364700,0.83,71,nan
8/18/2026 6:17:02,1.17.3,LeftRight,67,3.95,nan,1,Left,Left,195,581,106,63387746,nan,nan,0.00
8/18/2026 6:17:04,1.17.3,LeftRight,67,3.94,nan,1,Left,Left,196,581,106,63389576,nan,nan,0.00
8/18/2026 6:17:07,1.17.3,LeftRight,67,3.95,nan,1,Right,Left,196,582,106,63392287,nan,nan,0.23
8/18/2026 6:17:08,1.17.3,LeftRight,67,3.94,1,1,Pellet,Left,196,582,107,63392287,0.41,27,nan
8/18/2026 6:17:35,1.17.3,LeftRight,67,3.95,nan,1,Right,Left,196,583,107,63420688,nan,nan,0.02
8/18/2026 6:17:39,1.17.3,LeftRight,67,3.94,nan,1,Right,Left,196,584,107,63424897,nan,nan,0.00
8/18/2026 6:29:12,1.17.3,LeftRight,67,3.95,nan,1,Left,Left,197,584,107,64117463,nan,nan,0.00
8/18/2026 6:29:17,1.17.3,LeftRight,67,3.95,nan,1,Right,Left,197,585,107,64122391,nan,nan,0.20
8/18/2026 6:29:18,1.17.3,LeftRight,67,3.94,1,1,Pellet,Left,197,585,108,64122391,0.77,730,nan
8/18/2026 6:29:38,1.17.3,LeftRight,67,3.94,nan,1,Right,Left,197,586,108,64143991,nan,nan,0.19
8/18/2026 6:29:43,1.17.3,LeftRight,67,3.94,nan,1,Right,Left,197,587,108,64148529,nan,nan,0.00
8/18/2026 6:30:49,1.17.3,LeftRight,67,3.94,nan,1,Right,Left,197,588,108,64214542,nan,nan,0.02
8/18/2026 6:30:58,1.17.3,LeftRight,67,3.94,nan,1,Right,Left,197,589,108,64223797,nan,nan,0.26
8/18/2026 6:31:03,1.17.3,LeftRight,67,3.94,nan,1,Right,Left,197,590,108,64228251,nan,nan,0.11
8/18/2026 6:31:05,1.17.3,LeftRight,67,3.95,nan,1,Right,Left,197,591,108,64230633,nan,nan,0.02
8/18/2026 6:31:07,1.17.3,LeftRight,67,3.95,nan,1,Right,Left,197,592,108,64232915,nan,nan,0.03
8/18/2026 6:46:40,1.17.3,LeftRight,67,3.95,nan,1,Left,Left,198,592,108,65166279,nan,nan,0.00
8/18/2026 6:46:58,1.17.3,LeftRight,67,3.94,nan,1,Left,Left,199,592,108,65184146,nan,nan,0.00
8/18/2026 6:47:10,1.17.3,LeftRight,67,3.95,nan,1,Left,Left,200,592,108,65195858,nan,nan,0.00
8/18/2026 6:47:17,1.17.3,LeftRight,67,3.94,nan,1,Right,Left,200,593,108,65202423,nan,nan,0.06
8/18/2026 6:47:18,1.17.3,LeftRight,67,3.94,1,1,Pellet,Left,200,593,109,65202423,0.65,1080,nan
8/18/2026 6:47:43,1.17.3,LeftRight,67,3.95,nan,1,Left,Left,201,593,109,65229248,nan,nan,0.00
8/18/2026 6:47:45,1.17.3,LeftRight,67,3.94,nan,1,Left,Left,202,593,109,65230591,nan,nan,0.00
8/18/2026 6:47:47,1.17.3,LeftRight,67,3.94,nan,1,Left,Left,203,593,109,65232539,nan,nan,0.00
8/18/2026 6:47:49,1.17.3,LeftRight,67,3.94,nan,1,Right,Left,203,594,109,65234663,nan,nan,0.11
8/18/2026 6:47:49,1.17.3,LeftRight,67,3.91,nan,1,RightDuringDispense,Left,203,595,109,65234663,nan,nan,0.00
8/18/2026 6:47:51,1.17.3,LeftRight,67,3.94,1,1,Pellet,Left,203,595,110,65234663,0.65,33,nan
8/18/2026 6:48:20,1.17.3,LeftRight,67,3.94,nan,1,Right,Left,203,596,110,65265779,nan,nan,0.01
8/18/2026 6:48:23,1.17.3,LeftRight,67,3.94,nan,1,Right,Left,203,597,110,65268365,nan,nan,0.05
8/18/2026 6:48:56,1.17.3,LeftRight,67,3.94,nan,1,Left,Left,204,597,110,65301825,nan,nan,0.00
8/18/2026 6:48:58,1.17.3,LeftRight,67,3.94,nan,1,Left,Left,205,597,110,65304174,nan,nan,0.00
8/18/2026 6:48:59,1.17.3,LeftRight,67,3.94,nan,1,Left,Left,206,597,110,65305333,nan,nan,0.00
8/18/2026 6:49:16,1.17.3,LeftRight,67,3.95,nan,1,Right,Left,206,598,110,65321214,nan,nan,0.37
8/18/2026 6:49:18,1.17.3,LeftRight,67,3.94,1,1,Pellet,Left,206,598,111,65321214,1.13,87,nan
8/18/2026 6:49:42,1.17.3,LeftRight,67,3.94,nan,1,Right,Left,206,599,111,65347795,nan,nan,0.01
8/18/2026 6:49:44,1.17.3,LeftRight,67,3.94,nan,1,Right,Left,206,600,111,65348449,nan,nan,1.06
8/18/2026 6:49:47,1.17.3,LeftRight,67,3.94,nan,1,Right,Left,206,601,111,65352522,nan,nan,0.33
8/18/2026 6:49:51,1.17.3,LeftRight,67,3.94,nan,1,Right,Left,206,602,111,65356157,nan,nan,0.56
8/18/2026 6:49:55,1.17.3,LeftRight,67,3.94,nan,1,Right,Left,206,603,111,65360472,nan,nan,0.12
8/18/2026 6:49:57,1.17.3,LeftRight,67,3.94,nan,1,Right,Left,206,604,111,65362430,nan,nan,0.12
8/18/2026 6:50:01,1.17.3,LeftRight,67,3.94,nan,1,Right,Left,206,605,111,65366153,nan,nan,0.39
8/18/2026 6:50:04,1.17.3,LeftRight,67,3.94,nan,1,Left,Left,207,605,111,65369807,nan,nan,0.00
8/18/2026 6:50:05,1.17.3,LeftRight,67,3.94,nan,1,Left,Left,208,605,111,65371079,nan,nan,0.00
8/18/2026 6:50:35,1.17.3,LeftRight,67,3.94,nan,1,RESET,Left,208,605,111,65400870,nan,nan,nan
8/18/2026 6:51:11,1.17.3,LeftRight,67,3.94,nan,1,Right,Left,208,606,111,65436815,nan,nan,0.02
8/18/2026 9:05:20,1.17.3,LeftRight,67,3.93,nan,1,Left,Left,209,606,111,73486312,nan,nan,0.00
8/18/2026 9:05:23,1.17.3,LeftRight,67,3.93,nan,1,Left,Left,210,606,111,73489072,nan,nan,0.00
8/18/2026 9:05:33,1.17.3,LeftRight,67,3.94,nan,1,Left,Left,211,606,111,73499598,nan,nan,0.00
8/18/2026 9:05:37,1.17.3,LeftRight,67,3.94,nan,1,Right,Left,211,607,111,73502753,nan,nan,0.39
8/18/2026 9:05:40,1.17.3,LeftRight,67,3.93,1,1,Pellet,Left,211,607,112,73502753,2.21,8182,nan
8/18/2026 9:08:54,1.17.3,LeftRight,67,3.94,nan,1,Left,Left,212,607,112,73700315,nan,nan,0.00
8/18/2026 9:09:24,1.17.3,LeftRight,67,3.94,nan,1,RESET,Left,212,607,112,73730096,nan,nan,nan
8/18/2026 9:12:37,1.17.3,LeftRight,67,3.93,nan,1,Left,Left,213,607,112,73923599,nan,nan,0.00
8/18/2026 9:12:39,1.17.3,LeftRight,67,3.94,nan,1,Right,Left,213,608,112,73925129,nan,nan,0.28
8/18/2026 9:12:41,1.17.3,LeftRight,67,3.94,1,1,Pellet,Left,213,608,113,73925129,0.59,421,nan
8/18/2026 9:13:53,1.17.3,LeftRight,67,3.93,nan,1,Left,Left,214,608,113,73998811,nan,nan,0.00
8/18/2026 9:14:22,1.17.3,LeftRight,67,3.94,nan,1,RESET,Left,214,608,113,74028126,nan,nan,nan
8/18/2026 9:14:40,1.17.3,LeftRight,67,3.93,nan,1,Left,Left,215,608,113,74046444,nan,nan,0.00
8/18/2026 9:14:47,1.17.3,LeftRight,67,3.93,nan,1,Right,Left,215,609,113,74052853,nan,nan,0.09
8/18/2026 9:14:48,1.17.3,LeftRight,67,3.93,1,1,Pellet,Left,215,609,114,74052853,0.59,127,nan
8/18/2026 9:15:13,1.17.3,LeftRight,67,3.93,nan,1,Right,Left,215,610,114,74079489,nan,nan,0.15
8/18/2026 9:16:38,1.17.3,LeftRight,67,3.93,nan,1,Left,Left,216,610,114,74164265,nan,nan,0.00
8/18/2026 9:16:41,1.17.3,LeftRight,67,3.93,nan,1,Left,Left,217,610,114,74166759,nan,nan,0.00
8/18/2026 9:17:00,1.17.3,LeftRight,67,3.93,nan,1,Left,Left,218,610,114,74185963,nan,nan,0.00
8/18/2026 9:17:29,1.17.3,LeftRight,67,3.93,nan,1,RESET,Left,218,610,114,74215103,nan,nan,nan
8/18/2026 9:20:10,1.17.3,LeftRight,67,3.94,nan,1,Right,Left,218,611,114,74376122,nan,nan,0.31
8/18/2026 9:20:22,1.17.3,LeftRight,67,3.93,nan,1,Right,Left,218,612,114,74388017,nan,nan,0.09
8/18/2026 9:20:23,1.17.3,LeftRight,67,3.93,nan,1,Right,Left,218,613,114,74389505,nan,nan,0.21
8/18/2026 9:20:30,1.17.3,LeftRight,67,3.93,nan,1,Left,Left,219,613,114,74396502,nan,nan,0.00
8/18/2026 9:20:33,1.17.3,LeftRight,67,3.93,nan,1,Right,Left,219,614,114,74399067,nan,nan,0.21
8/18/2026 9:20:35,1.17.3,LeftRight,67,3.93,1,1,Pellet,Left,219,614,115,74399067,0.95,347,nan
8/18/2026 9:21:02,1.17.3,LeftRight,67,3.93,nan,1,Right,Left,219,615,115,74428205,nan,nan,0.04
8/18/2026 9:22:21,1.17.3,LeftRight,67,3.93,nan,1,Right,Left,219,616,115,74507050,nan,nan,0.18
8/18/2026 9:27:05,1.17.3,LeftRight,67,3.93,nan,1,Right,Left,219,617,115,74791491,nan,nan,0.10
8/18/2026 9:27:38,1.17.3,LeftRight,67,3.93,nan,1,Right,Left,219,618,115,74824138,nan,nan,0.00
8/18/2026 9:28:03,1.17.3,LeftRight,67,3.93,nan,1,Right,Left,219,619,115,74849175,nan,nan,0.08
8/18/2026 9:41:36,1.17.3,LeftRight,67,3.93,nan,1,Left,Left,220,619,115,75662070,nan,nan,0.00
8/18/2026 9:41:41,1.17.3,LeftRight,67,3.93,nan,1,Right,Left,220,620,115,75667006,nan,nan,0.00
8/18/2026 9:41:42,1.17.3,LeftRight,67,3.93,1,1,Pellet,Left,220,620,116,75667006,0.59,1267,nan
8/18/2026 10:58:51,1.17.3,LeftRight,67,3.92,nan,1,Left,Left,221,620,116,80297638,nan,nan,0.00
8/18/2026 10:59:01,1.17.3,LeftRight,67,3.92,nan,1,Right,Left,221,621,116,80307747,nan,nan,0.10
8/18/2026 10:59:03,1.17.3,LeftRight,67,3.93,1,1,Pellet,Left,221,621,117,80307747,0.95,4641,nan
8/18/2026 10:59:30,1.17.3,LeftRight,67,3.93,nan,1,Right,Left,221,622,117,80336299,nan,nan,0.01
8/18/2026 10:59:31,1.17.3,LeftRight,67,3.93,nan,1,Right,Left,221,623,117,80337251,nan,nan,0.39
8/18/2026 10:59:36,1.17.3,LeftRight,67,3.93,nan,1,Left,Left,222,623,117,80342752,nan,nan,0.00
8/18/2026 10:59:38,1.17.3,LeftRight,67,3.93,nan,1,Left,Left,223,623,117,80344633,nan,nan,0.00
8/18/2026 10:59:40,1.17.3,LeftRight,67,3.93,nan,1,Right,Left,223,624,117,80346460,nan,nan,0.30
8/18/2026 10:59:43,1.17.3,LeftRight,67,3.93,1,1,Pellet,Left,223,624,118,80346460,1.67,40,nan
8/18/2026 10:59:58,1.17.3,LeftRight,67,3.93,nan,1,Right,Left,223,625,118,80363936,nan,nan,0.06
8/18/2026 11:00:02,1.17.3,LeftRight,67,3.92,nan,1,Left,Left,224,625,118,80368654,nan,nan,0.00
8/18/2026 11:00:05,1.17.3,LeftRight,67,3.93,nan,1,Right,Left,224,626,118,80371367,nan,nan,0.13
8/18/2026 11:00:06,1.17.3,LeftRight,67,3.93,1,1,Pellet,Left,224,626,119,80371367,0.47,23,nan
8/18/2026 11:00:33,1.17.3,LeftRight,67,3.92,nan,1,Right,Left,224,627,119,80399683,nan,nan,0.26
8/18/2026 11:00:34,1.17.3,LeftRight,67,3.93,nan,1,Right,Left,224,628,119,80400445,nan,nan,0.04
8/18/2026 11:02:10,1.17.3,LeftRight,67,3.93,nan,1,Right,Left,224,629,119,80496142,nan,nan,0.00
8/18/2026 12:45:18,1.17.3,LeftRight,67,3.92,nan,1,Right,Left,224,630,119,86684858,nan,nan,0.18
8/18/2026 12:45:34,1.17.3,LeftRight,67,3.92,nan,1,Right,Left,224,631,119,86700470,nan,nan,0.27
8/18/2026 12:45:38,1.17.3,LeftRight,67,3.91,nan,1,Right,Left,224,632,119,86704631,nan,nan,0.10
8/18/2026 12:45:42,1.17.3,LeftRight,67,3.91,nan,1,Right,Left,224,633,119,86708041,nan,nan,0.24
8/18/2026 12:45:47,1.17.3,LeftRight,67,3.91,nan,1,Left,Left,225,633,119,86713371,nan,nan,0.00
8/18/2026 12:45:55,1.17.3,LeftRight,67,3.92,nan,1,Right,Left,225,634,119,86721114,nan,nan,0.40
8/18/2026 12:45:57,1.17.3,LeftRight,67,3.92,1,1,Pellet,Left,225,634,120,86721114,0.95,6351,nan
8/18/2026 12:46:41,1.17.3,LeftRight,67,3.92,nan,1,Right,Left,225,635,120,86767236,nan,nan,0.27
8/18/2026 12:46:43,1.17.3,LeftRight,67,3.91,nan,1,Left,Left,226,635,120,86770025,nan,nan,0.00
8/18/2026 12:46:46,1.17.3,LeftRight,67,3.91,nan,1,Left,Left,227,635,120,86772502,nan,nan,0.00
8/18/2026 12:46:49,1.17.3,LeftRight,67,3.91,nan,1,Right,Left,227,636,120,86775672,nan,nan,0.32
8/18/2026 12:46:50,1.17.3,LeftRight,67,3.89,nan,1,RightDuringDispense,Left,227,637,120,86775672,nan,nan,0.19
8/18/2026 12:46:51,1.17.3,LeftRight,67,3.91,1,1,Pellet,Left,227,637,121,86775672,1.07,54,nan
8/18/2026 13:53:08,1.17.3,LeftRight,67,3.91,nan,1,Left,Left,228,637,121,90755275,nan,nan,0.00
8/18/2026 13:53:18,1.17.3,LeftRight,67,3.91,nan,1,RESET,Left,228,637,121,90764800,nan,nan,nan
8/18/2026 14:09:55,1.17.3,LeftRight,67,3.91,nan,1,Right,Left,228,638,121,91761396,nan,nan,0.06
8/18/2026 14:09:58,1.17.3,LeftRight,67,3.91,nan,1,Left,Left,229,638,121,91764688,nan,nan,0.00
8/18/2026 14:09:59,1.17.3,LeftRight,67,3.91,nan,1,Right,Left,229,639,121,91766368,nan,nan,0.00
8/18/2026 14:10:01,1.17.3,LeftRight,67,3.91,1,1,Pellet,Left,229,639,122,91766368,0.53,4990,nan
8/18/2026 14:10:18,1.17.3,LeftRight,67,3.91,nan,1,Right,Left,229,640,122,91784829,nan,nan,0.01
8/18/2026 14:10:19,1.17.3,LeftRight,67,3.91,nan,1,Right,Left,229,641,122,91785477,nan,nan,0.28
8/18/2026 14:10:21,1.17.3,LeftRight,67,3.91,nan,1,Right,Left,229,642,122,91787581,nan,nan,0.61
8/18/2026 14:10:22,1.17.3,LeftRight,67,3.91,nan,1,Right,Left,229,643,122,91788839,nan,nan,0.22
8/18/2026 14:10:27,1.17.3,LeftRight,67,3.91,nan,1,Right,Left,229,644,122,91793548,nan,nan,0.21
8/18/2026 14:10:30,1.17.3,LeftRight,67,3.91,nan,1,Right,Left,229,645,122,91796773,nan,nan,0.21
8/18/2026 14:10:33,1.17.3,LeftRight,67,3.91,nan,1,Left,Left,230,645,122,91799594,nan,nan,0.00
8/18/2026 14:10:34,1.17.3,LeftRight,67,3.91,nan,1,Left,Left,231,645,122,91800772,nan,nan,0.00
8/18/2026 14:10:37,1.17.3,LeftRight,67,3.91,nan,1,Right,Left,231,646,122,91803335,nan,nan,0.77
8/18/2026 14:10:39,1.17.3,LeftRight,67,3.91,1,1,Pellet,Left,231,646,123,91803335,0.59,37,nan
8/18/2026 14:11:58,1.17.3,LeftRight,67,3.91,nan,1,Left,Left,232,646,123,91885193,nan,nan,0.00
8/18/2026 14:12:06,1.17.3,LeftRight,67,3.91,nan,1,Right,Left,232,647,123,91892349,nan,nan,0.42
8/18/2026 14:12:07,1.17.3,LeftRight,67,3.91,1,1,Pellet,Left,232,647,124,91892349,0.53,89,nan
8/18/2026 14:12:33,1.17.3,LeftRight,67,3.91,nan,1,Left,Left,233,647,124,91920278,nan,nan,0.00
8/18/2026 14:12:35,1.17.3,LeftRight,67,3.91,nan,1,Right,Left,233,648,124,91921807,nan,nan,0.03
8/18/2026 14:12:36,1.17.3,LeftRight,67,3.91,nan,1,RightDuringDispense,Left,233,649,124,91921807,nan,nan,0.36
8/18/2026 14:12:37,1.17.3,LeftRight,67,3.91,1,1,Pellet,Left,233,649,125,91921807,0.77,30,nan
8/18/2026 14:12:50,1.17.3,LeftRight,67,3.91,nan,1,Right,Left,233,650,125,91937090,nan,nan,0.17
8/18/2026 14:15:14,1.17.3,LeftRight,67,3.91,nan,1,Left,Left,234,650,125,92080585,nan,nan,0.00
8/18/2026 14:15:21,1.17.3,LeftRight,67,3.91,nan,1,Right,Left,234,651,125,92087290,nan,nan,0.35
8/18/2026 14:15:22,1.17.3,LeftRight,67,3.91,1,1,Pellet,Left,234,651,126,92087290,0.53,165,nan
8/18/2026 14:15:44,1.17.3,LeftRight,67,3.91,nan,1,Right,Left,234,652,126,92110444,nan,nan,0.31
8/18/2026 14:15:47,1.17.3,LeftRight,67,3.91,nan,1,Left,Left,235,652,126,92113702,nan,nan,0.00
8/18/2026 14:15:50,1.17.3,LeftRight,67,3.91,nan,1,Right,Left,235,653,126,92117009,nan,nan,0.04
8/18/2026 14:15:52,1.17.3,LeftRight,67,3.91,1,1,Pellet,Left,235,653,127,92117009,0.77,30,nan
8/18/2026 14:17:25,1.17.3,LeftRight,67,3.91,nan,1,Right,Left,235,654,127,92211598,nan,nan,0.00
8/18/2026 14:17:28,1.17.3,LeftRight,67,3.91,nan,1,Right,Left,235,655,127,92214313,nan,nan,0.39
8/18/2026 14:17:32,1.17.3,LeftRight,67,3.91,nan,1,Left,Left,236,655,127,92219417,nan,nan,0.00
8/18/2026 14:17:33,1.17.3,LeftRight,67,3.91,nan,1,Left,Left,237,655,127,92219912,nan,nan,0.00
8/18/2026 14:17:37,1.17.3,LeftRight,67,3.91,nan,1,Right,Left,237,656,127,92223362,nan,nan,0.38
8/18/2026 14:17:38,1.17.3,LeftRight,67,3.91,1,1,Pellet,Left,237,656,128,92223362,0.41,106,nan
8/18/2026 14:22:27,1.17.3,LeftRight,67,3.91,nan,1,Right,Left,237,657,128,92513868,nan,nan,0.06
8/18/2026 14:22:33,1.17.3,LeftRight,67,3.91,nan,1,Left,Left,238,657,128,92519945,nan,nan,0.00
8/18/2026 14:22:36,1.17.3,LeftRight,67,3.91,nan,1,Right,Left,238,658,128,92522513,nan,nan,0.23
8/18/2026 14:22:37,1.17.3,LeftRight,67,3.91,1,1,Pellet,Left,238,658,129,92522513,0.59,299,nan
8/18/2026 14:26:05,1.17.3,LeftRight,67,3.91,nan,1,Left,Left,239,658,129,92731677,nan,nan,0.00
8/18/2026 14:26:07,1.17.3,LeftRight,67,3.91,nan,1,Right,Left,239,659,129,92733210,nan,nan,0.40
8/18/2026 14:26:08,1.17.3,LeftRight,67,3.91,1,1,Pellet,Left,239,659,130,92733210,0.53,211,nan
8/18/2026 14:26:29,1.17.3,LeftRight,67,3.91,nan,1,Right,Left,239,660,130,92755343,nan,nan,0.47
8/18/2026 14:26:31,1.17.3,LeftRight,67,3.91,nan,1,Right,Left,239,661,130,92758083,nan,nan,0.28
8/18/2026 14:26:37,1.17.3,LeftRight,67,3.91,nan,1,Left,Left,240,661,130,92763933,nan,nan,0.00
8/18/2026 14:26:38,1.17.3,LeftRight,67,3.91,nan,1,Right,Left,240,662,130,92765169,nan,nan,0.11
8/18/2026 14:26:41,1.17.3,LeftRight,67,3.91,1,1,Pellet,Left,240,662,131,92765169,2.15,33,nan
8/18/2026 14:30:24,1.17.3,LeftRight,67,3.91,nan,1,Right,Left,240,663,131,92990761,nan,nan,0.06
8/18/2026 14:30:29,1.17.3,LeftRight,67,3.91,nan,1,Right,Left,240,664,131,92995609,nan,nan,0.04
8/18/2026 14:30:33,1.17.3,LeftRight,67,3.91,nan,1,Right,Left,240,665,131,92999983,nan,nan,0.00
8/18/2026 14:30:38,1.17.3,LeftRight,67,3.91,nan,1,Left,Left,241,665,131,93005224,nan,nan,0.00
8/18/2026 14:30:48,1.17.3,LeftRight,67,3.91,nan,1,RESET,Left,241,665,131,93014880,nan,nan,nan
8/18/2026 14:31:14,1.17.3,LeftRight,67,3.91,nan,1,Left,Left,242,665,131,93040874,nan,nan,0.00
8/18/2026 14:31:24,1.17.3,LeftRight,67,3.91,nan,1,RESET,Left,242,665,131,93050974,nan,nan,nan
8/18/2026 14:31:29,1.17.3,LeftRight,67,3.91,nan,1,Right,Left,242,666,131,93055696,nan,nan,0.00
8/18/2026 14:32:02,1.17.3,LeftRight,67,3.91,nan,1,Left,Left,243,666,131,93089002,nan,nan,0.00
8/18/2026 14:32:12,1.17.3,LeftRight,67,3.91,nan,1,RESET,Left,243,666,131,93098963,nan,nan,nan
8/18/2026 15:53:40,1.17.3,LeftRight,67,3.90,nan,1,Right,Left,243,667,131,97986692,nan,nan,0.18
8/18/2026 15:53:42,1.17.3,LeftRight,67,3.90,nan,1,Left,Left,244,667,131,97988988,nan,nan,0.00
8/18/2026 15:53:51,1.17.3,LeftRight,67,3.90,nan,1,RESET,Left,244,667,131,97998204,nan,nan,nan
8/18/2026 15:54:11,1.17.3,LeftRight,67,3.90,nan,1,Left,Left,245,667,131,98017854,nan,nan,0.00
8/18/2026 15:54:17,1.17.3,LeftRight,67,3.91,nan,1,Right,Left,245,668,131,98024115,nan,nan,0.47
8/18/2026 15:54:19,1.17.3,LeftRight,67,3.90,1,1,Pellet,Left,245,668,132,98024115,0.59,5258,nan
8/18/2026 15:54:33,1.17.3,LeftRight,67,3.90,nan,1,Right,Left,245,669,132,98039746,nan,nan,0.00
8/18/2026 15:54:34,1.17.3,LeftRight,67,3.90,nan,1,Right,Left,245,670,132,98040537,nan,nan,0.42
8/18/2026 15:54:39,1.17.3,LeftRight,67,3.90,nan,1,Left,Left,246,670,132,98046273,nan,nan,0.00
8/18/2026 15:54:43,1.17.3,LeftRight,67,3.90,nan,1,Right,Left,246,671,132,98049431,nan,nan,0.29
8/18/2026 15:54:44,1.17.3,LeftRight,67,3.90,1,1,Pellet,Left,246,671,133,98049431,0.41,25,nan
8/18/2026 15:54:57,1.17.3,LeftRight,67,3.91,nan,1,Right,Left,246,672,133,98064062,nan,nan,0.00
8/18/2026 15:55:02,1.17.3,LeftRight,67,3.90,nan,1,Right,Left,246,673,133,98068848,nan,nan,0.45
8/18/2026 15:55:10,1.17.3,LeftRight,67,3.90,nan,1,Right,Left,246,674,133,98076306,nan,nan,0.54
8/18/2026 15:55:12,1.17.3,LeftRight,67,3.90,nan,1,Right,Left,246,675,133,98078818,nan,nan,0.36
8/18/2026 15:55:22,1.17.3,LeftRight,67,3.90,nan,1,Left,Left,247,675,133,98089297,nan,nan,0.00
8/18/2026 15:55:29,1.17.3,LeftRight,67,3.90,nan,1,Right,Left,247,676,133,98095560,nan,nan,0.73
8/18/2026 15:55:31,1.17.3,LeftRight,67,3.90,1,1,Pellet,Left,247,676,134,98095560,1.13,47,nan
8/18/2026 15:55:56,1.17.3,LeftRight,67,3.90,nan,1,Left,Left,248,676,134,98123190,nan,nan,0.00
8/18/2026 15:55:58,1.17.3,LeftRight,67,3.90,nan,1,Left,Left,249,676,134,98124777,nan,nan,0.00
8/18/2026 15:56:02,1.17.3,LeftRight,67,3.90,nan,1,Right,Left,249,677,134,98129563,nan,nan,0.00
8/18/2026 15:56:04,1.17.3,LeftRight,67,3.90,1,1,Pellet,Left,249,677,135,98129563,0.47,33,nan
8/18/2026 15:56:23,1.17.3,LeftRight,67,3.90,nan,1,Right,Left,249,678,135,98150274,nan,nan,0.22
8/18/2026 15:56:28,1.17.3,LeftRight,67,3.90,nan,1,Right,Left,249,679,135,98154245,nan,nan,0.48
8/18/2026 15:56:30,1.17.3,LeftRight,67,3.91,nan,1,Right,Left,249,680,135,98156852,nan,nan,0.00
8/18/2026 15:56:34,1.17.3,LeftRight,67,3.90,nan,1,Right,Left,249,681,135,98160902,nan,nan,0.65
8/18/2026 15:56:39,1.17.3,LeftRight,67,3.90,nan,1,Right,Left,249,682,135,98165897,nan,nan,0.31
8/18/2026 15:56:41,1.17.3,LeftRight,67,3.90,nan,1,Left,Left,250,682,135,98168182,nan,nan,0.00
8/18/2026 15:56:43,1.17.3,LeftRight,67,3.90,nan,1,Right,Left,250,683,135,98170160,nan,nan,0.35
8/18/2026 15:56:45,1.17.3,LeftRight,67,3.90,1,1,Pellet,Left,250,683,136,98170160,0.47,40,nan
8/18/2026 16:48:09,1.17.3,LeftRight,67,3.90,nan,1,Left,Left,251,683,136,101255844,nan,nan,0.00
8/18/2026 16:48:11,1.17.3,LeftRight,67,3.90,nan,1,Right,Left,251,684,136,101258412,nan,nan,0.20
8/18/2026 16:48:13,1.17.3,LeftRight,67,3.90,1,1,Pellet,Left,251,684,137,101258412,0.65,3089,nan
8/18/2026 16:48:25,1.17.3,LeftRight,67,3.90,nan,1,Right,Left,251,685,137,101271990,nan,nan,0.00
8/18/2026 16:48:25,1.17.3,LeftRight,67,3.90,nan,1,Right,Left,251,686,137,101272486,nan,nan,0.02
8/18/2026 16:48:28,1.17.3,LeftRight,67,3.90,nan,1,Right,Left,251,687,137,101274625,nan,nan,0.38
8/18/2026 16:48:36,1.17.3,LeftRight,67,3.90,nan,1,Right,Left,251,688,137,101283343,nan,nan,0.39
8/18/2026 16:48:41,1.17.3,LeftRight,67,3.90,nan,1,Right,Left,251,689,137,101287783,nan,nan,0.38
8/18/2026 16:49:11,1.17.3,LeftRight,67,3.90,nan,1,Right,Left,251,690,137,101317667,nan,nan,0.22
8/18/2026 16:49:14,1.17.3,LeftRight,67,3.90,nan,1,Right,Left,251,691,137,101321340,nan,nan,0.07
8/18/2026 16:49:15,1.17.3,LeftRight,67,3.90,nan,1,Right,Left,251,692,137,101322049,nan,nan,0.20
8/18/2026 16:49:18,1.17.3,LeftRight,67,3.90,nan,1,Left,Left,252,692,137,101325271,nan,nan,0.00
8/18/2026 16:49:21,1.17.3,LeftRight,67,3.89,nan,1,Right,Left,252,693,137,101327987,nan,nan,0.23
8/18/2026 16:49:22,1.17.3,LeftRight,67,3.90,1,1,Pellet,Left,252,693,138,101327987,0.77,69,nan
8/18/2026 16:49:44,1.17.3,LeftRight,67,3.90,nan,1,Right,Left,252,694,138,101351242,nan,nan,0.29
8/18/2026 16:49:48,1.17.3,LeftRight,67,3.90,nan,1,Right,Left,252,695,138,101354542,nan,nan,0.49
8/18/2026 16:49:52,1.17.3,LeftRight,67,3.89,nan,1,Left,Left,253,695,138,101358990,nan,nan,0.00
8/18/2026 16:49:57,1.17.3,LeftRight,67,3.89,nan,1,Right,Left,253,696,138,101364077,nan,nan,0.65
8/18/2026 16:49:59,1.17.3,LeftRight,67,3.90,1,1,Pellet,Left,253,696,139,101364077,0.83,37,nan
8/18/2026 16:58:40,1.17.3,LeftRight,67,3.90,nan,1,Right,Left,253,697,139,101887072,nan,nan,0.00
8/18/2026 16:58:44,1.17.3,LeftRight,67,3.90,nan,1,Right,Left,253,698,139,101890826,nan,nan,0.59
8/18/2026 16:58:45,1.17.3,LeftRight,67,3.89,nan,1,Right,Left,253,699,139,101892064,nan,nan,0.40
8/18/2026 16:58:49,1.17.3,LeftRight,67,3.89,nan,1,Right,Left,253,700,139,101895479,nan,nan,0.59
8/18/2026 16:58:57,1.17.3,LeftRight,67,3.89,nan,1,Left,Left,254,700,139,101904748,nan,nan,0.00
8/18/2026 16:59:00,1.17.3,LeftRight,67,3.90,nan,1,Right,Left,254,701,139,101907322,nan,nan,0.05
8/18/2026 16:59:01,1.17.3,LeftRight,67,3.89,1,1,Pellet,Left,254,701,140,101907322,0.41,542,nan
8/18/2026 17:03:17,1.17.3,LeftRight,67,3.89,nan,1,Left,Left,255,701,140,102164489,nan,nan,0.00
8/18/2026 17:03:19,1.17.3,LeftRight,67,3.89,nan,1,Right,Left,255,702,140,102166018,nan,nan,0.00
8/18/2026 17:03:20,1.17.3,LeftRight,67,3.89,1,1,Pellet,Left,255,702,141,102166018,0.65,259,nan
8/18/2026 17:03:49,1.17.3,LeftRight,67,3.89,nan,1,Right,Left,255,703,141,102195991,nan,nan,0.14
8/18/2026 17:03:51,1.17.3,LeftRight,67,3.89,nan,1,Right,Left,255,704,141,102197803,nan,nan,0.40
8/18/2026 17:05:42,1.17.3,LeftRight,67,3.89,nan,1,Right,Left,255,705,141,102308871,nan,nan,0.09
8/18/2026 17:05:55,1.17.3,LeftRight,67,3.90,nan,1,Right,Left,255,706,141,102322029,nan,nan,0.00
8/18/2026 17:06:00,1.17.3,LeftRight,67,3.89,nan,1,Right,Left,255,707,141,102326958,nan,nan,0.00
8/18/2026 17:06:01,1.17.3,LeftRight,67,3.89,nan,1,Right,Left,255,708,141,102328641,nan,nan,0.00
8/18/2026 17:06:08,1.17.3,LeftRight,67,3.89,nan,1,Right,Left,255,709,141,102335789,nan,nan,0.01
8/18/2026 17:11:04,1.17.3,LeftRight,67,3.90,nan,1,Right,Left,255,710,141,102631016,nan,nan,0.30
8/18/2026 17:11:05,1.17.3,LeftRight,67,3.89,nan,1,Right,Left,255,711,141,102632695,nan,nan,0.07
8/18/2026 17:11:15,1.17.3,LeftRight,67,3.89,nan,1,Right,Left,255,712,141,102642099,nan,nan,0.13
8/18/2026 17:11:18,1.17.3,LeftRight,67,3.90,nan,1,Right,Left,255,713,141,102644636,nan,nan,0.43
8/18/2026 17:11:21,1.17.3,LeftRight,67,3.89,nan,1,Left,Left,256,713,141,102648461,nan,nan,0.00
8/18/2026 17:11:24,1.17.3,LeftRight,67,3.89,nan,1,Right,Left,256,714,141,102651019,nan,nan,0.00
8/18/2026 17:11:25,1.17.3,LeftRight,67,3.89,1,1,Pellet,Left,256,714,142,102651019,0.65,485,nan
8/18/2026 17:18:45,1.17.3,LeftRight,67,3.89,nan,1,Left,Left,257,714,142,103092147,nan,nan,0.00
8/18/2026 17:18:46,1.17.3,LeftRight,67,3.89,nan,1,Right,Left,257,715,142,103092789,nan,nan,0.19
8/18/2026 17:18:48,1.17.3,LeftRight,67,3.89,1,1,Pellet,Left,257,715,143,103092789,1.37,443,nan
8/18/2026 17:20:26,1.17.3,LeftRight,67,3.89,nan,1,Right,Left,257,716,143,103193712,nan,nan,0.12
8/18/2026 17:23:36,1.17.3,LeftRight,67,3.89,nan,1,Right,Left,257,717,143,103383199,nan,nan,0.04
8/18/2026 17:23:37,1.17.3,LeftRight,67,3.89,nan,1,Right,Left,257,718,143,103384769,nan,nan,0.15
8/18/2026 17:23:39,1.17.3,LeftRight,67,3.90,nan,1,Right,Left,257,719,143,103386297,nan,nan,0.20
8/18/2026 17:23:44,1.17.3,LeftRight,67,3.89,nan,1,Right,Left,257,720,143,103390988,nan,nan,0.27
8/18/2026 17:23:46,1.17.3,LeftRight,67,3.89,nan,1,Right,Left,257,721,143,103393530,nan,nan,0.11
8/18/2026 17:31:09,1.17.3,LeftRight,67,3.89,nan,1,Right,Left,257,722,143,103836283,nan,nan,0.00
8/18/2026 17:32:39,1.17.3,LeftRight,67,3.89,nan,1,Right,Left,257,723,143,103926893,nan,nan,0.04
8/18/2026 17:32:44,1.17.3,LeftRight,67,3.89,nan,1,Right,Left,257,724,143,103931421,nan,nan,0.26
8/18/2026 17:32:46,1.17.3,LeftRight,67,3.89,nan,1,Right,Left,257,725,143,103932910,nan,nan,0.10
8/18/2026 17:32:50,1.17.3,LeftRight,67,3.89,nan,1,Right,Left,257,726,143,103937652,nan,nan,0.09
8/18/2026 17:32:53,1.17.3,LeftRight,67,3.89,nan,1,Right,Left,257,727,143,103940751,nan,nan,0.01
8/18/2026 17:39:59,1.17.3,LeftRight,67,3.89,nan,1,Right,Left,257,728,143,104366413,nan,nan,0.07
8/18/2026 17:40:01,1.17.3,LeftRight,67,3.89,nan,1,Right,Left,257,729,143,104368010,nan,nan,0.21
8/18/2026 17:40:08,1.17.3,LeftRight,67,3.89,nan,1,Left,Left,258,729,143,104375366,nan,nan,0.00
8/18/2026 17:40:09,1.17.3,LeftRight,67,3.89,nan,1,Right,Left,258,730,143,104376607,nan,nan,0.01
8/18/2026 17:40:11,1.17.3,LeftRight,67,3.89,1,1,Pellet,Left,258,730,144,104376607,0.95,1283,nan
8/18/2026 17:41:09,1.17.3,LeftRight,67,3.89,nan,1,Right,Left,258,731,144,104436895,nan,nan,0.05
8/18/2026 18:31:53,1.17.3,LeftRight,67,3.89,nan,1,Right,Left,258,732,144,107480577,nan,nan,0.27
8/18/2026 18:31:57,1.17.3,LeftRight,67,3.89,nan,1,Right,Left,258,733,144,107484155,nan,nan,0.01
8/18/2026 18:32:01,1.17.3,LeftRight,67,3.89,nan,1,Right,Left,258,734,144,107487920,nan,nan,0.53
8/18/2026 18:32:05,1.17.3,LeftRight,67,3.89,nan,1,Left,Left,259,734,144,107492537,nan,nan,0.00
8/18/2026 18:32:08,1.17.3,LeftRight,67,3.89,nan,1,Right,Left,259,735,144,107494807,nan,nan,0.55
8/18/2026 18:32:09,1.17.3,LeftRight,67,3.89,1,1,Pellet,Left,259,735,145,107494807,0.47,3118,nan
8/18/2026 18:32:24,1.17.3,LeftRight,67,3.89,nan,1,Right,Left,259,736,145,107511042,nan,nan,0.05
8/18/2026 18:32:30,1.17.3,LeftRight,67,3.89,nan,1,Right,Left,259,737,145,107517661,nan,nan,0.02
8/18/2026 18:32:33,1.17.3,LeftRight,67,3.89,nan,1,Left,Left,260,737,145,107520949,nan,nan,0.00
8/18/2026 18:32:37,1.17.3,LeftRight,67,3.89,nan,1,Right,Left,260,738,145,107524255,nan,nan,0.01
8/18/2026 18:32:38,1.17.3,LeftRight,67,3.89,1,1,Pellet,Left,260,738,146,107524255,0.89,29,nan
8/18/2026 18:34:11,1.17.3,LeftRight,67,3.89,nan,1,Right,Left,260,739,146,107618575,nan,nan,0.08
8/18/2026 18:34:15,1.17.3,LeftRight,67,3.89,nan,1,Right,Left,260,740,146,107622553,nan,nan,0.43
8/18/2026 18:34:18,1.17.3,LeftRight,67,3.89,nan,1,Right,Left,260,741,146,107625405,nan,nan,0.18
8/18/2026 18:34:23,1.17.3,LeftRight,67,3.89,nan,1,Left,Left,261,741,146,107630340,nan,nan,0.00
8/18/2026 18:34:25,1.17.3,LeftRight,67,3.89,nan,1,Right,Left,261,742,146,107632164,nan,nan,0.27
8/18/2026 18:34:26,1.17.3,LeftRight,67,3.89,1,1,Pellet,Left,261,742,147,107632164,0.41,108,nan
8/18/2026 18:37:23,1.17.3,LeftRight,67,3.89,nan,1,Right,Left,261,743,147,107810358,nan,nan,0.02
8/18/2026 18:37:28,1.17.3,LeftRight,67,3.89,nan,1,Right,Left,261,744,147,107815166,nan,nan,0.00
8/18/2026 18:37:36,1.17.3,LeftRight,67,3.89,nan,1,Left,Left,262,744,147,107823518,nan,nan,0.00
8/18/2026 18:37:40,1.17.3,LeftRight,67,3.89,nan,1,Right,Left,262,745,147,107827412,nan,nan,0.10
8/18/2026 18:37:41,1.17.3,LeftRight,67,3.89,1,1,Pellet,Left,262,745,148,107827412,0.59,195,nan
8/18/2026 18:38:40,1.17.3,LeftRight,67,3.89,nan,1,Right,Left,262,746,148,107887774,nan,nan,0.00
8/18/2026 18:41:47,1.17.3,LeftRight,67,3.89,nan,1,Right,Left,262,747,148,108074726,nan,nan,0.07
8/18/2026 18:43:17,1.17.3,LeftRight,67,3.89,nan,1,Right,Left,262,748,148,108164465,nan,nan,0.15
8/18/2026 18:43:52,1.17.3,LeftRight,67,3.89,nan,1,Right,Left,262,749,148,108199295,nan,nan,0.00
8/18/2026 19:00:31,1.17.3,LeftRight,67,3.88,nan,1,Right,Left,262,750,148,109198495,nan,nan,0.30
8/18/2026 19:00:34,1.17.3,LeftRight,67,3.88,nan,1,Right,Left,262,751,148,109201215,nan,nan,0.00
8/18/2026 19:00:39,1.17.3,LeftRight,67,3.89,nan,1,Right,Left,262,752,148,109206887,nan,nan,0.00
8/18/2026 19:00:47,1.17.3,LeftRight,67,3.88,nan,1,Left,Left,263,752,148,109214609,nan,nan,0.00
8/18/2026 19:00:49,1.17.3,LeftRight,67,3.89,nan,1,Right,Left,263,753,148,109216436,nan,nan,0.15
8/18/2026 19:00:51,1.17.3,LeftRight,67,3.89,1,1,Pellet,Left,263,753,149,109216436,0.83,1390,nan
8/18/2026 19:07:19,1.17.3,LeftRight,67,3.88,nan,1,Right,Left,263,754,149,109606851,nan,nan,0.01
8/18/2026 19:07:21,1.17.3,LeftRight,67,3.89,nan,1,Left,Left,264,754,149,109608734,nan,nan,0.00
8/18/2026 19:07:22,1.17.3,LeftRight,67,3.89,nan,1,Right,Left,264,755,149,109609975,nan,nan,0.11
8/18/2026 19:07:24,1.17.3,LeftRight,67,3.88,1,1,Pellet,Left,264,755,150,109609975,0.65,393,nan
8/18/2026 19:08:06,1.17.3,LeftRight,67,3.89,nan,1,Right,Left,264,756,150,109653569,nan,nan,0.11
8/18/2026 19:08:23,1.17.3,LeftRight,67,3.89,nan,1,Right,Left,264,757,150,109670315,nan,nan,0.00
8/18/2026 19:10:21,1.17.3,LeftRight,67,3.89,nan,1,Left,Left,265,757,150,109788688,nan,nan,0.00
8/18/2026 19:10:31,1.17.3,LeftRight,67,3.89,nan,1,RESET,Left,265,757,150,109798650,nan,nan,nan
8/18/2026 19:18:28,1.17.3,LeftRight,67,3.89,nan,1,Right,Left,265,758,150,110275337,nan,nan,0.16
8/18/2026 19:20:41,1.17.3,LeftRight,67,3.88,nan,1,Left,Left,266,758,150,110408590,nan,nan,0.00
8/18/2026 19:20:42,1.17.3,LeftRight,67,3.89,nan,1,Right,Left,266,759,150,110409234,nan,nan,0.09
8/18/2026 19:20:43,1.17.3,LeftRight,67,3.89,1,1,Pellet,Left,266,759,151,110409234,0.89,799,nan
8/18/2026 19:21:22,1.17.3,LeftRight,67,3.89,nan,1,Left,Left,267,759,151,110449906,nan,nan,0.00
8/18/2026 19:21:32,1.17.3,LeftRight,67,3.89,nan,1,RESET,Left,267,759,151,110459712,nan,nan,nan
8/18/2026 19:24:38,1.17.3,LeftRight,67,3.88,nan,1,Right,Left,267,760,151,110645948,nan,nan,0.00
8/18/2026 19:24:47,1.17.3,LeftRight,67,3.89,nan,1,Right,Left,267,761,151,110654278,nan,nan,0.13
8/18/2026 19:24:49,1.17.3,LeftRight,67,3.89,nan,1,Left,Left,268,761,151,110656384,nan,nan,0.00
8/18/2026 19:24:50,1.17.3,LeftRight,67,3.88,nan,1,Right,Left,268,762,151,110657914,nan,nan,0.14
8/18/2026 19:24:52,1.17.3,LeftRight,67,3.88,1,1,Pellet,Left,268,762,152,110657914,0.89,249,nan
8/18/2026 19:26:18,1.17.3,LeftRight,67,3.89,nan,1,Right,Left,268,763,152,110745336,nan,nan,0.00
8/18/2026 19:31:46,1.17.3,LeftRight,67,3.88,nan,1,Right,Left,268,764,152,111073498,nan,nan,0.11
8/18/2026 19:31:49,1.17.3,LeftRight,67,3.89,nan,1,Right,Left,268,765,152,111076768,nan,nan,0.16
8/18/2026 19:34:20,1.17.3,LeftRight,67,3.89,nan,1,Right,Left,268,766,152,111226970,nan,nan,0.31
8/18/2026 19:34:24,1.17.3,LeftRight,67,3.89,nan,1,Right,Left,268,767,152,111231340,nan,nan,0.06
8/18/2026 19:34:25,1.17.3,LeftRight,67,3.89,nan,1,Left,Left,269,767,152,111233102,nan,nan,0.00
8/18/2026 19:34:27,1.17.3,LeftRight,67,3.88,nan,1,Right,Left,269,768,152,111234929,nan,nan,0.05
8/18/2026 19:34:29,1.17.3,LeftRight,67,3.89,1,1,Pellet,Left,269,768,153,111234929,0.71,577,nan
8/18/2026 19:36:04,1.17.3,LeftRight,67,3.88,nan,1,Left,Left,270,768,153,111331428,nan,nan,0.00
8/18/2026 19:36:07,1.17.3,LeftRight,67,3.88,nan,1,Left,Left,271,768,153,111334624,nan,nan,0.00
8/18/2026 19:36:08,1.17.3,LeftRight,67,3.88,nan,1,Right,Left,271,769,153,111336007,nan,nan,0.00
8/18/2026 19:36:10,1.17.3,LeftRight,67,3.88,1,1,Pellet,Left,271,769,154,111336007,0.59,101,nan
8/18/2026 19:37:55,1.17.3,LeftRight,67,3.88,nan,1,Right,Left,271,770,154,111443057,nan,nan,0.00
8/18/2026 19:44:27,1.17.3,LeftRight,67,3.88,nan,1,Left,Left,272,770,154,111834580,nan,nan,0.00
8/18/2026 19:44:30,1.17.3,LeftRight,67,3.88,nan,1,Right,Left,272,771,154,111836996,nan,nan,0.30
8/18/2026 19:44:31,1.17.3,LeftRight,67,3.88,1,1,Pellet,Left,272,771,155,111836996,0.59,501,nan
8/18/2026 19:53:58,1.17.3,LeftRight,67,3.88,nan,1,Right,Left,272,772,155,112405497,nan,nan,0.14
8/18/2026 20:02:47,1.17.3,LeftRight,67,3.88,nan,1,Left,Left,273,772,155,112934360,nan,nan,0.00
8/18/2026 20:02:51,1.17.3,LeftRight,67,3.89,nan,1,Right,Left,273,773,155,112938407,nan,nan,0.25
8/18/2026 20:02:52,1.17.3,LeftRight,67,3.88,1,1,Pellet,Left,273,773,156,112938407,0.53,1101,nan
8/18/2026 20:03:53,1.17.3,LeftRight,67,3.88,nan,1,Right,Left,273,774,156,113001072,nan,nan,0.00
8/18/2026 20:03:58,1.17.3,LeftRight,67,3.88,nan,1,Right,Left,273,775,156,113005711,nan,nan,0.00
8/18/2026 20:08:17,1.17.3,LeftRight,67,3.88,nan,1,Left,Left,274,775,156,113264428,nan,nan,0.00
8/18/2026 20:08:20,1.17.3,LeftRight,67,3.88,nan,1,Left,Left,275,775,156,113267771,nan,nan,0.00
8/18/2026 20:08:28,1.17.3,LeftRight,67,3.88,nan,1,Right,Left,275,776,156,113275521,nan,nan,0.16
8/18/2026 20:08:29,1.17.3,LeftRight,67,3.88,1,1,Pellet,Left,275,776,157,113275521,0.59,337,nan
8/18/2026 20:16:21,1.17.3,LeftRight,67,3.87,nan,1,Left,Left,276,776,157,113749213,nan,nan,0.00
8/18/2026 20:16:24,1.17.3,LeftRight,67,3.88,nan,1,Right,Left,276,777,157,113751039,nan,nan,0.35
8/18/2026 20:16:25,1.17.3,LeftRight,67,3.88,1,1,Pellet,Left,276,777,158,113751039,0.53,476,nan
8/18/2026 20:16:50,1.17.3,LeftRight,67,3.88,nan,1,Left,Left,277,777,158,113778236,nan,nan,0.00
8/18/2026 20:16:51,1.17.3,LeftRight,67,3.88,nan,1,Right,Left,277,778,158,113779027,nan,nan,0.08
8/18/2026 20:16:53,1.17.3,LeftRight,67,3.88,1,1,Pellet,Left,277,778,159,113779027,0.47,27,nan
8/18/2026 20:17:14,1.17.3,LeftRight,67,3.88,nan,1,Right,Left,277,779,159,113801521,nan,nan,0.05
8/18/2026 20:22:03,1.17.3,LeftRight,67,3.88,nan,1,Right,Left,277,780,159,114090328,nan,nan,0.08
8/18/2026 20:24:50,1.17.3,LeftRight,67,3.88,nan,1,Right,Left,277,781,159,114257561,nan,nan,0.02
8/18/2026 20:25:00,1.17.3,LeftRight,67,3.88,nan,1,Right,Left,277,782,159,114267683,nan,nan,0.00
8/18/2026 20:25:36,1.17.3,LeftRight,67,3.88,nan,1,Left,Left,278,782,159,114304155,nan,nan,0.00
8/18/2026 20:25:40,1.17.3,LeftRight,67,3.87,nan,1,Right,Left,278,783,159,114307910,nan,nan,0.03
8/18/2026 20:25:41,1.17.3,LeftRight,67,3.88,1,1,Pellet,Left,278,783,160,114307910,0.47,529,nan
8/18/2026 20:26:21,1.17.3,LeftRight,67,3.88,nan,1,Right,Left,278,784,160,114348866,nan,nan,0.06
8/18/2026 20:26:23,1.17.3,LeftRight,67,3.88,nan,1,Left,Left,279,784,160,114350755,nan,nan,0.00
8/18/2026 20:26:24,1.17.3,LeftRight,67,3.88,nan,1,Right,Left,279,785,160,114351701,nan,nan,0.27
8/18/2026 20:26:25,1.17.3,LeftRight,67,3.88,1,1,Pellet,Left,279,785,161,114351701,0.53,44,nan
8/18/2026 20:28:43,1.17.3,LeftRight,67,3.87,nan,1,Right,Left,279,786,161,114490410,nan,nan,0.18
8/18/2026 20:28:46,1.17.3,LeftRight,67,3.88,nan,1,Right,Left,279,787,161,114494047,nan,nan,0.02
8/18/2026 20:33:28,1.17.3,LeftRight,67,3.88,nan,1,Right,Left,279,788,161,114775870,nan,nan,0.00
8/18/2026 20:33:31,1.17.3,LeftRight,67,3.88,nan,1,Right,Left,279,789,161,114778596,nan,nan,0.02
8/18/2026 20:33:36,1.17.3,LeftRight,67,3.88,nan,1,Right,Left,279,790,161,114783558,nan,nan,0.14
8/18/2026 20:33:38,1.17.3,LeftRight,67,3.88,nan,1,Right,Left,279,791,161,114785376,nan,nan,0.37
8/18/2026 20:33:41,1.17.3,LeftRight,67,3.88,nan,1,Right,Left,279,792,161,114789052,nan,nan,0.18
8/18/2026 20:41:12,1.17.3,LeftRight,67,3.89,nan,1,Right,Left,279,793,161,115240051,nan,nan,0.02
8/18/2026 20:41:16,1.17.3,LeftRight,67,3.87,nan,1,Right,Left,279,794,161,115243375,nan,nan,0.08
8/18/2026 20:41:21,1.17.3,LeftRight,67,3.87,nan,1,Right,Left,279,795,161,115248683,nan,nan,0.17
8/18/2026 20:41:25,1.17.3,LeftRight,67,3.88,nan,1,Right,Left,279,796,161,115253044,nan,nan,0.18
8/18/2026 20:41:33,1.17.3,LeftRight,67,3.87,nan,1,Left,Left,280,796,161,115260605,nan,nan,0.00
8/18/2026 20:41:38,1.17.3,LeftRight,67,3.87,nan,1,Right,Left,280,797,161,115266278,nan,nan,0.11
8/18/2026 20:41:40,1.17.3,LeftRight,67,3.88,1,1,Pellet,Left,280,797,162,115266278,0.41,915,nan
8/18/2026 20:42:23,1.17.3,LeftRight,67,3.88,nan,1,Left,Left,281,797,162,115311072,nan,nan,0.00
8/18/2026 20:42:25,1.17.3,LeftRight,67,3.87,nan,1,Right,Left,281,798,162,115312307,nan,nan,0.11
8/18/2026 20:42:26,1.17.3,LeftRight,67,3.87,1,1,Pellet,Left,281,798,163,115312307,0.29,46,nan
8/18/2026 20:42:42,1.17.3,LeftRight,67,3.87,nan,1,Right,Left,281,799,163,115330384,nan,nan,0.00
8/18/2026 20:43:09,1.17.3,LeftRight,67,3.87,nan,1,Left,Left,282,799,163,115356789,nan,nan,0.00
8/18/2026 20:43:10,1.17.3,LeftRight,67,3.88,nan,1,Right,Left,282,800,163,115358032,nan,nan,0.02
8/18/2026 20:43:12,1.17.3,LeftRight,67,3.88,1,1,Pellet,Left,282,800,164,115358032,0.65,45,nan
8/18/2026 20:47:37,1.17.3,LeftRight,67,3.88,nan,1,Right,Left,282,801,164,115624653,nan,nan,0.07
8/18/2026 20:47:48,1.17.3,LeftRight,67,3.87,nan,1,Left,Left,283,801,164,115636322,nan,nan,0.00
8/18/2026 20:47:56,1.17.3,LeftRight,67,3.87,nan,1,RESET,Left,283,801,164,115643921,nan,nan,nan
8/18/2026 20:50:16,1.17.3,LeftRight,67,3.87,nan,1,Right,Left,283,802,164,115784003,nan,nan,0.12
8/18/2026 20:50:24,1.17.3,LeftRight,67,3.87,nan,1,Left,Left,284,802,164,115791443,nan,nan,0.00
8/18/2026 20:50:24,1.17.3,LeftRight,67,3.87,nan,1,Right,Left,284,803,164,115792383,nan,nan,0.03
8/18/2026 20:50:26,1.17.3,LeftRight,67,3.87,1,1,Pellet,Left,284,803,165,115792383,0.53,435,nan
8/18/2026 20:52:06,1.17.3,LeftRight,67,3.87,nan,1,Right,Left,284,804,165,115893551,nan,nan,0.14
8/18/2026 20:52:09,1.17.3,LeftRight,67,3.87,nan,1,Right,Left,284,805,165,115897296,nan,nan,0.02
8/18/2026 20:53:31,1.17.3,LeftRight,67,3.88,nan,1,Right,Left,284,806,165,115977869,nan,nan,0.62
8/18/2026 20:53:32,1.17.3,LeftRight,67,3.87,nan,1,Right,Left,284,807,165,115980020,nan,nan,0.06
8/18/2026 20:53:36,1.17.3,LeftRight,67,3.87,nan,1,Right,Left,284,808,165,115983538,nan,nan,0.21
8/18/2026 20:53:39,1.17.3,LeftRight,67,3.87,nan,1,Right,Left,284,809,165,115986768,nan,nan,0.00
8/18/2026 20:54:03,1.17.3,LeftRight,67,3.87,nan,1,Right,Left,284,810,165,116010980,nan,nan,0.09
8/18/2026 20:54:04,1.17.3,LeftRight,67,3.87,nan,1,Right,Left,284,811,165,116012316,nan,nan,0.00
8/18/2026 20:55:44,1.17.3,LeftRight,67,3.87,nan,1,Right,Left,284,812,165,116111658,nan,nan,0.16
8/18/2026 20:55:45,1.17.3,LeftRight,67,3.88,nan,1,Right,Left,284,813,165,116113199,nan,nan,0.25
8/18/2026 21:07:13,1.17.3,LeftRight,67,3.88,nan,1,Right,Left,284,814,165,116801056,nan,nan,0.08
8/18/2026 21:07:22,1.17.3,LeftRight,67,3.87,nan,1,Right,Left,284,815,165,116809776,nan,nan,0.15
8/18/2026 21:09:36,1.17.3,LeftRight,67,3.87,nan,1,Right,Left,284,816,165,116944228,nan,nan,0.20
8/18/2026 21:09:40,1.17.3,LeftRight,67,3.87,nan,1,Left,Left,285,816,165,116947907,nan,nan,0.00
8/18/2026 21:09:42,1.17.3,LeftRight,67,3.87,nan,1,Right,Left,285,817,165,116949736,nan,nan,0.27
8/18/2026 21:09:43,1.17.3,LeftRight,67,3.88,1,1,Pellet,Left,285,817,166,116949736,0.65,1157,nan
8/18/2026 21:10:10,1.17.3,LeftRight,67,3.87,nan,1,Right,Left,285,818,166,116978368,nan,nan,0.01
8/18/2026 21:10:13,1.17.3,LeftRight,67,3.87,nan,1,Right,Left,285,819,166,116980946,nan,nan,0.26
8/18/2026 21:10:30,1.17.3,LeftRight,67,3.87,nan,1,Right,Left,285,820,166,116997535,nan,nan,0.24
8/18/2026 21:10:31,1.17.3,LeftRight,67,3.87,nan,1,Right,Left,285,821,166,116999163,nan,nan,0.22
8/18/2026 21:16:02,1.17.3,LeftRight,67,3.87,nan,1,Left,Left,286,821,166,117329604,nan,nan,0.00
8/18/2026 21:16:03,1.17.3,LeftRight,67,3.87,nan,1,Right,Left,286,822,166,117330840,nan,nan,0.03
8/18/2026 21:16:05,1.17.3,LeftRight,67,3.87,1,1,Pellet,Left,286,822,167,117330840,0.95,382,nan
8/18/2026 21:21:34,1.17.3,LeftRight,67,3.87,nan,1,Right,Left,286,823,167,117662004,nan,nan,0.14
8/18/2026 21:21:38,1.17.3,LeftRight,67,3.87,nan,1,Right,Left,286,824,167,117666341,nan,nan,0.05
8/18/2026 21:21:42,1.17.3,LeftRight,67,3.87,nan,1,Right,Left,286,825,167,117669548,nan,nan,0.00
8/18/2026 21:25:56,1.17.3,LeftRight,67,3.88,nan,1,Right,Left,286,826,167,117923753,nan,nan,0.25
8/18/2026 21:25:59,1.17.3,LeftRight,67,3.87,nan,1,Right,Left,286,827,167,117927021,nan,nan,0.00
8/18/2026 21:26:01,1.17.3,LeftRight,67,3.87,nan,1,Right,Left,286,828,167,117928553,nan,nan,0.08
8/18/2026 21:26:03,1.17.3,LeftRight,67,3.87,nan,1,Left,Left,287,828,167,117930724,nan,nan,0.00
8/18/2026 21:26:04,1.17.3,LeftRight,67,3.87,nan,1,Right,Left,287,829,167,117931664,nan,nan,0.06
8/18/2026 21:26:05,1.17.3,LeftRight,67,3.87,1,1,Pellet,Left,287,829,168,117931664,0.53,600,nan
8/18/2026 21:32:04,1.17.3,LeftRight,67,3.87,nan,1,Right,Left,287,830,168,118291584,nan,nan,0.00
8/18/2026 21:32:08,1.17.3,LeftRight,67,3.87,nan,1,Right,Left,287,831,168,118296080,nan,nan,0.07
8/18/2026 21:32:16,1.17.3,LeftRight,67,3.87,nan,1,Left,Left,288,831,168,118304058,nan,nan,0.00
8/18/2026 21:32:20,1.17.3,LeftRight,67,3.87,nan,1,Left,Left,289,831,168,118308257,nan,nan,0.00
8/18/2026 21:32:22,1.17.3,LeftRight,67,3.87,nan,1,Right,Left,289,832,168,118310234,nan,nan,0.03
8/18/2026 21:32:23,1.17.3,LeftRight,67,3.87,1,1,Pellet,Left,289,832,169,118310234,0.30,378,nan
8/18/2026 21:33:06,1.17.3,LeftRight,67,3.87,nan,1,Right,Left,289,833,169,118354120,nan,nan,0.20
8/18/2026 21:33:07,1.17.3,LeftRight,67,3.87,nan,1,Right,Left,289,834,169,118355418,nan,nan,0.08
8/18/2026 21:33:15,1.17.3,LeftRight,67,3.87,nan,1,Left,Left,290,834,169,118362673,nan,nan,0.00
8/18/2026 21:33:15,1.17.3,LeftRight,67,3.87,nan,1,Right,Left,290,835,169,118363317,nan,nan,0.00
8/18/2026 21:33:17,1.17.3,LeftRight,67,3.87,1,1,Pellet,Left,290,835,170,118363317,0.83,54,nan
8/18/2026 21:33:51,1.17.3,LeftRight,67,3.87,nan,1,Right,Left,290,836,170,118399096,nan,nan,0.04
8/18/2026 21:35:41,1.17.3,LeftRight,67,3.87,nan,1,Right,Left,290,837,170,118508730,nan,nan,0.01
8/18/2026 21:35:45,1.17.3,LeftRight,67,3.87,nan,1,Right,Left,290,838,170,118512787,nan,nan,0.05
8/18/2026 21:35:53,1.17.3,LeftRight,67,3.87,nan,1,Right,Left,290,839,170,118520884,nan,nan,0.04
8/18/2026 21:36:58,1.17.3,LeftRight,67,3.87,nan,1,Left,Left,291,839,170,118586052,nan,nan,0.00
8/18/2026 21:37:01,1.17.3,LeftRight,67,3.87,nan,1,Right,Left,291,840,170,118589357,nan,nan,0.13
8/18/2026 21:37:03,1.17.3,LeftRight,67,3.87,1,1,Pellet,Left,291,840,171,118589357,1.07,226,nan
8/18/2026 21:44:51,1.17.3,LeftRight,67,3.87,nan,1,Left,Left,292,840,171,119058812,nan,nan,0.00
8/18/2026 21:44:52,1.17.3,LeftRight,67,3.87,nan,1,Right,Left,292,841,171,119059751,nan,nan,0.02
8/18/2026 21:44:53,1.17.3,LeftRight,67,3.87,1,1,Pellet,Left,292,841,172,119059751,0.65,470,nan
8/18/2026 21:48:03,1.17.3,LeftRight,67,3.87,nan,1,Left,Left,293,841,172,119250874,nan,nan,0.00
8/18/2026 21:48:04,1.17.3,LeftRight,67,3.87,nan,1,Right,Left,293,842,172,119251674,nan,nan,0.00
8/18/2026 21:48:05,1.17.3,LeftRight,67,3.87,1,1,Pellet,Left,293,842,173,119251674,0.59,192,nan
8/18/2026 21:52:42,1.17.3,LeftRight,67,3.87,nan,1,Right,Left,293,843,173,119529967,nan,nan,0.00
8/18/2026 21:52:44,1.17.3,LeftRight,67,3.87,nan,1,Right,Left,293,844,173,119531794,nan,nan,0.10
8/18/2026 21:53:05,1.17.3,LeftRight,67,3.87,nan,1,Right,Left,293,845,173,119552798,nan,nan,0.29
8/18/2026 21:53:08,1.17.3,LeftRight,67,3.87,nan,1,Left,Left,294,845,173,119555719,nan,nan,0.00
8/18/2026 21:53:15,1.17.3,LeftRight,67,3.87,nan,1,RESET,Left,294,845,173,119563026,nan,nan,nan
8/18/2026 21:54:37,1.17.3,LeftRight,67,3.87,nan,1,Left,Left,295,845,173,119645109,nan,nan,0.00
8/18/2026 21:54:38,1.17.3,LeftRight,67,3.87,nan,1,Right,Left,295,846,173,119646196,nan,nan,0.14
8/18/2026 21:54:39,1.17.3,LeftRight,67,3.87,1,1,Pellet,Left,295,846,174,119646196,0.35,394,nan
8/18/2026 21:59:14,1.17.3,LeftRight,67,3.87,nan,1,Left,Left,296,846,174,119922144,nan,nan,0.00
8/18/2026 21:59:16,1.17.3,LeftRight,67,3.87,nan,1,Right,Left,296,847,174,119923823,nan,nan,0.15
8/18/2026 21:59:17,1.17.3,LeftRight,67,3.87,1,1,Pellet,Left,296,847,175,119923823,0.53,278,nan
8/18/2026 21:59:32,1.17.3,LeftRight,67,3.87,nan,1,Right,Left,296,848,175,119940260,nan,nan,0.00
8/18/2026 22:05:14,1.17.3,LeftRight,67,3.87,nan,1,Right,Left,296,849,175,120281911,nan,nan,0.16
8/18/2026 22:06:01,1.17.3,LeftRight,67,3.87,nan,1,Right,Left,296,850,175,120328790,nan,nan,0.08
8/18/2026 22:10:01,1.17.3,LeftRight,67,3.87,nan,1,Left,Left,297,850,175,120569248,nan,nan,0.00
8/18/2026 22:10:09,1.17.3,LeftRight,67,3.87,nan,1,RESET,Left,297,850,175,120577148,nan,nan,nan
8/18/2026 22:10:10,1.17.3,LeftRight,67,3.87,nan,1,Right,Left,297,851,175,120578177,nan,nan,0.00
8/18/2026 22:10:14,1.17.3,LeftRight,67,3.87,nan,1,Right,Left,297,852,175,120581630,nan,nan,0.08
8/18/2026 22:10:17,1.17.3,LeftRight,67,3.87,nan,1,Left,Left,298,852,175,120585164,nan,nan,0.00
8/18/2026 22:10:19,1.17.3,LeftRight,67,3.87,nan,1,Right,Left,298,853,175,120587437,nan,nan,0.14
8/18/2026 22:10:21,1.17.3,LeftRight,67,3.87,1,1,Pellet,Left,298,853,176,120587437,0.53,664,nan
8/18/2026 22:10:43,1.17.3,LeftRight,67,3.87,nan,1,Left,Left,299,853,176,120610681,nan,nan,0.00
8/18/2026 22:10:50,1.17.3,LeftRight,67,3.87,nan,1,RESET,Left,299,853,176,120618135,nan,nan,nan
8/18/2026 22:12:42,1.17.3,LeftRight,67,3.87,nan,1,Right,Left,299,854,176,120729718,nan,nan,0.00
8/18/2026 22:18:21,1.17.3,LeftRight,67,3.87,nan,1,Right,Left,299,855,176,121069148,nan,nan,0.00
8/18/2026 22:18:25,1.17.3,LeftRight,67,3.87,nan,1,Right,Left,299,856,176,121073199,nan,nan,0.00
8/18/2026 22:26:25,1.17.3,LeftRight,67,3.87,nan,1,Right,Left,299,857,176,121552749,nan,nan,0.17
8/18/2026 22:26:26,1.17.3,LeftRight,67,3.87,nan,1,Left,Left,300,857,176,121554618,nan,nan,0.00
8/18/2026 22:26:28,1.17.3,LeftRight,67,3.87,nan,1,Right,Left,300,858,176,121555855,nan,nan,0.08
8/18/2026 22:26:29,1.17.3,LeftRight,67,3.87,1,1,Pellet,Left,300,858,177,121555855,0.53,968,nan
8/18/2026 22:30:14,1.17.3,LeftRight,67,3.86,nan,1,Right,Left,300,859,177,121781930,nan,nan,0.00
8/18/2026 22:30:15,1.17.3,LeftRight,67,3.87,nan,1,Right,Left,300,860,177,121782728,nan,nan,0.23
8/18/2026 22:30:19,1.17.3,LeftRight,67,3.86,nan,1,Left,Left,301,860,177,121787453,nan,nan,0.00
8/18/2026 22:30:21,1.17.3,LeftRight,67,3.86,nan,1,Right,Left,301,861,177,121789132,nan,nan,0.00
8/18/2026 22:30:23,1.17.3,LeftRight,67,3.86,1,1,Pellet,Left,301,861,178,121789132,0.83,233,nan
8/18/2026 22:31:35,1.17.3,LeftRight,67,3.87,nan,1,Right,Left,301,862,178,121863335,nan,nan,0.07
8/18/2026 22:31:45,1.17.3,LeftRight,67,3.87,nan,1,Right,Left,301,863,178,121872787,nan,nan,0.00
8/18/2026 22:36:06,1.17.3,LeftRight,67,3.87,nan,1,Left,Left,302,863,178,122134028,nan,nan,0.00
8/18/2026 22:36:08,1.17.3,LeftRight,67,3.87,nan,1,Right,Left,302,864,178,122135710,nan,nan,0.14
8/18/2026 22:36:09,1.17.3,LeftRight,67,3.87,1,1,Pellet,Left,302,864,179,122135710,0.47,347,nan
8/18/2026 22:36:33,1.17.3,LeftRight,67,3.87,nan,1,Right,Left,302,865,179,122161023,nan,nan,0.00
8/18/2026 22:36:35,1.17.3,LeftRight,67,3.86,nan,1,Left,Left,303,865,179,122163156,nan,nan,0.00
8/18/2026 22:36:37,1.17.3,LeftRight,67,3.87,nan,1,Right,Left,303,866,179,122165430,nan,nan,0.17
8/18/2026 22:36:39,1.17.3,LeftRight,67,3.87,1,1,Pellet,Left,303,866,180,122165430,0.41,30,nan
8/18/2026 22:38:48,1.17.3,LeftRight,67,3.87,nan,1,Right,Left,303,867,180,122295702,nan,nan,0.00
8/18/2026 22:42:42,1.17.3,LeftRight,67,3.87,nan,1,Right,Left,303,868,180,122530260,nan,nan,0.10
8/18/2026 22:42:48,1.17.3,LeftRight,67,3.87,nan,1,Right,Left,303,869,180,122536050,nan,nan,0.12
8/18/2026 22:42:52,1.17.3,LeftRight,67,3.87,nan,1,Right,Left,303,870,180,122540232,nan,nan,0.06
8/18/2026 22:42:54,1.17.3,LeftRight,67,3.87,nan,1,Right,Left,303,871,180,122541820,nan,nan,0.17
8/18/2026 22:42:58,1.17.3,LeftRight,67,3.87,nan,1,Right,Left,303,872,180,122545742,nan,nan,0.00
8/18/2026 22:43:01,1.17.3,LeftRight,67,3.87,nan,1,Right,Left,303,873,180,122548757,nan,nan,0.00
8/18/2026 22:43:02,1.17.3,LeftRight,67,3.87,nan,1,Right,Left,303,874,180,122550290,nan,nan,0.17
8/18/2026 22:48:15,1.17.3,LeftRight,67,3.87,nan,1,Left,Left,304,874,180,122862986,nan,nan,0.00
8/18/2026 22:48:16,1.17.3,LeftRight,67,3.87,nan,1,Right,Left,304,875,180,122863778,nan,nan,0.05
8/18/2026 22:48:17,1.17.3,LeftRight,67,3.87,1,1,Pellet,Left,304,875,181,122863778,0.59,698,nan
8/18/2026 22:48:52,1.17.3,LeftRight,67,3.87,nan,1,Right,Left,304,876,181,122900286,nan,nan,0.01
8/18/2026 22:49:14,1.17.3,LeftRight,67,3.87,nan,1,Left,Left,305,876,181,122921991,nan,nan,0.00
8/18/2026 22:49:16,1.17.3,LeftRight,67,3.87,nan,1,Right,Left,305,877,181,122923974,nan,nan,0.06
8/18/2026 22:49:18,1.17.3,LeftRight,67,3.87,1,1,Pellet,Left,305,877,182,122923974,1.19,61,nan
8/18/2026 23:00:05,1.17.3,LeftRight,67,3.86,nan,1,Right,Left,305,878,182,123572953,nan,nan,0.10
8/18/2026 23:01:54,1.17.3,LeftRight,67,3.87,nan,1,Right,Left,305,879,182,123682592,nan,nan,0.00
8/18/2026 23:01:55,1.17.3,LeftRight,67,3.87,nan,1,Right,Left,305,880,182,123683384,nan,nan,0.02
8/18/2026 23:02:05,1.17.3,LeftRight,67,3.87,nan,1,Right,Left,305,881,182,123693386,nan,nan,0.00
8/18/2026 23:02:27,1.17.3,LeftRight,67,3.86,nan,1,Left,Left,306,881,182,123715520,nan,nan,0.00
8/18/2026 23:02:35,1.17.3,LeftRight,67,3.87,nan,1,RESET,Left,306,881,182,123723140,nan,nan,nan
8/18/2026 23:03:05,1.17.3,LeftRight,67,3.87,nan,1,Right,Left,306,882,182,123753512,nan,nan,0.05
8/18/2026 23:03:09,1.17.3,LeftRight,67,3.87,nan,1,Right,Left,306,883,182,123756877,nan,nan,0.23
8/18/2026 23:03:11,1.17.3,LeftRight,67,3.87,nan,1,Left,Left,307,883,182,123759386,nan,nan,0.00
8/18/2026 23:03:13,1.17.3,LeftRight,67,3.87,nan,1,Right,Left,307,884,182,123761371,nan,nan,0.23
8/18/2026 23:03:15,1.17.3,LeftRight,67,3.87,1,1,Pellet,Left,307,884,183,123761371,0.77,837,nan
8/18/2026 23:03:42,1.17.3,LeftRight,67,3.87,nan,1,Left,Left,308,884,183,123790477,nan,nan,0.00
8/18/2026 23:03:43,1.17.3,LeftRight,67,3.87,nan,1,Right,Left,308,885,183,123790974,nan,nan,0.06
8/18/2026 23:03:45,1.17.3,LeftRight,67,3.87,1,1,Pellet,Left,308,885,184,123790974,1.25,30,nan
8/18/2026 23:05:00,1.17.3,LeftRight,67,3.86,nan,1,Left,Left,309,885,184,123868190,nan,nan,0.00
8/18/2026 23:05:06,1.17.3,LeftRight,67,3.87,nan,1,Right,Left,309,886,184,123874023,nan,nan,0.27
8/18/2026 23:05:08,1.17.3,LeftRight,67,3.86,1,1,Pellet,Left,309,886,185,123874023,0.77,82,nan
8/18/2026 23:05:24,1.17.3,LeftRight,67,3.87,nan,1,Right,Left,309,887,185,123892546,nan,nan,0.05
8/18/2026 23:09:42,1.17.3,LeftRight,67,3.86,nan,1,Right,Left,309,888,185,124149818,nan,nan,0.02
8/18/2026 23:09:45,1.17.3,LeftRight,67,3.87,nan,1,Right,Left,309,889,185,124153447,nan,nan,0.06
8/18/2026 23:09:52,1.17.3,LeftRight,67,3.87,nan,1,Left,Left,310,889,185,124160236,nan,nan,0.00
8/18/2026 23:09:58,1.17.3,LeftRight,67,3.87,nan,1,Right,Left,310,890,185,124166066,nan,nan,0.00
8/18/2026 23:09:59,1.17.3,LeftRight,67,3.86,1,1,Pellet,Left,310,890,186,124166066,0.53,292,nan
8/18/2026 23:10:18,1.17.3,LeftRight,67,3.86,nan,1,Right,Left,310,891,186,124185887,nan,nan,0.11
8/18/2026 23:10:22,1.17.3,LeftRight,67,3.86,nan,1,Right,Left,310,892,186,124190046,nan,nan,0.00
8/18/2026 23:10:26,1.17.3,LeftRight,67,3.86,nan,1,Right,Left,310,893,186,124194249,nan,nan,0.05
8/18/2026 23:10:29,1.17.3,LeftRight,67,3.87,nan,1,Right,Left,310,894,186,124196868,nan,nan,0.07
8/18/2026 23:10:33,1.17.3,LeftRight,67,3.86,nan,1,Right,Left,310,895,186,124200694,nan,nan,0.15
8/18/2026 23:10:38,1.17.3,LeftRight,67,3.87,nan,1,Right,Left,310,896,186,124205928,nan,nan,0.06
8/18/2026 23:10:40,1.17.3,LeftRight,67,3.87,nan,1,Right,Left,310,897,186,124207818,nan,nan,0.09
8/18/2026 23:19:46,1.17.3,LeftRight,67,3.87,nan,1,Right,Left,310,898,186,124754352,nan,nan,0.00
8/18/2026 23:20:08,1.17.3,LeftRight,67,3.86,nan,1,Right,Left,310,899,186,124776178,nan,nan,0.00
8/18/2026 23:20:09,1.17.3,LeftRight,67,3.87,nan,1,Right,Left,310,900,186,124776674,nan,nan,0.38
8/18/2026 23:25:48,1.17.3,LeftRight,67,3.86,nan,1,Right,Left,310,901,186,125116355,nan,nan,0.00
8/18/2026 23:26:57,1.17.3,LeftRight,67,3.86,nan,1,Right,Left,310,902,186,125185530,nan,nan,0.09
8/18/2026 23:26:59,1.17.3,LeftRight,67,3.86,nan,1,Left,Left,311,902,186,125187430,nan,nan,0.00
8/18/2026 23:27:02,1.17.3,LeftRight,67,3.86,nan,1,Right,Left,311,903,186,125189849,nan,nan,0.00
8/18/2026 23:27:03,1.17.3,LeftRight,67,3.86,1,1,Pellet,Left,311,903,187,125189849,0.59,1024,nan
8/18/2026 23:30:50,1.17.3,LeftRight,67,3.87,nan,1,Right,Left,311,904,187,125418056,nan,nan,0.11
8/18/2026 23:30:54,1.17.3,LeftRight,67,3.87,nan,1,Right,Left,311,905,187,125422209,nan,nan,0.07
8/18/2026 23:30:58,1.17.3,LeftRight,67,3.86,nan,1,Right,Left,311,906,187,125426033,nan,nan,0.03
8/18/2026 23:30:59,1.17.3,LeftRight,67,3.86,nan,1,Right,Left,311,907,187,125427609,nan,nan,0.12
8/18/2026 23:31:03,1.17.3,LeftRight,67,3.86,nan,1,Right,Left,311,908,187,125431182,nan,nan,0.02
8/18/2026 23:31:05,1.17.3,LeftRight,67,3.86,nan,1,Right,Left,311,909,187,125432877,nan,nan,0.07
8/18/2026 23:31:06,1.17.3,LeftRight,67,3.86,nan,1,Left,Left,312,909,187,125434473,nan,nan,0.00
8/18/2026 23:31:09,1.17.3,LeftRight,67,3.86,nan,1,Right,Left,312,910,187,125436743,nan,nan,0.26
8/18/2026 23:31:10,1.17.3,LeftRight,67,3.86,1,1,Pellet,Left,312,910,188,125436743,0.35,247,nan
8/18/2026 23:33:12,1.17.3,LeftRight,67,3.87,nan,1,Right,Left,312,911,188,125560644,nan,nan,0.13
8/18/2026 23:33:16,1.17.3,LeftRight,67,3.86,nan,1,Right,Left,312,912,188,125564375,nan,nan,0.08
8/18/2026 23:33:18,1.17.3,LeftRight,67,3.86,nan,1,Left,Left,313,912,188,125566730,nan,nan,0.00
8/18/2026 23:33:21,1.17.3,LeftRight,67,3.87,nan,1,Left,Left,314,912,188,125569742,nan,nan,0.00
8/18/2026 23:33:28,1.17.3,LeftRight,67,3.86,nan,1,Right,Left,314,913,188,125576162,nan,nan,0.15
8/18/2026 23:33:29,1.17.3,LeftRight,67,3.86,1,1,Pellet,Left,314,913,189,125576162,0.53,139,nan
8/18/2026 23:33:55,1.17.3,LeftRight,67,3.86,nan,1,Right,Left,314,914,189,125602918,nan,nan,0.02
8/18/2026 23:33:56,1.17.3,LeftRight,67,3.86,nan,1,Left,Left,315,914,189,125604468,nan,nan,0.00
8/18/2026 23:34:00,1.17.3,LeftRight,67,3.86,nan,1,Right,Left,315,915,189,125607774,nan,nan,0.12
8/18/2026 23:34:01,1.17.3,LeftRight,67,3.86,1,1,Pellet,Left,315,915,190,125607774,0.41,32,nan
8/18/2026 23:34:13,1.17.3,LeftRight,67,3.86,nan,1,Right,Left,315,916,190,125621292,nan,nan,0.00
8/18/2026 23:34:17,1.17.3,LeftRight,67,3.87,nan,1,Right,Left,315,917,190,125624746,nan,nan,0.12
8/18/2026 23:34:18,1.17.3,LeftRight,67,3.86,nan,1,Right,Left,315,918,190,125625948,nan,nan,0.22
8/18/2026 23:38:08,1.17.3,LeftRight,67,3.86,nan,1,Right,Left,315,919,190,125856423,nan,nan,0.00
8/18/2026 23:38:11,1.17.3,LeftRight,67,3.87,nan,1,Right,Left,315,920,190,125858843,nan,nan,0.02
8/18/2026 23:38:12,1.17.3,LeftRight,67,3.86,nan,1,Right,Left,315,921,190,125860398,nan,nan,0.00
8/18/2026 23:38:15,1.17.3,LeftRight,67,3.86,nan,1,Right,Left,315,922,190,125863271,nan,nan,0.01
8/18/2026 23:38:16,1.17.3,LeftRight,67,3.87,nan,1,Right,Left,315,923,190,125864664,nan,nan,0.10
8/18/2026 23:38:18,1.17.3,LeftRight,67,3.86,nan,1,Left,Left,316,923,190,125866596,nan,nan,0.00
8/18/2026 23:38:19,1.17.3,LeftRight,67,3.86,nan,1,Left,Left,317,923,190,125867092,nan,nan,0.00
8/18/2026 23:38:24,1.17.3,LeftRight,67,3.86,nan,1,Left,Left,318,923,190,125872086,nan,nan,0.00
8/18/2026 23:38:26,1.17.3,LeftRight,67,3.86,nan,1,Right,Left,318,924,190,125873915,nan,nan,0.23
8/18/2026 23:38:27,1.17.3,LeftRight,67,3.86,1,1,Pellet,Left,318,924,191,125873915,0.29,266,nan
8/18/2026 23:38:48,1.17.3,LeftRight,67,3.86,nan,1,Right,Left,318,925,191,125896800,nan,nan,0.03
8/18/2026 23:42:02,1.17.3,LeftRight,67,3.86,nan,1,Left,Left,319,925,191,126090792,nan,nan,0.00
8/18/2026 23:42:03,1.17.3,LeftRight,67,3.86,nan,1,Right,Left,319,926,191,126091583,nan,nan,0.00
8/18/2026 23:42:05,1.17.3,LeftRight,67,3.86,1,1,Pellet,Left,319,926,192,126091583,1.01,218,nan
8/18/2026 23:42:19,1.17.3,LeftRight,67,3.87,nan,1,Right,Left,319,927,192,126107414,nan,nan,0.00
8/18/2026 23:42:20,1.17.3,LeftRight,67,3.86,nan,1,Right,Left,319,928,192,126107909,nan,nan,0.02
8/18/2026 23:42:21,1.17.3,LeftRight,67,3.86,nan,1,Right,Left,319,929,192,126109312,nan,nan,0.08
8/18/2026 23:42:25,1.17.3,LeftRight,67,3.86,nan,1,Right,Left,319,930,192,126113447,nan,nan,0.05
8/18/2026 23:42:27,1.17.3,LeftRight,67,3.86,nan,1,Left,Left,320,930,192,126115501,nan,nan,0.00
8/18/2026 23:42:28,1.17.3,LeftRight,67,3.86,nan,1,Right,Left,320,931,192,126116589,nan,nan,0.13
8/18/2026 23:42:30,1.17.3,LeftRight,67,3.86,1,1,Pellet,Left,320,931,193,126116589,0.65,25,nan
8/18/2026 23:47:39,1.17.3,LeftRight,67,3.86,nan,1,Right,Left,320,932,193,126427702,nan,nan,0.01
8/18/2026 23:47:53,1.17.3,LeftRight,67,3.86,nan,1,Right,Left,320,933,193,126441832,nan,nan,0.01
8/18/2026 23:47:55,1.17.3,LeftRight,67,3.86,nan,1,Left,Left,321,933,193,126443497,nan,nan,0.00
8/18/2026 23:47:56,1.17.3,LeftRight,67,3.87,nan,1,Right,Left,321,934,193,126444437,nan,nan,0.01
8/18/2026 23:47:57,1.17.3,LeftRight,67,3.86,1,1,Pellet,Left,321,934,194,126444437,0.59,327,nan
8/18/2026 23:50:46,1.17.3,LeftRight,67,3.87,nan,1,Right,Left,321,935,194,126614581,nan,nan,0.03
8/18/2026 23:50:52,1.17.3,LeftRight,67,3.85,nan,1,Left,Left,322,935,194,126619993,nan,nan,0.00
8/18/2026 23:50:54,1.17.3,LeftRight,67,3.86,nan,1,Right,Left,322,936,194,126622273,nan,nan,0.00
8/18/2026 23:50:56,1.17.3,LeftRight,67,3.86,1,1,Pellet,Left,322,936,195,126622273,1.01,179,nan
8/18/2026 23:51:11,1.17.3,LeftRight,67,3.87,nan,1,Right,Left,322,937,195,126638992,nan,nan,0.09
8/18/2026 23:57:04,1.17.3,LeftRight,67,3.86,nan,1,Left,Left,323,937,195,126992473,nan,nan,0.00
8/18/2026 23:57:06,1.17.3,LeftRight,67,3.86,nan,1,Right,Left,323,938,195,126994153,nan,nan,0.03
8/18/2026 23:57:07,1.17.3,LeftRight,67,3.86,2,1,Pellet,Left,323,938,196,126994153,0.59,371,nan
8/18/2026 23:58:22,1.17.3,LeftRight,67,3.87,nan,1,Right,Left,323,939,196,127070641,nan,nan,0.00
8/18/2026 23:58:26,1.17.3,LeftRight,67,3.86,nan,1,Right,Left,323,940,196,127074250,nan,nan,0.00
8/18/2026 23:58:27,1.17.3,LeftRight,67,3.86,nan,1,Right,Left,323,941,196,127074895,nan,nan,0.23
8/18/2026 23:58:29,1.17.3,LeftRight,67,3.86,nan,1,Left,Left,324,941,196,127077181,nan,nan,0.00
8/18/2026 23:58:36,1.17.3,LeftRight,67,3.86,nan,1,RESET,Left,324,941,196,127084338,nan,nan,nan
8/19/2026 0:00:59,1.17.3,LeftRight,67,3.86,nan,1,Right,Left,324,942,196,127227280,nan,nan,0.02
8/19/2026 0:01:05,1.17.3,LeftRight,67,3.86,nan,1,Right,Left,324,943,196,127232975,nan,nan,0.15
8/19/2026 0:01:14,1.17.3,LeftRight,67,3.86,nan,1,Left,Left,325,943,196,127242641,nan,nan,0.00
8/19/2026 0:01:18,1.17.3,LeftRight,67,3.86,nan,1,Left,Left,326,943,196,127245961,nan,nan,0.00
8/19/2026 0:01:21,1.17.3,LeftRight,67,3.86,nan,1,Left,Left,327,943,196,127249417,nan,nan,0.00
8/19/2026 0:01:23,1.17.3,LeftRight,67,3.86,nan,1,Right,Left,327,944,196,127250955,nan,nan,0.13
8/19/2026 0:01:25,1.17.3,LeftRight,67,3.86,1,1,Pellet,Left,327,944,197,127250955,1.13,258,nan
8/19/2026 0:01:52,1.17.3,LeftRight,67,3.86,nan,1,Right,Left,327,945,197,127279859,nan,nan,0.20
8/19/2026 0:01:53,1.17.3,LeftRight,67,3.86,nan,1,Right,Left,327,946,197,127281439,nan,nan,0.13
8/19/2026 0:01:57,1.17.3,LeftRight,67,3.86,nan,1,Right,Left,327,947,197,127284874,nan,nan,0.10
8/19/2026 0:01:58,1.17.3,LeftRight,67,3.85,nan,1,Right,Left,327,948,197,127286211,nan,nan,0.40
8/19/2026 0:02:00,1.17.3,LeftRight,67,3.85,nan,1,Left,Left,328,948,197,127288403,nan,nan,0.00
8/19/2026 0:02:03,1.17.3,LeftRight,67,3.86,nan,1,Right,Left,328,949,197,127291269,nan,nan,0.11
8/19/2026 0:02:09,1.17.3,LeftRight,67,3.86,2,1,Pellet,Left,328,949,198,127291269,2.87,44,nan
8/19/2026 0:02:35,1.17.3,LeftRight,67,3.86,nan,1,Right,Left,328,950,198,127323224,nan,nan,0.08
8/19/2026 0:02:36,1.17.3,LeftRight,67,3.86,nan,1,Right,Left,328,951,198,127324541,nan,nan,0.22
8/19/2026 0:02:40,1.17.3,LeftRight,67,3.86,nan,1,Right,Left,328,952,198,127328378,nan,nan,0.14
8/19/2026 0:02:42,1.17.3,LeftRight,67,3.86,nan,1,Right,Left,328,953,198,127330050,nan,nan,0.07
8/19/2026 0:02:44,1.17.3,LeftRight,67,3.86,nan,1,Left,Left,329,953,198,127332180,nan,nan,0.00
8/19/2026 0:02:45,1.17.3,LeftRight,67,3.86,nan,1,Right,Left,329,954,198,127333565,nan,nan,0.00
8/19/2026 0:02:47,1.17.3,LeftRight,67,3.86,1,1,Pellet,Left,329,954,199,127333565,1.19,38,nan
8/19/2026 0:07:33,1.17.3,LeftRight,67,3.86,nan,1,Left,Left,330,954,199,127621082,nan,nan,0.00
8/19/2026 0:07:40,1.17.3,LeftRight,67,3.86,nan,1,RESET,Left,330,954,199,127628385,nan,nan,nan
8/19/2026 0:07:44,1.17.3,LeftRight,67,3.86,nan,1,Right,Left,330,955,199,127631931,nan,nan,0.13
8/19/2026 0:07:46,1.17.3,LeftRight,67,3.86,nan,1,Right,Left,330,956,199,127634632,nan,nan,0.00
8/19/2026 0:07:48,1.17.3,LeftRight,67,3.86,nan,1,Left,Left,331,956,199,127636484,nan,nan,0.00
8/19/2026 0:07:51,1.17.3,LeftRight,67,3.86,nan,1,Right,Left,331,957,199,127639051,nan,nan,0.00
8/19/2026 0:07:52,1.17.3,LeftRight,67,3.86,1,1,Pellet,Left,331,957,200,127639051,0.95,305,nan
8/19/2026 0:08:32,1.17.3,LeftRight,67,3.86,nan,1,Right,Left,331,958,200,127680879,nan,nan,0.00
8/19/2026 0:08:35,1.17.3,LeftRight,67,3.86,nan,1,Left,Left,332,958,200,127683899,nan,nan,0.00
8/19/2026 0:08:38,1.17.3,LeftRight,67,3.86,nan,1,Right,Left,332,959,200,127685878,nan,nan,0.10
8/19/2026 0:08:39,1.17.3,LeftRight,67,3.86,1,1,Pellet,Left,332,959,201,127685878,0.83,47,nan
8/19/2026 0:08:57,1.17.3,LeftRight,67,3.86,nan,1,Left,Left,333,959,201,127705575,nan,nan,0.00
8/19/2026 0:09:03,1.17.3,LeftRight,67,3.85,nan,1,RESET,Left,333,959,201,127711404,nan,nan,nan
8/19/2026 0:09:49,1.17.3,LeftRight,67,3.86,nan,1,Left,Left,334,959,201,127757018,nan,nan,0.00
8/19/2026 0:09:54,1.17.3,LeftRight,67,3.86,nan,1,RESET,Left,334,959,201,127762401,nan,nan,nan
8/19/2026 0:10:07,1.17.3,LeftRight,67,3.85,nan,1,Right,Left,334,960,201,127775715,nan,nan,0.03
8/19/2026 0:10:11,1.17.3,LeftRight,67,3.86,nan,1,Right,Left,334,961,201,127779350,nan,nan,0.01
8/19/2026 0:23:53,1.17.3,LeftRight,67,3.86,nan,1,Right,Left,334,962,201,128601594,nan,nan,0.12
8/19/2026 0:23:55,1.17.3,LeftRight,67,3.85,nan,1,Left,Left,335,962,201,128603689,nan,nan,0.00
8/19/2026 0:23:57,1.17.3,LeftRight,67,3.86,nan,1,Right,Left,335,963,201,128605666,nan,nan,0.06
8/19/2026 0:24:00,1.17.3,LeftRight,67,3.85,1,1,Pellet,Left,335,963,202,128605666,1.49,921,nan
8/19/2026 0:30:49,1.17.3,LeftRight,67,3.86,nan,1,Left,Left,336,963,202,129017170,nan,nan,0.00
8/19/2026 0:30:53,1.17.3,LeftRight,67,3.85,nan,1,Right,Left,336,964,202,129020786,nan,nan,0.26
8/19/2026 0:30:54,1.17.3,LeftRight,67,3.85,1,1,Pellet,Left,336,964,203,129020786,0.41,414,nan
8/19/2026 0:32:00,1.17.3,LeftRight,67,3.85,nan,1,Right,Left,336,965,203,129087818,nan,nan,0.23
8/19/2026 0:32:10,1.17.3,LeftRight,67,3.85,nan,1,Right,Left,336,966,203,129098036,nan,nan,0.16
8/19/2026 0:32:12,1.17.3,LeftRight,67,3.85,nan,1,Left,Left,337,966,203,129100624,nan,nan,0.00
8/19/2026 0:32:15,1.17.3,LeftRight,67,3.86,nan,1,Right,Left,337,967,203,129103655,nan,nan,0.10
8/19/2026 0:32:17,1.17.3,LeftRight,67,3.86,1,1,Pellet,Left,337,967,204,129103655,1.37,83,nan
8/19/2026 0:32:30,1.17.3,LeftRight,67,3.86,nan,1,Right,Left,337,968,204,129118757,nan,nan,0.09
8/19/2026 0:32:52,1.17.3,LeftRight,67,3.85,nan,1,Left,Left,338,968,204,129140701,nan,nan,0.00
8/19/2026 0:32:58,1.17.3,LeftRight,67,3.86,nan,1,RESET,Left,338,968,204,129146387,nan,nan,nan
8/19/2026 0:32:59,1.17.3,LeftRight,67,3.85,nan,1,Right,Left,338,969,204,129147270,nan,nan,0.26
8/19/2026 0:33:03,1.17.3,LeftRight,67,3.86,nan,1,Left,Left,339,969,204,129151661,nan,nan,0.00
8/19/2026 0:33:06,1.17.3,LeftRight,67,3.85,nan,1,Right,Left,339,970,204,129153936,nan,nan,0.09
8/19/2026 0:33:07,1.17.3,LeftRight,67,3.85,1,1,Pellet,Left,339,970,205,129153936,0.95,50,nan
8/19/2026 0:33:19,1.17.3,LeftRight,67,3.85,nan,1,Right,Left,339,971,205,129167587,nan,nan,0.08
8/19/2026 0:33:57,1.17.3,LeftRight,67,3.86,nan,1,Right,Left,339,972,205,129205614,nan,nan,0.04
8/19/2026 0:33:59,1.17.3,LeftRight,67,3.85,nan,1,Left,Left,340,972,205,129207799,nan,nan,0.00
8/19/2026 0:34:01,1.17.3,LeftRight,67,3.86,nan,1,Right,Left,340,973,205,129209332,nan,nan,0.00
8/19/2026 0:34:03,1.17.3,LeftRight,67,3.86,1,1,Pellet,Left,340,973,206,129209332,1.43,56,nan
8/19/2026 0:34:17,1.17.3,LeftRight,67,3.85,nan,1,Right,Left,340,974,206,129225882,nan,nan,0.04
8/19/2026 0:34:23,1.17.3,LeftRight,67,3.85,nan,1,Right,Left,340,975,206,129231449,nan,nan,0.14
8/19/2026 0:34:27,1.17.3,LeftRight,67,3.85,nan,1,Left,Left,341,975,206,129235056,nan,nan,0.00
8/19/2026 0:34:28,1.17.3,LeftRight,67,3.86,nan,1,Right,Left,341,976,206,129236439,nan,nan,0.32
8/19/2026 0:34:30,1.17.3,LeftRight,67,3.86,1,1,Pellet,Left,341,976,207,129236439,0.59,27,nan
8/19/2026 0:42:09,1.17.3,LeftRight,67,3.85,nan,1,Left,Left,342,976,207,129697770,nan,nan,0.00
8/19/2026 0:42:15,1.17.3,LeftRight,67,3.86,nan,1,RESET,Left,342,976,207,129703448,nan,nan,nan
8/19/2026 0:42:19,1.17.3,LeftRight,67,3.85,nan,1,Right,Left,342,977,207,129707883,nan,nan,0.04
8/19/2026 0:42:22,1.17.3,LeftRight,67,3.86,nan,1,Right,Left,342,978,207,129710058,nan,nan,0.43
8/19/2026 0:42:25,1.17.3,LeftRight,67,3.85,nan,1,Right,Left,342,979,207,129713350,nan,nan,0.00
8/19/2026 0:42:28,1.17.3,LeftRight,67,3.86,nan,1,Left,Left,343,979,207,129716586,nan,nan,0.00
8/19/2026 0:42:32,1.17.3,LeftRight,67,3.86,nan,1,Right,Left,343,980,207,129719894,nan,nan,0.44
8/19/2026 0:42:33,1.17.3,LeftRight,67,3.85,1,1,Pellet,Left,343,980,208,129719894,0.53,483,nan
8/19/2026 0:43:03,1.17.3,LeftRight,67,3.86,nan,1,Right,Left,343,981,208,129751511,nan,nan,0.01
8/19/2026 0:50:08,1.17.3,LeftRight,67,3.86,nan,1,Right,Left,343,982,208,130176935,nan,nan,0.06
8/19/2026 0:50:10,1.17.3,LeftRight,67,3.85,nan,1,Right,Left,343,983,208,130178386,nan,nan,0.18
8/19/2026 0:50:13,1.17.3,LeftRight,67,3.85,nan,1,Right,Left,343,984,208,130181733,nan,nan,0.22
8/19/2026 0:50:15,1.17.3,LeftRight,67,3.85,nan,1,Left,Left,344,984,208,130183374,nan,nan,0.00
8/19/2026 0:50:17,1.17.3,LeftRight,67,3.85,nan,1,Right,Left,344,985,208,130185352,nan,nan,0.06
8/19/2026 0:50:18,1.17.3,LeftRight,67,3.86,1,1,Pellet,Left,344,985,209,130185352,0.65,465,nan
8/19/2026 0:53:38,1.17.3,LeftRight,67,3.86,nan,1,Left,Left,345,985,209,130386891,nan,nan,0.00
8/19/2026 0:53:40,1.17.3,LeftRight,67,3.85,nan,1,Right,Left,345,986,209,130388722,nan,nan,0.00
8/19/2026 0:53:42,1.17.3,LeftRight,67,3.86,1,1,Pellet,Left,345,986,210,130388722,0.71,204,nan
8/19/2026 0:56:04,1.17.3,LeftRight,67,3.85,nan,1,Right,Left,345,987,210,130532717,nan,nan,0.08
8/19/2026 0:56:06,1.17.3,LeftRight,67,3.85,nan,1,Left,Left,346,987,210,130535005,nan,nan,0.00
8/19/2026 0:56:12,1.17.3,LeftRight,67,3.85,nan,1,RESET,Left,346,987,210,130540537,nan,nan,nan
8/19/2026 0:56:16,1.17.3,LeftRight,67,3.85,nan,1,Right,Left,346,988,210,130544392,nan,nan,0.17
8/19/2026 0:56:18,1.17.3,LeftRight,67,3.85,nan,1,Right,Left,346,989,210,130546108,nan,nan,0.24
8/19/2026 0:56:34,1.17.3,LeftRight,67,3.85,nan,1,Right,Left,346,990,210,130562407,nan,nan,0.22
8/19/2026 0:56:37,1.17.3,LeftRight,67,3.85,nan,1,Left,Left,347,990,210,130565593,nan,nan,0.00
8/19/2026 0:56:41,1.17.3,LeftRight,67,3.85,nan,1,Right,Left,347,991,210,130569938,nan,nan,0.00
8/19/2026 0:56:43,1.17.3,LeftRight,67,3.85,1,1,Pellet,Left,347,991,211,130569938,0.65,181,nan
8/19/2026 0:57:56,1.17.3,LeftRight,67,3.85,nan,1,Right,Left,347,992,211,130644250,nan,nan,0.06
8/19/2026 0:59:25,1.17.3,LeftRight,67,3.85,nan,1,Right,Left,347,993,211,130733862,nan,nan,0.02
8/19/2026 1:01:44,1.17.3,LeftRight,67,3.85,nan,1,Left,Left,348,993,211,130872744,nan,nan,0.00
8/19/2026 1:01:47,1.17.3,LeftRight,67,3.85,nan,1,Right,Left,348,994,211,130875610,nan,nan,0.33
8/19/2026 1:01:49,1.17.3,LeftRight,67,3.85,1,1,Pellet,Left,348,994,212,130875610,1.25,306,nan
8/19/2026 1:02:18,1.17.3,LeftRight,67,3.85,nan,1,Right,Left,348,995,212,130906921,nan,nan,0.00
8/19/2026 1:02:23,1.17.3,LeftRight,67,3.85,nan,1,Right,Left,348,996,212,130910970,nan,nan,0.17
8/19/2026 1:02:26,1.17.3,LeftRight,67,3.85,nan,1,Right,Left,348,997,212,130914302,nan,nan,0.00
8/19/2026 1:02:28,1.17.3,LeftRight,67,3.85,nan,1,Left,Left,349,997,212,130916795,nan,nan,0.00
8/19/2026 1:02:30,1.17.3,LeftRight,67,3.85,nan,1,Right,Left,349,998,212,130918621,nan,nan,0.00
8/19/2026 1:02:31,1.17.3,LeftRight,67,3.85,1,1,Pellet,Left,349,998,213,130918621,0.71,42,nan
8/19/2026 1:02:55,1.17.3,LeftRight,67,3.85,nan,1,Right,Left,349,999,213,130943890,nan,nan,0.15
8/19/2026 1:02:57,1.17.3,LeftRight,67,3.85,nan,1,Right,Left,349,1000,213,130945128,nan,nan,0.22
8/19/2026 1:02:58,1.17.3,LeftRight,67,3.85,nan,1,Right,Left,349,1001,213,130946587,nan,nan,0.16
8/19/2026 1:03:05,1.17.3,LeftRight,67,3.85,nan,1,Right,Left,349,1002,213,130952864,nan,nan,0.26
8/19/2026 1:03:06,1.17.3,LeftRight,67,3.86,nan,1,Right,Left,349,1003,213,130954504,nan,nan,0.23
8/19/2026 1:03:10,1.17.3,LeftRight,67,3.85,nan,1,Right,Left,349,1004,213,130958338,nan,nan,0.25
8/19/2026 1:03:12,1.17.3,LeftRight,67,3.85,nan,1,Right,Left,349,1005,213,130960864,nan,nan,0.17
8/19/2026 1:03:14,1.17.3,LeftRight,67,3.85,nan,1,Right,Left,349,1006,213,130962717,nan,nan,0.22
8/19/2026 1:03:16,1.17.3,LeftRight,67,3.85,nan,1,Left,Left,350,1006,213,130964913,nan,nan,0.00
8/19/2026 1:03:18,1.17.3,LeftRight,67,3.86,nan,1,Right,Left,350,1007,213,130966298,nan,nan,0.10
8/19/2026 1:03:22,1.17.3,LeftRight,67,3.85,2,1,Pellet,Left,350,1007,214,130966298,1.49,51,nan
8/19/2026 1:03:37,1.17.3,LeftRight,67,3.85,nan,1,Right,Left,350,1008,214,130985643,nan,nan,0.09
8/19/2026 1:03:43,1.17.3,LeftRight,67,3.85,nan,1,Right,Left,350,1009,214,130991266,nan,nan,0.11
8/19/2026 1:04:04,1.17.3,LeftRight,67,3.86,nan,1,Right,Left,350,1010,214,131012170,nan,nan,0.18
8/19/2026 1:04:07,1.17.3,LeftRight,67,3.86,nan,1,Right,Left,350,1011,214,131015509,nan,nan,0.12
8/19/2026 1:04:11,1.17.3,LeftRight,67,3.85,nan,1,Right,Left,350,1012,214,131018938,nan,nan,0.12
8/19/2026 1:04:19,1.17.3,LeftRight,67,3.85,nan,1,Right,Left,350,1013,214,131027102,nan,nan,0.00
8/19/2026 1:21:56,1.17.3,LeftRight,67,3.85,nan,1,Left,Left,351,1013,214,132084333,nan,nan,0.00
8/19/2026 1:21:59,1.17.3,LeftRight,67,3.85,nan,1,Right,Left,351,1014,214,132087200,nan,nan,0.14
8/19/2026 1:22:00,1.17.3,LeftRight,67,3.85,1,1,Pellet,Left,351,1014,215,132087200,0.65,1118,nan
8/19/2026 1:22:21,1.17.3,LeftRight,67,3.85,nan,1,Right,Left,351,1015,215,132109216,nan,nan,0.52
8/19/2026 1:22:31,1.17.3,LeftRight,67,3.85,nan,1,Right,Left,351,1016,215,132119110,nan,nan,0.09
8/19/2026 1:22:36,1.17.3,LeftRight,67,3.86,nan,1,Right,Left,351,1017,215,132125020,nan,nan,0.07
8/19/2026 1:26:48,1.17.3,LeftRight,67,3.85,nan,1,Left,Left,352,1017,215,132376428,nan,nan,0.00
8/19/2026 1:26:53,1.17.3,LeftRight,67,3.85,nan,1,RESET,Left,352,1017,215,132381513,nan,nan,nan
8/19/2026 1:26:54,1.17.3,LeftRight,67,3.85,nan,1,Right,Left,352,1018,215,132382395,nan,nan,0.24
8/19/2026 1:26:57,1.17.3,LeftRight,67,3.85,nan,1,Left,Left,353,1018,215,132385398,nan,nan,0.00
8/19/2026 1:27:00,1.17.3,LeftRight,67,3.85,nan,1,Right,Left,353,1019,215,132388708,nan,nan,0.32
8/19/2026 1:27:02,1.17.3,LeftRight,67,3.85,1,1,Pellet,Left,353,1019,216,132388708,1.13,302,nan
8/19/2026 1:28:21,1.17.3,LeftRight,67,3.85,nan,1,Right,Left,353,1020,216,132469050,nan,nan,0.11
8/19/2026 1:28:23,1.17.3,LeftRight,67,3.85,nan,1,Right,Left,353,1021,216,132471581,nan,nan,0.00
8/19/2026 1:28:27,1.17.3,LeftRight,67,3.85,nan,1,Right,Left,353,1022,216,132475783,nan,nan,0.21
8/19/2026 1:28:30,1.17.3,LeftRight,67,3.85,nan,1,Right,Left,353,1023,216,132478716,nan,nan,0.09
8/19/2026 1:28:36,1.17.3,LeftRight,67,3.85,nan,1,Left,Left,354,1023,216,132485004,nan,nan,0.00
8/19/2026 1:28:39,1.17.3,LeftRight,67,3.85,nan,1,Right,Left,354,1024,216,132487592,nan,nan,0.28
8/19/2026 1:28:41,1.17.3,LeftRight,67,3.85,1,1,Pellet,Left,354,1024,217,132487592,0.59,99,nan
8/19/2026 1:28:52,1.17.3,LeftRight,67,3.85,nan,1,Right,Left,354,1025,217,132499963,nan,nan,0.18
8/19/2026 1:28:58,1.17.3,LeftRight,67,3.85,nan,1,Right,Left,354,1026,217,132506420,nan,nan,0.09
8/19/2026 1:29:32,1.17.3,LeftRight,67,3.85,nan,1,Left,Left,355,1026,217,132540416,nan,nan,0.00
8/19/2026 1:29:34,1.17.3,LeftRight,67,3.85,nan,1,Right,Left,355,1027,217,132542844,nan,nan,0.17
8/19/2026 1:29:36,1.17.3,LeftRight,67,3.85,1,1,Pellet,Left,355,1027,218,132542844,0.77,55,nan
8/19/2026 1:29:46,1.17.3,LeftRight,67,3.85,nan,1,Right,Left,355,1028,218,132554427,nan,nan,0.16
8/19/2026 1:30:15,1.17.3,LeftRight,67,3.85,nan,1,Right,Left,355,1029,218,132583715,nan,nan,0.04
8/19/2026 1:30:17,1.17.3,LeftRight,67,3.85,nan,1,Right,Left,355,1030,218,132585738,nan,nan,0.16
8/19/2026 1:30:19,1.17.3,LeftRight,67,3.85,nan,1,Left,Left,356,1030,218,132588111,nan,nan,0.00
8/19/2026 1:30:21,1.17.3,LeftRight,67,3.85,nan,1,Right,Left,356,1031,218,132589356,nan,nan,0.02
8/19/2026 1:30:25,1.17.3,LeftRight,67,3.85,2,1,Pellet,Left,356,1031,219,132589356,1.55,49,nan
8/19/2026 1:35:35,1.17.3,LeftRight,67,3.85,nan,1,Right,Left,356,1032,219,132903890,nan,nan,0.08
8/19/2026 1:35:38,1.17.3,LeftRight,67,3.85,nan,1,Right,Left,356,1033,219,132906983,nan,nan,0.09
8/19/2026 1:35:41,1.17.3,LeftRight,67,3.85,nan,1,Right,Left,356,1034,219,132909797,nan,nan,0.02
8/19/2026 1:35:44,1.17.3,LeftRight,67,3.85,nan,1,Left,Left,357,1034,219,132912135,nan,nan,0.00
8/19/2026 1:35:45,1.17.3,LeftRight,67,3.85,nan,1,Right,Left,357,1035,219,132913223,nan,nan,0.15
8/19/2026 1:35:46,1.17.3,LeftRight,67,3.85,2,1,Pellet,Left,357,1035,220,132913223,0.71,321,nan
8/19/2026 1:37:02,1.17.3,LeftRight,67,3.85,nan,1,Right,Left,357,1036,220,132990005,nan,nan,0.25
8/19/2026 1:37:12,1.17.3,LeftRight,67,3.85,nan,1,Right,Left,357,1037,220,133000239,nan,nan,0.20
8/19/2026 1:37:14,1.17.3,LeftRight,67,3.85,nan,1,Right,Left,357,1038,220,133002141,nan,nan,0.13
8/19/2026 1:37:21,1.17.3,LeftRight,67,3.85,nan,1,Right,Left,357,1039,220,133009288,nan,nan,0.17
8/19/2026 1:37:27,1.17.3,LeftRight,67,3.85,nan,1,Right,Left,357,1040,220,133015597,nan,nan,0.16
8/19/2026 1:37:30,1.17.3,LeftRight,67,3.85,nan,1,Right,Left,357,1041,220,133018329,nan,nan,0.00
8/19/2026 3:45:03,1.17.3,LeftRight,67,3.84,nan,1,Right,Left,357,1042,220,140671929,nan,nan,0.50
8/19/2026 3:45:06,1.17.3,LeftRight,67,3.84,nan,1,Left,Left,358,1042,220,140674944,nan,nan,0.00
8/19/2026 3:45:11,1.17.3,LeftRight,67,3.83,nan,1,RESET,Left,358,1042,220,140679926,nan,nan,nan
8/19/2026 3:45:13,1.17.3,LeftRight,67,3.84,nan,1,Right,Left,358,1043,220,140681709,nan,nan,0.18
8/19/2026 3:45:17,1.17.3,LeftRight,67,3.84,nan,1,Right,Left,358,1044,220,140685520,nan,nan,0.27
8/19/2026 3:45:20,1.17.3,LeftRight,67,3.84,nan,1,Right,Left,358,1045,220,140688671,nan,nan,0.02
8/19/2026 3:45:33,1.17.3,LeftRight,67,3.84,nan,1,Left,Left,359,1045,220,140701532,nan,nan,0.00
8/19/2026 3:45:34,1.17.3,LeftRight,67,3.84,nan,1,Right,Left,359,1046,220,140702783,nan,nan,0.00
8/19/2026 3:45:34,1.17.3,LeftRight,67,3.84,nan,1,RightDuringDispense,Left,359,1047,220,140702783,nan,nan,0.16
8/19/2026 3:45:38,1.17.3,LeftRight,67,3.84,2,1,Pellet,Left,359,1047,221,140702783,1.43,7792,nan
8/19/2026 3:46:30,1.17.3,LeftRight,67,3.84,nan,1,Right,Left,359,1048,221,140758680,nan,nan,0.44
8/19/2026 3:51:50,1.17.3,LeftRight,67,3.84,nan,1,Left,Left,360,1048,221,141079134,nan,nan,0.00
8/19/2026 3:51:51,1.17.3,LeftRight,67,3.83,nan,1,Right,Left,360,1049,221,141079788,nan,nan,0.01
8/19/2026 3:51:52,1.17.3,LeftRight,67,3.84,1,1,Pellet,Left,360,1049,222,141079788,0.89,374,nan
8/19/2026 3:52:19,1.17.3,LeftRight,67,3.84,nan,1,Right,Left,360,1050,222,141107821,nan,nan,0.09
8/19/2026 3:54:55,1.17.3,LeftRight,67,3.84,nan,1,Right,Left,360,1051,222,141264144,nan,nan,0.08
8/19/2026 3:54:58,1.17.3,LeftRight,67,3.84,nan,1,Right,Left,360,1052,222,141266962,nan,nan,0.00
8/19/2026 3:55:00,1.17.3,LeftRight,67,3.84,nan,1,Right,Left,360,1053,222,141268959,nan,nan,0.21
8/19/2026 3:55:05,1.17.3,LeftRight,67,3.83,nan,1,Right,Left,360,1054,222,141274146,nan,nan,0.06
8/19/2026 3:55:10,1.17.3,LeftRight,67,3.84,nan,1,Right,Left,360,1055,222,141278733,nan,nan,0.04
8/19/2026 3:55:12,1.17.3,LeftRight,67,3.84,nan,1,Left,Left,361,1055,222,141280621,nan,nan,0.00
8/19/2026 3:55:14,1.17.3,LeftRight,67,3.84,nan,1,Right,Left,361,1056,222,141282761,nan,nan,0.14
8/19/2026 3:55:16,1.17.3,LeftRight,67,3.84,1,1,Pellet,Left,361,1056,223,141282761,1.07,204,nan
8/19/2026 3:59:09,1.17.3,LeftRight,67,3.84,nan,1,Right,Left,361,1057,223,141518210,nan,nan,0.11
8/19/2026 3:59:11,1.17.3,LeftRight,67,3.84,nan,1,Left,Left,362,1057,223,141520337,nan,nan,0.00
8/19/2026 3:59:13,1.17.3,LeftRight,67,3.84,nan,1,Right,Left,362,1058,223,141522029,nan,nan,0.04
8/19/2026 3:59:15,1.17.3,LeftRight,67,3.84,1,1,Pellet,Left,362,1058,224,141522029,0.83,239,nan
8/19/2026 3:59:40,1.17.3,LeftRight,67,3.84,nan,1,Right,Left,362,1059,224,141548567,nan,nan,0.22
8/19/2026 3:59:44,1.17.3,LeftRight,67,3.84,nan,1,Right,Left,362,1060,224,141552577,nan,nan,0.15
8/19/2026 3:59:46,1.17.3,LeftRight,67,3.83,nan,1,Left,Left,363,1060,224,141554827,nan,nan,0.00
8/19/2026 3:59:48,1.17.3,LeftRight,67,3.84,nan,1,Right,Left,363,1061,224,141556520,nan,nan,0.04
8/19/2026 3:59:49,1.17.3,LeftRight,67,3.84,1,1,Pellet,Left,363,1061,225,141556520,1.01,34,nan
8/19/2026 4:00:28,1.17.3,LeftRight,67,3.84,nan,1,Right,Left,363,1062,225,141597325,nan,nan,0.12
8/19/2026 4:00:35,1.17.3,LeftRight,67,3.84,nan,1,Right,Left,363,1063,225,141603925,nan,nan,0.13
8/19/2026 4:00:37,1.17.3,LeftRight,67,3.84,nan,1,Right,Left,363,1064,225,141605900,nan,nan,0.14
8/19/2026 4:00:41,1.17.3,LeftRight,67,3.84,nan,1,Right,Left,363,1065,225,141609670,nan,nan,0.20
8/19/2026 4:04:54,1.17.3,LeftRight,67,3.84,nan,1,Left,Left,364,1065,225,141863150,nan,nan,0.00
8/19/2026 4:04:57,1.17.3,LeftRight,67,3.84,nan,1,Right,Left,364,1066,225,141865737,nan,nan,0.01
8/19/2026 4:04:58,1.17.3,LeftRight,67,3.84,1,1,Pellet,Left,364,1066,226,141865737,0.89,309,nan
8/19/2026 4:05:53,1.17.3,LeftRight,67,3.84,nan,1,Right,Left,364,1067,226,141922446,nan,nan,0.00
8/19/2026 4:05:56,1.17.3,LeftRight,67,3.84,nan,1,Right,Left,364,1068,226,141924586,nan,nan,0.24
8/19/2026 4:05:59,1.17.3,LeftRight,67,3.84,nan,1,Left,Left,365,1068,226,141927634,nan,nan,0.00
8/19/2026 4:06:04,1.17.3,LeftRight,67,3.84,nan,1,RESET,Left,365,1068,226,141932913,nan,nan,nan
8/19/2026 4:06:06,1.17.3,LeftRight,67,3.84,nan,1,Right,Left,365,1069,226,141934400,nan,nan,0.11
8/19/2026 4:06:07,1.17.3,LeftRight,67,3.84,nan,1,Left,Left,366,1069,226,141936061,nan,nan,0.00
8/19/2026 4:06:10,1.17.3,LeftRight,67,3.84,nan,1,Left,Left,367,1069,226,141938950,nan,nan,0.00
8/19/2026 4:06:11,1.17.3,LeftRight,67,3.84,nan,1,Left,Left,368,1069,226,141940173,nan,nan,0.00
8/19/2026 4:06:15,1.17.3,LeftRight,67,3.84,nan,1,Right,Left,368,1070,226,141943810,nan,nan,0.19
8/19/2026 4:06:16,1.17.3,LeftRight,67,3.84,1,1,Pellet,Left,368,1070,227,141943810,0.65,78,nan
8/19/2026 4:10:57,1.17.3,LeftRight,67,3.84,nan,1,Left,Left,369,1070,227,142225862,nan,nan,0.00
8/19/2026 4:10:59,1.17.3,LeftRight,67,3.84,nan,1,Right,Left,369,1071,227,142227861,nan,nan,0.08
8/19/2026 4:11:00,1.17.3,LeftRight,67,3.83,1,1,Pellet,Left,369,1071,228,142227861,0.83,284,nan
8/19/2026 4:12:12,1.17.3,LeftRight,67,3.84,nan,1,Right,Left,369,1072,228,142300990,nan,nan,0.13
8/19/2026 4:12:16,1.17.3,LeftRight,67,3.84,nan,1,Right,Left,369,1073,228,142304896,nan,nan,0.14
8/19/2026 4:12:19,1.17.3,LeftRight,67,3.84,nan,1,Left,Left,370,1073,228,142307650,nan,nan,0.00
8/19/2026 4:12:20,1.17.3,LeftRight,67,3.84,nan,1,Right,Left,370,1074,228,142308594,nan,nan,0.06
8/19/2026 4:12:21,1.17.3,LeftRight,67,3.83,1,1,Pellet,Left,370,1074,229,142308594,0.53,81,nan
8/19/2026 4:18:19,1.17.3,LeftRight,67,3.84,nan,1,Right,Left,370,1075,229,142667452,nan,nan,0.12
8/19/2026 4:18:26,1.17.3,LeftRight,67,3.84,nan,1,Right,Left,370,1076,229,142675373,nan,nan,0.04
8/19/2026 4:18:28,1.17.3,LeftRight,67,3.84,nan,1,Left,Left,371,1076,229,142677131,nan,nan,0.00
8/19/2026 4:18:34,1.17.3,LeftRight,67,3.83,nan,1,RESET,Left,371,1076,229,142682998,nan,nan,nan
8/19/2026 4:18:35,1.17.3,LeftRight,67,3.84,nan,1,Left,Left,372,1076,229,142683820,nan,nan,0.00
8/19/2026 4:18:36,1.17.3,LeftRight,67,3.83,nan,1,Right,Left,372,1077,229,142684766,nan,nan,0.17
8/19/2026 4:18:37,1.17.3,LeftRight,67,3.83,1,1,Pellet,Left,372,1077,230,142684766,0.83,376,nan
8/19/2026 4:19:04,1.17.3,LeftRight,67,3.84,nan,1,Right,Left,372,1078,230,142712701,nan,nan,0.05
8/19/2026 4:19:07,1.17.3,LeftRight,67,3.84,nan,1,Right,Left,372,1079,230,142716088,nan,nan,0.08
8/19/2026 4:19:13,1.17.3,LeftRight,67,3.84,nan,1,Right,Left,372,1080,230,142721734,nan,nan,0.12
8/19/2026 4:22:36,1.17.3,LeftRight,67,3.84,nan,1,Right,Left,372,1081,230,142924931,nan,nan,0.10
8/19/2026 4:22:38,1.17.3,LeftRight,67,3.84,nan,1,Right,Left,372,1082,230,142927021,nan,nan,0.00
8/19/2026 4:22:40,1.17.3,LeftRight,67,3.83,nan,1,Left,Left,373,1082,230,142928740,nan,nan,0.00
8/19/2026 4:22:43,1.17.3,LeftRight,67,3.84,nan,1,Right,Left,373,1083,230,142931632,nan,nan,0.07
8/19/2026 4:22:44,1.17.3,LeftRight,67,3.84,1,1,Pellet,Left,373,1083,231,142931632,0.71,247,nan
8/19/2026 4:23:14,1.17.3,LeftRight,67,3.83,nan,1,Right,Left,373,1084,231,142963475,nan,nan,0.00
8/19/2026 4:23:15,1.17.3,LeftRight,67,3.83,nan,1,Right,Left,373,1085,231,142964122,nan,nan,0.19
8/19/2026 4:23:20,1.17.3,LeftRight,67,3.83,nan,1,Right,Left,373,1086,231,142968539,nan,nan,0.10
8/19/2026 4:23:21,1.17.3,LeftRight,67,3.83,nan,1,Right,Left,373,1087,231,142969735,nan,nan,0.18
8/19/2026 4:23:25,1.17.3,LeftRight,67,3.84,nan,1,Right,Left,373,1088,231,142973548,nan,nan,0.11
8/19/2026 4:29:07,1.17.3,LeftRight,67,3.84,nan,1,Left,Left,374,1088,231,143315708,nan,nan,0.00
8/19/2026 4:29:10,1.17.3,LeftRight,67,3.83,nan,1,Right,Left,374,1089,231,143319188,nan,nan,0.01
8/19/2026 4:29:11,1.17.3,LeftRight,67,3.83,1,1,Pellet,Left,374,1089,232,143319188,0.41,387,nan
8/19/2026 4:30:03,1.17.3,LeftRight,67,3.83,nan,1,Right,Left,374,1090,232,143372141,nan,nan,0.15
8/19/2026 4:30:08,1.17.3,LeftRight,67,3.84,nan,1,Left,Left,375,1090,232,143377096,nan,nan,0.00
8/19/2026 4:30:10,1.17.3,LeftRight,67,3.83,nan,1,Right,Left,375,1091,232,143379086,nan,nan,0.25
8/19/2026 4:30:12,1.17.3,LeftRight,67,3.83,1,1,Pellet,Left,375,1091,233,143379086,0.65,61,nan
8/19/2026 4:31:42,1.17.3,LeftRight,67,3.84,nan,1,Right,Left,375,1092,233,143471069,nan,nan,0.11
8/19/2026 4:31:45,1.17.3,LeftRight,67,3.83,nan,1,Right,Left,375,1093,233,143474060,nan,nan,0.13
8/19/2026 4:31:49,1.17.3,LeftRight,67,3.83,nan,1,Right,Left,375,1094,233,143478425,nan,nan,0.12
8/19/2026 4:31:52,1.17.3,LeftRight,67,3.84,nan,1,Right,Left,375,1095,233,143480533,nan,nan,0.20
8/19/2026 4:31:58,1.17.3,LeftRight,67,3.83,nan,1,Right,Left,375,1096,233,143487348,nan,nan,0.06
8/19/2026 4:35:00,1.17.3,LeftRight,67,3.84,nan,1,Right,Left,375,1097,233,143668729,nan,nan,0.03
8/19/2026 4:35:01,1.17.3,LeftRight,67,3.83,nan,1,Right,Left,375,1098,233,143670155,nan,nan,0.15
8/19/2026 4:35:03,1.17.3,LeftRight,67,3.83,nan,1,Left,Left,376,1098,233,143671994,nan,nan,0.00
8/19/2026 4:35:04,1.17.3,LeftRight,67,3.83,nan,1,Right,Left,376,1099,233,143672658,nan,nan,0.02
8/19/2026 4:35:05,1.17.3,LeftRight,67,3.84,1,1,Pellet,Left,376,1099,234,143672658,0.95,293,nan
8/19/2026 4:35:44,1.17.3,LeftRight,67,3.83,nan,1,Left,Left,377,1099,234,143712581,nan,nan,0.00
8/19/2026 4:35:44,1.17.3,LeftRight,67,3.84,nan,1,Right,Left,377,1100,234,143713378,nan,nan,0.01
8/19/2026 4:35:46,1.17.3,LeftRight,67,3.83,1,1,Pellet,Left,377,1100,235,143713378,0.53,41,nan
8/19/2026 4:36:15,1.17.3,LeftRight,67,3.83,nan,1,Right,Left,377,1101,235,143744212,nan,nan,0.06
8/19/2026 4:36:17,1.17.3,LeftRight,67,3.83,nan,1,Right,Left,377,1102,235,143745962,nan,nan,0.25
8/19/2026 4:36:20,1.17.3,LeftRight,67,3.83,nan,1,Right,Left,377,1103,235,143748794,nan,nan,0.07
8/19/2026 4:36:22,1.17.3,LeftRight,67,3.83,nan,1,Left,Left,378,1103,235,143751039,nan,nan,0.00
8/19/2026 4:36:23,1.17.3,LeftRight,67,3.84,nan,1,Right,Left,378,1104,235,143751686,nan,nan,0.03
8/19/2026 4:36:24,1.17.3,LeftRight,67,3.83,1,1,Pellet,Left,378,1104,236,143751686,0.59,38,nan
8/19/2026 4:36:58,1.17.3,LeftRight,67,3.84,nan,1,Right,Left,378,1105,236,143786884,nan,nan,0.00
8/19/2026 4:36:59,1.17.3,LeftRight,67,3.83,nan,1,Right,Left,378,1106,236,143787829,nan,nan,0.07
8/19/2026 4:37:01,1.17.3,LeftRight,67,3.84,nan,1,Right,Left,378,1107,236,143790495,nan,nan,0.04
8/19/2026 4:40:32,1.17.3,LeftRight,67,3.83,nan,1,Right,Left,378,1108,236,144000911,nan,nan,0.13
8/19/2026 4:40:34,1.17.3,LeftRight,67,3.83,nan,1,Right,Left,378,1109,236,144003339,nan,nan,0.06
8/19/2026 4:40:40,1.17.3,LeftRight,67,3.83,nan,1,Right,Left,378,1110,236,144008964,nan,nan,0.18
8/19/2026 4:40:41,1.17.3,LeftRight,67,3.83,nan,1,Right,Left,378,1111,236,144010235,nan,nan,0.15
8/19/2026 4:40:44,1.17.3,LeftRight,67,3.83,nan,1,Right,Left,378,1112,236,144012670,nan,nan,0.04
8/19/2026 4:40:47,1.17.3,LeftRight,67,3.83,nan,1,Right,Left,378,1113,236,144015740,nan,nan,0.00
8/19/2026 4:40:48,1.17.3,LeftRight,67,3.83,nan,1,Right,Left,378,1114,236,144017131,nan,nan,0.14
8/19/2026 4:47:53,1.17.3,LeftRight,67,3.83,nan,1,Left,Left,379,1114,236,144442146,nan,nan,0.00
8/19/2026 4:47:55,1.17.3,LeftRight,67,3.83,nan,1,Right,Left,379,1115,236,144444430,nan,nan,0.03
8/19/2026 4:47:57,1.17.3,LeftRight,67,3.83,1,1,Pellet,Left,379,1115,237,144444430,0.53,693,nan
8/19/2026 4:48:32,1.17.3,LeftRight,67,3.84,nan,1,Right,Left,379,1116,237,144481146,nan,nan,0.39
8/19/2026 4:48:42,1.17.3,LeftRight,67,3.83,nan,1,Right,Left,379,1117,237,144491121,nan,nan,0.37
8/19/2026 4:54:30,1.17.3,LeftRight,67,3.83,nan,1,Right,Left,379,1118,237,144838849,nan,nan,0.00
8/19/2026 4:54:32,1.17.3,LeftRight,67,3.84,nan,1,Left,Left,380,1118,237,144840940,nan,nan,0.00
8/19/2026 4:54:34,1.17.3,LeftRight,67,3.83,nan,1,Right,Left,380,1119,237,144843226,nan,nan,0.08
8/19/2026 4:54:36,1.17.3,LeftRight,67,3.83,1,1,Pellet,Left,380,1119,238,144843226,0.65,399,nan
8/19/2026 5:01:50,1.17.3,LeftRight,67,3.83,nan,1,Right,Left,380,1120,238,145279218,nan,nan,0.14
8/19/2026 5:05:17,1.17.3,LeftRight,67,3.83,nan,1,Left,Left,381,1120,238,145486327,nan,nan,0.00
8/19/2026 5:05:18,1.17.3,LeftRight,67,3.83,nan,1,Right,Left,381,1121,238,145487123,nan,nan,0.00
8/19/2026 5:05:19,1.17.3,LeftRight,67,3.83,1,1,Pellet,Left,381,1121,239,145487123,0.65,643,nan
8/19/2026 5:06:59,1.17.3,LeftRight,67,3.83,nan,1,Right,Left,381,1122,239,145587892,nan,nan,0.00
8/19/2026 5:07:02,1.17.3,LeftRight,67,3.83,nan,1,Right,Left,381,1123,239,145590924,nan,nan,0.19
8/19/2026 5:07:05,1.17.3,LeftRight,67,3.83,nan,1,Right,Left,381,1124,239,145593694,nan,nan,0.15
8/19/2026 5:07:07,1.17.3,LeftRight,67,3.83,nan,1,Left,Left,382,1124,239,145596599,nan,nan,0.00
8/19/2026 5:07:11,1.17.3,LeftRight,67,3.83,nan,1,Right,Left,382,1125,239,145599483,nan,nan,0.18
8/19/2026 5:07:12,1.17.3,LeftRight,67,3.83,1,1,Pellet,Left,382,1125,240,145599483,0.71,113,nan
8/19/2026 5:08:14,1.17.3,LeftRight,67,3.83,nan,1,Right,Left,382,1126,240,145663510,nan,nan,0.00
8/19/2026 5:08:20,1.17.3,LeftRight,67,3.84,nan,1,Right,Left,382,1127,240,145668795,nan,nan,0.00
8/19/2026 5:08:24,1.17.3,LeftRight,67,3.83,nan,1,Right,Left,382,1128,240,145672730,nan,nan,0.12
8/19/2026 5:08:28,1.17.3,LeftRight,67,3.83,nan,1,Right,Left,382,1129,240,145677374,nan,nan,0.02
8/19/2026 5:10:03,1.17.3,LeftRight,67,3.83,nan,1,Right,Left,382,1130,240,145772483,nan,nan,0.02
8/19/2026 5:13:54,1.17.3,LeftRight,67,3.83,nan,1,Right,Left,382,1131,240,146003249,nan,nan,0.17
8/19/2026 5:14:13,1.17.3,LeftRight,67,3.83,nan,1,Right,Left,382,1132,240,146022528,nan,nan,0.04
8/19/2026 5:14:18,1.17.3,LeftRight,67,3.83,nan,1,Right,Left,382,1133,240,146026349,nan,nan,0.44
8/19/2026 5:14:22,1.17.3,LeftRight,67,3.83,nan,1,Right,Left,382,1134,240,146030861,nan,nan,0.07
8/19/2026 5:14:24,1.17.3,LeftRight,67,3.83,nan,1,Left,Left,383,1134,240,146033351,nan,nan,0.00
8/19/2026 5:14:27,1.17.3,LeftRight,67,3.83,nan,1,Right,Left,383,1135,240,146036232,nan,nan,0.01
8/19/2026 5:14:28,1.17.3,LeftRight,67,3.83,1,1,Pellet,Left,383,1135,241,146036232,0.53,436,nan
8/19/2026 5:15:09,1.17.3,LeftRight,67,3.83,nan,1,Right,Left,383,1136,241,146077739,nan,nan,0.25
8/19/2026 5:15:15,1.17.3,LeftRight,67,3.83,nan,1,Right,Left,383,1137,241,146083844,nan,nan,0.06
8/19/2026 5:15:16,1.17.3,LeftRight,67,3.83,nan,1,Right,Left,383,1138,241,146085147,nan,nan,0.24
8/19/2026 5:15:19,1.17.3,LeftRight,67,3.83,nan,1,Left,Left,384,1138,241,146088398,nan,nan,0.00
8/19/2026 5:15:20,1.17.3,LeftRight,67,3.83,nan,1,Right,Left,384,1139,241,146089640,nan,nan,0.01
8/19/2026 5:15:24,1.17.3,LeftRight,67,3.83,2,1,Pellet,Left,384,1139,242,146089640,0.53,56,nan
8/19/2026 5:15:53,1.17.3,LeftRight,67,3.83,nan,1,Right,Left,384,1140,242,146122519,nan,nan,0.00
8/19/2026 5:15:54,1.17.3,LeftRight,67,3.83,nan,1,Right,Left,384,1141,242,146123314,nan,nan,0.10
8/19/2026 5:19:19,1.17.3,LeftRight,67,3.84,nan,1,Left,Left,385,1141,242,146328448,nan,nan,0.00
8/19/2026 5:19:22,1.17.3,LeftRight,67,3.84,nan,1,Right,Left,385,1142,242,146330584,nan,nan,0.16
8/19/2026 5:19:23,1.17.3,LeftRight,67,3.83,1,1,Pellet,Left,385,1142,243,146330584,0.41,239,nan
8/19/2026 5:21:00,1.17.3,LeftRight,67,3.83,nan,1,Right,Left,385,1143,243,146429125,nan,nan,0.01
8/19/2026 5:28:27,1.17.3,LeftRight,67,3.83,nan,1,Right,Left,385,1144,243,146876199,nan,nan,0.22
8/19/2026 5:28:29,1.17.3,LeftRight,67,3.83,nan,1,Right,Left,385,1145,243,146878408,nan,nan,0.00
8/19/2026 5:28:31,1.17.3,LeftRight,67,3.83,nan,1,Right,Left,385,1146,243,146879652,nan,nan,0.21
8/19/2026 5:28:33,1.17.3,LeftRight,67,3.83,nan,1,Left,Left,386,1146,243,146881828,nan,nan,0.00
8/19/2026 5:28:34,1.17.3,LeftRight,67,3.83,nan,1,Right,Left,386,1147,243,146882780,nan,nan,0.04
8/19/2026 5:28:40,1.17.3,LeftRight,67,3.83,3,1,Pellet,Left,386,1147,244,146882780,1.25,557,nan
8/19/2026 5:29:10,1.17.3,LeftRight,67,3.83,nan,1,Right,Left,386,1148,244,146919575,nan,nan,0.11
8/19/2026 5:29:21,1.17.3,LeftRight,67,3.83,nan,1,Left,Left,387,1148,244,146930473,nan,nan,0.00
8/19/2026 5:29:22,1.17.3,LeftRight,67,3.83,nan,1,Right,Left,387,1149,244,146931567,nan,nan,0.09
8/19/2026 5:29:24,1.17.3,LeftRight,67,3.83,1,1,Pellet,Left,387,1149,245,146931567,0.47,44,nan
8/19/2026 5:30:05,1.17.3,LeftRight,67,3.83,nan,1,Left,Left,388,1149,245,146973940,nan,nan,0.00
8/19/2026 5:30:06,1.17.3,LeftRight,67,3.83,nan,1,Right,Left,388,1150,245,146974736,nan,nan,0.00
8/19/2026 5:30:07,1.17.3,LeftRight,67,3.83,1,1,Pellet,Left,388,1150,246,146974736,0.65,43,nan
8/19/2026 5:30:42,1.17.3,LeftRight,67,3.83,nan,1,Right,Left,388,1151,246,147010907,nan,nan,0.04
8/19/2026 5:30:43,1.17.3,LeftRight,67,3.83,nan,1,Right,Left,388,1152,246,147012493,nan,nan,0.05
8/19/2026 5:30:47,1.17.3,LeftRight,67,3.83,nan,1,Right,Left,388,1153,246,147016029,nan,nan,0.20
8/19/2026 5:30:50,1.17.3,LeftRight,67,3.83,nan,1,Right,Left,388,1154,246,147019567,nan,nan,0.07
8/19/2026 5:30:52,1.17.3,LeftRight,67,3.83,nan,1,Right,Left,388,1155,246,147021474,nan,nan,0.07
8/19/2026 5:30:54,1.17.3,LeftRight,67,3.83,nan,1,Right,Left,388,1156,246,147023085,nan,nan,0.15
8/19/2026 5:30:57,1.17.3,LeftRight,67,3.83,nan,1,Right,Left,388,1157,246,147026296,nan,nan,0.08
8/19/2026 5:31:00,1.17.3,LeftRight,67,3.83,nan,1,Right,Left,388,1158,246,147028966,nan,nan,0.00
8/19/2026 5:31:04,1.17.3,LeftRight,67,3.83,nan,1,Right,Left,388,1159,246,147033343,nan,nan,0.10
8/19/2026 5:31:10,1.17.3,LeftRight,67,3.83,nan,1,Right,Left,388,1160,246,147039172,nan,nan,0.10
8/19/2026 5:36:43,1.17.3,LeftRight,67,3.83,nan,1,Right,Left,388,1161,246,147371564,nan,nan,0.18
8/19/2026 5:40:59,1.17.3,LeftRight,67,3.83,nan,1,Right,Left,388,1162,246,147627734,nan,nan,0.02
8/19/2026 5:41:10,1.17.3,LeftRight,67,3.83,nan,1,Left,Left,389,1162,246,147639142,nan,nan,0.00
8/19/2026 5:41:12,1.17.3,LeftRight,67,3.83,nan,1,Right,Left,389,1163,246,147640988,nan,nan,0.00
8/19/2026 5:41:13,1.17.3,LeftRight,67,3.83,1,1,Pellet,Left,389,1163,247,147640988,0.47,666,nan
8/19/2026 5:41:47,1.17.3,LeftRight,67,3.83,nan,1,Right,Left,389,1164,247,147676023,nan,nan,0.18
8/19/2026 5:41:49,1.17.3,LeftRight,67,3.83,nan,1,Left,Left,390,1164,247,147678032,nan,nan,0.00
8/19/2026 5:41:50,1.17.3,LeftRight,67,3.83,nan,1,Right,Left,390,1165,247,147678976,nan,nan,0.08
8/19/2026 5:41:51,1.17.3,LeftRight,67,3.83,1,1,Pellet,Left,390,1165,248,147678976,0.47,38,nan
8/19/2026 5:42:20,1.17.3,LeftRight,67,3.83,nan,1,Left,Left,391,1165,248,147708817,nan,nan,0.00
8/19/2026 5:42:21,1.17.3,LeftRight,67,3.83,nan,1,Left,Left,392,1165,248,147709822,nan,nan,0.00
8/19/2026 5:42:22,1.17.3,LeftRight,67,3.83,nan,1,Right,Left,392,1166,248,147710768,nan,nan,0.08
8/19/2026 5:42:23,1.17.3,LeftRight,67,3.83,1,1,Pellet,Left,392,1166,249,147710768,0.47,32,nan
8/19/2026 5:42:47,1.17.3,LeftRight,67,3.83,nan,1,Right,Left,392,1167,249,147735473,nan,nan,0.30
8/19/2026 5:42:51,1.17.3,LeftRight,67,3.83,nan,1,Right,Left,392,1168,249,147740445,nan,nan,0.16
8/19/2026 5:42:55,1.17.3,LeftRight,67,3.83,nan,1,Right,Left,392,1169,249,147744239,nan,nan,0.13
8/19/2026 5:43:03,1.17.3,LeftRight,67,3.83,nan,1,Right,Left,392,1170,249,147751724,nan,nan,0.12
8/19/2026 5:49:00,1.17.3,LeftRight,67,3.83,nan,1,Right,Left,392,1171,249,148109580,nan,nan,0.00
8/19/2026 5:49:01,1.17.3,LeftRight,67,3.83,nan,1,Right,Left,392,1172,249,148110078,nan,nan,0.21
8/19/2026 5:49:07,1.17.3,LeftRight,67,3.83,nan,1,Right,Left,392,1173,249,148115710,nan,nan,0.04
8/19/2026 5:49:09,1.17.3,LeftRight,67,3.83,nan,1,Right,Left,392,1174,249,148117740,nan,nan,0.09
8/19/2026 5:49:11,1.17.3,LeftRight,67,3.83,nan,1,Left,Left,393,1174,249,148120660,nan,nan,0.00
8/19/2026 5:49:14,1.17.3,LeftRight,67,3.83,nan,1,Right,Left,393,1175,249,148123393,nan,nan,0.00
8/19/2026 5:49:15,1.17.3,LeftRight,67,3.82,1,1,Pellet,Left,393,1175,250,148123393,0.53,412,nan
8/19/2026 7:33:17,1.17.3,LeftRight,67,3.82,nan,1,Right,Left,393,1176,250,154366534,nan,nan,0.24
8/19/2026 7:33:22,1.17.3,LeftRight,67,3.82,nan,1,Right,Left,393,1177,250,154371301,nan,nan,0.53
8/19/2026 7:33:33,1.17.3,LeftRight,67,3.82,nan,1,Left,Left,394,1177,250,154382171,nan,nan,0.00
8/19/2026 7:33:37,1.17.3,LeftRight,67,3.82,nan,1,RESET,Left,394,1177,250,154386392,nan,nan,nan
8/19/2026 7:33:52,1.17.3,LeftRight,67,3.82,nan,1,Right,Left,394,1178,250,154401725,nan,nan,0.13
8/19/2026 7:33:55,1.17.3,LeftRight,67,3.83,nan,1,Right,Left,394,1179,250,154404295,nan,nan,0.17
8/19/2026 7:33:56,1.17.3,LeftRight,67,3.82,nan,1,Right,Left,394,1180,250,154405410,nan,nan,0.15
8/19/2026 7:33:59,1.17.3,LeftRight,67,3.82,nan,1,Right,Left,394,1181,250,154408000,nan,nan,0.44
8/19/2026 7:34:02,1.17.3,LeftRight,67,3.82,nan,1,Left,Left,395,1181,250,154411298,nan,nan,0.00
8/19/2026 7:34:04,1.17.3,LeftRight,67,3.82,nan,1,Right,Left,395,1182,250,154413285,nan,nan,0.31
8/19/2026 7:34:05,1.17.3,LeftRight,67,3.82,1,1,Pellet,Left,395,1182,251,154413285,0.41,6290,nan
8/19/2026 7:35:09,1.17.3,LeftRight,67,3.82,nan,1,Right,Left,395,1183,251,154478900,nan,nan,0.00
8/19/2026 7:35:14,1.17.3,LeftRight,67,3.82,nan,1,Right,Left,395,1184,251,154483422,nan,nan,0.08
8/19/2026 7:41:13,1.17.3,LeftRight,67,3.82,nan,1,Left,Left,396,1184,251,154842942,nan,nan,0.00
8/19/2026 7:41:18,1.17.3,LeftRight,67,3.82,nan,1,Left,Left,397,1184,251,154847533,nan,nan,0.00
8/19/2026 7:41:21,1.17.3,LeftRight,67,3.82,nan,1,Right,Left,397,1185,251,154850113,nan,nan,0.08
8/19/2026 7:41:22,1.17.3,LeftRight,67,3.82,1,1,Pellet,Left,397,1185,252,154850113,0.65,437,nan
8/19/2026 7:41:57,1.17.3,LeftRight,67,3.82,nan,1,Right,Left,397,1186,252,154886736,nan,nan,0.17
8/19/2026 7:41:58,1.17.3,LeftRight,67,3.82,nan,1,Right,Left,397,1187,252,154887702,nan,nan,0.19
8/19/2026 7:42:00,1.17.3,LeftRight,67,3.83,nan,1,Right,Left,397,1188,252,154889579,nan,nan,0.10
8/19/2026 7:42:16,1.17.3,LeftRight,67,3.82,nan,1,Right,Left,397,1189,252,154904943,nan,nan,0.16
8/19/2026 7:42:18,1.17.3,LeftRight,67,3.82,nan,1,Right,Left,397,1190,252,154907096,nan,nan,0.18
8/19/2026 7:45:56,1.17.3,LeftRight,67,3.82,nan,1,Left,Left,398,1190,252,155125265,nan,nan,0.00
8/19/2026 7:46:00,1.17.3,LeftRight,67,3.82,nan,1,RESET,Left,398,1190,252,155129491,nan,nan,nan
8/19/2026 7:46:03,1.17.3,LeftRight,67,3.82,nan,1,Left,Left,399,1190,252,155132769,nan,nan,0.00
8/19/2026 7:46:05,1.17.3,LeftRight,67,3.82,nan,1,Right,Left,399,1191,252,155134460,nan,nan,0.00
8/19/2026 7:46:07,1.17.3,LeftRight,67,3.82,1,1,Pellet,Left,399,1191,253,155134460,1.07,285,nan
8/19/2026 7:49:56,1.17.3,LeftRight,67,3.82,nan,1,Left,Left,400,1191,253,155365508,nan,nan,0.00
8/19/2026 7:49:58,1.17.3,LeftRight,67,3.82,nan,1,Right,Left,400,1192,253,155366899,nan,nan,0.16
8/19/2026 7:49:59,1.17.3,LeftRight,67,3.82,1,1,Pellet,Left,400,1192,254,155366899,0.95,232,nan
8/19/2026 7:50:35,1.17.3,LeftRight,67,3.82,nan,1,Right,Left,400,1193,254,155403932,nan,nan,0.24
8/19/2026 7:50:36,1.17.3,LeftRight,67,3.82,nan,1,Right,Left,400,1194,254,155404966,nan,nan,0.12
8/19/2026 7:50:38,1.17.3,LeftRight,67,3.82,nan,1,Left,Left,401,1194,254,155407960,nan,nan,0.00
8/19/2026 7:50:41,1.17.3,LeftRight,67,3.82,nan,1,Right,Left,401,1195,254,155410839,nan,nan,0.03
8/19/2026 7:50:43,1.17.3,LeftRight,67,3.82,1,1,Pellet,Left,401,1195,255,155410839,0.53,44,nan
8/19/2026 8:04:29,1.17.3,LeftRight,67,3.82,nan,1,Left,Left,402,1195,255,156238750,nan,nan,0.00
8/19/2026 8:04:34,1.17.3,LeftRight,67,3.82,nan,1,RESET,Left,402,1195,255,156243573,nan,nan,nan
8/19/2026 10:48:16,1.17.3,LeftRight,67,3.80,nan,1,Left,Left,403,1195,255,166066170,nan,nan,0.00
8/19/2026 10:48:21,1.17.3,LeftRight,67,3.80,nan,1,RESET,Left,403,1195,255,166070989,nan,nan,nan
8/19/2026 10:48:39,1.17.3,LeftRight,67,3.80,nan,1,Right,Left,403,1196,255,166087971,nan,nan,0.83
8/19/2026 10:48:42,1.17.3,LeftRight,67,3.80,nan,1,Right,Left,403,1197,255,166090938,nan,nan,0.69
8/19/2026 10:48:47,1.17.3,LeftRight,67,3.80,nan,1,Right,Left,403,1198,255,166097192,nan,nan,0.13
8/19/2026 10:48:54,1.17.3,LeftRight,67,3.80,nan,1,Left,Left,404,1198,255,166104384,nan,nan,0.00
8/19/2026 10:48:59,1.17.3,LeftRight,67,3.80,nan,1,Left,Left,405,1198,255,166108570,nan,nan,0.00
8/19/2026 10:49:02,1.17.3,LeftRight,67,3.80,nan,1,Left,Left,406,1198,255,166112025,nan,nan,0.00
8/19/2026 10:49:05,1.17.3,LeftRight,67,3.81,nan,1,Left,Left,407,1198,255,166115433,nan,nan,0.00
8/19/2026 10:49:10,1.17.3,LeftRight,67,3.80,nan,1,RESET,Left,407,1198,255,166119953,nan,nan,nan
8/19/2026 10:49:10,1.17.3,LeftRight,67,3.80,nan,1,Right,Left,407,1199,255,166120101,nan,nan,0.07
8/19/2026 10:49:13,1.17.3,LeftRight,67,3.81,nan,1,Right,Left,407,1200,255,166123214,nan,nan,0.02
8/19/2026 10:49:16,1.17.3,LeftRight,67,3.81,nan,1,Right,Left,407,1201,255,166125520,nan,nan,0.14
8/19/2026 10:52:33,1.17.3,LeftRight,67,3.80,nan,1,Left,Left,408,1201,255,166323317,nan,nan,0.00
8/19/2026 10:52:35,1.17.3,LeftRight,67,3.80,nan,1,Right,Left,408,1202,255,166324859,nan,nan,0.01
8/19/2026 10:52:36,1.17.3,LeftRight,67,3.80,1,1,Pellet,Left,408,1202,256,166324859,0.71,10913,nan
8/19/2026 10:53:53,1.17.3,LeftRight,67,3.80,nan,1,Right,Left,408,1203,256,166402754,nan,nan,0.12
8/19/2026 10:54:02,1.17.3,LeftRight,67,3.80,nan,1,Right,Left,408,1204,256,166412476,nan,nan,0.00
8/19/2026 10:54:10,1.17.3,LeftRight,67,3.80,nan,1,Right,Left,408,1205,256,166420441,nan,nan,0.00
8/19/2026 11:02:47,1.17.3,LeftRight,67,3.80,nan,1,Right,Left,408,1206,256,166936766,nan,nan,0.00
8/19/2026 11:02:49,1.17.3,LeftRight,67,3.80,nan,1,Right,Left,408,1207,256,166938457,nan,nan,0.14
8/19/2026 11:02:51,1.17.3,LeftRight,67,3.80,nan,1,Left,Left,409,1207,256,166941495,nan,nan,0.00
8/19/2026 11:02:53,1.17.3,LeftRight,67,3.80,nan,1,Right,Left,409,1208,256,166942589,nan,nan,0.00
8/19/2026 11:02:54,1.17.3,LeftRight,67,3.80,1,1,Pellet,Left,409,1208,257,166942589,0.89,618,nan
8/19/2026 11:04:16,1.17.3,LeftRight,67,3.81,nan,1,Right,Left,409,1209,257,167025420,nan,nan,0.15
8/19/2026 11:04:19,1.17.3,LeftRight,67,3.80,nan,1,Right,Left,409,1210,257,167028896,nan,nan,0.15
8/19/2026 11:04:23,1.17.3,LeftRight,67,3.80,nan,1,Right,Left,409,1211,257,167032827,nan,nan,0.10
8/19/2026 11:04:26,1.17.3,LeftRight,67,3.80,nan,1,Right,Left,409,1212,257,167035656,nan,nan,0.29
8/19/2026 11:05:51,1.17.3,LeftRight,67,3.80,nan,1,Left,Left,410,1212,257,167121036,nan,nan,0.00
8/19/2026 11:05:53,1.17.3,LeftRight,67,3.80,nan,1,Right,Left,410,1213,257,167123170,nan,nan,0.12
8/19/2026 11:05:55,1.17.3,LeftRight,67,3.80,1,1,Pellet,Left,410,1213,258,167123170,0.59,181,nan
8/19/2026 11:06:41,1.17.3,LeftRight,67,3.80,nan,1,Right,Left,410,1214,258,167170960,nan,nan,0.00
8/19/2026 11:06:44,1.17.3,LeftRight,67,3.80,nan,1,Right,Left,410,1215,258,167173693,nan,nan,0.00
8/19/2026 11:08:59,1.17.3,LeftRight,67,3.80,nan,1,Left,Left,411,1215,258,167309034,nan,nan,0.00
8/19/2026 11:09:04,1.17.3,LeftRight,67,3.80,nan,1,RESET,Left,411,1215,258,167313993,nan,nan,nan
8/19/2026 11:10:05,1.17.3,LeftRight,67,3.80,nan,1,Right,Left,411,1216,258,167375108,nan,nan,0.06
8/19/2026 11:10:06,1.17.3,LeftRight,67,3.80,nan,1,Right,Left,411,1217,258,167376260,nan,nan,0.07
8/19/2026 11:10:08,1.17.3,LeftRight,67,3.80,nan,1,Right,Left,411,1218,258,167377726,nan,nan,0.04
8/19/2026 11:10:15,1.17.3,LeftRight,67,3.80,nan,1,Right,Left,411,1219,258,167385248,nan,nan,0.00
8/19/2026 11:13:28,1.17.3,LeftRight,67,3.81,nan,1,Left,Left,412,1219,258,167578085,nan,nan,0.00
8/19/2026 11:13:33,1.17.3,LeftRight,67,3.80,nan,1,RESET,Left,412,1219,258,167583043,nan,nan,nan
8/19/2026 11:13:35,1.17.3,LeftRight,67,3.80,nan,1,Right,Left,412,1220,258,167584970,nan,nan,0.17
8/19/2026 11:13:36,1.17.3,LeftRight,67,3.80,nan,1,Right,Left,412,1221,258,167586243,nan,nan,0.08
8/19/2026 11:18:45,1.17.3,LeftRight,67,3.80,nan,1,Right,Left,412,1222,258,167895106,nan,nan,0.00
8/19/2026 11:18:47,1.17.3,LeftRight,67,3.80,nan,1,Left,Left,413,1222,258,167897250,nan,nan,0.00
8/19/2026 11:18:49,1.17.3,LeftRight,67,3.80,nan,1,Right,Left,413,1223,258,167898641,nan,nan,0.05
8/19/2026 11:18:50,1.17.3,LeftRight,67,3.80,1,1,Pellet,Left,413,1223,259,167898641,0.47,775,nan
8/19/2026 11:25:11,1.17.3,LeftRight,67,3.80,nan,1,Right,Left,413,1224,259,168281029,nan,nan,0.00
8/19/2026 11:25:34,1.17.3,LeftRight,67,3.80,nan,1,Left,Left,414,1224,259,168303887,nan,nan,0.00
8/19/2026 11:25:35,1.17.3,LeftRight,67,3.80,nan,1,Right,Left,414,1225,259,168304831,nan,nan,0.00
8/19/2026 11:25:36,1.17.3,LeftRight,67,3.80,1,1,Pellet,Left,414,1225,260,168304831,0.47,406,nan
8/19/2026 11:26:29,1.17.3,LeftRight,67,3.80,nan,1,Right,Left,414,1226,260,168359053,nan,nan,0.08
8/19/2026 11:26:40,1.17.3,LeftRight,67,3.80,nan,1,Right,Left,414,1227,260,168370068,nan,nan,0.11
8/19/2026 11:26:45,1.17.3,LeftRight,67,3.80,nan,1,Left,Left,415,1227,260,168374845,nan,nan,0.00
8/19/2026 11:26:47,1.17.3,LeftRight,67,3.80,nan,1,Right,Left,415,1228,260,168376832,nan,nan,0.04
8/19/2026 11:26:48,1.17.3,LeftRight,67,3.80,1,1,Pellet,Left,415,1228,261,168376832,0.35,72,nan
8/19/2026 11:27:21,1.17.3,LeftRight,67,3.80,nan,1,Right,Left,415,1229,261,168410613,nan,nan,0.00
8/19/2026 11:27:24,1.17.3,LeftRight,67,3.80,nan,1,Right,Left,415,1230,261,168414532,nan,nan,0.00
8/19/2026 11:27:28,1.17.3,LeftRight,67,3.80,nan,1,Right,Left,415,1231,261,168417416,nan,nan,0.16
8/19/2026 11:27:33,1.17.3,LeftRight,67,3.80,nan,1,Right,Left,415,1232,261,168422976,nan,nan,0.00
8/19/2026 11:27:36,1.17.3,LeftRight,67,3.80,nan,1,Right,Left,415,1233,261,168425716,nan,nan,0.03
8/19/2026 11:27:38,1.17.3,LeftRight,67,3.80,nan,1,Left,Left,416,1233,261,168427985,nan,nan,0.00
8/19/2026 11:27:40,1.17.3,LeftRight,67,3.80,nan,1,Right,Left,416,1234,261,168430268,nan,nan,0.00
8/19/2026 11:27:41,1.17.3,LeftRight,67,3.80,1,1,Pellet,Left,416,1234,262,168430268,0.41,53,nan
8/19/2026 11:28:08,1.17.3,LeftRight,67,3.80,nan,1,Right,Left,416,1235,262,168457461,nan,nan,0.17
8/19/2026 11:28:16,1.17.3,LeftRight,67,3.80,nan,1,Right,Left,416,1236,262,168465582,nan,nan,0.26
8/19/2026 11:28:18,1.17.3,LeftRight,67,3.80,nan,1,Right,Left,416,1237,262,168467684,nan,nan,0.06
8/19/2026 11:28:21,1.17.3,LeftRight,67,3.80,nan,1,Right,Left,416,1238,262,168471220,nan,nan,0.14
8/19/2026 11:28:25,1.17.3,LeftRight,67,3.80,nan,1,Right,Left,416,1239,262,168474695,nan,nan,0.07
8/19/2026 11:28:26,1.17.3,LeftRight,67,3.80,nan,1,Right,Left,416,1240,262,168476458,nan,nan,0.08
8/19/2026 12:48:45,1.17.3,LeftRight,67,3.79,nan,1,Left,Left,417,1240,262,173294818,nan,nan,0.00
8/19/2026 12:48:48,1.17.3,LeftRight,67,3.80,nan,1,RESET,Left,417,1240,262,173298145,nan,nan,nan
8/19/2026 12:50:01,1.17.3,LeftRight,67,3.79,nan,1,Left,Left,418,1240,262,173371376,nan,nan,0.00
8/19/2026 12:50:06,1.17.3,LeftRight,67,3.79,nan,1,RESET,Left,418,1240,262,173376203,nan,nan,nan
8/19/2026 12:52:08,1.17.3,LeftRight,67,3.79,nan,1,Right,Left,418,1241,262,173498227,nan,nan,0.16
8/19/2026 12:55:47,1.17.3,LeftRight,67,3.79,nan,1,Right,Left,418,1242,262,173717213,nan,nan,0.03
8/19/2026 12:56:15,1.17.3,LeftRight,67,3.79,nan,1,Right,Left,418,1243,262,173745172,nan,nan,0.17
8/19/2026 12:56:17,1.17.3,LeftRight,67,3.79,nan,1,Right,Left,418,1244,262,173746888,nan,nan,0.37
8/19/2026 12:57:21,1.17.3,LeftRight,67,3.79,nan,1,Right,Left,418,1245,262,173811681,nan,nan,0.00
8/19/2026 12:57:23,1.17.3,LeftRight,67,3.79,nan,1,Right,Left,418,1246,262,173812781,nan,nan,0.03
8/19/2026 12:57:24,1.17.3,LeftRight,67,3.79,nan,1,Right,Left,418,1247,262,173814647,nan,nan,0.07
8/19/2026 12:57:29,1.17.3,LeftRight,67,3.80,nan,1,Left,Left,419,1247,262,173819549,nan,nan,0.00
8/19/2026 12:57:31,1.17.3,LeftRight,67,3.79,nan,1,Right,Left,419,1248,262,173821238,nan,nan,0.27
8/19/2026 12:57:33,1.17.3,LeftRight,67,3.79,1,1,Pellet,Left,419,1248,263,173821238,0.59,5392,nan
8/19/2026 13:02:30,1.17.3,LeftRight,67,3.79,nan,1,Right,Left,419,1249,263,174120629,nan,nan,0.05
8/19/2026 13:02:31,1.17.3,LeftRight,67,3.79,nan,1,Left,Left,420,1249,263,174121624,nan,nan,0.00
8/19/2026 13:02:35,1.17.3,LeftRight,67,3.79,nan,1,Right,Left,420,1250,263,174125105,nan,nan,0.08
8/19/2026 13:02:36,1.17.3,LeftRight,67,3.79,1,1,Pellet,Left,420,1250,264,174125105,0.53,303,nan
8/19/2026 13:02:56,1.17.3,LeftRight,67,3.79,nan,1,Right,Left,420,1251,264,174146496,nan,nan,0.10
8/19/2026 13:02:59,1.17.3,LeftRight,67,3.79,nan,1,Left,Left,421,1251,264,174148942,nan,nan,0.00
8/19/2026 13:02:59,1.17.3,LeftRight,67,3.79,nan,1,Right,Left,421,1252,264,174149737,nan,nan,0.04
8/19/2026 13:03:01,1.17.3,LeftRight,67,3.79,1,1,Pellet,Left,421,1252,265,174149737,0.41,25,nan
8/19/2026 13:03:56,1.17.3,LeftRight,67,3.79,nan,1,Right,Left,421,1253,265,174206259,nan,nan,0.12
8/19/2026 13:03:58,1.17.3,LeftRight,67,3.78,nan,1,Right,Left,421,1254,265,174208515,nan,nan,0.27
8/19/2026 13:04:00,1.17.3,LeftRight,67,3.79,nan,1,Right,Left,421,1255,265,174210031,nan,nan,0.19
8/19/2026 13:04:04,1.17.3,LeftRight,67,3.80,nan,1,Right,Left,421,1256,265,174214741,nan,nan,0.04
8/19/2026 13:04:06,1.17.3,LeftRight,67,3.79,nan,1,Right,Left,421,1257,265,174216620,nan,nan,0.10
8/19/2026 13:04:08,1.17.3,LeftRight,67,3.80,nan,1,Left,Left,422,1257,265,174218636,nan,nan,0.00
8/19/2026 13:04:10,1.17.3,LeftRight,67,3.80,nan,1,Right,Left,422,1258,265,174220029,nan,nan,0.09
8/19/2026 13:04:11,1.17.3,LeftRight,67,3.79,1,1,Pellet,Left,422,1258,266,174220029,0.35,70,nan
8/19/2026 13:06:15,1.17.3,LeftRight,67,3.80,nan,1,Right,Left,422,1259,266,174345039,nan,nan,0.21
8/19/2026 13:06:19,1.17.3,LeftRight,67,3.79,nan,1,Right,Left,422,1260,266,174348889,nan,nan,0.03
8/19/2026 13:06:21,1.17.3,LeftRight,67,3.80,nan,1,Right,Left,422,1261,266,174351658,nan,nan,0.05
8/19/2026 13:10:42,1.17.3,LeftRight,67,3.79,nan,1,Right,Left,422,1262,266,174612221,nan,nan,0.06
8/19/2026 13:10:50,1.17.3,LeftRight,67,3.79,nan,1,Right,Left,422,1263,266,174619939,nan,nan,0.15
8/19/2026 13:12:17,1.17.3,LeftRight,67,3.79,nan,1,Right,Left,422,1264,266,174707030,nan,nan,0.00
8/19/2026 13:24:10,1.17.3,LeftRight,67,3.79,nan,1,Right,Left,422,1265,266,175419891,nan,nan,0.00
8/19/2026 13:24:20,1.17.3,LeftRight,67,3.79,nan,1,Right,Left,422,1266,266,175429939,nan,nan,0.36
8/19/2026 13:24:21,1.17.3,LeftRight,67,3.78,nan,1,Right,Left,422,1267,266,175431098,nan,nan,0.43
8/19/2026 13:24:24,1.17.3,LeftRight,67,3.79,nan,1,Left,Left,423,1267,266,175434641,nan,nan,0.00
8/19/2026 13:24:27,1.17.3,LeftRight,67,3.79,nan,1,Right,Left,423,1268,266,175436636,nan,nan,0.22
8/19/2026 13:24:28,1.17.3,LeftRight,67,3.79,1,1,Pellet,Left,423,1268,267,175436636,0.53,1217,nan
8/19/2026 13:29:14,1.17.3,LeftRight,67,3.79,nan,1,Left,Left,424,1268,267,175724419,nan,nan,0.00
8/19/2026 13:29:18,1.17.3,LeftRight,67,3.79,nan,1,Right,Left,424,1269,267,175728049,nan,nan,0.02
8/19/2026 13:29:19,1.17.3,LeftRight,67,3.79,1,1,Pellet,Left,424,1269,268,175728049,0.59,291,nan
8/19/2026 13:32:38,1.17.3,LeftRight,67,3.78,nan,1,Right,Left,424,1270,268,175928547,nan,nan,0.03
8/19/2026 15:20:04,1.17.3,LeftRight,67,3.78,nan,1,Left,Left,425,1270,268,182374774,nan,nan,0.00
8/19/2026 15:20:06,1.17.3,LeftRight,67,3.78,nan,1,Right,Left,425,1271,268,182376764,nan,nan,0.16
8/19/2026 15:20:07,1.17.3,LeftRight,67,3.78,1,1,Pellet,Left,425,1271,269,182376764,0.41,6648,nan
8/19/2026 15:20:33,1.17.3,LeftRight,67,3.78,nan,1,Left,Left,426,1271,269,182403226,nan,nan,0.00
8/19/2026 15:20:35,1.17.3,LeftRight,67,3.78,nan,1,Right,Left,426,1272,269,182405661,nan,nan,0.31
8/19/2026 15:20:37,1.17.3,LeftRight,67,3.78,1,1,Pellet,Left,426,1272,270,182405661,0.59,30,nan
8/19/2026 15:21:04,1.17.3,LeftRight,67,3.78,nan,1,Left,Left,427,1272,270,182435062,nan,nan,0.00
8/19/2026 15:21:06,1.17.3,LeftRight,67,3.78,nan,1,Right,Left,427,1273,270,182436750,nan,nan,0.29
8/19/2026 15:21:08,1.17.3,LeftRight,67,3.78,1,1,Pellet,Left,427,1273,271,182436750,0.53,31,nan
8/19/2026 15:21:25,1.17.3,LeftRight,67,3.78,nan,1,Right,Left,427,1274,271,182454958,nan,nan,0.58
8/19/2026 15:21:30,1.17.3,LeftRight,67,3.77,nan,1,Right,Left,427,1275,271,182460946,nan,nan,0.08
8/19/2026 15:21:35,1.17.3,LeftRight,67,3.78,nan,1,Right,Left,427,1276,271,182464353,nan,nan,1.00
8/19/2026 15:21:42,1.17.3,LeftRight,67,3.78,nan,1,Right,Left,427,1277,271,182471952,nan,nan,0.35
8/19/2026 15:21:45,1.17.3,LeftRight,67,3.78,nan,1,Left,Left,428,1277,271,182475650,nan,nan,0.00
8/19/2026 15:21:48,1.17.3,LeftRight,67,3.78,nan,1,Left,Left,429,1277,271,182478353,nan,nan,0.00
8/19/2026 15:21:50,1.17.3,LeftRight,67,3.78,nan,1,Right,Left,429,1278,271,182480492,nan,nan,0.19
8/19/2026 15:21:51,1.17.3,LeftRight,67,3.78,2,1,Pellet,Left,429,1278,272,182480492,0.29,43,nan
8/19/2026 15:22:06,1.17.3,LeftRight,67,3.78,nan,1,Right,Left,429,1279,272,182496797,nan,nan,0.30
8/19/2026 15:22:08,1.17.3,LeftRight,67,3.78,nan,1,Right,Left,429,1280,272,182498638,nan,nan,0.25
8/19/2026 15:22:10,1.17.3,LeftRight,67,3.78,nan,1,Right,Left,429,1281,272,182499832,nan,nan,0.49
8/19/2026 15:22:14,1.17.3,LeftRight,67,3.78,nan,1,Left,Left,430,1281,272,182504843,nan,nan,0.00
8/19/2026 15:22:17,1.17.3,LeftRight,67,3.78,nan,1,Right,Left,430,1282,272,182507725,nan,nan,0.33
8/19/2026 15:22:18,1.17.3,LeftRight,67,3.78,1,1,Pellet,Left,430,1282,273,182507725,0.29,27,nan
8/19/2026 15:22:40,1.17.3,LeftRight,67,3.78,nan,1,Right,Left,430,1283,273,182529746,nan,nan,0.58
8/19/2026 15:25:16,1.17.3,LeftRight,67,3.78,nan,1,Left,Left,431,1283,273,182687070,nan,nan,0.00
8/19/2026 15:25:21,1.17.3,LeftRight,67,3.78,nan,1,RESET,Left,431,1283,273,182691590,nan,nan,nan
8/19/2026 15:25:25,1.17.3,LeftRight,67,3.78,nan,1,Right,Left,431,1284,273,182695761,nan,nan,0.00
8/19/2026 15:25:28,1.17.3,LeftRight,67,3.78,nan,1,Right,Left,431,1285,273,182698206,nan,nan,0.68
8/19/2026 15:25:34,1.17.3,LeftRight,67,3.78,nan,1,Right,Left,431,1286,273,182704298,nan,nan,0.22
8/19/2026 15:25:37,1.17.3,LeftRight,67,3.77,nan,1,Right,Left,431,1287,273,182707254,nan,nan,0.07
8/19/2026 15:25:43,1.17.3,LeftRight,67,3.77,nan,1,Left,Left,432,1287,273,182713922,nan,nan,0.00
8/19/2026 15:25:48,1.17.3,LeftRight,67,3.77,nan,1,Right,Left,432,1288,273,182718300,nan,nan,0.18
8/19/2026 15:25:49,1.17.3,LeftRight,67,3.77,1,1,Pellet,Left,432,1288,274,182718300,0.23,211,nan
8/19/2026 15:26:29,1.17.3,LeftRight,67,3.77,nan,1,Left,Left,433,1288,274,182759776,nan,nan,0.00
8/19/2026 15:26:30,1.17.3,LeftRight,67,3.78,nan,1,Right,Left,433,1289,274,182760721,nan,nan,0.04
8/19/2026 15:26:31,1.17.3,LeftRight,67,3.74,nan,1,RightDuringDispense,Left,433,1290,274,182760721,nan,nan,0.01
8/19/2026 15:26:32,1.17.3,LeftRight,67,3.78,1,1,Pellet,Left,433,1290,275,182760721,0.71,43,nan
8/19/2026 15:26:45,1.17.3,LeftRight,67,3.78,nan,1,Right,Left,433,1291,275,182774698,nan,nan,0.68
8/19/2026 15:26:46,1.17.3,LeftRight,67,3.78,nan,1,Right,Left,433,1292,275,182776619,nan,nan,0.15
8/19/2026 15:28:10,1.17.3,LeftRight,67,3.78,nan,1,Right,Left,433,1293,275,182860580,nan,nan,0.03
8/19/2026 15:28:47,1.17.3,LeftRight,67,3.78,nan,1,Right,Left,433,1294,275,182897651,nan,nan,0.01
8/19/2026 15:34:59,1.17.3,LeftRight,67,3.78,nan,1,Right,Left,433,1295,275,183269786,nan,nan,0.04
8/19/2026 15:36:39,1.17.3,LeftRight,67,3.78,nan,1,Left,Left,434,1295,275,183369204,nan,nan,0.00
8/19/2026 15:36:39,1.17.3,LeftRight,67,3.77,nan,1,Right,Left,434,1296,275,183370000,nan,nan,0.01
8/19/2026 15:36:40,1.17.3,LeftRight,67,3.77,nan,1,RightDuringDispense,Left,434,1297,275,183370000,nan,nan,0.11
8/19/2026 15:36:41,1.17.3,LeftRight,67,3.78,1,1,Pellet,Left,434,1297,276,183370000,0.29,609,nan
8/19/2026 15:39:34,1.17.3,LeftRight,67,3.78,nan,1,Left,Left,435,1297,276,183544536,nan,nan,0.00
8/19/2026 15:39:38,1.17.3,LeftRight,67,3.78,nan,1,RESET,Left,435,1297,276,183548611,nan,nan,nan
8/19/2026 15:39:45,1.17.3,LeftRight,67,3.78,nan,1,Left,Left,436,1297,276,183555334,nan,nan,0.00
8/19/2026 15:39:47,1.17.3,LeftRight,67,3.77,nan,1,Right,Left,436,1298,276,183557174,nan,nan,0.66
8/19/2026 15:39:48,1.17.3,LeftRight,67,3.77,1,1,Pellet,Left,436,1298,277,183557174,0.47,187,nan
8/19/2026 15:40:51,1.17.3,LeftRight,67,3.77,nan,1,Left,Left,437,1298,277,183622000,nan,nan,0.00
8/19/2026 15:40:52,1.17.3,LeftRight,67,3.78,nan,1,Right,Left,437,1299,277,183623100,nan,nan,0.00
8/19/2026 15:40:55,1.17.3,LeftRight,67,3.77,1,1,Pellet,Left,437,1299,278,183623100,1.37,67,nan
8/19/2026 15:46:39,1.17.3,LeftRight,67,3.78,nan,1,Right,Left,437,1300,278,183969863,nan,nan,0.13
8/19/2026 15:46:45,1.17.3,LeftRight,67,3.77,nan,1,Right,Left,437,1301,278,183975256,nan,nan,0.09
8/19/2026 15:46:48,1.17.3,LeftRight,67,3.77,nan,1,Right,Left,437,1302,278,183978673,nan,nan,0.07
8/19/2026 15:46:50,1.17.3,LeftRight,67,3.78,nan,1,Right,Left,437,1303,278,183980735,nan,nan,0.30
8/19/2026 15:50:32,1.17.3,LeftRight,67,3.77,nan,1,Left,Left,438,1303,278,184202611,nan,nan,0.00
8/19/2026 15:50:33,1.17.3,LeftRight,67,3.78,nan,1,Right,Left,438,1304,278,184203557,nan,nan,0.01
8/19/2026 15:50:34,1.17.3,LeftRight,67,3.77,1,1,Pellet,Left,438,1304,279,184203557,0.35,579,nan
8/19/2026 15:51:01,1.17.3,LeftRight,67,3.77,nan,1,Left,Left,439,1304,279,184231727,nan,nan,0.00
8/19/2026 15:51:02,1.17.3,LeftRight,67,3.77,nan,1,Right,Left,439,1305,279,184232529,nan,nan,0.07
8/19/2026 15:51:03,1.17.3,LeftRight,67,3.77,1,1,Pellet,Left,439,1305,280,184232529,0.35,29,nan
8/19/2026 15:51:28,1.17.3,LeftRight,67,3.78,nan,1,Left,Left,440,1305,280,184259046,nan,nan,0.00
8/19/2026 15:51:29,1.17.3,LeftRight,67,3.77,nan,1,Right,Left,440,1306,280,184259991,nan,nan,0.02
8/19/2026 15:51:30,1.17.3,LeftRight,67,3.77,nan,1,RightDuringDispense,Left,440,1307,280,184259991,nan,nan,0.06
8/19/2026 15:51:31,1.17.3,LeftRight,67,3.77,1,1,Pellet,Left,440,1307,281,184259991,0.59,28,nan
8/19/2026 15:51:48,1.17.3,LeftRight,67,3.77,nan,1,Left,Left,441,1307,281,184278282,nan,nan,0.00
8/19/2026 15:51:49,1.17.3,LeftRight,67,3.78,nan,1,Right,Left,441,1308,281,184279672,nan,nan,0.03
8/19/2026 15:51:50,1.17.3,LeftRight,67,3.77,1,1,Pellet,Left,441,1308,282,184279672,0.59,19,nan
8/19/2026 15:55:01,1.17.3,LeftRight,67,3.77,nan,1,Right,Left,441,1309,282,184471419,nan,nan,0.11
8/19/2026 15:55:10,1.17.3,LeftRight,67,3.77,nan,1,Right,Left,441,1310,282,184480227,nan,nan,0.00
8/19/2026 15:55:13,1.17.3,LeftRight,67,3.77,nan,1,Right,Left,441,1311,282,184483107,nan,nan,0.12
8/19/2026 15:55:18,1.17.3,LeftRight,67,3.78,nan,1,Left,Left,442,1311,282,184489082,nan,nan,0.00
8/19/2026 15:55:20,1.17.3,LeftRight,67,3.77,nan,1,Right,Left,442,1312,282,184490622,nan,nan,0.00
8/19/2026 15:55:21,1.17.3,LeftRight,67,3.78,1,1,Pellet,Left,442,1312,283,184490622,0.65,211,nan
8/19/2026 16:00:26,1.17.3,LeftRight,67,3.77,nan,1,Right,Left,442,1313,283,184797107,nan,nan,0.10
8/19/2026 16:02:31,1.17.3,LeftRight,67,3.77,nan,1,Right,Left,442,1314,283,184921814,nan,nan,0.00
8/19/2026 16:02:32,1.17.3,LeftRight,67,3.77,nan,1,Right,Left,442,1315,283,184922312,nan,nan,0.48
8/19/2026 16:02:40,1.17.3,LeftRight,67,3.78,nan,1,Left,Left,443,1315,283,184930652,nan,nan,0.00
8/19/2026 16:02:43,1.17.3,LeftRight,67,3.77,nan,1,RESET,Left,443,1315,283,184933684,nan,nan,nan
8/19/2026 16:02:52,1.17.3,LeftRight,67,3.77,nan,1,Right,Left,443,1316,283,184942917,nan,nan,0.05
8/19/2026 16:02:55,1.17.3,LeftRight,67,3.77,nan,1,Right,Left,443,1317,283,184945406,nan,nan,0.00
8/19/2026 16:02:56,1.17.3,LeftRight,67,3.77,nan,1,Left,Left,444,1317,283,184946859,nan,nan,0.00
8/19/2026 16:03:00,1.17.3,LeftRight,67,3.77,nan,1,RESET,Left,444,1317,283,184950633,nan,nan,nan
8/19/2026 16:06:10,1.17.3,LeftRight,67,3.77,nan,1,Left,Left,445,1317,283,185140426,nan,nan,0.00
8/19/2026 16:06:11,1.17.3,LeftRight,67,3.78,nan,1,Right,Left,445,1318,283,185141967,nan,nan,0.07
8/19/2026 16:06:13,1.17.3,LeftRight,67,3.77,1,1,Pellet,Left,445,1318,284,185141967,0.47,652,nan
8/19/2026 17:18:36,1.17.3,LeftRight,67,3.76,nan,1,Left,Left,446,1318,284,189486513,nan,nan,0.00
8/19/2026 17:18:38,1.17.3,LeftRight,67,3.76,nan,1,Right,Left,446,1319,284,189488351,nan,nan,0.16
8/19/2026 17:18:39,1.17.3,LeftRight,67,3.76,1,1,Pellet,Left,446,1319,285,189488351,0.35,4346,nan
8/19/2026 17:19:07,1.17.3,LeftRight,67,3.76,nan,1,Right,Left,446,1320,285,189517423,nan,nan,0.46
8/19/2026 17:19:11,1.17.3,LeftRight,67,3.76,nan,1,Left,Left,447,1320,285,189521735,nan,nan,0.00
8/19/2026 17:19:12,1.17.3,LeftRight,67,3.76,nan,1,Right,Left,447,1321,285,189523126,nan,nan,0.17
8/19/2026 17:19:14,1.17.3,LeftRight,67,3.76,1,1,Pellet,Left,447,1321,286,189523126,0.83,35,nan
8/19/2026 17:19:50,1.17.3,LeftRight,67,3.76,nan,1,Right,Left,447,1322,286,189561041,nan,nan,0.25
8/19/2026 17:19:52,1.17.3,LeftRight,67,3.76,nan,1,Right,Left,447,1323,286,189563126,nan,nan,0.26
8/19/2026 17:19:56,1.17.3,LeftRight,67,3.76,nan,1,Right,Left,447,1324,286,189566267,nan,nan,0.21
8/19/2026 17:19:58,1.17.3,LeftRight,67,3.76,nan,1,Right,Left,447,1325,286,189567274,nan,nan,1.52
8/19/2026 17:20:01,1.17.3,LeftRight,67,3.76,nan,1,Right,Left,447,1326,286,189571529,nan,nan,0.70
8/19/2026 17:20:02,1.17.3,LeftRight,67,3.76,nan,1,Right,Left,447,1327,286,189573020,nan,nan,0.27
8/19/2026 17:20:05,1.17.3,LeftRight,67,3.76,nan,1,Right,Left,447,1328,286,189575275,nan,nan,0.21
8/19/2026 17:20:10,1.17.3,LeftRight,67,3.76,nan,1,Right,Left,447,1329,286,189580154,nan,nan,1.17
8/19/2026 17:20:13,1.17.3,LeftRight,67,3.76,nan,1,Right,Left,447,1330,286,189583322,nan,nan,0.45
8/19/2026 17:20:15,1.17.3,LeftRight,67,3.76,nan,1,Right,Left,447,1331,286,189585913,nan,nan,0.13
8/19/2026 17:20:17,1.17.3,LeftRight,67,3.76,nan,1,Right,Left,447,1332,286,189587132,nan,nan,0.59
8/19/2026 17:20:19,1.17.3,LeftRight,67,3.76,nan,1,Right,Left,447,1333,286,189589559,nan,nan,0.62
8/19/2026 17:20:22,1.17.3,LeftRight,67,3.76,nan,1,Right,Left,447,1334,286,189592168,nan,nan,0.49
8/19/2026 17:20:36,1.17.3,LeftRight,67,3.76,nan,1,Right,Left,447,1335,286,189606872,nan,nan,0.00
8/19/2026 17:20:40,1.17.3,LeftRight,67,3.76,nan,1,Left,Left,448,1335,286,189610920,nan,nan,0.00
8/19/2026 17:20:42,1.17.3,LeftRight,67,3.76,nan,1,Right,Left,448,1336,286,189613208,nan,nan,0.00
8/19/2026 17:20:44,1.17.3,LeftRight,67,3.76,1,1,Pellet,Left,448,1336,287,189613208,0.59,90,nan
8/19/2026 17:21:56,1.17.3,LeftRight,67,3.76,nan,1,Left,Left,449,1336,287,189687116,nan,nan,0.00
8/19/2026 17:21:58,1.17.3,LeftRight,67,3.76,nan,1,Right,Left,449,1337,287,189689258,nan,nan,0.04
8/19/2026 17:22:00,1.17.3,LeftRight,67,3.76,1,1,Pellet,Left,449,1337,288,189689258,0.65,76,nan
8/19/2026 17:22:22,1.17.3,LeftRight,67,3.76,nan,1,Right,Left,449,1338,288,189712821,nan,nan,0.09
8/19/2026 17:22:26,1.17.3,LeftRight,67,3.76,nan,1,Right,Left,449,1339,288,189716096,nan,nan,0.43
8/19/2026 17:22:30,1.17.3,LeftRight,67,3.76,nan,1,Left,Left,450,1339,288,189720886,nan,nan,0.00
8/19/2026 17:22:31,1.17.3,LeftRight,67,3.76,nan,1,Right,Left,450,1340,288,189722130,nan,nan,0.09
8/19/2026 17:22:32,1.17.3,LeftRight,67,3.76,1,1,Pellet,Left,450,1340,289,189722130,0.41,32,nan
8/19/2026 17:23:04,1.17.3,LeftRight,67,3.76,nan,1,Left,Left,451,1340,289,189754858,nan,nan,0.00
8/19/2026 17:23:07,1.17.3,LeftRight,67,3.76,nan,1,RESET,Left,451,1340,289,189757888,nan,nan,nan
8/19/2026 17:23:07,1.17.3,LeftRight,67,3.76,nan,1,Right,Left,451,1341,289,189758029,nan,nan,0.15
8/19/2026 17:23:15,1.17.3,LeftRight,67,3.76,nan,1,Right,Left,451,1342,289,189765818,nan,nan,0.00
8/19/2026 17:23:18,1.17.3,LeftRight,67,3.76,nan,1,Right,Left,451,1343,289,189768855,nan,nan,0.18
8/19/2026 17:23:22,1.17.3,LeftRight,67,3.76,nan,1,Left,Left,452,1343,289,189772812,nan,nan,0.00
8/19/2026 17:23:25,1.17.3,LeftRight,67,3.76,nan,1,Right,Left,452,1344,289,189775397,nan,nan,0.13
8/19/2026 17:23:26,1.17.3,LeftRight,67,3.76,1,1,Pellet,Left,452,1344,290,189775397,0.29,54,nan
8/19/2026 17:23:42,1.17.3,LeftRight,67,3.76,nan,1,Left,Left,453,1344,290,189792992,nan,nan,0.00
8/19/2026 17:23:44,1.17.3,LeftRight,67,3.76,nan,1,Right,Left,453,1345,290,189794837,nan,nan,0.18
8/19/2026 17:23:45,1.17.3,LeftRight,67,3.76,1,1,Pellet,Left,453,1345,291,189794837,0.53,19,nan
8/19/2026 17:25:51,1.17.3,LeftRight,67,3.76,nan,1,Left,Left,454,1345,291,189921947,nan,nan,0.00
8/19/2026 17:25:55,1.17.3,LeftRight,67,3.76,nan,1,Right,Left,454,1346,291,189925422,nan,nan,0.30
8/19/2026 17:25:56,1.17.3,LeftRight,67,3.76,1,1,Pellet,Left,454,1346,292,189925422,0.77,131,nan
8/19/2026 18:04:08,1.17.3,LeftRight,67,3.76,nan,1,Right,Left,454,1347,292,192218829,nan,nan,0.07
8/19/2026 18:04:12,1.17.3,LeftRight,67,3.76,nan,1,Right,Left,454,1348,292,192223274,nan,nan,0.13
8/19/2026 18:04:16,1.17.3,LeftRight,67,3.76,nan,1,Right,Left,454,1349,292,192227183,nan,nan,0.32
8/19/2026 18:04:21,1.17.3,LeftRight,67,3.76,nan,1,Left,Left,455,1349,292,192232066,nan,nan,0.00
8/19/2026 18:04:24,1.17.3,LeftRight,67,3.76,nan,1,RESET,Left,455,1349,292,192234949,nan,nan,nan
8/19/2026 18:04:26,1.17.3,LeftRight,67,3.76,nan,1,Right,Left,455,1350,292,192236880,nan,nan,0.37
8/19/2026 18:04:30,1.17.3,LeftRight,67,3.75,nan,1,Right,Left,455,1351,292,192239689,nan,nan,1.19
8/19/2026 18:04:34,1.17.3,LeftRight,67,3.76,nan,1,Left,Left,456,1351,292,192245030,nan,nan,0.00
8/19/2026 18:04:37,1.17.3,LeftRight,67,3.76,nan,1,Right,Left,456,1352,292,192247764,nan,nan,0.00
8/19/2026 18:04:38,1.17.3,LeftRight,67,3.76,1,1,Pellet,Left,456,1352,293,192247764,0.29,2322,nan
8/19/2026 18:05:10,1.17.3,LeftRight,67,3.76,nan,1,Left,Left,457,1352,293,192280852,nan,nan,0.00
8/19/2026 18:05:13,1.17.3,LeftRight,67,3.76,nan,1,RESET,Left,457,1352,293,192284041,nan,nan,nan
8/19/2026 18:05:14,1.17.3,LeftRight,67,3.76,nan,1,Right,Left,457,1353,293,192285375,nan,nan,0.10
8/19/2026 18:05:21,1.17.3,LeftRight,67,3.76,nan,1,Right,Left,457,1354,293,192291356,nan,nan,0.48
8/19/2026 18:05:44,1.17.3,LeftRight,67,3.76,nan,1,Left,Left,458,1354,293,192315360,nan,nan,0.00
8/19/2026 18:05:45,1.17.3,LeftRight,67,3.76,nan,1,Left,Left,459,1354,293,192316400,nan,nan,0.00
8/19/2026 18:05:48,1.17.3,LeftRight,67,3.76,nan,1,Left,Left,460,1354,293,192318819,nan,nan,0.00
8/19/2026 18:05:49,1.17.3,LeftRight,67,3.76,nan,1,Right,Left,460,1355,293,192320063,nan,nan,0.00
8/19/2026 18:05:50,1.17.3,LeftRight,67,3.75,1,1,Pellet,Left,460,1355,294,192320063,0.35,72,nan
8/19/2026 18:06:19,1.17.3,LeftRight,67,3.76,nan,1,Right,Left,460,1356,294,192349538,nan,nan,0.11
8/19/2026 18:06:24,1.17.3,LeftRight,67,3.76,nan,1,Left,Left,461,1356,294,192354566,nan,nan,0.00
8/19/2026 18:06:26,1.17.3,LeftRight,67,3.76,nan,1,Right,Left,461,1357,294,192356263,nan,nan,0.51
8/19/2026 18:06:27,1.17.3,LeftRight,67,3.76,2,1,Pellet,Left,461,1357,295,192356263,0.17,37,nan
8/19/2026 18:06:57,1.17.3,LeftRight,67,3.76,nan,1,Right,Left,461,1358,295,192388246,nan,nan,0.16
8/19/2026 18:16:06,1.17.3,LeftRight,67,3.76,nan,1,Right,Left,461,1359,295,192937251,nan,nan,0.22
8/19/2026 18:16:10,1.17.3,LeftRight,67,3.76,nan,1,Right,Left,461,1360,295,192940654,nan,nan,0.29
8/19/2026 18:18:42,1.17.3,LeftRight,67,3.76,nan,1,Right,Left,461,1361,295,193092983,nan,nan,0.12
8/19/2026 18:18:43,1.17.3,LeftRight,67,3.76,nan,1,Right,Left,461,1362,295,193094053,nan,nan,0.07
8/19/2026 18:18:50,1.17.3,LeftRight,67,3.76,nan,1,Left,Left,462,1362,295,193100569,nan,nan,0.00
8/19/2026 18:18:52,1.17.3,LeftRight,67,3.76,nan,1,Right,Left,462,1363,295,193102559,nan,nan,0.27
8/19/2026 18:18:53,1.17.3,LeftRight,67,3.76,1,1,Pellet,Left,462,1363,296,193102559,0.47,746,nan
8/19/2026 18:19:09,1.17.3,LeftRight,67,3.76,nan,1,Left,Left,463,1363,296,193119886,nan,nan,0.00
8/19/2026 18:19:11,1.17.3,LeftRight,67,3.75,nan,1,Right,Left,463,1364,296,193121733,nan,nan,0.00
8/19/2026 18:19:12,1.17.3,LeftRight,67,3.76,1,1,Pellet,Left,463,1364,297,193121733,0.41,19,nan
8/19/2026 18:25:22,1.17.3,LeftRight,67,3.76,nan,1,Right,Left,463,1365,297,193492729,nan,nan,0.03
8/19/2026 18:25:25,1.17.3,LeftRight,67,3.76,nan,1,Right,Left,463,1366,297,193496539,nan,nan,0.02
8/19/2026 18:25:29,1.17.3,LeftRight,67,3.76,nan,1,Left,Left,464,1366,297,193500067,nan,nan,0.00
8/19/2026 18:25:32,1.17.3,LeftRight,67,3.75,nan,1,Right,Left,464,1367,297,193502959,nan,nan,0.21
8/19/2026 18:25:33,1.17.3,LeftRight,67,3.76,1,1,Pellet,Left,464,1367,298,193502959,0.35,381,nan
8/19/2026 18:26:48,1.17.3,LeftRight,67,3.76,nan,1,Left,Left,465,1367,298,193579319,nan,nan,0.00
8/19/2026 18:26:50,1.17.3,LeftRight,67,3.76,nan,1,Right,Left,465,1368,298,193580862,nan,nan,0.02
8/19/2026 18:26:51,1.17.3,LeftRight,67,3.76,1,1,Pellet,Left,465,1368,299,193580862,0.65,78,nan
8/19/2026 18:31:12,1.17.3,LeftRight,67,3.75,nan,1,Right,Left,465,1369,299,193842687,nan,nan,0.06
8/19/2026 18:31:15,1.17.3,LeftRight,67,3.76,nan,1,Left,Left,466,1369,299,193846232,nan,nan,0.00
8/19/2026 18:31:17,1.17.3,LeftRight,67,3.76,nan,1,Right,Left,466,1370,299,193847774,nan,nan,0.02
8/19/2026 18:31:18,1.17.3,LeftRight,67,3.75,1,1,Pellet,Left,466,1370,300,193847774,0.53,267,nan
8/19/2026 18:33:04,1.17.3,LeftRight,67,3.76,nan,1,Left,Left,467,1370,300,193954650,nan,nan,0.00
8/19/2026 18:33:07,1.17.3,LeftRight,67,3.75,nan,1,RESET,Left,467,1370,300,193957980,nan,nan,nan
8/19/2026 18:35:37,1.17.3,LeftRight,67,3.75,nan,1,Left,Left,468,1370,300,194108449,nan,nan,0.00
8/19/2026 18:35:39,1.17.3,LeftRight,67,3.76,nan,1,Right,Left,468,1371,300,194109853,nan,nan,0.08
8/19/2026 18:35:40,1.17.3,LeftRight,67,3.76,1,1,Pellet,Left,468,1371,301,194109853,0.53,262,nan
8/19/2026 18:36:08,1.17.3,LeftRight,67,3.76,nan,1,Right,Left,468,1372,301,194138865,nan,nan,0.04
8/19/2026 18:36:10,1.17.3,LeftRight,67,3.76,nan,1,Right,Left,468,1373,301,194140750,nan,nan,0.07
8/19/2026 18:36:13,1.17.3,LeftRight,67,3.76,nan,1,Left,Left,469,1373,301,194144005,nan,nan,0.00
8/19/2026 18:36:17,1.17.3,LeftRight,67,3.75,nan,1,Right,Left,469,1374,301,194147632,nan,nan,0.08
8/19/2026 18:36:18,1.17.3,LeftRight,67,3.76,1,1,Pellet,Left,469,1374,302,194147632,0.41,38,nan
8/19/2026 18:38:47,1.17.3,LeftRight,67,3.76,nan,1,Left,Left,470,1374,302,194297816,nan,nan,0.00
8/19/2026 18:38:48,1.17.3,LeftRight,67,3.76,nan,1,Right,Left,470,1375,302,194299506,nan,nan,0.06
8/19/2026 18:38:50,1.17.3,LeftRight,67,3.75,1,1,Pellet,Left,470,1375,303,194299506,0.41,152,nan
8/19/2026 18:41:08,1.17.3,LeftRight,67,3.75,nan,1,Left,Left,471,1375,303,194438803,nan,nan,0.00
8/19/2026 18:41:10,1.17.3,LeftRight,67,3.75,nan,1,Right,Left,471,1376,303,194440936,nan,nan,0.01
8/19/2026 18:41:11,1.17.3,LeftRight,67,3.75,1,1,Pellet,Left,471,1376,304,194440936,0.41,141,nan
8/19/2026 18:41:25,1.17.3,LeftRight,67,3.76,nan,1,Right,Left,471,1377,304,194456304,nan,nan,0.00
8/19/2026 18:41:26,1.17.3,LeftRight,67,3.76,nan,1,Right,Left,471,1378,304,194457396,nan,nan,0.00
8/19/2026 18:46:42,1.17.3,LeftRight,67,3.75,nan,1,Left,Left,472,1378,304,194772886,nan,nan,0.00
8/19/2026 18:46:43,1.17.3,LeftRight,67,3.76,nan,1,Right,Left,472,1379,304,194773980,nan,nan,0.12
8/19/2026 18:46:44,1.17.3,LeftRight,67,3.75,1,1,Pellet,Left,472,1379,305,194773980,0.35,333,nan
8/19/2026 18:47:06,1.17.3,LeftRight,67,3.76,nan,1,Right,Left,472,1380,305,194796883,nan,nan,0.00
8/19/2026 18:47:08,1.17.3,LeftRight,67,3.75,nan,1,Right,Left,472,1381,305,194798872,nan,nan,0.00
8/19/2026 18:47:09,1.17.3,LeftRight,67,3.75,nan,1,Right,Left,472,1382,305,194800416,nan,nan,0.10
8/19/2026 18:47:15,1.17.3,LeftRight,67,3.75,nan,1,Right,Left,472,1383,305,194805632,nan,nan,0.00
8/19/2026 18:47:16,1.17.3,LeftRight,67,3.75,nan,1,Left,Left,473,1383,305,194807115,nan,nan,0.00
8/19/2026 18:47:17,1.17.3,LeftRight,67,3.74,nan,1,Right,Left,473,1384,305,194808209,nan,nan,0.05
8/19/2026 18:47:18,1.17.3,LeftRight,67,3.75,1,1,Pellet,Left,473,1384,306,194808209,0.23,34,nan
8/19/2026 18:54:11,1.17.3,LeftRight,67,3.75,nan,1,Left,Left,474,1384,306,195222191,nan,nan,0.00
8/19/2026 18:54:12,1.17.3,LeftRight,67,3.75,nan,1,Right,Left,474,1385,306,195222838,nan,nan,0.00
8/19/2026 18:54:15,1.17.3,LeftRight,67,3.75,2,1,Pellet,Left,474,1385,307,195222838,1.01,417,nan
8/19/2026 18:55:24,1.17.3,LeftRight,67,3.75,nan,1,Left,Left,475,1385,307,195294764,nan,nan,0.00
8/19/2026 18:55:26,1.17.3,LeftRight,67,3.75,nan,1,Right,Left,475,1386,307,195297052,nan,nan,0.05
8/19/2026 18:55:27,1.17.3,LeftRight,67,3.76,1,1,Pellet,Left,475,1386,308,195297052,0.47,72,nan
8/19/2026 18:55:46,1.17.3,LeftRight,67,3.75,nan,1,Right,Left,475,1387,308,195317442,nan,nan,0.00
8/19/2026 18:55:48,1.17.3,LeftRight,67,3.75,nan,1,Right,Left,475,1388,308,195319282,nan,nan,0.00
8/19/2026 18:55:54,1.17.3,LeftRight,67,3.74,nan,1,Right,Left,475,1389,308,195325004,nan,nan,0.03
8/19/2026 19:01:08,1.17.3,LeftRight,67,3.75,nan,1,Right,Left,475,1390,308,195639594,nan,nan,0.04
8/19/2026 19:01:14,1.17.3,LeftRight,67,3.74,nan,1,Right,Left,475,1391,308,195644607,nan,nan,0.06
8/19/2026 19:01:15,1.17.3,LeftRight,67,3.75,nan,1,Right,Left,475,1392,308,195645911,nan,nan,0.07
8/19/2026 19:02:44,1.17.3,LeftRight,67,3.75,nan,1,Right,Left,475,1393,308,195734875,nan,nan,0.02
8/19/2026 19:02:46,1.17.3,LeftRight,67,3.75,nan,1,Right,Left,475,1394,308,195737198,nan,nan,0.00
8/19/2026 19:02:50,1.17.3,LeftRight,67,3.74,nan,1,Left,Left,476,1394,308,195741423,nan,nan,0.00
8/19/2026 19:02:52,1.17.3,LeftRight,67,3.75,nan,1,Right,Left,476,1395,308,195743114,nan,nan,0.06
8/19/2026 19:02:54,1.17.3,LeftRight,67,3.75,1,1,Pellet,Left,476,1395,309,195743114,0.83,447,nan
8/19/2026 19:03:48,1.17.3,LeftRight,67,3.75,nan,1,Right,Left,476,1396,309,195799058,nan,nan,0.00
8/19/2026 19:03:51,1.17.3,LeftRight,67,3.75,nan,1,Right,Left,476,1397,309,195801794,nan,nan,0.09
8/19/2026 19:10:55,1.17.3,LeftRight,67,3.75,nan,1,Left,Left,477,1397,309,196225748,nan,nan,0.00
8/19/2026 19:10:58,1.17.3,LeftRight,67,3.75,nan,1,RESET,Left,477,1397,309,196229073,nan,nan,nan
8/19/2026 19:22:54,1.17.3,LeftRight,67,3.74,nan,1,Left,Left,478,1397,309,196944888,nan,nan,0.00
8/19/2026 19:22:57,1.17.3,LeftRight,67,3.75,nan,1,RESET,Left,478,1397,309,196948218,nan,nan,nan
8/19/2026 19:22:59,1.17.3,LeftRight,67,3.75,nan,1,Right,Left,478,1398,309,196949850,nan,nan,0.00
8/19/2026 19:23:02,1.17.3,LeftRight,67,3.75,nan,1,Left,Left,479,1398,309,196952890,nan,nan,0.00
8/19/2026 19:23:04,1.17.3,LeftRight,67,3.75,nan,1,Right,Left,479,1399,309,196955326,nan,nan,0.00
8/19/2026 19:23:05,1.17.3,LeftRight,67,3.75,1,1,Pellet,Left,479,1399,310,196955326,0.65,1211,nan
8/19/2026 19:23:26,1.17.3,LeftRight,67,3.74,nan,1,Left,Left,480,1399,310,196977694,nan,nan,0.00
8/19/2026 19:23:30,1.17.3,LeftRight,67,3.75,nan,1,RESET,Left,480,1399,310,196981172,nan,nan,nan
8/19/2026 19:23:35,1.17.3,LeftRight,67,3.75,nan,1,Right,Left,480,1400,310,196986530,nan,nan,0.00
8/19/2026 19:23:40,1.17.3,LeftRight,67,3.75,nan,1,Right,Left,480,1401,310,196991348,nan,nan,0.02
8/19/2026 19:23:44,1.17.3,LeftRight,67,3.75,nan,1,Left,Left,481,1401,310,196994779,nan,nan,0.00
8/19/2026 19:23:45,1.17.3,LeftRight,67,3.74,nan,1,Right,Left,481,1402,310,196995723,nan,nan,0.00
8/19/2026 19:23:46,1.17.3,LeftRight,67,3.75,1,1,Pellet,Left,481,1402,311,196995723,0.41,41,nan
8/19/2026 19:26:51,1.17.3,LeftRight,67,3.75,nan,1,Right,Left,481,1403,311,197181751,nan,nan,0.00
8/19/2026 19:26:52,1.17.3,LeftRight,67,3.75,nan,1,Right,Left,481,1404,311,197183587,nan,nan,0.00
8/19/2026 19:26:59,1.17.3,LeftRight,67,3.74,nan,1,Left,Left,482,1404,311,197189791,nan,nan,0.00
8/19/2026 19:27:00,1.17.3,LeftRight,67,3.75,nan,1,Right,Left,482,1405,311,197190741,nan,nan,0.00
8/19/2026 19:27:01,1.17.3,LeftRight,67,3.74,1,1,Pellet,Left,482,1405,312,197190741,0.41,195,nan
8/19/2026 19:27:12,1.17.3,LeftRight,67,3.75,nan,1,Left,Left,483,1405,312,197203505,nan,nan,0.00
8/19/2026 19:27:14,1.17.3,LeftRight,67,3.74,nan,1,Right,Left,483,1406,312,197204747,nan,nan,0.00
8/19/2026 19:27:15,1.17.3,LeftRight,67,3.74,1,1,Pellet,Left,483,1406,313,197204747,0.41,14,nan
8/19/2026 19:30:12,1.17.3,LeftRight,67,3.74,nan,1,Right,Left,483,1407,313,197383405,nan,nan,0.00
8/19/2026 19:30:15,1.17.3,LeftRight,67,3.75,nan,1,Right,Left,483,1408,313,197386135,nan,nan,0.00
8/19/2026 19:32:45,1.17.3,LeftRight,67,3.74,nan,1,Right,Left,483,1409,313,197535701,nan,nan,0.12
8/19/2026 19:32:46,1.17.3,LeftRight,67,3.74,nan,1,Left,Left,484,1409,313,197537634,nan,nan,0.00
8/19/2026 19:32:48,1.17.3,LeftRight,67,3.74,nan,1,Right,Left,484,1410,313,197538727,nan,nan,0.02
8/19/2026 19:32:49,1.17.3,LeftRight,67,3.74,1,1,Pellet,Left,484,1410,314,197538727,0.65,334,nan
8/19/2026 19:37:28,1.17.3,LeftRight,67,3.75,nan,1,Right,Left,484,1411,314,197819273,nan,nan,0.00
8/19/2026 19:37:34,1.17.3,LeftRight,67,3.75,nan,1,Right,Left,484,1412,314,197824980,nan,nan,0.23
8/19/2026 19:37:38,1.17.3,LeftRight,67,3.75,nan,1,Right,Left,484,1413,314,197828828,nan,nan,0.00
8/19/2026 19:37:43,1.17.3,LeftRight,67,3.74,nan,1,Right,Left,484,1414,314,197834082,nan,nan,0.00
8/19/2026 19:37:44,1.17.3,LeftRight,67,3.75,nan,1,Right,Left,484,1415,314,197835477,nan,nan,0.12
8/19/2026 19:41:00,1.17.3,LeftRight,67,3.74,nan,1,Right,Left,484,1416,314,198031448,nan,nan,0.00
8/19/2026 19:41:04,1.17.3,LeftRight,67,3.74,nan,1,Right,Left,484,1417,314,198035064,nan,nan,0.02
8/19/2026 19:41:21,1.17.3,LeftRight,67,3.74,nan,1,Left,Left,485,1417,314,198051764,nan,nan,0.00
8/19/2026 19:41:22,1.17.3,LeftRight,67,3.75,nan,1,Right,Left,485,1418,314,198052854,nan,nan,0.02
8/19/2026 19:41:23,1.17.3,LeftRight,67,3.74,1,1,Pellet,Left,485,1418,315,198052854,0.29,514,nan
8/19/2026 19:44:53,1.17.3,LeftRight,67,3.74,nan,1,Right,Left,485,1419,315,198264579,nan,nan,0.00
8/19/2026 19:44:56,1.17.3,LeftRight,67,3.74,nan,1,Right,Left,485,1420,315,198267752,nan,nan,0.00
8/19/2026 19:44:58,1.17.3,LeftRight,67,3.75,nan,1,Right,Left,485,1421,315,198268994,nan,nan,0.04
8/19/2026 19:44:59,1.17.3,LeftRight,67,3.74,nan,1,Left,Left,486,1421,315,198270510,nan,nan,0.00
8/19/2026 19:45:00,1.17.3,LeftRight,67,3.75,nan,1,Right,Left,486,1422,315,198271304,nan,nan,0.00
8/19/2026 19:45:01,1.17.3,LeftRight,67,3.74,1,1,Pellet,Left,486,1422,316,198271304,0.59,218,nan
8/19/2026 19:46:29,1.17.3,LeftRight,67,3.74,nan,1,Right,Left,486,1423,316,198360196,nan,nan,0.00
8/19/2026 19:53:36,1.17.3,LeftRight,67,3.75,nan,1,Left,Left,487,1423,316,198786874,nan,nan,0.00
8/19/2026 19:53:39,1.17.3,LeftRight,67,3.74,nan,1,RESET,Left,487,1423,316,198790198,nan,nan,nan
8/19/2026 19:53:40,1.17.3,LeftRight,67,3.74,nan,1,Right,Left,487,1424,316,198791233,nan,nan,0.01
8/19/2026 19:53:43,1.17.3,LeftRight,67,3.74,nan,1,Right,Left,487,1425,316,198794727,nan,nan,0.04
8/19/2026 19:53:46,1.17.3,LeftRight,67,3.75,nan,1,Left,Left,488,1425,316,198796962,nan,nan,0.00
8/19/2026 19:53:46,1.17.3,LeftRight,67,3.74,nan,1,Right,Left,488,1426,316,198797758,nan,nan,0.00
8/19/2026 19:53:48,1.17.3,LeftRight,67,3.74,1,1,Pellet,Left,488,1426,317,198797758,0.83,527,nan
8/19/2026 19:56:51,1.17.3,LeftRight,67,3.74,nan,1,Right,Left,488,1427,317,198982553,nan,nan,0.00
8/19/2026 19:56:53,1.17.3,LeftRight,67,3.74,nan,1,Left,Left,489,1427,317,198984246,nan,nan,0.00
8/19/2026 19:56:57,1.17.3,LeftRight,67,3.74,nan,1,RESET,Left,489,1427,317,198988313,nan,nan,nan
8/19/2026 19:56:59,1.17.3,LeftRight,67,3.74,nan,1,Right,Left,489,1428,317,198989793,nan,nan,0.08
8/19/2026 19:57:03,1.17.3,LeftRight,67,3.74,nan,1,Right,Left,489,1429,317,198994237,nan,nan,0.00
8/19/2026 19:57:04,1.17.3,LeftRight,67,3.74,nan,1,Right,Left,489,1430,317,198994883,nan,nan,0.00
8/19/2026 19:57:05,1.17.3,LeftRight,67,3.74,nan,1,Left,Left,490,1430,317,198996642,nan,nan,0.00
8/19/2026 19:57:06,1.17.3,LeftRight,67,3.74,nan,1,Right,Left,490,1431,317,198997443,nan,nan,0.00
8/19/2026 19:57:10,1.17.3,LeftRight,67,3.74,2,1,Pellet,Left,490,1431,318,198997443,0.83,202,nan
8/19/2026 20:00:11,1.17.3,LeftRight,67,3.74,nan,1,Right,Left,490,1432,318,199181854,nan,nan,0.15
8/19/2026 20:07:08,1.17.3,LeftRight,67,3.74,nan,1,Right,Left,490,1433,318,199599366,nan,nan,0.04
8/19/2026 20:07:12,1.17.3,LeftRight,67,3.74,nan,1,Right,Left,490,1434,318,199603029,nan,nan,0.00
8/19/2026 20:07:14,1.17.3,LeftRight,67,3.74,nan,1,Left,Left,491,1434,318,199604844,nan,nan,0.00
8/19/2026 20:07:14,1.17.3,LeftRight,67,3.74,nan,1,Right,Left,491,1435,318,199605798,nan,nan,0.00
8/19/2026 20:07:16,1.17.3,LeftRight,67,3.74,1,1,Pellet,Left,491,1435,319,199605798,0.47,606,nan
8/19/2026 20:07:48,1.17.3,LeftRight,67,3.75,nan,1,Right,Left,491,1436,319,199639453,nan,nan,0.01
8/19/2026 20:07:49,1.17.3,LeftRight,67,3.75,nan,1,Right,Left,491,1437,319,199640556,nan,nan,0.04
8/19/2026 20:07:54,1.17.3,LeftRight,67,3.74,nan,1,Right,Left,491,1438,319,199645556,nan,nan,0.06
8/19/2026 20:08:02,1.17.3,LeftRight,67,3.74,nan,1,Right,Left,491,1439,319,199652960,nan,nan,0.00
8/19/2026 20:08:03,1.17.3,LeftRight,67,3.74,nan,1,Right,Left,491,1440,319,199654498,nan,nan,0.00
8/19/2026 20:10:15,1.17.3,LeftRight,67,3.74,nan,1,Left,Left,492,1440,319,199786155,nan,nan,0.00
8/19/2026 20:10:17,1.17.3,LeftRight,67,3.74,nan,1,Right,Left,492,1441,319,199788139,nan,nan,0.00
8/19/2026 20:10:18,1.17.3,LeftRight,67,3.74,1,1,Pellet,Left,492,1441,320,199788139,0.71,182,nan
8/19/2026 20:11:56,1.17.3,LeftRight,67,3.74,nan,1,Left,Left,493,1441,320,199886867,nan,nan,0.00
8/19/2026 20:11:58,1.17.3,LeftRight,67,3.74,nan,1,Right,Left,493,1442,320,199889443,nan,nan,0.00
8/19/2026 20:12:00,1.17.3,LeftRight,67,3.74,1,1,Pellet,Left,493,1442,321,199889443,0.83,102,nan
8/19/2026 20:17:32,1.17.3,LeftRight,67,3.74,nan,1,Left,Left,494,1442,321,200223018,nan,nan,0.00
8/19/2026 20:17:35,1.17.3,LeftRight,67,3.74,nan,1,Left,Left,495,1442,321,200226189,nan,nan,0.00
8/19/2026 20:17:37,1.17.3,LeftRight,67,3.74,nan,1,Right,Left,495,1443,321,200228624,nan,nan,0.00
8/19/2026 20:17:39,1.17.3,LeftRight,67,3.74,1,1,Pellet,Left,495,1443,322,200228624,0.83,339,nan
8/19/2026 20:22:09,1.17.3,LeftRight,67,3.74,nan,1,Left,Left,496,1443,322,200500843,nan,nan,0.00
8/19/2026 20:22:12,1.17.3,LeftRight,67,3.74,nan,1,Right,Left,496,1444,322,200502979,nan,nan,0.06
8/19/2026 20:22:13,1.17.3,LeftRight,67,3.74,1,1,Pellet,Left,496,1444,323,200502979,0.47,274,nan
8/19/2026 20:24:57,1.17.3,LeftRight,67,3.74,nan,1,Right,Left,496,1445,323,200668462,nan,nan,0.24
8/19/2026 20:25:03,1.17.3,LeftRight,67,3.74,nan,1,Right,Left,496,1446,323,200674259,nan,nan,0.05
8/19/2026 20:25:05,1.17.3,LeftRight,67,3.74,nan,1,Left,Left,497,1446,323,200676692,nan,nan,0.00
8/19/2026 20:25:08,1.17.3,LeftRight,67,3.74,nan,1,Right,Left,497,1447,323,200678976,nan,nan,0.02
8/19/2026 20:25:09,1.17.3,LeftRight,67,3.74,1,1,Pellet,Left,497,1447,324,200678976,0.65,176,nan
8/19/2026 20:26:38,1.17.3,LeftRight,67,3.74,nan,1,Right,Left,497,1448,324,200769510,nan,nan,0.00
8/19/2026 20:27:51,1.17.3,LeftRight,67,3.74,nan,1,Left,Left,498,1448,324,200841888,nan,nan,0.00
8/19/2026 20:27:52,1.17.3,LeftRight,67,3.74,nan,1,Right,Left,498,1449,324,200842981,nan,nan,0.12
8/19/2026 20:27:55,1.17.3,LeftRight,67,3.74,2,1,Pellet,Left,498,1449,325,200842981,0.65,166,nan
8/19/2026 20:28:09,1.17.3,LeftRight,67,3.74,nan,1,Right,Left,498,1450,325,200860854,nan,nan,0.01
8/19/2026 20:28:12,1.17.3,LeftRight,67,3.74,nan,1,Left,Left,499,1450,325,200863753,nan,nan,0.00
8/19/2026 20:28:14,1.17.3,LeftRight,67,3.74,nan,1,Right,Left,499,1451,325,200865741,nan,nan,0.00
8/19/2026 20:28:16,1.17.3,LeftRight,67,3.74,1,1,Pellet,Left,499,1451,326,200865741,0.47,21,nan
8/19/2026 20:28:30,1.17.3,LeftRight,67,3.74,nan,1,Right,Left,499,1452,326,200880937,nan,nan,0.49
8/19/2026 20:28:33,1.17.3,LeftRight,67,3.74,nan,1,Left,Left,500,1452,326,200884463,nan,nan,0.00
8/19/2026 20:28:34,1.17.3,LeftRight,67,3.74,nan,1,Right,Left,500,1453,326,200884961,nan,nan,0.00
8/19/2026 20:28:35,1.17.3,LeftRight,67,3.74,1,1,Pellet,Left,500,1453,327,200884961,0.59,19,nan
8/19/2026 20:34:41,1.17.3,LeftRight,67,3.74,nan,1,Left,Left,501,1453,327,201251993,nan,nan,0.00
8/19/2026 20:34:43,1.17.3,LeftRight,67,3.74,nan,1,Right,Left,501,1454,327,201253978,nan,nan,0.00
8/19/2026 20:34:44,1.17.3,LeftRight,67,3.74,1,1,Pellet,Left,501,1454,328,201253978,0.53,369,nan
8/19/2026 20:36:06,1.17.3,LeftRight,67,3.74,nan,1,Left,Left,502,1454,328,201337215,nan,nan,0.00
8/19/2026 20:36:09,1.17.3,LeftRight,67,3.74,nan,1,Right,Left,502,1455,328,201339955,nan,nan,0.03
8/19/2026 20:36:10,1.17.3,LeftRight,67,3.74,1,1,Pellet,Left,502,1455,329,201339955,0.59,86,nan
8/19/2026 20:36:23,1.17.3,LeftRight,67,3.74,nan,1,Right,Left,502,1456,329,201354762,nan,nan,0.03
8/19/2026 20:36:34,1.17.3,LeftRight,67,3.74,nan,1,Right,Left,502,1457,329,201365720,nan,nan,0.02
8/19/2026 20:46:00,1.17.3,LeftRight,67,3.74,nan,1,Right,Left,502,1458,329,201931384,nan,nan,0.07
8/19/2026 20:46:01,1.17.3,LeftRight,67,3.74,nan,1,Left,Left,503,1458,329,201932913,nan,nan,0.00
8/19/2026 20:46:04,1.17.3,LeftRight,67,3.74,nan,1,Right,Left,503,1459,329,201935199,nan,nan,0.00
8/19/2026 20:46:05,1.17.3,LeftRight,67,3.74,1,1,Pellet,Left,503,1459,330,201935199,0.47,595,nan
8/19/2026 20:48:48,1.17.3,LeftRight,67,3.74,nan,1,Left,Left,504,1459,330,202099234,nan,nan,0.00
8/19/2026 20:48:49,1.17.3,LeftRight,67,3.74,nan,1,Right,Left,504,1460,330,202100178,nan,nan,0.00
8/19/2026 20:48:50,1.17.3,LeftRight,67,3.74,2,1,Pellet,Left,504,1460,331,202100178,0.47,165,nan
8/19/2026 20:50:19,1.17.3,LeftRight,67,3.74,nan,1,Right,Left,504,1461,331,202190057,nan,nan,0.08
8/19/2026 20:50:21,1.17.3,LeftRight,67,3.74,nan,1,Left,Left,505,1461,331,202191933,nan,nan,0.00
8/19/2026 20:50:21,1.17.3,LeftRight,67,3.74,nan,1,Right,Left,505,1462,331,202192876,nan,nan,0.00
8/19/2026 20:50:23,1.17.3,LeftRight,67,3.74,1,1,Pellet,Left,505,1462,332,202192876,0.47,93,nan
8/19/2026 20:51:09,1.17.3,LeftRight,67,3.74,nan,1,Right,Left,505,1463,332,202240551,nan,nan,0.13
8/19/2026 20:51:11,1.17.3,LeftRight,67,3.74,nan,1,Left,Left,506,1463,332,202242116,nan,nan,0.00
8/19/2026 20:51:14,1.17.3,LeftRight,67,3.74,nan,1,RESET,Left,506,1463,332,202245443,nan,nan,nan
8/19/2026 20:51:18,1.17.3,LeftRight,67,3.74,nan,1,Left,Left,507,1463,332,202249903,nan,nan,0.00
8/19/2026 20:51:19,1.17.3,LeftRight,67,3.74,nan,1,Right,Left,507,1464,332,202250549,nan,nan,0.07
8/19/2026 20:51:20,1.17.3,LeftRight,67,3.74,1,1,Pellet,Left,507,1464,333,202250549,0.53,57,nan
8/19/2026 20:51:29,1.17.3,LeftRight,67,3.74,nan,1,Right,Left,507,1465,333,202260843,nan,nan,0.03
8/19/2026 20:51:36,1.17.3,LeftRight,67,3.74,nan,1,Right,Left,507,1466,333,202266875,nan,nan,0.10
8/19/2026 20:56:01,1.17.3,LeftRight,67,3.74,nan,1,Left,Left,508,1466,333,202532744,nan,nan,0.00
8/19/2026 20:56:04,1.17.3,LeftRight,67,3.74,nan,1,Right,Left,508,1467,333,202535031,nan,nan,0.00
8/19/2026 20:56:05,1.17.3,LeftRight,67,3.74,1,1,Pellet,Left,508,1467,334,202535031,0.47,285,nan
8/19/2026 20:57:56,1.17.3,LeftRight,67,3.74,nan,1,Right,Left,508,1468,334,202647356,nan,nan,0.00
8/19/2026 20:57:58,1.17.3,LeftRight,67,3.74,nan,1,Right,Left,508,1469,334,202649492,nan,nan,0.00
8/19/2026 20:57:59,1.17.3,LeftRight,67,3.74,nan,1,Left,Left,509,1469,334,202650884,nan,nan,0.00
8/19/2026 20:58:02,1.17.3,LeftRight,67,3.74,nan,1,Right,Left,509,1470,334,202653170,nan,nan,0.02
8/19/2026 20:58:03,1.17.3,LeftRight,67,3.74,1,1,Pellet,Left,509,1470,335,202653170,0.59,118,nan
8/19/2026 21:00:41,1.17.3,LeftRight,67,3.73,nan,1,Left,Left,510,1470,335,202812434,nan,nan,0.00
8/19/2026 21:00:42,1.17.3,LeftRight,67,3.74,nan,1,Left,Left,511,1470,335,202813865,nan,nan,0.00
8/19/2026 21:00:45,1.17.3,LeftRight,67,3.74,nan,1,Right,Left,511,1471,335,202815996,nan,nan,0.00
8/19/2026 21:00:46,1.17.3,LeftRight,67,3.74,1,1,Pellet,Left,511,1471,336,202815996,0.65,163,nan
8/19/2026 21:01:31,1.17.3,LeftRight,67,3.74,nan,1,Right,Left,511,1472,336,202862565,nan,nan,0.00
8/19/2026 21:11:31,1.17.3,LeftRight,67,3.73,nan,1,Left,Left,512,1472,336,203462627,nan,nan,0.00
8/19/2026 21:11:35,1.17.3,LeftRight,67,3.74,nan,1,RESET,Left,512,1472,336,203466402,nan,nan,nan
8/19/2026 21:11:40,1.17.3,LeftRight,67,3.74,nan,1,Right,Left,512,1473,336,203471740,nan,nan,0.16
8/19/2026 21:11:45,1.17.3,LeftRight,67,3.74,nan,1,Right,Left,512,1474,336,203476854,nan,nan,0.00
8/19/2026 21:11:48,1.17.3,LeftRight,67,3.74,nan,1,Right,Left,512,1475,336,203479131,nan,nan,0.07
8/19/2026 21:13:42,1.17.3,LeftRight,67,3.74,nan,1,Right,Left,512,1476,336,203593211,nan,nan,0.07
8/19/2026 21:20:36,1.17.3,LeftRight,67,3.74,nan,1,Right,Left,512,1477,336,204006807,nan,nan,0.97
8/19/2026 21:20:41,1.17.3,LeftRight,67,3.74,nan,1,Right,Left,512,1478,336,204012438,nan,nan,0.26
8/19/2026 21:20:43,1.17.3,LeftRight,67,3.74,nan,1,Right,Left,512,1479,336,204014382,nan,nan,0.28
8/19/2026 21:20:44,1.17.3,LeftRight,67,3.74,nan,1,Left,Left,513,1479,336,204015943,nan,nan,0.00
8/19/2026 21:20:45,1.17.3,LeftRight,67,3.74,nan,1,Right,Left,513,1480,336,204016738,nan,nan,0.03
8/19/2026 21:20:47,1.17.3,LeftRight,67,3.73,1,1,Pellet,Left,513,1480,337,204016738,0.77,1201,nan
8/19/2026 21:23:36,1.17.3,LeftRight,67,3.74,nan,1,Right,Left,513,1481,337,204187620,nan,nan,0.00
8/19/2026 21:23:37,1.17.3,LeftRight,67,3.74,nan,1,Right,Left,513,1482,337,204188860,nan,nan,0.06
8/19/2026 21:23:41,1.17.3,LeftRight,67,3.73,nan,1,Right,Left,513,1483,337,204192540,nan,nan,0.00
8/19/2026 21:23:42,1.17.3,LeftRight,67,3.74,nan,1,Left,Left,514,1483,337,204193974,nan,nan,0.00
8/19/2026 21:23:43,1.17.3,LeftRight,67,3.74,nan,1,Right,Left,514,1484,337,204194917,nan,nan,0.00
8/19/2026 21:23:45,1.17.3,LeftRight,67,3.74,1,1,Pellet,Left,514,1484,338,204194917,0.71,178,nan
8/19/2026 21:27:02,1.17.3,LeftRight,67,3.73,nan,1,Left,Left,515,1484,338,204393662,nan,nan,0.00
8/19/2026 21:27:04,1.17.3,LeftRight,67,3.73,nan,1,Right,Left,515,1485,338,204395051,nan,nan,0.00
8/19/2026 21:27:05,1.17.3,LeftRight,67,3.74,1,1,Pellet,Left,515,1485,339,204395051,0.53,200,nan
8/19/2026 21:28:20,1.17.3,LeftRight,67,3.74,nan,1,Right,Left,515,1486,339,204471428,nan,nan,0.03
8/19/2026 21:33:34,1.17.3,LeftRight,67,3.74,nan,1,Right,Left,515,1487,339,204785037,nan,nan,0.02
8/19/2026 21:33:37,1.17.3,LeftRight,67,3.73,nan,1,Left,Left,516,1487,339,204788564,nan,nan,0.00
8/19/2026 21:33:39,1.17.3,LeftRight,67,3.73,nan,1,Right,Left,516,1488,339,204790846,nan,nan,0.12
8/19/2026 21:33:43,1.17.3,LeftRight,67,3.73,2,1,Pellet,Left,516,1488,340,204790846,0.83,398,nan
8/19/2026 21:37:43,1.17.3,LeftRight,67,3.73,nan,1,Right,Left,516,1489,340,205034298,nan,nan,0.04
8/19/2026 21:37:44,1.17.3,LeftRight,67,3.73,nan,1,Right,Left,516,1490,340,205035587,nan,nan,0.13
8/19/2026 21:37:46,1.17.3,LeftRight,67,3.74,nan,1,Right,Left,516,1491,340,205037405,nan,nan,0.10
8/19/2026 21:37:48,1.17.3,LeftRight,67,3.74,nan,1,Left,Left,517,1491,340,205039721,nan,nan,0.00
8/19/2026 21:37:51,1.17.3,LeftRight,67,3.73,nan,1,RESET,Left,517,1491,340,205042444,nan,nan,nan
8/19/2026 21:37:53,1.17.3,LeftRight,67,3.74,nan,1,Right,Left,517,1492,340,205044229,nan,nan,0.11
8/19/2026 21:37:54,1.17.3,LeftRight,67,3.73,nan,1,Right,Left,517,1493,340,205045894,nan,nan,0.00
8/19/2026 21:37:56,1.17.3,LeftRight,67,3.73,nan,1,Left,Left,518,1493,340,205047283,nan,nan,0.00
8/19/2026 21:37:58,1.17.3,LeftRight,67,3.74,nan,1,Right,Left,518,1494,340,205049713,nan,nan,0.00
8/19/2026 21:38:00,1.17.3,LeftRight,67,3.73,1,1,Pellet,Left,518,1494,341,205049713,0.83,257,nan
8/19/2026 21:39:27,1.17.3,LeftRight,67,3.73,nan,1,Right,Left,518,1495,341,205138387,nan,nan,0.12
8/19/2026 21:39:32,1.17.3,LeftRight,67,3.74,nan,1,Left,Left,519,1495,341,205143171,nan,nan,0.00
8/19/2026 21:39:33,1.17.3,LeftRight,67,3.73,nan,1,Right,Left,519,1496,341,205144114,nan,nan,0.00
8/19/2026 21:39:34,1.17.3,LeftRight,67,3.73,1,1,Pellet,Left,519,1496,342,205144114,0.65,94,nan
8/19/2026 21:41:22,1.17.3,LeftRight,67,3.73,nan,1,Right,Left,519,1497,342,205253017,nan,nan,0.04
8/19/2026 21:41:23,1.17.3,LeftRight,67,3.73,nan,1,Right,Left,519,1498,342,205254147,nan,nan,0.00
8/19/2026 21:41:24,1.17.3,LeftRight,67,3.73,nan,1,Right,Left,519,1499,342,205255981,nan,nan,0.02
8/19/2026 21:41:26,1.17.3,LeftRight,67,3.73,nan,1,Right,Left,519,1500,342,205257397,nan,nan,0.07
8/19/2026 21:41:29,1.17.3,LeftRight,67,3.73,nan,1,Left,Left,520,1500,342,205260343,nan,nan,0.00
8/19/2026 21:41:30,1.17.3,LeftRight,67,3.73,nan,1,Right,Left,520,1501,342,205261138,nan,nan,0.00
8/19/2026 21:41:31,1.17.3,LeftRight,67,3.74,1,1,Pellet,Left,520,1501,343,205261138,0.47,117,nan
8/19/2026 21:41:46,1.17.3,LeftRight,67,3.73,nan,1,Right,Left,520,1502,343,205277892,nan,nan,0.02
8/19/2026 21:41:48,1.17.3,LeftRight,67,3.73,nan,1,Left,Left,521,1502,343,205279368,nan,nan,0.00
8/19/2026 21:41:49,1.17.3,LeftRight,67,3.73,nan,1,Right,Left,521,1503,343,205280310,nan,nan,0.02
8/19/2026 21:41:50,1.17.3,LeftRight,67,3.73,1,1,Pellet,Left,521,1503,344,205280310,0.71,19,nan
8/19/2026 21:46:17,1.17.3,LeftRight,67,3.74,nan,1,Right,Left,521,1504,344,205548267,nan,nan,0.01
8/19/2026 21:46:19,1.17.3,LeftRight,67,3.73,nan,1,Right,Left,521,1505,344,205550707,nan,nan,0.10
8/19/2026 21:46:23,1.17.3,LeftRight,67,3.73,nan,1,Right,Left,521,1506,344,205554880,nan,nan,0.01
8/19/2026 21:46:25,1.17.3,LeftRight,67,3.73,nan,1,Left,Left,522,1506,344,205556474,nan,nan,0.00
8/19/2026 21:46:26,1.17.3,LeftRight,67,3.73,nan,1,Right,Left,522,1507,344,205557269,nan,nan,0.00
8/19/2026 21:46:27,1.17.3,LeftRight,67,3.73,1,1,Pellet,Left,522,1507,345,205557269,0.65,277,nan
8/19/2026 21:46:53,1.17.3,LeftRight,67,3.73,nan,1,Right,Left,522,1508,345,205584197,nan,nan,0.04
8/19/2026 21:46:57,1.17.3,LeftRight,67,3.73,nan,1,Right,Left,522,1509,345,205588609,nan,nan,0.00
8/19/2026 21:46:58,1.17.3,LeftRight,67,3.73,nan,1,Right,Left,522,1510,345,205589851,nan,nan,0.04
8/19/2026 21:47:01,1.17.3,LeftRight,67,3.74,nan,1,Right,Left,522,1511,345,205592317,nan,nan,0.03
8/19/2026 21:47:02,1.17.3,LeftRight,67,3.74,nan,1,Right,Left,522,1512,345,205593886,nan,nan,0.07
8/19/2026 21:47:08,1.17.3,LeftRight,67,3.74,nan,1,Right,Left,522,1513,345,205599205,nan,nan,0.00
8/19/2026 21:47:12,1.17.3,LeftRight,67,3.73,nan,1,Right,Left,522,1514,345,205603121,nan,nan,0.12
8/19/2026 21:47:13,1.17.3,LeftRight,67,3.73,nan,1,Right,Left,522,1515,345,205604495,nan,nan,0.11
8/19/2026 21:49:01,1.17.3,LeftRight,67,3.73,nan,1,Left,Left,523,1515,345,205712322,nan,nan,0.00
8/19/2026 21:49:03,1.17.3,LeftRight,67,3.73,nan,1,Right,Left,523,1516,345,205714604,nan,nan,0.09
8/19/2026 21:49:05,1.17.3,LeftRight,67,3.73,1,1,Pellet,Left,523,1516,346,205714604,0.71,158,nan
8/19/2026 21:52:07,1.17.3,LeftRight,67,3.73,nan,1,Right,Left,523,1517,346,205898928,nan,nan,0.00
8/19/2026 21:52:09,1.17.3,LeftRight,67,3.74,nan,1,Right,Left,523,1518,346,205900186,nan,nan,0.09
8/19/2026 21:52:12,1.17.3,LeftRight,67,3.73,nan,1,Right,Left,523,1519,346,205903748,nan,nan,0.11
8/19/2026 21:52:14,1.17.3,LeftRight,67,3.74,nan,1,Left,Left,524,1519,346,205905468,nan,nan,0.00
8/19/2026 21:52:16,1.17.3,LeftRight,67,3.73,nan,1,Right,Left,524,1520,346,205907601,nan,nan,0.22
8/19/2026 21:52:18,1.17.3,LeftRight,67,3.73,1,1,Pellet,Left,524,1520,347,205907601,0.77,193,nan
8/19/2026 21:55:56,1.17.3,LeftRight,67,3.73,nan,1,Right,Left,524,1521,347,206127957,nan,nan,0.07
8/19/2026 21:55:59,1.17.3,LeftRight,67,3.73,nan,1,Right,Left,524,1522,347,206130753,nan,nan,0.08
8/19/2026 21:56:01,1.17.3,LeftRight,67,3.73,nan,1,Left,Left,525,1522,347,206132220,nan,nan,0.00
8/19/2026 21:56:01,1.17.3,LeftRight,67,3.73,nan,1,Right,Left,525,1523,347,206133015,nan,nan,0.06
8/19/2026 21:56:03,1.17.3,LeftRight,67,3.73,1,1,Pellet,Left,525,1523,348,206133015,0.47,225,nan
8/19/2026 22:00:30,1.17.3,LeftRight,67,3.73,nan,1,Left,Left,526,1523,348,206401594,nan,nan,0.00
8/19/2026 22:00:34,1.17.3,LeftRight,67,3.73,nan,1,RESET,Left,526,1523,348,206405520,nan,nan,nan
8/19/2026 22:00:37,1.17.3,LeftRight,67,3.73,nan,1,Right,Left,526,1524,348,206408195,nan,nan,0.08
8/19/2026 22:00:39,1.17.3,LeftRight,67,3.73,nan,1,Left,Left,527,1524,348,206410300,nan,nan,0.00
8/19/2026 22:00:41,1.17.3,LeftRight,67,3.73,nan,1,Right,Left,527,1525,348,206412436,nan,nan,0.00
8/19/2026 22:00:42,1.17.3,LeftRight,67,3.73,1,1,Pellet,Left,527,1525,349,206412436,0.65,279,nan
8/19/2026 22:05:10,1.17.3,LeftRight,67,3.73,nan,1,Right,Left,527,1526,349,206681676,nan,nan,0.00
8/19/2026 22:05:11,1.17.3,LeftRight,67,3.73,nan,1,Right,Left,527,1527,349,206682770,nan,nan,0.00
8/19/2026 22:05:20,1.17.3,LeftRight,67,3.73,nan,1,Left,Left,528,1527,349,206691604,nan,nan,0.00
8/19/2026 22:05:22,1.17.3,LeftRight,67,3.73,nan,1,Right,Left,528,1528,349,206693144,nan,nan,0.00
8/19/2026 22:05:23,1.17.3,LeftRight,67,3.73,1,1,Pellet,Left,528,1528,350,206693144,0.89,281,nan
8/19/2026 22:06:38,1.17.3,LeftRight,67,3.73,nan,1,Left,Left,529,1528,350,206769632,nan,nan,0.00
8/19/2026 22:06:40,1.17.3,LeftRight,67,3.73,nan,1,Right,Left,529,1529,350,206771621,nan,nan,0.10
8/19/2026 22:06:44,1.17.3,LeftRight,67,3.73,2,1,Pellet,Left,529,1529,351,206771621,1.25,81,nan
8/19/2026 22:06:58,1.17.3,LeftRight,67,3.73,nan,1,Right,Left,529,1530,351,206789357,nan,nan,0.19
8/19/2026 22:07:03,1.17.3,LeftRight,67,3.73,nan,1,Left,Left,530,1530,351,206794358,nan,nan,0.00
8/19/2026 22:07:05,1.17.3,LeftRight,67,3.73,nan,1,Right,Left,530,1531,351,206796648,nan,nan,0.03
8/19/2026 22:07:07,1.17.3,LeftRight,67,3.73,1,1,Pellet,Left,530,1531,352,206796648,0.89,23,nan
8/19/2026 22:13:00,1.17.3,LeftRight,67,3.73,nan,1,Left,Left,531,1531,352,207152073,nan,nan,0.00
8/19/2026 22:13:02,1.17.3,LeftRight,67,3.73,nan,1,Right,Left,531,1532,352,207153610,nan,nan,0.09
8/19/2026 22:13:03,1.17.3,LeftRight,67,3.73,1,1,Pellet,Left,531,1532,353,207153610,0.65,356,nan
8/19/2026 22:13:54,1.17.3,LeftRight,67,3.73,nan,1,Right,Left,531,1533,353,207205425,nan,nan,0.06
8/19/2026 22:13:57,1.17.3,LeftRight,67,3.73,nan,1,Right,Left,531,1534,353,207208959,nan,nan,0.00
8/19/2026 22:13:59,1.17.3,LeftRight,67,3.73,nan,1,Right,Left,531,1535,353,207210051,nan,nan,0.08
8/19/2026 22:14:00,1.17.3,LeftRight,67,3.73,nan,1,Left,Left,532,1535,353,207211800,nan,nan,0.00
8/19/2026 22:14:01,1.17.3,LeftRight,67,3.73,nan,1,Right,Left,532,1536,353,207212744,nan,nan,0.00
8/19/2026 22:14:02,1.17.3,LeftRight,67,3.73,1,1,Pellet,Left,532,1536,354,207212744,0.41,59,nan
8/19/2026 22:15:36,1.17.3,LeftRight,67,3.73,nan,1,Left,Left,533,1536,354,207307371,nan,nan,0.00
8/19/2026 22:15:37,1.17.3,LeftRight,67,3.73,nan,1,Right,Left,533,1537,354,207309059,nan,nan,0.00
8/19/2026 22:15:39,1.17.3,LeftRight,67,3.73,1,1,Pellet,Left,533,1537,355,207309059,0.35,97,nan
8/19/2026 22:16:13,1.17.3,LeftRight,67,3.73,nan,1,Right,Left,533,1538,355,207344875,nan,nan,0.00
8/19/2026 22:16:15,1.17.3,LeftRight,67,3.73,nan,1,Right,Left,533,1539,355,207346565,nan,nan,0.12
8/19/2026 22:16:19,1.17.3,LeftRight,67,3.73,nan,1,Right,Left,533,1540,355,207350316,nan,nan,0.00
8/19/2026 22:16:21,1.17.3,LeftRight,67,3.73,nan,1,Right,Left,533,1541,355,207352005,nan,nan,0.15
8/19/2026 22:16:22,1.17.3,LeftRight,67,3.73,nan,1,Left,Left,534,1541,355,207353870,nan,nan,0.00
8/19/2026 22:16:25,1.17.3,LeftRight,67,3.73,nan,1,Right,Left,534,1542,355,207356758,nan,nan,0.09
8/19/2026 22:16:26,1.17.3,LeftRight,67,3.74,1,1,Pellet,Left,534,1542,356,207356758,0.47,47,nan
8/19/2026 22:16:34,1.17.3,LeftRight,67,3.73,nan,1,Right,Left,534,1543,356,207365974,nan,nan,0.04
8/19/2026 22:16:37,1.17.3,LeftRight,67,3.73,nan,1,Left,Left,535,1543,356,207368596,nan,nan,0.00
8/19/2026 22:16:38,1.17.3,LeftRight,67,3.73,nan,1,Right,Left,535,1544,356,207369987,nan,nan,0.03
8/19/2026 22:16:39,1.17.3,LeftRight,67,3.74,1,1,Pellet,Left,535,1544,357,207369987,0.35,13,nan
8/19/2026 22:16:50,1.17.3,LeftRight,67,3.73,nan,1,Right,Left,535,1545,357,207381777,nan,nan,0.12
8/19/2026 22:16:53,1.17.3,LeftRight,67,3.73,nan,1,Right,Left,535,1546,357,207384181,nan,nan,0.08
8/19/2026 22:17:08,1.17.3,LeftRight,67,3.73,nan,1,Right,Left,535,1547,357,207399943,nan,nan,0.07
8/19/2026 22:17:11,1.17.3,LeftRight,67,3.73,nan,1,Right,Left,535,1548,357,207402587,nan,nan,0.04
8/19/2026 22:17:12,1.17.3,LeftRight,67,3.73,nan,1,Right,Left,535,1549,357,207403864,nan,nan,0.10
8/19/2026 22:20:11,1.17.3,LeftRight,67,3.73,nan,1,Right,Left,535,1550,357,207582144,nan,nan,0.00
8/19/2026 22:20:14,1.17.3,LeftRight,67,3.73,nan,1,Right,Left,535,1551,357,207585324,nan,nan,0.00
8/19/2026 22:20:15,1.17.3,LeftRight,67,3.74,nan,1,Right,Left,535,1552,357,207586721,nan,nan,0.09
8/19/2026 22:20:43,1.17.3,LeftRight,67,3.73,nan,1,Right,Left,535,1553,357,207614865,nan,nan,0.03
8/19/2026 22:20:45,1.17.3,LeftRight,67,3.73,nan,1,Right,Left,535,1554,357,207616289,nan,nan,0.14
8/19/2026 22:20:46,1.17.3,LeftRight,67,3.73,nan,1,Left,Left,536,1554,357,207617850,nan,nan,0.00
8/19/2026 22:20:49,1.17.3,LeftRight,67,3.73,nan,1,Right,Left,536,1555,357,207620880,nan,nan,0.03
8/19/2026 22:20:51,1.17.3,LeftRight,67,3.73,1,1,Pellet,Left,536,1555,358,207620880,0.77,252,nan
8/19/2026 22:24:15,1.17.3,LeftRight,67,3.73,nan,1,Right,Left,536,1556,358,207826686,nan,nan,0.00
8/19/2026 22:24:18,1.17.3,LeftRight,67,3.73,nan,1,Right,Left,536,1557,358,207830016,nan,nan,0.06
8/19/2026 22:24:24,1.17.3,LeftRight,67,3.73,nan,1,Right,Left,536,1558,358,207835193,nan,nan,0.00
8/19/2026 22:24:29,1.17.3,LeftRight,67,3.73,nan,1,Right,Left,536,1559,358,207840164,nan,nan,0.00
8/19/2026 22:27:13,1.17.3,LeftRight,67,3.73,nan,1,Right,Left,536,1560,358,208004537,nan,nan,0.02
8/19/2026 22:27:15,1.17.3,LeftRight,67,3.73,nan,1,Right,Left,536,1561,358,208006541,nan,nan,0.05
8/19/2026 22:27:19,1.17.3,LeftRight,67,3.73,nan,1,Right,Left,536,1562,358,208011109,nan,nan,0.04
8/19/2026 22:27:21,1.17.3,LeftRight,67,3.73,nan,1,Right,Left,536,1563,358,208012993,nan,nan,0.00
8/19/2026 22:27:24,1.17.3,LeftRight,67,3.73,nan,1,Right,Left,536,1564,358,208016036,nan,nan,0.01
8/19/2026 22:36:15,1.17.3,LeftRight,67,3.73,nan,1,Right,Left,536,1565,358,208546768,nan,nan,0.01
8/19/2026 22:36:16,1.17.3,LeftRight,67,3.73,nan,1,Right,Left,536,1566,358,208548170,nan,nan,0.00
8/19/2026 22:36:20,1.17.3,LeftRight,67,3.73,nan,1,Right,Left,536,1567,358,208551353,nan,nan,0.03
8/19/2026 22:36:21,1.17.3,LeftRight,67,3.73,nan,1,Left,Left,537,1567,358,208552966,nan,nan,0.00
8/19/2026 22:36:24,1.17.3,LeftRight,67,3.73,nan,1,Right,Left,537,1568,358,208555699,nan,nan,0.10
8/19/2026 22:36:26,1.17.3,LeftRight,67,3.73,1,1,Pellet,Left,537,1568,359,208555699,0.89,935,nan
8/19/2026 22:39:57,1.17.3,LeftRight,67,3.73,nan,1,Right,Left,537,1569,359,208768199,nan,nan,0.00
8/19/2026 22:39:59,1.17.3,LeftRight,67,3.73,nan,1,Right,Left,537,1570,359,208770187,nan,nan,0.10
8/19/2026 22:40:02,1.17.3,LeftRight,67,3.73,nan,1,Right,Left,537,1571,359,208774055,nan,nan,0.06
8/19/2026 22:40:04,1.17.3,LeftRight,67,3.73,nan,1,Right,Left,537,1572,359,208775356,nan,nan,0.12
8/19/2026 22:40:09,1.17.3,LeftRight,67,3.73,nan,1,Right,Left,537,1573,359,208780438,nan,nan,0.05
8/19/2026 22:40:10,1.17.3,LeftRight,67,3.73,nan,1,Left,Left,538,1573,359,208782179,nan,nan,0.00
8/19/2026 22:40:12,1.17.3,LeftRight,67,3.73,nan,1,Right,Left,538,1574,359,208783421,nan,nan,0.03
8/19/2026 22:40:13,1.17.3,LeftRight,67,3.73,1,1,Pellet,Left,538,1574,360,208783421,0.47,227,nan
8/19/2026 22:41:38,1.17.3,LeftRight,67,3.73,nan,1,Right,Left,538,1575,360,208869233,nan,nan,0.00
8/19/2026 22:41:40,1.17.3,LeftRight,67,3.73,nan,1,Right,Left,538,1576,360,208871517,nan,nan,0.00
8/19/2026 22:41:41,1.17.3,LeftRight,67,3.73,nan,1,Right,Left,538,1577,360,208872915,nan,nan,0.00
8/19/2026 22:41:43,1.17.3,LeftRight,67,3.73,nan,1,Left,Left,539,1577,360,208874317,nan,nan,0.00
8/19/2026 22:41:46,1.17.3,LeftRight,67,3.73,nan,1,RESET,Left,539,1577,360,208877641,nan,nan,nan
8/19/2026 22:41:47,1.17.3,LeftRight,67,3.73,nan,1,Right,Left,539,1578,360,208878526,nan,nan,0.00
8/19/2026 22:41:48,1.17.3,LeftRight,67,3.73,nan,1,Right,Left,539,1579,360,208879768,nan,nan,0.00
8/19/2026 22:41:58,1.17.3,LeftRight,67,3.73,nan,1,Right,Left,539,1580,360,208889350,nan,nan,0.08
8/19/2026 22:51:08,1.17.3,LeftRight,67,3.73,nan,1,Right,Left,539,1581,360,209439945,nan,nan,0.05
8/19/2026 22:51:14,1.17.3,LeftRight,67,3.73,nan,1,Left,Left,540,1581,360,209445715,nan,nan,0.00
8/19/2026 22:51:17,1.17.3,LeftRight,67,3.73,nan,1,Right,Left,540,1582,360,209448296,nan,nan,0.32
8/19/2026 22:51:18,1.17.3,LeftRight,67,3.73,1,1,Pellet,Left,540,1582,361,209448296,0.35,665,nan
8/19/2026 22:53:18,1.17.3,LeftRight,67,3.73,nan,1,Right,Left,540,1583,361,209569342,nan,nan,0.00
8/19/2026 22:53:19,1.17.3,LeftRight,67,3.73,nan,1,Right,Left,540,1584,361,209571185,nan,nan,0.00
8/19/2026 22:53:21,1.17.3,LeftRight,67,3.73,nan,1,Right,Left,540,1585,361,209573172,nan,nan,0.00
8/19/2026 22:53:23,1.17.3,LeftRight,67,3.73,nan,1,Left,Left,541,1585,361,209574561,nan,nan,0.00
8/19/2026 22:53:24,1.17.3,LeftRight,67,3.73,nan,1,Right,Left,541,1586,361,209575504,nan,nan,0.01
8/19/2026 22:53:25,1.17.3,LeftRight,67,3.73,1,1,Pellet,Left,541,1586,362,209575504,0.41,127,nan
8/19/2026 22:55:18,1.17.3,LeftRight,67,3.73,nan,1,Right,Left,541,1587,362,209689169,nan,nan,0.23
8/19/2026 22:55:22,1.17.3,LeftRight,67,3.73,nan,1,Right,Left,541,1588,362,209693619,nan,nan,0.07
8/19/2026 22:55:24,1.17.3,LeftRight,67,3.73,nan,1,Right,Left,541,1589,362,209695974,nan,nan,0.03
8/19/2026 22:55:26,1.17.3,LeftRight,67,3.73,nan,1,Right,Left,541,1590,362,209697394,nan,nan,0.04
8/19/2026 22:55:27,1.17.3,LeftRight,67,3.73,nan,1,Left,Left,542,1590,362,209699114,nan,nan,0.00
8/19/2026 22:55:29,1.17.3,LeftRight,67,3.73,nan,1,Right,Left,542,1591,362,209701109,nan,nan,0.04
8/19/2026 22:55:31,1.17.3,LeftRight,67,3.73,1,1,Pellet,Left,542,1591,363,209701109,0.53,126,nan
8/19/2026 22:59:16,1.17.3,LeftRight,67,3.73,nan,1,Right,Left,542,1592,363,209927240,nan,nan,0.18
8/19/2026 22:59:17,1.17.3,LeftRight,67,3.73,nan,1,Right,Left,542,1593,363,209928961,nan,nan,0.02
8/19/2026 22:59:20,1.17.3,LeftRight,67,3.73,nan,1,Right,Left,542,1594,363,209931415,nan,nan,0.00
8/19/2026 22:59:21,1.17.3,LeftRight,67,3.73,nan,1,Right,Left,542,1595,363,209932664,nan,nan,0.01
8/19/2026 22:59:25,1.17.3,LeftRight,67,3.73,nan,1,Right,Left,542,1596,363,209936893,nan,nan,0.00
8/19/2026 22:59:26,1.17.3,LeftRight,67,3.73,nan,1,Left,Left,543,1596,363,209938196,nan,nan,0.00
8/19/2026 22:59:28,1.17.3,LeftRight,67,3.73,nan,1,Right,Left,543,1597,363,209939290,nan,nan,0.08
8/19/2026 22:59:29,1.17.3,LeftRight,67,3.73,1,1,Pellet,Left,543,1597,364,209939290,0.65,238,nan
8/19/2026 23:02:53,1.17.3,LeftRight,67,3.73,nan,1,Right,Left,543,1598,364,210144269,nan,nan,0.14
8/19/2026 23:02:55,1.17.3,LeftRight,67,3.73,nan,1,Right,Left,543,1599,364,210146851,nan,nan,0.00
8/19/2026 23:02:57,1.17.3,LeftRight,67,3.73,nan,1,Right,Left,543,1600,364,210148393,nan,nan,0.00
8/19/2026 23:03:01,1.17.3,LeftRight,67,3.73,nan,1,Right,Left,543,1601,364,210153062,nan,nan,0.01
8/19/2026 23:03:03,1.17.3,LeftRight,67,3.73,nan,1,Right,Left,543,1602,364,210154315,nan,nan,0.04
8/19/2026 23:06:16,1.17.3,LeftRight,67,3.73,nan,1,Right,Left,543,1603,364,210347622,nan,nan,0.12
8/19/2026 23:06:18,1.17.3,LeftRight,67,3.73,nan,1,Right,Left,543,1604,364,210349584,nan,nan,0.09
8/19/2026 23:06:20,1.17.3,LeftRight,67,3.73,nan,1,Right,Left,543,1605,364,210351508,nan,nan,0.11
8/19/2026 23:06:21,1.17.3,LeftRight,67,3.73,nan,1,Right,Left,543,1606,364,210353020,nan,nan,0.04
8/19/2026 23:06:25,1.17.3,LeftRight,67,3.73,nan,1,Right,Left,543,1607,364,210356832,nan,nan,0.05
8/19/2026 23:06:27,1.17.3,LeftRight,67,3.73,nan,1,Left,Left,544,1607,364,210358783,nan,nan,0.00
8/19/2026 23:06:29,1.17.3,LeftRight,67,3.73,nan,1,Left,Left,545,1607,364,210360398,nan,nan,0.00
8/19/2026 23:06:30,1.17.3,LeftRight,67,3.73,nan,1,Right,Left,545,1608,364,210361641,nan,nan,0.03
8/19/2026 23:06:31,1.17.3,LeftRight,67,3.73,1,1,Pellet,Left,545,1608,365,210361641,0.53,422,nan
8/19/2026 23:10:35,1.17.3,LeftRight,67,3.73,nan,1,Right,Left,545,1609,365,210606357,nan,nan,0.00
8/19/2026 23:13:04,1.17.3,LeftRight,67,3.73,nan,1,Right,Left,545,1610,365,210756180,nan,nan,0.03
8/19/2026 23:13:06,1.17.3,LeftRight,67,3.73,nan,1,Right,Left,545,1611,365,210757460,nan,nan,0.65
8/19/2026 23:13:22,1.17.3,LeftRight,67,3.73,nan,1,Right,Left,545,1612,365,210774222,nan,nan,0.00
8/19/2026 23:13:23,1.17.3,LeftRight,67,3.73,nan,1,Right,Left,545,1613,365,210775166,nan,nan,0.07
8/19/2026 23:13:25,1.17.3,LeftRight,67,3.72,nan,1,Right,Left,545,1614,365,210776628,nan,nan,0.32
8/19/2026 23:13:28,1.17.3,LeftRight,67,3.73,nan,1,Left,Left,546,1614,365,210779323,nan,nan,0.00
8/19/2026 23:13:28,1.17.3,LeftRight,67,3.72,nan,1,Right,Left,546,1615,365,210780267,nan,nan,0.00
8/19/2026 23:13:30,1.17.3,LeftRight,67,3.73,1,1,Pellet,Left,546,1615,366,210780267,0.47,419,nan
8/19/2026 23:14:09,1.17.3,LeftRight,67,3.73,nan,1,Right,Left,546,1616,366,210820476,nan,nan,0.07
8/19/2026 23:14:15,1.17.3,LeftRight,67,3.73,nan,1,Right,Left,546,1617,366,210826099,nan,nan,0.57
8/19/2026 23:15:24,1.17.3,LeftRight,67,3.73,nan,1,Right,Left,546,1618,366,210896205,nan,nan,0.04
8/19/2026 23:15:27,1.17.3,LeftRight,67,3.72,nan,1,Right,Left,546,1619,366,210898830,nan,nan,0.00
8/19/2026 23:15:30,1.17.3,LeftRight,67,3.73,nan,1,Right,Left,546,1620,366,210901567,nan,nan,0.19
8/19/2026 23:15:32,1.17.3,LeftRight,67,3.73,nan,1,Right,Left,546,1621,366,210903445,nan,nan,0.04
8/19/2026 23:15:44,1.17.3,LeftRight,67,3.73,nan,1,Left,Left,547,1621,366,210915294,nan,nan,0.00
8/19/2026 23:15:45,1.17.3,LeftRight,67,3.73,nan,1,Right,Left,547,1622,366,210916238,nan,nan,0.09
8/19/2026 23:15:46,1.17.3,LeftRight,67,3.73,1,1,Pellet,Left,547,1622,367,210916238,0.59,136,nan
8/19/2026 23:15:58,1.17.3,LeftRight,67,3.73,nan,1,Right,Left,547,1623,367,210929990,nan,nan,0.21
8/19/2026 23:16:00,1.17.3,LeftRight,67,3.72,nan,1,Right,Left,547,1624,367,210931290,nan,nan,0.15
8/19/2026 23:16:01,1.17.3,LeftRight,67,3.73,nan,1,Right,Left,547,1625,367,210931938,nan,nan,0.55
8/19/2026 23:16:03,1.17.3,LeftRight,67,3.73,nan,1,Right,Left,547,1626,367,210934174,nan,nan,0.16
8/19/2026 23:16:05,1.17.3,LeftRight,67,3.73,nan,1,Left,Left,548,1626,367,210936818,nan,nan,0.00
8/19/2026 23:16:08,1.17.3,LeftRight,67,3.73,nan,1,RESET,Left,548,1626,367,210939706,nan,nan,nan
8/19/2026 23:16:08,1.17.3,LeftRight,67,3.73,nan,1,Right,Left,548,1627,367,210939847,nan,nan,0.04
8/19/2026 23:16:09,1.17.3,LeftRight,67,3.73,nan,1,Right,Left,548,1628,367,210940829,nan,nan,0.36
8/19/2026 23:16:12,1.17.3,LeftRight,67,3.73,nan,1,Right,Left,548,1629,367,210943180,nan,nan,0.53
8/19/2026 23:16:14,1.17.3,LeftRight,67,3.73,nan,1,Left,Left,549,1629,367,210945430,nan,nan,0.00
8/19/2026 23:16:15,1.17.3,LeftRight,67,3.73,nan,1,Right,Left,549,1630,367,210946232,nan,nan,0.21
8/19/2026 23:16:16,1.17.3,LeftRight,67,3.73,1,1,Pellet,Left,549,1630,368,210946232,0.35,30,nan
8/19/2026 23:16:27,1.17.3,LeftRight,67,3.73,nan,1,Right,Left,549,1631,368,210958444,nan,nan,0.49
8/19/2026 23:16:30,1.17.3,LeftRight,67,3.73,nan,1,Right,Left,549,1632,368,210961222,nan,nan,0.40
8/19/2026 23:16:32,1.17.3,LeftRight,67,3.73,nan,1,Right,Left,549,1633,368,210963158,nan,nan,0.32
8/19/2026 23:16:35,1.17.3,LeftRight,67,3.73,nan,1,Left,Left,550,1633,368,210967129,nan,nan,0.00
8/19/2026 23:16:37,1.17.3,LeftRight,67,3.73,nan,1,Left,Left,551,1633,368,210968665,nan,nan,0.00
8/19/2026 23:16:38,1.17.3,LeftRight,67,3.73,nan,1,Right,Left,551,1634,368,210969311,nan,nan,0.05
8/19/2026 23:16:39,1.17.3,LeftRight,67,3.73,2,1,Pellet,Left,551,1634,369,210969311,0.11,23,nan
8/19/2026 23:16:45,1.17.3,LeftRight,67,3.73,nan,1,Right,Left,551,1635,369,210976532,nan,nan,0.05
8/19/2026 23:16:49,1.17.3,LeftRight,67,3.73,nan,1,Left,Left,552,1635,369,210980864,nan,nan,0.00
8/19/2026 23:16:50,1.17.3,LeftRight,67,3.73,nan,1,Right,Left,552,1636,369,210981667,nan,nan,0.03
8/19/2026 23:16:53,1.17.3,LeftRight,67,3.73,2,1,Pellet,Left,552,1636,370,210981667,0.77,14,nan
8/19/2026 23:17:32,1.17.3,LeftRight,67,3.73,nan,1,Right,Left,552,1637,370,211023785,nan,nan,0.16
8/19/2026 23:17:34,1.17.3,LeftRight,67,3.73,nan,1,Right,Left,552,1638,370,211025929,nan,nan,0.03
8/19/2026 23:17:36,1.17.3,LeftRight,67,3.73,nan,1,Right,Left,552,1639,370,211027645,nan,nan,0.14
8/19/2026 23:17:40,1.17.3,LeftRight,67,3.73,nan,1,Right,Left,552,1640,370,211031563,nan,nan,0.14
8/19/2026 23:17:42,1.17.3,LeftRight,67,3.73,nan,1,Right,Left,552,1641,370,211034135,nan,nan,0.01
8/19/2026 23:17:45,1.17.3,LeftRight,67,3.73,nan,1,Left,Left,553,1641,370,211036426,nan,nan,0.00
8/19/2026 23:17:46,1.17.3,LeftRight,67,3.73,nan,1,Right,Left,553,1642,370,211037677,nan,nan,0.00
8/19/2026 23:17:47,1.17.3,LeftRight,67,3.73,1,1,Pellet,Left,553,1642,371,211037677,0.47,54,nan
8/19/2026 23:17:54,1.17.3,LeftRight,67,3.72,nan,1,Right,Left,553,1643,371,211045566,nan,nan,0.11
8/19/2026 23:17:56,1.17.3,LeftRight,67,3.73,nan,1,Right,Left,553,1644,371,211047962,nan,nan,0.07
8/19/2026 23:17:58,1.17.3,LeftRight,67,3.73,nan,1,Right,Left,553,1645,371,211049721,nan,nan,0.22
8/19/2026 23:18:01,1.17.3,LeftRight,67,3.73,nan,1,Right,Left,553,1646,371,211052220,nan,nan,0.14
8/19/2026 23:18:03,1.17.3,LeftRight,67,3.73,nan,1,Right,Left,553,1647,371,211054348,nan,nan,0.48
8/19/2026 23:20:53,1.17.3,LeftRight,67,3.73,nan,1,Right,Left,553,1648,371,211224243,nan,nan,0.09
8/19/2026 23:20:54,1.17.3,LeftRight,67,3.73,nan,1,Right,Left,553,1649,371,211225131,nan,nan,0.18
8/19/2026 23:20:56,1.17.3,LeftRight,67,3.72,nan,1,Left,Left,554,1649,371,211228123,nan,nan,0.00
8/19/2026 23:20:57,1.17.3,LeftRight,67,3.73,nan,1,Right,Left,554,1650,371,211228769,nan,nan,0.00
8/19/2026 23:20:58,1.17.3,LeftRight,67,3.73,1,1,Pellet,Left,554,1650,372,211228769,0.47,191,nan
8/19/2026 23:22:01,1.17.3,LeftRight,67,3.73,nan,1,Right,Left,554,1651,372,211292510,nan,nan,0.00
8/19/2026 23:22:02,1.17.3,LeftRight,67,3.72,nan,1,Right,Left,554,1652,372,211293610,nan,nan,0.09
8/19/2026 23:22:31,1.17.3,LeftRight,67,3.73,nan,1,Right,Left,554,1653,372,211322347,nan,nan,0.00
8/19/2026 23:22:32,1.17.3,LeftRight,67,3.73,nan,1,Right,Left,554,1654,372,211323440,nan,nan,0.00
8/19/2026 23:22:34,1.17.3,LeftRight,67,3.73,nan,1,Right,Left,554,1655,372,211325874,nan,nan,0.00
8/19/2026 23:22:36,1.17.3,LeftRight,67,3.73,nan,1,Right,Left,554,1656,372,211327563,nan,nan,0.02
8/19/2026 23:22:38,1.17.3,LeftRight,67,3.73,nan,1,Right,Left,554,1657,372,211329281,nan,nan,0.12
8/19/2026 23:22:39,1.17.3,LeftRight,67,3.73,nan,1,Left,Left,555,1657,372,211331088,nan,nan,0.00
8/19/2026 23:22:40,1.17.3,LeftRight,67,3.73,nan,1,Right,Left,555,1658,372,211332033,nan,nan,0.02
8/19/2026 23:22:42,1.17.3,LeftRight,67,3.72,1,1,Pellet,Left,555,1658,373,211332033,0.65,104,nan
8/19/2026 23:22:49,1.17.3,LeftRight,67,3.73,nan,1,Right,Left,555,1659,373,211340812,nan,nan,0.00
8/19/2026 23:22:51,1.17.3,LeftRight,67,3.73,nan,1,Right,Left,555,1660,373,211343255,nan,nan,0.01
8/19/2026 23:22:53,1.17.3,LeftRight,67,3.73,nan,1,Right,Left,555,1661,373,211344661,nan,nan,0.14
8/19/2026 23:22:57,1.17.3,LeftRight,67,3.73,nan,1,Right,Left,555,1662,373,211349166,nan,nan,0.00
8/19/2026 23:23:03,1.17.3,LeftRight,67,3.73,nan,1,Right,Left,555,1663,373,211354285,nan,nan,0.03
8/19/2026 23:34:37,1.17.3,LeftRight,67,3.73,nan,1,Right,Left,555,1664,373,212049118,nan,nan,0.03
8/19/2026 23:34:42,1.17.3,LeftRight,67,3.73,nan,1,Right,Left,555,1665,373,212053662,nan,nan,0.00
8/19/2026 23:34:52,1.17.3,LeftRight,67,3.72,nan,1,Right,Left,555,1666,373,212064147,nan,nan,0.00
8/19/2026 23:34:54,1.17.3,LeftRight,67,3.73,nan,1,Right,Left,555,1667,373,212065699,nan,nan,0.00
8/19/2026 23:34:56,1.17.3,LeftRight,67,3.73,nan,1,Right,Left,555,1668,373,212067983,nan,nan,0.08
8/19/2026 23:34:58,1.17.3,LeftRight,67,3.73,nan,1,Right,Left,555,1669,373,212069455,nan,nan,0.11
8/19/2026 23:34:59,1.17.3,LeftRight,67,3.72,nan,1,Left,Left,556,1669,373,212071258,nan,nan,0.00
8/19/2026 23:35:00,1.17.3,LeftRight,67,3.73,nan,1,Right,Left,556,1670,373,212071911,nan,nan,0.00
8/19/2026 23:35:01,1.17.3,LeftRight,67,3.73,1,1,Pellet,Left,556,1670,374,212071911,0.65,739,nan
8/19/2026 23:35:09,1.17.3,LeftRight,67,3.72,nan,1,Right,Left,556,1671,374,212080252,nan,nan,0.48
8/19/2026 23:35:11,1.17.3,LeftRight,67,3.73,nan,1,Right,Left,556,1672,374,212082867,nan,nan,0.04
8/19/2026 23:35:13,1.17.3,LeftRight,67,3.73,nan,1,Right,Left,556,1673,374,212084448,nan,nan,0.19
8/19/2026 23:35:14,1.17.3,LeftRight,67,3.73,nan,1,Left,Left,557,1673,374,212085779,nan,nan,0.00
8/19/2026 23:35:16,1.17.3,LeftRight,67,3.73,nan,1,Right,Left,557,1674,374,212087318,nan,nan,0.02
8/19/2026 23:35:17,1.17.3,LeftRight,67,3.73,1,1,Pellet,Left,557,1674,375,212087318,0.59,16,nan
8/19/2026 23:35:43,1.17.3,LeftRight,67,3.73,nan,1,Right,Left,557,1675,375,212114892,nan,nan,0.00
8/19/2026 23:40:24,1.17.3,LeftRight,67,3.73,nan,1,Left,Left,558,1675,375,212396141,nan,nan,0.00
8/19/2026 23:40:25,1.17.3,LeftRight,67,3.72,nan,1,Right,Left,558,1676,375,212397092,nan,nan,0.22
8/19/2026 23:40:27,1.17.3,LeftRight,67,3.72,1,1,Pellet,Left,558,1676,376,212397092,0.41,310,nan
8/19/2026 23:41:05,1.17.3,LeftRight,67,3.73,nan,1,Right,Left,558,1677,376,212437066,nan,nan,0.07
8/19/2026 23:41:11,1.17.3,LeftRight,67,3.73,nan,1,Right,Left,558,1678,376,212442987,nan,nan,0.01
8/19/2026 23:41:14,1.17.3,LeftRight,67,3.72,nan,1,Right,Left,558,1679,376,212445579,nan,nan,0.00
8/19/2026 23:41:35,1.17.3,LeftRight,67,3.72,nan,1,Right,Left,558,1680,376,212466617,nan,nan,0.06
8/19/2026 23:41:37,1.17.3,LeftRight,67,3.73,nan,1,Left,Left,559,1680,376,212468528,nan,nan,0.00
8/19/2026 23:41:40,1.17.3,LeftRight,67,3.73,nan,1,Right,Left,559,1681,376,212471408,nan,nan,0.23
8/19/2026 23:41:41,1.17.3,LeftRight,67,3.73,1,1,Pellet,Left,559,1681,377,212471408,0.41,74,nan
8/19/2026 23:43:21,1.17.3,LeftRight,67,3.73,nan,1,Right,Left,559,1682,377,212572495,nan,nan,0.00
8/19/2026 23:43:22,1.17.3,LeftRight,67,3.72,nan,1,Right,Left,559,1683,377,212574333,nan,nan,0.00
8/19/2026 23:43:24,1.17.3,LeftRight,67,3.73,nan,1,Left,Left,560,1683,377,212575582,nan,nan,0.00
8/19/2026 23:43:25,1.17.3,LeftRight,67,3.73,nan,1,Right,Left,560,1684,377,212576526,nan,nan,0.04
8/19/2026 23:43:26,1.17.3,LeftRight,67,3.73,1,1,Pellet,Left,560,1684,378,212576526,0.53,105,nan
8/19/2026 23:48:09,1.17.3,LeftRight,67,3.73,nan,1,Right,Left,560,1685,378,212861264,nan,nan,0.00
8/19/2026 23:48:12,1.17.3,LeftRight,67,3.73,nan,1,Right,Left,560,1686,378,212863849,nan,nan,0.00
8/19/2026 23:48:13,1.17.3,LeftRight,67,3.73,nan,1,Right,Left,560,1687,378,212865100,nan,nan,0.00
8/19/2026 23:48:15,1.17.3,LeftRight,67,3.73,nan,1,Left,Left,561,1687,378,212866670,nan,nan,0.00
8/19/2026 23:48:17,1.17.3,LeftRight,67,3.73,nan,1,Right,Left,561,1688,378,212868508,nan,nan,0.00
8/19/2026 23:48:18,1.17.3,LeftRight,67,3.73,1,1,Pellet,Left,561,1688,379,212868508,0.53,292,nan
8/19/2026 23:49:22,1.17.3,LeftRight,67,3.73,nan,1,Right,Left,561,1689,379,212933556,nan,nan,0.00
8/19/2026 23:49:33,1.17.3,LeftRight,67,3.73,nan,1,Right,Left,561,1690,379,212944782,nan,nan,0.06
8/19/2026 23:49:35,1.17.3,LeftRight,67,3.73,nan,1,Right,Left,561,1691,379,212946080,nan,nan,0.30
8/19/2026 23:49:39,1.17.3,LeftRight,67,3.73,nan,1,Right,Left,561,1692,379,212950449,nan,nan,0.00
8/19/2026 23:49:58,1.17.3,LeftRight,67,3.73,nan,1,Left,Left,562,1692,379,212969580,nan,nan,0.00
8/19/2026 23:49:59,1.17.3,LeftRight,67,3.73,nan,1,Right,Left,562,1693,379,212970376,nan,nan,0.00
8/19/2026 23:50:00,1.17.3,LeftRight,67,3.72,1,1,Pellet,Left,562,1693,380,212970376,0.59,102,nan
8/19/2026 23:56:52,1.17.3,LeftRight,67,3.73,nan,1,Right,Left,562,1694,380,213383852,nan,nan,0.06
8/19/2026 23:56:54,1.17.3,LeftRight,67,3.73,nan,1,Left,Left,563,1694,380,213385568,nan,nan,0.00
8/19/2026 23:56:56,1.17.3,LeftRight,67,3.73,nan,1,Right,Left,563,1695,380,213387706,nan,nan,0.00
8/19/2026 23:56:57,1.17.3,LeftRight,67,3.72,1,1,Pellet,Left,563,1695,381,213387706,0.65,417,nan
8/19/2026 23:58:49,1.17.3,LeftRight,67,3.73,nan,1,Right,Left,563,1696,381,213500567,nan,nan,0.06
8/19/2026 23:58:52,1.17.3,LeftRight,67,3.72,nan,1,Right,Left,563,1697,381,213503666,nan,nan,0.00
8/19/2026 23:58:54,1.17.3,LeftRight,67,3.73,nan,1,Left,Left,564,1697,381,213505398,nan,nan,0.00
8/19/2026 23:58:54,1.17.3,LeftRight,67,3.73,nan,1,Right,Left,564,1698,381,213506045,nan,nan,0.15
8/19/2026 23:58:56,1.17.3,LeftRight,67,3.73,1,1,Pellet,Left,564,1698,382,213506045,0.89,119,nan
8/19/2026 23:59:52,1.17.3,LeftRight,67,3.72,nan,1,Right,Left,564,1699,382,213564267,nan,nan,0.08
8/19/2026 23:59:54,1.17.3,LeftRight,67,3.73,nan,1,Left,Left,565,1699,382,213565599,nan,nan,0.00
8/19/2026 23:59:56,1.17.3,LeftRight,67,3.73,nan,1,Right,Left,565,1700,382,213567588,nan,nan,0.02
8/19/2026 23:59:57,1.17.3,LeftRight,67,3.73,1,1,Pellet,Left,565,1700,383,213567588,0.35,61,nan
8/20/2026 0:00:57,1.17.3,LeftRight,67,3.73,nan,1,Left,Left,566,1700,383,213628922,nan,nan,0.00
8/20/2026 0:01:00,1.17.3,LeftRight,67,3.73,nan,1,Right,Left,566,1701,383,213632104,nan,nan,0.00
8/20/2026 0:01:01,1.17.3,LeftRight,67,3.72,1,1,Pellet,Left,566,1701,384,213632104,0.47,64,nan
8/20/2026 0:03:21,1.17.3,LeftRight,67,3.72,nan,1,Right,Left,566,1702,384,213773084,nan,nan,0.00
8/20/2026 0:03:23,1.17.3,LeftRight,67,3.73,nan,1,Right,Left,566,1703,384,213775073,nan,nan,0.00
8/20/2026 0:03:26,1.17.3,LeftRight,67,3.73,nan,1,Right,Left,566,1704,384,213777509,nan,nan,0.00
8/20/2026 0:03:28,1.17.3,LeftRight,67,3.73,nan,1,Left,Left,567,1704,384,213779985,nan,nan,0.00
8/20/2026 0:03:29,1.17.3,LeftRight,67,3.72,nan,1,Right,Left,567,1705,384,213780631,nan,nan,0.02
8/20/2026 0:03:30,1.17.3,LeftRight,67,3.73,1,1,Pellet,Left,567,1705,385,213780631,0.59,149,nan
8/20/2026 0:04:10,1.17.3,LeftRight,67,3.73,nan,1,Right,Left,567,1706,385,213821795,nan,nan,0.00
8/20/2026 0:04:12,1.17.3,LeftRight,67,3.73,nan,1,Right,Left,567,1707,385,213823784,nan,nan,0.02
8/20/2026 0:04:13,1.17.3,LeftRight,67,3.73,nan,1,Right,Left,567,1708,385,213825193,nan,nan,0.00
8/20/2026 0:04:15,1.17.3,LeftRight,67,3.72,nan,1,Left,Left,568,1708,385,213826735,nan,nan,0.00
8/20/2026 0:04:17,1.17.3,LeftRight,67,3.73,nan,1,Right,Left,568,1709,385,213828731,nan,nan,0.11
8/20/2026 0:04:18,1.17.3,LeftRight,67,3.72,1,1,Pellet,Left,568,1709,386,213828731,0.35,48,nan
8/20/2026 0:06:13,1.17.3,LeftRight,67,3.73,nan,1,Right,Left,568,1710,386,213945052,nan,nan,0.00
8/20/2026 0:06:15,1.17.3,LeftRight,67,3.72,nan,1,Right,Left,568,1711,386,213946596,nan,nan,0.01
8/20/2026 0:06:16,1.17.3,LeftRight,67,3.73,nan,1,Left,Left,569,1711,386,213948176,nan,nan,0.00
8/20/2026 0:06:18,1.17.3,LeftRight,67,3.72,nan,1,Right,Left,569,1712,386,213949872,nan,nan,0.03
8/20/2026 0:06:19,1.17.3,LeftRight,67,3.73,1,1,Pellet,Left,569,1712,387,213949872,0.47,121,nan
8/20/2026 0:07:38,1.17.3,LeftRight,67,3.72,nan,1,Right,Left,569,1713,387,214029884,nan,nan,0.10
8/20/2026 0:07:40,1.17.3,LeftRight,67,3.72,nan,1,Right,Left,569,1714,387,214031378,nan,nan,0.11
8/20/2026 0:07:41,1.17.3,LeftRight,67,3.72,nan,1,Left,Left,570,1714,387,214032880,nan,nan,0.00
8/20/2026 0:07:43,1.17.3,LeftRight,67,3.72,nan,1,Right,Left,570,1715,387,214034716,nan,nan,0.00
8/20/2026 0:07:44,1.17.3,LeftRight,67,3.73,1,1,Pellet,Left,570,1715,388,214034716,0.53,85,nan
8/20/2026 0:14:47,1.17.3,LeftRight,67,3.72,nan,1,Right,Left,570,1716,388,214459317,nan,nan,0.00
8/20/2026 0:14:49,1.17.3,LeftRight,67,3.72,nan,1,Left,Left,571,1716,388,214461345,nan,nan,0.00
8/20/2026 0:14:53,1.17.3,LeftRight,67,3.73,nan,1,RESET,Left,571,1716,388,214464817,nan,nan,nan
8/20/2026 0:14:53,1.17.3,LeftRight,67,3.72,nan,1,Right,Left,571,1717,388,214465405,nan,nan,0.00
8/20/2026 0:14:57,1.17.3,LeftRight,67,3.73,nan,1,Right,Left,571,1718,388,214468743,nan,nan,0.12
8/20/2026 0:15:01,1.17.3,LeftRight,67,3.73,nan,1,Right,Left,571,1719,388,214472479,nan,nan,0.03
8/20/2026 0:15:03,1.17.3,LeftRight,67,3.72,nan,1,Left,Left,572,1719,388,214475087,nan,nan,0.00
8/20/2026 0:15:06,1.17.3,LeftRight,67,3.72,nan,1,Left,Left,573,1719,388,214478116,nan,nan,0.00
8/20/2026 0:15:07,1.17.3,LeftRight,67,3.72,nan,1,Right,Left,573,1720,388,214479060,nan,nan,0.00
8/20/2026 0:15:09,1.17.3,LeftRight,67,3.72,1,1,Pellet,Left,573,1720,389,214479060,0.95,445,nan
8/20/2026 0:15:38,1.17.3,LeftRight,67,3.73,nan,1,Right,Left,573,1721,389,214509827,nan,nan,0.19
8/20/2026 0:15:40,1.17.3,LeftRight,67,3.72,nan,1,Right,Left,573,1722,389,214511859,nan,nan,0.00
8/20/2026 0:15:44,1.17.3,LeftRight,67,3.73,nan,1,Right,Left,573,1723,389,214515484,nan,nan,0.31
8/20/2026 0:15:48,1.17.3,LeftRight,67,3.73,nan,1,Right,Left,573,1724,389,214519717,nan,nan,0.09
8/20/2026 0:15:50,1.17.3,LeftRight,67,3.72,nan,1,Left,Left,574,1724,389,214521680,nan,nan,0.00
8/20/2026 0:15:53,1.17.3,LeftRight,67,3.73,nan,1,RESET,Left,574,1724,389,214524864,nan,nan,nan
8/20/2026 0:17:38,1.17.3,LeftRight,67,3.73,nan,1,Right,Left,574,1725,389,214630238,nan,nan,0.10
8/20/2026 0:17:40,1.17.3,LeftRight,67,3.73,nan,1,Right,Left,574,1726,389,214632323,nan,nan,0.05
8/20/2026 0:17:42,1.17.3,LeftRight,67,3.72,nan,1,Right,Left,574,1727,389,214633465,nan,nan,0.19
8/20/2026 0:17:44,1.17.3,LeftRight,67,3.72,nan,1,Right,Left,574,1728,389,214635941,nan,nan,0.00
8/20/2026 0:17:45,1.17.3,LeftRight,67,3.73,nan,1,Right,Left,574,1729,389,214637189,nan,nan,0.01
8/20/2026 0:17:47,1.17.3,LeftRight,67,3.72,nan,1,Right,Left,574,1730,389,214638883,nan,nan,0.11
8/20/2026 0:17:49,1.17.3,LeftRight,67,3.73,nan,1,Left,Left,575,1730,389,214640610,nan,nan,0.00
8/20/2026 0:17:52,1.17.3,LeftRight,67,3.72,nan,1,RESET,Left,575,1730,389,214643936,nan,nan,nan
8/20/2026 0:17:55,1.17.3,LeftRight,67,3.72,nan,1,Right,Left,575,1731,389,214646757,nan,nan,0.03
8/20/2026 0:18:24,1.17.3,LeftRight,67,3.72,nan,1,Left,Left,576,1731,389,214676166,nan,nan,0.00
8/20/2026 0:18:27,1.17.3,LeftRight,67,3.73,nan,1,Right,Left,576,1732,389,214679343,nan,nan,0.00
8/20/2026 0:18:39,1.17.3,LeftRight,67,3.72,nan,1,LeftWithPellet,Left,577,1732,389,214679343,nan,nan,0.05
8/20/2026 0:18:40,1.17.3,LeftRight,67,3.73,1,1,Pellet,Left,577,1732,390,214679343,11.85,211,nan
8/20/2026 0:19:14,1.17.3,LeftRight,67,3.71,nan,1,Right,Left,577,1733,390,214725517,nan,nan,0.17
8/20/2026 0:19:17,1.17.3,LeftRight,67,3.72,nan,1,Right,Left,577,1734,390,214728868,nan,nan,0.00
8/20/2026 0:19:18,1.17.3,LeftRight,67,3.73,nan,1,Right,Left,577,1735,390,214729961,nan,nan,0.05
8/20/2026 0:19:23,1.17.3,LeftRight,67,3.72,nan,1,Right,Left,577,1736,390,214735126,nan,nan,0.21
8/20/2026 0:19:25,1.17.3,LeftRight,67,3.73,nan,1,Right,Left,577,1737,390,214737029,nan,nan,0.10
8/20/2026 0:19:28,1.17.3,LeftRight,67,3.72,nan,1,Left,Left,578,1737,390,214739564,nan,nan,0.00
8/20/2026 0:19:28,1.17.3,LeftRight,67,3.72,nan,1,Right,Left,578,1738,390,214740359,nan,nan,0.00
8/20/2026 0:19:30,1.17.3,LeftRight,67,3.73,1,1,Pellet,Left,578,1738,391,214740359,0.59,50,nan
8/20/2026 0:19:44,1.17.3,LeftRight,67,3.73,nan,1,Right,Left,578,1739,391,214755613,nan,nan,0.00
8/20/2026 0:19:45,1.17.3,LeftRight,67,3.72,nan,1,Right,Left,578,1740,391,214756855,nan,nan,0.19
8/20/2026 0:19:47,1.17.3,LeftRight,67,3.72,nan,1,Left,Left,579,1740,391,214758839,nan,nan,0.00
8/20/2026 0:19:49,1.17.3,LeftRight,67,3.72,nan,1,Left,Left,580,1740,391,214760537,nan,nan,0.00
8/20/2026 0:19:52,1.17.3,LeftRight,67,3.72,nan,1,Right,Left,580,1741,391,214763274,nan,nan,0.19
8/20/2026 0:19:53,1.17.3,LeftRight,67,3.73,1,1,Pellet,Left,580,1741,392,214763274,0.47,23,nan
8/20/2026 0:20:00,1.17.3,LeftRight,67,3.72,nan,1,Right,Left,580,1742,392,214771863,nan,nan,0.00
8/20/2026 0:20:02,1.17.3,LeftRight,67,3.73,nan,1,Right,Left,580,1743,392,214774150,nan,nan,0.00
8/20/2026 0:20:13,1.17.3,LeftRight,67,3.72,nan,1,Right,Left,580,1744,392,214785084,nan,nan,0.02
8/20/2026 0:20:20,1.17.3,LeftRight,67,3.73,nan,1,Right,Left,580,1745,392,214791899,nan,nan,0.01
8/20/2026 0:20:21,1.17.3,LeftRight,67,3.73,nan,1,Left,Left,581,1745,392,214793253,nan,nan,0.00
8/20/2026 0:20:22,1.17.3,LeftRight,67,3.73,nan,1,Right,Left,581,1746,392,214794197,nan,nan,0.00
8/20/2026 0:20:23,1.17.3,LeftRight,67,3.72,1,1,Pellet,Left,581,1746,393,214794197,0.41,30,nan
8/20/2026 0:20:38,1.17.3,LeftRight,67,3.73,nan,1,Right,Left,581,1747,393,214809853,nan,nan,0.03
8/20/2026 0:20:40,1.17.3,LeftRight,67,3.73,nan,1,Left,Left,582,1747,393,214811685,nan,nan,0.00
8/20/2026 0:20:41,1.17.3,LeftRight,67,3.72,nan,1,Right,Left,582,1748,393,214812487,nan,nan,0.15
8/20/2026 0:20:42,1.17.3,LeftRight,67,3.72,1,1,Pellet,Left,582,1748,394,214812487,0.41,19,nan
8/20/2026 0:20:51,1.17.3,LeftRight,67,3.72,nan,1,Right,Left,582,1749,394,214823147,nan,nan,0.06
8/20/2026 0:21:01,1.17.3,LeftRight,67,3.72,nan,1,Right,Left,582,1750,394,214833244,nan,nan,0.00
8/20/2026 0:25:01,1.17.3,LeftRight,67,3.72,nan,1,Right,Left,582,1751,394,215072507,nan,nan,0.16
8/20/2026 0:25:04,1.17.3,LeftRight,67,3.72,nan,1,Left,Left,583,1751,394,215075708,nan,nan,0.00
8/20/2026 0:25:06,1.17.3,LeftRight,67,3.73,nan,1,Right,Left,583,1752,394,215077546,nan,nan,0.04
8/20/2026 0:25:07,1.17.3,LeftRight,67,3.72,1,1,Pellet,Left,583,1752,395,215077546,0.71,265,nan
8/20/2026 0:29:52,1.17.3,LeftRight,67,3.72,nan,1,Right,Left,583,1753,395,215363730,nan,nan,0.00
8/20/2026 0:29:54,1.17.3,LeftRight,67,3.72,nan,1,Left,Left,584,1753,395,215365570,nan,nan,0.00
8/20/2026 0:29:54,1.17.3,LeftRight,67,3.73,nan,1,Right,Left,584,1754,395,215366224,nan,nan,0.00
8/20/2026 0:29:56,1.17.3,LeftRight,67,3.71,1,1,Pellet,Left,584,1754,396,215366224,1.31,289,nan
8/20/2026 0:30:57,1.17.3,LeftRight,67,3.73,nan,1,Right,Left,584,1755,396,215428608,nan,nan,0.04
8/20/2026 0:30:58,1.17.3,LeftRight,67,3.72,nan,1,Right,Left,584,1756,396,215430040,nan,nan,0.02
8/20/2026 0:31:00,1.17.3,LeftRight,67,3.73,nan,1,Left,Left,585,1756,396,215431771,nan,nan,0.00
8/20/2026 0:31:02,1.17.3,LeftRight,67,3.72,nan,1,Right,Left,585,1757,396,215433468,nan,nan,0.05
8/20/2026 0:31:03,1.17.3,LeftRight,67,3.72,1,1,Pellet,Left,585,1757,397,215433468,0.77,67,nan
8/20/2026 0:34:34,1.17.3,LeftRight,67,3.72,nan,1,Right,Left,585,1758,397,215645969,nan,nan,0.00
8/20/2026 0:34:37,1.17.3,LeftRight,67,3.72,nan,1,Right,Left,585,1759,397,215648554,nan,nan,0.47
8/20/2026 0:34:40,1.17.3,LeftRight,67,3.72,nan,1,Right,Left,585,1760,397,215652059,nan,nan,0.05
8/20/2026 0:34:43,1.17.3,LeftRight,67,3.72,nan,1,Left,Left,586,1760,397,215655004,nan,nan,0.00
8/20/2026 0:34:44,1.17.3,LeftRight,67,3.72,nan,1,Right,Left,586,1761,397,215655806,nan,nan,0.00
8/20/2026 0:34:45,1.17.3,LeftRight,67,3.72,1,1,Pellet,Left,586,1761,398,215655806,0.41,222,nan
8/20/2026 0:35:07,1.17.3,LeftRight,67,3.72,nan,1,Right,Left,586,1762,398,215679197,nan,nan,0.23
8/20/2026 0:38:55,1.17.3,LeftRight,67,3.72,nan,1,Right,Left,586,1763,398,215906892,nan,nan,0.00
8/20/2026 0:38:58,1.17.3,LeftRight,67,3.72,nan,1,Right,Left,586,1764,398,215910226,nan,nan,0.05
8/20/2026 0:39:01,1.17.3,LeftRight,67,3.72,nan,1,Right,Left,586,1765,398,215913315,nan,nan,0.00
8/20/2026 0:39:03,1.17.3,LeftRight,67,3.72,nan,1,Right,Left,586,1766,398,215914857,nan,nan,0.08
8/20/2026 0:39:12,1.17.3,LeftRight,67,3.72,nan,1,Right,Left,586,1767,398,215923499,nan,nan,0.00
8/20/2026 0:39:14,1.17.3,LeftRight,67,3.72,nan,1,Left,Left,587,1767,398,215925851,nan,nan,0.00
8/20/2026 0:39:17,1.17.3,LeftRight,67,3.72,nan,1,RESET,Left,587,1767,398,215928883,nan,nan,nan
8/20/2026 0:39:24,1.17.3,LeftRight,67,3.72,nan,1,Right,Left,587,1768,398,215936187,nan,nan,0.06
8/20/2026 0:39:26,1.17.3,LeftRight,67,3.71,nan,1,Left,Left,588,1768,398,215938245,nan,nan,0.00
8/20/2026 0:39:28,1.17.3,LeftRight,67,3.72,nan,1,Right,Left,588,1769,398,215939489,nan,nan,0.00
8/20/2026 0:39:29,1.17.3,LeftRight,67,3.72,1,1,Pellet,Left,588,1769,399,215939489,0.89,284,nan
8/20/2026 0:43:26,1.17.3,LeftRight,67,3.72,nan,1,Left,Left,589,1769,399,216178285,nan,nan,0.00
8/20/2026 0:43:29,1.17.3,LeftRight,67,3.72,nan,1,Right,Left,589,1770,399,216181019,nan,nan,0.08
8/20/2026 0:43:31,1.17.3,LeftRight,67,3.72,1,1,Pellet,Left,589,1770,400,216181019,0.65,241,nan
8/20/2026 0:49:38,1.17.3,LeftRight,67,3.72,nan,1,Left,Left,590,1770,400,216550154,nan,nan,0.00
8/20/2026 0:49:39,1.17.3,LeftRight,67,3.72,nan,1,Right,Left,590,1771,400,216551099,nan,nan,0.00
8/20/2026 0:49:41,1.17.3,LeftRight,67,3.72,1,1,Pellet,Left,590,1771,401,216551099,0.77,371,nan
8/20/2026 0:52:21,1.17.3,LeftRight,67,3.72,nan,1,Right,Left,590,1772,401,216713289,nan,nan,0.02
8/20/2026 0:52:24,1.17.3,LeftRight,67,3.72,nan,1,Right,Left,590,1773,401,216715600,nan,nan,0.00
8/20/2026 0:52:27,1.17.3,LeftRight,67,3.72,nan,1,Right,Left,590,1774,401,216718926,nan,nan,0.00
8/20/2026 0:52:31,1.17.3,LeftRight,67,3.72,nan,1,Right,Left,590,1775,401,216722846,nan,nan,0.01
8/20/2026 0:52:32,1.17.3,LeftRight,67,3.72,nan,1,Right,Left,590,1776,401,216724250,nan,nan,0.10
8/20/2026 0:52:41,1.17.3,LeftRight,67,3.72,nan,1,Right,Left,590,1777,401,216732586,nan,nan,0.18
8/20/2026 0:52:45,1.17.3,LeftRight,67,3.72,nan,1,Right,Left,590,1778,401,216736992,nan,nan,0.09
8/20/2026 0:56:48,1.17.3,LeftRight,67,3.72,nan,1,Right,Left,590,1779,401,216980434,nan,nan,0.00
8/20/2026 0:58:21,1.17.3,LeftRight,67,3.72,nan,1,Left,Left,591,1779,401,217072523,nan,nan,0.00
8/20/2026 0:58:24,1.17.3,LeftRight,67,3.72,nan,1,RESET,Left,591,1779,401,217075996,nan,nan,nan
8/20/2026 0:59:13,1.17.3,LeftRight,67,3.72,nan,1,Right,Left,591,1780,401,217125236,nan,nan,0.15
8/20/2026 0:59:15,1.17.3,LeftRight,67,3.72,nan,1,Right,Left,591,1781,401,217126775,nan,nan,0.08
8/20/2026 0:59:17,1.17.3,LeftRight,67,3.72,nan,1,Left,Left,592,1781,401,217128886,nan,nan,0.00
8/20/2026 0:59:19,1.17.3,LeftRight,67,3.72,nan,1,Right,Left,592,1782,401,217130574,nan,nan,0.01
8/20/2026 0:59:22,1.17.3,LeftRight,67,3.72,2,1,Pellet,Left,592,1782,402,217130574,1.07,581,nan
8/20/2026 1:00:10,1.17.3,LeftRight,67,3.72,nan,1,Right,Left,592,1783,402,217182078,nan,nan,0.13
8/20/2026 1:00:12,1.17.3,LeftRight,67,3.72,nan,1,Right,Left,592,1784,402,217184041,nan,nan,0.15
8/20/2026 1:00:14,1.17.3,LeftRight,67,3.72,nan,1,Left,Left,593,1784,402,217185946,nan,nan,0.00
8/20/2026 1:00:15,1.17.3,LeftRight,67,3.72,nan,1,Right,Left,593,1785,402,217186890,nan,nan,0.06
8/20/2026 1:00:16,1.17.3,LeftRight,67,3.72,1,1,Pellet,Left,593,1785,403,217186890,0.47,54,nan
8/20/2026 1:00:28,1.17.3,LeftRight,67,3.72,nan,1,Right,Left,593,1786,403,217199762,nan,nan,0.07
8/20/2026 1:00:30,1.17.3,LeftRight,67,3.72,nan,1,Right,Left,593,1787,403,217201517,nan,nan,0.10
8/20/2026 1:00:33,1.17.3,LeftRight,67,3.72,nan,1,Right,Left,593,1788,403,217204814,nan,nan,0.00
8/20/2026 1:00:34,1.17.3,LeftRight,67,3.72,nan,1,Right,Left,593,1789,403,217205908,nan,nan,0.06
8/20/2026 1:00:37,1.17.3,LeftRight,67,3.72,nan,1,Right,Left,593,1790,403,217208698,nan,nan,0.08
8/20/2026 1:00:38,1.17.3,LeftRight,67,3.72,nan,1,Right,Left,593,1791,403,217210316,nan,nan,0.01
8/20/2026 1:00:43,1.17.3,LeftRight,67,3.72,nan,1,Right,Left,593,1792,403,217214842,nan,nan,0.07
8/20/2026 1:00:44,1.17.3,LeftRight,67,3.72,nan,1,Left,Left,594,1792,403,217216306,nan,nan,0.00
8/20/2026 1:00:45,1.17.3,LeftRight,67,3.72,nan,1,Left,Left,595,1792,403,217216824,nan,nan,0.00
8/20/2026 1:00:47,1.17.3,LeftRight,67,3.72,nan,1,Right,Left,595,1793,403,217218513,nan,nan,0.15
8/20/2026 1:00:48,1.17.3,LeftRight,67,3.72,1,1,Pellet,Left,595,1793,404,217218513,0.59,32,nan
8/20/2026 1:00:57,1.17.3,LeftRight,67,3.72,nan,1,Right,Left,595,1794,404,217228858,nan,nan,0.06
8/20/2026 1:01:00,1.17.3,LeftRight,67,3.72,nan,1,Right,Left,595,1795,404,217232246,nan,nan,0.00
8/20/2026 1:01:08,1.17.3,LeftRight,67,3.72,nan,1,Right,Left,595,1796,404,217240054,nan,nan,0.02
8/20/2026 1:01:43,1.17.3,LeftRight,67,3.72,nan,1,Right,Left,595,1797,404,217275387,nan,nan,0.00
8/20/2026 1:01:50,1.17.3,LeftRight,67,3.72,nan,1,Right,Left,595,1798,404,217281832,nan,nan,0.08
8/20/2026 1:01:52,1.17.3,LeftRight,67,3.72,nan,1,Left,Left,596,1798,404,217283913,nan,nan,0.00
8/20/2026 1:01:54,1.17.3,LeftRight,67,3.72,nan,1,Right,Left,596,1799,404,217286047,nan,nan,0.03
8/20/2026 1:01:55,1.17.3,LeftRight,67,3.72,1,1,Pellet,Left,596,1799,405,217286047,0.47,67,nan
8/20/2026 1:06:12,1.17.3,LeftRight,67,3.72,nan,1,Left,Left,597,1799,405,217543560,nan,nan,0.00
8/20/2026 1:06:14,1.17.3,LeftRight,67,3.71,nan,1,Left,Left,598,1799,405,217546440,nan,nan,0.00
8/20/2026 1:06:15,1.17.3,LeftRight,67,3.72,nan,1,Right,Left,598,1800,405,217547236,nan,nan,0.01
8/20/2026 1:06:16,1.17.3,LeftRight,67,3.71,1,1,Pellet,Left,598,1800,406,217547236,0.35,261,nan
8/20/2026 1:07:39,1.17.3,LeftRight,67,3.72,nan,1,Right,Left,598,1801,406,217631078,nan,nan,0.07
8/20/2026 1:07:42,1.17.3,LeftRight,67,3.72,nan,1,Left,Left,599,1801,406,217634324,nan,nan,0.00
8/20/2026 1:07:45,1.17.3,LeftRight,67,3.72,nan,1,Right,Left,599,1802,406,217637055,nan,nan,0.00
8/20/2026 1:07:46,1.17.3,LeftRight,67,3.72,1,1,Pellet,Left,599,1802,407,217637055,0.53,90,nan
8/20/2026 1:08:17,1.17.3,LeftRight,67,3.72,nan,1,Left,Left,600,1802,407,217669072,nan,nan,0.00
8/20/2026 1:08:21,1.17.3,LeftRight,67,3.72,nan,1,RESET,Left,600,1802,407,217672998,nan,nan,nan
8/20/2026 1:08:23,1.17.3,LeftRight,67,3.71,nan,1,Right,Left,600,1803,407,217674486,nan,nan,0.19
8/20/2026 1:08:25,1.17.3,LeftRight,67,3.72,nan,1,Right,Left,600,1804,407,217677108,nan,nan,0.05
8/20/2026 1:08:29,1.17.3,LeftRight,67,3.71,nan,1,Right,Left,600,1805,407,217680645,nan,nan,0.02
8/20/2026 1:08:33,1.17.3,LeftRight,67,3.71,nan,1,Right,Left,600,1806,407,217685184,nan,nan,0.00
8/20/2026 1:08:34,1.17.3,LeftRight,67,3.71,nan,1,Right,Left,600,1807,407,217686278,nan,nan,0.02
8/20/2026 1:15:10,1.17.3,LeftRight,67,3.72,nan,1,Right,Left,600,1808,407,218082332,nan,nan,0.19
8/20/2026 1:15:13,1.17.3,LeftRight,67,3.72,nan,1,Right,Left,600,1809,407,218084957,nan,nan,0.00
8/20/2026 1:15:15,1.17.3,LeftRight,67,3.72,nan,1,Right,Left,600,1810,407,218086795,nan,nan,0.00
8/20/2026 1:15:17,1.17.3,LeftRight,67,3.72,nan,1,Left,Left,601,1810,407,218088631,nan,nan,0.00
8/20/2026 1:15:20,1.17.3,LeftRight,67,3.72,nan,1,Right,Left,601,1811,407,218091655,nan,nan,0.00
8/20/2026 1:15:21,1.17.3,LeftRight,67,3.72,1,1,Pellet,Left,601,1811,408,218091655,0.53,455,nan
8/20/2026 1:15:44,1.17.3,LeftRight,67,3.71,nan,1,Left,Left,602,1811,408,218115958,nan,nan,0.00
8/20/2026 1:15:46,1.17.3,LeftRight,67,3.71,nan,1,Right,Left,602,1812,408,218117943,nan,nan,0.09
8/20/2026 1:15:47,1.17.3,LeftRight,67,3.71,1,1,Pellet,Left,602,1812,409,218117943,0.47,26,nan
8/20/2026 1:23:30,1.17.3,LeftRight,67,3.72,nan,1,Right,Left,602,1813,409,218582026,nan,nan,0.24
8/20/2026 1:45:44,1.17.3,LeftRight,67,3.71,nan,1,Right,Left,602,1814,409,219915915,nan,nan,0.23
8/20/2026 1:45:49,1.17.3,LeftRight,67,3.71,nan,1,Right,Left,602,1815,409,219920963,nan,nan,0.17
8/20/2026 1:45:54,1.17.3,LeftRight,67,3.71,nan,1,Left,Left,603,1815,409,219926108,nan,nan,0.00
8/20/2026 1:45:57,1.17.3,LeftRight,67,3.71,nan,1,Right,Left,603,1816,409,219928839,nan,nan,0.00
8/20/2026 1:45:58,1.17.3,LeftRight,67,3.72,1,1,Pellet,Left,603,1816,410,219928839,0.65,1811,nan
8/20/2026 1:46:33,1.17.3,LeftRight,67,3.71,nan,1,Right,Left,603,1817,410,219965077,nan,nan,0.19
8/20/2026 1:46:36,1.17.3,LeftRight,67,3.71,nan,1,Right,Left,603,1818,410,219968001,nan,nan,0.02
8/20/2026 1:46:39,1.17.3,LeftRight,67,3.71,nan,1,Left,Left,604,1818,410,219971114,nan,nan,0.00
8/20/2026 1:46:41,1.17.3,LeftRight,67,3.72,nan,1,Right,Left,604,1819,410,219972802,nan,nan,0.02
8/20/2026 1:46:42,1.17.3,LeftRight,67,3.71,1,1,Pellet,Left,604,1819,411,219972802,0.65,44,nan
8/20/2026 1:47:09,1.17.3,LeftRight,67,3.71,nan,1,Right,Left,604,1820,411,220001153,nan,nan,0.09
8/20/2026 1:47:11,1.17.3,LeftRight,67,3.72,nan,1,Right,Left,604,1821,411,220002783,nan,nan,0.02
8/20/2026 1:47:18,1.17.3,LeftRight,67,3.71,nan,1,Right,Left,604,1822,411,220009839,nan,nan,0.06
8/20/2026 1:47:20,1.17.3,LeftRight,67,3.71,nan,1,Right,Left,604,1823,411,220011898,nan,nan,0.08
8/20/2026 1:47:22,1.17.3,LeftRight,67,3.72,nan,1,Left,Left,605,1823,411,220014448,nan,nan,0.00
8/20/2026 1:47:26,1.17.3,LeftRight,67,3.71,nan,1,RESET,Left,605,1823,411,220018068,nan,nan,nan
8/20/2026 1:47:38,1.17.3,LeftRight,67,3.71,nan,1,Right,Left,605,1824,411,220030558,nan,nan,0.00
8/20/2026 1:47:41,1.17.3,LeftRight,67,3.72,nan,1,Right,Left,605,1825,411,220032839,nan,nan,0.00
8/20/2026 1:47:48,1.17.3,LeftRight,67,3.71,nan,1,Right,Left,605,1826,411,220040325,nan,nan,0.07
8/20/2026 1:47:54,1.17.3,LeftRight,67,3.71,nan,1,Right,Left,605,1827,411,220045954,nan,nan,0.14
8/20/2026 1:47:55,1.17.3,LeftRight,67,3.72,nan,1,Left,Left,606,1827,411,220047511,nan,nan,0.00
8/20/2026 1:47:56,1.17.3,LeftRight,67,3.71,nan,1,Left,Left,607,1827,411,220048306,nan,nan,0.00
8/20/2026 1:48:00,1.17.3,LeftRight,67,3.71,nan,1,RESET,Left,607,1827,411,220052078,nan,nan,nan
8/20/2026 1:50:06,1.17.3,LeftRight,67,3.71,nan,1,Left,Left,608,1827,411,220178616,nan,nan,0.00
8/20/2026 1:50:08,1.17.3,LeftRight,67,3.72,nan,1,Right,Left,608,1828,411,220180613,nan,nan,0.00
8/20/2026 1:50:10,1.17.3,LeftRight,67,3.71,1,1,Pellet,Left,608,1828,412,220180613,0.71,208,nan
8/20/2026 1:50:38,1.17.3,LeftRight,67,3.72,nan,1,Right,Left,608,1829,412,220209561,nan,nan,0.72
8/20/2026 1:50:41,1.17.3,LeftRight,67,3.71,nan,1,Right,Left,608,1830,412,220213471,nan,nan,0.09
8/20/2026 1:50:43,1.17.3,LeftRight,67,3.71,nan,1,Left,Left,609,1830,412,220215422,nan,nan,0.00
8/20/2026 1:50:46,1.17.3,LeftRight,67,3.72,nan,1,Right,Left,609,1831,412,220218154,nan,nan,0.07
8/20/2026 1:50:47,1.17.3,LeftRight,67,3.71,1,1,Pellet,Left,609,1831,413,220218154,0.41,37,nan
8/20/2026 1:50:59,1.17.3,LeftRight,67,3.71,nan,1,Right,Left,609,1832,413,220231555,nan,nan,0.03
8/20/2026 1:51:02,1.17.3,LeftRight,67,3.71,nan,1,Right,Left,609,1833,413,220234317,nan,nan,0.10
8/20/2026 1:51:05,1.17.3,LeftRight,67,3.71,nan,1,Right,Left,609,1834,413,220236848,nan,nan,0.12
8/20/2026 1:51:08,1.17.3,LeftRight,67,3.71,nan,1,Right,Left,609,1835,413,220240586,nan,nan,0.00
8/20/2026 1:51:10,1.17.3,LeftRight,67,3.71,nan,1,Right,Left,609,1836,413,220242125,nan,nan,0.09
8/20/2026 1:51:13,1.17.3,LeftRight,67,3.71,nan,1,Left,Left,610,1836,413,220245008,nan,nan,0.00
8/20/2026 1:51:14,1.17.3,LeftRight,67,3.71,nan,1,Right,Left,610,1837,413,220245803,nan,nan,0.02
8/20/2026 1:51:15,1.17.3,LeftRight,67,3.72,1,1,Pellet,Left,610,1837,414,220245803,0.35,28,nan
8/20/2026 1:51:40,1.17.3,LeftRight,67,3.72,nan,1,Right,Left,610,1838,414,220272034,nan,nan,0.23
8/20/2026 1:51:46,1.17.3,LeftRight,67,3.71,nan,1,Right,Left,610,1839,414,220278115,nan,nan,0.17
8/20/2026 1:51:55,1.17.3,LeftRight,67,3.72,nan,1,Right,Left,610,1840,414,220287109,nan,nan,0.00
8/20/2026 2:01:29,1.17.3,LeftRight,67,3.71,nan,1,Right,Left,610,1841,414,220860525,nan,nan,0.18
8/20/2026 2:01:30,1.17.3,LeftRight,67,3.72,nan,1,Right,Left,610,1842,414,220862545,nan,nan,0.00
8/20/2026 2:01:33,1.17.3,LeftRight,67,3.72,nan,1,Right,Left,610,1843,414,220864678,nan,nan,0.04
8/20/2026 2:01:38,1.17.3,LeftRight,67,3.71,nan,1,Right,Left,610,1844,414,220869679,nan,nan,0.02
8/20/2026 2:01:40,1.17.3,LeftRight,67,3.71,nan,1,Right,Left,610,1845,414,220872430,nan,nan,0.20
8/20/2026 2:01:45,1.17.3,LeftRight,67,3.71,nan,1,Right,Left,610,1846,414,220877442,nan,nan,0.07
8/20/2026 2:01:47,1.17.3,LeftRight,67,3.72,nan,1,Right,Left,610,1847,414,220878760,nan,nan,0.07
8/20/2026 2:01:48,1.17.3,LeftRight,67,3.71,nan,1,Right,Left,610,1848,414,220880517,nan,nan,0.10
8/20/2026 2:02:45,1.17.3,LeftRight,67,3.71,nan,1,Left,Left,611,1848,414,220937642,nan,nan,0.00
8/20/2026 2:02:49,1.17.3,LeftRight,67,3.71,nan,1,Right,Left,611,1849,414,220940817,nan,nan,0.02
8/20/2026 2:02:50,1.17.3,LeftRight,67,3.71,1,1,Pellet,Left,611,1849,415,220940817,0.83,695,nan
8/20/2026 2:03:27,1.17.3,LeftRight,67,3.71,nan,1,Right,Left,611,1850,415,220978304,nan,nan,0.39
8/20/2026 2:03:29,1.17.3,LeftRight,67,3.71,nan,1,Right,Left,611,1851,415,220981433,nan,nan,0.16
8/20/2026 2:03:34,1.17.3,LeftRight,67,3.71,nan,1,Right,Left,611,1852,415,220986112,nan,nan,0.00
8/20/2026 2:03:42,1.17.3,LeftRight,67,3.71,nan,1,Left,Left,612,1852,415,220993901,nan,nan,0.00
8/20/2026 2:03:45,1.17.3,LeftRight,67,3.71,nan,1,RESET,Left,612,1852,415,220997080,nan,nan,nan
8/20/2026 2:10:23,1.17.3,LeftRight,67,3.71,nan,1,Left,Left,613,1852,415,221395058,nan,nan,0.00
8/20/2026 2:10:24,1.17.3,LeftRight,67,3.71,nan,1,Right,Left,613,1853,415,221396455,nan,nan,0.00
8/20/2026 2:10:28,1.17.3,LeftRight,67,3.71,2,1,Pellet,Left,613,1853,416,221396455,1.13,458,nan
8/20/2026 2:11:00,1.17.3,LeftRight,67,3.71,nan,1,Right,Left,613,1854,416,221431625,nan,nan,0.15
8/20/2026 2:11:08,1.17.3,LeftRight,67,3.71,nan,1,Right,Left,613,1855,416,221440299,nan,nan,0.00
8/20/2026 2:11:10,1.17.3,LeftRight,67,3.71,nan,1,Left,Left,614,1855,416,221442158,nan,nan,0.00
8/20/2026 2:11:13,1.17.3,LeftRight,67,3.71,nan,1,RESET,Left,614,1855,416,221445189,nan,nan,nan
8/20/2026 3:31:36,1.17.3,LeftRight,67,3.71,nan,1,Right,Left,614,1856,416,226268538,nan,nan,0.00
8/20/2026 3:31:45,1.17.3,LeftRight,67,3.71,nan,1,Right,Left,614,1857,416,226276774,nan,nan,0.21
8/20/2026 3:31:47,1.17.3,LeftRight,67,3.71,nan,1,Left,Left,615,1857,416,226279118,nan,nan,0.00
8/20/2026 3:31:49,1.17.3,LeftRight,67,3.71,nan,1,Right,Left,615,1858,416,226281698,nan,nan,0.16
8/20/2026 3:31:51,1.17.3,LeftRight,67,3.71,1,1,Pellet,Left,615,1858,417,226281698,0.41,4883,nan
8/20/2026 3:32:58,1.17.3,LeftRight,67,3.71,nan,1,Left,Left,616,1858,417,226350175,nan,nan,0.00
8/20/2026 3:33:01,1.17.3,LeftRight,67,3.71,nan,1,RESET,Left,616,1858,417,226353354,nan,nan,nan
8/20/2026 3:33:04,1.17.3,LeftRight,67,3.71,nan,1,Right,Left,616,1859,417,226356325,nan,nan,0.34
8/20/2026 3:33:12,1.17.3,LeftRight,67,3.71,nan,1,Left,Left,617,1859,417,226364380,nan,nan,0.00
8/20/2026 3:33:15,1.17.3,LeftRight,67,3.71,nan,1,RESET,Left,617,1859,417,226367407,nan,nan,nan
8/20/2026 3:33:16,1.17.3,LeftRight,67,3.71,nan,1,Right,Left,617,1860,417,226367852,nan,nan,0.04
8/20/2026 3:33:22,1.17.3,LeftRight,67,3.71,nan,1,Right,Left,617,1861,417,226374488,nan,nan,0.17
8/20/2026 3:33:25,1.17.3,LeftRight,67,3.71,nan,1,Right,Left,617,1862,417,226376943,nan,nan,0.03
8/20/2026 3:33:26,1.17.3,LeftRight,67,3.71,nan,1,Right,Left,617,1863,417,226378364,nan,nan,0.06
8/20/2026 3:33:31,1.17.3,LeftRight,67,3.71,nan,1,Left,Left,618,1863,417,226383463,nan,nan,0.00
8/20/2026 3:33:34,1.17.3,LeftRight,67,3.71,nan,1,RESET,Left,618,1863,417,226386349,nan,nan,nan
8/20/2026 3:33:36,1.17.3,LeftRight,67,3.71,nan,1,Left,Left,619,1863,417,226388855,nan,nan,0.00
8/20/2026 3:33:40,1.17.3,LeftRight,67,3.71,nan,1,Right,Left,619,1864,417,226391884,nan,nan,0.10
8/20/2026 3:33:41,1.17.3,LeftRight,67,3.71,1,1,Pellet,Left,619,1864,418,226391884,0.47,110,nan
8/20/2026 3:34:05,1.17.3,LeftRight,67,3.71,nan,1,Left,Left,620,1864,418,226417751,nan,nan,0.00
8/20/2026 3:34:09,1.17.3,LeftRight,67,3.71,nan,1,RESET,Left,620,1864,418,226421385,nan,nan,nan
8/20/2026 3:36:35,1.17.3,LeftRight,67,3.71,nan,1,Right,Left,620,1865,418,226567453,nan,nan,0.05
8/20/2026 3:36:38,1.17.3,LeftRight,67,3.71,nan,1,Right,Left,620,1866,418,226570238,nan,nan,0.00
8/20/2026 3:38:16,1.17.3,LeftRight,67,3.71,nan,1,Right,Left,620,1867,418,226668706,nan,nan,0.01
8/20/2026 3:38:19,1.17.3,LeftRight,67,3.71,nan,1,Right,Left,620,1868,418,226671452,nan,nan,0.00
8/20/2026 3:38:20,1.17.3,LeftRight,67,3.70,nan,1,Right,Left,620,1869,418,226672696,nan,nan,0.03
8/20/2026 3:38:23,1.17.3,LeftRight,67,3.71,nan,1,Right,Left,620,1870,418,226675472,nan,nan,0.01
8/20/2026 3:38:25,1.17.3,LeftRight,67,3.71,nan,1,Right,Left,620,1871,418,226677472,nan,nan,0.04
8/20/2026 3:41:16,1.17.3,LeftRight,67,3.71,nan,1,Left,Left,621,1871,418,226848607,nan,nan,0.00
8/20/2026 3:41:18,1.17.3,LeftRight,67,3.71,nan,1,Right,Left,621,1872,418,226850591,nan,nan,0.00
8/20/2026 3:41:22,1.17.3,LeftRight,67,3.71,2,1,Pellet,Left,621,1872,419,226850591,0.77,461,nan
8/20/2026 3:42:28,1.17.3,LeftRight,67,3.71,nan,1,Right,Left,621,1873,419,226920223,nan,nan,0.06
8/20/2026 3:42:30,1.17.3,LeftRight,67,3.71,nan,1,Left,Left,622,1873,419,226921980,nan,nan,0.00
8/20/2026 3:42:33,1.17.3,LeftRight,67,3.71,nan,1,Right,Left,622,1874,419,226925010,nan,nan,0.20
8/20/2026 3:42:34,1.17.3,LeftRight,67,3.71,1,1,Pellet,Left,622,1874,420,226925010,0.35,72,nan
8/20/2026 3:43:03,1.17.3,LeftRight,67,3.71,nan,1,Right,Left,622,1875,420,226955088,nan,nan,0.00
8/20/2026 3:43:04,1.17.3,LeftRight,67,3.71,nan,1,Left,Left,623,1875,420,226956764,nan,nan,0.00
8/20/2026 3:43:05,1.17.3,LeftRight,67,3.71,nan,1,Right,Left,623,1876,420,226957858,nan,nan,0.03
8/20/2026 3:43:07,1.17.3,LeftRight,67,3.71,1,1,Pellet,Left,623,1876,421,226957858,0.41,33,nan
8/20/2026 3:45:41,1.17.3,LeftRight,67,3.71,nan,1,Right,Left,623,1877,421,227113195,nan,nan,0.25
8/20/2026 3:45:44,1.17.3,LeftRight,67,3.71,nan,1,Right,Left,623,1878,421,227116179,nan,nan,0.00
8/20/2026 3:45:46,1.17.3,LeftRight,67,3.71,nan,1,Left,Left,624,1878,421,227118772,nan,nan,0.00
8/20/2026 3:45:48,1.17.3,LeftRight,67,3.71,nan,1,Left,Left,625,1878,421,227120183,nan,nan,0.00
8/20/2026 3:45:49,1.17.3,LeftRight,67,3.71,nan,1,Right,Left,625,1879,421,227120978,nan,nan,0.06
8/20/2026 3:45:50,1.17.3,LeftRight,67,3.71,1,1,Pellet,Left,625,1879,422,227120978,0.53,163,nan
8/20/2026 3:46:54,1.17.3,LeftRight,67,3.71,nan,1,Right,Left,625,1880,422,227186137,nan,nan,0.00
8/20/2026 3:46:55,1.17.3,LeftRight,67,3.71,nan,1,Right,Left,625,1881,422,227187680,nan,nan,0.03
8/20/2026 3:46:57,1.17.3,LeftRight,67,3.71,nan,1,Right,Left,625,1882,422,227189560,nan,nan,0.00
8/20/2026 3:47:01,1.17.3,LeftRight,67,3.71,nan,1,Right,Left,625,1883,422,227193042,nan,nan,0.09
8/20/2026 3:50:51,1.17.3,LeftRight,67,3.71,nan,1,Right,Left,625,1884,422,227423041,nan,nan,0.03
8/20/2026 3:51:01,1.17.3,LeftRight,67,3.71,nan,1,Left,Left,626,1884,422,227433476,nan,nan,0.00
8/20/2026 3:51:03,1.17.3,LeftRight,67,3.71,nan,1,Right,Left,626,1885,422,227435614,nan,nan,0.05
8/20/2026 3:51:05,1.17.3,LeftRight,67,3.71,1,1,Pellet,Left,626,1885,423,227435614,0.53,315,nan
8/20/2026 3:51:40,1.17.3,LeftRight,67,3.71,nan,1,Right,Left,626,1886,423,227471854,nan,nan,0.18
8/20/2026 3:51:41,1.17.3,LeftRight,67,3.71,nan,1,Left,Left,627,1886,423,227473281,nan,nan,0.00
8/20/2026 3:51:42,1.17.3,LeftRight,67,3.71,nan,1,Right,Left,627,1887,423,227474524,nan,nan,0.00
8/20/2026 3:51:43,1.17.3,LeftRight,67,3.71,1,1,Pellet,Left,627,1887,424,227474524,0.41,38,nan
8/20/2026 3:52:25,1.17.3,LeftRight,67,3.71,nan,1,Right,Left,627,1888,424,227516924,nan,nan,0.05
8/20/2026 3:52:26,1.17.3,LeftRight,67,3.71,nan,1,Right,Left,627,1889,424,227518673,nan,nan,0.05
8/20/2026 3:52:34,1.17.3,LeftRight,67,3.71,nan,1,Right,Left,627,1890,424,227526232,nan,nan,0.00
8/20/2026 3:52:35,1.17.3,LeftRight,67,3.71,nan,1,Right,Left,627,1891,424,227527624,nan,nan,0.04
8/20/2026 3:52:37,1.17.3,LeftRight,67,3.71,nan,1,Right,Left,627,1892,424,227529652,nan,nan,0.01
8/20/2026 3:52:39,1.17.3,LeftRight,67,3.71,nan,1,Left,Left,628,1892,424,227531384,nan,nan,0.00
8/20/2026 3:52:40,1.17.3,LeftRight,67,3.71,nan,1,Right,Left,628,1893,424,227532635,nan,nan,0.00
8/20/2026 3:52:41,1.17.3,LeftRight,67,3.71,1,1,Pellet,Left,628,1893,425,227532635,0.41,58,nan
8/20/2026 3:54:15,1.17.3,LeftRight,67,3.71,nan,1,Right,Left,628,1894,425,227627206,nan,nan,0.00
8/20/2026 3:54:17,1.17.3,LeftRight,67,3.71,nan,1,Right,Left,628,1895,425,227629643,nan,nan,0.06
8/20/2026 3:54:22,1.17.3,LeftRight,67,3.71,nan,1,Right,Left,628,1896,425,227633783,nan,nan,0.24
8/20/2026 3:54:23,1.17.3,LeftRight,67,3.70,nan,1,Left,Left,629,1896,425,227635803,nan,nan,0.00
8/20/2026 3:54:26,1.17.3,LeftRight,67,3.71,nan,1,Right,Left,629,1897,425,227637941,nan,nan,0.00
8/20/2026 3:54:27,1.17.3,LeftRight,67,3.71,1,1,Pellet,Left,629,1897,426,227637941,0.77,106,nan
8/20/2026 4:02:26,1.17.3,LeftRight,67,3.71,nan,1,Right,Left,629,1898,426,228117994,nan,nan,0.00
8/20/2026 4:02:31,1.17.3,LeftRight,67,3.71,nan,1,Right,Left,629,1899,426,228123713,nan,nan,0.00
8/20/2026 4:02:33,1.17.3,LeftRight,67,3.71,nan,1,Right,Left,629,1900,426,228125571,nan,nan,0.08
8/20/2026 4:02:35,1.17.3,LeftRight,67,3.71,nan,1,Left,Left,630,1900,426,228127278,nan,nan,0.00
8/20/2026 4:02:37,1.17.3,LeftRight,67,3.71,nan,1,Right,Left,630,1901,426,228129416,nan,nan,0.00
8/20/2026 4:02:39,1.17.3,LeftRight,67,3.71,1,1,Pellet,Left,630,1901,427,228129416,0.89,492,nan
8/20/2026 4:08:25,1.17.3,LeftRight,67,3.71,nan,1,Right,Left,630,1902,427,228477174,nan,nan,0.11
8/20/2026 4:08:26,1.17.3,LeftRight,67,3.71,nan,1,Left,Left,631,1902,427,228478826,nan,nan,0.00
8/20/2026 4:08:27,1.17.3,LeftRight,67,3.70,nan,1,Right,Left,631,1903,427,228479479,nan,nan,0.07
8/20/2026 4:08:28,1.17.3,LeftRight,67,3.71,1,1,Pellet,Left,631,1903,428,228479479,0.71,349,nan
8/20/2026 4:08:56,1.17.3,LeftRight,67,3.71,nan,1,Right,Left,631,1904,428,228508243,nan,nan,0.00
8/20/2026 4:08:57,1.17.3,LeftRight,67,3.70,nan,1,Right,Left,631,1905,428,228509336,nan,nan,0.00
8/20/2026 4:08:58,1.17.3,LeftRight,67,3.71,nan,1,Right,Left,631,1906,428,228510579,nan,nan,0.00
8/20/2026 4:09:00,1.17.3,LeftRight,67,3.70,nan,1,Left,Left,632,1906,428,228512597,nan,nan,0.00
8/20/2026 4:09:03,1.17.3,LeftRight,67,3.70,nan,1,Right,Left,632,1907,428,228515034,nan,nan,0.00
8/20/2026 4:09:04,1.17.3,LeftRight,67,3.71,1,1,Pellet,Left,632,1907,429,228515034,0.47,36,nan
8/20/2026 4:09:23,1.17.3,LeftRight,67,3.71,nan,1,Right,Left,632,1908,429,228534961,nan,nan,0.22
8/20/2026 4:09:26,1.17.3,LeftRight,67,3.71,nan,1,Right,Left,632,1909,429,228538063,nan,nan,0.00
8/20/2026 4:09:30,1.17.3,LeftRight,67,3.71,nan,1,Right,Left,632,1910,429,228542741,nan,nan,0.10
8/20/2026 4:15:18,1.17.3,LeftRight,67,3.70,nan,1,Left,Left,633,1910,429,228890817,nan,nan,0.00
8/20/2026 4:15:22,1.17.3,LeftRight,67,3.71,nan,1,RESET,Left,633,1910,429,228894439,nan,nan,nan
8/20/2026 4:15:27,1.17.3,LeftRight,67,3.70,nan,1,Right,Left,633,1911,429,228899641,nan,nan,0.00
8/20/2026 4:15:29,1.17.3,LeftRight,67,3.70,nan,1,Right,Left,633,1912,429,228901774,nan,nan,0.00
8/20/2026 4:15:31,1.17.3,LeftRight,67,3.71,nan,1,Right,Left,633,1913,429,228903015,nan,nan,0.00
8/20/2026 4:15:34,1.17.3,LeftRight,67,3.71,nan,1,Right,Left,633,1914,429,228906352,nan,nan,0.00
8/20/2026 4:15:36,1.17.3,LeftRight,67,3.71,nan,1,Left,Left,634,1914,429,228908486,nan,nan,0.00
8/20/2026 4:15:38,1.17.3,LeftRight,67,3.70,nan,1,Right,Left,634,1915,429,228910768,nan,nan,0.00
8/20/2026 4:15:40,1.17.3,LeftRight,67,3.70,1,1,Pellet,Left,634,1915,430,228910768,0.53,396,nan
8/20/2026 4:15:59,1.17.3,LeftRight,67,3.71,nan,1,Right,Left,634,1916,430,228931516,nan,nan,0.00
8/20/2026 4:16:02,1.17.3,LeftRight,67,3.70,nan,1,Right,Left,634,1917,430,228934550,nan,nan,0.00
8/20/2026 4:16:03,1.17.3,LeftRight,67,3.71,nan,1,Right,Left,634,1918,430,228935791,nan,nan,0.01
8/20/2026 4:16:06,1.17.3,LeftRight,67,3.71,nan,1,Right,Left,634,1919,430,228938237,nan,nan,0.00
8/20/2026 4:16:07,1.17.3,LeftRight,67,3.71,nan,1,Left,Left,635,1919,430,228939478,nan,nan,0.00
8/20/2026 4:16:08,1.17.3,LeftRight,67,3.71,nan,1,Right,Left,635,1920,430,228940582,nan,nan,0.00
8/20/2026 4:16:09,1.17.3,LeftRight,67,3.71,1,1,Pellet,Left,635,1920,431,228940582,0.53,29,nan
8/20/2026 4:20:36,1.17.3,LeftRight,67,3.71,nan,1,Right,Left,635,1921,431,229208914,nan,nan,0.03
8/20/2026 4:20:43,1.17.3,LeftRight,67,3.71,nan,1,Right,Left,635,1922,431,229215098,nan,nan,0.08
8/20/2026 4:20:44,1.17.3,LeftRight,67,3.71,nan,1,Right,Left,635,1923,431,229216870,nan,nan,0.10
8/20/2026 4:35:59,1.17.3,LeftRight,67,3.71,nan,1,Right,Left,635,1924,431,230131166,nan,nan,0.00
8/20/2026 4:36:02,1.17.3,LeftRight,67,3.70,nan,1,Right,Left,635,1925,431,230134194,nan,nan,0.00
8/20/2026 4:36:03,1.17.3,LeftRight,67,3.70,nan,1,Right,Left,635,1926,431,230135741,nan,nan,0.06
8/20/2026 4:36:05,1.17.3,LeftRight,67,3.70,nan,1,Left,Left,636,1926,431,230137326,nan,nan,0.00
8/20/2026 4:36:06,1.17.3,LeftRight,67,3.71,nan,1,Right,Left,636,1927,431,230138122,nan,nan,0.00
8/20/2026 4:36:07,1.17.3,LeftRight,67,3.70,1,1,Pellet,Left,636,1927,432,230138122,0.71,1198,nan
8/20/2026 4:37:59,1.17.3,LeftRight,67,3.71,nan,1,Right,Left,636,1928,432,230251374,nan,nan,0.02
8/20/2026 4:38:03,1.17.3,LeftRight,67,3.70,nan,1,Right,Left,636,1929,432,230255775,nan,nan,0.01
8/20/2026 4:38:05,1.17.3,LeftRight,67,3.70,nan,1,Right,Left,636,1930,432,230257325,nan,nan,0.03
8/20/2026 4:38:07,1.17.3,LeftRight,67,3.71,nan,1,Right,Left,636,1931,432,230259791,nan,nan,0.00
8/20/2026 4:38:08,1.17.3,LeftRight,67,3.70,nan,1,Right,Left,636,1932,432,230260587,nan,nan,0.24
8/20/2026 4:38:10,1.17.3,LeftRight,67,3.71,nan,1,Left,Left,637,1932,432,230262538,nan,nan,0.00
8/20/2026 4:38:12,1.17.3,LeftRight,67,3.70,nan,1,Right,Left,637,1933,432,230264531,nan,nan,0.00
8/20/2026 4:38:13,1.17.3,LeftRight,67,3.70,1,1,Pellet,Left,637,1933,433,230264531,0.59,126,nan
8/20/2026 4:38:34,1.17.3,LeftRight,67,3.71,nan,1,Right,Left,637,1934,433,230286903,nan,nan,0.00
8/20/2026 4:38:39,1.17.3,LeftRight,67,3.70,nan,1,Right,Left,637,1935,433,230291571,nan,nan,0.07
8/20/2026 4:38:41,1.17.3,LeftRight,67,3.71,nan,1,Right,Left,637,1936,433,230293328,nan,nan,0.08
8/20/2026 4:38:45,1.17.3,LeftRight,67,3.71,nan,1,Right,Left,637,1937,433,230297343,nan,nan,0.06
8/20/2026 4:38:46,1.17.3,LeftRight,67,3.71,nan,1,Right,Left,637,1938,433,230298642,nan,nan,0.11
8/20/2026 4:38:50,1.17.3,LeftRight,67,3.69,nan,1,Right,Left,637,1939,433,230302969,nan,nan,0.02
8/20/2026 4:38:52,1.17.3,LeftRight,67,3.71,nan,1,Right,Left,637,1940,433,230304977,nan,nan,0.00
8/20/2026 4:38:54,1.17.3,LeftRight,67,3.71,nan,1,Left,Left,638,1940,433,230306368,nan,nan,0.00
8/20/2026 4:38:55,1.17.3,LeftRight,67,3.70,nan,1,Right,Left,638,1941,433,230307910,nan,nan,0.02
8/20/2026 4:38:57,1.17.3,LeftRight,67,3.71,1,1,Pellet,Left,638,1941,434,230307910,0.53,44,nan
8/20/2026 4:42:40,1.17.3,LeftRight,67,3.70,nan,1,Left,Left,639,1941,434,230532883,nan,nan,0.00
8/20/2026 4:42:44,1.17.3,LeftRight,67,3.71,nan,1,RESET,Left,639,1941,434,230536505,nan,nan,nan
8/20/2026 4:48:14,1.17.3,LeftRight,67,3.71,nan,1,Right,Left,639,1942,434,230866217,nan,nan,0.00
8/20/2026 4:48:15,1.17.3,LeftRight,67,3.70,nan,1,Left,Left,640,1942,434,230867757,nan,nan,0.00
8/20/2026 4:48:17,1.17.3,LeftRight,67,3.71,nan,1,Right,Left,640,1943,434,230869154,nan,nan,0.00
8/20/2026 4:48:18,1.17.3,LeftRight,67,3.71,1,1,Pellet,Left,640,1943,435,230869154,0.83,561,nan
8/20/2026 4:48:49,1.17.3,LeftRight,67,3.71,nan,1,Right,Left,640,1944,435,230901798,nan,nan,0.00
8/20/2026 4:48:51,1.17.3,LeftRight,67,3.70,nan,1,Right,Left,640,1945,435,230903051,nan,nan,0.17
8/20/2026 4:48:53,1.17.3,LeftRight,67,3.71,nan,1,Right,Left,640,1946,435,230905212,nan,nan,0.05
8/20/2026 4:48:55,1.17.3,LeftRight,67,3.71,nan,1,Right,Left,640,1947,435,230907550,nan,nan,0.07
8/20/2026 4:48:57,1.17.3,LeftRight,67,3.70,nan,1,Left,Left,641,1947,435,230909540,nan,nan,0.00
8/20/2026 4:48:59,1.17.3,LeftRight,67,3.71,nan,1,Right,Left,641,1948,435,230911672,nan,nan,0.00
8/20/2026 4:49:00,1.17.3,LeftRight,67,3.70,1,1,Pellet,Left,641,1948,436,230911672,0.59,42,nan
8/20/2026 4:49:23,1.17.3,LeftRight,67,3.70,nan,1,Right,Left,641,1949,436,230935641,nan,nan,0.06
8/20/2026 4:49:29,1.17.3,LeftRight,67,3.70,nan,1,Right,Left,641,1950,436,230941703,nan,nan,0.00
8/20/2026 4:49:30,1.17.3,LeftRight,67,3.70,nan,1,Right,Left,641,1951,436,230942802,nan,nan,0.04
8/20/2026 4:49:31,1.17.3,LeftRight,67,3.71,nan,1,Right,Left,641,1952,436,230943936,nan,nan,0.05
8/20/2026 4:49:33,1.17.3,LeftRight,67,3.70,nan,1,Right,Left,641,1953,436,230945228,nan,nan,0.03
8/20/2026 4:49:35,1.17.3,LeftRight,67,3.71,nan,1,Left,Left,642,1953,436,230947984,nan,nan,0.00
8/20/2026 4:49:37,1.17.3,LeftRight,67,3.70,nan,1,Right,Left,642,1954,436,230949375,nan,nan,0.00
8/20/2026 4:49:38,1.17.3,LeftRight,67,3.70,2,1,Pellet,Left,642,1954,437,230949375,0.35,38,nan
8/20/2026 4:49:56,1.17.3,LeftRight,67,3.71,nan,1,Right,Left,642,1955,437,230969034,nan,nan,0.02
8/20/2026 4:49:58,1.17.3,LeftRight,67,3.71,nan,1,Right,Left,642,1956,437,230970591,nan,nan,0.01
8/20/2026 4:50:01,1.17.3,LeftRight,67,3.71,nan,1,Right,Left,642,1957,437,230973788,nan,nan,0.08
8/20/2026 4:50:03,1.17.3,LeftRight,67,3.70,nan,1,Right,Left,642,1958,437,230975257,nan,nan,0.03
8/20/2026 4:50:04,1.17.3,LeftRight,67,3.70,nan,1,Right,Left,642,1959,437,230976679,nan,nan,0.17
8/20/2026 4:50:08,1.17.3,LeftRight,67,3.70,nan,1,Right,Left,642,1960,437,230980170,nan,nan,0.00
8/20/2026 4:50:09,1.17.3,LeftRight,67,3.70,nan,1,Left,Left,643,1960,437,230981859,nan,nan,0.00
8/20/2026 4:50:13,1.17.3,LeftRight,67,3.71,nan,1,RESET,Left,643,1960,437,230985482,nan,nan,nan
8/20/2026 4:53:27,1.17.3,LeftRight,67,3.71,nan,1,Right,Left,643,1961,437,231179578,nan,nan,0.00
8/20/2026 6:35:25,1.17.3,LeftRight,67,3.69,nan,1,Right,Left,643,1962,437,237297480,nan,nan,0.17
8/20/2026 6:35:53,1.17.3,LeftRight,67,3.69,nan,1,Right,Left,643,1963,437,237324922,nan,nan,1.05
8/20/2026 6:36:00,1.17.3,LeftRight,67,3.69,nan,1,Right,Left,643,1964,437,237331531,nan,nan,1.14
8/20/2026 6:36:09,1.17.3,LeftRight,67,3.69,nan,1,Left,Left,644,1964,437,237342250,nan,nan,0.00
8/20/2026 6:36:12,1.17.3,LeftRight,67,3.70,nan,1,Right,Left,644,1965,437,237344680,nan,nan,0.08
8/20/2026 6:36:13,1.17.3,LeftRight,67,3.69,1,1,Pellet,Left,644,1965,438,237344680,0.77,6395,nan
8/20/2026 6:37:16,1.17.3,LeftRight,67,3.69,nan,1,Right,Left,644,1966,438,237409148,nan,nan,0.10
8/20/2026 6:37:18,1.17.3,LeftRight,67,3.69,nan,1,Right,Left,644,1967,438,237410936,nan,nan,0.19
8/20/2026 6:37:25,1.17.3,LeftRight,67,3.69,nan,1,Right,Left,644,1968,438,237418016,nan,nan,0.28
8/20/2026 6:37:28,1.17.3,LeftRight,67,3.69,nan,1,Right,Left,644,1969,438,237421024,nan,nan,0.07
8/20/2026 6:37:38,1.17.3,LeftRight,67,3.69,nan,1,Left,Left,645,1969,438,237430370,nan,nan,0.00
8/20/2026 6:37:39,1.17.3,LeftRight,67,3.69,nan,1,Right,Left,645,1970,438,237431916,nan,nan,0.19
8/20/2026 6:37:41,1.17.3,LeftRight,67,3.69,1,1,Pellet,Left,645,1970,439,237431916,0.47,88,nan
8/20/2026 6:40:21,1.17.3,LeftRight,67,3.69,nan,1,Left,Left,646,1970,439,237593666,nan,nan,0.00
8/20/2026 6:40:23,1.17.3,LeftRight,67,3.69,nan,1,Right,Left,646,1971,439,237595353,nan,nan,0.11
8/20/2026 6:40:24,1.17.3,LeftRight,67,3.69,1,1,Pellet,Left,646,1971,440,237595353,1.13,163,nan
8/20/2026 6:40:59,1.17.3,LeftRight,67,3.69,nan,1,Right,Left,646,1972,440,237631651,nan,nan,0.00
8/20/2026 6:47:45,1.17.3,LeftRight,67,3.69,nan,1,Left,Left,647,1972,440,238037583,nan,nan,0.00
8/20/2026 6:47:46,1.17.3,LeftRight,67,3.69,nan,1,Right,Left,647,1973,440,238038674,nan,nan,0.10
8/20/2026 6:47:47,1.17.3,LeftRight,67,3.69,1,1,Pellet,Left,647,1973,441,238038674,0.41,443,nan
8/20/2026 6:48:34,1.17.3,LeftRight,67,3.69,nan,1,Left,Left,648,1973,441,238086687,nan,nan,0.00
8/20/2026 6:48:36,1.17.3,LeftRight,67,3.69,nan,1,Right,Left,648,1974,441,238088521,nan,nan,0.05
8/20/2026 6:48:37,1.17.3,LeftRight,67,3.70,1,1,Pellet,Left,648,1974,442,238088521,0.47,50,nan
8/20/2026 6:49:32,1.17.3,LeftRight,67,3.69,nan,1,Left,Left,649,1974,442,238144401,nan,nan,0.00
8/20/2026 6:49:33,1.17.3,LeftRight,67,3.69,nan,1,Right,Left,649,1975,442,238146235,nan,nan,0.00
8/20/2026 6:49:34,1.17.3,LeftRight,67,3.69,1,1,Pellet,Left,649,1975,443,238146235,0.41,57,nan
8/20/2026 6:49:59,1.17.3,LeftRight,67,3.69,nan,1,Right,Left,649,1976,443,238171712,nan,nan,0.00
8/20/2026 6:50:03,1.17.3,LeftRight,67,3.70,nan,1,Right,Left,649,1977,443,238175636,nan,nan,0.00
8/20/2026 6:50:05,1.17.3,LeftRight,67,3.69,nan,1,Right,Left,649,1978,443,238177322,nan,nan,0.06
8/20/2026 6:52:47,1.17.3,LeftRight,67,3.69,nan,1,Left,Left,650,1978,443,238339720,nan,nan,0.00
8/20/2026 6:52:50,1.17.3,LeftRight,67,3.69,nan,1,RESET,Left,650,1978,443,238342746,nan,nan,nan
8/20/2026 6:52:52,1.17.3,LeftRight,67,3.69,nan,1,Right,Left,650,1979,443,238345268,nan,nan,0.08
8/20/2026 6:52:55,1.17.3,LeftRight,67,3.69,nan,1,Left,Left,651,1979,443,238347989,nan,nan,0.00
8/20/2026 6:52:59,1.17.3,LeftRight,67,3.69,nan,1,RESET,Left,651,1979,443,238351755,nan,nan,nan
8/20/2026 6:53:04,1.17.3,LeftRight,67,3.69,nan,1,Right,Left,651,1980,443,238356515,nan,nan,0.00
8/20/2026 6:53:05,1.17.3,LeftRight,67,3.69,nan,1,Right,Left,651,1981,443,238357755,nan,nan,0.04
8/20/2026 6:53:06,1.17.3,LeftRight,67,3.69,nan,1,Right,Left,651,1982,443,238359034,nan,nan,0.17
8/20/2026 6:54:22,1.17.3,LeftRight,67,3.69,nan,1,Right,Left,651,1983,443,238434797,nan,nan,0.00
8/20/2026 6:54:24,1.17.3,LeftRight,67,3.69,nan,1,Right,Left,651,1984,443,238436787,nan,nan,0.02
8/20/2026 6:54:35,1.17.3,LeftRight,67,3.69,nan,1,Right,Left,651,1985,443,238447411,nan,nan,0.00
8/20/2026 6:54:36,1.17.3,LeftRight,67,3.69,nan,1,Right,Left,651,1986,443,238448505,nan,nan,0.17
8/20/2026 6:54:38,1.17.3,LeftRight,67,3.69,nan,1,Left,Left,652,1986,443,238450678,nan,nan,0.00
8/20/2026 6:54:39,1.17.3,LeftRight,67,3.69,nan,1,Right,Left,652,1987,443,238451324,nan,nan,0.06
8/20/2026 6:54:39,1.17.3,LeftRight,67,3.65,nan,1,RightDuringDispense,Left,652,1988,443,238451324,nan,nan,0.22
8/20/2026 6:54:40,1.17.3,LeftRight,67,3.69,1,1,Pellet,Left,652,1988,444,238451324,0.47,306,nan
8/20/2026 7:04:17,1.17.3,LeftRight,67,3.69,nan,1,Right,Left,652,1989,444,239029280,nan,nan,0.23
8/20/2026 7:04:30,1.17.3,LeftRight,67,3.69,nan,1,Right,Left,652,1990,444,239042644,nan,nan,0.00
8/20/2026 7:04:32,1.17.3,LeftRight,67,3.69,nan,1,Left,Left,653,1990,444,239045119,nan,nan,0.00
8/20/2026 7:04:34,1.17.3,LeftRight,67,3.69,nan,1,Right,Left,653,1991,444,239046365,nan,nan,0.03
8/20/2026 7:04:35,1.17.3,LeftRight,67,3.69,2,1,Pellet,Left,653,1991,445,239046365,0.53,595,nan
8/20/2026 7:11:33,1.17.3,LeftRight,67,3.68,nan,1,Left,Left,654,1991,445,239465882,nan,nan,0.00
8/20/2026 7:11:34,1.17.3,LeftRight,67,3.69,nan,1,Right,Left,654,1992,445,239467268,nan,nan,0.00
8/20/2026 7:11:36,1.17.3,LeftRight,67,3.69,1,1,Pellet,Left,654,1992,446,239467268,1.25,421,nan
8/20/2026 7:12:25,1.17.3,LeftRight,67,3.69,nan,1,Left,Left,655,1992,446,239517472,nan,nan,0.00
8/20/2026 7:12:26,1.17.3,LeftRight,67,3.69,nan,1,Right,Left,655,1993,446,239519158,nan,nan,0.00
8/20/2026 7:12:28,1.17.3,LeftRight,67,3.69,1,1,Pellet,Left,655,1993,447,239519158,0.65,52,nan
8/20/2026 9:37:50,1.17.3,LeftRight,67,3.69,nan,1,Left,Left,656,1993,447,248242846,nan,nan,0.00
8/20/2026 9:37:52,1.17.3,LeftRight,67,3.69,nan,1,RESET,Left,656,1993,447,248245276,nan,nan,nan
8/20/2026 9:37:57,1.17.3,LeftRight,67,3.69,nan,1,Right,Left,656,1994,447,248249729,nan,nan,0.08
8/20/2026 9:38:03,1.17.3,LeftRight,67,3.69,nan,1,Right,Left,656,1995,447,248255959,nan,nan,0.03
8/20/2026 9:38:11,1.17.3,LeftRight,67,3.68,nan,1,Left,Left,657,1995,447,248263994,nan,nan,0.00
8/20/2026 9:38:14,1.17.3,LeftRight,67,3.68,nan,1,RESET,Left,657,1995,447,248267168,nan,nan,nan
8/20/2026 9:38:23,1.17.3,LeftRight,67,3.69,nan,1,Right,Left,657,1996,447,248276231,nan,nan,0.02
8/20/2026 9:38:27,1.17.3,LeftRight,67,3.69,nan,1,Right,Left,657,1997,447,248280313,nan,nan,0.00
8/20/2026 9:38:29,1.17.3,LeftRight,67,3.69,nan,1,Right,Left,657,1998,447,248282303,nan,nan,0.40
8/20/2026 9:38:31,1.17.3,LeftRight,67,3.69,nan,1,Right,Left,657,1999,447,248284090,nan,nan,0.03
8/20/2026 9:38:35,1.17.3,LeftRight,67,3.69,nan,1,Right,Left,657,2000,447,248288333,nan,nan,0.00
8/20/2026 9:38:56,1.17.3,LeftRight,67,3.69,nan,1,Left,Left,658,2000,447,248309665,nan,nan,0.00
8/20/2026 9:38:59,1.17.3,LeftRight,67,3.69,nan,1,RESET,Left,658,2000,447,248312248,nan,nan,nan
8/20/2026 9:39:40,1.17.3,LeftRight,67,3.69,nan,1,Left,Left,659,2000,447,248353484,nan,nan,0.00
8/20/2026 9:39:42,1.17.3,LeftRight,67,3.69,nan,1,Right,Left,659,2001,447,248355618,nan,nan,0.03
8/20/2026 9:39:44,1.17.3,LeftRight,67,3.69,1,1,Pellet,Left,659,2001,448,248355618,0.89,8836,nan
8/20/2026 9:40:08,1.17.3,LeftRight,67,3.68,nan,1,Right,Left,659,2002,448,248381739,nan,nan,0.00
8/20/2026 9:40:12,1.17.3,LeftRight,67,3.69,nan,1,Left,Left,660,2002,448,248385524,nan,nan,0.00
8/20/2026 9:40:16,1.17.3,LeftRight,67,3.69,nan,1,RESET,Left,660,2002,448,248389149,nan,nan,nan
8/20/2026 9:41:01,1.17.3,LeftRight,67,3.68,nan,1,Right,Left,660,2003,448,248434714,nan,nan,0.00
8/20/2026 9:41:08,1.17.3,LeftRight,67,3.68,nan,1,Right,Left,660,2004,448,248440876,nan,nan,0.00
8/20/2026 9:41:10,1.17.3,LeftRight,67,3.69,nan,1,Left,Left,661,2004,448,248443643,nan,nan,0.00
8/20/2026 9:41:13,1.17.3,LeftRight,67,3.69,nan,1,Right,Left,661,2005,448,248445775,nan,nan,0.23
8/20/2026 9:41:14,1.17.3,LeftRight,67,3.69,1,1,Pellet,Left,661,2005,449,248445775,0.53,90,nan
8/20/2026 9:41:32,1.17.3,LeftRight,67,3.69,nan,1,Right,Left,661,2006,449,248465206,nan,nan,0.00
8/20/2026 9:46:18,1.17.3,LeftRight,67,3.69,nan,1,Right,Left,661,2007,449,248751039,nan,nan,0.00
8/20/2026 9:46:19,1.17.3,LeftRight,67,3.69,nan,1,Right,Left,661,2008,449,248752577,nan,nan,0.02
8/20/2026 9:46:21,1.17.3,LeftRight,67,3.68,nan,1,Left,Left,662,2008,449,248753985,nan,nan,0.00
8/20/2026 9:46:23,1.17.3,LeftRight,67,3.69,nan,1,Right,Left,662,2009,449,248756121,nan,nan,0.02
8/20/2026 9:46:24,1.17.3,LeftRight,67,3.68,1,1,Pellet,Left,662,2009,450,248756121,0.35,310,nan
8/20/2026 9:46:43,1.17.3,LeftRight,67,3.68,nan,1,Right,Left,662,2010,450,248776436,nan,nan,0.04
8/20/2026 9:46:47,1.17.3,LeftRight,67,3.69,nan,1,Right,Left,662,2011,450,248779951,nan,nan,0.12
8/20/2026 9:46:49,1.17.3,LeftRight,67,3.68,nan,1,Right,Left,662,2012,450,248782201,nan,nan,0.04
8/20/2026 9:46:50,1.17.3,LeftRight,67,3.69,nan,1,Left,Left,663,2012,450,248783758,nan,nan,0.00
8/20/2026 9:46:52,1.17.3,LeftRight,67,3.69,nan,1,Right,Left,663,2013,450,248785298,nan,nan,0.11
8/20/2026 9:46:55,1.17.3,LeftRight,67,3.68,2,1,Pellet,Left,663,2013,451,248785298,0.53,31,nan
8/20/2026 9:49:53,1.17.3,LeftRight,67,3.68,nan,1,Left,Left,664,2013,451,248966004,nan,nan,0.00
8/20/2026 9:49:56,1.17.3,LeftRight,67,3.68,nan,1,RESET,Left,664,2013,451,248969176,nan,nan,nan
8/20/2026 9:57:07,1.17.3,LeftRight,67,3.69,nan,1,Left,Left,665,2013,451,249400727,nan,nan,0.00
8/20/2026 9:57:11,1.17.3,LeftRight,67,3.68,nan,1,RESET,Left,665,2013,451,249404197,nan,nan,nan
8/20/2026 10:03:00,1.17.3,LeftRight,67,3.69,nan,1,Left,Left,666,2013,451,249753025,nan,nan,0.00
8/20/2026 10:03:02,1.17.3,LeftRight,67,3.68,nan,1,Right,Left,666,2014,451,249755603,nan,nan,0.00
8/20/2026 10:03:04,1.17.3,LeftRight,67,3.69,1,1,Pellet,Left,666,2014,452,249755603,1.37,969,nan
8/20/2026 10:03:36,1.17.3,LeftRight,67,3.68,nan,1,Left,Left,667,2014,452,249789026,nan,nan,0.00
8/20/2026 10:03:39,1.17.3,LeftRight,67,3.68,nan,1,RESET,Left,667,2014,452,249792346,nan,nan,nan
8/20/2026 10:13:15,1.17.3,LeftRight,67,3.69,nan,1,Right,Left,667,2015,452,250367420,nan,nan,0.43
8/20/2026 10:38:34,1.17.3,LeftRight,67,3.68,nan,1,Left,Left,668,2015,452,251887033,nan,nan,0.00
8/20/2026 10:38:37,1.17.3,LeftRight,67,3.68,nan,1,RESET,Left,668,2015,452,251890358,nan,nan,nan
8/20/2026 10:39:40,1.17.3,LeftRight,67,3.68,nan,1,Left,Left,669,2015,452,251953333,nan,nan,0.00
8/20/2026 10:39:43,1.17.3,LeftRight,67,3.68,nan,1,RESET,Left,669,2015,452,251956359,nan,nan,nan
8/20/2026 10:39:44,1.17.3,LeftRight,67,3.68,nan,1,Left,Left,670,2015,452,251957317,nan,nan,0.00
8/20/2026 10:39:47,1.17.3,LeftRight,67,3.68,nan,1,RESET,Left,670,2015,452,251960341,nan,nan,nan
8/20/2026 10:39:49,1.17.3,LeftRight,67,3.68,nan,1,Right,Left,670,2016,452,251962414,nan,nan,0.17
8/20/2026 10:39:55,1.17.3,LeftRight,67,3.68,nan,1,Right,Left,670,2017,452,251968283,nan,nan,0.00
8/20/2026 10:39:57,1.17.3,LeftRight,67,3.68,nan,1,Right,Left,670,2018,452,251970563,nan,nan,0.15
8/20/2026 10:39:59,1.17.3,LeftRight,67,3.68,nan,1,Right,Left,670,2019,452,251972106,nan,nan,0.28
8/20/2026 10:40:01,1.17.3,LeftRight,67,3.68,nan,1,Right,Left,670,2020,452,251974376,nan,nan,0.20
8/20/2026 10:40:03,1.17.3,LeftRight,67,3.68,nan,1,Left,Left,671,2020,452,251976031,nan,nan,0.00
8/20/2026 10:40:04,1.17.3,LeftRight,67,3.68,nan,1,Right,Left,671,2021,452,251977419,nan,nan,0.00
8/20/2026 10:40:04,1.17.3,LeftRight,67,3.68,nan,1,RightDuringDispense,Left,671,2022,452,251977419,nan,nan,0.19
8/20/2026 10:40:06,1.17.3,LeftRight,67,3.68,1,1,Pellet,Left,671,2022,453,251977419,0.29,2222,nan
8/20/2026 10:43:35,1.17.3,LeftRight,67,3.68,nan,1,Left,Left,672,2022,453,252188417,nan,nan,0.00
8/20/2026 10:43:37,1.17.3,LeftRight,67,3.69,nan,1,Left,Left,673,2022,453,252190073,nan,nan,0.00
8/20/2026 10:43:40,1.17.3,LeftRight,67,3.68,nan,1,RESET,Left,673,2022,453,252193396,nan,nan,nan
8/20/2026 10:45:32,1.17.3,LeftRight,67,3.68,nan,1,Left,Left,674,2022,453,252305609,nan,nan,0.00
8/20/2026 10:45:36,1.17.3,LeftRight,67,3.68,nan,1,RESET,Left,674,2022,453,252309377,nan,nan,nan
8/20/2026 10:50:08,1.17.3,LeftRight,67,3.68,nan,1,Right,Left,674,2023,453,252580988,nan,nan,0.08
8/20/2026 10:50:13,1.17.3,LeftRight,67,3.68,nan,1,Right,Left,674,2024,453,252586471,nan,nan,0.03
8/20/2026 10:51:28,1.17.3,LeftRight,67,3.68,nan,1,Left,Left,675,2024,453,252660999,nan,nan,0.00
8/20/2026 10:51:30,1.17.3,LeftRight,67,3.68,nan,1,Right,Left,675,2025,453,252663279,nan,nan,0.10
8/20/2026 10:51:32,1.17.3,LeftRight,67,3.68,1,1,Pellet,Left,675,2025,454,252663279,0.89,686,nan
8/20/2026 10:54:51,1.17.3,LeftRight,67,3.67,nan,1,Left,Left,676,2025,454,252864813,nan,nan,0.00
8/20/2026 10:54:52,1.17.3,LeftRight,67,3.68,nan,1,Right,Left,676,2026,454,252865756,nan,nan,0.00
8/20/2026 10:54:54,1.17.3,LeftRight,67,3.68,1,1,Pellet,Left,676,2026,455,252865756,0.59,202,nan
8/20/2026 11:00:20,1.17.3,LeftRight,67,3.68,nan,1,Right,Left,676,2027,455,253193601,nan,nan,0.00
8/20/2026 11:00:32,1.17.3,LeftRight,67,3.68,nan,1,Right,Left,676,2028,455,253205838,nan,nan,0.09
8/20/2026 11:00:45,1.17.3,LeftRight,67,3.68,nan,1,Right,Left,676,2029,455,253218775,nan,nan,0.00
8/20/2026 11:00:46,1.17.3,LeftRight,67,3.68,nan,1,Right,Left,676,2030,455,253219569,nan,nan,0.09
8/20/2026 11:00:56,1.17.3,LeftRight,67,3.68,nan,1,Right,Left,676,2031,455,253229673,nan,nan,0.01
8/20/2026 11:05:29,1.17.3,LeftRight,67,3.68,nan,1,Left,Left,677,2031,455,253502579,nan,nan,0.00
8/20/2026 11:05:32,1.17.3,LeftRight,67,3.68,nan,1,Right,Left,677,2032,455,253505005,nan,nan,0.00
8/20/2026 11:05:33,1.17.3,LeftRight,67,3.67,1,1,Pellet,Left,677,2032,456,253505005,0.53,639,nan
8/20/2026 11:06:13,1.17.3,LeftRight,67,3.68,nan,1,Right,Left,677,2033,456,253546582,nan,nan,0.00
8/20/2026 11:06:16,1.17.3,LeftRight,67,3.69,nan,1,Right,Left,677,2034,456,253549011,nan,nan,0.03
8/20/2026 11:06:17,1.17.3,LeftRight,67,3.68,nan,1,Right,Left,677,2035,456,253550130,nan,nan,0.18
8/20/2026 11:06:20,1.17.3,LeftRight,67,3.68,nan,1,Right,Left,677,2036,456,253553925,nan,nan,0.00
8/20/2026 11:06:22,1.17.3,LeftRight,67,3.67,nan,1,Right,Left,677,2037,456,253555021,nan,nan,0.06
8/20/2026 11:06:23,1.17.3,LeftRight,67,3.68,nan,1,Right,Left,677,2038,456,253556324,nan,nan,0.01
8/20/2026 11:06:25,1.17.3,LeftRight,67,3.68,nan,1,Left,Left,678,2038,456,253558241,nan,nan,0.00
8/20/2026 11:06:26,1.17.3,LeftRight,67,3.68,nan,1,Right,Left,678,2039,456,253559036,nan,nan,0.00
8/20/2026 11:06:27,1.17.3,LeftRight,67,3.68,1,1,Pellet,Left,678,2039,457,253559036,0.35,54,nan
8/20/2026 11:09:23,1.17.3,LeftRight,67,3.68,nan,1,Right,Left,678,2040,457,253736082,nan,nan,0.00
8/20/2026 11:09:24,1.17.3,LeftRight,67,3.68,nan,1,Right,Left,678,2041,457,253737191,nan,nan,0.08
8/20/2026 11:09:25,1.17.3,LeftRight,67,3.68,nan,1,Right,Left,678,2042,457,253738365,nan,nan,0.19
8/20/2026 11:09:27,1.17.3,LeftRight,67,3.68,nan,1,Left,Left,679,2042,457,253740108,nan,nan,0.00
8/20/2026 11:09:28,1.17.3,LeftRight,67,3.68,nan,1,Right,Left,679,2043,457,253741199,nan,nan,0.00
8/20/2026 11:09:29,1.17.3,LeftRight,67,3.68,1,1,Pellet,Left,679,2043,458,253741199,0.59,182,nan
8/20/2026 12:55:27,1.17.3,LeftRight,67,3.67,nan,1,Right,Left,679,2044,458,260100077,nan,nan,0.31
8/20/2026 12:55:30,1.17.3,LeftRight,67,3.67,nan,1,Right,Left,679,2045,458,260103558,nan,nan,0.35
8/20/2026 12:55:33,1.17.3,LeftRight,67,3.67,nan,1,Left,Left,680,2045,458,260106967,nan,nan,0.00
8/20/2026 12:55:37,1.17.3,LeftRight,67,3.67,nan,1,RESET,Left,680,2045,458,260110739,nan,nan,nan
8/20/2026 12:55:45,1.17.3,LeftRight,67,3.67,nan,1,Right,Left,680,2046,458,260118622,nan,nan,0.00
8/20/2026 12:55:47,1.17.3,LeftRight,67,3.67,nan,1,Right,Left,680,2047,458,260120162,nan,nan,0.19
8/20/2026 12:55:50,1.17.3,LeftRight,67,3.67,nan,1,Left,Left,681,2047,458,260124050,nan,nan,0.00
8/20/2026 12:55:54,1.17.3,LeftRight,67,3.67,nan,1,RESET,Left,681,2047,458,260127669,nan,nan,nan
8/20/2026 12:55:54,1.17.3,LeftRight,67,3.67,nan,1,Right,Left,681,2048,458,260127810,nan,nan,0.00
8/20/2026 12:56:03,1.17.3,LeftRight,67,3.67,nan,1,Right,Left,681,2049,458,260136194,nan,nan,0.39
8/20/2026 12:56:04,1.17.3,LeftRight,67,3.67,nan,1,Right,Left,681,2050,458,260137231,nan,nan,0.50
8/20/2026 12:56:06,1.17.3,LeftRight,67,3.67,nan,1,Left,Left,682,2050,458,260140044,nan,nan,0.00
8/20/2026 12:56:09,1.17.3,LeftRight,67,3.67,nan,1,RESET,Left,682,2050,458,260142627,nan,nan,nan
8/20/2026 12:56:52,1.17.3,LeftRight,67,3.67,nan,1,Left,Left,683,2050,458,260185568,nan,nan,0.00
8/20/2026 12:56:54,1.17.3,LeftRight,67,3.67,nan,1,Right,Left,683,2051,458,260187406,nan,nan,0.29
8/20/2026 12:56:55,1.17.3,LeftRight,67,3.67,1,1,Pellet,Left,683,2051,459,260187406,0.53,6446,nan
8/20/2026 12:57:26,1.17.3,LeftRight,67,3.68,nan,1,Right,Left,683,2052,459,260219999,nan,nan,0.21
8/20/2026 12:58:44,1.17.3,LeftRight,67,3.67,nan,1,Left,Left,684,2052,459,260297428,nan,nan,0.00
8/20/2026 12:58:46,1.17.3,LeftRight,67,3.67,nan,1,Right,Left,684,2053,459,260299563,nan,nan,0.03
8/20/2026 12:58:47,1.17.3,LeftRight,67,3.68,1,1,Pellet,Left,684,2053,460,260299563,0.95,112,nan
8/20/2026 12:59:09,1.17.3,LeftRight,67,3.67,nan,1,Right,Left,684,2054,460,260323130,nan,nan,0.00
8/20/2026 12:59:14,1.17.3,LeftRight,67,3.67,nan,1,Left,Left,685,2054,460,260327834,nan,nan,0.00
8/20/2026 12:59:16,1.17.3,LeftRight,67,3.67,nan,1,Right,Left,685,2055,460,260330118,nan,nan,0.08
8/20/2026 12:59:17,1.17.3,LeftRight,67,3.67,nan,1,RightDuringDispense,Left,685,2056,460,260330118,nan,nan,0.06
8/20/2026 12:59:18,1.17.3,LeftRight,67,3.67,1,1,Pellet,Left,685,2056,461,260330118,0.35,31,nan
8/20/2026 12:59:40,1.17.3,LeftRight,67,3.67,nan,1,Right,Left,685,2057,461,260353304,nan,nan,0.36
8/20/2026 12:59:43,1.17.3,LeftRight,67,3.68,nan,1,Left,Left,686,2057,461,260356983,nan,nan,0.00
8/20/2026 12:59:46,1.17.3,LeftRight,67,3.67,nan,1,Left,Left,687,2057,461,260360003,nan,nan,0.00
8/20/2026 12:59:48,1.17.3,LeftRight,67,3.67,nan,1,Right,Left,687,2058,461,260360946,nan,nan,0.47
8/20/2026 12:59:48,1.17.3,LeftRight,67,3.65,nan,1,RightDuringDispense,Left,687,2059,461,260360946,nan,nan,0.19
8/20/2026 12:59:49,1.17.3,LeftRight,67,3.67,1,1,Pellet,Left,687,2059,462,260360946,0.35,31,nan
8/20/2026 13:00:32,1.17.3,LeftRight,67,3.68,nan,1,Right,Left,687,2060,462,260405358,nan,nan,0.26
8/20/2026 14:29:23,1.17.3,LeftRight,67,3.67,nan,1,Left,Left,688,2060,462,265737131,nan,nan,0.00
8/20/2026 14:29:27,1.17.3,LeftRight,67,3.67,nan,1,RESET,Left,688,2060,462,265740904,nan,nan,nan
8/20/2026 14:29:50,1.17.3,LeftRight,67,3.67,nan,1,Left,Left,689,2060,462,265764307,nan,nan,0.00
8/20/2026 14:29:53,1.17.3,LeftRight,67,3.67,nan,1,Right,Left,689,2061,462,265766591,nan,nan,0.22
8/20/2026 14:29:54,1.17.3,LeftRight,67,3.67,nan,1,RightDuringDispense,Left,689,2062,462,265766591,nan,nan,0.58
8/20/2026 14:29:55,1.17.3,LeftRight,67,3.67,1,1,Pellet,Left,689,2062,463,265766591,1.01,5406,nan
8/20/2026 14:30:27,1.17.3,LeftRight,67,3.67,nan,1,Right,Left,689,2063,463,265801158,nan,nan,0.22
8/20/2026 14:30:32,1.17.3,LeftRight,67,3.67,nan,1,Right,Left,689,2064,463,265805149,nan,nan,0.68
8/20/2026 14:30:34,1.17.3,LeftRight,67,3.67,nan,1,Right,Left,689,2065,463,265808111,nan,nan,0.15
8/20/2026 14:30:38,1.17.3,LeftRight,67,3.67,nan,1,Right,Left,689,2066,463,265811737,nan,nan,0.27
8/20/2026 14:30:40,1.17.3,LeftRight,67,3.67,nan,1,Right,Left,689,2067,463,265812969,nan,nan,0.65
8/20/2026 14:30:43,1.17.3,LeftRight,67,3.67,nan,1,Right,Left,689,2068,463,265817090,nan,nan,0.20
8/20/2026 14:30:46,1.17.3,LeftRight,67,3.67,nan,1,Left,Left,690,2068,463,265819972,nan,nan,0.00
8/20/2026 14:30:48,1.17.3,LeftRight,67,3.67,nan,1,Right,Left,690,2069,463,265821511,nan,nan,0.34
8/20/2026 14:30:49,1.17.3,LeftRight,67,3.67,2,1,Pellet,Left,690,2069,464,265821511,0.06,54,nan
8/20/2026 14:31:12,1.17.3,LeftRight,67,3.67,nan,1,Right,Left,690,2070,464,265846036,nan,nan,0.00
8/20/2026 14:43:38,1.17.3,LeftRight,67,3.67,nan,1,Right,Left,690,2071,464,266591443,nan,nan,0.74
8/20/2026 14:43:42,1.17.3,LeftRight,67,3.67,nan,1,Right,Left,690,2072,464,266595650,nan,nan,0.14
8/20/2026 14:47:39,1.17.3,LeftRight,67,3.67,nan,1,Left,Left,691,2072,464,266833272,nan,nan,0.00
8/20/2026 14:47:41,1.17.3,LeftRight,67,3.67,nan,1,Right,Left,691,2073,464,266834956,nan,nan,0.00
8/20/2026 14:47:42,1.17.3,LeftRight,67,3.67,1,1,Pellet,Left,691,2073,465,266834956,0.47,1013,nan
8/20/2026 14:48:07,1.17.3,LeftRight,67,3.67,nan,1,Right,Left,691,2074,465,266860606,nan,nan,0.14
8/20/2026 14:48:15,1.17.3,LeftRight,67,3.67,nan,1,Left,Left,692,2074,465,266868598,nan,nan,0.00
8/20/2026 14:48:18,1.17.3,LeftRight,67,3.67,nan,1,RESET,Left,692,2074,465,266871920,nan,nan,nan
8/20/2026 14:48:19,1.17.3,LeftRight,67,3.67,nan,1,Right,Left,692,2075,465,266872507,nan,nan,0.15
8/20/2026 14:48:20,1.17.3,LeftRight,67,3.67,nan,1,Right,Left,692,2076,465,266874498,nan,nan,0.00
8/20/2026 14:48:24,1.17.3,LeftRight,67,3.67,nan,1,Left,Left,693,2076,465,266877904,nan,nan,0.00
8/20/2026 14:48:25,1.17.3,LeftRight,67,3.67,nan,1,Right,Left,693,2077,465,266878996,nan,nan,0.04
8/20/2026 14:48:26,1.17.3,LeftRight,67,3.67,1,1,Pellet,Left,693,2077,466,266878996,0.29,44,nan
8/20/2026 14:50:08,1.17.3,LeftRight,67,3.67,nan,1,Left,Left,694,2077,466,266981649,nan,nan,0.00
8/20/2026 14:50:11,1.17.3,LeftRight,67,3.67,nan,1,RESET,Left,694,2077,466,266984971,nan,nan,nan
8/20/2026 14:53:13,1.17.3,LeftRight,67,3.67,nan,1,Left,Left,695,2077,466,267166879,nan,nan,0.00
8/20/2026 14:53:16,1.17.3,LeftRight,67,3.67,nan,1,RESET,Left,695,2077,466,267169904,nan,nan,nan
8/20/2026 14:53:16,1.17.3,LeftRight,67,3.67,nan,1,Left,Left,696,2077,466,267170351,nan,nan,0.00
8/20/2026 14:53:17,1.17.3,LeftRight,67,3.67,nan,1,Right,Left,696,2078,466,267171146,nan,nan,0.00
8/20/2026 14:53:18,1.17.3,LeftRight,67,3.67,1,1,Pellet,Left,696,2078,467,267171146,0.17,292,nan
8/20/2026 14:56:10,1.17.3,LeftRight,67,3.67,nan,1,Right,Left,696,2079,467,267344071,nan,nan,0.16
8/20/2026 14:56:15,1.17.3,LeftRight,67,3.67,nan,1,Right,Left,696,2080,467,267349042,nan,nan,0.05
8/20/2026 16:31:22,1.17.3,LeftRight,67,3.67,nan,1,Right,Left,696,2081,467,273056523,nan,nan,0.07
8/20/2026 16:31:26,1.17.3,LeftRight,67,3.67,nan,1,Left,Left,697,2081,467,273060247,nan,nan,0.00
8/20/2026 16:31:28,1.17.3,LeftRight,67,3.67,nan,1,Left,Left,698,2081,467,273061846,nan,nan,0.00
8/20/2026 16:31:29,1.17.3,LeftRight,67,3.66,nan,1,Right,Left,698,2082,467,273062789,nan,nan,0.20
8/20/2026 16:31:44,1.17.3,LeftRight,67,3.67,1,1,Pellet,Left,698,2082,468,273062789,14.34,5906,nan
8/20/2026 16:32:12,1.17.3,LeftRight,67,3.67,nan,1,Right,Left,698,2083,468,273106295,nan,nan,0.24
8/20/2026 16:32:21,1.17.3,LeftRight,67,3.67,nan,1,Right,Left,698,2084,468,273114338,nan,nan,0.73
8/20/2026 16:32:23,1.17.3,LeftRight,67,3.66,nan,1,Left,Left,699,2084,468,273117696,nan,nan,0.00
8/20/2026 16:32:25,1.17.3,LeftRight,67,3.66,nan,1,Right,Left,699,2085,468,273119236,nan,nan,0.00
8/20/2026 16:32:26,1.17.3,LeftRight,67,3.67,1,1,Pellet,Left,699,2085,469,273119236,0.47,42,nan
8/20/2026 16:32:40,1.17.3,LeftRight,67,3.67,nan,1,Right,Left,699,2086,469,273133886,nan,nan,0.20
8/20/2026 16:32:41,1.17.3,LeftRight,67,3.67,nan,1,Right,Left,699,2087,469,273135176,nan,nan,0.16
8/20/2026 16:32:48,1.17.3,LeftRight,67,3.67,nan,1,Left,Left,700,2087,469,273142672,nan,nan,0.00
8/20/2026 16:32:50,1.17.3,LeftRight,67,3.67,nan,1,Right,Left,700,2088,469,273144360,nan,nan,0.00
8/20/2026 16:32:51,1.17.3,LeftRight,67,3.67,1,1,Pellet,Left,700,2088,470,273144360,0.53,25,nan
8/20/2026 16:33:19,1.17.3,LeftRight,67,3.67,nan,1,Right,Left,700,2089,470,273173132,nan,nan,0.26
8/20/2026 16:44:12,1.17.3,LeftRight,67,3.67,nan,1,Left,Left,701,2089,470,273826595,nan,nan,0.00
8/20/2026 16:44:16,1.17.3,LeftRight,67,3.66,nan,1,RESET,Left,701,2089,470,273830211,nan,nan,nan
8/20/2026 16:44:20,1.17.3,LeftRight,67,3.66,nan,1,Right,Left,701,2090,470,273834214,nan,nan,0.21
8/20/2026 16:44:22,1.17.3,LeftRight,67,3.67,nan,1,Right,Left,701,2091,470,273835822,nan,nan,0.34
8/20/2026 16:44:24,1.17.3,LeftRight,67,3.67,nan,1,Right,Left,701,2092,470,273838150,nan,nan,0.00
8/20/2026 16:44:52,1.17.3,LeftRight,67,3.66,nan,1,Right,Left,701,2093,470,273866412,nan,nan,0.19
8/20/2026 16:45:01,1.17.3,LeftRight,67,3.67,nan,1,Right,Left,701,2094,470,273874823,nan,nan,0.39
8/20/2026 16:45:03,1.17.3,LeftRight,67,3.67,nan,1,Left,Left,702,2094,470,273877674,nan,nan,0.00
8/20/2026 16:45:05,1.17.3,LeftRight,67,3.66,nan,1,Right,Left,702,2095,470,273878913,nan,nan,0.31
8/20/2026 16:45:06,1.17.3,LeftRight,67,3.67,1,1,Pellet,Left,702,2095,471,273878913,0.17,735,nan
8/20/2026 16:48:19,1.17.3,LeftRight,67,3.67,nan,1,Right,Left,702,2096,471,274073618,nan,nan,0.13
8/20/2026 16:48:23,1.17.3,LeftRight,67,3.67,nan,1,Right,Left,702,2097,471,274077663,nan,nan,0.02
8/20/2026 16:48:24,1.17.3,LeftRight,67,3.67,nan,1,Right,Left,702,2098,471,274078179,nan,nan,0.05
8/20/2026 16:48:25,1.17.3,LeftRight,67,3.66,nan,1,Right,Left,702,2099,471,274079170,nan,nan,0.02
8/20/2026 16:48:27,1.17.3,LeftRight,67,3.66,nan,1,Right,Left,702,2100,471,274081332,nan,nan,0.00
8/20/2026 16:48:28,1.17.3,LeftRight,67,3.67,nan,1,Right,Left,702,2101,471,274082425,nan,nan,0.12
8/20/2026 16:48:30,1.17.3,LeftRight,67,3.67,nan,1,Right,Left,702,2102,471,274083932,nan,nan,0.11
8/20/2026 16:48:31,1.17.3,LeftRight,67,3.67,nan,1,Left,Left,703,2102,471,274085533,nan,nan,0.00
8/20/2026 16:48:33,1.17.3,LeftRight,67,3.66,nan,1,Right,Left,703,2103,471,274087662,nan,nan,0.07
8/20/2026 16:48:35,1.17.3,LeftRight,67,3.67,1,1,Pellet,Left,703,2103,472,274087662,0.47,209,nan
8/20/2026 16:51:11,1.17.3,LeftRight,67,3.67,nan,1,Right,Left,703,2104,472,274245638,nan,nan,0.00
8/20/2026 16:51:21,1.17.3,LeftRight,67,3.67,nan,1,Right,Left,703,2105,472,274255186,nan,nan,0.00
8/20/2026 16:51:21,1.17.3,LeftRight,67,3.66,nan,1,Right,Left,703,2106,472,274255683,nan,nan,0.00
8/20/2026 16:51:23,1.17.3,LeftRight,67,3.67,nan,1,Right,Left,703,2107,472,274257665,nan,nan,0.10
8/20/2026 16:51:25,1.17.3,LeftRight,67,3.66,nan,1,Right,Left,703,2108,472,274259008,nan,nan,0.00
8/20/2026 16:51:26,1.17.3,LeftRight,67,3.66,nan,1,Left,Left,704,2108,472,274260759,nan,nan,0.00
8/20/2026 16:51:27,1.17.3,LeftRight,67,3.66,nan,1,Right,Left,704,2109,472,274261553,nan,nan,0.14
8/20/2026 16:51:28,1.17.3,LeftRight,67,3.66,1,1,Pellet,Left,704,2109,473,274261553,0.23,173,nan
8/20/2026 16:56:33,1.17.3,LeftRight,67,3.65,nan,1,Right,Left,704,2110,473,274566954,nan,nan,0.06
8/20/2026 16:56:34,1.17.3,LeftRight,67,3.67,nan,1,Left,Left,705,2110,473,274568652,nan,nan,0.00
8/20/2026 16:56:36,1.17.3,LeftRight,67,3.66,nan,1,Right,Left,705,2111,473,274569891,nan,nan,0.00
8/20/2026 16:56:37,1.17.3,LeftRight,67,3.66,1,1,Pellet,Left,705,2111,474,274569891,0.41,309,nan
8/20/2026 16:56:59,1.17.3,LeftRight,67,3.66,nan,1,Left,Left,706,2111,474,274593138,nan,nan,0.00
8/20/2026 16:57:00,1.17.3,LeftRight,67,3.66,nan,1,Right,Left,706,2112,474,274594080,nan,nan,0.17
8/20/2026 16:57:01,1.17.3,LeftRight,67,3.67,1,1,Pellet,Left,706,2112,475,274594080,0.41,24,nan
8/20/2026 17:51:13,1.17.3,LeftRight,67,3.67,nan,1,Right,Left,706,2113,475,277847431,nan,nan,0.19
8/20/2026 17:51:15,1.17.3,LeftRight,67,3.66,nan,1,Right,Left,706,2114,475,277849599,nan,nan,0.19
8/20/2026 17:51:18,1.17.3,LeftRight,67,3.66,nan,1,Left,Left,707,2114,475,277852321,nan,nan,0.00
8/20/2026 17:51:21,1.17.3,LeftRight,67,3.67,nan,1,RESET,Left,707,2114,475,277855484,nan,nan,nan
8/20/2026 17:54:34,1.17.3,LeftRight,67,3.66,nan,1,Right,Left,707,2115,475,278048161,nan,nan,0.46
8/20/2026 17:54:37,1.17.3,LeftRight,67,3.66,nan,1,Left,Left,708,2115,475,278051728,nan,nan,0.00
8/20/2026 17:54:39,1.17.3,LeftRight,67,3.66,nan,1,Right,Left,708,2116,475,278053560,nan,nan,0.29
8/20/2026 17:54:40,1.17.3,LeftRight,67,3.66,1,1,Pellet,Left,708,2116,476,278053560,0.23,3459,nan
8/20/2026 17:55:01,1.17.3,LeftRight,67,3.66,nan,1,Left,Left,709,2116,476,278075271,nan,nan,0.00
8/20/2026 17:55:04,1.17.3,LeftRight,67,3.66,nan,1,RESET,Left,709,2116,476,278078440,nan,nan,nan
8/20/2026 17:55:31,1.17.3,LeftRight,67,3.66,nan,1,Right,Left,709,2117,476,278105315,nan,nan,0.02
8/20/2026 17:55:33,1.17.3,LeftRight,67,3.66,nan,1,Right,Left,709,2118,476,278107017,nan,nan,0.15
8/20/2026 17:55:35,1.17.3,LeftRight,67,3.66,nan,1,Left,Left,710,2118,476,278109044,nan,nan,0.00
8/20/2026 17:55:38,1.17.3,LeftRight,67,3.67,nan,1,Right,Left,710,2119,476,278112210,nan,nan,0.51
8/20/2026 17:55:39,1.17.3,LeftRight,67,3.67,1,1,Pellet,Left,710,2119,477,278112210,0.35,59,nan
8/20/2026 17:56:45,1.17.3,LeftRight,67,3.66,nan,1,Left,Left,711,2119,477,278179562,nan,nan,0.00
8/20/2026 17:56:46,1.17.3,LeftRight,67,3.66,nan,1,Right,Left,711,2120,477,278180354,nan,nan,0.04
8/20/2026 17:56:47,1.17.3,LeftRight,67,3.66,1,1,Pellet,Left,711,2120,478,278180354,0.47,68,nan
8/20/2026 17:57:08,1.17.3,LeftRight,67,3.66,nan,1,Left,Left,712,2120,478,278202317,nan,nan,0.00
8/20/2026 17:57:10,1.17.3,LeftRight,67,3.66,nan,1,Left,Left,713,2120,478,278204677,nan,nan,0.00
8/20/2026 17:57:11,1.17.3,LeftRight,67,3.66,nan,1,Right,Left,713,2121,478,278205470,nan,nan,0.10
8/20/2026 17:57:12,1.17.3,LeftRight,67,3.66,1,1,Pellet,Left,713,2121,479,278205470,0.29,25,nan
8/20/2026 17:57:25,1.17.3,LeftRight,67,3.66,nan,1,Right,Left,713,2122,479,278218657,nan,nan,0.47
8/20/2026 18:00:56,1.17.3,LeftRight,67,3.66,nan,1,Right,Left,713,2123,479,278430338,nan,nan,0.00
8/20/2026 18:00:58,1.17.3,LeftRight,67,3.66,nan,1,Right,Left,713,2124,479,278432022,nan,nan,0.19
8/20/2026 18:01:00,1.17.3,LeftRight,67,3.66,nan,1,Left,Left,714,2124,479,278434855,nan,nan,0.00
8/20/2026 18:01:02,1.17.3,LeftRight,67,3.66,nan,1,Right,Left,714,2125,479,278436248,nan,nan,0.00
8/20/2026 18:01:03,1.17.3,LeftRight,67,3.66,1,1,Pellet,Left,714,2125,480,278436248,0.47,231,nan
8/20/2026 18:01:22,1.17.3,LeftRight,67,3.66,nan,1,Left,Left,715,2125,480,278456238,nan,nan,0.00
8/20/2026 18:01:23,1.17.3,LeftRight,67,3.66,nan,1,Right,Left,715,2126,480,278457329,nan,nan,0.01
8/20/2026 18:01:24,1.17.3,LeftRight,67,3.66,1,1,Pellet,Left,715,2126,481,278457329,0.59,21,nan
8/20/2026 18:08:29,1.17.3,LeftRight,67,3.66,nan,1,Right,Left,715,2127,481,278883237,nan,nan,0.10
8/20/2026 18:08:31,1.17.3,LeftRight,67,3.66,nan,1,Right,Left,715,2128,481,278885168,nan,nan,0.19
8/20/2026 18:08:34,1.17.3,LeftRight,67,3.66,nan,1,Right,Left,715,2129,481,278888678,nan,nan,0.00
8/20/2026 18:40:12,1.17.3,LeftRight,67,3.66,nan,1,Right,Left,715,2130,481,280786900,nan,nan,0.15
8/20/2026 18:40:14,1.17.3,LeftRight,67,3.66,nan,1,Right,Left,715,2131,481,280788143,nan,nan,0.02
8/20/2026 18:40:15,1.17.3,LeftRight,67,3.66,nan,1,Left,Left,716,2131,481,280789909,nan,nan,0.00
8/20/2026 18:40:16,1.17.3,LeftRight,67,3.66,nan,1,Right,Left,716,2132,481,280790709,nan,nan,0.06
8/20/2026 18:40:17,1.17.3,LeftRight,67,3.65,2,1,Pellet,Left,716,2132,482,280790709,0.06,2333,nan
8/20/2026 18:41:52,1.17.3,LeftRight,67,3.67,nan,1,Right,Left,716,2133,482,280886890,nan,nan,0.07
8/20/2026 18:41:54,1.17.3,LeftRight,67,3.66,nan,1,Left,Left,717,2133,482,280888941,nan,nan,0.00
8/20/2026 18:41:56,1.17.3,LeftRight,67,3.67,nan,1,Right,Left,717,2134,482,280890328,nan,nan,0.02
8/20/2026 18:41:57,1.17.3,LeftRight,67,3.66,1,1,Pellet,Left,717,2134,483,280890328,0.65,100,nan
8/20/2026 18:42:08,1.17.3,LeftRight,67,3.66,nan,1,Right,Left,717,2135,483,280902930,nan,nan,0.03
8/20/2026 18:44:43,1.17.3,LeftRight,67,3.66,nan,1,Right,Left,717,2136,483,281057532,nan,nan,0.00
8/20/2026 18:44:46,1.17.3,LeftRight,67,3.66,nan,1,Left,Left,718,2136,483,281060297,nan,nan,0.00
8/20/2026 18:44:49,1.17.3,LeftRight,67,3.65,nan,1,RESET,Left,718,2136,483,281063616,nan,nan,nan
8/20/2026 18:44:55,1.17.3,LeftRight,67,3.66,nan,1,Right,Left,718,2137,483,281069260,nan,nan,0.07
8/20/2026 18:44:57,1.17.3,LeftRight,67,3.66,nan,1,Right,Left,718,2138,483,281071456,nan,nan,0.06
8/20/2026 18:45:00,1.17.3,LeftRight,67,3.66,nan,1,Right,Left,718,2139,483,281074987,nan,nan,0.03
8/20/2026 18:45:02,1.17.3,LeftRight,67,3.66,nan,1,Left,Left,719,2139,483,281076940,nan,nan,0.00
8/20/2026 18:45:05,1.17.3,LeftRight,67,3.65,nan,1,Right,Left,719,2140,483,281079219,nan,nan,0.00
8/20/2026 18:45:06,1.17.3,LeftRight,67,3.66,2,1,Pellet,Left,719,2140,484,281079219,0.41,189,nan
8/20/2026 18:45:22,1.17.3,LeftRight,67,3.66,nan,1,Right,Left,719,2141,484,281096237,nan,nan,0.03
8/20/2026 18:45:23,1.17.3,LeftRight,67,3.66,nan,1,Left,Left,720,2141,484,281097725,nan,nan,0.00
8/20/2026 18:45:24,1.17.3,LeftRight,67,3.66,nan,1,Right,Left,720,2142,484,281098518,nan,nan,0.01
8/20/2026 18:45:27,1.17.3,LeftRight,67,3.66,2,1,Pellet,Left,720,2142,485,281098518,0.77,21,nan
8/20/2026 18:49:50,1.17.3,LeftRight,67,3.66,nan,1,Right,Left,720,2143,485,281364384,nan,nan,0.00
8/20/2026 18:49:52,1.17.3,LeftRight,67,3.66,nan,1,Left,Left,721,2143,485,281366721,nan,nan,0.00
8/20/2026 18:49:54,1.17.3,LeftRight,67,3.65,nan,1,Right,Left,721,2144,485,281368703,nan,nan,0.00
8/20/2026 18:49:55,1.17.3,LeftRight,67,3.65,1,1,Pellet,Left,721,2144,486,281368703,0.41,268,nan
8/20/2026 18:50:21,1.17.3,LeftRight,67,3.66,nan,1,Right,Left,721,2145,486,281395614,nan,nan,0.07
8/20/2026 18:50:22,1.17.3,LeftRight,67,3.65,nan,1,Right,Left,721,2146,486,281396924,nan,nan,0.00
8/20/2026 18:51:59,1.17.3,LeftRight,67,3.66,nan,1,Right,Left,721,2147,486,281493962,nan,nan,0.00
8/20/2026 18:52:01,1.17.3,LeftRight,67,3.66,nan,1,Right,Left,721,2148,486,281495201,nan,nan,0.07
8/20/2026 18:54:36,1.17.3,LeftRight,67,3.66,nan,1,Right,Left,721,2149,486,281650596,nan,nan,0.04
8/20/2026 18:54:38,1.17.3,LeftRight,67,3.66,nan,1,Left,Left,722,2149,486,281652185,nan,nan,0.00
8/20/2026 18:54:40,1.17.3,LeftRight,67,3.66,nan,1,Right,Left,722,2150,486,281654615,nan,nan,0.01
8/20/2026 18:54:41,1.17.3,LeftRight,67,3.66,1,1,Pellet,Left,722,2150,487,281654615,0.41,286,nan
8/20/2026 18:55:04,1.17.3,LeftRight,67,3.66,nan,1,Right,Left,722,2151,487,281678542,nan,nan,0.06
8/20/2026 18:55:06,1.17.3,LeftRight,67,3.65,nan,1,Right,Left,722,2152,487,281680589,nan,nan,0.00
8/20/2026 18:55:07,1.17.3,LeftRight,67,3.65,nan,1,Right,Left,722,2153,487,281681680,nan,nan,0.10
8/20/2026 18:55:08,1.17.3,LeftRight,67,3.66,nan,1,Left,Left,723,2153,487,281682720,nan,nan,0.00
8/20/2026 18:55:11,1.17.3,LeftRight,67,3.66,nan,1,Right,Left,723,2154,487,281685750,nan,nan,0.04
8/20/2026 18:55:20,1.17.3,LeftRight,67,3.66,2,1,Pellet,Left,723,2154,488,281685750,7.61,39,nan
8/20/2026 18:55:38,1.17.3,LeftRight,67,3.66,nan,1,Right,Left,723,2155,488,281712245,nan,nan,0.00
8/20/2026 18:58:33,1.17.3,LeftRight,67,3.66,nan,1,Right,Left,723,2156,488,281887502,nan,nan,0.06
8/20/2026 18:58:34,1.17.3,LeftRight,67,3.65,nan,1,Left,Left,724,2156,488,281889098,nan,nan,0.00
8/20/2026 18:58:35,1.17.3,LeftRight,67,3.66,nan,1,Right,Left,724,2157,488,281889750,nan,nan,0.00
8/20/2026 18:58:37,1.17.3,LeftRight,67,3.66,1,1,Pellet,Left,724,2157,489,281889750,0.65,197,nan
8/20/2026 18:59:00,1.17.3,LeftRight,67,3.65,nan,1,Right,Left,724,2158,489,281914378,nan,nan,0.00
8/20/2026 18:59:08,1.17.3,LeftRight,67,3.66,nan,1,Right,Left,724,2159,489,281922756,nan,nan,0.13
8/20/2026 19:03:04,1.17.3,LeftRight,67,3.66,nan,1,Right,Left,724,2160,489,282158765,nan,nan,0.00
8/20/2026 19:03:06,1.17.3,LeftRight,67,3.66,nan,1,Left,Left,725,2160,489,282160617,nan,nan,0.00
8/20/2026 19:03:07,1.17.3,LeftRight,67,3.66,nan,1,Right,Left,725,2161,489,282161715,nan,nan,0.00
8/20/2026 19:03:08,1.17.3,LeftRight,67,3.66,1,1,Pellet,Left,725,2161,490,282161715,0.59,271,nan
8/20/2026 19:04:35,1.17.3,LeftRight,67,3.66,nan,1,Right,Left,725,2162,490,282249827,nan,nan,0.02
8/20/2026 19:04:37,1.17.3,LeftRight,67,3.66,nan,1,Right,Left,725,2163,490,282251682,nan,nan,0.00
8/20/2026 19:04:40,1.17.3,LeftRight,67,3.66,nan,1,Right,Left,725,2164,490,282254854,nan,nan,0.00
8/20/2026 19:04:42,1.17.3,LeftRight,67,3.65,nan,1,Right,Left,725,2165,490,282256249,nan,nan,0.00
8/20/2026 19:04:43,1.17.3,LeftRight,67,3.65,nan,1,Left,Left,726,2165,490,282257385,nan,nan,0.00
8/20/2026 19:04:45,1.17.3,LeftRight,67,3.66,nan,1,Right,Left,726,2166,490,282259369,nan,nan,0.07
8/20/2026 19:04:46,1.17.3,LeftRight,67,3.65,2,1,Pellet,Left,726,2166,491,282259369,0.47,98,nan
8/20/2026 19:10:34,1.17.3,LeftRight,67,3.66,nan,1,Right,Left,726,2167,491,282608435,nan,nan,0.00
8/20/2026 19:10:35,1.17.3,LeftRight,67,3.66,nan,1,Left,Left,727,2167,491,282609874,nan,nan,0.00
8/20/2026 19:10:37,1.17.3,LeftRight,67,3.66,nan,1,Right,Left,727,2168,491,282611853,nan,nan,0.07
8/20/2026 19:10:41,1.17.3,LeftRight,67,3.66,2,1,Pellet,Left,727,2168,492,282611853,0.71,355,nan
8/20/2026 19:11:03,1.17.3,LeftRight,67,3.66,nan,1,Left,Left,728,2168,492,282637387,nan,nan,0.00
8/20/2026 19:11:04,1.17.3,LeftRight,67,3.65,nan,1,Right,Left,728,2169,492,282638923,nan,nan,0.07
8/20/2026 19:11:05,1.17.3,LeftRight,67,3.66,1,1,Pellet,Left,728,2169,493,282638923,0.41,24,nan
8/20/2026 19:11:17,1.17.3,LeftRight,67,3.65,nan,1,Right,Left,728,2170,493,282651254,nan,nan,0.06
8/20/2026 19:11:21,1.17.3,LeftRight,67,3.66,nan,1,Right,Left,728,2171,493,282655817,nan,nan,0.00
8/20/2026 19:11:22,1.17.3,LeftRight,67,3.66,nan,1,Right,Left,728,2172,493,282657065,nan,nan,0.06
8/20/2026 19:11:24,1.17.3,LeftRight,67,3.66,nan,1,Left,Left,729,2172,493,282658559,nan,nan,0.00
8/20/2026 19:11:25,1.17.3,LeftRight,67,3.66,nan,1,Right,Left,729,2173,493,282659500,nan,nan,0.00
8/20/2026 19:11:26,1.17.3,LeftRight,67,3.66,1,1,Pellet,Left,729,2173,494,282659500,0.47,21,nan
8/20/2026 19:18:01,1.17.3,LeftRight,67,3.66,nan,1,Right,Left,729,2174,494,283055933,nan,nan,0.09
8/20/2026 19:18:03,1.17.3,LeftRight,67,3.66,nan,1,Left,Left,730,2174,494,283058000,nan,nan,0.00
8/20/2026 19:18:07,1.17.3,LeftRight,67,3.65,nan,1,RESET,Left,730,2174,494,283061613,nan,nan,nan
8/20/2026 19:21:24,1.17.3,LeftRight,67,3.65,nan,1,Right,Left,730,2175,494,283258214,nan,nan,0.00
8/20/2026 19:21:24,1.17.3,LeftRight,67,3.66,nan,1,Right,Left,730,2176,494,283258717,nan,nan,0.04
8/20/2026 19:21:26,1.17.3,LeftRight,67,3.66,nan,1,Right,Left,730,2177,494,283260890,nan,nan,0.00
8/20/2026 19:21:27,1.17.3,LeftRight,67,3.65,nan,1,Right,Left,730,2178,494,283261980,nan,nan,0.07
8/20/2026 19:21:29,1.17.3,LeftRight,67,3.66,nan,1,Left,Left,731,2178,494,283263879,nan,nan,0.00
8/20/2026 19:21:30,1.17.3,LeftRight,67,3.66,nan,1,Right,Left,731,2179,494,283264523,nan,nan,0.04
8/20/2026 19:21:31,1.17.3,LeftRight,67,3.66,1,1,Pellet,Left,731,2179,495,283264523,0.47,605,nan
8/20/2026 19:23:30,1.17.3,LeftRight,67,3.66,nan,1,Left,Left,732,2179,495,283384854,nan,nan,0.00
8/20/2026 19:23:34,1.17.3,LeftRight,67,3.66,nan,1,RESET,Left,732,2179,495,283388619,nan,nan,nan
8/20/2026 19:23:52,1.17.3,LeftRight,67,3.66,nan,1,Left,Left,733,2179,495,283406802,nan,nan,0.00
8/20/2026 19:23:54,1.17.3,LeftRight,67,3.66,nan,1,Right,Left,733,2180,495,283408487,nan,nan,0.00
8/20/2026 19:23:55,1.17.3,LeftRight,67,3.65,1,1,Pellet,Left,733,2180,496,283408487,0.41,144,nan
8/20/2026 19:24:25,1.17.3,LeftRight,67,3.66,nan,1,Right,Left,733,2181,496,283439841,nan,nan,0.01
8/20/2026 19:24:26,1.17.3,LeftRight,67,3.66,nan,1,Right,Left,733,2182,496,283440941,nan,nan,0.04
8/20/2026 19:24:28,1.17.3,LeftRight,67,3.66,nan,1,Right,Left,733,2183,496,283442967,nan,nan,0.00
8/20/2026 19:24:29,1.17.3,LeftRight,67,3.65,nan,1,Right,Left,733,2184,496,283443910,nan,nan,0.00
8/20/2026 19:24:31,1.17.3,LeftRight,67,3.65,nan,1,Right,Left,733,2185,496,283445893,nan,nan,0.04
8/20/2026 19:24:33,1.17.3,LeftRight,67,3.66,nan,1,Right,Left,733,2186,496,283447773,nan,nan,0.00
8/20/2026 19:24:35,1.17.3,LeftRight,67,3.66,nan,1,Right,Left,733,2187,496,283449757,nan,nan,0.05
8/20/2026 19:24:36,1.17.3,LeftRight,67,3.66,nan,1,Right,Left,733,2188,496,283450751,nan,nan,0.00
8/20/2026 19:24:38,1.17.3,LeftRight,67,3.65,nan,1,Right,Left,733,2189,496,283452883,nan,nan,0.00
8/20/2026 19:24:39,1.17.3,LeftRight,67,3.66,nan,1,Right,Left,733,2190,496,283453975,nan,nan,0.08
8/20/2026 19:24:41,1.17.3,LeftRight,67,3.66,nan,1,Left,Left,734,2190,496,283455897,nan,nan,0.00
8/20/2026 19:24:42,1.17.3,LeftRight,67,3.66,nan,1,Right,Left,734,2191,496,283456988,nan,nan,0.00
8/20/2026 19:24:43,1.17.3,LeftRight,67,3.66,1,1,Pellet,Left,734,2191,497,283456988,0.41,48,nan
8/20/2026 19:33:54,1.17.3,LeftRight,67,3.65,nan,1,Right,Left,734,2192,497,284008314,nan,nan,0.00
8/20/2026 19:33:59,1.17.3,LeftRight,67,3.66,nan,1,Right,Left,734,2193,497,284013722,nan,nan,0.00
8/20/2026 19:34:02,1.17.3,LeftRight,67,3.66,nan,1,Left,Left,735,2193,497,284016293,nan,nan,0.00
8/20/2026 19:34:03,1.17.3,LeftRight,67,3.66,nan,1,Right,Left,735,2194,497,284017977,nan,nan,0.00
8/20/2026 19:34:04,1.17.3,LeftRight,67,3.66,1,1,Pellet,Left,735,2194,498,284017977,0.35,561,nan
8/20/2026 19:34:28,1.17.3,LeftRight,67,3.65,nan,1,Right,Left,735,2195,498,284043189,nan,nan,0.02
8/20/2026 19:34:30,1.17.3,LeftRight,67,3.66,nan,1,Right,Left,735,2196,498,284044304,nan,nan,0.00
8/20/2026 19:37:29,1.17.3,LeftRight,67,3.65,nan,1,Left,Left,736,2196,498,284223368,nan,nan,0.00
8/20/2026 19:37:31,1.17.3,LeftRight,67,3.66,nan,1,Right,Left,736,2197,498,284225500,nan,nan,0.00
8/20/2026 19:37:32,1.17.3,LeftRight,67,3.66,1,1,Pellet,Left,736,2197,499,284225500,0.65,208,nan
8/20/2026 19:38:02,1.17.3,LeftRight,67,3.65,nan,1,Right,Left,736,2198,499,284256263,nan,nan,0.00
8/20/2026 19:38:04,1.17.3,LeftRight,67,3.65,nan,1,Right,Left,736,2199,499,284258545,nan,nan,0.01
8/20/2026 19:38:05,1.17.3,LeftRight,67,3.66,nan,1,Right,Left,736,2200,499,284259792,nan,nan,0.02
8/20/2026 19:38:06,1.17.3,LeftRight,67,3.66,nan,1,Right,Left,736,2201,499,284260910,nan,nan,0.00
8/20/2026 19:38:08,1.17.3,LeftRight,67,3.66,nan,1,Left,Left,737,2201,499,284262811,nan,nan,0.00
8/20/2026 19:38:10,1.17.3,LeftRight,67,3.66,nan,1,Right,Left,737,2202,499,284265091,nan,nan,0.08
8/20/2026 19:38:12,1.17.3,LeftRight,67,3.66,1,1,Pellet,Left,737,2202,500,284265091,0.41,40,nan
8/20/2026 19:42:56,1.17.3,LeftRight,67,3.66,nan,1,Right,Left,737,2203,500,284550630,nan,nan,0.08
8/20/2026 19:42:59,1.17.3,LeftRight,67,3.65,nan,1,Right,Left,737,2204,500,284553891,nan,nan,0.04
8/20/2026 19:43:02,1.17.3,LeftRight,67,3.66,nan,1,Right,Left,737,2205,500,284556802,nan,nan,0.00
8/20/2026 19:43:03,1.17.3,LeftRight,67,3.65,nan,1,Right,Left,737,2206,500,284557893,nan,nan,0.03
8/20/2026 19:43:05,1.17.3,LeftRight,67,3.65,nan,1,Right,Left,737,2207,500,284559904,nan,nan,0.08
8/20/2026 19:43:06,1.17.3,LeftRight,67,3.66,nan,1,Right,Left,737,2208,500,284561225,nan,nan,0.00
8/20/2026 19:43:08,1.17.3,LeftRight,67,3.66,nan,1,Left,Left,738,2208,500,284562474,nan,nan,0.00
8/20/2026 19:43:09,1.17.3,LeftRight,67,3.66,nan,1,Right,Left,738,2209,500,284563418,nan,nan,0.00
8/20/2026 19:43:10,1.17.3,LeftRight,67,3.65,1,1,Pellet,Left,738,2209,501,284563418,0.47,298,nan
8/20/2026 19:45:01,1.17.3,LeftRight,67,3.66,nan,1,Right,Left,738,2210,501,284674498,nan,nan,1.36
8/20/2026 19:45:40,1.17.3,LeftRight,67,3.65,nan,1,Right,Left,738,2211,501,284714381,nan,nan,0.07
8/20/2026 19:45:41,1.17.3,LeftRight,67,3.66,nan,1,Right,Left,738,2212,501,284715693,nan,nan,0.00
8/20/2026 19:45:43,1.17.3,LeftRight,67,3.66,nan,1,Right,Left,738,2213,501,284717527,nan,nan,0.00
8/20/2026 19:45:44,1.17.3,LeftRight,67,3.65,nan,1,Left,Left,739,2213,501,284719204,nan,nan,0.00
8/20/2026 19:45:45,1.17.3,LeftRight,67,3.66,nan,1,Right,Left,739,2214,501,284720146,nan,nan,0.07
8/20/2026 19:45:47,1.17.3,LeftRight,67,3.65,1,1,Pellet,Left,739,2214,502,284720146,0.77,157,nan
8/20/2026 19:45:56,1.17.3,LeftRight,67,3.65,nan,1,Left,Left,740,2214,502,284730248,nan,nan,0.00
8/20/2026 19:45:58,1.17.3,LeftRight,67,3.66,nan,1,Right,Left,740,2215,502,284732385,nan,nan,0.03
8/20/2026 19:45:59,1.17.3,LeftRight,67,3.66,1,1,Pellet,Left,740,2215,503,284732385,0.71,12,nan
8/20/2026 19:52:25,1.17.3,LeftRight,67,3.66,nan,1,Right,Left,740,2216,503,285119868,nan,nan,0.01
8/20/2026 19:52:27,1.17.3,LeftRight,67,3.66,nan,1,Left,Left,741,2216,503,285122021,nan,nan,0.00
8/20/2026 19:52:31,1.17.3,LeftRight,67,3.65,nan,1,Left,Left,742,2216,503,285125637,nan,nan,0.00
8/20/2026 19:52:34,1.17.3,LeftRight,67,3.65,nan,1,RESET,Left,742,2216,503,285128667,nan,nan,nan
8/20/2026 19:52:35,1.17.3,LeftRight,67,3.65,nan,1,Right,Left,742,2217,503,285129403,nan,nan,0.02
8/20/2026 19:59:00,1.17.3,LeftRight,67,3.66,nan,1,Left,Left,743,2217,503,285514335,nan,nan,0.00
8/20/2026 19:59:02,1.17.3,LeftRight,67,3.66,nan,1,Right,Left,743,2218,503,285516774,nan,nan,0.03
8/20/2026 19:59:03,1.17.3,LeftRight,67,3.65,1,1,Pellet,Left,743,2218,504,285516774,0.47,784,nan
8/20/2026 19:59:38,1.17.3,LeftRight,67,3.66,nan,1,Right,Left,743,2219,504,285552975,nan,nan,0.06
8/20/2026 20:00:05,1.17.3,LeftRight,67,3.65,nan,1,Left,Left,744,2219,504,285580122,nan,nan,0.00
8/20/2026 20:00:06,1.17.3,LeftRight,67,3.66,nan,1,Right,Left,744,2220,504,285581065,nan,nan,0.08
8/20/2026 20:00:08,1.17.3,LeftRight,67,3.65,1,1,Pellet,Left,744,2220,505,285581065,0.53,65,nan
8/20/2026 20:05:57,1.17.3,LeftRight,67,3.65,nan,1,Right,Left,744,2221,505,285932019,nan,nan,0.00
8/20/2026 20:05:59,1.17.3,LeftRight,67,3.65,nan,1,Left,Left,745,2221,505,285933415,nan,nan,0.00
8/20/2026 20:06:02,1.17.3,LeftRight,67,3.66,nan,1,RESET,Left,745,2221,505,285936738,nan,nan,nan
8/20/2026 20:06:12,1.17.3,LeftRight,67,3.65,nan,1,Left,Left,746,2221,505,285946400,nan,nan,0.00
8/20/2026 20:06:13,1.17.3,LeftRight,67,3.65,nan,1,Right,Left,746,2222,505,285947939,nan,nan,0.00
8/20/2026 20:06:14,1.17.3,LeftRight,67,3.65,1,1,Pellet,Left,746,2222,506,285947939,0.41,366,nan
8/20/2026 20:06:28,1.17.3,LeftRight,67,3.66,nan,1,Right,Left,746,2223,506,285963158,nan,nan,0.00
8/20/2026 20:06:32,1.17.3,LeftRight,67,3.66,nan,1,Right,Left,746,2224,506,285966939,nan,nan,0.09
8/20/2026 20:14:25,1.17.3,LeftRight,67,3.65,nan,1,Right,Left,746,2225,506,286439422,nan,nan,0.00
8/20/2026 20:15:14,1.17.3,LeftRight,67,3.66,nan,1,Right,Left,746,2226,506,286488710,nan,nan,0.00
8/20/2026 20:15:17,1.17.3,LeftRight,67,3.66,nan,1,Right,Left,746,2227,506,286492035,nan,nan,0.05
8/20/2026 20:15:19,1.17.3,LeftRight,67,3.66,nan,1,Right,Left,746,2228,506,286493476,nan,nan,0.00
8/20/2026 20:15:20,1.17.3,LeftRight,67,3.66,nan,1,Left,Left,747,2228,506,286494904,nan,nan,0.00
8/20/2026 20:15:22,1.17.3,LeftRight,67,3.65,nan,1,Right,Left,747,2229,506,286496591,nan,nan,0.02
8/20/2026 20:15:23,1.17.3,LeftRight,67,3.65,1,1,Pellet,Left,747,2229,507,286496591,0.41,549,nan
8/20/2026 20:18:53,1.17.3,LeftRight,67,3.66,nan,1,Right,Left,747,2230,507,286707881,nan,nan,0.00
8/20/2026 20:18:55,1.17.3,LeftRight,67,3.65,nan,1,Right,Left,747,2231,507,286709567,nan,nan,0.00
8/20/2026 20:18:57,1.17.3,LeftRight,67,3.65,nan,1,Right,Left,747,2232,507,286711407,nan,nan,0.05
8/20/2026 20:18:58,1.17.3,LeftRight,67,3.66,nan,1,Right,Left,747,2233,507,286712401,nan,nan,0.04
8/20/2026 20:18:59,1.17.3,LeftRight,67,3.65,nan,1,Right,Left,747,2234,507,286713386,nan,nan,0.08
8/20/2026 20:19:01,1.17.3,LeftRight,67,3.65,nan,1,Right,Left,747,2235,507,286715596,nan,nan,0.08
8/20/2026 20:19:01,1.17.3,LeftRight,67,3.66,nan,1,Right,Left,747,2236,507,286716174,nan,nan,0.07
8/20/2026 20:19:02,1.17.3,LeftRight,67,3.66,nan,1,Right,Left,747,2237,507,286716899,nan,nan,0.00
8/20/2026 20:19:04,1.17.3,LeftRight,67,3.65,nan,1,Left,Left,748,2237,507,286718509,nan,nan,0.00
8/20/2026 20:19:04,1.17.3,LeftRight,67,3.66,nan,1,Right,Left,748,2238,507,286719303,nan,nan,0.00
8/20/2026 20:19:06,1.17.3,LeftRight,67,3.65,1,1,Pellet,Left,748,2238,508,286719303,0.41,223,nan
8/20/2026 20:19:29,1.17.3,LeftRight,67,3.65,nan,1,Right,Left,748,2239,508,286743724,nan,nan,0.09
8/20/2026 20:19:30,1.17.3,LeftRight,67,3.65,nan,1,Right,Left,748,2240,508,286744465,nan,nan,0.09
8/20/2026 20:19:32,1.17.3,LeftRight,67,3.65,nan,1,Right,Left,748,2241,508,286746847,nan,nan,0.01
8/20/2026 20:19:33,1.17.3,LeftRight,67,3.65,nan,1,Right,Left,748,2242,508,286748245,nan,nan,0.00
8/20/2026 20:19:35,1.17.3,LeftRight,67,3.65,nan,1,Left,Left,749,2242,508,286749982,nan,nan,0.00
8/20/2026 20:19:37,1.17.3,LeftRight,67,3.66,nan,1,Right,Left,749,2243,508,286751967,nan,nan,0.00
8/20/2026 20:19:38,1.17.3,LeftRight,67,3.65,1,1,Pellet,Left,749,2243,509,286751967,0.59,32,nan
8/20/2026 20:26:10,1.17.3,LeftRight,67,3.65,nan,1,Right,Left,749,2244,509,287144446,nan,nan,0.00
8/20/2026 20:26:11,1.17.3,LeftRight,67,3.65,nan,1,Right,Left,749,2245,509,287145836,nan,nan,0.00
8/20/2026 20:26:15,1.17.3,LeftRight,67,3.65,nan,1,Right,Left,749,2246,509,287149459,nan,nan,0.05
8/20/2026 20:26:16,1.17.3,LeftRight,67,3.65,nan,1,Left,Left,750,2246,509,287150949,nan,nan,0.00
8/20/2026 20:26:18,1.17.3,LeftRight,67,3.65,nan,1,Right,Left,750,2247,509,287152936,nan,nan,0.00
8/20/2026 20:26:19,1.17.3,LeftRight,67,3.65,1,1,Pellet,Left,750,2247,510,287152936,0.53,401,nan
8/20/2026 20:26:45,1.17.3,LeftRight,67,3.65,nan,1,Right,Left,750,2248,510,287179903,nan,nan,0.10
8/20/2026 20:26:48,1.17.3,LeftRight,67,3.66,nan,1,Right,Left,750,2249,510,287182584,nan,nan,0.00
8/20/2026 20:26:50,1.17.3,LeftRight,67,3.66,nan,1,Left,Left,751,2249,510,287185168,nan,nan,0.00
8/20/2026 20:26:53,1.17.3,LeftRight,67,3.65,nan,1,Left,Left,752,2249,510,287187654,nan,nan,0.00
8/20/2026 20:26:54,1.17.3,LeftRight,67,3.65,nan,1,Right,Left,752,2250,510,287188901,nan,nan,0.00
8/20/2026 20:26:55,1.17.3,LeftRight,67,3.65,1,1,Pellet,Left,752,2250,511,287188901,0.35,36,nan
8/20/2026 20:33:21,1.17.3,LeftRight,67,3.65,nan,1,Left,Left,753,2250,511,287576178,nan,nan,0.00
8/20/2026 20:33:22,1.17.3,LeftRight,67,3.65,nan,1,Right,Left,753,2251,511,287577121,nan,nan,0.00
8/20/2026 20:33:23,1.17.3,LeftRight,67,3.65,1,1,Pellet,Left,753,2251,512,287577121,0.47,388,nan
8/20/2026 20:38:00,1.17.3,LeftRight,67,3.65,nan,1,Right,Left,753,2252,512,287854660,nan,nan,0.00
8/20/2026 20:38:01,1.17.3,LeftRight,67,3.65,nan,1,Right,Left,753,2253,512,287855610,nan,nan,0.00
8/20/2026 20:38:04,1.17.3,LeftRight,67,3.65,nan,1,Right,Left,753,2254,512,287859087,nan,nan,0.00
8/20/2026 20:38:06,1.17.3,LeftRight,67,3.65,nan,1,Left,Left,754,2254,512,287860477,nan,nan,0.00
8/20/2026 20:38:09,1.17.3,LeftRight,67,3.65,nan,1,RESET,Left,754,2254,512,287863800,nan,nan,nan
8/20/2026 20:38:09,1.17.3,LeftRight,67,3.65,nan,1,Right,Left,754,2255,512,287863941,nan,nan,0.00
8/20/2026 20:38:10,1.17.3,LeftRight,67,3.65,nan,1,Right,Left,754,2256,512,287864892,nan,nan,0.02
8/20/2026 20:38:12,1.17.3,LeftRight,67,3.66,nan,1,Right,Left,754,2257,512,287866901,nan,nan,0.00
8/20/2026 20:38:13,1.17.3,LeftRight,67,3.65,nan,1,Right,Left,754,2258,512,287867398,nan,nan,0.01
8/20/2026 20:38:14,1.17.3,LeftRight,67,3.66,nan,1,Right,Left,754,2259,512,287868800,nan,nan,0.07
8/20/2026 20:38:16,1.17.3,LeftRight,67,3.65,nan,1,Left,Left,755,2259,512,287870603,nan,nan,0.00
8/20/2026 20:38:17,1.17.3,LeftRight,67,3.65,nan,1,Right,Left,755,2260,512,287871553,nan,nan,0.00
8/20/2026 20:38:18,1.17.3,LeftRight,67,3.65,1,1,Pellet,Left,755,2260,513,287871553,0.65,295,nan
8/20/2026 20:39:30,1.17.3,LeftRight,67,3.65,nan,1,Right,Left,755,2261,513,287944384,nan,nan,0.02
8/20/2026 20:39:32,1.17.3,LeftRight,67,3.65,nan,1,Right,Left,755,2262,513,287947278,nan,nan,0.00
8/20/2026 20:39:34,1.17.3,LeftRight,67,3.66,nan,1,Right,Left,755,2263,513,287948520,nan,nan,0.00
8/20/2026 20:39:35,1.17.3,LeftRight,67,3.65,nan,1,Left,Left,756,2263,513,287949768,nan,nan,0.00
8/20/2026 20:39:36,1.17.3,LeftRight,67,3.66,nan,1,Right,Left,756,2264,513,287951158,nan,nan,0.00
8/20/2026 20:39:38,1.17.3,LeftRight,67,3.65,1,1,Pellet,Left,756,2264,514,287951158,0.77,80,nan
8/20/2026 20:46:18,1.17.3,LeftRight,67,3.65,nan,1,Left,Left,757,2264,514,288352468,nan,nan,0.00
8/20/2026 20:46:19,1.17.3,LeftRight,67,3.66,nan,1,Right,Left,757,2265,514,288353411,nan,nan,0.00
8/20/2026 20:46:20,1.17.3,LeftRight,67,3.65,1,1,Pellet,Left,757,2265,515,288353411,0.47,402,nan
8/20/2026 20:55:42,1.17.3,LeftRight,67,3.65,nan,1,Right,Left,757,2266,515,288916729,nan,nan,0.00
8/20/2026 20:55:46,1.17.3,LeftRight,67,3.65,nan,1,Right,Left,757,2267,515,288920648,nan,nan,0.00
8/20/2026 20:55:50,1.17.3,LeftRight,67,3.66,nan,1,Left,Left,758,2267,515,288924943,nan,nan,0.00
8/20/2026 20:55:52,1.17.3,LeftRight,67,3.65,nan,1,Right,Left,758,2268,515,288927226,nan,nan,0.06
8/20/2026 20:55:54,1.17.3,LeftRight,67,3.65,2,1,Pellet,Left,758,2268,516,288927226,0.41,574,nan
8/20/2026 20:56:14,1.17.3,LeftRight,67,3.65,nan,1,Right,Left,758,2269,516,288949287,nan,nan,0.05
8/20/2026 20:56:15,1.17.3,LeftRight,67,3.65,nan,1,Right,Left,758,2270,516,288950283,nan,nan,0.10
8/20/2026 20:56:18,1.17.3,LeftRight,67,3.66,nan,1,Right,Left,758,2271,516,288952670,nan,nan,0.06
8/20/2026 20:58:01,1.17.3,LeftRight,67,3.65,nan,1,Right,Left,758,2272,516,289056250,nan,nan,0.00
8/20/2026 20:58:24,1.17.3,LeftRight,67,3.65,nan,1,Right,Left,758,2273,516,289079369,nan,nan,0.00
8/20/2026 20:58:35,1.17.3,LeftRight,67,3.65,nan,1,Right,Left,758,2274,516,289089695,nan,nan,0.06
8/20/2026 20:58:36,1.17.3,LeftRight,67,3.65,nan,1,Left,Left,759,2274,516,289091145,nan,nan,0.00
8/20/2026 20:58:39,1.17.3,LeftRight,67,3.65,nan,1,Right,Left,759,2275,516,289094023,nan,nan,0.11
8/20/2026 20:58:40,1.17.3,LeftRight,67,3.65,1,1,Pellet,Left,759,2275,517,289094023,0.41,166,nan
8/20/2026 20:59:15,1.17.3,LeftRight,67,3.65,nan,1,Left,Left,760,2275,517,289129699,nan,nan,0.00
8/20/2026 20:59:17,1.17.3,LeftRight,67,3.65,nan,1,Right,Left,760,2276,517,289131690,nan,nan,0.00
8/20/2026 20:59:18,1.17.3,LeftRight,67,3.66,1,1,Pellet,Left,760,2276,518,289131690,0.29,38,nan
8/20/2026 21:05:38,1.17.3,LeftRight,67,3.65,nan,1,Right,Left,760,2277,518,289512590,nan,nan,0.00
8/20/2026 21:05:43,1.17.3,LeftRight,67,3.65,nan,1,Right,Left,760,2278,518,289517991,nan,nan,0.00
8/20/2026 21:05:44,1.17.3,LeftRight,67,3.65,nan,1,Right,Left,760,2279,518,289519083,nan,nan,0.06
8/20/2026 21:05:48,1.17.3,LeftRight,67,3.65,nan,1,Right,Left,760,2280,518,289522468,nan,nan,0.00
8/20/2026 21:05:49,1.17.3,LeftRight,67,3.65,nan,1,Left,Left,761,2280,518,289523797,nan,nan,0.00
8/20/2026 21:05:52,1.17.3,LeftRight,67,3.65,nan,1,Right,Left,761,2281,518,289526673,nan,nan,0.00
8/20/2026 21:05:53,1.17.3,LeftRight,67,3.65,1,1,Pellet,Left,761,2281,519,289526673,0.41,395,nan
8/20/2026 21:10:21,1.17.3,LeftRight,67,3.65,nan,1,Right,Left,761,2282,519,289796346,nan,nan,0.00
8/20/2026 21:10:23,1.17.3,LeftRight,67,3.65,nan,1,Right,Left,761,2283,519,289798179,nan,nan,0.03
8/20/2026 21:10:28,1.17.3,LeftRight,67,3.65,nan,1,Right,Left,761,2284,519,289802865,nan,nan,0.00
8/20/2026 21:10:29,1.17.3,LeftRight,67,3.65,nan,1,Right,Left,761,2285,519,289803807,nan,nan,0.00
8/20/2026 21:10:29,1.17.3,LeftRight,67,3.66,nan,1,Right,Left,761,2286,519,289804304,nan,nan,0.08
8/20/2026 21:10:31,1.17.3,LeftRight,67,3.65,nan,1,Left,Left,762,2286,519,289805738,nan,nan,0.00
8/20/2026 21:10:33,1.17.3,LeftRight,67,3.65,nan,1,Right,Left,762,2287,519,289807424,nan,nan,0.04
8/20/2026 21:10:34,1.17.3,LeftRight,67,3.65,1,1,Pellet,Left,762,2287,520,289807424,0.41,281,nan
8/20/2026 21:21:05,1.17.3,LeftRight,67,3.65,nan,1,Right,Left,762,2288,520,290439692,nan,nan,0.01
8/20/2026 21:21:07,1.17.3,LeftRight,67,3.65,nan,1,Right,Left,762,2289,520,290441541,nan,nan,0.05
8/20/2026 21:21:09,1.17.3,LeftRight,67,3.65,nan,1,Right,Left,762,2290,520,290443876,nan,nan,0.00
8/20/2026 21:21:11,1.17.3,LeftRight,67,3.65,nan,1,Right,Left,762,2291,520,290446009,nan,nan,0.00
8/20/2026 21:21:19,1.17.3,LeftRight,67,3.65,nan,1,Left,Left,763,2291,520,290453669,nan,nan,0.00
8/20/2026 21:21:20,1.17.3,LeftRight,67,3.65,nan,1,Right,Left,763,2292,520,290454612,nan,nan,0.00
8/20/2026 21:21:21,1.17.3,LeftRight,67,3.65,1,1,Pellet,Left,763,2292,521,290454612,0.65,647,nan
8/20/2026 21:24:38,1.17.3,LeftRight,67,3.65,nan,1,Right,Left,763,2293,521,290652745,nan,nan,0.05
8/20/2026 21:24:39,1.17.3,LeftRight,67,3.65,nan,1,Right,Left,763,2294,521,290654477,nan,nan,0.00
8/20/2026 21:24:43,1.17.3,LeftRight,67,3.65,nan,1,Left,Left,764,2294,521,290658009,nan,nan,0.00
8/20/2026 21:24:44,1.17.3,LeftRight,67,3.65,nan,1,Right,Left,764,2295,521,290658661,nan,nan,0.00
8/20/2026 21:24:45,1.17.3,LeftRight,67,3.66,1,1,Pellet,Left,764,2295,522,290658661,0.65,204,nan
8/20/2026 21:28:54,1.17.3,LeftRight,67,3.65,nan,1,Left,Left,765,2295,522,290908780,nan,nan,0.00
8/20/2026 21:28:54,1.17.3,LeftRight,67,3.65,nan,1,Right,Left,765,2296,522,290909426,nan,nan,0.02
8/20/2026 21:28:56,1.17.3,LeftRight,67,3.65,1,1,Pellet,Left,765,2296,523,290909426,0.35,251,nan
8/20/2026 21:29:56,1.17.3,LeftRight,67,3.65,nan,1,Right,Left,765,2297,523,290971008,nan,nan,0.00
8/20/2026 21:29:57,1.17.3,LeftRight,67,3.65,nan,1,Right,Left,765,2298,523,290972398,nan,nan,0.00
8/20/2026 21:30:01,1.17.3,LeftRight,67,3.65,nan,1,Right,Left,765,2299,523,290976330,nan,nan,0.00
8/20/2026 21:30:03,1.17.3,LeftRight,67,3.65,nan,1,Right,Left,765,2300,523,290977572,nan,nan,0.00
8/20/2026 21:30:03,1.17.3,LeftRight,67,3.65,nan,1,Right,Left,765,2301,523,290978218,nan,nan,0.00
8/20/2026 21:30:05,1.17.3,LeftRight,67,3.65,nan,1,Left,Left,766,2301,523,290980124,nan,nan,0.00
8/20/2026 21:30:08,1.17.3,LeftRight,67,3.66,nan,1,Right,Left,766,2302,523,290983297,nan,nan,0.08
8/20/2026 21:30:12,1.17.3,LeftRight,67,3.65,2,1,Pellet,Left,766,2302,524,290983297,0.71,76,nan
8/20/2026 21:40:04,1.17.3,LeftRight,67,3.65,nan,1,Right,Left,766,2303,524,291578942,nan,nan,0.00
8/20/2026 21:40:06,1.17.3,LeftRight,67,3.65,nan,1,Left,Left,767,2303,524,291581187,nan,nan,0.00
8/20/2026 21:40:08,1.17.3,LeftRight,67,3.65,nan,1,Right,Left,767,2304,524,291583325,nan,nan,0.00
8/20/2026 21:40:10,1.17.3,LeftRight,67,3.66,1,1,Pellet,Left,767,2304,525,291583325,0.59,598,nan
8/20/2026 21:40:49,1.17.3,LeftRight,67,3.65,nan,1,Right,Left,767,2305,525,291623760,nan,nan,0.20
8/20/2026 21:40:52,1.17.3,LeftRight,67,3.65,nan,1,Left,Left,768,2305,525,291626701,nan,nan,0.00
8/20/2026 21:40:53,1.17.3,LeftRight,67,3.65,nan,1,Right,Left,768,2306,525,291628388,nan,nan,0.07
8/20/2026 21:40:55,1.17.3,LeftRight,67,3.65,1,1,Pellet,Left,768,2306,526,291628388,0.41,45,nan
8/20/2026 21:41:07,1.17.3,LeftRight,67,3.65,nan,1,Left,Left,769,2306,526,291641950,nan,nan,0.00
8/20/2026 21:41:08,1.17.3,LeftRight,67,3.66,nan,1,Right,Left,769,2307,526,291643190,nan,nan,0.02
8/20/2026 21:41:09,1.17.3,LeftRight,67,3.65,1,1,Pellet,Left,769,2307,527,291643190,0.41,14,nan
8/20/2026 21:41:29,1.17.3,LeftRight,67,3.65,nan,1,Right,Left,769,2308,527,291663701,nan,nan,0.00
8/20/2026 21:41:30,1.17.3,LeftRight,67,3.65,nan,1,Right,Left,769,2309,527,291665090,nan,nan,0.14
8/20/2026 21:41:32,1.17.3,LeftRight,67,3.65,nan,1,Right,Left,769,2310,527,291666655,nan,nan,0.26
8/20/2026 21:41:35,1.17.3,LeftRight,67,3.65,nan,1,Right,Left,769,2311,527,291670088,nan,nan,0.00
8/20/2026 21:41:37,1.17.3,LeftRight,67,3.65,nan,1,Right,Left,769,2312,527,291671622,nan,nan,0.02
8/20/2026 21:41:38,1.17.3,LeftRight,67,3.65,nan,1,Left,Left,770,2312,527,291673094,nan,nan,0.00
8/20/2026 21:41:39,1.17.3,LeftRight,67,3.65,nan,1,Right,Left,770,2313,527,291673887,nan,nan,0.03
8/20/2026 21:41:40,1.17.3,LeftRight,67,3.65,1,1,Pellet,Left,770,2313,528,291673887,0.29,31,nan
8/20/2026 21:41:49,1.17.3,LeftRight,67,3.65,nan,1,Left,Left,771,2313,528,291684201,nan,nan,0.00
8/20/2026 21:41:53,1.17.3,LeftRight,67,3.65,nan,1,RESET,Left,771,2313,528,291687961,nan,nan,nan
8/20/2026 21:41:53,1.17.3,LeftRight,67,3.65,nan,1,Right,Left,771,2314,528,291688102,nan,nan,0.00
8/20/2026 21:41:55,1.17.3,LeftRight,67,3.65,nan,1,Left,Left,772,2314,528,291689762,nan,nan,0.00
8/20/2026 21:41:56,1.17.3,LeftRight,67,3.65,nan,1,Right,Left,772,2315,528,291690866,nan,nan,0.11
8/20/2026 21:41:57,1.17.3,LeftRight,67,3.65,2,1,Pellet,Left,772,2315,529,291690866,0.17,17,nan
8/20/2026 21:44:28,1.17.3,LeftRight,67,3.65,nan,1,Left,Left,773,2315,529,291842983,nan,nan,0.00
8/20/2026 21:44:29,1.17.3,LeftRight,67,3.65,nan,1,Right,Left,773,2316,529,291844370,nan,nan,0.08
8/20/2026 21:44:31,1.17.3,LeftRight,67,3.65,1,1,Pellet,Left,773,2316,530,291844370,0.71,154,nan
8/20/2026 21:46:05,1.17.3,LeftRight,67,3.65,nan,1,Left,Left,774,2316,530,291940472,nan,nan,0.00
8/20/2026 21:46:09,1.17.3,LeftRight,67,3.65,nan,1,RESET,Left,774,2316,530,291943946,nan,nan,nan
8/20/2026 21:48:18,1.17.3,LeftRight,67,3.65,nan,1,Right,Left,774,2317,530,292072547,nan,nan,0.04
8/20/2026 21:49:04,1.17.3,LeftRight,67,3.65,nan,1,Right,Left,774,2318,530,292118816,nan,nan,0.00
8/20/2026 21:54:28,1.17.3,LeftRight,67,3.65,nan,1,Right,Left,774,2319,530,292443009,nan,nan,0.00
8/20/2026 21:54:29,1.17.3,LeftRight,67,3.65,nan,1,Right,Left,774,2320,530,292444545,nan,nan,0.00
8/20/2026 21:54:33,1.17.3,LeftRight,67,3.65,nan,1,Right,Left,774,2321,530,292447724,nan,nan,0.00
8/20/2026 21:54:34,1.17.3,LeftRight,67,3.65,nan,1,Left,Left,775,2321,530,292449004,nan,nan,0.00
8/20/2026 21:54:35,1.17.3,LeftRight,67,3.65,nan,1,Right,Left,775,2322,530,292450106,nan,nan,0.00
8/20/2026 21:54:37,1.17.3,LeftRight,67,3.65,1,1,Pellet,Left,775,2322,531,292450106,1.67,606,nan
8/20/2026 21:55:06,1.17.3,LeftRight,67,3.65,nan,1,Right,Left,775,2323,531,292481478,nan,nan,0.00
8/20/2026 22:00:44,1.17.3,LeftRight,67,3.65,nan,1,Right,Left,775,2324,531,292819320,nan,nan,0.05
8/20/2026 22:00:46,1.17.3,LeftRight,67,3.65,nan,1,Left,Left,776,2324,531,292821507,nan,nan,0.00
8/20/2026 22:00:50,1.17.3,LeftRight,67,3.65,nan,1,RESET,Left,776,2324,531,292824979,nan,nan,nan
8/20/2026 22:00:51,1.17.3,LeftRight,67,3.65,nan,1,Left,Left,777,2324,531,292826577,nan,nan,0.00
8/20/2026 22:00:53,1.17.3,LeftRight,67,3.65,nan,1,Right,Left,777,2325,531,292827668,nan,nan,0.06
8/20/2026 22:00:54,1.17.3,LeftRight,67,3.65,1,1,Pellet,Left,777,2325,532,292827668,0.65,377,nan
8/20/2026 22:01:43,1.17.3,LeftRight,67,3.65,nan,1,Right,Left,777,2326,532,292877824,nan,nan,0.05
8/20/2026 22:01:44,1.17.3,LeftRight,67,3.65,nan,1,Right,Left,777,2327,532,292878963,nan,nan,0.07
8/20/2026 22:01:45,1.17.3,LeftRight,67,3.65,nan,1,Left,Left,778,2327,532,292880415,nan,nan,0.00
8/20/2026 22:01:47,1.17.3,LeftRight,67,3.65,nan,1,Right,Left,778,2328,532,292882399,nan,nan,0.00
8/20/2026 22:01:49,1.17.3,LeftRight,67,3.65,1,1,Pellet,Left,778,2328,533,292882399,0.53,55,nan
8/20/2026 22:02:02,1.17.3,LeftRight,67,3.65,nan,1,Right,Left,778,2329,533,292896758,nan,nan,0.14
8/20/2026 22:02:03,1.17.3,LeftRight,67,3.65,nan,1,Left,Left,779,2329,533,292898425,nan,nan,0.00
8/20/2026 22:02:04,1.17.3,LeftRight,67,3.65,nan,1,Right,Left,779,2330,533,292899220,nan,nan,0.00
8/20/2026 22:02:05,1.17.3,LeftRight,67,3.65,1,1,Pellet,Left,779,2330,534,292899220,0.41,16,nan
8/20/2026 22:02:17,1.17.3,LeftRight,67,3.65,nan,1,Right,Left,779,2331,534,292911648,nan,nan,0.01
8/20/2026 22:09:05,1.17.3,LeftRight,67,3.65,nan,1,Right,Left,779,2332,534,293320228,nan,nan,0.00
8/20/2026 22:09:07,1.17.3,LeftRight,67,3.65,nan,1,Right,Left,779,2333,534,293321916,nan,nan,0.00
8/20/2026 22:09:08,1.17.3,LeftRight,67,3.65,nan,1,Right,Left,779,2334,534,293323009,nan,nan,0.00
8/20/2026 22:09:09,1.17.3,LeftRight,67,3.65,nan,1,Left,Left,780,2334,534,293324473,nan,nan,0.00
8/20/2026 22:09:12,1.17.3,LeftRight,67,3.65,nan,1,Right,Left,780,2335,534,293326905,nan,nan,0.00
8/20/2026 22:09:16,1.17.3,LeftRight,67,3.65,2,1,Pellet,Left,780,2335,535,293326905,1.01,431,nan
8/20/2026 22:09:57,1.17.3,LeftRight,67,3.65,nan,1,Right,Left,780,2336,535,293371738,nan,nan,0.00
8/20/2026 22:09:58,1.17.3,LeftRight,67,3.65,nan,1,Left,Left,781,2336,535,293373428,nan,nan,0.00
8/20/2026 22:10:00,1.17.3,LeftRight,67,3.65,nan,1,Right,Left,781,2337,535,293375116,nan,nan,0.00
8/20/2026 22:10:01,1.17.3,LeftRight,67,3.65,1,1,Pellet,Left,781,2337,536,293375116,0.53,45,nan
8/20/2026 22:18:32,1.17.3,LeftRight,67,3.65,nan,1,Right,Left,781,2338,536,293887619,nan,nan,0.00
8/20/2026 22:18:37,1.17.3,LeftRight,67,3.66,nan,1,Right,Left,781,2339,536,293892283,nan,nan,0.00
8/20/2026 22:18:40,1.17.3,LeftRight,67,3.65,nan,1,Left,Left,782,2339,536,293894632,nan,nan,0.00
8/20/2026 22:18:41,1.17.3,LeftRight,67,3.65,nan,1,Right,Left,782,2340,536,293896470,nan,nan,0.03
8/20/2026 22:18:43,1.17.3,LeftRight,67,3.65,1,1,Pellet,Left,782,2340,537,293896470,0.47,522,nan
8/20/2026 22:19:06,1.17.3,LeftRight,67,3.65,nan,1,Left,Left,783,2340,537,293920740,nan,nan,0.00
8/20/2026 22:19:07,1.17.3,LeftRight,67,3.65,nan,1,Right,Left,783,2341,537,293921987,nan,nan,0.00
8/20/2026 22:19:08,1.17.3,LeftRight,67,3.65,1,1,Pellet,Left,783,2341,538,293921987,0.59,25,nan
8/20/2026 22:22:31,1.17.3,LeftRight,67,3.65,nan,1,Left,Left,784,2341,538,294126090,nan,nan,0.00
8/20/2026 22:22:33,1.17.3,LeftRight,67,3.65,nan,1,Right,Left,784,2342,538,294127778,nan,nan,0.37
8/20/2026 22:22:35,1.17.3,LeftRight,67,3.65,2,1,Pellet,Left,784,2342,539,294127778,0.65,206,nan
8/20/2026 22:22:47,1.17.3,LeftRight,67,3.65,nan,1,Right,Left,784,2343,539,294142169,nan,nan,0.11
8/20/2026 22:22:55,1.17.3,LeftRight,67,3.65,nan,1,Right,Left,784,2344,539,294149780,nan,nan,0.05
8/20/2026 22:24:01,1.17.3,LeftRight,67,3.65,nan,1,Right,Left,784,2345,539,294216252,nan,nan,0.07
8/20/2026 22:24:03,1.17.3,LeftRight,67,3.65,nan,1,Left,Left,785,2345,539,294218013,nan,nan,0.00
8/20/2026 22:24:06,1.17.3,LeftRight,67,3.65,nan,1,RESET,Left,785,2345,539,294221041,nan,nan,nan
8/20/2026 22:24:06,1.17.3,LeftRight,67,3.65,nan,1,Left,Left,786,2345,539,294221546,nan,nan,0.00
8/20/2026 22:24:10,1.17.3,LeftRight,67,3.65,nan,1,RESET,Left,786,2345,539,294225022,nan,nan,nan
8/20/2026 22:24:10,1.17.3,LeftRight,67,3.65,nan,1,Left,Left,787,2345,539,294225425,nan,nan,0.00
8/20/2026 22:24:12,1.17.3,LeftRight,67,3.65,nan,1,Right,Left,787,2346,539,294226964,nan,nan,0.00
8/20/2026 22:24:13,1.17.3,LeftRight,67,3.65,1,1,Pellet,Left,787,2346,540,294226964,0.83,99,nan
8/20/2026 22:26:55,1.17.3,LeftRight,67,3.65,nan,1,Right,Left,787,2347,540,294390552,nan,nan,0.00
8/20/2026 22:30:02,1.17.3,LeftRight,67,3.65,nan,1,Left,Left,788,2347,540,294577562,nan,nan,0.00
8/20/2026 22:30:05,1.17.3,LeftRight,67,3.65,nan,1,Left,Left,789,2347,540,294580362,nan,nan,0.00
8/20/2026 22:30:08,1.17.3,LeftRight,67,3.65,nan,1,Right,Left,789,2348,540,294582794,nan,nan,0.01
8/20/2026 22:30:09,1.17.3,LeftRight,67,3.65,1,1,Pellet,Left,789,2348,541,294582794,0.35,356,nan
8/20/2026 22:32:28,1.17.3,LeftRight,67,3.65,nan,1,Right,Left,789,2349,541,294723164,nan,nan,0.06
8/20/2026 22:32:30,1.17.3,LeftRight,67,3.65,nan,1,Left,Left,790,2349,541,294724769,nan,nan,0.00
8/20/2026 22:32:33,1.17.3,LeftRight,67,3.65,nan,1,RESET,Left,790,2349,541,294728092,nan,nan,nan
8/20/2026 22:32:34,1.17.3,LeftRight,67,3.65,nan,1,Left,Left,791,2349,541,294729432,nan,nan,0.00
8/20/2026 22:32:38,1.17.3,LeftRight,67,3.65,nan,1,RESET,Left,791,2349,541,294733050,nan,nan,nan
8/20/2026 22:39:35,1.17.3,LeftRight,67,3.65,nan,1,Right,Left,791,2350,541,295150292,nan,nan,0.00
8/20/2026 22:39:36,1.17.3,LeftRight,67,3.65,nan,1,Right,Left,791,2351,541,295151241,nan,nan,0.00
8/20/2026 22:39:38,1.17.3,LeftRight,67,3.65,nan,1,Left,Left,792,2351,541,295153075,nan,nan,0.00
8/20/2026 22:39:39,1.17.3,LeftRight,67,3.65,nan,1,Right,Left,792,2352,541,295153721,nan,nan,0.00
8/20/2026 22:39:40,1.17.3,LeftRight,67,3.65,1,1,Pellet,Left,792,2352,542,295153721,0.47,571,nan
8/20/2026 22:42:00,1.17.3,LeftRight,67,3.65,nan,1,Right,Left,792,2353,542,295294555,nan,nan,0.19
8/20/2026 22:42:14,1.17.3,LeftRight,67,3.65,nan,1,Right,Left,792,2354,542,295309242,nan,nan,0.13
8/20/2026 22:42:15,1.17.3,LeftRight,67,3.65,nan,1,Right,Left,792,2355,542,295310461,nan,nan,0.03
8/20/2026 22:42:16,1.17.3,LeftRight,67,3.65,nan,1,Right,Left,792,2356,542,295311585,nan,nan,0.09
8/20/2026 22:42:30,1.17.3,LeftRight,67,3.65,nan,1,Right,Left,792,2357,542,295325427,nan,nan,0.00
8/20/2026 22:42:33,1.17.3,LeftRight,67,3.65,nan,1,Right,Left,792,2358,542,295327859,nan,nan,0.02
8/20/2026 22:42:35,1.17.3,LeftRight,67,3.65,nan,1,Right,Left,792,2359,542,295329870,nan,nan,0.09
8/20/2026 22:42:36,1.17.3,LeftRight,67,3.65,nan,1,Right,Left,792,2360,542,295331048,nan,nan,0.00
8/20/2026 22:42:37,1.17.3,LeftRight,67,3.65,nan,1,Right,Left,792,2361,542,295332141,nan,nan,0.03
8/20/2026 22:42:40,1.17.3,LeftRight,67,3.65,nan,1,Left,Left,793,2361,542,295335052,nan,nan,0.00
8/20/2026 22:42:41,1.17.3,LeftRight,67,3.65,nan,1,Right,Left,793,2362,542,295335698,nan,nan,0.00
8/20/2026 22:42:42,1.17.3,LeftRight,67,3.65,1,1,Pellet,Left,793,2362,543,295335698,0.59,182,nan
8/20/2026 22:43:03,1.17.3,LeftRight,67,3.65,nan,1,Right,Left,793,2363,543,295358046,nan,nan,0.00
8/20/2026 22:45:58,1.17.3,LeftRight,67,3.65,nan,1,Right,Left,793,2364,543,295533584,nan,nan,0.00
8/20/2026 22:52:17,1.17.3,LeftRight,67,3.65,nan,1,Right,Left,793,2365,543,295911657,nan,nan,0.06
8/20/2026 22:52:24,1.17.3,LeftRight,67,3.65,nan,1,Right,Left,793,2366,543,295919656,nan,nan,0.00
8/20/2026 22:52:26,1.17.3,LeftRight,67,3.65,nan,1,Left,Left,794,2366,543,295920899,nan,nan,0.00
8/20/2026 22:52:28,1.17.3,LeftRight,67,3.65,nan,1,Right,Left,794,2367,543,295923191,nan,nan,0.00
8/20/2026 22:52:29,1.17.3,LeftRight,67,3.65,1,1,Pellet,Left,794,2367,544,295923191,0.53,587,nan
8/20/2026 22:54:07,1.17.3,LeftRight,67,3.65,nan,1,Right,Left,794,2368,544,296022348,nan,nan,0.00
8/20/2026 22:54:53,1.17.3,LeftRight,67,3.65,nan,1,Right,Left,794,2369,544,296068095,nan,nan,0.00
8/20/2026 22:54:54,1.17.3,LeftRight,67,3.65,nan,1,Right,Left,794,2370,544,296069497,nan,nan,0.07
8/20/2026 22:54:56,1.17.3,LeftRight,67,3.65,nan,1,Left,Left,795,2370,544,296070811,nan,nan,0.00
8/20/2026 22:54:58,1.17.3,LeftRight,67,3.65,nan,1,Right,Left,795,2371,544,296073243,nan,nan,0.06
8/20/2026 22:54:59,1.17.3,LeftRight,67,3.65,1,1,Pellet,Left,795,2371,545,296073243,0.53,150,nan
8/20/2026 22:55:25,1.17.3,LeftRight,67,3.65,nan,1,Left,Left,796,2371,545,296100478,nan,nan,0.00
8/20/2026 22:55:27,1.17.3,LeftRight,67,3.65,nan,1,Right,Left,796,2372,545,296102463,nan,nan,0.04
8/20/2026 22:55:29,1.17.3,LeftRight,67,3.65,1,1,Pellet,Left,796,2372,546,296102463,0.47,30,nan
8/20/2026 22:56:04,1.17.3,LeftRight,67,3.65,nan,1,Right,Left,796,2373,546,296139052,nan,nan,0.01
8/20/2026 23:02:51,1.17.3,LeftRight,67,3.65,nan,1,Right,Left,796,2374,546,296546008,nan,nan,0.06
8/20/2026 23:02:56,1.17.3,LeftRight,67,3.65,nan,1,Right,Left,796,2375,546,296550887,nan,nan,0.00
8/20/2026 23:02:58,1.17.3,LeftRight,67,3.65,nan,1,Right,Left,796,2376,546,296553320,nan,nan,0.00
8/20/2026 23:03:01,1.17.3,LeftRight,67,3.65,nan,1,Left,Left,797,2376,546,296555903,nan,nan,0.00
8/20/2026 23:03:03,1.17.3,LeftRight,67,3.65,nan,1,Left,Left,798,2376,546,296558433,nan,nan,0.00
8/20/2026 23:03:05,1.17.3,LeftRight,67,3.65,nan,1,Right,Left,798,2377,546,296560420,nan,nan,0.02
8/20/2026 23:03:06,1.17.3,LeftRight,67,3.65,1,1,Pellet,Left,798,2377,547,296560420,0.41,457,nan
8/20/2026 23:07:46,1.17.3,LeftRight,67,3.65,nan,1,Left,Left,799,2377,547,296841502,nan,nan,0.00
8/20/2026 23:07:48,1.17.3,LeftRight,67,3.65,nan,1,Right,Left,799,2378,547,296843338,nan,nan,0.07
8/20/2026 23:07:49,1.17.3,LeftRight,67,3.65,1,1,Pellet,Left,799,2378,548,296843338,0.53,283,nan
8/20/2026 23:09:00,1.17.3,LeftRight,67,3.65,nan,1,Right,Left,799,2379,548,296915450,nan,nan,0.01
8/20/2026 23:09:01,1.17.3,LeftRight,67,3.65,nan,1,Right,Left,799,2380,548,296916107,nan,nan,0.02
8/20/2026 23:09:03,1.17.3,LeftRight,67,3.65,nan,1,Left,Left,800,2380,548,296918312,nan,nan,0.00
8/20/2026 23:09:05,1.17.3,LeftRight,67,3.65,nan,1,Right,Left,800,2381,548,296920301,nan,nan,0.05
8/20/2026 23:09:07,1.17.3,LeftRight,67,3.65,1,1,Pellet,Left,800,2381,549,296920301,0.77,78,nan
8/20/2026 23:09:30,1.17.3,LeftRight,67,3.65,nan,1,Left,Left,801,2381,549,296945694,nan,nan,0.00
8/20/2026 23:09:33,1.17.3,LeftRight,67,3.65,nan,1,Left,Left,802,2381,549,296948572,nan,nan,0.00
8/20/2026 23:09:35,1.17.3,LeftRight,67,3.65,nan,1,Right,Left,802,2382,549,296950114,nan,nan,0.09
8/20/2026 23:09:38,1.17.3,LeftRight,67,3.65,2,1,Pellet,Left,802,2382,550,296950114,0.41,31,nan
8/20/2026 23:13:00,1.17.3,LeftRight,67,3.65,nan,1,Right,Left,802,2383,550,297155283,nan,nan,0.06
8/20/2026 23:13:12,1.17.3,LeftRight,67,3.65,nan,1,Right,Left,802,2384,550,297167462,nan,nan,0.00
8/20/2026 23:13:13,1.17.3,LeftRight,67,3.65,nan,1,Right,Left,802,2385,550,297168109,nan,nan,0.46
8/20/2026 23:13:27,1.17.3,LeftRight,67,3.65,nan,1,Right,Left,802,2386,550,297182326,nan,nan,0.16
8/20/2026 23:13:39,1.17.3,LeftRight,67,3.65,nan,1,Right,Left,802,2387,550,297194307,nan,nan,0.00
8/20/2026 23:13:44,1.17.3,LeftRight,67,3.65,nan,1,Left,Left,803,2387,550,297198859,nan,nan,0.00
8/20/2026 23:13:45,1.17.3,LeftRight,67,3.65,nan,1,Right,Left,803,2388,550,297200555,nan,nan,0.07
8/20/2026 23:13:47,1.17.3,LeftRight,67,3.65,1,1,Pellet,Left,803,2388,551,297200555,0.41,249,nan
8/20/2026 23:15:02,1.17.3,LeftRight,67,3.65,nan,1,Right,Left,803,2389,551,297277762,nan,nan,0.00
8/20/2026 23:15:03,1.17.3,LeftRight,67,3.65,nan,1,Right,Left,803,2390,551,297278271,nan,nan,0.16
8/20/2026 23:15:10,1.17.3,LeftRight,67,3.65,nan,1,Left,Left,804,2390,551,297285419,nan,nan,0.00
8/20/2026 23:15:12,1.17.3,LeftRight,67,3.65,nan,1,Right,Left,804,2391,551,297287124,nan,nan,0.05
8/20/2026 23:15:15,1.17.3,LeftRight,67,3.65,2,1,Pellet,Left,804,2391,552,297287124,0.71,88,nan
8/20/2026 23:21:30,1.17.3,LeftRight,67,3.65,nan,1,Left,Left,805,2391,552,297664986,nan,nan,0.00
8/20/2026 23:21:32,1.17.3,LeftRight,67,3.65,nan,1,Right,Left,805,2392,552,297666973,nan,nan,0.00
8/20/2026 23:21:33,1.17.3,LeftRight,67,3.65,1,1,Pellet,Left,805,2392,553,297666973,0.47,378,nan
8/20/2026 23:38:58,1.17.3,LeftRight,67,3.65,nan,1,Left,Left,806,2392,553,298713527,nan,nan,0.00
8/20/2026 23:38:59,1.17.3,LeftRight,67,3.65,nan,1,Right,Left,806,2393,553,298714174,nan,nan,0.00
8/20/2026 23:39:00,1.17.3,LeftRight,67,3.65,1,1,Pellet,Left,806,2393,554,298714174,0.59,1047,nan
8/20/2026 23:39:28,1.17.3,LeftRight,67,3.64,nan,1,Right,Left,806,2394,554,298743047,nan,nan,0.05
8/20/2026 23:39:30,1.17.3,LeftRight,67,3.65,nan,1,Left,Left,807,2394,554,298745007,nan,nan,0.00
8/20/2026 23:39:32,1.17.3,LeftRight,67,3.65,nan,1,Right,Left,807,2395,554,298747298,nan,nan,0.06
8/20/2026 23:39:33,1.17.3,LeftRight,67,3.65,1,1,Pellet,Left,807,2395,555,298747298,0.53,33,nan
8/20/2026 23:40:05,1.17.3,LeftRight,67,3.65,nan,1,Right,Left,807,2396,555,298779913,nan,nan,0.04
8/20/2026 23:40:57,1.17.3,LeftRight,67,3.65,nan,1,Left,Left,808,2396,555,298831866,nan,nan,0.00
8/20/2026 23:40:59,1.17.3,LeftRight,67,3.65,nan,1,Right,Left,808,2397,555,298834303,nan,nan,0.00
8/20/2026 23:41:00,1.17.3,LeftRight,67,3.65,1,1,Pellet,Left,808,2397,556,298834303,0.47,87,nan
8/20/2026 23:41:41,1.17.3,LeftRight,67,3.65,nan,1,Left,Left,809,2397,556,298876585,nan,nan,0.00
8/20/2026 23:41:45,1.17.3,LeftRight,67,3.65,nan,1,RESET,Left,809,2397,556,298880360,nan,nan,nan
8/20/2026 23:42:05,1.17.3,LeftRight,67,3.65,nan,1,Right,Left,809,2398,556,298900314,nan,nan,0.00
8/20/2026 23:42:17,1.17.3,LeftRight,67,3.65,nan,1,Right,Left,809,2399,556,298911851,nan,nan,0.00
8/20/2026 23:42:19,1.17.3,LeftRight,67,3.65,nan,1,Right,Left,809,2400,556,298914138,nan,nan,0.04
8/20/2026 23:42:23,1.17.3,LeftRight,67,3.65,nan,1,Left,Left,810,2400,556,298918332,nan,nan,0.00
8/20/2026 23:42:26,1.17.3,LeftRight,67,3.65,nan,1,Right,Left,810,2401,556,298921362,nan,nan,0.00
8/20/2026 23:42:27,1.17.3,LeftRight,67,3.65,1,1,Pellet,Left,810,2401,557,298921362,0.47,87,nan
8/20/2026 23:42:39,1.17.3,LeftRight,67,3.65,nan,1,Right,Left,810,2402,557,298934656,nan,nan,0.00
8/20/2026 23:48:08,1.17.3,LeftRight,67,3.65,nan,1,Left,Left,811,2402,557,299263644,nan,nan,0.00
8/20/2026 23:48:12,1.17.3,LeftRight,67,3.65,nan,1,RESET,Left,811,2402,557,299267273,nan,nan,nan
8/20/2026 23:48:13,1.17.3,LeftRight,67,3.65,nan,1,Right,Left,811,2403,557,299268455,nan,nan,0.00
8/20/2026 23:48:15,1.17.3,LeftRight,67,3.65,nan,1,Left,Left,812,2403,557,299269851,nan,nan,0.00
8/20/2026 23:48:17,1.17.3,LeftRight,67,3.65,nan,1,Right,Left,812,2404,557,299272434,nan,nan,0.01
8/20/2026 23:48:18,1.17.3,LeftRight,67,3.65,1,1,Pellet,Left,812,2404,558,299272434,0.30,351,nan
8/20/2026 23:48:49,1.17.3,LeftRight,67,3.65,nan,1,Right,Left,812,2405,558,299304536,nan,nan,0.00
8/20/2026 23:48:54,1.17.3,LeftRight,67,3.65,nan,1,Right,Left,812,2406,558,299309654,nan,nan,0.00
8/20/2026 23:48:58,1.17.3,LeftRight,67,3.65,nan,1,Right,Left,812,2407,558,299313729,nan,nan,0.02
8/20/2026 23:49:00,1.17.3,LeftRight,67,3.65,nan,1,Left,Left,813,2407,558,299315741,nan,nan,0.00
8/20/2026 23:49:04,1.17.3,LeftRight,67,3.65,nan,1,RESET,Left,813,2407,558,299319377,nan,nan,nan
8/20/2026 23:49:07,1.17.3,LeftRight,67,3.65,nan,1,Right,Left,813,2408,558,299322348,nan,nan,0.00
8/20/2026 23:49:12,1.17.3,LeftRight,67,3.65,nan,1,Left,Left,814,2408,558,299327153,nan,nan,0.00
8/20/2026 23:49:14,1.17.3,LeftRight,67,3.65,nan,1,Right,Left,814,2409,558,299329588,nan,nan,0.05
8/20/2026 23:49:16,1.17.3,LeftRight,67,3.65,1,1,Pellet,Left,814,2409,559,299329588,0.59,58,nan
8/20/2026 23:54:27,1.17.3,LeftRight,67,3.65,nan,1,Left,Left,815,2409,559,299642702,nan,nan,0.00
8/20/2026 23:54:28,1.17.3,LeftRight,67,3.65,nan,1,Right,Left,815,2410,559,299643348,nan,nan,0.06
8/20/2026 23:54:29,1.17.3,LeftRight,67,3.65,1,1,Pellet,Left,815,2410,560,299643348,0.35,313,nan
8/20/2026 23:56:29,1.17.3,LeftRight,67,3.65,nan,1,Left,Left,816,2410,560,299764146,nan,nan,0.00
8/20/2026 23:56:32,1.17.3,LeftRight,67,3.65,nan,1,Left,Left,817,2410,560,299766949,nan,nan,0.00
8/20/2026 23:56:33,1.17.3,LeftRight,67,3.65,nan,1,Right,Left,817,2411,560,299768490,nan,nan,0.00
8/20/2026 23:56:34,1.17.3,LeftRight,67,3.65,1,1,Pellet,Left,817,2411,561,299768490,0.65,125,nan
8/21/2026 0:06:00,1.17.3,LeftRight,67,3.65,nan,1,Left,Left,818,2411,561,300335523,nan,nan,0.00
8/21/2026 0:06:02,1.17.3,LeftRight,67,3.65,nan,1,Right,Left,818,2412,561,300336913,nan,nan,0.00
8/21/2026 0:06:03,1.17.3,LeftRight,67,3.65,1,1,Pellet,Left,818,2412,562,300336913,0.41,569,nan
8/21/2026 0:11:14,1.17.3,LeftRight,67,3.65,nan,1,Right,Left,818,2413,562,300649239,nan,nan,0.00
8/21/2026 0:11:15,1.17.3,LeftRight,67,3.65,nan,1,Right,Left,818,2414,562,300650331,nan,nan,0.01
8/21/2026 0:11:19,1.17.3,LeftRight,67,3.65,nan,1,Right,Left,818,2415,562,300654102,nan,nan,0.00
8/21/2026 0:11:21,1.17.3,LeftRight,67,3.65,nan,1,Left,Left,819,2415,562,300656835,nan,nan,0.00
8/21/2026 0:11:24,1.17.3,LeftRight,67,3.65,nan,1,Right,Left,819,2416,562,300659264,nan,nan,0.07
8/21/2026 0:11:25,1.17.3,LeftRight,67,3.65,1,1,Pellet,Left,819,2416,563,300659264,0.65,322,nan
8/21/2026 0:16:21,1.17.3,LeftRight,67,3.65,nan,1,Right,Left,819,2417,563,300956454,nan,nan,0.04
8/21/2026 0:16:24,1.17.3,LeftRight,67,3.65,nan,1,Right,Left,819,2418,563,300959818,nan,nan,0.00
8/21/2026 0:16:26,1.17.3,LeftRight,67,3.65,nan,1,Left,Left,820,2418,563,300961214,nan,nan,0.00
8/21/2026 0:16:29,1.17.3,LeftRight,67,3.65,nan,1,Right,Left,820,2419,563,300963945,nan,nan,0.02
8/21/2026 0:16:30,1.17.3,LeftRight,67,3.65,1,1,Pellet,Left,820,2419,564,300963945,0.53,305,nan
8/21/2026 0:17:43,1.17.3,LeftRight,67,3.65,nan,1,Right,Left,820,2420,564,301038317,nan,nan,0.00
8/21/2026 0:17:47,1.17.3,LeftRight,67,3.65,nan,1,Right,Left,820,2421,564,301042535,nan,nan,0.00
8/21/2026 0:17:48,1.17.3,LeftRight,67,3.65,nan,1,Right,Left,820,2422,564,301043634,nan,nan,0.00
8/21/2026 0:17:50,1.17.3,LeftRight,67,3.65,nan,1,Left,Left,821,2422,564,301045083,nan,nan,0.00
8/21/2026 0:17:52,1.17.3,LeftRight,67,3.65,nan,1,Right,Left,821,2423,564,301047513,nan,nan,0.00
8/21/2026 0:17:53,1.17.3,LeftRight,67,3.65,1,1,Pellet,Left,821,2423,565,301047513,0.41,83,nan
8/21/2026 0:18:16,1.17.3,LeftRight,67,3.65,nan,1,Right,Left,821,2424,565,301070975,nan,nan,0.00
8/21/2026 0:18:18,1.17.3,LeftRight,67,3.65,nan,1,Right,Left,821,2425,565,301073115,nan,nan,0.00
8/21/2026 0:18:19,1.17.3,LeftRight,67,3.65,nan,1,Left,Left,822,2425,565,301074209,nan,nan,0.00
8/21/2026 0:18:20,1.17.3,LeftRight,67,3.65,nan,1,Right,Left,822,2426,565,301075601,nan,nan,0.00
8/21/2026 0:18:22,1.17.3,LeftRight,67,3.65,1,1,Pellet,Left,822,2426,566,301075601,0.59,29,nan
8/21/2026 0:25:29,1.17.3,LeftRight,67,3.65,nan,1,Right,Left,822,2427,566,301504090,nan,nan,0.05
8/21/2026 0:25:30,1.17.3,LeftRight,67,3.65,nan,1,Right,Left,822,2428,566,301505387,nan,nan,0.00
8/21/2026 0:25:33,1.17.3,LeftRight,67,3.65,nan,1,Right,Left,822,2429,566,301508426,nan,nan,0.00
8/21/2026 0:25:34,1.17.3,LeftRight,67,3.65,nan,1,Right,Left,822,2430,566,301509670,nan,nan,0.00
8/21/2026 0:25:35,1.17.3,LeftRight,67,3.65,nan,1,Left,Left,823,2430,566,301510764,nan,nan,0.00
8/21/2026 0:25:37,1.17.3,LeftRight,67,3.65,nan,1,Right,Left,823,2431,566,301512157,nan,nan,0.04
8/21/2026 0:25:38,1.17.3,LeftRight,67,3.65,1,1,Pellet,Left,823,2431,567,301512157,0.41,436,nan
8/21/2026 0:26:25,1.17.3,LeftRight,67,3.65,nan,1,Right,Left,823,2432,567,301560672,nan,nan,0.01
8/21/2026 0:26:28,1.17.3,LeftRight,67,3.65,nan,1,Right,Left,823,2433,567,301562821,nan,nan,0.66
8/21/2026 0:26:34,1.17.3,LeftRight,67,3.64,nan,1,Right,Left,823,2434,567,301569044,nan,nan,0.00
8/21/2026 0:26:37,1.17.3,LeftRight,67,3.65,nan,1,Right,Left,823,2435,567,301572670,nan,nan,0.08
8/21/2026 0:26:39,1.17.3,LeftRight,67,3.65,nan,1,Right,Left,823,2436,567,301574002,nan,nan,0.02
8/21/2026 0:26:40,1.17.3,LeftRight,67,3.65,nan,1,Left,Left,824,2436,567,301575320,nan,nan,0.00
8/21/2026 0:26:41,1.17.3,LeftRight,67,3.65,nan,1,Right,Left,824,2437,567,301576712,nan,nan,0.11
8/21/2026 0:26:43,1.17.3,LeftRight,67,3.65,1,1,Pellet,Left,824,2437,568,301576712,0.47,65,nan
8/21/2026 0:27:07,1.17.3,LeftRight,67,3.65,nan,1,Right,Left,824,2438,568,301601960,nan,nan,0.10
8/21/2026 0:27:10,1.17.3,LeftRight,67,3.65,nan,1,Right,Left,824,2439,568,301605686,nan,nan,0.00
8/21/2026 0:27:12,1.17.3,LeftRight,67,3.65,nan,1,Right,Left,824,2440,568,301607081,nan,nan,0.00
8/21/2026 0:27:15,1.17.3,LeftRight,67,3.65,nan,1,Right,Left,824,2441,568,301610862,nan,nan,0.04
8/21/2026 0:40:13,1.17.3,LeftRight,67,3.65,nan,1,Right,Left,824,2442,568,302388686,nan,nan,0.04
8/21/2026 0:40:15,1.17.3,LeftRight,67,3.65,nan,1,Right,Left,824,2443,568,302390267,nan,nan,0.00
8/21/2026 0:40:21,1.17.3,LeftRight,67,3.65,nan,1,Right,Left,824,2444,568,302396872,nan,nan,0.00
8/21/2026 0:40:23,1.17.3,LeftRight,67,3.65,nan,1,Right,Left,824,2445,568,302398114,nan,nan,0.00
8/21/2026 0:40:24,1.17.3,LeftRight,67,3.65,nan,1,Right,Left,824,2446,568,302399366,nan,nan,0.01
8/21/2026 0:40:25,1.17.3,LeftRight,67,3.65,nan,1,Right,Left,824,2447,568,302400912,nan,nan,0.05
8/21/2026 0:40:27,1.17.3,LeftRight,67,3.65,nan,1,Left,Left,825,2447,568,302402619,nan,nan,0.00
8/21/2026 0:40:28,1.17.3,LeftRight,67,3.65,nan,1,Right,Left,825,2448,568,302403861,nan,nan,0.00
8/21/2026 0:40:29,1.17.3,LeftRight,67,3.65,1,1,Pellet,Left,825,2448,569,302403861,0.23,826,nan
8/21/2026 0:42:32,1.17.3,LeftRight,67,3.65,nan,1,Right,Left,825,2449,569,302527332,nan,nan,0.00
8/21/2026 0:42:35,1.17.3,LeftRight,67,3.65,nan,1,Right,Left,825,2450,569,302530662,nan,nan,0.00
8/21/2026 0:42:36,1.17.3,LeftRight,67,3.65,nan,1,Right,Left,825,2451,569,302531906,nan,nan,0.00
8/21/2026 0:42:39,1.17.3,LeftRight,67,3.65,nan,1,Left,Left,826,2451,569,302534340,nan,nan,0.00
8/21/2026 0:42:40,1.17.3,LeftRight,67,3.65,nan,1,Right,Left,826,2452,569,302535732,nan,nan,0.00
8/21/2026 0:42:42,1.17.3,LeftRight,67,3.65,1,1,Pellet,Left,826,2452,570,302535732,0.65,133,nan
8/21/2026 0:43:12,1.17.3,LeftRight,67,3.65,nan,1,Right,Left,826,2453,570,302567733,nan,nan,0.02
8/21/2026 0:43:14,1.17.3,LeftRight,67,3.65,nan,1,Left,Left,827,2453,570,302569672,nan,nan,0.00
8/21/2026 0:43:15,1.17.3,LeftRight,67,3.65,nan,1,Right,Left,827,2454,570,302570616,nan,nan,0.00
8/21/2026 0:43:16,1.17.3,LeftRight,67,3.65,1,1,Pellet,Left,827,2454,571,302570616,0.35,34,nan
8/21/2026 0:46:52,1.17.3,LeftRight,67,3.65,nan,1,Right,Left,827,2455,571,302787703,nan,nan,0.01
8/21/2026 0:46:54,1.17.3,LeftRight,67,3.65,nan,1,Right,Left,827,2456,571,302789553,nan,nan,0.00
8/21/2026 0:51:54,1.17.3,LeftRight,67,3.65,nan,1,Right,Left,827,2457,571,303089854,nan,nan,0.00
8/21/2026 0:51:57,1.17.3,LeftRight,67,3.65,nan,1,Right,Left,827,2458,571,303092135,nan,nan,0.00
8/21/2026 0:52:02,1.17.3,LeftRight,67,3.65,nan,1,Right,Left,827,2459,571,303097988,nan,nan,0.00
8/21/2026 0:52:04,1.17.3,LeftRight,67,3.65,nan,1,Left,Left,828,2459,571,303099378,nan,nan,0.00
8/21/2026 0:52:05,1.17.3,LeftRight,67,3.65,nan,1,Right,Left,828,2460,571,303100329,nan,nan,0.00
8/21/2026 0:52:06,1.17.3,LeftRight,67,3.65,1,1,Pellet,Left,828,2460,572,303100329,0.53,530,nan
8/21/2026 0:55:38,1.17.3,LeftRight,67,3.65,nan,1,Right,Left,828,2461,572,303313064,nan,nan,0.00
8/21/2026 0:55:41,1.17.3,LeftRight,67,3.64,nan,1,Right,Left,828,2462,572,303316690,nan,nan,0.00
8/21/2026 0:55:42,1.17.3,LeftRight,67,3.65,nan,1,Right,Left,828,2463,572,303317934,nan,nan,0.00
8/21/2026 0:55:44,1.17.3,LeftRight,67,3.65,nan,1,Left,Left,829,2463,572,303319395,nan,nan,0.00
8/21/2026 0:55:46,1.17.3,LeftRight,67,3.65,nan,1,Right,Left,829,2464,572,303321085,nan,nan,0.04
8/21/2026 0:55:47,1.17.3,LeftRight,67,3.65,1,1,Pellet,Left,829,2464,573,303321085,0.35,221,nan
8/21/2026 0:57:30,1.17.3,LeftRight,67,3.65,nan,1,Right,Left,829,2465,573,303425057,nan,nan,0.05
8/21/2026 0:57:31,1.17.3,LeftRight,67,3.65,nan,1,Left,Left,830,2465,573,303426658,nan,nan,0.00
8/21/2026 0:57:33,1.17.3,LeftRight,67,3.65,nan,1,Right,Left,830,2466,573,303428794,nan,nan,0.00
8/21/2026 0:57:35,1.17.3,LeftRight,67,3.65,1,1,Pellet,Left,830,2466,574,303428794,0.53,108,nan
8/21/2026 0:58:02,1.17.3,LeftRight,67,3.65,nan,1,Left,Left,831,2466,574,303457613,nan,nan,0.00
8/21/2026 0:58:06,1.17.3,LeftRight,67,3.65,nan,1,RESET,Left,831,2466,574,303461536,nan,nan,nan
8/21/2026 0:58:14,1.17.3,LeftRight,67,3.65,nan,1,Right,Left,831,2467,574,303469868,nan,nan,0.09
8/21/2026 0:58:16,1.17.3,LeftRight,67,3.65,nan,1,Right,Left,831,2468,574,303471051,nan,nan,0.00
8/21/2026 0:58:18,1.17.3,LeftRight,67,3.65,nan,1,Left,Left,832,2468,574,303473997,nan,nan,0.00
8/21/2026 0:58:20,1.17.3,LeftRight,67,3.65,nan,1,Right,Left,832,2469,574,303475836,nan,nan,0.00
8/21/2026 0:58:22,1.17.3,LeftRight,67,3.65,1,1,Pellet,Left,832,2469,575,303475836,0.53,47,nan
8/21/2026 2:59:37,1.17.3,LeftRight,67,3.64,nan,1,Left,Left,833,2469,575,310753183,nan,nan,0.00
8/21/2026 2:59:39,1.17.3,LeftRight,67,3.65,nan,1,Right,Left,833,2470,575,310754575,nan,nan,0.12
8/21/2026 2:59:40,1.17.3,LeftRight,67,3.65,1,1,Pellet,Left,833,2470,576,310754575,0.41,7278,nan
8/21/2026 3:06:44,1.17.3,LeftRight,67,3.64,nan,1,Left,Left,834,2470,576,311179469,nan,nan,0.00
8/21/2026 3:06:46,1.17.3,LeftRight,67,3.64,nan,1,Right,Left,834,2471,576,311181158,nan,nan,0.43
8/21/2026 3:06:47,1.17.3,LeftRight,67,3.64,1,1,Pellet,Left,834,2471,577,311181158,0.59,427,nan
8/21/2026 3:07:51,1.17.3,LeftRight,67,3.64,nan,1,Left,Left,835,2471,577,311247183,nan,nan,0.00
8/21/2026 3:07:55,1.17.3,LeftRight,67,3.65,nan,1,RESET,Left,835,2471,577,311250802,nan,nan,nan
8/21/2026 3:07:55,1.17.3,LeftRight,67,3.65,nan,1,Right,Left,835,2472,577,311251259,nan,nan,0.03
8/21/2026 3:07:57,1.17.3,LeftRight,67,3.64,nan,1,Right,Left,835,2473,577,311252529,nan,nan,0.00
8/21/2026 3:07:59,1.17.3,LeftRight,67,3.65,nan,1,Left,Left,836,2473,577,311254370,nan,nan,0.00
8/21/2026 3:08:01,1.17.3,LeftRight,67,3.65,nan,1,Right,Left,836,2474,577,311256357,nan,nan,0.02
8/21/2026 3:08:02,1.17.3,LeftRight,67,3.64,1,1,Pellet,Left,836,2474,578,311256357,0.47,75,nan
8/21/2026 3:08:38,1.17.3,LeftRight,67,3.64,nan,1,Right,Left,836,2475,578,311294103,nan,nan,0.06
8/21/2026 3:08:43,1.17.3,LeftRight,67,3.64,nan,1,Right,Left,836,2476,578,311298385,nan,nan,0.01
8/21/2026 3:08:45,1.17.3,LeftRight,67,3.65,nan,1,Right,Left,836,2477,578,311300385,nan,nan,0.00
8/21/2026 3:08:46,1.17.3,LeftRight,67,3.64,nan,1,Left,Left,837,2477,578,311301962,nan,nan,0.00
8/21/2026 3:08:47,1.17.3,LeftRight,67,3.64,nan,1,Right,Left,837,2478,578,311302609,nan,nan,0.00
8/21/2026 3:08:47,1.17.3,LeftRight,67,3.62,nan,1,RightDuringDispense,Left,837,2479,578,311302609,nan,nan,0.09
8/21/2026 3:08:48,1.17.3,LeftRight,67,3.65,1,1,Pellet,Left,837,2479,579,311302609,0.35,46,nan
8/21/2026 3:13:58,1.17.3,LeftRight,67,3.65,nan,1,Right,Left,837,2480,579,311613564,nan,nan,0.00
8/21/2026 3:14:00,1.17.3,LeftRight,67,3.65,nan,1,Right,Left,837,2481,579,311615848,nan,nan,0.00
8/21/2026 3:14:01,1.17.3,LeftRight,67,3.64,nan,1,Right,Left,837,2482,579,311617088,nan,nan,0.00
8/21/2026 3:14:03,1.17.3,LeftRight,67,3.64,nan,1,Left,Left,838,2482,579,311618562,nan,nan,0.00
8/21/2026 3:14:03,1.17.3,LeftRight,67,3.65,nan,1,Right,Left,838,2483,579,311619209,nan,nan,0.00
8/21/2026 3:14:05,1.17.3,LeftRight,67,3.64,1,1,Pellet,Left,838,2483,580,311619209,0.89,317,nan
8/21/2026 3:20:30,1.17.3,LeftRight,67,3.64,nan,1,Right,Left,838,2484,580,312006361,nan,nan,0.00
8/21/2026 3:20:32,1.17.3,LeftRight,67,3.64,nan,1,Right,Left,838,2485,580,312007605,nan,nan,0.00
8/21/2026 3:20:33,1.17.3,LeftRight,67,3.64,nan,1,Right,Left,838,2486,580,312008551,nan,nan,0.00
8/21/2026 3:20:35,1.17.3,LeftRight,67,3.64,nan,1,Right,Left,838,2487,580,312010995,nan,nan,0.00
8/21/2026 3:20:36,1.17.3,LeftRight,67,3.64,nan,1,Right,Left,838,2488,580,312011941,nan,nan,0.00
8/21/2026 3:20:41,1.17.3,LeftRight,67,3.64,nan,1,Right,Left,838,2489,580,312017226,nan,nan,0.07
8/21/2026 3:20:42,1.17.3,LeftRight,67,3.64,nan,1,Right,Left,838,2490,580,312018238,nan,nan,0.00
8/21/2026 3:20:44,1.17.3,LeftRight,67,3.65,nan,1,Left,Left,839,2490,580,312019559,nan,nan,0.00
8/21/2026 3:20:44,1.17.3,LeftRight,67,3.64,nan,1,Right,Left,839,2491,580,312020212,nan,nan,0.00
8/21/2026 3:20:45,1.17.3,LeftRight,67,3.64,1,1,Pellet,Left,839,2491,581,312020212,0.35,400,nan
8/21/2026 3:21:22,1.17.3,LeftRight,67,3.64,nan,1,Left,Left,840,2491,581,312057929,nan,nan,0.00
8/21/2026 3:21:24,1.17.3,LeftRight,67,3.64,nan,1,Right,Left,840,2492,581,312060211,nan,nan,0.00
8/21/2026 3:21:25,1.17.3,LeftRight,67,3.64,1,1,Pellet,Left,840,2492,582,312060211,0.47,40,nan
8/21/2026 3:22:06,1.17.3,LeftRight,67,3.64,nan,1,Right,Left,840,2493,582,312101750,nan,nan,0.00
8/21/2026 3:22:07,1.17.3,LeftRight,67,3.64,nan,1,Right,Left,840,2494,582,312102844,nan,nan,0.16
8/21/2026 3:22:09,1.17.3,LeftRight,67,3.64,nan,1,Left,Left,841,2494,582,312104493,nan,nan,0.00
8/21/2026 3:22:10,1.17.3,LeftRight,67,3.64,nan,1,Right,Left,841,2495,582,312106033,nan,nan,0.00
8/21/2026 3:22:11,1.17.3,LeftRight,67,3.64,1,1,Pellet,Left,841,2495,583,312106033,0.47,46,nan
8/21/2026 3:22:39,1.17.3,LeftRight,67,3.65,nan,1,Left,Left,842,2495,583,312135178,nan,nan,0.00
8/21/2026 3:22:43,1.17.3,LeftRight,67,3.64,nan,1,Right,Left,842,2496,583,312138515,nan,nan,0.01
8/21/2026 3:22:44,1.17.3,LeftRight,67,3.64,1,1,Pellet,Left,842,2496,584,312138515,0.47,33,nan
8/21/2026 3:23:07,1.17.3,LeftRight,67,3.64,nan,1,Right,Left,842,2497,584,312162693,nan,nan,0.00
8/21/2026 3:26:34,1.17.3,LeftRight,67,3.64,nan,1,Left,Left,843,2497,584,312369671,nan,nan,0.00
8/21/2026 3:26:36,1.17.3,LeftRight,67,3.64,nan,1,Right,Left,843,2498,584,312371957,nan,nan,0.00
8/21/2026 3:26:37,1.17.3,LeftRight,67,3.64,1,1,Pellet,Left,843,2498,585,312371957,0.65,233,nan
8/21/2026 3:27:23,1.17.3,LeftRight,67,3.64,nan,1,Left,Left,844,2498,585,312419018,nan,nan,0.00
8/21/2026 3:27:25,1.17.3,LeftRight,67,3.64,nan,1,Right,Left,844,2499,585,312420409,nan,nan,0.00
8/21/2026 3:27:26,1.17.3,LeftRight,67,3.64,1,1,Pellet,Left,844,2499,586,312420409,0.47,49,nan
8/21/2026 3:27:49,1.17.3,LeftRight,67,3.64,nan,1,Right,Left,844,2500,586,312444404,nan,nan,0.04
8/21/2026 3:27:50,1.17.3,LeftRight,67,3.64,nan,1,Right,Left,844,2501,586,312445694,nan,nan,0.00
8/21/2026 3:27:52,1.17.3,LeftRight,67,3.64,nan,1,Left,Left,845,2501,586,312447550,nan,nan,0.00
8/21/2026 3:27:54,1.17.3,LeftRight,67,3.64,nan,1,Right,Left,845,2502,586,312449836,nan,nan,0.00
8/21/2026 3:27:55,1.17.3,LeftRight,67,3.64,1,1,Pellet,Left,845,2502,587,312449836,0.59,29,nan
8/21/2026 3:28:21,1.17.3,LeftRight,67,3.64,nan,1,Right,Left,845,2503,587,312476703,nan,nan,0.00
8/21/2026 3:28:22,1.17.3,LeftRight,67,3.64,nan,1,Right,Left,845,2504,587,312477797,nan,nan,0.12
8/21/2026 3:28:26,1.17.3,LeftRight,67,3.65,nan,1,Right,Left,845,2505,587,312481845,nan,nan,0.00
8/21/2026 3:37:02,1.17.3,LeftRight,67,3.64,nan,1,Right,Left,845,2506,587,312997439,nan,nan,0.00
8/21/2026 3:37:03,1.17.3,LeftRight,67,3.64,nan,1,Left,Left,846,2506,587,312999129,nan,nan,0.00
8/21/2026 3:37:05,1.17.3,LeftRight,67,3.64,nan,1,Right,Left,846,2507,587,313000671,nan,nan,0.02
8/21/2026 3:37:06,1.17.3,LeftRight,67,3.64,1,1,Pellet,Left,846,2507,588,313000671,1.01,551,nan
8/21/2026 3:37:53,1.17.3,LeftRight,67,3.64,nan,1,Right,Left,846,2508,588,313048915,nan,nan,0.01
8/21/2026 3:37:57,1.17.3,LeftRight,67,3.64,nan,1,Right,Left,846,2509,588,313053293,nan,nan,0.01
8/21/2026 3:38:03,1.17.3,LeftRight,67,3.65,nan,1,Right,Left,846,2510,588,313058437,nan,nan,0.00
8/21/2026 3:43:34,1.17.3,LeftRight,67,3.64,nan,1,Right,Left,846,2511,588,313389799,nan,nan,0.00
8/21/2026 3:43:46,1.17.3,LeftRight,67,3.64,nan,1,Left,Left,847,2511,588,313401534,nan,nan,0.00
8/21/2026 3:43:46,1.17.3,LeftRight,67,3.64,nan,1,Right,Left,847,2512,588,313402037,nan,nan,0.00
8/21/2026 3:43:47,1.17.3,LeftRight,67,3.64,1,1,Pellet,Left,847,2512,589,313402037,0.35,401,nan
8/21/2026 3:44:25,1.17.3,LeftRight,67,3.64,nan,1,Right,Left,847,2513,589,313441038,nan,nan,0.00
8/21/2026 3:44:51,1.17.3,LeftRight,67,3.64,nan,1,Right,Left,847,2514,589,313466840,nan,nan,0.00
8/21/2026 3:44:53,1.17.3,LeftRight,67,3.64,nan,1,Right,Left,847,2515,589,313468826,nan,nan,0.00
8/21/2026 3:44:54,1.17.3,LeftRight,67,3.65,nan,1,Right,Left,847,2516,589,313469627,nan,nan,0.00
8/21/2026 3:44:55,1.17.3,LeftRight,67,3.64,nan,1,Right,Left,847,2517,589,313470870,nan,nan,0.14
8/21/2026 3:44:57,1.17.3,LeftRight,67,3.64,nan,1,Left,Left,848,2517,589,313472974,nan,nan,0.00
8/21/2026 3:44:59,1.17.3,LeftRight,67,3.64,nan,1,Right,Left,848,2518,589,313475110,nan,nan,0.10
8/21/2026 3:45:01,1.17.3,LeftRight,67,3.64,1,1,Pellet,Left,848,2518,590,313475110,0.53,74,nan
8/21/2026 3:47:47,1.17.3,LeftRight,67,3.64,nan,1,Right,Left,848,2519,590,313642628,nan,nan,0.37
8/21/2026 3:47:54,1.17.3,LeftRight,67,3.64,nan,1,Right,Left,848,2520,590,313649904,nan,nan,0.00
8/21/2026 3:47:56,1.17.3,LeftRight,67,3.64,nan,1,Right,Left,848,2521,590,313651594,nan,nan,0.11
8/21/2026 3:47:57,1.17.3,LeftRight,67,3.64,nan,1,Right,Left,848,2522,590,313653242,nan,nan,0.00
8/21/2026 3:47:58,1.17.3,LeftRight,67,3.64,nan,1,Left,Left,849,2522,590,313654414,nan,nan,0.00
8/21/2026 3:48:00,1.17.3,LeftRight,67,3.64,nan,1,Right,Left,849,2523,590,313656253,nan,nan,0.00
8/21/2026 3:48:02,1.17.3,LeftRight,67,3.64,1,1,Pellet,Left,849,2523,591,313656253,0.47,180,nan
8/21/2026 3:48:23,1.17.3,LeftRight,67,3.64,nan,1,Right,Left,849,2524,591,313679216,nan,nan,0.00
8/21/2026 3:48:25,1.17.3,LeftRight,67,3.64,nan,1,Right,Left,849,2525,591,313681055,nan,nan,0.01
8/21/2026 3:48:29,1.17.3,LeftRight,67,3.64,nan,1,Right,Left,849,2526,591,313684691,nan,nan,0.00
8/21/2026 3:53:35,1.17.3,LeftRight,67,3.64,nan,1,Right,Left,849,2527,591,313990729,nan,nan,0.00
8/21/2026 3:53:36,1.17.3,LeftRight,67,3.64,nan,1,Right,Left,849,2528,591,313992126,nan,nan,0.00
8/21/2026 3:53:37,1.17.3,LeftRight,67,3.64,nan,1,Left,Left,850,2528,591,313993170,nan,nan,0.00
8/21/2026 3:53:39,1.17.3,LeftRight,67,3.64,nan,1,Right,Left,850,2529,591,313994861,nan,nan,0.00
8/21/2026 3:53:40,1.17.3,LeftRight,67,3.64,1,1,Pellet,Left,850,2529,592,313994861,0.35,339,nan
8/21/2026 3:54:08,1.17.3,LeftRight,67,3.64,nan,1,Left,Left,851,2529,592,314024452,nan,nan,0.00
8/21/2026 3:54:10,1.17.3,LeftRight,67,3.64,nan,1,Right,Left,851,2530,592,314026143,nan,nan,0.00
8/21/2026 3:54:11,1.17.3,LeftRight,67,3.64,1,1,Pellet,Left,851,2530,593,314026143,0.41,31,nan
8/21/2026 3:54:34,1.17.3,LeftRight,67,3.64,nan,1,Left,Left,852,2530,593,314050071,nan,nan,0.00
8/21/2026 3:54:38,1.17.3,LeftRight,67,3.64,nan,1,RESET,Left,852,2530,593,314053850,nan,nan,nan
8/21/2026 3:54:39,1.17.3,LeftRight,67,3.64,nan,1,Right,Left,852,2531,593,314054738,nan,nan,0.05
8/21/2026 3:54:40,1.17.3,LeftRight,67,3.65,nan,1,Right,Left,852,2532,593,314056177,nan,nan,0.05
8/21/2026 3:54:42,1.17.3,LeftRight,67,3.64,nan,1,Left,Left,853,2532,593,314057817,nan,nan,0.00
8/21/2026 3:54:45,1.17.3,LeftRight,67,3.65,nan,1,RESET,Left,853,2532,593,314060850,nan,nan,nan
8/21/2026 3:54:45,1.17.3,LeftRight,67,3.64,nan,1,Left,Left,854,2532,593,314061291,nan,nan,0.00
8/21/2026 3:54:47,1.17.3,LeftRight,67,3.65,nan,1,Right,Left,854,2533,593,314063429,nan,nan,0.00
8/21/2026 3:54:51,1.17.3,LeftRight,67,3.64,1,1,Pellet,Left,854,2533,594,314063429,2.39,40,nan
8/21/2026 3:59:09,1.17.3,LeftRight,67,3.64,nan,1,Right,Left,854,2534,594,314324591,nan,nan,0.00
8/21/2026 3:59:17,1.17.3,LeftRight,67,3.64,nan,1,Left,Left,855,2534,594,314333330,nan,nan,0.00
8/21/2026 3:59:21,1.17.3,LeftRight,67,3.64,nan,1,RESET,Left,855,2534,594,314336959,nan,nan,nan
8/21/2026 4:03:34,1.17.3,LeftRight,67,3.64,nan,1,Right,Left,855,2535,594,314589311,nan,nan,0.30
8/21/2026 4:03:35,1.17.3,LeftRight,67,3.64,nan,1,Right,Left,855,2536,594,314590866,nan,nan,0.00
8/21/2026 4:03:37,1.17.3,LeftRight,67,3.64,nan,1,Right,Left,855,2537,594,314592856,nan,nan,0.00
8/21/2026 4:03:38,1.17.3,LeftRight,67,3.64,nan,1,Right,Left,855,2538,594,314593957,nan,nan,0.02
8/21/2026 4:03:39,1.17.3,LeftRight,67,3.64,nan,1,Right,Left,855,2539,594,314595371,nan,nan,0.00
8/21/2026 4:03:42,1.17.3,LeftRight,67,3.64,nan,1,Right,Left,855,2540,594,314597670,nan,nan,0.02
8/21/2026 4:03:43,1.17.3,LeftRight,67,3.64,nan,1,Right,Left,855,2541,594,314599082,nan,nan,0.01
8/21/2026 4:03:45,1.17.3,LeftRight,67,3.64,nan,1,Right,Left,855,2542,594,314600485,nan,nan,0.09
8/21/2026 4:03:46,1.17.3,LeftRight,67,3.64,nan,1,Left,Left,856,2542,594,314601887,nan,nan,0.00
8/21/2026 4:03:47,1.17.3,LeftRight,67,3.64,nan,1,Right,Left,856,2543,594,314602535,nan,nan,0.00
8/21/2026 4:03:48,1.17.3,LeftRight,67,3.64,1,1,Pellet,Left,856,2543,595,314602535,0.47,537,nan
8/21/2026 4:04:35,1.17.3,LeftRight,67,3.64,nan,1,Left,Left,857,2543,595,314650879,nan,nan,0.00
8/21/2026 4:04:37,1.17.3,LeftRight,67,3.64,nan,1,Right,Left,857,2544,595,314653165,nan,nan,0.04
8/21/2026 4:04:38,1.17.3,LeftRight,67,3.64,1,1,Pellet,Left,857,2544,596,314653165,0.47,50,nan
8/21/2026 4:06:43,1.17.3,LeftRight,67,3.64,nan,1,Right,Left,857,2545,596,314779275,nan,nan,0.07
8/21/2026 4:06:59,1.17.3,LeftRight,67,3.64,nan,1,Left,Left,858,2545,596,314794744,nan,nan,0.00
8/21/2026 4:07:01,1.17.3,LeftRight,67,3.64,nan,1,Right,Left,858,2546,596,314797330,nan,nan,0.01
8/21/2026 4:07:02,1.17.3,LeftRight,67,3.64,1,1,Pellet,Left,858,2546,597,314797330,0.41,144,nan
8/21/2026 4:07:30,1.17.3,LeftRight,67,3.64,nan,1,Right,Left,858,2547,597,314826207,nan,nan,0.00
8/21/2026 4:07:31,1.17.3,LeftRight,67,3.64,nan,1,Right,Left,858,2548,597,314827159,nan,nan,0.04
8/21/2026 4:07:36,1.17.3,LeftRight,67,3.64,nan,1,Right,Left,858,2549,597,314831723,nan,nan,0.00
8/21/2026 4:12:16,1.17.3,LeftRight,67,3.64,nan,1,Right,Left,858,2550,597,315112103,nan,nan,0.00
8/21/2026 4:12:18,1.17.3,LeftRight,67,3.64,nan,1,Right,Left,858,2551,597,315113797,nan,nan,0.04
8/21/2026 4:12:20,1.17.3,LeftRight,67,3.64,nan,1,Right,Left,858,2552,597,315115821,nan,nan,0.02
8/21/2026 4:12:21,1.17.3,LeftRight,67,3.64,nan,1,Left,Left,859,2552,597,315117210,nan,nan,0.00
8/21/2026 4:12:24,1.17.3,LeftRight,67,3.64,nan,1,Right,Left,859,2553,597,315120388,nan,nan,0.02
8/21/2026 4:12:26,1.17.3,LeftRight,67,3.64,1,1,Pellet,Left,859,2553,598,315120388,0.71,324,nan
8/21/2026 4:12:53,1.17.3,LeftRight,67,3.64,nan,1,Right,Left,859,2554,598,315149040,nan,nan,0.20
8/21/2026 4:12:55,1.17.3,LeftRight,67,3.64,nan,1,Right,Left,859,2555,598,315150784,nan,nan,0.03
8/21/2026 4:12:58,1.17.3,LeftRight,67,3.64,nan,1,Right,Left,859,2556,598,315154448,nan,nan,0.00
8/21/2026 4:13:03,1.17.3,LeftRight,67,3.65,nan,1,Right,Left,859,2557,598,315159269,nan,nan,0.00
8/21/2026 4:13:05,1.17.3,LeftRight,67,3.64,nan,1,Left,Left,860,2557,598,315160811,nan,nan,0.00
8/21/2026 4:13:08,1.17.3,LeftRight,67,3.64,nan,1,RESET,Left,860,2557,598,315163991,nan,nan,nan
8/21/2026 4:25:04,1.17.3,LeftRight,67,3.64,nan,1,Right,Left,860,2558,598,315879258,nan,nan,0.38
8/21/2026 4:25:07,1.17.3,LeftRight,67,3.64,nan,1,Right,Left,860,2559,598,315882834,nan,nan,0.00
8/21/2026 4:25:08,1.17.3,LeftRight,67,3.64,nan,1,Right,Left,860,2560,598,315884079,nan,nan,0.01
8/21/2026 4:25:11,1.17.3,LeftRight,67,3.64,nan,1,Right,Left,860,2561,598,315886672,nan,nan,0.00
8/21/2026 4:25:15,1.17.3,LeftRight,67,3.64,nan,1,Left,Left,861,2561,598,315890898,nan,nan,0.00
8/21/2026 4:25:16,1.17.3,LeftRight,67,3.64,nan,1,Right,Left,861,2562,598,315892440,nan,nan,0.00
8/21/2026 4:25:18,1.17.3,LeftRight,67,3.64,1,1,Pellet,Left,861,2562,599,315892440,0.41,771,nan
8/21/2026 4:34:31,1.17.3,LeftRight,67,3.64,nan,1,Left,Left,862,2562,599,316446733,nan,nan,0.00
8/21/2026 4:34:33,1.17.3,LeftRight,67,3.64,nan,1,Right,Left,862,2563,599,316449032,nan,nan,0.00
8/21/2026 4:34:35,1.17.3,LeftRight,67,3.64,1,1,Pellet,Left,862,2563,600,316449032,1.31,558,nan
8/21/2026 4:35:03,1.17.3,LeftRight,67,3.64,nan,1,Right,Left,862,2564,600,316479055,nan,nan,0.00
8/21/2026 4:35:04,1.17.3,LeftRight,67,3.64,nan,1,Right,Left,862,2565,600,316480300,nan,nan,0.00
8/21/2026 4:35:08,1.17.3,LeftRight,67,3.64,nan,1,Right,Left,862,2566,600,316484237,nan,nan,0.03
8/21/2026 4:35:10,1.17.3,LeftRight,67,3.64,nan,1,Left,Left,863,2566,600,316485961,nan,nan,0.00
8/21/2026 4:35:13,1.17.3,LeftRight,67,3.64,nan,1,Left,Left,864,2566,600,316488598,nan,nan,0.00
8/21/2026 4:35:15,1.17.3,LeftRight,67,3.64,nan,1,Right,Left,864,2567,600,316490589,nan,nan,0.00
8/21/2026 4:35:16,1.17.3,LeftRight,67,3.65,1,1,Pellet,Left,864,2567,601,316490589,0.35,41,nan
8/21/2026 4:36:07,1.17.3,LeftRight,67,3.64,nan,1,Right,Left,864,2568,601,316542461,nan,nan,0.17
8/21/2026 4:36:35,1.17.3,LeftRight,67,3.64,nan,1,Right,Left,864,2569,601,316571456,nan,nan,0.04
8/21/2026 4:40:37,1.17.3,LeftRight,67,3.64,nan,1,Left,Left,865,2569,601,316812665,nan,nan,0.00
8/21/2026 4:40:40,1.17.3,LeftRight,67,3.64,nan,1,RESET,Left,865,2569,601,316815995,nan,nan,nan
8/21/2026 4:40:42,1.17.3,LeftRight,67,3.64,nan,1,Left,Left,866,2569,601,316817833,nan,nan,0.00
8/21/2026 4:40:45,1.17.3,LeftRight,67,3.64,nan,1,RESET,Left,866,2569,601,316821014,nan,nan,nan
8/21/2026 4:40:47,1.17.3,LeftRight,67,3.64,nan,1,Right,Left,866,2570,601,316822803,nan,nan,0.09
8/21/2026 4:40:48,1.17.3,LeftRight,67,3.64,nan,1,Left,Left,867,2570,601,316824438,nan,nan,0.00
8/21/2026 4:40:50,1.17.3,LeftRight,67,3.64,nan,1,Right,Left,867,2571,601,316825532,nan,nan,0.05
8/21/2026 4:40:51,1.17.3,LeftRight,67,3.64,1,1,Pellet,Left,867,2571,602,316825532,0.77,335,nan
8/21/2026 4:51:00,1.17.3,LeftRight,67,3.64,nan,1,Left,Left,868,2571,602,317436484,nan,nan,0.00
8/21/2026 4:51:04,1.17.3,LeftRight,67,3.64,nan,1,RESET,Left,868,2571,602,317440115,nan,nan,nan
8/21/2026 4:51:21,1.17.3,LeftRight,67,3.64,nan,1,Left,Left,869,2571,602,317457081,nan,nan,0.00
8/21/2026 4:51:22,1.17.3,LeftRight,67,3.64,nan,1,Right,Left,869,2572,602,317458473,nan,nan,0.00
8/21/2026 4:51:24,1.17.3,LeftRight,67,3.64,1,1,Pellet,Left,869,2572,603,317458473,1.31,633,nan
8/21/2026 4:52:02,1.17.3,LeftRight,67,3.64,nan,1,Right,Left,869,2573,603,317497524,nan,nan,0.11
8/21/2026 4:52:03,1.17.3,LeftRight,67,3.64,nan,1,Right,Left,869,2574,603,317499034,nan,nan,0.04
8/21/2026 4:52:07,1.17.3,LeftRight,67,3.64,nan,1,Right,Left,869,2575,603,317503149,nan,nan,0.05
8/21/2026 4:52:09,1.17.3,LeftRight,67,3.64,nan,1,Right,Left,869,2576,603,317504888,nan,nan,0.00
8/21/2026 4:52:10,1.17.3,LeftRight,67,3.64,nan,1,Left,Left,870,2576,603,317506283,nan,nan,0.00
8/21/2026 4:52:14,1.17.3,LeftRight,67,3.64,nan,1,RESET,Left,870,2576,603,317510060,nan,nan,nan
8/21/2026 4:52:17,1.17.3,LeftRight,67,3.64,nan,1,Right,Left,870,2577,603,317512735,nan,nan,0.00
8/21/2026 4:52:26,1.17.3,LeftRight,67,3.64,nan,1,Right,Left,870,2578,603,317522026,nan,nan,0.29
8/21/2026 5:06:17,1.17.3,LeftRight,67,3.64,nan,1,Right,Left,870,2579,603,318352912,nan,nan,0.00
8/21/2026 5:06:22,1.17.3,LeftRight,67,3.64,nan,1,Right,Left,870,2580,603,318358181,nan,nan,0.00
8/21/2026 5:06:26,1.17.3,LeftRight,67,3.64,nan,1,Left,Left,871,2580,603,318361664,nan,nan,0.00
8/21/2026 5:06:29,1.17.3,LeftRight,67,3.64,nan,1,RESET,Left,871,2580,603,318365143,nan,nan,nan
8/21/2026 5:06:34,1.17.3,LeftRight,67,3.64,nan,1,Left,Left,872,2580,603,318369690,nan,nan,0.00
8/21/2026 5:06:37,1.17.3,LeftRight,67,3.64,nan,1,Right,Left,872,2581,603,318372874,nan,nan,0.00
8/21/2026 5:06:38,1.17.3,LeftRight,67,3.64,1,1,Pellet,Left,872,2581,604,318372874,0.65,914,nan
8/21/2026 6:36:31,1.17.3,LeftRight,67,3.64,nan,1,Right,Left,872,2582,604,323766865,nan,nan,0.39
8/21/2026 6:37:03,1.17.3,LeftRight,67,3.64,nan,1,Right,Left,872,2583,604,323799670,nan,nan,0.16
8/21/2026 6:37:08,1.17.3,LeftRight,67,3.64,nan,1,Right,Left,872,2584,604,323804358,nan,nan,0.16
8/21/2026 6:37:14,1.17.3,LeftRight,67,3.64,nan,1,Right,Left,872,2585,604,323810235,nan,nan,0.12
8/21/2026 6:37:16,1.17.3,LeftRight,67,3.64,nan,1,Left,Left,873,2585,604,323812583,nan,nan,0.00
8/21/2026 6:37:17,1.17.3,LeftRight,67,3.64,nan,1,Right,Left,873,2586,604,323813678,nan,nan,0.09
8/21/2026 6:37:19,1.17.3,LeftRight,67,3.64,2,1,Pellet,Left,873,2586,605,323813678,0.47,5441,nan
8/21/2026 6:37:45,1.17.3,LeftRight,67,3.64,nan,1,Right,Left,873,2587,605,323840934,nan,nan,0.16
8/21/2026 6:37:50,1.17.3,LeftRight,67,3.64,nan,1,Right,Left,873,2588,605,323846063,nan,nan,0.11
8/21/2026 6:38:01,1.17.3,LeftRight,67,3.64,nan,1,Left,Left,874,2588,605,323856965,nan,nan,0.00
8/21/2026 6:38:04,1.17.3,LeftRight,67,3.64,nan,1,RESET,Left,874,2588,605,323860299,nan,nan,nan
8/21/2026 6:38:05,1.17.3,LeftRight,67,3.64,nan,1,Right,Left,874,2589,605,323861486,nan,nan,0.04
8/21/2026 6:39:10,1.17.3,LeftRight,67,3.64,nan,1,Left,Left,875,2589,605,323926801,nan,nan,0.00
8/21/2026 6:39:14,1.17.3,LeftRight,67,3.64,nan,1,RESET,Left,875,2589,605,323930290,nan,nan,nan
8/21/2026 6:42:32,1.17.3,LeftRight,67,3.64,nan,1,Left,Left,876,2589,605,324128368,nan,nan,0.00
8/21/2026 6:42:36,1.17.3,LeftRight,67,3.64,nan,1,RESET,Left,876,2589,605,324132298,nan,nan,nan
8/21/2026 6:44:24,1.17.3,LeftRight,67,3.64,nan,1,Right,Left,876,2590,605,324240122,nan,nan,0.06
8/21/2026 6:44:25,1.17.3,LeftRight,67,3.63,nan,1,Right,Left,876,2591,605,324241720,nan,nan,0.09
8/21/2026 6:44:31,1.17.3,LeftRight,67,3.64,nan,1,Right,Left,876,2592,605,324247678,nan,nan,0.02
8/21/2026 6:44:32,1.17.3,LeftRight,67,3.64,nan,1,Right,Left,876,2593,605,324248192,nan,nan,0.19
8/21/2026 6:46:59,1.17.3,LeftRight,67,3.64,nan,1,Left,Left,877,2593,605,324395776,nan,nan,0.00
8/21/2026 6:47:03,1.17.3,LeftRight,67,3.64,nan,1,RESET,Left,877,2593,605,324399403,nan,nan,nan
8/21/2026 6:47:04,1.17.3,LeftRight,67,3.64,nan,1,Left,Left,878,2593,605,324400198,nan,nan,0.00
8/21/2026 6:47:07,1.17.3,LeftRight,67,3.64,nan,1,RESET,Left,878,2593,605,324403387,nan,nan,nan
8/21/2026 6:47:38,1.17.3,LeftRight,67,3.64,nan,1,Right,Left,878,2594,605,324434086,nan,nan,0.07
8/21/2026 6:47:41,1.17.3,LeftRight,67,3.64,nan,1,Right,Left,878,2595,605,324437190,nan,nan,0.00
8/21/2026 6:47:42,1.17.3,LeftRight,67,3.64,nan,1,Right,Left,878,2596,605,324438583,nan,nan,0.03
8/21/2026 6:47:43,1.17.3,LeftRight,67,3.64,nan,1,Right,Left,878,2597,605,324439705,nan,nan,0.00
8/21/2026 6:47:45,1.17.3,LeftRight,67,3.64,nan,1,Right,Left,878,2598,605,324441098,nan,nan,0.08
8/21/2026 6:47:47,1.17.3,LeftRight,67,3.64,nan,1,Right,Left,878,2599,605,324443320,nan,nan,0.01
8/21/2026 6:47:48,1.17.3,LeftRight,67,3.64,nan,1,Right,Left,878,2600,605,324444574,nan,nan,0.25
8/21/2026 6:47:51,1.17.3,LeftRight,67,3.64,nan,1,Left,Left,879,2600,605,324447157,nan,nan,0.00
8/21/2026 6:47:52,1.17.3,LeftRight,67,3.64,nan,1,Right,Left,879,2601,605,324448401,nan,nan,0.00
8/21/2026 6:47:53,1.17.3,LeftRight,67,3.64,1,1,Pellet,Left,879,2601,606,324448401,0.41,634,nan
8/21/2026 6:48:33,1.17.3,LeftRight,67,3.64,nan,1,Left,Left,880,2601,606,324489389,nan,nan,0.00
8/21/2026 6:48:36,1.17.3,LeftRight,67,3.64,nan,1,Right,Left,880,2602,606,324492424,nan,nan,0.01
8/21/2026 6:48:36,1.17.3,LeftRight,67,3.64,nan,1,RightDuringDispense,Left,880,2603,606,324492424,nan,nan,0.07
8/21/2026 6:48:38,1.17.3,LeftRight,67,3.64,1,1,Pellet,Left,880,2603,607,324492424,0.71,45,nan
8/21/2026 7:02:13,1.17.3,LeftRight,67,3.64,nan,1,Right,Left,880,2604,607,325309146,nan,nan,0.10
8/21/2026 7:02:14,1.17.3,LeftRight,67,3.64,nan,1,Right,Left,880,2605,607,325310514,nan,nan,0.19
8/21/2026 7:02:26,1.17.3,LeftRight,67,3.64,nan,1,Right,Left,880,2606,607,325322234,nan,nan,0.52
8/21/2026 7:02:31,1.17.3,LeftRight,67,3.63,nan,1,Right,Left,880,2607,607,325327730,nan,nan,0.00
8/21/2026 7:02:33,1.17.3,LeftRight,67,3.64,nan,1,Right,Left,880,2608,607,325329570,nan,nan,0.08
8/21/2026 7:02:38,1.17.3,LeftRight,67,3.64,nan,1,Left,Left,881,2608,607,325334350,nan,nan,0.00
8/21/2026 7:02:39,1.17.3,LeftRight,67,3.64,nan,1,Left,Left,882,2608,607,325335748,nan,nan,0.00
8/21/2026 7:02:41,1.17.3,LeftRight,67,3.64,nan,1,Right,Left,882,2609,607,325337152,nan,nan,0.01
8/21/2026 7:02:42,1.17.3,LeftRight,67,3.64,1,1,Pellet,Left,882,2609,608,325337152,0.29,844,nan
8/21/2026 7:14:58,1.17.3,LeftRight,67,3.64,nan,1,Right,Left,882,2610,608,326073737,nan,nan,0.37
8/21/2026 7:20:09,1.17.3,LeftRight,67,3.64,nan,1,Left,Left,883,2610,608,326385216,nan,nan,0.00
8/21/2026 7:20:12,1.17.3,LeftRight,67,3.64,nan,1,RESET,Left,883,2610,608,326388398,nan,nan,nan
8/21/2026 9:15:43,1.17.3,LeftRight,67,3.64,nan,1,Left,Left,884,2610,608,333319353,nan,nan,0.00
8/21/2026 9:15:46,1.17.3,LeftRight,67,3.64,nan,1,RESET,Left,884,2610,608,333322683,nan,nan,nan
8/21/2026 9:15:47,1.17.3,LeftRight,67,3.63,nan,1,Right,Left,884,2611,608,333324018,nan,nan,0.13
8/21/2026 9:19:12,1.17.3,LeftRight,67,3.63,nan,1,Left,Left,885,2611,608,333529065,nan,nan,0.00
8/21/2026 9:19:16,1.17.3,LeftRight,67,3.64,nan,1,RESET,Left,885,2611,608,333532692,nan,nan,nan
8/21/2026 9:19:31,1.17.3,LeftRight,67,3.64,nan,1,Left,Left,886,2611,608,333548032,nan,nan,0.00
8/21/2026 9:19:33,1.17.3,LeftRight,67,3.64,nan,1,Left,Left,887,2611,608,333549832,nan,nan,0.00
8/21/2026 9:19:36,1.17.3,LeftRight,67,3.63,nan,1,RESET,Left,887,2611,608,333552713,nan,nan,nan
8/21/2026 9:19:36,1.17.3,LeftRight,67,3.63,nan,1,Right,Left,887,2612,608,333552856,nan,nan,0.23
8/21/2026 9:20:29,1.17.3,LeftRight,67,3.64,nan,1,Left,Left,888,2612,608,333605647,nan,nan,0.00
8/21/2026 9:20:31,1.17.3,LeftRight,67,3.64,nan,1,Left,Left,889,2612,608,333607504,nan,nan,0.00
8/21/2026 9:20:34,1.17.3,LeftRight,67,3.64,nan,1,RESET,Left,889,2612,608,333610688,nan,nan,nan
8/21/2026 9:20:34,1.17.3,LeftRight,67,3.64,nan,1,Right,Left,889,2613,608,333610831,nan,nan,0.00
8/21/2026 9:20:44,1.17.3,LeftRight,67,3.64,nan,1,Right,Left,889,2614,608,333620877,nan,nan,0.19
8/21/2026 9:20:46,1.17.3,LeftRight,67,3.64,nan,1,Left,Left,890,2614,608,333622349,nan,nan,0.00
8/21/2026 9:20:49,1.17.3,LeftRight,67,3.63,nan,1,RESET,Left,890,2614,608,333625680,nan,nan,nan
8/21/2026 9:23:52,1.17.3,LeftRight,67,3.63,nan,1,Right,Left,890,2615,608,333808548,nan,nan,0.03
8/21/2026 9:23:55,1.17.3,LeftRight,67,3.64,nan,1,Right,Left,890,2616,608,333809522,nan,nan,1.98
8/21/2026 9:24:07,1.17.3,LeftRight,67,3.64,nan,1,Right,Left,890,2617,608,333821548,nan,nan,2.08
8/21/2026 9:31:31,1.17.3,LeftRight,67,3.64,nan,1,Right,Left,890,2618,608,333856907,nan,nan,410.46
8/21/2026 9:33:01,1.17.3,LeftRight,67,3.64,nan,1,Left,Left,891,2618,608,334358148,nan,nan,0.00
8/21/2026 9:33:03,1.17.3,LeftRight,67,3.64,nan,1,Right,Left,891,2619,608,334359398,nan,nan,0.23
8/21/2026 9:33:07,1.17.3,LeftRight,67,3.64,2,1,Pellet,Left,891,2619,609,334359398,1.01,9025,nan
8/21/2026 9:33:40,1.17.3,LeftRight,67,3.63,nan,1,Right,Left,891,2620,609,334396186,nan,nan,0.33
8/21/2026 9:33:48,1.17.3,LeftRight,67,3.64,nan,1,Left,Left,892,2620,609,334404987,nan,nan,0.00
8/21/2026 9:33:50,1.17.3,LeftRight,67,3.63,nan,1,Right,Left,892,2621,609,334406531,nan,nan,0.01
8/21/2026 9:33:51,1.17.3,LeftRight,67,3.64,1,1,Pellet,Left,892,2621,610,334406531,0.53,44,nan
8/21/2026 9:34:55,1.17.3,LeftRight,67,3.63,nan,1,Right,Left,892,2622,610,334470991,nan,nan,0.41
8/21/2026 9:34:56,1.17.3,LeftRight,67,3.63,nan,1,Right,Left,892,2623,610,334472493,nan,nan,0.21
8/21/2026 9:35:17,1.17.3,LeftRight,67,3.64,nan,1,Right,Left,892,2624,610,334493478,nan,nan,0.00
8/21/2026 9:35:18,1.17.3,LeftRight,67,3.64,nan,1,Right,Left,892,2625,610,334493977,nan,nan,0.40
8/21/2026 9:35:19,1.17.3,LeftRight,67,3.63,nan,1,Right,Left,892,2626,610,334495328,nan,nan,0.41
8/21/2026 9:41:28,1.17.3,LeftRight,67,3.64,nan,1,Left,Left,893,2626,610,334864436,nan,nan,0.00
8/21/2026 9:41:31,1.17.3,LeftRight,67,3.64,nan,1,RESET,Left,893,2626,610,334867765,nan,nan,nan
8/21/2026 11:51:30,1.17.3,LeftRight,67,3.63,nan,1,Right,Left,893,2627,610,342667312,nan,nan,0.00
8/21/2026 11:51:35,1.17.3,LeftRight,67,3.63,nan,1,Right,Left,893,2628,610,342672270,nan,nan,0.19
8/21/2026 11:51:38,1.17.3,LeftRight,67,3.63,nan,1,Left,Left,894,2628,610,342675187,nan,nan,0.00
8/21/2026 11:51:40,1.17.3,LeftRight,67,3.63,nan,1,Left,Left,895,2628,610,342677449,nan,nan,0.00
8/21/2026 11:51:44,1.17.3,LeftRight,67,3.64,nan,1,RESET,Left,895,2628,610,342681071,nan,nan,nan
8/21/2026 11:51:46,1.17.3,LeftRight,67,3.63,nan,1,Left,Left,896,2628,610,342682656,nan,nan,0.00
8/21/2026 11:51:47,1.17.3,LeftRight,67,3.63,nan,1,Right,Left,896,2629,610,342684345,nan,nan,0.25
8/21/2026 11:51:49,1.17.3,LeftRight,67,3.63,1,1,Pellet,Left,896,2629,611,342684345,0.53,8278,nan
8/21/2026 11:52:14,1.17.3,LeftRight,67,3.63,nan,1,Right,Left,896,2630,611,342711297,nan,nan,0.26
8/21/2026 11:53:43,1.17.3,LeftRight,67,3.63,nan,1,Left,Left,897,2630,611,342800616,nan,nan,0.00
8/21/2026 11:53:47,1.17.3,LeftRight,67,3.64,nan,1,RESET,Left,897,2630,611,342804087,nan,nan,nan
8/21/2026 11:53:50,1.17.3,LeftRight,67,3.63,nan,1,Right,Left,897,2631,611,342806608,nan,nan,0.05
8/21/2026 11:54:15,1.17.3,LeftRight,67,3.63,nan,1,Right,Left,897,2632,611,342831954,nan,nan,0.08
8/21/2026 11:54:31,1.17.3,LeftRight,67,3.63,nan,1,Left,Left,898,2632,611,342847990,nan,nan,0.00
8/21/2026 11:54:34,1.17.3,LeftRight,67,3.64,nan,1,RESET,Left,898,2632,611,342851165,nan,nan,nan
8/21/2026 12:00:04,1.17.3,LeftRight,67,3.63,nan,1,Right,Left,898,2633,611,343180815,nan,nan,0.21
8/21/2026 12:00:57,1.17.3,LeftRight,67,3.63,nan,1,Left,Left,899,2633,611,343234160,nan,nan,0.00
8/21/2026 12:01:01,1.17.3,LeftRight,67,3.63,nan,1,RESET,Left,899,2633,611,343238081,nan,nan,nan
8/21/2026 12:01:06,1.17.3,LeftRight,67,3.63,nan,1,Right,Left,899,2634,611,343242834,nan,nan,0.02
8/21/2026 12:01:07,1.17.3,LeftRight,67,3.63,nan,1,Left,Left,900,2634,611,343244399,nan,nan,0.00
8/21/2026 12:01:11,1.17.3,LeftRight,67,3.63,nan,1,Left,Left,901,2634,611,343247778,nan,nan,0.00
8/21/2026 12:01:12,1.17.3,LeftRight,67,3.63,nan,1,Right,Left,901,2635,611,343248722,nan,nan,0.05
8/21/2026 12:01:13,1.17.3,LeftRight,67,3.63,1,1,Pellet,Left,901,2635,612,343248722,0.17,564,nan
8/21/2026 12:01:41,1.17.3,LeftRight,67,3.64,nan,1,Right,Left,901,2636,612,343277741,nan,nan,0.30
8/21/2026 12:01:43,1.17.3,LeftRight,67,3.63,nan,1,Right,Left,901,2637,612,343279884,nan,nan,0.22
8/21/2026 12:01:45,1.17.3,LeftRight,67,3.63,nan,1,Left,Left,902,2637,612,343282045,nan,nan,0.00
8/21/2026 12:01:46,1.17.3,LeftRight,67,3.63,nan,1,Right,Left,902,2638,612,343283287,nan,nan,0.21
8/21/2026 12:01:47,1.17.3,LeftRight,67,3.63,1,1,Pellet,Left,902,2638,613,343283287,0.17,34,nan
8/21/2026 12:13:36,1.17.3,LeftRight,67,3.62,nan,1,Left,Left,903,2638,613,343993104,nan,nan,0.00
8/21/2026 12:13:39,1.17.3,LeftRight,67,3.63,nan,1,RESET,Left,903,2638,613,343996139,nan,nan,nan
8/21/2026 12:18:55,1.17.3,LeftRight,67,3.63,nan,1,Right,Left,903,2639,613,344312659,nan,nan,0.00
8/21/2026 12:19:34,1.17.3,LeftRight,67,3.63,nan,1,Left,Left,904,2639,613,344351546,nan,nan,0.00
8/21/2026 12:19:35,1.17.3,LeftRight,67,3.63,nan,1,Right,Left,904,2640,613,344352045,nan,nan,0.00
8/21/2026 12:19:39,1.17.3,LeftRight,67,3.63,3,1,Pellet,Left,904,2640,614,344352045,1.01,1072,nan
8/21/2026 12:21:41,1.17.3,LeftRight,67,3.63,nan,1,Right,Left,904,2641,614,344478366,nan,nan,0.00
8/21/2026 12:25:55,1.17.3,LeftRight,67,3.63,nan,1,Right,Left,904,2642,614,344732142,nan,nan,0.00
8/21/2026 12:26:00,1.17.3,LeftRight,67,3.63,nan,1,Right,Left,904,2643,614,344737252,nan,nan,0.00
8/21/2026 12:30:27,1.17.3,LeftRight,67,3.63,nan,1,Left,Left,905,2643,614,345004225,nan,nan,0.00
8/21/2026 12:30:28,1.17.3,LeftRight,67,3.63,nan,1,Right,Left,905,2644,614,345005021,nan,nan,0.05
8/21/2026 12:30:29,1.17.3,LeftRight,67,3.63,2,1,Pellet,Left,905,2644,615,345005021,0.35,650,nan
8/21/2026 12:44:01,1.17.3,LeftRight,67,3.63,nan,1,Right,Left,905,2645,615,345818285,nan,nan,0.00
8/21/2026 12:44:02,1.17.3,LeftRight,67,3.63,nan,1,Left,Left,906,2645,615,345819676,nan,nan,0.00
8/21/2026 12:44:03,1.17.3,LeftRight,67,3.63,nan,1,Right,Left,906,2646,615,345820472,nan,nan,0.00
8/21/2026 12:44:04,1.17.3,LeftRight,67,3.63,1,1,Pellet,Left,906,2646,616,345820472,0.47,815,nan
8/21/2026 12:49:46,1.17.3,LeftRight,67,3.63,nan,1,Left,Left,907,2646,616,346163741,nan,nan,0.00
8/21/2026 12:49:47,1.17.3,LeftRight,67,3.63,nan,1,Right,Left,907,2647,616,346164543,nan,nan,0.00
8/21/2026 12:49:59,1.17.3,LeftRight,67,3.63,3,1,Pellet,Left,907,2647,617,346164543,6.35,354,nan
8/21/2026 12:50:27,1.17.3,LeftRight,67,3.63,nan,1,Left,Left,908,2647,617,346204400,nan,nan,0.00
8/21/2026 12:50:31,1.17.3,LeftRight,67,3.63,nan,1,RESET,Left,908,2647,617,346208172,nan,nan,nan
8/21/2026 12:50:32,1.17.3,LeftRight,67,3.63,nan,1,Right,Left,908,2648,617,346209207,nan,nan,0.06
8/21/2026 12:50:33,1.17.3,LeftRight,67,3.63,nan,1,Right,Left,908,2649,617,346209775,nan,nan,0.09
8/21/2026 12:50:35,1.17.3,LeftRight,67,3.63,nan,1,Left,Left,909,2649,617,346211800,nan,nan,0.00
8/21/2026 12:50:35,1.17.3,LeftRight,67,3.63,nan,1,Right,Left,909,2650,617,346212596,nan,nan,0.00
8/21/2026 12:50:37,1.17.3,LeftRight,67,3.63,1,1,Pellet,Left,909,2650,618,346212596,0.59,39,nan
8/21/2026 14:47:47,1.17.3,LeftRight,67,3.62,nan,1,Left,Left,910,2650,618,353244624,nan,nan,0.00
8/21/2026 14:47:51,1.17.3,LeftRight,67,3.62,nan,1,RESET,Left,910,2650,618,353248548,nan,nan,nan
8/21/2026 14:47:52,1.17.3,LeftRight,67,3.62,nan,1,Right,Left,910,2651,618,353249583,nan,nan,0.08
8/21/2026 14:47:55,1.17.3,LeftRight,67,3.62,nan,1,Right,Left,910,2652,618,353252237,nan,nan,0.12
8/21/2026 14:50:07,1.17.3,LeftRight,67,3.62,nan,1,Right,Left,910,2653,618,353384384,nan,nan,0.26
8/21/2026 14:51:21,1.17.3,LeftRight,67,3.62,nan,1,Left,Left,911,2653,618,353458949,nan,nan,0.00
8/21/2026 14:51:24,1.17.3,LeftRight,67,3.63,nan,1,Right,Left,911,2654,618,353461230,nan,nan,0.14
8/21/2026 14:51:25,1.17.3,LeftRight,67,3.62,1,1,Pellet,Left,911,2654,619,353461230,0.53,7248,nan
8/21/2026 14:55:13,1.17.3,LeftRight,67,3.62,nan,1,Left,Left,912,2654,619,353690642,nan,nan,0.00
8/21/2026 14:55:15,1.17.3,LeftRight,67,3.62,nan,1,Right,Left,912,2655,619,353692924,nan,nan,0.06
8/21/2026 14:55:17,1.17.3,LeftRight,67,3.62,1,1,Pellet,Left,912,2655,620,353692924,0.59,232,nan
8/21/2026 14:56:49,1.17.3,LeftRight,67,3.62,nan,1,Right,Left,912,2656,620,353786414,nan,nan,0.13
8/21/2026 15:08:05,1.17.3,LeftRight,67,3.62,nan,1,Right,Left,912,2657,620,354462075,nan,nan,0.13
8/21/2026 15:08:06,1.17.3,LeftRight,67,3.63,nan,1,Right,Left,912,2658,620,354463449,nan,nan,0.00
8/21/2026 15:08:07,1.17.3,LeftRight,67,3.62,nan,1,Left,Left,913,2658,620,354464693,nan,nan,0.00
8/21/2026 15:08:10,1.17.3,LeftRight,67,3.63,nan,1,Right,Left,913,2659,620,354467278,nan,nan,0.00
8/21/2026 15:08:11,1.17.3,LeftRight,67,3.62,1,1,Pellet,Left,913,2659,621,354467278,0.47,774,nan
8/21/2026 15:08:33,1.17.3,LeftRight,67,3.62,nan,1,Left,Left,914,2659,621,354490738,nan,nan,0.00
8/21/2026 15:08:37,1.17.3,LeftRight,67,3.62,nan,1,RESET,Left,914,2659,621,354494510,nan,nan,nan
8/21/2026 15:08:38,1.17.3,LeftRight,67,3.62,nan,1,Left,Left,915,2659,621,354495677,nan,nan,0.00
8/21/2026 15:08:39,1.17.3,LeftRight,67,3.63,nan,1,Right,Left,915,2660,621,354496771,nan,nan,0.13
8/21/2026 15:08:40,1.17.3,LeftRight,67,3.62,1,1,Pellet,Left,915,2660,622,354496771,0.29,29,nan
8/21/2026 15:09:08,1.17.3,LeftRight,67,3.63,nan,1,Left,Left,916,2660,622,354525174,nan,nan,0.00
8/21/2026 15:09:08,1.17.3,LeftRight,67,3.63,nan,1,Right,Left,916,2661,622,354525971,nan,nan,0.06
8/21/2026 15:09:12,1.17.3,LeftRight,67,3.62,2,1,Pellet,Left,916,2661,623,354525971,0.77,32,nan
8/21/2026 15:14:27,1.17.3,LeftRight,67,3.63,nan,1,Right,Left,916,2662,623,354844702,nan,nan,0.32
8/21/2026 15:21:15,1.17.3,LeftRight,67,3.63,nan,1,Right,Left,916,2663,623,355252522,nan,nan,0.08
8/21/2026 15:21:20,1.17.3,LeftRight,67,3.62,nan,1,Right,Left,916,2664,623,355257420,nan,nan,0.02
8/21/2026 15:21:21,1.17.3,LeftRight,67,3.62,nan,1,Right,Left,916,2665,623,355258836,nan,nan,0.01
