MM:DD:YYYY hh:mm:ss,Library_Version,Session_type,Device_Number,Battery_Voltage,Motor_Turns,FR,Event,Active_Poke,Left_Poke_Count,Right_Poke_Count,Pellet_Count,Block_Pellet_Count,Retrieval_Time,InterPelletInterval,Poke_Time
8/17/2026 14:35:52,1.17.3,LeftRight,73,4.19,nan,1,Left,Left,1,0,0,6814694,nan,nan,0.00
8/17/2026 14:36:52,1.17.3,LeftRight,73,4.19,nan,1,RESET,Left,1,0,0,6874406,nan,nan,nan
8/17/2026 14:40:03,1.17.3,LeftRight,73,4.18,nan,1,Left,Left,2,0,0,7065171,nan,nan,0.00
8/17/2026 14:41:02,1.17.3,LeftRight,73,4.19,nan,1,RESET,Left,2,0,0,7124465,nan,nan,nan
8/17/2026 17:18:03,1.17.3,LeftRight,73,4.17,nan,1,Right,Left,2,1,0,16546088,nan,nan,0.00
8/17/2026 17:18:04,1.17.3,LeftRight,73,4.17,nan,1,Right,Left,2,2,0,16546713,nan,nan,0.49
8/17/2026 18:27:15,1.17.3,LeftRight,73,4.16,nan,1,Left,Left,3,2,0,20698379,nan,nan,0.00
8/17/2026 18:28:14,1.17.3,LeftRight,73,4.16,nan,1,RESET,Left,3,2,0,20757127,nan,nan,nan
8/17/2026 18:31:58,1.17.3,LeftRight,73,4.16,nan,1,Right,Left,3,3,0,20981417,nan,nan,0.01
8/17/2026 18:33:09,1.17.3,LeftRight,73,4.16,nan,1,Right,Left,3,4,0,21052480,nan,nan,0.02
8/17/2026 18:52:09,1.17.3,LeftRight,73,4.15,nan,1,Left,Left,4,4,0,22192827,nan,nan,0.00
8/17/2026 18:53:09,1.17.3,LeftRight,73,4.16,nan,1,RESET,Left,4,4,0,22252287,nan,nan,nan
8/17/2026 18:58:31,1.17.3,LeftRight,73,4.16,nan,1,Right,Left,4,5,0,22574070,nan,nan,0.00
8/17/2026 18:58:52,1.17.3,LeftRight,73,4.16,nan,1,Right,Left,4,6,0,22595052,nan,nan,0.16
8/17/2026 18:58:53,1.17.3,LeftRight,73,4.16,nan,1,Right,Left,4,7,0,22595843,nan,nan,0.49
8/17/2026 18:58:56,1.17.3,LeftRight,73,4.15,nan,1,Left,Left,5,7,0,22599163,nan,nan,0.00
8/17/2026 18:59:55,1.17.3,LeftRight,73,4.16,nan,1,RESET,Left,5,7,0,22658345,nan,nan,nan
8/17/2026 19:10:48,1.17.3,LeftRight,73,4.16,nan,1,Right,Left,5,8,0,23310912,nan,nan,0.00
8/17/2026 19:11:31,1.17.3,LeftRight,73,4.16,nan,1,Left,Left,6,8,0,23354402,nan,nan,0.00
8/17/2026 19:12:31,1.17.3,LeftRight,73,4.16,nan,1,RESET,Left,6,8,0,23414281,nan,nan,nan
8/17/2026 19:24:25,1.17.3,LeftRight,73,4.16,nan,1,Left,Left,7,8,0,24128540,nan,nan,0.00
8/17/2026 19:25:25,1.17.3,LeftRight,73,4.16,nan,1,RESET,Left,7,8,0,24188448,nan,nan,nan
8/17/2026 19:33:21,1.17.3,LeftRight,73,4.16,nan,1,Right,Left,7,9,0,24662667,nan,nan,1.57
8/17/2026 19:33:22,1.17.3,LeftRight,73,4.15,nan,1,Right,Left,7,10,0,24665011,nan,nan,0.80
8/17/2026 19:33:54,1.17.3,LeftRight,73,4.15,nan,1,Left,Left,8,10,0,24697436,nan,nan,0.00
8/17/2026 19:33:57,1.17.3,LeftRight,73,4.15,nan,1,Left,Left,9,10,0,24700848,nan,nan,0.00
8/17/2026 19:34:57,1.17.3,LeftRight,73,4.15,nan,1,RESET,Left,9,10,0,24760371,nan,nan,nan
8/17/2026 19:36:22,1.17.3,LeftRight,73,4.15,nan,1,Left,Left,10,10,0,24845554,nan,nan,0.00
8/17/2026 19:37:21,1.17.3,LeftRight,73,4.15,nan,1,RESET,Left,10,10,0,24904418,nan,nan,nan
8/17/2026 19:50:48,1.17.3,LeftRight,73,4.16,nan,1,Left,Left,11,10,0,25711813,nan,nan,0.00
8/17/2026 19:51:08,1.17.3,LeftRight,73,4.15,nan,1,Left,Left,12,10,0,25731746,nan,nan,0.00
8/17/2026 19:51:09,1.17.3,LeftRight,73,4.15,nan,1,Left,Left,13,10,0,25732701,nan,nan,0.00
8/17/2026 19:51:37,1.17.3,LeftRight,73,4.15,nan,1,Left,Left,14,10,0,25760260,nan,nan,0.00
8/17/2026 19:51:38,1.17.3,LeftRight,73,4.15,nan,1,Left,Left,15,10,0,25761235,nan,nan,0.00
8/17/2026 19:52:37,1.17.3,LeftRight,73,4.15,nan,1,RESET,Left,15,10,0,25820527,nan,nan,nan
8/17/2026 20:06:59,1.17.3,LeftRight,73,4.15,nan,1,Right,Left,15,11,0,26682775,nan,nan,0.09
8/17/2026 20:07:03,1.17.3,LeftRight,73,4.15,nan,1,Right,Left,15,12,0,26686276,nan,nan,0.24
8/17/2026 20:07:12,1.17.3,LeftRight,73,4.15,nan,1,Right,Left,15,13,0,26695212,nan,nan,0.03
8/17/2026 20:07:13,1.17.3,LeftRight,73,4.15,nan,1,Right,Left,15,14,0,26695879,nan,nan,0.53
8/17/2026 20:10:30,1.17.3,LeftRight,73,4.14,nan,1,Right,Left,15,15,0,26892776,nan,nan,0.81
8/17/2026 20:10:32,1.17.3,LeftRight,73,4.15,nan,1,Right,Left,15,16,0,26895382,nan,nan,0.68
8/17/2026 20:18:54,1.17.3,LeftRight,73,4.14,nan,1,Left,Left,16,16,0,27397764,nan,nan,0.00
8/17/2026 20:19:01,1.17.3,LeftRight,73,4.14,nan,1,Left,Left,17,16,0,27404600,nan,nan,0.00
8/17/2026 20:19:13,1.17.3,LeftRight,73,4.15,nan,1,Left,Left,18,16,0,27416906,nan,nan,0.00
8/17/2026 20:20:13,1.17.3,LeftRight,73,4.15,nan,1,RESET,Left,18,16,0,27476518,nan,nan,nan
8/17/2026 20:41:44,1.17.3,LeftRight,73,4.14,nan,1,Left,Left,19,16,0,28767283,nan,nan,0.00
8/17/2026 20:41:54,1.17.3,LeftRight,73,4.14,nan,1,Right,Left,19,17,0,28777138,nan,nan,0.35
8/17/2026 20:41:54,1.17.3,LeftRight,73,4.14,nan,1,RightDuringDispense,Left,19,18,0,28777138,nan,nan,0.14
8/17/2026 20:41:55,1.17.3,LeftRight,73,4.10,nan,1,RightDuringDispense,Left,19,19,0,28777138,nan,nan,0.35
8/17/2026 20:42:20,1.17.3,LeftRight,73,4.14,3,1,Pellet,Left,19,19,1,28777138,21.71,nan,nan
8/17/2026 20:44:14,1.17.3,LeftRight,73,4.14,nan,1,Left,Left,20,19,1,28917399,nan,nan,0.00
8/17/2026 20:45:03,1.17.3,LeftRight,73,4.15,nan,1,Left,Left,21,19,1,28967157,nan,nan,0.00
8/17/2026 20:46:03,1.17.3,LeftRight,73,4.14,nan,1,RESET,Left,21,19,1,29026662,nan,nan,nan
8/17/2026 20:49:53,1.17.3,LeftRight,73,4.14,nan,1,Right,Left,21,20,1,29256855,nan,nan,0.00
8/17/2026 20:49:57,1.17.3,LeftRight,73,4.14,nan,1,Right,Left,21,21,1,29260565,nan,nan,0.20
8/17/2026 20:50:07,1.17.3,LeftRight,73,4.14,nan,1,Left,Left,22,21,1,29270620,nan,nan,0.00
8/17/2026 20:50:29,1.17.3,LeftRight,73,4.14,nan,1,Right,Left,22,22,1,29291771,nan,nan,0.53
8/17/2026 20:50:40,1.17.3,LeftRight,73,4.14,2,1,Pellet,Left,22,22,2,29291771,10.25,500,nan
8/17/2026 20:51:46,1.17.3,LeftRight,73,4.14,nan,1,Right,Left,22,23,2,29369587,nan,nan,0.42
8/17/2026 20:52:10,1.17.3,LeftRight,73,4.14,nan,1,Left,Left,23,23,2,29393248,nan,nan,0.00
8/17/2026 20:52:13,1.17.3,LeftRight,73,4.14,nan,1,Left,Left,24,23,2,29396680,nan,nan,0.00
8/17/2026 20:52:15,1.17.3,LeftRight,73,4.15,nan,1,Left,Left,25,23,2,29398700,nan,nan,0.00
8/17/2026 20:52:16,1.17.3,LeftRight,73,4.14,nan,1,Left,Left,26,23,2,29399585,nan,nan,0.00
8/17/2026 20:52:16,1.17.3,LeftRight,73,4.14,nan,1,Left,Left,27,23,2,29400091,nan,nan,0.00
8/17/2026 20:52:17,1.17.3,LeftRight,73,4.14,nan,1,Left,Left,28,23,2,29400710,nan,nan,0.00
8/17/2026 20:52:23,1.17.3,LeftRight,73,4.14,nan,1,Left,Left,29,23,2,29407088,nan,nan,0.00
8/17/2026 20:52:25,1.17.3,LeftRight,73,4.14,nan,1,Left,Left,30,23,2,29408727,nan,nan,0.00
8/17/2026 20:52:46,1.17.3,LeftRight,73,4.15,nan,1,Left,Left,31,23,2,29429611,nan,nan,0.00
8/17/2026 20:52:48,1.17.3,LeftRight,73,4.14,nan,1,Left,Left,32,23,2,29432206,nan,nan,0.00
8/17/2026 20:53:51,1.17.3,LeftRight,73,4.15,nan,1,Right,Left,32,24,2,29490668,nan,nan,3.64
8/17/2026 20:53:51,1.17.3,LeftRight,73,4.14,nan,1,RightDuringDispense,Left,32,25,2,29490668,nan,nan,0.52
8/17/2026 20:53:57,1.17.3,LeftRight,73,4.14,nan,1,LeftWithPellet,Left,33,25,2,29490668,nan,nan,0.51
8/17/2026 20:54:00,1.17.3,LeftRight,73,4.14,nan,1,LeftWithPellet,Left,34,25,2,29490668,nan,nan,1.81
8/17/2026 20:54:02,1.17.3,LeftRight,73,4.14,nan,1,LeftWithPellet,Left,35,25,2,29490668,nan,nan,1.05
8/17/2026 20:54:05,1.17.3,LeftRight,73,4.14,nan,1,LeftWithPellet,Left,36,25,2,29490668,nan,nan,1.52
8/17/2026 20:54:07,1.17.3,LeftRight,73,4.14,nan,1,LeftWithPellet,Left,37,25,2,29490668,nan,nan,0.67
8/17/2026 20:54:09,1.17.3,LeftRight,73,4.15,nan,1,LeftWithPellet,Left,38,25,2,29490668,nan,nan,0.88
8/17/2026 20:54:21,1.17.3,LeftRight,73,4.14,3,1,Pellet,Left,38,25,3,29490668,27.14,221,nan
8/17/2026 20:54:54,1.17.3,LeftRight,73,4.15,nan,1,Right,Left,38,26,3,29557092,nan,nan,0.54
8/17/2026 20:54:56,1.17.3,LeftRight,73,4.14,nan,1,Right,Left,38,27,3,29558696,nan,nan,0.71
8/17/2026 20:54:57,1.17.3,LeftRight,73,4.14,nan,1,Right,Left,38,28,3,29560914,nan,nan,0.01
8/17/2026 20:54:58,1.17.3,LeftRight,73,4.14,nan,1,Right,Left,38,29,3,29561401,nan,nan,0.00
8/17/2026 20:55:28,1.17.3,LeftRight,73,4.14,nan,1,Right,Left,38,30,3,29592131,nan,nan,0.00
8/17/2026 20:55:31,1.17.3,LeftRight,73,4.14,nan,1,Left,Left,39,30,3,29595101,nan,nan,0.00
8/17/2026 20:55:59,1.17.3,LeftRight,73,4.15,nan,1,Right,Left,39,31,3,29620972,nan,nan,1.72
8/17/2026 20:56:04,1.17.3,LeftRight,73,4.14,1,1,Pellet,Left,39,31,4,29620972,4.31,103,nan
8/17/2026 21:00:45,1.17.3,LeftRight,73,4.14,nan,1,Right,Left,39,32,4,29908600,nan,nan,0.51
8/17/2026 21:00:47,1.17.3,LeftRight,73,4.14,nan,1,Right,Left,39,33,4,29909887,nan,nan,0.41
8/17/2026 21:00:51,1.17.3,LeftRight,73,4.14,nan,1,Left,Left,40,33,4,29914410,nan,nan,0.00
8/17/2026 21:00:52,1.17.3,LeftRight,73,4.14,nan,1,Left,Left,41,33,4,29916246,nan,nan,0.00
8/17/2026 21:00:55,1.17.3,LeftRight,73,4.14,nan,1,Right,Left,41,34,4,29918043,nan,nan,0.72
8/17/2026 21:00:56,1.17.3,LeftRight,73,4.14,nan,1,RightDuringDispense,Left,41,35,4,29918043,nan,nan,0.37
8/17/2026 21:01:00,1.17.3,LeftRight,73,4.14,1,1,Pellet,Left,41,35,5,29918043,3.23,296,nan
8/17/2026 21:01:36,1.17.3,LeftRight,73,4.14,nan,1,Left,Left,42,35,5,29959876,nan,nan,0.00
8/17/2026 21:02:03,1.17.3,LeftRight,73,4.15,nan,1,Right,Left,42,36,5,29986428,nan,nan,0.00
8/17/2026 21:02:19,1.17.3,LeftRight,73,4.14,1,1,Pellet,Left,42,36,6,29986428,16.01,79,nan
8/17/2026 21:05:34,1.17.3,LeftRight,73,4.14,nan,1,Right,Left,42,37,6,30197542,nan,nan,0.03
8/17/2026 21:07:18,1.17.3,LeftRight,73,4.14,nan,1,Left,Left,43,37,6,30302074,nan,nan,0.00
8/17/2026 21:07:20,1.17.3,LeftRight,73,4.14,nan,1,Left,Left,44,37,6,30303865,nan,nan,0.00
8/17/2026 21:07:25,1.17.3,LeftRight,73,4.14,nan,1,Right,Left,44,38,6,30308444,nan,nan,0.57
8/17/2026 21:07:27,1.17.3,LeftRight,73,4.14,nan,1,RightWithPellet,Left,44,39,6,30308444,nan,nan,0.34
8/17/2026 21:07:32,1.17.3,LeftRight,73,4.14,1,1,Pellet,Left,44,39,7,30308444,5.89,313,nan
8/17/2026 21:08:55,1.17.3,LeftRight,73,4.14,nan,1,Left,Left,45,39,7,30398295,nan,nan,0.00
8/17/2026 21:08:57,1.17.3,LeftRight,73,4.15,nan,1,Right,Left,45,40,7,30401265,nan,nan,0.00
8/17/2026 21:09:05,1.17.3,LeftRight,73,4.14,2,1,Pellet,Left,45,40,8,30401265,5.21,93,nan
8/17/2026 21:09:12,1.17.3,LeftRight,73,4.14,nan,1,Left,Left,46,40,8,30415347,nan,nan,0.00
8/17/2026 21:10:11,1.17.3,LeftRight,73,4.14,nan,1,RESET,Left,46,40,8,30474751,nan,nan,nan
8/17/2026 21:11:31,1.17.3,LeftRight,73,4.14,nan,1,Left,Left,47,40,8,30555119,nan,nan,0.00
8/17/2026 21:12:31,1.17.3,LeftRight,73,4.14,nan,1,RESET,Left,47,40,8,30614722,nan,nan,nan
8/17/2026 21:13:06,1.17.3,LeftRight,73,4.14,nan,1,Right,Left,47,41,8,30648963,nan,nan,1.05
8/17/2026 21:13:08,1.17.3,LeftRight,73,4.14,nan,1,Right,Left,47,42,8,30651668,nan,nan,0.50
8/17/2026 21:13:13,1.17.3,LeftRight,73,4.14,nan,1,Left,Left,48,42,8,30656345,nan,nan,0.00
8/17/2026 21:13:14,1.17.3,LeftRight,73,4.14,nan,1,Left,Left,49,42,8,30658213,nan,nan,0.00
8/17/2026 21:13:19,1.17.3,LeftRight,73,4.14,nan,1,Right,Left,49,43,8,30663233,nan,nan,0.03
8/17/2026 21:13:20,1.17.3,LeftRight,73,4.14,nan,1,RightDuringDispense,Left,49,44,8,30663233,nan,nan,0.11
8/17/2026 21:13:31,1.17.3,LeftRight,73,4.14,1,1,Pellet,Left,49,44,9,30663233,10.31,266,nan
8/17/2026 21:14:03,1.17.3,LeftRight,73,4.14,nan,1,Left,Left,50,44,9,30707263,nan,nan,0.00
8/17/2026 21:14:07,1.17.3,LeftRight,73,4.14,nan,1,Left,Left,51,44,9,30710751,nan,nan,0.00
8/17/2026 21:14:30,1.17.3,LeftRight,73,4.14,nan,1,Left,Left,52,44,9,30733359,nan,nan,0.00
8/17/2026 21:14:33,1.17.3,LeftRight,73,4.14,nan,1,Right,Left,52,45,9,30736035,nan,nan,0.57
8/17/2026 21:14:36,1.17.3,LeftRight,73,4.14,nan,1,RightWithPellet,Left,52,46,9,30736035,nan,nan,0.99
8/17/2026 21:14:38,1.17.3,LeftRight,73,4.14,2,1,Pellet,Left,52,46,10,30736035,4.48,67,nan
8/17/2026 21:15:38,1.17.3,LeftRight,73,4.14,nan,1,Right,Left,52,47,10,30801023,nan,nan,0.39
8/17/2026 21:16:35,1.17.3,LeftRight,73,4.14,nan,1,Right,Left,52,48,10,30858900,nan,nan,0.04
8/17/2026 21:18:22,1.17.3,LeftRight,73,4.14,nan,1,Left,Left,53,48,10,30966088,nan,nan,0.00
8/17/2026 21:18:39,1.17.3,LeftRight,73,4.14,nan,1,Right,Left,53,49,10,30982701,nan,nan,0.50
8/17/2026 21:18:47,1.17.3,LeftRight,73,4.14,1,1,Pellet,Left,53,49,11,30982701,6.65,249,nan
8/17/2026 21:19:15,1.17.3,LeftRight,73,4.15,nan,1,Right,Left,53,50,11,31018519,nan,nan,0.01
8/17/2026 21:19:43,1.17.3,LeftRight,73,4.14,nan,1,Right,Left,53,51,11,31045235,nan,nan,1.21
8/17/2026 21:19:44,1.17.3,LeftRight,73,4.14,nan,1,Right,Left,53,52,11,31047510,nan,nan,0.76
8/17/2026 21:19:54,1.17.3,LeftRight,73,4.14,nan,1,Left,Left,54,52,11,31058007,nan,nan,0.00
8/17/2026 21:19:57,1.17.3,LeftRight,73,4.14,nan,1,Right,Left,54,53,11,31060252,nan,nan,0.59
8/17/2026 21:19:57,1.17.3,LeftRight,73,4.14,nan,1,RightDuringDispense,Left,54,54,11,31060252,nan,nan,0.14
8/17/2026 21:20:00,1.17.3,LeftRight,73,4.14,nan,1,RightWithPellet,Left,54,55,11,31060252,nan,nan,0.76
8/17/2026 21:20:01,1.17.3,LeftRight,73,4.14,1,1,Pellet,Left,54,55,12,31060252,2.94,74,nan
8/17/2026 21:20:40,1.17.3,LeftRight,73,4.14,nan,1,Left,Left,55,55,12,31103490,nan,nan,0.00
8/17/2026 21:20:46,1.17.3,LeftRight,73,4.14,nan,1,Right,Left,55,56,12,31110134,nan,nan,0.00
8/17/2026 21:20:47,1.17.3,LeftRight,73,4.14,nan,1,RightDuringDispense,Left,55,57,12,31110134,nan,nan,0.14
8/17/2026 21:20:51,1.17.3,LeftRight,73,4.14,nan,1,RightWithPellet,Left,55,58,12,31110134,nan,nan,0.07
8/17/2026 21:20:53,1.17.3,LeftRight,73,4.14,nan,1,RightWithPellet,Left,55,59,12,31110134,nan,nan,0.48
8/17/2026 21:21:09,1.17.3,LeftRight,73,4.14,1,1,Pellet,Left,55,59,13,31110134,21.27,68,nan
8/17/2026 21:21:38,1.17.3,LeftRight,73,4.14,nan,1,Left,Left,56,59,13,31161952,nan,nan,0.00
8/17/2026 21:21:39,1.17.3,LeftRight,73,4.14,nan,1,Left,Left,57,59,13,31163074,nan,nan,0.00
8/17/2026 21:22:24,1.17.3,LeftRight,73,4.14,nan,1,Left,Left,58,59,13,31208275,nan,nan,0.00
8/17/2026 21:23:24,1.17.3,LeftRight,73,4.14,nan,1,RESET,Left,58,59,13,31267774,nan,nan,nan
8/17/2026 21:23:37,1.17.3,LeftRight,73,4.14,nan,1,Right,Left,58,60,13,31280525,nan,nan,0.09
8/17/2026 21:25:53,1.17.3,LeftRight,73,4.14,nan,1,Right,Left,58,61,13,31416576,nan,nan,0.04
8/17/2026 21:27:44,1.17.3,LeftRight,73,4.14,nan,1,Left,Left,59,61,13,31528249,nan,nan,0.00
8/17/2026 21:28:44,1.17.3,LeftRight,73,4.14,nan,1,RESET,Left,59,61,13,31587835,nan,nan,nan
8/17/2026 21:29:02,1.17.3,LeftRight,73,4.14,nan,1,Left,Left,60,61,13,31606334,nan,nan,0.00
8/17/2026 21:29:31,1.17.3,LeftRight,73,4.14,nan,1,Left,Left,61,61,13,31634701,nan,nan,0.00
8/17/2026 21:30:22,1.17.3,LeftRight,73,4.14,nan,1,Right,Left,61,62,13,31685449,nan,nan,0.46
8/17/2026 21:30:24,1.17.3,LeftRight,73,4.14,1,1,Pellet,Left,61,62,14,31685449,0.83,555,nan
8/17/2026 21:30:57,1.17.3,LeftRight,73,4.14,nan,1,Left,Left,62,62,14,31721059,nan,nan,0.00
8/17/2026 21:31:04,1.17.3,LeftRight,73,4.14,nan,1,Right,Left,62,63,14,31727699,nan,nan,0.01
8/17/2026 21:31:06,1.17.3,LeftRight,73,4.14,nan,1,RightDuringDispense,Left,62,64,14,31727699,nan,nan,1.37
8/17/2026 21:31:08,1.17.3,LeftRight,73,4.14,nan,1,RightWithPellet,Left,62,65,14,31727699,nan,nan,0.86
8/17/2026 21:31:11,1.17.3,LeftRight,73,4.14,1,1,Pellet,Left,62,65,15,31727699,4.67,47,nan
8/17/2026 21:32:27,1.17.3,LeftRight,73,4.14,nan,1,Left,Left,63,65,15,31810787,nan,nan,0.00
8/17/2026 21:32:32,1.17.3,LeftRight,73,4.14,nan,1,Left,Left,64,65,15,31815411,nan,nan,0.00
8/17/2026 21:32:34,1.17.3,LeftRight,73,4.14,nan,1,Right,Left,64,66,15,31817946,nan,nan,0.00
8/17/2026 21:32:37,1.17.3,LeftRight,73,4.14,nan,1,RightWithPellet,Left,64,67,15,31817946,nan,nan,0.69
8/17/2026 21:32:39,1.17.3,LeftRight,73,4.14,nan,1,RightWithPellet,Left,64,68,15,31817946,nan,nan,0.46
8/17/2026 21:32:41,1.17.3,LeftRight,73,4.14,1,1,Pellet,Left,64,68,16,31817946,6.14,90,nan
8/17/2026 21:33:01,1.17.3,LeftRight,73,4.14,nan,1,Left,Left,65,68,16,31845001,nan,nan,0.00
8/17/2026 21:33:03,1.17.3,LeftRight,73,4.14,nan,1,Right,Left,65,69,16,31846656,nan,nan,0.53
8/17/2026 21:33:06,1.17.3,LeftRight,73,4.14,1,1,Pellet,Left,65,69,17,31846656,2.15,25,nan
8/17/2026 21:33:21,1.17.3,LeftRight,73,4.14,nan,1,Left,Left,66,69,17,31864841,nan,nan,0.00
8/17/2026 21:33:24,1.17.3,LeftRight,73,4.14,nan,1,Right,Left,66,70,17,31867376,nan,nan,0.12
8/17/2026 21:33:40,1.17.3,LeftRight,73,4.14,1,1,Pellet,Left,66,70,18,31867376,15.23,34,nan
8/17/2026 21:34:20,1.17.3,LeftRight,73,4.14,nan,1,Left,Left,67,70,18,31923576,nan,nan,0.00
8/17/2026 21:34:27,1.17.3,LeftRight,73,4.14,nan,1,Right,Left,67,71,18,31930507,nan,nan,0.21
8/17/2026 21:34:30,1.17.3,LeftRight,73,4.14,1,1,Pellet,Left,67,71,19,31930507,2.21,50,nan
8/17/2026 21:36:15,1.17.3,LeftRight,73,4.14,nan,1,Right,Left,67,72,19,32038443,nan,nan,0.00
8/17/2026 21:40:09,1.17.3,LeftRight,73,4.14,nan,1,Left,Left,68,72,19,32272433,nan,nan,0.00
8/17/2026 21:40:24,1.17.3,LeftRight,73,4.14,nan,1,Left,Left,69,72,19,32287587,nan,nan,0.00
8/17/2026 21:41:23,1.17.3,LeftRight,73,4.14,nan,1,RESET,Left,69,72,19,32346860,nan,nan,nan
8/17/2026 21:47:48,1.17.3,LeftRight,73,4.14,nan,1,Right,Left,69,73,19,32732062,nan,nan,0.00
8/17/2026 21:49:11,1.17.3,LeftRight,73,4.14,nan,1,Right,Left,69,74,19,32814535,nan,nan,0.03
8/17/2026 21:49:15,1.17.3,LeftRight,73,4.14,nan,1,Left,Left,70,74,19,32818564,nan,nan,0.00
8/17/2026 21:50:14,1.17.3,LeftRight,73,4.14,nan,1,RESET,Left,70,74,19,32877809,nan,nan,nan
8/17/2026 21:51:04,1.17.3,LeftRight,73,4.14,nan,1,Right,Left,70,75,19,32927337,nan,nan,0.37
8/17/2026 21:51:07,1.17.3,LeftRight,73,4.14,nan,1,Right,Left,70,76,19,32930235,nan,nan,0.39
8/17/2026 21:51:47,1.17.3,LeftRight,73,4.14,nan,1,Right,Left,70,77,19,32970230,nan,nan,0.53
8/17/2026 21:52:00,1.17.3,LeftRight,73,4.14,nan,1,Left,Left,71,77,19,32984186,nan,nan,0.00
8/17/2026 21:52:24,1.17.3,LeftRight,73,4.14,nan,1,Right,Left,71,78,19,33008094,nan,nan,0.03
8/17/2026 21:52:41,1.17.3,LeftRight,73,4.14,1,1,Pellet,Left,71,78,20,33008094,16.01,1091,nan
8/17/2026 21:53:47,1.17.3,LeftRight,73,4.14,nan,1,Left,Left,72,78,20,33090827,nan,nan,0.00
8/17/2026 21:53:57,1.17.3,LeftRight,73,4.14,nan,1,Right,Left,72,79,20,33100847,nan,nan,0.05
8/17/2026 21:53:59,1.17.3,LeftRight,73,4.14,1,1,Pellet,Left,72,79,21,33100847,1.79,78,nan
8/17/2026 21:54:37,1.17.3,LeftRight,73,4.14,nan,1,Right,Left,72,80,21,33140794,nan,nan,0.31
8/17/2026 21:54:52,1.17.3,LeftRight,73,4.14,nan,1,Right,Left,72,81,21,33154939,nan,nan,0.89
8/17/2026 21:54:53,1.17.3,LeftRight,73,4.14,nan,1,Right,Left,72,82,21,33156604,nan,nan,0.66
8/17/2026 21:54:56,1.17.3,LeftRight,73,4.14,nan,1,Right,Left,72,83,21,33159065,nan,nan,0.49
8/17/2026 21:55:11,1.17.3,LeftRight,73,4.14,nan,1,Right,Left,72,84,21,33174706,nan,nan,0.42
8/17/2026 21:55:13,1.17.3,LeftRight,73,4.14,nan,1,Right,Left,72,85,21,33176486,nan,nan,0.30
8/17/2026 21:55:14,1.17.3,LeftRight,73,4.14,nan,1,Right,Left,72,86,21,33178000,nan,nan,0.29
8/17/2026 21:55:16,1.17.3,LeftRight,73,4.14,nan,1,Right,Left,72,87,21,33179507,nan,nan,0.41
8/17/2026 21:55:48,1.17.3,LeftRight,73,4.14,nan,1,Right,Left,72,88,21,33211934,nan,nan,0.05
8/17/2026 21:55:52,1.17.3,LeftRight,73,4.13,nan,1,Right,Left,72,89,21,33215546,nan,nan,0.61
8/17/2026 22:05:01,1.17.3,LeftRight,73,4.14,nan,1,Right,Left,72,90,21,33764514,nan,nan,0.02
8/17/2026 22:05:10,1.17.3,LeftRight,73,4.14,nan,1,Right,Left,72,91,21,33774405,nan,nan,0.00
8/17/2026 22:05:25,1.17.3,LeftRight,73,4.14,nan,1,Left,Left,73,91,21,33788972,nan,nan,0.00
8/17/2026 22:06:25,1.17.3,LeftRight,73,4.14,nan,1,RESET,Left,73,91,21,33848858,nan,nan,nan
8/17/2026 22:11:55,1.17.3,LeftRight,73,4.14,nan,1,Right,Left,73,92,21,34178852,nan,nan,0.47
8/17/2026 22:12:08,1.17.3,LeftRight,73,4.14,nan,1,Right,Left,73,93,21,34192116,nan,nan,0.17
8/17/2026 22:12:11,1.17.3,LeftRight,73,4.14,nan,1,Right,Left,73,94,21,34194084,nan,nan,0.84
8/17/2026 22:12:17,1.17.3,LeftRight,73,4.13,nan,1,Right,Left,73,95,21,34200830,nan,nan,0.57
8/17/2026 22:12:19,1.17.3,LeftRight,73,4.14,nan,1,Right,Left,73,96,21,34203359,nan,nan,0.00
8/17/2026 22:12:21,1.17.3,LeftRight,73,4.14,nan,1,Right,Left,73,97,21,34204573,nan,nan,0.40
8/17/2026 22:12:23,1.17.3,LeftRight,73,4.14,nan,1,Right,Left,73,98,21,34206770,nan,nan,0.50
8/17/2026 22:13:10,1.17.3,LeftRight,73,4.14,nan,1,Right,Left,73,99,21,34253082,nan,nan,0.93
8/17/2026 22:13:11,1.17.3,LeftRight,73,4.14,nan,1,Right,Left,73,100,21,34254492,nan,nan,0.06
8/17/2026 22:13:13,1.17.3,LeftRight,73,4.14,nan,1,Right,Left,73,101,21,34256360,nan,nan,0.96
8/17/2026 22:13:15,1.17.3,LeftRight,73,4.14,nan,1,Right,Left,73,102,21,34258535,nan,nan,0.30
8/17/2026 22:14:04,1.17.3,LeftRight,73,4.14,nan,1,Right,Left,73,103,21,34308205,nan,nan,0.06
8/17/2026 22:16:51,1.17.3,LeftRight,73,4.14,nan,1,Right,Left,73,104,21,34474772,nan,nan,0.62
8/17/2026 22:16:56,1.17.3,LeftRight,73,4.14,nan,1,Right,Left,73,105,21,34479697,nan,nan,0.34
8/17/2026 22:16:58,1.17.3,LeftRight,73,4.13,nan,1,Right,Left,73,106,21,34481402,nan,nan,0.26
8/17/2026 22:20:00,1.17.3,LeftRight,73,4.13,nan,1,Left,Left,74,106,21,34664071,nan,nan,0.00
8/17/2026 22:20:05,1.17.3,LeftRight,73,4.14,nan,1,Left,Left,75,106,21,34668734,nan,nan,0.00
8/17/2026 22:20:06,1.17.3,LeftRight,73,4.13,nan,1,Right,Left,75,107,21,34670391,nan,nan,0.12
8/17/2026 22:20:07,1.17.3,LeftRight,73,4.09,nan,1,RightDuringDispense,Left,75,108,21,34670391,nan,nan,0.39
8/17/2026 22:20:09,1.17.3,LeftRight,73,4.14,1,1,Pellet,Left,75,108,22,34670391,1.07,1570,nan
8/17/2026 22:20:35,1.17.3,LeftRight,73,4.14,nan,1,Right,Left,75,109,22,34698680,nan,nan,0.00
8/17/2026 22:20:37,1.17.3,LeftRight,73,4.14,nan,1,Right,Left,75,110,22,34700338,nan,nan,0.50
8/17/2026 22:20:40,1.17.3,LeftRight,73,4.14,nan,1,Right,Left,75,111,22,34703086,nan,nan,0.58
8/17/2026 22:20:42,1.17.3,LeftRight,73,4.14,nan,1,Right,Left,75,112,22,34705619,nan,nan,0.34
8/17/2026 22:20:50,1.17.3,LeftRight,73,4.14,nan,1,Right,Left,75,113,22,34712906,nan,nan,0.74
8/17/2026 22:20:51,1.17.3,LeftRight,73,4.14,nan,1,Right,Left,75,114,22,34714720,nan,nan,0.04
8/17/2026 22:20:52,1.17.3,LeftRight,73,4.14,nan,1,Right,Left,75,115,22,34716121,nan,nan,0.17
8/17/2026 22:21:09,1.17.3,LeftRight,73,4.13,nan,1,Right,Left,75,116,22,34732933,nan,nan,0.00
8/17/2026 22:21:11,1.17.3,LeftRight,73,4.14,nan,1,Right,Left,75,117,22,34734882,nan,nan,0.56
8/17/2026 22:21:15,1.17.3,LeftRight,73,4.14,nan,1,Right,Left,75,118,22,34737982,nan,nan,1.01
8/17/2026 22:21:17,1.17.3,LeftRight,73,4.14,nan,1,Right,Left,75,119,22,34740506,nan,nan,0.48
8/17/2026 22:21:20,1.17.3,LeftRight,73,4.14,nan,1,Right,Left,75,120,22,34743240,nan,nan,0.51
8/17/2026 22:21:24,1.17.3,LeftRight,73,4.14,nan,1,Left,Left,76,120,22,34747597,nan,nan,0.00
8/17/2026 22:21:25,1.17.3,LeftRight,73,4.13,nan,1,Left,Left,77,120,22,34749335,nan,nan,0.00
8/17/2026 22:21:31,1.17.3,LeftRight,73,4.14,nan,1,Left,Left,78,120,22,34754834,nan,nan,0.00
8/17/2026 22:21:36,1.17.3,LeftRight,73,4.14,nan,1,Right,Left,78,121,22,34759431,nan,nan,0.36
8/17/2026 22:21:40,1.17.3,LeftRight,73,4.13,2,1,Pellet,Left,78,121,23,34759431,2.87,91,nan
8/17/2026 22:22:13,1.17.3,LeftRight,73,4.14,nan,1,Right,Left,78,122,23,34796666,nan,nan,0.00
8/17/2026 22:22:16,1.17.3,LeftRight,73,4.14,nan,1,Right,Left,78,123,23,34798471,nan,nan,1.10
8/17/2026 22:22:17,1.17.3,LeftRight,73,4.14,nan,1,Right,Left,78,124,23,34800497,nan,nan,0.34
8/17/2026 22:22:27,1.17.3,LeftRight,73,4.14,nan,1,Right,Left,78,125,23,34809992,nan,nan,0.64
8/17/2026 22:22:33,1.17.3,LeftRight,73,4.13,nan,1,Left,Left,79,125,23,34817089,nan,nan,0.00
8/17/2026 22:22:34,1.17.3,LeftRight,73,4.14,nan,1,Left,Left,80,125,23,34818441,nan,nan,0.00
8/17/2026 22:22:37,1.17.3,LeftRight,73,4.14,nan,1,Right,Left,80,126,23,34820394,nan,nan,0.42
8/17/2026 22:22:45,1.17.3,LeftRight,73,4.14,1,1,Pellet,Left,80,126,24,34820394,7.01,65,nan
8/17/2026 22:23:01,1.17.3,LeftRight,73,4.14,nan,1,Right,Left,80,127,24,34844974,nan,nan,0.01
8/17/2026 22:23:55,1.17.3,LeftRight,73,4.13,nan,1,Left,Left,81,127,24,34899427,nan,nan,0.00
8/17/2026 22:23:58,1.17.3,LeftRight,73,4.14,nan,1,Right,Left,81,128,24,34902119,nan,nan,0.00
8/17/2026 22:24:00,1.17.3,LeftRight,73,4.14,1,1,Pellet,Left,81,128,25,34902119,0.95,75,nan
8/17/2026 22:24:22,1.17.3,LeftRight,73,4.14,nan,1,Right,Left,81,129,25,34925846,nan,nan,0.00
8/17/2026 22:24:26,1.17.3,LeftRight,73,4.14,nan,1,Left,Left,82,129,25,34930150,nan,nan,0.00
8/17/2026 22:24:37,1.17.3,LeftRight,73,4.13,nan,1,Right,Left,82,130,25,34940783,nan,nan,0.37
8/17/2026 22:24:41,1.17.3,LeftRight,73,4.13,1,1,Pellet,Left,82,130,26,34940783,3.11,41,nan
8/17/2026 22:24:57,1.17.3,LeftRight,73,4.14,nan,1,Right,Left,82,131,26,34960761,nan,nan,0.39
8/17/2026 22:25:10,1.17.3,LeftRight,73,4.14,nan,1,Right,Left,82,132,26,34974279,nan,nan,0.00
8/17/2026 22:25:13,1.17.3,LeftRight,73,4.14,nan,1,Right,Left,82,133,26,34976968,nan,nan,0.41
8/17/2026 22:27:49,1.17.3,LeftRight,73,4.13,nan,1,Right,Left,82,134,26,35133270,nan,nan,0.04
8/17/2026 22:27:55,1.17.3,LeftRight,73,4.14,nan,1,Right,Left,82,135,26,35138500,nan,nan,0.70
8/17/2026 22:27:57,1.17.3,LeftRight,73,4.13,nan,1,Right,Left,82,136,26,35140274,nan,nan,0.49
8/17/2026 22:28:06,1.17.3,LeftRight,73,4.14,nan,1,Right,Left,82,137,26,35149634,nan,nan,0.55
8/17/2026 22:28:10,1.17.3,LeftRight,73,4.14,nan,1,Right,Left,82,138,26,35153904,nan,nan,0.44
8/17/2026 22:28:21,1.17.3,LeftRight,73,4.13,nan,1,Left,Left,83,138,26,35164760,nan,nan,0.00
8/17/2026 22:29:19,1.17.3,LeftRight,73,4.14,nan,1,RESET,Left,83,138,26,35222965,nan,nan,nan
8/17/2026 22:30:00,1.17.3,LeftRight,73,4.14,nan,1,Right,Left,83,139,26,35263434,nan,nan,0.12
8/17/2026 22:42:12,1.17.3,LeftRight,73,4.14,nan,1,Right,Left,83,140,26,35995956,nan,nan,0.08
8/17/2026 22:43:38,1.17.3,LeftRight,73,4.14,nan,1,Left,Left,84,140,26,36082487,nan,nan,0.00
8/17/2026 22:43:43,1.17.3,LeftRight,73,4.14,nan,1,Right,Left,84,141,26,36086792,nan,nan,0.31
8/17/2026 22:43:50,1.17.3,LeftRight,73,4.13,2,1,Pellet,Left,84,141,27,36086792,4.13,1149,nan
8/17/2026 22:44:52,1.17.3,LeftRight,73,4.13,nan,1,Left,Left,85,141,27,36156386,nan,nan,0.00
8/17/2026 22:45:52,1.17.3,LeftRight,73,4.14,nan,1,RESET,Left,85,141,27,36216068,nan,nan,nan
8/17/2026 22:47:46,1.17.3,LeftRight,73,4.13,nan,1,Left,Left,86,141,27,36329765,nan,nan,0.00
8/17/2026 22:48:45,1.17.3,LeftRight,73,4.13,nan,1,RESET,Left,86,141,27,36389019,nan,nan,nan
8/17/2026 23:00:29,1.17.3,LeftRight,73,4.13,nan,1,Right,Left,86,142,27,37093463,nan,nan,0.00
8/17/2026 23:01:06,1.17.3,LeftRight,73,4.13,nan,1,Right,Left,86,143,27,37129825,nan,nan,0.00
8/17/2026 23:01:44,1.17.3,LeftRight,73,4.13,nan,1,Right,Left,86,144,27,37168219,nan,nan,0.00
8/17/2026 23:09:35,1.17.3,LeftRight,73,4.13,nan,1,Right,Left,86,145,27,37639601,nan,nan,0.00
8/17/2026 23:09:36,1.17.3,LeftRight,73,4.13,nan,1,Right,Left,86,146,27,37640523,nan,nan,0.00
8/17/2026 23:09:39,1.17.3,LeftRight,73,4.13,nan,1,Right,Left,86,147,27,37642329,nan,nan,0.46
8/17/2026 23:09:49,1.17.3,LeftRight,73,4.13,nan,1,Left,Left,87,147,27,37653374,nan,nan,0.00
8/17/2026 23:09:51,1.17.3,LeftRight,73,4.13,nan,1,Right,Left,87,148,27,37655618,nan,nan,0.00
8/17/2026 23:09:52,1.17.3,LeftRight,73,4.13,nan,1,RightDuringDispense,Left,87,149,27,37655618,nan,nan,0.17
8/17/2026 23:09:54,1.17.3,LeftRight,73,4.12,1,1,Pellet,Left,87,149,28,37655618,1.79,1564,nan
8/17/2026 23:10:17,1.17.3,LeftRight,73,4.13,nan,1,Right,Left,87,150,28,37681448,nan,nan,0.20
8/17/2026 23:10:19,1.17.3,LeftRight,73,4.13,nan,1,Right,Left,87,151,28,37682716,nan,nan,0.66
8/17/2026 23:10:21,1.17.3,LeftRight,73,4.13,nan,1,Right,Left,87,152,28,37684445,nan,nan,0.79
8/17/2026 23:10:28,1.17.3,LeftRight,73,4.13,nan,1,Left,Left,88,152,28,37692135,nan,nan,0.00
8/17/2026 23:10:30,1.17.3,LeftRight,73,4.13,nan,1,Left,Left,89,152,28,37694298,nan,nan,0.00
8/17/2026 23:10:34,1.17.3,LeftRight,73,4.13,nan,1,Left,Left,90,152,28,37698144,nan,nan,0.00
8/17/2026 23:10:35,1.17.3,LeftRight,73,4.13,nan,1,Left,Left,91,152,28,37699482,nan,nan,0.00
8/17/2026 23:10:38,1.17.3,LeftRight,73,4.13,nan,1,Left,Left,92,152,28,37701865,nan,nan,0.00
8/17/2026 23:10:43,1.17.3,LeftRight,73,4.13,nan,1,Right,Left,92,153,28,37706905,nan,nan,0.08
8/17/2026 23:10:45,1.17.3,LeftRight,73,4.14,1,1,Pellet,Left,92,153,29,37706905,1.79,51,nan
8/17/2026 23:11:05,1.17.3,LeftRight,73,4.13,nan,1,Right,Left,92,154,29,37728914,nan,nan,0.05
8/17/2026 23:11:07,1.17.3,LeftRight,73,4.13,nan,1,Right,Left,92,155,29,37730469,nan,nan,0.28
8/17/2026 23:11:13,1.17.3,LeftRight,73,4.14,nan,1,Right,Left,92,156,29,37737106,nan,nan,0.12
8/17/2026 23:11:15,1.17.3,LeftRight,73,4.13,nan,1,Right,Left,92,157,29,37738296,nan,nan,0.63
8/17/2026 23:11:16,1.17.3,LeftRight,73,4.13,nan,1,Right,Left,92,158,29,37739857,nan,nan,0.49
8/17/2026 23:11:29,1.17.3,LeftRight,73,4.13,nan,1,Left,Left,93,158,29,37753520,nan,nan,0.00
8/17/2026 23:11:31,1.17.3,LeftRight,73,4.13,nan,1,Right,Left,93,159,29,37754736,nan,nan,0.31
8/17/2026 23:11:34,1.17.3,LeftRight,73,4.13,1,1,Pellet,Left,93,159,30,37754736,2.09,49,nan
8/17/2026 23:12:12,1.17.3,LeftRight,73,4.13,nan,1,Right,Left,93,160,30,37796366,nan,nan,0.01
8/17/2026 23:12:19,1.17.3,LeftRight,73,4.14,nan,1,Left,Left,94,160,30,37803609,nan,nan,0.00
8/17/2026 23:12:28,1.17.3,LeftRight,73,4.13,nan,1,Right,Left,94,161,30,37812033,nan,nan,0.00
8/17/2026 23:12:30,1.17.3,LeftRight,73,4.13,1,1,Pellet,Left,94,161,31,37812033,1.43,56,nan
8/17/2026 23:12:54,1.17.3,LeftRight,73,4.13,nan,1,Right,Left,94,162,31,37837701,nan,nan,0.18
8/17/2026 23:12:59,1.17.3,LeftRight,73,4.13,nan,1,Left,Left,95,162,31,37843393,nan,nan,0.00
8/17/2026 23:13:02,1.17.3,LeftRight,73,4.13,nan,1,Right,Left,95,163,31,37845490,nan,nan,0.49
8/17/2026 23:13:14,1.17.3,LeftRight,73,4.13,1,1,Pellet,Left,95,163,32,37845490,11.93,44,nan
8/17/2026 23:13:46,1.17.3,LeftRight,73,4.13,nan,1,Left,Left,96,163,32,37889828,nan,nan,0.00
8/17/2026 23:13:57,1.17.3,LeftRight,73,4.13,nan,1,Right,Left,96,164,32,37901043,nan,nan,0.16
8/17/2026 23:13:58,1.17.3,LeftRight,73,4.13,1,1,Pellet,Left,96,164,33,37901043,0.77,44,nan
8/17/2026 23:14:20,1.17.3,LeftRight,73,4.13,nan,1,Right,Left,96,165,33,37923538,nan,nan,0.21
8/17/2026 23:16:20,1.17.3,LeftRight,73,4.13,nan,1,Right,Left,96,166,33,38044066,nan,nan,0.00
8/17/2026 23:16:59,1.17.3,LeftRight,73,4.13,nan,1,Right,Left,96,167,33,38083536,nan,nan,0.04
8/17/2026 23:17:05,1.17.3,LeftRight,73,4.14,nan,1,Right,Left,96,168,33,38089200,nan,nan,0.16
8/17/2026 23:17:08,1.17.3,LeftRight,73,4.13,nan,1,Right,Left,96,169,33,38092193,nan,nan,0.01
8/17/2026 23:17:12,1.17.3,LeftRight,73,4.13,nan,1,Left,Left,97,169,33,38095884,nan,nan,0.00
8/17/2026 23:17:29,1.17.3,LeftRight,73,4.13,nan,1,Left,Left,98,169,33,38113679,nan,nan,0.00
8/17/2026 23:17:41,1.17.3,LeftRight,73,4.13,nan,1,Right,Left,98,170,33,38124604,nan,nan,0.51
8/17/2026 23:17:43,1.17.3,LeftRight,73,4.13,1,1,Pellet,Left,98,170,34,38124604,1.61,225,nan
8/17/2026 23:18:41,1.17.3,LeftRight,73,4.13,nan,1,Right,Left,98,171,34,38185397,nan,nan,0.13
8/17/2026 23:20:04,1.17.3,LeftRight,73,4.12,nan,1,Right,Left,98,172,34,38268381,nan,nan,0.00
8/17/2026 23:22:51,1.17.3,LeftRight,73,4.13,nan,1,Right,Left,98,173,34,38434691,nan,nan,0.21
8/17/2026 23:23:15,1.17.3,LeftRight,73,4.13,nan,1,Left,Left,99,173,34,38458931,nan,nan,0.00
8/17/2026 23:23:18,1.17.3,LeftRight,73,4.12,nan,1,Right,Left,99,174,34,38461918,nan,nan,0.19
8/17/2026 23:23:19,1.17.3,LeftRight,73,4.13,1,1,Pellet,Left,99,174,35,38461918,0.65,336,nan
8/17/2026 23:23:50,1.17.3,LeftRight,73,4.13,nan,1,Left,Left,100,174,35,38494604,nan,nan,0.00
8/17/2026 23:23:58,1.17.3,LeftRight,73,4.13,nan,1,Left,Left,101,174,35,38502438,nan,nan,0.00
8/17/2026 23:24:03,1.17.3,LeftRight,73,4.13,nan,1,Right,Left,101,175,35,38506447,nan,nan,0.29
8/17/2026 23:24:04,1.17.3,LeftRight,73,4.13,1,1,Pellet,Left,101,175,36,38506447,0.29,45,nan
8/17/2026 23:24:22,1.17.3,LeftRight,73,4.13,nan,1,Right,Left,101,176,36,38526545,nan,nan,0.05
8/17/2026 23:24:27,1.17.3,LeftRight,73,4.13,nan,1,Right,Left,101,177,36,38531045,nan,nan,0.14
8/17/2026 23:24:31,1.17.3,LeftRight,73,4.13,nan,1,Right,Left,101,178,36,38534751,nan,nan,0.16
8/17/2026 23:24:38,1.17.3,LeftRight,73,4.13,nan,1,Right,Left,101,179,36,38542009,nan,nan,0.08
8/17/2026 23:24:46,1.17.3,LeftRight,73,4.13,nan,1,Right,Left,101,180,36,38549927,nan,nan,0.42
8/17/2026 23:24:47,1.17.3,LeftRight,73,4.12,nan,1,Right,Left,101,181,36,38551418,nan,nan,0.30
8/17/2026 23:24:49,1.17.3,LeftRight,73,4.13,nan,1,Right,Left,101,182,36,38552786,nan,nan,0.36
8/17/2026 23:24:53,1.17.3,LeftRight,73,4.12,nan,1,Left,Left,102,182,36,38557504,nan,nan,0.00
8/17/2026 23:25:03,1.17.3,LeftRight,73,4.13,nan,1,Right,Left,102,183,36,38566971,nan,nan,0.27
8/17/2026 23:25:05,1.17.3,LeftRight,73,4.13,1,1,Pellet,Left,102,183,37,38566971,1.43,61,nan
8/17/2026 23:26:14,1.17.3,LeftRight,73,4.13,nan,1,Right,Left,102,184,37,38637795,nan,nan,0.18
8/17/2026 23:26:18,1.17.3,LeftRight,73,4.12,nan,1,Right,Left,102,185,37,38642138,nan,nan,0.05
8/17/2026 23:26:22,1.17.3,LeftRight,73,4.13,nan,1,Right,Left,102,186,37,38646352,nan,nan,0.31
8/17/2026 23:26:25,1.17.3,LeftRight,73,4.13,nan,1,Right,Left,102,187,37,38649207,nan,nan,0.00
8/17/2026 23:26:31,1.17.3,LeftRight,73,4.13,nan,1,Left,Left,103,187,37,38655316,nan,nan,0.00
8/17/2026 23:26:37,1.17.3,LeftRight,73,4.13,nan,1,Right,Left,103,188,37,38660375,nan,nan,0.39
8/17/2026 23:26:40,1.17.3,LeftRight,73,4.13,1,1,Pellet,Left,103,188,38,38660375,2.39,95,nan
8/17/2026 23:27:09,1.17.3,LeftRight,73,4.13,nan,1,Right,Left,103,189,38,38693665,nan,nan,0.00
8/17/2026 23:27:14,1.17.3,LeftRight,73,4.13,nan,1,Right,Left,103,190,38,38697684,nan,nan,0.26
8/17/2026 23:28:38,1.17.3,LeftRight,73,4.13,nan,1,Left,Left,104,190,38,38782292,nan,nan,0.00
8/17/2026 23:28:56,1.17.3,LeftRight,73,4.13,nan,1,Right,Left,104,191,38,38800600,nan,nan,0.02
8/17/2026 23:28:58,1.17.3,LeftRight,73,4.12,1,1,Pellet,Left,104,191,39,38800600,1.25,138,nan
8/17/2026 23:29:22,1.17.3,LeftRight,73,4.13,nan,1,Left,Left,105,191,39,38826028,nan,nan,0.00
8/17/2026 23:29:23,1.17.3,LeftRight,73,4.13,nan,1,Left,Left,106,191,39,38826871,nan,nan,0.00
8/17/2026 23:29:25,1.17.3,LeftRight,73,4.13,nan,1,Right,Left,106,192,39,38829121,nan,nan,0.00
8/17/2026 23:29:28,1.17.3,LeftRight,73,4.12,1,1,Pellet,Left,106,192,40,38829121,2.63,30,nan
8/17/2026 23:29:56,1.17.3,LeftRight,73,4.13,nan,1,Right,Left,106,193,40,38859709,nan,nan,0.04
8/17/2026 23:30:00,1.17.3,LeftRight,73,4.13,nan,1,Right,Left,106,194,40,38864059,nan,nan,0.22
8/17/2026 23:30:15,1.17.3,LeftRight,73,4.13,nan,1,Right,Left,106,195,40,38879045,nan,nan,0.28
8/17/2026 23:30:20,1.17.3,LeftRight,73,4.13,nan,1,Right,Left,106,196,40,38883792,nan,nan,0.02
8/17/2026 23:30:24,1.17.3,LeftRight,73,4.13,nan,1,Left,Left,107,196,40,38887810,nan,nan,0.00
8/17/2026 23:30:26,1.17.3,LeftRight,73,4.12,nan,1,Right,Left,107,197,40,38889913,nan,nan,0.23
8/17/2026 23:30:28,1.17.3,LeftRight,73,4.12,1,1,Pellet,Left,107,197,41,38889913,1.19,60,nan
8/17/2026 23:45:14,1.17.3,LeftRight,73,4.12,nan,1,Right,Left,107,198,41,39777670,nan,nan,0.13
8/17/2026 23:45:22,1.17.3,LeftRight,73,4.12,nan,1,Right,Left,107,199,41,39786222,nan,nan,0.35
8/17/2026 23:45:30,1.17.3,LeftRight,73,4.12,nan,1,Right,Left,107,200,41,39793666,nan,nan,0.21
8/17/2026 23:45:37,1.17.3,LeftRight,73,4.12,nan,1,Right,Left,107,201,41,39800829,nan,nan,0.16
8/17/2026 23:45:41,1.17.3,LeftRight,73,4.12,nan,1,Left,Left,108,201,41,39804887,nan,nan,0.00
8/17/2026 23:46:40,1.17.3,LeftRight,73,4.12,nan,1,RESET,Left,108,201,41,39864217,nan,nan,nan
8/17/2026 23:54:09,1.17.3,LeftRight,73,4.13,nan,1,Right,Left,108,202,41,40313308,nan,nan,0.00
8/17/2026 23:54:16,1.17.3,LeftRight,73,4.12,nan,1,Left,Left,109,202,41,40320350,nan,nan,0.00
8/17/2026 23:54:17,1.17.3,LeftRight,73,4.12,nan,1,Left,Left,110,202,41,40321594,nan,nan,0.00
8/17/2026 23:54:19,1.17.3,LeftRight,73,4.12,nan,1,Left,Left,111,202,41,40322917,nan,nan,0.00
8/17/2026 23:54:21,1.17.3,LeftRight,73,4.12,nan,1,Right,Left,111,203,41,40325170,nan,nan,0.00
8/17/2026 23:54:23,1.17.3,LeftRight,73,4.12,1,1,Pellet,Left,111,203,42,40325170,1.49,1435,nan
8/17/2026 23:54:45,1.17.3,LeftRight,73,4.12,nan,1,Right,Left,111,204,42,40349331,nan,nan,0.09
8/17/2026 23:54:50,1.17.3,LeftRight,73,4.13,nan,1,Right,Left,111,205,42,40354459,nan,nan,0.16
8/17/2026 23:54:53,1.17.3,LeftRight,73,4.12,nan,1,Right,Left,111,206,42,40357012,nan,nan,0.00
8/17/2026 23:54:56,1.17.3,LeftRight,73,4.12,nan,1,Right,Left,111,207,42,40359856,nan,nan,0.46
8/17/2026 23:55:03,1.17.3,LeftRight,73,4.12,nan,1,Left,Left,112,207,42,40367242,nan,nan,0.00
8/17/2026 23:55:10,1.17.3,LeftRight,73,4.13,nan,1,Left,Left,113,207,42,40374280,nan,nan,0.00
8/17/2026 23:55:12,1.17.3,LeftRight,73,4.12,nan,1,Right,Left,113,208,42,40376382,nan,nan,0.41
8/17/2026 23:55:14,1.17.3,LeftRight,73,4.12,1,1,Pellet,Left,113,208,43,40376382,1.01,51,nan
8/17/2026 23:55:37,1.17.3,LeftRight,73,4.12,nan,1,Left,Left,114,208,43,40401657,nan,nan,0.00
8/17/2026 23:55:43,1.17.3,LeftRight,73,4.13,nan,1,Right,Left,114,209,43,40407293,nan,nan,0.38
8/17/2026 23:55:48,1.17.3,LeftRight,73,4.12,2,1,Pellet,Left,114,209,44,40407293,1.91,34,nan
8/17/2026 23:56:04,1.17.3,LeftRight,73,4.12,nan,1,Right,Left,114,210,44,40428687,nan,nan,0.07
8/17/2026 23:56:12,1.17.3,LeftRight,73,4.12,nan,1,Right,Left,114,211,44,40435708,nan,nan,0.37
8/17/2026 23:56:14,1.17.3,LeftRight,73,4.13,nan,1,Right,Left,114,212,44,40438476,nan,nan,0.16
8/17/2026 23:56:18,1.17.3,LeftRight,73,4.12,nan,1,Right,Left,114,213,44,40441333,nan,nan,0.53
8/17/2026 23:56:25,1.17.3,LeftRight,73,4.13,nan,1,Right,Left,114,214,44,40449115,nan,nan,0.00
8/17/2026 23:56:26,1.17.3,LeftRight,73,4.12,nan,1,Right,Left,114,215,44,40450186,nan,nan,0.19
8/17/2026 23:56:33,1.17.3,LeftRight,73,4.12,nan,1,Right,Left,114,216,44,40456739,nan,nan,0.36
8/17/2026 23:56:40,1.17.3,LeftRight,73,4.12,nan,1,Right,Left,114,217,44,40464054,nan,nan,0.47
8/17/2026 23:56:47,1.17.3,LeftRight,73,4.12,nan,1,Right,Left,114,218,44,40470744,nan,nan,0.39
8/17/2026 23:56:49,1.17.3,LeftRight,73,4.13,nan,1,Right,Left,114,219,44,40473102,nan,nan,0.46
8/17/2026 23:56:52,1.17.3,LeftRight,73,4.12,nan,1,Right,Left,114,220,44,40476105,nan,nan,0.15
8/17/2026 23:57:07,1.17.3,LeftRight,73,4.13,nan,1,Left,Left,115,220,44,40491748,nan,nan,0.00
8/17/2026 23:58:07,1.17.3,LeftRight,73,4.13,nan,1,RESET,Left,115,220,44,40551228,nan,nan,nan
8/18/2026 0:01:44,1.17.3,LeftRight,73,4.12,nan,1,Right,Left,115,221,44,40768646,nan,nan,0.00
8/18/2026 0:01:46,1.17.3,LeftRight,73,4.12,nan,1,Right,Left,115,222,44,40769577,nan,nan,0.47
8/18/2026 0:01:50,1.17.3,LeftRight,73,4.12,nan,1,Left,Left,116,222,44,40774693,nan,nan,0.00
8/18/2026 0:01:52,1.17.3,LeftRight,73,4.12,nan,1,Left,Left,117,222,44,40776378,nan,nan,0.00
8/18/2026 0:01:54,1.17.3,LeftRight,73,4.12,nan,1,Right,Left,117,223,44,40778038,nan,nan,0.12
8/18/2026 0:01:56,1.17.3,LeftRight,73,4.13,1,1,Pellet,Left,117,223,45,40778038,1.31,368,nan
8/18/2026 0:02:40,1.17.3,LeftRight,73,4.12,nan,1,Right,Left,117,224,45,40824010,nan,nan,0.34
8/18/2026 0:02:43,1.17.3,LeftRight,73,4.13,nan,1,Right,Left,117,225,45,40826897,nan,nan,0.38
8/18/2026 0:02:47,1.17.3,LeftRight,73,4.12,nan,1,Right,Left,117,226,45,40830563,nan,nan,0.41
8/18/2026 0:02:51,1.17.3,LeftRight,73,4.13,nan,1,Right,Left,117,227,45,40835135,nan,nan,0.16
8/18/2026 0:02:59,1.17.3,LeftRight,73,4.12,nan,1,Right,Left,117,228,45,40842844,nan,nan,0.98
8/18/2026 0:03:04,1.17.3,LeftRight,73,4.12,nan,1,Left,Left,118,228,45,40848323,nan,nan,0.00
8/18/2026 0:03:06,1.17.3,LeftRight,73,4.13,nan,1,Left,Left,119,228,45,40850722,nan,nan,0.00
8/18/2026 0:03:08,1.17.3,LeftRight,73,4.12,nan,1,Left,Left,120,228,45,40852321,nan,nan,0.00
8/18/2026 0:03:10,1.17.3,LeftRight,73,4.12,nan,1,Right,Left,120,229,45,40853985,nan,nan,0.23
8/18/2026 0:03:11,1.17.3,LeftRight,73,4.12,1,1,Pellet,Left,120,229,46,40853985,0.65,75,nan
8/18/2026 0:03:34,1.17.3,LeftRight,73,4.12,nan,1,Right,Left,120,230,46,40878709,nan,nan,0.07
8/18/2026 0:03:39,1.17.3,LeftRight,73,4.12,nan,1,Right,Left,120,231,46,40882953,nan,nan,0.31
8/18/2026 0:03:40,1.17.3,LeftRight,73,4.12,nan,1,Right,Left,120,232,46,40883895,nan,nan,0.30
8/18/2026 0:03:58,1.17.3,LeftRight,73,4.12,nan,1,Left,Left,121,232,46,40902274,nan,nan,0.00
8/18/2026 0:04:57,1.17.3,LeftRight,73,4.13,nan,1,RESET,Left,121,232,46,40961237,nan,nan,nan
8/18/2026 0:13:09,1.17.3,LeftRight,73,4.13,nan,1,Right,Left,121,233,46,41452881,nan,nan,0.08
8/18/2026 0:13:12,1.17.3,LeftRight,73,4.12,nan,1,Left,Left,122,233,46,41456516,nan,nan,0.00
8/18/2026 0:13:15,1.17.3,LeftRight,73,4.12,nan,1,Right,Left,122,234,46,41458922,nan,nan,0.00
8/18/2026 0:13:17,1.17.3,LeftRight,73,4.12,1,1,Pellet,Left,122,234,47,41458922,1.25,606,nan
8/18/2026 0:14:32,1.17.3,LeftRight,73,4.12,nan,1,Right,Left,122,235,47,41535877,nan,nan,0.07
8/18/2026 0:14:42,1.17.3,LeftRight,73,4.12,nan,1,Left,Left,123,235,47,41546346,nan,nan,0.00
8/18/2026 0:14:43,1.17.3,LeftRight,73,4.12,nan,1,Left,Left,124,235,47,41547650,nan,nan,0.00
8/18/2026 0:14:46,1.17.3,LeftRight,73,4.12,nan,1,Right,Left,124,236,47,41549612,nan,nan,0.37
8/18/2026 0:14:47,1.17.3,LeftRight,73,4.12,1,1,Pellet,Left,124,236,48,41549612,1.01,90,nan
8/18/2026 0:16:03,1.17.3,LeftRight,73,4.12,nan,1,Right,Left,124,237,48,41626724,nan,nan,0.23
8/18/2026 0:16:11,1.17.3,LeftRight,73,4.12,nan,1,Right,Left,124,238,48,41635246,nan,nan,0.30
8/18/2026 0:16:20,1.17.3,LeftRight,73,4.12,nan,1,Left,Left,125,238,48,41644251,nan,nan,0.00
8/18/2026 0:16:21,1.17.3,LeftRight,73,4.12,nan,1,Left,Left,126,238,48,41645656,nan,nan,0.00
8/18/2026 0:16:23,1.17.3,LeftRight,73,4.12,nan,1,Right,Left,126,239,48,41647614,nan,nan,0.01
8/18/2026 0:16:39,1.17.3,LeftRight,73,4.12,1,1,Pellet,Left,126,239,49,41647614,15.18,112,nan
8/18/2026 0:17:30,1.17.3,LeftRight,73,4.12,nan,1,Right,Left,126,240,49,41714410,nan,nan,0.47
8/18/2026 0:17:34,1.17.3,LeftRight,73,4.12,nan,1,Right,Left,126,241,49,41718019,nan,nan,0.17
8/18/2026 0:17:38,1.17.3,LeftRight,73,4.12,nan,1,Left,Left,127,241,49,41722057,nan,nan,0.00
8/18/2026 0:17:44,1.17.3,LeftRight,73,4.12,nan,1,Right,Left,127,242,49,41728429,nan,nan,0.21
8/18/2026 0:17:57,1.17.3,LeftRight,73,4.12,1,1,Pellet,Left,127,242,50,41728429,11.87,78,nan
8/18/2026 0:18:32,1.17.3,LeftRight,73,4.12,nan,1,Right,Left,127,243,50,41776520,nan,nan,0.32
8/18/2026 0:18:36,1.17.3,LeftRight,73,4.13,nan,1,Left,Left,128,243,50,41780298,nan,nan,0.00
8/18/2026 0:18:46,1.17.3,LeftRight,73,4.12,nan,1,Right,Left,128,244,50,41790216,nan,nan,0.42
8/18/2026 0:18:48,1.17.3,LeftRight,73,4.12,1,1,Pellet,Left,128,244,51,41790216,0.89,51,nan
8/18/2026 0:19:15,1.17.3,LeftRight,73,4.12,nan,1,Right,Left,128,245,51,41818988,nan,nan,0.00
8/18/2026 0:19:19,1.17.3,LeftRight,73,4.12,nan,1,Right,Left,128,246,51,41823301,nan,nan,0.23
8/18/2026 0:25:10,1.17.3,LeftRight,73,4.12,nan,1,Right,Left,128,247,51,42174876,nan,nan,0.00
8/18/2026 0:25:14,1.17.3,LeftRight,73,4.12,nan,1,Right,Left,128,248,51,42177873,nan,nan,0.19
8/18/2026 0:25:16,1.17.3,LeftRight,73,4.12,nan,1,Right,Left,128,249,51,42180908,nan,nan,0.00
8/18/2026 0:25:19,1.17.3,LeftRight,73,4.12,nan,1,Right,Left,128,250,51,42183020,nan,nan,0.17
8/18/2026 0:25:21,1.17.3,LeftRight,73,4.12,nan,1,Right,Left,128,251,51,42185148,nan,nan,0.25
8/18/2026 0:25:30,1.17.3,LeftRight,73,4.12,nan,1,Right,Left,128,252,51,42194431,nan,nan,0.00
8/18/2026 0:25:32,1.17.3,LeftRight,73,4.12,nan,1,Right,Left,128,253,51,42196390,nan,nan,0.48
8/18/2026 0:25:35,1.17.3,LeftRight,73,4.12,nan,1,Left,Left,129,253,51,42198957,nan,nan,0.00
8/18/2026 0:25:35,1.17.3,LeftRight,73,4.12,nan,1,Left,Left,130,253,51,42199561,nan,nan,0.00
8/18/2026 0:25:44,1.17.3,LeftRight,73,4.12,nan,1,Right,Left,130,254,51,42207855,nan,nan,0.29
8/18/2026 0:25:45,1.17.3,LeftRight,73,4.12,1,1,Pellet,Left,130,254,52,42207855,0.77,417,nan
8/18/2026 0:27:00,1.17.3,LeftRight,73,4.12,nan,1,Left,Left,131,254,52,42284025,nan,nan,0.00
8/18/2026 0:27:59,1.17.3,LeftRight,73,4.12,nan,1,RESET,Left,131,254,52,42343414,nan,nan,nan
8/18/2026 0:33:31,1.17.3,LeftRight,73,4.12,nan,1,Left,Left,132,254,52,42675304,nan,nan,0.00
8/18/2026 0:33:37,1.17.3,LeftRight,73,4.12,nan,1,Right,Left,132,255,52,42681692,nan,nan,0.00
8/18/2026 0:33:39,1.17.3,LeftRight,73,4.12,1,1,Pellet,Left,132,255,53,42681692,0.77,474,nan
8/18/2026 0:34:02,1.17.3,LeftRight,73,4.12,nan,1,Right,Left,132,256,53,42705796,nan,nan,0.22
8/18/2026 0:34:22,1.17.3,LeftRight,73,4.12,nan,1,Right,Left,132,257,53,42725822,nan,nan,0.29
8/18/2026 0:34:26,1.17.3,LeftRight,73,4.12,nan,1,Right,Left,132,258,53,42730571,nan,nan,0.28
8/18/2026 0:34:29,1.17.3,LeftRight,73,4.12,nan,1,Left,Left,133,258,53,42733162,nan,nan,0.00
8/18/2026 0:34:36,1.17.3,LeftRight,73,4.12,nan,1,Left,Left,134,258,53,42740258,nan,nan,0.00
8/18/2026 0:34:38,1.17.3,LeftRight,73,4.12,nan,1,Right,Left,134,259,53,42742659,nan,nan,0.06
8/18/2026 0:34:41,1.17.3,LeftRight,73,4.12,2,1,Pellet,Left,134,259,54,42742659,1.43,62,nan
8/18/2026 0:34:59,1.17.3,LeftRight,73,4.12,nan,1,Right,Left,134,260,54,42763595,nan,nan,0.06
8/18/2026 0:35:06,1.17.3,LeftRight,73,4.12,nan,1,Left,Left,135,260,54,42769954,nan,nan,0.00
8/18/2026 0:35:06,1.17.3,LeftRight,73,4.12,nan,1,Left,Left,136,260,54,42770751,nan,nan,0.00
8/18/2026 0:35:14,1.17.3,LeftRight,73,4.12,nan,1,Right,Left,136,261,54,42778020,nan,nan,0.18
8/18/2026 0:35:17,1.17.3,LeftRight,73,4.12,2,1,Pellet,Left,136,261,55,42778020,0.77,36,nan
8/18/2026 0:41:33,1.17.3,LeftRight,73,4.12,nan,1,Right,Left,136,262,55,43157463,nan,nan,0.27
8/18/2026 0:41:36,1.17.3,LeftRight,73,4.12,nan,1,Right,Left,136,263,55,43159841,nan,nan,0.19
8/18/2026 0:41:44,1.17.3,LeftRight,73,4.12,nan,1,Right,Left,136,264,55,43168920,nan,nan,0.00
8/18/2026 0:41:47,1.17.3,LeftRight,73,4.12,nan,1,Right,Left,136,265,55,43171172,nan,nan,0.23
8/18/2026 0:41:51,1.17.3,LeftRight,73,4.12,nan,1,Right,Left,136,266,55,43174835,nan,nan,0.35
8/18/2026 0:41:53,1.17.3,LeftRight,73,4.12,nan,1,Right,Left,136,267,55,43177149,nan,nan,0.23
8/18/2026 0:41:55,1.17.3,LeftRight,73,4.12,nan,1,Right,Left,136,268,55,43179632,nan,nan,0.18
8/18/2026 0:41:58,1.17.3,LeftRight,73,4.12,nan,1,Left,Left,137,268,55,43182744,nan,nan,0.00
8/18/2026 0:42:03,1.17.3,LeftRight,73,4.12,nan,1,Right,Left,137,269,55,43187362,nan,nan,0.13
8/18/2026 0:42:05,1.17.3,LeftRight,73,4.12,1,1,Pellet,Left,137,269,56,43187362,0.77,408,nan
8/18/2026 0:52:53,1.17.3,LeftRight,73,4.12,nan,1,Right,Left,137,270,56,43837465,nan,nan,0.13
8/18/2026 0:53:04,1.17.3,LeftRight,73,4.12,nan,1,Left,Left,138,270,56,43848339,nan,nan,0.00
8/18/2026 0:53:05,1.17.3,LeftRight,73,4.12,nan,1,Left,Left,139,270,56,43849485,nan,nan,0.00
8/18/2026 0:53:09,1.17.3,LeftRight,73,4.12,nan,1,Right,Left,139,271,56,43853367,nan,nan,0.00
8/18/2026 0:53:12,1.17.3,LeftRight,73,4.12,1,1,Pellet,Left,139,271,57,43853367,2.21,667,nan
8/18/2026 0:54:16,1.17.3,LeftRight,73,4.12,nan,1,Right,Left,139,272,57,43920028,nan,nan,0.23
8/18/2026 0:54:19,1.17.3,LeftRight,73,4.12,nan,1,Left,Left,140,272,57,43923359,nan,nan,0.00
8/18/2026 0:54:34,1.17.3,LeftRight,73,4.12,nan,1,Right,Left,140,273,57,43937981,nan,nan,0.26
8/18/2026 0:54:35,1.17.3,LeftRight,73,4.12,1,1,Pellet,Left,140,273,58,43937981,0.89,83,nan
8/18/2026 0:58:37,1.17.3,LeftRight,73,4.12,nan,1,Right,Left,140,274,58,44181507,nan,nan,0.28
8/18/2026 0:58:39,1.17.3,LeftRight,73,4.12,nan,1,Right,Left,140,275,58,44183455,nan,nan,0.17
8/18/2026 0:58:53,1.17.3,LeftRight,73,4.12,nan,1,Right,Left,140,276,58,44197672,nan,nan,0.23
8/18/2026 0:58:57,1.17.3,LeftRight,73,4.12,nan,1,Left,Left,141,276,58,44201539,nan,nan,0.00
8/18/2026 0:58:59,1.17.3,LeftRight,73,4.12,nan,1,Right,Left,141,277,58,44203792,nan,nan,0.03
8/18/2026 0:59:12,1.17.3,LeftRight,73,4.12,1,1,Pellet,Left,141,277,59,44203792,11.45,277,nan
8/18/2026 1:00:17,1.17.3,LeftRight,73,4.12,nan,1,Right,Left,141,278,59,44281141,nan,nan,0.32
8/18/2026 1:00:25,1.17.3,LeftRight,73,4.12,nan,1,Left,Left,142,278,59,44289199,nan,nan,0.00
8/18/2026 1:00:27,1.17.3,LeftRight,73,4.12,nan,1,Right,Left,142,279,59,44291746,nan,nan,0.17
8/18/2026 1:00:29,1.17.3,LeftRight,73,4.12,1,1,Pellet,Left,142,279,60,44291746,0.95,77,nan
8/18/2026 1:00:44,1.17.3,LeftRight,73,4.12,nan,1,Right,Left,142,280,60,44308498,nan,nan,0.16
8/18/2026 1:00:49,1.17.3,LeftRight,73,4.12,nan,1,Right,Left,142,281,60,44313139,nan,nan,0.24
8/18/2026 1:00:53,1.17.3,LeftRight,73,4.12,nan,1,Left,Left,143,281,60,44317789,nan,nan,0.00
8/18/2026 1:00:55,1.17.3,LeftRight,73,4.12,nan,1,Right,Left,143,282,60,44319598,nan,nan,0.12
8/18/2026 1:00:57,1.17.3,LeftRight,73,4.12,1,1,Pellet,Left,143,282,61,44319598,1.01,28,nan
8/18/2026 1:01:10,1.17.3,LeftRight,73,4.12,nan,1,Right,Left,143,283,61,44334529,nan,nan,0.08
8/18/2026 1:17:09,1.17.3,LeftRight,73,4.12,nan,1,Left,Left,144,283,61,45293143,nan,nan,0.00
8/18/2026 1:17:10,1.17.3,LeftRight,73,4.12,nan,1,Right,Left,144,284,61,45294803,nan,nan,0.00
8/18/2026 1:17:16,1.17.3,LeftRight,73,4.12,nan,1,RightWithPellet,Left,144,285,61,45294803,nan,nan,0.06
8/18/2026 1:17:18,1.17.3,LeftRight,73,4.12,1,1,Pellet,Left,144,285,62,45294803,7.41,981,nan
8/18/2026 1:27:00,1.17.3,LeftRight,73,4.11,nan,1,Left,Left,145,285,62,45884233,nan,nan,0.00
8/18/2026 1:27:02,1.17.3,LeftRight,73,4.12,nan,1,Right,Left,145,286,62,45886191,nan,nan,0.14
8/18/2026 1:27:26,1.17.3,LeftRight,73,4.12,1,1,Pellet,Left,145,286,63,45886191,23.42,608,nan
8/18/2026 1:28:33,1.17.3,LeftRight,73,4.12,nan,1,Left,Left,146,286,63,45977195,nan,nan,0.00
8/18/2026 1:28:39,1.17.3,LeftRight,73,4.12,nan,1,Right,Left,146,287,63,45983726,nan,nan,0.00
8/18/2026 1:28:42,1.17.3,LeftRight,73,4.12,1,1,Pellet,Left,146,287,64,45983726,2.57,76,nan
8/18/2026 1:29:04,1.17.3,LeftRight,73,4.12,nan,1,Right,Left,146,288,64,46008697,nan,nan,0.07
8/18/2026 1:29:06,1.17.3,LeftRight,73,4.12,nan,1,Right,Left,146,289,64,46010880,nan,nan,0.15
8/18/2026 1:29:10,1.17.3,LeftRight,73,4.12,nan,1,Right,Left,146,290,64,46014901,nan,nan,0.08
8/18/2026 1:29:17,1.17.3,LeftRight,73,4.12,nan,1,Left,Left,147,290,64,46021488,nan,nan,0.00
8/18/2026 1:29:23,1.17.3,LeftRight,73,4.12,nan,1,Right,Left,147,291,64,46027420,nan,nan,0.07
8/18/2026 1:29:25,1.17.3,LeftRight,73,4.12,1,1,Pellet,Left,147,291,65,46027420,1.79,43,nan
8/18/2026 1:31:56,1.17.3,LeftRight,73,4.12,nan,1,Left,Left,148,291,65,46180784,nan,nan,0.00
8/18/2026 1:32:01,1.17.3,LeftRight,73,4.12,nan,1,Right,Left,148,292,65,46185831,nan,nan,0.00
8/18/2026 1:32:06,1.17.3,LeftRight,73,4.12,2,1,Pellet,Left,148,292,66,46185831,1.91,161,nan
8/18/2026 1:37:38,1.17.3,LeftRight,73,4.12,nan,1,Right,Left,148,293,66,46522067,nan,nan,0.14
8/18/2026 1:43:38,1.17.3,LeftRight,73,4.12,nan,1,Left,Left,149,293,66,46883117,nan,nan,0.00
8/18/2026 1:43:42,1.17.3,LeftRight,73,4.11,nan,1,Right,Left,149,294,66,46886106,nan,nan,0.05
8/18/2026 1:43:59,1.17.3,LeftRight,73,4.12,1,1,Pellet,Left,149,294,67,46886106,16.19,712,nan
8/18/2026 1:44:49,1.17.3,LeftRight,73,4.12,nan,1,Right,Left,149,295,67,46953507,nan,nan,0.17
8/18/2026 1:44:52,1.17.3,LeftRight,73,4.11,nan,1,Right,Left,149,296,67,46956070,nan,nan,0.14
8/18/2026 1:44:54,1.17.3,LeftRight,73,4.12,nan,1,Right,Left,149,297,67,46958465,nan,nan,0.12
8/18/2026 1:54:40,1.17.3,LeftRight,73,4.11,nan,1,Right,Left,149,298,67,47544341,nan,nan,0.00
8/18/2026 1:55:05,1.17.3,LeftRight,73,4.12,nan,1,Right,Left,149,299,67,47568843,nan,nan,0.43
8/18/2026 1:55:09,1.17.3,LeftRight,73,4.12,nan,1,Right,Left,149,300,67,47573296,nan,nan,0.32
8/18/2026 1:55:11,1.17.3,LeftRight,73,4.12,nan,1,Right,Left,149,301,67,47574988,nan,nan,0.45
8/18/2026 1:55:13,1.17.3,LeftRight,73,4.11,nan,1,Left,Left,150,301,67,47578056,nan,nan,0.00
8/18/2026 1:55:16,1.17.3,LeftRight,73,4.12,nan,1,Left,Left,151,301,67,47580393,nan,nan,0.00
8/18/2026 1:55:18,1.17.3,LeftRight,73,4.11,nan,1,Right,Left,151,302,67,47582800,nan,nan,0.00
8/18/2026 1:55:19,1.17.3,LeftRight,73,4.11,1,1,Pellet,Left,151,302,68,47582800,0.71,681,nan
8/18/2026 1:55:49,1.17.3,LeftRight,73,4.12,nan,1,Left,Left,152,302,68,47614168,nan,nan,0.00
8/18/2026 1:55:59,1.17.3,LeftRight,73,4.12,nan,1,Right,Left,152,303,68,47623352,nan,nan,0.27
8/18/2026 1:56:01,1.17.3,LeftRight,73,4.11,1,1,Pellet,Left,152,303,69,47623352,1.01,42,nan
8/18/2026 1:56:19,1.17.3,LeftRight,73,4.11,nan,1,Right,Left,152,304,69,47643970,nan,nan,0.21
8/18/2026 1:56:22,1.17.3,LeftRight,73,4.12,nan,1,Right,Left,152,305,69,47646146,nan,nan,0.18
8/18/2026 1:56:24,1.17.3,LeftRight,73,4.11,nan,1,Right,Left,152,306,69,47648286,nan,nan,0.16
8/18/2026 1:56:25,1.17.3,LeftRight,73,4.11,nan,1,Right,Left,152,307,69,47650114,nan,nan,0.06
8/18/2026 1:56:27,1.17.3,LeftRight,73,4.11,nan,1,Right,Left,152,308,69,47651538,nan,nan,0.33
8/18/2026 1:56:36,1.17.3,LeftRight,73,4.12,nan,1,Left,Left,153,308,69,47660465,nan,nan,0.00
8/18/2026 1:56:38,1.17.3,LeftRight,73,4.11,nan,1,Left,Left,154,308,69,47663097,nan,nan,0.00
8/18/2026 1:56:41,1.17.3,LeftRight,73,4.11,nan,1,Left,Left,155,308,69,47666009,nan,nan,0.00
8/18/2026 1:56:44,1.17.3,LeftRight,73,4.12,nan,1,Right,Left,155,309,69,47668558,nan,nan,0.14
8/18/2026 1:56:46,1.17.3,LeftRight,73,4.11,1,1,Pellet,Left,155,309,70,47668558,1.73,45,nan
8/18/2026 1:57:02,1.17.3,LeftRight,73,4.12,nan,1,Right,Left,155,310,70,47686002,nan,nan,0.37
8/18/2026 1:57:03,1.17.3,LeftRight,73,4.11,nan,1,Right,Left,155,311,70,47687743,nan,nan,0.32
8/18/2026 1:57:08,1.17.3,LeftRight,73,4.11,nan,1,Right,Left,155,312,70,47692080,nan,nan,0.18
8/18/2026 1:57:14,1.17.3,LeftRight,73,4.11,nan,1,Right,Left,155,313,70,47698479,nan,nan,0.32
8/18/2026 1:57:20,1.17.3,LeftRight,73,4.11,nan,1,Right,Left,155,314,70,47703848,nan,nan,0.35
8/18/2026 1:57:22,1.17.3,LeftRight,73,4.12,nan,1,Left,Left,156,314,70,47707104,nan,nan,0.00
8/18/2026 1:57:52,1.17.3,LeftRight,73,4.12,nan,1,RESET,Left,156,314,70,47736568,nan,nan,nan
8/18/2026 1:58:05,1.17.3,LeftRight,73,4.11,nan,1,Right,Left,156,315,70,47749207,nan,nan,0.11
8/18/2026 2:00:22,1.17.3,LeftRight,73,4.11,nan,1,Left,Left,157,315,70,47886353,nan,nan,0.00
8/18/2026 2:00:30,1.17.3,LeftRight,73,4.11,nan,1,Left,Left,158,315,70,47895056,nan,nan,0.00
8/18/2026 2:00:32,1.17.3,LeftRight,73,4.11,nan,1,Left,Left,159,315,70,47896577,nan,nan,0.00
8/18/2026 2:00:34,1.17.3,LeftRight,73,4.11,nan,1,Left,Left,160,315,70,47898820,nan,nan,0.00
8/18/2026 2:00:36,1.17.3,LeftRight,73,4.11,nan,1,Left,Left,161,315,70,47900329,nan,nan,0.00
8/18/2026 2:00:39,1.17.3,LeftRight,73,4.12,nan,1,Left,Left,162,315,70,47903283,nan,nan,0.00
8/18/2026 2:00:40,1.17.3,LeftRight,73,4.11,nan,1,Left,Left,163,315,70,47905162,nan,nan,0.00
8/18/2026 2:00:44,1.17.3,LeftRight,73,4.12,nan,1,Left,Left,164,315,70,47908855,nan,nan,0.00
8/18/2026 2:00:47,1.17.3,LeftRight,73,4.11,nan,1,Left,Left,165,315,70,47911213,nan,nan,0.00
8/18/2026 2:00:49,1.17.3,LeftRight,73,4.11,nan,1,Left,Left,166,315,70,47913796,nan,nan,0.00
8/18/2026 2:01:03,1.17.3,LeftRight,73,4.12,nan,1,Right,Left,166,316,70,47927982,nan,nan,0.02
8/18/2026 2:01:06,1.17.3,LeftRight,73,4.12,1,1,Pellet,Left,166,316,71,47927982,2.27,260,nan
8/18/2026 2:01:32,1.17.3,LeftRight,73,4.11,nan,1,Right,Left,166,317,71,47956091,nan,nan,0.25
8/18/2026 2:01:35,1.17.3,LeftRight,73,4.11,nan,1,Right,Left,166,318,71,47959481,nan,nan,0.34
8/18/2026 2:01:44,1.17.3,LeftRight,73,4.11,nan,1,Right,Left,166,319,71,47968403,nan,nan,0.23
8/18/2026 2:01:49,1.17.3,LeftRight,73,4.12,nan,1,Left,Left,167,319,71,47973870,nan,nan,0.00
8/18/2026 2:02:05,1.17.3,LeftRight,73,4.11,nan,1,Right,Left,167,320,71,47989803,nan,nan,0.22
8/18/2026 2:02:07,1.17.3,LeftRight,73,4.11,1,1,Pellet,Left,167,320,72,47989803,0.59,61,nan
8/18/2026 2:23:25,1.17.3,LeftRight,73,4.11,nan,1,Right,Left,167,321,72,49269973,nan,nan,0.00
8/18/2026 2:26:18,1.17.3,LeftRight,73,4.11,nan,1,Right,Left,167,322,72,49443190,nan,nan,0.04
8/18/2026 2:26:42,1.17.3,LeftRight,73,4.11,nan,1,Right,Left,167,323,72,49466121,nan,nan,0.20
8/18/2026 2:26:48,1.17.3,LeftRight,73,4.11,nan,1,Left,Left,168,323,72,49473296,nan,nan,0.00
8/18/2026 2:26:53,1.17.3,LeftRight,73,4.11,nan,1,Left,Left,169,323,72,49477770,nan,nan,0.00
8/18/2026 2:27:06,1.17.3,LeftRight,73,4.12,nan,1,Right,Left,169,324,72,49490344,nan,nan,0.38
8/18/2026 2:27:07,1.17.3,LeftRight,73,4.11,1,1,Pellet,Left,169,324,73,49490344,0.65,1500,nan
8/18/2026 2:27:32,1.17.3,LeftRight,73,4.11,nan,1,Right,Left,169,325,73,49516334,nan,nan,0.00
8/18/2026 2:27:39,1.17.3,LeftRight,73,4.11,nan,1,Right,Left,169,326,73,49523598,nan,nan,0.20
8/18/2026 2:27:43,1.17.3,LeftRight,73,4.11,nan,1,Right,Left,169,327,73,49528274,nan,nan,0.02
8/18/2026 2:27:46,1.17.3,LeftRight,73,4.11,nan,1,Right,Left,169,328,73,49531134,nan,nan,0.16
8/18/2026 2:27:52,1.17.3,LeftRight,73,4.11,nan,1,Left,Left,170,328,73,49536922,nan,nan,0.00
8/18/2026 2:28:21,1.17.3,LeftRight,73,4.11,nan,1,RESET,Left,170,328,73,49565710,nan,nan,nan
8/18/2026 5:02:49,1.17.3,LeftRight,73,4.10,nan,1,Right,Left,170,329,73,58834605,nan,nan,0.12
8/18/2026 5:16:47,1.17.3,LeftRight,73,4.09,nan,1,Right,Left,170,330,73,59671953,nan,nan,0.05
8/18/2026 5:18:05,1.17.3,LeftRight,73,4.09,nan,1,Right,Left,170,331,73,59750062,nan,nan,0.24
8/18/2026 5:18:11,1.17.3,LeftRight,73,4.10,nan,1,Right,Left,170,332,73,59755937,nan,nan,0.01
8/18/2026 5:18:17,1.17.3,LeftRight,73,4.10,nan,1,Right,Left,170,333,73,59761735,nan,nan,0.19
8/18/2026 5:18:23,1.17.3,LeftRight,73,4.10,nan,1,Left,Left,171,333,73,59768653,nan,nan,0.00
8/18/2026 5:18:24,1.17.3,LeftRight,73,4.10,nan,1,Left,Left,172,333,73,59769486,nan,nan,0.00
8/18/2026 5:18:30,1.17.3,LeftRight,73,4.10,nan,1,Right,Left,172,334,73,59775425,nan,nan,0.00
8/18/2026 5:18:33,1.17.3,LeftRight,73,4.10,2,1,Pellet,Left,172,334,74,59775425,0.41,10286,nan
8/18/2026 5:19:07,1.17.3,LeftRight,73,4.09,nan,1,Right,Left,172,335,74,59811861,nan,nan,0.41
8/18/2026 5:19:11,1.17.3,LeftRight,73,4.09,nan,1,Left,Left,173,335,74,59816082,nan,nan,0.00
8/18/2026 5:19:12,1.17.3,LeftRight,73,4.09,nan,1,Left,Left,174,335,74,59817401,nan,nan,0.00
8/18/2026 5:19:17,1.17.3,LeftRight,73,4.09,nan,1,Right,Left,174,336,74,59822004,nan,nan,0.33
8/18/2026 5:19:21,1.17.3,LeftRight,73,4.09,2,1,Pellet,Left,174,336,75,59822004,1.55,48,nan
8/18/2026 5:19:49,1.17.3,LeftRight,73,4.09,nan,1,Right,Left,174,337,75,59854035,nan,nan,0.41
8/18/2026 5:19:55,1.17.3,LeftRight,73,4.10,nan,1,Left,Left,175,337,75,59860351,nan,nan,0.00
8/18/2026 5:20:03,1.17.3,LeftRight,73,4.09,nan,1,Right,Left,175,338,75,59867902,nan,nan,0.00
8/18/2026 5:20:04,1.17.3,LeftRight,73,4.10,1,1,Pellet,Left,175,338,76,59867902,0.59,43,nan
8/18/2026 5:23:13,1.17.3,LeftRight,73,4.10,nan,1,Right,Left,175,339,76,60058211,nan,nan,0.00
8/18/2026 5:23:24,1.17.3,LeftRight,73,4.09,nan,1,Right,Left,175,340,76,60069601,nan,nan,0.13
8/18/2026 5:23:27,1.17.3,LeftRight,73,4.10,nan,1,Right,Left,175,341,76,60072135,nan,nan,0.21
8/18/2026 5:23:35,1.17.3,LeftRight,73,4.09,nan,1,Right,Left,175,342,76,60080339,nan,nan,0.01
8/18/2026 5:23:38,1.17.3,LeftRight,73,4.09,nan,1,Left,Left,176,342,76,60083474,nan,nan,0.00
8/18/2026 5:24:08,1.17.3,LeftRight,73,4.09,nan,1,RESET,Left,176,342,76,60113282,nan,nan,nan
8/18/2026 5:24:17,1.17.3,LeftRight,73,4.09,nan,1,Left,Left,177,342,76,60122020,nan,nan,0.00
8/18/2026 5:24:46,1.17.3,LeftRight,73,4.10,nan,1,RESET,Left,177,342,76,60151361,nan,nan,nan
8/18/2026 5:25:48,1.17.3,LeftRight,73,4.10,nan,1,Right,Left,177,343,76,60213198,nan,nan,0.22
8/18/2026 5:25:54,1.17.3,LeftRight,73,4.09,nan,1,Right,Left,177,344,76,60218909,nan,nan,0.14
8/18/2026 5:25:57,1.17.3,LeftRight,73,4.10,nan,1,Right,Left,177,345,76,60221885,nan,nan,0.33
8/18/2026 5:26:02,1.17.3,LeftRight,73,4.09,nan,1,Right,Left,177,346,76,60227422,nan,nan,0.18
8/18/2026 5:26:07,1.17.3,LeftRight,73,4.09,nan,1,Left,Left,178,346,76,60231890,nan,nan,0.00
8/18/2026 5:26:10,1.17.3,LeftRight,73,4.10,nan,1,Left,Left,179,346,76,60235684,nan,nan,0.00
8/18/2026 5:26:19,1.17.3,LeftRight,73,4.09,nan,1,Right,Left,179,347,76,60243686,nan,nan,0.23
8/18/2026 5:26:20,1.17.3,LeftRight,73,4.10,1,1,Pellet,Left,179,347,77,60243686,0.83,376,nan
8/18/2026 5:26:42,1.17.3,LeftRight,73,4.09,nan,1,Right,Left,179,348,77,60267539,nan,nan,0.17
8/18/2026 5:26:46,1.17.3,LeftRight,73,4.09,nan,1,Left,Left,180,348,77,60271509,nan,nan,0.00
8/18/2026 5:27:16,1.17.3,LeftRight,73,4.09,nan,1,RESET,Left,180,348,77,60301321,nan,nan,nan
8/18/2026 5:34:21,1.17.3,LeftRight,73,4.09,nan,1,Right,Left,180,349,77,60726042,nan,nan,0.12
8/18/2026 5:34:25,1.17.3,LeftRight,73,4.10,nan,1,Right,Left,180,350,77,60730770,nan,nan,0.02
8/18/2026 5:34:39,1.17.3,LeftRight,73,4.09,nan,1,Right,Left,180,351,77,60743949,nan,nan,0.15
8/18/2026 5:34:43,1.17.3,LeftRight,73,4.10,nan,1,Right,Left,180,352,77,60748568,nan,nan,0.07
8/18/2026 5:34:50,1.17.3,LeftRight,73,4.09,nan,1,Right,Left,180,353,77,60754870,nan,nan,0.11
8/18/2026 5:34:52,1.17.3,LeftRight,73,4.09,nan,1,Right,Left,180,354,77,60757375,nan,nan,0.31
8/18/2026 5:40:16,1.17.3,LeftRight,73,4.09,nan,1,Right,Left,180,355,77,61081313,nan,nan,0.09
8/18/2026 5:40:19,1.17.3,LeftRight,73,4.09,nan,1,Left,Left,181,355,77,61083929,nan,nan,0.00
8/18/2026 5:40:20,1.17.3,LeftRight,73,4.09,nan,1,Right,Left,181,356,77,61085303,nan,nan,0.06
8/18/2026 5:40:22,1.17.3,LeftRight,73,4.09,1,1,Pellet,Left,181,356,78,61085303,1.07,842,nan
8/18/2026 5:41:13,1.17.3,LeftRight,73,4.09,nan,1,Right,Left,181,357,78,61138150,nan,nan,0.10
8/18/2026 5:41:19,1.17.3,LeftRight,73,4.09,nan,1,Right,Left,181,358,78,61144475,nan,nan,0.00
8/18/2026 5:41:24,1.17.3,LeftRight,73,4.09,nan,1,Right,Left,181,359,78,61149524,nan,nan,0.10
8/18/2026 5:41:27,1.17.3,LeftRight,73,4.09,nan,1,Right,Left,181,360,78,61152460,nan,nan,0.21
8/18/2026 5:41:29,1.17.3,LeftRight,73,4.09,nan,1,Right,Left,181,361,78,61154633,nan,nan,0.19
8/18/2026 5:41:34,1.17.3,LeftRight,73,4.09,nan,1,Left,Left,182,361,78,61159486,nan,nan,0.00
8/18/2026 5:41:37,1.17.3,LeftRight,73,4.09,nan,1,Right,Left,182,362,78,61162326,nan,nan,0.17
8/18/2026 5:41:38,1.17.3,LeftRight,73,4.09,1,1,Pellet,Left,182,362,79,61162326,0.47,76,nan
8/18/2026 5:42:00,1.17.3,LeftRight,73,4.09,nan,1,Right,Left,182,363,79,61185703,nan,nan,0.11
8/18/2026 5:42:38,1.17.3,LeftRight,73,4.09,nan,1,Right,Left,182,364,79,61223757,nan,nan,0.00
8/18/2026 5:51:43,1.17.3,LeftRight,73,4.09,nan,1,Right,Left,182,365,79,61768160,nan,nan,0.19
8/18/2026 5:51:46,1.17.3,LeftRight,73,4.09,nan,1,Left,Left,183,365,79,61771635,nan,nan,0.00
8/18/2026 5:52:16,1.17.3,LeftRight,73,4.09,nan,1,RESET,Left,183,365,79,61801461,nan,nan,nan
8/18/2026 5:57:15,1.17.3,LeftRight,73,4.09,nan,1,Left,Left,184,365,79,62100596,nan,nan,0.00
8/18/2026 5:57:26,1.17.3,LeftRight,73,4.09,nan,1,Right,Left,184,366,79,62111251,nan,nan,0.29
8/18/2026 5:57:27,1.17.3,LeftRight,73,4.09,1,1,Pellet,Left,184,366,80,62111251,0.65,949,nan
8/18/2026 5:58:46,1.17.3,LeftRight,73,4.09,nan,1,Right,Left,184,367,80,62191006,nan,nan,0.27
8/18/2026 5:58:49,1.17.3,LeftRight,73,4.09,nan,1,Right,Left,184,368,80,62194708,nan,nan,0.13
8/18/2026 5:58:53,1.17.3,LeftRight,73,4.09,nan,1,Right,Left,184,369,80,62197834,nan,nan,0.20
8/18/2026 5:58:57,1.17.3,LeftRight,73,4.09,nan,1,Left,Left,185,369,80,62202602,nan,nan,0.00
8/18/2026 5:59:01,1.17.3,LeftRight,73,4.09,nan,1,Right,Left,185,370,80,62206784,nan,nan,0.17
8/18/2026 5:59:03,1.17.3,LeftRight,73,4.09,1,1,Pellet,Left,185,370,81,62206784,0.59,96,nan
8/18/2026 5:59:29,1.17.3,LeftRight,73,4.09,nan,1,Right,Left,185,371,81,62234810,nan,nan,0.17
8/18/2026 5:59:31,1.17.3,LeftRight,73,4.09,nan,1,Right,Left,185,372,81,62236054,nan,nan,0.05
8/18/2026 5:59:37,1.17.3,LeftRight,73,4.09,nan,1,Right,Left,185,373,81,62242043,nan,nan,0.20
8/18/2026 5:59:43,1.17.3,LeftRight,73,4.09,nan,1,Left,Left,186,373,81,62248716,nan,nan,0.00
8/18/2026 5:59:47,1.17.3,LeftRight,73,4.09,nan,1,Right,Left,186,374,81,62252450,nan,nan,0.12
8/18/2026 5:59:48,1.17.3,LeftRight,73,4.09,1,1,Pellet,Left,186,374,82,62252450,0.35,45,nan
8/18/2026 6:00:18,1.17.3,LeftRight,73,4.09,nan,1,Right,Left,186,375,82,62283037,nan,nan,0.28
8/18/2026 6:00:20,1.17.3,LeftRight,73,4.09,nan,1,Right,Left,186,376,82,62284544,nan,nan,0.66
8/18/2026 6:00:39,1.17.3,LeftRight,73,4.09,nan,1,Left,Left,187,376,82,62304602,nan,nan,0.00
8/18/2026 6:00:55,1.17.3,LeftRight,73,4.09,nan,1,Right,Left,187,377,82,62319991,nan,nan,0.26
8/18/2026 6:00:56,1.17.3,LeftRight,73,4.09,1,1,Pellet,Left,187,377,83,62319991,0.89,68,nan
8/18/2026 8:33:22,1.17.3,LeftRight,73,4.08,nan,1,Right,Left,187,378,83,71468248,nan,nan,0.00
8/18/2026 8:33:26,1.17.3,LeftRight,73,4.08,nan,1,Left,Left,188,378,83,71471958,nan,nan,0.00
8/18/2026 8:33:42,1.17.3,LeftRight,73,4.07,nan,1,Right,Left,188,379,83,71487647,nan,nan,0.03
8/18/2026 8:33:44,1.17.3,LeftRight,73,4.08,1,1,Pellet,Left,188,379,84,71487647,1.31,9168,nan
8/18/2026 8:34:17,1.17.3,LeftRight,73,4.07,nan,1,Right,Left,188,380,84,71522286,nan,nan,0.27
8/18/2026 8:34:24,1.17.3,LeftRight,73,4.08,nan,1,Right,Left,188,381,84,71530277,nan,nan,0.10
8/18/2026 8:34:29,1.17.3,LeftRight,73,4.08,nan,1,Right,Left,188,382,84,71535135,nan,nan,0.26
8/18/2026 8:34:36,1.17.3,LeftRight,73,4.07,nan,1,Right,Left,188,383,84,71541490,nan,nan,0.20
8/18/2026 8:34:39,1.17.3,LeftRight,73,4.07,nan,1,Right,Left,188,384,84,71544682,nan,nan,0.43
8/18/2026 8:34:43,1.17.3,LeftRight,73,4.07,nan,1,Right,Left,188,385,84,71548557,nan,nan,0.42
8/18/2026 8:34:46,1.17.3,LeftRight,73,4.07,nan,1,Right,Left,188,386,84,71551386,nan,nan,0.34
8/18/2026 8:34:49,1.17.3,LeftRight,73,4.08,nan,1,Right,Left,188,387,84,71554292,nan,nan,0.32
8/18/2026 8:34:57,1.17.3,LeftRight,73,4.08,nan,1,Right,Left,188,388,84,71562475,nan,nan,0.71
8/18/2026 8:35:03,1.17.3,LeftRight,73,4.07,nan,1,Left,Left,189,388,84,71569353,nan,nan,0.00
8/18/2026 8:35:10,1.17.3,LeftRight,73,4.07,nan,1,Right,Left,189,389,84,71575449,nan,nan,0.05
8/18/2026 8:35:11,1.17.3,LeftRight,73,4.08,1,1,Pellet,Left,189,389,85,71575449,1.25,87,nan
8/18/2026 8:35:33,1.17.3,LeftRight,73,4.07,nan,1,Right,Left,189,390,85,71599359,nan,nan,0.12
8/18/2026 8:35:38,1.17.3,LeftRight,73,4.08,nan,1,Right,Left,189,391,85,71603654,nan,nan,0.16
8/18/2026 8:35:40,1.17.3,LeftRight,73,4.08,nan,1,Right,Left,189,392,85,71605770,nan,nan,0.24
8/18/2026 8:35:46,1.17.3,LeftRight,73,4.08,nan,1,Right,Left,189,393,85,71611513,nan,nan,0.32
8/18/2026 8:35:51,1.17.3,LeftRight,73,4.08,nan,1,Right,Left,189,394,85,71616166,nan,nan,0.64
8/18/2026 8:35:51,1.17.3,LeftRight,73,4.07,nan,1,Right,Left,189,395,85,71617440,nan,nan,0.02
8/18/2026 8:35:54,1.17.3,LeftRight,73,4.07,nan,1,Right,Left,189,396,85,71619864,nan,nan,0.36
8/18/2026 8:35:59,1.17.3,LeftRight,73,4.08,nan,1,Right,Left,189,397,85,71624987,nan,nan,0.48
8/18/2026 8:36:05,1.17.3,LeftRight,73,4.07,nan,1,Left,Left,190,397,85,71630749,nan,nan,0.00
8/18/2026 8:36:10,1.17.3,LeftRight,73,4.07,nan,1,Right,Left,190,398,85,71636103,nan,nan,0.13
8/18/2026 8:36:12,1.17.3,LeftRight,73,4.07,2,1,Pellet,Left,190,398,86,71636103,0.35,61,nan
8/18/2026 8:47:10,1.17.3,LeftRight,73,4.07,nan,1,Right,Left,190,399,86,72295721,nan,nan,0.08
8/18/2026 8:47:13,1.17.3,LeftRight,73,4.08,nan,1,Right,Left,190,400,86,72299232,nan,nan,0.06
8/18/2026 8:47:21,1.17.3,LeftRight,73,4.08,nan,1,Right,Left,190,401,86,72307293,nan,nan,0.00
8/18/2026 8:47:29,1.17.3,LeftRight,73,4.07,nan,1,Right,Left,190,402,86,72314702,nan,nan,0.25
8/18/2026 8:47:32,1.17.3,LeftRight,73,4.07,nan,1,Left,Left,191,402,86,72318220,nan,nan,0.00
8/18/2026 8:47:36,1.17.3,LeftRight,73,4.08,nan,1,Right,Left,191,403,86,72322388,nan,nan,0.03
8/18/2026 8:47:38,1.17.3,LeftRight,73,4.07,1,1,Pellet,Left,191,403,87,72322388,0.83,686,nan
8/18/2026 9:01:02,1.17.3,LeftRight,73,4.07,nan,1,Right,Left,191,404,87,73127925,nan,nan,0.07
8/18/2026 9:16:18,1.17.3,LeftRight,73,4.07,nan,1,Left,Left,192,404,87,74044099,nan,nan,0.00
8/18/2026 9:16:29,1.17.3,LeftRight,73,4.07,nan,1,Right,Left,192,405,87,74054747,nan,nan,0.00
8/18/2026 9:16:30,1.17.3,LeftRight,73,4.07,1,1,Pellet,Left,192,405,88,74054747,0.71,1732,nan
8/18/2026 9:16:52,1.17.3,LeftRight,73,4.07,nan,1,Right,Left,192,406,88,74078448,nan,nan,0.00
8/18/2026 9:16:58,1.17.3,LeftRight,73,4.07,nan,1,Right,Left,192,407,88,74083504,nan,nan,0.19
8/18/2026 9:17:08,1.17.3,LeftRight,73,4.07,nan,1,Left,Left,193,407,88,74094338,nan,nan,0.00
8/18/2026 9:17:09,1.17.3,LeftRight,73,4.07,nan,1,Left,Left,194,407,88,74094977,nan,nan,0.00
8/18/2026 9:17:13,1.17.3,LeftRight,73,4.07,nan,1,Right,Left,194,408,88,74098560,nan,nan,0.21
8/18/2026 9:17:14,1.17.3,LeftRight,73,4.07,1,1,Pellet,Left,194,408,89,74098560,0.47,44,nan
8/18/2026 9:17:30,1.17.3,LeftRight,73,4.07,nan,1,Right,Left,194,409,89,74115998,nan,nan,0.14
8/18/2026 9:17:34,1.17.3,LeftRight,73,4.07,nan,1,Right,Left,194,410,89,74119567,nan,nan,0.22
8/18/2026 9:17:36,1.17.3,LeftRight,73,4.07,nan,1,Right,Left,194,411,89,74121594,nan,nan,0.21
8/18/2026 9:17:39,1.17.3,LeftRight,73,4.07,nan,1,Left,Left,195,411,89,74125441,nan,nan,0.00
8/18/2026 9:17:47,1.17.3,LeftRight,73,4.07,nan,1,Right,Left,195,412,89,74132848,nan,nan,0.19
8/18/2026 9:17:48,1.17.3,LeftRight,73,4.07,2,1,Pellet,Left,195,412,90,74132848,0.47,34,nan
8/18/2026 9:18:04,1.17.3,LeftRight,73,4.07,nan,1,Right,Left,195,413,90,74149826,nan,nan,0.15
8/18/2026 9:18:27,1.17.3,LeftRight,73,4.07,nan,1,Right,Left,195,414,90,74172696,nan,nan,0.17
8/18/2026 9:21:08,1.17.3,LeftRight,73,4.07,nan,1,Left,Left,196,414,90,74333994,nan,nan,0.00
8/18/2026 9:21:12,1.17.3,LeftRight,73,4.07,nan,1,Right,Left,196,415,90,74338606,nan,nan,0.00
8/18/2026 9:21:14,1.17.3,LeftRight,73,4.07,1,1,Pellet,Left,196,415,91,74338606,0.35,206,nan
8/18/2026 9:21:33,1.17.3,LeftRight,73,4.08,nan,1,Right,Left,196,416,91,74359116,nan,nan,0.00
8/18/2026 9:21:38,1.17.3,LeftRight,73,4.07,nan,1,Left,Left,197,416,91,74364136,nan,nan,0.00
8/18/2026 9:21:44,1.17.3,LeftRight,73,4.07,nan,1,Right,Left,197,417,91,74370503,nan,nan,0.00
8/18/2026 9:21:46,1.17.3,LeftRight,73,4.07,1,1,Pellet,Left,197,417,92,74370503,0.77,32,nan
8/18/2026 9:51:39,1.17.3,LeftRight,73,4.07,nan,1,Left,Left,198,417,92,76164809,nan,nan,0.00
8/18/2026 9:51:42,1.17.3,LeftRight,73,4.07,nan,1,Right,Left,198,418,92,76168237,nan,nan,0.00
8/18/2026 9:51:47,1.17.3,LeftRight,73,4.07,1,1,Pellet,Left,198,418,93,76168237,4.01,1801,nan
8/18/2026 9:52:16,1.17.3,LeftRight,73,4.07,nan,1,Right,Left,198,419,93,76202247,nan,nan,0.10
8/18/2026 9:52:18,1.17.3,LeftRight,73,4.07,nan,1,Right,Left,198,420,93,76204309,nan,nan,0.22
8/18/2026 9:52:22,1.17.3,LeftRight,73,4.07,nan,1,Right,Left,198,421,93,76207822,nan,nan,0.00
8/18/2026 9:52:27,1.17.3,LeftRight,73,4.07,nan,1,Left,Left,199,421,93,76213169,nan,nan,0.00
8/18/2026 9:52:57,1.17.3,LeftRight,73,4.07,nan,1,RESET,Left,199,421,93,76243132,nan,nan,nan
8/18/2026 11:49:24,1.17.3,LeftRight,73,4.06,nan,1,Left,Left,200,421,93,83230150,nan,nan,0.00
8/18/2026 11:49:27,1.17.3,LeftRight,73,4.06,nan,1,Right,Left,200,422,93,83233430,nan,nan,0.20
8/18/2026 11:49:27,1.17.3,LeftRight,73,4.05,nan,1,RightDuringDispense,Left,200,423,93,83233430,nan,nan,0.11
8/18/2026 11:49:29,1.17.3,LeftRight,73,4.05,1,1,Pellet,Left,200,423,94,83233430,0.59,7062,nan
8/18/2026 11:49:52,1.17.3,LeftRight,73,4.06,nan,1,Right,Left,200,424,94,83258019,nan,nan,0.19
8/18/2026 11:49:55,1.17.3,LeftRight,73,4.06,nan,1,Right,Left,200,425,94,83261340,nan,nan,0.19
8/18/2026 11:49:59,1.17.3,LeftRight,73,4.06,nan,1,Left,Left,201,425,94,83265492,nan,nan,0.00
8/18/2026 11:50:03,1.17.3,LeftRight,73,4.05,nan,1,Left,Left,202,425,94,83269480,nan,nan,0.00
8/18/2026 11:50:04,1.17.3,LeftRight,73,4.05,nan,1,Left,Left,203,425,94,83270694,nan,nan,0.00
8/18/2026 11:50:08,1.17.3,LeftRight,73,4.05,nan,1,Right,Left,203,426,94,83274860,nan,nan,0.19
8/18/2026 11:50:10,1.17.3,LeftRight,73,4.06,1,1,Pellet,Left,203,426,95,83274860,0.53,41,nan
8/18/2026 11:50:26,1.17.3,LeftRight,73,4.06,nan,1,Right,Left,203,427,95,83292197,nan,nan,0.09
8/18/2026 11:55:27,1.17.3,LeftRight,73,4.06,nan,1,Left,Left,204,427,95,83593427,nan,nan,0.00
8/18/2026 11:55:42,1.17.3,LeftRight,73,4.05,nan,1,Right,Left,204,428,95,83608346,nan,nan,0.27
8/18/2026 11:55:43,1.17.3,LeftRight,73,4.06,1,1,Pellet,Left,204,428,96,83608346,0.53,333,nan
8/18/2026 11:56:18,1.17.3,LeftRight,73,4.06,nan,1,Right,Left,204,429,96,83644747,nan,nan,0.29
8/18/2026 11:56:22,1.17.3,LeftRight,73,4.05,nan,1,Left,Left,205,429,96,83648231,nan,nan,0.00
8/18/2026 11:56:26,1.17.3,LeftRight,73,4.05,nan,1,Right,Left,205,430,96,83652853,nan,nan,0.00
8/18/2026 11:56:28,1.17.3,LeftRight,73,4.05,1,1,Pellet,Left,205,430,97,83652853,0.83,45,nan
8/18/2026 11:56:55,1.17.3,LeftRight,73,4.05,nan,1,Left,Left,206,430,97,83681762,nan,nan,0.00
8/18/2026 11:56:56,1.17.3,LeftRight,73,4.06,nan,1,Right,Left,206,431,97,83682983,nan,nan,0.09
8/18/2026 11:56:57,1.17.3,LeftRight,73,4.05,1,1,Pellet,Left,206,431,98,83682983,0.35,29,nan
8/18/2026 11:57:07,1.17.3,LeftRight,73,4.05,nan,1,Right,Left,206,432,98,83693871,nan,nan,0.10
8/18/2026 11:57:11,1.17.3,LeftRight,73,4.06,nan,1,Right,Left,206,433,98,83697548,nan,nan,0.12
8/18/2026 11:57:16,1.17.3,LeftRight,73,4.05,nan,1,Right,Left,206,434,98,83702137,nan,nan,0.03
8/18/2026 11:57:19,1.17.3,LeftRight,73,4.06,nan,1,Right,Left,206,435,98,83704858,nan,nan,0.35
8/18/2026 11:57:22,1.17.3,LeftRight,73,4.05,nan,1,Left,Left,207,435,98,83708628,nan,nan,0.00
8/18/2026 11:57:28,1.17.3,LeftRight,73,4.05,nan,1,Right,Left,207,436,98,83714118,nan,nan,0.20
8/18/2026 11:57:29,1.17.3,LeftRight,73,4.06,2,1,Pellet,Left,207,436,99,83714118,0.06,32,nan
8/18/2026 12:01:56,1.17.3,LeftRight,73,4.05,nan,1,Right,Left,207,437,99,83982465,nan,nan,0.08
8/18/2026 12:01:58,1.17.3,LeftRight,73,4.06,nan,1,Right,Left,207,438,99,83985090,nan,nan,0.00
8/18/2026 12:11:34,1.17.3,LeftRight,73,4.05,nan,1,Left,Left,208,438,99,84561112,nan,nan,0.00
8/18/2026 12:12:04,1.17.3,LeftRight,73,4.05,nan,1,RESET,Left,208,438,99,84590619,nan,nan,nan
8/18/2026 12:13:44,1.17.3,LeftRight,73,4.06,nan,1,Left,Left,209,438,99,84690425,nan,nan,0.00
8/18/2026 12:14:13,1.17.3,LeftRight,73,4.05,nan,1,RESET,Left,209,438,99,84719644,nan,nan,nan
8/18/2026 13:44:21,1.17.3,LeftRight,73,4.05,nan,1,Right,Left,209,439,99,90128058,nan,nan,0.39
8/18/2026 13:44:24,1.17.3,LeftRight,73,4.05,nan,1,Left,Left,210,439,99,90131247,nan,nan,0.00
8/18/2026 13:44:26,1.17.3,LeftRight,73,4.05,nan,1,Right,Left,210,440,99,90133354,nan,nan,0.10
8/18/2026 13:44:28,1.17.3,LeftRight,73,4.05,1,1,Pellet,Left,210,440,100,90133354,0.53,6419,nan
8/18/2026 13:44:59,1.17.3,LeftRight,73,4.05,nan,1,Right,Left,210,441,100,90166215,nan,nan,0.18
8/18/2026 13:45:02,1.17.3,LeftRight,73,4.05,nan,1,Right,Left,210,442,100,90168948,nan,nan,0.18
8/18/2026 13:45:06,1.17.3,LeftRight,73,4.05,nan,1,Right,Left,210,443,100,90172875,nan,nan,0.13
8/18/2026 13:45:09,1.17.3,LeftRight,73,4.05,nan,1,Right,Left,210,444,100,90175554,nan,nan,0.35
8/18/2026 13:45:11,1.17.3,LeftRight,73,4.05,nan,1,Right,Left,210,445,100,90177572,nan,nan,0.41
8/18/2026 13:45:13,1.17.3,LeftRight,73,4.05,nan,1,Right,Left,210,446,100,90179357,nan,nan,0.26
8/18/2026 13:45:14,1.17.3,LeftRight,73,4.05,nan,1,Right,Left,210,447,100,90181287,nan,nan,0.12
8/18/2026 13:45:19,1.17.3,LeftRight,73,4.05,nan,1,Left,Left,211,447,100,90186325,nan,nan,0.00
8/18/2026 13:45:23,1.17.3,LeftRight,73,4.05,nan,1,Right,Left,211,448,100,90189905,nan,nan,0.14
8/18/2026 13:45:25,1.17.3,LeftRight,73,4.05,1,1,Pellet,Left,211,448,101,90189905,1.19,57,nan
8/18/2026 15:09:51,1.17.3,LeftRight,73,4.04,nan,1,Right,Left,211,449,101,95258484,nan,nan,0.10
8/18/2026 15:09:53,1.17.3,LeftRight,73,4.03,nan,1,Right,Left,211,450,101,95259654,nan,nan,0.32
8/18/2026 15:09:59,1.17.3,LeftRight,73,4.04,nan,1,Right,Left,211,451,101,95266215,nan,nan,0.04
8/18/2026 15:10:02,1.17.3,LeftRight,73,4.04,nan,1,Right,Left,211,452,101,95268797,nan,nan,0.16
8/18/2026 15:10:05,1.17.3,LeftRight,73,4.04,nan,1,Right,Left,211,453,101,95271662,nan,nan,0.15
8/18/2026 15:10:14,1.17.3,LeftRight,73,4.04,nan,1,Left,Left,212,453,101,95281340,nan,nan,0.00
8/18/2026 15:10:19,1.17.3,LeftRight,73,4.05,nan,1,Right,Left,212,454,101,95286398,nan,nan,0.01
8/18/2026 15:10:20,1.17.3,LeftRight,73,4.04,1,1,Pellet,Left,212,454,102,95286398,0.53,5095,nan
8/18/2026 15:10:40,1.17.3,LeftRight,73,4.04,nan,1,Right,Left,212,455,102,95306969,nan,nan,0.22
8/18/2026 15:10:42,1.17.3,LeftRight,73,4.05,nan,1,Right,Left,212,456,102,95308853,nan,nan,0.24
8/18/2026 15:12:07,1.17.3,LeftRight,73,4.04,nan,1,Right,Left,212,457,102,95394321,nan,nan,0.00
8/18/2026 16:19:41,1.17.3,LeftRight,73,4.03,nan,1,Right,Left,212,458,102,99448248,nan,nan,0.12
8/18/2026 16:19:43,1.17.3,LeftRight,73,4.03,nan,1,Right,Left,212,459,102,99450342,nan,nan,0.41
8/18/2026 16:19:48,1.17.3,LeftRight,73,4.03,nan,1,Right,Left,212,460,102,99454935,nan,nan,0.14
8/18/2026 16:19:51,1.17.3,LeftRight,73,4.03,nan,1,Right,Left,212,461,102,99458365,nan,nan,0.55
8/18/2026 16:19:54,1.17.3,LeftRight,73,4.03,nan,1,Right,Left,212,462,102,99461026,nan,nan,0.34
8/18/2026 16:19:59,1.17.3,LeftRight,73,4.03,nan,1,Left,Left,213,462,102,99466887,nan,nan,0.00
8/18/2026 16:20:00,1.17.3,LeftRight,73,4.03,nan,1,Left,Left,214,462,102,99467889,nan,nan,0.00
8/18/2026 16:20:06,1.17.3,LeftRight,73,4.03,nan,1,Right,Left,214,463,102,99473406,nan,nan,0.25
8/18/2026 16:20:07,1.17.3,LeftRight,73,3.99,nan,1,RightDuringDispense,Left,214,464,102,99473406,nan,nan,0.53
8/18/2026 16:20:10,1.17.3,LeftRight,73,4.03,1,1,Pellet,Left,214,464,103,99473406,3.11,4190,nan
8/18/2026 16:20:29,1.17.3,LeftRight,73,4.03,nan,1,Right,Left,214,465,103,99496929,nan,nan,0.04
8/18/2026 16:20:31,1.17.3,LeftRight,73,4.03,nan,1,Right,Left,214,466,103,99498342,nan,nan,0.42
8/18/2026 16:20:35,1.17.3,LeftRight,73,4.03,nan,1,Right,Left,214,467,103,99501472,nan,nan,0.57
8/18/2026 16:20:38,1.17.3,LeftRight,73,4.03,nan,1,Left,Left,215,467,103,99505568,nan,nan,0.00
8/18/2026 16:20:42,1.17.3,LeftRight,73,4.03,nan,1,Right,Left,215,468,103,99509452,nan,nan,0.25
8/18/2026 16:20:44,1.17.3,LeftRight,73,4.03,2,1,Pellet,Left,215,468,104,99509452,0.59,34,nan
8/18/2026 16:21:01,1.17.3,LeftRight,73,4.03,nan,1,Right,Left,215,469,104,99528789,nan,nan,0.00
8/18/2026 16:21:02,1.17.3,LeftRight,73,4.03,nan,1,Right,Left,215,470,104,99529428,nan,nan,0.44
8/18/2026 16:21:04,1.17.3,LeftRight,73,4.03,nan,1,Right,Left,215,471,104,99531387,nan,nan,0.32
8/18/2026 16:33:43,1.17.3,LeftRight,73,4.03,nan,1,Right,Left,215,472,104,100290287,nan,nan,0.12
8/18/2026 16:33:46,1.17.3,LeftRight,73,4.03,nan,1,Right,Left,215,473,104,100293108,nan,nan,0.22
8/18/2026 16:34:02,1.17.3,LeftRight,73,4.03,nan,1,Left,Left,216,473,104,100309812,nan,nan,0.00
8/18/2026 16:34:32,1.17.3,LeftRight,73,4.03,nan,1,RESET,Left,216,473,104,100339538,nan,nan,nan
8/18/2026 16:36:12,1.17.3,LeftRight,73,4.03,nan,1,Right,Left,216,474,104,100439840,nan,nan,0.05
8/18/2026 16:38:11,1.17.3,LeftRight,73,4.03,nan,1,Right,Left,216,475,104,100558221,nan,nan,0.00
8/18/2026 16:39:23,1.17.3,LeftRight,73,4.03,nan,1,Right,Left,216,476,104,100629784,nan,nan,0.33
8/18/2026 16:39:24,1.17.3,LeftRight,73,4.03,nan,1,Right,Left,216,477,104,100631191,nan,nan,0.20
8/18/2026 16:39:29,1.17.3,LeftRight,73,4.03,nan,1,Right,Left,216,478,104,100636012,nan,nan,0.35
8/18/2026 16:39:35,1.17.3,LeftRight,73,4.03,nan,1,Right,Left,216,479,104,100642319,nan,nan,0.06
8/18/2026 16:39:37,1.17.3,LeftRight,73,4.03,nan,1,Left,Left,217,479,104,100644524,nan,nan,0.00
8/18/2026 16:39:41,1.17.3,LeftRight,73,4.03,nan,1,Right,Left,217,480,104,100648110,nan,nan,0.29
8/18/2026 16:39:43,1.17.3,LeftRight,73,4.03,1,1,Pellet,Left,217,480,105,100648110,1.37,1139,nan
8/18/2026 16:39:57,1.17.3,LeftRight,73,4.03,nan,1,Right,Left,217,481,105,100664598,nan,nan,0.00
8/18/2026 16:40:01,1.17.3,LeftRight,73,4.03,nan,1,Right,Left,217,482,105,100668232,nan,nan,0.16
8/18/2026 16:40:03,1.17.3,LeftRight,73,4.03,nan,1,Right,Left,217,483,105,100669906,nan,nan,0.45
8/18/2026 16:40:08,1.17.3,LeftRight,73,4.03,nan,1,Left,Left,218,483,105,100675953,nan,nan,0.00
8/18/2026 16:40:16,1.17.3,LeftRight,73,4.03,nan,1,Right,Left,218,484,105,100683684,nan,nan,0.06
8/18/2026 16:40:17,1.17.3,LeftRight,73,4.03,2,1,Pellet,Left,218,484,106,100683684,0.06,34,nan
8/18/2026 16:40:32,1.17.3,LeftRight,73,4.03,nan,1,Right,Left,218,485,106,100699268,nan,nan,0.04
8/18/2026 16:40:32,1.17.3,LeftRight,73,4.03,nan,1,Right,Left,218,486,106,100699804,nan,nan,0.12
8/18/2026 16:40:38,1.17.3,LeftRight,73,4.03,nan,1,Left,Left,219,486,106,100705219,nan,nan,0.00
8/18/2026 16:40:40,1.17.3,LeftRight,73,4.03,nan,1,Right,Left,219,487,106,100707627,nan,nan,0.03
8/18/2026 16:40:41,1.17.3,LeftRight,73,4.03,1,1,Pellet,Left,219,487,107,100707627,0.53,24,nan
8/18/2026 16:40:56,1.17.3,LeftRight,73,4.03,nan,1,Right,Left,219,488,107,100722924,nan,nan,0.19
8/18/2026 16:40:58,1.17.3,LeftRight,73,4.03,nan,1,Right,Left,219,489,107,100725079,nan,nan,0.32
8/18/2026 16:41:04,1.17.3,LeftRight,73,4.03,nan,1,Right,Left,219,490,107,100731496,nan,nan,0.27
8/18/2026 16:41:06,1.17.3,LeftRight,73,4.03,nan,1,Right,Left,219,491,107,100733726,nan,nan,0.17
8/18/2026 16:41:09,1.17.3,LeftRight,73,4.03,nan,1,Right,Left,219,492,107,100736295,nan,nan,0.30
8/18/2026 16:41:11,1.17.3,LeftRight,73,4.03,nan,1,Right,Left,219,493,107,100738117,nan,nan,0.05
8/18/2026 16:41:15,1.17.3,LeftRight,73,4.03,nan,1,Right,Left,219,494,107,100741611,nan,nan,0.72
8/18/2026 16:41:16,1.17.3,LeftRight,73,4.03,nan,1,Right,Left,219,495,107,100742969,nan,nan,0.17
8/18/2026 16:41:18,1.17.3,LeftRight,73,4.03,nan,1,Right,Left,219,496,107,100745103,nan,nan,0.32
8/18/2026 16:41:22,1.17.3,LeftRight,73,4.03,nan,1,Right,Left,219,497,107,100748860,nan,nan,0.63
8/18/2026 16:41:27,1.17.3,LeftRight,73,4.03,nan,1,Right,Left,219,498,107,100754402,nan,nan,0.06
8/18/2026 16:41:30,1.17.3,LeftRight,73,4.03,nan,1,Left,Left,220,498,107,100757292,nan,nan,0.00
8/18/2026 16:41:33,1.17.3,LeftRight,73,4.03,nan,1,Right,Left,220,499,107,100760289,nan,nan,0.13
8/18/2026 16:41:34,1.17.3,LeftRight,73,4.03,1,1,Pellet,Left,220,499,108,100760289,0.41,53,nan
8/18/2026 16:42:00,1.17.3,LeftRight,73,4.03,nan,1,Right,Left,220,500,108,100787858,nan,nan,0.05
8/18/2026 16:42:04,1.17.3,LeftRight,73,4.03,nan,1,Right,Left,220,501,108,100791055,nan,nan,0.24
8/18/2026 16:42:13,1.17.3,LeftRight,73,4.03,nan,1,Left,Left,221,501,108,100800711,nan,nan,0.00
8/18/2026 16:42:19,1.17.3,LeftRight,73,4.03,nan,1,Right,Left,221,502,108,100805930,nan,nan,0.30
8/18/2026 16:42:20,1.17.3,LeftRight,73,4.03,1,1,Pellet,Left,221,502,109,100805930,0.41,46,nan
8/18/2026 16:42:34,1.17.3,LeftRight,73,4.03,nan,1,Left,Left,222,502,109,100821275,nan,nan,0.00
8/18/2026 16:43:03,1.17.3,LeftRight,73,4.03,nan,1,RESET,Left,222,502,109,100850463,nan,nan,nan
8/18/2026 16:55:13,1.17.3,LeftRight,73,4.03,nan,1,Right,Left,222,503,109,101580319,nan,nan,0.04
8/18/2026 16:55:17,1.17.3,LeftRight,73,4.03,nan,1,Right,Left,222,504,109,101583980,nan,nan,0.21
8/18/2026 16:57:22,1.17.3,LeftRight,73,4.03,nan,1,Right,Left,222,505,109,101709414,nan,nan,0.40
8/18/2026 16:57:27,1.17.3,LeftRight,73,4.03,nan,1,Right,Left,222,506,109,101713705,nan,nan,0.57
8/18/2026 16:57:28,1.17.3,LeftRight,73,4.03,nan,1,Right,Left,222,507,109,101715800,nan,nan,0.04
8/18/2026 16:57:36,1.17.3,LeftRight,73,4.03,nan,1,Right,Left,222,508,109,101722977,nan,nan,0.30
8/18/2026 16:57:38,1.17.3,LeftRight,73,4.03,nan,1,Right,Left,222,509,109,101725393,nan,nan,0.11
8/18/2026 16:57:40,1.17.3,LeftRight,73,4.03,nan,1,Right,Left,222,510,109,101727615,nan,nan,0.15
8/18/2026 16:57:46,1.17.3,LeftRight,73,4.02,nan,1,Left,Left,223,510,109,101733933,nan,nan,0.00
8/18/2026 16:58:16,1.17.3,LeftRight,73,4.03,nan,1,RESET,Left,223,510,109,101763549,nan,nan,nan
8/18/2026 17:56:19,1.17.3,LeftRight,73,4.02,nan,1,Right,Left,223,511,109,105247079,nan,nan,0.23
8/18/2026 17:56:22,1.17.3,LeftRight,73,4.03,nan,1,Right,Left,223,512,109,105249719,nan,nan,0.25
8/18/2026 18:09:33,1.17.3,LeftRight,73,4.02,nan,1,Left,Left,224,512,109,106041177,nan,nan,0.00
8/18/2026 18:10:03,1.17.3,LeftRight,73,4.02,nan,1,RESET,Left,224,512,109,106070787,nan,nan,nan
8/18/2026 18:10:28,1.17.3,LeftRight,73,4.02,nan,1,Right,Left,224,513,109,106095294,nan,nan,0.18
8/18/2026 18:16:53,1.17.3,LeftRight,73,4.02,nan,1,Right,Left,224,514,109,106481169,nan,nan,0.02
8/18/2026 18:16:54,1.17.3,LeftRight,73,4.02,nan,1,Right,Left,224,515,109,106481965,nan,nan,0.20
8/18/2026 18:16:57,1.17.3,LeftRight,73,4.03,nan,1,Left,Left,225,515,109,106485317,nan,nan,0.00
8/18/2026 18:16:59,1.17.3,LeftRight,73,4.02,nan,1,Right,Left,225,516,109,106486542,nan,nan,0.09
8/18/2026 18:17:00,1.17.3,LeftRight,73,4.02,1,1,Pellet,Left,225,516,110,106486542,0.53,5680,nan
8/18/2026 18:19:52,1.17.3,LeftRight,73,4.02,nan,1,Right,Left,225,517,110,106659636,nan,nan,0.06
8/18/2026 18:19:55,1.17.3,LeftRight,73,4.03,nan,1,Right,Left,225,518,110,106662540,nan,nan,0.19
8/18/2026 18:19:57,1.17.3,LeftRight,73,4.02,nan,1,Right,Left,225,519,110,106664842,nan,nan,0.14
8/18/2026 18:20:00,1.17.3,LeftRight,73,4.02,nan,1,Left,Left,226,519,110,106667678,nan,nan,0.00
8/18/2026 18:20:29,1.17.3,LeftRight,73,4.02,nan,1,RESET,Left,226,519,110,106696838,nan,nan,nan
8/18/2026 18:23:12,1.17.3,LeftRight,73,4.02,nan,1,Left,Left,227,519,110,106860148,nan,nan,0.00
8/18/2026 18:23:15,1.17.3,LeftRight,73,4.02,nan,1,Right,Left,227,520,110,106862405,nan,nan,0.05
8/18/2026 18:23:16,1.17.3,LeftRight,73,4.03,1,1,Pellet,Left,227,520,111,106862405,1.01,376,nan
8/18/2026 18:23:30,1.17.3,LeftRight,73,4.02,nan,1,Right,Left,227,521,111,106877364,nan,nan,0.05
8/18/2026 18:23:33,1.17.3,LeftRight,73,4.02,nan,1,Right,Left,227,522,111,106880853,nan,nan,0.09
8/18/2026 18:23:36,1.17.3,LeftRight,73,4.02,nan,1,Left,Left,228,522,111,106884073,nan,nan,0.00
8/18/2026 18:24:06,1.17.3,LeftRight,73,4.02,nan,1,RESET,Left,228,522,111,106913824,nan,nan,nan
8/18/2026 18:26:23,1.17.3,LeftRight,73,4.02,nan,1,Right,Left,228,523,111,107050675,nan,nan,0.09
8/18/2026 18:26:25,1.17.3,LeftRight,73,4.02,nan,1,Right,Left,228,524,111,107052880,nan,nan,0.08
8/18/2026 18:26:29,1.17.3,LeftRight,73,4.02,nan,1,Right,Left,228,525,111,107056400,nan,nan,0.26
8/18/2026 18:26:31,1.17.3,LeftRight,73,4.02,nan,1,Right,Left,228,526,111,107058475,nan,nan,0.19
8/18/2026 18:26:34,1.17.3,LeftRight,73,4.02,nan,1,Right,Left,228,527,111,107061516,nan,nan,0.25
8/18/2026 18:26:37,1.17.3,LeftRight,73,4.02,nan,1,Right,Left,228,528,111,107065060,nan,nan,0.16
8/18/2026 18:26:40,1.17.3,LeftRight,73,4.02,nan,1,Left,Left,229,528,111,107067952,nan,nan,0.00
8/18/2026 18:26:41,1.17.3,LeftRight,73,4.02,nan,1,Right,Left,229,529,111,107068881,nan,nan,0.21
8/18/2026 18:26:42,1.17.3,LeftRight,73,4.02,1,1,Pellet,Left,229,529,112,107068881,0.35,206,nan
8/18/2026 18:32:31,1.17.3,LeftRight,73,4.02,nan,1,Right,Left,229,530,112,107419187,nan,nan,0.14
8/18/2026 18:32:34,1.17.3,LeftRight,73,4.02,nan,1,Right,Left,229,531,112,107421440,nan,nan,0.21
8/18/2026 18:32:36,1.17.3,LeftRight,73,4.02,nan,1,Right,Left,229,532,112,107424218,nan,nan,0.18
8/18/2026 18:32:39,1.17.3,LeftRight,73,4.02,nan,1,Left,Left,230,532,112,107426654,nan,nan,0.00
8/18/2026 18:32:41,1.17.3,LeftRight,73,4.02,nan,1,Right,Left,230,533,112,107429062,nan,nan,0.11
8/18/2026 18:32:42,1.17.3,LeftRight,73,4.02,1,1,Pellet,Left,230,533,113,107429062,0.41,360,nan
8/18/2026 18:32:53,1.17.3,LeftRight,73,4.02,nan,1,Right,Left,230,534,113,107441128,nan,nan,0.06
8/18/2026 18:37:06,1.17.3,LeftRight,73,4.02,nan,1,Right,Left,230,535,113,107693691,nan,nan,0.06
8/18/2026 18:37:07,1.17.3,LeftRight,73,4.02,nan,1,Left,Left,231,535,113,107695124,nan,nan,0.00
8/18/2026 18:37:37,1.17.3,LeftRight,73,4.02,nan,1,RESET,Left,231,535,113,107724850,nan,nan,nan
8/18/2026 18:38:11,1.17.3,LeftRight,73,4.02,nan,1,Right,Left,231,536,113,107759105,nan,nan,0.00
8/18/2026 18:39:05,1.17.3,LeftRight,73,4.02,nan,1,Right,Left,231,537,113,107812656,nan,nan,0.16
8/18/2026 18:44:20,1.17.3,LeftRight,73,4.02,nan,1,Right,Left,231,538,113,108127440,nan,nan,0.12
8/18/2026 18:44:25,1.17.3,LeftRight,73,4.02,nan,1,Right,Left,231,539,113,108132778,nan,nan,0.18
8/18/2026 18:44:29,1.17.3,LeftRight,73,4.02,nan,1,Left,Left,232,539,113,108136659,nan,nan,0.00
8/18/2026 18:44:31,1.17.3,LeftRight,73,4.02,nan,1,Right,Left,232,540,113,108138918,nan,nan,0.01
8/18/2026 18:44:33,1.17.3,LeftRight,73,4.02,1,1,Pellet,Left,232,540,114,108138918,1.31,711,nan
8/18/2026 18:44:46,1.17.3,LeftRight,73,4.02,nan,1,Right,Left,232,541,114,108153392,nan,nan,0.42
8/18/2026 18:44:48,1.17.3,LeftRight,73,4.02,nan,1,Right,Left,232,542,114,108155038,nan,nan,0.92
8/18/2026 18:44:53,1.17.3,LeftRight,73,4.02,nan,1,Left,Left,233,542,114,108161146,nan,nan,0.00
8/18/2026 18:44:55,1.17.3,LeftRight,73,4.02,nan,1,Right,Left,233,543,114,108163255,nan,nan,0.16
8/18/2026 18:44:57,1.17.3,LeftRight,73,4.02,1,1,Pellet,Left,233,543,115,108163255,0.77,24,nan
8/18/2026 18:45:12,1.17.3,LeftRight,73,4.02,nan,1,Right,Left,233,544,115,108180148,nan,nan,0.15
8/18/2026 18:48:58,1.17.3,LeftRight,73,4.02,nan,1,Left,Left,234,544,115,108406117,nan,nan,0.00
8/18/2026 18:49:05,1.17.3,LeftRight,73,4.02,nan,1,Right,Left,234,545,115,108412960,nan,nan,0.18
8/18/2026 18:49:06,1.17.3,LeftRight,73,4.02,1,1,Pellet,Left,234,545,116,108412960,0.53,249,nan
8/18/2026 18:57:08,1.17.3,LeftRight,73,4.02,nan,1,Left,Left,235,545,116,108896446,nan,nan,0.00
8/18/2026 18:57:10,1.17.3,LeftRight,73,4.02,nan,1,Left,Left,236,545,116,108897942,nan,nan,0.00
8/18/2026 18:57:12,1.17.3,LeftRight,73,4.02,nan,1,Right,Left,236,546,116,108899757,nan,nan,0.00
8/18/2026 18:57:13,1.17.3,LeftRight,73,4.02,1,1,Pellet,Left,236,546,117,108899757,0.59,487,nan
8/18/2026 18:57:26,1.17.3,LeftRight,73,4.02,nan,1,Right,Left,236,547,117,108913524,nan,nan,0.34
8/18/2026 18:57:29,1.17.3,LeftRight,73,4.02,nan,1,Left,Left,237,547,117,108917282,nan,nan,0.00
8/18/2026 18:57:30,1.17.3,LeftRight,73,4.02,nan,1,Left,Left,238,547,117,108917914,nan,nan,0.00
8/18/2026 18:57:43,1.17.3,LeftRight,73,4.02,nan,1,Right,Left,238,548,117,108930362,nan,nan,0.34
8/18/2026 18:57:44,1.17.3,LeftRight,73,4.02,1,1,Pellet,Left,238,548,118,108930362,0.29,31,nan
8/18/2026 18:57:57,1.17.3,LeftRight,73,4.02,nan,1,Right,Left,238,549,118,108944659,nan,nan,0.00
8/18/2026 18:58:01,1.17.3,LeftRight,73,4.02,nan,1,Left,Left,239,549,118,108948666,nan,nan,0.00
8/18/2026 18:58:02,1.17.3,LeftRight,73,4.02,nan,1,Right,Left,239,550,118,108950335,nan,nan,0.05
8/18/2026 18:58:03,1.17.3,LeftRight,73,4.02,1,1,Pellet,Left,239,550,119,108950335,0.29,19,nan
8/18/2026 18:58:19,1.17.3,LeftRight,73,4.02,nan,1,Right,Left,239,551,119,108967228,nan,nan,0.00
8/18/2026 18:58:23,1.17.3,LeftRight,73,4.02,nan,1,Left,Left,240,551,119,108970676,nan,nan,0.00
8/18/2026 18:58:27,1.17.3,LeftRight,73,4.02,nan,1,Right,Left,240,552,119,108974855,nan,nan,0.16
8/18/2026 18:58:28,1.17.3,LeftRight,73,4.02,1,1,Pellet,Left,240,552,120,108974855,0.59,25,nan
8/18/2026 18:58:43,1.17.3,LeftRight,73,4.02,nan,1,Right,Left,240,553,120,108990368,nan,nan,0.16
8/18/2026 19:01:22,1.17.3,LeftRight,73,4.02,nan,1,Right,Left,240,554,120,109150047,nan,nan,0.00
8/18/2026 19:01:43,1.17.3,LeftRight,73,4.02,nan,1,Left,Left,241,554,120,109170868,nan,nan,0.00
8/18/2026 19:01:52,1.17.3,LeftRight,73,4.02,nan,1,RESET,Left,241,554,120,109179916,nan,nan,nan
8/18/2026 19:07:42,1.17.3,LeftRight,73,4.02,nan,1,Right,Left,241,555,120,109529759,nan,nan,0.00
8/18/2026 19:07:43,1.17.3,LeftRight,73,4.02,nan,1,Left,Left,242,555,120,109531191,nan,nan,0.00
8/18/2026 19:07:53,1.17.3,LeftRight,73,4.02,nan,1,RESET,Left,242,555,120,109540992,nan,nan,nan
8/18/2026 19:09:13,1.17.3,LeftRight,73,4.02,nan,1,Right,Left,242,556,120,109621024,nan,nan,0.01
8/18/2026 19:15:00,1.17.3,LeftRight,73,4.02,nan,1,Right,Left,242,557,120,109967279,nan,nan,0.36
8/18/2026 19:15:10,1.17.3,LeftRight,73,4.02,nan,1,Left,Left,243,557,120,109978562,nan,nan,0.00
8/18/2026 19:15:12,1.17.3,LeftRight,73,4.02,nan,1,Right,Left,243,558,120,109980376,nan,nan,0.13
8/18/2026 19:15:14,1.17.3,LeftRight,73,4.02,1,1,Pellet,Left,243,558,121,109980376,0.53,1006,nan
8/18/2026 19:15:27,1.17.3,LeftRight,73,4.02,nan,1,Right,Left,243,559,121,109995076,nan,nan,0.19
8/18/2026 19:15:40,1.17.3,LeftRight,73,4.02,nan,1,Right,Left,243,560,121,110007575,nan,nan,0.28
8/18/2026 19:24:16,1.17.3,LeftRight,73,4.02,nan,1,Right,Left,243,561,121,110524154,nan,nan,0.33
8/18/2026 19:24:22,1.17.3,LeftRight,73,4.02,nan,1,Right,Left,243,562,121,110529693,nan,nan,0.02
8/18/2026 19:24:27,1.17.3,LeftRight,73,4.02,nan,1,Right,Left,243,563,121,110534479,nan,nan,0.16
8/18/2026 19:29:19,1.17.3,LeftRight,73,4.02,nan,1,Left,Left,244,563,121,110827112,nan,nan,0.00
8/18/2026 19:29:22,1.17.3,LeftRight,73,4.02,nan,1,Right,Left,244,564,121,110830264,nan,nan,0.24
8/18/2026 19:29:24,1.17.3,LeftRight,73,4.02,1,1,Pellet,Left,244,564,122,110830264,1.01,850,nan
8/18/2026 19:29:41,1.17.3,LeftRight,73,4.02,nan,1,Left,Left,245,564,122,110849434,nan,nan,0.00
8/18/2026 19:29:43,1.17.3,LeftRight,73,4.02,nan,1,Right,Left,245,565,122,110851398,nan,nan,0.07
8/18/2026 19:29:45,1.17.3,LeftRight,73,4.02,1,1,Pellet,Left,245,565,123,110851398,0.41,21,nan
8/18/2026 19:30:03,1.17.3,LeftRight,73,4.02,nan,1,Right,Left,245,566,123,110871148,nan,nan,0.00
8/18/2026 19:30:06,1.17.3,LeftRight,73,4.02,nan,1,Right,Left,245,567,123,110873855,nan,nan,0.22
8/18/2026 19:30:09,1.17.3,LeftRight,73,4.02,nan,1,Right,Left,245,568,123,110876186,nan,nan,0.44
8/18/2026 19:30:12,1.17.3,LeftRight,73,4.02,nan,1,Left,Left,246,568,123,110879678,nan,nan,0.00
8/18/2026 19:30:13,1.17.3,LeftRight,73,4.02,nan,1,Right,Left,246,569,123,110881359,nan,nan,0.04
8/18/2026 19:30:15,1.17.3,LeftRight,73,4.02,2,1,Pellet,Left,246,569,124,110881359,0.41,30,nan
8/18/2026 19:30:29,1.17.3,LeftRight,73,4.02,nan,1,Right,Left,246,570,124,110897040,nan,nan,0.05
8/18/2026 19:30:32,1.17.3,LeftRight,73,4.02,nan,1,Left,Left,247,570,124,110900004,nan,nan,0.00
8/18/2026 19:30:34,1.17.3,LeftRight,73,4.02,nan,1,Right,Left,247,571,124,110901966,nan,nan,0.00
8/18/2026 19:30:35,1.17.3,LeftRight,73,4.02,1,1,Pellet,Left,247,571,125,110901966,0.35,20,nan
8/18/2026 20:08:42,1.17.3,LeftRight,73,4.01,nan,1,Left,Left,248,571,125,113189973,nan,nan,0.00
8/18/2026 20:08:45,1.17.3,LeftRight,73,4.01,nan,1,Right,Left,248,572,125,113193128,nan,nan,0.28
8/18/2026 20:08:46,1.17.3,LeftRight,73,4.02,1,1,Pellet,Left,248,572,126,113193128,0.29,2291,nan
8/18/2026 20:09:10,1.17.3,LeftRight,73,4.01,nan,1,Right,Left,248,573,126,113217867,nan,nan,0.35
8/18/2026 20:09:13,1.17.3,LeftRight,73,4.02,nan,1,Left,Left,249,573,126,113220853,nan,nan,0.00
8/18/2026 20:09:17,1.17.3,LeftRight,73,4.02,nan,1,Right,Left,249,574,126,113224594,nan,nan,0.22
8/18/2026 20:09:18,1.17.3,LeftRight,73,4.01,1,1,Pellet,Left,249,574,127,113224594,0.47,32,nan
8/18/2026 20:09:38,1.17.3,LeftRight,73,4.01,nan,1,Left,Left,250,574,127,113246456,nan,nan,0.00
8/18/2026 20:09:42,1.17.3,LeftRight,73,4.01,nan,1,Right,Left,250,575,127,113250492,nan,nan,0.25
8/18/2026 20:09:44,1.17.3,LeftRight,73,4.01,1,1,Pellet,Left,250,575,128,113250492,0.71,26,nan
8/18/2026 20:09:57,1.17.3,LeftRight,73,4.01,nan,1,Right,Left,250,576,128,113265159,nan,nan,0.14
8/18/2026 20:10:04,1.17.3,LeftRight,73,4.01,nan,1,Right,Left,250,577,128,113271713,nan,nan,0.50
8/18/2026 20:10:08,1.17.3,LeftRight,73,4.02,nan,1,Left,Left,251,577,128,113275990,nan,nan,0.00
8/18/2026 20:10:16,1.17.3,LeftRight,73,4.01,nan,1,Right,Left,251,578,128,113284159,nan,nan,0.26
8/18/2026 20:10:27,1.17.3,LeftRight,73,4.01,1,1,Pellet,Left,251,578,129,113284159,10.67,43,nan
8/18/2026 20:10:54,1.17.3,LeftRight,73,4.01,nan,1,Left,Left,252,578,129,113322733,nan,nan,0.00
8/18/2026 20:10:56,1.17.3,LeftRight,73,4.01,nan,1,Right,Left,252,579,129,113324402,nan,nan,0.07
8/18/2026 20:10:57,1.17.3,LeftRight,73,4.01,1,1,Pellet,Left,252,579,130,113324402,0.29,30,nan
8/18/2026 20:11:19,1.17.3,LeftRight,73,4.01,nan,1,Right,Left,252,580,130,113347428,nan,nan,0.21
8/18/2026 20:11:27,1.17.3,LeftRight,73,4.02,nan,1,Right,Left,252,581,130,113355225,nan,nan,0.00
8/18/2026 20:11:30,1.17.3,LeftRight,73,4.02,nan,1,Right,Left,252,582,130,113358517,nan,nan,0.22
8/18/2026 20:11:34,1.17.3,LeftRight,73,4.01,nan,1,Right,Left,252,583,130,113361881,nan,nan,0.23
8/18/2026 20:11:37,1.17.3,LeftRight,73,4.02,nan,1,Right,Left,252,584,130,113364965,nan,nan,0.35
8/18/2026 20:11:45,1.17.3,LeftRight,73,4.01,nan,1,Right,Left,252,585,130,113372754,nan,nan,0.08
8/18/2026 20:11:48,1.17.3,LeftRight,73,4.02,nan,1,Right,Left,252,586,130,113376281,nan,nan,0.18
8/18/2026 20:11:50,1.17.3,LeftRight,73,4.01,nan,1,Right,Left,252,587,130,113378277,nan,nan,0.33
8/18/2026 20:11:52,1.17.3,LeftRight,73,4.01,nan,1,Left,Left,253,587,130,113380719,nan,nan,0.00
8/18/2026 20:11:56,1.17.3,LeftRight,73,4.01,nan,1,Right,Left,253,588,130,113384167,nan,nan,0.15
8/18/2026 20:11:57,1.17.3,LeftRight,73,4.02,1,1,Pellet,Left,253,588,131,113384167,0.17,60,nan
8/18/2026 20:12:11,1.17.3,LeftRight,73,4.01,nan,1,Right,Left,253,589,131,113398890,nan,nan,0.16
8/18/2026 20:13:09,1.17.3,LeftRight,73,4.01,nan,1,Left,Left,254,589,131,113457693,nan,nan,0.00
8/18/2026 20:13:14,1.17.3,LeftRight,73,4.02,nan,1,Right,Left,254,590,131,113461726,nan,nan,0.15
8/18/2026 20:13:15,1.17.3,LeftRight,73,4.01,1,1,Pellet,Left,254,590,132,113461726,0.53,78,nan
8/18/2026 20:13:31,1.17.3,LeftRight,73,4.01,nan,1,Right,Left,254,591,132,113479040,nan,nan,0.27
8/18/2026 20:13:33,1.17.3,LeftRight,73,4.02,nan,1,Right,Left,254,592,132,113481126,nan,nan,0.01
8/18/2026 20:13:36,1.17.3,LeftRight,73,4.01,nan,1,Left,Left,255,592,132,113483990,nan,nan,0.00
8/18/2026 20:13:40,1.17.3,LeftRight,73,4.01,nan,1,Right,Left,255,593,132,113488175,nan,nan,0.11
8/18/2026 20:13:44,1.17.3,LeftRight,73,4.02,1,1,Pellet,Left,255,593,133,113488175,3.05,29,nan
8/18/2026 20:13:55,1.17.3,LeftRight,73,4.02,nan,1,Right,Left,255,594,133,113503666,nan,nan,0.00
8/18/2026 20:13:57,1.17.3,LeftRight,73,4.02,nan,1,Right,Left,255,595,133,113505482,nan,nan,0.19
8/18/2026 20:14:02,1.17.3,LeftRight,73,4.02,nan,1,Left,Left,256,595,133,113510075,nan,nan,0.00
8/18/2026 20:14:05,1.17.3,LeftRight,73,4.01,nan,1,Right,Left,256,596,133,113513371,nan,nan,0.11
8/18/2026 20:14:07,1.17.3,LeftRight,73,4.02,1,1,Pellet,Left,256,596,134,113513371,0.65,23,nan
8/18/2026 20:14:30,1.17.3,LeftRight,73,4.02,nan,1,Right,Left,256,597,134,113538685,nan,nan,0.00
8/18/2026 20:14:33,1.17.3,LeftRight,73,4.01,nan,1,Right,Left,256,598,134,113540649,nan,nan,0.22
8/18/2026 20:14:35,1.17.3,LeftRight,73,4.01,nan,1,Left,Left,257,598,134,113542873,nan,nan,0.00
8/18/2026 20:14:39,1.17.3,LeftRight,73,4.02,nan,1,Left,Left,258,598,134,113547048,nan,nan,0.00
8/18/2026 20:14:40,1.17.3,LeftRight,73,4.01,nan,1,Left,Left,259,598,134,113548574,nan,nan,0.00
8/18/2026 20:14:43,1.17.3,LeftRight,73,4.01,nan,1,Right,Left,259,599,134,113551130,nan,nan,0.02
8/18/2026 20:14:44,1.17.3,LeftRight,73,4.01,1,1,Pellet,Left,259,599,135,113551130,0.41,37,nan
8/18/2026 20:14:56,1.17.3,LeftRight,73,4.02,nan,1,Left,Left,260,599,135,113564237,nan,nan,0.00
8/18/2026 20:14:57,1.17.3,LeftRight,73,4.02,nan,1,Left,Left,261,599,135,113565164,nan,nan,0.00
8/18/2026 20:15:00,1.17.3,LeftRight,73,4.01,nan,1,Right,Left,261,600,135,113567876,nan,nan,0.08
8/18/2026 20:15:01,1.17.3,LeftRight,73,4.01,1,1,Pellet,Left,261,600,136,113567876,0.95,17,nan
8/18/2026 20:15:15,1.17.3,LeftRight,73,4.01,nan,1,Right,Left,261,601,136,113583143,nan,nan,0.12
8/18/2026 20:15:17,1.17.3,LeftRight,73,4.02,nan,1,Left,Left,262,601,136,113585666,nan,nan,0.00
8/18/2026 20:15:27,1.17.3,LeftRight,73,4.01,nan,1,RESET,Left,262,601,136,113595175,nan,nan,nan
8/18/2026 20:18:14,1.17.3,LeftRight,73,4.01,nan,1,Right,Left,262,602,136,113762008,nan,nan,0.08
8/18/2026 20:26:49,1.17.3,LeftRight,73,4.01,nan,1,Right,Left,262,603,136,114277458,nan,nan,0.13
8/18/2026 20:26:57,1.17.3,LeftRight,73,4.01,nan,1,Right,Left,262,604,136,114284900,nan,nan,0.22
8/18/2026 20:27:07,1.17.3,LeftRight,73,4.01,nan,1,Right,Left,262,605,136,114295087,nan,nan,0.16
8/18/2026 20:27:12,1.17.3,LeftRight,73,4.01,nan,1,Right,Left,262,606,136,114300177,nan,nan,0.03
8/18/2026 20:39:15,1.17.3,LeftRight,73,4.01,nan,1,Right,Left,262,607,136,115023474,nan,nan,0.17
8/18/2026 20:39:19,1.17.3,LeftRight,73,4.02,nan,1,Right,Left,262,608,136,115027095,nan,nan,0.36
8/18/2026 20:40:08,1.17.3,LeftRight,73,4.01,nan,1,Left,Left,263,608,136,115076114,nan,nan,0.00
8/18/2026 20:40:14,1.17.3,LeftRight,73,4.01,nan,1,Left,Left,264,608,136,115081883,nan,nan,0.00
8/18/2026 20:40:20,1.17.3,LeftRight,73,4.01,nan,1,Left,Left,265,608,136,115088586,nan,nan,0.00
8/18/2026 20:40:24,1.17.3,LeftRight,73,4.01,nan,1,Right,Left,265,609,136,115092184,nan,nan,0.21
8/18/2026 20:40:26,1.17.3,LeftRight,73,4.01,2,1,Pellet,Left,265,609,137,115092184,0.95,1525,nan
8/18/2026 20:45:19,1.17.3,LeftRight,73,4.01,nan,1,Right,Left,265,610,137,115387274,nan,nan,0.27
8/18/2026 20:45:22,1.17.3,LeftRight,73,4.01,nan,1,Left,Left,266,610,137,115390692,nan,nan,0.00
8/18/2026 20:45:32,1.17.3,LeftRight,73,4.01,nan,1,RESET,Left,266,610,137,115400350,nan,nan,nan
8/18/2026 20:51:23,1.17.3,LeftRight,73,4.01,nan,1,Left,Left,267,610,137,115751511,nan,nan,0.00
8/18/2026 20:51:33,1.17.3,LeftRight,73,4.01,nan,1,RESET,Left,267,610,137,115761306,nan,nan,nan
8/18/2026 20:56:47,1.17.3,LeftRight,73,4.00,nan,1,Left,Left,268,610,137,116074934,nan,nan,0.00
8/18/2026 20:56:52,1.17.3,LeftRight,73,4.01,nan,1,Left,Left,269,610,137,116080423,nan,nan,0.00
8/18/2026 20:57:02,1.17.3,LeftRight,73,4.00,nan,1,RESET,Left,269,610,137,116090378,nan,nan,nan
8/18/2026 21:09:02,1.17.3,LeftRight,73,4.01,nan,1,Right,Left,269,611,137,116810694,nan,nan,0.16
8/18/2026 21:16:04,1.17.3,LeftRight,73,4.01,nan,1,Right,Left,269,612,137,117232719,nan,nan,0.00
8/18/2026 21:16:09,1.17.3,LeftRight,73,4.00,nan,1,Left,Left,270,612,137,117237842,nan,nan,0.00
8/18/2026 21:16:19,1.17.3,LeftRight,73,4.00,nan,1,RESET,Left,270,612,137,117247340,nan,nan,nan
8/18/2026 21:17:36,1.17.3,LeftRight,73,4.01,nan,1,Right,Left,270,613,137,117324817,nan,nan,0.10
8/18/2026 21:17:57,1.17.3,LeftRight,73,4.01,nan,1,Right,Left,270,614,137,117345759,nan,nan,0.00
8/18/2026 21:18:01,1.17.3,LeftRight,73,4.00,nan,1,Right,Left,270,615,137,117348899,nan,nan,0.08
8/18/2026 21:19:18,1.17.3,LeftRight,73,4.00,nan,1,Right,Left,270,616,137,117426836,nan,nan,0.11
8/18/2026 21:20:39,1.17.3,LeftRight,73,4.00,nan,1,Right,Left,270,617,137,117507635,nan,nan,0.00
8/18/2026 21:20:43,1.17.3,LeftRight,73,4.00,nan,1,Right,Left,270,618,137,117511228,nan,nan,0.02
8/18/2026 21:20:52,1.17.3,LeftRight,73,4.00,nan,1,Right,Left,270,619,137,117520897,nan,nan,0.04
8/18/2026 21:21:01,1.17.3,LeftRight,73,4.01,nan,1,Right,Left,270,620,137,117528805,nan,nan,0.23
8/18/2026 21:21:03,1.17.3,LeftRight,73,4.00,nan,1,Right,Left,270,621,137,117530993,nan,nan,0.33
8/18/2026 21:21:04,1.17.3,LeftRight,73,4.00,nan,1,Right,Left,270,622,137,117532693,nan,nan,0.06
8/18/2026 21:21:07,1.17.3,LeftRight,73,4.01,nan,1,Right,Left,270,623,137,117534866,nan,nan,0.24
8/18/2026 21:21:10,1.17.3,LeftRight,73,4.00,nan,1,Right,Left,270,624,137,117538102,nan,nan,0.33
8/18/2026 21:21:12,1.17.3,LeftRight,73,4.00,nan,1,Right,Left,270,625,137,117539798,nan,nan,0.20
8/18/2026 21:21:13,1.17.3,LeftRight,73,4.00,nan,1,Right,Left,270,626,137,117541676,nan,nan,0.20
8/18/2026 21:21:15,1.17.3,LeftRight,73,4.00,nan,1,Right,Left,270,627,137,117542507,nan,nan,0.90
8/18/2026 21:21:21,1.17.3,LeftRight,73,4.00,nan,1,Right,Left,270,628,137,117549065,nan,nan,0.22
8/18/2026 21:21:24,1.17.3,LeftRight,73,4.01,nan,1,Right,Left,270,629,137,117552130,nan,nan,0.07
8/18/2026 21:21:27,1.17.3,LeftRight,73,4.00,nan,1,Left,Left,271,629,137,117555077,nan,nan,0.00
8/18/2026 21:21:29,1.17.3,LeftRight,73,4.00,nan,1,Right,Left,271,630,137,117557776,nan,nan,0.05
8/18/2026 21:21:30,1.17.3,LeftRight,73,4.00,2,1,Pellet,Left,271,630,138,117557776,0.06,2464,nan
8/18/2026 21:21:40,1.17.3,LeftRight,73,4.00,nan,1,Right,Left,271,631,138,117568513,nan,nan,0.00
8/18/2026 21:21:43,1.17.3,LeftRight,73,4.00,nan,1,Left,Left,272,631,138,117571185,nan,nan,0.00
8/18/2026 21:21:44,1.17.3,LeftRight,73,4.01,nan,1,Right,Left,272,632,138,117572852,nan,nan,0.10
8/18/2026 21:21:45,1.17.3,LeftRight,73,4.01,1,1,Pellet,Left,272,632,139,117572852,0.47,15,nan
8/18/2026 21:21:57,1.17.3,LeftRight,73,4.01,nan,1,Right,Left,272,633,139,117585464,nan,nan,0.07
8/18/2026 21:22:00,1.17.3,LeftRight,73,4.00,nan,1,Right,Left,272,634,139,117587938,nan,nan,0.22
8/18/2026 21:22:02,1.17.3,LeftRight,73,4.00,nan,1,Right,Left,272,635,139,117590569,nan,nan,0.19
8/18/2026 21:22:04,1.17.3,LeftRight,73,4.00,nan,1,Left,Left,273,635,139,117592904,nan,nan,0.00
8/18/2026 21:22:08,1.17.3,LeftRight,73,4.00,nan,1,Right,Left,273,636,139,117596348,nan,nan,0.05
8/18/2026 21:22:09,1.17.3,LeftRight,73,4.00,1,1,Pellet,Left,273,636,140,117596348,0.59,24,nan
8/18/2026 21:22:24,1.17.3,LeftRight,73,4.00,nan,1,Left,Left,274,636,140,117612176,nan,nan,0.00
8/18/2026 21:22:26,1.17.3,LeftRight,73,4.00,nan,1,Right,Left,274,637,140,117614338,nan,nan,0.00
8/18/2026 21:22:27,1.17.3,LeftRight,73,4.01,1,1,Pellet,Left,274,637,141,117614338,0.41,18,nan
8/18/2026 21:23:36,1.17.3,LeftRight,73,4.01,nan,1,Right,Left,274,638,141,117684855,nan,nan,0.00
8/18/2026 21:28:36,1.17.3,LeftRight,73,4.01,nan,1,Right,Left,274,639,141,117984372,nan,nan,0.15
8/18/2026 21:28:53,1.17.3,LeftRight,73,4.00,nan,1,Left,Left,275,639,141,118001886,nan,nan,0.00
8/18/2026 21:29:03,1.17.3,LeftRight,73,4.00,nan,1,RESET,Left,275,639,141,118011393,nan,nan,nan
8/18/2026 21:39:37,1.17.3,LeftRight,73,4.01,nan,1,Right,Left,275,640,141,118644757,nan,nan,0.32
8/18/2026 21:52:03,1.17.3,LeftRight,73,4.00,nan,1,Right,Left,275,641,141,119391539,nan,nan,0.14
8/18/2026 21:52:31,1.17.3,LeftRight,73,4.00,nan,1,Left,Left,276,641,141,119419953,nan,nan,0.00
8/18/2026 21:52:33,1.17.3,LeftRight,73,4.00,nan,1,Right,Left,276,642,141,119421471,nan,nan,0.20
8/18/2026 21:52:35,1.17.3,LeftRight,73,4.00,1,1,Pellet,Left,276,642,142,119421471,0.65,1807,nan
8/18/2026 21:52:51,1.17.3,LeftRight,73,4.00,nan,1,Left,Left,277,642,142,119439800,nan,nan,0.00
8/18/2026 21:52:54,1.17.3,LeftRight,73,4.00,nan,1,Right,Left,277,643,142,119442059,nan,nan,0.08
8/18/2026 21:52:55,1.17.3,LeftRight,73,4.01,1,1,Pellet,Left,277,643,143,119442059,0.35,21,nan
8/18/2026 21:54:00,1.17.3,LeftRight,73,4.00,nan,1,Right,Left,277,644,143,119506782,nan,nan,1.85
8/18/2026 21:54:03,1.17.3,LeftRight,73,4.00,nan,1,Right,Left,277,645,143,119511186,nan,nan,0.23
8/18/2026 21:54:05,1.17.3,LeftRight,73,4.00,nan,1,Right,Left,277,646,143,119513682,nan,nan,0.27
8/18/2026 21:54:15,1.17.3,LeftRight,73,4.01,nan,1,Right,Left,277,647,143,119523007,nan,nan,0.11
8/18/2026 21:54:17,1.17.3,LeftRight,73,4.00,nan,1,Right,Left,277,648,143,119525076,nan,nan,0.26
8/18/2026 21:54:19,1.17.3,LeftRight,73,4.00,nan,1,Right,Left,277,649,143,119527598,nan,nan,0.06
8/18/2026 21:54:21,1.17.3,LeftRight,73,4.00,nan,1,Right,Left,277,650,143,119529327,nan,nan,0.30
8/18/2026 21:54:23,1.17.3,LeftRight,73,4.00,nan,1,Right,Left,277,651,143,119531149,nan,nan,0.15
8/18/2026 21:54:24,1.17.3,LeftRight,73,4.00,nan,1,Right,Left,277,652,143,119532229,nan,nan,0.19
8/18/2026 21:54:26,1.17.3,LeftRight,73,4.00,nan,1,Left,Left,278,652,143,119534956,nan,nan,0.00
8/18/2026 21:54:28,1.17.3,LeftRight,73,4.00,nan,1,Right,Left,278,653,143,119536633,nan,nan,0.05
8/18/2026 21:54:29,1.17.3,LeftRight,73,4.00,2,1,Pellet,Left,278,653,144,119536633,0.06,94,nan
8/18/2026 22:07:11,1.17.3,LeftRight,73,4.00,nan,1,Right,Left,278,654,144,120299400,nan,nan,0.00
8/18/2026 22:07:18,1.17.3,LeftRight,73,4.00,nan,1,Right,Left,278,655,144,120306261,nan,nan,0.10
8/18/2026 22:07:21,1.17.3,LeftRight,73,4.00,nan,1,Left,Left,279,655,144,120309473,nan,nan,0.00
8/18/2026 22:07:30,1.17.3,LeftRight,73,4.00,nan,1,RESET,Left,279,655,144,120318536,nan,nan,nan
8/18/2026 22:08:01,1.17.3,LeftRight,73,4.00,nan,1,Right,Left,279,656,144,120348987,nan,nan,0.16
8/18/2026 22:09:02,1.17.3,LeftRight,73,4.00,nan,1,Right,Left,279,657,144,120410765,nan,nan,0.14
8/18/2026 22:09:48,1.17.3,LeftRight,73,4.00,nan,1,Right,Left,279,658,144,120456359,nan,nan,0.15
8/18/2026 22:09:51,1.17.3,LeftRight,73,4.00,nan,1,Left,Left,280,658,144,120459368,nan,nan,0.00
8/18/2026 22:09:53,1.17.3,LeftRight,73,4.00,nan,1,Right,Left,280,659,144,120461483,nan,nan,0.01
8/18/2026 22:09:54,1.17.3,LeftRight,73,4.00,1,1,Pellet,Left,280,659,145,120461483,0.77,925,nan
8/18/2026 22:10:11,1.17.3,LeftRight,73,4.00,nan,1,Right,Left,280,660,145,120479780,nan,nan,0.08
8/18/2026 22:10:14,1.17.3,LeftRight,73,4.00,nan,1,Left,Left,281,660,145,120483080,nan,nan,0.00
8/18/2026 22:10:18,1.17.3,LeftRight,73,4.00,nan,1,Right,Left,281,661,145,120486376,nan,nan,0.10
8/18/2026 22:10:19,1.17.3,LeftRight,73,4.00,1,1,Pellet,Left,281,661,146,120486376,0.29,25,nan
8/18/2026 22:10:47,1.17.3,LeftRight,73,4.00,nan,1,Left,Left,282,661,146,120515198,nan,nan,0.00
8/18/2026 22:10:50,1.17.3,LeftRight,73,4.00,nan,1,Right,Left,282,662,146,120518346,nan,nan,0.03
8/18/2026 22:10:51,1.17.3,LeftRight,73,4.00,1,1,Pellet,Left,282,662,147,120518346,0.29,32,nan
8/18/2026 22:11:03,1.17.3,LeftRight,73,4.00,nan,1,Right,Left,282,663,147,120532058,nan,nan,0.04
8/18/2026 22:11:06,1.17.3,LeftRight,73,4.00,nan,1,Left,Left,283,663,147,120535012,nan,nan,0.00
8/18/2026 22:11:09,1.17.3,LeftRight,73,4.00,nan,1,Right,Left,283,664,147,120537715,nan,nan,0.00
8/18/2026 22:11:10,1.17.3,LeftRight,73,4.00,2,1,Pellet,Left,283,664,148,120537715,0.06,19,nan
8/18/2026 22:11:30,1.17.3,LeftRight,73,4.00,nan,1,Right,Left,283,665,148,120558559,nan,nan,0.19
8/18/2026 22:11:33,1.17.3,LeftRight,73,4.00,nan,1,Right,Left,283,666,148,120561756,nan,nan,0.27
8/18/2026 22:11:40,1.17.3,LeftRight,73,4.00,nan,1,Right,Left,283,667,148,120568426,nan,nan,0.03
8/18/2026 22:14:59,1.17.3,LeftRight,73,4.00,nan,1,Left,Left,284,667,148,120767408,nan,nan,0.00
8/18/2026 22:15:05,1.17.3,LeftRight,73,4.00,nan,1,Right,Left,284,668,148,120773368,nan,nan,0.28
8/18/2026 22:15:07,1.17.3,LeftRight,73,4.00,1,1,Pellet,Left,284,668,149,120773368,0.89,237,nan
8/18/2026 22:15:17,1.17.3,LeftRight,73,4.00,nan,1,Right,Left,284,669,149,120784982,nan,nan,0.20
8/18/2026 22:15:19,1.17.3,LeftRight,73,4.01,nan,1,Right,Left,284,670,149,120788036,nan,nan,0.03
8/18/2026 22:15:22,1.17.3,LeftRight,73,4.00,nan,1,Right,Left,284,671,149,120790469,nan,nan,0.14
8/18/2026 22:15:23,1.17.3,LeftRight,73,4.00,nan,1,Right,Left,284,672,149,120791089,nan,nan,0.30
8/18/2026 22:15:25,1.17.3,LeftRight,73,4.00,nan,1,Right,Left,284,673,149,120793208,nan,nan,0.09
8/18/2026 22:15:26,1.17.3,LeftRight,73,4.00,nan,1,Right,Left,284,674,149,120794074,nan,nan,0.57
8/18/2026 22:15:28,1.17.3,LeftRight,73,4.00,nan,1,Right,Left,284,675,149,120796315,nan,nan,0.28
8/18/2026 22:15:31,1.17.3,LeftRight,73,4.00,nan,1,Left,Left,285,675,149,120799274,nan,nan,0.00
8/18/2026 22:15:33,1.17.3,LeftRight,73,4.00,nan,1,Left,Left,286,675,149,120801202,nan,nan,0.00
8/18/2026 22:15:38,1.17.3,LeftRight,73,4.00,nan,1,Right,Left,286,676,149,120806718,nan,nan,0.17
8/18/2026 22:15:39,1.17.3,LeftRight,73,4.00,1,1,Pellet,Left,286,676,150,120806718,0.35,32,nan
8/18/2026 22:15:52,1.17.3,LeftRight,73,4.00,nan,1,Right,Left,286,677,150,120820499,nan,nan,0.09
8/18/2026 22:15:53,1.17.3,LeftRight,73,4.00,nan,1,Right,Left,286,678,150,120821814,nan,nan,0.28
8/18/2026 22:15:55,1.17.3,LeftRight,73,4.00,nan,1,Right,Left,286,679,150,120822880,nan,nan,0.30
8/18/2026 22:15:56,1.17.3,LeftRight,73,4.00,nan,1,Right,Left,286,680,150,120824406,nan,nan,0.18
8/18/2026 22:15:57,1.17.3,LeftRight,73,4.00,nan,1,Right,Left,286,681,150,120825219,nan,nan,0.15
8/18/2026 22:16:00,1.17.3,LeftRight,73,4.00,nan,1,Left,Left,287,681,150,120828233,nan,nan,0.00
8/18/2026 22:16:09,1.17.3,LeftRight,73,4.00,nan,1,RESET,Left,287,681,150,120837594,nan,nan,nan
8/18/2026 22:25:48,1.17.3,LeftRight,73,4.00,nan,1,Left,Left,288,681,150,121416869,nan,nan,0.00
8/18/2026 22:25:53,1.17.3,LeftRight,73,4.00,nan,1,Left,Left,289,681,150,121421951,nan,nan,0.00
8/18/2026 22:26:02,1.17.3,LeftRight,73,4.00,nan,1,RESET,Left,289,681,150,121430582,nan,nan,nan
8/18/2026 22:26:04,1.17.3,LeftRight,73,4.00,nan,1,Right,Left,289,682,150,121432349,nan,nan,0.12
8/18/2026 22:26:05,1.17.3,LeftRight,73,4.00,nan,1,Right,Left,289,683,150,121433247,nan,nan,0.22
8/18/2026 22:26:20,1.17.3,LeftRight,73,4.00,nan,1,Right,Left,289,684,150,121448628,nan,nan,0.12
8/18/2026 22:26:23,1.17.3,LeftRight,73,4.00,nan,1,Right,Left,289,685,150,121451460,nan,nan,0.05
8/18/2026 22:26:25,1.17.3,LeftRight,73,4.00,nan,1,Right,Left,289,686,150,121453029,nan,nan,0.25
8/18/2026 22:26:29,1.17.3,LeftRight,73,4.00,nan,1,Right,Left,289,687,150,121457175,nan,nan,0.28
8/18/2026 22:26:32,1.17.3,LeftRight,73,4.00,nan,1,Right,Left,289,688,150,121460628,nan,nan,0.34
8/18/2026 22:26:35,1.17.3,LeftRight,73,4.00,nan,1,Right,Left,289,689,150,121462936,nan,nan,0.27
8/18/2026 22:26:36,1.17.3,LeftRight,73,4.00,nan,1,Right,Left,289,690,150,121464433,nan,nan,0.61
8/18/2026 22:26:38,1.17.3,LeftRight,73,4.00,nan,1,Right,Left,289,691,150,121466719,nan,nan,0.19
8/18/2026 22:26:44,1.17.3,LeftRight,73,4.00,nan,1,Left,Left,290,691,150,121472865,nan,nan,0.00
8/18/2026 22:26:48,1.17.3,LeftRight,73,4.00,nan,1,Right,Left,290,692,150,121476910,nan,nan,0.03
8/18/2026 22:26:49,1.17.3,LeftRight,73,4.00,1,1,Pellet,Left,290,692,151,121476910,0.41,670,nan
8/18/2026 22:27:00,1.17.3,LeftRight,73,4.00,nan,1,Right,Left,290,693,151,121488516,nan,nan,0.00
8/18/2026 22:27:06,1.17.3,LeftRight,73,4.00,nan,1,Right,Left,290,694,151,121494623,nan,nan,0.00
8/18/2026 22:27:08,1.17.3,LeftRight,73,4.00,nan,1,Right,Left,290,695,151,121495848,nan,nan,0.32
8/18/2026 22:27:13,1.17.3,LeftRight,73,4.00,nan,1,Right,Left,290,696,151,121501095,nan,nan,0.17
8/18/2026 22:27:14,1.17.3,LeftRight,73,4.00,nan,1,Right,Left,290,697,151,121503084,nan,nan,0.00
8/18/2026 22:27:17,1.17.3,LeftRight,73,4.00,nan,1,Left,Left,291,697,151,121505839,nan,nan,0.00
8/18/2026 22:27:21,1.17.3,LeftRight,73,4.00,nan,1,Right,Left,291,698,151,121509574,nan,nan,0.38
8/18/2026 22:27:23,1.17.3,LeftRight,73,4.00,1,1,Pellet,Left,291,698,152,121509574,0.65,34,nan
8/18/2026 22:33:18,1.17.3,LeftRight,73,4.00,nan,1,Right,Left,291,699,152,121865332,nan,nan,1.38
8/18/2026 22:33:19,1.17.3,LeftRight,73,4.00,nan,1,Right,Left,291,700,152,121867941,nan,nan,0.05
8/18/2026 22:33:22,1.17.3,LeftRight,73,4.00,nan,1,Right,Left,291,701,152,121870400,nan,nan,0.05
8/18/2026 22:33:24,1.17.3,LeftRight,73,4.00,nan,1,Right,Left,291,702,152,121873000,nan,nan,0.13
8/18/2026 22:33:28,1.17.3,LeftRight,73,4.00,nan,1,Left,Left,292,702,152,121876788,nan,nan,0.00
8/18/2026 22:33:31,1.17.3,LeftRight,73,4.00,nan,1,Right,Left,292,703,152,121879346,nan,nan,0.05
8/18/2026 22:33:32,1.17.3,LeftRight,73,4.00,1,1,Pellet,Left,292,703,153,121879346,0.35,369,nan
8/18/2026 22:33:55,1.17.3,LeftRight,73,4.00,nan,1,Left,Left,293,703,153,121903231,nan,nan,0.00
8/18/2026 22:33:58,1.17.3,LeftRight,73,4.00,nan,1,Right,Left,293,704,153,121906972,nan,nan,0.14
8/18/2026 22:34:00,1.17.3,LeftRight,73,4.00,1,1,Pellet,Left,293,704,154,121906972,0.59,28,nan
8/18/2026 22:34:18,1.17.3,LeftRight,73,4.00,nan,1,Right,Left,293,705,154,121926224,nan,nan,0.23
8/18/2026 22:34:19,1.17.3,LeftRight,73,4.00,nan,1,Right,Left,293,706,154,121927838,nan,nan,0.26
8/18/2026 22:34:21,1.17.3,LeftRight,73,4.00,nan,1,Right,Left,293,707,154,121929911,nan,nan,0.17
8/18/2026 22:34:24,1.17.3,LeftRight,73,4.00,nan,1,Right,Left,293,708,154,121933094,nan,nan,0.00
8/18/2026 22:34:27,1.17.3,LeftRight,73,4.00,nan,1,Right,Left,293,709,154,121934615,nan,nan,0.57
8/18/2026 22:34:29,1.17.3,LeftRight,73,4.00,nan,1,Right,Left,293,710,154,121937154,nan,nan,0.24
8/18/2026 22:34:45,1.17.3,LeftRight,73,4.00,nan,1,Right,Left,293,711,154,121953699,nan,nan,0.11
8/18/2026 22:34:47,1.17.3,LeftRight,73,4.00,nan,1,Right,Left,293,712,154,121955922,nan,nan,0.17
8/18/2026 22:34:54,1.17.3,LeftRight,73,4.00,nan,1,Right,Left,293,713,154,121962635,nan,nan,0.17
8/18/2026 22:34:56,1.17.3,LeftRight,73,4.00,nan,1,Right,Left,293,714,154,121964916,nan,nan,0.17
8/18/2026 22:35:02,1.17.3,LeftRight,73,4.00,nan,1,Right,Left,293,715,154,121970000,nan,nan,0.68
8/18/2026 22:35:06,1.17.3,LeftRight,73,4.00,nan,1,Left,Left,294,715,154,121974672,nan,nan,0.00
8/18/2026 22:35:11,1.17.3,LeftRight,73,4.00,nan,1,Right,Left,294,716,154,121979006,nan,nan,0.22
8/18/2026 22:35:15,1.17.3,LeftRight,73,4.00,2,1,Pellet,Left,294,716,155,121979006,1.43,75,nan
8/18/2026 22:35:38,1.17.3,LeftRight,73,4.00,nan,1,Right,Left,294,717,155,122006799,nan,nan,0.33
8/18/2026 22:36:02,1.17.3,LeftRight,73,4.00,nan,1,Right,Left,294,718,155,122030823,nan,nan,0.06
8/18/2026 22:36:12,1.17.3,LeftRight,73,4.00,nan,1,Right,Left,294,719,155,122040684,nan,nan,0.00
8/18/2026 22:36:17,1.17.3,LeftRight,73,4.00,nan,1,Right,Left,294,720,155,122046056,nan,nan,0.04
8/18/2026 22:36:19,1.17.3,LeftRight,73,4.00,nan,1,Right,Left,294,721,155,122047764,nan,nan,0.27
8/18/2026 22:36:28,1.17.3,LeftRight,73,4.00,nan,1,Left,Left,295,721,155,122056738,nan,nan,0.00
8/18/2026 22:36:37,1.17.3,LeftRight,73,4.00,nan,1,RESET,Left,295,721,155,122065655,nan,nan,nan
8/18/2026 22:36:37,1.17.3,LeftRight,73,4.00,nan,1,Left,Left,296,721,155,122065892,nan,nan,0.00
8/18/2026 22:36:41,1.17.3,LeftRight,73,4.00,nan,1,Right,Left,296,722,155,122069491,nan,nan,0.04
8/18/2026 22:36:42,1.17.3,LeftRight,73,4.00,1,1,Pellet,Left,296,722,156,122069491,0.47,87,nan
8/18/2026 22:37:17,1.17.3,LeftRight,73,4.00,nan,1,Right,Left,296,723,156,122105294,nan,nan,0.35
8/18/2026 22:37:19,1.17.3,LeftRight,73,4.00,nan,1,Left,Left,297,723,156,122107971,nan,nan,0.00
8/18/2026 22:37:22,1.17.3,LeftRight,73,4.00,nan,1,Right,Left,297,724,156,122110823,nan,nan,0.00
8/18/2026 22:37:23,1.17.3,LeftRight,73,4.00,2,1,Pellet,Left,297,724,157,122110823,0.06,41,nan
8/18/2026 22:37:40,1.17.3,LeftRight,73,4.00,nan,1,Right,Left,297,725,157,122128301,nan,nan,0.15
8/18/2026 22:39:20,1.17.3,LeftRight,73,4.00,nan,1,Right,Left,297,726,157,122228624,nan,nan,0.14
8/18/2026 22:39:26,1.17.3,LeftRight,73,4.00,nan,1,Left,Left,298,726,157,122234456,nan,nan,0.00
8/18/2026 22:39:31,1.17.3,LeftRight,73,4.00,nan,1,Right,Left,298,727,157,122239689,nan,nan,0.23
8/18/2026 22:39:32,1.17.3,LeftRight,73,4.00,1,1,Pellet,Left,298,727,158,122239689,0.53,129,nan
8/18/2026 22:39:49,1.17.3,LeftRight,73,4.00,nan,1,Right,Left,298,728,158,122257493,nan,nan,0.06
8/18/2026 22:39:53,1.17.3,LeftRight,73,4.00,nan,1,Left,Left,299,728,158,122261610,nan,nan,0.00
8/18/2026 22:39:55,1.17.3,LeftRight,73,4.00,nan,1,Left,Left,300,728,158,122263253,nan,nan,0.00
8/18/2026 22:39:57,1.17.3,LeftRight,73,4.00,nan,1,Right,Left,300,729,158,122265368,nan,nan,0.09
8/18/2026 22:39:58,1.17.3,LeftRight,73,4.00,1,1,Pellet,Left,300,729,159,122265368,0.23,26,nan
8/18/2026 22:40:15,1.17.3,LeftRight,73,4.00,nan,1,Right,Left,300,730,159,122283150,nan,nan,0.34
8/18/2026 22:40:19,1.17.3,LeftRight,73,4.00,nan,1,Left,Left,301,730,159,122287805,nan,nan,0.00
8/18/2026 22:40:21,1.17.3,LeftRight,73,4.00,nan,1,Left,Left,302,730,159,122289507,nan,nan,0.00
8/18/2026 22:40:23,1.17.3,LeftRight,73,4.00,nan,1,Right,Left,302,731,159,122291177,nan,nan,0.04
8/18/2026 22:40:24,1.17.3,LeftRight,73,4.00,2,1,Pellet,Left,302,731,160,122291177,0.06,26,nan
8/18/2026 22:40:37,1.17.3,LeftRight,73,4.00,nan,1,Right,Left,302,732,160,122305366,nan,nan,0.23
8/18/2026 22:40:43,1.17.3,LeftRight,73,4.00,nan,1,Right,Left,302,733,160,122311268,nan,nan,0.27
8/18/2026 22:40:45,1.17.3,LeftRight,73,4.00,nan,1,Right,Left,302,734,160,122313516,nan,nan,0.23
8/18/2026 22:40:46,1.17.3,LeftRight,73,4.00,nan,1,Right,Left,302,735,160,122314828,nan,nan,0.24
8/18/2026 22:40:48,1.17.3,LeftRight,73,4.00,nan,1,Right,Left,302,736,160,122315994,nan,nan,0.42
8/18/2026 22:40:49,1.17.3,LeftRight,73,4.00,nan,1,Right,Left,302,737,160,122317344,nan,nan,0.00
8/18/2026 22:40:51,1.17.3,LeftRight,73,4.00,nan,1,Right,Left,302,738,160,122319315,nan,nan,0.13
8/18/2026 22:40:53,1.17.3,LeftRight,73,4.00,nan,1,Left,Left,303,738,160,122321770,nan,nan,0.00
8/18/2026 22:40:57,1.17.3,LeftRight,73,4.00,nan,1,Right,Left,303,739,160,122325956,nan,nan,0.02
8/18/2026 22:40:59,1.17.3,LeftRight,73,4.00,1,1,Pellet,Left,303,739,161,122325956,0.89,35,nan
8/18/2026 22:41:16,1.17.3,LeftRight,73,4.00,nan,1,Right,Left,303,740,161,122344871,nan,nan,0.08
8/18/2026 22:41:18,1.17.3,LeftRight,73,4.00,nan,1,Right,Left,303,741,161,122347063,nan,nan,0.13
8/18/2026 22:41:25,1.17.3,LeftRight,73,4.00,nan,1,Right,Left,303,742,161,122354023,nan,nan,0.07
8/18/2026 22:41:28,1.17.3,LeftRight,73,4.00,nan,1,Right,Left,303,743,161,122356203,nan,nan,0.20
8/18/2026 22:41:30,1.17.3,LeftRight,73,4.00,nan,1,Right,Left,303,744,161,122358511,nan,nan,0.11
8/18/2026 22:41:31,1.17.3,LeftRight,73,4.00,nan,1,Right,Left,303,745,161,122359693,nan,nan,0.25
8/18/2026 22:41:32,1.17.3,LeftRight,73,4.00,nan,1,Right,Left,303,746,161,122360424,nan,nan,0.24
8/18/2026 22:41:33,1.17.3,LeftRight,73,4.00,nan,1,Right,Left,303,747,161,122361151,nan,nan,0.19
8/18/2026 22:41:35,1.17.3,LeftRight,73,4.00,nan,1,Right,Left,303,748,161,122363302,nan,nan,0.34
8/18/2026 22:41:36,1.17.3,LeftRight,73,4.00,nan,1,Right,Left,303,749,161,122364274,nan,nan,0.46
8/18/2026 22:41:38,1.17.3,LeftRight,73,4.00,nan,1,Right,Left,303,750,161,122366110,nan,nan,0.12
8/18/2026 22:41:40,1.17.3,LeftRight,73,4.00,nan,1,Left,Left,304,750,161,122368259,nan,nan,0.00
8/18/2026 22:41:43,1.17.3,LeftRight,73,4.00,nan,1,Right,Left,304,751,161,122371113,nan,nan,0.12
8/18/2026 22:41:44,1.17.3,LeftRight,73,4.00,1,1,Pellet,Left,304,751,162,122371113,0.35,45,nan
8/18/2026 22:41:58,1.17.3,LeftRight,73,4.00,nan,1,Right,Left,304,752,162,122386287,nan,nan,0.06
8/18/2026 22:46:21,1.17.3,LeftRight,73,4.00,nan,1,Right,Left,304,753,162,122649867,nan,nan,0.08
8/18/2026 22:46:26,1.17.3,LeftRight,73,4.00,nan,1,Left,Left,305,753,162,122654425,nan,nan,0.00
8/18/2026 22:46:30,1.17.3,LeftRight,73,4.00,nan,1,Right,Left,305,754,162,122658321,nan,nan,0.00
8/18/2026 22:46:31,1.17.3,LeftRight,73,4.00,1,1,Pellet,Left,305,754,163,122658321,0.53,287,nan
8/18/2026 22:46:47,1.17.3,LeftRight,73,4.00,nan,1,Left,Left,306,754,163,122675955,nan,nan,0.00
8/18/2026 22:46:55,1.17.3,LeftRight,73,4.00,nan,1,RESET,Left,306,754,163,122683693,nan,nan,nan
8/18/2026 22:46:57,1.17.3,LeftRight,73,4.00,nan,1,Right,Left,306,755,163,122685896,nan,nan,0.09
8/18/2026 22:46:59,1.17.3,LeftRight,73,4.00,nan,1,Right,Left,306,756,163,122687963,nan,nan,0.22
8/18/2026 22:47:02,1.17.3,LeftRight,73,4.00,nan,1,Right,Left,306,757,163,122691037,nan,nan,0.17
8/18/2026 22:47:05,1.17.3,LeftRight,73,4.00,nan,1,Left,Left,307,757,163,122693274,nan,nan,0.00
8/18/2026 22:47:09,1.17.3,LeftRight,73,4.00,nan,1,Right,Left,307,758,163,122697306,nan,nan,0.06
8/18/2026 22:47:10,1.17.3,LeftRight,73,3.99,1,1,Pellet,Left,307,758,164,122697306,0.95,39,nan
8/18/2026 22:47:23,1.17.3,LeftRight,73,4.00,nan,1,Right,Left,307,759,164,122711630,nan,nan,0.07
8/18/2026 22:47:26,1.17.3,LeftRight,73,4.00,nan,1,Left,Left,308,759,164,122714558,nan,nan,0.00
8/18/2026 22:47:30,1.17.3,LeftRight,73,4.00,nan,1,Left,Left,309,759,164,122718779,nan,nan,0.00
8/18/2026 22:47:33,1.17.3,LeftRight,73,4.00,nan,1,Right,Left,309,760,164,122721482,nan,nan,0.00
8/18/2026 22:47:34,1.17.3,LeftRight,73,4.00,1,1,Pellet,Left,309,760,165,122721482,0.83,24,nan
8/18/2026 22:47:53,1.17.3,LeftRight,73,4.00,nan,1,Right,Left,309,761,165,122741284,nan,nan,0.08
8/18/2026 22:47:55,1.17.3,LeftRight,73,4.00,nan,1,Right,Left,309,762,165,122743186,nan,nan,0.32
8/18/2026 22:47:57,1.17.3,LeftRight,73,4.00,nan,1,Right,Left,309,763,165,122745327,nan,nan,0.30
8/18/2026 22:48:00,1.17.3,LeftRight,73,4.00,nan,1,Left,Left,310,763,165,122748723,nan,nan,0.00
8/18/2026 22:48:05,1.17.3,LeftRight,73,4.00,nan,1,Right,Left,310,764,165,122753943,nan,nan,0.04
8/18/2026 22:48:09,1.17.3,LeftRight,73,4.00,2,1,Pellet,Left,310,764,166,122753943,0.83,35,nan
8/18/2026 22:48:37,1.17.3,LeftRight,73,4.00,nan,1,Right,Left,310,765,166,122785577,nan,nan,0.19
8/18/2026 22:48:39,1.17.3,LeftRight,73,4.00,nan,1,Right,Left,310,766,166,122786840,nan,nan,0.64
8/18/2026 22:48:43,1.17.3,LeftRight,73,4.00,nan,1,Right,Left,310,767,166,122792110,nan,nan,0.00
8/18/2026 22:48:45,1.17.3,LeftRight,73,4.00,nan,1,Right,Left,310,768,166,122793483,nan,nan,0.07
8/18/2026 22:48:47,1.17.3,LeftRight,73,4.00,nan,1,Right,Left,310,769,166,122794927,nan,nan,0.54
8/18/2026 22:48:48,1.17.3,LeftRight,73,4.00,nan,1,Right,Left,310,770,166,122796397,nan,nan,0.29
8/18/2026 22:48:50,1.17.3,LeftRight,73,4.00,nan,1,Right,Left,310,771,166,122798357,nan,nan,0.36
8/18/2026 22:48:51,1.17.3,LeftRight,73,4.00,nan,1,Right,Left,310,772,166,122799789,nan,nan,0.36
8/18/2026 22:48:53,1.17.3,LeftRight,73,4.00,nan,1,Right,Left,310,773,166,122801229,nan,nan,0.15
8/18/2026 22:48:57,1.17.3,LeftRight,73,4.00,nan,1,Left,Left,311,773,166,122805407,nan,nan,0.00
8/18/2026 22:48:59,1.17.3,LeftRight,73,4.00,nan,1,Left,Left,312,773,166,122807331,nan,nan,0.00
8/18/2026 22:49:00,1.17.3,LeftRight,73,4.00,nan,1,Right,Left,312,774,166,122808562,nan,nan,0.00
8/18/2026 22:49:01,1.17.3,LeftRight,73,4.00,1,1,Pellet,Left,312,774,167,122808562,0.53,52,nan
8/18/2026 22:49:13,1.17.3,LeftRight,73,4.00,nan,1,Right,Left,312,775,167,122822054,nan,nan,0.14
8/18/2026 22:49:15,1.17.3,LeftRight,73,4.00,nan,1,Right,Left,312,776,167,122823570,nan,nan,0.21
8/18/2026 23:01:37,1.17.3,LeftRight,73,4.00,nan,1,Right,Left,312,777,167,123565502,nan,nan,0.13
8/18/2026 23:02:00,1.17.3,LeftRight,73,3.99,nan,1,Right,Left,312,778,167,123587971,nan,nan,0.44
8/18/2026 23:11:20,1.17.3,LeftRight,73,4.00,nan,1,Left,Left,313,778,167,124148339,nan,nan,0.00
8/18/2026 23:11:27,1.17.3,LeftRight,73,4.00,nan,1,RESET,Left,313,778,167,124155761,nan,nan,nan
8/18/2026 23:11:31,1.17.3,LeftRight,73,4.00,nan,1,Right,Left,313,779,167,124159139,nan,nan,0.20
8/18/2026 23:11:33,1.17.3,LeftRight,73,4.00,nan,1,Right,Left,313,780,167,124161300,nan,nan,0.11
8/18/2026 23:11:35,1.17.3,LeftRight,73,3.99,nan,1,Right,Left,313,781,167,124163670,nan,nan,0.20
8/18/2026 23:11:38,1.17.3,LeftRight,73,4.00,nan,1,Left,Left,314,781,167,124166697,nan,nan,0.00
8/18/2026 23:11:45,1.17.3,LeftRight,73,3.99,nan,1,RESET,Left,314,781,167,124173671,nan,nan,nan
8/18/2026 23:11:48,1.17.3,LeftRight,73,4.00,nan,1,Right,Left,314,782,167,124176752,nan,nan,0.11
8/18/2026 23:11:51,1.17.3,LeftRight,73,3.99,nan,1,Left,Left,315,782,167,124179518,nan,nan,0.00
8/18/2026 23:11:53,1.17.3,LeftRight,73,4.00,nan,1,Right,Left,315,783,167,124181480,nan,nan,0.05
8/18/2026 23:11:54,1.17.3,LeftRight,73,4.00,2,1,Pellet,Left,315,783,168,124181480,0.59,1373,nan
8/18/2026 23:12:20,1.17.3,LeftRight,73,3.99,nan,1,Left,Left,316,783,168,124208735,nan,nan,0.00
8/18/2026 23:12:22,1.17.3,LeftRight,73,3.99,nan,1,Right,Left,316,784,168,124210552,nan,nan,0.00
8/18/2026 23:12:23,1.17.3,LeftRight,73,4.00,1,1,Pellet,Left,316,784,169,124210552,0.77,29,nan
8/18/2026 23:12:39,1.17.3,LeftRight,73,4.00,nan,1,Right,Left,316,785,169,124227710,nan,nan,0.15
8/18/2026 23:12:43,1.17.3,LeftRight,73,4.00,nan,1,Left,Left,317,785,169,124231808,nan,nan,0.00
8/18/2026 23:12:45,1.17.3,LeftRight,73,4.00,nan,1,Right,Left,317,786,169,124233919,nan,nan,0.07
8/18/2026 23:12:46,1.17.3,LeftRight,73,4.00,1,1,Pellet,Left,317,786,170,124233919,0.47,23,nan
8/18/2026 23:13:04,1.17.3,LeftRight,73,3.99,nan,1,Right,Left,317,787,170,124252424,nan,nan,0.14
8/18/2026 23:13:06,1.17.3,LeftRight,73,3.99,nan,1,Right,Left,317,788,170,124254375,nan,nan,0.51
8/18/2026 23:13:09,1.17.3,LeftRight,73,4.00,nan,1,Right,Left,317,789,170,124257293,nan,nan,0.08
8/18/2026 23:13:20,1.17.3,LeftRight,73,4.00,nan,1,Left,Left,318,789,170,124269264,nan,nan,0.00
8/18/2026 23:13:24,1.17.3,LeftRight,73,4.00,nan,1,Right,Left,318,790,170,124272853,nan,nan,0.00
8/18/2026 23:13:25,1.17.3,LeftRight,73,4.00,2,1,Pellet,Left,318,790,171,124272853,0.06,39,nan
8/18/2026 23:13:43,1.17.3,LeftRight,73,3.99,nan,1,Left,Left,319,790,171,124291642,nan,nan,0.00
8/18/2026 23:13:47,1.17.3,LeftRight,73,3.99,nan,1,Right,Left,319,791,171,124295374,nan,nan,0.10
8/18/2026 23:13:50,1.17.3,LeftRight,73,4.00,3,1,Pellet,Left,319,791,172,124295374,0.06,25,nan
8/18/2026 23:14:06,1.17.3,LeftRight,73,4.00,nan,1,Right,Left,319,792,172,124314848,nan,nan,0.12
8/18/2026 23:14:08,1.17.3,LeftRight,73,4.00,nan,1,Right,Left,319,793,172,124316342,nan,nan,0.31
8/18/2026 23:14:10,1.17.3,LeftRight,73,4.00,nan,1,Right,Left,319,794,172,124318766,nan,nan,0.02
8/18/2026 23:14:13,1.17.3,LeftRight,73,3.99,nan,1,Right,Left,319,795,172,124322071,nan,nan,0.13
8/18/2026 23:14:15,1.17.3,LeftRight,73,4.00,nan,1,Right,Left,319,796,172,124323883,nan,nan,0.30
8/18/2026 23:14:18,1.17.3,LeftRight,73,4.00,nan,1,Left,Left,320,796,172,124326949,nan,nan,0.00
8/18/2026 23:14:23,1.17.3,LeftRight,73,4.00,nan,1,Right,Left,320,797,172,124331425,nan,nan,0.19
8/18/2026 23:14:24,1.17.3,LeftRight,73,3.99,2,1,Pellet,Left,320,797,173,124331425,0.06,34,nan
8/18/2026 23:20:41,1.17.3,LeftRight,73,3.99,nan,1,Right,Left,320,798,173,124710180,nan,nan,0.00
8/18/2026 23:26:48,1.17.3,LeftRight,73,3.99,nan,1,Right,Left,320,799,173,125076181,nan,nan,0.35
8/18/2026 23:26:51,1.17.3,LeftRight,73,4.00,nan,1,Left,Left,321,799,173,125080158,nan,nan,0.00
8/18/2026 23:26:59,1.17.3,LeftRight,73,4.00,nan,1,RESET,Left,321,799,173,125087740,nan,nan,nan
8/18/2026 23:29:15,1.17.3,LeftRight,73,4.00,nan,1,Right,Left,321,800,173,125223867,nan,nan,0.08
8/18/2026 23:29:32,1.17.3,LeftRight,73,4.00,nan,1,Right,Left,321,801,173,125240998,nan,nan,0.17
8/18/2026 23:29:48,1.17.3,LeftRight,73,4.00,nan,1,Left,Left,322,801,173,125257158,nan,nan,0.00
8/18/2026 23:29:56,1.17.3,LeftRight,73,4.00,nan,1,RESET,Left,322,801,173,125264751,nan,nan,nan
8/18/2026 23:30:34,1.17.3,LeftRight,73,3.99,nan,1,Left,Left,323,801,173,125302526,nan,nan,0.00
8/18/2026 23:30:41,1.17.3,LeftRight,73,3.99,nan,1,RESET,Left,323,801,173,125309816,nan,nan,nan
8/18/2026 23:33:10,1.17.3,LeftRight,73,3.99,nan,1,Right,Left,323,802,173,125458994,nan,nan,0.31
8/18/2026 23:33:14,1.17.3,LeftRight,73,3.99,nan,1,Left,Left,324,802,173,125463242,nan,nan,0.00
8/18/2026 23:33:17,1.17.3,LeftRight,73,4.00,nan,1,Right,Left,324,803,173,125465214,nan,nan,0.21
8/18/2026 23:33:18,1.17.3,LeftRight,73,3.99,2,1,Pellet,Left,324,803,174,125465214,0.06,1134,nan
8/18/2026 23:33:31,1.17.3,LeftRight,73,3.99,nan,1,Right,Left,324,804,174,125480007,nan,nan,0.00
8/18/2026 23:33:43,1.17.3,LeftRight,73,4.00,nan,1,Left,Left,325,804,174,125491394,nan,nan,0.00
8/18/2026 23:33:48,1.17.3,LeftRight,73,3.99,nan,1,Right,Left,325,805,174,125496318,nan,nan,0.15
8/18/2026 23:33:49,1.17.3,LeftRight,73,4.00,2,1,Pellet,Left,325,805,175,125496318,0.17,31,nan
8/18/2026 23:34:02,1.17.3,LeftRight,73,3.99,nan,1,Right,Left,325,806,175,125510166,nan,nan,0.52
8/18/2026 23:34:14,1.17.3,LeftRight,73,4.00,nan,1,Right,Left,325,807,175,125523017,nan,nan,0.11
8/18/2026 23:34:16,1.17.3,LeftRight,73,4.00,nan,1,Left,Left,326,807,175,125524700,nan,nan,0.00
8/18/2026 23:34:22,1.17.3,LeftRight,73,3.99,nan,1,Right,Left,326,808,175,125530808,nan,nan,0.00
8/18/2026 23:34:23,1.17.3,LeftRight,73,4.00,2,1,Pellet,Left,326,808,176,125530808,0.41,34,nan
8/18/2026 23:49:36,1.17.3,LeftRight,73,3.99,nan,1,Right,Left,326,809,176,126444448,nan,nan,0.44
8/18/2026 23:52:25,1.17.3,LeftRight,73,4.00,nan,1,Right,Left,326,810,176,126613872,nan,nan,0.31
8/18/2026 23:52:26,1.17.3,LeftRight,73,3.99,nan,1,Left,Left,327,810,176,126615259,nan,nan,0.00
8/18/2026 23:52:29,1.17.3,LeftRight,73,3.99,nan,1,Left,Left,328,810,176,126618345,nan,nan,0.00
8/18/2026 23:52:37,1.17.3,LeftRight,73,4.00,nan,1,RESET,Left,328,810,176,126625935,nan,nan,nan
8/18/2026 23:52:50,1.17.3,LeftRight,73,3.99,nan,1,Left,Left,329,810,176,126639401,nan,nan,0.00
8/18/2026 23:52:58,1.17.3,LeftRight,73,3.99,nan,1,RESET,Left,329,810,176,126646841,nan,nan,nan
8/18/2026 23:56:23,1.17.3,LeftRight,73,4.00,nan,1,Right,Left,329,811,176,126851594,nan,nan,0.01
8/18/2026 23:56:25,1.17.3,LeftRight,73,3.99,nan,1,Left,Left,330,811,176,126854030,nan,nan,0.00
8/18/2026 23:56:27,1.17.3,LeftRight,73,3.99,nan,1,Right,Left,330,812,176,126855560,nan,nan,0.00
8/18/2026 23:56:28,1.17.3,LeftRight,73,3.99,1,1,Pellet,Left,330,812,177,126855560,0.71,1325,nan
8/19/2026 0:01:55,1.17.3,LeftRight,73,3.99,nan,1,Right,Left,330,813,177,127183923,nan,nan,0.01
8/19/2026 0:14:21,1.17.3,LeftRight,73,3.99,nan,1,Left,Left,331,813,177,127929506,nan,nan,0.00
8/19/2026 0:14:24,1.17.3,LeftRight,73,3.99,nan,1,Right,Left,331,814,177,127933089,nan,nan,0.11
8/19/2026 0:14:26,1.17.3,LeftRight,73,3.99,1,1,Pellet,Left,331,814,178,127933089,0.59,1078,nan
8/19/2026 0:15:22,1.17.3,LeftRight,73,3.98,nan,1,Right,Left,331,815,178,127990697,nan,nan,0.00
8/19/2026 0:15:23,1.17.3,LeftRight,73,3.99,nan,1,Left,Left,332,815,178,127992452,nan,nan,0.00
8/19/2026 0:15:25,1.17.3,LeftRight,73,3.98,nan,1,Right,Left,332,816,178,127993972,nan,nan,0.13
8/19/2026 0:15:26,1.17.3,LeftRight,73,3.99,1,1,Pellet,Left,332,816,179,127993972,0.29,60,nan
8/19/2026 0:15:43,1.17.3,LeftRight,73,3.99,nan,1,Left,Left,333,816,179,128012147,nan,nan,0.00
8/19/2026 0:15:49,1.17.3,LeftRight,73,3.98,nan,1,Right,Left,333,817,179,128018101,nan,nan,0.07
8/19/2026 0:15:50,1.17.3,LeftRight,73,3.98,1,1,Pellet,Left,333,817,180,128018101,0.47,24,nan
8/19/2026 0:16:08,1.17.3,LeftRight,73,3.99,nan,1,Left,Left,334,817,180,128037475,nan,nan,0.00
8/19/2026 0:16:13,1.17.3,LeftRight,73,3.98,nan,1,Right,Left,334,818,180,128041951,nan,nan,0.12
8/19/2026 0:16:14,1.17.3,LeftRight,73,3.99,1,1,Pellet,Left,334,818,181,128041951,0.41,24,nan
8/19/2026 0:16:45,1.17.3,LeftRight,73,3.98,nan,1,Right,Left,334,819,181,128074138,nan,nan,0.12
8/19/2026 0:16:50,1.17.3,LeftRight,73,3.99,nan,1,Right,Left,334,820,181,128078883,nan,nan,0.11
8/19/2026 0:16:52,1.17.3,LeftRight,73,3.99,nan,1,Right,Left,334,821,181,128080367,nan,nan,0.32
8/19/2026 0:16:54,1.17.3,LeftRight,73,3.99,nan,1,Left,Left,335,821,181,128083276,nan,nan,0.00
8/19/2026 0:16:56,1.17.3,LeftRight,73,3.99,nan,1,Left,Left,336,821,181,128085178,nan,nan,0.00
8/19/2026 0:16:59,1.17.3,LeftRight,73,3.99,nan,1,Right,Left,336,822,181,128088324,nan,nan,0.04
8/19/2026 0:17:00,1.17.3,LeftRight,73,3.99,1,1,Pellet,Left,336,822,182,128088324,0.29,46,nan
8/19/2026 0:17:11,1.17.3,LeftRight,73,3.99,nan,1,Right,Left,336,823,182,128100339,nan,nan,0.11
8/19/2026 0:17:21,1.17.3,LeftRight,73,3.99,nan,1,Right,Left,336,824,182,128109810,nan,nan,0.03
8/19/2026 0:17:23,1.17.3,LeftRight,73,3.99,nan,1,Right,Left,336,825,182,128111512,nan,nan,0.37
8/19/2026 0:17:26,1.17.3,LeftRight,73,3.99,nan,1,Right,Left,336,826,182,128114294,nan,nan,0.24
8/19/2026 0:17:28,1.17.3,LeftRight,73,3.99,nan,1,Right,Left,336,827,182,128116795,nan,nan,0.26
8/19/2026 0:17:29,1.17.3,LeftRight,73,3.99,nan,1,Right,Left,336,828,182,128118289,nan,nan,0.13
8/19/2026 0:17:34,1.17.3,LeftRight,73,3.99,nan,1,Right,Left,336,829,182,128122902,nan,nan,0.17
8/19/2026 0:17:36,1.17.3,LeftRight,73,3.99,nan,1,Right,Left,336,830,182,128124591,nan,nan,0.19
8/19/2026 0:17:39,1.17.3,LeftRight,73,3.99,nan,1,Right,Left,336,831,182,128127630,nan,nan,0.03
8/19/2026 0:17:40,1.17.3,LeftRight,73,3.99,nan,1,Right,Left,336,832,182,128128738,nan,nan,0.17
8/19/2026 0:17:47,1.17.3,LeftRight,73,3.98,nan,1,Left,Left,337,832,182,128136058,nan,nan,0.00
8/19/2026 0:17:49,1.17.3,LeftRight,73,3.98,nan,1,Left,Left,338,832,182,128137744,nan,nan,0.00
8/19/2026 0:17:56,1.17.3,LeftRight,73,3.99,nan,1,RESET,Left,338,832,182,128144889,nan,nan,nan
8/19/2026 0:17:56,1.17.3,LeftRight,73,3.99,nan,1,Right,Left,338,833,182,128145168,nan,nan,0.18
8/19/2026 0:17:59,1.17.3,LeftRight,73,3.99,nan,1,Left,Left,339,833,182,128147705,nan,nan,0.00
8/19/2026 0:18:04,1.17.3,LeftRight,73,3.98,nan,1,Right,Left,339,834,182,128152492,nan,nan,0.06
8/19/2026 0:18:05,1.17.3,LeftRight,73,3.99,1,1,Pellet,Left,339,834,183,128152492,0.35,65,nan
8/19/2026 0:18:17,1.17.3,LeftRight,73,3.99,nan,1,Right,Left,339,835,183,128165899,nan,nan,0.10
8/19/2026 0:18:20,1.17.3,LeftRight,73,3.99,nan,1,Left,Left,340,835,183,128169222,nan,nan,0.00
8/19/2026 0:18:22,1.17.3,LeftRight,73,3.99,nan,1,Right,Left,340,836,183,128170744,nan,nan,0.00
8/19/2026 0:18:23,1.17.3,LeftRight,73,3.98,1,1,Pellet,Left,340,836,184,128170744,0.41,18,nan
8/19/2026 0:18:52,1.17.3,LeftRight,73,3.99,nan,1,Right,Left,340,837,184,128201373,nan,nan,0.07
8/19/2026 0:18:58,1.17.3,LeftRight,73,3.99,nan,1,Right,Left,340,838,184,128206513,nan,nan,0.01
8/19/2026 0:19:01,1.17.3,LeftRight,73,3.99,nan,1,Left,Left,341,838,184,128210003,nan,nan,0.00
8/19/2026 0:19:05,1.17.3,LeftRight,73,3.98,nan,1,Right,Left,341,839,184,128213593,nan,nan,0.09
8/19/2026 0:19:06,1.17.3,LeftRight,73,3.99,1,1,Pellet,Left,341,839,185,128213593,0.35,43,nan
8/19/2026 0:19:23,1.17.3,LeftRight,73,3.98,nan,1,Left,Left,342,839,185,128232016,nan,nan,0.00
8/19/2026 0:19:31,1.17.3,LeftRight,73,3.99,nan,1,RESET,Left,342,839,185,128239906,nan,nan,nan
8/19/2026 0:39:11,1.17.3,LeftRight,73,3.99,nan,1,Left,Left,343,839,185,129420547,nan,nan,0.00
8/19/2026 0:39:19,1.17.3,LeftRight,73,3.99,nan,1,RESET,Left,343,839,185,129427992,nan,nan,nan
8/19/2026 0:47:14,1.17.3,LeftRight,73,3.98,nan,1,Right,Left,343,840,185,129903225,nan,nan,0.05
8/19/2026 0:47:18,1.17.3,LeftRight,73,3.98,nan,1,Right,Left,343,841,185,129906722,nan,nan,0.04
8/19/2026 0:47:35,1.17.3,LeftRight,73,3.99,nan,1,Right,Left,343,842,185,129923956,nan,nan,0.17
8/19/2026 0:47:37,1.17.3,LeftRight,73,3.98,nan,1,Right,Left,343,843,185,129926234,nan,nan,0.15
8/19/2026 0:47:42,1.17.3,LeftRight,73,3.98,nan,1,Left,Left,344,843,185,129931018,nan,nan,0.00
8/19/2026 0:47:45,1.17.3,LeftRight,73,3.98,nan,1,Right,Left,344,844,185,129933573,nan,nan,0.04
8/19/2026 0:47:50,1.17.3,LeftRight,73,3.99,3,1,Pellet,Left,344,844,186,129933573,0.89,1724,nan
8/19/2026 0:48:14,1.17.3,LeftRight,73,3.98,nan,1,Left,Left,345,844,186,129962871,nan,nan,0.00
8/19/2026 0:48:15,1.17.3,LeftRight,73,3.99,nan,1,Left,Left,346,844,186,129964514,nan,nan,0.00
8/19/2026 0:48:21,1.17.3,LeftRight,73,3.99,nan,1,Right,Left,346,845,186,129970033,nan,nan,0.05
8/19/2026 0:48:22,1.17.3,LeftRight,73,3.99,1,1,Pellet,Left,346,845,187,129970033,0.35,32,nan
8/19/2026 1:18:53,1.17.3,LeftRight,73,3.98,nan,1,Right,Left,346,846,187,131802342,nan,nan,0.00
8/19/2026 2:38:55,1.17.3,LeftRight,73,3.98,nan,1,Right,Left,346,847,187,136603768,nan,nan,0.68
8/19/2026 2:39:01,1.17.3,LeftRight,73,3.98,nan,1,Right,Left,346,848,187,136610856,nan,nan,0.03
8/19/2026 2:39:03,1.17.3,LeftRight,73,3.98,nan,1,Right,Left,346,849,187,136612705,nan,nan,0.08
8/19/2026 2:39:08,1.17.3,LeftRight,73,3.98,nan,1,Right,Left,346,850,187,136617563,nan,nan,0.15
8/19/2026 2:39:10,1.17.3,LeftRight,73,3.98,nan,1,Right,Left,346,851,187,136619091,nan,nan,0.22
8/19/2026 2:39:12,1.17.3,LeftRight,73,3.98,nan,1,Right,Left,346,852,187,136621132,nan,nan,0.48
8/19/2026 2:39:14,1.17.3,LeftRight,73,3.98,nan,1,Right,Left,346,853,187,136622996,nan,nan,0.19
8/19/2026 2:39:17,1.17.3,LeftRight,73,3.98,nan,1,Left,Left,347,853,187,136626609,nan,nan,0.00
8/19/2026 2:39:21,1.17.3,LeftRight,73,3.98,nan,1,Right,Left,347,854,187,136630360,nan,nan,0.03
8/19/2026 2:39:22,1.17.3,LeftRight,73,3.98,2,1,Pellet,Left,347,854,188,136630360,0.53,6660,nan
8/19/2026 2:39:53,1.17.3,LeftRight,73,3.98,nan,1,Right,Left,347,855,188,136661951,nan,nan,0.23
8/19/2026 2:39:55,1.17.3,LeftRight,73,3.97,nan,1,Right,Left,347,856,188,136664449,nan,nan,0.25
8/19/2026 2:39:58,1.17.3,LeftRight,73,3.98,nan,1,Right,Left,347,857,188,136666665,nan,nan,0.29
8/19/2026 2:40:00,1.17.3,LeftRight,73,3.98,nan,1,Right,Left,347,858,188,136669366,nan,nan,0.57
8/19/2026 2:44:40,1.17.3,LeftRight,73,3.98,nan,1,Right,Left,347,859,188,136949887,nan,nan,0.02
8/19/2026 2:51:13,1.17.3,LeftRight,73,3.98,nan,1,Left,Left,348,859,188,137342163,nan,nan,0.00
8/19/2026 2:51:15,1.17.3,LeftRight,73,3.97,nan,1,Right,Left,348,860,188,137343981,nan,nan,0.04
8/19/2026 2:51:17,1.17.3,LeftRight,73,3.97,1,1,Pellet,Left,348,860,189,137343981,1.61,715,nan
8/19/2026 2:52:26,1.17.3,LeftRight,73,3.97,nan,1,Left,Left,349,860,189,137415250,nan,nan,0.00
8/19/2026 2:52:33,1.17.3,LeftRight,73,3.98,nan,1,RESET,Left,349,860,189,137422401,nan,nan,nan
8/19/2026 2:55:30,1.17.3,LeftRight,73,3.98,nan,1,Right,Left,349,861,189,137598771,nan,nan,0.67
8/19/2026 3:02:32,1.17.3,LeftRight,73,3.98,nan,1,Left,Left,350,861,189,138022005,nan,nan,0.00
8/19/2026 3:02:34,1.17.3,LeftRight,73,3.98,nan,1,Right,Left,350,862,189,138022941,nan,nan,0.16
8/19/2026 3:02:38,1.17.3,LeftRight,73,3.98,2,1,Pellet,Left,350,862,190,138022941,1.43,681,nan
8/19/2026 3:03:22,1.17.3,LeftRight,73,3.98,nan,1,Right,Left,350,863,190,138071600,nan,nan,0.25
8/19/2026 3:03:23,1.17.3,LeftRight,73,3.98,nan,1,Left,Left,351,863,190,138072962,nan,nan,0.00
8/19/2026 3:03:27,1.17.3,LeftRight,73,3.97,nan,1,Right,Left,351,864,190,138076703,nan,nan,0.08
8/19/2026 3:03:29,1.17.3,LeftRight,73,3.98,1,1,Pellet,Left,351,864,191,138076703,0.53,51,nan
8/19/2026 3:03:45,1.17.3,LeftRight,73,3.98,nan,1,Left,Left,352,864,191,138094053,nan,nan,0.00
8/19/2026 3:03:49,1.17.3,LeftRight,73,3.98,nan,1,Right,Left,352,865,191,138098828,nan,nan,0.00
8/19/2026 3:03:51,1.17.3,LeftRight,73,3.98,1,1,Pellet,Left,352,865,192,138098828,0.53,22,nan
8/19/2026 3:05:56,1.17.3,LeftRight,73,3.98,nan,1,Right,Left,352,866,192,138225661,nan,nan,0.16
8/19/2026 3:05:58,1.17.3,LeftRight,73,3.98,nan,1,Left,Left,353,866,192,138227311,nan,nan,0.00
8/19/2026 3:06:05,1.17.3,LeftRight,73,3.98,nan,1,RESET,Left,353,866,192,138234470,nan,nan,nan
8/19/2026 3:09:00,1.17.3,LeftRight,73,3.98,nan,1,Right,Left,353,867,192,138409396,nan,nan,0.07
8/19/2026 3:09:03,1.17.3,LeftRight,73,3.98,nan,1,Right,Left,353,868,192,138412028,nan,nan,0.17
8/19/2026 3:09:05,1.17.3,LeftRight,73,3.98,nan,1,Right,Left,353,869,192,138414168,nan,nan,0.21
8/19/2026 3:09:07,1.17.3,LeftRight,73,3.98,nan,1,Right,Left,353,870,192,138416342,nan,nan,0.08
8/19/2026 3:09:12,1.17.3,LeftRight,73,3.98,nan,1,Right,Left,353,871,192,138421504,nan,nan,0.09
8/19/2026 3:09:14,1.17.3,LeftRight,73,3.98,nan,1,Right,Left,353,872,192,138423707,nan,nan,0.31
8/19/2026 3:09:16,1.17.3,LeftRight,73,3.97,nan,1,Right,Left,353,873,192,138424797,nan,nan,0.48
8/19/2026 3:09:20,1.17.3,LeftRight,73,3.97,nan,1,Left,Left,354,873,192,138429524,nan,nan,0.00
8/19/2026 3:09:27,1.17.3,LeftRight,73,3.97,nan,1,RESET,Left,354,873,192,138436520,nan,nan,nan
8/19/2026 3:09:29,1.17.3,LeftRight,73,3.98,nan,1,Right,Left,354,874,192,138438581,nan,nan,0.18
8/19/2026 3:09:31,1.17.3,LeftRight,73,3.97,nan,1,Right,Left,354,875,192,138440734,nan,nan,0.24
8/19/2026 3:09:34,1.17.3,LeftRight,73,3.98,nan,1,Right,Left,354,876,192,138443091,nan,nan,0.18
8/19/2026 3:09:35,1.17.3,LeftRight,73,3.98,nan,1,Left,Left,355,876,192,138445029,nan,nan,0.00
8/19/2026 3:09:43,1.17.3,LeftRight,73,3.97,nan,1,RESET,Left,355,876,192,138452473,nan,nan,nan
8/19/2026 3:09:43,1.17.3,LeftRight,73,3.97,nan,1,Right,Left,355,877,192,138452604,nan,nan,0.00
8/19/2026 3:09:44,1.17.3,LeftRight,73,3.97,nan,1,Right,Left,355,878,192,138453688,nan,nan,0.26
8/19/2026 3:09:46,1.17.3,LeftRight,73,3.98,nan,1,Right,Left,355,879,192,138455175,nan,nan,0.32
8/19/2026 3:09:49,1.17.3,LeftRight,73,3.98,nan,1,Left,Left,356,879,192,138458833,nan,nan,0.00
8/19/2026 3:09:52,1.17.3,LeftRight,73,3.97,nan,1,Right,Left,356,880,192,138461392,nan,nan,0.01
8/19/2026 3:09:55,1.17.3,LeftRight,73,3.97,3,1,Pellet,Left,356,880,193,138461392,0.06,364,nan
8/19/2026 3:10:08,1.17.3,LeftRight,73,3.98,nan,1,Left,Left,357,880,193,138477561,nan,nan,0.00
8/19/2026 3:10:12,1.17.3,LeftRight,73,3.97,nan,1,Right,Left,357,881,193,138481153,nan,nan,0.06
8/19/2026 3:10:13,1.17.3,LeftRight,73,3.97,2,1,Pellet,Left,357,881,194,138481153,0.23,18,nan
8/19/2026 3:10:26,1.17.3,LeftRight,73,3.97,nan,1,Right,Left,357,882,194,138495105,nan,nan,0.00
8/19/2026 3:10:28,1.17.3,LeftRight,73,3.98,nan,1,Right,Left,357,883,194,138497069,nan,nan,0.10
8/19/2026 3:10:31,1.17.3,LeftRight,73,3.97,nan,1,Left,Left,358,883,194,138500391,nan,nan,0.00
8/19/2026 3:10:35,1.17.3,LeftRight,73,3.97,nan,1,Right,Left,358,884,194,138504139,nan,nan,0.02
8/19/2026 3:10:36,1.17.3,LeftRight,73,3.98,2,1,Pellet,Left,358,884,195,138504139,0.65,23,nan
8/19/2026 3:10:49,1.17.3,LeftRight,73,3.98,nan,1,Left,Left,359,884,195,138518933,nan,nan,0.00
8/19/2026 3:10:56,1.17.3,LeftRight,73,3.98,nan,1,Left,Left,360,884,195,138525445,nan,nan,0.00
8/19/2026 3:10:58,1.17.3,LeftRight,73,3.97,nan,1,Right,Left,360,885,195,138527854,nan,nan,0.12
8/19/2026 3:11:00,1.17.3,LeftRight,73,3.97,2,1,Pellet,Left,360,885,196,138527854,0.06,24,nan
8/19/2026 3:11:12,1.17.3,LeftRight,73,3.97,nan,1,Right,Left,360,886,196,138541459,nan,nan,0.00
8/19/2026 3:11:15,1.17.3,LeftRight,73,3.97,nan,1,Left,Left,361,886,196,138544452,nan,nan,0.00
8/19/2026 3:11:19,1.17.3,LeftRight,73,3.98,nan,1,Right,Left,361,887,196,138548190,nan,nan,0.35
8/19/2026 3:11:20,1.17.3,LeftRight,73,3.97,1,1,Pellet,Left,361,887,197,138548190,0.53,20,nan
8/19/2026 3:11:31,1.17.3,LeftRight,73,3.98,nan,1,Right,Left,361,888,197,138560980,nan,nan,0.06
8/19/2026 3:11:40,1.17.3,LeftRight,73,3.97,nan,1,Left,Left,362,888,197,138569209,nan,nan,0.00
8/19/2026 3:11:44,1.17.3,LeftRight,73,3.98,nan,1,Right,Left,362,889,197,138573540,nan,nan,0.14
8/19/2026 3:11:45,1.17.3,LeftRight,73,3.98,1,1,Pellet,Left,362,889,198,138573540,0.47,25,nan
8/19/2026 3:12:03,1.17.3,LeftRight,73,3.97,nan,1,Right,Left,362,890,198,138592232,nan,nan,0.00
8/19/2026 3:12:06,1.17.3,LeftRight,73,3.98,nan,1,Left,Left,363,890,198,138595102,nan,nan,0.00
8/19/2026 3:12:06,1.17.3,LeftRight,73,3.97,nan,1,Left,Left,364,890,198,138595786,nan,nan,0.00
8/19/2026 3:12:09,1.17.3,LeftRight,73,3.98,nan,1,Right,Left,364,891,198,138598788,nan,nan,0.08
8/19/2026 3:12:10,1.17.3,LeftRight,73,3.97,1,1,Pellet,Left,364,891,199,138598788,0.41,25,nan
8/19/2026 3:14:59,1.17.3,LeftRight,73,3.98,nan,1,Right,Left,364,892,199,138768973,nan,nan,0.01
8/19/2026 3:15:19,1.17.3,LeftRight,73,3.97,nan,1,Right,Left,364,893,199,138788254,nan,nan,0.22
8/19/2026 3:18:31,1.17.3,LeftRight,73,3.97,nan,1,Right,Left,364,894,199,138979674,nan,nan,0.52
8/19/2026 3:18:36,1.17.3,LeftRight,73,3.98,nan,1,Right,Left,364,895,199,138985409,nan,nan,0.35
8/19/2026 3:18:39,1.17.3,LeftRight,73,3.97,nan,1,Right,Left,364,896,199,138988466,nan,nan,0.12
8/19/2026 3:18:42,1.17.3,LeftRight,73,3.98,nan,1,Right,Left,364,897,199,138990845,nan,nan,0.33
8/19/2026 3:18:44,1.17.3,LeftRight,73,3.97,nan,1,Left,Left,365,897,199,138993387,nan,nan,0.00
8/19/2026 3:18:45,1.17.3,LeftRight,73,3.98,nan,1,Left,Left,366,897,199,138994115,nan,nan,0.00
8/19/2026 3:18:50,1.17.3,LeftRight,73,3.97,nan,1,Right,Left,366,898,199,138999189,nan,nan,0.10
8/19/2026 3:18:51,1.17.3,LeftRight,73,3.97,1,1,Pellet,Left,366,898,200,138999189,0.47,401,nan
8/19/2026 3:19:17,1.17.3,LeftRight,73,3.97,nan,1,Right,Left,366,899,200,139026324,nan,nan,0.00
8/19/2026 3:19:18,1.17.3,LeftRight,73,3.97,nan,1,Right,Left,366,900,200,139027551,nan,nan,0.20
8/19/2026 3:19:20,1.17.3,LeftRight,73,3.97,nan,1,Right,Left,366,901,200,139029127,nan,nan,0.09
8/19/2026 3:19:22,1.17.3,LeftRight,73,3.98,nan,1,Left,Left,367,901,200,139031851,nan,nan,0.00
8/19/2026 3:19:27,1.17.3,LeftRight,73,3.98,nan,1,Right,Left,367,902,200,139036921,nan,nan,0.14
8/19/2026 3:19:31,1.17.3,LeftRight,73,3.96,3,1,Pellet,Left,367,902,201,139036921,0.06,40,nan
8/19/2026 3:19:47,1.17.3,LeftRight,73,3.97,nan,1,Left,Left,368,902,201,139056935,nan,nan,0.00
8/19/2026 3:19:50,1.17.3,LeftRight,73,3.97,nan,1,Right,Left,368,903,201,139059641,nan,nan,0.08
8/19/2026 3:19:52,1.17.3,LeftRight,73,3.97,2,1,Pellet,Left,368,903,202,139059641,0.41,21,nan
8/19/2026 3:20:11,1.17.3,LeftRight,73,3.97,nan,1,Right,Left,368,904,202,139080105,nan,nan,0.00
8/19/2026 3:20:12,1.17.3,LeftRight,73,3.98,nan,1,Right,Left,368,905,202,139081490,nan,nan,0.17
8/19/2026 3:20:16,1.17.3,LeftRight,73,3.98,nan,1,Left,Left,369,905,202,139085530,nan,nan,0.00
8/19/2026 3:20:19,1.17.3,LeftRight,73,3.97,nan,1,Right,Left,369,906,202,139088683,nan,nan,0.08
8/19/2026 3:20:20,1.17.3,LeftRight,73,3.98,2,1,Pellet,Left,369,906,203,139088683,0.29,28,nan
8/19/2026 3:20:36,1.17.3,LeftRight,73,3.97,nan,1,Left,Left,370,906,203,139105773,nan,nan,0.00
8/19/2026 3:20:37,1.17.3,LeftRight,73,3.97,nan,1,Left,Left,371,906,203,139107000,nan,nan,0.00
8/19/2026 3:20:40,1.17.3,LeftRight,73,3.98,nan,1,Right,Left,371,907,203,139109261,nan,nan,0.00
8/19/2026 3:20:41,1.17.3,LeftRight,73,3.97,1,1,Pellet,Left,371,907,204,139109261,0.29,21,nan
8/19/2026 3:20:54,1.17.3,LeftRight,73,3.96,nan,1,Right,Left,371,908,204,139123537,nan,nan,0.01
8/19/2026 3:21:22,1.17.3,LeftRight,73,3.97,nan,1,Right,Left,371,909,204,139151391,nan,nan,0.21
8/19/2026 3:21:24,1.17.3,LeftRight,73,3.97,nan,1,Right,Left,371,910,204,139152975,nan,nan,0.33
8/19/2026 3:21:31,1.17.3,LeftRight,73,3.97,nan,1,Left,Left,372,910,204,139160386,nan,nan,0.00
8/19/2026 3:21:32,1.17.3,LeftRight,73,3.97,nan,1,Right,Left,372,911,204,139161906,nan,nan,0.00
8/19/2026 3:21:33,1.17.3,LeftRight,73,3.98,1,1,Pellet,Left,372,911,205,139161906,0.35,52,nan
8/19/2026 3:21:46,1.17.3,LeftRight,73,3.98,nan,1,Right,Left,372,912,205,139175748,nan,nan,0.00
8/19/2026 3:21:49,1.17.3,LeftRight,73,3.97,nan,1,Right,Left,372,913,205,139178155,nan,nan,0.11
8/19/2026 3:21:54,1.17.3,LeftRight,73,3.97,nan,1,Right,Left,372,914,205,139183778,nan,nan,0.09
8/19/2026 3:21:57,1.17.3,LeftRight,73,3.97,nan,1,Left,Left,373,914,205,139186926,nan,nan,0.00
8/19/2026 3:22:01,1.17.3,LeftRight,73,3.98,nan,1,Right,Left,373,915,205,139190674,nan,nan,0.10
8/19/2026 3:22:02,1.17.3,LeftRight,73,3.97,1,1,Pellet,Left,373,915,206,139190674,0.47,29,nan
8/19/2026 3:22:19,1.17.3,LeftRight,73,3.98,nan,1,Left,Left,374,915,206,139208284,nan,nan,0.00
8/19/2026 3:22:22,1.17.3,LeftRight,73,3.97,nan,1,Right,Left,374,916,206,139211876,nan,nan,0.08
8/19/2026 3:22:23,1.17.3,LeftRight,73,3.97,2,1,Pellet,Left,374,916,207,139211876,0.06,21,nan
8/19/2026 3:22:45,1.17.3,LeftRight,73,3.97,nan,1,Right,Left,374,917,207,139234171,nan,nan,0.00
8/19/2026 3:22:48,1.17.3,LeftRight,73,3.96,nan,1,Left,Left,375,917,207,139237464,nan,nan,0.00
8/19/2026 3:22:52,1.17.3,LeftRight,73,3.97,nan,1,Right,Left,375,918,207,139241061,nan,nan,0.19
8/19/2026 3:22:53,1.17.3,LeftRight,73,3.97,1,1,Pellet,Left,375,918,208,139241061,0.47,30,nan
8/19/2026 3:23:06,1.17.3,LeftRight,73,3.98,nan,1,Left,Left,376,918,208,139255296,nan,nan,0.00
8/19/2026 3:23:07,1.17.3,LeftRight,73,3.97,nan,1,Left,Left,377,918,208,139256467,nan,nan,0.00
8/19/2026 3:23:09,1.17.3,LeftRight,73,3.98,nan,1,Left,Left,378,918,208,139258659,nan,nan,0.00
8/19/2026 3:23:10,1.17.3,LeftRight,73,3.97,nan,1,Left,Left,379,918,208,139259575,nan,nan,0.00
8/19/2026 3:23:13,1.17.3,LeftRight,73,3.97,nan,1,Right,Left,379,919,208,139262726,nan,nan,0.00
8/19/2026 3:23:14,1.17.3,LeftRight,73,3.97,1,1,Pellet,Left,379,919,209,139262726,0.41,21,nan
8/19/2026 3:23:32,1.17.3,LeftRight,73,3.97,nan,1,Right,Left,379,920,209,139281168,nan,nan,0.00
8/19/2026 3:23:34,1.17.3,LeftRight,73,3.97,nan,1,Left,Left,380,920,209,139283875,nan,nan,0.00
8/19/2026 3:23:36,1.17.3,LeftRight,73,3.97,nan,1,Left,Left,381,920,209,139285245,nan,nan,0.00
8/19/2026 3:23:40,1.17.3,LeftRight,73,3.98,nan,1,Right,Left,381,921,209,139289143,nan,nan,0.09
8/19/2026 3:23:41,1.17.3,LeftRight,73,3.97,1,1,Pellet,Left,381,921,210,139289143,0.47,27,nan
8/19/2026 3:23:58,1.17.3,LeftRight,73,3.97,nan,1,Left,Left,382,921,210,139308057,nan,nan,0.00
8/19/2026 3:24:00,1.17.3,LeftRight,73,3.97,nan,1,Left,Left,383,921,210,139309176,nan,nan,0.00
8/19/2026 3:24:01,1.17.3,LeftRight,73,3.97,nan,1,Right,Left,383,922,210,139310549,nan,nan,0.00
8/19/2026 3:24:02,1.17.3,LeftRight,73,3.97,1,1,Pellet,Left,383,922,211,139310549,0.23,21,nan
8/19/2026 3:40:03,1.17.3,LeftRight,73,3.97,nan,1,Right,Left,383,923,211,140272901,nan,nan,0.09
8/19/2026 3:40:06,1.17.3,LeftRight,73,3.97,nan,1,Right,Left,383,924,211,140275691,nan,nan,0.02
8/19/2026 3:40:09,1.17.3,LeftRight,73,3.97,nan,1,Right,Left,383,925,211,140278115,nan,nan,0.17
8/19/2026 5:01:50,1.17.3,LeftRight,73,3.96,nan,1,Left,Left,384,925,211,145179695,nan,nan,0.00
8/19/2026 5:01:55,1.17.3,LeftRight,73,3.96,nan,1,RESET,Left,384,925,211,145184768,nan,nan,nan
8/19/2026 5:03:25,1.17.3,LeftRight,73,3.96,nan,1,Right,Left,384,926,211,145274684,nan,nan,0.17
8/19/2026 6:37:07,1.17.3,LeftRight,73,3.96,nan,1,Right,Left,384,927,211,150897478,nan,nan,0.03
8/19/2026 6:37:52,1.17.3,LeftRight,73,3.95,nan,1,Right,Left,384,928,211,150942037,nan,nan,0.29
8/19/2026 6:37:55,1.17.3,LeftRight,73,3.96,nan,1,Right,Left,384,929,211,150944888,nan,nan,0.17
8/19/2026 6:37:57,1.17.3,LeftRight,73,3.95,nan,1,Right,Left,384,930,211,150946875,nan,nan,0.10
8/19/2026 6:38:01,1.17.3,LeftRight,73,3.96,nan,1,Right,Left,384,931,211,150951358,nan,nan,0.06
8/19/2026 6:38:07,1.17.3,LeftRight,73,3.96,nan,1,Right,Left,384,932,211,150957522,nan,nan,0.09
8/19/2026 6:38:11,1.17.3,LeftRight,73,3.96,nan,1,Right,Left,384,933,211,150960915,nan,nan,0.00
8/19/2026 6:38:16,1.17.3,LeftRight,73,3.96,nan,1,Right,Left,384,934,211,150966136,nan,nan,0.03
8/19/2026 6:38:20,1.17.3,LeftRight,73,3.95,nan,1,Right,Left,384,935,211,150969609,nan,nan,0.16
8/19/2026 6:38:24,1.17.3,LeftRight,73,3.96,nan,1,Right,Left,384,936,211,150974111,nan,nan,0.01
8/19/2026 6:38:27,1.17.3,LeftRight,73,3.96,nan,1,Right,Left,384,937,211,150976976,nan,nan,0.24
8/19/2026 6:38:29,1.17.3,LeftRight,73,3.96,nan,1,Right,Left,384,938,211,150978741,nan,nan,0.18
8/19/2026 6:38:32,1.17.3,LeftRight,73,3.95,nan,1,Right,Left,384,939,211,150981626,nan,nan,0.04
8/19/2026 6:38:34,1.17.3,LeftRight,73,3.96,nan,1,Right,Left,384,940,211,150984369,nan,nan,0.14
8/19/2026 6:38:37,1.17.3,LeftRight,73,3.95,nan,1,Right,Left,384,941,211,150987360,nan,nan,0.06
8/19/2026 6:38:42,1.17.3,LeftRight,73,3.95,nan,1,Left,Left,385,941,211,150992003,nan,nan,0.00
8/19/2026 6:38:44,1.17.3,LeftRight,73,3.96,nan,1,Left,Left,386,941,211,150994055,nan,nan,0.00
8/19/2026 6:38:47,1.17.3,LeftRight,73,3.96,nan,1,Right,Left,386,942,211,150996759,nan,nan,0.01
8/19/2026 6:38:49,1.17.3,LeftRight,73,3.96,1,1,Pellet,Left,386,942,212,150996759,1.25,11687,nan
8/19/2026 6:49:30,1.17.3,LeftRight,73,3.95,nan,1,Right,Left,386,943,212,151639711,nan,nan,0.00
8/19/2026 6:49:36,1.17.3,LeftRight,73,3.96,nan,1,Right,Left,386,944,212,151645829,nan,nan,0.14
8/19/2026 6:53:05,1.17.3,LeftRight,73,3.95,nan,1,Left,Left,387,944,212,151855697,nan,nan,0.00
8/19/2026 6:53:09,1.17.3,LeftRight,73,3.95,nan,1,Right,Left,387,945,212,151859142,nan,nan,0.04
8/19/2026 6:53:10,1.17.3,LeftRight,73,3.96,1,1,Pellet,Left,387,945,213,151859142,0.47,861,nan
8/19/2026 6:53:34,1.17.3,LeftRight,73,3.95,nan,1,Left,Left,388,945,213,151883873,nan,nan,0.00
8/19/2026 6:53:39,1.17.3,LeftRight,73,3.96,nan,1,RESET,Left,388,945,213,151889104,nan,nan,nan
8/19/2026 6:54:04,1.17.3,LeftRight,73,3.95,nan,1,Left,Left,389,945,213,151914019,nan,nan,0.00
8/19/2026 6:54:09,1.17.3,LeftRight,73,3.95,nan,1,RESET,Left,389,945,213,151919093,nan,nan,nan
8/19/2026 6:55:41,1.17.3,LeftRight,73,3.96,nan,1,Left,Left,390,945,213,152011683,nan,nan,0.00
8/19/2026 6:55:47,1.17.3,LeftRight,73,3.95,nan,1,RESET,Left,390,945,213,152017202,nan,nan,nan
8/19/2026 6:58:08,1.17.3,LeftRight,73,3.95,nan,1,Right,Left,390,946,213,152158391,nan,nan,0.10
8/19/2026 6:58:10,1.17.3,LeftRight,73,3.95,nan,1,Right,Left,390,947,213,152159722,nan,nan,0.10
8/19/2026 6:58:13,1.17.3,LeftRight,73,3.96,nan,1,Right,Left,390,948,213,152163412,nan,nan,0.05
8/19/2026 6:58:16,1.17.3,LeftRight,73,3.95,nan,1,Left,Left,391,948,213,152165809,nan,nan,0.00
8/19/2026 6:58:21,1.17.3,LeftRight,73,3.95,nan,1,RESET,Left,391,948,213,152171178,nan,nan,nan
8/19/2026 6:58:22,1.17.3,LeftRight,73,3.95,nan,1,Right,Left,391,949,213,152171902,nan,nan,0.30
8/19/2026 6:58:32,1.17.3,LeftRight,73,3.96,nan,1,Right,Left,391,950,213,152182307,nan,nan,0.02
8/19/2026 6:58:34,1.17.3,LeftRight,73,3.96,nan,1,Right,Left,391,951,213,152184006,nan,nan,0.29
8/19/2026 6:58:37,1.17.3,LeftRight,73,3.96,nan,1,Left,Left,392,951,213,152186975,nan,nan,0.00
8/19/2026 6:58:40,1.17.3,LeftRight,73,3.96,nan,1,Right,Left,392,952,213,152189976,nan,nan,0.17
8/19/2026 6:58:41,1.17.3,LeftRight,73,3.96,1,1,Pellet,Left,392,952,214,152189976,0.35,331,nan
8/19/2026 6:58:55,1.17.3,LeftRight,73,3.95,nan,1,Right,Left,392,953,214,152205189,nan,nan,0.09
8/19/2026 6:58:57,1.17.3,LeftRight,73,3.95,nan,1,Left,Left,393,953,214,152207480,nan,nan,0.00
8/19/2026 6:59:00,1.17.3,LeftRight,73,3.95,nan,1,Right,Left,393,954,214,152210049,nan,nan,0.00
8/19/2026 6:59:13,1.17.3,LeftRight,73,3.95,2,1,Pellet,Left,393,954,215,152210049,10.01,32,nan
8/19/2026 6:59:33,1.17.3,LeftRight,73,3.96,nan,1,Right,Left,393,955,215,152243133,nan,nan,0.08
8/19/2026 6:59:38,1.17.3,LeftRight,73,3.96,nan,1,Left,Left,394,955,215,152248002,nan,nan,0.00
8/19/2026 6:59:43,1.17.3,LeftRight,73,3.95,nan,1,RESET,Left,394,955,215,152253231,nan,nan,nan
8/19/2026 6:59:48,1.17.3,LeftRight,73,3.95,nan,1,Left,Left,395,955,215,152258364,nan,nan,0.00
8/19/2026 6:59:54,1.17.3,LeftRight,73,3.95,nan,1,RESET,Left,395,955,215,152264181,nan,nan,nan
8/19/2026 6:59:55,1.17.3,LeftRight,73,3.95,nan,1,Right,Left,395,956,215,152265349,nan,nan,0.16
8/19/2026 7:00:01,1.17.3,LeftRight,73,3.95,nan,1,Left,Left,396,956,215,152270742,nan,nan,0.00
8/19/2026 7:00:03,1.17.3,LeftRight,73,3.95,nan,1,Right,Left,396,957,215,152273455,nan,nan,0.00
8/19/2026 7:00:05,1.17.3,LeftRight,73,3.95,1,1,Pellet,Left,396,957,216,152273455,0.71,52,nan
8/19/2026 7:00:21,1.17.3,LeftRight,73,3.96,nan,1,Right,Left,396,958,216,152290435,nan,nan,0.29
8/19/2026 7:00:24,1.17.3,LeftRight,73,3.96,nan,1,Right,Left,396,959,216,152294175,nan,nan,0.21
8/19/2026 7:00:26,1.17.3,LeftRight,73,3.95,nan,1,Right,Left,396,960,216,152295764,nan,nan,0.19
8/19/2026 7:00:35,1.17.3,LeftRight,73,3.96,nan,1,Right,Left,396,961,216,152304891,nan,nan,0.14
8/19/2026 7:00:37,1.17.3,LeftRight,73,3.95,nan,1,Left,Left,397,961,216,152306922,nan,nan,0.00
8/19/2026 7:00:39,1.17.3,LeftRight,73,3.95,nan,1,Right,Left,397,962,216,152309477,nan,nan,0.17
8/19/2026 7:00:40,1.17.3,LeftRight,73,3.95,2,1,Pellet,Left,397,962,217,152309477,0.06,35,nan
8/19/2026 7:00:55,1.17.3,LeftRight,73,3.95,nan,1,Left,Left,398,962,217,152325038,nan,nan,0.00
8/19/2026 7:00:58,1.17.3,LeftRight,73,3.95,nan,1,Right,Left,398,963,217,152328483,nan,nan,0.06
8/19/2026 7:00:59,1.17.3,LeftRight,73,3.95,1,1,Pellet,Left,398,963,218,152328483,0.41,19,nan
8/19/2026 7:01:13,1.17.3,LeftRight,73,3.96,nan,1,Left,Left,399,963,218,152343013,nan,nan,0.00
8/19/2026 7:01:15,1.17.3,LeftRight,73,3.95,nan,1,Right,Left,399,964,218,152345274,nan,nan,0.08
8/19/2026 7:01:16,1.17.3,LeftRight,73,3.95,1,1,Pellet,Left,399,964,219,152345274,0.17,17,nan
8/19/2026 7:03:54,1.17.3,LeftRight,73,3.96,nan,1,Left,Left,400,964,219,152504413,nan,nan,0.00
8/19/2026 7:04:00,1.17.3,LeftRight,73,3.95,nan,1,RESET,Left,400,964,219,152510229,nan,nan,nan
8/19/2026 7:05:40,1.17.3,LeftRight,73,3.95,nan,1,Right,Left,400,965,219,152610190,nan,nan,0.37
8/19/2026 7:05:47,1.17.3,LeftRight,73,3.95,nan,1,Right,Left,400,966,219,152617112,nan,nan,0.03
8/19/2026 7:22:52,1.17.3,LeftRight,73,3.95,nan,1,Left,Left,401,966,219,153642415,nan,nan,0.00
8/19/2026 7:22:58,1.17.3,LeftRight,73,3.95,nan,1,RESET,Left,401,966,219,153648224,nan,nan,nan
8/19/2026 7:23:36,1.17.3,LeftRight,73,3.95,nan,1,Right,Left,401,967,219,153685473,nan,nan,0.42
8/19/2026 7:23:38,1.17.3,LeftRight,73,3.95,nan,1,Left,Left,402,967,219,153688240,nan,nan,0.00
8/19/2026 7:23:43,1.17.3,LeftRight,73,3.95,nan,1,RESET,Left,402,967,219,153693163,nan,nan,nan
8/19/2026 7:23:43,1.17.3,LeftRight,73,3.95,nan,1,Right,Left,402,968,219,153693590,nan,nan,0.14
8/19/2026 7:23:45,1.17.3,LeftRight,73,3.95,nan,1,Right,Left,402,969,219,153695402,nan,nan,0.30
8/19/2026 7:23:47,1.17.3,LeftRight,73,3.94,nan,1,Right,Left,402,970,219,153696777,nan,nan,0.15
8/19/2026 7:23:48,1.17.3,LeftRight,73,3.95,nan,1,Right,Left,402,971,219,153698330,nan,nan,0.07
8/19/2026 7:23:50,1.17.3,LeftRight,73,3.95,nan,1,Left,Left,403,971,219,153700578,nan,nan,0.00
8/19/2026 7:23:54,1.17.3,LeftRight,73,3.95,nan,1,Right,Left,403,972,219,153703723,nan,nan,0.09
8/19/2026 7:23:55,1.17.3,LeftRight,73,3.95,1,1,Pellet,Left,403,972,220,153703723,0.71,1359,nan
8/19/2026 7:24:24,1.17.3,LeftRight,73,3.95,nan,1,Right,Left,403,973,220,153733850,nan,nan,0.34
8/19/2026 7:24:33,1.17.3,LeftRight,73,3.95,nan,1,Left,Left,404,973,220,153742992,nan,nan,0.00
8/19/2026 7:24:34,1.17.3,LeftRight,73,3.95,nan,1,Right,Left,404,974,220,153744069,nan,nan,0.26
8/19/2026 7:24:35,1.17.3,LeftRight,73,3.95,1,1,Pellet,Left,404,974,221,153744069,0.17,40,nan
8/19/2026 7:25:05,1.17.3,LeftRight,73,3.96,nan,1,Right,Left,404,975,221,153775020,nan,nan,0.18
8/19/2026 7:25:18,1.17.3,LeftRight,73,3.95,nan,1,Left,Left,405,975,221,153787885,nan,nan,0.00
8/19/2026 7:25:19,1.17.3,LeftRight,73,3.95,nan,1,Right,Left,405,976,221,153789553,nan,nan,0.00
8/19/2026 7:25:20,1.17.3,LeftRight,73,3.94,1,1,Pellet,Left,405,976,222,153789553,0.41,45,nan
8/19/2026 7:25:41,1.17.3,LeftRight,73,3.96,nan,1,Right,Left,405,977,222,153811229,nan,nan,0.00
8/19/2026 7:25:43,1.17.3,LeftRight,73,3.96,nan,1,Right,Left,405,978,222,153813194,nan,nan,0.12
8/19/2026 7:25:48,1.17.3,LeftRight,73,3.95,nan,1,Right,Left,405,979,222,153817800,nan,nan,0.21
8/19/2026 7:25:51,1.17.3,LeftRight,73,3.95,nan,1,Left,Left,406,979,222,153820951,nan,nan,0.00
8/19/2026 7:25:52,1.17.3,LeftRight,73,3.95,nan,1,Right,Left,406,980,222,153822479,nan,nan,0.10
8/19/2026 7:25:53,1.17.3,LeftRight,73,3.95,1,1,Pellet,Left,406,980,223,153822479,0.17,33,nan
8/19/2026 7:26:11,1.17.3,LeftRight,73,3.95,nan,1,Right,Left,406,981,223,153841579,nan,nan,0.14
8/19/2026 7:26:17,1.17.3,LeftRight,73,3.95,nan,1,Right,Left,406,982,223,153847531,nan,nan,0.17
8/19/2026 7:26:21,1.17.3,LeftRight,73,3.95,nan,1,Right,Left,406,983,223,153850858,nan,nan,0.22
8/19/2026 7:26:23,1.17.3,LeftRight,73,3.95,nan,1,Left,Left,407,983,223,153853792,nan,nan,0.00
8/19/2026 7:26:29,1.17.3,LeftRight,73,3.95,nan,1,RESET,Left,407,983,223,153859312,nan,nan,nan
8/19/2026 7:26:31,1.17.3,LeftRight,73,3.95,nan,1,Right,Left,407,984,223,153860775,nan,nan,0.09
8/19/2026 7:26:34,1.17.3,LeftRight,73,3.95,nan,1,Left,Left,408,984,223,153863874,nan,nan,0.00
8/19/2026 7:26:37,1.17.3,LeftRight,73,3.95,nan,1,Right,Left,408,985,223,153867619,nan,nan,0.09
8/19/2026 7:26:39,1.17.3,LeftRight,73,3.95,1,1,Pellet,Left,408,985,224,153867619,0.71,46,nan
8/19/2026 7:26:54,1.17.3,LeftRight,73,3.95,nan,1,Right,Left,408,986,224,153884034,nan,nan,0.47
8/19/2026 7:26:56,1.17.3,LeftRight,73,3.95,nan,1,Right,Left,408,987,224,153886622,nan,nan,0.17
8/19/2026 7:26:59,1.17.3,LeftRight,73,3.95,nan,1,Left,Left,409,987,224,153889399,nan,nan,0.00
8/19/2026 7:27:03,1.17.3,LeftRight,73,3.94,nan,1,Right,Left,409,988,224,153893731,nan,nan,0.00
8/19/2026 7:27:18,1.17.3,LeftRight,73,3.95,2,1,Pellet,Left,409,988,225,153893731,11.63,39,nan
8/19/2026 7:27:37,1.17.3,LeftRight,73,3.95,nan,1,Left,Left,410,988,225,153927409,nan,nan,0.00
8/19/2026 7:27:42,1.17.3,LeftRight,73,3.95,nan,1,Right,Left,410,989,225,153931890,nan,nan,0.00
8/19/2026 7:27:43,1.17.3,LeftRight,73,3.96,2,1,Pellet,Left,410,989,226,153931890,0.41,25,nan
8/19/2026 7:27:57,1.17.3,LeftRight,73,3.96,nan,1,Right,Left,410,990,226,153947200,nan,nan,0.16
8/19/2026 7:27:59,1.17.3,LeftRight,73,3.95,nan,1,Left,Left,411,990,226,153949715,nan,nan,0.00
8/19/2026 7:28:01,1.17.3,LeftRight,73,3.94,nan,1,Right,Left,411,991,226,153951696,nan,nan,0.00
8/19/2026 7:28:15,1.17.3,LeftRight,73,3.95,2,1,Pellet,Left,411,991,227,153951696,11.03,32,nan
8/19/2026 7:28:40,1.17.3,LeftRight,73,3.95,nan,1,Left,Left,412,991,227,153990475,nan,nan,0.00
8/19/2026 7:28:44,1.17.3,LeftRight,73,3.95,nan,1,Right,Left,412,992,227,153994065,nan,nan,0.00
8/19/2026 7:28:45,1.17.3,LeftRight,73,3.95,1,1,Pellet,Left,412,992,228,153994065,0.47,30,nan
8/19/2026 7:28:59,1.17.3,LeftRight,73,3.95,nan,1,Left,Left,413,992,228,154009663,nan,nan,0.00
8/19/2026 7:29:01,1.17.3,LeftRight,73,3.95,nan,1,Left,Left,414,992,228,154011054,nan,nan,0.00
8/19/2026 7:29:03,1.17.3,LeftRight,73,3.94,nan,1,Right,Left,414,993,228,154013611,nan,nan,0.07
8/19/2026 7:29:04,1.17.3,LeftRight,73,3.95,1,1,Pellet,Left,414,993,229,154013611,0.35,19,nan
8/19/2026 7:31:45,1.17.3,LeftRight,73,3.95,nan,1,Right,Left,414,994,229,154175629,nan,nan,0.15
8/19/2026 7:48:33,1.17.3,LeftRight,73,3.95,nan,1,Right,Left,414,995,229,155182994,nan,nan,0.16
8/19/2026 7:49:12,1.17.3,LeftRight,73,3.95,nan,1,Right,Left,414,996,229,155222698,nan,nan,0.00
8/19/2026 7:49:21,1.17.3,LeftRight,73,3.95,nan,1,Right,Left,414,997,229,155230579,nan,nan,0.30
8/19/2026 9:20:03,1.17.3,LeftRight,73,3.94,nan,1,Right,Left,414,998,229,160673833,nan,nan,0.15
8/19/2026 9:20:06,1.17.3,LeftRight,73,3.94,nan,1,Left,Left,415,998,229,160676991,nan,nan,0.00
8/19/2026 9:20:12,1.17.3,LeftRight,73,3.94,nan,1,RESET,Left,415,998,229,160682519,nan,nan,nan
8/19/2026 9:20:14,1.17.3,LeftRight,73,3.94,nan,1,Right,Left,415,999,229,160683985,nan,nan,0.26
8/19/2026 9:20:17,1.17.3,LeftRight,73,3.94,nan,1,Right,Left,415,1000,229,160687853,nan,nan,0.16
8/19/2026 9:20:20,1.17.3,LeftRight,73,3.94,nan,1,Right,Left,415,1001,229,160691019,nan,nan,0.00
8/19/2026 9:20:23,1.17.3,LeftRight,73,3.94,nan,1,Right,Left,415,1002,229,160693136,nan,nan,0.28
8/19/2026 9:20:31,1.17.3,LeftRight,73,3.94,nan,1,Left,Left,416,1002,229,160701685,nan,nan,0.00
8/19/2026 9:20:35,1.17.3,LeftRight,73,3.94,nan,1,Left,Left,417,1002,229,160705987,nan,nan,0.00
8/19/2026 9:20:38,1.17.3,LeftRight,73,3.94,nan,1,Right,Left,417,1003,229,160708705,nan,nan,0.12
8/19/2026 9:20:40,1.17.3,LeftRight,73,3.94,1,1,Pellet,Left,417,1003,230,160708705,0.77,6696,nan
8/19/2026 9:21:13,1.17.3,LeftRight,73,3.94,nan,1,Right,Left,417,1004,230,160743681,nan,nan,0.16
8/19/2026 9:21:15,1.17.3,LeftRight,73,3.94,nan,1,Right,Left,417,1005,230,160745659,nan,nan,0.18
8/19/2026 9:27:13,1.17.3,LeftRight,73,3.94,nan,1,Right,Left,417,1006,230,161103876,nan,nan,0.08
8/19/2026 9:31:43,1.17.3,LeftRight,73,3.94,nan,1,Right,Left,417,1007,230,161372776,nan,nan,0.43
8/19/2026 9:31:45,1.17.3,LeftRight,73,3.94,nan,1,Right,Left,417,1008,230,161375029,nan,nan,0.62
8/19/2026 9:31:50,1.17.3,LeftRight,73,3.94,nan,1,Left,Left,418,1008,230,161380798,nan,nan,0.00
8/19/2026 9:31:56,1.17.3,LeftRight,73,3.94,nan,1,RESET,Left,418,1008,230,161386625,nan,nan,nan
8/19/2026 9:35:46,1.17.3,LeftRight,73,3.94,nan,1,Right,Left,418,1009,230,161616258,nan,nan,0.00
8/19/2026 9:36:02,1.17.3,LeftRight,73,3.94,nan,1,Right,Left,418,1010,230,161632188,nan,nan,0.34
8/19/2026 9:37:31,1.17.3,LeftRight,73,3.94,nan,1,Right,Left,418,1011,230,161721249,nan,nan,0.06
8/19/2026 9:41:21,1.17.3,LeftRight,73,3.94,nan,1,Left,Left,419,1011,230,161951877,nan,nan,0.00
8/19/2026 9:41:26,1.17.3,LeftRight,73,3.94,nan,1,RESET,Left,419,1011,230,161956654,nan,nan,nan
8/19/2026 9:45:50,1.17.3,LeftRight,73,3.94,nan,1,Left,Left,420,1011,230,162220467,nan,nan,0.00
8/19/2026 9:45:54,1.17.3,LeftRight,73,3.94,nan,1,Left,Left,421,1011,230,162224496,nan,nan,0.00
8/19/2026 9:45:59,1.17.3,LeftRight,73,3.94,nan,1,Right,Left,421,1012,230,162229283,nan,nan,0.08
8/19/2026 9:46:02,1.17.3,LeftRight,73,3.94,2,1,Pellet,Left,421,1012,231,162229283,0.89,1522,nan
8/19/2026 9:52:01,1.17.3,LeftRight,73,3.94,nan,1,Right,Left,421,1013,231,162591629,nan,nan,0.08
8/19/2026 9:52:05,1.17.3,LeftRight,73,3.94,nan,1,Right,Left,421,1014,231,162595009,nan,nan,0.28
8/19/2026 11:42:29,1.17.3,LeftRight,73,3.93,nan,1,Left,Left,422,1014,231,169219633,nan,nan,0.00
8/19/2026 11:42:34,1.17.3,LeftRight,73,3.93,nan,1,Right,Left,422,1015,231,169224858,nan,nan,0.04
8/19/2026 11:42:35,1.17.3,LeftRight,73,3.93,1,1,Pellet,Left,422,1015,232,169224858,0.71,6993,nan
8/19/2026 11:43:03,1.17.3,LeftRight,73,3.93,nan,1,Left,Left,423,1015,232,169253733,nan,nan,0.00
8/19/2026 11:43:08,1.17.3,LeftRight,73,3.93,nan,1,RESET,Left,423,1015,232,169259105,nan,nan,nan
8/19/2026 11:43:28,1.17.3,LeftRight,73,3.93,nan,1,Right,Left,423,1016,232,169279090,nan,nan,0.23
8/19/2026 11:43:31,1.17.3,LeftRight,73,3.93,nan,1,Left,Left,424,1016,232,169282541,nan,nan,0.00
8/19/2026 11:43:37,1.17.3,LeftRight,73,3.93,nan,1,RESET,Left,424,1016,232,169288062,nan,nan,nan
8/19/2026 11:43:43,1.17.3,LeftRight,73,3.93,nan,1,Right,Left,424,1017,232,169294412,nan,nan,0.04
8/19/2026 11:43:46,1.17.3,LeftRight,73,3.93,nan,1,Right,Left,424,1018,232,169297011,nan,nan,0.15
8/19/2026 11:43:49,1.17.3,LeftRight,73,3.93,nan,1,Right,Left,424,1019,232,169299871,nan,nan,0.08
8/19/2026 11:44:34,1.17.3,LeftRight,73,3.93,nan,1,Right,Left,424,1020,232,169345580,nan,nan,0.00
8/19/2026 11:44:35,1.17.3,LeftRight,73,3.93,nan,1,Right,Left,424,1021,232,169346072,nan,nan,0.10
8/19/2026 11:44:43,1.17.3,LeftRight,73,3.93,nan,1,Left,Left,425,1021,232,169353856,nan,nan,0.00
8/19/2026 11:44:47,1.17.3,LeftRight,73,3.93,nan,1,Right,Left,425,1022,232,169357747,nan,nan,0.00
8/19/2026 11:44:48,1.17.3,LeftRight,73,3.93,2,1,Pellet,Left,425,1022,233,169357747,0.06,133,nan
8/19/2026 11:45:15,1.17.3,LeftRight,73,3.93,nan,1,Right,Left,425,1023,233,169386366,nan,nan,0.01
8/19/2026 11:45:26,1.17.3,LeftRight,73,3.93,nan,1,Right,Left,425,1024,233,169397535,nan,nan,0.01
8/19/2026 11:45:30,1.17.3,LeftRight,73,3.93,nan,1,Right,Left,425,1025,233,169401141,nan,nan,0.17
8/19/2026 11:45:32,1.17.3,LeftRight,73,3.93,nan,1,Right,Left,425,1026,233,169402832,nan,nan,0.17
8/19/2026 11:45:37,1.17.3,LeftRight,73,3.93,nan,1,Left,Left,426,1026,233,169408385,nan,nan,0.00
8/19/2026 11:45:39,1.17.3,LeftRight,73,3.93,nan,1,Right,Left,426,1027,233,169409612,nan,nan,0.00
8/19/2026 11:45:40,1.17.3,LeftRight,73,3.93,1,1,Pellet,Left,426,1027,234,169409612,0.71,52,nan
8/19/2026 11:51:54,1.17.3,LeftRight,73,3.93,nan,1,Left,Left,427,1027,234,169784905,nan,nan,0.00
8/19/2026 11:51:59,1.17.3,LeftRight,73,3.93,nan,1,RESET,Left,427,1027,234,169790126,nan,nan,nan
8/19/2026 11:52:25,1.17.3,LeftRight,73,3.93,nan,1,Right,Left,427,1028,234,169815432,nan,nan,0.35
8/19/2026 11:53:07,1.17.3,LeftRight,73,3.93,nan,1,Left,Left,428,1028,234,169857676,nan,nan,0.00
8/19/2026 11:53:12,1.17.3,LeftRight,73,3.93,nan,1,RESET,Left,428,1028,234,169863063,nan,nan,nan
8/19/2026 11:55:42,1.17.3,LeftRight,73,3.93,nan,1,Left,Left,429,1028,234,170012872,nan,nan,0.00
8/19/2026 11:55:47,1.17.3,LeftRight,73,3.93,nan,1,RESET,Left,429,1028,234,170018102,nan,nan,nan
8/19/2026 11:55:54,1.17.3,LeftRight,73,3.93,nan,1,Right,Left,429,1029,234,170025213,nan,nan,0.05
8/19/2026 11:56:00,1.17.3,LeftRight,73,3.93,nan,1,Right,Left,429,1030,234,170031382,nan,nan,0.02
8/19/2026 11:56:03,1.17.3,LeftRight,73,3.93,nan,1,Left,Left,430,1030,234,170033990,nan,nan,0.00
8/19/2026 11:56:08,1.17.3,LeftRight,73,3.93,nan,1,RESET,Left,430,1030,234,170039078,nan,nan,nan
8/19/2026 11:56:08,1.17.3,LeftRight,73,3.93,nan,1,Right,Left,430,1031,234,170039357,nan,nan,0.19
8/19/2026 11:56:11,1.17.3,LeftRight,73,3.93,nan,1,Left,Left,431,1031,234,170042314,nan,nan,0.00
8/19/2026 11:56:13,1.17.3,LeftRight,73,3.93,nan,1,Right,Left,431,1032,234,170043687,nan,nan,0.03
8/19/2026 11:56:14,1.17.3,LeftRight,73,3.93,1,1,Pellet,Left,431,1032,235,170043687,0.47,634,nan
8/19/2026 12:02:19,1.17.3,LeftRight,73,3.93,nan,1,Left,Left,432,1032,235,170410153,nan,nan,0.00
8/19/2026 12:02:22,1.17.3,LeftRight,73,3.93,nan,1,Right,Left,432,1033,235,170412865,nan,nan,0.04
8/19/2026 12:02:23,1.17.3,LeftRight,73,3.93,1,1,Pellet,Left,432,1033,236,170412865,0.65,369,nan
8/19/2026 12:02:38,1.17.3,LeftRight,73,3.93,nan,1,Right,Left,432,1034,236,170428966,nan,nan,0.00
8/19/2026 12:02:39,1.17.3,LeftRight,73,3.93,nan,1,Right,Left,432,1035,236,170430342,nan,nan,0.00
8/19/2026 12:02:46,1.17.3,LeftRight,73,3.93,nan,1,Right,Left,432,1036,236,170436623,nan,nan,0.19
8/19/2026 12:02:47,1.17.3,LeftRight,73,3.93,nan,1,Right,Left,432,1037,236,170437744,nan,nan,0.29
8/19/2026 12:02:51,1.17.3,LeftRight,73,3.93,nan,1,Right,Left,432,1038,236,170442084,nan,nan,0.00
8/19/2026 12:02:53,1.17.3,LeftRight,73,3.93,nan,1,Right,Left,432,1039,236,170444065,nan,nan,0.05
8/19/2026 12:04:14,1.17.3,LeftRight,73,3.93,nan,1,Right,Left,432,1040,236,170524285,nan,nan,0.38
8/19/2026 12:05:00,1.17.3,LeftRight,73,3.93,nan,1,Right,Left,432,1041,236,170571278,nan,nan,0.14
8/19/2026 12:05:02,1.17.3,LeftRight,73,3.93,nan,1,Right,Left,432,1042,236,170573239,nan,nan,0.00
8/19/2026 12:05:05,1.17.3,LeftRight,73,3.93,nan,1,Right,Left,432,1043,236,170575357,nan,nan,1.21
8/19/2026 12:05:10,1.17.3,LeftRight,73,3.93,nan,1,Right,Left,432,1044,236,170580916,nan,nan,0.28
8/19/2026 12:05:13,1.17.3,LeftRight,73,3.93,nan,1,Right,Left,432,1045,236,170583319,nan,nan,0.56
8/19/2026 12:05:19,1.17.3,LeftRight,73,3.93,nan,1,Left,Left,433,1045,236,170590104,nan,nan,0.00
8/19/2026 12:05:24,1.17.3,LeftRight,73,3.93,nan,1,RESET,Left,433,1045,236,170595041,nan,nan,nan
8/19/2026 12:05:25,1.17.3,LeftRight,73,3.93,nan,1,Left,Left,434,1045,236,170596417,nan,nan,0.00
8/19/2026 12:05:27,1.17.3,LeftRight,73,3.93,nan,1,Right,Left,434,1046,236,170598090,nan,nan,0.00
8/19/2026 12:05:31,1.17.3,LeftRight,73,3.93,2,1,Pellet,Left,434,1046,237,170598090,0.95,188,nan
8/19/2026 12:05:53,1.17.3,LeftRight,73,3.93,nan,1,Right,Left,434,1047,237,170623526,nan,nan,0.21
8/19/2026 12:06:55,1.17.3,LeftRight,73,3.93,nan,1,Right,Left,434,1048,237,170686312,nan,nan,0.00
8/19/2026 12:47:30,1.17.3,LeftRight,73,3.92,nan,1,Right,Left,434,1049,237,173121503,nan,nan,0.11
8/19/2026 13:31:33,1.17.3,LeftRight,73,3.92,nan,1,Right,Left,434,1050,237,175764018,nan,nan,0.12
8/19/2026 13:41:52,1.17.3,LeftRight,73,3.92,nan,1,Right,Left,434,1051,237,176383616,nan,nan,0.21
8/19/2026 13:41:59,1.17.3,LeftRight,73,3.92,nan,1,Left,Left,435,1051,237,176390675,nan,nan,0.00
8/19/2026 13:42:04,1.17.3,LeftRight,73,3.92,nan,1,Right,Left,435,1052,237,176394871,nan,nan,0.16
8/19/2026 13:42:05,1.17.3,LeftRight,73,3.92,1,1,Pellet,Left,435,1052,238,176394871,0.29,5794,nan
8/19/2026 13:42:36,1.17.3,LeftRight,73,3.92,nan,1,Right,Left,435,1053,238,176427205,nan,nan,0.22
8/19/2026 13:42:39,1.17.3,LeftRight,73,3.92,nan,1,Right,Left,435,1054,238,176430140,nan,nan,0.24
8/19/2026 13:42:42,1.17.3,LeftRight,73,3.92,nan,1,Left,Left,436,1054,238,176433010,nan,nan,0.00
8/19/2026 13:42:45,1.17.3,LeftRight,73,3.92,nan,1,Right,Left,436,1055,238,176436618,nan,nan,0.04
8/19/2026 13:42:46,1.17.3,LeftRight,73,3.92,1,1,Pellet,Left,436,1055,239,176436618,0.29,41,nan
8/19/2026 13:43:17,1.17.3,LeftRight,73,3.92,nan,1,Right,Left,436,1056,239,176468387,nan,nan,0.12
8/19/2026 13:43:21,1.17.3,LeftRight,73,3.92,nan,1,Left,Left,437,1056,239,176472008,nan,nan,0.00
8/19/2026 13:43:26,1.17.3,LeftRight,73,3.93,nan,1,RESET,Left,437,1056,239,176477388,nan,nan,nan
8/19/2026 13:43:28,1.17.3,LeftRight,73,3.92,nan,1,Left,Left,438,1056,239,176479682,nan,nan,0.00
8/19/2026 13:43:31,1.17.3,LeftRight,73,3.92,nan,1,Right,Left,438,1057,239,176482691,nan,nan,0.18
8/19/2026 13:43:33,1.17.3,LeftRight,73,3.92,1,1,Pellet,Left,438,1057,240,176482691,0.41,47,nan
8/19/2026 13:43:49,1.17.3,LeftRight,73,3.91,nan,1,Right,Left,438,1058,240,176499908,nan,nan,0.16
8/19/2026 13:43:50,1.17.3,LeftRight,73,3.92,nan,1,Right,Left,438,1059,240,176501149,nan,nan,0.25
8/19/2026 13:43:53,1.17.3,LeftRight,73,3.92,nan,1,Left,Left,439,1059,240,176504546,nan,nan,0.00
8/19/2026 13:43:57,1.17.3,LeftRight,73,3.92,nan,1,Right,Left,439,1060,240,176508958,nan,nan,0.00
8/19/2026 13:43:59,1.17.3,LeftRight,73,3.91,2,1,Pellet,Left,439,1060,241,176508958,0.06,26,nan
8/19/2026 13:44:14,1.17.3,LeftRight,73,3.92,nan,1,Left,Left,440,1060,241,176525769,nan,nan,0.00
8/19/2026 13:44:19,1.17.3,LeftRight,73,3.92,nan,1,Right,Left,440,1061,241,176530105,nan,nan,0.20
8/19/2026 13:44:20,1.17.3,LeftRight,73,3.92,1,1,Pellet,Left,440,1061,242,176530105,0.59,21,nan
8/19/2026 13:44:40,1.17.3,LeftRight,73,3.91,nan,1,Left,Left,441,1061,242,176551343,nan,nan,0.00
8/19/2026 13:44:44,1.17.3,LeftRight,73,3.92,nan,1,RESET,Left,441,1061,242,176555380,nan,nan,nan
8/19/2026 13:44:45,1.17.3,LeftRight,73,3.92,nan,1,Right,Left,441,1062,242,176556103,nan,nan,0.18
8/19/2026 13:44:47,1.17.3,LeftRight,73,3.92,nan,1,Left,Left,442,1062,242,176558415,nan,nan,0.00
8/19/2026 13:44:48,1.17.3,LeftRight,73,3.92,nan,1,Left,Left,443,1062,242,176559821,nan,nan,0.00
8/19/2026 13:44:52,1.17.3,LeftRight,73,3.92,nan,1,Right,Left,443,1063,242,176562981,nan,nan,0.00
8/19/2026 13:44:52,1.17.3,LeftRight,73,3.91,nan,1,RightDuringDispense,Left,443,1064,242,176562981,nan,nan,0.04
8/19/2026 13:44:53,1.17.3,LeftRight,73,3.92,1,1,Pellet,Left,443,1064,243,176562981,0.59,33,nan
8/19/2026 13:45:08,1.17.3,LeftRight,73,3.92,nan,1,Left,Left,444,1064,243,176579864,nan,nan,0.00
8/19/2026 13:45:12,1.17.3,LeftRight,73,3.92,nan,1,Right,Left,444,1065,243,176583758,nan,nan,0.21
8/19/2026 13:45:14,1.17.3,LeftRight,73,3.92,1,1,Pellet,Left,444,1065,244,176583758,0.83,21,nan
8/19/2026 13:45:31,1.17.3,LeftRight,73,3.92,nan,1,Right,Left,444,1066,244,176602050,nan,nan,0.00
8/19/2026 13:45:32,1.17.3,LeftRight,73,3.92,nan,1,Right,Left,444,1067,244,176603277,nan,nan,0.01
8/19/2026 15:39:03,1.17.3,LeftRight,73,3.91,nan,1,Right,Left,444,1068,244,183414845,nan,nan,0.02
8/19/2026 15:39:13,1.17.3,LeftRight,73,3.91,nan,1,Right,Left,444,1069,244,183424688,nan,nan,0.05
8/19/2026 15:39:20,1.17.3,LeftRight,73,3.91,nan,1,Left,Left,445,1069,244,183431591,nan,nan,0.00
8/19/2026 15:39:24,1.17.3,LeftRight,73,3.91,nan,1,Right,Left,445,1070,244,183435346,nan,nan,0.14
8/19/2026 15:39:25,1.17.3,LeftRight,73,3.91,1,1,Pellet,Left,445,1070,245,183435346,0.35,6851,nan
8/19/2026 15:39:46,1.17.3,LeftRight,73,3.91,nan,1,Right,Left,445,1071,245,183458216,nan,nan,0.04
8/19/2026 15:39:48,1.17.3,LeftRight,73,3.91,nan,1,Right,Left,445,1072,245,183459923,nan,nan,0.30
8/19/2026 15:39:50,1.17.3,LeftRight,73,3.91,nan,1,Right,Left,445,1073,245,183461455,nan,nan,0.38
8/19/2026 15:39:52,1.17.3,LeftRight,73,3.91,nan,1,Right,Left,445,1074,245,183463361,nan,nan,0.37
8/19/2026 15:39:54,1.17.3,LeftRight,73,3.91,nan,1,Right,Left,445,1075,245,183465258,nan,nan,0.24
8/19/2026 15:39:56,1.17.3,LeftRight,73,3.91,nan,1,Right,Left,445,1076,245,183467168,nan,nan,0.40
8/19/2026 15:39:58,1.17.3,LeftRight,73,3.91,nan,1,Left,Left,446,1076,245,183470078,nan,nan,0.00
8/19/2026 15:40:03,1.17.3,LeftRight,73,3.91,nan,1,RESET,Left,446,1076,245,183474715,nan,nan,nan
8/19/2026 15:40:04,1.17.3,LeftRight,73,3.91,nan,1,Right,Left,446,1077,245,183475890,nan,nan,0.28
8/19/2026 15:40:08,1.17.3,LeftRight,73,3.91,nan,1,Right,Left,446,1078,245,183479023,nan,nan,0.40
8/19/2026 15:40:10,1.17.3,LeftRight,73,3.91,nan,1,Left,Left,447,1078,245,183481615,nan,nan,0.00
8/19/2026 15:40:13,1.17.3,LeftRight,73,3.91,nan,1,Right,Left,447,1079,245,183484323,nan,nan,0.08
8/19/2026 15:40:14,1.17.3,LeftRight,73,3.91,1,1,Pellet,Left,447,1079,246,183484323,0.59,49,nan
8/19/2026 15:40:32,1.17.3,LeftRight,73,3.91,nan,1,Left,Left,448,1079,246,183503507,nan,nan,0.00
8/19/2026 15:40:33,1.17.3,LeftRight,73,3.91,nan,1,Left,Left,449,1079,246,183505083,nan,nan,0.00
8/19/2026 15:40:38,1.17.3,LeftRight,73,3.91,nan,1,RESET,Left,449,1079,246,183509719,nan,nan,nan
8/19/2026 15:40:38,1.17.3,LeftRight,73,3.91,nan,1,Right,Left,449,1080,246,183509850,nan,nan,0.16
8/19/2026 15:40:40,1.17.3,LeftRight,73,3.91,nan,1,Right,Left,449,1081,246,183511235,nan,nan,0.65
8/19/2026 15:40:44,1.17.3,LeftRight,73,3.91,nan,1,Left,Left,450,1081,246,183516241,nan,nan,0.00
8/19/2026 15:40:49,1.17.3,LeftRight,73,3.91,nan,1,RESET,Left,450,1081,246,183520736,nan,nan,nan
8/19/2026 15:40:50,1.17.3,LeftRight,73,3.91,nan,1,Right,Left,450,1082,246,183522053,nan,nan,0.20
8/19/2026 15:40:52,1.17.3,LeftRight,73,3.91,nan,1,Left,Left,451,1082,246,183523929,nan,nan,0.00
8/19/2026 15:40:54,1.17.3,LeftRight,73,3.91,nan,1,Right,Left,451,1083,246,183526195,nan,nan,0.01
8/19/2026 15:40:56,1.17.3,LeftRight,73,3.91,1,1,Pellet,Left,451,1083,247,183526195,0.41,42,nan
8/19/2026 15:41:14,1.17.3,LeftRight,73,3.91,nan,1,Left,Left,452,1083,247,183545668,nan,nan,0.00
8/19/2026 15:41:15,1.17.3,LeftRight,73,3.91,nan,1,Left,Left,453,1083,247,183546993,nan,nan,0.00
8/19/2026 15:41:20,1.17.3,LeftRight,73,3.91,nan,1,RESET,Left,453,1083,247,183551785,nan,nan,nan
8/19/2026 15:41:21,1.17.3,LeftRight,73,3.91,nan,1,Right,Left,453,1084,247,183552657,nan,nan,0.00
8/19/2026 15:41:23,1.17.3,LeftRight,73,3.91,nan,1,Right,Left,453,1085,247,183554180,nan,nan,0.22
8/19/2026 15:41:25,1.17.3,LeftRight,73,3.91,nan,1,Left,Left,454,1085,247,183556840,nan,nan,0.00
8/19/2026 15:41:29,1.17.3,LeftRight,73,3.91,nan,1,RESET,Left,454,1085,247,183560732,nan,nan,nan
8/19/2026 15:41:30,1.17.3,LeftRight,73,3.91,nan,1,Right,Left,454,1086,247,183562048,nan,nan,0.02
8/19/2026 15:41:32,1.17.3,LeftRight,73,3.91,nan,1,Left,Left,455,1086,247,183563954,nan,nan,0.00
8/19/2026 15:41:36,1.17.3,LeftRight,73,3.91,nan,1,Right,Left,455,1087,247,183567552,nan,nan,0.27
8/19/2026 15:41:50,1.17.3,LeftRight,73,3.91,2,1,Pellet,Left,455,1087,248,183567552,11.03,54,nan
8/19/2026 15:42:10,1.17.3,LeftRight,73,3.91,nan,1,Left,Left,456,1087,248,183601777,nan,nan,0.00
8/19/2026 15:42:13,1.17.3,LeftRight,73,3.91,nan,1,Left,Left,457,1087,248,183604491,nan,nan,0.00
8/19/2026 15:42:16,1.17.3,LeftRight,73,3.91,nan,1,Right,Left,457,1088,248,183607645,nan,nan,0.22
8/19/2026 15:42:22,1.17.3,LeftRight,73,3.91,3,1,Pellet,Left,457,1088,249,183607645,0.77,32,nan
8/19/2026 15:42:40,1.17.3,LeftRight,73,3.91,nan,1,Right,Left,457,1089,249,183631553,nan,nan,0.31
8/19/2026 15:42:41,1.17.3,LeftRight,73,3.91,nan,1,Right,Left,457,1090,249,183632349,nan,nan,0.00
8/19/2026 15:42:45,1.17.3,LeftRight,73,3.91,nan,1,Left,Left,458,1090,249,183636430,nan,nan,0.00
8/19/2026 15:42:49,1.17.3,LeftRight,73,3.91,nan,1,RESET,Left,458,1090,249,183640773,nan,nan,nan
8/19/2026 15:42:49,1.17.3,LeftRight,73,3.91,nan,1,Right,Left,458,1091,249,183641201,nan,nan,0.02
8/19/2026 15:42:51,1.17.3,LeftRight,73,3.91,nan,1,Right,Left,458,1092,249,183642447,nan,nan,0.20
8/19/2026 15:42:53,1.17.3,LeftRight,73,3.91,nan,1,Left,Left,459,1092,249,183645140,nan,nan,0.00
8/19/2026 15:42:54,1.17.3,LeftRight,73,3.91,nan,1,Left,Left,460,1092,249,183645863,nan,nan,0.00
8/19/2026 15:42:58,1.17.3,LeftRight,73,3.91,nan,1,Right,Left,460,1093,249,183649613,nan,nan,0.18
8/19/2026 15:42:59,1.17.3,LeftRight,73,3.91,2,1,Pellet,Left,460,1093,250,183649613,0.06,37,nan
8/19/2026 15:43:13,1.17.3,LeftRight,73,3.91,nan,1,Left,Left,461,1093,250,183664581,nan,nan,0.00
8/19/2026 15:43:14,1.17.3,LeftRight,73,3.91,nan,1,Right,Left,461,1094,250,183666111,nan,nan,0.01
8/19/2026 15:43:18,1.17.3,LeftRight,73,3.91,3,1,Pellet,Left,461,1094,251,183666111,0.47,19,nan
8/19/2026 15:43:35,1.17.3,LeftRight,73,3.91,nan,1,Right,Left,461,1095,251,183686547,nan,nan,0.10
8/19/2026 15:43:37,1.17.3,LeftRight,73,3.91,nan,1,Right,Left,461,1096,251,183689054,nan,nan,0.24
8/19/2026 15:43:40,1.17.3,LeftRight,73,3.91,nan,1,Left,Left,462,1096,251,183691799,nan,nan,0.00
8/19/2026 15:43:44,1.17.3,LeftRight,73,3.91,nan,1,RESET,Left,462,1096,251,183695702,nan,nan,nan
8/19/2026 15:43:44,1.17.3,LeftRight,73,3.91,nan,1,Right,Left,462,1097,251,183695833,nan,nan,0.21
8/19/2026 15:43:48,1.17.3,LeftRight,73,3.91,nan,1,Left,Left,463,1097,251,183699346,nan,nan,0.00
8/19/2026 15:43:50,1.17.3,LeftRight,73,3.91,nan,1,Right,Left,463,1098,251,183701906,nan,nan,0.19
8/19/2026 15:43:52,1.17.3,LeftRight,73,3.91,2,1,Pellet,Left,463,1098,252,183701906,0.23,34,nan
8/19/2026 15:44:07,1.17.3,LeftRight,73,3.91,nan,1,Right,Left,463,1099,252,183718673,nan,nan,0.03
8/19/2026 16:42:14,1.17.3,LeftRight,73,3.90,nan,1,Right,Left,463,1100,252,187205858,nan,nan,0.12
8/19/2026 16:42:20,1.17.3,LeftRight,73,3.90,nan,1,Right,Left,463,1101,252,187211653,nan,nan,0.00
8/19/2026 16:42:22,1.17.3,LeftRight,73,3.91,nan,1,Right,Left,463,1102,252,187213176,nan,nan,0.56
8/19/2026 16:42:23,1.17.3,LeftRight,73,3.91,nan,1,Right,Left,463,1103,252,187214813,nan,nan,0.37
8/19/2026 16:42:26,1.17.3,LeftRight,73,3.91,nan,1,Left,Left,464,1103,252,187218335,nan,nan,0.00
8/19/2026 16:42:31,1.17.3,LeftRight,73,3.91,nan,1,RESET,Left,464,1103,252,187222978,nan,nan,nan
8/19/2026 16:42:33,1.17.3,LeftRight,73,3.90,nan,1,Right,Left,464,1104,252,187224739,nan,nan,0.00
8/19/2026 16:42:35,1.17.3,LeftRight,73,3.91,nan,1,Right,Left,464,1105,252,187226718,nan,nan,0.58
8/19/2026 16:42:43,1.17.3,LeftRight,73,3.91,nan,1,Left,Left,465,1105,252,187234534,nan,nan,0.00
8/19/2026 16:42:45,1.17.3,LeftRight,73,3.90,nan,1,Right,Left,465,1106,252,187236651,nan,nan,0.21
8/19/2026 16:42:46,1.17.3,LeftRight,73,3.90,2,1,Pellet,Left,465,1106,253,187236651,0.53,3534,nan
8/19/2026 16:43:09,1.17.3,LeftRight,73,3.91,nan,1,Left,Left,466,1106,253,187261410,nan,nan,0.00
8/19/2026 16:43:13,1.17.3,LeftRight,73,3.90,nan,1,Right,Left,466,1107,253,187265011,nan,nan,0.28
8/19/2026 16:43:14,1.17.3,LeftRight,73,3.91,2,1,Pellet,Left,466,1107,254,187265011,0.29,28,nan
8/19/2026 16:43:30,1.17.3,LeftRight,73,3.91,nan,1,Left,Left,467,1107,254,187281747,nan,nan,0.00
8/19/2026 16:43:34,1.17.3,LeftRight,73,3.90,nan,1,RESET,Left,467,1107,254,187285941,nan,nan,nan
8/19/2026 16:43:36,1.17.3,LeftRight,73,3.90,nan,1,Right,Left,467,1108,254,187287701,nan,nan,0.15
8/19/2026 16:43:40,1.17.3,LeftRight,73,3.91,nan,1,Right,Left,467,1109,254,187291447,nan,nan,0.09
8/19/2026 16:43:42,1.17.3,LeftRight,73,3.91,nan,1,Right,Left,467,1110,254,187293798,nan,nan,0.39
8/19/2026 16:43:45,1.17.3,LeftRight,73,3.90,nan,1,Right,Left,467,1111,254,187296447,nan,nan,0.32
8/19/2026 16:43:46,1.17.3,LeftRight,73,3.90,nan,1,Right,Left,467,1112,254,187297994,nan,nan,0.16
8/19/2026 16:43:50,1.17.3,LeftRight,73,3.90,nan,1,Left,Left,468,1112,254,187301531,nan,nan,0.00
8/19/2026 16:43:54,1.17.3,LeftRight,73,3.91,nan,1,RESET,Left,468,1112,254,187306017,nan,nan,nan
8/19/2026 16:43:54,1.17.3,LeftRight,73,3.90,nan,1,Right,Left,468,1113,254,187306148,nan,nan,0.04
8/19/2026 16:43:58,1.17.3,LeftRight,73,3.91,nan,1,Left,Left,469,1113,254,187309819,nan,nan,0.00
8/19/2026 16:44:02,1.17.3,LeftRight,73,3.90,nan,1,RESET,Left,469,1113,254,187314007,nan,nan,nan
8/19/2026 16:44:06,1.17.3,LeftRight,73,3.91,nan,1,Right,Left,469,1114,254,187317698,nan,nan,0.12
8/19/2026 16:44:09,1.17.3,LeftRight,73,3.90,nan,1,Right,Left,469,1115,254,187319484,nan,nan,1.26
8/19/2026 16:44:12,1.17.3,LeftRight,73,3.91,nan,1,Right,Left,469,1116,254,187322562,nan,nan,1.12
8/19/2026 16:44:13,1.17.3,LeftRight,73,3.90,nan,1,Right,Left,469,1117,254,187325205,nan,nan,0.00
8/19/2026 16:44:14,1.17.3,LeftRight,73,3.91,nan,1,Right,Left,469,1118,254,187325691,nan,nan,0.08
8/19/2026 16:44:14,1.17.3,LeftRight,73,3.91,nan,1,Right,Left,469,1119,254,187326267,nan,nan,0.17
8/19/2026 16:44:18,1.17.3,LeftRight,73,3.91,nan,1,Right,Left,469,1120,254,187329293,nan,nan,0.31
8/19/2026 16:44:20,1.17.3,LeftRight,73,3.90,nan,1,Left,Left,470,1120,254,187332062,nan,nan,0.00
8/19/2026 16:44:21,1.17.3,LeftRight,73,3.91,nan,1,Left,Left,471,1120,254,187333296,nan,nan,0.00
8/19/2026 16:44:25,1.17.3,LeftRight,73,3.91,nan,1,Right,Left,471,1121,254,187336593,nan,nan,0.10
8/19/2026 16:44:26,1.17.3,LeftRight,73,3.90,2,1,Pellet,Left,471,1121,255,187336593,0.23,72,nan
8/19/2026 16:44:41,1.17.3,LeftRight,73,3.91,nan,1,Left,Left,472,1121,255,187352524,nan,nan,0.00
8/19/2026 16:44:45,1.17.3,LeftRight,73,3.91,nan,1,RESET,Left,472,1121,255,187357006,nan,nan,nan
8/19/2026 16:44:46,1.17.3,LeftRight,73,3.91,nan,1,Right,Left,472,1122,255,187358026,nan,nan,0.38
8/19/2026 16:44:48,1.17.3,LeftRight,73,3.90,nan,1,Right,Left,472,1123,255,187360074,nan,nan,0.15
8/19/2026 16:44:50,1.17.3,LeftRight,73,3.90,nan,1,Left,Left,473,1123,255,187362299,nan,nan,0.00
8/19/2026 16:44:53,1.17.3,LeftRight,73,3.91,nan,1,Right,Left,473,1124,255,187364865,nan,nan,0.12
8/19/2026 16:45:05,1.17.3,LeftRight,73,3.91,2,1,Pellet,Left,473,1124,256,187364865,9.29,39,nan
8/19/2026 16:45:24,1.17.3,LeftRight,73,3.91,nan,1,Left,Left,474,1124,256,187396149,nan,nan,0.00
8/19/2026 16:45:28,1.17.3,LeftRight,73,3.91,nan,1,Right,Left,474,1125,256,187399746,nan,nan,0.00
8/19/2026 16:45:29,1.17.3,LeftRight,73,3.91,1,1,Pellet,Left,474,1125,257,187399746,0.41,24,nan
8/19/2026 16:45:49,1.17.3,LeftRight,73,3.91,nan,1,Left,Left,475,1125,257,187421044,nan,nan,0.00
8/19/2026 16:45:53,1.17.3,LeftRight,73,3.90,nan,1,RESET,Left,475,1125,257,187424946,nan,nan,nan
8/19/2026 16:45:53,1.17.3,LeftRight,73,3.90,nan,1,Right,Left,475,1126,257,187425077,nan,nan,0.12
8/19/2026 16:45:58,1.17.3,LeftRight,73,3.90,nan,1,Right,Left,475,1127,257,187429535,nan,nan,0.08
8/19/2026 16:46:00,1.17.3,LeftRight,73,3.91,nan,1,Left,Left,476,1127,257,187432202,nan,nan,0.00
8/19/2026 16:46:04,1.17.3,LeftRight,73,3.90,nan,1,Right,Left,476,1128,257,187435360,nan,nan,0.30
8/19/2026 16:46:16,1.17.3,LeftRight,73,3.91,2,1,Pellet,Left,476,1128,258,187435360,10.01,47,nan
8/19/2026 16:46:39,1.17.3,LeftRight,73,3.91,nan,1,Right,Left,476,1129,258,187470849,nan,nan,0.13
8/19/2026 16:46:42,1.17.3,LeftRight,73,3.90,nan,1,Left,Left,477,1129,258,187474436,nan,nan,0.00
8/19/2026 16:46:44,1.17.3,LeftRight,73,3.91,nan,1,Right,Left,477,1130,258,187475663,nan,nan,0.08
8/19/2026 16:46:45,1.17.3,LeftRight,73,3.90,1,1,Pellet,Left,477,1130,259,187475663,0.47,29,nan
8/19/2026 16:52:58,1.17.3,LeftRight,73,3.91,nan,1,Right,Left,477,1131,259,187849697,nan,nan,0.37
8/19/2026 16:53:01,1.17.3,LeftRight,73,3.91,nan,1,Right,Left,477,1132,259,187852776,nan,nan,0.25
8/19/2026 16:53:03,1.17.3,LeftRight,73,3.90,nan,1,Right,Left,477,1133,259,187854253,nan,nan,0.35
8/19/2026 16:57:18,1.17.3,LeftRight,73,3.90,nan,1,Right,Left,477,1134,259,188109324,nan,nan,0.39
8/19/2026 16:57:22,1.17.3,LeftRight,73,3.90,nan,1,Right,Left,477,1135,259,188113314,nan,nan,0.47
8/19/2026 17:02:48,1.17.3,LeftRight,73,3.90,nan,1,Right,Left,477,1136,259,188440258,nan,nan,0.12
8/19/2026 17:12:49,1.17.3,LeftRight,73,3.91,nan,1,Left,Left,478,1136,259,189041254,nan,nan,0.00
8/19/2026 17:12:54,1.17.3,LeftRight,73,3.90,nan,1,RESET,Left,478,1136,259,189046035,nan,nan,nan
8/19/2026 17:12:58,1.17.3,LeftRight,73,3.90,nan,1,Left,Left,479,1136,259,189049671,nan,nan,0.00
8/19/2026 17:13:02,1.17.3,LeftRight,73,3.90,nan,1,RESET,Left,479,1136,259,189054006,nan,nan,nan
8/19/2026 17:15:28,1.17.3,LeftRight,73,3.90,nan,1,Left,Left,480,1136,259,189200133,nan,nan,0.00
8/19/2026 17:15:33,1.17.3,LeftRight,73,3.91,nan,1,RESET,Left,480,1136,259,189205064,nan,nan,nan
8/19/2026 17:19:34,1.17.3,LeftRight,73,3.90,nan,1,Left,Left,481,1136,259,189446458,nan,nan,0.00
8/19/2026 17:19:37,1.17.3,LeftRight,73,3.89,nan,1,Right,Left,481,1137,259,189449609,nan,nan,0.00
8/19/2026 17:19:39,1.17.3,LeftRight,73,3.90,1,1,Pellet,Left,481,1137,260,189449609,0.65,1974,nan
8/19/2026 17:19:54,1.17.3,LeftRight,73,3.91,nan,1,Left,Left,482,1137,260,189466592,nan,nan,0.00
8/19/2026 17:19:59,1.17.3,LeftRight,73,3.91,nan,1,Right,Left,482,1138,260,189470928,nan,nan,0.20
8/19/2026 17:20:00,1.17.3,LeftRight,73,3.91,2,1,Pellet,Left,482,1138,261,189470928,0.06,21,nan
8/19/2026 17:20:15,1.17.3,LeftRight,73,3.91,nan,1,Right,Left,482,1139,261,189486414,nan,nan,0.30
8/19/2026 17:20:18,1.17.3,LeftRight,73,3.90,nan,1,Left,Left,483,1139,261,189490247,nan,nan,0.00
8/19/2026 17:20:21,1.17.3,LeftRight,73,3.90,nan,1,Right,Left,483,1140,261,189493399,nan,nan,0.10
8/19/2026 17:20:25,1.17.3,LeftRight,73,3.90,2,1,Pellet,Left,483,1140,262,189493399,0.83,25,nan
8/19/2026 17:20:40,1.17.3,LeftRight,73,3.90,nan,1,Left,Left,484,1140,262,189511618,nan,nan,0.00
8/19/2026 17:20:42,1.17.3,LeftRight,73,3.90,nan,1,Right,Left,484,1141,262,189514475,nan,nan,0.07
8/19/2026 17:20:43,1.17.3,LeftRight,73,3.90,1,1,Pellet,Left,484,1141,263,189514475,0.35,18,nan
8/19/2026 17:20:55,1.17.3,LeftRight,73,3.90,nan,1,Left,Left,485,1141,263,189527053,nan,nan,0.00
8/19/2026 17:20:58,1.17.3,LeftRight,73,3.90,nan,1,Right,Left,485,1142,263,189529777,nan,nan,0.29
8/19/2026 17:20:59,1.17.3,LeftRight,73,3.90,1,1,Pellet,Left,485,1142,264,189529777,0.29,16,nan
8/19/2026 17:21:12,1.17.3,LeftRight,73,3.90,nan,1,Left,Left,486,1142,264,189543705,nan,nan,0.00
8/19/2026 17:21:14,1.17.3,LeftRight,73,3.90,nan,1,Right,Left,486,1143,264,189546116,nan,nan,0.42
8/19/2026 17:21:15,1.17.3,LeftRight,73,3.91,1,1,Pellet,Left,486,1143,265,189546116,0.12,16,nan
8/19/2026 17:21:22,1.17.3,LeftRight,73,3.91,nan,1,Right,Left,486,1144,265,189553665,nan,nan,0.08
8/19/2026 17:21:29,1.17.3,LeftRight,73,3.90,nan,1,Left,Left,487,1144,265,189561346,nan,nan,0.00
8/19/2026 17:21:33,1.17.3,LeftRight,73,3.90,nan,1,Right,Left,487,1145,265,189565384,nan,nan,0.00
8/19/2026 17:21:36,1.17.3,LeftRight,73,3.89,2,1,Pellet,Left,487,1145,266,189565384,0.06,21,nan
8/19/2026 17:21:51,1.17.3,LeftRight,73,3.90,nan,1,Left,Left,488,1145,266,189582684,nan,nan,0.00
8/19/2026 17:21:52,1.17.3,LeftRight,73,3.90,nan,1,Right,Left,488,1146,266,189583917,nan,nan,0.03
8/19/2026 17:21:53,1.17.3,LeftRight,73,3.90,1,1,Pellet,Left,488,1146,267,189583917,0.77,17,nan
8/19/2026 17:22:05,1.17.3,LeftRight,73,3.90,nan,1,Left,Left,489,1146,267,189596825,nan,nan,0.00
8/19/2026 17:22:06,1.17.3,LeftRight,73,3.90,nan,1,Right,Left,489,1147,267,189598201,nan,nan,0.00
8/19/2026 17:22:07,1.17.3,LeftRight,73,3.91,1,1,Pellet,Left,489,1147,268,189598201,0.47,14,nan
8/19/2026 17:22:22,1.17.3,LeftRight,73,3.91,nan,1,Right,Left,489,1148,268,189613470,nan,nan,0.30
8/19/2026 17:22:26,1.17.3,LeftRight,73,3.90,nan,1,Left,Left,490,1148,268,189617974,nan,nan,0.00
8/19/2026 17:22:30,1.17.3,LeftRight,73,3.90,nan,1,RESET,Left,490,1148,268,189622018,nan,nan,nan
8/19/2026 17:22:42,1.17.3,LeftRight,73,3.90,nan,1,Right,Left,490,1149,268,189633715,nan,nan,0.22
8/19/2026 17:22:45,1.17.3,LeftRight,73,3.90,nan,1,Right,Left,490,1150,268,189637385,nan,nan,0.00
8/19/2026 17:22:47,1.17.3,LeftRight,73,3.89,nan,1,Right,Left,490,1151,268,189639503,nan,nan,0.11
8/19/2026 17:22:52,1.17.3,LeftRight,73,3.90,nan,1,Right,Left,490,1152,268,189644102,nan,nan,0.00
8/19/2026 17:22:57,1.17.3,LeftRight,73,3.90,nan,1,Right,Left,490,1153,268,189648592,nan,nan,0.22
8/19/2026 17:22:58,1.17.3,LeftRight,73,3.90,nan,1,Right,Left,490,1154,268,189649450,nan,nan,0.29
8/19/2026 17:23:02,1.17.3,LeftRight,73,3.91,nan,1,Right,Left,490,1155,268,189653929,nan,nan,0.00
8/19/2026 17:23:04,1.17.3,LeftRight,73,3.90,nan,1,Right,Left,490,1156,268,189655453,nan,nan,0.22
8/19/2026 17:23:06,1.17.3,LeftRight,73,3.90,nan,1,Left,Left,491,1156,268,189658381,nan,nan,0.00
8/19/2026 17:23:07,1.17.3,LeftRight,73,3.90,nan,1,Left,Left,492,1156,268,189659569,nan,nan,0.00
8/19/2026 17:23:10,1.17.3,LeftRight,73,3.90,nan,1,Right,Left,492,1157,268,189662428,nan,nan,0.00
8/19/2026 17:23:12,1.17.3,LeftRight,73,3.90,1,1,Pellet,Left,492,1157,269,189662428,0.53,65,nan
8/19/2026 17:23:27,1.17.3,LeftRight,73,3.90,nan,1,Right,Left,492,1158,269,189678826,nan,nan,0.09
8/19/2026 17:23:28,1.17.3,LeftRight,73,3.90,nan,1,Right,Left,492,1159,269,189680448,nan,nan,0.16
8/19/2026 17:23:30,1.17.3,LeftRight,73,3.90,nan,1,Right,Left,492,1160,269,189681988,nan,nan,0.12
8/19/2026 17:23:32,1.17.3,LeftRight,73,3.90,nan,1,Left,Left,493,1160,269,189683933,nan,nan,0.00
8/19/2026 17:23:33,1.17.3,LeftRight,73,3.91,nan,1,Right,Left,493,1161,269,189685308,nan,nan,0.06
8/19/2026 17:23:34,1.17.3,LeftRight,73,3.90,1,1,Pellet,Left,493,1161,270,189685308,0.29,22,nan
8/19/2026 17:28:49,1.17.3,LeftRight,73,3.90,nan,1,Left,Left,494,1161,270,190000891,nan,nan,0.00
8/19/2026 17:28:53,1.17.3,LeftRight,73,3.90,nan,1,RESET,Left,494,1161,270,190005084,nan,nan,nan
8/19/2026 17:30:02,1.17.3,LeftRight,73,3.90,nan,1,Right,Left,494,1162,270,190074044,nan,nan,0.27
8/19/2026 17:30:13,1.17.3,LeftRight,73,3.90,nan,1,Right,Left,494,1163,270,190085019,nan,nan,0.58
8/19/2026 17:31:33,1.17.3,LeftRight,73,3.89,nan,1,Right,Left,494,1164,270,190164705,nan,nan,0.16
8/19/2026 18:21:38,1.17.3,LeftRight,73,3.90,nan,1,Right,Left,494,1165,270,193170137,nan,nan,0.17
8/19/2026 18:21:41,1.17.3,LeftRight,73,3.90,nan,1,Right,Left,494,1166,270,193172574,nan,nan,0.60
8/19/2026 18:21:44,1.17.3,LeftRight,73,3.89,nan,1,Right,Left,494,1167,270,193175293,nan,nan,0.63
8/19/2026 18:21:45,1.17.3,LeftRight,73,3.89,nan,1,Right,Left,494,1168,270,193177594,nan,nan,0.19
8/19/2026 18:21:50,1.17.3,LeftRight,73,3.89,nan,1,Right,Left,494,1169,270,193181528,nan,nan,0.49
8/19/2026 18:21:51,1.17.3,LeftRight,73,3.89,nan,1,Right,Left,494,1170,270,193183240,nan,nan,0.27
8/19/2026 18:21:52,1.17.3,LeftRight,73,3.89,nan,1,Right,Left,494,1171,270,193184608,nan,nan,0.12
8/19/2026 18:21:54,1.17.3,LeftRight,73,3.89,nan,1,Left,Left,495,1171,270,193186320,nan,nan,0.00
8/19/2026 18:21:58,1.17.3,LeftRight,73,3.89,nan,1,RESET,Left,495,1171,270,193190208,nan,nan,nan
8/19/2026 18:21:59,1.17.3,LeftRight,73,3.90,nan,1,Right,Left,495,1172,270,193191227,nan,nan,0.14
8/19/2026 18:22:01,1.17.3,LeftRight,73,3.89,nan,1,Right,Left,495,1173,270,193193043,nan,nan,0.19
8/19/2026 18:22:02,1.17.3,LeftRight,73,3.89,nan,1,Right,Left,495,1174,270,193194765,nan,nan,0.02
8/19/2026 18:22:04,1.17.3,LeftRight,73,3.89,nan,1,Right,Left,495,1175,270,193196311,nan,nan,0.10
8/19/2026 18:22:08,1.17.3,LeftRight,73,3.90,nan,1,Left,Left,496,1175,270,193200664,nan,nan,0.00
8/19/2026 18:22:11,1.17.3,LeftRight,73,3.89,nan,1,Right,Left,496,1176,270,193203225,nan,nan,0.00
8/19/2026 18:22:12,1.17.3,LeftRight,73,3.89,1,1,Pellet,Left,496,1176,271,193203225,0.23,3518,nan
8/19/2026 18:22:32,1.17.3,LeftRight,73,3.89,nan,1,Right,Left,496,1177,271,193224375,nan,nan,0.02
8/19/2026 18:22:34,1.17.3,LeftRight,73,3.90,nan,1,Right,Left,496,1178,271,193225826,nan,nan,0.17
8/19/2026 18:22:36,1.17.3,LeftRight,73,3.89,nan,1,Left,Left,497,1178,271,193228721,nan,nan,0.00
8/19/2026 18:22:37,1.17.3,LeftRight,73,3.90,nan,1,Left,Left,498,1178,271,193229472,nan,nan,0.00
8/19/2026 18:22:40,1.17.3,LeftRight,73,3.90,nan,1,Right,Left,498,1179,271,193232180,nan,nan,0.01
8/19/2026 18:22:41,1.17.3,LeftRight,73,3.89,1,1,Pellet,Left,498,1179,272,193232180,0.35,29,nan
8/19/2026 18:22:59,1.17.3,LeftRight,73,3.89,nan,1,Right,Left,498,1180,272,193251618,nan,nan,0.00
8/19/2026 18:23:01,1.17.3,LeftRight,73,3.89,nan,1,Right,Left,498,1181,272,193253291,nan,nan,0.17
8/19/2026 18:23:03,1.17.3,LeftRight,73,3.90,nan,1,Right,Left,498,1182,272,193254690,nan,nan,0.31
8/19/2026 18:23:05,1.17.3,LeftRight,73,3.89,nan,1,Left,Left,499,1182,272,193257144,nan,nan,0.00
8/19/2026 18:23:09,1.17.3,LeftRight,73,3.89,nan,1,Left,Left,500,1182,272,193261272,nan,nan,0.00
8/19/2026 18:23:11,1.17.3,LeftRight,73,3.89,nan,1,Left,Left,501,1182,272,193263431,nan,nan,0.00
8/19/2026 18:23:16,1.17.3,LeftRight,73,3.89,nan,1,RESET,Left,501,1182,272,193268216,nan,nan,nan
8/19/2026 18:23:16,1.17.3,LeftRight,73,3.90,nan,1,Right,Left,501,1183,272,193268643,nan,nan,0.07
8/19/2026 18:23:17,1.17.3,LeftRight,73,3.90,nan,1,Right,Left,501,1184,272,193269493,nan,nan,0.25
8/19/2026 18:23:19,1.17.3,LeftRight,73,3.89,nan,1,Right,Left,501,1185,272,193271272,nan,nan,0.26
8/19/2026 18:23:21,1.17.3,LeftRight,73,3.89,nan,1,Left,Left,502,1185,272,193273739,nan,nan,0.00
8/19/2026 18:23:25,1.17.3,LeftRight,73,3.89,nan,1,Right,Left,502,1186,272,193276896,nan,nan,0.06
8/19/2026 18:23:26,1.17.3,LeftRight,73,3.89,1,1,Pellet,Left,502,1186,273,193276896,0.29,45,nan
8/19/2026 18:23:41,1.17.3,LeftRight,73,3.89,nan,1,Left,Left,503,1186,273,193292855,nan,nan,0.00
8/19/2026 18:23:43,1.17.3,LeftRight,73,3.90,nan,1,Right,Left,503,1187,273,193294676,nan,nan,0.23
8/19/2026 18:23:45,1.17.3,LeftRight,73,3.89,1,1,Pellet,Left,503,1187,274,193294676,1.25,19,nan
8/19/2026 18:23:59,1.17.3,LeftRight,73,3.89,nan,1,Right,Left,503,1188,274,193311225,nan,nan,0.01
8/19/2026 18:24:02,1.17.3,LeftRight,73,3.89,nan,1,Left,Left,504,1188,274,193314257,nan,nan,0.00
8/19/2026 18:24:03,1.17.3,LeftRight,73,3.89,nan,1,Left,Left,505,1188,274,193314953,nan,nan,0.00
8/19/2026 18:24:07,1.17.3,LeftRight,73,3.89,nan,1,RESET,Left,505,1188,274,193319295,nan,nan,nan
8/19/2026 18:24:07,1.17.3,LeftRight,73,3.89,nan,1,Right,Left,505,1189,274,193319426,nan,nan,0.00
8/19/2026 18:24:11,1.17.3,LeftRight,73,3.89,nan,1,Right,Left,505,1190,274,193323180,nan,nan,0.10
8/19/2026 18:24:12,1.17.3,LeftRight,73,3.90,nan,1,Right,Left,505,1191,274,193324360,nan,nan,0.13
8/19/2026 18:24:15,1.17.3,LeftRight,73,3.89,nan,1,Right,Left,505,1192,274,193326754,nan,nan,0.08
8/19/2026 18:24:16,1.17.3,LeftRight,73,3.89,nan,1,Right,Left,505,1193,274,193328505,nan,nan,0.24
8/19/2026 18:24:18,1.17.3,LeftRight,73,3.89,nan,1,Right,Left,505,1194,274,193330125,nan,nan,0.54
8/19/2026 18:24:20,1.17.3,LeftRight,73,3.89,nan,1,Left,Left,506,1194,274,193332698,nan,nan,0.00
8/19/2026 18:24:22,1.17.3,LeftRight,73,3.89,nan,1,Right,Left,506,1195,274,193334518,nan,nan,0.05
8/19/2026 18:24:23,1.17.3,LeftRight,73,3.89,1,1,Pellet,Left,506,1195,275,193334518,0.41,38,nan
8/19/2026 18:24:36,1.17.3,LeftRight,73,3.89,nan,1,Right,Left,506,1196,275,193347918,nan,nan,0.39
8/19/2026 18:24:38,1.17.3,LeftRight,73,3.89,nan,1,Left,Left,507,1196,275,193349998,nan,nan,0.00
8/19/2026 18:24:38,1.17.3,LeftRight,73,3.89,nan,1,Left,Left,508,1196,275,193350555,nan,nan,0.00
8/19/2026 18:24:40,1.17.3,LeftRight,73,3.89,nan,1,Right,Left,508,1197,275,193352376,nan,nan,0.00
8/19/2026 18:24:41,1.17.3,LeftRight,73,3.89,1,1,Pellet,Left,508,1197,276,193352376,0.29,18,nan
8/19/2026 18:24:57,1.17.3,LeftRight,73,3.89,nan,1,Left,Left,509,1197,276,193368906,nan,nan,0.00
8/19/2026 18:25:01,1.17.3,LeftRight,73,3.89,nan,1,Right,Left,509,1198,276,193372802,nan,nan,0.08
8/19/2026 18:25:02,1.17.3,LeftRight,73,3.89,1,1,Pellet,Left,509,1198,277,193372802,0.29,21,nan
8/19/2026 18:25:15,1.17.3,LeftRight,73,3.89,nan,1,Left,Left,510,1198,277,193387045,nan,nan,0.00
8/19/2026 18:25:18,1.17.3,LeftRight,73,3.89,nan,1,Right,Left,510,1199,277,193390346,nan,nan,0.00
8/19/2026 18:25:19,1.17.3,LeftRight,73,3.90,2,1,Pellet,Left,510,1199,278,193390346,0.35,17,nan
8/19/2026 18:25:32,1.17.3,LeftRight,73,3.89,nan,1,Left,Left,511,1199,278,193404143,nan,nan,0.00
8/19/2026 18:25:34,1.17.3,LeftRight,73,3.89,nan,1,Right,Left,511,1200,278,193406703,nan,nan,0.05
8/19/2026 18:25:37,1.17.3,LeftRight,73,3.89,2,1,Pellet,Left,511,1200,279,193406703,0.06,18,nan
8/19/2026 18:25:52,1.17.3,LeftRight,73,3.89,nan,1,Left,Left,512,1200,279,193423886,nan,nan,0.00
8/19/2026 18:25:55,1.17.3,LeftRight,73,3.89,nan,1,Right,Left,512,1201,279,193427783,nan,nan,0.00
8/19/2026 18:25:57,1.17.3,LeftRight,73,3.89,2,1,Pellet,Left,512,1201,280,193427783,0.17,20,nan
8/19/2026 18:26:13,1.17.3,LeftRight,73,3.89,nan,1,Right,Left,512,1202,280,193445478,nan,nan,0.00
8/19/2026 18:26:14,1.17.3,LeftRight,73,3.89,nan,1,Right,Left,512,1203,280,193446717,nan,nan,0.08
8/19/2026 18:26:17,1.17.3,LeftRight,73,3.89,nan,1,Left,Left,513,1203,280,193448916,nan,nan,0.00
8/19/2026 18:26:19,1.17.3,LeftRight,73,3.89,nan,1,Right,Left,513,1204,280,193451629,nan,nan,0.01
8/19/2026 18:26:21,1.17.3,LeftRight,73,3.89,2,1,Pellet,Left,513,1204,281,193451629,0.23,24,nan
8/19/2026 18:26:35,1.17.3,LeftRight,73,3.89,nan,1,Left,Left,514,1204,281,193467410,nan,nan,0.00
8/19/2026 18:26:39,1.17.3,LeftRight,73,3.89,nan,1,RESET,Left,514,1204,281,193471311,nan,nan,nan
8/19/2026 18:26:56,1.17.3,LeftRight,73,3.89,nan,1,Left,Left,515,1204,281,193488043,nan,nan,0.00
8/19/2026 18:26:58,1.17.3,LeftRight,73,3.90,nan,1,Right,Left,515,1205,281,193490160,nan,nan,0.08
8/19/2026 18:27:00,1.17.3,LeftRight,73,3.89,2,1,Pellet,Left,515,1205,282,193490160,0.77,39,nan
8/19/2026 18:27:14,1.17.3,LeftRight,73,3.89,nan,1,Right,Left,515,1206,282,193506038,nan,nan,0.00
8/19/2026 18:27:14,1.17.3,LeftRight,73,3.89,nan,1,Right,Left,515,1207,282,193506525,nan,nan,0.00
8/19/2026 18:27:16,1.17.3,LeftRight,73,3.89,nan,1,Right,Left,515,1208,282,193508204,nan,nan,0.59
8/19/2026 18:27:18,1.17.3,LeftRight,73,3.89,nan,1,Right,Left,515,1209,282,193510022,nan,nan,0.44
8/19/2026 18:27:20,1.17.3,LeftRight,73,3.90,nan,1,Right,Left,515,1210,282,193511691,nan,nan,0.24
8/19/2026 18:27:23,1.17.3,LeftRight,73,3.90,nan,1,Right,Left,515,1211,282,193515090,nan,nan,0.00
8/19/2026 18:27:26,1.17.3,LeftRight,73,3.89,nan,1,Right,Left,515,1212,282,193517649,nan,nan,0.43
8/19/2026 18:27:27,1.17.3,LeftRight,73,3.90,nan,1,Right,Left,515,1213,282,193519316,nan,nan,0.35
8/19/2026 18:27:30,1.17.3,LeftRight,73,3.89,nan,1,Right,Left,515,1214,282,193522226,nan,nan,0.41
8/19/2026 18:27:31,1.17.3,LeftRight,73,3.89,nan,1,Right,Left,515,1215,282,193523120,nan,nan,0.27
8/19/2026 18:27:35,1.17.3,LeftRight,73,3.89,nan,1,Left,Left,516,1215,282,193527108,nan,nan,0.00
8/19/2026 18:27:36,1.17.3,LeftRight,73,3.89,nan,1,Right,Left,516,1216,282,193528197,nan,nan,0.00
8/19/2026 18:27:41,1.17.3,LeftRight,73,3.90,3,1,Pellet,Left,516,1216,283,193528197,0.29,41,nan
8/19/2026 18:27:55,1.17.3,LeftRight,73,3.89,nan,1,Right,Left,516,1217,283,193546667,nan,nan,0.19
8/19/2026 18:27:58,1.17.3,LeftRight,73,3.89,nan,1,Right,Left,516,1218,283,193550599,nan,nan,0.06
8/19/2026 18:28:08,1.17.3,LeftRight,73,3.90,nan,1,Right,Left,516,1219,283,193559605,nan,nan,0.28
8/19/2026 18:28:09,1.17.3,LeftRight,73,3.89,nan,1,Right,Left,516,1220,283,193561257,nan,nan,0.15
8/19/2026 18:29:17,1.17.3,LeftRight,73,3.90,nan,1,Right,Left,516,1221,283,193628558,nan,nan,0.44
8/19/2026 18:29:18,1.17.3,LeftRight,73,3.89,nan,1,Left,Left,517,1221,283,193630188,nan,nan,0.00
8/19/2026 18:29:21,1.17.3,LeftRight,73,3.90,nan,1,RESET,Left,517,1221,283,193633194,nan,nan,nan
8/19/2026 18:29:54,1.17.3,LeftRight,73,3.89,nan,1,Left,Left,518,1221,283,193665962,nan,nan,0.00
8/19/2026 18:29:56,1.17.3,LeftRight,73,3.89,nan,1,Right,Left,518,1222,283,193668080,nan,nan,0.06
8/19/2026 18:29:57,1.17.3,LeftRight,73,3.89,1,1,Pellet,Left,518,1222,284,193668080,0.41,136,nan
8/19/2026 18:37:24,1.17.3,LeftRight,73,3.89,nan,1,Right,Left,518,1223,284,194115598,nan,nan,0.27
8/19/2026 18:37:35,1.17.3,LeftRight,73,3.89,nan,1,Right,Left,518,1224,284,194127482,nan,nan,0.08
8/19/2026 18:37:38,1.17.3,LeftRight,73,3.89,nan,1,Right,Left,518,1225,284,194130134,nan,nan,0.10
8/19/2026 18:50:45,1.17.3,LeftRight,73,3.89,nan,1,Left,Left,519,1225,284,194917013,nan,nan,0.00
8/19/2026 18:50:48,1.17.3,LeftRight,73,3.89,nan,1,RESET,Left,519,1225,284,194920318,nan,nan,nan
8/19/2026 19:00:13,1.17.3,LeftRight,73,3.89,nan,1,Left,Left,520,1225,284,195485557,nan,nan,0.00
8/19/2026 19:00:17,1.17.3,LeftRight,73,3.89,nan,1,RESET,Left,520,1225,284,195489309,nan,nan,nan
8/19/2026 19:13:02,1.17.3,LeftRight,73,3.89,nan,1,Right,Left,520,1226,284,196254394,nan,nan,0.00
8/19/2026 19:14:19,1.17.3,LeftRight,73,3.89,nan,1,Right,Left,520,1227,284,196331272,nan,nan,0.41
8/19/2026 19:14:24,1.17.3,LeftRight,73,3.89,nan,1,Left,Left,521,1227,284,196336175,nan,nan,0.00
8/19/2026 19:14:27,1.17.3,LeftRight,73,3.89,nan,1,RESET,Left,521,1227,284,196339332,nan,nan,nan
8/19/2026 19:14:35,1.17.3,LeftRight,73,3.89,nan,1,Left,Left,522,1227,284,196347081,nan,nan,0.00
8/19/2026 19:14:38,1.17.3,LeftRight,73,3.89,nan,1,Right,Left,522,1228,284,196349494,nan,nan,0.74
8/19/2026 19:14:39,1.17.3,LeftRight,73,3.89,1,1,Pellet,Left,522,1228,285,196349494,0.35,2682,nan
8/19/2026 19:14:54,1.17.3,LeftRight,73,3.89,nan,1,Left,Left,523,1228,285,196366924,nan,nan,0.00
8/19/2026 19:14:56,1.17.3,LeftRight,73,3.89,nan,1,Left,Left,524,1228,285,196367982,nan,nan,0.00
8/19/2026 19:14:59,1.17.3,LeftRight,73,3.89,nan,1,RESET,Left,524,1228,285,196371435,nan,nan,nan
8/19/2026 19:14:59,1.17.3,LeftRight,73,3.89,nan,1,Right,Left,524,1229,285,196371566,nan,nan,0.17
8/19/2026 19:15:02,1.17.3,LeftRight,73,3.89,nan,1,Right,Left,524,1230,285,196373997,nan,nan,0.17
8/19/2026 19:15:09,1.17.3,LeftRight,73,3.89,nan,1,Left,Left,525,1230,285,196381354,nan,nan,0.00
8/19/2026 19:15:12,1.17.3,LeftRight,73,3.89,nan,1,Right,Left,525,1231,285,196384363,nan,nan,0.01
8/19/2026 19:15:13,1.17.3,LeftRight,73,3.89,1,1,Pellet,Left,525,1231,286,196384363,0.29,34,nan
8/19/2026 19:15:30,1.17.3,LeftRight,73,3.89,nan,1,Right,Left,525,1232,286,196402594,nan,nan,0.26
8/19/2026 19:15:36,1.17.3,LeftRight,73,3.89,nan,1,Right,Left,525,1233,286,196408240,nan,nan,0.06
8/19/2026 19:15:38,1.17.3,LeftRight,73,3.89,nan,1,Left,Left,526,1233,286,196410449,nan,nan,0.00
8/19/2026 19:15:40,1.17.3,LeftRight,73,3.89,nan,1,Right,Left,526,1234,286,196412420,nan,nan,0.09
8/19/2026 19:15:51,1.17.3,LeftRight,73,3.89,2,1,Pellet,Left,526,1234,287,196412420,8.39,38,nan
8/19/2026 19:16:22,1.17.3,LeftRight,73,3.89,nan,1,Right,Left,526,1235,287,196453653,nan,nan,0.38
8/19/2026 19:16:25,1.17.3,LeftRight,73,3.89,nan,1,Right,Left,526,1236,287,196457046,nan,nan,0.14
8/19/2026 19:16:26,1.17.3,LeftRight,73,3.89,nan,1,Right,Left,526,1237,287,196458270,nan,nan,0.36
8/19/2026 19:16:28,1.17.3,LeftRight,73,3.89,nan,1,Left,Left,527,1237,287,196460272,nan,nan,0.00
8/19/2026 19:16:29,1.17.3,LeftRight,73,3.89,nan,1,Right,Left,527,1238,287,196461357,nan,nan,0.01
8/19/2026 19:16:30,1.17.3,LeftRight,73,3.89,1,1,Pellet,Left,527,1238,288,196461357,0.41,39,nan
8/19/2026 19:16:47,1.17.3,LeftRight,73,3.89,nan,1,Right,Left,527,1239,288,196478998,nan,nan,0.01
8/19/2026 19:16:48,1.17.3,LeftRight,73,3.89,nan,1,Right,Left,527,1240,288,196480530,nan,nan,0.38
8/19/2026 19:16:53,1.17.3,LeftRight,73,3.89,nan,1,Right,Left,527,1241,288,196485252,nan,nan,0.00
8/19/2026 19:16:55,1.17.3,LeftRight,73,3.89,nan,1,Right,Left,527,1242,288,196487228,nan,nan,0.20
8/19/2026 19:16:59,1.17.3,LeftRight,73,3.89,nan,1,Right,Left,527,1243,288,196491477,nan,nan,0.10
8/19/2026 19:17:01,1.17.3,LeftRight,73,3.89,nan,1,Right,Left,527,1244,288,196493557,nan,nan,0.09
8/19/2026 19:17:02,1.17.3,LeftRight,73,3.89,nan,1,Right,Left,527,1245,288,196494873,nan,nan,0.06
8/19/2026 19:23:41,1.17.3,LeftRight,73,3.89,nan,1,Left,Left,528,1245,288,196893962,nan,nan,0.00
8/19/2026 19:23:44,1.17.3,LeftRight,73,3.89,nan,1,Right,Left,528,1246,288,196896677,nan,nan,0.00
8/19/2026 19:23:46,1.17.3,LeftRight,73,3.89,1,1,Pellet,Left,528,1246,289,196896677,0.83,436,nan
8/19/2026 19:24:00,1.17.3,LeftRight,73,3.89,nan,1,Left,Left,529,1246,289,196912787,nan,nan,0.00
8/19/2026 19:24:04,1.17.3,LeftRight,73,3.89,nan,1,RESET,Left,529,1246,289,196916391,nan,nan,nan
8/19/2026 19:24:08,1.17.3,LeftRight,73,3.89,nan,1,Right,Left,529,1247,289,196920530,nan,nan,0.00
8/19/2026 19:24:10,1.17.3,LeftRight,73,3.89,nan,1,Left,Left,530,1247,289,196922914,nan,nan,0.00
8/19/2026 19:24:12,1.17.3,LeftRight,73,3.89,nan,1,Right,Left,530,1248,289,196924742,nan,nan,0.00
8/19/2026 19:24:14,1.17.3,LeftRight,73,3.89,1,1,Pellet,Left,530,1248,290,196924742,0.53,28,nan
8/19/2026 19:24:28,1.17.3,LeftRight,73,3.89,nan,1,Right,Left,530,1249,290,196940583,nan,nan,0.00
8/19/2026 19:35:32,1.17.3,LeftRight,73,3.89,nan,1,Left,Left,531,1249,290,197604182,nan,nan,0.00
8/19/2026 19:35:32,1.17.3,LeftRight,73,3.89,nan,1,Left,Left,532,1249,290,197604668,nan,nan,0.00
8/19/2026 19:35:35,1.17.3,LeftRight,73,3.89,nan,1,Right,Left,532,1250,290,197607239,nan,nan,0.24
8/19/2026 19:35:38,1.17.3,LeftRight,73,3.89,2,1,Pellet,Left,532,1250,291,197607239,0.47,684,nan
8/19/2026 19:35:57,1.17.3,LeftRight,73,3.89,nan,1,Right,Left,532,1251,291,197629412,nan,nan,0.57
8/19/2026 19:36:01,1.17.3,LeftRight,73,3.89,nan,1,Right,Left,532,1252,291,197633281,nan,nan,0.45
8/19/2026 19:36:06,1.17.3,LeftRight,73,3.89,nan,1,Right,Left,532,1253,291,197638077,nan,nan,0.20
8/19/2026 19:36:08,1.17.3,LeftRight,73,3.89,nan,1,Left,Left,533,1253,291,197640688,nan,nan,0.00
8/19/2026 19:36:12,1.17.3,LeftRight,73,3.89,nan,1,RESET,Left,533,1253,291,197644438,nan,nan,nan
8/19/2026 19:36:12,1.17.3,LeftRight,73,3.89,nan,1,Right,Left,533,1254,291,197644717,nan,nan,0.08
8/19/2026 19:36:15,1.17.3,LeftRight,73,3.88,nan,1,Left,Left,534,1254,291,197647339,nan,nan,0.00
8/19/2026 19:36:16,1.17.3,LeftRight,73,3.89,nan,1,Left,Left,535,1254,291,197648270,nan,nan,0.00
8/19/2026 19:36:19,1.17.3,LeftRight,73,3.89,nan,1,RESET,Left,535,1254,291,197651426,nan,nan,nan
8/19/2026 19:36:20,1.17.3,LeftRight,73,3.89,nan,1,Right,Left,535,1255,291,197652008,nan,nan,0.23
8/19/2026 19:36:22,1.17.3,LeftRight,73,3.89,nan,1,Right,Left,535,1256,291,197653908,nan,nan,0.30
8/19/2026 19:36:25,1.17.3,LeftRight,73,3.89,nan,1,Left,Left,536,1256,291,197657327,nan,nan,0.00
8/19/2026 19:36:28,1.17.3,LeftRight,73,3.89,nan,1,RESET,Left,536,1256,291,197660484,nan,nan,nan
8/19/2026 19:36:28,1.17.3,LeftRight,73,3.89,nan,1,Right,Left,536,1257,291,197660764,nan,nan,0.08
8/19/2026 19:36:29,1.17.3,LeftRight,73,3.89,nan,1,Right,Left,536,1258,291,197661336,nan,nan,0.22
8/19/2026 19:36:32,1.17.3,LeftRight,73,3.89,nan,1,Left,Left,537,1258,291,197664694,nan,nan,0.00
8/19/2026 19:36:35,1.17.3,LeftRight,73,3.89,nan,1,Right,Left,537,1259,291,197667553,nan,nan,0.26
8/19/2026 19:36:36,1.17.3,LeftRight,73,3.89,1,1,Pellet,Left,537,1259,292,197667553,0.23,58,nan
8/19/2026 19:36:53,1.17.3,LeftRight,73,3.89,nan,1,Right,Left,537,1260,292,197685904,nan,nan,0.07
8/19/2026 19:36:59,1.17.3,LeftRight,73,3.89,nan,1,Left,Left,538,1260,292,197691443,nan,nan,0.00
8/19/2026 19:37:02,1.17.3,LeftRight,73,3.89,nan,1,RESET,Left,538,1260,292,197694464,nan,nan,nan
8/19/2026 19:37:02,1.17.3,LeftRight,73,3.89,nan,1,Right,Left,538,1261,292,197694595,nan,nan,0.34
8/19/2026 19:37:06,1.17.3,LeftRight,73,3.89,nan,1,Right,Left,538,1262,292,197698091,nan,nan,0.09
8/19/2026 19:37:08,1.17.3,LeftRight,73,3.89,nan,1,Left,Left,539,1262,292,197700447,nan,nan,0.00
8/19/2026 19:37:10,1.17.3,LeftRight,73,3.89,nan,1,Right,Left,539,1263,292,197703018,nan,nan,0.00
8/19/2026 19:37:11,1.17.3,LeftRight,73,3.89,1,1,Pellet,Left,539,1263,293,197703018,0.17,35,nan
8/19/2026 19:37:26,1.17.3,LeftRight,73,3.89,nan,1,Left,Left,540,1263,293,197718484,nan,nan,0.00
8/19/2026 19:37:27,1.17.3,LeftRight,73,3.89,nan,1,Left,Left,541,1263,293,197719088,nan,nan,0.00
8/19/2026 19:37:28,1.17.3,LeftRight,73,3.89,nan,1,Right,Left,541,1264,293,197720463,nan,nan,0.03
8/19/2026 19:37:29,1.17.3,LeftRight,73,3.89,2,1,Pellet,Left,541,1264,294,197720463,0.12,18,nan
8/19/2026 19:37:43,1.17.3,LeftRight,73,3.89,nan,1,Left,Left,542,1264,294,197735916,nan,nan,0.00
8/19/2026 19:37:47,1.17.3,LeftRight,73,3.89,nan,1,RESET,Left,542,1264,294,197739516,nan,nan,nan
8/19/2026 19:37:47,1.17.3,LeftRight,73,3.89,nan,1,Right,Left,542,1265,294,197739647,nan,nan,0.20
8/19/2026 19:37:51,1.17.3,LeftRight,73,3.89,nan,1,Left,Left,543,1265,294,197743173,nan,nan,0.00
8/19/2026 19:37:54,1.17.3,LeftRight,73,3.89,nan,1,Right,Left,543,1266,294,197746032,nan,nan,0.25
8/19/2026 19:37:55,1.17.3,LeftRight,73,3.89,1,1,Pellet,Left,543,1266,295,197746032,0.12,26,nan
8/19/2026 19:38:09,1.17.3,LeftRight,73,3.89,nan,1,Right,Left,543,1267,295,197761898,nan,nan,0.00
8/19/2026 19:38:14,1.17.3,LeftRight,73,3.89,nan,1,Left,Left,544,1267,295,197766658,nan,nan,0.00
8/19/2026 19:38:17,1.17.3,LeftRight,73,3.89,nan,1,RESET,Left,544,1267,295,197769518,nan,nan,nan
8/19/2026 19:38:19,1.17.3,LeftRight,73,3.89,nan,1,Right,Left,544,1268,295,197771132,nan,nan,0.21
8/19/2026 19:38:21,1.17.3,LeftRight,73,3.89,nan,1,Right,Left,544,1269,295,197773166,nan,nan,0.17
8/19/2026 19:38:25,1.17.3,LeftRight,73,3.89,nan,1,Left,Left,545,1269,295,197777116,nan,nan,0.00
8/19/2026 19:38:28,1.17.3,LeftRight,73,3.89,nan,1,RESET,Left,545,1269,295,197780424,nan,nan,nan
8/19/2026 19:38:28,1.17.3,LeftRight,73,3.89,nan,1,Right,Left,545,1270,295,197780555,nan,nan,0.43
8/19/2026 19:38:31,1.17.3,LeftRight,73,3.89,nan,1,Right,Left,545,1271,295,197783252,nan,nan,0.15
8/19/2026 19:38:32,1.17.3,LeftRight,73,3.89,nan,1,Left,Left,546,1271,295,197784847,nan,nan,0.00
8/19/2026 19:38:36,1.17.3,LeftRight,73,3.89,nan,1,Right,Left,546,1272,295,197788305,nan,nan,0.13
8/19/2026 19:38:37,1.17.3,LeftRight,73,3.89,1,1,Pellet,Left,546,1272,296,197788305,0.23,42,nan
8/19/2026 19:40:29,1.17.3,LeftRight,73,3.89,nan,1,Right,Left,546,1273,296,197901296,nan,nan,0.27
8/19/2026 19:56:18,1.17.3,LeftRight,73,3.89,nan,1,Left,Left,547,1273,296,198850393,nan,nan,0.00
8/19/2026 19:56:21,1.17.3,LeftRight,73,3.89,nan,1,RESET,Left,547,1273,296,198853549,nan,nan,nan
8/19/2026 19:57:45,1.17.3,LeftRight,73,3.88,nan,1,Right,Left,547,1274,296,198937314,nan,nan,0.04
8/19/2026 19:59:41,1.17.3,LeftRight,73,3.89,nan,1,Left,Left,548,1274,296,199053794,nan,nan,0.00
8/19/2026 19:59:45,1.17.3,LeftRight,73,3.89,nan,1,Right,Left,548,1275,296,199057099,nan,nan,0.03
8/19/2026 19:59:46,1.17.3,LeftRight,73,3.89,1,1,Pellet,Left,548,1275,297,199057099,0.35,1269,nan
8/19/2026 19:59:59,1.17.3,LeftRight,73,3.89,nan,1,Right,Left,548,1276,297,199071324,nan,nan,0.14
8/19/2026 20:00:02,1.17.3,LeftRight,73,3.89,nan,1,Left,Left,549,1276,297,199074432,nan,nan,0.00
8/19/2026 20:00:05,1.17.3,LeftRight,73,3.89,nan,1,RESET,Left,549,1276,297,199077600,nan,nan,nan
8/19/2026 20:08:27,1.17.3,LeftRight,73,3.89,nan,1,Right,Left,549,1277,297,199579459,nan,nan,0.02
8/19/2026 20:08:32,1.17.3,LeftRight,73,3.89,nan,1,Right,Left,549,1278,297,199583835,nan,nan,0.33
8/19/2026 20:08:37,1.17.3,LeftRight,73,3.89,nan,1,Left,Left,550,1278,297,199589979,nan,nan,0.00
8/19/2026 20:08:39,1.17.3,LeftRight,73,3.89,nan,1,Right,Left,550,1279,297,199591809,nan,nan,0.00
8/19/2026 20:08:40,1.17.3,LeftRight,73,3.89,1,1,Pellet,Left,550,1279,298,199591809,0.29,534,nan
8/19/2026 20:09:01,1.17.3,LeftRight,73,3.89,nan,1,Right,Left,550,1280,298,199613455,nan,nan,0.00
8/19/2026 20:09:07,1.17.3,LeftRight,73,3.89,nan,1,Left,Left,551,1280,298,199620020,nan,nan,0.00
8/19/2026 20:09:10,1.17.3,LeftRight,73,3.89,nan,1,Right,Left,551,1281,298,199622289,nan,nan,0.08
8/19/2026 20:09:15,1.17.3,LeftRight,73,3.88,3,1,Pellet,Left,551,1281,299,199622289,0.77,35,nan
8/19/2026 20:09:47,1.17.3,LeftRight,73,3.89,nan,1,Right,Left,551,1282,299,199658961,nan,nan,0.26
8/19/2026 20:09:48,1.17.3,LeftRight,73,3.89,nan,1,Right,Left,551,1283,299,199660601,nan,nan,0.31
8/19/2026 20:09:51,1.17.3,LeftRight,73,3.89,nan,1,Left,Left,552,1283,299,199663205,nan,nan,0.00
8/19/2026 20:09:51,1.17.3,LeftRight,73,3.89,nan,1,Left,Left,553,1283,299,199664008,nan,nan,0.00
8/19/2026 20:09:52,1.17.3,LeftRight,73,3.89,nan,1,Left,Left,554,1283,299,199664799,nan,nan,0.00
8/19/2026 20:09:55,1.17.3,LeftRight,73,3.89,nan,1,Right,Left,554,1284,299,199668115,nan,nan,0.00
8/19/2026 20:09:56,1.17.3,LeftRight,73,3.89,2,1,Pellet,Left,554,1284,300,199668115,0.06,41,nan
8/19/2026 20:10:11,1.17.3,LeftRight,73,3.89,nan,1,Right,Left,554,1285,300,199683512,nan,nan,0.00
8/19/2026 20:10:14,1.17.3,LeftRight,73,3.89,nan,1,Left,Left,555,1285,300,199686636,nan,nan,0.00
8/19/2026 20:10:17,1.17.3,LeftRight,73,3.89,nan,1,Left,Left,556,1285,300,199689461,nan,nan,0.00
8/19/2026 20:10:18,1.17.3,LeftRight,73,3.89,nan,1,Right,Left,556,1286,300,199690845,nan,nan,0.00
8/19/2026 20:10:19,1.17.3,LeftRight,73,3.89,1,1,Pellet,Left,556,1286,301,199690845,0.53,23,nan
8/19/2026 20:19:21,1.17.3,LeftRight,73,3.89,nan,1,Right,Left,556,1287,301,200233245,nan,nan,0.20
8/19/2026 20:19:27,1.17.3,LeftRight,73,3.89,nan,1,Left,Left,557,1287,301,200239774,nan,nan,0.00
8/19/2026 20:19:30,1.17.3,LeftRight,73,3.89,nan,1,Right,Left,557,1288,301,200242483,nan,nan,0.28
8/19/2026 20:19:34,1.17.3,LeftRight,73,3.89,2,1,Pellet,Left,557,1288,302,200242483,0.59,555,nan
8/19/2026 20:19:50,1.17.3,LeftRight,73,3.89,nan,1,Right,Left,557,1289,302,200262871,nan,nan,0.00
8/19/2026 20:19:56,1.17.3,LeftRight,73,3.89,nan,1,Right,Left,557,1290,302,200268998,nan,nan,0.01
8/19/2026 20:19:58,1.17.3,LeftRight,73,3.89,nan,1,Right,Left,557,1291,302,200270682,nan,nan,0.03
8/19/2026 20:20:02,1.17.3,LeftRight,73,3.89,nan,1,Right,Left,557,1292,302,200274606,nan,nan,0.14
8/19/2026 20:20:04,1.17.3,LeftRight,73,3.89,nan,1,Right,Left,557,1293,302,200276418,nan,nan,0.21
8/19/2026 20:20:06,1.17.3,LeftRight,73,3.89,nan,1,Right,Left,557,1294,302,200278159,nan,nan,0.13
8/19/2026 20:24:32,1.17.3,LeftRight,73,3.88,nan,1,Left,Left,558,1294,302,200544174,nan,nan,0.00
8/19/2026 20:24:33,1.17.3,LeftRight,73,3.89,nan,1,Right,Left,558,1295,302,200545552,nan,nan,0.00
8/19/2026 20:24:36,1.17.3,LeftRight,73,3.89,3,1,Pellet,Left,558,1295,303,200545552,0.12,302,nan
8/19/2026 20:24:47,1.17.3,LeftRight,73,3.88,nan,1,Right,Left,558,1296,303,200559225,nan,nan,0.07
8/19/2026 20:24:49,1.17.3,LeftRight,73,3.89,nan,1,Left,Left,559,1296,303,200562107,nan,nan,0.00
8/19/2026 20:24:52,1.17.3,LeftRight,73,3.89,nan,1,Right,Left,559,1297,303,200564970,nan,nan,0.10
8/19/2026 20:24:53,1.17.3,LeftRight,73,3.88,1,1,Pellet,Left,559,1297,304,200564970,0.47,17,nan
8/19/2026 20:25:05,1.17.3,LeftRight,73,3.88,nan,1,Left,Left,560,1297,304,200577377,nan,nan,0.00
8/19/2026 20:25:08,1.17.3,LeftRight,73,3.88,nan,1,Right,Left,560,1298,304,200580239,nan,nan,0.07
8/19/2026 20:25:09,1.17.3,LeftRight,73,3.88,1,1,Pellet,Left,560,1298,305,200580239,0.29,16,nan
8/19/2026 20:25:21,1.17.3,LeftRight,73,3.89,nan,1,Right,Left,560,1299,305,200593055,nan,nan,0.30
8/19/2026 20:25:23,1.17.3,LeftRight,73,3.89,nan,1,Left,Left,561,1299,305,200596081,nan,nan,0.00
8/19/2026 20:25:27,1.17.3,LeftRight,73,3.89,nan,1,RESET,Left,561,1299,305,200599537,nan,nan,nan
8/19/2026 20:25:28,1.17.3,LeftRight,73,3.89,nan,1,Right,Left,561,1300,305,200600559,nan,nan,0.16
8/19/2026 20:25:30,1.17.3,LeftRight,73,3.89,nan,1,Left,Left,562,1300,305,200602477,nan,nan,0.00
8/19/2026 20:25:32,1.17.3,LeftRight,73,3.89,nan,1,Right,Left,562,1301,305,200604301,nan,nan,0.32
8/19/2026 20:25:33,1.17.3,LeftRight,73,3.88,1,1,Pellet,Left,562,1301,306,200604301,0.53,24,nan
8/19/2026 20:25:47,1.17.3,LeftRight,73,3.88,nan,1,Right,Left,562,1302,306,200619904,nan,nan,0.10
8/19/2026 20:25:50,1.17.3,LeftRight,73,3.89,nan,1,Left,Left,563,1302,306,200623014,nan,nan,0.00
8/19/2026 20:25:54,1.17.3,LeftRight,73,3.88,nan,1,Right,Left,563,1303,306,200626176,nan,nan,0.09
8/19/2026 20:25:55,1.17.3,LeftRight,73,3.89,1,1,Pellet,Left,563,1303,307,200626176,1.07,22,nan
8/19/2026 20:33:49,1.17.3,LeftRight,73,3.89,nan,1,Right,Left,563,1304,307,201101797,nan,nan,0.23
8/19/2026 20:33:51,1.17.3,LeftRight,73,3.88,nan,1,Right,Left,563,1305,307,201103260,nan,nan,0.38
8/19/2026 20:33:53,1.17.3,LeftRight,73,3.88,nan,1,Right,Left,563,1306,307,201105761,nan,nan,0.20
8/19/2026 20:33:55,1.17.3,LeftRight,73,3.89,nan,1,Left,Left,564,1306,307,201107821,nan,nan,0.00
8/19/2026 20:33:58,1.17.3,LeftRight,73,3.88,nan,1,Right,Left,564,1307,307,201110838,nan,nan,0.12
8/19/2026 20:34:00,1.17.3,LeftRight,73,3.89,1,1,Pellet,Left,564,1307,308,201110838,1.43,485,nan
8/19/2026 20:34:12,1.17.3,LeftRight,73,3.88,nan,1,Left,Left,565,1307,308,201125159,nan,nan,0.00
8/19/2026 20:34:16,1.17.3,LeftRight,73,3.89,nan,1,RESET,Left,565,1307,308,201128615,nan,nan,nan
8/19/2026 20:34:19,1.17.3,LeftRight,73,3.88,nan,1,Right,Left,565,1308,308,201130974,nan,nan,0.40
8/19/2026 20:34:22,1.17.3,LeftRight,73,3.89,nan,1,Left,Left,566,1308,308,201134750,nan,nan,0.00
8/19/2026 20:34:24,1.17.3,LeftRight,73,3.88,nan,1,Right,Left,566,1309,308,201136426,nan,nan,0.11
8/19/2026 20:34:25,1.17.3,LeftRight,73,3.88,1,1,Pellet,Left,566,1309,309,201136426,0.53,25,nan
8/19/2026 20:34:36,1.17.3,LeftRight,73,3.89,nan,1,Left,Left,567,1309,309,201148327,nan,nan,0.00
8/19/2026 20:34:38,1.17.3,LeftRight,73,3.89,nan,1,Right,Left,567,1310,309,201150595,nan,nan,0.00
8/19/2026 20:34:39,1.17.3,LeftRight,73,3.88,1,1,Pellet,Left,567,1310,310,201150595,0.23,14,nan
8/19/2026 20:34:49,1.17.3,LeftRight,73,3.89,nan,1,Right,Left,567,1311,310,201161622,nan,nan,0.20
8/19/2026 20:34:54,1.17.3,LeftRight,73,3.88,nan,1,Left,Left,568,1311,310,201166969,nan,nan,0.00
8/19/2026 20:34:58,1.17.3,LeftRight,73,3.88,nan,1,Right,Left,568,1312,310,201170419,nan,nan,0.19
8/19/2026 20:34:59,1.17.3,LeftRight,73,3.89,1,1,Pellet,Left,568,1312,311,201170419,0.65,20,nan
8/19/2026 20:35:15,1.17.3,LeftRight,73,3.89,nan,1,Right,Left,568,1313,311,201187871,nan,nan,0.00
8/19/2026 20:35:17,1.17.3,LeftRight,73,3.88,nan,1,Right,Left,568,1314,311,201189560,nan,nan,0.00
8/19/2026 20:35:19,1.17.3,LeftRight,73,3.89,nan,1,Right,Left,568,1315,311,201191232,nan,nan,0.23
8/19/2026 20:35:20,1.17.3,LeftRight,73,3.89,nan,1,Right,Left,568,1316,311,201192686,nan,nan,0.43
8/19/2026 20:47:19,1.17.3,LeftRight,73,3.88,nan,1,Right,Left,568,1317,311,201911252,nan,nan,0.07
8/19/2026 20:48:00,1.17.3,LeftRight,73,3.88,nan,1,Right,Left,568,1318,311,201952531,nan,nan,0.00
8/19/2026 20:48:01,1.17.3,LeftRight,73,3.88,nan,1,Right,Left,568,1319,311,201954062,nan,nan,0.10
8/19/2026 20:48:10,1.17.3,LeftRight,73,3.89,nan,1,Left,Left,569,1319,311,201963037,nan,nan,0.00
8/19/2026 20:48:12,1.17.3,LeftRight,73,3.88,nan,1,Right,Left,569,1320,311,201965154,nan,nan,0.00
8/19/2026 20:48:13,1.17.3,LeftRight,73,3.88,1,1,Pellet,Left,569,1320,312,201965154,0.29,794,nan
8/19/2026 20:48:25,1.17.3,LeftRight,73,3.88,nan,1,Left,Left,570,1320,312,201977283,nan,nan,0.00
8/19/2026 20:48:27,1.17.3,LeftRight,73,3.88,nan,1,Right,Left,570,1321,312,201980002,nan,nan,0.03
8/19/2026 20:48:28,1.17.3,LeftRight,73,3.88,1,1,Pellet,Left,570,1321,313,201980002,0.41,15,nan
8/19/2026 20:48:41,1.17.3,LeftRight,73,3.89,nan,1,Left,Left,571,1321,313,201994133,nan,nan,0.00
8/19/2026 20:48:44,1.17.3,LeftRight,73,3.88,nan,1,Right,Left,571,1322,313,201996693,nan,nan,0.04
8/19/2026 20:48:48,1.17.3,LeftRight,73,3.88,2,1,Pellet,Left,571,1322,314,201996693,1.01,20,nan
8/19/2026 20:53:08,1.17.3,LeftRight,73,3.88,nan,1,Right,Left,571,1323,314,202260685,nan,nan,0.00
8/19/2026 20:53:10,1.17.3,LeftRight,73,3.89,nan,1,Right,Left,571,1324,314,202262655,nan,nan,0.00
8/19/2026 20:54:34,1.17.3,LeftRight,73,3.89,nan,1,Left,Left,572,1324,314,202346541,nan,nan,0.00
8/19/2026 20:54:37,1.17.3,LeftRight,73,3.88,nan,1,Right,Left,572,1325,314,202349399,nan,nan,0.13
8/19/2026 20:54:40,1.17.3,LeftRight,73,3.88,3,1,Pellet,Left,572,1325,315,202349399,0.06,352,nan
8/19/2026 20:54:52,1.17.3,LeftRight,73,3.89,nan,1,Right,Left,572,1326,315,202364637,nan,nan,0.27
8/19/2026 20:54:54,1.17.3,LeftRight,73,3.88,nan,1,Left,Left,573,1326,315,202366703,nan,nan,0.00
8/19/2026 20:54:57,1.17.3,LeftRight,73,3.88,nan,1,RESET,Left,573,1326,315,202369711,nan,nan,nan
8/19/2026 20:54:58,1.17.3,LeftRight,73,3.89,nan,1,Right,Left,573,1327,315,202371177,nan,nan,0.00
8/19/2026 20:55:00,1.17.3,LeftRight,73,3.88,nan,1,Left,Left,574,1327,315,202372914,nan,nan,0.00
8/19/2026 20:55:02,1.17.3,LeftRight,73,3.88,nan,1,Right,Left,574,1328,315,202374587,nan,nan,0.03
8/19/2026 20:55:03,1.17.3,LeftRight,73,3.89,1,1,Pellet,Left,574,1328,316,202374587,0.65,23,nan
8/19/2026 20:55:16,1.17.3,LeftRight,73,3.88,nan,1,Left,Left,575,1328,316,202388656,nan,nan,0.00
8/19/2026 20:55:17,1.17.3,LeftRight,73,3.89,nan,1,Right,Left,575,1329,316,202389737,nan,nan,0.00
8/19/2026 20:55:20,1.17.3,LeftRight,73,3.88,3,1,Pellet,Left,575,1329,317,202389737,0.06,17,nan
8/19/2026 20:55:33,1.17.3,LeftRight,73,3.88,nan,1,Left,Left,576,1329,317,202405537,nan,nan,0.00
8/19/2026 20:55:35,1.17.3,LeftRight,73,3.89,nan,1,Right,Left,576,1330,317,202408107,nan,nan,0.01
8/19/2026 20:55:36,1.17.3,LeftRight,73,3.88,1,1,Pellet,Left,576,1330,318,202408107,0.41,16,nan
8/19/2026 20:55:47,1.17.3,LeftRight,73,3.88,nan,1,Right,Left,576,1331,318,202420051,nan,nan,0.19
8/19/2026 20:55:48,1.17.3,LeftRight,73,3.88,nan,1,Right,Left,576,1332,318,202420729,nan,nan,0.16
8/19/2026 20:55:52,1.17.3,LeftRight,73,3.88,nan,1,Right,Left,576,1333,318,202424637,nan,nan,0.13
8/19/2026 20:55:55,1.17.3,LeftRight,73,3.88,nan,1,Right,Left,576,1334,318,202427052,nan,nan,0.34
8/19/2026 20:55:58,1.17.3,LeftRight,73,3.88,nan,1,Right,Left,576,1335,318,202430400,nan,nan,0.28
8/19/2026 20:56:00,1.17.3,LeftRight,73,3.88,nan,1,Left,Left,577,1335,318,202432975,nan,nan,0.00
8/19/2026 20:56:02,1.17.3,LeftRight,73,3.89,nan,1,Right,Left,577,1336,318,202435094,nan,nan,0.01
8/19/2026 20:56:03,1.17.3,LeftRight,73,3.88,1,1,Pellet,Left,577,1336,319,202435094,0.12,27,nan
8/19/2026 20:56:17,1.17.3,LeftRight,73,3.88,nan,1,Right,Left,577,1337,319,202449416,nan,nan,0.35
8/19/2026 20:56:19,1.17.3,LeftRight,73,3.88,nan,1,Right,Left,577,1338,319,202451294,nan,nan,0.01
8/19/2026 20:56:22,1.17.3,LeftRight,73,3.88,nan,1,Right,Left,577,1339,319,202454907,nan,nan,0.09
8/19/2026 20:56:24,1.17.3,LeftRight,73,3.89,nan,1,Right,Left,577,1340,319,202456524,nan,nan,0.17
8/19/2026 20:56:26,1.17.3,LeftRight,73,3.89,nan,1,Right,Left,577,1341,319,202458808,nan,nan,0.12
8/19/2026 20:56:27,1.17.3,LeftRight,73,3.88,nan,1,Left,Left,578,1341,319,202460204,nan,nan,0.00
8/19/2026 20:56:29,1.17.3,LeftRight,73,3.88,nan,1,Left,Left,579,1341,319,202461759,nan,nan,0.00
8/19/2026 20:56:31,1.17.3,LeftRight,73,3.88,nan,1,Right,Left,579,1342,319,202463579,nan,nan,0.20
8/19/2026 20:56:34,1.17.3,LeftRight,73,3.88,2,1,Pellet,Left,579,1342,320,202463579,0.17,31,nan
8/19/2026 21:53:36,1.17.3,LeftRight,73,3.88,nan,1,Right,Left,579,1343,320,205888832,nan,nan,0.00
8/19/2026 21:53:41,1.17.3,LeftRight,73,3.88,nan,1,Left,Left,580,1343,320,205893497,nan,nan,0.00
8/19/2026 21:53:42,1.17.3,LeftRight,73,3.87,nan,1,Right,Left,580,1344,320,205894741,nan,nan,0.40
8/19/2026 21:53:45,1.17.3,LeftRight,73,3.87,2,1,Pellet,Left,580,1344,321,205894741,0.59,3431,nan
8/19/2026 21:54:03,1.17.3,LeftRight,73,3.88,nan,1,Left,Left,581,1344,321,205915771,nan,nan,0.00
8/19/2026 21:54:04,1.17.3,LeftRight,73,3.88,nan,1,Left,Left,582,1344,321,205917054,nan,nan,0.00
8/19/2026 21:54:08,1.17.3,LeftRight,73,3.88,nan,1,RESET,Left,582,1344,321,205920800,nan,nan,nan
8/19/2026 21:54:11,1.17.3,LeftRight,73,3.88,nan,1,Right,Left,582,1345,321,205923458,nan,nan,0.31
8/19/2026 21:54:12,1.17.3,LeftRight,73,3.87,nan,1,Right,Left,582,1346,321,205924548,nan,nan,0.07
8/19/2026 21:54:14,1.17.3,LeftRight,73,3.88,nan,1,Left,Left,583,1346,321,205927183,nan,nan,0.00
8/19/2026 21:54:18,1.17.3,LeftRight,73,3.88,nan,1,Right,Left,583,1347,321,205930339,nan,nan,0.17
8/19/2026 21:54:19,1.17.3,LeftRight,73,3.87,1,1,Pellet,Left,583,1347,322,205930339,0.29,34,nan
8/19/2026 21:54:34,1.17.3,LeftRight,73,3.87,nan,1,Right,Left,583,1348,322,205947080,nan,nan,0.00
8/19/2026 21:54:36,1.17.3,LeftRight,73,3.87,nan,1,Left,Left,584,1348,322,205948964,nan,nan,0.00
8/19/2026 21:54:40,1.17.3,LeftRight,73,3.87,nan,1,RESET,Left,584,1348,322,205952863,nan,nan,nan
8/19/2026 21:54:40,1.17.3,LeftRight,73,3.87,nan,1,Right,Left,584,1349,322,205952994,nan,nan,0.09
8/19/2026 21:54:42,1.17.3,LeftRight,73,3.87,nan,1,Right,Left,584,1350,322,205954609,nan,nan,0.33
8/19/2026 21:54:44,1.17.3,LeftRight,73,3.88,nan,1,Right,Left,584,1351,322,205956164,nan,nan,0.34
8/19/2026 21:54:46,1.17.3,LeftRight,73,3.88,nan,1,Left,Left,585,1351,322,205959147,nan,nan,0.00
8/19/2026 21:54:50,1.17.3,LeftRight,73,3.87,nan,1,RESET,Left,585,1351,322,205962896,nan,nan,nan
8/19/2026 21:54:52,1.17.3,LeftRight,73,3.87,nan,1,Left,Left,586,1351,322,205964724,nan,nan,0.00
8/19/2026 21:54:55,1.17.3,LeftRight,73,3.87,nan,1,RESET,Left,586,1351,322,205967880,nan,nan,nan
8/19/2026 21:54:56,1.17.3,LeftRight,73,3.87,nan,1,Left,Left,587,1351,322,205968973,nan,nan,0.00
8/19/2026 21:54:59,1.17.3,LeftRight,73,3.87,nan,1,RESET,Left,587,1351,322,205971843,nan,nan,nan
8/19/2026 21:54:59,1.17.3,LeftRight,73,3.88,nan,1,Right,Left,587,1352,322,205972109,nan,nan,0.10
8/19/2026 21:55:02,1.17.3,LeftRight,73,3.87,nan,1,Left,Left,588,1352,322,205974487,nan,nan,0.00
8/19/2026 21:55:03,1.17.3,LeftRight,73,3.87,nan,1,Right,Left,588,1353,322,205975555,nan,nan,0.20
8/19/2026 21:55:04,1.17.3,LeftRight,73,3.87,2,1,Pellet,Left,588,1353,323,205975555,0.29,45,nan
8/19/2026 21:55:18,1.17.3,LeftRight,73,3.87,nan,1,Left,Left,589,1353,323,205990973,nan,nan,0.00
8/19/2026 21:55:20,1.17.3,LeftRight,73,3.87,nan,1,Right,Left,589,1354,323,205992801,nan,nan,0.03
8/19/2026 21:55:35,1.17.3,LeftRight,73,3.87,3,1,Pellet,Left,589,1354,324,205992801,11.64,31,nan
8/19/2026 21:55:52,1.17.3,LeftRight,73,3.87,nan,1,Left,Left,590,1354,324,206025395,nan,nan,0.00
8/19/2026 21:55:56,1.17.3,LeftRight,73,3.87,nan,1,Right,Left,590,1355,324,206028700,nan,nan,0.09
8/19/2026 21:55:57,1.17.3,LeftRight,73,3.87,2,1,Pellet,Left,590,1355,325,206028700,0.29,22,nan
8/19/2026 21:56:10,1.17.3,LeftRight,73,3.87,nan,1,Left,Left,591,1355,325,206042898,nan,nan,0.00
8/19/2026 21:56:13,1.17.3,LeftRight,73,3.88,nan,1,RESET,Left,591,1355,325,206045907,nan,nan,nan
8/19/2026 21:56:17,1.17.3,LeftRight,73,3.87,nan,1,Right,Left,591,1356,325,206049598,nan,nan,0.27
8/19/2026 21:56:19,1.17.3,LeftRight,73,3.88,nan,1,Right,Left,591,1357,325,206051545,nan,nan,0.17
8/19/2026 21:56:23,1.17.3,LeftRight,73,3.87,nan,1,Right,Left,591,1358,325,206055014,nan,nan,0.47
8/19/2026 21:56:25,1.17.3,LeftRight,73,3.87,nan,1,Left,Left,592,1358,325,206057985,nan,nan,0.00
8/19/2026 21:56:27,1.17.3,LeftRight,73,3.87,nan,1,Right,Left,592,1359,325,206059660,nan,nan,0.01
8/19/2026 21:56:32,1.17.3,LeftRight,73,3.87,3,1,Pellet,Left,592,1359,326,206059660,0.29,35,nan
8/19/2026 21:56:46,1.17.3,LeftRight,73,3.88,nan,1,Left,Left,593,1359,326,206079351,nan,nan,0.00
8/19/2026 21:56:48,1.17.3,LeftRight,73,3.88,nan,1,Right,Left,593,1360,326,206081184,nan,nan,0.00
8/19/2026 21:56:52,1.17.3,LeftRight,73,3.87,2,1,Pellet,Left,593,1360,327,206081184,0.59,20,nan
8/19/2026 21:57:06,1.17.3,LeftRight,73,3.87,nan,1,Left,Left,594,1360,327,206098615,nan,nan,0.00
8/19/2026 21:57:09,1.17.3,LeftRight,73,3.87,nan,1,RESET,Left,594,1360,327,206101919,nan,nan,nan
8/19/2026 21:57:10,1.17.3,LeftRight,73,3.88,nan,1,Right,Left,594,1361,327,206102644,nan,nan,0.07
8/19/2026 21:57:12,1.17.3,LeftRight,73,3.87,nan,1,Left,Left,595,1361,327,206105189,nan,nan,0.00
8/19/2026 21:57:16,1.17.3,LeftRight,73,3.87,nan,1,RESET,Left,595,1361,327,206108936,nan,nan,nan
8/19/2026 21:57:22,1.17.3,LeftRight,73,3.87,nan,1,Right,Left,595,1362,327,206114556,nan,nan,0.21
8/19/2026 21:57:25,1.17.3,LeftRight,73,3.87,nan,1,Right,Left,595,1363,327,206117924,nan,nan,0.36
8/19/2026 21:57:27,1.17.3,LeftRight,73,3.87,nan,1,Left,Left,596,1363,327,206120253,nan,nan,0.00
8/19/2026 21:57:31,1.17.3,LeftRight,73,3.87,nan,1,Right,Left,596,1364,327,206123558,nan,nan,0.06
8/19/2026 21:57:32,1.17.3,LeftRight,73,3.87,1,1,Pellet,Left,596,1364,328,206123558,0.41,40,nan
8/19/2026 21:57:44,1.17.3,LeftRight,73,3.88,nan,1,Left,Left,597,1364,328,206137035,nan,nan,0.00
8/19/2026 21:57:47,1.17.3,LeftRight,73,3.87,nan,1,Right,Left,597,1365,328,206140043,nan,nan,0.26
8/19/2026 21:57:48,1.17.3,LeftRight,73,3.87,1,1,Pellet,Left,597,1365,329,206140043,0.23,16,nan
8/19/2026 21:58:03,1.17.3,LeftRight,73,3.87,nan,1,Left,Left,598,1365,329,206155455,nan,nan,0.00
8/19/2026 21:58:05,1.17.3,LeftRight,73,3.87,nan,1,Right,Left,598,1366,329,206158319,nan,nan,0.00
8/19/2026 21:58:06,1.17.3,LeftRight,73,3.88,2,1,Pellet,Left,598,1366,330,206158319,0.06,18,nan
8/19/2026 21:58:20,1.17.3,LeftRight,73,3.87,nan,1,Left,Left,599,1366,330,206173335,nan,nan,0.00
8/19/2026 21:58:24,1.17.3,LeftRight,73,3.87,nan,1,RESET,Left,599,1366,330,206176941,nan,nan,nan
8/19/2026 21:58:24,1.17.3,LeftRight,73,3.87,nan,1,Right,Left,599,1367,330,206177072,nan,nan,0.04
8/19/2026 21:58:25,1.17.3,LeftRight,73,3.88,nan,1,Right,Left,599,1368,330,206178046,nan,nan,0.12
8/19/2026 21:58:27,1.17.3,LeftRight,73,3.87,nan,1,Right,Left,599,1369,330,206179546,nan,nan,0.26
8/19/2026 21:58:29,1.17.3,LeftRight,73,3.87,nan,1,Left,Left,600,1369,330,206181924,nan,nan,0.00
8/19/2026 21:58:32,1.17.3,LeftRight,73,3.88,nan,1,RESET,Left,600,1369,330,206184936,nan,nan,nan
8/19/2026 21:58:32,1.17.3,LeftRight,73,3.88,nan,1,Right,Left,600,1370,330,206185068,nan,nan,0.00
8/19/2026 21:58:35,1.17.3,LeftRight,73,3.87,nan,1,Left,Left,601,1370,330,206188186,nan,nan,0.00
8/19/2026 21:58:37,1.17.3,LeftRight,73,3.87,nan,1,Right,Left,601,1371,330,206190007,nan,nan,0.03
8/19/2026 21:58:38,1.17.3,LeftRight,73,3.87,1,1,Pellet,Left,601,1371,331,206190007,0.41,32,nan
8/19/2026 21:58:49,1.17.3,LeftRight,73,3.87,nan,1,Left,Left,602,1371,331,206202393,nan,nan,0.00
8/19/2026 21:58:51,1.17.3,LeftRight,73,3.87,nan,1,Left,Left,603,1371,331,206203892,nan,nan,0.00
8/19/2026 21:58:54,1.17.3,LeftRight,73,3.87,nan,1,RESET,Left,603,1371,331,206206897,nan,nan,nan
8/19/2026 21:58:55,1.17.3,LeftRight,73,3.87,nan,1,Right,Left,603,1372,331,206208066,nan,nan,0.16
8/19/2026 21:58:59,1.17.3,LeftRight,73,3.88,nan,1,Left,Left,604,1372,331,206211617,nan,nan,0.00
8/19/2026 21:59:00,1.17.3,LeftRight,73,3.87,nan,1,Right,Left,604,1373,331,206213141,nan,nan,0.11
8/19/2026 21:59:10,1.17.3,LeftRight,73,3.87,2,1,Pellet,Left,604,1373,332,206213141,7.19,32,nan
8/19/2026 21:59:26,1.17.3,LeftRight,73,3.87,nan,1,Right,Left,604,1374,332,206238117,nan,nan,0.66
8/19/2026 21:59:28,1.17.3,LeftRight,73,3.87,nan,1,Right,Left,604,1375,332,206240306,nan,nan,0.86
8/19/2026 21:59:30,1.17.3,LeftRight,73,3.88,nan,1,Left,Left,605,1375,332,206243220,nan,nan,0.00
8/19/2026 21:59:34,1.17.3,LeftRight,73,3.87,nan,1,RESET,Left,605,1375,332,206246823,nan,nan,nan
8/19/2026 21:59:35,1.17.3,LeftRight,73,3.88,nan,1,Right,Left,605,1376,332,206247399,nan,nan,0.21
8/19/2026 21:59:38,1.17.3,LeftRight,73,3.87,nan,1,Left,Left,606,1376,332,206251444,nan,nan,0.00
8/19/2026 21:59:40,1.17.3,LeftRight,73,3.87,nan,1,Left,Left,607,1376,332,206252483,nan,nan,0.00
8/19/2026 21:59:41,1.17.3,LeftRight,73,3.87,nan,1,Right,Left,607,1377,332,206253717,nan,nan,0.22
8/19/2026 21:59:42,1.17.3,LeftRight,73,3.87,1,1,Pellet,Left,607,1377,333,206253717,0.59,32,nan
8/19/2026 21:59:54,1.17.3,LeftRight,73,3.87,nan,1,Right,Left,607,1378,333,206266544,nan,nan,0.04
8/19/2026 21:59:55,1.17.3,LeftRight,73,3.87,nan,1,Left,Left,608,1378,333,206267959,nan,nan,0.00
8/19/2026 21:59:56,1.17.3,LeftRight,73,3.87,nan,1,Left,Left,609,1378,333,206268620,nan,nan,0.00
8/19/2026 21:59:58,1.17.3,LeftRight,73,3.87,nan,1,Right,Left,609,1379,333,206271185,nan,nan,0.15
8/19/2026 22:00:12,1.17.3,LeftRight,73,3.88,2,1,Pellet,Left,609,1379,334,206271185,10.37,30,nan
8/19/2026 22:00:41,1.17.3,LeftRight,73,3.87,nan,1,Left,Left,610,1379,334,206314329,nan,nan,0.00
8/19/2026 22:00:44,1.17.3,LeftRight,73,3.88,nan,1,Right,Left,610,1380,334,206316595,nan,nan,0.00
8/19/2026 22:00:45,1.17.3,LeftRight,73,3.87,2,1,Pellet,Left,610,1380,335,206316595,0.17,33,nan
8/19/2026 22:01:56,1.17.3,LeftRight,73,3.87,nan,1,Right,Left,610,1381,335,206388536,nan,nan,0.07
8/19/2026 22:02:21,1.17.3,LeftRight,73,3.87,nan,1,Left,Left,611,1381,335,206414036,nan,nan,0.00
8/19/2026 22:02:23,1.17.3,LeftRight,73,3.87,nan,1,Right,Left,611,1382,335,206415857,nan,nan,0.09
8/19/2026 22:02:27,1.17.3,LeftRight,73,3.87,2,1,Pellet,Left,611,1382,336,206415857,1.19,102,nan
8/19/2026 22:02:46,1.17.3,LeftRight,73,3.87,nan,1,Right,Left,611,1383,336,206438520,nan,nan,0.00
8/19/2026 22:02:51,1.17.3,LeftRight,73,3.88,nan,1,Left,Left,612,1383,336,206443946,nan,nan,0.00
8/19/2026 22:02:55,1.17.3,LeftRight,73,3.87,nan,1,RESET,Left,612,1383,336,206447855,nan,nan,nan
8/19/2026 22:02:55,1.17.3,LeftRight,73,3.87,nan,1,Right,Left,612,1384,336,206448134,nan,nan,0.08
8/19/2026 22:13:51,1.17.3,LeftRight,73,3.87,nan,1,Right,Left,612,1385,336,207103355,nan,nan,0.16
8/19/2026 22:16:01,1.17.3,LeftRight,73,3.88,nan,1,Right,Left,612,1386,336,207233681,nan,nan,0.01
8/19/2026 22:16:10,1.17.3,LeftRight,73,3.88,nan,1,Left,Left,613,1386,336,207243083,nan,nan,0.00
8/19/2026 22:16:14,1.17.3,LeftRight,73,3.87,nan,1,RESET,Left,613,1386,336,207246990,nan,nan,nan
8/19/2026 22:18:16,1.17.3,LeftRight,73,3.87,nan,1,Right,Left,613,1387,336,207368665,nan,nan,0.00
8/19/2026 22:18:19,1.17.3,LeftRight,73,3.87,nan,1,Right,Left,613,1388,336,207371528,nan,nan,0.15
8/19/2026 22:18:21,1.17.3,LeftRight,73,3.87,nan,1,Right,Left,613,1389,336,207374241,nan,nan,0.10
8/19/2026 22:18:23,1.17.3,LeftRight,73,3.87,nan,1,Left,Left,614,1389,336,207375871,nan,nan,0.00
8/19/2026 22:18:24,1.17.3,LeftRight,73,3.87,nan,1,Left,Left,615,1389,336,207376593,nan,nan,0.00
8/19/2026 22:18:27,1.17.3,LeftRight,73,3.88,nan,1,Right,Left,615,1390,336,207379461,nan,nan,0.30
8/19/2026 22:18:28,1.17.3,LeftRight,73,3.87,1,1,Pellet,Left,615,1390,337,207379461,0.29,961,nan
8/19/2026 22:18:41,1.17.3,LeftRight,73,3.87,nan,1,Right,Left,615,1391,337,207394083,nan,nan,0.15
8/19/2026 22:18:42,1.17.3,LeftRight,73,3.87,nan,1,Right,Left,615,1392,337,207395314,nan,nan,0.03
8/19/2026 22:18:47,1.17.3,LeftRight,73,3.87,nan,1,Right,Left,615,1393,337,207399835,nan,nan,0.00
8/19/2026 22:18:49,1.17.3,LeftRight,73,3.87,nan,1,Right,Left,615,1394,337,207402256,nan,nan,0.20
8/19/2026 22:18:51,1.17.3,LeftRight,73,3.87,nan,1,Left,Left,616,1394,337,207404233,nan,nan,0.00
8/19/2026 22:18:54,1.17.3,LeftRight,73,3.87,nan,1,Right,Left,616,1395,337,207406944,nan,nan,0.09
8/19/2026 22:18:55,1.17.3,LeftRight,73,3.87,2,1,Pellet,Left,616,1395,338,207406944,0.29,27,nan
8/19/2026 22:20:03,1.17.3,LeftRight,73,3.87,nan,1,Right,Left,616,1396,338,207476138,nan,nan,0.04
8/19/2026 22:24:13,1.17.3,LeftRight,73,3.88,nan,1,Right,Left,616,1397,338,207725440,nan,nan,0.08
8/19/2026 22:48:27,1.17.3,LeftRight,73,3.87,nan,1,Right,Left,616,1398,338,209180565,nan,nan,0.00
8/19/2026 22:48:58,1.17.3,LeftRight,73,3.87,nan,1,Right,Left,616,1399,338,209211071,nan,nan,0.06
8/19/2026 22:49:01,1.17.3,LeftRight,73,3.87,nan,1,Left,Left,617,1399,338,209213709,nan,nan,0.00
8/19/2026 22:49:03,1.17.3,LeftRight,73,3.87,nan,1,Right,Left,617,1400,338,209215680,nan,nan,0.08
8/19/2026 22:49:04,1.17.3,LeftRight,73,3.87,1,1,Pellet,Left,617,1400,339,209215680,0.35,1809,nan
8/19/2026 22:49:20,1.17.3,LeftRight,73,3.87,nan,1,Right,Left,617,1401,339,209232711,nan,nan,0.19
8/19/2026 22:49:22,1.17.3,LeftRight,73,3.87,nan,1,Right,Left,617,1402,339,209235314,nan,nan,0.00
8/19/2026 22:49:25,1.17.3,LeftRight,73,3.87,nan,1,Left,Left,618,1402,339,209237927,nan,nan,0.00
8/19/2026 22:49:27,1.17.3,LeftRight,73,3.87,nan,1,Right,Left,618,1403,339,209239601,nan,nan,0.11
8/19/2026 22:49:28,1.17.3,LeftRight,73,3.87,1,1,Pellet,Left,618,1403,340,209239601,0.17,24,nan
8/19/2026 22:49:47,1.17.3,LeftRight,73,3.87,nan,1,Right,Left,618,1404,340,209260501,nan,nan,0.00
8/19/2026 22:49:51,1.17.3,LeftRight,73,3.87,nan,1,Right,Left,618,1405,340,209263657,nan,nan,0.16
8/19/2026 22:49:53,1.17.3,LeftRight,73,3.87,nan,1,Left,Left,619,1405,340,209265805,nan,nan,0.00
8/19/2026 22:49:54,1.17.3,LeftRight,73,3.87,nan,1,Right,Left,619,1406,340,209266885,nan,nan,0.00
8/19/2026 22:49:55,1.17.3,LeftRight,73,3.87,1,1,Pellet,Left,619,1406,341,209266885,0.47,27,nan
8/19/2026 22:52:17,1.17.3,LeftRight,73,3.87,nan,1,Right,Left,619,1407,341,209409656,nan,nan,0.00
8/19/2026 22:52:18,1.17.3,LeftRight,73,3.87,nan,1,Right,Left,619,1408,341,209410883,nan,nan,0.00
8/19/2026 22:52:20,1.17.3,LeftRight,73,3.87,nan,1,Right,Left,619,1409,341,209413149,nan,nan,0.16
8/19/2026 22:52:25,1.17.3,LeftRight,73,3.87,nan,1,Right,Left,619,1410,341,209418099,nan,nan,0.07
8/19/2026 22:52:26,1.17.3,LeftRight,73,3.87,nan,1,Right,Left,619,1411,341,209419395,nan,nan,0.05
8/19/2026 22:52:28,1.17.3,LeftRight,73,3.87,nan,1,Right,Left,619,1412,341,209420976,nan,nan,0.11
8/19/2026 22:52:30,1.17.3,LeftRight,73,3.87,nan,1,Left,Left,620,1412,341,209422836,nan,nan,0.00
8/19/2026 22:52:31,1.17.3,LeftRight,73,3.87,nan,1,Right,Left,620,1413,341,209424064,nan,nan,0.04
8/19/2026 22:52:32,1.17.3,LeftRight,73,3.87,1,1,Pellet,Left,620,1413,342,209424064,0.47,157,nan
8/19/2026 22:55:03,1.17.3,LeftRight,73,3.87,nan,1,Right,Left,620,1414,342,209576190,nan,nan,0.00
8/19/2026 22:59:06,1.17.3,LeftRight,73,3.87,nan,1,Right,Left,620,1415,342,209819338,nan,nan,0.07
8/19/2026 22:59:08,1.17.3,LeftRight,73,3.87,nan,1,Right,Left,620,1416,342,209820787,nan,nan,0.34
8/19/2026 22:59:10,1.17.3,LeftRight,73,3.87,nan,1,Left,Left,621,1416,342,209822844,nan,nan,0.00
8/19/2026 22:59:13,1.17.3,LeftRight,73,3.87,nan,1,RESET,Left,621,1416,342,209826000,nan,nan,nan
8/19/2026 22:59:14,1.17.3,LeftRight,73,3.87,nan,1,Right,Left,621,1417,342,209827466,nan,nan,0.15
8/19/2026 22:59:17,1.17.3,LeftRight,73,3.87,nan,1,Left,Left,622,1417,342,209829626,nan,nan,0.00
8/19/2026 22:59:18,1.17.3,LeftRight,73,3.87,nan,1,Right,Left,622,1418,342,209830861,nan,nan,0.00
8/19/2026 22:59:21,1.17.3,LeftRight,73,3.87,3,1,Pellet,Left,622,1418,343,209830861,0.06,409,nan
8/19/2026 22:59:32,1.17.3,LeftRight,73,3.87,nan,1,Right,Left,622,1419,343,209845623,nan,nan,0.00
8/19/2026 22:59:34,1.17.3,LeftRight,73,3.87,nan,1,Left,Left,623,1419,343,209847399,nan,nan,0.00
8/19/2026 22:59:36,1.17.3,LeftRight,73,3.87,nan,1,Left,Left,624,1419,343,209848830,nan,nan,0.00
8/19/2026 22:59:37,1.17.3,LeftRight,73,3.87,nan,1,Right,Left,624,1420,343,209850510,nan,nan,0.00
8/19/2026 22:59:39,1.17.3,LeftRight,73,3.87,1,1,Pellet,Left,624,1420,344,209850510,0.53,18,nan
8/19/2026 22:59:59,1.17.3,LeftRight,73,3.87,nan,1,Left,Left,625,1420,344,209872326,nan,nan,0.00
8/19/2026 23:00:01,1.17.3,LeftRight,73,3.87,nan,1,Right,Left,625,1421,344,209873852,nan,nan,0.08
8/19/2026 23:00:04,1.17.3,LeftRight,73,3.87,2,1,Pellet,Left,625,1421,345,209873852,0.41,25,nan
8/19/2026 23:00:17,1.17.3,LeftRight,73,3.87,nan,1,Right,Left,625,1422,345,209890276,nan,nan,0.16
8/19/2026 23:00:19,1.17.3,LeftRight,73,3.87,nan,1,Right,Left,625,1423,345,209891665,nan,nan,0.05
8/19/2026 23:00:22,1.17.3,LeftRight,73,3.87,nan,1,Right,Left,625,1424,345,209894736,nan,nan,0.00
8/19/2026 23:00:24,1.17.3,LeftRight,73,3.87,nan,1,Left,Left,626,1424,345,209897298,nan,nan,0.00
8/19/2026 23:00:26,1.17.3,LeftRight,73,3.87,nan,1,Right,Left,626,1425,345,209899270,nan,nan,0.00
8/19/2026 23:00:27,1.17.3,LeftRight,73,3.87,1,1,Pellet,Left,626,1425,346,209899270,0.47,23,nan
8/19/2026 23:00:37,1.17.3,LeftRight,73,3.87,nan,1,Right,Left,626,1426,346,209910262,nan,nan,0.00
8/19/2026 23:00:40,1.17.3,LeftRight,73,3.87,nan,1,Left,Left,627,1426,346,209912977,nan,nan,0.00
8/19/2026 23:00:43,1.17.3,LeftRight,73,3.87,nan,1,RESET,Left,627,1426,346,209916136,nan,nan,nan
8/19/2026 23:00:44,1.17.3,LeftRight,73,3.87,nan,1,Right,Left,627,1427,346,209916713,nan,nan,0.03
8/19/2026 23:00:47,1.17.3,LeftRight,73,3.87,nan,1,Left,Left,628,1427,346,209919728,nan,nan,0.00
8/19/2026 23:00:48,1.17.3,LeftRight,73,3.87,nan,1,Right,Left,628,1428,346,209920815,nan,nan,0.00
8/19/2026 23:00:49,1.17.3,LeftRight,73,3.87,2,1,Pellet,Left,628,1428,347,209920815,0.06,22,nan
8/19/2026 23:01:00,1.17.3,LeftRight,73,3.87,nan,1,Right,Left,628,1429,347,209933043,nan,nan,0.00
8/19/2026 23:11:14,1.17.3,LeftRight,73,3.87,nan,1,Right,Left,628,1430,347,210546978,nan,nan,0.00
8/19/2026 23:12:54,1.17.3,LeftRight,73,3.87,nan,1,Right,Left,628,1431,347,210647402,nan,nan,0.00
8/19/2026 23:12:55,1.17.3,LeftRight,73,3.87,nan,1,Right,Left,628,1432,347,210648191,nan,nan,0.38
8/19/2026 23:12:57,1.17.3,LeftRight,73,3.87,nan,1,Right,Left,628,1433,347,210650393,nan,nan,0.03
8/19/2026 23:12:59,1.17.3,LeftRight,73,3.87,nan,1,Right,Left,628,1434,347,210652245,nan,nan,0.16
8/19/2026 23:13:01,1.17.3,LeftRight,73,3.87,nan,1,Right,Left,628,1435,347,210654077,nan,nan,0.09
8/19/2026 23:13:03,1.17.3,LeftRight,73,3.87,nan,1,Left,Left,629,1435,347,210655737,nan,nan,0.00
8/19/2026 23:13:06,1.17.3,LeftRight,73,3.87,nan,1,RESET,Left,629,1435,347,210659059,nan,nan,nan
8/19/2026 23:13:06,1.17.3,LeftRight,73,3.87,nan,1,Right,Left,629,1436,347,210659191,nan,nan,0.01
8/19/2026 23:13:08,1.17.3,LeftRight,73,3.87,nan,1,Right,Left,629,1437,347,210661020,nan,nan,0.21
8/19/2026 23:13:10,1.17.3,LeftRight,73,3.87,nan,1,Right,Left,629,1438,347,210662602,nan,nan,0.07
8/19/2026 23:13:11,1.17.3,LeftRight,73,3.87,nan,1,Right,Left,629,1439,347,210663755,nan,nan,0.20
8/19/2026 23:13:13,1.17.3,LeftRight,73,3.87,nan,1,Right,Left,629,1440,347,210665484,nan,nan,0.22
8/19/2026 23:13:14,1.17.3,LeftRight,73,3.87,nan,1,Left,Left,630,1440,347,210667250,nan,nan,0.00
8/19/2026 23:13:16,1.17.3,LeftRight,73,3.87,nan,1,Right,Left,630,1441,347,210669070,nan,nan,0.06
8/19/2026 23:13:17,1.17.3,LeftRight,73,3.87,1,1,Pellet,Left,630,1441,348,210669070,0.53,748,nan
8/19/2026 23:13:28,1.17.3,LeftRight,73,3.87,nan,1,Left,Left,631,1441,348,210681337,nan,nan,0.00
8/19/2026 23:13:30,1.17.3,LeftRight,73,3.87,nan,1,Right,Left,631,1442,348,210682859,nan,nan,0.00
8/19/2026 23:13:31,1.17.3,LeftRight,73,3.87,2,1,Pellet,Left,631,1442,349,210682859,0.12,14,nan
8/19/2026 23:13:43,1.17.3,LeftRight,73,3.87,nan,1,Left,Left,632,1442,349,210696526,nan,nan,0.00
8/19/2026 23:13:47,1.17.3,LeftRight,73,3.87,nan,1,RESET,Left,632,1442,349,210700127,nan,nan,nan
8/19/2026 23:13:48,1.17.3,LeftRight,73,3.87,nan,1,Right,Left,632,1443,349,210700851,nan,nan,0.14
8/19/2026 23:13:49,1.17.3,LeftRight,73,3.87,nan,1,Left,Left,633,1443,349,210702351,nan,nan,0.00
8/19/2026 23:13:50,1.17.3,LeftRight,73,3.87,nan,1,Right,Left,633,1444,349,210703447,nan,nan,0.00
8/19/2026 23:13:51,1.17.3,LeftRight,73,3.87,2,1,Pellet,Left,633,1444,350,210703447,0.06,20,nan
8/19/2026 23:14:03,1.17.3,LeftRight,73,3.87,nan,1,Right,Left,633,1445,350,210716350,nan,nan,0.00
8/19/2026 23:14:05,1.17.3,LeftRight,73,3.87,nan,1,Right,Left,633,1446,350,210717875,nan,nan,0.02
8/19/2026 23:14:06,1.17.3,LeftRight,73,3.87,nan,1,Right,Left,633,1447,350,210719275,nan,nan,0.08
8/19/2026 23:14:08,1.17.3,LeftRight,73,3.87,nan,1,Left,Left,634,1447,350,210721235,nan,nan,0.00
8/19/2026 23:14:09,1.17.3,LeftRight,73,3.87,nan,1,Left,Left,635,1447,350,210721815,nan,nan,0.00
8/19/2026 23:14:11,1.17.3,LeftRight,73,3.87,nan,1,Right,Left,635,1448,350,210724525,nan,nan,0.00
8/19/2026 23:14:21,1.17.3,LeftRight,73,3.87,2,1,Pellet,Left,635,1448,351,210724525,8.15,30,nan
8/19/2026 23:14:35,1.17.3,LeftRight,73,3.87,nan,1,Left,Left,636,1448,351,210747836,nan,nan,0.00
8/19/2026 23:14:38,1.17.3,LeftRight,73,3.87,nan,1,RESET,Left,636,1448,351,210751146,nan,nan,nan
8/19/2026 23:14:41,1.17.3,LeftRight,73,3.87,nan,1,Right,Left,636,1449,351,210754539,nan,nan,0.00
8/19/2026 23:14:43,1.17.3,LeftRight,73,3.87,nan,1,Left,Left,637,1449,351,210756621,nan,nan,0.00
8/19/2026 23:14:45,1.17.3,LeftRight,73,3.87,nan,1,Right,Left,637,1450,351,210758292,nan,nan,0.00
8/19/2026 23:14:47,1.17.3,LeftRight,73,3.87,2,1,Pellet,Left,637,1450,352,210758292,0.47,26,nan
8/19/2026 23:14:58,1.17.3,LeftRight,73,3.87,nan,1,Left,Left,638,1450,352,210770879,nan,nan,0.00
8/19/2026 23:15:01,1.17.3,LeftRight,73,3.87,nan,1,RESET,Left,638,1450,352,210774043,nan,nan,nan
8/19/2026 23:15:01,1.17.3,LeftRight,73,3.87,nan,1,Right,Left,638,1451,352,210774175,nan,nan,0.00
8/19/2026 23:15:04,1.17.3,LeftRight,73,3.87,nan,1,Right,Left,638,1452,352,210777035,nan,nan,0.04
8/19/2026 23:15:07,1.17.3,LeftRight,73,3.87,nan,1,Right,Left,638,1453,352,210780082,nan,nan,0.00
8/19/2026 23:16:33,1.17.3,LeftRight,73,3.87,nan,1,Right,Left,638,1454,352,210865779,nan,nan,0.07
8/19/2026 23:20:59,1.17.3,LeftRight,73,3.87,nan,1,Right,Left,638,1455,352,211131720,nan,nan,0.02
8/19/2026 23:24:47,1.17.3,LeftRight,73,3.87,nan,1,Right,Left,638,1456,352,211360506,nan,nan,0.02
8/19/2026 23:24:49,1.17.3,LeftRight,73,3.87,nan,1,Left,Left,639,1456,352,211361702,nan,nan,0.00
8/19/2026 23:24:50,1.17.3,LeftRight,73,3.87,nan,1,Right,Left,639,1457,352,211362783,nan,nan,0.11
8/19/2026 23:24:55,1.17.3,LeftRight,73,3.87,4,1,Pellet,Left,639,1457,353,211362783,0.06,608,nan
8/19/2026 23:25:10,1.17.3,LeftRight,73,3.87,nan,1,Left,Left,640,1457,353,211382758,nan,nan,0.00
8/19/2026 23:25:11,1.17.3,LeftRight,73,3.87,nan,1,Right,Left,640,1458,353,211383690,nan,nan,0.11
8/19/2026 23:25:11,1.17.3,LeftRight,73,3.87,1,1,Pellet,Left,640,1458,354,211383690,0.23,16,nan
8/19/2026 23:25:21,1.17.3,LeftRight,73,3.87,nan,1,Left,Left,641,1458,354,211393940,nan,nan,0.00
8/19/2026 23:25:22,1.17.3,LeftRight,73,3.87,nan,1,Right,Left,641,1459,354,211395020,nan,nan,0.10
8/19/2026 23:25:23,1.17.3,LeftRight,73,3.87,1,1,Pellet,Left,641,1459,355,211395020,0.29,12,nan
8/19/2026 23:25:37,1.17.3,LeftRight,73,3.87,nan,1,Right,Left,641,1460,355,211410091,nan,nan,0.03
8/19/2026 23:25:42,1.17.3,LeftRight,73,3.87,nan,1,Right,Left,641,1461,355,211415210,nan,nan,0.16
8/19/2026 23:25:44,1.17.3,LeftRight,73,3.87,nan,1,Right,Left,641,1462,355,211417191,nan,nan,0.07
8/19/2026 23:25:46,1.17.3,LeftRight,73,3.87,nan,1,Left,Left,642,1462,355,211418880,nan,nan,0.00
8/19/2026 23:25:47,1.17.3,LeftRight,73,3.87,nan,1,Left,Left,643,1462,355,211419984,nan,nan,0.00
8/19/2026 23:25:50,1.17.3,LeftRight,73,3.87,nan,1,RESET,Left,643,1462,355,211423150,nan,nan,nan
8/19/2026 23:25:53,1.17.3,LeftRight,73,3.87,nan,1,Left,Left,644,1462,355,211426036,nan,nan,0.00
8/19/2026 23:25:56,1.17.3,LeftRight,73,3.87,nan,1,Right,Left,644,1463,355,211428601,nan,nan,0.11
8/19/2026 23:26:01,1.17.3,LeftRight,73,3.87,3,1,Pellet,Left,644,1463,356,211428601,0.06,38,nan
8/19/2026 23:26:26,1.17.3,LeftRight,73,3.87,nan,1,Right,Left,644,1464,356,211458891,nan,nan,0.06
8/19/2026 23:26:28,1.17.3,LeftRight,73,3.87,nan,1,Right,Left,644,1465,356,211461076,nan,nan,0.14
8/19/2026 23:26:46,1.17.3,LeftRight,73,3.87,nan,1,Right,Left,644,1466,356,211478927,nan,nan,0.12
8/19/2026 23:26:47,1.17.3,LeftRight,73,3.87,nan,1,Right,Left,644,1467,356,211480276,nan,nan,0.00
8/19/2026 23:26:52,1.17.3,LeftRight,73,3.87,nan,1,Right,Left,644,1468,356,211484476,nan,nan,0.31
8/19/2026 23:26:54,1.17.3,LeftRight,73,3.87,nan,1,Left,Left,645,1468,356,211487288,nan,nan,0.00
8/19/2026 23:26:57,1.17.3,LeftRight,73,3.87,nan,1,RESET,Left,645,1468,356,211490159,nan,nan,nan
8/19/2026 23:26:58,1.17.3,LeftRight,73,3.87,nan,1,Right,Left,645,1469,356,211491045,nan,nan,0.06
8/19/2026 23:27:00,1.17.3,LeftRight,73,3.87,nan,1,Left,Left,646,1469,356,211492788,nan,nan,0.00
8/19/2026 23:27:01,1.17.3,LeftRight,73,3.87,nan,1,Right,Left,646,1470,356,211494315,nan,nan,0.29
8/19/2026 23:27:03,1.17.3,LeftRight,73,3.87,2,1,Pellet,Left,646,1470,357,211494315,0.17,62,nan
8/19/2026 23:27:12,1.17.3,LeftRight,73,3.87,nan,1,Right,Left,646,1471,357,211505086,nan,nan,0.14
8/19/2026 23:27:14,1.17.3,LeftRight,73,3.87,nan,1,Left,Left,647,1471,357,211507414,nan,nan,0.00
8/19/2026 23:27:18,1.17.3,LeftRight,73,3.87,nan,1,Right,Left,647,1472,357,211510862,nan,nan,0.09
8/19/2026 23:27:19,1.17.3,LeftRight,73,3.87,2,1,Pellet,Left,647,1472,358,211510862,0.35,16,nan
8/19/2026 23:27:29,1.17.3,LeftRight,73,3.87,nan,1,Right,Left,647,1473,358,211522487,nan,nan,0.08
8/19/2026 23:27:30,1.17.3,LeftRight,73,3.87,nan,1,Right,Left,647,1474,358,211523052,nan,nan,0.01
8/19/2026 23:35:46,1.17.3,LeftRight,73,3.87,nan,1,Right,Left,647,1475,358,212019390,nan,nan,0.00
8/19/2026 23:35:49,1.17.3,LeftRight,73,3.87,nan,1,Right,Left,647,1476,358,212021657,nan,nan,0.18
8/19/2026 23:35:54,1.17.3,LeftRight,73,3.87,nan,1,Right,Left,647,1477,358,212026628,nan,nan,0.20
8/19/2026 23:35:56,1.17.3,LeftRight,73,3.87,nan,1,Right,Left,647,1478,358,212029394,nan,nan,0.21
8/19/2026 23:35:58,1.17.3,LeftRight,73,3.87,nan,1,Right,Left,647,1479,358,212031132,nan,nan,0.14
8/19/2026 23:36:00,1.17.3,LeftRight,73,3.87,nan,1,Right,Left,647,1480,358,212032809,nan,nan,0.20
8/19/2026 23:40:32,1.17.3,LeftRight,73,3.87,nan,1,Right,Left,647,1481,358,212305683,nan,nan,0.00
8/19/2026 23:50:19,1.17.3,LeftRight,73,3.87,nan,1,Left,Left,648,1481,358,212892000,nan,nan,0.00
8/19/2026 23:50:20,1.17.3,LeftRight,73,3.87,nan,1,Right,Left,648,1482,358,212892933,nan,nan,0.02
8/19/2026 23:50:21,1.17.3,LeftRight,73,3.86,1,1,Pellet,Left,648,1482,359,212892933,0.53,1382,nan
8/19/2026 23:50:33,1.17.3,LeftRight,73,3.87,nan,1,Right,Left,648,1483,359,212906337,nan,nan,0.02
8/19/2026 23:50:37,1.17.3,LeftRight,73,3.87,nan,1,Right,Left,648,1484,359,212909820,nan,nan,0.00
8/19/2026 23:50:38,1.17.3,LeftRight,73,3.87,nan,1,Right,Left,648,1485,359,212911495,nan,nan,0.14
8/19/2026 23:50:42,1.17.3,LeftRight,73,3.87,nan,1,Right,Left,648,1486,359,212914943,nan,nan,0.21
8/19/2026 23:50:44,1.17.3,LeftRight,73,3.87,nan,1,Right,Left,648,1487,359,212917438,nan,nan,0.09
8/19/2026 23:50:47,1.17.3,LeftRight,73,3.87,nan,1,Left,Left,649,1487,359,212919879,nan,nan,0.00
8/19/2026 23:50:50,1.17.3,LeftRight,73,3.86,nan,1,RESET,Left,649,1487,359,212923186,nan,nan,nan
8/19/2026 23:56:19,1.17.3,LeftRight,73,3.87,nan,1,Right,Left,649,1488,359,213252555,nan,nan,0.08
8/19/2026 23:57:17,1.17.3,LeftRight,73,3.87,nan,1,Right,Left,649,1489,359,213310175,nan,nan,0.01
8/19/2026 23:57:19,1.17.3,LeftRight,73,3.87,nan,1,Left,Left,650,1489,359,213312620,nan,nan,0.00
8/19/2026 23:57:22,1.17.3,LeftRight,73,3.86,nan,1,Right,Left,650,1490,359,213315038,nan,nan,0.24
8/19/2026 23:57:23,1.17.3,LeftRight,73,3.87,2,1,Pellet,Left,650,1490,360,213315038,0.06,422,nan
8/19/2026 23:57:35,1.17.3,LeftRight,73,3.86,nan,1,Right,Left,650,1491,360,213328539,nan,nan,0.00
8/19/2026 23:57:39,1.17.3,LeftRight,73,3.87,nan,1,Right,Left,650,1492,360,213331845,nan,nan,0.00
8/19/2026 23:57:41,1.17.3,LeftRight,73,3.86,nan,1,Left,Left,651,1492,360,213334407,nan,nan,0.00
8/19/2026 23:57:44,1.17.3,LeftRight,73,3.87,nan,1,Right,Left,651,1493,360,213336674,nan,nan,0.40
8/19/2026 23:57:45,1.17.3,LeftRight,73,3.87,1,1,Pellet,Left,651,1493,361,213336674,0.17,22,nan
8/19/2026 23:57:58,1.17.3,LeftRight,73,3.86,nan,1,Right,Left,651,1494,361,213350919,nan,nan,0.01
8/19/2026 23:58:02,1.17.3,LeftRight,73,3.86,nan,1,Right,Left,651,1495,361,213355568,nan,nan,0.19
8/19/2026 23:58:05,1.17.3,LeftRight,73,3.87,nan,1,Left,Left,652,1495,361,213358497,nan,nan,0.00
8/19/2026 23:58:07,1.17.3,LeftRight,73,3.87,nan,1,Right,Left,652,1496,361,213359875,nan,nan,0.26
8/19/2026 23:58:10,1.17.3,LeftRight,73,3.87,2,1,Pellet,Left,652,1496,362,213359875,0.41,25,nan
8/19/2026 23:58:27,1.17.3,LeftRight,73,3.87,nan,1,Left,Left,653,1496,362,213379848,nan,nan,0.00
8/19/2026 23:58:30,1.17.3,LeftRight,73,3.87,nan,1,RESET,Left,653,1496,362,213383308,nan,nan,nan
8/19/2026 23:58:37,1.17.3,LeftRight,73,3.87,nan,1,Right,Left,653,1497,362,213390722,nan,nan,0.08
8/19/2026 23:58:41,1.17.3,LeftRight,73,3.87,nan,1,Left,Left,654,1497,362,213394259,nan,nan,0.00
8/19/2026 23:58:44,1.17.3,LeftRight,73,3.87,nan,1,RESET,Left,654,1497,362,213397277,nan,nan,nan
8/19/2026 23:58:44,1.17.3,LeftRight,73,3.87,nan,1,Right,Left,654,1498,362,213397408,nan,nan,0.00
8/19/2026 23:58:46,1.17.3,LeftRight,73,3.87,nan,1,Right,Left,654,1499,362,213398787,nan,nan,0.39
8/19/2026 23:58:55,1.17.3,LeftRight,73,3.87,nan,1,Right,Left,654,1500,362,213408575,nan,nan,0.00
8/19/2026 23:58:57,1.17.3,LeftRight,73,3.87,nan,1,Right,Left,654,1501,362,213410102,nan,nan,0.10
8/19/2026 23:58:59,1.17.3,LeftRight,73,3.86,nan,1,Left,Left,655,1501,362,213412321,nan,nan,0.00
8/19/2026 23:59:00,1.17.3,LeftRight,73,3.87,nan,1,Left,Left,656,1501,362,213413098,nan,nan,0.00
8/19/2026 23:59:01,1.17.3,LeftRight,73,3.86,nan,1,Right,Left,656,1502,362,213414179,nan,nan,0.00
8/19/2026 23:59:02,1.17.3,LeftRight,73,3.86,1,1,Pellet,Left,656,1502,363,213414179,0.29,52,nan
8/19/2026 23:59:11,1.17.3,LeftRight,73,3.86,nan,1,Left,Left,657,1502,363,213424254,nan,nan,0.00
8/19/2026 23:59:14,1.17.3,LeftRight,73,3.87,nan,1,Right,Left,657,1503,363,213426820,nan,nan,0.05
8/19/2026 23:59:15,1.17.3,LeftRight,73,3.87,1,1,Pellet,Left,657,1503,364,213426820,0.17,13,nan
8/19/2026 23:59:27,1.17.3,LeftRight,73,3.87,nan,1,Right,Left,657,1504,364,213440305,nan,nan,0.00
8/19/2026 23:59:29,1.17.3,LeftRight,73,3.87,nan,1,Right,Left,657,1505,364,213441834,nan,nan,0.12
8/19/2026 23:59:35,1.17.3,LeftRight,73,3.87,nan,1,Left,Left,658,1505,364,213448152,nan,nan,0.00
8/19/2026 23:59:36,1.17.3,LeftRight,73,3.87,nan,1,Right,Left,658,1506,364,213449233,nan,nan,0.00
8/19/2026 23:59:37,1.17.3,LeftRight,73,3.87,1,1,Pellet,Left,658,1506,365,213449233,0.35,22,nan
8/20/2026 0:11:33,1.17.3,LeftRight,73,3.87,nan,1,Left,Left,659,1506,365,214166753,nan,nan,0.00
8/20/2026 0:11:35,1.17.3,LeftRight,73,3.86,nan,1,Right,Left,659,1507,365,214167983,nan,nan,0.00
8/20/2026 0:11:36,1.17.3,LeftRight,73,3.87,2,1,Pellet,Left,659,1507,366,214167983,0.17,719,nan
8/20/2026 0:13:24,1.17.3,LeftRight,73,3.87,nan,1,Right,Left,659,1508,366,214277128,nan,nan,0.00
8/20/2026 0:18:26,1.17.3,LeftRight,73,3.87,nan,1,Left,Left,660,1508,366,214578883,nan,nan,0.00
8/20/2026 0:18:26,1.17.3,LeftRight,73,3.86,nan,1,Right,Left,660,1509,366,214579674,nan,nan,0.00
8/20/2026 0:18:27,1.17.3,LeftRight,73,3.87,1,1,Pellet,Left,660,1509,367,214579674,0.41,411,nan
8/20/2026 0:20:17,1.17.3,LeftRight,73,3.86,nan,1,Left,Left,661,1509,367,214690575,nan,nan,0.00
8/20/2026 0:20:19,1.17.3,LeftRight,73,3.86,nan,1,Right,Left,661,1510,367,214692102,nan,nan,0.00
8/20/2026 0:20:20,1.17.3,LeftRight,73,3.87,1,1,Pellet,Left,661,1510,368,214692102,0.41,113,nan
8/20/2026 0:20:34,1.17.3,LeftRight,73,3.86,nan,1,Right,Left,661,1511,368,214707223,nan,nan,0.12
8/20/2026 0:20:39,1.17.3,LeftRight,73,3.87,nan,1,Right,Left,661,1512,368,214712285,nan,nan,0.14
8/20/2026 0:20:41,1.17.3,LeftRight,73,3.86,nan,1,Right,Left,661,1513,368,214713948,nan,nan,0.17
8/20/2026 0:20:43,1.17.3,LeftRight,73,3.87,nan,1,Left,Left,662,1513,368,214716349,nan,nan,0.00
8/20/2026 0:20:44,1.17.3,LeftRight,73,3.87,nan,1,Right,Left,662,1514,368,214717729,nan,nan,0.00
8/20/2026 0:20:45,1.17.3,LeftRight,73,3.86,1,1,Pellet,Left,662,1514,369,214717729,0.29,25,nan
8/20/2026 0:20:59,1.17.3,LeftRight,73,3.86,nan,1,Left,Left,663,1514,369,214732720,nan,nan,0.00
8/20/2026 0:21:02,1.17.3,LeftRight,73,3.87,nan,1,Right,Left,663,1515,369,214734840,nan,nan,0.15
8/20/2026 0:21:03,1.17.3,LeftRight,73,3.86,1,1,Pellet,Left,663,1515,370,214734840,0.17,18,nan
8/20/2026 0:21:20,1.17.3,LeftRight,73,3.86,nan,1,Right,Left,663,1516,370,214752668,nan,nan,0.29
8/20/2026 0:21:21,1.17.3,LeftRight,73,3.87,nan,1,Left,Left,664,1516,370,214754346,nan,nan,0.00
8/20/2026 0:21:25,1.17.3,LeftRight,73,3.87,nan,1,RESET,Left,664,1516,370,214758245,nan,nan,nan
8/20/2026 0:21:27,1.17.3,LeftRight,73,3.86,nan,1,Left,Left,665,1516,370,214760453,nan,nan,0.00
8/20/2026 0:21:28,1.17.3,LeftRight,73,3.86,nan,1,Right,Left,665,1517,370,214761831,nan,nan,0.00
8/20/2026 0:21:38,1.17.3,LeftRight,73,3.86,2,1,Pellet,Left,665,1517,371,214761831,7.19,35,nan
8/20/2026 0:21:56,1.17.3,LeftRight,73,3.86,nan,1,Right,Left,665,1518,371,214789054,nan,nan,0.02
8/20/2026 0:21:57,1.17.3,LeftRight,73,3.86,nan,1,Right,Left,665,1519,371,214790453,nan,nan,0.19
8/20/2026 0:22:01,1.17.3,LeftRight,73,3.86,nan,1,Left,Left,666,1519,371,214794106,nan,nan,0.00
8/20/2026 0:22:02,1.17.3,LeftRight,73,3.87,nan,1,Right,Left,666,1520,371,214795335,nan,nan,0.14
8/20/2026 0:22:03,1.17.3,LeftRight,73,3.87,1,1,Pellet,Left,666,1520,372,214795335,0.23,25,nan
8/20/2026 0:22:18,1.17.3,LeftRight,73,3.87,nan,1,Left,Left,667,1520,372,214811394,nan,nan,0.00
8/20/2026 0:22:19,1.17.3,LeftRight,73,3.87,nan,1,Right,Left,667,1521,372,214812185,nan,nan,0.03
8/20/2026 0:22:20,1.17.3,LeftRight,73,3.86,1,1,Pellet,Left,667,1521,373,214812185,0.65,17,nan
8/20/2026 0:22:36,1.17.3,LeftRight,73,3.87,nan,1,Right,Left,667,1522,373,214828923,nan,nan,0.18
8/20/2026 0:22:37,1.17.3,LeftRight,73,3.86,nan,1,Right,Left,667,1523,373,214830645,nan,nan,0.03
8/20/2026 0:23:05,1.17.3,LeftRight,73,3.87,nan,1,Right,Left,667,1524,373,214858798,nan,nan,0.07
8/20/2026 0:23:07,1.17.3,LeftRight,73,3.87,nan,1,Right,Left,667,1525,373,214859807,nan,nan,0.22
8/20/2026 0:23:08,1.17.3,LeftRight,73,3.86,nan,1,Right,Left,667,1526,373,214861555,nan,nan,0.24
8/20/2026 0:30:13,1.17.3,LeftRight,73,3.86,nan,1,Right,Left,667,1527,373,215286846,nan,nan,0.03
8/20/2026 0:34:45,1.17.3,LeftRight,73,3.87,nan,1,Right,Left,667,1528,373,215558180,nan,nan,0.16
8/20/2026 0:34:46,1.17.3,LeftRight,73,3.86,nan,1,Right,Left,667,1529,373,215559275,nan,nan,0.17
8/20/2026 0:35:48,1.17.3,LeftRight,73,3.86,nan,1,Left,Left,668,1529,373,215621806,nan,nan,0.00
8/20/2026 0:35:52,1.17.3,LeftRight,73,3.87,nan,1,RESET,Left,668,1529,373,215625422,nan,nan,nan
8/20/2026 0:36:05,1.17.3,LeftRight,73,3.87,nan,1,Right,Left,668,1530,373,215638341,nan,nan,0.00
8/20/2026 0:36:12,1.17.3,LeftRight,73,3.86,nan,1,Right,Left,668,1531,373,215645818,nan,nan,0.06
8/20/2026 0:36:15,1.17.3,LeftRight,73,3.86,nan,1,Right,Left,668,1532,373,215648593,nan,nan,0.04
8/20/2026 0:36:18,1.17.3,LeftRight,73,3.87,nan,1,Left,Left,669,1532,373,215651203,nan,nan,0.00
8/20/2026 0:36:19,1.17.3,LeftRight,73,3.86,nan,1,Right,Left,669,1533,373,215652446,nan,nan,0.01
8/20/2026 0:36:32,1.17.3,LeftRight,73,3.86,3,1,Pellet,Left,669,1533,374,215652446,8.16,852,nan
8/20/2026 0:42:53,1.17.3,LeftRight,73,3.86,nan,1,Right,Left,669,1534,374,216046802,nan,nan,0.00
8/20/2026 0:42:58,1.17.3,LeftRight,73,3.86,nan,1,Right,Left,669,1535,374,216051153,nan,nan,0.12
8/20/2026 0:43:04,1.17.3,LeftRight,73,3.86,nan,1,Right,Left,669,1536,374,216057407,nan,nan,0.09
8/20/2026 0:43:06,1.17.3,LeftRight,73,3.86,nan,1,Left,Left,670,1536,374,216059001,nan,nan,0.00
8/20/2026 0:43:07,1.17.3,LeftRight,73,3.86,nan,1,Right,Left,670,1537,374,216059785,nan,nan,0.15
8/20/2026 0:43:10,1.17.3,LeftRight,73,3.86,2,1,Pellet,Left,670,1537,375,216059785,0.65,398,nan
8/20/2026 0:44:44,1.17.3,LeftRight,73,3.87,nan,1,Right,Left,670,1538,375,216156957,nan,nan,0.06
8/20/2026 0:44:48,1.17.3,LeftRight,73,3.86,nan,1,Right,Left,670,1539,375,216161215,nan,nan,0.19
8/20/2026 0:44:50,1.17.3,LeftRight,73,3.86,nan,1,Right,Left,670,1540,375,216163083,nan,nan,0.08
8/20/2026 0:44:51,1.17.3,LeftRight,73,3.86,nan,1,Left,Left,671,1540,375,216164779,nan,nan,0.00
8/20/2026 0:44:52,1.17.3,LeftRight,73,3.87,nan,1,Right,Left,671,1541,375,216165562,nan,nan,0.00
8/20/2026 0:44:55,1.17.3,LeftRight,73,3.85,3,1,Pellet,Left,671,1541,376,216165562,0.06,105,nan
8/20/2026 0:45:11,1.17.3,LeftRight,73,3.86,nan,1,Left,Left,672,1541,376,216184804,nan,nan,0.00
8/20/2026 0:45:14,1.17.3,LeftRight,73,3.87,nan,1,Right,Left,672,1542,376,216186933,nan,nan,0.05
8/20/2026 0:45:15,1.17.3,LeftRight,73,3.87,1,1,Pellet,Left,672,1542,377,216186933,0.47,20,nan
8/20/2026 0:45:28,1.17.3,LeftRight,73,3.86,nan,1,Right,Left,672,1543,377,216201530,nan,nan,0.00
8/20/2026 0:45:31,1.17.3,LeftRight,73,3.86,nan,1,Left,Left,673,1543,377,216204220,nan,nan,0.00
8/20/2026 0:45:32,1.17.3,LeftRight,73,3.85,nan,1,Right,Left,673,1544,377,216205745,nan,nan,0.00
8/20/2026 0:45:33,1.17.3,LeftRight,73,3.86,2,1,Pellet,Left,673,1544,378,216205745,0.17,18,nan
8/20/2026 0:45:48,1.17.3,LeftRight,73,3.87,nan,1,Left,Left,674,1544,378,216221065,nan,nan,0.00
8/20/2026 0:45:51,1.17.3,LeftRight,73,3.86,nan,1,RESET,Left,674,1544,378,216224372,nan,nan,nan
8/20/2026 0:45:51,1.17.3,LeftRight,73,3.86,nan,1,Right,Left,674,1545,378,216224663,nan,nan,0.02
8/20/2026 0:45:53,1.17.3,LeftRight,73,3.87,nan,1,Right,Left,674,1546,378,216226062,nan,nan,0.12
8/20/2026 0:45:56,1.17.3,LeftRight,73,3.86,nan,1,Left,Left,675,1546,378,216229108,nan,nan,0.00
8/20/2026 0:45:58,1.17.3,LeftRight,73,3.86,nan,1,Right,Left,675,1547,378,216231229,nan,nan,0.00
8/20/2026 0:46:03,1.17.3,LeftRight,73,3.86,4,1,Pellet,Left,675,1547,379,216231229,0.06,30,nan
8/20/2026 0:46:15,1.17.3,LeftRight,73,3.86,nan,1,Left,Left,676,1547,379,216248714,nan,nan,0.00
8/20/2026 0:46:17,1.17.3,LeftRight,73,3.86,nan,1,Right,Left,676,1548,379,216250685,nan,nan,0.09
8/20/2026 0:46:19,1.17.3,LeftRight,73,3.86,2,1,Pellet,Left,676,1548,380,216250685,0.06,16,nan
8/20/2026 0:46:31,1.17.3,LeftRight,73,3.86,nan,1,Right,Left,676,1549,380,216264482,nan,nan,0.00
8/20/2026 0:46:34,1.17.3,LeftRight,73,3.86,nan,1,Left,Left,677,1549,380,216267253,nan,nan,0.00
8/20/2026 0:46:36,1.17.3,LeftRight,73,3.86,nan,1,Right,Left,677,1550,380,216269225,nan,nan,0.00
8/20/2026 0:46:39,1.17.3,LeftRight,73,3.86,2,1,Pellet,Left,677,1550,381,216269225,0.35,20,nan
8/20/2026 0:46:53,1.17.3,LeftRight,73,3.86,nan,1,Right,Left,677,1551,381,216286602,nan,nan,0.00
8/20/2026 0:46:55,1.17.3,LeftRight,73,3.86,nan,1,Right,Left,677,1552,381,216288423,nan,nan,0.00
8/20/2026 0:46:57,1.17.3,LeftRight,73,3.86,nan,1,Left,Left,678,1552,381,216289956,nan,nan,0.00
8/20/2026 0:46:58,1.17.3,LeftRight,73,3.86,nan,1,Right,Left,678,1553,381,216291780,nan,nan,0.00
8/20/2026 0:46:59,1.17.3,LeftRight,73,3.85,1,1,Pellet,Left,678,1553,382,216291780,0.23,20,nan
8/20/2026 0:47:12,1.17.3,LeftRight,73,3.85,nan,1,Right,Left,678,1554,382,216305654,nan,nan,0.00
8/20/2026 0:47:14,1.17.3,LeftRight,73,3.86,nan,1,Right,Left,678,1555,382,216307181,nan,nan,0.16
8/20/2026 0:47:16,1.17.3,LeftRight,73,3.86,nan,1,Left,Left,679,1555,382,216309465,nan,nan,0.00
8/20/2026 0:47:17,1.17.3,LeftRight,73,3.86,nan,1,Left,Left,680,1555,382,216310342,nan,nan,0.00
8/20/2026 0:47:18,1.17.3,LeftRight,73,3.86,nan,1,Right,Left,680,1556,382,216311573,nan,nan,0.07
8/20/2026 0:47:26,1.17.3,LeftRight,73,3.86,2,1,Pellet,Left,680,1556,383,216311573,5.27,27,nan
8/20/2026 1:04:18,1.17.3,LeftRight,73,3.86,nan,1,Left,Left,681,1556,383,217331338,nan,nan,0.00
8/20/2026 1:04:19,1.17.3,LeftRight,73,3.86,nan,1,Right,Left,681,1557,383,217332271,nan,nan,0.00
8/20/2026 1:04:22,1.17.3,LeftRight,73,3.86,2,1,Pellet,Left,681,1557,384,217332271,0.47,1016,nan
8/20/2026 1:04:36,1.17.3,LeftRight,73,3.86,nan,1,Right,Left,681,1558,384,217349835,nan,nan,0.06
8/20/2026 1:04:39,1.17.3,LeftRight,73,3.86,nan,1,Left,Left,682,1558,384,217352666,nan,nan,0.00
8/20/2026 1:04:41,1.17.3,LeftRight,73,3.86,nan,1,Right,Left,682,1559,384,217354193,nan,nan,0.00
8/20/2026 1:04:42,1.17.3,LeftRight,73,3.86,1,1,Pellet,Left,682,1559,385,217354193,0.06,20,nan
8/20/2026 1:04:53,1.17.3,LeftRight,73,3.86,nan,1,Right,Left,682,1560,385,217366941,nan,nan,0.00
8/20/2026 1:18:09,1.17.3,LeftRight,73,3.86,nan,1,Left,Left,683,1560,385,218162135,nan,nan,0.00
8/20/2026 1:18:12,1.17.3,LeftRight,73,3.85,nan,1,RESET,Left,683,1560,385,218165446,nan,nan,nan
8/20/2026 1:18:12,1.17.3,LeftRight,73,3.85,nan,1,Right,Left,683,1561,385,218166034,nan,nan,0.00
8/20/2026 1:18:14,1.17.3,LeftRight,73,3.86,nan,1,Right,Left,683,1562,385,218167412,nan,nan,0.15
8/20/2026 1:18:16,1.17.3,LeftRight,73,3.86,nan,1,Left,Left,684,1562,385,218169838,nan,nan,0.00
8/20/2026 1:18:17,1.17.3,LeftRight,73,3.86,nan,1,Right,Left,684,1563,385,218170483,nan,nan,0.03
8/20/2026 1:18:18,1.17.3,LeftRight,73,3.86,1,1,Pellet,Left,684,1563,386,218170483,0.41,816,nan
8/20/2026 1:19:16,1.17.3,LeftRight,73,3.86,nan,1,Right,Left,684,1564,386,218228740,nan,nan,0.30
8/20/2026 1:19:45,1.17.3,LeftRight,73,3.86,nan,1,Right,Left,684,1565,386,218258335,nan,nan,0.02
8/20/2026 1:41:02,1.17.3,LeftRight,73,3.85,nan,1,Right,Left,684,1566,386,219535271,nan,nan,0.00
8/20/2026 1:49:16,1.17.3,LeftRight,73,3.85,nan,1,Right,Left,684,1567,386,220029806,nan,nan,0.13
8/20/2026 1:49:19,1.17.3,LeftRight,73,3.85,nan,1,Left,Left,685,1567,386,220032499,nan,nan,0.00
8/20/2026 1:49:22,1.17.3,LeftRight,73,3.85,nan,1,Right,Left,685,1568,386,220035364,nan,nan,0.32
8/20/2026 1:49:23,1.17.3,LeftRight,73,3.86,1,1,Pellet,Left,685,1568,387,220035364,0.35,1865,nan
8/20/2026 1:49:43,1.17.3,LeftRight,73,3.85,nan,1,Left,Left,686,1568,387,220056873,nan,nan,0.00
8/20/2026 1:49:45,1.17.3,LeftRight,73,3.85,nan,1,Right,Left,686,1569,387,220058565,nan,nan,0.07
8/20/2026 1:49:46,1.17.3,LeftRight,73,3.85,1,1,Pellet,Left,686,1569,388,220058565,0.23,23,nan
8/20/2026 1:50:01,1.17.3,LeftRight,73,3.86,nan,1,Left,Left,687,1569,388,220074610,nan,nan,0.00
8/20/2026 1:50:03,1.17.3,LeftRight,73,3.85,nan,1,Right,Left,687,1570,388,220076287,nan,nan,0.00
8/20/2026 1:50:06,1.17.3,LeftRight,73,3.85,2,1,Pellet,Left,687,1570,389,220076287,0.17,20,nan
8/20/2026 1:50:20,1.17.3,LeftRight,73,3.85,nan,1,Left,Left,688,1570,389,220093378,nan,nan,0.00
8/20/2026 1:50:20,1.17.3,LeftRight,73,3.86,nan,1,Left,Left,689,1570,389,220093953,nan,nan,0.00
8/20/2026 1:50:24,1.17.3,LeftRight,73,3.85,nan,1,Right,Left,689,1571,389,220097115,nan,nan,0.02
8/20/2026 1:50:24,1.17.3,LeftRight,73,3.85,1,1,Pellet,Left,689,1571,390,220097115,0.12,18,nan
8/20/2026 1:50:42,1.17.3,LeftRight,73,3.85,nan,1,Right,Left,689,1572,390,220115670,nan,nan,0.09
8/20/2026 1:50:44,1.17.3,LeftRight,73,3.86,nan,1,Right,Left,689,1573,390,220117288,nan,nan,0.23
8/20/2026 1:50:46,1.17.3,LeftRight,73,3.85,nan,1,Left,Left,690,1573,390,220119871,nan,nan,0.00
8/20/2026 1:50:49,1.17.3,LeftRight,73,3.85,nan,1,Right,Left,690,1574,390,220122437,nan,nan,0.00
8/20/2026 1:50:50,1.17.3,LeftRight,73,3.86,1,1,Pellet,Left,690,1574,391,220122437,0.29,26,nan
8/20/2026 1:51:02,1.17.3,LeftRight,73,3.85,nan,1,Left,Left,691,1574,391,220135325,nan,nan,0.00
8/20/2026 1:51:03,1.17.3,LeftRight,73,3.85,nan,1,Right,Left,691,1575,391,220136552,nan,nan,0.00
8/20/2026 1:51:04,1.17.3,LeftRight,73,3.85,1,1,Pellet,Left,691,1575,392,220136552,0.17,14,nan
8/20/2026 1:51:17,1.17.3,LeftRight,73,3.86,nan,1,Right,Left,691,1576,392,220150106,nan,nan,0.12
8/20/2026 1:51:19,1.17.3,LeftRight,73,3.85,nan,1,Right,Left,691,1577,392,220151749,nan,nan,0.41
8/20/2026 1:51:24,1.17.3,LeftRight,73,3.85,nan,1,Right,Left,691,1578,392,220157533,nan,nan,0.00
8/20/2026 1:51:25,1.17.3,LeftRight,73,3.85,nan,1,Left,Left,692,1578,392,220159042,nan,nan,0.00
8/20/2026 1:51:29,1.17.3,LeftRight,73,3.85,nan,1,RESET,Left,692,1578,392,220162504,nan,nan,nan
8/20/2026 1:51:31,1.17.3,LeftRight,73,3.85,nan,1,Right,Left,692,1579,392,220164713,nan,nan,0.00
8/20/2026 1:51:33,1.17.3,LeftRight,73,3.85,nan,1,Right,Left,692,1580,392,220166239,nan,nan,0.52
8/20/2026 1:51:35,1.17.3,LeftRight,73,3.86,nan,1,Left,Left,693,1580,392,220168282,nan,nan,0.00
8/20/2026 1:51:38,1.17.3,LeftRight,73,3.85,nan,1,Right,Left,693,1581,392,220171293,nan,nan,0.00
8/20/2026 1:51:48,1.17.3,LeftRight,73,3.85,2,1,Pellet,Left,693,1581,393,220171293,7.43,44,nan
8/20/2026 1:52:04,1.17.3,LeftRight,73,3.85,nan,1,Left,Left,694,1581,393,220197803,nan,nan,0.00
8/20/2026 1:52:07,1.17.3,LeftRight,73,3.86,nan,1,Right,Left,694,1582,393,220200516,nan,nan,0.08
8/20/2026 1:52:12,1.17.3,LeftRight,73,3.86,3,1,Pellet,Left,694,1582,394,220200516,0.47,24,nan
8/20/2026 1:52:26,1.17.3,LeftRight,73,3.85,nan,1,Right,Left,694,1583,394,220219757,nan,nan,0.08
8/20/2026 1:52:30,1.17.3,LeftRight,73,3.85,nan,1,Right,Left,694,1584,394,220223445,nan,nan,0.36
8/20/2026 1:52:32,1.17.3,LeftRight,73,3.85,nan,1,Left,Left,695,1584,394,220225401,nan,nan,0.00
8/20/2026 1:52:35,1.17.3,LeftRight,73,3.86,nan,1,RESET,Left,695,1584,394,220228561,nan,nan,nan
8/20/2026 1:52:35,1.17.3,LeftRight,73,3.86,nan,1,Right,Left,695,1585,394,220228693,nan,nan,0.00
8/20/2026 1:52:37,1.17.3,LeftRight,73,3.85,nan,1,Left,Left,696,1585,394,220230220,nan,nan,0.00
8/20/2026 1:52:40,1.17.3,LeftRight,73,3.85,nan,1,RESET,Left,696,1585,394,220233531,nan,nan,nan
8/20/2026 1:52:41,1.17.3,LeftRight,73,3.85,nan,1,Right,Left,696,1586,394,220234709,nan,nan,0.19
8/20/2026 1:52:42,1.17.3,LeftRight,73,3.85,nan,1,Right,Left,696,1587,394,220235391,nan,nan,0.12
8/20/2026 1:52:43,1.17.3,LeftRight,73,3.85,nan,1,Left,Left,697,1587,394,220236641,nan,nan,0.00
8/20/2026 1:52:44,1.17.3,LeftRight,73,3.85,nan,1,Left,Left,698,1587,394,220237480,nan,nan,0.00
8/20/2026 1:52:45,1.17.3,LeftRight,73,3.86,nan,1,Right,Left,698,1588,394,220238264,nan,nan,0.06
8/20/2026 1:52:46,1.17.3,LeftRight,73,3.86,1,1,Pellet,Left,698,1588,395,220238264,0.23,34,nan
8/20/2026 3:22:07,1.17.3,LeftRight,73,3.85,nan,1,Right,Left,698,1589,395,225600433,nan,nan,0.00
8/20/2026 3:22:10,1.17.3,LeftRight,73,3.85,nan,1,Right,Left,698,1590,395,225603462,nan,nan,0.30
8/20/2026 3:22:16,1.17.3,LeftRight,73,3.85,nan,1,Right,Left,698,1591,395,225609326,nan,nan,0.19
8/20/2026 3:22:17,1.17.3,LeftRight,73,3.85,nan,1,Right,Left,698,1592,395,225611048,nan,nan,0.12
8/20/2026 3:22:20,1.17.3,LeftRight,73,3.85,nan,1,Right,Left,698,1593,395,225613902,nan,nan,0.15
8/20/2026 3:22:58,1.17.3,LeftRight,73,3.85,nan,1,Right,Left,698,1594,395,225651882,nan,nan,0.12
8/20/2026 3:23:04,1.17.3,LeftRight,73,3.85,nan,1,Right,Left,698,1595,395,225657563,nan,nan,0.00
8/20/2026 3:28:09,1.17.3,LeftRight,73,3.85,nan,1,Left,Left,699,1595,395,225962695,nan,nan,0.00
8/20/2026 3:28:10,1.17.3,LeftRight,73,3.85,nan,1,Right,Left,699,1596,395,225964080,nan,nan,0.08
8/20/2026 3:28:11,1.17.3,LeftRight,73,3.85,nan,1,RightDuringDispense,Left,699,1597,395,225964080,nan,nan,0.22
8/20/2026 3:28:12,1.17.3,LeftRight,73,3.85,1,1,Pellet,Left,699,1597,396,225964080,0.41,5726,nan
8/20/2026 3:28:22,1.17.3,LeftRight,73,3.85,nan,1,Right,Left,699,1598,396,225976360,nan,nan,0.04
8/20/2026 3:28:23,1.17.3,LeftRight,73,3.85,nan,1,Right,Left,699,1599,396,225976888,nan,nan,0.26
8/20/2026 3:28:25,1.17.3,LeftRight,73,3.85,nan,1,Right,Left,699,1600,396,225978386,nan,nan,0.26
8/20/2026 3:28:27,1.17.3,LeftRight,73,3.85,nan,1,Left,Left,700,1600,396,225981232,nan,nan,0.00
8/20/2026 3:28:30,1.17.3,LeftRight,73,3.85,nan,1,Right,Left,700,1601,396,225984268,nan,nan,0.01
8/20/2026 3:28:31,1.17.3,LeftRight,73,3.84,1,1,Pellet,Left,700,1601,397,225984268,0.35,19,nan
8/20/2026 3:28:49,1.17.3,LeftRight,73,3.85,nan,1,Left,Left,701,1601,397,226002609,nan,nan,0.00
8/20/2026 3:28:50,1.17.3,LeftRight,73,3.85,nan,1,Right,Left,701,1602,397,226004290,nan,nan,0.00
8/20/2026 3:29:04,1.17.3,LeftRight,73,3.85,2,1,Pellet,Left,701,1602,398,226004290,10.91,33,nan
8/20/2026 3:30:27,1.17.3,LeftRight,73,3.85,nan,1,Right,Left,701,1603,398,226100767,nan,nan,0.00
8/20/2026 3:30:29,1.17.3,LeftRight,73,3.85,nan,1,Right,Left,701,1604,398,226102464,nan,nan,0.17
8/20/2026 3:30:35,1.17.3,LeftRight,73,3.85,nan,1,Right,Left,701,1605,398,226109386,nan,nan,0.02
8/20/2026 3:38:46,1.17.3,LeftRight,73,3.85,nan,1,Right,Left,701,1606,398,226598850,nan,nan,1.32
8/20/2026 3:38:50,1.17.3,LeftRight,73,3.85,nan,1,Right,Left,701,1607,398,226604238,nan,nan,0.12
8/20/2026 3:38:52,1.17.3,LeftRight,73,3.85,nan,1,Right,Left,701,1608,398,226606040,nan,nan,0.12
8/20/2026 3:38:54,1.17.3,LeftRight,73,3.85,nan,1,Right,Left,701,1609,398,226608296,nan,nan,0.00
8/20/2026 3:38:56,1.17.3,LeftRight,73,3.85,nan,1,Right,Left,701,1610,398,226609841,nan,nan,0.01
8/20/2026 3:42:28,1.17.3,LeftRight,73,3.84,nan,1,Left,Left,702,1610,398,226822431,nan,nan,0.00
8/20/2026 3:42:32,1.17.3,LeftRight,73,3.85,nan,1,RESET,Left,702,1610,398,226825905,nan,nan,nan
8/20/2026 3:45:09,1.17.3,LeftRight,73,3.85,nan,1,Left,Left,703,1610,398,226983153,nan,nan,0.00
8/20/2026 3:45:12,1.17.3,LeftRight,73,3.85,nan,1,Right,Left,703,1611,398,226985440,nan,nan,0.06
8/20/2026 3:45:13,1.17.3,LeftRight,73,3.85,1,1,Pellet,Left,703,1611,399,226985440,0.41,969,nan
8/20/2026 3:45:33,1.17.3,LeftRight,73,3.85,nan,1,Right,Left,703,1612,399,227006786,nan,nan,0.03
8/20/2026 3:45:34,1.17.3,LeftRight,73,3.85,nan,1,Left,Left,704,1612,399,227008279,nan,nan,0.00
8/20/2026 3:45:36,1.17.3,LeftRight,73,3.85,nan,1,Right,Left,704,1613,399,227009515,nan,nan,0.18
8/20/2026 3:45:37,1.17.3,LeftRight,73,3.84,2,1,Pellet,Left,704,1613,400,227009515,0.17,24,nan
8/20/2026 3:45:50,1.17.3,LeftRight,73,3.85,nan,1,Right,Left,704,1614,400,227024215,nan,nan,0.17
8/20/2026 3:45:54,1.17.3,LeftRight,73,3.85,nan,1,Right,Left,704,1615,400,227027705,nan,nan,0.11
8/20/2026 3:45:56,1.17.3,LeftRight,73,3.84,nan,1,Right,Left,704,1616,400,227029642,nan,nan,0.11
8/20/2026 3:45:58,1.17.3,LeftRight,73,3.85,nan,1,Right,Left,704,1617,400,227031881,nan,nan,0.16
8/20/2026 3:45:59,1.17.3,LeftRight,73,3.84,nan,1,Right,Left,704,1618,400,227033273,nan,nan,0.17
8/20/2026 3:46:01,1.17.3,LeftRight,73,3.84,nan,1,Left,Left,705,1618,400,227035137,nan,nan,0.00
8/20/2026 3:46:03,1.17.3,LeftRight,73,3.85,nan,1,Right,Left,705,1619,400,227036818,nan,nan,0.00
8/20/2026 3:46:13,1.17.3,LeftRight,73,3.85,2,1,Pellet,Left,705,1619,401,227036818,7.91,36,nan
8/20/2026 3:46:31,1.17.3,LeftRight,73,3.85,nan,1,Left,Left,706,1619,401,227064586,nan,nan,0.00
8/20/2026 3:46:31,1.17.3,LeftRight,73,3.85,nan,1,Left,Left,707,1619,401,227065084,nan,nan,0.00
8/20/2026 3:46:34,1.17.3,LeftRight,73,3.84,nan,1,Right,Left,707,1620,401,227067964,nan,nan,0.03
8/20/2026 3:46:36,1.17.3,LeftRight,73,3.85,1,1,Pellet,Left,707,1620,402,227067964,0.83,23,nan
8/20/2026 3:46:51,1.17.3,LeftRight,73,3.84,nan,1,Right,Left,707,1621,402,227084540,nan,nan,0.00
8/20/2026 3:46:52,1.17.3,LeftRight,73,3.85,nan,1,Right,Left,707,1622,402,227086073,nan,nan,0.04
8/20/2026 3:46:55,1.17.3,LeftRight,73,3.85,nan,1,Left,Left,708,1622,402,227088783,nan,nan,0.00
8/20/2026 3:46:57,1.17.3,LeftRight,73,3.85,nan,1,Right,Left,708,1623,402,227090472,nan,nan,0.03
8/20/2026 3:46:57,1.17.3,LeftRight,73,3.85,1,1,Pellet,Left,708,1623,403,227090472,0.23,21,nan
8/20/2026 3:47:14,1.17.3,LeftRight,73,3.85,nan,1,Right,Left,708,1624,403,227107431,nan,nan,0.05
8/20/2026 3:47:16,1.17.3,LeftRight,73,3.85,nan,1,Right,Left,708,1625,403,227109165,nan,nan,0.48
8/20/2026 3:47:17,1.17.3,LeftRight,73,3.85,nan,1,Left,Left,709,1625,403,227111274,nan,nan,0.00
8/20/2026 3:47:18,1.17.3,LeftRight,73,3.85,nan,1,Left,Left,710,1625,403,227112097,nan,nan,0.00
8/20/2026 3:47:19,1.17.3,LeftRight,73,3.85,nan,1,Right,Left,710,1626,403,227113335,nan,nan,0.00
8/20/2026 3:47:20,1.17.3,LeftRight,73,3.84,1,1,Pellet,Left,710,1626,404,227113335,0.12,23,nan
8/20/2026 3:47:34,1.17.3,LeftRight,73,3.85,nan,1,Right,Left,710,1627,404,227127743,nan,nan,0.14
8/20/2026 3:47:35,1.17.3,LeftRight,73,3.85,nan,1,Right,Left,710,1628,404,227128671,nan,nan,0.30
8/20/2026 3:47:37,1.17.3,LeftRight,73,3.84,nan,1,Left,Left,711,1628,404,227130960,nan,nan,0.00
8/20/2026 3:47:38,1.17.3,LeftRight,73,3.85,nan,1,Right,Left,711,1629,404,227132200,nan,nan,0.00
8/20/2026 3:47:39,1.17.3,LeftRight,73,3.85,2,1,Pellet,Left,711,1629,405,227132200,0.06,19,nan
8/20/2026 3:47:52,1.17.3,LeftRight,73,3.85,nan,1,Left,Left,712,1629,405,227145639,nan,nan,0.00
8/20/2026 3:47:53,1.17.3,LeftRight,73,3.85,nan,1,Right,Left,712,1630,405,227147471,nan,nan,0.00
8/20/2026 3:47:54,1.17.3,LeftRight,73,3.85,1,1,Pellet,Left,712,1630,406,227147471,0.29,15,nan
8/20/2026 3:48:09,1.17.3,LeftRight,73,3.85,nan,1,Right,Left,712,1631,406,227162865,nan,nan,0.45
8/20/2026 3:48:12,1.17.3,LeftRight,73,3.85,nan,1,Right,Left,712,1632,406,227166347,nan,nan,0.00
8/20/2026 3:48:15,1.17.3,LeftRight,73,3.85,nan,1,Right,Left,712,1633,406,227168776,nan,nan,0.24
8/20/2026 3:55:23,1.17.3,LeftRight,73,3.85,nan,1,Left,Left,713,1633,406,227596623,nan,nan,0.00
8/20/2026 3:55:25,1.17.3,LeftRight,73,3.85,nan,1,Left,Left,714,1633,406,227598642,nan,nan,0.00
8/20/2026 3:55:28,1.17.3,LeftRight,73,3.84,nan,1,RESET,Left,714,1633,406,227601968,nan,nan,nan
8/20/2026 3:56:25,1.17.3,LeftRight,73,3.85,nan,1,Right,Left,714,1634,406,227659147,nan,nan,0.20
8/20/2026 4:02:16,1.17.3,LeftRight,73,3.85,nan,1,Right,Left,714,1635,406,228010242,nan,nan,0.14
8/20/2026 4:11:12,1.17.3,LeftRight,73,3.85,nan,1,Left,Left,715,1635,406,228546448,nan,nan,0.00
8/20/2026 4:11:13,1.17.3,LeftRight,73,3.85,nan,1,Right,Left,715,1636,406,228547384,nan,nan,0.00
8/20/2026 4:11:14,1.17.3,LeftRight,73,3.84,1,1,Pellet,Left,715,1636,407,228547384,0.29,1400,nan
8/20/2026 4:11:32,1.17.3,LeftRight,73,3.84,nan,1,Left,Left,716,1636,407,228565673,nan,nan,0.00
8/20/2026 4:11:33,1.17.3,LeftRight,73,3.85,nan,1,Left,Left,717,1636,407,228567131,nan,nan,0.00
8/20/2026 4:11:34,1.17.3,LeftRight,73,3.85,nan,1,Right,Left,717,1637,407,228567917,nan,nan,0.06
8/20/2026 4:11:35,1.17.3,LeftRight,73,3.85,1,1,Pellet,Left,717,1637,408,228567917,0.41,21,nan
8/20/2026 4:11:50,1.17.3,LeftRight,73,3.85,nan,1,Left,Left,718,1637,408,228583809,nan,nan,0.00
8/20/2026 4:11:53,1.17.3,LeftRight,73,3.84,nan,1,RESET,Left,718,1637,408,228586988,nan,nan,nan
8/20/2026 4:14:18,1.17.3,LeftRight,73,3.85,nan,1,Right,Left,718,1638,408,228731854,nan,nan,0.01
8/20/2026 6:25:17,1.17.3,LeftRight,73,3.83,nan,1,Right,Left,718,1639,408,236591070,nan,nan,0.01
8/20/2026 6:25:18,1.17.3,LeftRight,73,3.83,nan,1,Left,Left,719,1639,408,236592495,nan,nan,0.00
8/20/2026 6:25:21,1.17.3,LeftRight,73,3.83,nan,1,Right,Left,719,1640,408,236595674,nan,nan,0.01
8/20/2026 6:25:24,1.17.3,LeftRight,73,3.83,2,1,Pellet,Left,719,1640,409,236595674,0.41,8029,nan
8/20/2026 6:25:52,1.17.3,LeftRight,73,3.84,nan,1,Right,Left,719,1641,409,236626269,nan,nan,0.18
8/20/2026 6:25:54,1.17.3,LeftRight,73,3.83,nan,1,Right,Left,719,1642,409,236627831,nan,nan,0.27
8/20/2026 6:25:56,1.17.3,LeftRight,73,3.83,nan,1,Right,Left,719,1643,409,236629189,nan,nan,1.00
8/20/2026 6:25:58,1.17.3,LeftRight,73,3.83,nan,1,Right,Left,719,1644,409,236632034,nan,nan,0.04
8/20/2026 6:26:02,1.17.3,LeftRight,73,3.83,nan,1,Right,Left,719,1645,409,236635997,nan,nan,0.05
8/20/2026 6:26:02,1.17.3,LeftRight,73,3.83,nan,1,Right,Left,719,1646,409,236636693,nan,nan,0.18
8/20/2026 6:26:07,1.17.3,LeftRight,73,3.83,nan,1,Right,Left,719,1647,409,236641101,nan,nan,0.00
8/20/2026 6:26:09,1.17.3,LeftRight,73,3.83,nan,1,Right,Left,719,1648,409,236643830,nan,nan,0.00
8/20/2026 6:26:11,1.17.3,LeftRight,73,3.83,nan,1,Right,Left,719,1649,409,236645066,nan,nan,0.17
8/20/2026 6:26:12,1.17.3,LeftRight,73,3.83,nan,1,Right,Left,719,1650,409,236645874,nan,nan,0.18
8/20/2026 6:26:14,1.17.3,LeftRight,73,3.83,nan,1,Left,Left,720,1650,409,236648163,nan,nan,0.00
8/20/2026 6:26:15,1.17.3,LeftRight,73,3.83,nan,1,Left,Left,721,1650,409,236649039,nan,nan,0.00
8/20/2026 6:26:16,1.17.3,LeftRight,73,3.83,nan,1,Right,Left,721,1651,409,236650276,nan,nan,0.04
8/20/2026 6:26:17,1.17.3,LeftRight,73,3.84,1,1,Pellet,Left,721,1651,410,236650276,0.29,53,nan
8/20/2026 6:26:36,1.17.3,LeftRight,73,3.83,nan,1,Right,Left,721,1652,410,236670380,nan,nan,0.00
8/20/2026 6:26:40,1.17.3,LeftRight,73,3.83,nan,1,Right,Left,721,1653,410,236673706,nan,nan,0.37
8/20/2026 6:26:45,1.17.3,LeftRight,73,3.83,nan,1,Left,Left,722,1653,410,236679366,nan,nan,0.00
8/20/2026 6:26:46,1.17.3,LeftRight,73,3.83,nan,1,Right,Left,722,1654,410,236680752,nan,nan,0.05
8/20/2026 6:26:59,1.17.3,LeftRight,73,3.83,2,1,Pellet,Left,722,1654,411,236680752,9.89,42,nan
8/20/2026 6:27:31,1.17.3,LeftRight,73,3.83,nan,1,Right,Left,722,1655,411,236725314,nan,nan,0.19
8/20/2026 6:27:33,1.17.3,LeftRight,73,3.83,nan,1,Right,Left,722,1656,411,236727201,nan,nan,0.18
8/20/2026 6:27:35,1.17.3,LeftRight,73,3.83,nan,1,Left,Left,723,1656,411,236729564,nan,nan,0.00
8/20/2026 6:27:38,1.17.3,LeftRight,73,3.83,nan,1,Right,Left,723,1657,411,236732440,nan,nan,0.25
8/20/2026 6:27:39,1.17.3,LeftRight,73,3.83,1,1,Pellet,Left,723,1657,412,236732440,0.35,40,nan
8/20/2026 6:27:57,1.17.3,LeftRight,73,3.83,nan,1,Left,Left,724,1657,412,236751737,nan,nan,0.00
8/20/2026 6:27:58,1.17.3,LeftRight,73,3.83,nan,1,Left,Left,725,1657,412,236752392,nan,nan,0.00
8/20/2026 6:27:59,1.17.3,LeftRight,73,3.83,nan,1,Right,Left,725,1658,412,236753783,nan,nan,0.04
8/20/2026 6:28:00,1.17.3,LeftRight,73,3.83,1,1,Pellet,Left,725,1658,413,236753783,0.29,21,nan
8/20/2026 6:28:27,1.17.3,LeftRight,73,3.83,nan,1,Right,Left,725,1659,413,236780987,nan,nan,0.05
8/20/2026 6:28:28,1.17.3,LeftRight,73,3.83,nan,1,Right,Left,725,1660,413,236782426,nan,nan,0.30
8/20/2026 6:28:30,1.17.3,LeftRight,73,3.83,nan,1,Right,Left,725,1661,413,236783964,nan,nan,0.18
8/20/2026 6:28:31,1.17.3,LeftRight,73,3.83,nan,1,Left,Left,726,1661,413,236785318,nan,nan,0.00
8/20/2026 6:28:33,1.17.3,LeftRight,73,3.83,nan,1,Right,Left,726,1662,413,236787151,nan,nan,0.00
8/20/2026 6:28:50,1.17.3,LeftRight,73,3.83,3,1,Pellet,Left,726,1662,414,236787151,12.48,50,nan
8/20/2026 6:29:11,1.17.3,LeftRight,73,3.83,nan,1,Left,Left,727,1662,414,236825697,nan,nan,0.00
8/20/2026 6:29:14,1.17.3,LeftRight,73,3.83,nan,1,Right,Left,727,1663,414,236828873,nan,nan,0.01
8/20/2026 6:29:15,1.17.3,LeftRight,73,3.83,2,1,Pellet,Left,727,1663,415,236828873,0.06,25,nan
8/20/2026 6:29:32,1.17.3,LeftRight,73,3.83,nan,1,Right,Left,727,1664,415,236846571,nan,nan,0.00
8/20/2026 6:29:34,1.17.3,LeftRight,73,3.83,nan,1,Right,Left,727,1665,415,236848255,nan,nan,0.08
8/20/2026 6:29:37,1.17.3,LeftRight,73,3.83,nan,1,Left,Left,728,1665,415,236851314,nan,nan,0.00
8/20/2026 6:29:38,1.17.3,LeftRight,73,3.83,nan,1,Right,Left,728,1666,415,236852700,nan,nan,0.00
8/20/2026 6:29:39,1.17.3,LeftRight,73,3.83,1,1,Pellet,Left,728,1666,416,236852700,0.23,24,nan
8/20/2026 6:29:57,1.17.3,LeftRight,73,3.83,nan,1,Left,Left,729,1666,416,236871068,nan,nan,0.00
8/20/2026 6:29:58,1.17.3,LeftRight,73,3.83,nan,1,Right,Left,729,1667,416,236872005,nan,nan,0.03
8/20/2026 6:29:59,1.17.3,LeftRight,73,3.83,1,1,Pellet,Left,729,1667,417,236872005,0.35,20,nan
8/20/2026 6:43:14,1.17.3,LeftRight,73,3.83,nan,1,Right,Left,729,1668,417,237668868,nan,nan,0.10
8/20/2026 6:43:17,1.17.3,LeftRight,73,3.83,nan,1,Left,Left,730,1668,417,237671426,nan,nan,0.00
8/20/2026 6:43:21,1.17.3,LeftRight,73,3.83,nan,1,RESET,Left,730,1668,417,237675505,nan,nan,nan
8/20/2026 6:49:52,1.17.3,LeftRight,73,3.83,nan,1,Right,Left,730,1669,417,238066211,nan,nan,0.41
8/20/2026 6:49:56,1.17.3,LeftRight,73,3.83,nan,1,Left,Left,731,1669,417,238070950,nan,nan,0.00
8/20/2026 6:49:57,1.17.3,LeftRight,73,3.83,nan,1,Right,Left,731,1670,417,238071587,nan,nan,0.00
8/20/2026 6:49:58,1.17.3,LeftRight,73,3.83,1,1,Pellet,Left,731,1670,418,238071587,0.53,1199,nan
8/20/2026 6:50:17,1.17.3,LeftRight,73,3.83,nan,1,Right,Left,731,1671,418,238091877,nan,nan,0.00
8/20/2026 6:52:57,1.17.3,LeftRight,73,3.83,nan,1,Left,Left,732,1671,418,238251748,nan,nan,0.00
8/20/2026 6:52:59,1.17.3,LeftRight,73,3.83,nan,1,Right,Left,732,1672,418,238253430,nan,nan,0.00
8/20/2026 6:53:03,1.17.3,LeftRight,73,3.83,3,1,Pellet,Left,732,1672,419,238253430,0.77,185,nan
8/20/2026 6:53:22,1.17.3,LeftRight,73,3.83,nan,1,Left,Left,733,1672,419,238276872,nan,nan,0.00
8/20/2026 6:53:24,1.17.3,LeftRight,73,3.83,nan,1,Right,Left,733,1673,419,238278257,nan,nan,0.11
8/20/2026 6:53:39,1.17.3,LeftRight,73,3.83,5,1,Pellet,Left,733,1673,420,238278257,6.29,36,nan
8/20/2026 6:53:59,1.17.3,LeftRight,73,3.83,nan,1,Left,Left,734,1673,420,238313319,nan,nan,0.00
8/20/2026 6:54:01,1.17.3,LeftRight,73,3.83,nan,1,Right,Left,734,1674,420,238315450,nan,nan,0.00
8/20/2026 6:54:02,1.17.3,LeftRight,73,3.83,1,1,Pellet,Left,734,1674,421,238315450,0.35,23,nan
8/20/2026 6:54:17,1.17.3,LeftRight,73,3.83,nan,1,Left,Left,735,1674,421,238331656,nan,nan,0.00
8/20/2026 6:54:20,1.17.3,LeftRight,73,3.83,nan,1,Right,Left,735,1675,421,238334688,nan,nan,0.01
8/20/2026 6:54:21,1.17.3,LeftRight,73,3.83,1,1,Pellet,Left,735,1675,422,238334688,0.29,19,nan
8/20/2026 6:54:37,1.17.3,LeftRight,73,3.83,nan,1,Right,Left,735,1676,422,238351415,nan,nan,0.00
8/20/2026 6:54:40,1.17.3,LeftRight,73,3.83,nan,1,Right,Left,735,1677,422,238353548,nan,nan,0.59
8/20/2026 6:54:41,1.17.3,LeftRight,73,3.83,nan,1,Left,Left,736,1677,422,238355773,nan,nan,0.00
8/20/2026 6:54:43,1.17.3,LeftRight,73,3.83,nan,1,Right,Left,736,1678,422,238357308,nan,nan,0.04
8/20/2026 6:54:55,1.17.3,LeftRight,73,3.83,3,1,Pellet,Left,736,1678,423,238357308,6.95,34,nan
8/20/2026 6:55:12,1.17.3,LeftRight,73,3.83,nan,1,Right,Left,736,1679,423,238386701,nan,nan,0.00
8/20/2026 6:55:16,1.17.3,LeftRight,73,3.83,nan,1,Right,Left,736,1680,423,238390032,nan,nan,0.07
8/20/2026 6:55:17,1.17.3,LeftRight,73,3.83,nan,1,Right,Left,736,1681,423,238391783,nan,nan,0.25
8/20/2026 6:55:19,1.17.3,LeftRight,73,3.83,nan,1,Left,Left,737,1681,423,238393452,nan,nan,0.00
8/20/2026 6:55:20,1.17.3,LeftRight,73,3.83,nan,1,Right,Left,737,1682,423,238394694,nan,nan,0.13
8/20/2026 6:55:21,1.17.3,LeftRight,73,3.83,1,1,Pellet,Left,737,1682,424,238394694,0.29,26,nan
8/20/2026 6:55:39,1.17.3,LeftRight,73,3.83,nan,1,Right,Left,737,1683,424,238413606,nan,nan,0.00
8/20/2026 6:55:41,1.17.3,LeftRight,73,3.83,nan,1,Right,Left,737,1684,424,238415739,nan,nan,0.19
8/20/2026 6:55:44,1.17.3,LeftRight,73,3.83,nan,1,Right,Left,737,1685,424,238418661,nan,nan,0.00
8/20/2026 6:55:53,1.17.3,LeftRight,73,3.83,nan,1,Right,Left,737,1686,424,238426928,nan,nan,0.38
8/20/2026 6:56:33,1.17.3,LeftRight,73,3.83,nan,1,Right,Left,737,1687,424,238466968,nan,nan,0.47
8/20/2026 8:27:59,1.17.3,LeftRight,73,3.82,nan,1,Right,Left,737,1688,424,243953786,nan,nan,0.47
8/20/2026 8:28:01,1.17.3,LeftRight,73,3.82,nan,1,Left,Left,738,1688,424,243956155,nan,nan,0.00
8/20/2026 8:28:05,1.17.3,LeftRight,73,3.82,nan,1,RESET,Left,738,1688,424,243959787,nan,nan,nan
8/20/2026 8:28:09,1.17.3,LeftRight,73,3.82,nan,1,Right,Left,738,1689,424,243964109,nan,nan,0.10
8/20/2026 8:28:38,1.17.3,LeftRight,73,3.82,nan,1,Right,Left,738,1690,424,243992683,nan,nan,0.30
8/20/2026 8:30:32,1.17.3,LeftRight,73,3.82,nan,1,Right,Left,738,1691,424,244107283,nan,nan,0.03
8/20/2026 8:30:34,1.17.3,LeftRight,73,3.82,nan,1,Right,Left,738,1692,424,244108553,nan,nan,0.01
8/20/2026 8:30:51,1.17.3,LeftRight,73,3.82,nan,1,Left,Left,739,1692,424,244125968,nan,nan,0.00
8/20/2026 8:30:55,1.17.3,LeftRight,73,3.82,nan,1,RESET,Left,739,1692,424,244129746,nan,nan,nan
8/20/2026 8:34:15,1.17.3,LeftRight,73,3.82,nan,1,Right,Left,739,1693,424,244329258,nan,nan,0.11
8/20/2026 8:35:08,1.17.3,LeftRight,73,3.82,nan,1,Right,Left,739,1694,424,244382612,nan,nan,0.20
8/20/2026 8:35:32,1.17.3,LeftRight,73,3.82,nan,1,Left,Left,740,1694,424,244407059,nan,nan,0.00
8/20/2026 8:35:33,1.17.3,LeftRight,73,3.82,nan,1,Right,Left,740,1695,424,244408145,nan,nan,0.00
8/20/2026 8:35:35,1.17.3,LeftRight,73,3.82,1,1,Pellet,Left,740,1695,425,244408145,0.77,6014,nan
8/20/2026 8:36:08,1.17.3,LeftRight,73,3.82,nan,1,Left,Left,741,1695,425,244442421,nan,nan,0.00
8/20/2026 8:36:11,1.17.3,LeftRight,73,3.83,nan,1,RESET,Left,741,1695,425,244445748,nan,nan,nan
8/20/2026 8:36:16,1.17.3,LeftRight,73,3.82,nan,1,Right,Left,741,1696,425,244451109,nan,nan,0.04
8/20/2026 8:36:27,1.17.3,LeftRight,73,3.82,nan,1,Right,Left,741,1697,425,244461796,nan,nan,0.25
8/20/2026 8:36:29,1.17.3,LeftRight,73,3.82,nan,1,Left,Left,742,1697,425,244463730,nan,nan,0.00
8/20/2026 8:36:33,1.17.3,LeftRight,73,3.82,nan,1,RESET,Left,742,1697,425,244467812,nan,nan,nan
8/20/2026 8:40:46,1.17.3,LeftRight,73,3.82,nan,1,Left,Left,743,1697,425,244720618,nan,nan,0.00
8/20/2026 8:40:48,1.17.3,LeftRight,73,3.82,nan,1,Right,Left,743,1698,425,244722451,nan,nan,0.01
8/20/2026 8:40:49,1.17.3,LeftRight,73,3.82,1,1,Pellet,Left,743,1698,426,244722451,0.17,314,nan
8/20/2026 8:41:08,1.17.3,LeftRight,73,3.82,nan,1,Left,Left,744,1698,426,244743240,nan,nan,0.00
8/20/2026 8:41:10,1.17.3,LeftRight,73,3.82,nan,1,Right,Left,744,1699,426,244744624,nan,nan,0.00
8/20/2026 8:41:25,1.17.3,LeftRight,73,3.82,3,1,Pellet,Left,744,1699,427,244744624,11.81,36,nan
8/20/2026 8:41:47,1.17.3,LeftRight,73,3.82,nan,1,Right,Left,744,1700,427,244781451,nan,nan,0.14
8/20/2026 8:41:49,1.17.3,LeftRight,73,3.82,nan,1,Left,Left,745,1700,427,244783494,nan,nan,0.00
8/20/2026 8:41:52,1.17.3,LeftRight,73,3.82,nan,1,RESET,Left,745,1700,427,244786816,nan,nan,nan
8/20/2026 8:41:57,1.17.3,LeftRight,73,3.82,nan,1,Left,Left,746,1700,427,244791572,nan,nan,0.00
8/20/2026 8:42:00,1.17.3,LeftRight,73,3.82,nan,1,RESET,Left,746,1700,427,244794764,nan,nan,nan
8/20/2026 8:42:02,1.17.3,LeftRight,73,3.82,nan,1,Right,Left,746,1701,427,244796239,nan,nan,0.26
8/20/2026 8:42:03,1.17.3,LeftRight,73,3.82,nan,1,Right,Left,746,1702,427,244797436,nan,nan,0.29
8/20/2026 8:42:09,1.17.3,LeftRight,73,3.82,nan,1,Right,Left,746,1703,427,244803587,nan,nan,0.09
8/20/2026 8:42:10,1.17.3,LeftRight,73,3.82,nan,1,Left,Left,747,1703,427,244804767,nan,nan,0.00
8/20/2026 8:42:14,1.17.3,LeftRight,73,3.82,nan,1,Right,Left,747,1704,427,244808395,nan,nan,0.18
8/20/2026 8:42:28,1.17.3,LeftRight,73,3.82,3,1,Pellet,Left,747,1704,428,244808395,11.03,63,nan
8/20/2026 8:42:50,1.17.3,LeftRight,73,3.82,nan,1,Left,Left,748,1704,428,244844485,nan,nan,0.00
8/20/2026 8:42:53,1.17.3,LeftRight,73,3.82,nan,1,Right,Left,748,1705,428,244847364,nan,nan,0.10
8/20/2026 8:42:54,1.17.3,LeftRight,73,3.82,2,1,Pellet,Left,748,1705,429,244847364,0.17,26,nan
8/20/2026 8:43:10,1.17.3,LeftRight,73,3.82,nan,1,Left,Left,749,1705,429,244864830,nan,nan,0.00
8/20/2026 8:43:11,1.17.3,LeftRight,73,3.82,nan,1,Left,Left,750,1705,429,244865419,nan,nan,0.00
8/20/2026 8:43:14,1.17.3,LeftRight,73,3.82,nan,1,Right,Left,750,1706,429,244868298,nan,nan,0.11
8/20/2026 8:43:15,1.17.3,LeftRight,73,3.82,2,1,Pellet,Left,750,1706,430,244868298,0.06,21,nan
8/20/2026 8:43:31,1.17.3,LeftRight,73,3.82,nan,1,Left,Left,751,1706,430,244885930,nan,nan,0.00
8/20/2026 8:43:32,1.17.3,LeftRight,73,3.83,nan,1,Right,Left,751,1707,430,244886867,nan,nan,0.30
8/20/2026 8:43:34,1.17.3,LeftRight,73,3.82,1,1,Pellet,Left,751,1707,431,244886867,0.59,19,nan
8/20/2026 8:43:47,1.17.3,LeftRight,73,3.82,nan,1,Left,Left,752,1707,431,244902260,nan,nan,0.00
8/20/2026 8:43:49,1.17.3,LeftRight,73,3.82,nan,1,Right,Left,752,1708,431,244904091,nan,nan,0.00
8/20/2026 8:44:03,1.17.3,LeftRight,73,3.82,2,1,Pellet,Left,752,1708,432,244904091,10.55,29,nan
8/20/2026 10:44:24,1.17.3,LeftRight,73,3.81,nan,1,Right,Left,752,1709,432,252139271,nan,nan,0.02
8/20/2026 10:52:36,1.17.3,LeftRight,73,3.82,nan,1,Right,Left,752,1710,432,252631101,nan,nan,0.11
8/20/2026 10:54:00,1.17.3,LeftRight,73,3.82,nan,1,Right,Left,752,1711,432,252715081,nan,nan,0.00
8/20/2026 10:59:55,1.17.3,LeftRight,73,3.82,nan,1,Right,Left,752,1712,432,253069410,nan,nan,0.44
8/20/2026 11:01:49,1.17.3,LeftRight,73,3.82,nan,1,Right,Left,752,1713,432,253184473,nan,nan,0.10
8/20/2026 11:06:18,1.17.3,LeftRight,73,3.82,nan,1,Right,Left,752,1714,432,253453610,nan,nan,0.15
8/20/2026 11:07:12,1.17.3,LeftRight,73,3.81,nan,1,Left,Left,753,1714,432,253507549,nan,nan,0.00
8/20/2026 11:07:16,1.17.3,LeftRight,73,3.81,nan,1,RESET,Left,753,1714,432,253511326,nan,nan,nan
8/20/2026 11:07:59,1.17.3,LeftRight,73,3.81,nan,1,Right,Left,753,1715,432,253553903,nan,nan,0.16
8/20/2026 11:08:11,1.17.3,LeftRight,73,3.82,nan,1,Left,Left,754,1715,432,253566057,nan,nan,0.00
8/20/2026 11:08:14,1.17.3,LeftRight,73,3.82,nan,1,RESET,Left,754,1715,432,253569228,nan,nan,nan
8/20/2026 11:11:31,1.17.3,LeftRight,73,3.81,nan,1,Left,Left,755,1715,432,253765965,nan,nan,0.00
8/20/2026 11:11:34,1.17.3,LeftRight,73,3.81,nan,1,RESET,Left,755,1715,432,253769287,nan,nan,nan
8/20/2026 11:15:11,1.17.3,LeftRight,73,3.81,nan,1,Right,Left,755,1716,432,253986824,nan,nan,0.00
8/20/2026 11:15:14,1.17.3,LeftRight,73,3.81,nan,1,Left,Left,756,1716,432,253989478,nan,nan,0.00
8/20/2026 11:15:18,1.17.3,LeftRight,73,3.80,nan,1,RESET,Left,756,1716,432,253993244,nan,nan,nan
8/20/2026 11:16:25,1.17.3,LeftRight,73,3.81,nan,1,Left,Left,757,1716,432,254060427,nan,nan,0.00
8/20/2026 11:16:26,1.17.3,LeftRight,73,3.81,nan,1,Right,Left,757,1717,432,254061378,nan,nan,0.07
8/20/2026 11:16:27,1.17.3,LeftRight,73,3.81,2,1,Pellet,Left,757,1717,433,254061378,0.06,9144,nan
8/20/2026 11:16:45,1.17.3,LeftRight,73,3.81,nan,1,Right,Left,757,1718,433,254080476,nan,nan,0.09
8/20/2026 11:16:47,1.17.3,LeftRight,73,3.81,nan,1,Right,Left,757,1719,433,254081943,nan,nan,0.29
8/20/2026 11:16:50,1.17.3,LeftRight,73,3.81,nan,1,Left,Left,758,1719,433,254085428,nan,nan,0.00
8/20/2026 11:16:54,1.17.3,LeftRight,73,3.81,nan,1,RESET,Left,758,1719,433,254089349,nan,nan,nan
8/20/2026 11:16:55,1.17.3,LeftRight,73,3.81,nan,1,Left,Left,759,1719,433,254090355,nan,nan,0.00
8/20/2026 11:16:58,1.17.3,LeftRight,73,3.82,nan,1,Right,Left,759,1720,433,254093226,nan,nan,0.00
8/20/2026 11:16:59,1.17.3,LeftRight,73,3.81,1,1,Pellet,Left,759,1720,434,254093226,0.35,32,nan
8/20/2026 11:17:50,1.17.3,LeftRight,73,3.81,nan,1,Right,Left,759,1721,434,254144822,nan,nan,0.17
8/20/2026 11:17:56,1.17.3,LeftRight,73,3.81,nan,1,Right,Left,759,1722,434,254151138,nan,nan,0.11
8/20/2026 11:18:00,1.17.3,LeftRight,73,3.81,nan,1,Left,Left,760,1722,434,254155287,nan,nan,0.00
8/20/2026 11:18:03,1.17.3,LeftRight,73,3.81,nan,1,RESET,Left,760,1722,434,254158310,nan,nan,nan
8/20/2026 11:18:05,1.17.3,LeftRight,73,3.81,nan,1,Right,Left,760,1723,434,254160379,nan,nan,0.00
8/20/2026 11:18:07,1.17.3,LeftRight,73,3.81,nan,1,Right,Left,760,1724,434,254162060,nan,nan,0.23
8/20/2026 11:18:09,1.17.3,LeftRight,73,3.81,nan,1,Left,Left,761,1724,434,254164562,nan,nan,0.00
8/20/2026 11:18:11,1.17.3,LeftRight,73,3.80,nan,1,Right,Left,761,1725,434,254166694,nan,nan,0.00
8/20/2026 11:18:12,1.17.3,LeftRight,73,3.81,2,1,Pellet,Left,761,1725,435,254166694,0.06,73,nan
8/20/2026 11:18:35,1.17.3,LeftRight,73,3.81,nan,1,Right,Left,761,1726,435,254190404,nan,nan,0.22
8/20/2026 11:18:38,1.17.3,LeftRight,73,3.81,nan,1,Left,Left,762,1726,435,254193257,nan,nan,0.00
8/20/2026 11:18:39,1.17.3,LeftRight,73,3.82,nan,1,Left,Left,763,1726,435,254193928,nan,nan,0.00
8/20/2026 11:18:41,1.17.3,LeftRight,73,3.81,nan,1,Right,Left,763,1727,435,254196064,nan,nan,0.00
8/20/2026 11:18:51,1.17.3,LeftRight,73,3.81,2,1,Pellet,Left,763,1727,436,254196064,7.43,39,nan
8/20/2026 11:19:11,1.17.3,LeftRight,73,3.81,nan,1,Left,Left,764,1727,436,254226229,nan,nan,0.00
8/20/2026 11:19:14,1.17.3,LeftRight,73,3.81,nan,1,RESET,Left,764,1727,436,254229250,nan,nan,nan
8/20/2026 11:19:14,1.17.3,LeftRight,73,3.81,nan,1,Right,Left,764,1728,436,254229382,nan,nan,0.02
8/20/2026 11:19:16,1.17.3,LeftRight,73,3.81,nan,1,Right,Left,764,1729,436,254231235,nan,nan,0.06
8/20/2026 11:19:18,1.17.3,LeftRight,73,3.81,nan,1,Left,Left,765,1729,436,254233735,nan,nan,0.00
8/20/2026 11:19:22,1.17.3,LeftRight,73,3.82,nan,1,RESET,Left,765,1729,436,254237355,nan,nan,nan
8/20/2026 11:19:50,1.17.3,LeftRight,73,3.81,nan,1,Right,Left,765,1730,436,254265670,nan,nan,0.02
8/20/2026 13:16:47,1.17.3,LeftRight,73,3.80,nan,1,Left,Left,766,1730,436,261282457,nan,nan,0.00
8/20/2026 13:16:50,1.17.3,LeftRight,73,3.80,nan,1,RESET,Left,766,1730,436,261285632,nan,nan,nan
8/20/2026 13:16:55,1.17.3,LeftRight,73,3.80,nan,1,Right,Left,766,1731,436,261290398,nan,nan,0.26
8/20/2026 13:16:58,1.17.3,LeftRight,73,3.80,nan,1,Right,Left,766,1732,436,261293387,nan,nan,0.35
8/20/2026 13:17:01,1.17.3,LeftRight,73,3.80,nan,1,Left,Left,767,1732,436,261296396,nan,nan,0.00
8/20/2026 13:17:03,1.17.3,LeftRight,73,3.80,nan,1,Right,Left,767,1733,436,261298971,nan,nan,0.00
8/20/2026 13:17:05,1.17.3,LeftRight,73,3.80,1,1,Pellet,Left,767,1733,437,261298971,0.59,7094,nan
8/20/2026 13:17:44,1.17.3,LeftRight,73,3.80,nan,1,Right,Left,767,1734,437,261339645,nan,nan,0.48
8/20/2026 13:17:46,1.17.3,LeftRight,73,3.80,nan,1,Right,Left,767,1735,437,261341220,nan,nan,0.14
8/20/2026 13:17:47,1.17.3,LeftRight,73,3.80,nan,1,Left,Left,768,1735,437,261343084,nan,nan,0.00
8/20/2026 13:17:49,1.17.3,LeftRight,73,3.80,nan,1,Right,Left,768,1736,437,261344466,nan,nan,0.15
8/20/2026 13:18:02,1.17.3,LeftRight,73,3.80,1,1,Pellet,Left,768,1736,438,261344466,12.48,57,nan
8/20/2026 13:18:22,1.17.3,LeftRight,73,3.80,nan,1,Left,Left,769,1736,438,261377860,nan,nan,0.00
8/20/2026 13:18:26,1.17.3,LeftRight,73,3.80,nan,1,RESET,Left,769,1736,438,261381633,nan,nan,nan
8/20/2026 13:18:27,1.17.3,LeftRight,73,3.80,nan,1,Right,Left,769,1737,438,261382213,nan,nan,0.17
8/20/2026 13:18:32,1.17.3,LeftRight,73,3.80,nan,1,Right,Left,769,1738,438,261387940,nan,nan,0.12
8/20/2026 13:18:33,1.17.3,LeftRight,73,3.80,nan,1,Right,Left,769,1739,438,261388992,nan,nan,0.01
8/20/2026 13:18:34,1.17.3,LeftRight,73,3.80,nan,1,Right,Left,769,1740,438,261390097,nan,nan,0.08
8/20/2026 13:18:37,1.17.3,LeftRight,73,3.80,nan,1,Right,Left,769,1741,438,261393203,nan,nan,0.00
8/20/2026 13:18:39,1.17.3,LeftRight,73,3.80,nan,1,Right,Left,769,1742,438,261394586,nan,nan,0.01
8/20/2026 13:18:41,1.17.3,LeftRight,73,3.80,nan,1,Right,Left,769,1743,438,261396274,nan,nan,0.02
8/20/2026 13:18:42,1.17.3,LeftRight,73,3.80,nan,1,Right,Left,769,1744,438,261397831,nan,nan,0.32
8/20/2026 13:18:43,1.17.3,LeftRight,73,3.80,nan,1,Right,Left,769,1745,438,261398941,nan,nan,0.19
8/20/2026 13:18:44,1.17.3,LeftRight,73,3.80,nan,1,Right,Left,769,1746,438,261399776,nan,nan,0.14
8/20/2026 13:18:46,1.17.3,LeftRight,73,3.80,nan,1,Left,Left,770,1746,438,261402154,nan,nan,0.00
8/20/2026 13:18:48,1.17.3,LeftRight,73,3.80,nan,1,Right,Left,770,1747,438,261403388,nan,nan,0.04
8/20/2026 13:18:49,1.17.3,LeftRight,73,3.80,1,1,Pellet,Left,770,1747,439,261403388,0.12,47,nan
8/20/2026 13:19:13,1.17.3,LeftRight,73,3.80,nan,1,Left,Left,771,1747,439,261429042,nan,nan,0.00
8/20/2026 13:19:15,1.17.3,LeftRight,73,3.80,nan,1,Right,Left,771,1748,439,261430280,nan,nan,0.00
8/20/2026 13:19:16,1.17.3,LeftRight,73,3.80,1,1,Pellet,Left,771,1748,440,261430280,0.59,27,nan
8/20/2026 13:19:34,1.17.3,LeftRight,73,3.80,nan,1,Left,Left,772,1748,440,261449866,nan,nan,0.00
8/20/2026 13:19:35,1.17.3,LeftRight,73,3.80,nan,1,Right,Left,772,1749,440,261450950,nan,nan,0.00
8/20/2026 13:19:36,1.17.3,LeftRight,73,3.80,1,1,Pellet,Left,772,1749,441,261450950,0.35,20,nan
8/20/2026 13:31:09,1.17.3,LeftRight,73,3.80,nan,1,Right,Left,772,1750,441,262144726,nan,nan,0.00
8/20/2026 13:33:10,1.17.3,LeftRight,73,3.80,nan,1,Right,Left,772,1751,441,262266055,nan,nan,0.21
8/20/2026 13:33:12,1.17.3,LeftRight,73,3.80,nan,1,Right,Left,772,1752,441,262267502,nan,nan,0.07
8/20/2026 13:33:14,1.17.3,LeftRight,73,3.80,nan,1,Left,Left,773,1752,441,262269578,nan,nan,0.00
8/20/2026 13:33:17,1.17.3,LeftRight,73,3.80,nan,1,RESET,Left,773,1752,441,262272749,nan,nan,nan
8/20/2026 13:33:58,1.17.3,LeftRight,73,3.80,nan,1,Left,Left,774,1752,441,262313879,nan,nan,0.00
8/20/2026 13:33:59,1.17.3,LeftRight,73,3.80,nan,1,Right,Left,774,1753,441,262314963,nan,nan,0.07
8/20/2026 13:34:01,1.17.3,LeftRight,73,3.80,1,1,Pellet,Left,774,1753,442,262314963,0.65,865,nan
8/20/2026 13:34:18,1.17.3,LeftRight,73,3.80,nan,1,Right,Left,774,1754,442,262333399,nan,nan,0.06
8/20/2026 13:34:20,1.17.3,LeftRight,73,3.80,nan,1,Left,Left,775,1754,442,262335935,nan,nan,0.00
8/20/2026 13:34:22,1.17.3,LeftRight,73,3.80,nan,1,Right,Left,775,1755,442,262338212,nan,nan,0.07
8/20/2026 13:34:35,1.17.3,LeftRight,73,3.80,2,1,Pellet,Left,775,1755,443,262338212,11.09,34,nan
8/20/2026 13:35:33,1.17.3,LeftRight,73,3.80,nan,1,Right,Left,775,1756,443,262408436,nan,nan,0.21
8/20/2026 13:35:36,1.17.3,LeftRight,73,3.80,nan,1,Right,Left,775,1757,443,262412114,nan,nan,0.00
8/20/2026 13:35:44,1.17.3,LeftRight,73,3.80,nan,1,Right,Left,775,1758,443,262418715,nan,nan,0.71
8/20/2026 14:49:31,1.17.3,LeftRight,73,3.79,nan,1,Left,Left,776,1758,443,266847218,nan,nan,0.00
8/20/2026 14:49:32,1.17.3,LeftRight,73,3.79,nan,1,Right,Left,776,1759,443,266848161,nan,nan,0.00
8/20/2026 14:49:49,1.17.3,LeftRight,73,3.80,1,1,Pellet,Left,776,1759,444,266848161,15.84,4514,nan
8/20/2026 15:20:13,1.17.3,LeftRight,73,3.79,nan,1,Left,Left,777,1759,444,268689306,nan,nan,0.00
8/20/2026 15:20:17,1.17.3,LeftRight,73,3.79,nan,1,RESET,Left,777,1759,444,268693074,nan,nan,nan
8/20/2026 15:32:40,1.17.3,LeftRight,73,3.79,nan,1,Right,Left,777,1760,444,269436246,nan,nan,0.17
8/20/2026 15:32:42,1.17.3,LeftRight,73,3.79,nan,1,Left,Left,778,1760,444,269438102,nan,nan,0.00
8/20/2026 15:32:44,1.17.3,LeftRight,73,3.78,nan,1,Right,Left,778,1761,444,269440232,nan,nan,0.01
8/20/2026 15:32:45,1.17.3,LeftRight,73,3.79,2,1,Pellet,Left,778,1761,445,269440232,0.29,2576,nan
8/20/2026 15:33:01,1.17.3,LeftRight,73,3.78,nan,1,Left,Left,779,1761,445,269457456,nan,nan,0.00
8/20/2026 15:33:05,1.17.3,LeftRight,73,3.79,nan,1,RESET,Left,779,1761,445,269461075,nan,nan,nan
8/20/2026 15:33:06,1.17.3,LeftRight,73,3.79,nan,1,Right,Left,779,1762,445,269461810,nan,nan,0.15
8/20/2026 15:33:08,1.17.3,LeftRight,73,3.79,nan,1,Left,Left,780,1762,445,269464126,nan,nan,0.00
8/20/2026 15:33:11,1.17.3,LeftRight,73,3.79,nan,1,RESET,Left,780,1762,445,269467153,nan,nan,nan
8/20/2026 15:33:11,1.17.3,LeftRight,73,3.79,nan,1,Right,Left,780,1763,445,269467583,nan,nan,0.00
8/20/2026 15:33:14,1.17.3,LeftRight,73,3.79,nan,1,Left,Left,781,1763,445,269470501,nan,nan,0.00
8/20/2026 15:33:16,1.17.3,LeftRight,73,3.78,nan,1,Right,Left,781,1764,445,269471735,nan,nan,0.00
8/20/2026 15:33:19,1.17.3,LeftRight,73,3.79,3,1,Pellet,Left,781,1764,446,269471735,0.06,34,nan
8/20/2026 15:33:38,1.17.3,LeftRight,73,3.79,nan,1,Left,Left,782,1764,446,269494101,nan,nan,0.00
8/20/2026 15:33:39,1.17.3,LeftRight,73,3.78,nan,1,Right,Left,782,1765,446,269495486,nan,nan,0.08
8/20/2026 15:33:41,1.17.3,LeftRight,73,3.78,1,1,Pellet,Left,782,1765,447,269495486,0.59,22,nan
8/20/2026 15:33:56,1.17.3,LeftRight,73,3.79,nan,1,Left,Left,783,1765,447,269512354,nan,nan,0.00
8/20/2026 15:34:00,1.17.3,LeftRight,73,3.79,nan,1,RESET,Left,783,1765,447,269516132,nan,nan,nan
8/20/2026 15:34:00,1.17.3,LeftRight,73,3.79,nan,1,Right,Left,783,1766,447,269516562,nan,nan,0.08
8/20/2026 15:34:02,1.17.3,LeftRight,73,3.79,nan,1,Left,Left,784,1766,447,269518626,nan,nan,0.00
8/20/2026 15:34:04,1.17.3,LeftRight,73,3.78,nan,1,Left,Left,785,1766,447,269519831,nan,nan,0.00
8/20/2026 15:34:05,1.17.3,LeftRight,73,3.78,nan,1,Right,Left,785,1767,447,269521215,nan,nan,0.00
8/20/2026 15:34:06,1.17.3,LeftRight,73,3.78,1,1,Pellet,Left,785,1767,448,269521215,0.23,25,nan
8/20/2026 15:34:28,1.17.3,LeftRight,73,3.78,nan,1,Right,Left,785,1768,448,269543555,nan,nan,0.35
8/20/2026 15:34:28,1.17.3,LeftRight,73,3.79,nan,1,Right,Left,785,1769,448,269544394,nan,nan,0.21
8/20/2026 15:34:30,1.17.3,LeftRight,73,3.78,nan,1,Right,Left,785,1770,448,269545550,nan,nan,0.35
8/20/2026 15:34:30,1.17.3,LeftRight,73,3.78,nan,1,Right,Left,785,1771,448,269546385,nan,nan,0.18
8/20/2026 15:34:32,1.17.3,LeftRight,73,3.78,nan,1,Left,Left,786,1771,448,269548476,nan,nan,0.00
8/20/2026 15:34:34,1.17.3,LeftRight,73,3.79,nan,1,Right,Left,786,1772,448,269550605,nan,nan,0.03
8/20/2026 15:34:36,1.17.3,LeftRight,73,3.78,1,1,Pellet,Left,786,1772,449,269550605,0.29,30,nan
8/20/2026 15:34:47,1.17.3,LeftRight,73,3.79,nan,1,Left,Left,787,1772,449,269563187,nan,nan,0.00
8/20/2026 15:34:50,1.17.3,LeftRight,73,3.79,nan,1,Right,Left,787,1773,449,269566210,nan,nan,0.07
8/20/2026 15:34:51,1.17.3,LeftRight,73,3.78,1,1,Pellet,Left,787,1773,450,269566210,0.17,15,nan
8/20/2026 15:35:04,1.17.3,LeftRight,73,3.79,nan,1,Left,Left,788,1773,450,269580124,nan,nan,0.00
8/20/2026 15:35:07,1.17.3,LeftRight,73,3.79,nan,1,Right,Left,788,1774,450,269582703,nan,nan,0.01
8/20/2026 15:35:08,1.17.3,LeftRight,73,3.79,1,1,Pellet,Left,788,1774,451,269582703,0.29,16,nan
8/20/2026 15:35:21,1.17.3,LeftRight,73,3.79,nan,1,Left,Left,789,1774,451,269597486,nan,nan,0.00
8/20/2026 15:35:25,1.17.3,LeftRight,73,3.78,nan,1,RESET,Left,789,1774,451,269601105,nan,nan,nan
8/20/2026 15:35:25,1.17.3,LeftRight,73,3.79,nan,1,Right,Left,789,1775,451,269601403,nan,nan,0.00
8/20/2026 15:35:27,1.17.3,LeftRight,73,3.79,nan,1,Right,Left,789,1776,451,269603085,nan,nan,0.13
8/20/2026 15:35:29,1.17.3,LeftRight,73,3.79,nan,1,Left,Left,790,1776,451,269605000,nan,nan,0.00
8/20/2026 15:35:30,1.17.3,LeftRight,73,3.79,nan,1,Left,Left,791,1776,451,269606597,nan,nan,0.00
8/20/2026 15:35:32,1.17.3,LeftRight,73,3.79,nan,1,Right,Left,791,1777,451,269608128,nan,nan,0.00
8/20/2026 15:35:33,1.17.3,LeftRight,73,3.79,1,1,Pellet,Left,791,1777,452,269608128,0.23,26,nan
8/20/2026 15:35:48,1.17.3,LeftRight,73,3.79,nan,1,Right,Left,791,1778,452,269623900,nan,nan,0.07
8/20/2026 15:35:49,1.17.3,LeftRight,73,3.79,nan,1,Right,Left,791,1779,452,269624754,nan,nan,0.24
8/20/2026 15:35:51,1.17.3,LeftRight,73,3.79,nan,1,Left,Left,792,1779,452,269627429,nan,nan,0.00
8/20/2026 15:35:52,1.17.3,LeftRight,73,3.79,nan,1,Left,Left,793,1779,452,269627934,nan,nan,0.00
8/20/2026 15:35:53,1.17.3,LeftRight,73,3.79,nan,1,Right,Left,793,1780,452,269629467,nan,nan,0.00
8/20/2026 15:36:04,1.17.3,LeftRight,73,3.79,2,1,Pellet,Left,793,1780,453,269629467,7.67,31,nan
8/20/2026 15:36:25,1.17.3,LeftRight,73,3.79,nan,1,Right,Left,793,1781,453,269661603,nan,nan,0.00
8/20/2026 15:36:27,1.17.3,LeftRight,73,3.79,nan,1,Right,Left,793,1782,453,269662688,nan,nan,0.02
8/20/2026 15:36:29,1.17.3,LeftRight,73,3.78,nan,1,Right,Left,793,1783,453,269664989,nan,nan,0.34
8/20/2026 15:39:13,1.17.3,LeftRight,73,3.79,nan,1,Right,Left,793,1784,453,269829020,nan,nan,0.01
8/20/2026 15:41:21,1.17.3,LeftRight,73,3.78,nan,1,Right,Left,793,1785,453,269957122,nan,nan,0.25
8/20/2026 15:41:23,1.17.3,LeftRight,73,3.79,nan,1,Left,Left,794,1785,453,269958903,nan,nan,0.00
8/20/2026 15:41:26,1.17.3,LeftRight,73,3.78,nan,1,Right,Left,794,1786,453,269961777,nan,nan,0.00
8/20/2026 15:41:27,1.17.3,LeftRight,73,3.79,1,1,Pellet,Left,794,1786,454,269961777,0.35,323,nan
8/20/2026 15:41:57,1.17.3,LeftRight,73,3.79,nan,1,Right,Left,794,1787,454,269993252,nan,nan,0.07
8/20/2026 15:41:58,1.17.3,LeftRight,73,3.79,nan,1,Right,Left,794,1788,454,269994558,nan,nan,0.07
8/20/2026 15:42:01,1.17.3,LeftRight,73,3.78,nan,1,Left,Left,795,1788,454,269997517,nan,nan,0.00
8/20/2026 15:42:02,1.17.3,LeftRight,73,3.79,nan,1,Right,Left,795,1789,454,269998316,nan,nan,0.35
8/20/2026 15:42:04,1.17.3,LeftRight,73,3.78,1,1,Pellet,Left,795,1789,455,269998316,0.29,36,nan
8/20/2026 15:43:25,1.17.3,LeftRight,73,3.78,nan,1,Right,Left,795,1790,455,270080749,nan,nan,0.10
8/20/2026 16:55:01,1.17.3,LeftRight,73,3.78,nan,1,Left,Left,796,1790,455,274377099,nan,nan,0.00
8/20/2026 16:55:03,1.17.3,LeftRight,73,3.78,nan,1,Right,Left,796,1791,455,274379081,nan,nan,0.07
8/20/2026 16:55:04,1.17.3,LeftRight,73,3.78,1,1,Pellet,Left,796,1791,456,274379081,0.53,4381,nan
8/20/2026 16:55:19,1.17.3,LeftRight,73,3.78,nan,1,Right,Left,796,1792,456,274395843,nan,nan,0.00
8/20/2026 16:55:21,1.17.3,LeftRight,73,3.78,nan,1,Right,Left,796,1793,456,274396929,nan,nan,0.13
8/20/2026 16:55:26,1.17.3,LeftRight,73,3.78,nan,1,Right,Left,796,1794,456,274401877,nan,nan,0.14
8/20/2026 16:55:27,1.17.3,LeftRight,73,3.78,nan,1,Left,Left,797,1794,456,274403754,nan,nan,0.00
8/20/2026 16:55:30,1.17.3,LeftRight,73,3.78,nan,1,Right,Left,797,1795,456,274406630,nan,nan,0.00
8/20/2026 16:55:38,1.17.3,LeftRight,73,3.78,2,1,Pellet,Left,797,1795,457,274406630,5.33,34,nan
8/20/2026 16:55:55,1.17.3,LeftRight,73,3.78,nan,1,Left,Left,798,1795,457,274431364,nan,nan,0.00
8/20/2026 16:55:57,1.17.3,LeftRight,73,3.78,nan,1,Right,Left,798,1796,457,274433196,nan,nan,0.00
8/20/2026 16:55:58,1.17.3,LeftRight,73,3.78,1,1,Pellet,Left,798,1796,458,274433196,0.35,20,nan
8/20/2026 16:56:16,1.17.3,LeftRight,73,3.78,nan,1,Left,Left,799,1796,458,274452379,nan,nan,0.00
8/20/2026 16:56:19,1.17.3,LeftRight,73,3.78,nan,1,Right,Left,799,1797,458,274455110,nan,nan,0.12
8/20/2026 16:56:20,1.17.3,LeftRight,73,3.78,1,1,Pellet,Left,799,1797,459,274455110,0.41,22,nan
8/20/2026 16:56:34,1.17.3,LeftRight,73,3.78,nan,1,Left,Left,800,1797,459,274470556,nan,nan,0.00
8/20/2026 16:56:36,1.17.3,LeftRight,73,3.78,nan,1,Right,Left,800,1798,459,274472405,nan,nan,0.37
8/20/2026 16:56:38,1.17.3,LeftRight,73,3.78,1,1,Pellet,Left,800,1798,460,274472405,0.47,18,nan
8/20/2026 16:56:50,1.17.3,LeftRight,73,3.78,nan,1,Left,Left,801,1798,460,274485918,nan,nan,0.00
8/20/2026 16:56:52,1.17.3,LeftRight,73,3.78,nan,1,Right,Left,801,1799,460,274487901,nan,nan,0.19
8/20/2026 16:56:53,1.17.3,LeftRight,73,3.78,1,1,Pellet,Left,801,1799,461,274487901,0.41,15,nan
8/20/2026 16:57:12,1.17.3,LeftRight,73,3.78,nan,1,Left,Left,802,1799,461,274508608,nan,nan,0.00
8/20/2026 16:57:13,1.17.3,LeftRight,73,3.78,nan,1,Right,Left,802,1800,461,274509694,nan,nan,0.00
8/20/2026 16:57:16,1.17.3,LeftRight,73,3.78,1,1,Pellet,Left,802,1800,462,274509694,1.61,23,nan
8/20/2026 16:57:33,1.17.3,LeftRight,73,3.78,nan,1,Left,Left,803,1800,462,274529116,nan,nan,0.00
8/20/2026 16:57:34,1.17.3,LeftRight,73,3.78,nan,1,Left,Left,804,1800,462,274530386,nan,nan,0.00
8/20/2026 16:57:36,1.17.3,LeftRight,73,3.78,nan,1,Right,Left,804,1801,462,274532071,nan,nan,0.00
8/20/2026 16:57:37,1.17.3,LeftRight,73,3.78,2,1,Pellet,Left,804,1801,463,274532071,0.06,21,nan
8/20/2026 16:57:56,1.17.3,LeftRight,73,3.78,nan,1,Right,Left,804,1802,463,274552198,nan,nan,0.00
8/20/2026 16:57:58,1.17.3,LeftRight,73,3.78,nan,1,Right,Left,804,1803,463,274554032,nan,nan,0.16
8/20/2026 16:58:00,1.17.3,LeftRight,73,3.78,nan,1,Left,Left,805,1803,463,274556680,nan,nan,0.00
8/20/2026 16:58:03,1.17.3,LeftRight,73,3.78,nan,1,Right,Left,805,1804,463,274559264,nan,nan,0.00
8/20/2026 16:58:04,1.17.3,LeftRight,73,3.78,1,1,Pellet,Left,805,1804,464,274559264,0.29,27,nan
8/20/2026 16:58:16,1.17.3,LeftRight,73,3.78,nan,1,Left,Left,806,1804,464,274572290,nan,nan,0.00
8/20/2026 16:58:17,1.17.3,LeftRight,73,3.78,nan,1,Right,Left,806,1805,464,274573836,nan,nan,0.00
8/20/2026 16:58:18,1.17.3,LeftRight,73,3.78,1,1,Pellet,Left,806,1805,465,274573836,0.29,14,nan
8/20/2026 16:58:31,1.17.3,LeftRight,73,3.78,nan,1,Left,Left,807,1805,465,274587009,nan,nan,0.00
8/20/2026 16:58:33,1.17.3,LeftRight,73,3.78,nan,1,Right,Left,807,1806,465,274589598,nan,nan,0.03
8/20/2026 16:58:34,1.17.3,LeftRight,73,3.78,1,1,Pellet,Left,807,1806,466,274589598,0.29,16,nan
8/20/2026 16:58:48,1.17.3,LeftRight,73,3.78,nan,1,Left,Left,808,1806,466,274604086,nan,nan,0.00
8/20/2026 16:58:49,1.17.3,LeftRight,73,3.78,nan,1,Left,Left,809,1806,466,274605229,nan,nan,0.00
8/20/2026 16:58:50,1.17.3,LeftRight,73,3.78,nan,1,Right,Left,809,1807,466,274606318,nan,nan,0.05
8/20/2026 16:58:51,1.17.3,LeftRight,73,3.78,2,1,Pellet,Left,809,1807,467,274606318,0.12,17,nan
8/20/2026 16:59:02,1.17.3,LeftRight,73,3.78,nan,1,Left,Left,810,1807,467,274618478,nan,nan,0.00
8/20/2026 16:59:05,1.17.3,LeftRight,73,3.78,nan,1,Right,Left,810,1808,467,274621206,nan,nan,0.00
8/20/2026 16:59:18,1.17.3,LeftRight,73,3.78,2,1,Pellet,Left,810,1808,468,274621206,10.25,27,nan
8/20/2026 17:19:09,1.17.3,LeftRight,73,3.78,nan,1,Left,Left,811,1808,468,275825699,nan,nan,0.00
8/20/2026 17:19:13,1.17.3,LeftRight,73,3.78,nan,1,Right,Left,811,1809,468,275829321,nan,nan,0.00
8/20/2026 17:19:14,1.17.3,LeftRight,73,3.78,1,1,Pellet,Left,811,1809,469,275829321,0.41,1196,nan
8/20/2026 17:20:25,1.17.3,LeftRight,73,3.78,nan,1,Left,Left,812,1809,469,275901189,nan,nan,0.00
8/20/2026 17:20:28,1.17.3,LeftRight,73,3.78,nan,1,RESET,Left,812,1809,469,275904367,nan,nan,nan
8/20/2026 17:24:29,1.17.3,LeftRight,73,3.78,nan,1,Left,Left,813,1809,469,276145152,nan,nan,0.00
8/20/2026 17:24:32,1.17.3,LeftRight,73,3.78,nan,1,RESET,Left,813,1809,469,276148477,nan,nan,nan
8/20/2026 17:26:44,1.17.3,LeftRight,73,3.78,nan,1,Right,Left,813,1810,469,276279752,nan,nan,0.32
8/20/2026 17:27:35,1.17.3,LeftRight,73,3.78,nan,1,Right,Left,813,1811,469,276331887,nan,nan,0.03
8/20/2026 17:27:54,1.17.3,LeftRight,73,3.78,nan,1,Left,Left,814,1811,469,276350753,nan,nan,0.00
8/20/2026 17:27:58,1.17.3,LeftRight,73,3.78,nan,1,RESET,Left,814,1811,469,276354519,nan,nan,nan
8/20/2026 17:34:11,1.17.3,LeftRight,73,3.78,nan,1,Right,Left,814,1812,469,276727603,nan,nan,0.10
8/20/2026 18:03:38,1.17.3,LeftRight,73,3.77,nan,1,Right,Left,814,1813,469,278494572,nan,nan,0.07
8/20/2026 18:03:40,1.17.3,LeftRight,73,3.78,nan,1,Left,Left,815,1813,469,278496165,nan,nan,0.00
8/20/2026 18:03:43,1.17.3,LeftRight,73,3.77,nan,1,RESET,Left,815,1813,469,278499491,nan,nan,nan
8/20/2026 18:03:46,1.17.3,LeftRight,73,3.77,nan,1,Right,Left,815,1814,469,278502310,nan,nan,0.37
8/20/2026 18:03:48,1.17.3,LeftRight,73,3.77,nan,1,Right,Left,815,1815,469,278504509,nan,nan,0.04
8/20/2026 18:03:49,1.17.3,LeftRight,73,3.78,nan,1,Left,Left,816,1815,469,278506090,nan,nan,0.00
8/20/2026 18:03:53,1.17.3,LeftRight,73,3.78,nan,1,RESET,Left,816,1815,469,278509566,nan,nan,nan
8/20/2026 18:03:53,1.17.3,LeftRight,73,3.78,nan,1,Right,Left,816,1816,469,278509698,nan,nan,0.00
8/20/2026 18:03:56,1.17.3,LeftRight,73,3.77,nan,1,Right,Left,816,1817,469,278513025,nan,nan,0.02
8/20/2026 18:03:58,1.17.3,LeftRight,73,3.78,nan,1,Right,Left,816,1818,469,278514727,nan,nan,0.11
8/20/2026 18:04:00,1.17.3,LeftRight,73,3.77,nan,1,Left,Left,817,1818,469,278516602,nan,nan,0.00
8/20/2026 18:04:02,1.17.3,LeftRight,73,3.78,nan,1,Right,Left,817,1819,469,278518142,nan,nan,0.01
8/20/2026 18:04:03,1.17.3,LeftRight,73,3.78,1,1,Pellet,Left,817,1819,470,278518142,0.41,2689,nan
8/20/2026 18:04:20,1.17.3,LeftRight,73,3.78,nan,1,Right,Left,817,1820,470,278536870,nan,nan,0.00
8/20/2026 18:04:22,1.17.3,LeftRight,73,3.78,nan,1,Right,Left,817,1821,470,278538254,nan,nan,0.02
8/20/2026 18:04:23,1.17.3,LeftRight,73,3.78,nan,1,Left,Left,818,1821,470,278539810,nan,nan,0.00
8/20/2026 18:04:25,1.17.3,LeftRight,73,3.78,nan,1,Right,Left,818,1822,470,278541806,nan,nan,0.00
8/20/2026 18:04:26,1.17.3,LeftRight,73,3.77,2,1,Pellet,Left,818,1822,471,278541806,0.11,23,nan
8/20/2026 18:04:40,1.17.3,LeftRight,73,3.78,nan,1,Left,Left,819,1822,471,278556509,nan,nan,0.00
8/20/2026 18:04:44,1.17.3,LeftRight,73,3.78,nan,1,RESET,Left,819,1822,471,278560578,nan,nan,nan
8/20/2026 18:04:46,1.17.3,LeftRight,73,3.77,nan,1,Left,Left,820,1822,471,278563111,nan,nan,0.00
8/20/2026 18:04:50,1.17.3,LeftRight,73,3.77,nan,1,RESET,Left,820,1822,471,278566593,nan,nan,nan
8/20/2026 18:04:52,1.17.3,LeftRight,73,3.78,nan,1,Left,Left,821,1822,471,278568302,nan,nan,0.00
8/20/2026 18:04:54,1.17.3,LeftRight,73,3.78,nan,1,Right,Left,821,1823,471,278570134,nan,nan,0.00
8/20/2026 18:04:54,1.17.3,LeftRight,73,3.78,1,1,Pellet,Left,821,1823,472,278570134,0.23,28,nan
8/20/2026 18:05:10,1.17.3,LeftRight,73,3.77,nan,1,Left,Left,822,1823,472,278586357,nan,nan,0.00
8/20/2026 18:05:11,1.17.3,LeftRight,73,3.78,nan,1,Right,Left,822,1824,472,278587301,nan,nan,0.01
8/20/2026 18:05:12,1.17.3,LeftRight,73,3.77,1,1,Pellet,Left,822,1824,473,278587301,0.17,18,nan
8/20/2026 18:05:30,1.17.3,LeftRight,73,3.78,nan,1,Left,Left,823,1824,473,278606739,nan,nan,0.00
8/20/2026 18:05:31,1.17.3,LeftRight,73,3.77,nan,1,Right,Left,823,1825,473,278607975,nan,nan,0.11
8/20/2026 18:05:32,1.17.3,LeftRight,73,3.78,1,1,Pellet,Left,823,1825,474,278607975,0.23,20,nan
8/20/2026 18:05:49,1.17.3,LeftRight,73,3.77,nan,1,Left,Left,824,1825,474,278625134,nan,nan,0.00
8/20/2026 18:05:50,1.17.3,LeftRight,73,3.77,nan,1,Right,Left,824,1826,474,278626526,nan,nan,0.00
8/20/2026 18:05:51,1.17.3,LeftRight,73,3.78,1,1,Pellet,Left,824,1826,475,278626526,0.17,19,nan
8/20/2026 18:06:13,1.17.3,LeftRight,73,3.77,nan,1,Left,Left,825,1826,475,278649698,nan,nan,0.00
8/20/2026 18:06:14,1.17.3,LeftRight,73,3.77,nan,1,Left,Left,826,1826,475,278650501,nan,nan,0.00
8/20/2026 18:06:16,1.17.3,LeftRight,73,3.77,nan,1,Right,Left,826,1827,475,278653084,nan,nan,0.00
8/20/2026 18:06:18,1.17.3,LeftRight,73,3.78,1,1,Pellet,Left,826,1827,476,278653084,0.41,27,nan
8/20/2026 18:06:33,1.17.3,LeftRight,73,3.77,nan,1,Left,Left,827,1827,476,278669617,nan,nan,0.00
8/20/2026 18:06:36,1.17.3,LeftRight,73,3.77,nan,1,Right,Left,827,1828,476,278672795,nan,nan,0.13
8/20/2026 18:06:37,1.17.3,LeftRight,73,3.78,1,1,Pellet,Left,827,1828,477,278672795,0.23,19,nan
8/20/2026 18:06:49,1.17.3,LeftRight,73,3.78,nan,1,Left,Left,828,1828,477,278686055,nan,nan,0.00
8/20/2026 18:06:53,1.17.3,LeftRight,73,3.78,nan,1,RESET,Left,828,1828,477,278689541,nan,nan,nan
8/20/2026 18:06:54,1.17.3,LeftRight,73,3.77,nan,1,Right,Left,828,1829,477,278690270,nan,nan,0.00
8/20/2026 18:06:56,1.17.3,LeftRight,73,3.78,nan,1,Right,Left,828,1830,477,278692852,nan,nan,0.17
8/20/2026 18:06:58,1.17.3,LeftRight,73,3.78,nan,1,Left,Left,829,1830,477,278694670,nan,nan,0.00
8/20/2026 18:06:59,1.17.3,LeftRight,73,3.77,nan,1,Left,Left,830,1830,477,278695401,nan,nan,0.00
8/20/2026 18:07:01,1.17.3,LeftRight,73,3.77,nan,1,Right,Left,830,1831,477,278697234,nan,nan,0.08
8/20/2026 18:07:02,1.17.3,LeftRight,73,3.77,2,1,Pellet,Left,830,1831,478,278697234,0.23,25,nan
8/20/2026 18:07:16,1.17.3,LeftRight,73,3.78,nan,1,Right,Left,830,1832,478,278712771,nan,nan,0.00
8/20/2026 18:07:17,1.17.3,LeftRight,73,3.77,nan,1,Right,Left,830,1833,478,278713708,nan,nan,0.00
8/20/2026 18:07:21,1.17.3,LeftRight,73,3.77,nan,1,Right,Left,830,1834,478,278717635,nan,nan,0.12
8/20/2026 18:07:23,1.17.3,LeftRight,73,3.77,nan,1,Right,Left,830,1835,478,278719589,nan,nan,0.12
8/20/2026 18:07:25,1.17.3,LeftRight,73,3.78,nan,1,Left,Left,831,1835,478,278721553,nan,nan,0.00
8/20/2026 18:07:25,1.17.3,LeftRight,73,3.78,nan,1,Left,Left,832,1835,478,278722042,nan,nan,0.00
8/20/2026 18:07:27,1.17.3,LeftRight,73,3.77,nan,1,Right,Left,832,1836,478,278723577,nan,nan,0.00
8/20/2026 18:07:28,1.17.3,LeftRight,73,3.77,1,1,Pellet,Left,832,1836,479,278723577,0.17,26,nan
8/20/2026 18:14:57,1.17.3,LeftRight,73,3.77,nan,1,Right,Left,832,1837,479,279173674,nan,nan,0.01
8/20/2026 18:22:16,1.17.3,LeftRight,73,3.77,nan,1,Left,Left,833,1837,479,279612344,nan,nan,0.00
8/20/2026 18:22:19,1.17.3,LeftRight,73,3.77,nan,1,RESET,Left,833,1837,479,279615671,nan,nan,nan
8/20/2026 18:45:29,1.17.3,LeftRight,73,3.77,nan,1,Left,Left,834,1837,479,281005466,nan,nan,0.00
8/20/2026 18:45:30,1.17.3,LeftRight,73,3.77,nan,1,Right,Left,834,1838,479,281006850,nan,nan,0.07
8/20/2026 18:45:33,1.17.3,LeftRight,73,3.77,1,1,Pellet,Left,834,1838,480,281006850,1.85,2285,nan
8/20/2026 18:45:51,1.17.3,LeftRight,73,3.77,nan,1,Right,Left,834,1839,480,281027908,nan,nan,0.10
8/20/2026 18:45:53,1.17.3,LeftRight,73,3.77,nan,1,Right,Left,834,1840,480,281029092,nan,nan,0.21
8/20/2026 18:45:55,1.17.3,LeftRight,73,3.77,nan,1,Left,Left,835,1840,480,281032178,nan,nan,0.00
8/20/2026 18:45:57,1.17.3,LeftRight,73,3.77,nan,1,Left,Left,836,1840,480,281033265,nan,nan,0.00
8/20/2026 18:45:58,1.17.3,LeftRight,73,3.77,nan,1,Right,Left,836,1841,480,281034502,nan,nan,0.04
8/20/2026 18:45:59,1.17.3,LeftRight,73,3.77,1,1,Pellet,Left,836,1841,481,281034502,0.35,26,nan
8/20/2026 18:46:16,1.17.3,LeftRight,73,3.77,nan,1,Right,Left,836,1842,481,281052668,nan,nan,0.00
8/20/2026 18:46:18,1.17.3,LeftRight,73,3.78,nan,1,Right,Left,836,1843,481,281054352,nan,nan,0.08
8/20/2026 18:46:22,1.17.3,LeftRight,73,3.77,nan,1,Left,Left,837,1843,481,281059032,nan,nan,0.00
8/20/2026 18:46:25,1.17.3,LeftRight,73,3.77,nan,1,Right,Left,837,1844,481,281061611,nan,nan,0.11
8/20/2026 18:46:26,1.17.3,LeftRight,73,3.77,1,1,Pellet,Left,837,1844,482,281061611,0.17,27,nan
8/20/2026 18:46:39,1.17.3,LeftRight,73,3.77,nan,1,Left,Left,838,1844,482,281075697,nan,nan,0.00
8/20/2026 18:46:42,1.17.3,LeftRight,73,3.77,nan,1,Right,Left,838,1845,482,281078279,nan,nan,0.00
8/20/2026 18:46:42,1.17.3,LeftRight,73,3.77,1,1,Pellet,Left,838,1845,483,281078279,0.29,16,nan
8/20/2026 18:46:55,1.17.3,LeftRight,73,3.77,nan,1,Left,Left,839,1845,483,281092111,nan,nan,0.00
8/20/2026 18:46:59,1.17.3,LeftRight,73,3.77,nan,1,RESET,Left,839,1845,483,281095740,nan,nan,nan
8/20/2026 18:46:59,1.17.3,LeftRight,73,3.78,nan,1,Left,Left,840,1845,483,281095991,nan,nan,0.00
8/20/2026 18:47:02,1.17.3,LeftRight,73,3.77,nan,1,Right,Left,840,1846,483,281098123,nan,nan,0.18
8/20/2026 18:47:15,1.17.3,LeftRight,73,3.77,2,1,Pellet,Left,840,1846,484,281098123,10.49,33,nan
8/20/2026 18:47:44,1.17.3,LeftRight,73,3.77,nan,1,Right,Left,840,1847,484,281140324,nan,nan,0.05
8/20/2026 18:47:45,1.17.3,LeftRight,73,3.77,nan,1,Right,Left,840,1848,484,281141762,nan,nan,0.01
8/20/2026 18:47:47,1.17.3,LeftRight,73,3.77,nan,1,Right,Left,840,1849,484,281143319,nan,nan,0.23
8/20/2026 18:47:49,1.17.3,LeftRight,73,3.77,nan,1,Left,Left,841,1849,484,281145835,nan,nan,0.00
8/20/2026 18:47:51,1.17.3,LeftRight,73,3.77,nan,1,Right,Left,841,1850,484,281147368,nan,nan,0.00
8/20/2026 18:47:51,1.17.3,LeftRight,73,3.77,1,1,Pellet,Left,841,1850,485,281147368,0.12,36,nan
8/20/2026 18:48:05,1.17.3,LeftRight,73,3.77,nan,1,Left,Left,842,1850,485,281161933,nan,nan,0.00
8/20/2026 18:48:07,1.17.3,LeftRight,73,3.77,nan,1,Right,Left,842,1851,485,281163469,nan,nan,0.06
8/20/2026 18:48:22,1.17.3,LeftRight,73,3.77,1,1,Pellet,Left,842,1851,486,281163469,14.34,31,nan
8/20/2026 18:48:41,1.17.3,LeftRight,73,3.77,nan,1,Left,Left,843,1851,486,281197960,nan,nan,0.00
8/20/2026 18:48:43,1.17.3,LeftRight,73,3.77,nan,1,Right,Left,843,1852,486,281199644,nan,nan,0.00
8/20/2026 18:48:44,1.17.3,LeftRight,73,3.77,1,1,Pellet,Left,843,1852,487,281199644,0.17,22,nan
8/20/2026 18:48:59,1.17.3,LeftRight,73,3.77,nan,1,Left,Left,844,1852,487,281215849,nan,nan,0.00
8/20/2026 18:49:00,1.17.3,LeftRight,73,3.77,nan,1,Left,Left,845,1852,487,281216384,nan,nan,0.00
8/20/2026 18:49:01,1.17.3,LeftRight,73,3.77,nan,1,Right,Left,845,1853,487,281217620,nan,nan,0.00
8/20/2026 18:49:02,1.17.3,LeftRight,73,3.77,1,1,Pellet,Left,845,1853,488,281217620,0.23,18,nan
8/20/2026 18:49:18,1.17.3,LeftRight,73,3.77,nan,1,Right,Left,845,1854,488,281234667,nan,nan,0.04
8/20/2026 18:49:20,1.17.3,LeftRight,73,3.77,nan,1,Right,Left,845,1855,488,281236545,nan,nan,0.33
8/20/2026 18:49:50,1.17.3,LeftRight,73,3.77,nan,1,Left,Left,846,1855,488,281267013,nan,nan,0.00
8/20/2026 18:49:53,1.17.3,LeftRight,73,3.77,nan,1,RESET,Left,846,1855,488,281269746,nan,nan,nan
8/20/2026 18:50:13,1.17.3,LeftRight,73,3.77,nan,1,Right,Left,846,1856,488,281289326,nan,nan,0.00
8/20/2026 18:50:14,1.17.3,LeftRight,73,3.77,nan,1,Left,Left,847,1856,488,281290882,nan,nan,0.00
8/20/2026 18:50:18,1.17.3,LeftRight,73,3.77,nan,1,RESET,Left,847,1856,488,281294661,nan,nan,nan
8/20/2026 18:50:22,1.17.3,LeftRight,73,3.77,nan,1,Right,Left,847,1857,488,281298239,nan,nan,0.22
8/20/2026 18:50:25,1.17.3,LeftRight,73,3.77,nan,1,Right,Left,847,1858,488,281301640,nan,nan,0.00
8/20/2026 18:50:37,1.17.3,LeftRight,73,3.77,nan,1,Right,Left,847,1859,488,281314094,nan,nan,0.11
8/20/2026 18:50:49,1.17.3,LeftRight,73,3.77,nan,1,Left,Left,848,1859,488,281325621,nan,nan,0.00
8/20/2026 18:50:50,1.17.3,LeftRight,73,3.77,nan,1,Right,Left,848,1860,488,281326709,nan,nan,0.00
8/20/2026 18:50:51,1.17.3,LeftRight,73,3.78,1,1,Pellet,Left,848,1860,489,281326709,0.53,109,nan
8/20/2026 18:53:38,1.17.3,LeftRight,73,3.76,nan,1,Right,Left,848,1861,489,281494425,nan,nan,0.10
8/20/2026 18:59:44,1.17.3,LeftRight,73,3.77,nan,1,Left,Left,849,1861,489,281860700,nan,nan,0.00
8/20/2026 18:59:47,1.17.3,LeftRight,73,3.77,nan,1,Right,Left,849,1862,489,281863431,nan,nan,0.00
8/20/2026 18:59:48,1.17.3,LeftRight,73,3.77,1,1,Pellet,Left,849,1862,490,281863431,0.71,537,nan
8/20/2026 19:00:03,1.17.3,LeftRight,73,3.76,nan,1,Right,Left,849,1863,490,281879384,nan,nan,0.00
8/20/2026 19:00:09,1.17.3,LeftRight,73,3.78,nan,1,Left,Left,850,1863,490,281885560,nan,nan,0.00
8/20/2026 19:00:12,1.17.3,LeftRight,73,3.77,nan,1,RESET,Left,850,1863,490,281888740,nan,nan,nan
8/20/2026 19:03:05,1.17.3,LeftRight,73,3.77,nan,1,Left,Left,851,1863,490,282061911,nan,nan,0.00
8/20/2026 19:03:09,1.17.3,LeftRight,73,3.77,nan,1,RESET,Left,851,1863,490,282065687,nan,nan,nan
8/20/2026 19:04:40,1.17.3,LeftRight,73,3.77,nan,1,Right,Left,851,1864,490,282155904,nan,nan,0.54
8/20/2026 19:06:03,1.17.3,LeftRight,73,3.76,nan,1,Right,Left,851,1865,490,282239261,nan,nan,0.08
8/20/2026 19:18:00,1.17.3,LeftRight,73,3.76,nan,1,Left,Left,852,1865,490,282957228,nan,nan,0.00
8/20/2026 19:18:04,1.17.3,LeftRight,73,3.77,nan,1,Left,Left,853,1865,490,282960354,nan,nan,0.00
8/20/2026 19:18:07,1.17.3,LeftRight,73,3.77,nan,1,RESET,Left,853,1865,490,282963843,nan,nan,nan
8/20/2026 19:37:56,1.17.3,LeftRight,73,3.76,nan,1,Right,Left,853,1866,490,284152455,nan,nan,0.11
8/20/2026 19:37:57,1.17.3,LeftRight,73,3.76,nan,1,Left,Left,854,1866,490,284153530,nan,nan,0.00
8/20/2026 19:37:58,1.17.3,LeftRight,73,3.77,nan,1,Right,Left,854,1867,490,284155065,nan,nan,0.00
8/20/2026 19:38:11,1.17.3,LeftRight,73,3.76,2,1,Pellet,Left,854,1867,491,284155065,11.81,2303,nan
8/20/2026 19:38:30,1.17.3,LeftRight,73,3.76,nan,1,Right,Left,854,1868,491,284186717,nan,nan,0.03
8/20/2026 19:38:35,1.17.3,LeftRight,73,3.76,nan,1,Right,Left,854,1869,491,284191418,nan,nan,0.11
8/20/2026 19:38:38,1.17.3,LeftRight,73,3.76,nan,1,Right,Left,854,1870,491,284194562,nan,nan,0.00
8/20/2026 19:38:40,1.17.3,LeftRight,73,3.76,nan,1,Right,Left,854,1871,491,284196401,nan,nan,0.00
8/20/2026 19:38:41,1.17.3,LeftRight,73,3.76,nan,1,Left,Left,855,1871,491,284198001,nan,nan,0.00
8/20/2026 19:38:42,1.17.3,LeftRight,73,3.76,nan,1,Right,Left,855,1872,491,284199236,nan,nan,0.09
8/20/2026 19:38:43,1.17.3,LeftRight,73,3.76,2,1,Pellet,Left,855,1872,492,284199236,0.06,32,nan
8/20/2026 19:39:00,1.17.3,LeftRight,73,3.76,nan,1,Right,Left,855,1873,492,284217074,nan,nan,0.11
8/20/2026 19:39:03,1.17.3,LeftRight,73,3.76,nan,1,Left,Left,856,1873,492,284219490,nan,nan,0.00
8/20/2026 19:39:04,1.17.3,LeftRight,73,3.76,nan,1,Right,Left,856,1874,492,284220876,nan,nan,0.05
8/20/2026 19:39:05,1.17.3,LeftRight,73,3.76,1,1,Pellet,Left,856,1874,493,284220876,0.35,22,nan
8/20/2026 19:39:19,1.17.3,LeftRight,73,3.76,nan,1,Right,Left,856,1875,493,284236032,nan,nan,0.00
8/20/2026 19:39:21,1.17.3,LeftRight,73,3.76,nan,1,Right,Left,856,1876,493,284237717,nan,nan,0.02
8/20/2026 19:39:23,1.17.3,LeftRight,73,3.76,nan,1,Left,Left,857,1876,493,284240128,nan,nan,0.00
8/20/2026 19:39:26,1.17.3,LeftRight,73,3.76,nan,1,Right,Left,857,1877,493,284242410,nan,nan,0.00
8/20/2026 19:39:26,1.17.3,LeftRight,73,3.76,1,1,Pellet,Left,857,1877,494,284242410,0.17,21,nan
8/20/2026 19:39:44,1.17.3,LeftRight,73,3.76,nan,1,Left,Left,858,1877,494,284260984,nan,nan,0.00
8/20/2026 19:39:46,1.17.3,LeftRight,73,3.76,nan,1,Right,Left,858,1878,494,284262966,nan,nan,0.00
8/20/2026 19:39:58,1.17.3,LeftRight,73,3.76,2,1,Pellet,Left,858,1878,495,284262966,9.23,32,nan
8/20/2026 19:40:15,1.17.3,LeftRight,73,3.76,nan,1,Left,Left,859,1878,495,284292165,nan,nan,0.00
8/20/2026 19:40:19,1.17.3,LeftRight,73,3.76,nan,1,RESET,Left,859,1878,495,284295793,nan,nan,nan
8/20/2026 19:40:20,1.17.3,LeftRight,73,3.76,nan,1,Left,Left,860,1878,495,284296970,nan,nan,0.00
8/20/2026 19:40:21,1.17.3,LeftRight,73,3.76,nan,1,Left,Left,861,1878,495,284297835,nan,nan,0.00
8/20/2026 19:40:22,1.17.3,LeftRight,73,3.76,nan,1,Right,Left,861,1879,495,284298921,nan,nan,0.01
8/20/2026 19:40:23,1.17.3,LeftRight,73,3.76,1,1,Pellet,Left,861,1879,496,284298921,0.17,25,nan
8/20/2026 19:40:37,1.17.3,LeftRight,73,3.76,nan,1,Right,Left,861,1880,496,284314322,nan,nan,0.03
8/20/2026 19:40:39,1.17.3,LeftRight,73,3.76,nan,1,Right,Left,861,1881,496,284315439,nan,nan,0.18
8/20/2026 19:40:40,1.17.3,LeftRight,73,3.76,nan,1,Left,Left,862,1881,496,284317249,nan,nan,0.00
8/20/2026 19:40:41,1.17.3,LeftRight,73,3.76,nan,1,Left,Left,863,1881,496,284317948,nan,nan,0.00
8/20/2026 19:40:43,1.17.3,LeftRight,73,3.76,nan,1,Right,Left,863,1882,496,284319639,nan,nan,0.11
8/20/2026 19:40:44,1.17.3,LeftRight,73,3.76,2,1,Pellet,Left,863,1882,497,284319639,0.17,21,nan
8/20/2026 19:40:55,1.17.3,LeftRight,73,3.76,nan,1,Left,Left,864,1882,497,284332313,nan,nan,0.00
8/20/2026 19:40:57,1.17.3,LeftRight,73,3.77,nan,1,Right,Left,864,1883,497,284333549,nan,nan,0.08
8/20/2026 19:40:57,1.17.3,LeftRight,73,3.72,nan,1,RightDuringDispense,Left,864,1884,497,284333549,nan,nan,0.04
8/20/2026 19:40:58,1.17.3,LeftRight,73,3.77,1,1,Pellet,Left,864,1884,498,284333549,0.59,14,nan
8/20/2026 19:41:13,1.17.3,LeftRight,73,3.76,nan,1,Left,Left,865,1884,498,284350156,nan,nan,0.00
8/20/2026 19:41:16,1.17.3,LeftRight,73,3.76,nan,1,Right,Left,865,1885,498,284353196,nan,nan,0.05
8/20/2026 19:41:17,1.17.3,LeftRight,73,3.76,1,1,Pellet,Left,865,1885,499,284353196,0.35,19,nan
8/20/2026 19:41:50,1.17.3,LeftRight,73,3.76,nan,1,Right,Left,865,1886,499,284387097,nan,nan,0.31
8/20/2026 19:48:23,1.17.3,LeftRight,73,3.76,nan,1,Right,Left,865,1887,499,284779607,nan,nan,0.00
8/20/2026 19:48:24,1.17.3,LeftRight,73,3.76,nan,1,Left,Left,866,1887,499,284780651,nan,nan,0.00
8/20/2026 19:48:27,1.17.3,LeftRight,73,3.76,nan,1,RESET,Left,866,1887,499,284783832,nan,nan,nan
8/20/2026 19:55:31,1.17.3,LeftRight,73,3.76,nan,1,Right,Left,866,1888,499,285208179,nan,nan,0.09
8/20/2026 19:56:21,1.17.3,LeftRight,73,3.76,nan,1,Right,Left,866,1889,499,285257253,nan,nan,0.32
8/20/2026 20:02:32,1.17.3,LeftRight,73,3.76,nan,1,Left,Left,867,1889,499,285629397,nan,nan,0.00
8/20/2026 20:02:36,1.17.3,LeftRight,73,3.76,nan,1,RESET,Left,867,1889,499,285632886,nan,nan,nan
8/20/2026 20:05:31,1.17.3,LeftRight,73,3.76,nan,1,Right,Left,867,1890,499,285808084,nan,nan,0.39
8/20/2026 20:05:33,1.17.3,LeftRight,73,3.76,nan,1,Right,Left,867,1891,499,285809564,nan,nan,0.15
8/20/2026 20:05:36,1.17.3,LeftRight,73,3.76,nan,1,Right,Left,867,1892,499,285813039,nan,nan,0.00
8/20/2026 20:05:38,1.17.3,LeftRight,73,3.76,nan,1,Right,Left,867,1893,499,285814875,nan,nan,0.11
8/20/2026 20:05:41,1.17.3,LeftRight,73,3.76,nan,1,Left,Left,868,1893,499,285817733,nan,nan,0.00
8/20/2026 20:05:42,1.17.3,LeftRight,73,3.76,nan,1,Right,Left,868,1894,499,285819121,nan,nan,0.16
8/20/2026 20:05:45,1.17.3,LeftRight,73,3.76,3,1,Pellet,Left,868,1894,500,285819121,0.06,1468,nan
8/20/2026 20:06:01,1.17.3,LeftRight,73,3.76,nan,1,Right,Left,868,1895,500,285837418,nan,nan,0.25
8/20/2026 20:06:03,1.17.3,LeftRight,73,3.76,nan,1,Right,Left,868,1896,500,285839351,nan,nan,0.22
8/20/2026 20:06:04,1.17.3,LeftRight,73,3.76,nan,1,Left,Left,869,1896,500,285841030,nan,nan,0.00
8/20/2026 20:06:05,1.17.3,LeftRight,73,3.76,nan,1,Right,Left,869,1897,500,285842269,nan,nan,0.00
8/20/2026 20:06:06,1.17.3,LeftRight,73,3.76,1,1,Pellet,Left,869,1897,501,285842269,0.06,21,nan
8/20/2026 20:06:16,1.17.3,LeftRight,73,3.76,nan,1,Left,Left,870,1897,501,285853155,nan,nan,0.00
8/20/2026 20:06:17,1.17.3,LeftRight,73,3.76,nan,1,Right,Left,870,1898,501,285854093,nan,nan,0.00
8/20/2026 20:06:18,1.17.3,LeftRight,73,3.76,1,1,Pellet,Left,870,1898,502,285854093,0.23,12,nan
8/20/2026 20:06:30,1.17.3,LeftRight,73,3.76,nan,1,Right,Left,870,1899,502,285867187,nan,nan,0.01
8/20/2026 20:06:32,1.17.3,LeftRight,73,3.76,nan,1,Left,Left,871,1899,502,285869075,nan,nan,0.00
8/20/2026 20:06:34,1.17.3,LeftRight,73,3.76,nan,1,Right,Left,871,1900,502,285870761,nan,nan,0.00
8/20/2026 20:06:35,1.17.3,LeftRight,73,3.76,1,1,Pellet,Left,871,1900,503,285870761,0.17,17,nan
8/20/2026 20:06:46,1.17.3,LeftRight,73,3.76,nan,1,Left,Left,872,1900,503,285882782,nan,nan,0.00
8/20/2026 20:06:49,1.17.3,LeftRight,73,3.76,nan,1,RESET,Left,872,1900,503,285885970,nan,nan,nan
8/20/2026 20:08:32,1.17.3,LeftRight,73,3.76,nan,1,Right,Left,872,1901,503,285988987,nan,nan,0.08
8/20/2026 20:08:48,1.17.3,LeftRight,73,3.76,nan,1,Right,Left,872,1902,503,286005255,nan,nan,0.15
8/20/2026 20:18:14,1.17.3,LeftRight,73,3.76,nan,1,Right,Left,872,1903,503,286570638,nan,nan,0.00
8/20/2026 20:18:26,1.17.3,LeftRight,73,3.76,nan,1,Right,Left,872,1904,503,286582637,nan,nan,0.05
8/20/2026 20:20:02,1.17.3,LeftRight,73,3.76,nan,1,Right,Left,872,1905,503,286679112,nan,nan,0.00
8/20/2026 20:20:03,1.17.3,LeftRight,73,3.76,nan,1,Right,Left,872,1906,503,286680349,nan,nan,0.00
8/20/2026 20:20:12,1.17.3,LeftRight,73,3.76,nan,1,Left,Left,873,1906,503,286689515,nan,nan,0.00
8/20/2026 20:20:14,1.17.3,LeftRight,73,3.76,nan,1,Right,Left,873,1907,503,286691051,nan,nan,0.00
8/20/2026 20:20:15,1.17.3,LeftRight,73,3.76,1,1,Pellet,Left,873,1907,504,286691051,0.47,820,nan
8/20/2026 20:20:31,1.17.3,LeftRight,73,3.76,nan,1,Left,Left,874,1907,504,286708479,nan,nan,0.00
8/20/2026 20:20:32,1.17.3,LeftRight,73,3.76,nan,1,Left,Left,875,1907,504,286708973,nan,nan,0.00
8/20/2026 20:20:33,1.17.3,LeftRight,73,3.76,nan,1,Right,Left,875,1908,504,286710220,nan,nan,0.00
8/20/2026 20:20:44,1.17.3,LeftRight,73,3.76,2,1,Pellet,Left,875,1908,505,286710220,8.21,29,nan
8/20/2026 20:21:01,1.17.3,LeftRight,73,3.76,nan,1,Right,Left,875,1909,505,286737995,nan,nan,0.03
8/20/2026 20:21:04,1.17.3,LeftRight,73,3.76,nan,1,Left,Left,876,1909,505,286741408,nan,nan,0.00
8/20/2026 20:21:06,1.17.3,LeftRight,73,3.76,nan,1,Right,Left,876,1910,505,286742944,nan,nan,0.00
8/20/2026 20:21:17,1.17.3,LeftRight,73,3.76,2,1,Pellet,Left,876,1910,506,286742944,8.45,33,nan
8/20/2026 20:21:37,1.17.3,LeftRight,73,3.76,nan,1,Left,Left,877,1910,506,286773963,nan,nan,0.00
8/20/2026 20:21:39,1.17.3,LeftRight,73,3.76,nan,1,Right,Left,877,1911,506,286775348,nan,nan,0.28
8/20/2026 20:21:40,1.17.3,LeftRight,73,3.76,1,1,Pellet,Left,877,1911,507,286775348,0.12,23,nan
8/20/2026 20:21:55,1.17.3,LeftRight,73,3.76,nan,1,Left,Left,878,1911,507,286791595,nan,nan,0.00
8/20/2026 20:21:56,1.17.3,LeftRight,73,3.76,nan,1,Right,Left,878,1912,507,286792530,nan,nan,0.04
8/20/2026 20:21:56,1.17.3,LeftRight,73,3.76,1,1,Pellet,Left,878,1912,508,286792530,0.17,16,nan
8/20/2026 20:28:24,1.17.3,LeftRight,73,3.76,nan,1,Left,Left,879,1912,508,287181222,nan,nan,0.00
8/20/2026 20:28:28,1.17.3,LeftRight,73,3.76,nan,1,RESET,Left,879,1912,508,287185001,nan,nan,nan
8/20/2026 20:28:34,1.17.3,LeftRight,73,3.76,nan,1,Left,Left,880,1912,508,287190822,nan,nan,0.00
8/20/2026 20:28:37,1.17.3,LeftRight,73,3.76,nan,1,RESET,Left,880,1912,508,287194005,nan,nan,nan
8/20/2026 20:28:50,1.17.3,LeftRight,73,3.76,nan,1,Right,Left,880,1913,508,287206707,nan,nan,0.29
8/20/2026 20:30:31,1.17.3,LeftRight,73,3.76,nan,1,Left,Left,881,1913,508,287308203,nan,nan,0.00
8/20/2026 20:30:33,1.17.3,LeftRight,73,3.76,nan,1,Right,Left,881,1914,508,287310336,nan,nan,0.00
8/20/2026 20:30:34,1.17.3,LeftRight,73,3.76,1,1,Pellet,Left,881,1914,509,287310336,0.29,518,nan
8/20/2026 20:30:46,1.17.3,LeftRight,73,3.76,nan,1,Left,Left,882,1914,509,287323382,nan,nan,0.00
8/20/2026 20:30:49,1.17.3,LeftRight,73,3.76,nan,1,Right,Left,882,1915,509,287325965,nan,nan,0.10
8/20/2026 20:30:59,1.17.3,LeftRight,73,3.76,2,1,Pellet,Left,882,1915,510,287325965,7.25,25,nan
8/20/2026 20:31:17,1.17.3,LeftRight,73,3.76,nan,1,Right,Left,882,1916,510,287354349,nan,nan,0.10
8/20/2026 20:31:19,1.17.3,LeftRight,73,3.76,nan,1,Right,Left,882,1917,510,287356132,nan,nan,0.09
8/20/2026 20:31:21,1.17.3,LeftRight,73,3.76,nan,1,Left,Left,883,1917,510,287358362,nan,nan,0.00
8/20/2026 20:31:23,1.17.3,LeftRight,73,3.76,nan,1,Right,Left,883,1918,510,287359895,nan,nan,0.00
8/20/2026 20:31:33,1.17.3,LeftRight,73,3.76,2,1,Pellet,Left,883,1918,511,287359895,7.19,34,nan
8/20/2026 20:31:51,1.17.3,LeftRight,73,3.76,nan,1,Right,Left,883,1919,511,287388306,nan,nan,0.08
8/20/2026 20:31:53,1.17.3,LeftRight,73,3.75,nan,1,Left,Left,884,1919,511,287390079,nan,nan,0.00
8/20/2026 20:31:57,1.17.3,LeftRight,73,3.76,nan,1,RESET,Left,884,1919,511,287394004,nan,nan,nan
8/20/2026 20:31:58,1.17.3,LeftRight,73,3.76,nan,1,Right,Left,884,1920,511,287394583,nan,nan,0.24
8/20/2026 20:32:00,1.17.3,LeftRight,73,3.76,nan,1,Left,Left,885,1920,511,287397251,nan,nan,0.00
8/20/2026 20:32:01,1.17.3,LeftRight,73,3.76,nan,1,Left,Left,886,1920,511,287398053,nan,nan,0.00
8/20/2026 20:32:04,1.17.3,LeftRight,73,3.76,nan,1,RESET,Left,886,1920,511,287400933,nan,nan,nan
8/20/2026 20:32:07,1.17.3,LeftRight,73,3.76,nan,1,Right,Left,886,1921,511,287403463,nan,nan,0.14
8/20/2026 20:32:09,1.17.3,LeftRight,73,3.76,nan,1,Left,Left,887,1921,511,287405853,nan,nan,0.00
8/20/2026 20:32:11,1.17.3,LeftRight,73,3.76,nan,1,Right,Left,887,1922,511,287407834,nan,nan,0.26
8/20/2026 20:32:12,1.17.3,LeftRight,73,3.76,1,1,Pellet,Left,887,1922,512,287407834,0.17,39,nan
8/20/2026 20:32:26,1.17.3,LeftRight,73,3.76,nan,1,Right,Left,887,1923,512,287422625,nan,nan,0.14
8/20/2026 20:32:27,1.17.3,LeftRight,73,3.76,nan,1,Right,Left,887,1924,512,287424007,nan,nan,0.07
8/20/2026 20:32:28,1.17.3,LeftRight,73,3.76,nan,1,Right,Left,887,1925,512,287425011,nan,nan,0.12
8/20/2026 20:32:29,1.17.3,LeftRight,73,3.76,nan,1,Left,Left,888,1925,512,287426526,nan,nan,0.00
8/20/2026 20:32:30,1.17.3,LeftRight,73,3.76,nan,1,Left,Left,889,1925,512,287427554,nan,nan,0.00
8/20/2026 20:32:32,1.17.3,LeftRight,73,3.76,nan,1,Right,Left,889,1926,512,287428791,nan,nan,0.00
8/20/2026 20:32:33,1.17.3,LeftRight,73,3.76,2,1,Pellet,Left,889,1926,513,287428791,0.06,21,nan
8/20/2026 20:37:36,1.17.3,LeftRight,73,3.76,nan,1,Right,Left,889,1927,513,287732821,nan,nan,0.07
8/20/2026 20:39:34,1.17.3,LeftRight,73,3.76,nan,1,Right,Left,889,1928,513,287850585,nan,nan,0.26
8/20/2026 21:08:01,1.17.3,LeftRight,73,3.75,nan,1,Right,Left,889,1929,513,289557702,nan,nan,0.05
8/20/2026 21:08:02,1.17.3,LeftRight,73,3.76,nan,1,Left,Left,890,1929,513,289558986,nan,nan,0.00
8/20/2026 21:08:04,1.17.3,LeftRight,73,3.75,nan,1,Right,Left,890,1930,513,289560670,nan,nan,0.00
8/20/2026 21:08:17,1.17.3,LeftRight,73,3.75,1,1,Pellet,Left,890,1930,514,289560670,13.20,2144,nan
8/20/2026 21:08:34,1.17.3,LeftRight,73,3.76,nan,1,Left,Left,891,1930,514,289591149,nan,nan,0.00
8/20/2026 21:08:35,1.17.3,LeftRight,73,3.75,nan,1,Right,Left,891,1931,514,289592534,nan,nan,0.00
8/20/2026 21:08:37,1.17.3,LeftRight,73,3.76,1,1,Pellet,Left,891,1931,515,289592534,0.53,20,nan
8/20/2026 21:09:02,1.17.3,LeftRight,73,3.75,nan,1,Left,Left,892,1931,515,289619001,nan,nan,0.00
8/20/2026 21:09:05,1.17.3,LeftRight,73,3.76,nan,1,RESET,Left,892,1931,515,289622183,nan,nan,nan
8/20/2026 21:09:06,1.17.3,LeftRight,73,3.76,nan,1,Right,Left,892,1932,515,289622911,nan,nan,0.00
8/20/2026 21:09:08,1.17.3,LeftRight,73,3.75,nan,1,Right,Left,892,1933,515,289624297,nan,nan,0.55
8/20/2026 21:09:10,1.17.3,LeftRight,73,3.76,nan,1,Left,Left,893,1933,515,289627060,nan,nan,0.00
8/20/2026 21:09:13,1.17.3,LeftRight,73,3.75,nan,1,RESET,Left,893,1933,515,289630088,nan,nan,nan
8/20/2026 21:09:15,1.17.3,LeftRight,73,3.76,nan,1,Right,Left,893,1934,515,289632168,nan,nan,0.00
8/20/2026 21:09:17,1.17.3,LeftRight,73,3.76,nan,1,Left,Left,894,1934,515,289634405,nan,nan,0.00
8/20/2026 21:09:20,1.17.3,LeftRight,73,3.75,nan,1,Right,Left,894,1935,515,289636984,nan,nan,0.00
8/20/2026 21:09:33,1.17.3,LeftRight,73,3.76,2,1,Pellet,Left,894,1935,516,289636984,10.49,56,nan
8/20/2026 21:09:51,1.17.3,LeftRight,73,3.76,nan,1,Right,Left,894,1936,516,289668041,nan,nan,0.00
8/20/2026 21:09:53,1.17.3,LeftRight,73,3.75,nan,1,Right,Left,894,1937,516,289669575,nan,nan,0.37
8/20/2026 21:09:54,1.17.3,LeftRight,73,3.76,nan,1,Right,Left,894,1938,516,289671335,nan,nan,0.10
8/20/2026 21:09:56,1.17.3,LeftRight,73,3.75,nan,1,Left,Left,895,1938,516,289673220,nan,nan,0.00
8/20/2026 21:09:58,1.17.3,LeftRight,73,3.75,nan,1,Right,Left,895,1939,516,289674904,nan,nan,0.00
8/20/2026 21:09:59,1.17.3,LeftRight,73,3.76,2,1,Pellet,Left,895,1939,517,289674904,0.41,26,nan
8/20/2026 21:10:15,1.17.3,LeftRight,73,3.75,nan,1,Right,Left,895,1940,517,289692111,nan,nan,0.00
8/20/2026 21:10:16,1.17.3,LeftRight,73,3.75,nan,1,Right,Left,895,1941,517,289693352,nan,nan,0.18
8/20/2026 21:10:18,1.17.3,LeftRight,73,3.76,nan,1,Right,Left,895,1942,517,289694615,nan,nan,0.09
8/20/2026 21:10:20,1.17.3,LeftRight,73,3.76,nan,1,Left,Left,896,1942,517,289697354,nan,nan,0.00
8/20/2026 21:10:22,1.17.3,LeftRight,73,3.75,nan,1,Right,Left,896,1943,517,289699483,nan,nan,0.12
8/20/2026 21:10:23,1.17.3,LeftRight,73,3.75,1,1,Pellet,Left,896,1943,518,289699483,0.06,24,nan
8/20/2026 21:10:36,1.17.3,LeftRight,73,3.75,nan,1,Left,Left,897,1943,518,289712883,nan,nan,0.00
8/20/2026 21:10:36,1.17.3,LeftRight,73,3.75,nan,1,Left,Left,898,1943,518,289713521,nan,nan,0.00
8/20/2026 21:10:39,1.17.3,LeftRight,73,3.75,nan,1,Right,Left,898,1944,518,289715801,nan,nan,0.00
8/20/2026 21:10:40,1.17.3,LeftRight,73,3.75,1,1,Pellet,Left,898,1944,519,289715801,0.53,17,nan
8/20/2026 21:10:53,1.17.3,LeftRight,73,3.75,nan,1,Left,Left,899,1944,519,289729745,nan,nan,0.00
8/20/2026 21:10:53,1.17.3,LeftRight,73,3.76,nan,1,Left,Left,900,1944,519,289730615,nan,nan,0.00
8/20/2026 21:10:55,1.17.3,LeftRight,73,3.76,nan,1,Right,Left,900,1945,519,289731709,nan,nan,0.00
8/20/2026 21:10:56,1.17.3,LeftRight,73,3.76,1,1,Pellet,Left,900,1945,520,289731709,0.35,16,nan
8/20/2026 21:11:14,1.17.3,LeftRight,73,3.76,nan,1,Left,Left,901,1945,520,289751640,nan,nan,0.00
8/20/2026 21:11:15,1.17.3,LeftRight,73,3.75,nan,1,Left,Left,902,1945,520,289752614,nan,nan,0.00
8/20/2026 21:11:17,1.17.3,LeftRight,73,3.75,nan,1,Right,Left,902,1946,520,289754296,nan,nan,0.00
8/20/2026 21:11:20,1.17.3,LeftRight,73,3.76,2,1,Pellet,Left,902,1946,521,289754296,0.17,24,nan
8/20/2026 21:11:37,1.17.3,LeftRight,73,3.76,nan,1,Left,Left,903,1946,521,289774303,nan,nan,0.00
8/20/2026 21:11:38,1.17.3,LeftRight,73,3.76,nan,1,Left,Left,904,1946,521,289775155,nan,nan,0.00
8/20/2026 21:11:41,1.17.3,LeftRight,73,3.76,nan,1,RESET,Left,904,1946,521,289778177,nan,nan,nan
8/20/2026 21:11:41,1.17.3,LeftRight,73,3.75,nan,1,Right,Left,904,1947,521,289778309,nan,nan,0.00
8/20/2026 21:11:44,1.17.3,LeftRight,73,3.76,nan,1,Left,Left,905,1947,521,289781484,nan,nan,0.00
8/20/2026 21:11:46,1.17.3,LeftRight,73,3.75,nan,1,Right,Left,905,1948,521,289782718,nan,nan,0.01
8/20/2026 21:11:47,1.17.3,LeftRight,73,3.75,1,1,Pellet,Left,905,1948,522,289782718,0.23,27,nan
8/20/2026 21:26:20,1.17.3,LeftRight,73,3.76,nan,1,Left,Left,906,1948,522,290657254,nan,nan,0.00
8/20/2026 21:26:21,1.17.3,LeftRight,73,3.76,nan,1,Right,Left,906,1949,522,290658342,nan,nan,0.00
8/20/2026 21:26:22,1.17.3,LeftRight,73,3.75,1,1,Pellet,Left,906,1949,523,290658342,0.59,875,nan
8/20/2026 21:26:55,1.17.3,LeftRight,73,3.76,nan,1,Left,Left,907,1949,523,290692203,nan,nan,0.00
8/20/2026 21:26:58,1.17.3,LeftRight,73,3.74,nan,1,RESET,Left,907,1949,523,290695231,nan,nan,nan
8/20/2026 21:26:58,1.17.3,LeftRight,73,3.75,nan,1,Right,Left,907,1950,523,290695512,nan,nan,0.10
8/20/2026 21:27:00,1.17.3,LeftRight,73,3.75,nan,1,Right,Left,907,1951,523,290697151,nan,nan,0.11
8/20/2026 21:27:04,1.17.3,LeftRight,73,3.76,nan,1,Right,Left,907,1952,523,290701333,nan,nan,0.07
8/20/2026 21:27:06,1.17.3,LeftRight,73,3.75,nan,1,Right,Left,907,1953,523,290703087,nan,nan,0.08
8/20/2026 21:27:07,1.17.3,LeftRight,73,3.75,nan,1,Left,Left,908,1953,523,290704559,nan,nan,0.00
8/20/2026 21:27:08,1.17.3,LeftRight,73,3.75,nan,1,Left,Left,909,1953,523,290705275,nan,nan,0.00
8/20/2026 21:27:10,1.17.3,LeftRight,73,3.75,nan,1,Right,Left,909,1954,523,290707557,nan,nan,0.08
8/20/2026 21:27:11,1.17.3,LeftRight,73,3.75,1,1,Pellet,Left,909,1954,524,290707557,0.29,49,nan
8/20/2026 21:27:29,1.17.3,LeftRight,73,3.75,nan,1,Right,Left,909,1955,524,290726152,nan,nan,0.14
8/20/2026 21:27:31,1.17.3,LeftRight,73,3.75,nan,1,Right,Left,909,1956,524,290727377,nan,nan,0.57
8/20/2026 21:27:33,1.17.3,LeftRight,73,3.75,nan,1,Right,Left,909,1957,524,290730226,nan,nan,0.06
8/20/2026 21:27:35,1.17.3,LeftRight,73,3.76,nan,1,Left,Left,910,1957,524,290731832,nan,nan,0.00
8/20/2026 21:27:38,1.17.3,LeftRight,73,3.75,nan,1,RESET,Left,910,1957,524,290735155,nan,nan,nan
8/20/2026 21:27:39,1.17.3,LeftRight,73,3.75,nan,1,Left,Left,911,1957,524,290735759,nan,nan,0.00
8/20/2026 21:27:40,1.17.3,LeftRight,73,3.75,nan,1,Right,Left,911,1958,524,290737291,nan,nan,0.03
8/20/2026 21:27:41,1.17.3,LeftRight,73,3.75,1,1,Pellet,Left,911,1958,525,290737291,0.17,30,nan
8/20/2026 21:28:04,1.17.3,LeftRight,73,3.75,nan,1,Right,Left,911,1959,525,290761388,nan,nan,0.16
8/20/2026 21:28:06,1.17.3,LeftRight,73,3.76,nan,1,Right,Left,911,1960,525,290762782,nan,nan,0.14
8/20/2026 21:28:07,1.17.3,LeftRight,73,3.75,nan,1,Left,Left,912,1960,525,290764721,nan,nan,0.00
8/20/2026 21:28:09,1.17.3,LeftRight,73,3.76,nan,1,Right,Left,912,1961,525,290766256,nan,nan,0.02
8/20/2026 21:28:09,1.17.3,LeftRight,73,3.71,nan,1,RightDuringDispense,Left,912,1962,525,290766256,nan,nan,0.02
8/20/2026 21:28:22,1.17.3,LeftRight,73,3.75,2,1,Pellet,Left,912,1962,526,290766256,10.01,41,nan
8/20/2026 21:28:48,1.17.3,LeftRight,73,3.76,nan,1,Left,Left,913,1962,526,290805368,nan,nan,0.00
8/20/2026 21:28:51,1.17.3,LeftRight,73,3.75,nan,1,Left,Left,914,1962,526,290808265,nan,nan,0.00
8/20/2026 21:28:55,1.17.3,LeftRight,73,3.75,nan,1,RESET,Left,914,1962,526,290812201,nan,nan,nan
8/20/2026 21:28:56,1.17.3,LeftRight,73,3.75,nan,1,Right,Left,914,1963,526,290813379,nan,nan,0.13
8/20/2026 21:29:00,1.17.3,LeftRight,73,3.75,nan,1,Right,Left,914,1964,526,290814747,nan,nan,2.03
8/20/2026 21:29:02,1.17.3,LeftRight,73,3.76,nan,1,Right,Left,914,1965,526,290818017,nan,nan,0.83
8/20/2026 21:29:04,1.17.3,LeftRight,73,3.76,nan,1,Right,Left,914,1966,526,290820527,nan,nan,0.91
8/20/2026 21:29:09,1.17.3,LeftRight,73,3.75,nan,1,Right,Left,914,1967,526,290825366,nan,nan,1.02
8/20/2026 21:29:12,1.17.3,LeftRight,73,3.75,nan,1,Left,Left,915,1967,526,290829606,nan,nan,0.00
8/20/2026 21:29:16,1.17.3,LeftRight,73,3.76,nan,1,Right,Left,915,1968,526,290832783,nan,nan,0.04
8/20/2026 21:29:17,1.17.3,LeftRight,73,3.75,1,1,Pellet,Left,915,1968,527,290832783,0.23,55,nan
8/20/2026 21:29:29,1.17.3,LeftRight,73,3.75,nan,1,Left,Left,916,1968,527,290846061,nan,nan,0.00
8/20/2026 21:29:31,1.17.3,LeftRight,73,3.75,nan,1,Right,Left,916,1969,527,290847761,nan,nan,0.04
8/20/2026 21:29:32,1.17.3,LeftRight,73,3.75,1,1,Pellet,Left,916,1969,528,290847761,0.41,15,nan
8/20/2026 21:29:45,1.17.3,LeftRight,73,3.75,nan,1,Left,Left,917,1969,528,290862466,nan,nan,0.00
8/20/2026 21:29:46,1.17.3,LeftRight,73,3.75,nan,1,Left,Left,918,1969,528,290862955,nan,nan,0.00
8/20/2026 21:29:48,1.17.3,LeftRight,73,3.75,nan,1,Right,Left,918,1970,528,290865238,nan,nan,0.00
8/20/2026 21:29:49,1.17.3,LeftRight,73,3.75,1,1,Pellet,Left,918,1970,529,290865238,0.29,17,nan
8/20/2026 21:30:06,1.17.3,LeftRight,73,3.76,nan,1,Left,Left,919,1970,529,290883121,nan,nan,0.00
8/20/2026 21:30:08,1.17.3,LeftRight,73,3.75,nan,1,Right,Left,919,1971,529,290884655,nan,nan,0.34
8/20/2026 21:30:09,1.17.3,LeftRight,73,3.76,1,1,Pellet,Left,919,1971,530,290884655,0.89,20,nan
8/20/2026 21:54:55,1.17.3,LeftRight,73,3.75,nan,1,Right,Left,919,1972,530,292372301,nan,nan,0.15
8/20/2026 22:45:10,1.17.3,LeftRight,73,3.74,nan,1,Right,Left,919,1973,530,295387116,nan,nan,0.00
8/20/2026 22:45:14,1.17.3,LeftRight,73,3.74,nan,1,Right,Left,919,1974,530,295391183,nan,nan,0.00
8/20/2026 22:45:22,1.17.3,LeftRight,73,3.74,nan,1,Right,Left,919,1975,530,295399869,nan,nan,0.04
8/20/2026 22:45:25,1.17.3,LeftRight,73,3.74,nan,1,Left,Left,920,1975,530,295402636,nan,nan,0.00
8/20/2026 22:45:27,1.17.3,LeftRight,73,3.74,nan,1,Right,Left,920,1976,530,295404020,nan,nan,0.09
8/20/2026 22:45:41,1.17.3,LeftRight,73,3.74,1,1,Pellet,Left,920,1976,531,295404020,13.56,4532,nan
8/20/2026 22:49:26,1.17.3,LeftRight,73,3.74,nan,1,Right,Left,920,1977,531,295643016,nan,nan,0.29
8/20/2026 22:49:33,1.17.3,LeftRight,73,3.74,nan,1,Left,Left,921,1977,531,295650946,nan,nan,0.00
8/20/2026 22:49:37,1.17.3,LeftRight,73,3.74,nan,1,RESET,Left,921,1977,531,295654412,nan,nan,nan
8/20/2026 22:53:02,1.17.3,LeftRight,73,3.74,nan,1,Left,Left,922,1977,531,295859619,nan,nan,0.00
8/20/2026 22:53:06,1.17.3,LeftRight,73,3.74,nan,1,RESET,Left,922,1977,531,295863387,nan,nan,nan
8/20/2026 22:54:19,1.17.3,LeftRight,73,3.74,nan,1,Left,Left,923,1977,531,295936207,nan,nan,0.00
8/20/2026 22:54:20,1.17.3,LeftRight,73,3.74,nan,1,Left,Left,924,1977,531,295937188,nan,nan,0.00
8/20/2026 22:54:20,1.17.3,LeftRight,73,3.74,nan,1,Left,Left,925,1977,531,295937856,nan,nan,0.00
8/20/2026 22:54:22,1.17.3,LeftRight,73,3.74,nan,1,Left,Left,926,1977,531,295939708,nan,nan,0.00
8/20/2026 22:54:26,1.17.3,LeftRight,73,3.74,nan,1,RESET,Left,926,1977,531,295943476,nan,nan,nan
8/20/2026 22:57:52,1.17.3,LeftRight,73,3.74,nan,1,Right,Left,926,1978,531,296149661,nan,nan,0.11
8/20/2026 22:58:20,1.17.3,LeftRight,73,3.74,nan,1,Left,Left,927,1978,531,296177428,nan,nan,0.00
8/20/2026 22:58:24,1.17.3,LeftRight,73,3.74,nan,1,RESET,Left,927,1978,531,296181496,nan,nan,nan
8/20/2026 23:00:20,1.17.3,LeftRight,73,3.74,nan,1,Right,Left,927,1979,531,296297504,nan,nan,0.10
8/20/2026 23:02:26,1.17.3,LeftRight,73,3.74,nan,1,Left,Left,928,1979,531,296423769,nan,nan,0.00
8/20/2026 23:02:30,1.17.3,LeftRight,73,3.74,nan,1,RESET,Left,928,1979,531,296427406,nan,nan,nan
8/20/2026 23:02:45,1.17.3,LeftRight,73,3.74,nan,1,Right,Left,928,1980,531,296442168,nan,nan,0.09
8/20/2026 23:03:23,1.17.3,LeftRight,73,3.74,nan,1,Right,Left,928,1981,531,296480063,nan,nan,0.00
8/20/2026 23:10:06,1.17.3,LeftRight,73,3.74,nan,1,Left,Left,929,1981,531,296883493,nan,nan,0.00
8/20/2026 23:10:07,1.17.3,LeftRight,73,3.74,nan,1,Right,Left,929,1982,531,296884279,nan,nan,0.00
8/20/2026 23:10:08,1.17.3,LeftRight,73,3.74,1,1,Pellet,Left,929,1982,532,296884279,0.23,1467,nan
8/20/2026 23:10:27,1.17.3,LeftRight,73,3.74,nan,1,Right,Left,929,1983,532,296904392,nan,nan,0.00
8/20/2026 23:10:31,1.17.3,LeftRight,73,3.74,nan,1,Right,Left,929,1984,532,296908910,nan,nan,0.02
8/20/2026 23:10:35,1.17.3,LeftRight,73,3.74,nan,1,Left,Left,930,1984,532,296912889,nan,nan,0.00
8/20/2026 23:10:37,1.17.3,LeftRight,73,3.74,nan,1,Right,Left,930,1985,532,296914123,nan,nan,0.02
8/20/2026 23:10:38,1.17.3,LeftRight,73,3.74,1,1,Pellet,Left,930,1985,533,296914123,0.23,30,nan
8/20/2026 23:12:03,1.17.3,LeftRight,73,3.74,nan,1,Right,Left,930,1986,533,297000073,nan,nan,0.11
8/20/2026 23:14:31,1.17.3,LeftRight,73,3.74,nan,1,Right,Left,930,1987,533,297148568,nan,nan,0.04
8/20/2026 23:15:38,1.17.3,LeftRight,73,3.74,nan,1,Right,Left,930,1988,533,297215759,nan,nan,0.00
8/20/2026 23:17:53,1.17.3,LeftRight,73,3.74,nan,1,Right,Left,930,1989,533,297349978,nan,nan,0.68
8/20/2026 23:17:56,1.17.3,LeftRight,73,3.74,nan,1,Left,Left,931,1989,533,297353976,nan,nan,0.00
8/20/2026 23:17:59,1.17.3,LeftRight,73,3.74,nan,1,Right,Left,931,1990,533,297356557,nan,nan,0.00
8/20/2026 23:18:00,1.17.3,LeftRight,73,3.74,2,1,Pellet,Left,931,1990,534,297356557,0.06,442,nan
8/20/2026 23:18:11,1.17.3,LeftRight,73,3.74,nan,1,Left,Left,932,1990,534,297368887,nan,nan,0.00
8/20/2026 23:18:15,1.17.3,LeftRight,73,3.74,nan,1,Right,Left,932,1991,534,297372061,nan,nan,0.04
8/20/2026 23:18:15,1.17.3,LeftRight,73,3.74,1,1,Pellet,Left,932,1991,535,297372061,0.11,15,nan
8/20/2026 23:18:28,1.17.3,LeftRight,73,3.74,nan,1,Right,Left,932,1992,535,297385452,nan,nan,0.00
8/20/2026 23:18:30,1.17.3,LeftRight,73,3.74,nan,1,Right,Left,932,1993,535,297386985,nan,nan,0.19
8/20/2026 23:18:32,1.17.3,LeftRight,73,3.74,nan,1,Right,Left,932,1994,535,297389455,nan,nan,0.46
8/20/2026 23:18:34,1.17.3,LeftRight,73,3.74,nan,1,Left,Left,933,1994,535,297391330,nan,nan,0.00
8/20/2026 23:18:34,1.17.3,LeftRight,73,3.74,nan,1,Left,Left,934,1994,535,297391847,nan,nan,0.00
8/20/2026 23:18:36,1.17.3,LeftRight,73,3.74,nan,1,Right,Left,934,1995,535,297392931,nan,nan,0.12
8/20/2026 23:18:36,1.17.3,LeftRight,73,3.74,2,1,Pellet,Left,934,1995,536,297392931,0.06,21,nan
8/20/2026 23:18:48,1.17.3,LeftRight,73,3.74,nan,1,Left,Left,935,1995,536,297405394,nan,nan,0.00
8/20/2026 23:18:49,1.17.3,LeftRight,73,3.74,nan,1,Right,Left,935,1996,536,297406479,nan,nan,0.14
8/20/2026 23:18:50,1.17.3,LeftRight,73,3.74,1,1,Pellet,Left,935,1996,537,297406479,0.17,14,nan
8/20/2026 23:19:01,1.17.3,LeftRight,73,3.74,nan,1,Left,Left,936,1996,537,297418578,nan,nan,0.00
8/20/2026 23:19:02,1.17.3,LeftRight,73,3.74,nan,1,Right,Left,936,1997,537,297419521,nan,nan,0.01
8/20/2026 23:19:03,1.17.3,LeftRight,73,3.74,1,1,Pellet,Left,936,1997,538,297419521,0.06,13,nan
8/20/2026 23:19:16,1.17.3,LeftRight,73,3.74,nan,1,Left,Left,937,1997,538,297433137,nan,nan,0.00
8/20/2026 23:19:17,1.17.3,LeftRight,73,3.74,nan,1,Right,Left,937,1998,538,297434519,nan,nan,0.00
8/20/2026 23:19:18,1.17.3,LeftRight,73,3.74,1,1,Pellet,Left,937,1998,539,297434519,0.17,15,nan
8/20/2026 23:19:43,1.17.3,LeftRight,73,3.74,nan,1,Left,Left,938,1998,539,297460956,nan,nan,0.00
8/20/2026 23:19:46,1.17.3,LeftRight,73,3.74,nan,1,Right,Left,938,1999,539,297463694,nan,nan,0.09
8/20/2026 23:19:56,1.17.3,LeftRight,73,3.74,2,1,Pellet,Left,938,1999,540,297463694,7.19,38,nan
8/20/2026 23:20:38,1.17.3,LeftRight,73,3.74,nan,1,Right,Left,938,2000,540,297515837,nan,nan,0.14
8/20/2026 23:20:40,1.17.3,LeftRight,73,3.74,nan,1,Right,Left,938,2001,540,297517361,nan,nan,0.29
8/20/2026 23:20:42,1.17.3,LeftRight,73,3.74,nan,1,Left,Left,939,2001,540,297519354,nan,nan,0.00
8/20/2026 23:20:45,1.17.3,LeftRight,73,3.74,nan,1,Right,Left,939,2002,540,297522231,nan,nan,0.38
8/20/2026 23:20:46,1.17.3,LeftRight,73,3.74,1,1,Pellet,Left,939,2002,541,297522231,0.17,50,nan
8/20/2026 23:20:59,1.17.3,LeftRight,73,3.74,nan,1,Right,Left,939,2003,541,297536947,nan,nan,0.10
8/20/2026 23:21:02,1.17.3,LeftRight,73,3.74,nan,1,Right,Left,939,2004,541,297539767,nan,nan,0.24
8/20/2026 23:21:04,1.17.3,LeftRight,73,3.73,nan,1,Right,Left,939,2005,541,297541990,nan,nan,0.00
8/20/2026 23:21:05,1.17.3,LeftRight,73,3.74,nan,1,Right,Left,939,2006,541,297542634,nan,nan,0.37
8/20/2026 23:21:07,1.17.3,LeftRight,73,3.73,nan,1,Right,Left,939,2007,541,297544392,nan,nan,0.00
8/20/2026 23:26:23,1.17.3,LeftRight,73,3.74,nan,1,Left,Left,940,2007,541,297860679,nan,nan,0.00
8/20/2026 23:26:27,1.17.3,LeftRight,73,3.73,nan,1,RESET,Left,940,2007,541,297864449,nan,nan,nan
8/20/2026 23:39:45,1.17.3,LeftRight,73,3.74,nan,1,Right,Left,940,2008,541,298662012,nan,nan,0.11
8/20/2026 23:40:15,1.17.3,LeftRight,73,3.74,nan,1,Right,Left,940,2009,541,298692461,nan,nan,0.07
8/20/2026 23:40:16,1.17.3,LeftRight,73,3.74,nan,1,Right,Left,940,2010,541,298693022,nan,nan,0.09
8/20/2026 23:40:18,1.17.3,LeftRight,73,3.74,nan,1,Left,Left,941,2010,541,298695536,nan,nan,0.00
8/20/2026 23:40:22,1.17.3,LeftRight,73,3.74,nan,1,RESET,Left,941,2010,541,298699599,nan,nan,nan
8/20/2026 23:43:25,1.17.3,LeftRight,73,3.74,nan,1,Left,Left,942,2010,541,298882176,nan,nan,0.00
8/20/2026 23:43:28,1.17.3,LeftRight,73,3.74,nan,1,RESET,Left,942,2010,541,298885502,nan,nan,nan
8/20/2026 23:44:05,1.17.3,LeftRight,73,3.74,nan,1,Right,Left,942,2011,541,298922298,nan,nan,0.00
8/20/2026 23:45:57,1.17.3,LeftRight,73,3.74,nan,1,Left,Left,943,2011,541,299034202,nan,nan,0.00
8/20/2026 23:46:00,1.17.3,LeftRight,73,3.73,nan,1,RESET,Left,943,2011,541,299037520,nan,nan,nan
8/20/2026 23:47:11,1.17.3,LeftRight,73,3.74,nan,1,Right,Left,943,2012,541,299108101,nan,nan,0.23
8/20/2026 23:48:34,1.17.3,LeftRight,73,3.73,nan,1,Right,Left,943,2013,541,299190793,nan,nan,0.33
8/20/2026 23:48:35,1.17.3,LeftRight,73,3.74,nan,1,Left,Left,944,2013,541,299192606,nan,nan,0.00
8/20/2026 23:48:38,1.17.3,LeftRight,73,3.73,nan,1,Right,Left,944,2014,541,299195478,nan,nan,0.00
8/20/2026 23:48:39,1.17.3,LeftRight,73,3.73,1,1,Pellet,Left,944,2014,542,299195478,0.41,1673,nan
8/20/2026 23:48:51,1.17.3,LeftRight,73,3.74,nan,1,Left,Left,945,2014,542,299208624,nan,nan,0.00
8/20/2026 23:48:53,1.17.3,LeftRight,73,3.74,nan,1,Right,Left,945,2015,542,299210753,nan,nan,0.14
8/20/2026 23:48:54,1.17.3,LeftRight,73,3.74,1,1,Pellet,Left,945,2015,543,299210753,0.23,15,nan
8/20/2026 23:49:10,1.17.3,LeftRight,73,3.74,nan,1,Right,Left,945,2016,543,299227410,nan,nan,0.12
8/20/2026 23:49:12,1.17.3,LeftRight,73,3.73,nan,1,Right,Left,945,2017,543,299229210,nan,nan,0.51
8/20/2026 23:49:15,1.17.3,LeftRight,73,3.73,nan,1,Left,Left,946,2017,543,299232474,nan,nan,0.00
8/20/2026 23:49:16,1.17.3,LeftRight,73,3.74,nan,1,Right,Left,946,2018,543,299233708,nan,nan,0.00
8/20/2026 23:49:18,1.17.3,LeftRight,73,3.73,1,1,Pellet,Left,946,2018,544,299233708,0.95,24,nan
8/20/2026 23:49:30,1.17.3,LeftRight,73,3.74,nan,1,Left,Left,947,2018,544,299247319,nan,nan,0.00
8/20/2026 23:49:31,1.17.3,LeftRight,73,3.73,nan,1,Right,Left,947,2019,544,299248255,nan,nan,0.00
8/20/2026 23:49:32,1.17.3,LeftRight,73,3.74,1,1,Pellet,Left,947,2019,545,299248255,0.17,14,nan
8/20/2026 23:49:45,1.17.3,LeftRight,73,3.73,nan,1,Left,Left,948,2019,545,299262311,nan,nan,0.00
8/20/2026 23:49:46,1.17.3,LeftRight,73,3.74,nan,1,Right,Left,948,2020,545,299263402,nan,nan,0.05
8/20/2026 23:49:57,1.17.3,LeftRight,73,3.74,2,1,Pellet,Left,948,2020,546,299263402,8.33,25,nan
8/20/2026 23:50:19,1.17.3,LeftRight,73,3.74,nan,1,Right,Left,948,2021,546,299296394,nan,nan,0.16
8/20/2026 23:50:21,1.17.3,LeftRight,73,3.74,nan,1,Right,Left,948,2022,546,299298388,nan,nan,0.23
8/20/2026 23:50:23,1.17.3,LeftRight,73,3.74,nan,1,Right,Left,948,2023,546,299300616,nan,nan,0.00
8/20/2026 23:50:25,1.17.3,LeftRight,73,3.74,nan,1,Left,Left,949,2023,546,299302613,nan,nan,0.00
8/20/2026 23:50:26,1.17.3,LeftRight,73,3.73,nan,1,Right,Left,949,2024,546,299303997,nan,nan,0.00
8/20/2026 23:50:27,1.17.3,LeftRight,73,3.74,1,1,Pellet,Left,949,2024,547,299303997,0.06,30,nan
8/20/2026 23:50:52,1.17.3,LeftRight,73,3.73,nan,1,Left,Left,950,2024,547,299329433,nan,nan,0.00
8/20/2026 23:50:55,1.17.3,LeftRight,73,3.74,nan,1,RESET,Left,950,2024,547,299332608,nan,nan,nan
8/20/2026 23:50:56,1.17.3,LeftRight,73,3.74,nan,1,Left,Left,951,2024,547,299333519,nan,nan,0.00
8/20/2026 23:50:56,1.17.3,LeftRight,73,3.74,nan,1,Left,Left,952,2024,547,299334060,nan,nan,0.00
8/20/2026 23:50:58,1.17.3,LeftRight,73,3.74,nan,1,Right,Left,952,2025,547,299335295,nan,nan,0.25
8/20/2026 23:51:09,1.17.3,LeftRight,73,3.74,2,1,Pellet,Left,952,2025,548,299335295,8.09,42,nan
8/21/2026 0:10:43,1.17.3,LeftRight,73,3.73,nan,1,Right,Left,952,2026,548,300520435,nan,nan,0.00
8/21/2026 0:14:45,1.17.3,LeftRight,73,3.73,nan,1,Right,Left,952,2027,548,300762305,nan,nan,0.20
8/21/2026 0:22:36,1.17.3,LeftRight,73,3.73,nan,1,Left,Left,953,2027,548,301234206,nan,nan,0.00
8/21/2026 0:22:40,1.17.3,LeftRight,73,3.73,nan,1,RESET,Left,953,2027,548,301237680,nan,nan,nan
8/21/2026 0:26:19,1.17.3,LeftRight,73,3.73,nan,1,Left,Left,954,2027,548,301457134,nan,nan,0.00
8/21/2026 0:26:23,1.17.3,LeftRight,73,3.73,nan,1,RESET,Left,954,2027,548,301460607,nan,nan,nan
8/21/2026 0:27:52,1.17.3,LeftRight,73,3.73,nan,1,Left,Left,955,2027,548,301549750,nan,nan,0.00
8/21/2026 0:27:56,1.17.3,LeftRight,73,3.73,nan,1,RESET,Left,955,2027,548,301553676,nan,nan,nan
8/21/2026 0:28:43,1.17.3,LeftRight,73,3.73,nan,1,Right,Left,955,2028,548,301601131,nan,nan,0.01
8/21/2026 0:30:53,1.17.3,LeftRight,73,3.73,nan,1,Right,Left,955,2029,548,301730831,nan,nan,0.13
8/21/2026 0:43:43,1.17.3,LeftRight,73,3.73,nan,1,Right,Left,955,2030,548,302500693,nan,nan,0.30
8/21/2026 0:49:22,1.17.3,LeftRight,73,3.73,nan,1,Left,Left,956,2030,548,302840000,nan,nan,0.00
8/21/2026 0:49:26,1.17.3,LeftRight,73,3.73,nan,1,RESET,Left,956,2030,548,302843773,nan,nan,nan
8/21/2026 0:56:12,1.17.3,LeftRight,73,3.73,nan,1,Right,Left,956,2031,548,303250181,nan,nan,0.00
8/21/2026 0:56:14,1.17.3,LeftRight,73,3.73,nan,1,Left,Left,957,2031,548,303251863,nan,nan,0.00
8/21/2026 0:56:18,1.17.3,LeftRight,73,3.73,nan,1,RESET,Left,957,2031,548,303255782,nan,nan,nan
8/21/2026 0:56:46,1.17.3,LeftRight,73,3.73,nan,1,Left,Left,958,2031,548,303284291,nan,nan,0.00
8/21/2026 0:56:50,1.17.3,LeftRight,73,3.73,nan,1,RESET,Left,958,2031,548,303287765,nan,nan,nan
8/21/2026 0:57:28,1.17.3,LeftRight,73,3.73,nan,1,Right,Left,958,2032,548,303325063,nan,nan,0.29
8/21/2026 0:58:38,1.17.3,LeftRight,73,3.73,nan,1,Right,Left,958,2033,548,303395735,nan,nan,0.33
8/21/2026 0:58:47,1.17.3,LeftRight,73,3.73,nan,1,Right,Left,958,2034,548,303404319,nan,nan,0.05
8/21/2026 0:58:48,1.17.3,LeftRight,73,3.73,nan,1,Left,Left,959,2034,548,303405960,nan,nan,0.00
8/21/2026 0:58:49,1.17.3,LeftRight,73,3.73,nan,1,Right,Left,959,2035,548,303407046,nan,nan,0.00
8/21/2026 0:58:50,1.17.3,LeftRight,73,3.73,1,1,Pellet,Left,959,2035,549,303407046,0.17,4061,nan
8/21/2026 0:59:02,1.17.3,LeftRight,73,3.73,nan,1,Right,Left,959,2036,549,303420093,nan,nan,0.06
8/21/2026 0:59:04,1.17.3,LeftRight,73,3.73,nan,1,Left,Left,960,2036,549,303421584,nan,nan,0.00
8/21/2026 0:59:05,1.17.3,LeftRight,73,3.73,nan,1,Right,Left,960,2037,549,303422670,nan,nan,0.00
8/21/2026 0:59:06,1.17.3,LeftRight,73,3.73,2,1,Pellet,Left,960,2037,550,303422670,0.17,16,nan
8/21/2026 0:59:20,1.17.3,LeftRight,73,3.73,nan,1,Right,Left,960,2038,550,303437426,nan,nan,0.03
8/21/2026 0:59:22,1.17.3,LeftRight,73,3.73,nan,1,Left,Left,961,2038,550,303439465,nan,nan,0.00
8/21/2026 0:59:23,1.17.3,LeftRight,73,3.73,nan,1,Right,Left,961,2039,550,303440551,nan,nan,0.01
8/21/2026 0:59:24,1.17.3,LeftRight,73,3.73,1,1,Pellet,Left,961,2039,551,303440551,0.17,18,nan
8/21/2026 0:59:34,1.17.3,LeftRight,73,3.73,nan,1,Left,Left,962,2039,551,303451620,nan,nan,0.00
8/21/2026 0:59:34,1.17.3,LeftRight,73,3.73,nan,1,Left,Left,963,2039,551,303452131,nan,nan,0.00
8/21/2026 0:59:35,1.17.3,LeftRight,73,3.73,nan,1,Right,Left,963,2040,551,303452924,nan,nan,0.11
8/21/2026 0:59:36,1.17.3,LeftRight,73,3.73,1,1,Pellet,Left,963,2040,552,303452924,0.17,12,nan
8/21/2026 0:59:46,1.17.3,LeftRight,73,3.73,nan,1,Right,Left,963,2041,552,303463683,nan,nan,0.27
8/21/2026 0:59:48,1.17.3,LeftRight,73,3.73,nan,1,Left,Left,964,2041,552,303465333,nan,nan,0.00
8/21/2026 0:59:49,1.17.3,LeftRight,73,3.73,nan,1,Right,Left,964,2042,552,303466418,nan,nan,0.09
8/21/2026 0:59:50,1.17.3,LeftRight,73,3.73,1,1,Pellet,Left,964,2042,553,303466418,0.23,14,nan
8/21/2026 1:00:03,1.17.3,LeftRight,73,3.73,nan,1,Right,Left,964,2043,553,303480840,nan,nan,0.18
8/21/2026 1:00:05,1.17.3,LeftRight,73,3.73,nan,1,Right,Left,964,2044,553,303482853,nan,nan,0.12
8/21/2026 1:00:07,1.17.3,LeftRight,73,3.73,nan,1,Left,Left,965,2044,553,303484469,nan,nan,0.00
8/21/2026 1:00:08,1.17.3,LeftRight,73,3.73,nan,1,Left,Left,966,2044,553,303485488,nan,nan,0.00
8/21/2026 1:00:08,1.17.3,LeftRight,73,3.73,nan,1,Right,Left,966,2045,553,303486275,nan,nan,0.01
8/21/2026 1:00:18,1.17.3,LeftRight,73,3.73,2,1,Pellet,Left,966,2045,554,303486275,6.83,28,nan
8/21/2026 1:00:34,1.17.3,LeftRight,73,3.73,nan,1,Right,Left,966,2046,554,303512243,nan,nan,0.04
8/21/2026 1:00:35,1.17.3,LeftRight,73,3.73,nan,1,Right,Left,966,2047,554,303512776,nan,nan,0.10
8/21/2026 1:00:37,1.17.3,LeftRight,73,3.73,nan,1,Left,Left,967,2047,554,303514405,nan,nan,0.00
8/21/2026 1:00:37,1.17.3,LeftRight,73,3.73,nan,1,Left,Left,968,2047,554,303514950,nan,nan,0.00
8/21/2026 1:00:38,1.17.3,LeftRight,73,3.73,nan,1,Right,Left,968,2048,554,303515743,nan,nan,0.11
8/21/2026 1:00:48,1.17.3,LeftRight,73,3.73,2,1,Pellet,Left,968,2048,555,303515743,7.61,30,nan
8/21/2026 1:01:03,1.17.3,LeftRight,73,3.73,nan,1,Right,Left,968,2049,555,303540432,nan,nan,0.00
8/21/2026 1:01:04,1.17.3,LeftRight,73,3.73,nan,1,Left,Left,969,2049,555,303542276,nan,nan,0.00
8/21/2026 1:01:07,1.17.3,LeftRight,73,3.73,nan,1,Right,Left,969,2050,555,303543967,nan,nan,0.42
8/21/2026 1:01:08,1.17.3,LeftRight,73,3.73,1,1,Pellet,Left,969,2050,556,303543967,0.29,20,nan
8/21/2026 1:01:20,1.17.3,LeftRight,73,3.73,nan,1,Right,Left,969,2051,556,303558233,nan,nan,0.00
8/21/2026 1:01:25,1.17.3,LeftRight,73,3.73,nan,1,Right,Left,969,2052,556,303562596,nan,nan,0.64
8/21/2026 1:01:27,1.17.3,LeftRight,73,3.73,nan,1,Right,Left,969,2053,556,303564469,nan,nan,0.12
8/21/2026 1:01:28,1.17.3,LeftRight,73,3.73,nan,1,Left,Left,970,2053,556,303566267,nan,nan,0.00
8/21/2026 1:01:30,1.17.3,LeftRight,73,3.73,nan,1,Right,Left,970,2054,556,303567506,nan,nan,0.00
8/21/2026 1:01:31,1.17.3,LeftRight,73,3.73,2,1,Pellet,Left,970,2054,557,303567506,0.12,23,nan
8/21/2026 1:01:41,1.17.3,LeftRight,73,3.73,nan,1,Left,Left,971,2054,557,303578735,nan,nan,0.00
8/21/2026 1:01:42,1.17.3,LeftRight,73,3.73,nan,1,Right,Left,971,2055,557,303579669,nan,nan,0.00
8/21/2026 1:01:43,1.17.3,LeftRight,73,3.73,1,1,Pellet,Left,971,2055,558,303579669,0.12,12,nan
8/21/2026 1:01:56,1.17.3,LeftRight,73,3.73,nan,1,Left,Left,972,2055,558,303593347,nan,nan,0.00
8/21/2026 1:01:57,1.17.3,LeftRight,73,3.73,nan,1,Right,Left,972,2056,558,303594736,nan,nan,0.04
8/21/2026 1:01:58,1.17.3,LeftRight,73,3.73,1,1,Pellet,Left,972,2056,559,303594736,0.11,15,nan
8/21/2026 1:02:10,1.17.3,LeftRight,73,3.73,nan,1,Right,Left,972,2057,559,303607658,nan,nan,0.00
8/21/2026 1:02:11,1.17.3,LeftRight,73,3.73,nan,1,Right,Left,972,2058,559,303609190,nan,nan,0.13
8/21/2026 1:02:13,1.17.3,LeftRight,73,3.73,nan,1,Left,Left,973,2058,559,303611148,nan,nan,0.00
8/21/2026 1:02:14,1.17.3,LeftRight,73,3.73,nan,1,Right,Left,973,2059,559,303611941,nan,nan,0.05
8/21/2026 1:02:15,1.17.3,LeftRight,73,3.73,1,1,Pellet,Left,973,2059,560,303611941,0.12,17,nan
8/21/2026 1:02:27,1.17.3,LeftRight,73,3.73,nan,1,Right,Left,973,2060,560,303625070,nan,nan,0.00
8/21/2026 1:02:29,1.17.3,LeftRight,73,3.73,nan,1,Right,Left,973,2061,560,303626902,nan,nan,0.14
8/21/2026 1:02:30,1.17.3,LeftRight,73,3.73,nan,1,Right,Left,973,2062,560,303627530,nan,nan,0.10
8/21/2026 1:02:31,1.17.3,LeftRight,73,3.73,nan,1,Left,Left,974,2062,560,303629173,nan,nan,0.00
8/21/2026 1:02:33,1.17.3,LeftRight,73,3.73,nan,1,Right,Left,974,2063,560,303630705,nan,nan,0.00
8/21/2026 1:02:34,1.17.3,LeftRight,73,3.73,1,1,Pellet,Left,974,2063,561,303630705,0.41,19,nan
8/21/2026 1:02:48,1.17.3,LeftRight,73,3.73,nan,1,Right,Left,974,2064,561,303645560,nan,nan,0.11
8/21/2026 1:02:49,1.17.3,LeftRight,73,3.73,nan,1,Right,Left,974,2065,561,303646899,nan,nan,0.24
8/21/2026 1:02:52,1.17.3,LeftRight,73,3.73,nan,1,Left,Left,975,2065,561,303650152,nan,nan,0.00
8/21/2026 1:02:53,1.17.3,LeftRight,73,3.73,nan,1,Right,Left,975,2066,561,303650945,nan,nan,0.08
8/21/2026 1:02:54,1.17.3,LeftRight,73,3.73,1,1,Pellet,Left,975,2066,562,303650945,0.17,20,nan
8/21/2026 1:03:07,1.17.3,LeftRight,73,3.73,nan,1,Left,Left,976,2066,562,303665278,nan,nan,0.00
8/21/2026 1:03:08,1.17.3,LeftRight,73,3.73,nan,1,Right,Left,976,2067,562,303666065,nan,nan,0.02
8/21/2026 1:03:09,1.17.3,LeftRight,73,3.73,1,1,Pellet,Left,976,2067,563,303666065,0.35,15,nan
8/21/2026 1:30:23,1.17.3,LeftRight,73,3.72,nan,1,Right,Left,976,2068,563,305300940,nan,nan,0.00
8/21/2026 1:51:44,1.17.3,LeftRight,73,3.73,nan,1,Left,Left,977,2068,563,306581815,nan,nan,0.00
8/21/2026 1:51:44,1.17.3,LeftRight,73,3.73,nan,1,Left,Left,978,2068,563,306582455,nan,nan,0.00
8/21/2026 1:51:48,1.17.3,LeftRight,73,3.73,nan,1,RESET,Left,978,2068,563,306585937,nan,nan,nan
8/21/2026 1:52:57,1.17.3,LeftRight,73,3.73,nan,1,Right,Left,978,2069,563,306655023,nan,nan,0.45
8/21/2026 1:53:01,1.17.3,LeftRight,73,3.72,nan,1,Right,Left,978,2070,563,306658800,nan,nan,0.05
8/21/2026 1:53:05,1.17.3,LeftRight,73,3.72,nan,1,Right,Left,978,2071,563,306662616,nan,nan,0.05
8/21/2026 1:53:07,1.17.3,LeftRight,73,3.73,nan,1,Left,Left,979,2071,563,306664911,nan,nan,0.00
8/21/2026 1:53:08,1.17.3,LeftRight,73,3.72,nan,1,Right,Left,979,2072,563,306665994,nan,nan,0.34
8/21/2026 1:53:10,1.17.3,LeftRight,73,3.72,1,1,Pellet,Left,979,2072,564,306665994,0.59,3001,nan
8/21/2026 1:53:27,1.17.3,LeftRight,73,3.72,nan,1,Left,Left,980,2072,564,306685217,nan,nan,0.00
8/21/2026 1:53:29,1.17.3,LeftRight,73,3.73,nan,1,Right,Left,980,2073,564,306686606,nan,nan,0.00
8/21/2026 1:53:30,1.17.3,LeftRight,73,3.72,1,1,Pellet,Left,980,2073,565,306686606,0.29,20,nan
8/21/2026 1:53:47,1.17.3,LeftRight,73,3.72,nan,1,Right,Left,980,2074,565,306704615,nan,nan,0.50
8/21/2026 3:46:39,1.17.3,LeftRight,73,3.71,nan,1,Right,Left,980,2075,565,313477387,nan,nan,0.01
8/21/2026 3:49:18,1.17.3,LeftRight,73,3.72,nan,1,Right,Left,980,2076,565,313634173,nan,nan,1.75
8/21/2026 3:49:23,1.17.3,LeftRight,73,3.71,nan,1,Right,Left,980,2077,565,313641490,nan,nan,0.15
8/21/2026 3:49:25,1.17.3,LeftRight,73,3.71,nan,1,Left,Left,981,2077,565,313643062,nan,nan,0.00
8/21/2026 3:49:28,1.17.3,LeftRight,73,3.71,nan,1,RESET,Left,981,2077,565,313646234,nan,nan,nan
8/21/2026 3:49:30,1.17.3,LeftRight,73,3.71,nan,1,Right,Left,981,2078,565,313648155,nan,nan,0.51
8/21/2026 3:49:31,1.17.3,LeftRight,73,3.71,nan,1,Right,Left,981,2079,565,313649451,nan,nan,0.04
8/21/2026 3:53:44,1.17.3,LeftRight,73,3.71,nan,1,Left,Left,982,2079,565,313902744,nan,nan,0.00
8/21/2026 3:53:46,1.17.3,LeftRight,73,3.71,nan,1,Right,Left,982,2080,565,313904726,nan,nan,0.02
8/21/2026 3:53:48,1.17.3,LeftRight,73,3.71,1,1,Pellet,Left,982,2080,566,313904726,0.47,7218,nan
8/21/2026 3:54:02,1.17.3,LeftRight,73,3.71,nan,1,Left,Left,983,2080,566,313920645,nan,nan,0.00
8/21/2026 3:54:06,1.17.3,LeftRight,73,3.71,nan,1,RESET,Left,983,2080,566,313924271,nan,nan,nan
8/21/2026 3:56:30,1.17.3,LeftRight,73,3.71,nan,1,Left,Left,984,2080,566,314067861,nan,nan,0.00
8/21/2026 3:56:33,1.17.3,LeftRight,73,3.71,nan,1,RESET,Left,984,2080,566,314071345,nan,nan,nan
8/21/2026 4:03:31,1.17.3,LeftRight,73,3.71,nan,1,Right,Left,984,2081,566,314488965,nan,nan,0.00
8/21/2026 4:04:14,1.17.3,LeftRight,73,3.71,nan,1,Right,Left,984,2082,566,314531833,nan,nan,0.04
8/21/2026 4:04:45,1.17.3,LeftRight,73,3.71,nan,1,Right,Left,984,2083,566,314563269,nan,nan,0.01
8/21/2026 4:05:01,1.17.3,LeftRight,73,3.71,nan,1,Right,Left,984,2084,566,314579598,nan,nan,0.15
8/21/2026 4:05:04,1.17.3,LeftRight,73,3.71,nan,1,Right,Left,984,2085,566,314581888,nan,nan,0.02
8/21/2026 4:05:17,1.17.3,LeftRight,73,3.71,nan,1,Left,Left,985,2085,566,314595541,nan,nan,0.00
8/21/2026 4:05:21,1.17.3,LeftRight,73,3.71,nan,1,RESET,Left,985,2085,566,314599316,nan,nan,nan
8/21/2026 4:09:16,1.17.3,LeftRight,73,3.71,nan,1,Right,Left,985,2086,566,314834179,nan,nan,0.01
8/21/2026 4:12:02,1.17.3,LeftRight,73,3.71,nan,1,Right,Left,985,2087,566,314999962,nan,nan,0.00
8/21/2026 4:12:53,1.17.3,LeftRight,73,3.71,nan,1,Left,Left,986,2087,566,315051660,nan,nan,0.00
8/21/2026 4:12:57,1.17.3,LeftRight,73,3.71,nan,1,RESET,Left,986,2087,566,315055282,nan,nan,nan
8/21/2026 4:17:12,1.17.3,LeftRight,73,3.71,nan,1,Right,Left,986,2088,566,315310191,nan,nan,0.26
8/21/2026 4:17:14,1.17.3,LeftRight,73,3.71,nan,1,Left,Left,987,2088,566,315312474,nan,nan,0.00
8/21/2026 4:17:15,1.17.3,LeftRight,73,3.71,nan,1,Right,Left,987,2089,566,315313410,nan,nan,0.21
8/21/2026 4:17:17,1.17.3,LeftRight,73,3.71,1,1,Pellet,Left,987,2089,567,315313410,0.65,1409,nan
8/21/2026 4:17:35,1.17.3,LeftRight,73,3.71,nan,1,Right,Left,987,2090,567,315332993,nan,nan,0.12
8/21/2026 4:17:38,1.17.3,LeftRight,73,3.71,nan,1,Right,Left,987,2091,567,315335986,nan,nan,0.24
8/21/2026 4:17:41,1.17.3,LeftRight,73,3.71,nan,1,Right,Left,987,2092,567,315338948,nan,nan,0.16
8/21/2026 4:27:20,1.17.3,LeftRight,73,3.71,nan,1,Right,Left,987,2093,567,315918683,nan,nan,0.00
8/21/2026 4:27:24,1.17.3,LeftRight,73,3.71,nan,1,Right,Left,987,2094,567,315922455,nan,nan,0.14
8/21/2026 4:27:25,1.17.3,LeftRight,73,3.71,nan,1,Right,Left,987,2095,567,315923835,nan,nan,0.07
8/21/2026 4:55:58,1.17.3,LeftRight,73,3.70,nan,1,Left,Left,988,2095,567,317636372,nan,nan,0.00
8/21/2026 4:55:59,1.17.3,LeftRight,73,3.70,nan,1,Right,Left,988,2096,567,317637308,nan,nan,0.04
8/21/2026 4:56:00,1.17.3,LeftRight,73,3.71,1,1,Pellet,Left,988,2096,568,317637308,0.59,2323,nan
8/21/2026 4:56:17,1.17.3,LeftRight,73,3.71,nan,1,Left,Left,989,2096,568,317655119,nan,nan,0.00
8/21/2026 4:56:18,1.17.3,LeftRight,73,3.71,nan,1,Right,Left,989,2097,568,317656361,nan,nan,0.00
8/21/2026 4:56:19,1.17.3,LeftRight,73,3.71,1,1,Pellet,Left,989,2097,569,317656361,0.47,19,nan
8/21/2026 4:56:38,1.17.3,LeftRight,73,3.71,nan,1,Right,Left,989,2098,569,317676666,nan,nan,0.09
8/21/2026 4:56:40,1.17.3,LeftRight,73,3.70,nan,1,Left,Left,990,2098,569,317678570,nan,nan,0.00
8/21/2026 4:56:41,1.17.3,LeftRight,73,3.71,nan,1,Right,Left,990,2099,569,317679656,nan,nan,0.04
8/21/2026 4:56:43,1.17.3,LeftRight,73,3.71,1,1,Pellet,Left,990,2099,570,317679656,0.59,24,nan
8/21/2026 4:56:57,1.17.3,LeftRight,73,3.71,nan,1,Left,Left,991,2099,570,317695804,nan,nan,0.00
8/21/2026 4:57:01,1.17.3,LeftRight,73,3.71,nan,1,Right,Left,991,2100,570,317699272,nan,nan,0.12
8/21/2026 4:57:02,1.17.3,LeftRight,73,3.71,1,1,Pellet,Left,991,2100,571,317699272,0.29,19,nan
8/21/2026 4:57:19,1.17.3,LeftRight,73,3.71,nan,1,Right,Left,991,2101,571,317717215,nan,nan,0.00
8/21/2026 4:57:20,1.17.3,LeftRight,73,3.70,nan,1,Right,Left,991,2102,571,317718445,nan,nan,0.22
8/21/2026 4:57:22,1.17.3,LeftRight,73,3.70,nan,1,Right,Left,991,2103,571,317720046,nan,nan,0.56
8/21/2026 4:57:23,1.17.3,LeftRight,73,3.70,nan,1,Left,Left,992,2103,571,317721867,nan,nan,0.00
8/21/2026 4:57:25,1.17.3,LeftRight,73,3.70,nan,1,Right,Left,992,2104,571,317723546,nan,nan,0.02
8/21/2026 4:57:27,1.17.3,LeftRight,73,3.71,1,1,Pellet,Left,992,2104,572,317723546,0.71,25,nan
8/21/2026 4:57:43,1.17.3,LeftRight,73,3.70,nan,1,Left,Left,993,2104,572,317741315,nan,nan,0.00
8/21/2026 4:57:44,1.17.3,LeftRight,73,3.71,nan,1,Right,Left,993,2105,572,317742861,nan,nan,0.00
8/21/2026 4:57:45,1.17.3,LeftRight,73,3.70,1,1,Pellet,Left,993,2105,573,317742861,0.35,18,nan
8/21/2026 4:58:02,1.17.3,LeftRight,73,3.70,nan,1,Left,Left,994,2105,573,317760649,nan,nan,0.00
8/21/2026 4:58:05,1.17.3,LeftRight,73,3.70,nan,1,Right,Left,994,2106,573,317763820,nan,nan,0.09
8/21/2026 4:58:07,1.17.3,LeftRight,73,3.70,2,1,Pellet,Left,994,2106,574,317763820,0.53,22,nan
8/21/2026 4:58:21,1.17.3,LeftRight,73,3.71,nan,1,Left,Left,995,2106,574,317779929,nan,nan,0.00
8/21/2026 4:58:22,1.17.3,LeftRight,73,3.70,nan,1,Right,Left,995,2107,574,317780875,nan,nan,0.00
8/21/2026 4:58:24,1.17.3,LeftRight,73,3.70,1,1,Pellet,Left,995,2107,575,317780875,0.53,17,nan
8/21/2026 4:58:43,1.17.3,LeftRight,73,3.71,nan,1,Right,Left,995,2108,575,317801013,nan,nan,0.27
8/21/2026 4:58:46,1.17.3,LeftRight,73,3.71,nan,1,Left,Left,996,2108,575,317804167,nan,nan,0.00
8/21/2026 4:58:47,1.17.3,LeftRight,73,3.70,nan,1,Left,Left,997,2108,575,317805102,nan,nan,0.00
8/21/2026 4:58:48,1.17.3,LeftRight,73,3.71,nan,1,Right,Left,997,2109,575,317806043,nan,nan,0.00
8/21/2026 4:59:00,1.17.3,LeftRight,73,3.70,2,1,Pellet,Left,997,2109,576,317806043,9.83,36,nan
8/21/2026 4:59:21,1.17.3,LeftRight,73,3.71,nan,1,Right,Left,997,2110,576,317839047,nan,nan,0.09
8/21/2026 4:59:22,1.17.3,LeftRight,73,3.70,nan,1,Right,Left,997,2111,576,317840371,nan,nan,0.26
8/21/2026 4:59:25,1.17.3,LeftRight,73,3.71,nan,1,Right,Left,997,2112,576,317842903,nan,nan,0.26
8/21/2026 4:59:26,1.17.3,LeftRight,73,3.71,nan,1,Left,Left,998,2112,576,317844853,nan,nan,0.00
8/21/2026 4:59:28,1.17.3,LeftRight,73,3.70,nan,1,Right,Left,998,2113,576,317846384,nan,nan,0.04
8/21/2026 4:59:40,1.17.3,LeftRight,73,3.71,1,1,Pellet,Left,998,2113,577,317846384,10.91,40,nan
8/21/2026 5:00:02,1.17.3,LeftRight,73,3.71,nan,1,Right,Left,998,2114,577,317880122,nan,nan,0.09
8/21/2026 5:00:03,1.17.3,LeftRight,73,3.70,nan,1,Right,Left,998,2115,577,317880998,nan,nan,0.20
8/21/2026 6:07:12,1.17.3,LeftRight,73,3.70,nan,1,Right,Left,998,2116,577,321910289,nan,nan,0.04
8/21/2026 6:13:55,1.17.3,LeftRight,73,3.69,nan,1,Right,Left,998,2117,577,322313565,nan,nan,0.39
8/21/2026 6:20:25,1.17.3,LeftRight,73,3.69,nan,1,Left,Left,999,2117,577,322703932,nan,nan,0.00
8/21/2026 6:20:29,1.17.3,LeftRight,73,3.70,nan,1,RESET,Left,999,2117,577,322707688,nan,nan,nan
8/21/2026 6:20:33,1.17.3,LeftRight,73,3.70,nan,1,Left,Left,1000,2117,577,322711536,nan,nan,0.00
8/21/2026 6:20:36,1.17.3,LeftRight,73,3.70,nan,1,RESET,Left,1000,2117,577,322714701,nan,nan,nan
8/21/2026 6:21:02,1.17.3,LeftRight,73,3.70,nan,1,Right,Left,1000,2118,577,322740869,nan,nan,0.10
8/21/2026 6:21:09,1.17.3,LeftRight,73,3.70,nan,1,Left,Left,1001,2118,577,322748207,nan,nan,0.00
8/21/2026 6:21:13,1.17.3,LeftRight,73,3.70,nan,1,RESET,Left,1001,2118,577,322751667,nan,nan,nan
8/21/2026 6:22:09,1.17.3,LeftRight,73,3.69,nan,1,Left,Left,1002,2118,577,322808167,nan,nan,0.00
8/21/2026 6:22:13,1.17.3,LeftRight,73,3.69,nan,1,RESET,Left,1002,2118,577,322811632,nan,nan,nan
8/21/2026 6:23:01,1.17.3,LeftRight,73,3.70,nan,1,Right,Left,1002,2119,577,322859853,nan,nan,0.23
8/21/2026 6:24:20,1.17.3,LeftRight,73,3.69,nan,1,Right,Left,1002,2120,577,322938253,nan,nan,0.17
8/21/2026 6:24:27,1.17.3,LeftRight,73,3.70,nan,1,Right,Left,1002,2121,577,322945911,nan,nan,0.02
8/21/2026 6:32:08,1.17.3,LeftRight,73,3.69,nan,1,Right,Left,1002,2122,577,323406352,nan,nan,0.00
8/21/2026 6:32:23,1.17.3,LeftRight,73,3.70,nan,1,Right,Left,1002,2123,577,323421735,nan,nan,0.08
8/21/2026 6:37:04,1.17.3,LeftRight,73,3.69,nan,1,Left,Left,1003,2123,577,323702764,nan,nan,0.00
8/21/2026 6:37:06,1.17.3,LeftRight,73,3.69,nan,1,Left,Left,1004,2123,577,323705169,nan,nan,0.00
8/21/2026 6:37:08,1.17.3,LeftRight,73,3.69,nan,1,RESET,Left,1004,2123,577,323706698,nan,nan,nan
8/21/2026 6:37:08,1.17.3,LeftRight,73,3.69,nan,1,Right,Left,1004,2124,577,323706978,nan,nan,0.25
8/21/2026 6:37:50,1.17.3,LeftRight,73,3.69,nan,1,Left,Left,1005,2124,577,323749258,nan,nan,0.00
8/21/2026 6:37:54,1.17.3,LeftRight,73,3.69,nan,1,RESET,Left,1005,2124,577,323752749,nan,nan,nan
8/21/2026 6:38:00,1.17.3,LeftRight,73,3.70,nan,1,Left,Left,1006,2124,577,323759222,nan,nan,0.00
8/21/2026 6:38:01,1.17.3,LeftRight,73,3.70,nan,1,Right,Left,1006,2125,577,323760008,nan,nan,0.00
8/21/2026 6:38:02,1.17.3,LeftRight,73,3.70,1,1,Pellet,Left,1006,2125,578,323760008,0.41,5902,nan
8/21/2026 6:38:18,1.17.3,LeftRight,73,3.69,nan,1,Left,Left,1007,2125,578,323776357,nan,nan,0.00
8/21/2026 6:38:21,1.17.3,LeftRight,73,3.69,nan,1,Left,Left,1008,2125,578,323779675,nan,nan,0.00
8/21/2026 6:38:22,1.17.3,LeftRight,73,3.69,nan,1,Right,Left,1008,2126,578,323780617,nan,nan,0.00
8/21/2026 6:38:23,1.17.3,LeftRight,73,3.70,1,1,Pellet,Left,1008,2126,579,323780617,0.12,21,nan
8/21/2026 6:38:36,1.17.3,LeftRight,73,3.69,nan,1,Left,Left,1009,2126,579,323794873,nan,nan,0.00
8/21/2026 6:38:37,1.17.3,LeftRight,73,3.69,nan,1,Right,Left,1009,2127,579,323795809,nan,nan,0.00
8/21/2026 6:38:38,1.17.3,LeftRight,73,3.69,1,1,Pellet,Left,1009,2127,580,323795809,0.23,15,nan
8/21/2026 6:38:55,1.17.3,LeftRight,73,3.69,nan,1,Right,Left,1009,2128,580,323813530,nan,nan,0.34
8/21/2026 6:38:56,1.17.3,LeftRight,73,3.70,nan,1,Left,Left,1010,2128,580,323815260,nan,nan,0.00
8/21/2026 6:38:58,1.17.3,LeftRight,73,3.69,nan,1,Right,Left,1010,2129,580,323816941,nan,nan,0.00
8/21/2026 6:39:03,1.17.3,LeftRight,73,3.69,3,1,Pellet,Left,1010,2129,581,323816941,0.06,25,nan
8/21/2026 6:39:31,1.17.3,LeftRight,73,3.69,nan,1,Left,Left,1011,2129,581,323850128,nan,nan,0.00
8/21/2026 6:39:32,1.17.3,LeftRight,73,3.69,nan,1,Right,Left,1011,2130,581,323850919,nan,nan,0.01
8/21/2026 6:39:33,1.17.3,LeftRight,73,3.69,1,1,Pellet,Left,1011,2130,582,323850919,0.41,30,nan
8/21/2026 6:40:26,1.17.3,LeftRight,73,3.70,nan,1,Right,Left,1011,2131,582,323904272,nan,nan,0.16
8/21/2026 6:40:27,1.17.3,LeftRight,73,3.69,nan,1,Right,Left,1011,2132,582,323905665,nan,nan,0.12
8/21/2026 6:51:18,1.17.3,LeftRight,73,3.70,nan,1,Left,Left,1012,2132,582,324556832,nan,nan,0.00
8/21/2026 6:51:21,1.17.3,LeftRight,73,3.69,nan,1,RESET,Left,1012,2132,582,324559856,nan,nan,nan
8/21/2026 7:03:35,1.17.3,LeftRight,73,3.69,nan,1,Left,Left,1013,2132,582,325293920,nan,nan,0.00
8/21/2026 7:03:36,1.17.3,LeftRight,73,3.69,nan,1,Right,Left,1013,2133,582,325295003,nan,nan,0.02
8/21/2026 7:03:38,1.17.3,LeftRight,73,3.69,1,1,Pellet,Left,1013,2133,583,325295003,0.71,1445,nan
8/21/2026 7:05:38,1.17.3,LeftRight,73,3.69,nan,1,Right,Left,1013,2134,583,325416568,nan,nan,0.27
8/21/2026 7:18:21,1.17.3,LeftRight,73,3.69,nan,1,Right,Left,1013,2135,583,326180011,nan,nan,0.00
8/21/2026 8:15:59,1.17.3,LeftRight,73,3.69,nan,1,Right,Left,1013,2136,583,329638078,nan,nan,0.09
8/21/2026 8:16:03,1.17.3,LeftRight,73,3.69,nan,1,Left,Left,1014,2136,583,329641604,nan,nan,0.00
8/21/2026 8:16:04,1.17.3,LeftRight,73,3.69,nan,1,Right,Left,1014,2137,583,329642688,nan,nan,0.00
8/21/2026 8:16:05,1.17.3,LeftRight,73,3.69,1,1,Pellet,Left,1014,2137,584,329642688,0.95,4347,nan
8/21/2026 8:16:34,1.17.3,LeftRight,73,3.69,nan,1,Right,Left,1014,2138,584,329673025,nan,nan,0.03
8/21/2026 8:16:35,1.17.3,LeftRight,73,3.69,nan,1,Right,Left,1014,2139,584,329674444,nan,nan,0.08
8/21/2026 8:16:37,1.17.3,LeftRight,73,3.69,nan,1,Right,Left,1014,2140,584,329675756,nan,nan,0.20
8/21/2026 8:16:38,1.17.3,LeftRight,73,3.69,nan,1,Right,Left,1014,2141,584,329677042,nan,nan,0.21
8/21/2026 8:16:40,1.17.3,LeftRight,73,3.69,nan,1,Left,Left,1015,2141,584,329679238,nan,nan,0.00
8/21/2026 8:16:41,1.17.3,LeftRight,73,3.69,nan,1,Right,Left,1015,2142,584,329680468,nan,nan,0.00
8/21/2026 8:16:43,1.17.3,LeftRight,73,3.69,1,1,Pellet,Left,1015,2142,585,329680468,0.83,38,nan
8/21/2026 8:17:01,1.17.3,LeftRight,73,3.69,nan,1,Right,Left,1015,2143,585,329700282,nan,nan,0.00
8/21/2026 8:17:03,1.17.3,LeftRight,73,3.69,nan,1,Left,Left,1016,2143,585,329702148,nan,nan,0.00
8/21/2026 8:17:04,1.17.3,LeftRight,73,3.69,nan,1,Right,Left,1016,2144,585,329703231,nan,nan,0.05
8/21/2026 8:17:06,1.17.3,LeftRight,73,3.69,1,1,Pellet,Left,1016,2144,586,329703231,0.65,23,nan
8/21/2026 8:17:24,1.17.3,LeftRight,73,3.69,nan,1,Right,Left,1016,2145,586,329722943,nan,nan,0.00
8/21/2026 8:17:25,1.17.3,LeftRight,73,3.69,nan,1,Right,Left,1016,2146,586,329724472,nan,nan,0.05
8/21/2026 8:17:27,1.17.3,LeftRight,73,3.69,nan,1,Left,Left,1017,2146,586,329726359,nan,nan,0.00
8/21/2026 8:17:29,1.17.3,LeftRight,73,3.69,nan,1,Right,Left,1017,2147,586,329728334,nan,nan,0.00
8/21/2026 8:17:45,1.17.3,LeftRight,73,3.69,3,1,Pellet,Left,1017,2147,587,329728334,11.09,39,nan
8/21/2026 8:18:09,1.17.3,LeftRight,73,3.69,nan,1,Left,Left,1018,2147,587,329768285,nan,nan,0.00
8/21/2026 8:18:10,1.17.3,LeftRight,73,3.69,nan,1,Right,Left,1018,2148,587,329769523,nan,nan,0.01
8/21/2026 8:18:11,1.17.3,LeftRight,73,3.69,1,1,Pellet,Left,1018,2148,588,329769523,0.29,26,nan
8/21/2026 8:18:30,1.17.3,LeftRight,73,3.69,nan,1,Left,Left,1019,2148,588,329789211,nan,nan,0.00
8/21/2026 8:18:34,1.17.3,LeftRight,73,3.69,nan,1,Right,Left,1019,2149,588,329792678,nan,nan,0.01
8/21/2026 8:18:35,1.17.3,LeftRight,73,3.69,1,1,Pellet,Left,1019,2149,589,329792678,0.23,24,nan
8/21/2026 8:18:58,1.17.3,LeftRight,73,3.69,nan,1,Left,Left,1020,2149,589,329817559,nan,nan,0.00
8/21/2026 8:19:01,1.17.3,LeftRight,73,3.69,nan,1,Right,Left,1020,2150,589,329819983,nan,nan,0.24
8/21/2026 8:19:02,1.17.3,LeftRight,73,3.65,nan,1,RightDuringDispense,Left,1020,2151,589,329819983,nan,nan,0.31
8/21/2026 8:19:03,1.17.3,LeftRight,73,3.69,1,1,Pellet,Left,1020,2151,590,329819983,0.29,28,nan
8/21/2026 8:35:40,1.17.3,LeftRight,73,3.69,nan,1,Right,Left,1020,2152,590,330819169,nan,nan,0.36
8/21/2026 10:19:09,1.17.3,LeftRight,73,3.68,nan,1,Right,Left,1020,2153,590,337028490,nan,nan,0.42
8/21/2026 10:19:54,1.17.3,LeftRight,73,3.68,nan,1,Right,Left,1020,2154,590,337072100,nan,nan,0.97
8/21/2026 10:20:00,1.17.3,LeftRight,73,3.69,nan,1,Right,Left,1020,2155,590,337079060,nan,nan,0.00
8/21/2026 10:22:02,1.17.3,LeftRight,73,3.68,nan,1,Right,Left,1020,2156,590,337201169,nan,nan,0.40
8/21/2026 10:26:10,1.17.3,LeftRight,73,3.68,nan,1,Left,Left,1021,2156,590,337449652,nan,nan,0.00
8/21/2026 10:26:12,1.17.3,LeftRight,73,3.68,nan,1,Right,Left,1021,2157,590,337451039,nan,nan,0.00
8/21/2026 10:26:14,1.17.3,LeftRight,73,3.68,1,1,Pellet,Left,1021,2157,591,337451039,1.19,7630,nan
8/21/2026 10:26:31,1.17.3,LeftRight,73,3.68,nan,1,Right,Left,1021,2158,591,337469796,nan,nan,0.42
8/21/2026 10:26:32,1.17.3,LeftRight,73,3.68,nan,1,Left,Left,1022,2158,591,337471591,nan,nan,0.00
8/21/2026 10:26:33,1.17.3,LeftRight,73,3.68,nan,1,Right,Left,1022,2159,591,337472525,nan,nan,0.05
8/21/2026 10:26:34,1.17.3,LeftRight,73,3.68,2,1,Pellet,Left,1022,2159,592,337472525,0.06,21,nan
8/21/2026 10:26:51,1.17.3,LeftRight,73,3.68,nan,1,Right,Left,1022,2160,592,337490505,nan,nan,0.07
8/21/2026 10:26:54,1.17.3,LeftRight,73,3.68,nan,1,Right,Left,1022,2161,592,337493741,nan,nan,0.00
8/21/2026 10:26:56,1.17.3,LeftRight,73,3.68,nan,1,Right,Left,1022,2162,592,337495419,nan,nan,0.40
8/21/2026 10:29:13,1.17.3,LeftRight,73,3.68,nan,1,Right,Left,1022,2163,592,337632137,nan,nan,0.30
8/21/2026 10:35:17,1.17.3,LeftRight,73,3.67,nan,1,Right,Left,1022,2164,592,337996567,nan,nan,0.00
8/21/2026 12:12:01,1.17.3,LeftRight,73,3.67,nan,1,Left,Left,1023,2164,592,343800314,nan,nan,0.00
8/21/2026 12:12:04,1.17.3,LeftRight,73,3.67,nan,1,RESET,Left,1023,2164,592,343803777,nan,nan,nan
8/21/2026 12:13:23,1.17.3,LeftRight,73,3.67,nan,1,Left,Left,1024,2164,592,343882610,nan,nan,0.00
8/21/2026 12:13:26,1.17.3,LeftRight,73,3.67,nan,1,RESET,Left,1024,2164,592,343885774,nan,nan,nan
8/21/2026 12:13:28,1.17.3,LeftRight,73,3.67,nan,1,Left,Left,1025,2164,592,343887691,nan,nan,0.00
8/21/2026 12:13:32,1.17.3,LeftRight,73,3.67,nan,1,RESET,Left,1025,2164,592,343891755,nan,nan,nan
8/21/2026 12:13:36,1.17.3,LeftRight,73,3.67,nan,1,Right,Left,1025,2165,592,343895160,nan,nan,0.29
8/21/2026 12:14:48,1.17.3,LeftRight,73,3.67,nan,1,Left,Left,1026,2165,592,343967673,nan,nan,0.00
8/21/2026 12:14:51,1.17.3,LeftRight,73,3.67,nan,1,RESET,Left,1026,2165,592,343970691,nan,nan,nan
8/21/2026 12:17:11,1.17.3,LeftRight,73,3.67,nan,1,Left,Left,1027,2165,592,344111211,nan,nan,0.00
8/21/2026 12:17:15,1.17.3,LeftRight,73,3.67,nan,1,RESET,Left,1027,2165,592,344114828,nan,nan,nan
8/21/2026 12:17:15,1.17.3,LeftRight,73,3.67,nan,1,Left,Left,1028,2165,592,344114959,nan,nan,0.00
8/21/2026 12:17:18,1.17.3,LeftRight,73,3.67,nan,1,Right,Left,1028,2166,592,344118126,nan,nan,0.04
8/21/2026 12:18:18,1.17.3,LeftRight,73,3.67,nan,1,LeftWithPellet,Left,1029,2166,592,344118126,nan,nan,0.05
8/21/2026 12:37:37,1.17.3,LeftRight,73,3.67,nan,1,RightWithPellet,Left,1029,2167,592,344118126,nan,nan,0.14
8/21/2026 12:38:35,1.17.3,LeftRight,73,3.67,nan,1,LeftWithPellet,Left,1030,2167,592,344118126,nan,nan,0.11
8/21/2026 13:07:13,1.17.3,LeftRight,73,3.67,nan,1,LeftWithPellet,Left,1031,2167,592,344118126,nan,nan,0.29
8/21/2026 13:25:25,1.17.3,LeftRight,73,3.67,nan,1,LeftWithPellet,Left,1032,2167,592,344118126,nan,nan,0.08
8/21/2026 13:25:27,1.17.3,LeftRight,73,3.67,nan,1,LeftWithPellet,Left,1033,2167,592,344118126,nan,nan,0.02
8/21/2026 13:56:38,1.17.3,LeftRight,73,3.67,nan,1,LeftWithPellet,Left,1034,2167,592,344118126,nan,nan,0.02
8/21/2026 14:10:30,1.17.3,LeftRight,73,3.67,nan,1,RightWithPellet,Left,1034,2168,592,344118126,nan,nan,0.80
8/21/2026 15:14:34,1.17.3,LeftRight,73,3.67,nan,1,RightWithPellet,Left,1034,2169,592,344118126,nan,nan,0.86
8/21/2026 15:25:44,1.17.3,LeftRight,73,3.66,nan,1,LeftWithPellet,Left,1035,2169,592,344118126,nan,nan,0.14
8/21/2026 15:28:38,1.17.3,LeftRight,73,3.66,nan,1,LeftWithPellet,Left,1036,2169,592,344118126,nan,nan,0.71
8/21/2026 15:29:44,1.17.3,LeftRight,73,3.66,nan,1,LeftWithPellet,Left,1037,2169,592,344118126,nan,nan,0.16
8/21/2026 15:37:46,1.17.3,LeftRight,73,3.67,nan,1,LeftWithPellet,Left,1038,2169,592,344118126,nan,nan,0.31
8/21/2026 16:13:20,1.17.3,LeftRight,73,3.66,nan,1,LeftWithPellet,Left,1039,2169,592,344118126,nan,nan,0.99
8/21/2026 16:16:45,1.17.3,LeftRight,73,3.66,nan,1,LeftWithPellet,Left,1040,2169,592,344118126,nan,nan,0.19
