MM:DD:YYYY hh:mm:ss,Library_Version,Session_type,Device_Number,Battery_Voltage,Motor_Turns,FR,Event,Active_Poke,Left_Poke_Count,Right_Poke_Count,Pellet_Count,Block_Pellet_Count,Retrieval_Time,InterPelletInterval,Poke_Time
8/17/2026 21:25:43,1.17.3,LeftRight,57,3.96,nan,1,Left,Left,1,0,0,34647117,nan,nan,0.00
8/17/2026 21:25:58,1.17.3,LeftRight,57,3.95,nan,1,Left,Left,2,0,0,34662476,nan,nan,0.00
8/17/2026 21:26:46,1.17.3,LeftRight,57,3.95,nan,1,Left,Left,3,0,0,34710430,nan,nan,0.00
8/17/2026 21:26:52,1.17.3,LeftRight,57,3.95,nan,1,Right,Left,3,1,0,34716046,nan,nan,0.06
8/17/2026 21:27:00,1.17.3,LeftRight,57,3.96,2,1,Pellet,Left,3,1,1,34716046,6.53,nan,nan
8/17/2026 21:27:58,1.17.3,LeftRight,57,3.96,nan,1,Right,Left,3,2,1,34782476,nan,nan,0.00
8/17/2026 21:28:21,1.17.3,LeftRight,57,3.96,nan,1,Right,Left,3,3,1,34804440,nan,nan,0.20
8/17/2026 21:29:26,1.17.3,LeftRight,57,3.96,nan,1,Right,Left,3,4,1,34870131,nan,nan,0.02
8/17/2026 21:29:31,1.17.3,LeftRight,57,3.96,nan,1,Right,Left,3,5,1,34874879,nan,nan,0.11
8/17/2026 21:29:56,1.17.3,LeftRight,57,3.95,nan,1,Right,Left,3,6,1,34900163,nan,nan,0.00
8/17/2026 21:37:45,1.17.3,LeftRight,57,3.96,nan,1,Right,Left,3,7,1,35369453,nan,nan,0.02
8/17/2026 21:38:57,1.17.3,LeftRight,57,3.96,nan,1,Left,Left,4,7,1,35440917,nan,nan,0.00
8/17/2026 21:39:56,1.17.3,LeftRight,57,3.96,nan,1,RESET,Left,4,7,1,35500075,nan,nan,nan
8/17/2026 21:40:13,1.17.3,LeftRight,57,3.96,nan,1,Right,Left,4,8,1,35516992,nan,nan,0.00
8/17/2026 21:40:44,1.17.3,LeftRight,57,3.96,nan,1,Left,Left,5,8,1,35548580,nan,nan,0.00
8/17/2026 21:40:49,1.17.3,LeftRight,57,3.96,nan,1,Right,Left,5,9,1,35553018,nan,nan,0.00
8/17/2026 21:40:57,1.17.3,LeftRight,57,3.96,2,1,Pellet,Left,5,9,2,35553018,6.95,837,nan
8/17/2026 21:41:23,1.17.3,LeftRight,57,3.96,nan,1,Left,Left,6,9,2,35586903,nan,nan,0.00
8/17/2026 21:42:21,1.17.3,LeftRight,57,3.96,nan,1,RESET,Left,6,9,2,35645095,nan,nan,nan
8/17/2026 21:44:17,1.17.3,LeftRight,57,3.96,nan,1,Right,Left,6,10,2,35761275,nan,nan,0.00
8/17/2026 21:54:22,1.17.3,LeftRight,57,3.95,nan,1,Right,Left,6,11,2,36366746,nan,nan,0.06
8/17/2026 21:54:49,1.17.3,LeftRight,57,3.95,nan,1,Right,Left,6,12,2,36393619,nan,nan,0.18
8/17/2026 21:54:51,1.17.3,LeftRight,57,3.95,nan,1,Right,Left,6,13,2,36394292,nan,nan,1.00
8/17/2026 21:55:02,1.17.3,LeftRight,57,3.95,nan,1,Right,Left,6,14,2,36406022,nan,nan,0.01
8/17/2026 22:07:57,1.17.3,LeftRight,57,3.95,nan,1,Left,Left,7,14,2,37181496,nan,nan,0.00
8/17/2026 22:08:01,1.17.3,LeftRight,57,3.95,nan,1,Left,Left,8,14,2,37185134,nan,nan,0.00
8/17/2026 22:08:12,1.17.3,LeftRight,57,3.95,nan,1,Right,Left,8,15,2,37195585,nan,nan,0.64
8/17/2026 22:08:16,1.17.3,LeftRight,57,3.95,2,1,Pellet,Left,8,15,3,37195585,3.23,1639,nan
8/17/2026 22:10:20,1.17.3,LeftRight,57,3.95,nan,1,Left,Left,9,15,3,37324688,nan,nan,0.00
8/17/2026 22:11:20,1.17.3,LeftRight,57,3.96,nan,1,RESET,Left,9,15,3,37384568,nan,nan,nan
8/17/2026 22:12:29,1.17.3,LeftRight,57,3.95,nan,1,Left,Left,10,15,3,37453931,nan,nan,0.00
8/17/2026 22:12:59,1.17.3,LeftRight,57,3.96,nan,1,Right,Left,10,16,3,37483129,nan,nan,0.00
8/17/2026 22:13:16,1.17.3,LeftRight,57,3.96,6,1,Pellet,Left,10,16,4,37483129,5.99,300,nan
8/17/2026 22:15:01,1.17.3,LeftRight,57,3.95,nan,1,Right,Left,10,17,4,37605290,nan,nan,0.00
8/17/2026 22:15:07,1.17.3,LeftRight,57,3.96,nan,1,Right,Left,10,18,4,37611781,nan,nan,0.23
8/17/2026 22:18:07,1.17.3,LeftRight,57,3.95,nan,1,Left,Left,11,18,4,37791556,nan,nan,0.00
8/17/2026 22:19:06,1.17.3,LeftRight,57,3.95,nan,1,RESET,Left,11,18,4,37850611,nan,nan,nan
8/17/2026 22:23:10,1.17.3,LeftRight,57,3.96,nan,1,Right,Left,11,19,4,38094821,nan,nan,0.00
8/17/2026 22:23:16,1.17.3,LeftRight,57,3.95,nan,1,Right,Left,11,20,4,38099857,nan,nan,0.39
8/17/2026 22:23:29,1.17.3,LeftRight,57,3.95,nan,1,Left,Left,12,20,4,38114150,nan,nan,0.00
8/17/2026 22:23:34,1.17.3,LeftRight,57,3.95,nan,1,Left,Left,13,20,4,38118470,nan,nan,0.00
8/17/2026 22:23:36,1.17.3,LeftRight,57,3.96,nan,1,Left,Left,14,20,4,38120887,nan,nan,0.00
8/17/2026 22:23:44,1.17.3,LeftRight,57,3.95,nan,1,Left,Left,15,20,4,38128826,nan,nan,0.00
8/17/2026 22:24:44,1.17.3,LeftRight,57,3.96,nan,1,RESET,Left,15,20,4,38188707,nan,nan,nan
8/17/2026 22:25:14,1.17.3,LeftRight,57,3.95,nan,1,Left,Left,16,20,4,38218916,nan,nan,0.00
8/17/2026 22:26:14,1.17.3,LeftRight,57,3.96,nan,1,RESET,Left,16,20,4,38278673,nan,nan,nan
8/17/2026 22:30:56,1.17.3,LeftRight,57,3.95,nan,1,Right,Left,16,21,4,38560750,nan,nan,0.00
8/17/2026 22:32:41,1.17.3,LeftRight,57,3.95,nan,1,Left,Left,17,21,4,38665547,nan,nan,0.00
8/17/2026 22:32:48,1.17.3,LeftRight,57,3.95,nan,1,Left,Left,18,21,4,38672335,nan,nan,0.00
8/17/2026 22:33:47,1.17.3,LeftRight,57,3.95,nan,1,RESET,Left,18,21,4,38731755,nan,nan,nan
8/17/2026 22:39:05,1.17.3,LeftRight,57,3.95,nan,1,Right,Left,18,22,4,39049811,nan,nan,0.23
8/17/2026 22:47:36,1.17.3,LeftRight,57,3.94,nan,1,Right,Left,18,23,4,39560699,nan,nan,0.11
8/17/2026 22:51:47,1.17.3,LeftRight,57,3.95,nan,1,Right,Left,18,24,4,39811205,nan,nan,0.26
8/17/2026 22:57:49,1.17.3,LeftRight,57,3.95,nan,1,Left,Left,19,24,4,40173729,nan,nan,0.00
8/17/2026 22:58:48,1.17.3,LeftRight,57,3.95,nan,1,RESET,Left,19,24,4,40233024,nan,nan,nan
8/17/2026 23:06:12,1.17.3,LeftRight,57,3.95,nan,1,Left,Left,20,24,4,40676658,nan,nan,0.00
8/17/2026 23:07:11,1.17.3,LeftRight,57,3.95,nan,1,RESET,Left,20,24,4,40735990,nan,nan,nan
8/17/2026 23:49:59,1.17.3,LeftRight,57,3.94,nan,1,Right,Left,20,25,4,43303888,nan,nan,0.19
8/17/2026 23:50:47,1.17.3,LeftRight,57,3.95,nan,1,Right,Left,20,26,4,43352572,nan,nan,0.01
8/18/2026 0:14:49,1.17.3,LeftRight,57,3.94,nan,1,Left,Left,21,26,4,44795005,nan,nan,0.00
8/18/2026 0:14:52,1.17.3,LeftRight,57,3.94,nan,1,Left,Left,22,26,4,44797289,nan,nan,0.00
8/18/2026 0:14:55,1.17.3,LeftRight,57,3.94,nan,1,Left,Left,23,26,4,44801002,nan,nan,0.00
8/18/2026 0:15:35,1.17.3,LeftRight,57,3.94,nan,1,Right,Left,23,27,4,44841144,nan,nan,0.01
8/18/2026 0:15:36,1.17.3,LeftRight,57,3.94,nan,1,RightDuringDispense,Left,23,28,4,44841144,nan,nan,0.30
8/18/2026 0:15:47,1.17.3,LeftRight,57,3.94,2,1,Pellet,Left,23,28,5,44841144,10.43,7351,nan
8/18/2026 0:16:34,1.17.3,LeftRight,57,3.95,nan,1,Left,Left,24,28,5,44899660,nan,nan,0.00
8/18/2026 0:16:50,1.17.3,LeftRight,57,3.94,nan,1,Left,Left,25,28,5,44915877,nan,nan,0.00
8/18/2026 0:17:50,1.17.3,LeftRight,57,3.94,nan,1,RESET,Left,25,28,5,44975706,nan,nan,nan
8/18/2026 0:35:21,1.17.3,LeftRight,57,3.94,nan,1,Left,Left,26,28,5,46027109,nan,nan,0.00
8/18/2026 0:35:23,1.17.3,LeftRight,57,3.94,nan,1,Left,Left,27,28,5,46028638,nan,nan,0.00
8/18/2026 0:35:24,1.17.3,LeftRight,57,3.94,nan,1,Left,Left,28,28,5,46029703,nan,nan,0.00
8/18/2026 0:35:28,1.17.3,LeftRight,57,3.94,nan,1,Left,Left,29,28,5,46033499,nan,nan,0.00
8/18/2026 0:35:57,1.17.3,LeftRight,57,3.94,nan,1,Left,Left,30,28,5,46062783,nan,nan,0.00
8/18/2026 0:36:56,1.17.3,LeftRight,57,3.94,nan,1,RESET,Left,30,28,5,46121833,nan,nan,nan
8/18/2026 0:41:14,1.17.3,LeftRight,57,3.94,nan,1,Left,Left,31,28,5,46380288,nan,nan,0.00
8/18/2026 0:41:15,1.17.3,LeftRight,57,3.94,nan,1,Left,Left,32,28,5,46381037,nan,nan,0.00
8/18/2026 0:42:15,1.17.3,LeftRight,57,3.94,nan,1,RESET,Left,32,28,5,46440772,nan,nan,nan
8/18/2026 0:43:31,1.17.3,LeftRight,57,3.94,nan,1,Right,Left,32,29,5,46516669,nan,nan,0.00
8/18/2026 0:49:47,1.17.3,LeftRight,57,3.94,nan,1,Left,Left,33,29,5,46893073,nan,nan,0.00
8/18/2026 0:49:49,1.17.3,LeftRight,57,3.94,nan,1,Left,Left,34,29,5,46894488,nan,nan,0.00
8/18/2026 0:49:49,1.17.3,LeftRight,57,3.94,nan,1,Left,Left,35,29,5,46894988,nan,nan,0.00
8/18/2026 0:49:50,1.17.3,LeftRight,57,3.94,nan,1,Left,Left,36,29,5,46895725,nan,nan,0.00
8/18/2026 0:50:06,1.17.3,LeftRight,57,3.94,nan,1,Right,Left,36,30,5,46911957,nan,nan,0.02
8/18/2026 0:50:11,1.17.3,LeftRight,57,3.94,2,1,Pellet,Left,36,30,6,46911957,3.71,2064,nan
8/18/2026 0:53:34,1.17.3,LeftRight,57,3.94,nan,1,Right,Left,36,31,6,47119449,nan,nan,0.50
8/18/2026 0:53:34,1.17.3,LeftRight,57,3.94,nan,1,Right,Left,36,32,6,47120439,nan,nan,0.01
8/18/2026 0:53:35,1.17.3,LeftRight,57,3.94,nan,1,Right,Left,36,33,6,47120950,nan,nan,0.02
8/18/2026 0:53:38,1.17.3,LeftRight,57,3.94,nan,1,Right,Left,36,34,6,47123232,nan,nan,0.34
8/18/2026 0:53:45,1.17.3,LeftRight,57,3.94,nan,1,Left,Left,37,34,6,47130778,nan,nan,0.00
8/18/2026 0:53:46,1.17.3,LeftRight,57,3.94,nan,1,Left,Left,38,34,6,47131563,nan,nan,0.00
8/18/2026 0:53:47,1.17.3,LeftRight,57,3.94,nan,1,Left,Left,39,34,6,47133451,nan,nan,0.00
8/18/2026 0:53:48,1.17.3,LeftRight,57,3.94,nan,1,Left,Left,40,34,6,47134237,nan,nan,0.00
8/18/2026 0:54:08,1.17.3,LeftRight,57,3.94,nan,1,Right,Left,40,35,6,47154134,nan,nan,0.09
8/18/2026 0:54:12,1.17.3,LeftRight,57,3.94,1,1,Pellet,Left,40,35,7,47154134,2.63,241,nan
8/18/2026 0:55:18,1.17.3,LeftRight,57,3.94,nan,1,Right,Left,40,36,7,47222850,nan,nan,0.64
8/18/2026 0:55:24,1.17.3,LeftRight,57,3.94,nan,1,Left,Left,41,36,7,47229782,nan,nan,0.00
8/18/2026 0:55:29,1.17.3,LeftRight,57,3.94,nan,1,Right,Left,41,37,7,47234240,nan,nan,0.28
8/18/2026 0:55:34,1.17.3,LeftRight,57,3.94,1,1,Pellet,Left,41,37,8,47234240,4.31,82,nan
8/18/2026 1:10:27,1.17.3,LeftRight,57,3.94,nan,1,Right,Left,41,38,8,48133227,nan,nan,0.10
8/18/2026 1:14:07,1.17.3,LeftRight,57,3.94,nan,1,Right,Left,41,39,8,48352697,nan,nan,0.00
8/18/2026 1:14:16,1.17.3,LeftRight,57,3.94,nan,1,Right,Left,41,40,8,48361412,nan,nan,0.44
8/18/2026 1:14:29,1.17.3,LeftRight,57,3.94,nan,1,Right,Left,41,41,8,48375103,nan,nan,0.47
8/18/2026 1:18:48,1.17.3,LeftRight,57,3.94,nan,1,Right,Left,41,42,8,48633994,nan,nan,0.00
8/18/2026 1:19:10,1.17.3,LeftRight,57,3.94,nan,1,Right,Left,41,43,8,48656649,nan,nan,0.02
8/18/2026 1:19:17,1.17.3,LeftRight,57,3.94,nan,1,Right,Left,41,44,8,48662442,nan,nan,0.26
8/18/2026 1:19:39,1.17.3,LeftRight,57,3.94,nan,1,Left,Left,42,44,8,48685501,nan,nan,0.00
8/18/2026 1:19:40,1.17.3,LeftRight,57,3.94,nan,1,Left,Left,43,44,8,48686670,nan,nan,0.00
8/18/2026 1:19:46,1.17.3,LeftRight,57,3.94,nan,1,Right,Left,43,45,8,48692593,nan,nan,0.03
8/18/2026 1:19:56,1.17.3,LeftRight,57,3.94,1,1,Pellet,Left,43,45,9,48692593,8.87,1462,nan
8/18/2026 1:20:44,1.17.3,LeftRight,57,3.94,nan,1,Left,Left,44,45,9,48750671,nan,nan,0.00
8/18/2026 1:21:44,1.17.3,LeftRight,57,3.94,nan,1,RESET,Left,44,45,9,48810186,nan,nan,nan
8/18/2026 1:44:33,1.17.3,LeftRight,57,3.94,nan,1,Right,Left,44,46,9,50179616,nan,nan,0.06
8/18/2026 1:44:44,1.17.3,LeftRight,57,3.94,nan,1,Left,Left,45,46,9,50190150,nan,nan,0.00
8/18/2026 1:45:43,1.17.3,LeftRight,57,3.94,nan,1,RESET,Left,45,46,9,50249268,nan,nan,nan
8/18/2026 1:48:09,1.17.3,LeftRight,57,3.94,nan,1,Left,Left,46,46,9,50395378,nan,nan,0.00
8/18/2026 1:49:08,1.17.3,LeftRight,57,3.94,nan,1,RESET,Left,46,46,9,50454232,nan,nan,nan
8/18/2026 1:50:22,1.17.3,LeftRight,57,3.94,nan,1,Left,Left,47,46,9,50528162,nan,nan,0.00
8/18/2026 1:50:24,1.17.3,LeftRight,57,3.94,nan,1,Right,Left,47,47,9,50530129,nan,nan,0.00
8/18/2026 1:51:13,1.17.3,LeftRight,57,3.94,1,1,Pellet,Left,47,47,10,50530129,48.34,1877,nan
8/18/2026 1:51:35,1.17.3,LeftRight,57,3.94,nan,1,Right,Left,47,48,10,50600483,nan,nan,0.60
8/18/2026 1:52:08,1.17.3,LeftRight,57,3.94,nan,1,Right,Left,47,49,10,50634208,nan,nan,0.19
8/18/2026 1:52:13,1.17.3,LeftRight,57,3.94,nan,1,Right,Left,47,50,10,50639156,nan,nan,0.12
8/18/2026 1:52:18,1.17.3,LeftRight,57,3.94,nan,1,Left,Left,48,50,10,50644784,nan,nan,0.00
8/18/2026 1:53:18,1.17.3,LeftRight,57,3.94,nan,1,RESET,Left,48,50,10,50704302,nan,nan,nan
8/18/2026 1:56:52,1.17.3,LeftRight,57,3.94,nan,1,Right,Left,48,51,10,50918458,nan,nan,0.01
8/18/2026 2:07:39,1.17.3,LeftRight,57,3.93,nan,1,Right,Left,48,52,10,51565666,nan,nan,0.01
8/18/2026 2:15:36,1.17.3,LeftRight,57,3.94,nan,1,Right,Left,48,53,10,52042559,nan,nan,0.15
8/18/2026 2:15:38,1.17.3,LeftRight,57,3.94,nan,1,Right,Left,48,54,10,52044097,nan,nan,0.68
8/18/2026 2:15:42,1.17.3,LeftRight,57,3.94,nan,1,Left,Left,49,54,10,52048706,nan,nan,0.00
8/18/2026 2:15:48,1.17.3,LeftRight,57,3.93,nan,1,Left,Left,50,54,10,52054403,nan,nan,0.00
8/18/2026 2:15:52,1.17.3,LeftRight,57,3.94,nan,1,Right,Left,50,55,10,52057985,nan,nan,0.27
8/18/2026 2:15:54,1.17.3,LeftRight,57,3.94,2,1,Pellet,Left,50,55,11,52057985,0.95,1481,nan
8/18/2026 2:16:43,1.17.3,LeftRight,57,3.93,nan,1,Right,Left,50,56,11,52109090,nan,nan,0.25
8/18/2026 2:17:01,1.17.3,LeftRight,57,3.93,nan,1,Left,Left,51,56,11,52127900,nan,nan,0.00
8/18/2026 2:17:11,1.17.3,LeftRight,57,3.94,nan,1,Right,Left,51,57,11,52137207,nan,nan,0.24
8/18/2026 2:17:13,1.17.3,LeftRight,57,3.93,1,1,Pellet,Left,51,57,12,52137207,1.49,79,nan
8/18/2026 2:20:50,1.17.3,LeftRight,57,3.93,nan,1,Right,Left,51,58,12,52357075,nan,nan,0.00
8/18/2026 2:20:56,1.17.3,LeftRight,57,3.94,nan,1,Right,Left,51,59,12,52363015,nan,nan,0.18
8/18/2026 2:21:03,1.17.3,LeftRight,57,3.94,nan,1,Left,Left,52,59,12,52369497,nan,nan,0.00
8/18/2026 2:21:14,1.17.3,LeftRight,57,3.93,nan,1,Right,Left,52,60,12,52380741,nan,nan,0.00
8/18/2026 2:21:19,1.17.3,LeftRight,57,3.94,1,1,Pellet,Left,52,60,13,52380741,3.89,246,nan
8/18/2026 2:23:41,1.17.3,LeftRight,57,3.93,nan,1,Left,Left,53,60,13,52527594,nan,nan,0.00
8/18/2026 2:23:46,1.17.3,LeftRight,57,3.93,nan,1,Left,Left,54,60,13,52532358,nan,nan,0.00
8/18/2026 2:23:58,1.17.3,LeftRight,57,3.93,nan,1,Right,Left,54,61,13,52544339,nan,nan,0.07
8/18/2026 2:24:18,1.17.3,LeftRight,57,3.94,1,1,Pellet,Left,54,61,14,52544339,19.33,179,nan
8/18/2026 2:25:47,1.17.3,LeftRight,57,3.94,nan,1,Left,Left,55,61,14,52653947,nan,nan,0.00
8/18/2026 2:26:47,1.17.3,LeftRight,57,3.94,nan,1,RESET,Left,55,61,14,52713764,nan,nan,nan
8/18/2026 2:35:45,1.17.3,LeftRight,57,3.94,nan,1,Left,Left,56,61,14,53251562,nan,nan,0.00
8/18/2026 2:36:44,1.17.3,LeftRight,57,3.93,nan,1,RESET,Left,56,61,14,53310798,nan,nan,nan
8/18/2026 2:41:04,1.17.3,LeftRight,57,3.93,nan,1,Right,Left,56,62,14,53570880,nan,nan,0.00
8/18/2026 2:46:03,1.17.3,LeftRight,57,3.93,nan,1,Right,Left,56,63,14,53869713,nan,nan,0.00
8/18/2026 2:46:06,1.17.3,LeftRight,57,3.93,nan,1,Right,Left,56,64,14,53873003,nan,nan,0.00
8/18/2026 2:46:42,1.17.3,LeftRight,57,3.94,nan,1,Right,Left,56,65,14,53908692,nan,nan,0.18
8/18/2026 2:52:41,1.17.3,LeftRight,57,3.93,nan,1,Right,Left,56,66,14,54268303,nan,nan,0.00
8/18/2026 2:52:46,1.17.3,LeftRight,57,3.93,nan,1,Right,Left,56,67,14,54272479,nan,nan,0.00
8/18/2026 2:52:49,1.17.3,LeftRight,57,3.93,nan,1,Left,Left,57,67,14,54275829,nan,nan,0.00
8/18/2026 2:52:56,1.17.3,LeftRight,57,3.93,nan,1,Right,Left,57,68,14,54282950,nan,nan,0.00
8/18/2026 2:52:57,1.17.3,LeftRight,57,3.93,nan,1,RightDuringDispense,Left,57,69,14,54282950,nan,nan,0.71
8/18/2026 2:53:00,1.17.3,LeftRight,57,3.94,1,1,Pellet,Left,57,69,15,54282950,2.15,1722,nan
8/18/2026 2:53:22,1.17.3,LeftRight,57,3.93,nan,1,Right,Left,57,70,15,54308365,nan,nan,0.42
8/18/2026 2:53:28,1.17.3,LeftRight,57,3.93,nan,1,Right,Left,57,71,15,54315014,nan,nan,0.03
8/18/2026 2:53:31,1.17.3,LeftRight,57,3.93,nan,1,Right,Left,57,72,15,54316863,nan,nan,0.56
8/18/2026 2:53:33,1.17.3,LeftRight,57,3.93,nan,1,Right,Left,57,73,15,54319677,nan,nan,0.35
8/18/2026 2:53:36,1.17.3,LeftRight,57,3.93,nan,1,Right,Left,57,74,15,54322281,nan,nan,0.27
8/18/2026 2:53:38,1.17.3,LeftRight,57,3.93,nan,1,Right,Left,57,75,15,54324069,nan,nan,0.38
8/18/2026 2:53:54,1.17.3,LeftRight,57,3.94,nan,1,Right,Left,57,76,15,54340981,nan,nan,0.22
8/18/2026 2:54:12,1.17.3,LeftRight,57,3.93,nan,1,Left,Left,58,76,15,54359161,nan,nan,0.00
8/18/2026 2:54:15,1.17.3,LeftRight,57,3.93,nan,1,Left,Left,59,76,15,54361982,nan,nan,0.00
8/18/2026 2:54:17,1.17.3,LeftRight,57,3.93,nan,1,Left,Left,60,76,15,54363988,nan,nan,0.00
8/18/2026 2:54:18,1.17.3,LeftRight,57,3.93,nan,1,Left,Left,61,76,15,54365105,nan,nan,0.00
8/18/2026 2:54:32,1.17.3,LeftRight,57,3.94,nan,1,Left,Left,62,76,15,54378960,nan,nan,0.00
8/18/2026 2:54:35,1.17.3,LeftRight,57,3.93,nan,1,Right,Left,62,77,15,54381072,nan,nan,0.39
8/18/2026 2:54:37,1.17.3,LeftRight,57,3.92,nan,1,RightWithPellet,Left,62,78,15,54381072,nan,nan,0.28
8/18/2026 2:54:40,1.17.3,LeftRight,57,3.91,1,1,Pellet,Left,62,78,16,54381072,4.34,100,nan
8/18/2026 2:55:08,1.17.3,LeftRight,57,3.92,nan,1,Right,Left,62,79,16,54414690,nan,nan,0.00
8/18/2026 2:55:12,1.17.3,LeftRight,57,3.91,nan,1,Right,Left,62,80,16,54419012,nan,nan,0.12
8/18/2026 2:56:03,1.17.3,LeftRight,57,3.91,nan,1,Left,Left,63,80,16,54470282,nan,nan,0.00
8/18/2026 2:56:25,1.17.3,LeftRight,57,3.94,nan,1,Right,Left,63,81,16,54491711,nan,nan,0.21
8/18/2026 2:56:25,1.17.3,LeftRight,57,3.93,nan,1,RightDuringDispense,Left,63,82,16,54491711,nan,nan,0.08
8/18/2026 2:56:27,1.17.3,LeftRight,57,3.93,1,1,Pellet,Left,63,82,17,54491711,1.07,107,nan
8/18/2026 2:56:46,1.17.3,LeftRight,57,3.93,nan,1,Left,Left,64,82,17,54513322,nan,nan,0.00
8/18/2026 2:56:52,1.17.3,LeftRight,57,3.93,nan,1,Right,Left,64,83,17,54518969,nan,nan,0.05
8/18/2026 2:56:59,1.17.3,LeftRight,57,3.93,3,1,Pellet,Left,64,83,18,54518969,1.67,32,nan
8/18/2026 2:57:27,1.17.3,LeftRight,57,3.93,nan,1,Right,Left,64,84,18,54553299,nan,nan,0.46
8/18/2026 2:57:32,1.17.3,LeftRight,57,3.93,nan,1,Right,Left,64,85,18,54558224,nan,nan,0.33
8/18/2026 3:04:30,1.17.3,LeftRight,57,3.93,nan,1,Right,Left,64,86,18,54976680,nan,nan,0.15
8/18/2026 3:04:41,1.17.3,LeftRight,57,3.94,nan,1,Right,Left,64,87,18,54987937,nan,nan,0.00
8/18/2026 3:06:25,1.17.3,LeftRight,57,3.94,nan,1,Right,Left,64,88,18,55091991,nan,nan,0.00
8/18/2026 3:08:14,1.17.3,LeftRight,57,3.93,nan,1,Right,Left,64,89,18,55200528,nan,nan,0.00
8/18/2026 3:08:23,1.17.3,LeftRight,57,3.93,nan,1,Left,Left,65,89,18,55209485,nan,nan,0.00
8/18/2026 3:08:24,1.17.3,LeftRight,57,3.93,nan,1,Left,Left,66,89,18,55210961,nan,nan,0.00
8/18/2026 3:08:28,1.17.3,LeftRight,57,3.93,nan,1,Right,Left,66,90,18,55214550,nan,nan,0.43
8/18/2026 3:08:30,1.17.3,LeftRight,57,3.93,1,1,Pellet,Left,66,90,19,55214550,1.49,691,nan
8/18/2026 3:08:52,1.17.3,LeftRight,57,3.93,nan,1,Right,Left,66,91,19,55238450,nan,nan,0.03
8/18/2026 3:08:53,1.17.3,LeftRight,57,3.93,nan,1,Right,Left,66,92,19,55239851,nan,nan,0.44
8/18/2026 3:09:02,1.17.3,LeftRight,57,3.93,nan,1,Right,Left,66,93,19,55248753,nan,nan,0.16
8/18/2026 3:09:10,1.17.3,LeftRight,57,3.93,nan,1,Right,Left,66,94,19,55256771,nan,nan,0.18
8/18/2026 3:09:22,1.17.3,LeftRight,57,3.93,nan,1,Right,Left,66,95,19,55269085,nan,nan,0.14
8/18/2026 3:09:23,1.17.3,LeftRight,57,3.93,nan,1,Right,Left,66,96,19,55269716,nan,nan,0.19
8/18/2026 3:09:25,1.17.3,LeftRight,57,3.93,nan,1,Right,Left,66,97,19,55271870,nan,nan,0.01
8/18/2026 3:18:42,1.17.3,LeftRight,57,3.93,nan,1,Right,Left,66,98,19,55829328,nan,nan,0.14
8/18/2026 3:18:43,1.17.3,LeftRight,57,3.93,nan,1,Right,Left,66,99,19,55829964,nan,nan,0.02
8/18/2026 3:18:45,1.17.3,LeftRight,57,3.93,nan,1,Right,Left,66,100,19,55831510,nan,nan,0.38
8/18/2026 3:18:54,1.17.3,LeftRight,57,3.93,nan,1,Left,Left,67,100,19,55841206,nan,nan,0.00
8/18/2026 3:19:04,1.17.3,LeftRight,57,3.93,nan,1,Right,Left,67,101,19,55850538,nan,nan,0.55
8/18/2026 3:19:07,1.17.3,LeftRight,57,3.93,1,1,Pellet,Left,67,101,20,55850538,2.57,637,nan
8/18/2026 3:19:46,1.17.3,LeftRight,57,3.93,nan,1,Right,Left,67,102,20,55893124,nan,nan,0.04
8/18/2026 3:19:48,1.17.3,LeftRight,57,3.93,nan,1,Right,Left,67,103,20,55894241,nan,nan,0.28
8/18/2026 3:19:57,1.17.3,LeftRight,57,3.93,nan,1,Right,Left,67,104,20,55903862,nan,nan,0.52
8/18/2026 3:20:01,1.17.3,LeftRight,57,3.93,nan,1,Right,Left,67,105,20,55907228,nan,nan,0.34
8/18/2026 3:24:35,1.17.3,LeftRight,57,3.93,nan,1,Right,Left,67,106,20,56181710,nan,nan,0.09
8/18/2026 3:26:10,1.17.3,LeftRight,57,3.93,nan,1,Right,Left,67,107,20,56277187,nan,nan,0.08
8/18/2026 3:26:48,1.17.3,LeftRight,57,3.93,nan,1,Right,Left,67,108,20,56314935,nan,nan,0.06
8/18/2026 3:26:54,1.17.3,LeftRight,57,3.94,nan,1,Left,Left,68,108,20,56320983,nan,nan,0.00
8/18/2026 3:27:01,1.17.3,LeftRight,57,3.93,nan,1,Right,Left,68,109,20,56327975,nan,nan,0.08
8/18/2026 3:27:04,1.17.3,LeftRight,57,3.93,1,1,Pellet,Left,68,109,21,56327975,2.27,477,nan
8/18/2026 3:27:37,1.17.3,LeftRight,57,3.93,nan,1,Right,Left,68,110,21,56363849,nan,nan,0.00
8/18/2026 3:28:10,1.17.3,LeftRight,57,3.93,nan,1,Right,Left,68,111,21,56396773,nan,nan,0.08
8/18/2026 3:28:11,1.17.3,LeftRight,57,3.93,nan,1,Right,Left,68,112,21,56397949,nan,nan,0.38
8/18/2026 3:28:19,1.17.3,LeftRight,57,3.93,nan,1,Right,Left,68,113,21,56405308,nan,nan,0.23
8/18/2026 3:28:20,1.17.3,LeftRight,57,3.93,nan,1,Right,Left,68,114,21,56406622,nan,nan,0.25
8/18/2026 3:34:08,1.17.3,LeftRight,57,3.93,nan,1,Right,Left,68,115,21,56755402,nan,nan,0.01
8/18/2026 3:34:13,1.17.3,LeftRight,57,3.93,nan,1,Right,Left,68,116,21,56759892,nan,nan,0.06
8/18/2026 4:10:37,1.17.3,LeftRight,57,3.93,nan,1,Right,Left,68,117,21,58943357,nan,nan,0.31
8/18/2026 5:25:01,1.17.3,LeftRight,57,3.93,nan,1,Left,Left,69,117,21,63408117,nan,nan,0.00
8/18/2026 5:25:10,1.17.3,LeftRight,57,3.92,nan,1,Right,Left,69,118,21,63417154,nan,nan,0.53
8/18/2026 5:25:13,1.17.3,LeftRight,57,3.92,1,1,Pellet,Left,69,118,22,63417154,2.21,7089,nan
8/18/2026 5:28:25,1.17.3,LeftRight,57,3.93,nan,1,Right,Left,69,119,22,63612746,nan,nan,0.26
8/18/2026 5:28:44,1.17.3,LeftRight,57,3.92,nan,1,Right,Left,69,120,22,63631506,nan,nan,0.30
8/18/2026 5:28:51,1.17.3,LeftRight,57,3.92,nan,1,Right,Left,69,121,22,63638647,nan,nan,0.01
8/18/2026 5:35:38,1.17.3,LeftRight,57,3.92,nan,1,Left,Left,70,121,22,64045608,nan,nan,0.00
8/18/2026 5:36:38,1.17.3,LeftRight,57,3.92,nan,1,RESET,Left,70,121,22,64105511,nan,nan,nan
8/18/2026 5:49:59,1.17.3,LeftRight,57,3.92,nan,1,Right,Left,70,122,22,64906406,nan,nan,0.22
8/18/2026 5:50:03,1.17.3,LeftRight,57,3.92,nan,1,Left,Left,71,122,22,64910514,nan,nan,0.00
8/18/2026 5:50:08,1.17.3,LeftRight,57,3.92,nan,1,Right,Left,71,123,22,64915429,nan,nan,0.17
8/18/2026 5:50:33,1.17.3,LeftRight,57,3.92,1,1,Pellet,Left,71,123,23,64915429,24.04,1520,nan
8/18/2026 5:51:05,1.17.3,LeftRight,57,3.92,nan,1,Right,Left,71,124,23,64972281,nan,nan,0.17
8/18/2026 5:51:24,1.17.3,LeftRight,57,3.92,nan,1,Left,Left,72,124,23,64991204,nan,nan,0.00
8/18/2026 5:51:25,1.17.3,LeftRight,57,3.92,nan,1,Left,Left,73,124,23,64992580,nan,nan,0.00
8/18/2026 5:51:29,1.17.3,LeftRight,57,3.92,nan,1,Left,Left,74,124,23,64996947,nan,nan,0.00
8/18/2026 5:51:32,1.17.3,LeftRight,57,3.92,nan,1,Right,Left,74,125,23,64999943,nan,nan,0.00
8/18/2026 5:51:38,1.17.3,LeftRight,57,3.92,1,1,Pellet,Left,74,125,24,64999943,5.21,65,nan
8/18/2026 5:54:22,1.17.3,LeftRight,57,3.92,nan,1,Right,Left,74,126,24,65169666,nan,nan,0.04
8/18/2026 5:54:24,1.17.3,LeftRight,57,3.92,nan,1,Right,Left,74,127,24,65171230,nan,nan,0.22
8/18/2026 5:54:29,1.17.3,LeftRight,57,3.92,nan,1,Right,Left,74,128,24,65176222,nan,nan,0.31
8/18/2026 5:54:30,1.17.3,LeftRight,57,3.92,nan,1,Right,Left,74,129,24,65177907,nan,nan,0.13
8/18/2026 5:54:41,1.17.3,LeftRight,57,3.92,nan,1,Left,Left,75,129,24,65188460,nan,nan,0.00
8/18/2026 5:54:50,1.17.3,LeftRight,57,3.92,nan,1,Right,Left,75,130,24,65197946,nan,nan,0.14
8/18/2026 5:54:53,1.17.3,LeftRight,57,3.92,1,1,Pellet,Left,75,130,25,65197946,1.37,195,nan
8/18/2026 5:55:24,1.17.3,LeftRight,57,3.92,nan,1,Right,Left,75,131,25,65231260,nan,nan,0.00
8/18/2026 8:06:06,1.17.3,LeftRight,57,3.91,nan,1,Right,Left,75,132,25,73074612,nan,nan,0.23
8/18/2026 8:06:13,1.17.3,LeftRight,57,3.91,nan,1,Left,Left,76,132,25,73080869,nan,nan,0.00
8/18/2026 8:07:12,1.17.3,LeftRight,57,3.91,nan,1,RESET,Left,76,132,25,73140264,nan,nan,nan
8/18/2026 8:38:55,1.17.3,LeftRight,57,3.91,nan,1,Right,Left,76,133,25,75043349,nan,nan,0.10
8/18/2026 8:38:59,1.17.3,LeftRight,57,3.91,nan,1,Right,Left,76,134,25,75047937,nan,nan,0.03
8/18/2026 8:39:07,1.17.3,LeftRight,57,3.91,nan,1,Right,Left,76,135,25,75055256,nan,nan,0.26
8/18/2026 8:39:13,1.17.3,LeftRight,57,3.91,nan,1,Right,Left,76,136,25,75061473,nan,nan,0.35
8/18/2026 8:39:27,1.17.3,LeftRight,57,3.91,nan,1,Left,Left,77,136,25,75075797,nan,nan,0.00
8/18/2026 8:39:31,1.17.3,LeftRight,57,3.91,nan,1,Left,Left,78,136,25,75079290,nan,nan,0.00
8/18/2026 8:39:42,1.17.3,LeftRight,57,3.91,nan,1,Right,Left,78,137,25,75090560,nan,nan,0.34
8/18/2026 8:39:47,1.17.3,LeftRight,57,3.91,2,1,Pellet,Left,78,137,26,75090560,1.85,9894,nan
8/18/2026 8:44:02,1.17.3,LeftRight,57,3.91,nan,1,Right,Left,78,138,26,75350385,nan,nan,0.25
8/18/2026 8:44:05,1.17.3,LeftRight,57,3.91,nan,1,Right,Left,78,139,26,75353784,nan,nan,0.34
8/18/2026 8:44:12,1.17.3,LeftRight,57,3.91,nan,1,Right,Left,78,140,26,75360665,nan,nan,0.12
8/18/2026 8:44:15,1.17.3,LeftRight,57,3.91,nan,1,Right,Left,78,141,26,75364080,nan,nan,0.00
8/18/2026 8:44:18,1.17.3,LeftRight,57,3.91,nan,1,Right,Left,78,142,26,75365751,nan,nan,0.44
8/18/2026 8:44:24,1.17.3,LeftRight,57,3.91,nan,1,Right,Left,78,143,26,75372297,nan,nan,0.29
8/18/2026 11:13:49,1.17.3,LeftRight,57,3.89,nan,1,Right,Left,78,144,26,84338761,nan,nan,0.26
8/18/2026 11:14:04,1.17.3,LeftRight,57,3.90,nan,1,Right,Left,78,145,26,84353930,nan,nan,0.00
8/18/2026 11:14:17,1.17.3,LeftRight,57,3.90,nan,1,Right,Left,78,146,26,84366340,nan,nan,0.20
8/18/2026 11:14:19,1.17.3,LeftRight,57,3.90,nan,1,Right,Left,78,147,26,84369090,nan,nan,0.02
8/18/2026 11:14:32,1.17.3,LeftRight,57,3.89,nan,1,Right,Left,78,148,26,84381957,nan,nan,0.31
8/18/2026 14:12:36,1.17.3,LeftRight,57,3.89,nan,1,Right,Left,78,149,26,95066573,nan,nan,0.00
8/18/2026 14:12:36,1.17.3,LeftRight,57,3.89,nan,1,Right,Left,78,150,26,95067065,nan,nan,0.12
8/18/2026 14:12:42,1.17.3,LeftRight,57,3.89,nan,1,Right,Left,78,151,26,95072393,nan,nan,0.15
8/18/2026 14:19:17,1.17.3,LeftRight,57,3.89,nan,1,Right,Left,78,152,26,95467510,nan,nan,0.02
8/18/2026 15:57:35,1.17.3,LeftRight,57,3.88,nan,1,Right,Left,78,153,26,101366600,nan,nan,0.24
8/18/2026 15:58:04,1.17.3,LeftRight,57,3.88,nan,1,Right,Left,78,154,26,101395500,nan,nan,0.04
8/18/2026 16:02:11,1.17.3,LeftRight,57,3.87,nan,1,Right,Left,78,155,26,101642390,nan,nan,0.07
8/18/2026 16:02:46,1.17.3,LeftRight,57,3.88,nan,1,Left,Left,79,155,26,101677721,nan,nan,0.00
8/18/2026 16:03:46,1.17.3,LeftRight,57,3.88,nan,1,RESET,Left,79,155,26,101737642,nan,nan,nan
8/18/2026 17:10:07,1.17.3,LeftRight,57,3.88,nan,1,Right,Left,79,156,26,105719253,nan,nan,0.00
8/18/2026 17:10:08,1.17.3,LeftRight,57,3.88,nan,1,Right,Left,79,157,26,105720039,nan,nan,0.00
8/18/2026 17:10:12,1.17.3,LeftRight,57,3.88,nan,1,Right,Left,79,158,26,105722893,nan,nan,0.75
8/18/2026 17:10:15,1.17.3,LeftRight,57,3.88,nan,1,Right,Left,79,159,26,105726194,nan,nan,1.29
8/18/2026 17:10:19,1.17.3,LeftRight,57,3.87,nan,1,Right,Left,79,160,26,105729895,nan,nan,1.01
8/18/2026 17:10:21,1.17.3,LeftRight,57,3.87,nan,1,Right,Left,79,161,26,105732875,nan,nan,0.69
8/18/2026 17:10:33,1.17.3,LeftRight,57,3.87,nan,1,Right,Left,79,162,26,105744504,nan,nan,0.17
8/18/2026 17:10:37,1.17.3,LeftRight,57,3.87,nan,1,Right,Left,79,163,26,105749295,nan,nan,0.23
8/18/2026 17:10:47,1.17.3,LeftRight,57,3.87,nan,1,Right,Left,79,164,26,105759447,nan,nan,0.04
8/18/2026 17:10:48,1.17.3,LeftRight,57,3.88,nan,1,Right,Left,79,165,26,105760270,nan,nan,0.00
8/18/2026 17:10:55,1.17.3,LeftRight,57,3.87,nan,1,Left,Left,80,165,26,105766767,nan,nan,0.00
8/18/2026 17:11:27,1.17.3,LeftRight,57,3.88,nan,1,Right,Left,80,166,26,105799221,nan,nan,0.00
8/18/2026 17:11:29,1.17.3,LeftRight,57,3.87,1,1,Pellet,Left,80,166,27,105799221,1.19,30702,nan
8/18/2026 17:12:40,1.17.3,LeftRight,57,3.88,nan,1,Right,Left,80,167,27,105872485,nan,nan,0.00
8/18/2026 17:12:51,1.17.3,LeftRight,57,3.87,nan,1,Right,Left,80,168,27,105883435,nan,nan,0.00
8/18/2026 18:19:12,1.17.3,LeftRight,57,3.87,nan,1,Right,Left,80,169,27,109864902,nan,nan,0.00
8/18/2026 18:19:15,1.17.3,LeftRight,57,3.87,nan,1,Right,Left,80,170,27,109867163,nan,nan,0.14
8/18/2026 18:19:31,1.17.3,LeftRight,57,3.87,nan,1,Left,Left,81,170,27,109883410,nan,nan,0.00
8/18/2026 18:19:38,1.17.3,LeftRight,57,3.87,nan,1,Right,Left,81,171,27,109890973,nan,nan,0.00
8/18/2026 18:19:40,1.17.3,LeftRight,57,3.87,1,1,Pellet,Left,81,171,28,109890973,1.01,4091,nan
8/18/2026 18:23:54,1.17.3,LeftRight,57,3.87,nan,1,Right,Left,81,172,28,110146614,nan,nan,0.00
8/18/2026 18:26:19,1.17.3,LeftRight,57,3.87,nan,1,Right,Left,81,173,28,110292154,nan,nan,0.13
8/18/2026 18:26:25,1.17.3,LeftRight,57,3.87,nan,1,Right,Left,81,174,28,110297940,nan,nan,0.00
8/18/2026 18:26:34,1.17.3,LeftRight,57,3.87,nan,1,Left,Left,82,174,28,110306399,nan,nan,0.00
8/18/2026 18:26:42,1.17.3,LeftRight,57,3.87,nan,1,Right,Left,82,175,28,110314414,nan,nan,0.03
8/18/2026 18:26:44,1.17.3,LeftRight,57,3.87,1,1,Pellet,Left,82,175,29,110314414,1.43,424,nan
8/18/2026 18:27:32,1.17.3,LeftRight,57,3.87,nan,1,Right,Left,82,176,29,110364616,nan,nan,0.06
8/18/2026 18:27:36,1.17.3,LeftRight,57,3.87,nan,1,Right,Left,82,177,29,110369006,nan,nan,0.36
8/18/2026 18:27:39,1.17.3,LeftRight,57,3.87,nan,1,Right,Left,82,178,29,110371479,nan,nan,0.17
8/18/2026 18:27:42,1.17.3,LeftRight,57,3.87,nan,1,Right,Left,82,179,29,110374802,nan,nan,0.00
8/18/2026 18:27:44,1.17.3,LeftRight,57,3.87,nan,1,Right,Left,82,180,29,110376915,nan,nan,0.00
8/18/2026 18:27:46,1.17.3,LeftRight,57,3.87,nan,1,Right,Left,82,181,29,110378440,nan,nan,0.20
8/18/2026 18:28:01,1.17.3,LeftRight,57,3.87,nan,1,Right,Left,82,182,29,110393283,nan,nan,0.29
8/18/2026 18:29:29,1.17.3,LeftRight,57,3.87,nan,1,Right,Left,82,183,29,110481618,nan,nan,0.00
8/18/2026 18:36:08,1.17.3,LeftRight,57,3.87,nan,1,Left,Left,83,183,29,110881300,nan,nan,0.00
8/18/2026 18:37:08,1.17.3,LeftRight,57,3.87,nan,1,RESET,Left,83,183,29,110940981,nan,nan,nan
8/18/2026 18:40:49,1.17.3,LeftRight,57,3.87,nan,1,Right,Left,83,184,29,111161897,nan,nan,0.31
8/18/2026 18:40:55,1.17.3,LeftRight,57,3.87,nan,1,Right,Left,83,185,29,111167718,nan,nan,0.06
8/18/2026 18:41:04,1.17.3,LeftRight,57,3.87,nan,1,Right,Left,83,186,29,111176675,nan,nan,0.29
8/18/2026 18:41:07,1.17.3,LeftRight,57,3.87,nan,1,Right,Left,83,187,29,111179821,nan,nan,0.08
8/18/2026 18:41:09,1.17.3,LeftRight,57,3.87,nan,1,Right,Left,83,188,29,111181866,nan,nan,0.16
8/18/2026 18:41:19,1.17.3,LeftRight,57,3.87,nan,1,Right,Left,83,189,29,111192249,nan,nan,0.00
8/18/2026 18:41:22,1.17.3,LeftRight,57,3.87,nan,1,Right,Left,83,190,29,111194511,nan,nan,0.01
8/18/2026 18:41:23,1.17.3,LeftRight,57,3.87,nan,1,Right,Left,83,191,29,111196047,nan,nan,0.24
8/18/2026 18:41:34,1.17.3,LeftRight,57,3.87,nan,1,Right,Left,83,192,29,111206644,nan,nan,0.11
8/18/2026 18:41:36,1.17.3,LeftRight,57,3.87,nan,1,Right,Left,83,193,29,111208576,nan,nan,0.00
8/18/2026 18:41:37,1.17.3,LeftRight,57,3.87,nan,1,Right,Left,83,194,29,111209816,nan,nan,0.18
8/18/2026 18:41:40,1.17.3,LeftRight,57,3.87,nan,1,Right,Left,83,195,29,111212555,nan,nan,0.00
8/18/2026 18:41:44,1.17.3,LeftRight,57,3.87,nan,1,Right,Left,83,196,29,111217322,nan,nan,0.00
8/18/2026 18:49:57,1.17.3,LeftRight,57,3.87,nan,1,Right,Left,83,197,29,111709850,nan,nan,0.06
8/18/2026 18:50:26,1.17.3,LeftRight,57,3.87,nan,1,Right,Left,83,198,29,111739466,nan,nan,0.00
8/18/2026 18:58:14,1.17.3,LeftRight,57,3.87,nan,1,Left,Left,84,198,29,112206802,nan,nan,0.00
8/18/2026 18:58:26,1.17.3,LeftRight,57,3.87,nan,1,Right,Left,84,199,29,112219104,nan,nan,0.04
8/18/2026 18:58:28,1.17.3,LeftRight,57,3.87,1,1,Pellet,Left,84,199,30,112219104,1.61,1904,nan
8/18/2026 18:59:01,1.17.3,LeftRight,57,3.87,nan,1,Left,Left,85,199,30,112254586,nan,nan,0.00
8/18/2026 19:00:01,1.17.3,LeftRight,57,3.87,nan,1,RESET,Left,85,199,30,112313958,nan,nan,nan
8/18/2026 19:06:25,1.17.3,LeftRight,57,3.87,nan,1,Right,Left,85,200,30,112697750,nan,nan,0.00
8/18/2026 19:12:11,1.17.3,LeftRight,57,3.87,nan,1,Left,Left,86,200,30,113044333,nan,nan,0.00
8/18/2026 19:12:45,1.17.3,LeftRight,57,3.87,nan,1,Left,Left,87,200,30,113078105,nan,nan,0.00
8/18/2026 19:12:46,1.17.3,LeftRight,57,3.87,nan,1,Left,Left,88,200,30,113078892,nan,nan,0.00
8/18/2026 19:13:02,1.17.3,LeftRight,57,3.87,nan,1,Right,Left,88,201,30,113095320,nan,nan,0.00
8/18/2026 19:13:04,1.17.3,LeftRight,57,3.87,1,1,Pellet,Left,88,201,31,113095320,0.59,876,nan
8/18/2026 19:13:40,1.17.3,LeftRight,57,3.87,nan,1,Right,Left,88,202,31,113133332,nan,nan,0.04
8/18/2026 19:13:43,1.17.3,LeftRight,57,3.87,nan,1,Right,Left,88,203,31,113135639,nan,nan,0.15
8/18/2026 19:18:53,1.17.3,LeftRight,57,3.87,nan,1,Left,Left,89,203,31,113446126,nan,nan,0.00
8/18/2026 19:19:04,1.17.3,LeftRight,57,3.87,nan,1,Left,Left,90,203,31,113457232,nan,nan,0.00
8/18/2026 19:19:11,1.17.3,LeftRight,57,3.85,nan,1,Right,Left,90,204,31,113463476,nan,nan,0.19
8/18/2026 19:19:12,1.17.3,LeftRight,57,3.85,1,1,Pellet,Left,90,204,32,113463476,0.65,368,nan
8/18/2026 19:23:06,1.17.3,LeftRight,57,3.85,nan,1,Left,Left,91,204,32,113698903,nan,nan,0.00
8/18/2026 19:23:11,1.17.3,LeftRight,57,3.85,nan,1,Right,Left,91,205,32,113703818,nan,nan,0.00
8/18/2026 19:23:12,1.17.3,LeftRight,57,3.85,1,1,Pellet,Left,91,205,33,113703818,0.59,240,nan
8/18/2026 19:23:25,1.17.3,LeftRight,57,3.87,nan,1,Left,Left,92,205,33,113718447,nan,nan,0.00
8/18/2026 19:23:32,1.17.3,LeftRight,57,3.87,nan,1,Right,Left,92,206,33,113724711,nan,nan,0.08
8/18/2026 19:23:35,1.17.3,LeftRight,57,3.87,1,1,Pellet,Left,92,206,34,113724711,2.81,23,nan
8/18/2026 19:23:47,1.17.3,LeftRight,57,3.87,nan,1,Right,Left,92,207,34,113740444,nan,nan,0.16
8/18/2026 19:25:43,1.17.3,LeftRight,57,3.87,nan,1,Right,Left,92,208,34,113855672,nan,nan,0.00
8/18/2026 19:26:05,1.17.3,LeftRight,57,3.87,nan,1,Right,Left,92,209,34,113877717,nan,nan,0.00
8/18/2026 19:29:23,1.17.3,LeftRight,57,3.87,nan,1,Right,Left,92,210,34,114075654,nan,nan,0.04
8/18/2026 19:29:36,1.17.3,LeftRight,57,3.87,nan,1,Right,Left,92,211,34,114089307,nan,nan,0.19
8/18/2026 19:38:15,1.17.3,LeftRight,57,3.87,nan,1,Right,Left,92,212,34,114607843,nan,nan,0.21
8/18/2026 19:39:18,1.17.3,LeftRight,57,3.87,nan,1,Right,Left,92,213,34,114670773,nan,nan,0.06
8/18/2026 19:39:23,1.17.3,LeftRight,57,3.87,nan,1,Right,Left,92,214,34,114676047,nan,nan,0.04
8/18/2026 19:39:27,1.17.3,LeftRight,57,3.87,nan,1,Right,Left,92,215,34,114679827,nan,nan,0.28
8/18/2026 19:39:28,1.17.3,LeftRight,57,3.87,nan,1,Right,Left,92,216,34,114681207,nan,nan,0.05
8/18/2026 19:39:40,1.17.3,LeftRight,57,3.87,nan,1,Right,Left,92,217,34,114693403,nan,nan,0.05
8/18/2026 19:43:34,1.17.3,LeftRight,57,3.86,nan,1,Right,Left,92,218,34,114927556,nan,nan,0.00
8/18/2026 19:48:01,1.17.3,LeftRight,57,3.87,nan,1,Right,Left,92,219,34,115194419,nan,nan,0.08
8/18/2026 19:49:05,1.17.3,LeftRight,57,3.87,nan,1,Right,Left,92,220,34,115258537,nan,nan,0.02
8/18/2026 19:49:34,1.17.3,LeftRight,57,3.87,nan,1,Right,Left,92,221,34,115287088,nan,nan,0.10
8/18/2026 19:49:39,1.17.3,LeftRight,57,3.87,nan,1,Right,Left,92,222,34,115292100,nan,nan,0.00
8/18/2026 19:49:42,1.17.3,LeftRight,57,3.87,nan,1,Right,Left,92,223,34,115295545,nan,nan,0.11
8/18/2026 19:49:51,1.17.3,LeftRight,57,3.87,nan,1,Right,Left,92,224,34,115304553,nan,nan,0.22
8/18/2026 19:49:53,1.17.3,LeftRight,57,3.87,nan,1,Right,Left,92,225,34,115306148,nan,nan,0.17
8/18/2026 19:49:55,1.17.3,LeftRight,57,3.87,nan,1,Right,Left,92,226,34,115307992,nan,nan,0.00
8/18/2026 19:53:54,1.17.3,LeftRight,57,3.87,nan,1,Left,Left,93,226,34,115547448,nan,nan,0.00
8/18/2026 19:54:54,1.17.3,LeftRight,57,3.87,nan,1,RESET,Left,93,226,34,115607250,nan,nan,nan
8/18/2026 19:56:45,1.17.3,LeftRight,57,3.87,nan,1,Right,Left,93,227,34,115718679,nan,nan,0.01
8/18/2026 19:56:50,1.17.3,LeftRight,57,3.87,nan,1,Left,Left,94,227,34,115723720,nan,nan,0.00
8/18/2026 19:56:56,1.17.3,LeftRight,57,3.86,nan,1,Right,Left,94,228,34,115729524,nan,nan,0.03
8/18/2026 19:56:58,1.17.3,LeftRight,57,3.87,1,1,Pellet,Left,94,228,35,115729524,0.53,2002,nan
8/18/2026 19:58:05,1.17.3,LeftRight,57,3.87,nan,1,Left,Left,95,228,35,115798320,nan,nan,0.00
8/18/2026 19:58:18,1.17.3,LeftRight,57,3.87,nan,1,Right,Left,95,229,35,115811368,nan,nan,0.00
8/18/2026 19:58:21,1.17.3,LeftRight,57,3.86,1,1,Pellet,Left,95,229,36,115811368,2.51,84,nan
8/18/2026 19:59:01,1.17.3,LeftRight,57,3.87,nan,1,Right,Left,95,230,36,115854696,nan,nan,0.06
8/18/2026 19:59:24,1.17.3,LeftRight,57,3.87,nan,1,Right,Left,95,231,36,115876811,nan,nan,0.00
8/18/2026 19:59:25,1.17.3,LeftRight,57,3.87,nan,1,Right,Left,95,232,36,115878191,nan,nan,0.02
8/18/2026 20:00:21,1.17.3,LeftRight,57,3.86,nan,1,Left,Left,96,232,36,115934673,nan,nan,0.00
8/18/2026 20:01:21,1.17.3,LeftRight,57,3.87,nan,1,RESET,Left,96,232,36,115994255,nan,nan,nan
8/18/2026 20:09:13,1.17.3,LeftRight,57,3.87,nan,1,Right,Left,96,233,36,116466141,nan,nan,0.00
8/18/2026 20:16:49,1.17.3,LeftRight,57,3.86,nan,1,Right,Left,96,234,36,116922217,nan,nan,0.04
8/18/2026 20:16:51,1.17.3,LeftRight,57,3.87,nan,1,Left,Left,97,234,36,116924821,nan,nan,0.00
8/18/2026 20:16:58,1.17.3,LeftRight,57,3.87,nan,1,Right,Left,97,235,36,116930922,nan,nan,0.00
8/18/2026 20:17:00,1.17.3,LeftRight,57,3.87,1,1,Pellet,Left,97,235,37,116930922,1.61,1119,nan
8/18/2026 20:18:19,1.17.3,LeftRight,57,3.87,nan,1,Right,Left,97,236,37,117012751,nan,nan,0.00
8/18/2026 20:18:25,1.17.3,LeftRight,57,3.87,nan,1,Right,Left,97,237,37,117018262,nan,nan,0.03
8/18/2026 20:18:26,1.17.3,LeftRight,57,3.86,nan,1,Right,Left,97,238,37,117019394,nan,nan,0.31
8/18/2026 20:27:24,1.17.3,LeftRight,57,3.86,nan,1,Right,Left,97,239,37,117557552,nan,nan,0.01
8/18/2026 20:27:28,1.17.3,LeftRight,57,3.87,nan,1,Right,Left,97,240,37,117561744,nan,nan,0.00
8/18/2026 20:27:39,1.17.3,LeftRight,57,3.87,nan,1,Left,Left,98,240,37,117571961,nan,nan,0.00
8/18/2026 20:27:50,1.17.3,LeftRight,57,3.86,nan,1,Right,Left,98,241,37,117583682,nan,nan,0.07
8/18/2026 20:27:52,1.17.3,LeftRight,57,3.87,1,1,Pellet,Left,98,241,38,117583682,0.89,652,nan
8/18/2026 20:28:04,1.17.3,LeftRight,57,3.87,nan,1,Right,Left,98,242,38,117596919,nan,nan,0.07
8/18/2026 20:28:12,1.17.3,LeftRight,57,3.86,nan,1,Right,Left,98,243,38,117605466,nan,nan,0.48
8/18/2026 20:28:18,1.17.3,LeftRight,57,3.87,nan,1,Right,Left,98,244,38,117611174,nan,nan,0.07
8/18/2026 20:28:24,1.17.3,LeftRight,57,3.87,nan,1,Right,Left,98,245,38,117617653,nan,nan,0.00
8/18/2026 20:29:24,1.17.3,LeftRight,57,3.86,nan,1,Right,Left,98,246,38,117677556,nan,nan,0.11
8/18/2026 20:29:44,1.17.3,LeftRight,57,3.87,nan,1,Right,Left,98,247,38,117697673,nan,nan,0.00
8/18/2026 20:34:36,1.17.3,LeftRight,57,3.87,nan,1,Right,Left,98,248,38,117989478,nan,nan,0.09
8/18/2026 20:34:45,1.17.3,LeftRight,57,3.87,nan,1,Left,Left,99,248,38,117998486,nan,nan,0.00
8/18/2026 20:35:45,1.17.3,LeftRight,57,3.87,nan,1,RESET,Left,99,248,38,118058372,nan,nan,nan
8/18/2026 20:38:02,1.17.3,LeftRight,57,3.87,nan,1,Right,Left,99,249,38,118195314,nan,nan,0.00
8/18/2026 20:38:08,1.17.3,LeftRight,57,3.86,nan,1,Left,Left,100,249,38,118201147,nan,nan,0.00
8/18/2026 20:38:09,1.17.3,LeftRight,57,3.87,nan,1,Left,Left,101,249,38,118202485,nan,nan,0.00
8/18/2026 20:38:12,1.17.3,LeftRight,57,3.86,nan,1,Right,Left,101,250,38,118205345,nan,nan,0.00
8/18/2026 20:38:14,1.17.3,LeftRight,57,3.87,1,1,Pellet,Left,101,250,39,118205345,0.95,622,nan
8/18/2026 20:38:32,1.17.3,LeftRight,57,3.87,nan,1,Right,Left,101,251,39,118225665,nan,nan,0.08
8/18/2026 20:38:40,1.17.3,LeftRight,57,3.86,nan,1,Left,Left,102,251,39,118233178,nan,nan,0.00
8/18/2026 20:38:51,1.17.3,LeftRight,57,3.86,nan,1,Right,Left,102,252,39,118244331,nan,nan,0.13
8/18/2026 20:38:53,1.17.3,LeftRight,57,3.86,2,1,Pellet,Left,102,252,40,118244331,0.83,39,nan
8/18/2026 20:39:18,1.17.3,LeftRight,57,3.86,nan,1,Left,Left,103,252,40,118271027,nan,nan,0.00
8/18/2026 20:40:17,1.17.3,LeftRight,57,3.87,nan,1,RESET,Left,103,252,40,118330492,nan,nan,nan
8/18/2026 20:46:39,1.17.3,LeftRight,57,3.87,nan,1,Right,Left,103,253,40,118712240,nan,nan,0.25
8/18/2026 20:46:56,1.17.3,LeftRight,57,3.87,nan,1,Right,Left,103,254,40,118729098,nan,nan,0.26
8/18/2026 20:46:58,1.17.3,LeftRight,57,3.87,nan,1,Right,Left,103,255,40,118731182,nan,nan,0.09
8/18/2026 20:47:00,1.17.3,LeftRight,57,3.86,nan,1,Right,Left,103,256,40,118733693,nan,nan,0.05
8/18/2026 20:47:07,1.17.3,LeftRight,57,3.87,nan,1,Right,Left,103,257,40,118740738,nan,nan,0.11
8/18/2026 20:48:22,1.17.3,LeftRight,57,3.86,nan,1,Right,Left,103,258,40,118815180,nan,nan,0.00
8/18/2026 20:53:13,1.17.3,LeftRight,57,3.85,nan,1,Right,Left,103,259,40,119106588,nan,nan,0.00
8/18/2026 20:53:45,1.17.3,LeftRight,57,3.87,nan,1,Left,Left,104,259,40,119138449,nan,nan,0.00
8/18/2026 20:53:56,1.17.3,LeftRight,57,3.87,nan,1,Right,Left,104,260,40,119149288,nan,nan,0.12
8/18/2026 20:53:59,1.17.3,LeftRight,57,3.86,2,1,Pellet,Left,104,260,41,119149288,0.89,906,nan
8/18/2026 20:54:12,1.17.3,LeftRight,57,3.87,nan,1,Left,Left,105,260,41,119165918,nan,nan,0.00
8/18/2026 20:55:12,1.17.3,LeftRight,57,3.87,nan,1,RESET,Left,105,260,41,119225489,nan,nan,nan
8/18/2026 20:59:31,1.17.3,LeftRight,57,3.87,nan,1,Right,Left,105,261,41,119484900,nan,nan,0.04
8/18/2026 20:59:37,1.17.3,LeftRight,57,3.86,nan,1,Right,Left,105,262,41,119490006,nan,nan,0.33
8/18/2026 20:59:40,1.17.3,LeftRight,57,3.86,nan,1,Left,Left,106,262,41,119493370,nan,nan,0.00
8/18/2026 20:59:42,1.17.3,LeftRight,57,3.87,nan,1,Right,Left,106,263,41,119495639,nan,nan,0.13
8/18/2026 20:59:44,1.17.3,LeftRight,57,3.86,1,1,Pellet,Left,106,263,42,119495639,1.31,345,nan
8/18/2026 20:59:53,1.17.3,LeftRight,57,3.86,nan,1,Right,Left,106,264,42,119507047,nan,nan,0.00
8/18/2026 20:59:59,1.17.3,LeftRight,57,3.86,nan,1,Right,Left,106,265,42,119512717,nan,nan,0.04
8/18/2026 21:00:02,1.17.3,LeftRight,57,3.86,nan,1,Right,Left,106,266,42,119515466,nan,nan,0.21
8/18/2026 21:00:20,1.17.3,LeftRight,57,3.87,nan,1,Right,Left,106,267,42,119533313,nan,nan,0.07
8/18/2026 21:01:23,1.17.3,LeftRight,57,3.87,nan,1,Right,Left,106,268,42,119596182,nan,nan,0.02
8/18/2026 21:04:47,1.17.3,LeftRight,57,3.86,nan,1,Right,Left,106,269,42,119800756,nan,nan,0.02
8/18/2026 21:04:49,1.17.3,LeftRight,57,3.86,nan,1,Right,Left,106,270,42,119802607,nan,nan,0.00
8/18/2026 21:05:01,1.17.3,LeftRight,57,3.86,nan,1,Left,Left,107,270,42,119814365,nan,nan,0.00
8/18/2026 21:05:05,1.17.3,LeftRight,57,3.86,nan,1,Right,Left,107,271,42,119818402,nan,nan,0.05
8/18/2026 21:05:07,1.17.3,LeftRight,57,3.86,1,1,Pellet,Left,107,271,43,119818402,1.49,323,nan
8/18/2026 21:05:18,1.17.3,LeftRight,57,3.86,nan,1,Right,Left,107,272,43,119831586,nan,nan,0.12
8/18/2026 21:05:22,1.17.3,LeftRight,57,3.86,nan,1,Right,Left,107,273,43,119835157,nan,nan,0.05
8/18/2026 21:05:25,1.17.3,LeftRight,57,3.87,nan,1,Right,Left,107,274,43,119838207,nan,nan,0.20
8/18/2026 21:05:28,1.17.3,LeftRight,57,3.86,nan,1,Left,Left,108,274,43,119841383,nan,nan,0.00
8/18/2026 21:06:27,1.17.3,LeftRight,57,3.86,nan,1,RESET,Left,108,274,43,119900636,nan,nan,nan
8/18/2026 21:07:18,1.17.3,LeftRight,57,3.86,nan,1,Left,Left,109,274,43,119951810,nan,nan,0.00
8/18/2026 21:07:19,1.17.3,LeftRight,57,3.87,nan,1,Right,Left,109,275,43,119952754,nan,nan,0.08
8/18/2026 21:07:20,1.17.3,LeftRight,57,3.86,1,1,Pellet,Left,109,275,44,119952754,0.59,133,nan
8/18/2026 21:07:31,1.17.3,LeftRight,57,3.87,nan,1,Right,Left,109,276,44,119964941,nan,nan,0.16
8/18/2026 21:07:33,1.17.3,LeftRight,57,3.87,nan,1,Right,Left,109,277,44,119966626,nan,nan,0.03
8/18/2026 21:07:38,1.17.3,LeftRight,57,3.86,nan,1,Right,Left,109,278,44,119971279,nan,nan,0.15
8/18/2026 21:07:39,1.17.3,LeftRight,57,3.86,nan,1,Left,Left,110,278,44,119973129,nan,nan,0.00
8/18/2026 21:07:42,1.17.3,LeftRight,57,3.86,nan,1,Left,Left,111,278,44,119975824,nan,nan,0.00
8/18/2026 21:07:44,1.17.3,LeftRight,57,3.87,nan,1,Left,Left,112,278,44,119977755,nan,nan,0.00
8/18/2026 21:07:53,1.17.3,LeftRight,57,3.86,nan,1,Right,Left,112,279,44,119986802,nan,nan,0.00
8/18/2026 21:07:55,1.17.3,LeftRight,57,3.86,2,1,Pellet,Left,112,279,45,119986802,0.95,35,nan
8/18/2026 21:11:50,1.17.3,LeftRight,57,3.87,nan,1,Right,Left,112,280,45,120224089,nan,nan,0.06
8/18/2026 21:11:52,1.17.3,LeftRight,57,3.86,nan,1,Right,Left,112,281,45,120225236,nan,nan,0.09
8/18/2026 21:11:53,1.17.3,LeftRight,57,3.86,nan,1,Right,Left,112,282,45,120227149,nan,nan,0.00
8/18/2026 21:13:49,1.17.3,LeftRight,57,3.87,nan,1,Right,Left,112,283,45,120342986,nan,nan,0.03
8/18/2026 21:13:51,1.17.3,LeftRight,57,3.86,nan,1,Left,Left,113,283,45,120345068,nan,nan,0.00
8/18/2026 21:13:53,1.17.3,LeftRight,57,3.87,nan,1,Right,Left,113,284,45,120346742,nan,nan,0.14
8/18/2026 21:13:55,1.17.3,LeftRight,57,3.86,1,1,Pellet,Left,113,284,46,120346742,0.95,360,nan
8/18/2026 21:14:05,1.17.3,LeftRight,57,3.87,nan,1,Right,Left,113,285,46,120358608,nan,nan,0.00
8/18/2026 21:14:07,1.17.3,LeftRight,57,3.86,nan,1,Right,Left,113,286,46,120360578,nan,nan,0.13
8/18/2026 21:14:13,1.17.3,LeftRight,57,3.87,nan,1,Left,Left,114,286,46,120367103,nan,nan,0.00
8/18/2026 21:15:13,1.17.3,LeftRight,57,3.86,nan,1,RESET,Left,114,286,46,120426736,nan,nan,nan
8/18/2026 21:17:10,1.17.3,LeftRight,57,3.87,nan,1,Right,Left,114,287,46,120544009,nan,nan,0.00
8/18/2026 21:17:14,1.17.3,LeftRight,57,3.86,nan,1,Right,Left,114,288,46,120548046,nan,nan,0.00
8/18/2026 21:17:16,1.17.3,LeftRight,57,3.86,nan,1,Right,Left,114,289,46,120549720,nan,nan,0.05
8/18/2026 21:17:19,1.17.3,LeftRight,57,3.86,nan,1,Right,Left,114,290,46,120553214,nan,nan,0.01
8/18/2026 21:20:45,1.17.3,LeftRight,57,3.87,nan,1,Right,Left,114,291,46,120759150,nan,nan,0.01
8/18/2026 21:20:47,1.17.3,LeftRight,57,3.86,nan,1,Right,Left,114,292,46,120760540,nan,nan,0.00
8/18/2026 21:20:49,1.17.3,LeftRight,57,3.87,nan,1,Right,Left,114,293,46,120762959,nan,nan,0.18
8/18/2026 21:20:54,1.17.3,LeftRight,57,3.86,nan,1,Right,Left,114,294,46,120767178,nan,nan,0.15
8/18/2026 21:20:56,1.17.3,LeftRight,57,3.86,nan,1,Right,Left,114,295,46,120769294,nan,nan,0.36
8/18/2026 21:20:57,1.17.3,LeftRight,57,3.86,nan,1,Right,Left,114,296,46,120771039,nan,nan,0.05
8/18/2026 21:21:04,1.17.3,LeftRight,57,3.87,nan,1,Right,Left,114,297,46,120777781,nan,nan,0.01
8/18/2026 21:28:15,1.17.3,LeftRight,57,3.86,nan,1,Left,Left,115,297,46,121209115,nan,nan,0.00
8/18/2026 21:28:19,1.17.3,LeftRight,57,3.86,nan,1,Right,Left,115,298,46,121212561,nan,nan,0.00
8/18/2026 21:28:20,1.17.3,LeftRight,57,3.86,1,1,Pellet,Left,115,298,47,121212561,0.71,865,nan
8/18/2026 21:28:32,1.17.3,LeftRight,57,3.86,nan,1,Right,Left,115,299,47,121225972,nan,nan,0.00
8/18/2026 21:28:37,1.17.3,LeftRight,57,3.86,nan,1,Right,Left,115,300,47,121231189,nan,nan,0.12
8/18/2026 21:28:40,1.17.3,LeftRight,57,3.86,nan,1,Right,Left,115,301,47,121233571,nan,nan,0.02
8/18/2026 21:28:42,1.17.3,LeftRight,57,3.86,nan,1,Right,Left,115,302,47,121235417,nan,nan,0.06
8/18/2026 21:28:46,1.17.3,LeftRight,57,3.86,nan,1,Left,Left,116,302,47,121239399,nan,nan,0.00
8/18/2026 21:28:50,1.17.3,LeftRight,57,3.86,nan,1,Right,Left,116,303,47,121243583,nan,nan,0.01
8/18/2026 21:29:01,1.17.3,LeftRight,57,3.86,2,1,Pellet,Left,116,303,48,121243583,10.43,41,nan
8/18/2026 21:29:18,1.17.3,LeftRight,57,3.86,nan,1,Left,Left,117,303,48,121271800,nan,nan,0.00
8/18/2026 21:29:26,1.17.3,LeftRight,57,3.87,nan,1,Right,Left,117,304,48,121279384,nan,nan,0.05
8/18/2026 21:29:27,1.17.3,LeftRight,57,3.86,1,1,Pellet,Left,117,304,49,121279384,0.77,26,nan
8/18/2026 21:29:47,1.17.3,LeftRight,57,3.86,nan,1,Left,Left,118,304,49,121301325,nan,nan,0.00
8/18/2026 21:30:04,1.17.3,LeftRight,57,3.86,nan,1,Right,Left,118,305,49,121318212,nan,nan,0.00
8/18/2026 21:30:07,1.17.3,LeftRight,57,3.86,1,1,Pellet,Left,118,305,50,121318212,1.91,40,nan
8/18/2026 21:30:26,1.17.3,LeftRight,57,3.86,nan,1,Right,Left,118,306,50,121340236,nan,nan,0.01
8/18/2026 21:33:57,1.17.3,LeftRight,57,3.86,nan,1,Right,Left,118,307,50,121550402,nan,nan,0.02
8/18/2026 21:33:58,1.17.3,LeftRight,57,3.86,nan,1,Right,Left,118,308,50,121552100,nan,nan,0.00
8/18/2026 21:39:59,1.17.3,LeftRight,57,3.86,nan,1,Left,Left,119,308,50,121912705,nan,nan,0.00
8/18/2026 21:40:05,1.17.3,LeftRight,57,3.86,nan,1,Right,Left,119,309,50,121918514,nan,nan,0.00
8/18/2026 21:40:07,1.17.3,LeftRight,57,3.86,1,1,Pellet,Left,119,309,51,121918514,1.79,600,nan
8/18/2026 21:43:13,1.17.3,LeftRight,57,3.86,nan,1,Left,Left,120,309,51,122106829,nan,nan,0.00
8/18/2026 21:43:15,1.17.3,LeftRight,57,3.87,nan,1,Right,Left,120,310,51,122108504,nan,nan,0.00
8/18/2026 21:43:16,1.17.3,LeftRight,57,3.86,1,1,Pellet,Left,120,310,52,122108504,0.77,189,nan
8/18/2026 21:43:47,1.17.3,LeftRight,57,3.86,nan,1,Left,Left,121,310,52,122140786,nan,nan,0.00
8/18/2026 21:43:49,1.17.3,LeftRight,57,3.86,nan,1,Left,Left,122,310,52,122143365,nan,nan,0.00
8/18/2026 21:43:52,1.17.3,LeftRight,57,3.87,nan,1,Right,Left,122,311,52,122145490,nan,nan,0.25
8/18/2026 21:44:03,1.17.3,LeftRight,57,3.85,nan,1,RightDuringDispense,Left,122,312,52,122145490,nan,nan,0.01
8/18/2026 21:44:05,1.17.3,LeftRight,57,3.86,6,1,Pellet,Left,122,312,53,122145490,1.49,49,nan
8/18/2026 21:45:53,1.17.3,LeftRight,57,3.86,nan,1,Right,Left,122,313,53,122267435,nan,nan,0.00
8/18/2026 21:46:01,1.17.3,LeftRight,57,3.86,nan,1,Right,Left,122,314,53,122275308,nan,nan,0.07
8/18/2026 21:49:22,1.17.3,LeftRight,57,3.85,nan,1,Right,Left,122,315,53,122475915,nan,nan,0.00
8/18/2026 21:49:24,1.17.3,LeftRight,57,3.86,nan,1,Right,Left,122,316,53,122478033,nan,nan,0.03
8/18/2026 21:49:28,1.17.3,LeftRight,57,3.84,nan,1,Right,Left,122,317,53,122481511,nan,nan,0.00
8/18/2026 21:49:53,1.17.3,LeftRight,57,3.85,nan,1,Right,Left,122,318,53,122506787,nan,nan,0.00
8/18/2026 21:49:55,1.17.3,LeftRight,57,3.85,nan,1,Right,Left,122,319,53,122509201,nan,nan,0.09
8/18/2026 21:49:57,1.17.3,LeftRight,57,3.86,nan,1,Left,Left,123,319,53,122511186,nan,nan,0.00
8/18/2026 21:49:59,1.17.3,LeftRight,57,3.86,nan,1,Right,Left,123,320,53,122513013,nan,nan,0.00
8/18/2026 21:50:01,1.17.3,LeftRight,57,3.86,2,1,Pellet,Left,123,320,54,122513013,1.01,356,nan
8/18/2026 21:50:21,1.17.3,LeftRight,57,3.86,nan,1,Right,Left,123,321,54,122534961,nan,nan,0.11
8/18/2026 21:50:23,1.17.3,LeftRight,57,3.86,nan,1,Left,Left,124,321,54,122537189,nan,nan,0.00
8/18/2026 21:50:30,1.17.3,LeftRight,57,3.86,nan,1,Right,Left,124,322,54,122544470,nan,nan,0.00
8/18/2026 21:50:33,1.17.3,LeftRight,57,3.86,2,1,Pellet,Left,124,322,55,122544470,1.43,32,nan
8/18/2026 21:50:43,1.17.3,LeftRight,57,3.86,nan,1,Right,Left,124,323,55,122556973,nan,nan,0.09
8/18/2026 21:52:27,1.17.3,LeftRight,57,3.86,nan,1,Right,Left,124,324,55,122661183,nan,nan,0.00
8/18/2026 21:52:30,1.17.3,LeftRight,57,3.86,nan,1,Right,Left,124,325,55,122664335,nan,nan,0.00
8/18/2026 21:52:33,1.17.3,LeftRight,57,3.86,nan,1,Right,Left,124,326,55,122666603,nan,nan,0.15
8/18/2026 21:54:42,1.17.3,LeftRight,57,3.86,nan,1,Right,Left,124,327,55,122795755,nan,nan,0.00
8/18/2026 21:54:42,1.17.3,LeftRight,57,3.86,nan,1,Right,Left,124,328,55,122796250,nan,nan,0.15
8/18/2026 21:54:45,1.17.3,LeftRight,57,3.86,nan,1,Right,Left,124,329,55,122798668,nan,nan,0.26
8/18/2026 21:54:47,1.17.3,LeftRight,57,3.86,nan,1,Right,Left,124,330,55,122800901,nan,nan,0.36
8/18/2026 21:54:49,1.17.3,LeftRight,57,3.86,nan,1,Right,Left,124,331,55,122802793,nan,nan,0.04
8/18/2026 21:54:51,1.17.3,LeftRight,57,3.86,nan,1,Right,Left,124,332,55,122805247,nan,nan,0.04
8/18/2026 21:54:54,1.17.3,LeftRight,57,3.86,nan,1,Right,Left,124,333,55,122807705,nan,nan,0.33
8/18/2026 21:54:58,1.17.3,LeftRight,57,3.86,nan,1,Right,Left,124,334,55,122811921,nan,nan,0.03
8/18/2026 21:55:01,1.17.3,LeftRight,57,3.86,nan,1,Left,Left,125,334,55,122815062,nan,nan,0.00
8/18/2026 21:55:02,1.17.3,LeftRight,57,3.85,nan,1,Right,Left,125,335,55,122816296,nan,nan,0.00
8/18/2026 21:55:04,1.17.3,LeftRight,57,3.86,1,1,Pellet,Left,125,335,56,122816296,0.71,271,nan
8/18/2026 21:57:34,1.17.3,LeftRight,57,3.86,nan,1,Right,Left,125,336,56,122968532,nan,nan,0.00
8/18/2026 21:57:41,1.17.3,LeftRight,57,3.86,nan,1,Right,Left,125,337,56,122975084,nan,nan,0.03
8/18/2026 21:57:46,1.17.3,LeftRight,57,3.86,nan,1,Right,Left,125,338,56,122980333,nan,nan,0.17
8/18/2026 22:02:57,1.17.3,LeftRight,57,3.86,nan,1,Right,Left,125,339,56,123290902,nan,nan,0.01
8/18/2026 22:04:34,1.17.3,LeftRight,57,3.86,nan,1,Left,Left,126,339,56,123387819,nan,nan,0.00
8/18/2026 22:05:33,1.17.3,LeftRight,57,3.86,nan,1,RESET,Left,126,339,56,123447033,nan,nan,nan
8/18/2026 22:07:43,1.17.3,LeftRight,57,3.86,nan,1,Right,Left,126,340,56,123576589,nan,nan,0.16
8/18/2026 22:07:49,1.17.3,LeftRight,57,3.87,nan,1,Left,Left,127,340,56,123583005,nan,nan,0.00
8/18/2026 22:07:55,1.17.3,LeftRight,57,3.85,nan,1,Right,Left,127,341,56,123589113,nan,nan,0.22
8/18/2026 22:07:57,1.17.3,LeftRight,57,3.86,1,1,Pellet,Left,127,341,57,123589113,0.89,773,nan
8/18/2026 22:08:08,1.17.3,LeftRight,57,3.87,nan,1,Right,Left,127,342,57,123602407,nan,nan,0.02
8/18/2026 22:08:17,1.17.3,LeftRight,57,3.86,nan,1,Left,Left,128,342,57,123610934,nan,nan,0.00
8/18/2026 22:08:21,1.17.3,LeftRight,57,3.86,nan,1,Right,Left,128,343,57,123615420,nan,nan,0.12
8/18/2026 22:08:23,1.17.3,LeftRight,57,3.85,1,1,Pellet,Left,128,343,58,123615420,1.25,26,nan
8/18/2026 22:09:11,1.17.3,LeftRight,57,3.86,nan,1,Right,Left,128,344,58,123664671,nan,nan,0.00
8/18/2026 22:09:11,1.17.3,LeftRight,57,3.86,nan,1,Right,Left,128,345,58,123665166,nan,nan,0.00
8/18/2026 22:09:12,1.17.3,LeftRight,57,3.86,nan,1,Right,Left,128,346,58,123666260,nan,nan,0.10
8/18/2026 22:09:16,1.17.3,LeftRight,57,3.86,nan,1,Right,Left,128,347,58,123669810,nan,nan,0.05
8/18/2026 22:09:31,1.17.3,LeftRight,57,3.86,nan,1,Right,Left,128,348,58,123684995,nan,nan,0.03
8/18/2026 22:09:44,1.17.3,LeftRight,57,3.86,nan,1,Right,Left,128,349,58,123697797,nan,nan,0.14
8/18/2026 22:09:45,1.17.3,LeftRight,57,3.86,nan,1,Right,Left,128,350,58,123699470,nan,nan,0.04
8/18/2026 22:13:23,1.17.3,LeftRight,57,3.86,nan,1,Right,Left,128,351,58,123917129,nan,nan,0.11
8/18/2026 22:13:28,1.17.3,LeftRight,57,3.86,nan,1,Left,Left,129,351,58,123922264,nan,nan,0.00
8/18/2026 22:13:30,1.17.3,LeftRight,57,3.86,nan,1,Right,Left,129,352,58,123924383,nan,nan,0.00
8/18/2026 22:13:32,1.17.3,LeftRight,57,3.86,1,1,Pellet,Left,129,352,59,123924383,0.65,309,nan
8/18/2026 22:13:46,1.17.3,LeftRight,57,3.86,nan,1,Right,Left,129,353,59,123940467,nan,nan,0.01
8/18/2026 22:13:52,1.17.3,LeftRight,57,3.86,nan,1,Right,Left,129,354,59,123946433,nan,nan,0.09
8/18/2026 22:13:57,1.17.3,LeftRight,57,3.86,nan,1,Right,Left,129,355,59,123951312,nan,nan,0.23
8/18/2026 22:14:04,1.17.3,LeftRight,57,3.86,nan,1,Left,Left,130,355,59,123958018,nan,nan,0.00
8/18/2026 22:14:15,1.17.3,LeftRight,57,3.86,nan,1,Right,Left,130,356,59,123969591,nan,nan,0.03
8/18/2026 22:14:25,1.17.3,LeftRight,57,3.86,1,1,Pellet,Left,130,356,60,123969591,8.75,53,nan
8/18/2026 22:15:05,1.17.3,LeftRight,57,3.86,nan,1,Right,Left,130,357,60,124019316,nan,nan,0.00
8/18/2026 22:15:40,1.17.3,LeftRight,57,3.86,nan,1,Right,Left,130,358,60,124053787,nan,nan,0.00
8/18/2026 22:15:42,1.17.3,LeftRight,57,3.86,nan,1,Right,Left,130,359,60,124055760,nan,nan,0.08
8/18/2026 22:15:43,1.17.3,LeftRight,57,3.86,nan,1,Right,Left,130,360,60,124057520,nan,nan,0.00
8/18/2026 22:15:53,1.17.3,LeftRight,57,3.85,nan,1,Right,Left,130,361,60,124067622,nan,nan,0.08
8/18/2026 22:21:30,1.17.3,LeftRight,57,3.86,nan,1,Right,Left,130,362,60,124404505,nan,nan,0.00
8/18/2026 22:21:37,1.17.3,LeftRight,57,3.86,nan,1,Right,Left,130,363,60,124411653,nan,nan,0.00
8/18/2026 22:21:39,1.17.3,LeftRight,57,3.86,nan,1,Right,Left,130,364,60,124413200,nan,nan,0.08
8/18/2026 22:22:52,1.17.3,LeftRight,57,3.86,nan,1,Right,Left,130,365,60,124486654,nan,nan,0.00
8/18/2026 22:22:53,1.17.3,LeftRight,57,3.86,nan,1,Right,Left,130,366,60,124487150,nan,nan,0.00
8/18/2026 22:22:55,1.17.3,LeftRight,57,3.86,nan,1,Right,Left,130,367,60,124488977,nan,nan,0.00
8/18/2026 22:23:02,1.17.3,LeftRight,57,3.86,nan,1,Right,Left,130,368,60,124496568,nan,nan,0.05
8/18/2026 22:23:06,1.17.3,LeftRight,57,3.86,nan,1,Left,Left,131,368,60,124500375,nan,nan,0.00
8/18/2026 22:23:11,1.17.3,LeftRight,57,3.86,nan,1,Right,Left,131,369,60,124505157,nan,nan,0.03
8/18/2026 22:23:12,1.17.3,LeftRight,57,3.86,1,1,Pellet,Left,131,369,61,124505157,0.77,527,nan
8/18/2026 22:24:56,1.17.3,LeftRight,57,3.86,nan,1,Right,Left,131,370,61,124610540,nan,nan,0.00
8/18/2026 22:24:59,1.17.3,LeftRight,57,3.87,nan,1,Right,Left,131,371,61,124613249,nan,nan,0.00
8/18/2026 22:25:11,1.17.3,LeftRight,57,3.86,nan,1,Right,Left,131,372,61,124625547,nan,nan,0.20
8/18/2026 22:25:14,1.17.3,LeftRight,57,3.86,nan,1,Right,Left,131,373,61,124628604,nan,nan,0.04
8/18/2026 22:25:22,1.17.3,LeftRight,57,3.86,nan,1,Right,Left,131,374,61,124635782,nan,nan,0.06
8/18/2026 22:25:25,1.17.3,LeftRight,57,3.86,nan,1,Right,Left,131,375,61,124639140,nan,nan,0.07
8/18/2026 22:25:30,1.17.3,LeftRight,57,3.86,nan,1,Right,Left,131,376,61,124644432,nan,nan,0.07
8/18/2026 22:25:36,1.17.3,LeftRight,57,3.86,nan,1,Right,Left,131,377,61,124649576,nan,nan,0.32
8/18/2026 22:27:55,1.17.3,LeftRight,57,3.86,nan,1,Right,Left,131,378,61,124788905,nan,nan,0.05
8/18/2026 22:28:03,1.17.3,LeftRight,57,3.86,nan,1,Right,Left,131,379,61,124796831,nan,nan,0.06
8/18/2026 22:28:04,1.17.3,LeftRight,57,3.86,nan,1,Right,Left,131,380,61,124798712,nan,nan,0.01
8/18/2026 22:28:07,1.17.3,LeftRight,57,3.86,nan,1,Left,Left,132,380,61,124801751,nan,nan,0.00
8/18/2026 22:28:09,1.17.3,LeftRight,57,3.86,nan,1,Right,Left,132,381,61,124802985,nan,nan,0.13
8/18/2026 22:28:10,1.17.3,LeftRight,57,3.86,1,1,Pellet,Left,132,381,62,124802985,0.83,298,nan
8/18/2026 22:29:00,1.17.3,LeftRight,57,3.86,nan,1,Right,Left,132,382,62,124853767,nan,nan,0.33
8/18/2026 22:29:38,1.17.3,LeftRight,57,3.85,nan,1,Right,Left,132,383,62,124891873,nan,nan,0.00
8/18/2026 22:29:46,1.17.3,LeftRight,57,3.86,nan,1,Right,Left,132,384,62,124899912,nan,nan,0.00
8/18/2026 22:29:50,1.17.3,LeftRight,57,3.86,nan,1,Right,Left,132,385,62,124903959,nan,nan,0.07
8/18/2026 22:29:51,1.17.3,LeftRight,57,3.86,nan,1,Right,Left,132,386,62,124905566,nan,nan,0.18
8/18/2026 22:29:55,1.17.3,LeftRight,57,3.86,nan,1,Right,Left,132,387,62,124909345,nan,nan,0.14
8/18/2026 22:30:03,1.17.3,LeftRight,57,3.86,nan,1,Right,Left,132,388,62,124916782,nan,nan,0.09
8/18/2026 22:30:04,1.17.3,LeftRight,57,3.86,nan,1,Right,Left,132,389,62,124918110,nan,nan,0.07
8/18/2026 22:30:07,1.17.3,LeftRight,57,3.86,nan,1,Right,Left,132,390,62,124920890,nan,nan,0.03
8/18/2026 22:30:17,1.17.3,LeftRight,57,3.86,nan,1,Right,Left,132,391,62,124931176,nan,nan,0.00
8/18/2026 22:30:24,1.17.3,LeftRight,57,3.86,nan,1,Left,Left,133,391,62,124938260,nan,nan,0.00
8/18/2026 22:30:29,1.17.3,LeftRight,57,3.86,nan,1,Right,Left,133,392,62,124943778,nan,nan,0.05
8/18/2026 22:30:31,1.17.3,LeftRight,57,3.85,1,1,Pellet,Left,133,392,63,124943778,0.53,141,nan
8/18/2026 22:30:54,1.17.3,LeftRight,57,3.86,nan,1,Right,Left,133,393,63,124968523,nan,nan,0.11
8/18/2026 22:31:46,1.17.3,LeftRight,57,3.86,nan,1,Right,Left,133,394,63,125020550,nan,nan,0.05
8/18/2026 22:31:50,1.17.3,LeftRight,57,3.86,nan,1,Right,Left,133,395,63,125024200,nan,nan,0.03
8/18/2026 22:32:00,1.17.3,LeftRight,57,3.86,nan,1,Right,Left,133,396,63,125033890,nan,nan,0.13
8/18/2026 22:32:04,1.17.3,LeftRight,57,3.85,nan,1,Left,Left,134,396,63,125037973,nan,nan,0.00
8/18/2026 22:32:05,1.17.3,LeftRight,57,3.86,nan,1,Right,Left,134,397,63,125039060,nan,nan,0.20
8/18/2026 22:32:06,1.17.3,LeftRight,57,3.86,1,1,Pellet,Left,134,397,64,125039060,0.65,95,nan
8/18/2026 22:32:18,1.17.3,LeftRight,57,3.86,nan,1,Right,Left,134,398,64,125052201,nan,nan,0.00
8/18/2026 22:32:20,1.17.3,LeftRight,57,3.86,nan,1,Right,Left,134,399,64,125054174,nan,nan,0.46
8/18/2026 22:32:31,1.17.3,LeftRight,57,3.86,nan,1,Right,Left,134,400,64,125064732,nan,nan,0.26
8/18/2026 22:32:36,1.17.3,LeftRight,57,3.86,nan,1,Right,Left,134,401,64,125070072,nan,nan,0.00
8/18/2026 22:32:44,1.17.3,LeftRight,57,3.86,nan,1,Right,Left,134,402,64,125077948,nan,nan,0.08
8/18/2026 22:32:46,1.17.3,LeftRight,57,3.86,nan,1,Right,Left,134,403,64,125080296,nan,nan,0.12
8/18/2026 22:32:49,1.17.3,LeftRight,57,3.86,nan,1,Right,Left,134,404,64,125083133,nan,nan,0.26
8/18/2026 22:32:51,1.17.3,LeftRight,57,3.86,nan,1,Right,Left,134,405,64,125084776,nan,nan,0.15
8/18/2026 22:32:54,1.17.3,LeftRight,57,3.85,nan,1,Right,Left,134,406,64,125088230,nan,nan,0.00
8/18/2026 22:33:55,1.17.3,LeftRight,57,3.86,nan,1,Left,Left,135,406,64,125149603,nan,nan,0.00
8/18/2026 22:34:25,1.17.3,LeftRight,57,3.86,nan,1,RESET,Left,135,406,64,125179359,nan,nan,nan
8/18/2026 22:35:06,1.17.3,LeftRight,57,3.85,nan,1,Right,Left,135,407,64,125220294,nan,nan,0.00
8/18/2026 22:54:25,1.17.3,LeftRight,57,3.86,nan,1,Right,Left,135,408,64,126379127,nan,nan,0.35
8/18/2026 22:54:27,1.17.3,LeftRight,57,3.87,nan,1,Right,Left,135,409,64,126381446,nan,nan,0.21
8/18/2026 22:54:55,1.17.3,LeftRight,57,3.86,nan,1,Right,Left,135,410,64,126409486,nan,nan,0.00
8/18/2026 22:55:47,1.17.3,LeftRight,57,3.86,nan,1,Right,Left,135,411,64,126461375,nan,nan,0.34
8/18/2026 22:55:59,1.17.3,LeftRight,57,3.86,nan,1,Right,Left,135,412,64,126473432,nan,nan,0.12
8/18/2026 22:56:01,1.17.3,LeftRight,57,3.86,nan,1,Right,Left,135,413,64,126475971,nan,nan,0.00
8/18/2026 22:56:20,1.17.3,LeftRight,57,3.86,nan,1,Right,Left,135,414,64,126494781,nan,nan,0.04
8/18/2026 22:56:22,1.17.3,LeftRight,57,3.86,nan,1,Right,Left,135,415,64,126496199,nan,nan,0.18
8/18/2026 22:56:27,1.17.3,LeftRight,57,3.86,nan,1,Left,Left,136,415,64,126502065,nan,nan,0.00
8/18/2026 22:56:33,1.17.3,LeftRight,57,3.85,nan,1,Right,Left,136,416,64,126507583,nan,nan,0.28
8/18/2026 22:56:35,1.17.3,LeftRight,57,3.86,1,1,Pellet,Left,136,416,65,126507583,0.65,1469,nan
8/18/2026 22:57:17,1.17.3,LeftRight,57,3.85,nan,1,Right,Left,136,417,65,126552106,nan,nan,0.00
8/18/2026 22:57:30,1.17.3,LeftRight,57,3.86,nan,1,Right,Left,136,418,65,126564558,nan,nan,0.00
8/18/2026 22:57:47,1.17.3,LeftRight,57,3.86,nan,1,Right,Left,136,419,65,126581601,nan,nan,0.33
8/18/2026 22:57:52,1.17.3,LeftRight,57,3.85,nan,1,Right,Left,136,420,65,126586857,nan,nan,0.09
8/18/2026 22:57:54,1.17.3,LeftRight,57,3.86,nan,1,Right,Left,136,421,65,126588779,nan,nan,0.21
8/18/2026 22:57:56,1.17.3,LeftRight,57,3.86,nan,1,Right,Left,136,422,65,126590085,nan,nan,0.27
8/18/2026 22:57:57,1.17.3,LeftRight,57,3.86,nan,1,Right,Left,136,423,65,126592036,nan,nan,0.07
8/18/2026 22:58:00,1.17.3,LeftRight,57,3.86,nan,1,Right,Left,136,424,65,126594969,nan,nan,0.07
8/18/2026 22:58:10,1.17.3,LeftRight,57,3.86,nan,1,Left,Left,137,424,65,126605161,nan,nan,0.00
8/18/2026 22:58:11,1.17.3,LeftRight,57,3.86,nan,1,Left,Left,138,424,65,126605748,nan,nan,0.00
8/18/2026 22:58:12,1.17.3,LeftRight,57,3.85,nan,1,Left,Left,139,424,65,126606353,nan,nan,0.00
8/18/2026 22:58:15,1.17.3,LeftRight,57,3.86,nan,1,Right,Left,139,425,65,126609806,nan,nan,0.05
8/18/2026 22:58:17,1.17.3,LeftRight,57,3.86,1,1,Pellet,Left,139,425,66,126609806,0.59,102,nan
8/18/2026 22:59:33,1.17.3,LeftRight,57,3.85,nan,1,Right,Left,139,426,66,126687871,nan,nan,0.02
8/18/2026 22:59:38,1.17.3,LeftRight,57,3.87,nan,1,Right,Left,139,427,66,126692672,nan,nan,0.18
8/18/2026 22:59:52,1.17.3,LeftRight,57,3.86,nan,1,Right,Left,139,428,66,126706213,nan,nan,0.00
8/18/2026 22:59:56,1.17.3,LeftRight,57,3.86,nan,1,Right,Left,139,429,66,126710111,nan,nan,0.09
8/18/2026 22:59:57,1.17.3,LeftRight,57,3.86,nan,1,Right,Left,139,430,66,126712026,nan,nan,0.00
8/18/2026 22:59:59,1.17.3,LeftRight,57,3.86,nan,1,Right,Left,139,431,66,126713866,nan,nan,0.20
8/18/2026 23:00:03,1.17.3,LeftRight,57,3.86,nan,1,Right,Left,139,432,66,126717372,nan,nan,0.04
8/18/2026 23:00:05,1.17.3,LeftRight,57,3.85,nan,1,Right,Left,139,433,66,126718951,nan,nan,0.54
8/18/2026 23:00:11,1.17.3,LeftRight,57,3.86,nan,1,Left,Left,140,433,66,126725377,nan,nan,0.00
8/18/2026 23:00:13,1.17.3,LeftRight,57,3.86,nan,1,Right,Left,140,434,66,126727794,nan,nan,0.05
8/18/2026 23:00:15,1.17.3,LeftRight,57,3.85,1,1,Pellet,Left,140,434,67,126727794,0.77,118,nan
8/18/2026 23:09:27,1.17.3,LeftRight,57,3.86,nan,1,Right,Left,140,435,67,127281309,nan,nan,0.15
8/18/2026 23:09:32,1.17.3,LeftRight,57,3.86,nan,1,Right,Left,140,436,67,127286982,nan,nan,0.06
8/18/2026 23:09:37,1.17.3,LeftRight,57,3.86,nan,1,Right,Left,140,437,67,127292121,nan,nan,0.02
8/18/2026 23:09:42,1.17.3,LeftRight,57,3.86,nan,1,Right,Left,140,438,67,127296770,nan,nan,0.00
8/18/2026 23:09:42,1.17.3,LeftRight,57,3.86,nan,1,Right,Left,140,439,67,127297265,nan,nan,0.03
8/18/2026 23:09:51,1.17.3,LeftRight,57,3.86,nan,1,Left,Left,141,439,67,127305313,nan,nan,0.00
8/18/2026 23:09:52,1.17.3,LeftRight,57,3.85,nan,1,Right,Left,141,440,67,127307136,nan,nan,0.00
8/18/2026 23:09:54,1.17.3,LeftRight,57,3.86,1,1,Pellet,Left,141,440,68,127307136,0.53,579,nan
8/18/2026 23:10:13,1.17.3,LeftRight,57,3.86,nan,1,Right,Left,141,441,68,127327440,nan,nan,0.00
8/18/2026 23:10:18,1.17.3,LeftRight,57,3.85,nan,1,Right,Left,141,442,68,127333097,nan,nan,0.00
8/18/2026 23:14:49,1.17.3,LeftRight,57,3.85,nan,1,Right,Left,141,443,68,127603854,nan,nan,0.24
8/18/2026 23:15:08,1.17.3,LeftRight,57,3.86,nan,1,Right,Left,141,444,68,127622439,nan,nan,0.17
8/18/2026 23:15:09,1.17.3,LeftRight,57,3.85,nan,1,Right,Left,141,445,68,127624296,nan,nan,0.04
8/18/2026 23:15:12,1.17.3,LeftRight,57,3.85,nan,1,Right,Left,141,446,68,127627195,nan,nan,0.00
8/18/2026 23:15:14,1.17.3,LeftRight,57,3.86,nan,1,Right,Left,141,447,68,127629313,nan,nan,0.00
8/18/2026 23:15:19,1.17.3,LeftRight,57,3.86,nan,1,Left,Left,142,447,68,127633495,nan,nan,0.00
8/18/2026 23:15:22,1.17.3,LeftRight,57,3.86,nan,1,Right,Left,142,448,68,127636499,nan,nan,0.00
8/18/2026 23:15:26,1.17.3,LeftRight,57,3.83,1,1,Pellet,Left,142,448,69,127636499,3.17,332,nan
8/18/2026 23:17:10,1.17.3,LeftRight,57,3.83,nan,1,Left,Left,143,448,69,127744833,nan,nan,0.00
8/18/2026 23:17:16,1.17.3,LeftRight,57,3.83,nan,1,Right,Left,143,449,69,127750346,nan,nan,0.38
8/18/2026 23:17:24,1.17.3,LeftRight,57,3.84,1,1,Pellet,Left,143,449,70,127750346,7.43,118,nan
8/18/2026 23:20:01,1.17.3,LeftRight,57,3.84,nan,1,Right,Left,143,450,70,127915700,nan,nan,0.00
8/18/2026 23:21:19,1.17.3,LeftRight,57,3.86,nan,1,Right,Left,143,451,70,127994166,nan,nan,0.00
8/18/2026 23:22:04,1.17.3,LeftRight,57,3.85,nan,1,Left,Left,144,451,70,128038770,nan,nan,0.00
8/18/2026 23:22:33,1.17.3,LeftRight,57,3.85,nan,1,RESET,Left,144,451,70,128067891,nan,nan,nan
8/18/2026 23:28:29,1.17.3,LeftRight,57,3.86,nan,1,Right,Left,144,452,70,128424471,nan,nan,0.00
8/18/2026 23:28:49,1.17.3,LeftRight,57,3.85,nan,1,Right,Left,144,453,70,128443430,nan,nan,0.19
8/18/2026 23:29:04,1.17.3,LeftRight,57,3.85,nan,1,Left,Left,145,453,70,128459471,nan,nan,0.00
8/18/2026 23:29:07,1.17.3,LeftRight,57,3.86,nan,1,Right,Left,145,454,70,128462189,nan,nan,0.00
8/18/2026 23:29:09,1.17.3,LeftRight,57,3.85,1,1,Pellet,Left,145,454,71,128462189,0.77,705,nan
8/18/2026 23:29:34,1.17.3,LeftRight,57,3.85,nan,1,Left,Left,146,454,71,128488628,nan,nan,0.00
8/18/2026 23:30:03,1.17.3,LeftRight,57,3.86,nan,1,RESET,Left,146,454,71,128518046,nan,nan,nan
8/18/2026 23:35:38,1.17.3,LeftRight,57,3.86,nan,1,Right,Left,146,455,71,128852652,nan,nan,0.00
8/18/2026 23:35:48,1.17.3,LeftRight,57,3.86,nan,1,Right,Left,146,456,71,128863482,nan,nan,0.00
8/18/2026 23:35:57,1.17.3,LeftRight,57,3.86,nan,1,Right,Left,146,457,71,128871955,nan,nan,0.00
8/18/2026 23:35:59,1.17.3,LeftRight,57,3.85,nan,1,Left,Left,147,457,71,128874153,nan,nan,0.00
8/18/2026 23:36:02,1.17.3,LeftRight,57,3.86,nan,1,Left,Left,148,457,71,128877192,nan,nan,0.00
8/18/2026 23:36:06,1.17.3,LeftRight,57,3.86,nan,1,Right,Left,148,458,71,128881230,nan,nan,0.35
8/18/2026 23:36:09,1.17.3,LeftRight,57,3.86,1,1,Pellet,Left,148,458,72,128881230,2.15,420,nan
8/18/2026 23:36:31,1.17.3,LeftRight,57,3.86,nan,1,Right,Left,148,459,72,128905801,nan,nan,0.03
8/18/2026 23:36:31,1.17.3,LeftRight,57,3.85,nan,1,Right,Left,148,460,72,128906330,nan,nan,0.07
8/18/2026 23:36:50,1.17.3,LeftRight,57,3.85,nan,1,Left,Left,149,460,72,128925393,nan,nan,0.00
8/18/2026 23:36:54,1.17.3,LeftRight,57,3.86,nan,1,Right,Left,149,461,72,128929584,nan,nan,0.00
8/18/2026 23:36:57,1.17.3,LeftRight,57,3.85,1,1,Pellet,Left,149,461,73,128929584,1.37,48,nan
8/18/2026 23:37:14,1.17.3,LeftRight,57,3.86,nan,1,Right,Left,149,462,73,128949075,nan,nan,0.01
8/18/2026 23:37:24,1.17.3,LeftRight,57,3.86,nan,1,Right,Left,149,463,73,128958878,nan,nan,0.00
8/18/2026 23:42:29,1.17.3,LeftRight,57,3.86,nan,1,Right,Left,149,464,73,129264346,nan,nan,0.33
8/18/2026 23:42:31,1.17.3,LeftRight,57,3.85,nan,1,Left,Left,150,464,73,129266646,nan,nan,0.00
8/18/2026 23:42:38,1.17.3,LeftRight,57,3.85,nan,1,Right,Left,150,465,73,129272758,nan,nan,0.03
8/18/2026 23:42:39,1.17.3,LeftRight,57,3.85,1,1,Pellet,Left,150,465,74,129272758,1.01,342,nan
8/18/2026 23:46:24,1.17.3,LeftRight,57,3.85,nan,1,Right,Left,150,466,74,129499719,nan,nan,0.00
8/18/2026 23:46:29,1.17.3,LeftRight,57,3.85,nan,1,Right,Left,150,467,74,129504055,nan,nan,0.05
8/18/2026 23:46:36,1.17.3,LeftRight,57,3.84,nan,1,Right,Left,150,468,74,129510653,nan,nan,0.16
8/18/2026 23:46:39,1.17.3,LeftRight,57,3.85,nan,1,Right,Left,150,469,74,129514707,nan,nan,0.04
8/18/2026 23:46:44,1.17.3,LeftRight,57,3.85,nan,1,Left,Left,151,469,74,129519270,nan,nan,0.00
8/18/2026 23:46:47,1.17.3,LeftRight,57,3.86,nan,1,Right,Left,151,470,74,129522282,nan,nan,0.14
8/18/2026 23:46:49,1.17.3,LeftRight,57,3.86,1,1,Pellet,Left,151,470,75,129522282,1.13,250,nan
8/18/2026 23:53:18,1.17.3,LeftRight,57,3.85,nan,1,Left,Left,152,470,75,129913689,nan,nan,0.00
8/18/2026 23:53:23,1.17.3,LeftRight,57,3.85,nan,1,Right,Left,152,471,75,129918024,nan,nan,0.00
8/18/2026 23:53:24,1.17.3,LeftRight,57,3.85,1,1,Pellet,Left,152,471,76,129918024,0.71,395,nan
8/18/2026 23:53:39,1.17.3,LeftRight,57,3.85,nan,1,Right,Left,152,472,76,129933999,nan,nan,0.23
8/18/2026 23:53:42,1.17.3,LeftRight,57,3.86,nan,1,Right,Left,152,473,76,129937091,nan,nan,0.13
8/18/2026 23:53:44,1.17.3,LeftRight,57,3.85,nan,1,Right,Left,152,474,76,129939636,nan,nan,0.18
8/18/2026 23:53:49,1.17.3,LeftRight,57,3.85,nan,1,Right,Left,152,475,76,129944151,nan,nan,0.06
8/18/2026 23:53:52,1.17.3,LeftRight,57,3.85,nan,1,Right,Left,152,476,76,129947361,nan,nan,0.34
8/18/2026 23:53:55,1.17.3,LeftRight,57,3.85,nan,1,Right,Left,152,477,76,129949966,nan,nan,0.05
8/18/2026 23:54:04,1.17.3,LeftRight,57,3.85,nan,1,Right,Left,152,478,76,129959815,nan,nan,0.00
8/18/2026 23:56:42,1.17.3,LeftRight,57,3.85,nan,1,Right,Left,152,479,76,130117382,nan,nan,0.00
8/18/2026 23:56:44,1.17.3,LeftRight,57,3.85,nan,1,Left,Left,153,479,76,130119694,nan,nan,0.00
8/18/2026 23:57:14,1.17.3,LeftRight,57,3.85,nan,1,RESET,Left,153,479,76,130149437,nan,nan,nan
8/18/2026 23:58:21,1.17.3,LeftRight,57,3.85,nan,1,Right,Left,153,480,76,130216485,nan,nan,0.06
8/18/2026 23:58:38,1.17.3,LeftRight,57,3.85,nan,1,Right,Left,153,481,76,130233900,nan,nan,0.00
8/18/2026 23:58:52,1.17.3,LeftRight,57,3.85,nan,1,Right,Left,153,482,76,130247692,nan,nan,0.05
8/18/2026 23:58:56,1.17.3,LeftRight,57,3.85,nan,1,Right,Left,153,483,76,130251789,nan,nan,0.06
8/18/2026 23:58:58,1.17.3,LeftRight,57,3.85,nan,1,Right,Left,153,484,76,130253525,nan,nan,0.02
8/18/2026 23:59:10,1.17.3,LeftRight,57,3.85,nan,1,Right,Left,153,485,76,130265860,nan,nan,0.05
8/18/2026 23:59:12,1.17.3,LeftRight,57,3.85,nan,1,Right,Left,153,486,76,130267889,nan,nan,0.00
8/18/2026 23:59:15,1.17.3,LeftRight,57,3.85,nan,1,Right,Left,153,487,76,130270021,nan,nan,0.08
8/18/2026 23:59:17,1.17.3,LeftRight,57,3.85,nan,1,Right,Left,153,488,76,130272367,nan,nan,0.30
8/18/2026 23:59:19,1.17.3,LeftRight,57,3.85,nan,1,Right,Left,153,489,76,130274048,nan,nan,0.28
8/18/2026 23:59:21,1.17.3,LeftRight,57,3.85,nan,1,Right,Left,153,490,76,130275707,nan,nan,0.44
8/18/2026 23:59:47,1.17.3,LeftRight,57,3.85,nan,1,Right,Left,153,491,76,130301919,nan,nan,0.05
8/19/2026 0:04:20,1.17.3,LeftRight,57,3.85,nan,1,Right,Left,153,492,76,130575240,nan,nan,0.00
8/19/2026 0:04:22,1.17.3,LeftRight,57,3.85,nan,1,Left,Left,154,492,76,130577655,nan,nan,0.00
8/19/2026 0:04:23,1.17.3,LeftRight,57,3.85,nan,1,Left,Left,155,492,76,130578631,nan,nan,0.00
8/19/2026 0:04:26,1.17.3,LeftRight,57,3.86,nan,1,Right,Left,155,493,76,130581637,nan,nan,0.07
8/19/2026 0:04:38,1.17.3,LeftRight,57,3.85,1,1,Pellet,Left,155,493,77,130581637,10.55,674,nan
8/19/2026 0:05:12,1.17.3,LeftRight,57,3.85,nan,1,Right,Left,155,494,77,130627743,nan,nan,0.03
8/19/2026 0:05:14,1.17.3,LeftRight,57,3.85,nan,1,Right,Left,155,495,77,130629891,nan,nan,0.07
8/19/2026 0:05:18,1.17.3,LeftRight,57,3.85,nan,1,Right,Left,155,496,77,130633410,nan,nan,0.08
8/19/2026 0:05:21,1.17.3,LeftRight,57,3.85,nan,1,Left,Left,156,496,77,130636487,nan,nan,0.00
8/19/2026 0:05:23,1.17.3,LeftRight,57,3.86,nan,1,Right,Left,156,497,77,130638311,nan,nan,0.01
8/19/2026 0:05:25,1.17.3,LeftRight,57,3.85,1,1,Pellet,Left,156,497,78,130638311,1.25,47,nan
8/19/2026 0:05:55,1.17.3,LeftRight,57,3.86,nan,1,Left,Left,157,497,78,130670158,nan,nan,0.00
8/19/2026 0:05:58,1.17.3,LeftRight,57,3.85,nan,1,Right,Left,157,498,78,130673311,nan,nan,0.13
8/19/2026 0:06:02,1.17.3,LeftRight,57,3.85,2,1,Pellet,Left,157,498,79,130673311,0.95,37,nan
8/19/2026 0:06:18,1.17.3,LeftRight,57,3.85,nan,1,Right,Left,157,499,79,130693766,nan,nan,0.09
8/19/2026 0:09:20,1.17.3,LeftRight,57,3.85,nan,1,Right,Left,157,500,79,130875249,nan,nan,0.02
8/19/2026 0:09:47,1.17.3,LeftRight,57,3.85,nan,1,Right,Left,157,501,79,130902655,nan,nan,0.04
8/19/2026 0:09:49,1.17.3,LeftRight,57,3.85,nan,1,Right,Left,157,502,79,130904220,nan,nan,0.00
8/19/2026 0:09:58,1.17.3,LeftRight,57,3.85,nan,1,Right,Left,157,503,79,130913729,nan,nan,0.14
8/19/2026 0:10:00,1.17.3,LeftRight,57,3.86,nan,1,Right,Left,157,504,79,130915105,nan,nan,0.17
8/19/2026 0:10:01,1.17.3,LeftRight,57,3.85,nan,1,Right,Left,157,505,79,130916651,nan,nan,0.00
8/19/2026 0:10:08,1.17.3,LeftRight,57,3.85,nan,1,Right,Left,157,506,79,130923203,nan,nan,0.09
8/19/2026 0:10:09,1.17.3,LeftRight,57,3.85,nan,1,Left,Left,158,506,79,130925049,nan,nan,0.00
8/19/2026 0:10:11,1.17.3,LeftRight,57,3.85,nan,1,Right,Left,158,507,79,130926874,nan,nan,0.06
8/19/2026 0:10:17,1.17.3,LeftRight,57,3.85,2,1,Pellet,Left,158,507,80,130926874,2.51,255,nan
8/19/2026 0:10:34,1.17.3,LeftRight,57,3.85,nan,1,Right,Left,158,508,80,130949756,nan,nan,0.00
8/19/2026 0:10:38,1.17.3,LeftRight,57,3.85,nan,1,Left,Left,159,508,80,130953081,nan,nan,0.00
8/19/2026 0:10:40,1.17.3,LeftRight,57,3.85,nan,1,Right,Left,159,509,80,130955060,nan,nan,0.05
8/19/2026 0:10:41,1.17.3,LeftRight,57,3.85,1,1,Pellet,Left,159,509,81,130955060,0.41,24,nan
8/19/2026 0:11:40,1.17.3,LeftRight,57,3.85,nan,1,Right,Left,159,510,81,131015699,nan,nan,0.08
8/19/2026 0:11:42,1.17.3,LeftRight,57,3.85,nan,1,Right,Left,159,511,81,131017598,nan,nan,0.18
8/19/2026 0:11:44,1.17.3,LeftRight,57,3.85,nan,1,Right,Left,159,512,81,131019896,nan,nan,0.07
8/19/2026 0:12:42,1.17.3,LeftRight,57,3.85,nan,1,Right,Left,159,513,81,131077104,nan,nan,0.00
8/19/2026 0:12:44,1.17.3,LeftRight,57,3.85,nan,1,Right,Left,159,514,81,131079516,nan,nan,0.00
8/19/2026 0:13:15,1.17.3,LeftRight,57,3.85,nan,1,Right,Left,159,515,81,131110392,nan,nan,0.00
8/19/2026 0:23:09,1.17.3,LeftRight,57,3.85,nan,1,Right,Left,159,516,81,131704487,nan,nan,0.00
8/19/2026 0:23:16,1.17.3,LeftRight,57,3.85,nan,1,Right,Left,159,517,81,131711922,nan,nan,0.00
8/19/2026 0:23:23,1.17.3,LeftRight,57,3.85,nan,1,Right,Left,159,518,81,131718332,nan,nan,0.18
8/19/2026 0:25:57,1.17.3,LeftRight,57,3.85,nan,1,Right,Left,159,519,81,131872742,nan,nan,0.00
8/19/2026 0:25:59,1.17.3,LeftRight,57,3.85,nan,1,Left,Left,160,519,81,131874379,nan,nan,0.00
8/19/2026 0:26:01,1.17.3,LeftRight,57,3.85,nan,1,Right,Left,160,520,81,131876499,nan,nan,0.00
8/19/2026 0:26:03,1.17.3,LeftRight,57,3.85,1,1,Pellet,Left,160,520,82,131876499,1.01,922,nan
8/19/2026 0:27:54,1.17.3,LeftRight,57,3.85,nan,1,Right,Left,160,521,82,131989656,nan,nan,0.00
8/19/2026 0:31:33,1.17.3,LeftRight,57,3.85,nan,1,Right,Left,160,522,82,132208419,nan,nan,0.06
8/19/2026 0:31:36,1.17.3,LeftRight,57,3.85,nan,1,Right,Left,160,523,82,132211350,nan,nan,0.12
8/19/2026 0:31:38,1.17.3,LeftRight,57,3.85,nan,1,Left,Left,161,523,82,132214145,nan,nan,0.00
8/19/2026 0:31:57,1.17.3,LeftRight,57,3.85,nan,1,Right,Left,161,524,82,132232948,nan,nan,0.06
8/19/2026 0:31:58,1.17.3,LeftRight,57,3.85,1,1,Pellet,Left,161,524,83,132232948,0.59,355,nan
8/19/2026 0:33:40,1.17.3,LeftRight,57,3.85,nan,1,Right,Left,161,525,83,132335967,nan,nan,0.00
8/19/2026 0:33:44,1.17.3,LeftRight,57,3.85,nan,1,Left,Left,162,525,83,132339419,nan,nan,0.00
8/19/2026 0:33:50,1.17.3,LeftRight,57,3.85,nan,1,Right,Left,162,526,83,132345681,nan,nan,0.49
8/19/2026 0:33:52,1.17.3,LeftRight,57,3.85,1,1,Pellet,Left,162,526,84,132345681,0.89,114,nan
8/19/2026 0:35:11,1.17.3,LeftRight,57,3.85,nan,1,Right,Left,162,527,84,132426967,nan,nan,0.08
8/19/2026 0:35:16,1.17.3,LeftRight,57,3.85,nan,1,Right,Left,162,528,84,132431535,nan,nan,0.17
8/19/2026 0:35:18,1.17.3,LeftRight,57,3.86,nan,1,Right,Left,162,529,84,132433394,nan,nan,0.01
8/19/2026 0:35:19,1.17.3,LeftRight,57,3.85,nan,1,Right,Left,162,530,84,132434635,nan,nan,0.22
8/19/2026 0:35:21,1.17.3,LeftRight,57,3.85,nan,1,Right,Left,162,531,84,132436680,nan,nan,0.04
8/19/2026 0:35:23,1.17.3,LeftRight,57,3.85,nan,1,Left,Left,163,531,84,132438461,nan,nan,0.00
8/19/2026 0:35:25,1.17.3,LeftRight,57,3.85,nan,1,Right,Left,163,532,84,132440581,nan,nan,0.00
8/19/2026 0:35:27,1.17.3,LeftRight,57,3.85,1,1,Pellet,Left,163,532,85,132440581,1.19,95,nan
8/19/2026 0:35:58,1.17.3,LeftRight,57,3.85,nan,1,Right,Left,163,533,85,132474176,nan,nan,0.02
8/19/2026 0:36:01,1.17.3,LeftRight,57,3.85,nan,1,Right,Left,163,534,85,132477061,nan,nan,0.00
8/19/2026 0:36:04,1.17.3,LeftRight,57,3.85,nan,1,Right,Left,163,535,85,132480071,nan,nan,0.00
8/19/2026 0:36:11,1.17.3,LeftRight,57,3.85,nan,1,Right,Left,163,536,85,132487223,nan,nan,0.01
8/19/2026 0:39:00,1.17.3,LeftRight,57,3.85,nan,1,Right,Left,163,537,85,132655309,nan,nan,0.10
8/19/2026 0:39:11,1.17.3,LeftRight,57,3.85,nan,1,Right,Left,163,538,85,132666720,nan,nan,0.06
8/19/2026 0:39:15,1.17.3,LeftRight,57,3.85,nan,1,Right,Left,163,539,85,132670525,nan,nan,0.02
8/19/2026 0:39:19,1.17.3,LeftRight,57,3.85,nan,1,Right,Left,163,540,85,132674440,nan,nan,0.09
8/19/2026 0:39:24,1.17.3,LeftRight,57,3.85,nan,1,Right,Left,163,541,85,132679610,nan,nan,0.16
8/19/2026 0:39:27,1.17.3,LeftRight,57,3.85,nan,1,Right,Left,163,542,85,132682631,nan,nan,0.00
8/19/2026 0:39:28,1.17.3,LeftRight,57,3.85,nan,1,Right,Left,163,543,85,132684316,nan,nan,0.00
8/19/2026 0:39:31,1.17.3,LeftRight,57,3.85,nan,1,Right,Left,163,544,85,132686881,nan,nan,0.00
8/19/2026 0:39:32,1.17.3,LeftRight,57,3.85,nan,1,Right,Left,163,545,85,132688263,nan,nan,0.07
8/19/2026 0:39:35,1.17.3,LeftRight,57,3.85,nan,1,Left,Left,164,545,85,132690490,nan,nan,0.00
8/19/2026 0:39:36,1.17.3,LeftRight,57,3.85,nan,1,Right,Left,164,546,85,132692019,nan,nan,0.02
8/19/2026 0:39:38,1.17.3,LeftRight,57,3.85,1,1,Pellet,Left,164,546,86,132692019,1.13,251,nan
8/19/2026 0:40:22,1.17.3,LeftRight,57,3.85,nan,1,Right,Left,164,547,86,132738282,nan,nan,0.00
8/19/2026 0:40:25,1.17.3,LeftRight,57,3.85,nan,1,Right,Left,164,548,86,132741140,nan,nan,0.02
8/19/2026 0:40:28,1.17.3,LeftRight,57,3.85,nan,1,Right,Left,164,549,86,132744317,nan,nan,0.05
8/19/2026 0:40:31,1.17.3,LeftRight,57,3.85,nan,1,Right,Left,164,550,86,132746649,nan,nan,0.13
8/19/2026 0:40:35,1.17.3,LeftRight,57,3.85,nan,1,Right,Left,164,551,86,132751118,nan,nan,0.00
8/19/2026 0:40:38,1.17.3,LeftRight,57,3.85,nan,1,Left,Left,165,551,86,132753994,nan,nan,0.00
8/19/2026 0:40:43,1.17.3,LeftRight,57,3.85,nan,1,Right,Left,165,552,86,132758775,nan,nan,0.14
8/19/2026 0:40:45,1.17.3,LeftRight,57,3.85,1,1,Pellet,Left,165,552,87,132758775,0.89,67,nan
8/19/2026 0:43:42,1.17.3,LeftRight,57,3.85,nan,1,Right,Left,165,553,87,132937747,nan,nan,0.00
8/19/2026 0:53:52,1.17.3,LeftRight,57,3.85,nan,1,Right,Left,165,554,87,133548460,nan,nan,0.00
8/19/2026 0:53:56,1.17.3,LeftRight,57,3.86,nan,1,Right,Left,165,555,87,133552509,nan,nan,0.00
8/19/2026 0:53:58,1.17.3,LeftRight,57,3.85,nan,1,Right,Left,165,556,87,133554334,nan,nan,0.00
8/19/2026 0:54:00,1.17.3,LeftRight,57,3.85,nan,1,Right,Left,165,557,87,133556160,nan,nan,0.02
8/19/2026 0:54:03,1.17.3,LeftRight,57,3.85,nan,1,Left,Left,166,557,87,133559039,nan,nan,0.00
8/19/2026 0:54:11,1.17.3,LeftRight,57,3.85,nan,1,Left,Left,167,557,87,133567402,nan,nan,0.00
8/19/2026 0:54:41,1.17.3,LeftRight,57,3.85,nan,1,RESET,Left,167,557,87,133596985,nan,nan,nan
8/19/2026 0:55:02,1.17.3,LeftRight,57,3.85,nan,1,Right,Left,167,558,87,133618547,nan,nan,0.04
8/19/2026 0:55:07,1.17.3,LeftRight,57,3.85,nan,1,Right,Left,167,559,87,133622625,nan,nan,0.25
8/19/2026 1:00:07,1.17.3,LeftRight,57,3.85,nan,1,Right,Left,167,560,87,133923057,nan,nan,0.00
8/19/2026 1:00:25,1.17.3,LeftRight,57,3.85,nan,1,Left,Left,168,560,87,133940978,nan,nan,0.00
8/19/2026 1:00:27,1.17.3,LeftRight,57,3.85,nan,1,Right,Left,168,561,87,133943246,nan,nan,0.00
8/19/2026 1:00:30,1.17.3,LeftRight,57,3.85,1,1,Pellet,Left,168,561,88,133943246,2.51,1185,nan
8/19/2026 1:02:17,1.17.3,LeftRight,57,3.85,nan,1,Right,Left,168,562,88,134052676,nan,nan,0.00
8/19/2026 1:02:21,1.17.3,LeftRight,57,3.85,nan,1,Right,Left,168,563,88,134057609,nan,nan,0.02
8/19/2026 1:02:40,1.17.3,LeftRight,57,3.85,nan,1,Right,Left,168,564,88,134075727,nan,nan,0.16
8/19/2026 1:04:19,1.17.3,LeftRight,57,3.85,nan,1,Right,Left,168,565,88,134174843,nan,nan,0.00
8/19/2026 1:04:31,1.17.3,LeftRight,57,3.85,nan,1,Right,Left,168,566,88,134187025,nan,nan,0.03
8/19/2026 1:04:33,1.17.3,LeftRight,57,3.85,nan,1,Right,Left,168,567,88,134189181,nan,nan,0.09
8/19/2026 1:04:36,1.17.3,LeftRight,57,3.85,nan,1,Right,Left,168,568,88,134191691,nan,nan,0.12
8/19/2026 1:04:57,1.17.3,LeftRight,57,3.85,nan,1,Right,Left,168,569,88,134212861,nan,nan,0.05
8/19/2026 1:05:00,1.17.3,LeftRight,57,3.85,nan,1,Right,Left,168,570,88,134216511,nan,nan,0.01
8/19/2026 1:05:06,1.17.3,LeftRight,57,3.85,nan,1,Left,Left,169,570,88,134222387,nan,nan,0.00
8/19/2026 1:05:15,1.17.3,LeftRight,57,3.84,nan,1,Right,Left,169,571,88,134231163,nan,nan,0.05
8/19/2026 1:05:17,1.17.3,LeftRight,57,3.85,2,1,Pellet,Left,169,571,89,134231163,1.19,287,nan
8/19/2026 1:06:24,1.17.3,LeftRight,57,3.85,nan,1,Left,Left,170,571,89,134299817,nan,nan,0.00
8/19/2026 1:06:28,1.17.3,LeftRight,57,3.85,nan,1,Right,Left,170,572,89,134303853,nan,nan,0.17
8/19/2026 1:06:29,1.17.3,LeftRight,57,3.83,1,1,Pellet,Left,170,572,90,134303853,0.47,72,nan
8/19/2026 1:07:00,1.17.3,LeftRight,57,3.85,nan,1,Left,Left,171,572,90,134336684,nan,nan,0.00
8/19/2026 1:07:17,1.17.3,LeftRight,57,3.85,nan,1,Right,Left,171,573,90,134353542,nan,nan,0.00
8/19/2026 1:07:25,1.17.3,LeftRight,57,3.85,1,1,Pellet,Left,171,573,91,134353542,6.41,56,nan
8/19/2026 1:08:02,1.17.3,LeftRight,57,3.85,nan,1,Right,Left,171,574,91,134397886,nan,nan,0.22
8/19/2026 1:08:19,1.17.3,LeftRight,57,3.85,nan,1,Right,Left,171,575,91,134414957,nan,nan,0.02
8/19/2026 1:08:37,1.17.3,LeftRight,57,3.85,nan,1,Right,Left,171,576,91,134433626,nan,nan,0.08
8/19/2026 1:08:40,1.17.3,LeftRight,57,3.85,nan,1,Left,Left,172,576,91,134436354,nan,nan,0.00
8/19/2026 1:08:41,1.17.3,LeftRight,57,3.85,nan,1,Left,Left,173,576,91,134437560,nan,nan,0.00
8/19/2026 1:08:52,1.17.3,LeftRight,57,3.85,nan,1,Right,Left,173,577,91,134448529,nan,nan,0.06
8/19/2026 1:08:54,1.17.3,LeftRight,57,3.85,1,1,Pellet,Left,173,577,92,134448529,0.83,89,nan
8/19/2026 1:34:49,1.17.3,LeftRight,57,3.85,nan,1,Right,Left,173,578,92,136005838,nan,nan,0.02
8/19/2026 2:52:38,1.17.3,LeftRight,57,3.85,nan,1,Right,Left,173,579,92,140674907,nan,nan,0.21
8/19/2026 2:52:45,1.17.3,LeftRight,57,3.85,nan,1,Left,Left,174,579,92,140682027,nan,nan,0.00
8/19/2026 2:52:55,1.17.3,LeftRight,57,3.85,nan,1,Right,Left,174,580,92,140692142,nan,nan,0.00
8/19/2026 2:52:57,1.17.3,LeftRight,57,3.85,1,1,Pellet,Left,174,580,93,140692142,0.83,6243,nan
8/19/2026 2:59:41,1.17.3,LeftRight,57,3.85,nan,1,Right,Left,174,581,93,141097736,nan,nan,0.00
8/19/2026 3:00:04,1.17.3,LeftRight,57,3.85,nan,1,Right,Left,174,582,93,141121181,nan,nan,0.12
8/19/2026 3:00:06,1.17.3,LeftRight,57,3.85,nan,1,Right,Left,174,583,93,141122837,nan,nan,0.01
8/19/2026 3:05:16,1.17.3,LeftRight,57,3.84,nan,1,Left,Left,175,583,93,141433629,nan,nan,0.00
8/19/2026 3:05:46,1.17.3,LeftRight,57,3.85,nan,1,RESET,Left,175,583,93,141463181,nan,nan,nan
8/19/2026 3:06:00,1.17.3,LeftRight,57,3.85,nan,1,Right,Left,175,584,93,141476665,nan,nan,0.01
8/19/2026 3:06:05,1.17.3,LeftRight,57,3.85,nan,1,Right,Left,175,585,93,141481772,nan,nan,0.02
8/19/2026 3:06:07,1.17.3,LeftRight,57,3.85,nan,1,Left,Left,176,585,93,141483781,nan,nan,0.00
8/19/2026 3:06:09,1.17.3,LeftRight,57,3.85,nan,1,Right,Left,176,586,93,141485908,nan,nan,0.14
8/19/2026 3:06:10,1.17.3,LeftRight,57,3.85,1,1,Pellet,Left,176,586,94,141485908,0.77,793,nan
8/19/2026 3:08:16,1.17.3,LeftRight,57,3.85,nan,1,Left,Left,177,586,94,141612721,nan,nan,0.00
8/19/2026 3:08:45,1.17.3,LeftRight,57,3.85,nan,1,RESET,Left,177,586,94,141642118,nan,nan,nan
8/19/2026 3:11:26,1.17.3,LeftRight,57,3.85,nan,1,Right,Left,177,587,94,141803366,nan,nan,0.10
8/19/2026 3:11:28,1.17.3,LeftRight,57,3.85,nan,1,Right,Left,177,588,94,141805590,nan,nan,0.08
8/19/2026 3:11:33,1.17.3,LeftRight,57,3.85,nan,1,Left,Left,178,588,94,141810233,nan,nan,0.00
8/19/2026 3:11:35,1.17.3,LeftRight,57,3.85,nan,1,Right,Left,178,589,94,141812209,nan,nan,0.00
8/19/2026 3:11:56,1.17.3,LeftRight,57,3.85,1,1,Pellet,Left,178,589,95,141812209,20.53,346,nan
8/19/2026 3:12:39,1.17.3,LeftRight,57,3.85,nan,1,Left,Left,179,589,95,141876484,nan,nan,0.00
8/19/2026 3:12:56,1.17.3,LeftRight,57,3.84,nan,1,Right,Left,179,590,95,141892994,nan,nan,0.00
8/19/2026 3:12:58,1.17.3,LeftRight,57,3.85,1,1,Pellet,Left,179,590,96,141892994,1.25,62,nan
8/19/2026 3:13:29,1.17.3,LeftRight,57,3.85,nan,1,Right,Left,179,591,96,141926251,nan,nan,0.01
8/19/2026 3:13:47,1.17.3,LeftRight,57,3.84,nan,1,Right,Left,179,592,96,141943935,nan,nan,0.07
8/19/2026 3:13:49,1.17.3,LeftRight,57,3.85,nan,1,Right,Left,179,593,96,141946423,nan,nan,0.06
8/19/2026 3:13:55,1.17.3,LeftRight,57,3.85,nan,1,Right,Left,179,594,96,141952172,nan,nan,0.00
8/19/2026 3:13:59,1.17.3,LeftRight,57,3.85,nan,1,Left,Left,180,594,96,141955783,nan,nan,0.00
8/19/2026 3:14:01,1.17.3,LeftRight,57,3.84,nan,1,Left,Left,181,594,96,141957719,nan,nan,0.00
8/19/2026 3:14:02,1.17.3,LeftRight,57,3.85,nan,1,Right,Left,181,595,96,141959558,nan,nan,0.08
8/19/2026 3:14:04,1.17.3,LeftRight,57,3.85,1,1,Pellet,Left,181,595,97,141959558,1.19,66,nan
8/19/2026 3:16:16,1.17.3,LeftRight,57,3.85,nan,1,Left,Left,182,595,97,142093337,nan,nan,0.00
8/19/2026 3:16:21,1.17.3,LeftRight,57,3.85,nan,1,Right,Left,182,596,97,142097845,nan,nan,0.13
8/19/2026 3:16:22,1.17.3,LeftRight,57,3.85,1,1,Pellet,Left,182,596,98,142097845,0.53,138,nan
8/19/2026 3:17:36,1.17.3,LeftRight,57,3.85,nan,1,Left,Left,183,596,98,142173725,nan,nan,0.00
8/19/2026 3:17:41,1.17.3,LeftRight,57,3.84,nan,1,Right,Left,183,597,98,142178223,nan,nan,0.09
8/19/2026 3:17:52,1.17.3,LeftRight,57,3.85,1,1,Pellet,Left,183,597,99,142178223,10.13,90,nan
8/19/2026 3:18:24,1.17.3,LeftRight,57,3.85,nan,1,Right,Left,183,598,99,142220921,nan,nan,0.00
8/19/2026 3:18:30,1.17.3,LeftRight,57,3.84,nan,1,Right,Left,183,599,99,142227204,nan,nan,0.08
8/19/2026 3:18:40,1.17.3,LeftRight,57,3.85,nan,1,Right,Left,183,600,99,142236973,nan,nan,0.00
8/19/2026 3:18:43,1.17.3,LeftRight,57,3.85,nan,1,Right,Left,183,601,99,142240141,nan,nan,0.21
8/19/2026 3:18:46,1.17.3,LeftRight,57,3.85,nan,1,Right,Left,183,602,99,142242773,nan,nan,0.08
8/19/2026 3:20:14,1.17.3,LeftRight,57,3.85,nan,1,Right,Left,183,603,99,142331154,nan,nan,0.01
8/19/2026 3:20:16,1.17.3,LeftRight,57,3.85,nan,1,Right,Left,183,604,99,142333594,nan,nan,0.00
8/19/2026 3:24:42,1.17.3,LeftRight,57,3.85,nan,1,Right,Left,183,605,99,142598795,nan,nan,0.03
8/19/2026 3:24:44,1.17.3,LeftRight,57,3.84,nan,1,Right,Left,183,606,99,142601700,nan,nan,0.00
8/19/2026 3:24:48,1.17.3,LeftRight,57,3.85,nan,1,Left,Left,184,606,99,142605603,nan,nan,0.00
8/19/2026 3:24:58,1.17.3,LeftRight,57,3.85,nan,1,Right,Left,184,607,99,142615008,nan,nan,0.05
8/19/2026 3:25:00,1.17.3,LeftRight,57,3.84,1,1,Pellet,Left,184,607,100,142615008,1.73,428,nan
8/19/2026 3:25:37,1.17.3,LeftRight,57,3.85,nan,1,Left,Left,185,607,100,142654542,nan,nan,0.00
8/19/2026 3:25:40,1.17.3,LeftRight,57,3.85,nan,1,Left,Left,186,607,100,142657314,nan,nan,0.00
8/19/2026 3:25:42,1.17.3,LeftRight,57,3.85,nan,1,Right,Left,186,608,100,142659743,nan,nan,0.03
8/19/2026 3:25:44,1.17.3,LeftRight,57,3.84,1,1,Pellet,Left,186,608,101,142659743,0.53,44,nan
8/19/2026 3:29:53,1.17.3,LeftRight,57,3.85,nan,1,Right,Left,186,609,101,142910129,nan,nan,0.10
8/19/2026 3:29:55,1.17.3,LeftRight,57,3.85,nan,1,Right,Left,186,610,101,142912359,nan,nan,0.02
8/19/2026 3:30:03,1.17.3,LeftRight,57,3.85,nan,1,Left,Left,187,610,101,142920475,nan,nan,0.00
8/19/2026 3:30:07,1.17.3,LeftRight,57,3.85,nan,1,Right,Left,187,611,101,142924533,nan,nan,0.14
8/19/2026 3:30:09,1.17.3,LeftRight,57,3.85,1,1,Pellet,Left,187,611,102,142924533,0.47,264,nan
8/19/2026 3:30:26,1.17.3,LeftRight,57,3.85,nan,1,Right,Left,187,612,102,142943057,nan,nan,0.33
8/19/2026 3:30:30,1.17.3,LeftRight,57,3.84,nan,1,Right,Left,187,613,102,142947453,nan,nan,0.03
8/19/2026 3:30:53,1.17.3,LeftRight,57,3.85,nan,1,Right,Left,187,614,102,142970093,nan,nan,0.03
8/19/2026 3:30:57,1.17.3,LeftRight,57,3.85,nan,1,Left,Left,188,614,102,142974771,nan,nan,0.00
8/19/2026 3:31:27,1.17.3,LeftRight,57,3.85,nan,1,RESET,Left,188,614,102,143004354,nan,nan,nan
8/19/2026 3:32:12,1.17.3,LeftRight,57,3.85,nan,1,Right,Left,188,615,102,143049629,nan,nan,0.12
8/19/2026 3:32:15,1.17.3,LeftRight,57,3.85,nan,1,Right,Left,188,616,102,143051294,nan,nan,0.70
8/19/2026 3:32:18,1.17.3,LeftRight,57,3.85,nan,1,Left,Left,189,616,102,143055774,nan,nan,0.00
8/19/2026 3:32:21,1.17.3,LeftRight,57,3.85,nan,1,Left,Left,190,616,102,143058758,nan,nan,0.00
8/19/2026 3:32:23,1.17.3,LeftRight,57,3.85,nan,1,Right,Left,190,617,102,143060000,nan,nan,0.03
8/19/2026 3:32:25,1.17.3,LeftRight,57,3.85,1,1,Pellet,Left,190,617,103,143060000,1.67,137,nan
8/19/2026 3:32:39,1.17.3,LeftRight,57,3.85,nan,1,Right,Left,190,618,103,143075875,nan,nan,0.00
8/19/2026 3:37:14,1.17.3,LeftRight,57,3.85,nan,1,Right,Left,190,619,103,143351502,nan,nan,0.05
8/19/2026 3:37:17,1.17.3,LeftRight,57,3.84,nan,1,Right,Left,190,620,103,143354717,nan,nan,0.09
8/19/2026 3:37:19,1.17.3,LeftRight,57,3.84,nan,1,Left,Left,191,620,103,143356346,nan,nan,0.00
8/19/2026 3:37:27,1.17.3,LeftRight,57,3.85,nan,1,Right,Left,191,621,103,143364115,nan,nan,0.05
8/19/2026 3:37:29,1.17.3,LeftRight,57,3.84,1,1,Pellet,Left,191,621,104,143364115,1.73,304,nan
8/19/2026 3:38:16,1.17.3,LeftRight,57,3.85,nan,1,Right,Left,191,622,104,143413469,nan,nan,0.02
8/19/2026 3:38:19,1.17.3,LeftRight,57,3.84,nan,1,Right,Left,191,623,104,143416063,nan,nan,0.22
8/19/2026 3:38:21,1.17.3,LeftRight,57,3.85,nan,1,Right,Left,191,624,104,143418120,nan,nan,0.19
8/19/2026 3:38:24,1.17.3,LeftRight,57,3.85,nan,1,Right,Left,191,625,104,143421036,nan,nan,0.07
8/19/2026 3:38:27,1.17.3,LeftRight,57,3.85,nan,1,Left,Left,192,625,104,143424772,nan,nan,0.00
8/19/2026 3:38:30,1.17.3,LeftRight,57,3.85,nan,1,Right,Left,192,626,104,143427357,nan,nan,0.18
8/19/2026 3:38:44,1.17.3,LeftRight,57,3.85,1,1,Pellet,Left,192,626,105,143427357,12.66,75,nan
8/19/2026 3:39:17,1.17.3,LeftRight,57,3.85,nan,1,Right,Left,192,627,105,143473983,nan,nan,0.05
8/19/2026 3:39:26,1.17.3,LeftRight,57,3.85,nan,1,Left,Left,193,627,105,143483481,nan,nan,0.00
8/19/2026 3:39:36,1.17.3,LeftRight,57,3.85,nan,1,Right,Left,193,628,105,143493047,nan,nan,0.15
8/19/2026 3:39:38,1.17.3,LeftRight,57,3.85,1,1,Pellet,Left,193,628,106,143493047,1.31,54,nan
8/19/2026 3:39:49,1.17.3,LeftRight,57,3.85,nan,1,Right,Left,193,629,106,143506144,nan,nan,0.12
8/19/2026 3:39:55,1.17.3,LeftRight,57,3.84,nan,1,Left,Left,194,629,106,143512481,nan,nan,0.00
8/19/2026 3:39:57,1.17.3,LeftRight,57,3.84,nan,1,Right,Left,194,630,106,143513871,nan,nan,0.05
8/19/2026 3:39:58,1.17.3,LeftRight,57,3.85,1,1,Pellet,Left,194,630,107,143513871,0.65,20,nan
8/19/2026 3:40:18,1.17.3,LeftRight,57,3.85,nan,1,Right,Left,194,631,107,143534928,nan,nan,0.00
8/19/2026 3:40:37,1.17.3,LeftRight,57,3.85,nan,1,Right,Left,194,632,107,143554734,nan,nan,0.00
8/19/2026 3:41:47,1.17.3,LeftRight,57,3.85,nan,1,Right,Left,194,633,107,143624562,nan,nan,0.00
8/19/2026 3:41:49,1.17.3,LeftRight,57,3.85,nan,1,Right,Left,194,634,107,143626691,nan,nan,0.09
8/19/2026 3:41:51,1.17.3,LeftRight,57,3.84,nan,1,Right,Left,194,635,107,143628612,nan,nan,0.04
8/19/2026 3:47:54,1.17.3,LeftRight,57,3.85,nan,1,Right,Left,194,636,107,143991612,nan,nan,0.00
8/19/2026 3:51:18,1.17.3,LeftRight,57,3.85,nan,1,Right,Left,194,637,107,144195430,nan,nan,0.15
8/19/2026 3:51:22,1.17.3,LeftRight,57,3.85,nan,1,Right,Left,194,638,107,144199496,nan,nan,0.00
8/19/2026 3:51:24,1.17.3,LeftRight,57,3.85,nan,1,Right,Left,194,639,107,144201776,nan,nan,0.02
8/19/2026 3:51:26,1.17.3,LeftRight,57,3.84,nan,1,Right,Left,194,640,107,144203478,nan,nan,0.09
8/19/2026 3:51:38,1.17.3,LeftRight,57,3.85,nan,1,Right,Left,194,641,107,144215349,nan,nan,0.00
8/19/2026 3:53:14,1.17.3,LeftRight,57,3.85,nan,1,Right,Left,194,642,107,144311456,nan,nan,0.02
8/19/2026 3:59:27,1.17.3,LeftRight,57,3.84,nan,1,Right,Left,194,643,107,144684271,nan,nan,0.06
8/19/2026 3:59:35,1.17.3,LeftRight,57,3.84,nan,1,Right,Left,194,644,107,144692707,nan,nan,0.00
8/19/2026 3:59:36,1.17.3,LeftRight,57,3.85,nan,1,Left,Left,195,644,107,144693763,nan,nan,0.00
8/19/2026 3:59:41,1.17.3,LeftRight,57,3.85,nan,1,Right,Left,195,645,107,144698570,nan,nan,0.00
8/19/2026 3:59:43,1.17.3,LeftRight,57,3.84,2,1,Pellet,Left,195,645,108,144698570,0.83,1185,nan
8/19/2026 4:00:00,1.17.3,LeftRight,57,3.84,nan,1,Right,Left,195,646,108,144717388,nan,nan,0.04
8/19/2026 4:00:02,1.17.3,LeftRight,57,3.84,nan,1,Right,Left,195,647,108,144719566,nan,nan,0.00
8/19/2026 4:00:10,1.17.3,LeftRight,57,3.85,nan,1,Left,Left,196,647,108,144727058,nan,nan,0.00
8/19/2026 4:00:12,1.17.3,LeftRight,57,3.84,nan,1,Right,Left,196,648,108,144729191,nan,nan,0.07
8/19/2026 4:00:13,1.17.3,LeftRight,57,3.85,1,1,Pellet,Left,196,648,109,144729191,0.65,30,nan
8/19/2026 4:00:32,1.17.3,LeftRight,57,3.85,nan,1,Right,Left,196,649,109,144749331,nan,nan,0.17
8/19/2026 4:00:36,1.17.3,LeftRight,57,3.85,nan,1,Right,Left,196,650,109,144753125,nan,nan,0.08
8/19/2026 4:00:42,1.17.3,LeftRight,57,3.85,nan,1,Right,Left,196,651,109,144759357,nan,nan,0.17
8/19/2026 4:00:43,1.17.3,LeftRight,57,3.84,nan,1,Right,Left,196,652,109,144760920,nan,nan,0.00
8/19/2026 4:00:50,1.17.3,LeftRight,57,3.84,nan,1,Right,Left,196,653,109,144767071,nan,nan,0.01
8/19/2026 4:00:52,1.17.3,LeftRight,57,3.85,nan,1,Right,Left,196,654,109,144769816,nan,nan,0.09
8/19/2026 4:00:56,1.17.3,LeftRight,57,3.84,nan,1,Right,Left,196,655,109,144773081,nan,nan,0.05
8/19/2026 4:01:12,1.17.3,LeftRight,57,3.84,nan,1,Right,Left,196,656,109,144789090,nan,nan,0.00
8/19/2026 4:01:14,1.17.3,LeftRight,57,3.84,nan,1,Right,Left,196,657,109,144791083,nan,nan,0.16
8/19/2026 4:01:15,1.17.3,LeftRight,57,3.85,nan,1,Right,Left,196,658,109,144792780,nan,nan,0.08
8/19/2026 4:01:17,1.17.3,LeftRight,57,3.85,nan,1,Right,Left,196,659,109,144794698,nan,nan,0.09
8/19/2026 4:01:21,1.17.3,LeftRight,57,3.85,nan,1,Right,Left,196,660,109,144797967,nan,nan,0.09
8/19/2026 4:01:23,1.17.3,LeftRight,57,3.85,nan,1,Right,Left,196,661,109,144800640,nan,nan,0.09
8/19/2026 4:01:26,1.17.3,LeftRight,57,3.84,nan,1,Left,Left,197,661,109,144803230,nan,nan,0.00
8/19/2026 4:01:28,1.17.3,LeftRight,57,3.84,nan,1,Right,Left,197,662,109,144805063,nan,nan,0.04
8/19/2026 4:01:29,1.17.3,LeftRight,57,3.85,1,1,Pellet,Left,197,662,110,144805063,0.53,76,nan
8/19/2026 4:09:27,1.17.3,LeftRight,57,3.84,nan,1,Left,Left,198,662,110,145284295,nan,nan,0.00
8/19/2026 4:09:29,1.17.3,LeftRight,57,3.84,nan,1,Right,Left,198,663,110,145287024,nan,nan,0.00
8/19/2026 4:09:31,1.17.3,LeftRight,57,3.84,1,1,Pellet,Left,198,663,111,145287024,0.89,482,nan
8/19/2026 4:10:17,1.17.3,LeftRight,57,3.84,nan,1,Right,Left,198,664,111,145335117,nan,nan,0.00
8/19/2026 4:10:21,1.17.3,LeftRight,57,3.84,nan,1,Right,Left,198,665,111,145338881,nan,nan,0.00
8/19/2026 4:10:28,1.17.3,LeftRight,57,3.84,nan,1,Right,Left,198,666,111,145345474,nan,nan,0.14
8/19/2026 4:10:30,1.17.3,LeftRight,57,3.85,nan,1,Left,Left,199,666,111,145347174,nan,nan,0.00
8/19/2026 4:10:46,1.17.3,LeftRight,57,3.84,nan,1,Left,Left,200,666,111,145363982,nan,nan,0.00
8/19/2026 4:10:50,1.17.3,LeftRight,57,3.84,nan,1,Right,Left,200,667,111,145367451,nan,nan,0.07
8/19/2026 4:10:54,1.17.3,LeftRight,57,3.85,2,1,Pellet,Left,200,667,112,145367451,1.13,83,nan
8/19/2026 4:11:27,1.17.3,LeftRight,57,3.84,nan,1,Right,Left,200,668,112,145404180,nan,nan,0.01
8/19/2026 4:11:29,1.17.3,LeftRight,57,3.85,nan,1,Right,Left,200,669,112,145406622,nan,nan,0.07
8/19/2026 4:11:36,1.17.3,LeftRight,57,3.85,nan,1,Right,Left,200,670,112,145413582,nan,nan,0.00
8/19/2026 4:11:41,1.17.3,LeftRight,57,3.84,nan,1,Right,Left,200,671,112,145418536,nan,nan,0.00
8/19/2026 4:20:04,1.17.3,LeftRight,57,3.84,nan,1,Right,Left,200,672,112,145921964,nan,nan,0.05
8/19/2026 4:20:08,1.17.3,LeftRight,57,3.85,nan,1,Right,Left,200,673,112,145925932,nan,nan,0.07
8/19/2026 4:20:11,1.17.3,LeftRight,57,3.84,nan,1,Left,Left,201,673,112,145928739,nan,nan,0.00
8/19/2026 4:20:16,1.17.3,LeftRight,57,3.85,nan,1,Right,Left,201,674,112,145933845,nan,nan,0.11
8/19/2026 4:20:18,1.17.3,LeftRight,57,3.84,1,1,Pellet,Left,201,674,113,145933845,0.95,564,nan
8/19/2026 4:20:45,1.17.3,LeftRight,57,3.85,nan,1,Right,Left,201,675,113,145962471,nan,nan,0.00
8/19/2026 4:24:36,1.17.3,LeftRight,57,3.84,nan,1,Right,Left,201,676,113,146193563,nan,nan,0.02
8/19/2026 4:25:47,1.17.3,LeftRight,57,3.84,nan,1,Right,Left,201,677,113,146264534,nan,nan,0.00
8/19/2026 4:25:50,1.17.3,LeftRight,57,3.84,nan,1,Right,Left,201,678,113,146267416,nan,nan,0.00
8/19/2026 4:25:53,1.17.3,LeftRight,57,3.84,nan,1,Right,Left,201,679,113,146270886,nan,nan,0.00
8/19/2026 4:25:58,1.17.3,LeftRight,57,3.84,nan,1,Right,Left,201,680,113,146275397,nan,nan,0.00
8/19/2026 4:26:01,1.17.3,LeftRight,57,3.84,nan,1,Right,Left,201,681,113,146278423,nan,nan,0.01
8/19/2026 4:26:03,1.17.3,LeftRight,57,3.84,nan,1,Right,Left,201,682,113,146280269,nan,nan,0.08
8/19/2026 4:26:09,1.17.3,LeftRight,57,3.81,nan,1,Right,Left,201,683,113,146286505,nan,nan,0.01
8/19/2026 4:38:49,1.17.3,LeftRight,57,3.81,nan,1,Left,Left,202,683,113,147046685,nan,nan,0.00
8/19/2026 4:39:18,1.17.3,LeftRight,57,3.83,nan,1,RESET,Left,202,683,113,147075919,nan,nan,nan
8/19/2026 4:39:26,1.17.3,LeftRight,57,3.83,nan,1,Left,Left,203,683,113,147084248,nan,nan,0.00
8/19/2026 4:39:28,1.17.3,LeftRight,57,3.82,nan,1,Right,Left,203,684,113,147086382,nan,nan,0.05
8/19/2026 4:39:30,1.17.3,LeftRight,57,3.84,1,1,Pellet,Left,203,684,114,147086382,0.71,1152,nan
8/19/2026 4:39:45,1.17.3,LeftRight,57,3.84,nan,1,Right,Left,203,685,114,147102635,nan,nan,0.00
8/19/2026 4:39:48,1.17.3,LeftRight,57,3.84,nan,1,Right,Left,203,686,114,147105672,nan,nan,0.00
8/19/2026 4:39:54,1.17.3,LeftRight,57,3.84,nan,1,Left,Left,204,686,114,147112351,nan,nan,0.00
8/19/2026 4:40:01,1.17.3,LeftRight,57,3.84,nan,1,Left,Left,205,686,114,147118742,nan,nan,0.00
8/19/2026 4:40:30,1.17.3,LeftRight,57,3.84,nan,1,RESET,Left,205,686,114,147147961,nan,nan,nan
8/19/2026 4:41:43,1.17.3,LeftRight,57,3.84,nan,1,Right,Left,205,687,114,147221446,nan,nan,0.00
8/19/2026 4:41:44,1.17.3,LeftRight,57,3.84,nan,1,Right,Left,205,688,114,147222240,nan,nan,0.15
8/19/2026 4:41:47,1.17.3,LeftRight,57,3.84,nan,1,Right,Left,205,689,114,147224378,nan,nan,0.16
8/19/2026 4:41:48,1.17.3,LeftRight,57,3.84,nan,1,Right,Left,205,690,114,147225477,nan,nan,0.09
8/19/2026 4:41:51,1.17.3,LeftRight,57,3.85,nan,1,Left,Left,206,690,114,147228834,nan,nan,0.00
8/19/2026 4:42:20,1.17.3,LeftRight,57,3.85,nan,1,RESET,Left,206,690,114,147257897,nan,nan,nan
8/19/2026 4:57:24,1.17.3,LeftRight,57,3.84,nan,1,Right,Left,206,691,114,148161713,nan,nan,0.01
8/19/2026 4:57:25,1.17.3,LeftRight,57,3.84,nan,1,Left,Left,207,691,114,148163282,nan,nan,0.00
8/19/2026 4:57:26,1.17.3,LeftRight,57,3.84,nan,1,Right,Left,207,692,114,148164532,nan,nan,0.00
8/19/2026 4:57:28,1.17.3,LeftRight,57,3.84,1,1,Pellet,Left,207,692,115,148164532,1.13,1078,nan
8/19/2026 5:03:47,1.17.3,LeftRight,57,3.84,nan,1,Right,Left,207,693,115,148544730,nan,nan,0.14
8/19/2026 5:03:49,1.17.3,LeftRight,57,3.84,nan,1,Right,Left,207,694,115,148547602,nan,nan,0.04
8/19/2026 5:04:02,1.17.3,LeftRight,57,3.84,nan,1,Left,Left,208,694,115,148560040,nan,nan,0.00
8/19/2026 5:04:27,1.17.3,LeftRight,57,3.84,nan,1,Left,Left,209,694,115,148585227,nan,nan,0.00
8/19/2026 5:04:31,1.17.3,LeftRight,57,3.84,nan,1,Right,Left,209,695,115,148589297,nan,nan,0.17
8/19/2026 5:04:33,1.17.3,LeftRight,57,3.84,1,1,Pellet,Left,209,695,116,148589297,1.07,425,nan
8/19/2026 6:44:31,1.17.3,LeftRight,57,3.83,nan,1,Right,Left,209,696,116,154589858,nan,nan,0.16
8/19/2026 6:44:36,1.17.3,LeftRight,57,3.83,nan,1,Left,Left,210,696,116,154594480,nan,nan,0.00
8/19/2026 6:44:42,1.17.3,LeftRight,57,3.83,nan,1,Right,Left,210,697,116,154601227,nan,nan,0.03
8/19/2026 6:44:44,1.17.3,LeftRight,57,3.83,1,1,Pellet,Left,210,697,117,154601227,0.77,6011,nan
8/19/2026 6:45:14,1.17.3,LeftRight,57,3.83,nan,1,Right,Left,210,698,117,154632807,nan,nan,0.13
8/19/2026 8:32:43,1.17.3,LeftRight,57,3.83,nan,1,Right,Left,210,699,117,161082501,nan,nan,0.27
8/19/2026 8:32:51,1.17.3,LeftRight,57,3.83,nan,1,Left,Left,211,699,117,161091380,nan,nan,0.00
8/19/2026 8:32:56,1.17.3,LeftRight,57,3.83,nan,1,Right,Left,211,700,117,161096040,nan,nan,0.07
8/19/2026 8:32:58,1.17.3,LeftRight,57,3.83,1,1,Pellet,Left,211,700,118,161096040,0.71,6494,nan
8/19/2026 8:38:55,1.17.3,LeftRight,57,3.83,nan,1,Right,Left,211,701,118,161454969,nan,nan,0.00
8/19/2026 8:38:57,1.17.3,LeftRight,57,3.83,nan,1,Right,Left,211,702,118,161456810,nan,nan,0.06
8/19/2026 8:38:59,1.17.3,LeftRight,57,3.83,nan,1,Right,Left,211,703,118,161459148,nan,nan,0.00
8/19/2026 8:39:41,1.17.3,LeftRight,57,3.83,nan,1,Right,Left,211,704,118,161500530,nan,nan,0.03
8/19/2026 8:42:38,1.17.3,LeftRight,57,3.83,nan,1,Left,Left,212,704,118,161678315,nan,nan,0.00
8/19/2026 8:42:46,1.17.3,LeftRight,57,3.83,nan,1,Right,Left,212,705,118,161686247,nan,nan,0.00
8/19/2026 8:42:48,1.17.3,LeftRight,57,3.83,1,1,Pellet,Left,212,705,119,161686247,0.83,590,nan
8/19/2026 8:43:24,1.17.3,LeftRight,57,3.83,nan,1,Left,Left,213,705,119,161724251,nan,nan,0.00
8/19/2026 8:43:54,1.17.3,LeftRight,57,3.83,nan,1,RESET,Left,213,705,119,161753894,nan,nan,nan
8/19/2026 9:01:24,1.17.3,LeftRight,57,3.83,nan,1,Right,Left,213,706,119,162803558,nan,nan,0.09
8/19/2026 9:01:24,1.17.3,LeftRight,57,3.83,nan,1,Right,Left,213,707,119,162804296,nan,nan,0.00
8/19/2026 10:55:33,1.17.3,LeftRight,57,3.82,nan,1,Left,Left,214,707,119,169653487,nan,nan,0.00
8/19/2026 10:56:02,1.17.3,LeftRight,57,3.82,nan,1,RESET,Left,214,707,119,169682511,nan,nan,nan
8/19/2026 10:56:20,1.17.3,LeftRight,57,3.82,nan,1,Left,Left,215,707,119,169700947,nan,nan,0.00
8/19/2026 10:56:26,1.17.3,LeftRight,57,3.82,nan,1,Left,Left,216,707,119,169706184,nan,nan,0.00
8/19/2026 10:56:29,1.17.3,LeftRight,57,3.82,nan,1,Right,Left,216,708,119,169709058,nan,nan,0.22
8/19/2026 10:56:49,1.17.3,LeftRight,57,3.82,1,1,Pellet,Left,216,708,120,169709058,19.27,8041,nan
8/19/2026 10:57:24,1.17.3,LeftRight,57,3.82,nan,1,Right,Left,216,709,120,169764985,nan,nan,0.03
8/19/2026 10:57:27,1.17.3,LeftRight,57,3.82,nan,1,Right,Left,216,710,120,169767297,nan,nan,0.10
8/19/2026 10:59:20,1.17.3,LeftRight,57,3.82,nan,1,Left,Left,217,710,120,169880916,nan,nan,0.00
8/19/2026 10:59:30,1.17.3,LeftRight,57,3.83,nan,1,RESET,Left,217,710,120,169890622,nan,nan,nan
8/19/2026 11:02:41,1.17.3,LeftRight,57,3.82,nan,1,Right,Left,217,711,120,170081298,nan,nan,0.10
8/19/2026 11:02:48,1.17.3,LeftRight,57,3.82,nan,1,Right,Left,217,712,120,170088417,nan,nan,0.00
8/19/2026 11:02:55,1.17.3,LeftRight,57,3.82,nan,1,Left,Left,218,712,120,170095647,nan,nan,0.00
8/19/2026 11:02:57,1.17.3,LeftRight,57,3.82,nan,1,Left,Left,219,712,120,170097702,nan,nan,0.00
8/19/2026 11:03:00,1.17.3,LeftRight,57,3.82,nan,1,Right,Left,219,713,120,170100723,nan,nan,0.18
8/19/2026 11:03:02,1.17.3,LeftRight,57,3.82,1,1,Pellet,Left,219,713,121,170100723,0.71,373,nan
8/19/2026 11:03:13,1.17.3,LeftRight,57,3.82,nan,1,Right,Left,219,714,121,170113195,nan,nan,0.07
8/19/2026 11:03:15,1.17.3,LeftRight,57,3.82,nan,1,Right,Left,219,715,121,170115397,nan,nan,0.07
8/19/2026 11:03:19,1.17.3,LeftRight,57,3.82,nan,1,Right,Left,219,716,121,170119078,nan,nan,0.20
8/19/2026 11:03:25,1.17.3,LeftRight,57,3.82,nan,1,Right,Left,219,717,121,170125858,nan,nan,0.05
8/19/2026 11:03:28,1.17.3,LeftRight,57,3.82,nan,1,Right,Left,219,718,121,170128184,nan,nan,0.09
8/19/2026 12:06:44,1.17.3,LeftRight,57,3.82,nan,1,Left,Left,220,718,121,173924978,nan,nan,0.00
8/19/2026 12:06:54,1.17.3,LeftRight,57,3.82,nan,1,RESET,Left,220,718,121,173934996,nan,nan,nan
8/19/2026 12:07:07,1.17.3,LeftRight,57,3.82,nan,1,Left,Left,221,718,121,173947621,nan,nan,0.00
8/19/2026 12:07:10,1.17.3,LeftRight,57,3.82,nan,1,Right,Left,221,719,121,173951235,nan,nan,0.00
8/19/2026 12:07:11,1.17.3,LeftRight,57,3.82,1,1,Pellet,Left,221,719,122,173951235,0.41,3849,nan
8/19/2026 12:07:33,1.17.3,LeftRight,57,3.83,nan,1,Right,Left,221,720,122,173973479,nan,nan,0.09
8/19/2026 12:08:26,1.17.3,LeftRight,57,3.82,nan,1,Right,Left,221,721,122,174026709,nan,nan,0.04
8/19/2026 12:08:28,1.17.3,LeftRight,57,3.82,nan,1,Right,Left,221,722,122,174028589,nan,nan,0.14
8/19/2026 12:08:29,1.17.3,LeftRight,57,3.82,nan,1,Right,Left,221,723,122,174030122,nan,nan,0.05
8/19/2026 12:08:31,1.17.3,LeftRight,57,3.82,nan,1,Right,Left,221,724,122,174031859,nan,nan,0.04
8/19/2026 12:08:33,1.17.3,LeftRight,57,3.82,nan,1,Right,Left,221,725,122,174033582,nan,nan,0.00
8/19/2026 12:08:35,1.17.3,LeftRight,57,3.82,nan,1,Right,Left,221,726,122,174035419,nan,nan,0.58
8/19/2026 12:08:41,1.17.3,LeftRight,57,3.82,nan,1,Right,Left,221,727,122,174041564,nan,nan,0.26
8/19/2026 12:08:47,1.17.3,LeftRight,57,3.82,nan,1,Right,Left,221,728,122,174047824,nan,nan,0.07
8/19/2026 12:08:49,1.17.3,LeftRight,57,3.82,nan,1,Right,Left,221,729,122,174049586,nan,nan,0.07
8/19/2026 12:08:53,1.17.3,LeftRight,57,3.82,nan,1,Right,Left,221,730,122,174054018,nan,nan,0.12
8/19/2026 12:08:58,1.17.3,LeftRight,57,3.82,nan,1,Right,Left,221,731,122,174058504,nan,nan,0.11
8/19/2026 12:09:08,1.17.3,LeftRight,57,3.82,nan,1,Left,Left,222,731,122,174069522,nan,nan,0.00
8/19/2026 12:09:10,1.17.3,LeftRight,57,3.82,nan,1,Right,Left,222,732,122,174071209,nan,nan,0.13
8/19/2026 12:09:12,1.17.3,LeftRight,57,3.83,1,1,Pellet,Left,222,732,123,174071209,1.13,121,nan
8/19/2026 12:09:32,1.17.3,LeftRight,57,3.82,nan,1,Right,Left,222,733,123,174092595,nan,nan,0.00
8/19/2026 12:12:35,1.17.3,LeftRight,57,3.82,nan,1,Right,Left,222,734,123,174275962,nan,nan,0.00
8/19/2026 12:12:38,1.17.3,LeftRight,57,3.82,nan,1,Right,Left,222,735,123,174278709,nan,nan,0.00
8/19/2026 12:12:41,1.17.3,LeftRight,57,3.82,nan,1,Right,Left,222,736,123,174281745,nan,nan,0.12
8/19/2026 12:19:33,1.17.3,LeftRight,57,3.82,nan,1,Right,Left,222,737,123,174694025,nan,nan,0.21
8/19/2026 12:19:35,1.17.3,LeftRight,57,3.82,nan,1,Right,Left,222,738,123,174696068,nan,nan,0.08
8/19/2026 12:22:02,1.17.3,LeftRight,57,3.82,nan,1,Right,Left,222,739,123,174843211,nan,nan,0.00
8/19/2026 12:27:48,1.17.3,LeftRight,57,3.82,nan,1,Left,Left,223,739,123,175189545,nan,nan,0.00
8/19/2026 12:27:58,1.17.3,LeftRight,57,3.82,nan,1,RESET,Left,223,739,123,175199123,nan,nan,nan
8/19/2026 12:28:29,1.17.3,LeftRight,57,3.82,nan,1,Right,Left,223,740,123,175230525,nan,nan,0.10
8/19/2026 14:22:16,1.17.3,LeftRight,57,3.82,nan,1,Left,Left,224,740,123,182058082,nan,nan,0.00
8/19/2026 14:22:18,1.17.3,LeftRight,57,3.81,nan,1,Left,Left,225,740,123,182059888,nan,nan,0.00
8/19/2026 14:22:22,1.17.3,LeftRight,57,3.81,nan,1,Right,Left,225,741,123,182063509,nan,nan,0.11
8/19/2026 14:22:24,1.17.3,LeftRight,57,3.82,1,1,Pellet,Left,225,741,124,182063509,0.95,7992,nan
8/19/2026 14:22:45,1.17.3,LeftRight,57,3.82,nan,1,Right,Left,225,742,124,182087154,nan,nan,0.07
8/19/2026 14:22:53,1.17.3,LeftRight,57,3.82,nan,1,Right,Left,225,743,124,182094561,nan,nan,0.20
8/19/2026 14:22:56,1.17.3,LeftRight,57,3.81,nan,1,Right,Left,225,744,124,182098083,nan,nan,0.00
8/19/2026 14:22:57,1.17.3,LeftRight,57,3.82,nan,1,Right,Left,225,745,124,182098728,nan,nan,0.32
8/19/2026 14:23:01,1.17.3,LeftRight,57,3.82,nan,1,Right,Left,225,746,124,182103121,nan,nan,0.04
8/19/2026 14:23:25,1.17.3,LeftRight,57,3.82,nan,1,Right,Left,225,747,124,182126411,nan,nan,0.00
8/19/2026 14:23:26,1.17.3,LeftRight,57,3.82,nan,1,Right,Left,225,748,124,182127205,nan,nan,0.24
8/19/2026 14:23:27,1.17.3,LeftRight,57,3.82,nan,1,Right,Left,225,749,124,182128831,nan,nan,0.13
8/19/2026 14:23:30,1.17.3,LeftRight,57,3.81,nan,1,Right,Left,225,750,124,182131544,nan,nan,0.00
8/19/2026 14:23:32,1.17.3,LeftRight,57,3.82,nan,1,Left,Left,226,750,124,182133809,nan,nan,0.00
8/19/2026 14:23:33,1.17.3,LeftRight,57,3.81,nan,1,Left,Left,227,750,124,182135057,nan,nan,0.00
8/19/2026 14:23:36,1.17.3,LeftRight,57,3.81,nan,1,Left,Left,228,750,124,182137760,nan,nan,0.00
8/19/2026 14:23:37,1.17.3,LeftRight,57,3.82,nan,1,Right,Left,228,751,124,182139150,nan,nan,0.00
8/19/2026 14:23:39,1.17.3,LeftRight,57,3.82,1,1,Pellet,Left,228,751,125,182139150,0.95,75,nan
8/19/2026 14:23:59,1.17.3,LeftRight,57,3.81,nan,1,Right,Left,228,752,125,182160229,nan,nan,0.19
8/19/2026 14:24:01,1.17.3,LeftRight,57,3.82,nan,1,Right,Left,228,753,125,182163001,nan,nan,0.12
8/19/2026 14:24:28,1.17.3,LeftRight,57,3.81,nan,1,Right,Left,228,754,125,182189799,nan,nan,0.22
8/19/2026 14:24:30,1.17.3,LeftRight,57,3.82,nan,1,Right,Left,228,755,125,182191413,nan,nan,0.15
8/19/2026 14:24:32,1.17.3,LeftRight,57,3.82,nan,1,Right,Left,228,756,125,182193546,nan,nan,0.17
8/19/2026 15:56:14,1.17.3,LeftRight,57,3.80,nan,1,Right,Left,228,757,125,187695957,nan,nan,0.45
8/19/2026 16:03:54,1.17.3,LeftRight,57,3.81,nan,1,Right,Left,228,758,125,188155550,nan,nan,0.33
8/19/2026 16:03:59,1.17.3,LeftRight,57,3.80,nan,1,Left,Left,229,758,125,188161215,nan,nan,0.00
8/19/2026 16:04:01,1.17.3,LeftRight,57,3.80,nan,1,Right,Left,229,759,125,188163499,nan,nan,0.17
8/19/2026 16:04:03,1.17.3,LeftRight,57,3.80,1,1,Pellet,Left,229,759,126,188163499,0.89,6024,nan
8/19/2026 16:04:54,1.17.3,LeftRight,57,3.81,nan,1,Left,Left,230,759,126,188216410,nan,nan,0.00
8/19/2026 16:04:57,1.17.3,LeftRight,57,3.80,nan,1,Right,Left,230,760,126,188219593,nan,nan,0.08
8/19/2026 16:04:59,1.17.3,LeftRight,57,3.81,1,1,Pellet,Left,230,760,127,188219593,0.89,56,nan
8/19/2026 16:05:11,1.17.3,LeftRight,57,3.81,nan,1,Right,Left,230,761,127,188233494,nan,nan,0.23
8/19/2026 16:05:13,1.17.3,LeftRight,57,3.81,nan,1,Right,Left,230,762,127,188234963,nan,nan,0.29
8/19/2026 16:05:20,1.17.3,LeftRight,57,3.81,nan,1,Left,Left,231,762,127,188241971,nan,nan,0.00
8/19/2026 16:05:23,1.17.3,LeftRight,57,3.80,nan,1,Right,Left,231,763,127,188245591,nan,nan,0.07
8/19/2026 16:05:25,1.17.3,LeftRight,57,3.80,1,1,Pellet,Left,231,763,128,188245591,0.71,26,nan
8/19/2026 16:05:44,1.17.3,LeftRight,57,3.81,nan,1,Right,Left,231,764,128,188266509,nan,nan,0.13
8/19/2026 16:05:47,1.17.3,LeftRight,57,3.80,nan,1,Left,Left,232,764,128,188269492,nan,nan,0.00
8/19/2026 16:05:49,1.17.3,LeftRight,57,3.80,nan,1,Right,Left,232,765,128,188271478,nan,nan,0.04
8/19/2026 16:05:53,1.17.3,LeftRight,57,3.80,2,1,Pellet,Left,232,765,129,188271478,1.31,28,nan
8/19/2026 16:06:08,1.17.3,LeftRight,57,3.81,nan,1,Right,Left,232,766,129,188290487,nan,nan,0.30
8/19/2026 16:06:17,1.17.3,LeftRight,57,3.81,nan,1,Right,Left,232,767,129,188299624,nan,nan,0.04
8/19/2026 16:06:19,1.17.3,LeftRight,57,3.81,nan,1,Right,Left,232,768,129,188301207,nan,nan,0.14
8/19/2026 16:06:21,1.17.3,LeftRight,57,3.81,nan,1,Right,Left,232,769,129,188303039,nan,nan,0.16
8/19/2026 16:06:26,1.17.3,LeftRight,57,3.81,nan,1,Left,Left,233,769,129,188308761,nan,nan,0.00
8/19/2026 16:06:35,1.17.3,LeftRight,57,3.81,nan,1,Right,Left,233,770,129,188317455,nan,nan,0.06
8/19/2026 16:06:37,1.17.3,LeftRight,57,3.80,1,1,Pellet,Left,233,770,130,188317455,0.53,43,nan
8/19/2026 16:07:02,1.17.3,LeftRight,57,3.81,nan,1,Right,Left,233,771,130,188344433,nan,nan,0.00
8/19/2026 16:07:24,1.17.3,LeftRight,57,3.81,nan,1,Right,Left,233,772,130,188365881,nan,nan,0.00
8/19/2026 16:07:39,1.17.3,LeftRight,57,3.80,nan,1,Left,Left,234,772,130,188381100,nan,nan,0.00
8/19/2026 16:07:48,1.17.3,LeftRight,57,3.81,nan,1,RESET,Left,234,772,130,188390220,nan,nan,nan
8/19/2026 16:08:00,1.17.3,LeftRight,57,3.81,nan,1,Right,Left,234,773,130,188401815,nan,nan,0.05
8/19/2026 16:09:06,1.17.3,LeftRight,57,3.81,nan,1,Left,Left,235,773,130,188468304,nan,nan,0.00
8/19/2026 16:09:08,1.17.3,LeftRight,57,3.81,nan,1,Right,Left,235,774,130,188469843,nan,nan,0.00
8/19/2026 16:09:09,1.17.3,LeftRight,57,3.81,1,1,Pellet,Left,235,774,131,188469843,0.95,153,nan
8/19/2026 16:09:28,1.17.3,LeftRight,57,3.80,nan,1,Right,Left,235,775,131,188490458,nan,nan,0.06
8/19/2026 16:09:47,1.17.3,LeftRight,57,3.80,nan,1,Right,Left,235,776,131,188509160,nan,nan,0.06
8/19/2026 16:09:48,1.17.3,LeftRight,57,3.80,nan,1,Right,Left,235,777,131,188509862,nan,nan,0.03
8/19/2026 16:09:52,1.17.3,LeftRight,57,3.80,nan,1,Right,Left,235,778,131,188513953,nan,nan,0.26
8/19/2026 16:10:00,1.17.3,LeftRight,57,3.80,nan,1,Right,Left,235,779,131,188522143,nan,nan,0.00
8/19/2026 16:10:09,1.17.3,LeftRight,57,3.80,nan,1,Right,Left,235,780,131,188531256,nan,nan,0.22
8/19/2026 16:10:24,1.17.3,LeftRight,57,3.80,nan,1,Right,Left,235,781,131,188546103,nan,nan,0.04
8/19/2026 16:12:08,1.17.3,LeftRight,57,3.80,nan,1,Left,Left,236,781,131,188650310,nan,nan,0.00
8/19/2026 16:12:09,1.17.3,LeftRight,57,3.80,nan,1,Right,Left,236,782,131,188651699,nan,nan,0.00
8/19/2026 16:12:11,1.17.3,LeftRight,57,3.81,1,1,Pellet,Left,236,782,132,188651699,0.77,182,nan
8/19/2026 16:12:30,1.17.3,LeftRight,57,3.81,nan,1,Right,Left,236,783,132,188672144,nan,nan,0.15
8/19/2026 16:12:33,1.17.3,LeftRight,57,3.81,nan,1,Right,Left,236,784,132,188675186,nan,nan,0.01
8/19/2026 16:12:43,1.17.3,LeftRight,57,3.80,nan,1,Right,Left,236,785,132,188685518,nan,nan,0.00
8/19/2026 16:12:46,1.17.3,LeftRight,57,3.81,nan,1,Right,Left,236,786,132,188688396,nan,nan,0.14
8/19/2026 16:12:50,1.17.3,LeftRight,57,3.81,nan,1,Left,Left,237,786,132,188692043,nan,nan,0.00
8/19/2026 16:12:51,1.17.3,LeftRight,57,3.80,nan,1,Left,Left,238,786,132,188693705,nan,nan,0.00
8/19/2026 16:12:53,1.17.3,LeftRight,57,3.80,nan,1,Right,Left,238,787,132,188695691,nan,nan,0.07
8/19/2026 16:12:55,1.17.3,LeftRight,57,3.78,1,1,Pellet,Left,238,787,133,188695691,0.35,44,nan
8/19/2026 17:29:44,1.17.3,LeftRight,57,3.78,nan,1,Left,Left,239,787,133,193307274,nan,nan,0.00
8/19/2026 17:29:46,1.17.3,LeftRight,57,3.78,nan,1,Left,Left,240,787,133,193309115,nan,nan,0.00
8/19/2026 17:29:47,1.17.3,LeftRight,57,3.78,nan,1,Right,Left,240,788,133,193310068,nan,nan,0.07
8/19/2026 17:29:49,1.17.3,LeftRight,57,3.78,1,1,Pellet,Left,240,788,134,193310068,0.59,4614,nan
8/19/2026 17:30:04,1.17.3,LeftRight,57,3.80,nan,1,Left,Left,241,788,134,193327159,nan,nan,0.00
8/19/2026 17:30:06,1.17.3,LeftRight,57,3.80,nan,1,Left,Left,242,788,134,193329419,nan,nan,0.00
8/19/2026 17:30:08,1.17.3,LeftRight,57,3.80,nan,1,Left,Left,243,788,134,193330827,nan,nan,0.00
8/19/2026 17:30:12,1.17.3,LeftRight,57,3.80,nan,1,Left,Left,244,788,134,193334946,nan,nan,0.00
8/19/2026 17:30:14,1.17.3,LeftRight,57,3.80,nan,1,Left,Left,245,788,134,193336880,nan,nan,0.00
8/19/2026 17:30:17,1.17.3,LeftRight,57,3.80,nan,1,Right,Left,245,789,134,193339906,nan,nan,0.11
8/19/2026 17:30:18,1.17.3,LeftRight,57,3.80,1,1,Pellet,Left,245,789,135,193339906,0.41,29,nan
8/19/2026 17:30:53,1.17.3,LeftRight,57,3.80,nan,1,Left,Left,246,789,135,193375669,nan,nan,0.00
8/19/2026 17:30:53,1.17.3,LeftRight,57,3.80,nan,1,Left,Left,247,789,135,193376329,nan,nan,0.00
8/19/2026 17:30:54,1.17.3,LeftRight,57,3.80,nan,1,Right,Left,247,790,135,193377273,nan,nan,0.07
8/19/2026 17:30:58,1.17.3,LeftRight,57,3.80,2,1,Pellet,Left,247,790,136,193377273,1.13,40,nan
8/19/2026 17:31:09,1.17.3,LeftRight,57,3.80,nan,1,Right,Left,247,791,136,193391529,nan,nan,0.00
8/19/2026 17:31:14,1.17.3,LeftRight,57,3.80,nan,1,Right,Left,247,792,136,193396776,nan,nan,0.15
8/19/2026 17:31:18,1.17.3,LeftRight,57,3.80,nan,1,Right,Left,247,793,136,193401136,nan,nan,0.07
8/19/2026 17:31:21,1.17.3,LeftRight,57,3.80,nan,1,Right,Left,247,794,136,193403491,nan,nan,0.10
8/19/2026 17:32:05,1.17.3,LeftRight,57,3.80,nan,1,Right,Left,247,795,136,193447454,nan,nan,0.19
8/19/2026 17:32:15,1.17.3,LeftRight,57,3.80,nan,1,Left,Left,248,795,136,193457960,nan,nan,0.00
8/19/2026 17:32:25,1.17.3,LeftRight,57,3.80,nan,1,RESET,Left,248,795,136,193467832,nan,nan,nan
8/19/2026 17:32:35,1.17.3,LeftRight,57,3.80,nan,1,Right,Left,248,796,136,193477645,nan,nan,0.10
8/19/2026 17:32:46,1.17.3,LeftRight,57,3.80,nan,1,Right,Left,248,797,136,193488511,nan,nan,0.00
8/19/2026 17:32:58,1.17.3,LeftRight,57,3.80,nan,1,Right,Left,248,798,136,193500907,nan,nan,0.00
8/19/2026 17:33:08,1.17.3,LeftRight,57,3.80,nan,1,Right,Left,248,799,136,193510786,nan,nan,0.00
8/19/2026 17:33:12,1.17.3,LeftRight,57,3.80,nan,1,Right,Left,248,800,136,193515003,nan,nan,0.00
8/19/2026 17:33:14,1.17.3,LeftRight,57,3.80,nan,1,Right,Left,248,801,136,193517139,nan,nan,0.18
8/19/2026 17:33:16,1.17.3,LeftRight,57,3.80,nan,1,Right,Left,248,802,136,193519163,nan,nan,0.02
8/19/2026 17:33:21,1.17.3,LeftRight,57,3.80,nan,1,Left,Left,249,802,136,193523974,nan,nan,0.00
8/19/2026 17:33:24,1.17.3,LeftRight,57,3.80,nan,1,Right,Left,249,803,136,193527002,nan,nan,0.05
8/19/2026 17:33:26,1.17.3,LeftRight,57,3.80,2,1,Pellet,Left,249,803,137,193527002,0.65,148,nan
8/19/2026 17:34:16,1.17.3,LeftRight,57,3.80,nan,1,Left,Left,250,803,137,193579244,nan,nan,0.00
8/19/2026 17:34:26,1.17.3,LeftRight,57,3.80,nan,1,RESET,Left,250,803,137,193588964,nan,nan,nan
8/19/2026 17:34:28,1.17.3,LeftRight,57,3.80,nan,1,Right,Left,250,804,137,193590594,nan,nan,0.16
8/19/2026 17:34:33,1.17.3,LeftRight,57,3.80,nan,1,Right,Left,250,805,137,193596155,nan,nan,0.10
8/19/2026 17:34:36,1.17.3,LeftRight,57,3.80,nan,1,Right,Left,250,806,137,193597957,nan,nan,0.68
8/19/2026 17:34:40,1.17.3,LeftRight,57,3.80,nan,1,Right,Left,250,807,137,193602708,nan,nan,0.05
8/19/2026 17:34:42,1.17.3,LeftRight,57,3.80,nan,1,Right,Left,250,808,137,193604596,nan,nan,0.17
8/19/2026 17:34:45,1.17.3,LeftRight,57,3.80,nan,1,Right,Left,250,809,137,193608241,nan,nan,0.10
8/19/2026 17:34:48,1.17.3,LeftRight,57,3.80,nan,1,Right,Left,250,810,137,193610479,nan,nan,0.01
8/19/2026 17:34:58,1.17.3,LeftRight,57,3.80,nan,1,Right,Left,250,811,137,193620660,nan,nan,0.06
8/19/2026 17:35:01,1.17.3,LeftRight,57,3.80,nan,1,Left,Left,251,811,137,193624002,nan,nan,0.00
8/19/2026 17:35:05,1.17.3,LeftRight,57,3.80,nan,1,Right,Left,251,812,137,193627617,nan,nan,0.04
8/19/2026 17:35:07,1.17.3,LeftRight,57,3.80,1,1,Pellet,Left,251,812,138,193627617,1.13,101,nan
8/19/2026 17:35:31,1.17.3,LeftRight,57,3.80,nan,1,Left,Left,252,812,138,193654217,nan,nan,0.00
8/19/2026 17:35:41,1.17.3,LeftRight,57,3.80,nan,1,RESET,Left,252,812,138,193663941,nan,nan,nan
8/19/2026 17:44:53,1.17.3,LeftRight,57,3.80,nan,1,Right,Left,252,813,138,194215655,nan,nan,0.02
8/19/2026 17:44:56,1.17.3,LeftRight,57,3.80,nan,1,Left,Left,253,813,138,194219070,nan,nan,0.00
8/19/2026 17:44:59,1.17.3,LeftRight,57,3.80,nan,1,Right,Left,253,814,138,194222542,nan,nan,0.00
8/19/2026 17:45:02,1.17.3,LeftRight,57,3.80,1,1,Pellet,Left,253,814,139,194222542,1.67,595,nan
8/19/2026 17:45:20,1.17.3,LeftRight,57,3.80,nan,1,Left,Left,254,814,139,194242806,nan,nan,0.00
8/19/2026 17:45:29,1.17.3,LeftRight,57,3.80,nan,1,RESET,Left,254,814,139,194252088,nan,nan,nan
8/19/2026 17:46:39,1.17.3,LeftRight,57,3.80,nan,1,Right,Left,254,815,139,194321790,nan,nan,0.00
8/19/2026 17:46:43,1.17.3,LeftRight,57,3.80,nan,1,Right,Left,254,816,139,194326451,nan,nan,0.00
8/19/2026 17:46:49,1.17.3,LeftRight,57,3.80,nan,1,Right,Left,254,817,139,194332601,nan,nan,0.00
8/19/2026 17:46:52,1.17.3,LeftRight,57,3.80,nan,1,Left,Left,255,817,139,194335477,nan,nan,0.00
8/19/2026 17:46:58,1.17.3,LeftRight,57,3.80,nan,1,Right,Left,255,818,139,194340590,nan,nan,0.10
8/19/2026 17:46:59,1.17.3,LeftRight,57,3.80,1,1,Pellet,Left,255,818,140,194340590,0.41,117,nan
8/19/2026 17:49:15,1.17.3,LeftRight,57,3.80,nan,1,Left,Left,256,818,140,194477883,nan,nan,0.00
8/19/2026 17:49:24,1.17.3,LeftRight,57,3.80,nan,1,RESET,Left,256,818,140,194487157,nan,nan,nan
8/19/2026 17:50:46,1.17.3,LeftRight,57,3.80,nan,1,Right,Left,256,819,140,194568970,nan,nan,0.00
8/19/2026 17:51:03,1.17.3,LeftRight,57,3.80,nan,1,Right,Left,256,820,140,194586274,nan,nan,0.12
8/19/2026 17:51:05,1.17.3,LeftRight,57,3.80,nan,1,Right,Left,256,821,140,194588086,nan,nan,0.00
8/19/2026 17:51:10,1.17.3,LeftRight,57,3.80,nan,1,Left,Left,257,821,140,194593212,nan,nan,0.00
8/19/2026 17:51:14,1.17.3,LeftRight,57,3.80,nan,1,Right,Left,257,822,140,194596829,nan,nan,0.07
8/19/2026 17:51:15,1.17.3,LeftRight,57,3.80,1,1,Pellet,Left,257,822,141,194596829,0.71,256,nan
8/19/2026 17:54:13,1.17.3,LeftRight,57,3.80,nan,1,Right,Left,257,823,141,194776242,nan,nan,0.03
8/19/2026 17:54:34,1.17.3,LeftRight,57,3.80,nan,1,Right,Left,257,824,141,194797281,nan,nan,0.00
8/19/2026 17:59:09,1.17.3,LeftRight,57,3.80,nan,1,Right,Left,257,825,141,195072536,nan,nan,0.00
8/19/2026 17:59:29,1.17.3,LeftRight,57,3.80,nan,1,Left,Left,258,825,141,195092432,nan,nan,0.00
8/19/2026 17:59:39,1.17.3,LeftRight,57,3.80,nan,1,RESET,Left,258,825,141,195102153,nan,nan,nan
8/19/2026 17:59:39,1.17.3,LeftRight,57,3.80,nan,1,Right,Left,258,826,141,195102742,nan,nan,0.01
8/19/2026 17:59:41,1.17.3,LeftRight,57,3.80,nan,1,Right,Left,258,827,141,195104299,nan,nan,0.03
8/19/2026 17:59:44,1.17.3,LeftRight,57,3.80,nan,1,Right,Left,258,828,141,195106911,nan,nan,0.00
8/19/2026 17:59:47,1.17.3,LeftRight,57,3.80,nan,1,Left,Left,259,828,141,195110095,nan,nan,0.00
8/19/2026 17:59:50,1.17.3,LeftRight,57,3.80,nan,1,Right,Left,259,829,141,195113569,nan,nan,0.00
8/19/2026 17:59:52,1.17.3,LeftRight,57,3.80,nan,1,RightWithPellet,Left,259,830,141,195113569,nan,nan,0.12
8/19/2026 17:59:53,1.17.3,LeftRight,57,3.80,1,1,Pellet,Left,259,830,142,195113569,1.84,518,nan
8/19/2026 18:00:15,1.17.3,LeftRight,57,3.80,nan,1,Right,Left,259,831,142,195138328,nan,nan,0.38
8/19/2026 18:00:21,1.17.3,LeftRight,57,3.80,nan,1,Left,Left,260,831,142,195143980,nan,nan,0.00
8/19/2026 18:00:30,1.17.3,LeftRight,57,3.80,nan,1,Left,Left,261,831,142,195152895,nan,nan,0.00
8/19/2026 18:00:31,1.17.3,LeftRight,57,3.79,nan,1,Right,Left,261,832,142,195153998,nan,nan,0.00
8/19/2026 18:00:32,1.17.3,LeftRight,57,3.80,1,1,Pellet,Left,261,832,143,195153998,0.35,39,nan
8/19/2026 18:05:37,1.17.3,LeftRight,57,3.80,nan,1,Left,Left,262,832,143,195460362,nan,nan,0.00
8/19/2026 18:05:47,1.17.3,LeftRight,57,3.80,nan,1,RESET,Left,262,832,143,195470244,nan,nan,nan
8/19/2026 18:05:53,1.17.3,LeftRight,57,3.80,nan,1,Right,Left,262,833,143,195476195,nan,nan,0.00
8/19/2026 18:08:37,1.17.3,LeftRight,57,3.80,nan,1,Left,Left,263,833,143,195640126,nan,nan,0.00
8/19/2026 18:08:41,1.17.3,LeftRight,57,3.80,nan,1,Right,Left,263,834,143,195644796,nan,nan,0.00
8/19/2026 18:08:46,1.17.3,LeftRight,57,3.80,2,1,Pellet,Left,263,834,144,195644796,1.43,494,nan
8/19/2026 18:12:28,1.17.3,LeftRight,57,3.80,nan,1,Left,Left,264,834,144,195871145,nan,nan,0.00
8/19/2026 18:12:37,1.17.3,LeftRight,57,3.80,nan,1,RESET,Left,264,834,144,195880416,nan,nan,nan
8/19/2026 18:12:49,1.17.3,LeftRight,57,3.80,nan,1,Right,Left,264,835,144,195892752,nan,nan,0.11
8/19/2026 18:12:53,1.17.3,LeftRight,57,3.80,nan,1,Right,Left,264,836,144,195896034,nan,nan,0.00
8/19/2026 18:12:55,1.17.3,LeftRight,57,3.80,nan,1,Right,Left,264,837,144,195898472,nan,nan,0.06
8/19/2026 18:12:58,1.17.3,LeftRight,57,3.80,nan,1,Right,Left,264,838,144,195901554,nan,nan,0.05
8/19/2026 18:18:08,1.17.3,LeftRight,57,3.80,nan,1,Left,Left,265,838,144,196211563,nan,nan,0.00
8/19/2026 18:18:18,1.17.3,LeftRight,57,3.80,nan,1,RESET,Left,265,838,144,196221440,nan,nan,nan
8/19/2026 18:18:19,1.17.3,LeftRight,57,3.80,nan,1,Left,Left,266,838,144,196222188,nan,nan,0.00
8/19/2026 18:18:22,1.17.3,LeftRight,57,3.80,nan,1,Right,Left,266,839,144,196225367,nan,nan,0.05
8/19/2026 18:18:32,1.17.3,LeftRight,57,3.80,2,1,Pellet,Left,266,839,145,196225367,7.25,586,nan
8/19/2026 18:19:05,1.17.3,LeftRight,57,3.80,nan,1,Left,Left,267,839,145,196268306,nan,nan,0.00
8/19/2026 18:19:14,1.17.3,LeftRight,57,3.80,nan,1,RESET,Left,267,839,145,196277434,nan,nan,nan
8/19/2026 18:19:18,1.17.3,LeftRight,57,3.80,nan,1,Left,Left,268,839,145,196281147,nan,nan,0.00
8/19/2026 18:19:20,1.17.3,LeftRight,57,3.80,nan,1,Right,Left,268,840,145,196283432,nan,nan,0.04
8/19/2026 18:19:23,1.17.3,LeftRight,57,3.80,2,1,Pellet,Left,268,840,146,196283432,0.59,51,nan
8/19/2026 18:22:20,1.17.3,LeftRight,57,3.80,nan,1,Right,Left,268,841,146,196463444,nan,nan,0.00
8/19/2026 18:22:23,1.17.3,LeftRight,57,3.80,nan,1,Left,Left,269,841,146,196466027,nan,nan,0.00
8/19/2026 18:22:26,1.17.3,LeftRight,57,3.80,nan,1,Left,Left,270,841,146,196469651,nan,nan,0.00
8/19/2026 18:22:27,1.17.3,LeftRight,57,3.80,nan,1,Left,Left,271,841,146,196470164,nan,nan,0.00
8/19/2026 18:22:28,1.17.3,LeftRight,57,3.80,nan,1,Right,Left,271,842,146,196471560,nan,nan,0.00
8/19/2026 18:22:29,1.17.3,LeftRight,57,3.79,1,1,Pellet,Left,271,842,147,196471560,0.35,186,nan
8/19/2026 18:26:18,1.17.3,LeftRight,57,3.80,nan,1,Right,Left,271,843,147,196701893,nan,nan,0.00
8/19/2026 18:26:24,1.17.3,LeftRight,57,3.80,nan,1,Right,Left,271,844,147,196707446,nan,nan,0.00
8/19/2026 18:26:29,1.17.3,LeftRight,57,3.80,nan,1,Left,Left,272,844,147,196712099,nan,nan,0.00
8/19/2026 18:26:36,1.17.3,LeftRight,57,3.80,nan,1,Left,Left,273,844,147,196719737,nan,nan,0.00
8/19/2026 18:26:41,1.17.3,LeftRight,57,3.80,nan,1,Right,Left,273,845,147,196724109,nan,nan,0.00
8/19/2026 18:26:43,1.17.3,LeftRight,57,3.80,1,1,Pellet,Left,273,845,148,196724109,1.73,254,nan
8/19/2026 18:26:55,1.17.3,LeftRight,57,3.80,nan,1,Right,Left,273,846,148,196738545,nan,nan,0.00
8/19/2026 18:30:15,1.17.3,LeftRight,57,3.80,nan,1,Right,Left,273,847,148,196937952,nan,nan,0.23
8/19/2026 18:30:20,1.17.3,LeftRight,57,3.80,nan,1,Right,Left,273,848,148,196943293,nan,nan,0.00
8/19/2026 18:30:23,1.17.3,LeftRight,57,3.80,nan,1,Right,Left,273,849,148,196946329,nan,nan,0.12
8/19/2026 18:30:26,1.17.3,LeftRight,57,3.80,nan,1,Left,Left,274,849,148,196949281,nan,nan,0.00
8/19/2026 18:30:30,1.17.3,LeftRight,57,3.80,nan,1,Right,Left,274,850,148,196953946,nan,nan,0.00
8/19/2026 18:30:32,1.17.3,LeftRight,57,3.80,1,1,Pellet,Left,274,850,149,196953946,0.41,229,nan
8/19/2026 18:30:47,1.17.3,LeftRight,57,3.80,nan,1,Right,Left,274,851,149,196970207,nan,nan,0.00
8/19/2026 18:35:54,1.17.3,LeftRight,57,3.79,nan,1,Right,Left,274,852,149,197277421,nan,nan,0.00
8/19/2026 18:35:56,1.17.3,LeftRight,57,3.80,nan,1,Left,Left,275,852,149,197279753,nan,nan,0.00
8/19/2026 18:36:02,1.17.3,LeftRight,57,3.80,nan,1,Right,Left,275,853,149,197284569,nan,nan,0.67
8/19/2026 18:36:03,1.17.3,LeftRight,57,3.80,1,1,Pellet,Left,275,853,150,197284569,0.41,331,nan
8/19/2026 18:36:14,1.17.3,LeftRight,57,3.79,nan,1,Left,Left,276,853,150,197297773,nan,nan,0.00
8/19/2026 18:36:24,1.17.3,LeftRight,57,3.79,nan,1,RESET,Left,276,853,150,197307514,nan,nan,nan
8/19/2026 18:37:34,1.17.3,LeftRight,57,3.80,nan,1,Left,Left,277,853,150,197377372,nan,nan,0.00
8/19/2026 18:37:43,1.17.3,LeftRight,57,3.80,nan,1,Right,Left,277,854,150,197386500,nan,nan,0.02
8/19/2026 18:37:44,1.17.3,LeftRight,57,3.80,1,1,Pellet,Left,277,854,151,197386500,0.47,101,nan
8/19/2026 18:44:59,1.17.3,LeftRight,57,3.79,nan,1,Right,Left,277,855,151,197822852,nan,nan,0.04
8/19/2026 18:45:05,1.17.3,LeftRight,57,3.79,nan,1,Right,Left,277,856,151,197828746,nan,nan,0.01
8/19/2026 18:45:08,1.17.3,LeftRight,57,3.79,nan,1,Right,Left,277,857,151,197831356,nan,nan,0.14
8/19/2026 18:45:11,1.17.3,LeftRight,57,3.80,nan,1,Right,Left,277,858,151,197834670,nan,nan,0.13
8/19/2026 18:45:22,1.17.3,LeftRight,57,3.80,nan,1,Left,Left,278,858,151,197845245,nan,nan,0.00
8/19/2026 18:45:23,1.17.3,LeftRight,57,3.79,nan,1,Right,Left,278,859,151,197846637,nan,nan,0.00
8/19/2026 18:45:25,1.17.3,LeftRight,57,3.79,1,1,Pellet,Left,278,859,152,197846637,0.95,461,nan
8/19/2026 18:47:20,1.17.3,LeftRight,57,3.80,nan,1,Left,Left,279,859,152,197963431,nan,nan,0.00
8/19/2026 18:47:21,1.17.3,LeftRight,57,3.80,nan,1,Right,Left,279,860,152,197964971,nan,nan,0.01
8/19/2026 18:47:22,1.17.3,LeftRight,57,3.80,1,1,Pellet,Left,279,860,153,197964971,0.35,117,nan
8/19/2026 18:53:55,1.17.3,LeftRight,57,3.80,nan,1,Right,Left,279,861,153,198358474,nan,nan,0.00
8/19/2026 18:53:57,1.17.3,LeftRight,57,3.80,nan,1,Left,Left,280,861,153,198360773,nan,nan,0.00
8/19/2026 18:54:00,1.17.3,LeftRight,57,3.80,nan,1,Right,Left,280,862,153,198364108,nan,nan,0.00
8/19/2026 18:54:02,1.17.3,LeftRight,57,3.80,1,1,Pellet,Left,280,862,154,198364108,1.37,400,nan
8/19/2026 18:58:38,1.17.3,LeftRight,57,3.80,nan,1,Right,Left,280,863,154,198641574,nan,nan,0.00
8/19/2026 18:58:40,1.17.3,LeftRight,57,3.79,nan,1,Right,Left,280,864,154,198643862,nan,nan,0.33
8/19/2026 18:58:42,1.17.3,LeftRight,57,3.80,nan,1,Right,Left,280,865,154,198645879,nan,nan,0.00
8/19/2026 18:58:44,1.17.3,LeftRight,57,3.80,nan,1,Right,Left,280,866,154,198647571,nan,nan,0.00
8/19/2026 18:58:47,1.17.3,LeftRight,57,3.79,nan,1,Right,Left,280,867,154,198650461,nan,nan,0.00
8/19/2026 18:58:48,1.17.3,LeftRight,57,3.80,nan,1,Left,Left,281,867,154,198651371,nan,nan,0.00
8/19/2026 18:58:51,1.17.3,LeftRight,57,3.80,nan,1,Right,Left,281,868,154,198654549,nan,nan,0.01
8/19/2026 18:58:52,1.17.3,LeftRight,57,3.80,1,1,Pellet,Left,281,868,155,198654549,0.89,290,nan
8/19/2026 19:00:58,1.17.3,LeftRight,57,3.80,nan,1,Right,Left,281,869,155,198781339,nan,nan,0.08
8/19/2026 19:01:00,1.17.3,LeftRight,57,3.80,nan,1,Right,Left,281,870,155,198783561,nan,nan,0.02
8/19/2026 19:01:02,1.17.3,LeftRight,57,3.80,nan,1,Right,Left,281,871,155,198785420,nan,nan,0.09
8/19/2026 19:01:05,1.17.3,LeftRight,57,3.79,nan,1,Right,Left,281,872,155,198788530,nan,nan,0.02
8/19/2026 19:01:06,1.17.3,LeftRight,57,3.79,nan,1,Left,Left,282,872,155,198790238,nan,nan,0.00
8/19/2026 19:01:08,1.17.3,LeftRight,57,3.79,nan,1,Right,Left,282,873,155,198792075,nan,nan,0.00
8/19/2026 19:01:11,1.17.3,LeftRight,57,3.80,1,1,Pellet,Left,282,873,156,198792075,1.67,139,nan
8/19/2026 19:01:24,1.17.3,LeftRight,57,3.80,nan,1,Right,Left,282,874,156,198808190,nan,nan,0.08
8/19/2026 19:04:06,1.17.3,LeftRight,57,3.80,nan,1,Left,Left,283,874,156,198969976,nan,nan,0.00
8/19/2026 19:04:10,1.17.3,LeftRight,57,3.80,nan,1,Right,Left,283,875,156,198973750,nan,nan,0.30
8/19/2026 19:04:11,1.17.3,LeftRight,57,3.79,1,1,Pellet,Left,283,875,157,198973750,0.41,180,nan
8/19/2026 19:05:33,1.17.3,LeftRight,57,3.79,nan,1,Right,Left,283,876,157,199056834,nan,nan,0.07
8/19/2026 19:05:40,1.17.3,LeftRight,57,3.78,nan,1,Right,Left,283,877,157,199063376,nan,nan,0.05
8/19/2026 19:05:42,1.17.3,LeftRight,57,3.78,nan,1,Right,Left,283,878,157,199065862,nan,nan,0.00
8/19/2026 19:05:46,1.17.3,LeftRight,57,3.78,nan,1,Left,Left,284,878,157,199069467,nan,nan,0.00
8/19/2026 19:05:51,1.17.3,LeftRight,57,3.77,nan,1,Right,Left,284,879,157,199074431,nan,nan,0.00
8/19/2026 19:05:52,1.17.3,LeftRight,57,3.79,2,1,Pellet,Left,284,879,158,199074431,0.53,101,nan
8/19/2026 19:06:03,1.17.3,LeftRight,57,3.79,nan,1,Left,Left,285,879,158,199086449,nan,nan,0.00
8/19/2026 19:06:12,1.17.3,LeftRight,57,3.79,nan,1,RESET,Left,285,879,158,199095888,nan,nan,nan
8/19/2026 19:09:00,1.17.3,LeftRight,57,3.79,nan,1,Right,Left,285,880,158,199263772,nan,nan,0.10
8/19/2026 19:09:02,1.17.3,LeftRight,57,3.80,nan,1,Right,Left,285,881,158,199266306,nan,nan,0.03
8/19/2026 19:09:05,1.17.3,LeftRight,57,3.80,nan,1,Left,Left,286,881,158,199268857,nan,nan,0.00
8/19/2026 19:09:09,1.17.3,LeftRight,57,3.80,nan,1,Right,Left,286,882,158,199272938,nan,nan,0.00
8/19/2026 19:09:10,1.17.3,LeftRight,57,3.79,1,1,Pellet,Left,286,882,159,199272938,0.53,198,nan
8/19/2026 19:16:22,1.17.3,LeftRight,57,3.79,nan,1,Right,Left,286,883,159,199705615,nan,nan,0.19
8/19/2026 19:16:33,1.17.3,LeftRight,57,3.80,nan,1,Left,Left,287,883,159,199717480,nan,nan,0.00
8/19/2026 19:16:36,1.17.3,LeftRight,57,3.80,nan,1,Right,Left,287,884,159,199719766,nan,nan,0.00
8/19/2026 19:16:37,1.17.3,LeftRight,57,3.80,1,1,Pellet,Left,287,884,160,199719766,0.41,447,nan
8/19/2026 19:16:57,1.17.3,LeftRight,57,3.79,nan,1,Left,Left,288,884,160,199741194,nan,nan,0.00
8/19/2026 19:17:02,1.17.3,LeftRight,57,3.80,nan,1,Right,Left,288,885,160,199746458,nan,nan,0.03
8/19/2026 19:17:04,1.17.3,LeftRight,57,3.80,1,1,Pellet,Left,288,885,161,199746458,0.95,27,nan
8/19/2026 19:17:25,1.17.3,LeftRight,57,3.80,nan,1,Left,Left,289,885,161,199769337,nan,nan,0.00
8/19/2026 19:17:31,1.17.3,LeftRight,57,3.79,nan,1,Right,Left,289,886,161,199774745,nan,nan,0.00
8/19/2026 19:17:32,1.17.3,LeftRight,57,3.79,1,1,Pellet,Left,289,886,162,199774745,0.83,28,nan
8/19/2026 19:18:56,1.17.3,LeftRight,57,3.79,nan,1,Right,Left,289,887,162,199860082,nan,nan,0.04
8/19/2026 19:19:00,1.17.3,LeftRight,57,3.80,nan,1,Right,Left,289,888,162,199864349,nan,nan,0.01
8/19/2026 19:19:03,1.17.3,LeftRight,57,3.79,nan,1,Right,Left,289,889,162,199866947,nan,nan,0.04
8/19/2026 19:19:06,1.17.3,LeftRight,57,3.79,nan,1,Right,Left,289,890,162,199869875,nan,nan,0.12
8/19/2026 19:19:12,1.17.3,LeftRight,57,3.80,nan,1,Left,Left,290,890,162,199876484,nan,nan,0.00
8/19/2026 19:19:14,1.17.3,LeftRight,57,3.79,nan,1,Right,Left,290,891,162,199878471,nan,nan,0.00
8/19/2026 19:19:16,1.17.3,LeftRight,57,3.80,1,1,Pellet,Left,290,891,163,199878471,0.47,104,nan
8/19/2026 19:25:21,1.17.3,LeftRight,57,3.79,nan,1,Left,Left,291,891,163,200245517,nan,nan,0.00
8/19/2026 19:25:26,1.17.3,LeftRight,57,3.79,nan,1,Right,Left,291,892,163,200249883,nan,nan,0.09
8/19/2026 19:25:34,1.17.3,LeftRight,57,3.79,1,1,Pellet,Left,291,892,164,200249883,7.79,378,nan
8/19/2026 19:26:52,1.17.3,LeftRight,57,3.79,nan,1,Left,Left,292,892,164,200336096,nan,nan,0.00
8/19/2026 19:26:54,1.17.3,LeftRight,57,3.79,nan,1,Right,Left,292,893,164,200337936,nan,nan,0.00
8/19/2026 19:26:55,1.17.3,LeftRight,57,3.79,1,1,Pellet,Left,292,893,165,200337936,0.53,81,nan
8/19/2026 19:27:33,1.17.3,LeftRight,57,3.79,nan,1,Right,Left,292,894,165,200377045,nan,nan,0.00
8/19/2026 19:27:35,1.17.3,LeftRight,57,3.79,nan,1,Right,Left,292,895,165,200378734,nan,nan,0.08
8/19/2026 19:27:37,1.17.3,LeftRight,57,3.79,nan,1,Right,Left,292,896,165,200381103,nan,nan,0.08
8/19/2026 19:27:41,1.17.3,LeftRight,57,3.79,nan,1,Right,Left,292,897,165,200384966,nan,nan,0.00
8/19/2026 19:27:44,1.17.3,LeftRight,57,3.79,nan,1,Right,Left,292,898,165,200387698,nan,nan,0.02
8/19/2026 19:27:46,1.17.3,LeftRight,57,3.79,nan,1,Right,Left,292,899,165,200389714,nan,nan,0.00
8/19/2026 19:27:47,1.17.3,LeftRight,57,3.80,nan,1,Left,Left,293,899,165,200390957,nan,nan,0.00
8/19/2026 19:27:49,1.17.3,LeftRight,57,3.79,nan,1,Right,Left,293,900,165,200393249,nan,nan,0.00
8/19/2026 19:27:51,1.17.3,LeftRight,57,3.79,1,1,Pellet,Left,293,900,166,200393249,0.65,56,nan
8/19/2026 19:33:56,1.17.3,LeftRight,57,3.79,nan,1,Left,Left,294,900,166,200759703,nan,nan,0.00
8/19/2026 19:33:58,1.17.3,LeftRight,57,3.79,nan,1,Right,Left,294,901,166,200761839,nan,nan,0.00
8/19/2026 19:33:59,1.17.3,LeftRight,57,3.79,2,1,Pellet,Left,294,901,167,200761839,0.65,368,nan
8/19/2026 19:38:38,1.17.3,LeftRight,57,3.80,nan,1,Right,Left,294,902,167,201042467,nan,nan,0.02
8/19/2026 19:41:17,1.17.3,LeftRight,57,3.80,nan,1,Right,Left,294,903,167,201201605,nan,nan,0.03
8/19/2026 19:41:20,1.17.3,LeftRight,57,3.79,nan,1,Left,Left,295,903,167,201203794,nan,nan,0.00
8/19/2026 19:41:21,1.17.3,LeftRight,57,3.80,nan,1,Right,Left,295,904,167,201205333,nan,nan,0.00
8/19/2026 19:41:22,1.17.3,LeftRight,57,3.79,1,1,Pellet,Left,295,904,168,201205333,0.35,443,nan
8/19/2026 19:42:44,1.17.3,LeftRight,57,3.80,nan,1,Right,Left,295,905,168,201287679,nan,nan,0.06
8/19/2026 19:42:46,1.17.3,LeftRight,57,3.79,nan,1,Right,Left,295,906,168,201290479,nan,nan,0.00
8/19/2026 19:42:48,1.17.3,LeftRight,57,3.80,nan,1,Left,Left,296,906,168,201292329,nan,nan,0.00
8/19/2026 19:42:50,1.17.3,LeftRight,57,3.79,nan,1,Right,Left,296,907,168,201293871,nan,nan,0.00
8/19/2026 19:42:51,1.17.3,LeftRight,57,3.79,1,1,Pellet,Left,296,907,169,201293871,0.83,89,nan
8/19/2026 19:48:59,1.17.3,LeftRight,57,3.78,nan,1,Right,Left,296,908,169,201663690,nan,nan,0.00
8/19/2026 19:49:01,1.17.3,LeftRight,57,3.79,nan,1,Right,Left,296,909,169,201665685,nan,nan,0.00
8/19/2026 19:49:03,1.17.3,LeftRight,57,3.79,nan,1,Left,Left,297,909,169,201667524,nan,nan,0.00
8/19/2026 19:49:07,1.17.3,LeftRight,57,3.78,nan,1,Right,Left,297,910,169,201671744,nan,nan,0.00
8/19/2026 19:49:09,1.17.3,LeftRight,57,3.79,1,1,Pellet,Left,297,910,170,201671744,0.95,378,nan
8/19/2026 19:49:38,1.17.3,LeftRight,57,3.79,nan,1,Right,Left,297,911,170,201702465,nan,nan,0.00
8/19/2026 19:49:46,1.17.3,LeftRight,57,3.79,nan,1,Right,Left,297,912,170,201710543,nan,nan,0.05
8/19/2026 19:49:53,1.17.3,LeftRight,57,3.79,nan,1,Right,Left,297,913,170,201716739,nan,nan,0.02
8/19/2026 19:49:58,1.17.3,LeftRight,57,3.79,nan,1,Left,Left,298,913,170,201722236,nan,nan,0.00
8/19/2026 19:50:00,1.17.3,LeftRight,57,3.79,nan,1,Right,Left,298,914,170,201723924,nan,nan,0.05
8/19/2026 19:50:01,1.17.3,LeftRight,57,3.79,1,1,Pellet,Left,298,914,171,201723924,0.41,52,nan
8/19/2026 19:53:27,1.17.3,LeftRight,57,3.79,nan,1,Right,Left,298,915,171,201930759,nan,nan,0.18
8/19/2026 19:53:29,1.17.3,LeftRight,57,3.79,nan,1,Right,Left,298,916,171,201933232,nan,nan,0.04
8/19/2026 19:53:31,1.17.3,LeftRight,57,3.79,nan,1,Left,Left,299,916,171,201935409,nan,nan,0.00
8/19/2026 19:53:33,1.17.3,LeftRight,57,3.79,nan,1,Right,Left,299,917,171,201937542,nan,nan,0.04
8/19/2026 19:53:35,1.17.3,LeftRight,57,3.79,1,1,Pellet,Left,299,917,172,201937542,0.53,214,nan
8/19/2026 20:00:22,1.17.3,LeftRight,57,3.79,nan,1,Right,Left,299,918,172,202346496,nan,nan,0.03
8/19/2026 20:00:25,1.17.3,LeftRight,57,3.79,nan,1,Right,Left,299,919,172,202349710,nan,nan,0.08
8/19/2026 20:00:29,1.17.3,LeftRight,57,3.79,nan,1,Right,Left,299,920,172,202353562,nan,nan,0.07
8/19/2026 20:00:32,1.17.3,LeftRight,57,3.79,nan,1,Right,Left,299,921,172,202356214,nan,nan,0.02
8/19/2026 20:00:34,1.17.3,LeftRight,57,3.79,nan,1,Right,Left,299,922,172,202357937,nan,nan,0.07
8/19/2026 20:00:36,1.17.3,LeftRight,57,3.79,nan,1,Left,Left,300,922,172,202360473,nan,nan,0.00
8/19/2026 20:00:41,1.17.3,LeftRight,57,3.78,nan,1,Right,Left,300,923,172,202364861,nan,nan,0.04
8/19/2026 20:00:42,1.17.3,LeftRight,57,3.78,1,1,Pellet,Left,300,923,173,202364861,0.65,427,nan
8/19/2026 20:01:50,1.17.3,LeftRight,57,3.79,nan,1,Right,Left,300,924,173,202434204,nan,nan,0.17
8/19/2026 20:01:51,1.17.3,LeftRight,57,3.79,nan,1,Left,Left,301,924,173,202435635,nan,nan,0.00
8/19/2026 20:01:59,1.17.3,LeftRight,57,3.78,nan,1,RESET,Left,301,924,173,202443268,nan,nan,nan
8/19/2026 20:02:01,1.17.3,LeftRight,57,3.79,nan,1,Left,Left,302,924,173,202444996,nan,nan,0.00
8/19/2026 20:02:03,1.17.3,LeftRight,57,3.79,nan,1,Right,Left,302,925,173,202447132,nan,nan,0.06
8/19/2026 20:02:04,1.17.3,LeftRight,57,3.79,1,1,Pellet,Left,302,925,174,202447132,0.77,82,nan
8/19/2026 20:02:32,1.17.3,LeftRight,57,3.79,nan,1,Right,Left,302,926,174,202476721,nan,nan,0.06
8/19/2026 20:02:36,1.17.3,LeftRight,57,3.79,nan,1,Left,Left,303,926,174,202480561,nan,nan,0.00
8/19/2026 20:02:40,1.17.3,LeftRight,57,3.79,nan,1,Right,Left,303,927,174,202484484,nan,nan,0.00
8/19/2026 20:02:42,1.17.3,LeftRight,57,3.79,2,1,Pellet,Left,303,927,175,202484484,0.47,37,nan
8/19/2026 20:04:47,1.17.3,LeftRight,57,3.78,nan,1,Right,Left,303,928,175,202610899,nan,nan,0.00
8/19/2026 20:04:49,1.17.3,LeftRight,57,3.78,nan,1,Right,Left,303,929,175,202613632,nan,nan,0.00
8/19/2026 20:04:52,1.17.3,LeftRight,57,3.79,nan,1,Right,Left,303,930,175,202616811,nan,nan,0.03
8/19/2026 20:04:54,1.17.3,LeftRight,57,3.79,nan,1,Right,Left,303,931,175,202618828,nan,nan,0.00
8/19/2026 20:04:57,1.17.3,LeftRight,57,3.78,nan,1,Left,Left,304,931,175,202621266,nan,nan,0.00
8/19/2026 20:05:00,1.17.3,LeftRight,57,3.79,nan,1,Right,Left,304,932,175,202624442,nan,nan,0.00
8/19/2026 20:05:01,1.17.3,LeftRight,57,3.79,1,1,Pellet,Left,304,932,176,202624442,0.59,140,nan
8/19/2026 20:10:11,1.17.3,LeftRight,57,3.79,nan,1,Right,Left,304,933,176,202934966,nan,nan,0.04
8/19/2026 20:10:16,1.17.3,LeftRight,57,3.78,nan,1,Right,Left,304,934,176,202940117,nan,nan,0.04
8/19/2026 20:10:19,1.17.3,LeftRight,57,3.78,nan,1,Right,Left,304,935,176,202943782,nan,nan,0.00
8/19/2026 20:10:21,1.17.3,LeftRight,57,3.78,nan,1,Right,Left,304,936,176,202945620,nan,nan,0.11
8/19/2026 20:10:24,1.17.3,LeftRight,57,3.79,nan,1,Right,Left,304,937,176,202948159,nan,nan,0.00
8/19/2026 20:10:28,1.17.3,LeftRight,57,3.79,nan,1,Left,Left,305,937,176,202952530,nan,nan,0.00
8/19/2026 20:10:29,1.17.3,LeftRight,57,3.79,nan,1,Left,Left,306,937,176,202953414,nan,nan,0.00
8/19/2026 20:10:32,1.17.3,LeftRight,57,3.79,nan,1,Right,Left,306,938,176,202955996,nan,nan,0.00
8/19/2026 20:10:35,1.17.3,LeftRight,57,3.79,2,1,Pellet,Left,306,938,177,202955996,0.77,334,nan
8/19/2026 20:11:43,1.17.3,LeftRight,57,3.79,nan,1,Right,Left,306,939,177,203027573,nan,nan,0.00
8/19/2026 20:11:45,1.17.3,LeftRight,57,3.79,nan,1,Right,Left,306,940,177,203028967,nan,nan,0.04
8/19/2026 20:11:46,1.17.3,LeftRight,57,3.79,nan,1,Right,Left,306,941,177,203030843,nan,nan,0.00
8/19/2026 20:11:49,1.17.3,LeftRight,57,3.79,nan,1,Right,Left,306,942,177,203033123,nan,nan,0.02
8/19/2026 20:11:52,1.17.3,LeftRight,57,3.79,nan,1,Right,Left,306,943,177,203036029,nan,nan,0.00
8/19/2026 20:11:53,1.17.3,LeftRight,57,3.79,nan,1,Right,Left,306,944,177,203037865,nan,nan,0.03
8/19/2026 20:11:56,1.17.3,LeftRight,57,3.79,nan,1,Right,Left,306,945,177,203039737,nan,nan,0.18
8/19/2026 20:11:57,1.17.3,LeftRight,57,3.78,nan,1,Left,Left,307,945,177,203041088,nan,nan,0.00
8/19/2026 20:12:02,1.17.3,LeftRight,57,3.79,nan,1,Right,Left,307,946,177,203046489,nan,nan,0.00
8/19/2026 20:12:03,1.17.3,LeftRight,57,3.79,1,1,Pellet,Left,307,946,178,203046489,0.35,88,nan
8/19/2026 20:19:27,1.17.3,LeftRight,57,3.79,nan,1,Left,Left,308,946,178,203491024,nan,nan,0.00
8/19/2026 20:19:33,1.17.3,LeftRight,57,3.79,nan,1,Right,Left,308,947,178,203497329,nan,nan,0.12
8/19/2026 20:19:34,1.17.3,LeftRight,57,3.78,1,1,Pellet,Left,308,947,179,203497329,0.35,451,nan
8/19/2026 20:19:50,1.17.3,LeftRight,57,3.79,nan,1,Left,Left,309,947,179,203514751,nan,nan,0.00
8/19/2026 20:19:55,1.17.3,LeftRight,57,3.78,nan,1,Right,Left,309,948,179,203519572,nan,nan,0.00
8/19/2026 20:19:56,1.17.3,LeftRight,57,3.78,1,1,Pellet,Left,309,948,180,203519572,0.41,22,nan
8/19/2026 20:20:22,1.17.3,LeftRight,57,3.79,nan,1,Right,Left,309,949,180,203546141,nan,nan,0.01
8/19/2026 20:20:25,1.17.3,LeftRight,57,3.79,nan,1,Right,Left,309,950,180,203549183,nan,nan,0.04
8/19/2026 20:20:31,1.17.3,LeftRight,57,3.78,nan,1,Right,Left,309,951,180,203555835,nan,nan,0.00
8/19/2026 20:20:41,1.17.3,LeftRight,57,3.79,nan,1,Right,Left,309,952,180,203564972,nan,nan,0.02
8/19/2026 20:20:43,1.17.3,LeftRight,57,3.78,nan,1,Right,Left,309,953,180,203567135,nan,nan,0.00
8/19/2026 20:20:44,1.17.3,LeftRight,57,3.78,nan,1,Right,Left,309,954,180,203568379,nan,nan,0.10
8/19/2026 20:20:46,1.17.3,LeftRight,57,3.78,nan,1,Right,Left,309,955,180,203570165,nan,nan,0.00
8/19/2026 20:20:50,1.17.3,LeftRight,57,3.78,nan,1,Right,Left,309,956,180,203574391,nan,nan,0.17
8/19/2026 20:20:52,1.17.3,LeftRight,57,3.79,nan,1,Left,Left,310,956,180,203576548,nan,nan,0.00
8/19/2026 20:20:53,1.17.3,LeftRight,57,3.78,nan,1,Right,Left,310,957,180,203577649,nan,nan,0.00
8/19/2026 20:20:54,1.17.3,LeftRight,57,3.79,1,1,Pellet,Left,310,957,181,203577649,0.35,58,nan
8/19/2026 20:29:09,1.17.3,LeftRight,57,3.79,nan,1,Right,Left,310,958,181,204073589,nan,nan,0.00
8/19/2026 20:29:11,1.17.3,LeftRight,57,3.79,nan,1,Right,Left,310,959,181,204075874,nan,nan,0.06
8/19/2026 20:29:22,1.17.3,LeftRight,57,3.79,nan,1,Left,Left,311,959,181,204086608,nan,nan,0.00
8/19/2026 20:29:25,1.17.3,LeftRight,57,3.79,nan,1,Right,Left,311,960,181,204089046,nan,nan,0.00
8/19/2026 20:29:31,1.17.3,LeftRight,57,3.78,3,1,Pellet,Left,311,960,182,204089046,1.61,517,nan
8/19/2026 20:30:01,1.17.3,LeftRight,57,3.78,nan,1,Left,Left,312,960,182,204125069,nan,nan,0.00
8/19/2026 20:30:08,1.17.3,LeftRight,57,3.78,nan,1,RESET,Left,312,960,182,204132419,nan,nan,nan
8/19/2026 20:30:10,1.17.3,LeftRight,57,3.78,nan,1,Right,Left,312,961,182,204134647,nan,nan,0.00
8/19/2026 20:30:12,1.17.3,LeftRight,57,3.79,nan,1,Right,Left,312,962,182,204136188,nan,nan,0.00
8/19/2026 20:30:14,1.17.3,LeftRight,57,3.78,nan,1,Right,Left,312,963,182,204138629,nan,nan,0.04
8/19/2026 20:30:22,1.17.3,LeftRight,57,3.78,nan,1,Right,Left,312,964,182,204146467,nan,nan,0.12
8/19/2026 20:30:23,1.17.3,LeftRight,57,3.79,nan,1,Left,Left,313,964,182,204147864,nan,nan,0.00
8/19/2026 20:30:25,1.17.3,LeftRight,57,3.78,nan,1,Left,Left,314,964,182,204149316,nan,nan,0.00
8/19/2026 20:30:32,1.17.3,LeftRight,57,3.79,nan,1,Right,Left,314,965,182,204155918,nan,nan,0.01
8/19/2026 20:30:33,1.17.3,LeftRight,57,3.79,1,1,Pellet,Left,314,965,183,204155918,0.71,62,nan
8/19/2026 20:34:07,1.17.3,LeftRight,57,3.79,nan,1,Left,Left,315,965,183,204371603,nan,nan,0.00
8/19/2026 20:34:10,1.17.3,LeftRight,57,3.79,nan,1,Right,Left,315,966,183,204374037,nan,nan,0.00
8/19/2026 20:34:11,1.17.3,LeftRight,57,3.78,1,1,Pellet,Left,315,966,184,204374037,0.47,218,nan
8/19/2026 20:35:02,1.17.3,LeftRight,57,3.78,nan,1,Right,Left,315,967,184,204426803,nan,nan,0.00
8/19/2026 20:38:05,1.17.3,LeftRight,57,3.78,nan,1,Right,Left,315,968,184,204609786,nan,nan,0.01
8/19/2026 20:38:13,1.17.3,LeftRight,57,3.79,nan,1,Right,Left,315,969,184,204617000,nan,nan,0.07
8/19/2026 20:38:15,1.17.3,LeftRight,57,3.79,nan,1,Right,Left,315,970,184,204619353,nan,nan,0.04
8/19/2026 20:38:22,1.17.3,LeftRight,57,3.79,nan,1,Left,Left,316,970,184,204626305,nan,nan,0.00
8/19/2026 20:38:28,1.17.3,LeftRight,57,3.79,nan,1,Right,Left,316,971,184,204632015,nan,nan,0.02
8/19/2026 20:38:29,1.17.3,LeftRight,57,3.78,1,1,Pellet,Left,316,971,185,204632015,0.29,258,nan
8/19/2026 20:38:42,1.17.3,LeftRight,57,3.78,nan,1,Left,Left,317,971,185,204645871,nan,nan,0.00
8/19/2026 20:38:48,1.17.3,LeftRight,57,3.79,nan,1,Right,Left,317,972,185,204651872,nan,nan,0.02
8/19/2026 20:38:49,1.17.3,LeftRight,57,3.79,1,1,Pellet,Left,317,972,186,204651872,0.35,20,nan
8/19/2026 20:41:40,1.17.3,LeftRight,57,3.79,nan,1,Left,Left,318,972,186,204824672,nan,nan,0.00
8/19/2026 20:41:47,1.17.3,LeftRight,57,3.79,nan,1,Left,Left,319,972,186,204830973,nan,nan,0.00
8/19/2026 20:41:54,1.17.3,LeftRight,57,3.78,nan,1,Left,Left,320,972,186,204838085,nan,nan,0.00
8/19/2026 20:41:55,1.17.3,LeftRight,57,3.78,nan,1,Right,Left,320,973,186,204839178,nan,nan,0.00
8/19/2026 20:41:56,1.17.3,LeftRight,57,3.78,1,1,Pellet,Left,320,973,187,204839178,0.47,187,nan
8/19/2026 20:42:10,1.17.3,LeftRight,57,3.79,nan,1,Left,Left,321,973,187,204854843,nan,nan,0.00
8/19/2026 20:42:15,1.17.3,LeftRight,57,3.78,nan,1,Right,Left,321,974,187,204859060,nan,nan,0.01
8/19/2026 20:42:16,1.17.3,LeftRight,57,3.76,2,1,Pellet,Left,321,974,188,204859060,0.71,20,nan
8/19/2026 20:48:31,1.17.3,LeftRight,57,3.76,nan,1,Right,Left,321,975,188,205234911,nan,nan,0.00
8/19/2026 20:48:33,1.17.3,LeftRight,57,3.76,nan,1,Left,Left,322,975,188,205237736,nan,nan,0.00
8/19/2026 20:48:37,1.17.3,LeftRight,57,3.76,nan,1,Right,Left,322,976,188,205241812,nan,nan,0.00
8/19/2026 20:48:39,1.17.3,LeftRight,57,3.76,1,1,Pellet,Left,322,976,189,205241812,0.41,383,nan
8/19/2026 20:49:27,1.17.3,LeftRight,57,3.79,nan,1,Right,Left,322,977,189,205291510,nan,nan,0.00
8/19/2026 20:49:30,1.17.3,LeftRight,57,3.78,nan,1,Left,Left,323,977,189,205294582,nan,nan,0.00
8/19/2026 20:49:32,1.17.3,LeftRight,57,3.78,nan,1,Right,Left,323,978,189,205296420,nan,nan,0.07
8/19/2026 20:49:34,1.17.3,LeftRight,57,3.78,1,1,Pellet,Left,323,978,190,205296420,0.71,55,nan
8/19/2026 20:51:26,1.17.3,LeftRight,57,3.78,nan,1,Right,Left,323,979,190,205410517,nan,nan,0.00
8/19/2026 20:51:31,1.17.3,LeftRight,57,3.78,nan,1,Right,Left,323,980,190,205415480,nan,nan,0.17
8/19/2026 20:51:36,1.17.3,LeftRight,57,3.78,nan,1,Left,Left,324,980,190,205420779,nan,nan,0.00
8/19/2026 20:51:40,1.17.3,LeftRight,57,3.78,nan,1,Right,Left,324,981,190,205424106,nan,nan,0.00
8/19/2026 20:51:41,1.17.3,LeftRight,57,3.78,1,1,Pellet,Left,324,981,191,205424106,0.65,127,nan
8/19/2026 20:51:55,1.17.3,LeftRight,57,3.78,nan,1,Right,Left,324,982,191,205439335,nan,nan,0.27
8/19/2026 20:51:57,1.17.3,LeftRight,57,3.78,nan,1,Right,Left,324,983,191,205441443,nan,nan,0.00
8/19/2026 20:51:59,1.17.3,LeftRight,57,3.79,nan,1,Right,Left,324,984,191,205443000,nan,nan,0.00
8/19/2026 20:52:02,1.17.3,LeftRight,57,3.78,nan,1,Right,Left,324,985,191,205446326,nan,nan,0.00
8/19/2026 20:52:05,1.17.3,LeftRight,57,3.79,nan,1,Left,Left,325,985,191,205449147,nan,nan,0.00
8/19/2026 20:52:12,1.17.3,LeftRight,57,3.78,nan,1,RESET,Left,325,985,191,205456349,nan,nan,nan
8/19/2026 20:52:16,1.17.3,LeftRight,57,3.79,nan,1,Right,Left,325,986,191,205459768,nan,nan,0.14
8/19/2026 20:52:18,1.17.3,LeftRight,57,3.78,nan,1,Right,Left,325,987,191,205462791,nan,nan,0.03
8/19/2026 20:52:21,1.17.3,LeftRight,57,3.78,nan,1,Right,Left,325,988,191,205465414,nan,nan,0.15
8/19/2026 20:52:23,1.17.3,LeftRight,57,3.79,nan,1,Left,Left,326,988,191,205466889,nan,nan,0.00
8/19/2026 20:52:28,1.17.3,LeftRight,57,3.78,nan,1,Right,Left,326,989,191,205472008,nan,nan,0.07
8/19/2026 20:52:29,1.17.3,LeftRight,57,3.78,1,1,Pellet,Left,326,989,192,205472008,0.35,48,nan
8/19/2026 20:55:41,1.17.3,LeftRight,57,3.78,nan,1,Left,Left,327,989,192,205665641,nan,nan,0.00
8/19/2026 20:55:49,1.17.3,LeftRight,57,3.78,nan,1,RESET,Left,327,989,192,205673298,nan,nan,nan
8/19/2026 20:55:51,1.17.3,LeftRight,57,3.78,nan,1,Right,Left,327,990,192,205675527,nan,nan,0.00
8/19/2026 20:55:53,1.17.3,LeftRight,57,3.79,nan,1,Right,Left,327,991,192,205677217,nan,nan,0.00
8/19/2026 20:55:55,1.17.3,LeftRight,57,3.78,nan,1,Right,Left,327,992,192,205678906,nan,nan,0.00
8/19/2026 20:55:58,1.17.3,LeftRight,57,3.78,nan,1,Right,Left,327,993,192,205682682,nan,nan,0.00
8/19/2026 20:56:00,1.17.3,LeftRight,57,3.79,nan,1,Right,Left,327,994,192,205683932,nan,nan,0.09
8/19/2026 20:56:14,1.17.3,LeftRight,57,3.79,nan,1,Right,Left,327,995,192,205698525,nan,nan,0.00
8/19/2026 20:56:17,1.17.3,LeftRight,57,3.78,nan,1,Left,Left,328,995,192,205701571,nan,nan,0.00
8/19/2026 20:56:19,1.17.3,LeftRight,57,3.79,nan,1,Right,Left,328,996,192,205703572,nan,nan,0.00
8/19/2026 20:56:21,1.17.3,LeftRight,57,3.78,1,1,Pellet,Left,328,996,193,205703572,0.53,231,nan
8/19/2026 20:56:38,1.17.3,LeftRight,57,3.78,nan,1,Right,Left,328,997,193,205722512,nan,nan,0.00
8/19/2026 21:24:56,1.17.3,LeftRight,57,3.78,nan,1,Right,Left,328,998,193,207421044,nan,nan,0.04
8/19/2026 21:25:00,1.17.3,LeftRight,57,3.78,nan,1,Left,Left,329,998,193,207424943,nan,nan,0.00
8/19/2026 21:25:05,1.17.3,LeftRight,57,3.78,nan,1,Right,Left,329,999,193,207429761,nan,nan,0.00
8/19/2026 21:25:07,1.17.3,LeftRight,57,3.78,1,1,Pellet,Left,329,999,194,207429761,0.77,1727,nan
8/19/2026 21:25:29,1.17.3,LeftRight,57,3.78,nan,1,Left,Left,330,999,194,207453841,nan,nan,0.00
8/19/2026 21:25:34,1.17.3,LeftRight,57,3.78,nan,1,Right,Left,330,1000,194,207458811,nan,nan,0.00
8/19/2026 21:25:36,1.17.3,LeftRight,57,3.78,1,1,Pellet,Left,330,1000,195,207458811,0.53,28,nan
8/19/2026 21:25:51,1.17.3,LeftRight,57,3.78,nan,1,Right,Left,330,1001,195,207475944,nan,nan,0.00
8/19/2026 21:25:59,1.17.3,LeftRight,57,3.78,nan,1,Right,Left,330,1002,195,207483293,nan,nan,0.00
8/19/2026 21:26:15,1.17.3,LeftRight,57,3.78,nan,1,Right,Left,330,1003,195,207499745,nan,nan,0.02
8/19/2026 21:26:18,1.17.3,LeftRight,57,3.78,nan,1,Right,Left,330,1004,195,207502805,nan,nan,0.00
8/19/2026 21:26:26,1.17.3,LeftRight,57,3.78,nan,1,Left,Left,331,1004,195,207510405,nan,nan,0.00
8/19/2026 21:26:32,1.17.3,LeftRight,57,3.78,nan,1,Right,Left,331,1005,195,207516413,nan,nan,0.02
8/19/2026 21:26:33,1.17.3,LeftRight,57,3.78,1,1,Pellet,Left,331,1005,196,207516413,0.47,58,nan
8/19/2026 21:27:00,1.17.3,LeftRight,57,3.78,nan,1,Right,Left,331,1006,196,207544797,nan,nan,0.00
8/19/2026 21:27:08,1.17.3,LeftRight,57,3.78,nan,1,Left,Left,332,1006,196,207552636,nan,nan,0.00
8/19/2026 21:27:10,1.17.3,LeftRight,57,3.78,nan,1,Left,Left,333,1006,196,207554643,nan,nan,0.00
8/19/2026 21:27:13,1.17.3,LeftRight,57,3.78,nan,1,Right,Left,333,1007,196,207557675,nan,nan,0.00
8/19/2026 21:27:15,1.17.3,LeftRight,57,3.78,1,1,Pellet,Left,333,1007,197,207557675,0.95,42,nan
8/19/2026 21:27:28,1.17.3,LeftRight,57,3.77,nan,1,Right,Left,333,1008,197,207572749,nan,nan,0.05
8/19/2026 21:27:59,1.17.3,LeftRight,57,3.78,nan,1,Right,Left,333,1009,197,207603237,nan,nan,0.02
8/19/2026 21:28:02,1.17.3,LeftRight,57,3.78,nan,1,Right,Left,333,1010,197,207606295,nan,nan,0.00
8/19/2026 21:30:50,1.17.3,LeftRight,57,3.78,nan,1,Right,Left,333,1011,197,207774861,nan,nan,0.00
8/19/2026 21:30:53,1.17.3,LeftRight,57,3.78,nan,1,Right,Left,333,1012,197,207776995,nan,nan,0.18
8/19/2026 21:30:55,1.17.3,LeftRight,57,3.78,nan,1,Right,Left,333,1013,197,207780054,nan,nan,0.03
8/19/2026 21:31:03,1.17.3,LeftRight,57,3.78,nan,1,Left,Left,334,1013,197,207787432,nan,nan,0.00
8/19/2026 21:31:10,1.17.3,LeftRight,57,3.78,nan,1,RESET,Left,334,1013,197,207794627,nan,nan,nan
8/19/2026 21:31:11,1.17.3,LeftRight,57,3.78,nan,1,Right,Left,334,1014,197,207795661,nan,nan,0.00
8/19/2026 21:31:15,1.17.3,LeftRight,57,3.78,nan,1,Right,Left,334,1015,197,207799132,nan,nan,0.00
8/19/2026 21:31:17,1.17.3,LeftRight,57,3.78,nan,1,Left,Left,335,1015,197,207801825,nan,nan,0.00
8/19/2026 21:31:22,1.17.3,LeftRight,57,3.78,nan,1,Right,Left,335,1016,197,207806636,nan,nan,0.00
8/19/2026 21:31:23,1.17.3,LeftRight,57,3.78,1,1,Pellet,Left,335,1016,198,207806636,0.35,248,nan
8/19/2026 21:32:34,1.17.3,LeftRight,57,3.78,nan,1,Right,Left,335,1017,198,207878218,nan,nan,0.03
8/19/2026 21:32:37,1.17.3,LeftRight,57,3.78,nan,1,Left,Left,336,1017,198,207882046,nan,nan,0.00
8/19/2026 21:32:43,1.17.3,LeftRight,57,3.79,nan,1,Right,Left,336,1018,198,207887757,nan,nan,0.00
8/19/2026 21:32:44,1.17.3,LeftRight,57,3.78,1,1,Pellet,Left,336,1018,199,207887757,0.41,81,nan
8/19/2026 21:37:54,1.17.3,LeftRight,57,3.78,nan,1,Left,Left,337,1018,199,208198901,nan,nan,0.00
8/19/2026 21:38:01,1.17.3,LeftRight,57,3.78,nan,1,Right,Left,337,1019,199,208205949,nan,nan,0.00
8/19/2026 21:38:02,1.17.3,LeftRight,57,3.78,1,1,Pellet,Left,337,1019,200,208205949,0.41,318,nan
8/19/2026 21:40:55,1.17.3,LeftRight,57,3.78,nan,1,Right,Left,337,1020,200,208379956,nan,nan,0.11
8/19/2026 21:40:59,1.17.3,LeftRight,57,3.78,nan,1,Right,Left,337,1021,200,208383249,nan,nan,0.01
8/19/2026 21:41:00,1.17.3,LeftRight,57,3.78,nan,1,Right,Left,337,1022,200,208384952,nan,nan,0.00
8/19/2026 21:41:03,1.17.3,LeftRight,57,3.78,nan,1,Right,Left,337,1023,200,208387542,nan,nan,0.00
8/19/2026 21:41:04,1.17.3,LeftRight,57,3.78,nan,1,Left,Left,338,1023,200,208388725,nan,nan,0.00
8/19/2026 21:41:07,1.17.3,LeftRight,57,3.78,nan,1,Right,Left,338,1024,200,208391459,nan,nan,0.03
8/19/2026 21:41:08,1.17.3,LeftRight,57,3.78,1,1,Pellet,Left,338,1024,201,208391459,0.35,186,nan
8/19/2026 21:41:20,1.17.3,LeftRight,57,3.78,nan,1,Right,Left,338,1025,201,208404370,nan,nan,0.00
8/19/2026 21:41:25,1.17.3,LeftRight,57,3.78,nan,1,Left,Left,339,1025,201,208409814,nan,nan,0.00
8/19/2026 21:41:26,1.17.3,LeftRight,57,3.78,nan,1,Right,Left,339,1026,201,208411056,nan,nan,0.00
8/19/2026 21:41:30,1.17.3,LeftRight,57,3.78,2,1,Pellet,Left,339,1026,202,208411056,0.89,22,nan
8/19/2026 21:41:50,1.17.3,LeftRight,57,3.78,nan,1,Left,Left,340,1026,202,208434342,nan,nan,0.00
8/19/2026 21:41:53,1.17.3,LeftRight,57,3.78,nan,1,Right,Left,340,1027,202,208437682,nan,nan,0.00
8/19/2026 21:41:54,1.17.3,LeftRight,57,3.78,1,1,Pellet,Left,340,1027,203,208437682,0.41,24,nan
8/19/2026 21:46:00,1.17.3,LeftRight,57,3.78,nan,1,Left,Left,341,1027,203,208684660,nan,nan,0.00
8/19/2026 21:46:05,1.17.3,LeftRight,57,3.78,nan,1,Right,Left,341,1028,203,208689328,nan,nan,0.02
8/19/2026 21:46:06,1.17.3,LeftRight,57,3.78,1,1,Pellet,Left,341,1028,204,208689328,0.35,252,nan
8/19/2026 21:51:40,1.17.3,LeftRight,57,3.78,nan,1,Right,Left,341,1029,204,209024683,nan,nan,0.00
8/19/2026 21:51:43,1.17.3,LeftRight,57,3.78,nan,1,Right,Left,341,1030,204,209027718,nan,nan,0.03
8/19/2026 21:51:48,1.17.3,LeftRight,57,3.78,nan,1,Right,Left,341,1031,204,209032266,nan,nan,0.08
8/19/2026 21:51:50,1.17.3,LeftRight,57,3.78,nan,1,Right,Left,341,1032,204,209034627,nan,nan,0.00
8/19/2026 21:51:51,1.17.3,LeftRight,57,3.78,nan,1,Right,Left,341,1033,204,209036018,nan,nan,0.00
8/19/2026 21:51:54,1.17.3,LeftRight,57,3.78,nan,1,Right,Left,341,1034,204,209038600,nan,nan,0.01
8/19/2026 21:51:56,1.17.3,LeftRight,57,3.78,nan,1,Right,Left,341,1035,204,209041040,nan,nan,0.02
8/19/2026 21:51:58,1.17.3,LeftRight,57,3.78,nan,1,Right,Left,341,1036,204,209042603,nan,nan,0.12
8/19/2026 21:52:05,1.17.3,LeftRight,57,3.78,nan,1,Right,Left,341,1037,204,209049477,nan,nan,0.02
8/19/2026 21:52:07,1.17.3,LeftRight,57,3.78,nan,1,Left,Left,342,1037,204,209051571,nan,nan,0.00
8/19/2026 21:52:08,1.17.3,LeftRight,57,3.78,nan,1,Right,Left,342,1038,204,209052815,nan,nan,0.00
8/19/2026 21:52:09,1.17.3,LeftRight,57,3.78,1,1,Pellet,Left,342,1038,205,209052815,0.47,363,nan
8/19/2026 21:54:52,1.17.3,LeftRight,57,3.78,nan,1,Right,Left,342,1039,205,209216727,nan,nan,0.00
8/19/2026 21:54:53,1.17.3,LeftRight,57,3.78,nan,1,Left,Left,343,1039,205,209217822,nan,nan,0.00
8/19/2026 21:54:56,1.17.3,LeftRight,57,3.78,nan,1,Right,Left,343,1040,205,209221153,nan,nan,0.06
8/19/2026 21:54:58,1.17.3,LeftRight,57,3.78,1,1,Pellet,Left,343,1040,206,209221153,0.77,169,nan
8/19/2026 21:59:01,1.17.3,LeftRight,57,3.78,nan,1,Left,Left,344,1040,206,209465794,nan,nan,0.00
8/19/2026 21:59:02,1.17.3,LeftRight,57,3.78,nan,1,Right,Left,344,1041,206,209466895,nan,nan,0.05
8/19/2026 21:59:03,1.17.3,LeftRight,57,3.78,1,1,Pellet,Left,344,1041,207,209466895,0.35,245,nan
8/19/2026 21:59:21,1.17.3,LeftRight,57,3.78,nan,1,Right,Left,344,1042,207,209485752,nan,nan,0.00
8/19/2026 21:59:26,1.17.3,LeftRight,57,3.78,nan,1,Left,Left,345,1042,207,209491388,nan,nan,0.00
8/19/2026 21:59:32,1.17.3,LeftRight,57,3.78,nan,1,RESET,Left,345,1042,207,209496804,nan,nan,nan
8/19/2026 21:59:35,1.17.3,LeftRight,57,3.78,nan,1,Right,Left,345,1043,207,209499784,nan,nan,0.13
8/19/2026 21:59:41,1.17.3,LeftRight,57,3.78,nan,1,Right,Left,345,1044,207,209505625,nan,nan,0.00
8/19/2026 21:59:50,1.17.3,LeftRight,57,3.78,nan,1,Left,Left,346,1044,207,209515090,nan,nan,0.00
8/19/2026 21:59:52,1.17.3,LeftRight,57,3.78,nan,1,Right,Left,346,1045,207,209516483,nan,nan,0.00
8/19/2026 21:59:58,1.17.3,LeftRight,57,3.78,3,1,Pellet,Left,346,1045,208,209516483,1.31,55,nan
8/19/2026 22:03:55,1.17.3,LeftRight,57,3.78,nan,1,Left,Left,347,1045,208,209760245,nan,nan,0.00
8/19/2026 22:04:01,1.17.3,LeftRight,57,3.78,nan,1,RESET,Left,347,1045,208,209765970,nan,nan,nan
8/19/2026 22:04:05,1.17.3,LeftRight,57,3.78,nan,1,Right,Left,347,1046,208,209770139,nan,nan,0.03
8/19/2026 22:05:18,1.17.3,LeftRight,57,3.78,nan,1,Left,Left,348,1046,208,209843153,nan,nan,0.00
8/19/2026 22:05:20,1.17.3,LeftRight,57,3.78,nan,1,Right,Left,348,1047,208,209845322,nan,nan,0.01
8/19/2026 22:05:21,1.17.3,LeftRight,57,3.78,1,1,Pellet,Left,348,1047,209,209845322,0.35,323,nan
8/19/2026 22:07:10,1.17.3,LeftRight,57,3.78,nan,1,Right,Left,348,1048,209,209954767,nan,nan,0.03
8/19/2026 22:07:13,1.17.3,LeftRight,57,3.78,nan,1,Right,Left,348,1049,209,209958135,nan,nan,0.09
8/19/2026 22:07:15,1.17.3,LeftRight,57,3.78,nan,1,Right,Left,348,1050,209,209959615,nan,nan,0.03
8/19/2026 22:07:17,1.17.3,LeftRight,57,3.78,nan,1,Left,Left,349,1050,209,209961852,nan,nan,0.00
8/19/2026 22:07:17,1.17.3,LeftRight,57,3.78,nan,1,Left,Left,350,1050,209,209962495,nan,nan,0.00
8/19/2026 22:07:21,1.17.3,LeftRight,57,3.78,nan,1,Right,Left,350,1051,209,209965846,nan,nan,0.00
8/19/2026 22:07:22,1.17.3,LeftRight,57,3.78,1,1,Pellet,Left,350,1051,210,209965846,0.59,121,nan
8/19/2026 22:07:38,1.17.3,LeftRight,57,3.78,nan,1,Right,Left,350,1052,210,209982843,nan,nan,0.00
8/19/2026 22:07:42,1.17.3,LeftRight,57,3.78,nan,1,Right,Left,350,1053,210,209987069,nan,nan,0.07
8/19/2026 22:07:44,1.17.3,LeftRight,57,3.78,nan,1,Right,Left,350,1054,210,209988831,nan,nan,0.16
8/19/2026 22:07:46,1.17.3,LeftRight,57,3.78,nan,1,Right,Left,350,1055,210,209990551,nan,nan,0.08
8/19/2026 22:07:48,1.17.3,LeftRight,57,3.78,nan,1,Right,Left,350,1056,210,209992767,nan,nan,0.06
8/19/2026 22:07:51,1.17.3,LeftRight,57,3.78,nan,1,Left,Left,351,1056,210,209996281,nan,nan,0.00
8/19/2026 22:07:54,1.17.3,LeftRight,57,3.78,nan,1,Right,Left,351,1057,210,209998717,nan,nan,0.06
8/19/2026 22:07:55,1.17.3,LeftRight,57,3.78,1,1,Pellet,Left,351,1057,211,209998717,0.41,33,nan
8/19/2026 22:12:59,1.17.3,LeftRight,57,3.78,nan,1,Right,Left,351,1058,211,210304629,nan,nan,0.00
8/19/2026 22:15:07,1.17.3,LeftRight,57,3.78,nan,1,Right,Left,351,1059,211,210432082,nan,nan,0.00
8/19/2026 22:23:15,1.17.3,LeftRight,57,3.78,nan,1,Right,Left,351,1060,211,210920351,nan,nan,0.00
8/19/2026 22:23:17,1.17.3,LeftRight,57,3.78,nan,1,Left,Left,352,1060,211,210922751,nan,nan,0.00
8/19/2026 22:23:23,1.17.3,LeftRight,57,3.78,nan,1,RESET,Left,352,1060,211,210928318,nan,nan,nan
8/19/2026 22:23:35,1.17.3,LeftRight,57,3.78,nan,1,Right,Left,352,1061,211,210940386,nan,nan,0.09
8/19/2026 22:23:42,1.17.3,LeftRight,57,3.78,nan,1,Left,Left,353,1061,211,210947277,nan,nan,0.00
8/19/2026 22:23:45,1.17.3,LeftRight,57,3.78,nan,1,Right,Left,353,1062,211,210949861,nan,nan,0.00
8/19/2026 22:23:46,1.17.3,LeftRight,57,3.78,1,1,Pellet,Left,353,1062,212,210949861,0.47,951,nan
8/19/2026 22:26:43,1.17.3,LeftRight,57,3.78,nan,1,Right,Left,353,1063,212,211128464,nan,nan,0.00
8/19/2026 22:26:45,1.17.3,LeftRight,57,3.78,nan,1,Right,Left,353,1064,212,211130008,nan,nan,0.00
8/19/2026 22:26:46,1.17.3,LeftRight,57,3.78,nan,1,Left,Left,354,1064,212,211131707,nan,nan,0.00
8/19/2026 22:26:51,1.17.3,LeftRight,57,3.78,nan,1,Right,Left,354,1065,212,211136679,nan,nan,0.00
8/19/2026 22:26:53,1.17.3,LeftRight,57,3.78,1,1,Pellet,Left,354,1065,213,211136679,0.83,187,nan
8/19/2026 22:27:16,1.17.3,LeftRight,57,3.78,nan,1,Right,Left,354,1066,213,211161200,nan,nan,0.05
8/19/2026 22:27:18,1.17.3,LeftRight,57,3.78,nan,1,Right,Left,354,1067,213,211163387,nan,nan,0.00
8/19/2026 22:27:21,1.17.3,LeftRight,57,3.78,nan,1,Left,Left,355,1067,213,211165950,nan,nan,0.00
8/19/2026 22:27:24,1.17.3,LeftRight,57,3.78,nan,1,Right,Left,355,1068,213,211169143,nan,nan,0.03
8/19/2026 22:27:25,1.17.3,LeftRight,57,3.78,1,1,Pellet,Left,355,1068,214,211169143,0.41,32,nan
8/19/2026 22:27:41,1.17.3,LeftRight,57,3.78,nan,1,Left,Left,356,1068,214,211186071,nan,nan,0.00
8/19/2026 22:27:46,1.17.3,LeftRight,57,3.78,nan,1,RESET,Left,356,1068,214,211191343,nan,nan,nan
8/19/2026 22:27:48,1.17.3,LeftRight,57,3.78,nan,1,Left,Left,357,1068,214,211193190,nan,nan,0.00
8/19/2026 22:27:50,1.17.3,LeftRight,57,3.78,nan,1,Right,Left,357,1069,214,211195037,nan,nan,0.00
8/19/2026 22:27:51,1.17.3,LeftRight,57,3.78,1,1,Pellet,Left,357,1069,215,211195037,0.35,26,nan
8/19/2026 22:28:05,1.17.3,LeftRight,57,3.78,nan,1,Left,Left,358,1069,215,211210796,nan,nan,0.00
8/19/2026 22:28:08,1.17.3,LeftRight,57,3.78,nan,1,Right,Left,358,1070,215,211213386,nan,nan,0.15
8/19/2026 22:28:09,1.17.3,LeftRight,57,3.78,1,1,Pellet,Left,358,1070,216,211213386,0.35,18,nan
8/19/2026 22:31:07,1.17.3,LeftRight,57,3.76,nan,1,Left,Left,359,1070,216,211392670,nan,nan,0.00
8/19/2026 22:31:11,1.17.3,LeftRight,57,3.75,nan,1,Right,Left,359,1071,216,211396149,nan,nan,0.04
8/19/2026 22:31:12,1.17.3,LeftRight,57,3.75,1,1,Pellet,Left,359,1071,217,211396149,0.53,183,nan
8/19/2026 22:31:53,1.17.3,LeftRight,57,3.76,nan,1,Left,Left,360,1071,217,211438817,nan,nan,0.00
8/19/2026 22:31:59,1.17.3,LeftRight,57,3.75,nan,1,RESET,Left,360,1071,217,211444375,nan,nan,nan
8/19/2026 22:32:03,1.17.3,LeftRight,57,3.78,nan,1,Left,Left,361,1071,217,211447950,nan,nan,0.00
8/19/2026 22:32:05,1.17.3,LeftRight,57,3.78,nan,1,Right,Left,361,1072,217,211450383,nan,nan,0.00
8/19/2026 22:32:11,1.17.3,LeftRight,57,3.78,3,1,Pellet,Left,361,1072,218,211450383,1.07,59,nan
8/19/2026 22:32:44,1.17.3,LeftRight,57,3.78,nan,1,Right,Left,361,1073,218,211489066,nan,nan,0.00
8/19/2026 22:32:53,1.17.3,LeftRight,57,3.78,nan,1,Right,Left,361,1074,218,211498656,nan,nan,0.09
8/19/2026 22:32:54,1.17.3,LeftRight,57,3.78,nan,1,Right,Left,361,1075,218,211499844,nan,nan,0.00
8/19/2026 22:32:58,1.17.3,LeftRight,57,3.78,nan,1,Right,Left,361,1076,218,211503175,nan,nan,0.16
8/19/2026 22:33:00,1.17.3,LeftRight,57,3.78,nan,1,Left,Left,362,1076,218,211505502,nan,nan,0.00
8/19/2026 22:33:02,1.17.3,LeftRight,57,3.78,nan,1,Right,Left,362,1077,218,211507344,nan,nan,0.00
8/19/2026 22:33:03,1.17.3,LeftRight,57,3.78,1,1,Pellet,Left,362,1077,219,211507344,0.83,52,nan
8/19/2026 22:35:08,1.17.3,LeftRight,57,3.78,nan,1,Left,Left,363,1077,219,211633875,nan,nan,0.00
8/19/2026 22:35:14,1.17.3,LeftRight,57,3.78,nan,1,RESET,Left,363,1077,219,211639448,nan,nan,nan
8/19/2026 22:35:20,1.17.3,LeftRight,57,3.78,nan,1,Left,Left,364,1077,219,211645255,nan,nan,0.00
8/19/2026 22:35:21,1.17.3,LeftRight,57,3.78,nan,1,Right,Left,364,1078,219,211646797,nan,nan,0.00
8/19/2026 22:35:22,1.17.3,LeftRight,57,3.78,1,1,Pellet,Left,364,1078,220,211646797,0.35,139,nan
8/19/2026 22:36:10,1.17.3,LeftRight,57,3.78,nan,1,Right,Left,364,1079,220,211695418,nan,nan,0.22
8/19/2026 22:36:12,1.17.3,LeftRight,57,3.78,nan,1,Right,Left,364,1080,220,211697189,nan,nan,0.00
8/19/2026 22:36:18,1.17.3,LeftRight,57,3.78,nan,1,Right,Left,364,1081,220,211703512,nan,nan,0.06
8/19/2026 22:36:24,1.17.3,LeftRight,57,3.78,nan,1,Right,Left,364,1082,220,211709147,nan,nan,0.03
8/19/2026 22:36:26,1.17.3,LeftRight,57,3.78,nan,1,Right,Left,364,1083,220,211711769,nan,nan,0.16
8/19/2026 22:36:38,1.17.3,LeftRight,57,3.78,nan,1,Right,Left,364,1084,220,211722886,nan,nan,0.16
8/19/2026 22:36:43,1.17.3,LeftRight,57,3.77,nan,1,Right,Left,364,1085,220,211728925,nan,nan,0.00
8/19/2026 22:36:48,1.17.3,LeftRight,57,3.78,nan,1,Right,Left,364,1086,220,211733307,nan,nan,0.01
8/19/2026 22:36:51,1.17.3,LeftRight,57,3.78,nan,1,Right,Left,364,1087,220,211736206,nan,nan,0.00
8/19/2026 22:36:53,1.17.3,LeftRight,57,3.78,nan,1,Right,Left,364,1088,220,211738657,nan,nan,0.00
8/19/2026 22:36:55,1.17.3,LeftRight,57,3.78,nan,1,Left,Left,365,1088,220,211740651,nan,nan,0.00
8/19/2026 22:37:01,1.17.3,LeftRight,57,3.78,nan,1,RESET,Left,365,1088,220,211746385,nan,nan,nan
8/19/2026 22:37:02,1.17.3,LeftRight,57,3.78,nan,1,Left,Left,366,1088,220,211747511,nan,nan,0.00
8/19/2026 22:37:04,1.17.3,LeftRight,57,3.78,nan,1,Right,Left,366,1089,220,211749057,nan,nan,0.00
8/19/2026 22:37:05,1.17.3,LeftRight,57,3.78,1,1,Pellet,Left,366,1089,221,211749057,0.47,103,nan
8/19/2026 22:46:57,1.17.3,LeftRight,57,3.78,nan,1,Left,Left,367,1089,221,212343051,nan,nan,0.00
8/19/2026 22:47:03,1.17.3,LeftRight,57,3.78,nan,1,RESET,Left,367,1089,221,212348619,nan,nan,nan
8/19/2026 22:50:59,1.17.3,LeftRight,57,3.78,nan,1,Right,Left,367,1090,221,212585146,nan,nan,0.00
8/19/2026 22:51:03,1.17.3,LeftRight,57,3.78,nan,1,Left,Left,368,1090,221,212588178,nan,nan,0.00
8/19/2026 22:51:05,1.17.3,LeftRight,57,3.78,nan,1,Right,Left,368,1091,221,212590317,nan,nan,0.02
8/19/2026 22:51:06,1.17.3,LeftRight,57,3.78,1,1,Pellet,Left,368,1091,222,212590317,0.41,841,nan
8/19/2026 22:51:44,1.17.3,LeftRight,57,3.78,nan,1,Right,Left,368,1092,222,212629471,nan,nan,0.04
8/19/2026 22:51:46,1.17.3,LeftRight,57,3.78,nan,1,Right,Left,368,1093,222,212631961,nan,nan,0.00
8/19/2026 22:51:48,1.17.3,LeftRight,57,3.78,nan,1,Right,Left,368,1094,222,212633654,nan,nan,0.00
8/19/2026 22:51:55,1.17.3,LeftRight,57,3.78,nan,1,Right,Left,368,1095,222,212640718,nan,nan,0.00
8/19/2026 22:52:01,1.17.3,LeftRight,57,3.78,nan,1,Left,Left,369,1095,222,212646947,nan,nan,0.00
8/19/2026 22:52:05,1.17.3,LeftRight,57,3.78,nan,1,Right,Left,369,1096,222,212650284,nan,nan,0.11
8/19/2026 22:52:06,1.17.3,LeftRight,57,3.78,1,1,Pellet,Left,369,1096,223,212650284,0.89,60,nan
8/19/2026 22:52:45,1.17.3,LeftRight,57,3.78,nan,1,Right,Left,369,1097,223,212690393,nan,nan,0.00
8/19/2026 22:52:52,1.17.3,LeftRight,57,3.78,nan,1,Left,Left,370,1097,223,212697195,nan,nan,0.00
8/19/2026 22:52:56,1.17.3,LeftRight,57,3.78,nan,1,Right,Left,370,1098,223,212701721,nan,nan,0.08
8/19/2026 22:53:02,1.17.3,LeftRight,57,3.78,3,1,Pellet,Left,370,1098,224,212701721,1.43,56,nan
8/19/2026 22:55:10,1.17.3,LeftRight,57,3.77,nan,1,Right,Left,370,1099,224,212835526,nan,nan,0.00
8/19/2026 22:55:26,1.17.3,LeftRight,57,3.78,nan,1,Left,Left,371,1099,224,212852211,nan,nan,0.00
8/19/2026 22:55:28,1.17.3,LeftRight,57,3.78,nan,1,Right,Left,371,1100,224,212853903,nan,nan,0.03
8/19/2026 22:55:29,1.17.3,LeftRight,57,3.78,1,1,Pellet,Left,371,1100,225,212853903,0.41,147,nan
8/19/2026 22:59:59,1.17.3,LeftRight,57,3.78,nan,1,Left,Left,372,1100,225,213125183,nan,nan,0.00
8/19/2026 23:00:04,1.17.3,LeftRight,57,3.78,nan,1,Left,Left,373,1100,225,213129530,nan,nan,0.00
8/19/2026 23:00:09,1.17.3,LeftRight,57,3.78,nan,1,RESET,Left,373,1100,225,213134806,nan,nan,nan
8/19/2026 23:00:31,1.17.3,LeftRight,57,3.78,nan,1,Right,Left,373,1101,225,213157012,nan,nan,0.00
8/19/2026 23:00:40,1.17.3,LeftRight,57,3.77,nan,1,Left,Left,374,1101,225,213165853,nan,nan,0.00
8/19/2026 23:00:44,1.17.3,LeftRight,57,3.78,nan,1,Right,Left,374,1102,225,213169925,nan,nan,0.09
8/19/2026 23:00:45,1.17.3,LeftRight,57,3.78,1,1,Pellet,Left,374,1102,226,213169925,0.47,316,nan
8/19/2026 23:00:55,1.17.3,LeftRight,57,3.78,nan,1,Left,Left,375,1102,226,213181104,nan,nan,0.00
8/19/2026 23:01:01,1.17.3,LeftRight,57,3.78,nan,1,RESET,Left,375,1102,226,213186821,nan,nan,nan
8/19/2026 23:01:01,1.17.3,LeftRight,57,3.78,nan,1,Right,Left,375,1103,226,213186975,nan,nan,0.00
8/19/2026 23:25:31,1.17.3,LeftRight,57,3.77,nan,1,Right,Left,375,1104,226,214656592,nan,nan,0.00
8/19/2026 23:28:54,1.17.3,LeftRight,57,3.78,nan,1,Right,Left,375,1105,226,214859830,nan,nan,0.04
8/19/2026 23:28:58,1.17.3,LeftRight,57,3.78,nan,1,Right,Left,375,1106,226,214864400,nan,nan,0.00
8/19/2026 23:29:01,1.17.3,LeftRight,57,3.77,nan,1,Left,Left,376,1106,226,214867285,nan,nan,0.00
8/19/2026 23:29:03,1.17.3,LeftRight,57,3.78,nan,1,Right,Left,376,1107,226,214868978,nan,nan,0.10
8/19/2026 23:29:05,1.17.3,LeftRight,57,3.77,1,1,Pellet,Left,376,1107,227,214868978,0.83,1700,nan
8/19/2026 23:29:29,1.17.3,LeftRight,57,3.78,nan,1,Left,Left,377,1107,227,214895044,nan,nan,0.00
8/19/2026 23:29:34,1.17.3,LeftRight,57,3.77,nan,1,RESET,Left,377,1107,227,214900026,nan,nan,nan
8/19/2026 23:29:36,1.17.3,LeftRight,57,3.78,nan,1,Left,Left,378,1107,227,214901925,nan,nan,0.00
8/19/2026 23:29:41,1.17.3,LeftRight,57,3.78,nan,1,RESET,Left,378,1107,227,214907043,nan,nan,nan
8/19/2026 23:29:42,1.17.3,LeftRight,57,3.77,nan,1,Right,Left,378,1108,227,214907931,nan,nan,0.09
8/19/2026 23:29:45,1.17.3,LeftRight,57,3.78,nan,1,Right,Left,378,1109,227,214911053,nan,nan,0.13
8/19/2026 23:29:52,1.17.3,LeftRight,57,3.78,nan,1,Left,Left,379,1109,227,214918282,nan,nan,0.00
8/19/2026 23:29:57,1.17.3,LeftRight,57,3.78,nan,1,Right,Left,379,1110,227,214923109,nan,nan,0.16
8/19/2026 23:29:59,1.17.3,LeftRight,57,3.77,1,1,Pellet,Left,379,1110,228,214923109,0.59,54,nan
8/19/2026 23:30:40,1.17.3,LeftRight,57,3.78,nan,1,Left,Left,380,1110,228,214966599,nan,nan,0.00
8/19/2026 23:30:44,1.17.3,LeftRight,57,3.78,nan,1,Right,Left,380,1111,228,214969932,nan,nan,0.10
8/19/2026 23:30:45,1.17.3,LeftRight,57,3.77,1,1,Pellet,Left,380,1111,229,214969932,0.53,46,nan
8/19/2026 23:31:05,1.17.3,LeftRight,57,3.77,nan,1,Left,Left,381,1111,229,214990648,nan,nan,0.00
8/19/2026 23:31:08,1.17.3,LeftRight,57,3.78,nan,1,Right,Left,381,1112,229,214993674,nan,nan,0.03
8/19/2026 23:31:09,1.17.3,LeftRight,57,3.77,1,1,Pellet,Left,381,1112,230,214993674,0.41,24,nan
8/19/2026 23:31:22,1.17.3,LeftRight,57,3.77,nan,1,Right,Left,381,1113,230,215008274,nan,nan,0.05
8/19/2026 23:31:26,1.17.3,LeftRight,57,3.78,nan,1,Left,Left,382,1113,230,215011929,nan,nan,0.00
8/19/2026 23:31:29,1.17.3,LeftRight,57,3.78,nan,1,Left,Left,383,1113,230,215014836,nan,nan,0.00
8/19/2026 23:31:30,1.17.3,LeftRight,57,3.77,nan,1,Right,Left,383,1114,230,215016377,nan,nan,0.09
8/19/2026 23:31:31,1.17.3,LeftRight,57,3.77,1,1,Pellet,Left,383,1114,231,215016377,0.41,22,nan
8/19/2026 23:31:50,1.17.3,LeftRight,57,3.78,nan,1,Left,Left,384,1114,231,215036544,nan,nan,0.00
8/19/2026 23:31:54,1.17.3,LeftRight,57,3.77,nan,1,Right,Left,384,1115,231,215040166,nan,nan,0.20
8/19/2026 23:31:56,1.17.3,LeftRight,57,3.77,1,1,Pellet,Left,384,1115,232,215040166,1.19,25,nan
8/19/2026 23:32:29,1.17.3,LeftRight,57,3.78,nan,1,Left,Left,385,1115,232,215075556,nan,nan,0.00
8/19/2026 23:32:35,1.17.3,LeftRight,57,3.78,nan,1,RESET,Left,385,1115,232,215081123,nan,nan,nan
8/19/2026 23:32:35,1.17.3,LeftRight,57,3.77,nan,1,Right,Left,385,1116,232,215081266,nan,nan,0.01
8/19/2026 23:32:38,1.17.3,LeftRight,57,3.78,nan,1,Right,Left,385,1117,232,215084162,nan,nan,0.03
8/19/2026 23:32:40,1.17.3,LeftRight,57,3.78,nan,1,Right,Left,385,1118,232,215085589,nan,nan,0.20
8/19/2026 23:32:41,1.17.3,LeftRight,57,3.78,nan,1,Right,Left,385,1119,232,215087189,nan,nan,0.07
8/19/2026 23:32:42,1.17.3,LeftRight,57,3.78,nan,1,Right,Left,385,1120,232,215088515,nan,nan,0.00
8/19/2026 23:32:44,1.17.3,LeftRight,57,3.77,nan,1,Right,Left,385,1121,232,215089611,nan,nan,0.30
8/19/2026 23:32:46,1.17.3,LeftRight,57,3.77,nan,1,Right,Left,385,1122,232,215092200,nan,nan,0.16
8/19/2026 23:32:48,1.17.3,LeftRight,57,3.78,nan,1,Left,Left,386,1122,232,215094463,nan,nan,0.00
8/19/2026 23:32:50,1.17.3,LeftRight,57,3.78,nan,1,Left,Left,387,1122,232,215096017,nan,nan,0.00
8/19/2026 23:32:54,1.17.3,LeftRight,57,3.78,nan,1,Right,Left,387,1123,232,215100244,nan,nan,0.00
8/19/2026 23:32:55,1.17.3,LeftRight,57,3.77,1,1,Pellet,Left,387,1123,233,215100244,0.53,59,nan
8/19/2026 23:34:28,1.17.3,LeftRight,57,3.77,nan,1,Right,Left,387,1124,233,215193710,nan,nan,0.00
8/19/2026 23:34:30,1.17.3,LeftRight,57,3.78,nan,1,Right,Left,387,1125,233,215195699,nan,nan,0.00
8/19/2026 23:34:32,1.17.3,LeftRight,57,3.77,nan,1,Right,Left,387,1126,233,215198142,nan,nan,0.00
8/19/2026 23:34:35,1.17.3,LeftRight,57,3.78,nan,1,Left,Left,388,1126,233,215201061,nan,nan,0.00
8/19/2026 23:34:38,1.17.3,LeftRight,57,3.77,nan,1,Right,Left,388,1127,233,215203799,nan,nan,0.00
8/19/2026 23:34:39,1.17.3,LeftRight,57,3.78,1,1,Pellet,Left,388,1127,234,215203799,0.89,104,nan
8/19/2026 23:34:54,1.17.3,LeftRight,57,3.78,nan,1,Right,Left,388,1128,234,215219935,nan,nan,0.00
8/19/2026 23:34:55,1.17.3,LeftRight,57,3.78,nan,1,Right,Left,388,1129,234,215221496,nan,nan,0.08
8/19/2026 23:34:57,1.17.3,LeftRight,57,3.78,nan,1,Right,Left,388,1130,234,215223272,nan,nan,0.13
8/19/2026 23:35:00,1.17.3,LeftRight,57,3.78,nan,1,Left,Left,389,1130,234,215226070,nan,nan,0.00
8/19/2026 23:35:01,1.17.3,LeftRight,57,3.78,nan,1,Left,Left,390,1130,234,215227176,nan,nan,0.00
8/19/2026 23:35:04,1.17.3,LeftRight,57,3.78,nan,1,Right,Left,390,1131,234,215230209,nan,nan,0.00
8/19/2026 23:35:04,1.17.3,LeftRight,57,3.67,nan,1,RightDuringDispense,Left,390,1132,234,215230209,nan,nan,0.11
8/19/2026 23:35:32,1.17.3,LeftRight,57,3.77,nan,1,RightWithPellet,Left,390,1133,234,215230209,nan,nan,0.06
8/19/2026 23:35:40,1.17.3,LeftRight,57,3.77,nan,1,RightWithPellet,Left,390,1134,234,215230209,nan,nan,0.06
8/19/2026 23:35:42,1.17.3,LeftRight,57,3.77,nan,1,RightWithPellet,Left,390,1135,234,215230209,nan,nan,0.07
8/19/2026 23:35:44,1.17.3,LeftRight,57,3.77,nan,1,LeftWithPellet,Left,391,1135,234,215230209,nan,nan,0.19
8/19/2026 23:35:48,1.17.3,LeftRight,57,3.78,nan,1,RightWithPellet,Left,391,1136,234,215230209,nan,nan,0.13
8/19/2026 23:35:51,1.17.3,LeftRight,57,3.77,nan,1,RightWithPellet,Left,391,1137,234,215230209,nan,nan,0.16
8/19/2026 23:35:55,1.17.3,LeftRight,57,3.78,nan,1,LeftWithPellet,Left,392,1137,234,215230209,nan,nan,0.17
8/19/2026 23:36:00,1.17.3,LeftRight,57,3.77,nan,1,RightWithPellet,Left,392,1138,234,215230209,nan,nan,0.12
8/19/2026 23:36:03,1.17.3,LeftRight,57,3.78,nan,1,RightWithPellet,Left,392,1139,234,215230209,nan,nan,0.20
8/19/2026 23:36:04,1.17.3,LeftRight,57,3.77,nan,1,LeftWithPellet,Left,393,1139,234,215230209,nan,nan,0.17
8/19/2026 23:36:06,1.17.3,LeftRight,57,3.78,nan,1,RightWithPellet,Left,393,1140,234,215230209,nan,nan,0.01
8/19/2026 23:36:08,1.17.3,LeftRight,57,3.78,nan,1,RightWithPellet,Left,393,1141,234,215230209,nan,nan,0.24
8/19/2026 23:36:11,1.17.3,LeftRight,57,3.78,nan,1,LeftWithPellet,Left,394,1141,234,215230209,nan,nan,0.14
8/19/2026 23:36:17,1.17.3,LeftRight,57,3.78,nan,1,LeftWithPellet,Left,395,1141,234,215230209,nan,nan,0.10
8/19/2026 23:36:24,1.17.3,LeftRight,57,3.77,nan,1,LeftWithPellet,Left,396,1141,234,215230209,nan,nan,0.02
8/19/2026 23:36:27,1.17.3,LeftRight,57,3.78,nan,1,LeftWithPellet,Left,397,1141,234,215230209,nan,nan,0.14
8/19/2026 23:36:30,1.17.3,LeftRight,57,3.77,nan,1,RightWithPellet,Left,397,1142,234,215230209,nan,nan,0.41
8/19/2026 23:36:31,1.17.3,LeftRight,57,3.77,nan,1,RightWithPellet,Left,397,1143,234,215230209,nan,nan,0.25
8/19/2026 23:36:35,1.17.3,LeftRight,57,3.78,nan,1,LeftWithPellet,Left,398,1143,234,215230209,nan,nan,0.35
8/19/2026 23:36:39,1.17.3,LeftRight,57,3.78,1,1,Pellet,Left,398,1143,235,215230209,Timed_out,120,nan
8/19/2026 23:44:53,1.17.3,LeftRight,57,3.78,nan,1,Right,Left,398,1144,235,215818939,nan,nan,0.08
8/19/2026 23:44:56,1.17.3,LeftRight,57,3.77,nan,1,Right,Left,398,1145,235,215822345,nan,nan,0.00
8/19/2026 23:44:58,1.17.3,LeftRight,57,3.77,nan,1,Right,Left,398,1146,235,215824335,nan,nan,0.00
8/19/2026 23:45:01,1.17.3,LeftRight,57,3.77,nan,1,Right,Left,398,1147,235,215827518,nan,nan,0.00
8/19/2026 23:45:05,1.17.3,LeftRight,57,3.77,nan,1,Left,Left,399,1147,235,215831312,nan,nan,0.00
8/19/2026 23:45:06,1.17.3,LeftRight,57,3.78,nan,1,Left,Left,400,1147,235,215832092,nan,nan,0.00
8/19/2026 23:45:08,1.17.3,LeftRight,57,3.77,nan,1,Right,Left,400,1148,235,215834527,nan,nan,0.07
8/19/2026 23:45:10,1.17.3,LeftRight,57,3.77,1,1,Pellet,Left,400,1148,236,215834527,0.47,511,nan
8/19/2026 23:45:30,1.17.3,LeftRight,57,3.77,nan,1,Left,Left,401,1148,236,215856328,nan,nan,0.00
8/19/2026 23:45:36,1.17.3,LeftRight,57,3.77,nan,1,RESET,Left,401,1148,236,215862195,nan,nan,nan
8/19/2026 23:47:31,1.17.3,LeftRight,57,3.78,nan,1,Right,Left,401,1149,236,215977187,nan,nan,0.03
8/19/2026 23:47:35,1.17.3,LeftRight,57,3.77,nan,1,Left,Left,402,1149,236,215981389,nan,nan,0.00
8/19/2026 23:47:37,1.17.3,LeftRight,57,3.78,nan,1,Right,Left,402,1150,236,215982930,nan,nan,0.00
8/19/2026 23:47:38,1.17.3,LeftRight,57,3.78,1,1,Pellet,Left,402,1150,237,215982930,0.53,148,nan
8/19/2026 23:48:11,1.17.3,LeftRight,57,3.78,nan,1,Right,Left,402,1151,237,216017411,nan,nan,0.24
8/19/2026 23:48:18,1.17.3,LeftRight,57,3.77,nan,1,Right,Left,402,1152,237,216024120,nan,nan,0.00
8/19/2026 23:48:21,1.17.3,LeftRight,57,3.77,nan,1,Left,Left,403,1152,237,216027455,nan,nan,0.00
8/19/2026 23:48:26,1.17.3,LeftRight,57,3.78,nan,1,Right,Left,403,1153,237,216032126,nan,nan,0.12
8/19/2026 23:48:27,1.17.3,LeftRight,57,3.78,1,1,Pellet,Left,403,1153,238,216032126,0.71,49,nan
8/19/2026 23:48:49,1.17.3,LeftRight,57,3.78,nan,1,Left,Left,404,1153,238,216055759,nan,nan,0.00
8/19/2026 23:48:55,1.17.3,LeftRight,57,3.77,nan,1,RESET,Left,404,1153,238,216061333,nan,nan,nan
8/19/2026 23:48:56,1.17.3,LeftRight,57,3.77,nan,1,Right,Left,404,1154,238,216062519,nan,nan,0.07
8/19/2026 23:49:02,1.17.3,LeftRight,57,3.78,nan,1,Right,Left,404,1155,238,216068308,nan,nan,0.02
8/19/2026 23:49:05,1.17.3,LeftRight,57,3.77,nan,1,Right,Left,404,1156,238,216070909,nan,nan,0.06
8/19/2026 23:49:06,1.17.3,LeftRight,57,3.78,nan,1,Right,Left,404,1157,238,216072661,nan,nan,0.03
8/19/2026 23:49:08,1.17.3,LeftRight,57,3.75,nan,1,Right,Left,404,1158,238,216074084,nan,nan,0.30
8/19/2026 23:49:15,1.17.3,LeftRight,57,3.76,nan,1,Left,Left,405,1158,238,216080826,nan,nan,0.00
8/19/2026 23:49:19,1.17.3,LeftRight,57,3.76,nan,1,RESET,Left,405,1158,238,216085352,nan,nan,nan
8/19/2026 23:49:20,1.17.3,LeftRight,57,3.76,nan,1,Right,Left,405,1159,238,216086539,nan,nan,0.00
8/19/2026 23:49:22,1.17.3,LeftRight,57,3.75,nan,1,Right,Left,405,1160,238,216088231,nan,nan,0.04
8/19/2026 23:49:24,1.17.3,LeftRight,57,3.77,nan,1,Right,Left,405,1161,238,216089963,nan,nan,0.07
8/19/2026 23:49:26,1.17.3,LeftRight,57,3.77,nan,1,Right,Left,405,1162,238,216091727,nan,nan,0.22
8/19/2026 23:49:28,1.17.3,LeftRight,57,3.78,nan,1,Right,Left,405,1163,238,216093947,nan,nan,0.10
8/19/2026 23:49:29,1.17.3,LeftRight,57,3.77,nan,1,Left,Left,406,1163,238,216095303,nan,nan,0.00
8/19/2026 23:49:31,1.17.3,LeftRight,57,3.78,nan,1,Right,Left,406,1164,238,216096846,nan,nan,0.15
8/19/2026 23:49:32,1.17.3,LeftRight,57,3.78,1,1,Pellet,Left,406,1164,239,216096846,0.35,65,nan
8/20/2026 1:23:00,1.17.3,LeftRight,57,3.76,nan,1,Right,Left,406,1165,239,221706843,nan,nan,0.00
8/20/2026 1:25:07,1.17.3,LeftRight,57,3.76,nan,1,Left,Left,407,1165,239,221833534,nan,nan,0.00
8/20/2026 1:25:12,1.17.3,LeftRight,57,3.77,nan,1,RESET,Left,407,1165,239,221838953,nan,nan,nan
8/20/2026 1:25:17,1.17.3,LeftRight,57,3.76,nan,1,Right,Left,407,1166,239,221844313,nan,nan,0.00
8/20/2026 1:25:19,1.17.3,LeftRight,57,3.76,nan,1,Left,Left,408,1166,239,221846368,nan,nan,0.00
8/20/2026 1:25:22,1.17.3,LeftRight,57,3.76,nan,1,Right,Left,408,1167,239,221849261,nan,nan,0.00
8/20/2026 1:25:23,1.17.3,LeftRight,57,3.76,1,1,Pellet,Left,408,1167,240,221849261,0.47,5751,nan
8/20/2026 1:25:48,1.17.3,LeftRight,57,3.77,nan,1,Right,Left,408,1168,240,221874432,nan,nan,0.07
8/20/2026 1:25:50,1.17.3,LeftRight,57,3.77,nan,1,Right,Left,408,1169,240,221876791,nan,nan,0.05
8/20/2026 1:26:05,1.17.3,LeftRight,57,3.76,nan,1,Left,Left,409,1169,240,221892040,nan,nan,0.00
8/20/2026 1:26:10,1.17.3,LeftRight,57,3.76,nan,1,RESET,Left,409,1169,240,221897020,nan,nan,nan
8/20/2026 1:26:12,1.17.3,LeftRight,57,3.76,nan,1,Right,Left,409,1170,240,221899250,nan,nan,0.03
8/20/2026 1:26:15,1.17.3,LeftRight,57,3.76,nan,1,Right,Left,409,1171,240,221902312,nan,nan,0.06
8/20/2026 1:26:17,1.17.3,LeftRight,57,3.76,nan,1,Right,Left,409,1172,240,221903618,nan,nan,0.02
8/20/2026 1:26:20,1.17.3,LeftRight,57,3.76,nan,1,Right,Left,409,1173,240,221906673,nan,nan,0.00
8/20/2026 1:26:24,1.17.3,LeftRight,57,3.76,nan,1,Left,Left,410,1173,240,221910671,nan,nan,0.00
8/20/2026 1:26:27,1.17.3,LeftRight,57,3.76,nan,1,Right,Left,410,1174,240,221913701,nan,nan,0.00
8/20/2026 1:26:28,1.17.3,LeftRight,57,3.77,1,1,Pellet,Left,410,1174,241,221913701,0.35,65,nan
8/20/2026 1:28:39,1.17.3,LeftRight,57,3.77,nan,1,Right,Left,410,1175,241,222045585,nan,nan,0.00
8/20/2026 1:28:40,1.17.3,LeftRight,57,3.76,nan,1,Right,Left,410,1176,241,222046976,nan,nan,0.00
8/20/2026 1:28:42,1.17.3,LeftRight,57,3.76,nan,1,Left,Left,411,1176,241,222048963,nan,nan,0.00
8/20/2026 1:28:45,1.17.3,LeftRight,57,3.76,nan,1,Right,Left,411,1177,241,222052296,nan,nan,0.02
8/20/2026 1:28:46,1.17.3,LeftRight,57,3.76,1,1,Pellet,Left,411,1177,242,222052296,0.41,138,nan
8/20/2026 1:29:07,1.17.3,LeftRight,57,3.76,nan,1,Right,Left,411,1178,242,222073956,nan,nan,0.00
8/20/2026 1:29:09,1.17.3,LeftRight,57,3.76,nan,1,Right,Left,411,1179,242,222075943,nan,nan,0.09
8/20/2026 1:29:11,1.17.3,LeftRight,57,3.76,nan,1,Right,Left,411,1180,242,222077870,nan,nan,0.02
8/20/2026 1:29:12,1.17.3,LeftRight,57,3.77,nan,1,Right,Left,411,1181,242,222079289,nan,nan,0.13
8/20/2026 1:29:15,1.17.3,LeftRight,57,3.76,nan,1,Right,Left,411,1182,242,222081261,nan,nan,0.35
8/20/2026 1:29:16,1.17.3,LeftRight,57,3.76,nan,1,Right,Left,411,1183,242,222083454,nan,nan,0.00
8/20/2026 1:29:18,1.17.3,LeftRight,57,3.76,nan,1,Left,Left,412,1183,242,222084571,nan,nan,0.00
8/20/2026 1:29:20,1.17.3,LeftRight,57,3.76,nan,1,Right,Left,412,1184,242,222087305,nan,nan,0.00
8/20/2026 1:29:22,1.17.3,LeftRight,57,3.76,2,1,Pellet,Left,412,1184,243,222087305,0.41,36,nan
8/20/2026 1:29:38,1.17.3,LeftRight,57,3.76,nan,1,Right,Left,412,1185,243,222105278,nan,nan,0.12
8/20/2026 1:29:41,1.17.3,LeftRight,57,3.77,nan,1,Right,Left,412,1186,243,222107999,nan,nan,0.15
8/20/2026 1:29:44,1.17.3,LeftRight,57,3.77,nan,1,Right,Left,412,1187,243,222110589,nan,nan,0.00
8/20/2026 1:32:28,1.17.3,LeftRight,57,3.76,nan,1,Left,Left,413,1187,243,222275235,nan,nan,0.00
8/20/2026 1:32:32,1.17.3,LeftRight,57,3.76,nan,1,Right,Left,413,1188,243,222278569,nan,nan,0.07
8/20/2026 1:32:33,1.17.3,LeftRight,57,3.77,1,1,Pellet,Left,413,1188,244,222278569,0.41,191,nan
8/20/2026 1:32:55,1.17.3,LeftRight,57,3.76,nan,1,Left,Left,414,1188,244,222302048,nan,nan,0.00
8/20/2026 1:32:57,1.17.3,LeftRight,57,3.77,nan,1,Right,Left,414,1189,244,222303888,nan,nan,0.08
8/20/2026 1:32:58,1.17.3,LeftRight,57,3.76,1,1,Pellet,Left,414,1189,245,222303888,0.47,25,nan
8/20/2026 1:33:17,1.17.3,LeftRight,57,3.76,nan,1,Right,Left,414,1190,245,222324211,nan,nan,0.08
8/20/2026 1:33:19,1.17.3,LeftRight,57,3.76,nan,1,Right,Left,414,1191,245,222326135,nan,nan,0.00
8/20/2026 1:33:22,1.17.3,LeftRight,57,3.76,nan,1,Right,Left,414,1192,245,222328716,nan,nan,0.04
8/20/2026 1:33:24,1.17.3,LeftRight,57,3.76,nan,1,Right,Left,414,1193,245,222330740,nan,nan,0.09
8/20/2026 1:33:26,1.17.3,LeftRight,57,3.76,nan,1,Left,Left,415,1193,245,222333218,nan,nan,0.00
8/20/2026 1:33:28,1.17.3,LeftRight,57,3.76,nan,1,Right,Left,415,1194,245,222334759,nan,nan,0.03
8/20/2026 1:33:32,1.17.3,LeftRight,57,3.76,2,1,Pellet,Left,415,1194,246,222334759,1.13,34,nan
8/20/2026 1:33:59,1.17.3,LeftRight,57,3.77,nan,1,Right,Left,415,1195,246,222366457,nan,nan,0.00
8/20/2026 1:34:01,1.17.3,LeftRight,57,3.76,nan,1,Right,Left,415,1196,246,222367998,nan,nan,0.01
8/20/2026 1:34:03,1.17.3,LeftRight,57,3.76,nan,1,Right,Left,415,1197,246,222369852,nan,nan,0.13
8/20/2026 1:34:09,1.17.3,LeftRight,57,3.77,nan,1,Right,Left,415,1198,246,222375686,nan,nan,0.03
8/20/2026 1:34:12,1.17.3,LeftRight,57,3.76,nan,1,Right,Left,415,1199,246,222378757,nan,nan,0.16
8/20/2026 1:34:15,1.17.3,LeftRight,57,3.76,nan,1,Left,Left,416,1199,246,222382296,nan,nan,0.00
8/20/2026 1:34:19,1.17.3,LeftRight,57,3.76,nan,1,Right,Left,416,1200,246,222385625,nan,nan,0.00
8/20/2026 1:34:20,1.17.3,LeftRight,57,3.76,1,1,Pellet,Left,416,1200,247,222385625,0.41,48,nan
8/20/2026 1:36:36,1.17.3,LeftRight,57,3.76,nan,1,Left,Left,417,1200,247,222522811,nan,nan,0.00
8/20/2026 1:36:40,1.17.3,LeftRight,57,3.76,nan,1,RESET,Left,417,1200,247,222527034,nan,nan,nan
8/20/2026 1:42:50,1.17.3,LeftRight,57,3.77,nan,1,Right,Left,417,1201,247,222897471,nan,nan,0.03
8/20/2026 1:42:53,1.17.3,LeftRight,57,3.76,nan,1,Right,Left,417,1202,247,222899483,nan,nan,0.17
8/20/2026 1:42:55,1.17.3,LeftRight,57,3.76,nan,1,Right,Left,417,1203,247,222902533,nan,nan,0.00
8/20/2026 1:42:57,1.17.3,LeftRight,57,3.76,nan,1,Right,Left,417,1204,247,222904074,nan,nan,0.00
8/20/2026 1:42:59,1.17.3,LeftRight,57,3.76,nan,1,Right,Left,417,1205,247,222905763,nan,nan,0.03
8/20/2026 1:43:04,1.17.3,LeftRight,57,3.76,nan,1,Right,Left,417,1206,247,222910773,nan,nan,0.06
8/20/2026 1:43:06,1.17.3,LeftRight,57,3.76,nan,1,Right,Left,417,1207,247,222912819,nan,nan,0.00
8/20/2026 1:45:39,1.17.3,LeftRight,57,3.76,nan,1,Left,Left,418,1207,247,223066140,nan,nan,0.00
8/20/2026 1:45:44,1.17.3,LeftRight,57,3.76,nan,1,Right,Left,418,1208,247,223070957,nan,nan,0.00
8/20/2026 1:45:45,1.17.3,LeftRight,57,3.76,1,1,Pellet,Left,418,1208,248,223070957,0.65,685,nan
8/20/2026 1:46:39,1.17.3,LeftRight,57,3.76,nan,1,Right,Left,418,1209,248,223125974,nan,nan,0.00
8/20/2026 1:46:40,1.17.3,LeftRight,57,3.77,nan,1,Right,Left,418,1210,248,223127230,nan,nan,0.00
8/20/2026 1:46:42,1.17.3,LeftRight,57,3.76,nan,1,Right,Left,418,1211,248,223129517,nan,nan,0.02
8/20/2026 1:46:45,1.17.3,LeftRight,57,3.76,nan,1,Right,Left,418,1212,248,223132570,nan,nan,0.00
8/20/2026 1:46:48,1.17.3,LeftRight,57,3.77,nan,1,Right,Left,418,1213,248,223134708,nan,nan,0.00
8/20/2026 1:46:50,1.17.3,LeftRight,57,3.76,nan,1,Right,Left,418,1214,248,223136704,nan,nan,0.13
8/20/2026 1:46:51,1.17.3,LeftRight,57,3.76,nan,1,Right,Left,418,1215,248,223138373,nan,nan,0.03
8/20/2026 1:46:53,1.17.3,LeftRight,57,3.76,nan,1,Right,Left,418,1216,248,223139945,nan,nan,0.00
8/20/2026 1:46:55,1.17.3,LeftRight,57,3.76,nan,1,Left,Left,419,1216,248,223142420,nan,nan,0.00
8/20/2026 1:46:58,1.17.3,LeftRight,57,3.77,nan,1,Right,Left,419,1217,248,223145303,nan,nan,0.08
8/20/2026 1:46:59,1.17.3,LeftRight,57,3.76,1,1,Pellet,Left,419,1217,249,223145303,0.41,74,nan
8/20/2026 1:47:58,1.17.3,LeftRight,57,3.76,nan,1,Left,Left,420,1217,249,223204919,nan,nan,0.00
8/20/2026 1:48:02,1.17.3,LeftRight,57,3.76,nan,1,RESET,Left,420,1217,249,223209141,nan,nan,nan
8/20/2026 1:48:03,1.17.3,LeftRight,57,3.76,nan,1,Right,Left,420,1218,249,223210625,nan,nan,0.00
8/20/2026 1:48:05,1.17.3,LeftRight,57,3.76,nan,1,Right,Left,420,1219,249,223212167,nan,nan,0.05
8/20/2026 1:48:07,1.17.3,LeftRight,57,3.76,nan,1,Right,Left,420,1220,249,223213756,nan,nan,0.03
8/20/2026 1:48:08,1.17.3,LeftRight,57,3.76,nan,1,Right,Left,420,1221,249,223214737,nan,nan,0.00
8/20/2026 1:48:09,1.17.3,LeftRight,57,3.76,nan,1,Right,Left,420,1222,249,223216428,nan,nan,0.04
8/20/2026 1:48:12,1.17.3,LeftRight,57,3.76,nan,1,Left,Left,421,1222,249,223219318,nan,nan,0.00
8/20/2026 1:48:16,1.17.3,LeftRight,57,3.76,nan,1,Right,Left,421,1223,249,223223246,nan,nan,0.10
8/20/2026 1:48:17,1.17.3,LeftRight,57,3.76,1,1,Pellet,Left,421,1223,250,223223246,0.35,78,nan
8/20/2026 1:50:14,1.17.3,LeftRight,57,3.76,nan,1,Right,Left,421,1224,250,223341393,nan,nan,0.01
8/20/2026 1:50:20,1.17.3,LeftRight,57,3.76,nan,1,Right,Left,421,1225,250,223346671,nan,nan,0.06
8/20/2026 1:50:21,1.17.3,LeftRight,57,3.77,nan,1,Right,Left,421,1226,250,223348420,nan,nan,0.06
8/20/2026 1:50:23,1.17.3,LeftRight,57,3.76,nan,1,Right,Left,421,1227,250,223349877,nan,nan,0.15
8/20/2026 1:50:32,1.17.3,LeftRight,57,3.76,nan,1,Right,Left,421,1228,250,223358721,nan,nan,0.08
8/20/2026 1:50:33,1.17.3,LeftRight,57,3.76,nan,1,Right,Left,421,1229,250,223360200,nan,nan,0.14
8/20/2026 1:51:19,1.17.3,LeftRight,57,3.76,nan,1,Left,Left,422,1229,250,223405861,nan,nan,0.00
8/20/2026 1:51:23,1.17.3,LeftRight,57,3.76,nan,1,RESET,Left,422,1229,250,223410088,nan,nan,nan
8/20/2026 1:51:31,1.17.3,LeftRight,57,3.76,nan,1,Right,Left,422,1230,250,223418432,nan,nan,0.00
8/20/2026 1:51:34,1.17.3,LeftRight,57,3.76,nan,1,Right,Left,422,1231,250,223420721,nan,nan,0.03
8/20/2026 1:51:39,1.17.3,LeftRight,57,3.76,nan,1,Right,Left,422,1232,250,223425718,nan,nan,0.00
8/20/2026 1:51:40,1.17.3,LeftRight,57,3.76,nan,1,Right,Left,422,1233,250,223426820,nan,nan,0.11
8/20/2026 1:51:42,1.17.3,LeftRight,57,3.76,nan,1,Right,Left,422,1234,250,223428920,nan,nan,0.03
8/20/2026 1:51:44,1.17.3,LeftRight,57,3.76,nan,1,Right,Left,422,1235,250,223431091,nan,nan,0.00
8/20/2026 1:51:46,1.17.3,LeftRight,57,3.76,nan,1,Left,Left,423,1235,250,223433529,nan,nan,0.00
8/20/2026 1:51:48,1.17.3,LeftRight,57,3.76,nan,1,Right,Left,423,1236,250,223435678,nan,nan,0.00
8/20/2026 1:52:00,1.17.3,LeftRight,57,3.76,1,1,Pellet,Left,423,1236,251,223435678,11.03,223,nan
8/20/2026 1:58:30,1.17.3,LeftRight,57,3.76,nan,1,Right,Left,423,1237,251,223837154,nan,nan,0.13
8/20/2026 1:58:32,1.17.3,LeftRight,57,3.76,nan,1,Right,Left,423,1238,251,223839569,nan,nan,0.02
8/20/2026 1:58:35,1.17.3,LeftRight,57,3.76,nan,1,Right,Left,423,1239,251,223841426,nan,nan,0.34
8/20/2026 1:58:36,1.17.3,LeftRight,57,3.76,nan,1,Left,Left,424,1239,251,223843683,nan,nan,0.00
8/20/2026 1:58:41,1.17.3,LeftRight,57,3.76,nan,1,RESET,Left,424,1239,251,223848208,nan,nan,nan
8/20/2026 1:58:43,1.17.3,LeftRight,57,3.76,nan,1,Right,Left,424,1240,251,223850593,nan,nan,0.14
8/20/2026 1:58:45,1.17.3,LeftRight,57,3.76,nan,1,Right,Left,424,1241,251,223852429,nan,nan,0.00
8/20/2026 1:58:48,1.17.3,LeftRight,57,3.76,nan,1,Right,Left,424,1242,251,223855609,nan,nan,0.00
8/20/2026 1:58:50,1.17.3,LeftRight,57,3.76,nan,1,Right,Left,424,1243,251,223857747,nan,nan,0.00
8/20/2026 1:58:53,1.17.3,LeftRight,57,3.76,nan,1,Left,Left,425,1243,251,223860631,nan,nan,0.00
8/20/2026 1:58:57,1.17.3,LeftRight,57,3.76,nan,1,Right,Left,425,1244,251,223864119,nan,nan,0.00
8/20/2026 1:58:58,1.17.3,LeftRight,57,3.76,1,1,Pellet,Left,425,1244,252,223864119,0.77,418,nan
8/20/2026 2:06:28,1.17.3,LeftRight,57,3.76,nan,1,Right,Left,425,1245,252,224315650,nan,nan,0.06
8/20/2026 2:06:38,1.17.3,LeftRight,57,3.76,nan,1,Right,Left,425,1246,252,224325024,nan,nan,0.00
8/20/2026 2:22:39,1.17.3,LeftRight,57,3.76,nan,1,Right,Left,425,1247,252,225286791,nan,nan,0.00
8/20/2026 2:22:46,1.17.3,LeftRight,57,3.76,nan,1,Left,Left,426,1247,252,225293864,nan,nan,0.00
8/20/2026 2:22:51,1.17.3,LeftRight,57,3.76,nan,1,RESET,Left,426,1247,252,225298543,nan,nan,nan
8/20/2026 2:22:56,1.17.3,LeftRight,57,3.76,nan,1,Right,Left,426,1248,252,225303313,nan,nan,0.02
8/20/2026 2:23:01,1.17.3,LeftRight,57,3.76,nan,1,Right,Left,426,1249,252,225308166,nan,nan,0.00
8/20/2026 2:23:03,1.17.3,LeftRight,57,3.76,nan,1,Right,Left,426,1250,252,225310905,nan,nan,0.00
8/20/2026 2:23:04,1.17.3,LeftRight,57,3.76,nan,1,Right,Left,426,1251,252,225311860,nan,nan,0.11
8/20/2026 2:23:06,1.17.3,LeftRight,57,3.76,nan,1,Right,Left,426,1252,252,225313070,nan,nan,0.04
8/20/2026 2:23:07,1.17.3,LeftRight,57,3.76,nan,1,Right,Left,426,1253,252,225314657,nan,nan,0.10
8/20/2026 2:23:09,1.17.3,LeftRight,57,3.76,nan,1,Right,Left,426,1254,252,225316899,nan,nan,0.07
8/20/2026 2:23:11,1.17.3,LeftRight,57,3.76,nan,1,Right,Left,426,1255,252,225318065,nan,nan,0.16
8/20/2026 2:23:12,1.17.3,LeftRight,57,3.76,nan,1,Right,Left,426,1256,252,225319767,nan,nan,0.06
8/20/2026 2:23:16,1.17.3,LeftRight,57,3.76,nan,1,Right,Left,426,1257,252,225323923,nan,nan,0.05
8/20/2026 2:23:18,1.17.3,LeftRight,57,3.76,nan,1,Right,Left,426,1258,252,225325221,nan,nan,0.10
8/20/2026 2:23:19,1.17.3,LeftRight,57,3.76,nan,1,Right,Left,426,1259,252,225326419,nan,nan,0.01
8/20/2026 2:23:24,1.17.3,LeftRight,57,3.76,nan,1,Left,Left,427,1259,252,225331946,nan,nan,0.00
8/20/2026 2:23:26,1.17.3,LeftRight,57,3.76,nan,1,Right,Left,427,1260,252,225333192,nan,nan,0.12
8/20/2026 2:23:30,1.17.3,LeftRight,57,3.76,2,1,Pellet,Left,427,1260,253,225333192,0.95,1472,nan
8/20/2026 2:23:44,1.17.3,LeftRight,57,3.76,nan,1,Right,Left,427,1261,253,225351281,nan,nan,0.00
8/20/2026 2:23:46,1.17.3,LeftRight,57,3.76,nan,1,Right,Left,427,1262,253,225353422,nan,nan,0.08
8/20/2026 2:23:48,1.17.3,LeftRight,57,3.76,nan,1,Right,Left,427,1263,253,225355797,nan,nan,0.12
8/20/2026 2:23:50,1.17.3,LeftRight,57,3.76,nan,1,Right,Left,427,1264,253,225357162,nan,nan,0.12
8/20/2026 2:23:52,1.17.3,LeftRight,57,3.76,nan,1,Right,Left,427,1265,253,225358994,nan,nan,0.09
8/20/2026 2:23:55,1.17.3,LeftRight,57,3.76,nan,1,Right,Left,427,1266,253,225362120,nan,nan,0.00
8/20/2026 2:23:56,1.17.3,LeftRight,57,3.76,nan,1,Right,Left,427,1267,253,225363964,nan,nan,0.00
8/20/2026 2:24:00,1.17.3,LeftRight,57,3.76,nan,1,Right,Left,427,1268,253,225367149,nan,nan,0.00
8/20/2026 2:24:02,1.17.3,LeftRight,57,3.76,nan,1,Right,Left,427,1269,253,225369451,nan,nan,0.09
8/20/2026 2:24:03,1.17.3,LeftRight,57,3.76,nan,1,Left,Left,428,1269,253,225370951,nan,nan,0.00
8/20/2026 2:24:05,1.17.3,LeftRight,57,3.76,nan,1,Right,Left,428,1270,253,225372353,nan,nan,0.05
8/20/2026 2:24:06,1.17.3,LeftRight,57,3.76,1,1,Pellet,Left,428,1270,254,225372353,0.59,36,nan
8/20/2026 2:48:11,1.17.3,LeftRight,57,3.76,nan,1,Left,Left,429,1270,254,226819067,nan,nan,0.00
8/20/2026 2:48:16,1.17.3,LeftRight,57,3.76,nan,1,RESET,Left,429,1270,254,226823894,nan,nan,nan
8/20/2026 2:56:38,1.17.3,LeftRight,57,3.76,nan,1,Left,Left,430,1270,254,227325508,nan,nan,0.00
8/20/2026 2:56:42,1.17.3,LeftRight,57,3.76,nan,1,RESET,Left,430,1270,254,227329895,nan,nan,nan
8/20/2026 2:56:50,1.17.3,LeftRight,57,3.76,nan,1,Right,Left,430,1271,254,227337799,nan,nan,0.47
8/20/2026 2:56:56,1.17.3,LeftRight,57,3.76,nan,1,Left,Left,431,1271,254,227343697,nan,nan,0.00
8/20/2026 2:56:59,1.17.3,LeftRight,57,3.76,nan,1,Left,Left,432,1271,254,227346729,nan,nan,0.00
8/20/2026 2:57:03,1.17.3,LeftRight,57,3.76,nan,1,RESET,Left,432,1271,254,227350955,nan,nan,nan
8/20/2026 2:57:14,1.17.3,LeftRight,57,3.74,nan,1,Left,Left,433,1271,254,227362340,nan,nan,0.00
8/20/2026 2:57:19,1.17.3,LeftRight,57,3.74,nan,1,RESET,Left,433,1271,254,227367012,nan,nan,nan
8/20/2026 3:01:21,1.17.3,LeftRight,57,3.76,nan,1,Right,Left,433,1272,254,227608840,nan,nan,0.04
8/20/2026 3:01:23,1.17.3,LeftRight,57,3.76,nan,1,Right,Left,433,1273,254,227610718,nan,nan,0.09
8/20/2026 3:01:31,1.17.3,LeftRight,57,3.75,nan,1,Left,Left,434,1273,254,227618827,nan,nan,0.00
8/20/2026 3:01:34,1.17.3,LeftRight,57,3.76,nan,1,Left,Left,435,1273,254,227622158,nan,nan,0.00
8/20/2026 3:01:37,1.17.3,LeftRight,57,3.76,nan,1,Right,Left,435,1274,254,227625056,nan,nan,0.00
8/20/2026 3:01:38,1.17.3,LeftRight,57,3.76,1,1,Pellet,Left,435,1274,255,227625056,0.53,2252,nan
8/20/2026 3:01:54,1.17.3,LeftRight,57,3.76,nan,1,Right,Left,435,1275,255,227641823,nan,nan,0.11
8/20/2026 3:01:56,1.17.3,LeftRight,57,3.76,nan,1,Right,Left,435,1276,255,227643926,nan,nan,0.06
8/20/2026 3:01:57,1.17.3,LeftRight,57,3.76,nan,1,Right,Left,435,1277,255,227645383,nan,nan,0.00
8/20/2026 3:02:05,1.17.3,LeftRight,57,3.76,nan,1,Right,Left,435,1278,255,227652750,nan,nan,0.16
8/20/2026 3:02:07,1.17.3,LeftRight,57,3.76,nan,1,Right,Left,435,1279,255,227654604,nan,nan,0.06
8/20/2026 3:02:08,1.17.3,LeftRight,57,3.76,nan,1,Right,Left,435,1280,255,227656503,nan,nan,0.03
8/20/2026 3:02:10,1.17.3,LeftRight,57,3.76,nan,1,Right,Left,435,1281,255,227657779,nan,nan,0.00
8/20/2026 3:02:14,1.17.3,LeftRight,57,3.76,nan,1,Left,Left,436,1281,255,227661687,nan,nan,0.00
8/20/2026 3:02:15,1.17.3,LeftRight,57,3.76,nan,1,Left,Left,437,1281,255,227663112,nan,nan,0.00
8/20/2026 3:02:19,1.17.3,LeftRight,57,3.76,nan,1,RESET,Left,437,1281,255,227667042,nan,nan,nan
8/20/2026 3:02:27,1.17.3,LeftRight,57,3.76,nan,1,Right,Left,437,1282,255,227675092,nan,nan,0.00
8/20/2026 3:02:31,1.17.3,LeftRight,57,3.76,nan,1,Left,Left,438,1282,255,227679385,nan,nan,0.00
8/20/2026 3:02:36,1.17.3,LeftRight,57,3.76,nan,1,Right,Left,438,1283,255,227683632,nan,nan,0.00
8/20/2026 3:02:37,1.17.3,LeftRight,57,3.76,1,1,Pellet,Left,438,1283,256,227683632,0.53,59,nan
8/20/2026 3:02:58,1.17.3,LeftRight,57,3.76,nan,1,Right,Left,438,1284,256,227706098,nan,nan,0.00
8/20/2026 3:43:52,1.17.3,LeftRight,57,3.76,nan,1,Right,Left,438,1285,256,230160919,nan,nan,0.12
8/20/2026 3:44:06,1.17.3,LeftRight,57,3.76,nan,1,Left,Left,439,1285,256,230174596,nan,nan,0.00
8/20/2026 3:44:11,1.17.3,LeftRight,57,3.76,nan,1,RESET,Left,439,1285,256,230179575,nan,nan,nan
8/20/2026 3:50:05,1.17.3,LeftRight,57,3.75,nan,1,Left,Left,440,1285,256,230533709,nan,nan,0.00
8/20/2026 3:50:10,1.17.3,LeftRight,57,3.76,nan,1,RESET,Left,440,1285,256,230538696,nan,nan,nan
8/20/2026 3:50:23,1.17.3,LeftRight,57,3.76,nan,1,Right,Left,440,1286,256,230551385,nan,nan,0.02
8/20/2026 3:50:25,1.17.3,LeftRight,57,3.75,nan,1,Right,Left,440,1287,256,230553257,nan,nan,0.05
8/20/2026 3:50:28,1.17.3,LeftRight,57,3.76,nan,1,Right,Left,440,1288,256,230556497,nan,nan,0.04
8/20/2026 3:50:30,1.17.3,LeftRight,57,3.75,nan,1,Right,Left,440,1289,256,230559124,nan,nan,0.00
8/20/2026 3:50:32,1.17.3,LeftRight,57,3.75,nan,1,Right,Left,440,1290,256,230560835,nan,nan,0.05
8/20/2026 3:50:34,1.17.3,LeftRight,57,3.75,nan,1,Right,Left,440,1291,256,230562426,nan,nan,0.12
8/20/2026 3:50:36,1.17.3,LeftRight,57,3.76,nan,1,Right,Left,440,1292,256,230564238,nan,nan,0.00
8/20/2026 3:50:38,1.17.3,LeftRight,57,3.76,nan,1,Right,Left,440,1293,256,230566380,nan,nan,0.03
8/20/2026 3:50:41,1.17.3,LeftRight,57,3.76,nan,1,Left,Left,441,1293,256,230569299,nan,nan,0.00
8/20/2026 3:50:44,1.17.3,LeftRight,57,3.76,nan,1,Right,Left,441,1294,256,230572341,nan,nan,0.05
8/20/2026 3:50:46,1.17.3,LeftRight,57,3.76,1,1,Pellet,Left,441,1294,257,230572341,1.43,2889,nan
8/20/2026 3:51:16,1.17.3,LeftRight,57,3.75,nan,1,Right,Left,441,1295,257,230604263,nan,nan,0.04
8/20/2026 3:51:18,1.17.3,LeftRight,57,3.76,nan,1,Right,Left,441,1296,257,230606439,nan,nan,0.00
8/20/2026 3:52:16,1.17.3,LeftRight,57,3.76,nan,1,Right,Left,441,1297,257,230664476,nan,nan,0.05
8/20/2026 3:54:00,1.17.3,LeftRight,57,3.76,nan,1,Left,Left,442,1297,257,230768784,nan,nan,0.00
8/20/2026 3:54:03,1.17.3,LeftRight,57,3.76,nan,1,Right,Left,442,1298,257,230772123,nan,nan,0.08
8/20/2026 3:54:05,1.17.3,LeftRight,57,3.76,1,1,Pellet,Left,442,1298,258,230772123,0.71,199,nan
8/20/2026 3:54:45,1.17.3,LeftRight,57,3.76,nan,1,Left,Left,443,1298,258,230813327,nan,nan,0.00
8/20/2026 3:54:49,1.17.3,LeftRight,57,3.76,nan,1,RESET,Left,443,1298,258,230817710,nan,nan,nan
8/20/2026 3:57:32,1.17.3,LeftRight,57,3.76,nan,1,Left,Left,444,1298,258,230981149,nan,nan,0.00
8/20/2026 3:57:34,1.17.3,LeftRight,57,3.76,nan,1,Right,Left,444,1299,258,230983296,nan,nan,0.00
8/20/2026 3:57:38,1.17.3,LeftRight,57,3.76,2,1,Pellet,Left,444,1299,259,230983296,0.41,213,nan
8/20/2026 3:58:04,1.17.3,LeftRight,57,3.76,nan,1,Right,Left,444,1300,259,231012642,nan,nan,0.00
8/20/2026 3:58:05,1.17.3,LeftRight,57,3.76,nan,1,Right,Left,444,1301,259,231014191,nan,nan,0.12
8/20/2026 3:58:07,1.17.3,LeftRight,57,3.76,nan,1,Right,Left,444,1302,259,231016148,nan,nan,0.00
8/20/2026 3:58:10,1.17.3,LeftRight,57,3.75,nan,1,Left,Left,445,1302,259,231019021,nan,nan,0.00
8/20/2026 3:58:14,1.17.3,LeftRight,57,3.75,nan,1,Right,Left,445,1303,259,231023105,nan,nan,0.01
8/20/2026 3:58:15,1.17.3,LeftRight,57,3.76,1,1,Pellet,Left,445,1303,260,231023105,0.41,37,nan
8/20/2026 3:58:44,1.17.3,LeftRight,57,3.76,nan,1,Right,Left,445,1304,260,231052299,nan,nan,0.11
8/20/2026 3:59:47,1.17.3,LeftRight,57,3.76,nan,1,Right,Left,445,1305,260,231115459,nan,nan,0.01
8/20/2026 3:59:48,1.17.3,LeftRight,57,3.76,nan,1,Right,Left,445,1306,260,231117163,nan,nan,0.00
8/20/2026 3:59:50,1.17.3,LeftRight,57,3.76,nan,1,Right,Left,445,1307,260,231118415,nan,nan,0.07
8/20/2026 3:59:51,1.17.3,LeftRight,57,3.75,nan,1,Right,Left,445,1308,260,231120025,nan,nan,0.06
8/20/2026 3:59:54,1.17.3,LeftRight,57,3.76,nan,1,Right,Left,445,1309,260,231122824,nan,nan,0.03
8/20/2026 3:59:56,1.17.3,LeftRight,57,3.76,nan,1,Right,Left,445,1310,260,231124846,nan,nan,0.03
8/20/2026 3:59:58,1.17.3,LeftRight,57,3.76,nan,1,Right,Left,445,1311,260,231126416,nan,nan,0.00
8/20/2026 4:00:01,1.17.3,LeftRight,57,3.75,nan,1,Left,Left,446,1311,260,231129715,nan,nan,0.00
8/20/2026 4:00:04,1.17.3,LeftRight,57,3.76,nan,1,Right,Left,446,1312,260,231132748,nan,nan,0.00
8/20/2026 4:00:05,1.17.3,LeftRight,57,3.75,1,1,Pellet,Left,446,1312,261,231132748,0.53,110,nan
8/20/2026 4:00:27,1.17.3,LeftRight,57,3.76,nan,1,Right,Left,446,1313,261,231156097,nan,nan,0.01
8/20/2026 4:00:36,1.17.3,LeftRight,57,3.76,nan,1,Right,Left,446,1314,261,231165101,nan,nan,0.00
8/20/2026 4:00:38,1.17.3,LeftRight,57,3.75,nan,1,Right,Left,446,1315,261,231166510,nan,nan,0.06
8/20/2026 4:00:39,1.17.3,LeftRight,57,3.75,nan,1,Right,Left,446,1316,261,231167812,nan,nan,0.09
8/20/2026 4:00:41,1.17.3,LeftRight,57,3.76,nan,1,Left,Left,447,1316,261,231170297,nan,nan,0.00
8/20/2026 4:00:43,1.17.3,LeftRight,57,3.75,nan,1,Right,Left,447,1317,261,231171988,nan,nan,0.00
8/20/2026 4:00:44,1.17.3,LeftRight,57,3.76,1,1,Pellet,Left,447,1317,262,231171988,0.53,39,nan
8/20/2026 4:01:09,1.17.3,LeftRight,57,3.76,nan,1,Right,Left,447,1318,262,231197516,nan,nan,0.00
8/20/2026 4:01:11,1.17.3,LeftRight,57,3.75,nan,1,Right,Left,447,1319,262,231199356,nan,nan,0.11
8/20/2026 4:01:13,1.17.3,LeftRight,57,3.76,nan,1,Right,Left,447,1320,262,231201896,nan,nan,0.17
8/20/2026 4:01:15,1.17.3,LeftRight,57,3.75,nan,1,Right,Left,447,1321,262,231203460,nan,nan,0.05
8/20/2026 4:01:17,1.17.3,LeftRight,57,3.75,nan,1,Right,Left,447,1322,262,231206093,nan,nan,0.00
8/20/2026 4:01:19,1.17.3,LeftRight,57,3.75,nan,1,Left,Left,448,1322,262,231208233,nan,nan,0.00
8/20/2026 4:01:24,1.17.3,LeftRight,57,3.76,nan,1,Right,Left,448,1323,262,231212468,nan,nan,0.03
8/20/2026 4:01:25,1.17.3,LeftRight,57,3.76,1,1,Pellet,Left,448,1323,263,231212468,0.35,41,nan
8/20/2026 4:05:03,1.17.3,LeftRight,57,3.75,nan,1,Right,Left,448,1324,263,231432160,nan,nan,0.16
8/20/2026 4:05:06,1.17.3,LeftRight,57,3.76,nan,1,Left,Left,449,1324,263,231435062,nan,nan,0.00
8/20/2026 4:05:11,1.17.3,LeftRight,57,3.75,nan,1,RESET,Left,449,1324,263,231439889,nan,nan,nan
8/20/2026 4:05:14,1.17.3,LeftRight,57,3.75,nan,1,Right,Left,449,1325,263,231443321,nan,nan,0.00
8/20/2026 4:05:19,1.17.3,LeftRight,57,3.76,nan,1,Right,Left,449,1326,263,231447552,nan,nan,0.00
8/20/2026 4:05:24,1.17.3,LeftRight,57,3.76,nan,1,Left,Left,450,1326,263,231452953,nan,nan,0.00
8/20/2026 4:05:27,1.17.3,LeftRight,57,3.75,nan,1,Right,Left,450,1327,263,231455842,nan,nan,0.00
8/20/2026 4:05:28,1.17.3,LeftRight,57,3.75,1,1,Pellet,Left,450,1327,264,231455842,0.47,243,nan
8/20/2026 4:05:57,1.17.3,LeftRight,57,3.76,nan,1,Right,Left,450,1328,264,231485169,nan,nan,0.26
8/20/2026 4:05:59,1.17.3,LeftRight,57,3.75,nan,1,Right,Left,450,1329,264,231487423,nan,nan,0.01
8/20/2026 4:06:01,1.17.3,LeftRight,57,3.75,nan,1,Right,Left,450,1330,264,231489432,nan,nan,0.00
8/20/2026 4:06:11,1.17.3,LeftRight,57,3.75,nan,1,Right,Left,450,1331,264,231499635,nan,nan,0.04
8/20/2026 4:06:13,1.17.3,LeftRight,57,3.75,nan,1,Right,Left,450,1332,264,231501666,nan,nan,0.09
8/20/2026 4:06:21,1.17.3,LeftRight,57,3.76,nan,1,Right,Left,450,1333,264,231509571,nan,nan,0.08
8/20/2026 4:06:25,1.17.3,LeftRight,57,3.75,nan,1,Right,Left,450,1334,264,231513738,nan,nan,0.07
8/20/2026 4:06:27,1.17.3,LeftRight,57,3.76,nan,1,Right,Left,450,1335,264,231515648,nan,nan,0.08
8/20/2026 4:06:29,1.17.3,LeftRight,57,3.75,nan,1,Right,Left,450,1336,264,231517872,nan,nan,0.02
8/20/2026 4:06:30,1.17.3,LeftRight,57,3.75,nan,1,Right,Left,450,1337,264,231518394,nan,nan,0.19
8/20/2026 4:06:32,1.17.3,LeftRight,57,3.76,nan,1,Left,Left,451,1337,264,231520630,nan,nan,0.00
8/20/2026 4:06:35,1.17.3,LeftRight,57,3.76,nan,1,Right,Left,451,1338,264,231523670,nan,nan,0.04
8/20/2026 4:06:36,1.17.3,LeftRight,57,3.76,1,1,Pellet,Left,451,1338,265,231523670,0.47,68,nan
8/20/2026 4:12:28,1.17.3,LeftRight,57,3.75,nan,1,Left,Left,452,1338,265,231876608,nan,nan,0.00
8/20/2026 4:12:32,1.17.3,LeftRight,57,3.76,nan,1,RESET,Left,452,1338,265,231880988,nan,nan,nan
8/20/2026 4:24:12,1.17.3,LeftRight,57,3.75,nan,1,Right,Left,452,1339,265,232581488,nan,nan,0.00
8/20/2026 4:56:19,1.17.3,LeftRight,57,3.75,nan,1,Left,Left,453,1339,265,234508666,nan,nan,0.00
8/20/2026 4:56:21,1.17.3,LeftRight,57,3.75,nan,1,Left,Left,454,1339,265,234510859,nan,nan,0.00
8/20/2026 4:56:26,1.17.3,LeftRight,57,3.75,nan,1,RESET,Left,454,1339,265,234515539,nan,nan,nan
8/20/2026 4:56:28,1.17.3,LeftRight,57,3.75,nan,1,Right,Left,454,1340,265,234517921,nan,nan,0.00
8/20/2026 4:56:34,1.17.3,LeftRight,57,3.76,nan,1,Right,Left,454,1341,265,234523943,nan,nan,0.00
8/20/2026 4:56:52,1.17.3,LeftRight,57,3.75,nan,1,Left,Left,455,1341,265,234541361,nan,nan,0.00
8/20/2026 4:56:56,1.17.3,LeftRight,57,3.75,nan,1,RESET,Left,455,1341,265,234545607,nan,nan,nan
8/20/2026 4:56:58,1.17.3,LeftRight,57,3.75,nan,1,Right,Left,455,1342,265,234547539,nan,nan,0.11
8/20/2026 4:57:00,1.17.3,LeftRight,57,3.75,nan,1,Right,Left,455,1343,265,234549942,nan,nan,0.00
8/20/2026 4:57:02,1.17.3,LeftRight,57,3.75,nan,1,Left,Left,456,1343,265,234551714,nan,nan,0.00
8/20/2026 4:57:04,1.17.3,LeftRight,57,3.75,nan,1,Right,Left,456,1344,265,234553407,nan,nan,0.07
8/20/2026 4:57:05,1.17.3,LeftRight,57,3.75,1,1,Pellet,Left,456,1344,266,234553407,0.59,3029,nan
8/20/2026 4:58:15,1.17.3,LeftRight,57,3.75,nan,1,Right,Left,456,1345,266,234624737,nan,nan,0.02
8/20/2026 4:59:44,1.17.3,LeftRight,57,3.75,nan,1,Right,Left,456,1346,266,234713977,nan,nan,0.00
8/20/2026 4:59:46,1.17.3,LeftRight,57,3.75,nan,1,Left,Left,457,1346,266,234715693,nan,nan,0.00
8/20/2026 4:59:50,1.17.3,LeftRight,57,3.75,nan,1,Right,Left,457,1347,266,234719178,nan,nan,0.00
8/20/2026 4:59:51,1.17.3,LeftRight,57,3.75,1,1,Pellet,Left,457,1347,267,234719178,0.47,166,nan
8/20/2026 5:00:54,1.17.3,LeftRight,57,3.74,nan,1,Left,Left,458,1347,267,234783410,nan,nan,0.00
8/20/2026 5:00:58,1.17.3,LeftRight,57,3.75,nan,1,RESET,Left,458,1347,267,234787640,nan,nan,nan
8/20/2026 5:01:06,1.17.3,LeftRight,57,3.75,nan,1,Right,Left,458,1348,267,234795687,nan,nan,0.07
8/20/2026 5:04:46,1.17.3,LeftRight,57,3.74,nan,1,Right,Left,458,1349,267,235016024,nan,nan,0.02
8/20/2026 5:04:48,1.17.3,LeftRight,57,3.74,nan,1,Right,Left,458,1350,267,235017742,nan,nan,0.00
8/20/2026 5:04:51,1.17.3,LeftRight,57,3.75,nan,1,Left,Left,459,1350,267,235020341,nan,nan,0.00
8/20/2026 5:04:55,1.17.3,LeftRight,57,3.75,nan,1,RESET,Left,459,1350,267,235024572,nan,nan,nan
8/20/2026 5:04:59,1.17.3,LeftRight,57,3.75,nan,1,Right,Left,459,1351,267,235028446,nan,nan,0.04
8/20/2026 5:05:01,1.17.3,LeftRight,57,3.74,nan,1,Right,Left,459,1352,267,235030631,nan,nan,0.00
8/20/2026 5:05:07,1.17.3,LeftRight,57,3.74,nan,1,Right,Left,459,1353,267,235036953,nan,nan,0.00
8/20/2026 5:05:10,1.17.3,LeftRight,57,3.75,nan,1,Left,Left,460,1353,267,235039605,nan,nan,0.00
8/20/2026 5:05:11,1.17.3,LeftRight,57,3.75,nan,1,Right,Left,460,1354,267,235041000,nan,nan,0.06
8/20/2026 5:05:13,1.17.3,LeftRight,57,3.75,1,1,Pellet,Left,460,1354,268,235041000,0.41,322,nan
8/20/2026 5:06:04,1.17.3,LeftRight,57,3.75,nan,1,Left,Left,461,1354,268,235093849,nan,nan,0.00
8/20/2026 5:06:09,1.17.3,LeftRight,57,3.75,nan,1,RESET,Left,461,1354,268,235098678,nan,nan,nan
8/20/2026 5:06:11,1.17.3,LeftRight,57,3.75,nan,1,Right,Left,461,1355,268,235100320,nan,nan,0.00
8/20/2026 5:06:12,1.17.3,LeftRight,57,3.75,nan,1,Right,Left,461,1356,268,235101417,nan,nan,0.01
8/20/2026 5:06:14,1.17.3,LeftRight,57,3.75,nan,1,Right,Left,461,1357,268,235103718,nan,nan,0.00
8/20/2026 5:06:16,1.17.3,LeftRight,57,3.75,nan,1,Right,Left,461,1358,268,235105113,nan,nan,0.20
8/20/2026 5:06:17,1.17.3,LeftRight,57,3.75,nan,1,Right,Left,461,1359,268,235106555,nan,nan,0.05
8/20/2026 5:06:22,1.17.3,LeftRight,57,3.74,nan,1,Left,Left,462,1359,268,235111744,nan,nan,0.00
8/20/2026 5:06:24,1.17.3,LeftRight,57,3.75,nan,1,Left,Left,463,1359,268,235113332,nan,nan,0.00
8/20/2026 5:06:26,1.17.3,LeftRight,57,3.75,nan,1,Right,Left,463,1360,268,235115326,nan,nan,0.05
8/20/2026 5:06:27,1.17.3,LeftRight,57,3.75,1,1,Pellet,Left,463,1360,269,235115326,0.47,74,nan
8/20/2026 5:07:03,1.17.3,LeftRight,57,3.75,nan,1,Right,Left,463,1361,269,235153008,nan,nan,0.01
8/20/2026 5:15:12,1.17.3,LeftRight,57,3.75,nan,1,Right,Left,463,1362,269,235641720,nan,nan,0.00
8/20/2026 5:22:35,1.17.3,LeftRight,57,3.75,nan,1,Left,Left,464,1362,269,236085000,nan,nan,0.00
8/20/2026 5:22:38,1.17.3,LeftRight,57,3.74,nan,1,Right,Left,464,1363,269,236087292,nan,nan,0.05
8/20/2026 5:22:39,1.17.3,LeftRight,57,3.75,1,1,Pellet,Left,464,1363,270,236087292,0.47,972,nan
8/20/2026 5:23:09,1.17.3,LeftRight,57,3.74,nan,1,Left,Left,465,1363,270,236119008,nan,nan,0.00
8/20/2026 5:23:11,1.17.3,LeftRight,57,3.74,nan,1,Right,Left,465,1364,270,236120852,nan,nan,0.06
8/20/2026 5:23:15,1.17.3,LeftRight,57,3.75,2,1,Pellet,Left,465,1364,271,236120852,1.49,36,nan
8/20/2026 5:23:54,1.17.3,LeftRight,57,3.75,nan,1,Left,Left,466,1364,271,236164065,nan,nan,0.00
8/20/2026 5:23:59,1.17.3,LeftRight,57,3.74,nan,1,RESET,Left,466,1364,271,236168742,nan,nan,nan
8/20/2026 5:24:29,1.17.3,LeftRight,57,3.75,nan,1,Right,Left,466,1365,271,236199012,nan,nan,0.00
8/20/2026 5:24:34,1.17.3,LeftRight,57,3.74,nan,1,Right,Left,466,1366,271,236203390,nan,nan,0.02
8/20/2026 5:24:52,1.17.3,LeftRight,57,3.75,nan,1,Right,Left,466,1367,271,236221821,nan,nan,0.01
8/20/2026 5:24:57,1.17.3,LeftRight,57,3.74,nan,1,Right,Left,466,1368,271,236226800,nan,nan,0.17
8/20/2026 5:25:00,1.17.3,LeftRight,57,3.75,nan,1,Right,Left,466,1369,271,236229854,nan,nan,0.00
8/20/2026 5:25:03,1.17.3,LeftRight,57,3.74,nan,1,Right,Left,466,1370,271,236232442,nan,nan,0.14
8/20/2026 5:25:07,1.17.3,LeftRight,57,3.74,nan,1,Right,Left,466,1371,271,236236360,nan,nan,0.00
8/20/2026 5:25:10,1.17.3,LeftRight,57,3.74,nan,1,Left,Left,467,1371,271,236239514,nan,nan,0.00
8/20/2026 5:25:14,1.17.3,LeftRight,57,3.75,nan,1,RESET,Left,467,1371,271,236243754,nan,nan,nan
8/20/2026 7:33:16,1.17.3,LeftRight,57,3.73,nan,1,Right,Left,467,1372,271,243926636,nan,nan,0.20
8/20/2026 7:33:18,1.17.3,LeftRight,57,3.73,nan,1,Right,Left,467,1373,271,243928821,nan,nan,0.00
8/20/2026 7:33:34,1.17.3,LeftRight,57,3.73,nan,1,Right,Left,467,1374,271,243944337,nan,nan,0.04
8/20/2026 7:33:37,1.17.3,LeftRight,57,3.74,nan,1,Right,Left,467,1375,271,243947553,nan,nan,0.09
8/20/2026 7:33:41,1.17.3,LeftRight,57,3.71,nan,1,Right,Left,467,1376,271,243951266,nan,nan,0.04
8/20/2026 7:33:43,1.17.3,LeftRight,57,3.72,nan,1,Right,Left,467,1377,271,243953591,nan,nan,0.11
8/20/2026 7:35:10,1.17.3,LeftRight,57,3.71,nan,1,Left,Left,468,1377,271,244040327,nan,nan,0.00
8/20/2026 7:35:14,1.17.3,LeftRight,57,3.71,nan,1,RESET,Left,468,1377,271,244044544,nan,nan,nan
8/20/2026 7:47:44,1.17.3,LeftRight,57,3.71,nan,1,Left,Left,469,1377,271,244794919,nan,nan,0.00
8/20/2026 7:47:49,1.17.3,LeftRight,57,3.73,nan,1,RESET,Left,469,1377,271,244799731,nan,nan,nan
8/20/2026 7:48:39,1.17.3,LeftRight,57,3.74,nan,1,Left,Left,470,1377,271,244849418,nan,nan,0.00
8/20/2026 7:48:43,1.17.3,LeftRight,57,3.73,nan,1,RESET,Left,470,1377,271,244853780,nan,nan,nan
8/20/2026 7:48:54,1.17.3,LeftRight,57,3.74,nan,1,Left,Left,471,1377,271,244865086,nan,nan,0.00
8/20/2026 7:48:57,1.17.3,LeftRight,57,3.74,nan,1,Right,Left,471,1378,271,244867366,nan,nan,0.02
8/20/2026 7:48:58,1.17.3,LeftRight,57,3.74,1,1,Pellet,Left,471,1378,272,244867366,1.07,8743,nan
8/20/2026 7:49:20,1.17.3,LeftRight,57,3.74,nan,1,Right,Left,471,1379,272,244890918,nan,nan,0.00
8/20/2026 7:49:23,1.17.3,LeftRight,57,3.74,nan,1,Right,Left,471,1380,272,244893646,nan,nan,0.11
8/20/2026 7:49:24,1.17.3,LeftRight,57,3.74,nan,1,Right,Left,471,1381,272,244895146,nan,nan,0.09
8/20/2026 7:49:26,1.17.3,LeftRight,57,3.73,nan,1,Right,Left,471,1382,272,244897070,nan,nan,0.15
8/20/2026 7:49:30,1.17.3,LeftRight,57,3.74,nan,1,Right,Left,471,1383,272,244900991,nan,nan,0.08
8/20/2026 7:49:33,1.17.3,LeftRight,57,3.74,nan,1,Right,Left,471,1384,272,244903955,nan,nan,0.00
8/20/2026 7:49:40,1.17.3,LeftRight,57,3.74,nan,1,Left,Left,472,1384,272,244910471,nan,nan,0.00
8/20/2026 7:49:43,1.17.3,LeftRight,57,3.74,nan,1,Right,Left,472,1385,272,244913798,nan,nan,0.03
8/20/2026 7:49:56,1.17.3,LeftRight,57,3.74,1,1,Pellet,Left,472,1385,273,244913798,12.54,58,nan
8/20/2026 7:50:36,1.17.3,LeftRight,57,3.73,nan,1,Left,Left,473,1385,273,244966327,nan,nan,0.00
8/20/2026 7:50:40,1.17.3,LeftRight,57,3.74,nan,1,RESET,Left,473,1385,273,244970704,nan,nan,nan
8/20/2026 7:50:42,1.17.3,LeftRight,57,3.74,nan,1,Right,Left,473,1386,273,244972186,nan,nan,0.47
8/20/2026 7:50:43,1.17.3,LeftRight,57,3.74,nan,1,Right,Left,473,1387,273,244973156,nan,nan,0.19
8/20/2026 7:50:45,1.17.3,LeftRight,57,3.74,nan,1,Right,Left,473,1388,273,244975780,nan,nan,0.09
8/20/2026 7:55:20,1.17.3,LeftRight,57,3.74,nan,1,Right,Left,473,1389,273,245250674,nan,nan,0.00
8/20/2026 8:52:51,1.17.3,LeftRight,57,3.74,nan,1,Left,Left,474,1389,273,248702423,nan,nan,0.00
8/20/2026 8:52:56,1.17.3,LeftRight,57,3.73,nan,1,RESET,Left,474,1389,273,248707391,nan,nan,nan
8/20/2026 9:38:23,1.17.3,LeftRight,57,3.72,nan,1,Right,Left,474,1390,273,251434905,nan,nan,0.00
8/20/2026 9:38:53,1.17.3,LeftRight,57,3.73,nan,1,Left,Left,475,1390,273,251464338,nan,nan,0.00
8/20/2026 9:38:54,1.17.3,LeftRight,57,3.73,nan,1,Left,Left,476,1390,273,251465647,nan,nan,0.00
8/20/2026 9:38:57,1.17.3,LeftRight,57,3.72,nan,1,Right,Left,476,1391,273,251468689,nan,nan,0.04
8/20/2026 9:39:01,1.17.3,LeftRight,57,3.73,1,1,Pellet,Left,476,1391,274,251468689,2.75,6545,nan
8/20/2026 9:40:35,1.17.3,LeftRight,57,3.72,nan,1,Right,Left,476,1392,274,251565944,nan,nan,0.19
8/20/2026 9:40:40,1.17.3,LeftRight,57,3.73,nan,1,Right,Left,476,1393,274,251571546,nan,nan,0.12
8/20/2026 9:40:45,1.17.3,LeftRight,57,3.73,nan,1,Right,Left,476,1394,274,251576188,nan,nan,0.08
8/20/2026 9:40:47,1.17.3,LeftRight,57,3.72,nan,1,Right,Left,476,1395,274,251578105,nan,nan,0.24
8/20/2026 9:41:13,1.17.3,LeftRight,57,3.73,nan,1,Left,Left,477,1395,274,251604593,nan,nan,0.00
8/20/2026 9:41:17,1.17.3,LeftRight,57,3.73,nan,1,Right,Left,477,1396,274,251608362,nan,nan,0.41
8/20/2026 9:41:21,1.17.3,LeftRight,57,3.72,2,1,Pellet,Left,477,1396,275,251608362,0.95,140,nan
8/20/2026 9:46:31,1.17.3,LeftRight,57,3.72,nan,1,Right,Left,477,1397,275,251922715,nan,nan,0.18
8/20/2026 9:46:34,1.17.3,LeftRight,57,3.73,nan,1,Right,Left,477,1398,275,251924732,nan,nan,0.32
8/20/2026 9:46:36,1.17.3,LeftRight,57,3.73,nan,1,Right,Left,477,1399,275,251927041,nan,nan,0.15
8/20/2026 9:46:43,1.17.3,LeftRight,57,3.73,nan,1,Right,Left,477,1400,275,251934390,nan,nan,0.00
8/20/2026 9:46:45,1.17.3,LeftRight,57,3.73,nan,1,Right,Left,477,1401,275,251936526,nan,nan,0.06
8/20/2026 9:46:48,1.17.3,LeftRight,57,3.73,nan,1,Left,Left,478,1401,275,251939172,nan,nan,0.00
8/20/2026 9:46:50,1.17.3,LeftRight,57,3.73,nan,1,Right,Left,478,1402,275,251941456,nan,nan,0.15
8/20/2026 9:46:51,1.17.3,LeftRight,57,3.73,1,1,Pellet,Left,478,1402,276,251941456,0.53,330,nan
8/20/2026 9:47:57,1.17.3,LeftRight,57,3.73,nan,1,Left,Left,479,1402,276,252008775,nan,nan,0.00
8/20/2026 9:48:01,1.17.3,LeftRight,57,3.73,nan,1,RESET,Left,479,1402,276,252012400,nan,nan,nan
8/20/2026 9:48:05,1.17.3,LeftRight,57,3.73,nan,1,Right,Left,479,1403,276,252016414,nan,nan,0.00
8/20/2026 9:48:09,1.17.3,LeftRight,57,3.72,nan,1,Right,Left,479,1404,276,252020189,nan,nan,0.06
8/20/2026 9:48:10,1.17.3,LeftRight,57,3.73,nan,1,Right,Left,479,1405,276,252021790,nan,nan,0.07
8/20/2026 9:48:13,1.17.3,LeftRight,57,3.72,nan,1,Right,Left,479,1406,276,252024151,nan,nan,0.04
8/20/2026 9:48:16,1.17.3,LeftRight,57,3.72,nan,1,Right,Left,479,1407,276,252026779,nan,nan,0.18
8/20/2026 9:48:22,1.17.3,LeftRight,57,3.72,nan,1,Right,Left,479,1408,276,252033416,nan,nan,0.00
8/20/2026 9:48:23,1.17.3,LeftRight,57,3.72,nan,1,Right,Left,479,1409,276,252034808,nan,nan,0.14
8/20/2026 9:48:29,1.17.3,LeftRight,57,3.73,nan,1,Right,Left,479,1410,276,252040063,nan,nan,0.01
8/20/2026 9:48:31,1.17.3,LeftRight,57,3.73,nan,1,Right,Left,479,1411,276,252042362,nan,nan,0.12
8/20/2026 9:48:33,1.17.3,LeftRight,57,3.72,nan,1,Right,Left,479,1412,276,252044468,nan,nan,0.08
8/20/2026 9:48:35,1.17.3,LeftRight,57,3.72,nan,1,Right,Left,479,1413,276,252046537,nan,nan,0.17
8/20/2026 9:48:36,1.17.3,LeftRight,57,3.73,nan,1,Right,Left,479,1414,276,252047499,nan,nan,0.22
8/20/2026 9:48:38,1.17.3,LeftRight,57,3.73,nan,1,Right,Left,479,1415,276,252048813,nan,nan,0.41
8/20/2026 9:48:40,1.17.3,LeftRight,57,3.72,nan,1,Right,Left,479,1416,276,252051367,nan,nan,0.13
8/20/2026 9:48:41,1.17.3,LeftRight,57,3.73,nan,1,Right,Left,479,1417,276,252052293,nan,nan,0.22
8/20/2026 9:48:43,1.17.3,LeftRight,57,3.72,nan,1,Right,Left,479,1418,276,252053608,nan,nan,0.37
8/20/2026 9:48:44,1.17.3,LeftRight,57,3.73,nan,1,Right,Left,479,1419,276,252054922,nan,nan,0.16
8/20/2026 9:48:46,1.17.3,LeftRight,57,3.72,nan,1,Left,Left,480,1419,276,252057391,nan,nan,0.00
8/20/2026 9:48:48,1.17.3,LeftRight,57,3.73,nan,1,Right,Left,480,1420,276,252059082,nan,nan,0.00
8/20/2026 9:48:49,1.17.3,LeftRight,57,3.72,1,1,Pellet,Left,480,1420,277,252059082,0.35,118,nan
8/20/2026 9:49:38,1.17.3,LeftRight,57,3.73,nan,1,Right,Left,480,1421,277,252109798,nan,nan,0.08
8/20/2026 11:17:49,1.17.3,LeftRight,57,3.71,nan,1,Right,Left,480,1422,277,257400539,nan,nan,0.50
8/20/2026 11:18:48,1.17.3,LeftRight,57,3.72,nan,1,Left,Left,481,1422,277,257459269,nan,nan,0.00
8/20/2026 11:18:52,1.17.3,LeftRight,57,3.72,nan,1,RESET,Left,481,1422,277,257463628,nan,nan,nan
8/20/2026 11:18:58,1.17.3,LeftRight,57,3.72,nan,1,Left,Left,482,1422,277,257469367,nan,nan,0.00
8/20/2026 11:19:00,1.17.3,LeftRight,57,3.72,nan,1,Right,Left,482,1423,277,257471203,nan,nan,0.02
8/20/2026 11:19:01,1.17.3,LeftRight,57,3.71,1,1,Pellet,Left,482,1423,278,257471203,0.41,5412,nan
8/20/2026 11:19:59,1.17.3,LeftRight,57,3.71,nan,1,Right,Left,482,1424,278,257530164,nan,nan,0.22
8/20/2026 11:20:41,1.17.3,LeftRight,57,3.71,nan,1,Left,Left,483,1424,278,257573037,nan,nan,0.00
8/20/2026 11:20:44,1.17.3,LeftRight,57,3.71,nan,1,Right,Left,483,1425,278,257575922,nan,nan,0.26
8/20/2026 11:20:46,1.17.3,LeftRight,57,3.71,1,1,Pellet,Left,483,1425,279,257575922,0.71,105,nan
8/20/2026 11:21:16,1.17.3,LeftRight,57,3.71,nan,1,Right,Left,483,1426,279,257607632,nan,nan,0.22
8/20/2026 11:21:18,1.17.3,LeftRight,57,3.71,nan,1,Right,Left,483,1427,279,257609247,nan,nan,0.39
8/20/2026 11:21:45,1.17.3,LeftRight,57,3.71,nan,1,Left,Left,484,1427,279,257637041,nan,nan,0.00
8/20/2026 11:21:47,1.17.3,LeftRight,57,3.72,nan,1,Right,Left,484,1428,279,257638436,nan,nan,0.03
8/20/2026 11:21:48,1.17.3,LeftRight,57,3.71,1,1,Pellet,Left,484,1428,280,257638436,0.89,62,nan
8/20/2026 11:22:10,1.17.3,LeftRight,57,3.72,nan,1,Right,Left,484,1429,280,257661813,nan,nan,0.00
8/20/2026 11:22:15,1.17.3,LeftRight,57,3.71,nan,1,Left,Left,485,1429,280,257666977,nan,nan,0.00
8/20/2026 11:22:18,1.17.3,LeftRight,57,3.72,nan,1,Right,Left,485,1430,280,257669262,nan,nan,0.09
8/20/2026 11:22:19,1.17.3,LeftRight,57,3.72,1,1,Pellet,Left,485,1430,281,257669262,0.47,31,nan
8/20/2026 11:22:50,1.17.3,LeftRight,57,3.71,nan,1,Left,Left,486,1430,281,257701288,nan,nan,0.00
8/20/2026 11:22:52,1.17.3,LeftRight,57,3.71,nan,1,Right,Left,486,1431,281,257703423,nan,nan,0.01
8/20/2026 11:22:54,1.17.3,LeftRight,57,3.71,1,1,Pellet,Left,486,1431,282,257703423,1.01,34,nan
8/20/2026 11:23:31,1.17.3,LeftRight,57,3.71,nan,1,Right,Left,486,1432,282,257742264,nan,nan,0.00
8/20/2026 11:23:33,1.17.3,LeftRight,57,3.72,nan,1,Right,Left,486,1433,282,257743954,nan,nan,0.31
8/20/2026 11:23:36,1.17.3,LeftRight,57,3.71,nan,1,Right,Left,486,1434,282,257747743,nan,nan,0.10
8/20/2026 11:23:38,1.17.3,LeftRight,57,3.71,nan,1,Right,Left,486,1435,282,257749381,nan,nan,0.11
8/20/2026 11:23:41,1.17.3,LeftRight,57,3.71,nan,1,Right,Left,486,1436,282,257752821,nan,nan,0.00
8/20/2026 11:23:45,1.17.3,LeftRight,57,3.71,nan,1,Left,Left,487,1436,282,257756964,nan,nan,0.00
8/20/2026 11:23:47,1.17.3,LeftRight,57,3.71,nan,1,Right,Left,487,1437,282,257758504,nan,nan,0.03
8/20/2026 11:23:48,1.17.3,LeftRight,57,3.71,1,1,Pellet,Left,487,1437,283,257758504,0.77,55,nan
8/20/2026 12:48:11,1.17.3,LeftRight,57,3.70,nan,1,Right,Left,487,1438,283,262823622,nan,nan,0.07
8/20/2026 12:48:14,1.17.3,LeftRight,57,3.71,nan,1,Right,Left,487,1439,283,262825675,nan,nan,1.02
8/20/2026 12:48:18,1.17.3,LeftRight,57,3.71,nan,1,Right,Left,487,1440,283,262830173,nan,nan,0.19
8/20/2026 12:48:21,1.17.3,LeftRight,57,3.71,nan,1,Right,Left,487,1441,283,262832805,nan,nan,0.20
8/20/2026 12:48:23,1.17.3,LeftRight,57,3.71,nan,1,Right,Left,487,1442,283,262834552,nan,nan,0.20
8/20/2026 12:48:29,1.17.3,LeftRight,57,3.69,nan,1,Right,Left,487,1443,283,262841500,nan,nan,0.04
8/20/2026 12:48:32,1.17.3,LeftRight,57,3.71,nan,1,Right,Left,487,1444,283,262844121,nan,nan,0.12
8/20/2026 12:48:34,1.17.3,LeftRight,57,3.69,nan,1,Right,Left,487,1445,283,262845787,nan,nan,0.04
8/20/2026 12:48:34,1.17.3,LeftRight,57,3.70,nan,1,Right,Left,487,1446,283,262846622,nan,nan,0.09
8/20/2026 12:48:38,1.17.3,LeftRight,57,3.70,nan,1,Right,Left,487,1447,283,262850640,nan,nan,0.04
8/20/2026 12:48:41,1.17.3,LeftRight,57,3.71,nan,1,Right,Left,487,1448,283,262852820,nan,nan,0.03
8/20/2026 12:48:41,1.17.3,LeftRight,57,3.71,nan,1,Right,Left,487,1449,283,262853496,nan,nan,0.19
8/20/2026 12:48:48,1.17.3,LeftRight,57,3.71,nan,1,Left,Left,488,1449,283,262859988,nan,nan,0.00
8/20/2026 12:48:51,1.17.3,LeftRight,57,3.71,nan,1,RESET,Left,488,1449,283,262863168,nan,nan,nan
8/20/2026 12:48:58,1.17.3,LeftRight,57,3.70,nan,1,Left,Left,489,1449,283,262870626,nan,nan,0.00
8/20/2026 12:49:00,1.17.3,LeftRight,57,3.71,nan,1,Left,Left,490,1449,283,262872359,nan,nan,0.00
8/20/2026 12:49:01,1.17.3,LeftRight,57,3.71,nan,1,Right,Left,490,1450,283,262873453,nan,nan,0.05
8/20/2026 12:49:03,1.17.3,LeftRight,57,3.71,1,1,Pellet,Left,490,1450,284,262873453,0.89,5115,nan
8/20/2026 12:50:40,1.17.3,LeftRight,57,3.71,nan,1,Right,Left,490,1451,284,262971683,nan,nan,0.11
8/20/2026 12:50:41,1.17.3,LeftRight,57,3.71,nan,1,Right,Left,490,1452,284,262973335,nan,nan,0.24
8/20/2026 12:50:43,1.17.3,LeftRight,57,3.70,nan,1,Right,Left,490,1453,284,262975424,nan,nan,0.14
8/20/2026 12:50:46,1.17.3,LeftRight,57,3.70,nan,1,Right,Left,490,1454,284,262978596,nan,nan,0.05
8/20/2026 12:50:49,1.17.3,LeftRight,57,3.71,nan,1,Right,Left,490,1455,284,262980635,nan,nan,0.13
8/20/2026 12:50:49,1.17.3,LeftRight,57,3.71,nan,1,Right,Left,490,1456,284,262981559,nan,nan,0.15
8/20/2026 14:38:40,1.17.3,LeftRight,57,3.69,nan,1,Right,Left,490,1457,284,269452709,nan,nan,0.03
8/20/2026 14:38:43,1.17.3,LeftRight,57,3.69,nan,1,Right,Left,490,1458,284,269455179,nan,nan,0.46
8/20/2026 14:38:43,1.17.3,LeftRight,57,3.69,nan,1,Right,Left,490,1459,284,269456284,nan,nan,0.03
8/20/2026 14:38:47,1.17.3,LeftRight,57,3.70,nan,1,Right,Left,490,1460,284,269460077,nan,nan,0.04
8/20/2026 14:38:50,1.17.3,LeftRight,57,3.69,nan,1,Left,Left,491,1460,284,269462474,nan,nan,0.00
8/20/2026 14:38:53,1.17.3,LeftRight,57,3.69,nan,1,RESET,Left,491,1460,284,269465793,nan,nan,nan
8/20/2026 14:38:56,1.17.3,LeftRight,57,3.69,nan,1,Right,Left,491,1461,284,269469054,nan,nan,0.03
8/20/2026 14:38:58,1.17.3,LeftRight,57,3.69,nan,1,Right,Left,491,1462,284,269470183,nan,nan,0.22
8/20/2026 14:38:59,1.17.3,LeftRight,57,3.69,nan,1,Right,Left,491,1463,284,269472086,nan,nan,0.22
8/20/2026 14:39:07,1.17.3,LeftRight,57,3.69,nan,1,Right,Left,491,1464,284,269479483,nan,nan,0.02
8/20/2026 14:39:08,1.17.3,LeftRight,57,3.69,nan,1,Right,Left,491,1465,284,269480890,nan,nan,0.09
8/20/2026 14:39:13,1.17.3,LeftRight,57,3.69,nan,1,Right,Left,491,1466,284,269485341,nan,nan,0.15
8/20/2026 14:39:22,1.17.3,LeftRight,57,3.70,nan,1,Right,Left,491,1467,284,269494611,nan,nan,0.27
8/20/2026 14:39:25,1.17.3,LeftRight,57,3.69,nan,1,Right,Left,491,1468,284,269497452,nan,nan,0.34
8/20/2026 14:39:28,1.17.3,LeftRight,57,3.69,nan,1,Left,Left,492,1468,284,269501278,nan,nan,0.00
8/20/2026 14:39:30,1.17.3,LeftRight,57,3.69,nan,1,Right,Left,492,1469,284,269503126,nan,nan,0.14
8/20/2026 14:39:32,1.17.3,LeftRight,57,3.69,1,1,Pellet,Left,492,1469,285,269503126,0.47,6629,nan
8/20/2026 14:39:48,1.17.3,LeftRight,57,3.69,nan,1,Right,Left,492,1470,285,269520495,nan,nan,0.22
8/20/2026 14:39:49,1.17.3,LeftRight,57,3.70,nan,1,Right,Left,492,1471,285,269522102,nan,nan,0.24
8/20/2026 14:39:51,1.17.3,LeftRight,57,3.69,nan,1,Right,Left,492,1472,285,269523880,nan,nan,0.05
8/20/2026 14:39:53,1.17.3,LeftRight,57,3.69,nan,1,Right,Left,492,1473,285,269525768,nan,nan,0.24
8/20/2026 14:39:54,1.17.3,LeftRight,57,3.70,nan,1,Right,Left,492,1474,285,269527103,nan,nan,0.18
8/20/2026 14:39:58,1.17.3,LeftRight,57,3.69,nan,1,Right,Left,492,1475,285,269530756,nan,nan,0.06
8/20/2026 14:39:59,1.17.3,LeftRight,57,3.69,nan,1,Right,Left,492,1476,285,269532058,nan,nan,0.05
8/20/2026 14:40:04,1.17.3,LeftRight,57,3.69,nan,1,Right,Left,492,1477,285,269536617,nan,nan,0.12
8/20/2026 14:40:05,1.17.3,LeftRight,57,3.69,nan,1,Right,Left,492,1478,285,269537841,nan,nan,0.17
8/20/2026 14:41:23,1.17.3,LeftRight,57,3.69,nan,1,Left,Left,493,1478,285,269615465,nan,nan,0.00
8/20/2026 14:41:25,1.17.3,LeftRight,57,3.69,nan,1,Left,Left,494,1478,285,269617826,nan,nan,0.00
8/20/2026 14:41:26,1.17.3,LeftRight,57,3.69,nan,1,Left,Left,495,1478,285,269618599,nan,nan,0.00
8/20/2026 14:41:26,1.17.3,LeftRight,57,3.69,nan,1,Left,Left,496,1478,285,269619097,nan,nan,0.00
8/20/2026 14:41:27,1.17.3,LeftRight,57,3.69,nan,1,Left,Left,497,1478,285,269620305,nan,nan,0.00
8/20/2026 14:41:29,1.17.3,LeftRight,57,3.69,nan,1,Right,Left,497,1479,285,269621989,nan,nan,0.02
8/20/2026 14:41:31,1.17.3,LeftRight,57,3.69,1,1,Pellet,Left,497,1479,286,269621989,0.59,118,nan
8/20/2026 14:41:53,1.17.3,LeftRight,57,3.69,nan,1,Right,Left,497,1480,286,269645962,nan,nan,0.03
8/20/2026 14:41:55,1.17.3,LeftRight,57,3.69,nan,1,Right,Left,497,1481,286,269647523,nan,nan,0.17
8/20/2026 14:41:57,1.17.3,LeftRight,57,3.69,nan,1,Right,Left,497,1482,286,269649824,nan,nan,0.03
8/20/2026 14:41:59,1.17.3,LeftRight,57,3.69,nan,1,Left,Left,498,1482,286,269652084,nan,nan,0.00
8/20/2026 14:42:00,1.17.3,LeftRight,57,3.69,nan,1,Left,Left,499,1482,286,269653093,nan,nan,0.00
8/20/2026 14:42:02,1.17.3,LeftRight,57,3.69,nan,1,Right,Left,499,1483,286,269655084,nan,nan,0.15
8/20/2026 14:42:03,1.17.3,LeftRight,57,3.69,1,1,Pellet,Left,499,1483,287,269655084,0.35,33,nan
8/20/2026 14:42:20,1.17.3,LeftRight,57,3.69,nan,1,Right,Left,499,1484,287,269672340,nan,nan,0.10
8/20/2026 14:42:25,1.17.3,LeftRight,57,3.69,nan,1,Right,Left,499,1485,287,269677536,nan,nan,0.18
8/20/2026 14:42:26,1.17.3,LeftRight,57,3.69,nan,1,Right,Left,499,1486,287,269678813,nan,nan,0.07
8/20/2026 14:42:28,1.17.3,LeftRight,57,3.68,nan,1,Right,Left,499,1487,287,269680874,nan,nan,0.10
8/20/2026 14:42:29,1.17.3,LeftRight,57,3.69,nan,1,Right,Left,499,1488,287,269682216,nan,nan,0.01
8/20/2026 14:42:31,1.17.3,LeftRight,57,3.67,nan,1,Left,Left,500,1488,287,269683400,nan,nan,0.00
8/20/2026 14:42:32,1.17.3,LeftRight,57,3.68,nan,1,Left,Left,501,1488,287,269684842,nan,nan,0.00
8/20/2026 14:42:35,1.17.3,LeftRight,57,3.68,nan,1,Right,Left,501,1489,287,269687864,nan,nan,0.15
8/20/2026 14:42:36,1.17.3,LeftRight,57,3.69,1,1,Pellet,Left,501,1489,288,269687864,0.29,33,nan
8/20/2026 14:42:59,1.17.3,LeftRight,57,3.69,nan,1,Right,Left,501,1490,288,269711527,nan,nan,0.22
8/20/2026 14:43:03,1.17.3,LeftRight,57,3.69,nan,1,Left,Left,502,1490,288,269716377,nan,nan,0.00
8/20/2026 14:43:07,1.17.3,LeftRight,57,3.69,nan,1,Right,Left,502,1491,288,269719710,nan,nan,0.28
8/20/2026 14:43:10,1.17.3,LeftRight,57,3.69,2,1,Pellet,Left,502,1491,289,269719710,0.35,34,nan
8/20/2026 14:43:33,1.17.3,LeftRight,57,3.69,nan,1,Left,Left,503,1491,289,269745488,nan,nan,0.00
8/20/2026 14:43:35,1.17.3,LeftRight,57,3.69,nan,1,Left,Left,504,1491,289,269747818,nan,nan,0.00
8/20/2026 14:43:38,1.17.3,LeftRight,57,3.69,nan,1,RESET,Left,504,1491,289,269750839,nan,nan,nan
8/20/2026 14:43:39,1.17.3,LeftRight,57,3.69,nan,1,Right,Left,504,1492,289,269751427,nan,nan,0.17
8/20/2026 14:43:42,1.17.3,LeftRight,57,3.69,nan,1,Right,Left,504,1493,289,269754324,nan,nan,0.25
8/20/2026 14:43:45,1.17.3,LeftRight,57,3.69,nan,1,Left,Left,505,1493,289,269757963,nan,nan,0.00
8/20/2026 14:43:47,1.17.3,LeftRight,57,3.69,nan,1,Right,Left,505,1494,289,269759508,nan,nan,0.13
8/20/2026 14:43:48,1.17.3,LeftRight,57,3.69,1,1,Pellet,Left,505,1494,290,269759508,0.77,38,nan
8/20/2026 14:45:23,1.17.3,LeftRight,57,3.69,nan,1,Right,Left,505,1495,290,269855511,nan,nan,0.00
8/20/2026 14:45:26,1.17.3,LeftRight,57,3.69,nan,1,Right,Left,505,1496,290,269857941,nan,nan,0.55
8/20/2026 14:45:27,1.17.3,LeftRight,57,3.69,nan,1,Right,Left,505,1497,290,269859436,nan,nan,0.00
8/20/2026 14:45:32,1.17.3,LeftRight,57,3.69,nan,1,Right,Left,505,1498,290,269862761,nan,nan,2.02
8/20/2026 14:45:35,1.17.3,LeftRight,57,3.69,nan,1,Right,Left,505,1499,290,269866325,nan,nan,1.37
8/20/2026 14:45:41,1.17.3,LeftRight,57,3.70,nan,1,Right,Left,505,1500,290,269872813,nan,nan,1.06
8/20/2026 14:45:43,1.17.3,LeftRight,57,3.69,nan,1,Right,Left,505,1501,290,269874970,nan,nan,0.74
8/20/2026 14:45:48,1.17.3,LeftRight,57,3.69,nan,1,Right,Left,505,1502,290,269880812,nan,nan,0.07
8/20/2026 14:45:49,1.17.3,LeftRight,57,3.69,nan,1,Right,Left,505,1503,290,269881380,nan,nan,0.42
8/20/2026 14:46:53,1.17.3,LeftRight,57,3.69,nan,1,Right,Left,505,1504,290,269944423,nan,nan,1.34
8/20/2026 14:46:59,1.17.3,LeftRight,57,3.69,nan,1,Right,Left,505,1505,290,269951756,nan,nan,0.16
8/20/2026 14:47:00,1.17.3,LeftRight,57,3.69,nan,1,Right,Left,505,1506,290,269953154,nan,nan,0.14
8/20/2026 14:47:02,1.17.3,LeftRight,57,3.69,nan,1,Right,Left,505,1507,290,269955130,nan,nan,0.03
8/20/2026 14:47:04,1.17.3,LeftRight,57,3.69,nan,1,Right,Left,505,1508,290,269956549,nan,nan,0.34
8/20/2026 14:47:06,1.17.3,LeftRight,57,3.69,nan,1,Right,Left,505,1509,290,269958434,nan,nan,0.10
8/20/2026 14:47:07,1.17.3,LeftRight,57,3.69,nan,1,Right,Left,505,1510,290,269959924,nan,nan,0.21
8/20/2026 14:47:09,1.17.3,LeftRight,57,3.69,nan,1,Left,Left,506,1510,290,269962411,nan,nan,0.00
8/20/2026 14:47:10,1.17.3,LeftRight,57,3.70,nan,1,Left,Left,507,1510,290,269962909,nan,nan,0.00
8/20/2026 14:47:11,1.17.3,LeftRight,57,3.69,nan,1,Right,Left,507,1511,290,269964000,nan,nan,0.02
8/20/2026 14:47:12,1.17.3,LeftRight,57,3.69,1,1,Pellet,Left,507,1511,291,269964000,0.41,204,nan
8/20/2026 14:47:42,1.17.3,LeftRight,57,3.69,nan,1,Right,Left,507,1512,291,269995417,nan,nan,0.00
8/20/2026 14:47:46,1.17.3,LeftRight,57,3.69,nan,1,Right,Left,507,1513,291,269998879,nan,nan,0.43
8/20/2026 14:47:49,1.17.3,LeftRight,57,3.69,nan,1,Left,Left,508,1513,291,270001584,nan,nan,0.00
8/20/2026 14:47:49,1.17.3,LeftRight,57,3.69,nan,1,Left,Left,509,1513,291,270002230,nan,nan,0.00
8/20/2026 14:47:51,1.17.3,LeftRight,57,3.69,nan,1,Right,Left,509,1514,291,270004069,nan,nan,0.00
8/20/2026 14:47:53,1.17.3,LeftRight,57,3.69,2,1,Pellet,Left,509,1514,292,270004069,0.83,41,nan
8/20/2026 14:48:13,1.17.3,LeftRight,57,3.69,nan,1,Left,Left,510,1514,292,270025890,nan,nan,0.00
8/20/2026 14:48:16,1.17.3,LeftRight,57,3.70,nan,1,RESET,Left,510,1514,292,270028910,nan,nan,nan
8/20/2026 14:48:20,1.17.3,LeftRight,57,3.69,nan,1,Right,Left,510,1515,292,270032761,nan,nan,0.01
8/20/2026 16:02:03,1.17.3,LeftRight,57,3.68,nan,1,Right,Left,510,1516,292,274456083,nan,nan,0.67
8/20/2026 16:02:06,1.17.3,LeftRight,57,3.69,nan,1,Right,Left,510,1517,292,274459334,nan,nan,0.28
8/20/2026 16:02:10,1.17.3,LeftRight,57,3.68,nan,1,Left,Left,511,1517,292,274463718,nan,nan,0.00
8/20/2026 16:02:11,1.17.3,LeftRight,57,3.69,nan,1,Left,Left,512,1517,292,274464723,nan,nan,0.00
8/20/2026 16:02:14,1.17.3,LeftRight,57,3.68,nan,1,Right,Left,512,1518,292,274467150,nan,nan,0.00
8/20/2026 16:02:16,1.17.3,LeftRight,57,3.68,1,1,Pellet,Left,512,1518,293,274467150,1.43,4463,nan
8/20/2026 16:02:37,1.17.3,LeftRight,57,3.68,nan,1,Left,Left,513,1518,293,274490822,nan,nan,0.00
8/20/2026 16:02:39,1.17.3,LeftRight,57,3.69,nan,1,Left,Left,514,1518,293,274492212,nan,nan,0.00
8/20/2026 16:02:42,1.17.3,LeftRight,57,3.69,nan,1,RESET,Left,514,1518,293,274495382,nan,nan,nan
8/20/2026 16:02:42,1.17.3,LeftRight,57,3.69,nan,1,Right,Left,514,1519,293,274495821,nan,nan,0.00
8/20/2026 16:02:45,1.17.3,LeftRight,57,3.69,nan,1,Right,Left,514,1520,293,274498100,nan,nan,0.44
8/20/2026 16:02:49,1.17.3,LeftRight,57,3.68,nan,1,Right,Left,514,1521,293,274502458,nan,nan,0.17
8/20/2026 16:02:54,1.17.3,LeftRight,57,3.68,nan,1,Left,Left,515,1521,293,274507603,nan,nan,0.00
8/20/2026 16:02:56,1.17.3,LeftRight,57,3.69,nan,1,Left,Left,516,1521,293,274508945,nan,nan,0.00
8/20/2026 16:02:57,1.17.3,LeftRight,57,3.68,nan,1,Right,Left,516,1522,293,274510185,nan,nan,0.03
8/20/2026 16:02:58,1.17.3,LeftRight,57,3.69,1,1,Pellet,Left,516,1522,294,274510185,0.29,42,nan
8/20/2026 16:03:42,1.17.3,LeftRight,57,3.68,nan,1,Right,Left,516,1523,294,274555448,nan,nan,0.00
8/20/2026 16:03:44,1.17.3,LeftRight,57,3.68,nan,1,Right,Left,516,1524,294,274557580,nan,nan,0.15
8/20/2026 16:03:47,1.17.3,LeftRight,57,3.68,nan,1,Right,Left,516,1525,294,274560319,nan,nan,0.21
8/20/2026 16:03:50,1.17.3,LeftRight,57,3.68,nan,1,Left,Left,517,1525,294,274563778,nan,nan,0.00
8/20/2026 16:03:54,1.17.3,LeftRight,57,3.68,nan,1,RESET,Left,517,1525,294,274567394,nan,nan,nan
8/20/2026 16:03:55,1.17.3,LeftRight,57,3.68,nan,1,Right,Left,517,1526,294,274568724,nan,nan,0.02
8/20/2026 16:03:57,1.17.3,LeftRight,57,3.68,nan,1,Right,Left,517,1527,294,274569842,nan,nan,0.20
8/20/2026 16:03:58,1.17.3,LeftRight,57,3.69,nan,1,Right,Left,517,1528,294,274571728,nan,nan,0.00
8/20/2026 16:04:01,1.17.3,LeftRight,57,3.69,nan,1,Left,Left,518,1528,294,274573899,nan,nan,0.00
8/20/2026 16:04:02,1.17.3,LeftRight,57,3.69,nan,1,Right,Left,518,1529,294,274575586,nan,nan,0.09
8/20/2026 16:04:03,1.17.3,LeftRight,57,3.69,1,1,Pellet,Left,518,1529,295,274575586,0.35,65,nan
8/20/2026 16:04:31,1.17.3,LeftRight,57,3.68,nan,1,Right,Left,518,1530,295,274604845,nan,nan,0.04
8/20/2026 16:04:33,1.17.3,LeftRight,57,3.69,nan,1,Right,Left,518,1531,295,274605983,nan,nan,0.04
8/20/2026 16:04:34,1.17.3,LeftRight,57,3.69,nan,1,Right,Left,518,1532,295,274607118,nan,nan,0.35
8/20/2026 16:04:36,1.17.3,LeftRight,57,3.69,nan,1,Right,Left,518,1533,295,274608415,nan,nan,0.59
8/20/2026 16:04:38,1.17.3,LeftRight,57,3.69,nan,1,Left,Left,519,1533,295,274611842,nan,nan,0.00
8/20/2026 16:04:41,1.17.3,LeftRight,57,3.69,nan,1,Right,Left,519,1534,295,274614277,nan,nan,0.03
8/20/2026 16:04:45,1.17.3,LeftRight,57,3.69,2,1,Pellet,Left,519,1534,296,274614277,1.31,42,nan
8/20/2026 16:05:03,1.17.3,LeftRight,57,3.68,nan,1,Right,Left,519,1535,296,274636699,nan,nan,0.13
8/20/2026 16:05:06,1.17.3,LeftRight,57,3.68,nan,1,Left,Left,520,1535,296,274639895,nan,nan,0.00
8/20/2026 16:05:09,1.17.3,LeftRight,57,3.69,nan,1,RESET,Left,520,1535,296,274642327,nan,nan,nan
8/20/2026 16:05:12,1.17.3,LeftRight,57,3.68,nan,1,Right,Left,520,1536,296,274645302,nan,nan,0.14
8/20/2026 16:05:14,1.17.3,LeftRight,57,3.69,nan,1,Right,Left,520,1537,296,274647726,nan,nan,0.08
8/20/2026 16:05:19,1.17.3,LeftRight,57,3.68,nan,1,Left,Left,521,1537,296,274652075,nan,nan,0.00
8/20/2026 16:05:22,1.17.3,LeftRight,57,3.69,nan,1,RESET,Left,521,1537,296,274655396,nan,nan,nan
8/20/2026 16:05:22,1.17.3,LeftRight,57,3.68,nan,1,Left,Left,522,1537,296,274655663,nan,nan,0.00
8/20/2026 16:05:23,1.17.3,LeftRight,57,3.69,nan,1,Right,Left,522,1538,296,274656755,nan,nan,0.03
8/20/2026 16:05:25,1.17.3,LeftRight,57,3.69,1,1,Pellet,Left,522,1538,297,274656755,0.53,40,nan
8/20/2026 16:05:40,1.17.3,LeftRight,57,3.69,nan,1,Left,Left,523,1538,297,274673388,nan,nan,0.00
8/20/2026 16:05:44,1.17.3,LeftRight,57,3.69,nan,1,RESET,Left,523,1538,297,274677306,nan,nan,nan
8/20/2026 16:06:52,1.17.3,LeftRight,57,3.69,nan,1,Left,Left,524,1538,297,274745080,nan,nan,0.00
8/20/2026 16:06:55,1.17.3,LeftRight,57,3.68,nan,1,RESET,Left,524,1538,297,274748403,nan,nan,nan
8/20/2026 16:07:06,1.17.3,LeftRight,57,3.69,nan,1,Left,Left,525,1538,297,274759393,nan,nan,0.00
8/20/2026 16:07:09,1.17.3,LeftRight,57,3.69,nan,1,RESET,Left,525,1538,297,274762417,nan,nan,nan
8/20/2026 16:07:10,1.17.3,LeftRight,57,3.69,nan,1,Left,Left,526,1538,297,274763754,nan,nan,0.00
8/20/2026 16:07:14,1.17.3,LeftRight,57,3.68,nan,1,RESET,Left,526,1538,297,274767374,nan,nan,nan
8/20/2026 16:07:14,1.17.3,LeftRight,57,3.68,nan,1,Right,Left,526,1539,297,274767517,nan,nan,0.00
8/20/2026 16:07:15,1.17.3,LeftRight,57,3.69,nan,1,Right,Left,526,1540,297,274768616,nan,nan,0.19
8/20/2026 16:07:19,1.17.3,LeftRight,57,3.68,nan,1,Right,Left,526,1541,297,274771979,nan,nan,0.08
8/20/2026 16:07:21,1.17.3,LeftRight,57,3.69,nan,1,Right,Left,526,1542,297,274774485,nan,nan,0.00
8/20/2026 16:07:23,1.17.3,LeftRight,57,3.68,nan,1,Left,Left,527,1542,297,274776447,nan,nan,0.00
8/20/2026 16:07:25,1.17.3,LeftRight,57,3.69,nan,1,Right,Left,527,1543,297,274778429,nan,nan,0.43
8/20/2026 16:07:27,1.17.3,LeftRight,57,3.69,1,1,Pellet,Left,527,1543,298,274778429,0.35,121,nan
8/20/2026 16:51:59,1.17.3,LeftRight,57,3.68,nan,1,Right,Left,527,1544,298,277452517,nan,nan,0.23
8/20/2026 16:52:35,1.17.3,LeftRight,57,3.68,nan,1,Right,Left,527,1545,298,277488163,nan,nan,0.78
8/20/2026 16:52:38,1.17.3,LeftRight,57,3.68,nan,1,Right,Left,527,1546,298,277490774,nan,nan,0.68
8/20/2026 16:52:43,1.17.3,LeftRight,57,3.68,nan,1,Right,Left,527,1547,298,277496708,nan,nan,0.29
8/20/2026 16:52:58,1.17.3,LeftRight,57,3.68,nan,1,Left,Left,528,1547,298,277512082,nan,nan,0.00
8/20/2026 16:53:01,1.17.3,LeftRight,57,3.68,nan,1,Left,Left,529,1547,298,277514996,nan,nan,0.00
8/20/2026 16:53:04,1.17.3,LeftRight,57,3.68,nan,1,Right,Left,529,1548,298,277517427,nan,nan,0.17
8/20/2026 16:53:07,1.17.3,LeftRight,57,3.68,2,1,Pellet,Left,529,1548,299,277517427,0.65,2741,nan
8/20/2026 16:53:30,1.17.3,LeftRight,57,3.68,nan,1,Right,Left,529,1549,299,277543893,nan,nan,0.29
8/20/2026 16:53:37,1.17.3,LeftRight,57,3.68,nan,1,Right,Left,529,1550,299,277551073,nan,nan,0.08
8/20/2026 16:53:39,1.17.3,LeftRight,57,3.68,nan,1,Right,Left,529,1551,299,277553005,nan,nan,0.13
8/20/2026 16:53:41,1.17.3,LeftRight,57,3.67,nan,1,Right,Left,529,1552,299,277554824,nan,nan,0.33
8/20/2026 16:53:43,1.17.3,LeftRight,57,3.68,nan,1,Right,Left,529,1553,299,277556247,nan,nan,0.13
8/20/2026 16:53:49,1.17.3,LeftRight,57,3.67,nan,1,Left,Left,530,1553,299,277562374,nan,nan,0.00
8/20/2026 16:53:52,1.17.3,LeftRight,57,3.68,nan,1,RESET,Left,530,1553,299,277565847,nan,nan,nan
8/20/2026 16:53:55,1.17.3,LeftRight,57,3.68,nan,1,Right,Left,530,1554,299,277568226,nan,nan,0.35
8/20/2026 16:53:57,1.17.3,LeftRight,57,3.68,nan,1,Left,Left,531,1554,299,277571071,nan,nan,0.00
8/20/2026 16:54:00,1.17.3,LeftRight,57,3.68,nan,1,Right,Left,531,1555,299,277573351,nan,nan,0.24
8/20/2026 16:54:01,1.17.3,LeftRight,57,3.68,1,1,Pellet,Left,531,1555,300,277573351,0.29,54,nan
8/20/2026 16:54:34,1.17.3,LeftRight,57,3.67,nan,1,Left,Left,532,1555,300,277608096,nan,nan,0.00
8/20/2026 16:54:36,1.17.3,LeftRight,57,3.67,nan,1,Right,Left,532,1556,300,277609344,nan,nan,0.04
8/20/2026 16:54:41,1.17.3,LeftRight,57,3.68,3,1,Pellet,Left,532,1556,301,277609344,1.97,40,nan
8/20/2026 16:54:56,1.17.3,LeftRight,57,3.68,nan,1,Right,Left,532,1557,301,277629739,nan,nan,0.08
8/20/2026 16:55:11,1.17.3,LeftRight,57,3.67,nan,1,Left,Left,533,1557,301,277644871,nan,nan,0.00
8/20/2026 16:55:12,1.17.3,LeftRight,57,3.68,nan,1,Right,Left,533,1558,301,277645963,nan,nan,0.01
8/20/2026 16:55:14,1.17.3,LeftRight,57,3.68,2,1,Pellet,Left,533,1558,302,277645963,0.47,33,nan
8/20/2026 16:55:34,1.17.3,LeftRight,57,3.68,nan,1,Left,Left,534,1558,302,277667927,nan,nan,0.00
8/20/2026 16:55:36,1.17.3,LeftRight,57,3.68,nan,1,Right,Left,534,1559,302,277669317,nan,nan,0.23
8/20/2026 16:56:01,1.17.3,LeftRight,57,3.68,nan,1,LeftWithPellet,Left,535,1559,302,277669317,nan,nan,0.19
8/20/2026 16:56:02,1.17.3,LeftRight,57,3.67,nan,1,RightWithPellet,Left,535,1560,302,277669317,nan,nan,0.05
8/20/2026 16:56:04,1.17.3,LeftRight,57,3.68,nan,1,RightWithPellet,Left,535,1561,302,277669317,nan,nan,0.04
8/20/2026 16:56:06,1.17.3,LeftRight,57,3.68,nan,1,RightWithPellet,Left,535,1562,302,277669317,nan,nan,0.17
8/20/2026 16:56:08,1.17.3,LeftRight,57,3.68,nan,1,LeftWithPellet,Left,536,1562,302,277669317,nan,nan,0.02
8/20/2026 16:56:09,1.17.3,LeftRight,57,3.67,nan,1,LeftWithPellet,Left,537,1562,302,277669317,nan,nan,0.02
8/20/2026 16:56:11,1.17.3,LeftRight,57,3.67,nan,1,RightWithPellet,Left,537,1563,302,277669317,nan,nan,0.04
8/20/2026 16:56:12,1.17.3,LeftRight,57,3.68,nan,1,RightWithPellet,Left,537,1564,302,277669317,nan,nan,0.15
8/20/2026 16:56:14,1.17.3,LeftRight,57,3.68,nan,1,RightWithPellet,Left,537,1565,302,277669317,nan,nan,0.61
8/20/2026 16:56:16,1.17.3,LeftRight,57,3.68,nan,1,RightWithPellet,Left,537,1566,302,277669317,nan,nan,0.09
8/20/2026 16:56:18,1.17.3,LeftRight,57,3.68,nan,1,LeftWithPellet,Left,538,1566,302,277669317,nan,nan,0.34
8/20/2026 16:56:21,1.17.3,LeftRight,57,3.68,nan,1,RightWithPellet,Left,538,1567,302,277669317,nan,nan,0.09
8/20/2026 16:56:23,1.17.3,LeftRight,57,3.68,nan,1,RightWithPellet,Left,538,1568,302,277669317,nan,nan,0.15
8/20/2026 16:56:25,1.17.3,LeftRight,57,3.68,nan,1,RightWithPellet,Left,538,1569,302,277669317,nan,nan,0.07
8/20/2026 16:56:25,1.17.3,LeftRight,57,3.68,nan,1,RightWithPellet,Left,538,1570,302,277669317,nan,nan,0.00
8/20/2026 16:56:28,1.17.3,LeftRight,57,3.69,nan,1,LeftWithPellet,Left,539,1570,302,277669317,nan,nan,0.16
8/20/2026 16:56:29,1.17.3,LeftRight,57,3.67,nan,1,LeftWithPellet,Left,540,1570,302,277669317,nan,nan,0.08
8/20/2026 16:56:32,1.17.3,LeftRight,57,3.67,nan,1,RightWithPellet,Left,540,1571,302,277669317,nan,nan,0.08
8/20/2026 16:56:34,1.17.3,LeftRight,57,3.68,nan,1,RightWithPellet,Left,540,1572,302,277669317,nan,nan,0.51
8/20/2026 16:56:38,1.17.3,LeftRight,57,3.68,nan,1,LeftWithPellet,Left,541,1572,302,277669317,nan,nan,0.11
8/20/2026 16:56:43,1.17.3,LeftRight,57,3.67,2,1,Pellet,Left,541,1572,303,277669317,Timed_out,89,nan
8/20/2026 16:56:45,1.17.3,LeftRight,57,3.68,nan,1,Right,Left,541,1573,303,277738468,nan,nan,0.00
8/20/2026 16:56:46,1.17.3,LeftRight,57,3.68,nan,1,Right,Left,541,1574,303,277739863,nan,nan,0.29
8/20/2026 16:56:48,1.17.3,LeftRight,57,3.68,nan,1,Right,Left,541,1575,303,277741690,nan,nan,0.01
8/20/2026 16:56:49,1.17.3,LeftRight,57,3.68,nan,1,Right,Left,541,1576,303,277742642,nan,nan,0.63
8/20/2026 16:56:51,1.17.3,LeftRight,57,3.68,nan,1,Right,Left,541,1577,303,277744216,nan,nan,0.21
8/20/2026 16:56:52,1.17.3,LeftRight,57,3.68,nan,1,Right,Left,541,1578,303,277745077,nan,nan,1.15
8/20/2026 16:56:59,1.17.3,LeftRight,57,3.68,nan,1,Left,Left,542,1578,303,277753167,nan,nan,0.00
8/20/2026 16:57:02,1.17.3,LeftRight,57,3.68,nan,1,Left,Left,543,1578,303,277755847,nan,nan,0.00
8/20/2026 16:57:05,1.17.3,LeftRight,57,3.68,nan,1,Left,Left,544,1578,303,277758486,nan,nan,0.00
8/20/2026 16:57:07,1.17.3,LeftRight,57,3.68,nan,1,Left,Left,545,1578,303,277761035,nan,nan,0.00
8/20/2026 16:57:08,1.17.3,LeftRight,57,3.68,nan,1,Right,Left,545,1579,303,277762276,nan,nan,0.00
8/20/2026 16:57:30,1.17.3,LeftRight,57,3.66,nan,1,LeftWithPellet,Left,546,1579,303,277762276,nan,nan,0.01
8/20/2026 16:57:34,1.17.3,LeftRight,57,3.66,nan,1,RightWithPellet,Left,546,1580,303,277762276,nan,nan,0.18
8/20/2026 16:57:35,1.17.3,LeftRight,57,3.66,nan,1,RightWithPellet,Left,546,1581,303,277762276,nan,nan,0.18
8/20/2026 16:57:39,1.17.3,LeftRight,57,3.66,nan,1,RightWithPellet,Left,546,1582,303,277762276,nan,nan,0.19
8/20/2026 16:57:41,1.17.3,LeftRight,57,3.66,nan,1,RightWithPellet,Left,546,1583,303,277762276,nan,nan,0.16
8/20/2026 16:57:46,1.17.3,LeftRight,57,3.67,nan,1,LeftWithPellet,Left,547,1583,303,277762276,nan,nan,0.34
8/20/2026 16:57:47,1.17.3,LeftRight,57,3.68,nan,1,RightWithPellet,Left,547,1584,303,277762276,nan,nan,0.04
8/20/2026 16:57:48,1.17.3,LeftRight,57,3.67,nan,1,RightWithPellet,Left,547,1585,303,277762276,nan,nan,0.18
8/20/2026 16:57:50,1.17.3,LeftRight,57,3.67,nan,1,RightWithPellet,Left,547,1586,303,277762276,nan,nan,0.18
8/20/2026 16:57:53,1.17.3,LeftRight,57,3.68,nan,1,LeftWithPellet,Left,548,1586,303,277762276,nan,nan,0.19
8/20/2026 16:57:56,1.17.3,LeftRight,57,3.68,nan,1,RightWithPellet,Left,548,1587,303,277762276,nan,nan,0.12
8/20/2026 16:57:58,1.17.3,LeftRight,57,3.67,nan,1,RightWithPellet,Left,548,1588,303,277762276,nan,nan,0.57
8/20/2026 16:58:01,1.17.3,LeftRight,57,3.67,nan,1,RightWithPellet,Left,548,1589,303,277762276,nan,nan,0.09
8/20/2026 16:58:04,1.17.3,LeftRight,57,3.68,nan,1,RightWithPellet,Left,548,1590,303,277762276,nan,nan,2.58
8/20/2026 16:58:07,1.17.3,LeftRight,57,3.68,nan,1,RightWithPellet,Left,548,1591,303,277762276,nan,nan,0.07
8/20/2026 16:58:08,1.17.3,LeftRight,57,3.68,nan,1,RightWithPellet,Left,548,1592,303,277762276,nan,nan,0.58
8/20/2026 16:58:10,1.17.3,LeftRight,57,3.68,nan,1,RightWithPellet,Left,548,1593,303,277762276,nan,nan,0.32
8/20/2026 16:58:11,1.17.3,LeftRight,57,3.68,nan,1,RightWithPellet,Left,548,1594,303,277762276,nan,nan,0.40
8/20/2026 16:58:13,1.17.3,LeftRight,57,3.68,nan,1,RightWithPellet,Left,548,1595,303,277762276,nan,nan,0.24
8/20/2026 16:58:15,1.17.3,LeftRight,57,3.67,nan,1,RightWithPellet,Left,548,1596,303,277762276,nan,nan,0.15
8/20/2026 16:58:17,1.17.3,LeftRight,57,3.68,nan,1,LeftWithPellet,Left,549,1596,303,277762276,nan,nan,0.15
8/20/2026 16:58:19,1.17.3,LeftRight,57,3.68,nan,1,LeftWithPellet,Left,550,1596,303,277762276,nan,nan,0.41
8/20/2026 16:58:23,1.17.3,LeftRight,57,3.67,nan,1,RightWithPellet,Left,550,1597,303,277762276,nan,nan,0.30
8/20/2026 16:58:26,1.17.3,LeftRight,57,3.68,nan,1,RightWithPellet,Left,550,1598,303,277762276,nan,nan,0.80
8/20/2026 16:58:26,1.17.3,LeftRight,57,3.68,nan,1,RightWithPellet,Left,550,1599,303,277762276,nan,nan,0.17
8/20/2026 16:58:28,1.17.3,LeftRight,57,3.68,nan,1,RightWithPellet,Left,550,1600,303,277762276,nan,nan,0.25
8/20/2026 17:07:45,1.17.3,LeftRight,57,3.67,nan,1,RightWithPellet,Left,550,1601,303,277762276,nan,nan,0.01
8/20/2026 17:07:53,1.17.3,LeftRight,57,3.68,nan,1,RightWithPellet,Left,550,1602,303,277762276,nan,nan,0.01
8/20/2026 17:07:56,1.17.3,LeftRight,57,3.68,nan,1,LeftWithPellet,Left,551,1602,303,277762276,nan,nan,0.14
8/20/2026 17:08:02,1.17.3,LeftRight,57,3.68,nan,1,LeftWithPellet,Left,552,1602,303,277762276,nan,nan,0.21
8/20/2026 17:09:06,1.17.3,LeftRight,57,3.67,nan,1,LeftWithPellet,Left,553,1602,303,277762276,nan,nan,0.00
8/20/2026 17:09:11,1.17.3,LeftRight,57,3.68,nan,1,RightWithPellet,Left,553,1603,303,277762276,nan,nan,0.03
8/20/2026 17:09:24,1.17.3,LeftRight,57,3.68,nan,1,LeftWithPellet,Left,554,1603,303,277762276,nan,nan,0.44
8/20/2026 17:09:27,1.17.3,LeftRight,57,3.67,nan,1,RightWithPellet,Left,554,1604,303,277762276,nan,nan,0.09
8/20/2026 17:09:29,1.17.3,LeftRight,57,3.67,nan,1,RightWithPellet,Left,554,1605,303,277762276,nan,nan,0.09
8/20/2026 17:09:32,1.17.3,LeftRight,57,3.67,nan,1,LeftWithPellet,Left,555,1605,303,277762276,nan,nan,0.15
8/20/2026 17:09:38,1.17.3,LeftRight,57,3.68,nan,1,RightWithPellet,Left,555,1606,303,277762276,nan,nan,0.05
8/20/2026 17:09:40,1.17.3,LeftRight,57,3.68,nan,1,LeftWithPellet,Left,556,1606,303,277762276,nan,nan,0.15
8/20/2026 17:09:45,1.17.3,LeftRight,57,3.68,nan,1,LeftWithPellet,Left,557,1606,303,277762276,nan,nan,0.19
8/20/2026 17:09:46,1.17.3,LeftRight,57,3.68,nan,1,RightWithPellet,Left,557,1607,303,277762276,nan,nan,0.03
8/20/2026 17:09:51,1.17.3,LeftRight,57,3.67,nan,1,RightWithPellet,Left,557,1608,303,277762276,nan,nan,0.35
8/20/2026 17:09:55,1.17.3,LeftRight,57,3.67,nan,1,LeftWithPellet,Left,558,1608,303,277762276,nan,nan,1.10
8/20/2026 17:09:55,1.17.3,LeftRight,57,3.67,nan,1,LeftWithPellet,Left,559,1608,303,277762276,nan,nan,0.07
8/20/2026 17:09:56,1.17.3,LeftRight,57,3.68,nan,1,LeftWithPellet,Left,560,1608,303,277762276,nan,nan,0.08
8/20/2026 17:09:57,1.17.3,LeftRight,57,3.68,nan,1,LeftWithPellet,Left,561,1608,303,277762276,nan,nan,0.08
8/20/2026 17:09:58,1.17.3,LeftRight,57,3.68,nan,1,LeftWithPellet,Left,562,1608,303,277762276,nan,nan,0.48
8/20/2026 17:10:02,1.17.3,LeftRight,57,3.68,nan,1,RightWithPellet,Left,562,1609,303,277762276,nan,nan,0.02
8/20/2026 17:10:03,1.17.3,LeftRight,57,3.67,nan,1,RightWithPellet,Left,562,1610,303,277762276,nan,nan,0.32
8/20/2026 17:10:04,1.17.3,LeftRight,57,3.68,2,1,Pellet,Left,562,1610,304,277762276,Timed_out,801,nan
8/20/2026 17:10:06,1.17.3,LeftRight,57,3.67,nan,1,Left,Left,563,1610,304,278539841,nan,nan,0.00
8/20/2026 17:10:07,1.17.3,LeftRight,57,3.67,nan,1,Left,Left,564,1610,304,278541132,nan,nan,0.00
8/20/2026 17:10:09,1.17.3,LeftRight,57,3.68,nan,1,Right,Left,564,1611,304,278542816,nan,nan,0.00
8/20/2026 17:10:10,1.17.3,LeftRight,57,3.67,1,1,Pellet,Left,564,1611,305,278542816,0.35,6,nan
8/20/2026 17:39:23,1.17.3,LeftRight,57,3.68,nan,1,Right,Left,564,1612,305,280296263,nan,nan,0.02
8/20/2026 17:39:24,1.17.3,LeftRight,57,3.67,nan,1,Left,Left,565,1612,305,280297999,nan,nan,0.00
8/20/2026 17:39:28,1.17.3,LeftRight,57,3.68,nan,1,RESET,Left,565,1612,305,280301765,nan,nan,nan
8/20/2026 17:39:34,1.17.3,LeftRight,57,3.67,nan,1,Right,Left,565,1613,305,280307850,nan,nan,0.13
8/20/2026 17:39:39,1.17.3,LeftRight,57,3.67,nan,1,Left,Left,566,1613,305,280312558,nan,nan,0.00
8/20/2026 17:39:41,1.17.3,LeftRight,57,3.67,nan,1,Right,Left,566,1614,305,280314548,nan,nan,0.00
8/20/2026 17:39:42,1.17.3,LeftRight,57,3.67,1,1,Pellet,Left,566,1614,306,280314548,0.35,1772,nan
8/20/2026 17:40:26,1.17.3,LeftRight,57,3.67,nan,1,Left,Left,567,1614,306,280359508,nan,nan,0.00
8/20/2026 17:40:29,1.17.3,LeftRight,57,3.67,nan,1,RESET,Left,567,1614,306,280362678,nan,nan,nan
8/20/2026 17:40:31,1.17.3,LeftRight,57,3.67,nan,1,Right,Left,567,1615,306,280364453,nan,nan,0.00
8/20/2026 17:40:32,1.17.3,LeftRight,57,3.67,nan,1,Right,Left,567,1616,306,280365693,nan,nan,0.16
8/20/2026 17:40:34,1.17.3,LeftRight,57,3.68,nan,1,Right,Left,567,1617,306,280368142,nan,nan,0.02
8/20/2026 17:40:38,1.17.3,LeftRight,57,3.67,nan,1,Right,Left,567,1618,306,280371503,nan,nan,0.14
8/20/2026 17:40:53,1.17.3,LeftRight,57,3.68,nan,1,Right,Left,567,1619,306,280386696,nan,nan,0.07
8/20/2026 17:40:55,1.17.3,LeftRight,57,3.67,nan,1,Right,Left,567,1620,306,280388303,nan,nan,0.09
8/20/2026 17:40:58,1.17.3,LeftRight,57,3.67,nan,1,Right,Left,567,1621,306,280391568,nan,nan,0.05
8/20/2026 17:41:00,1.17.3,LeftRight,57,3.67,nan,1,Left,Left,568,1621,306,280393314,nan,nan,0.00
8/20/2026 17:41:01,1.17.3,LeftRight,57,3.67,nan,1,Right,Left,568,1622,306,280394554,nan,nan,0.00
8/20/2026 17:41:04,1.17.3,LeftRight,57,3.67,2,1,Pellet,Left,568,1622,307,280394554,0.65,82,nan
8/20/2026 17:46:54,1.17.3,LeftRight,57,3.68,nan,1,Right,Left,568,1623,307,280747755,nan,nan,0.00
8/20/2026 17:46:56,1.17.3,LeftRight,57,3.67,nan,1,Right,Left,568,1624,307,280749888,nan,nan,0.15
8/20/2026 17:46:59,1.17.3,LeftRight,57,3.67,nan,1,Left,Left,569,1624,307,280752866,nan,nan,0.00
8/20/2026 17:47:00,1.17.3,LeftRight,57,3.67,nan,1,Right,Left,569,1625,307,280754255,nan,nan,0.02
8/20/2026 17:47:02,1.17.3,LeftRight,57,3.67,1,1,Pellet,Left,569,1625,308,280754255,0.47,358,nan
8/20/2026 17:50:12,1.17.3,LeftRight,57,3.67,nan,1,Right,Left,569,1626,308,280945625,nan,nan,0.00
8/20/2026 17:50:14,1.17.3,LeftRight,57,3.67,nan,1,Right,Left,569,1627,308,280947314,nan,nan,0.05
8/20/2026 17:50:15,1.17.3,LeftRight,57,3.68,nan,1,Right,Left,569,1628,308,280948906,nan,nan,0.00
8/20/2026 17:50:16,1.17.3,LeftRight,57,3.67,nan,1,Right,Left,569,1629,308,280950000,nan,nan,0.06
8/20/2026 17:50:18,1.17.3,LeftRight,57,3.67,nan,1,Right,Left,569,1630,308,280951451,nan,nan,0.14
8/20/2026 17:50:20,1.17.3,LeftRight,57,3.67,nan,1,Right,Left,569,1631,308,280953426,nan,nan,0.00
8/20/2026 17:50:21,1.17.3,LeftRight,57,3.67,nan,1,Left,Left,570,1631,308,280954749,nan,nan,0.00
8/20/2026 17:50:24,1.17.3,LeftRight,57,3.67,nan,1,Right,Left,570,1632,308,280957474,nan,nan,0.06
8/20/2026 17:50:25,1.17.3,LeftRight,57,3.68,1,1,Pellet,Left,570,1632,309,280957474,0.29,203,nan
8/20/2026 17:51:28,1.17.3,LeftRight,57,3.67,nan,1,Right,Left,570,1633,309,281022302,nan,nan,0.00
8/20/2026 17:51:31,1.17.3,LeftRight,57,3.67,nan,1,Left,Left,571,1633,309,281024681,nan,nan,0.00
8/20/2026 17:51:32,1.17.3,LeftRight,57,3.67,nan,1,Left,Left,572,1633,309,281025475,nan,nan,0.00
8/20/2026 17:51:33,1.17.3,LeftRight,57,3.67,nan,1,Right,Left,572,1634,309,281026864,nan,nan,0.00
8/20/2026 17:51:37,1.17.3,LeftRight,57,3.67,2,1,Pellet,Left,572,1634,310,281026864,0.65,72,nan
8/20/2026 17:51:49,1.17.3,LeftRight,57,3.67,nan,1,Left,Left,573,1634,310,281042320,nan,nan,0.00
8/20/2026 17:51:50,1.17.3,LeftRight,57,3.67,nan,1,Right,Left,573,1635,310,281044300,nan,nan,0.00
8/20/2026 17:51:52,1.17.3,LeftRight,57,3.67,1,1,Pellet,Left,573,1635,311,281044300,0.47,15,nan
8/20/2026 18:02:25,1.17.3,LeftRight,57,3.67,nan,1,Right,Left,573,1636,311,281678845,nan,nan,0.12
8/20/2026 18:02:27,1.17.3,LeftRight,57,3.67,nan,1,Right,Left,573,1637,311,281680670,nan,nan,0.04
8/20/2026 18:02:31,1.17.3,LeftRight,57,3.67,nan,1,Left,Left,574,1637,311,281684532,nan,nan,0.00
8/20/2026 18:02:33,1.17.3,LeftRight,57,3.67,nan,1,Right,Left,574,1638,311,281686958,nan,nan,0.03
8/20/2026 18:02:34,1.17.3,LeftRight,57,3.67,1,1,Pellet,Left,574,1638,312,281686958,0.23,642,nan
8/20/2026 18:05:54,1.17.3,LeftRight,57,3.67,nan,1,Left,Left,575,1638,312,281887675,nan,nan,0.00
8/20/2026 18:05:57,1.17.3,LeftRight,57,3.67,nan,1,RESET,Left,575,1638,312,281890854,nan,nan,nan
8/20/2026 18:06:01,1.17.3,LeftRight,57,3.67,nan,1,Right,Left,575,1639,312,281894414,nan,nan,0.00
8/20/2026 18:06:02,1.17.3,LeftRight,57,3.67,nan,1,Right,Left,575,1640,312,281895804,nan,nan,0.00
8/20/2026 18:06:04,1.17.3,LeftRight,57,3.67,nan,1,Left,Left,576,1640,312,281897936,nan,nan,0.00
8/20/2026 18:06:05,1.17.3,LeftRight,57,3.67,nan,1,Right,Left,576,1641,312,281898880,nan,nan,0.00
8/20/2026 18:06:06,1.17.3,LeftRight,57,3.67,nan,1,RightWithPellet,Left,576,1642,312,281898880,nan,nan,0.13
8/20/2026 18:06:06,1.17.3,LeftRight,57,3.67,1,1,Pellet,Left,576,1642,313,281898880,0.29,212,nan
8/20/2026 18:07:04,1.17.3,LeftRight,57,3.67,nan,1,Left,Left,577,1642,313,281958257,nan,nan,0.00
8/20/2026 18:07:08,1.17.3,LeftRight,57,3.67,nan,1,RESET,Left,577,1642,313,281961871,nan,nan,nan
8/20/2026 18:07:09,1.17.3,LeftRight,57,3.67,nan,1,Right,Left,577,1643,313,281962904,nan,nan,0.07
8/20/2026 18:07:48,1.17.3,LeftRight,57,3.67,nan,1,Left,Left,578,1643,313,282001603,nan,nan,0.00
8/20/2026 18:07:51,1.17.3,LeftRight,57,3.67,nan,1,RESET,Left,578,1643,313,282004780,nan,nan,nan
8/20/2026 18:07:53,1.17.3,LeftRight,57,3.67,nan,1,Left,Left,579,1643,313,282007328,nan,nan,0.00
8/20/2026 18:07:55,1.17.3,LeftRight,57,3.67,nan,1,Right,Left,579,1644,313,282008717,nan,nan,0.00
8/20/2026 18:07:58,1.17.3,LeftRight,57,3.67,2,1,Pellet,Left,579,1644,314,282008717,0.47,112,nan
8/20/2026 18:11:46,1.17.3,LeftRight,57,3.67,nan,1,Left,Left,580,1644,314,282239904,nan,nan,0.00
8/20/2026 18:11:50,1.17.3,LeftRight,57,3.67,nan,1,RESET,Left,580,1644,314,282243819,nan,nan,nan
8/20/2026 18:11:51,1.17.3,LeftRight,57,3.67,nan,1,Right,Left,580,1645,314,282244406,nan,nan,0.00
8/20/2026 18:11:53,1.17.3,LeftRight,57,3.67,nan,1,Right,Left,580,1646,314,282246387,nan,nan,0.11
8/20/2026 18:11:55,1.17.3,LeftRight,57,3.67,nan,1,Right,Left,580,1647,314,282249073,nan,nan,0.01
8/20/2026 18:11:56,1.17.3,LeftRight,57,3.67,nan,1,Right,Left,580,1648,314,282250324,nan,nan,0.00
8/20/2026 18:11:59,1.17.3,LeftRight,57,3.67,nan,1,Right,Left,580,1649,314,282252757,nan,nan,0.15
8/20/2026 18:12:01,1.17.3,LeftRight,57,3.67,nan,1,Right,Left,580,1650,314,282255037,nan,nan,0.00
8/20/2026 18:12:03,1.17.3,LeftRight,57,3.67,nan,1,Left,Left,581,1650,314,282257093,nan,nan,0.00
8/20/2026 18:12:07,1.17.3,LeftRight,57,3.67,nan,1,Right,Left,581,1651,314,282260410,nan,nan,0.00
8/20/2026 18:12:08,1.17.3,LeftRight,57,3.67,1,1,Pellet,Left,581,1651,315,282260410,0.47,250,nan
8/20/2026 18:14:10,1.17.3,LeftRight,57,3.67,nan,1,Left,Left,582,1651,315,282383919,nan,nan,0.00
8/20/2026 18:14:14,1.17.3,LeftRight,57,3.67,nan,1,Right,Left,582,1652,315,282387681,nan,nan,0.00
8/20/2026 18:14:15,1.17.3,LeftRight,57,3.67,1,1,Pellet,Left,582,1652,316,282387681,0.59,127,nan
8/20/2026 18:14:37,1.17.3,LeftRight,57,3.67,nan,1,Left,Left,583,1652,316,282411100,nan,nan,0.00
8/20/2026 18:14:40,1.17.3,LeftRight,57,3.67,nan,1,Right,Left,583,1653,316,282413826,nan,nan,0.00
8/20/2026 18:14:41,1.17.3,LeftRight,57,3.67,1,1,Pellet,Left,583,1653,317,282413826,0.23,26,nan
8/20/2026 18:17:37,1.17.3,LeftRight,57,3.67,nan,1,Right,Left,583,1654,317,282590900,nan,nan,0.09
8/20/2026 18:17:43,1.17.3,LeftRight,57,3.67,nan,1,Right,Left,583,1655,317,282597270,nan,nan,0.00
8/20/2026 18:17:45,1.17.3,LeftRight,57,3.67,nan,1,Left,Left,584,1655,317,282598808,nan,nan,0.00
8/20/2026 18:17:47,1.17.3,LeftRight,57,3.67,nan,1,Right,Left,584,1656,317,282600938,nan,nan,0.00
8/20/2026 18:17:48,1.17.3,LeftRight,57,3.67,1,1,Pellet,Left,584,1656,318,282600938,0.23,187,nan
8/20/2026 18:18:18,1.17.3,LeftRight,57,3.67,nan,1,Right,Left,584,1657,318,282632086,nan,nan,0.00
8/20/2026 18:18:20,1.17.3,LeftRight,57,3.67,nan,1,Right,Left,584,1658,318,282633624,nan,nan,0.00
8/20/2026 18:18:21,1.17.3,LeftRight,57,3.67,nan,1,Right,Left,584,1659,318,282635017,nan,nan,0.14
8/20/2026 18:18:26,1.17.3,LeftRight,57,3.67,nan,1,Right,Left,584,1660,318,282639666,nan,nan,0.05
8/20/2026 18:18:29,1.17.3,LeftRight,57,3.67,nan,1,Right,Left,584,1661,318,282642590,nan,nan,0.06
8/20/2026 18:18:31,1.17.3,LeftRight,57,3.67,nan,1,Left,Left,585,1661,318,282644690,nan,nan,0.00
8/20/2026 18:18:34,1.17.3,LeftRight,57,3.67,nan,1,RESET,Left,585,1661,318,282647862,nan,nan,nan
8/20/2026 18:18:34,1.17.3,LeftRight,57,3.67,nan,1,Right,Left,585,1662,318,282648301,nan,nan,0.05
8/20/2026 18:18:37,1.17.3,LeftRight,57,3.67,nan,1,Left,Left,586,1662,318,282650876,nan,nan,0.00
8/20/2026 18:18:38,1.17.3,LeftRight,57,3.67,nan,1,Right,Left,586,1663,318,282651523,nan,nan,0.03
8/20/2026 18:18:43,1.17.3,LeftRight,57,3.67,3,1,Pellet,Left,586,1663,319,282651523,0.29,55,nan
8/20/2026 18:21:58,1.17.3,LeftRight,57,3.67,nan,1,Right,Left,586,1664,319,282851788,nan,nan,0.01
8/20/2026 18:22:00,1.17.3,LeftRight,57,3.67,nan,1,Right,Left,586,1665,319,282853632,nan,nan,0.04
8/20/2026 18:22:01,1.17.3,LeftRight,57,3.67,nan,1,Left,Left,587,1665,319,282855342,nan,nan,0.00
8/20/2026 18:22:05,1.17.3,LeftRight,57,3.67,nan,1,Right,Left,587,1666,319,282858664,nan,nan,0.00
8/20/2026 18:22:06,1.17.3,LeftRight,57,3.67,1,1,Pellet,Left,587,1666,320,282858664,0.29,203,nan
8/20/2026 18:26:14,1.17.3,LeftRight,57,3.67,nan,1,Right,Left,587,1667,320,283107872,nan,nan,0.00
8/20/2026 18:26:21,1.17.3,LeftRight,57,3.67,nan,1,Right,Left,587,1668,320,283114468,nan,nan,0.09
8/20/2026 18:26:22,1.17.3,LeftRight,57,3.67,nan,1,Right,Left,587,1669,320,283116248,nan,nan,0.07
8/20/2026 18:26:25,1.17.3,LeftRight,57,3.67,nan,1,Right,Left,587,1670,320,283119045,nan,nan,0.02
8/20/2026 18:26:27,1.17.3,LeftRight,57,3.67,nan,1,Right,Left,587,1671,320,283120600,nan,nan,0.07
8/20/2026 18:26:29,1.17.3,LeftRight,57,3.67,nan,1,Right,Left,587,1672,320,283123251,nan,nan,0.00
8/20/2026 18:26:53,1.17.3,LeftRight,57,3.67,nan,1,Left,Left,588,1672,320,283146499,nan,nan,0.00
8/20/2026 18:26:55,1.17.3,LeftRight,57,3.67,nan,1,Right,Left,588,1673,320,283148635,nan,nan,0.00
8/20/2026 18:26:56,1.17.3,LeftRight,57,3.67,1,1,Pellet,Left,588,1673,321,283148635,0.30,290,nan
8/20/2026 18:27:17,1.17.3,LeftRight,57,3.67,nan,1,Left,Left,589,1673,321,283171420,nan,nan,0.00
8/20/2026 18:27:19,1.17.3,LeftRight,57,3.65,nan,1,Right,Left,589,1674,321,283173260,nan,nan,0.00
8/20/2026 18:27:20,1.17.3,LeftRight,57,3.64,1,1,Pellet,Left,589,1674,322,283173260,0.35,24,nan
8/20/2026 18:27:43,1.17.3,LeftRight,57,3.65,nan,1,Left,Left,590,1674,322,283197156,nan,nan,0.00
8/20/2026 18:27:47,1.17.3,LeftRight,57,3.65,nan,1,RESET,Left,590,1674,322,283200923,nan,nan,nan
8/20/2026 18:27:49,1.17.3,LeftRight,57,3.65,nan,1,Right,Left,590,1675,322,283203305,nan,nan,0.00
8/20/2026 18:27:51,1.17.3,LeftRight,57,3.67,nan,1,Left,Left,591,1675,322,283205451,nan,nan,0.00
8/20/2026 18:27:55,1.17.3,LeftRight,57,3.67,nan,1,RESET,Left,591,1675,322,283208919,nan,nan,nan
8/20/2026 18:27:57,1.17.3,LeftRight,57,3.67,nan,1,Right,Left,591,1676,322,283211289,nan,nan,0.04
8/20/2026 18:28:06,1.17.3,LeftRight,57,3.67,nan,1,Right,Left,591,1677,322,283219858,nan,nan,0.01
8/20/2026 18:28:09,1.17.3,LeftRight,57,3.67,nan,1,Left,Left,592,1677,322,283222552,nan,nan,0.00
8/20/2026 18:28:10,1.17.3,LeftRight,57,3.67,nan,1,Right,Left,592,1678,322,283223942,nan,nan,0.03
8/20/2026 18:28:11,1.17.3,LeftRight,57,3.67,1,1,Pellet,Left,592,1678,323,283223942,0.30,51,nan
8/20/2026 18:28:39,1.17.3,LeftRight,57,3.67,nan,1,Right,Left,592,1679,323,283252929,nan,nan,0.00
8/20/2026 18:28:42,1.17.3,LeftRight,57,3.67,nan,1,Right,Left,592,1680,323,283255956,nan,nan,0.00
8/20/2026 18:28:42,1.17.3,LeftRight,57,3.67,nan,1,Right,Left,592,1681,323,283256455,nan,nan,0.00
8/20/2026 18:28:44,1.17.3,LeftRight,57,3.67,nan,1,Right,Left,592,1682,323,283257994,nan,nan,0.03
8/20/2026 18:28:46,1.17.3,LeftRight,57,3.67,nan,1,Right,Left,592,1683,323,283259419,nan,nan,0.22
8/20/2026 18:28:50,1.17.3,LeftRight,57,3.67,nan,1,Left,Left,593,1683,323,283263576,nan,nan,0.00
8/20/2026 18:28:51,1.17.3,LeftRight,57,3.67,nan,1,Right,Left,593,1684,323,283264967,nan,nan,0.00
8/20/2026 18:28:52,1.17.3,LeftRight,57,3.67,2,1,Pellet,Left,593,1684,324,283264967,0.06,41,nan
8/20/2026 18:29:19,1.17.3,LeftRight,57,3.67,nan,1,Left,Left,594,1684,324,283292898,nan,nan,0.00
8/20/2026 18:29:22,1.17.3,LeftRight,57,3.67,nan,1,RESET,Left,594,1684,324,283295930,nan,nan,nan
8/20/2026 18:29:24,1.17.3,LeftRight,57,3.67,nan,1,Right,Left,594,1685,324,283297857,nan,nan,0.00
8/20/2026 18:29:26,1.17.3,LeftRight,57,3.67,nan,1,Right,Left,594,1686,324,283299991,nan,nan,0.02
8/20/2026 18:29:30,1.17.3,LeftRight,57,3.67,nan,1,Left,Left,595,1686,324,283304102,nan,nan,0.00
8/20/2026 18:29:32,1.17.3,LeftRight,57,3.67,nan,1,Right,Left,595,1687,324,283306237,nan,nan,0.04
8/20/2026 18:29:33,1.17.3,LeftRight,57,3.67,1,1,Pellet,Left,595,1687,325,283306237,0.35,41,nan
8/20/2026 18:30:04,1.17.3,LeftRight,57,3.67,nan,1,Right,Left,595,1688,325,283338291,nan,nan,0.00
8/20/2026 18:32:20,1.17.3,LeftRight,57,3.67,nan,1,Right,Left,595,1689,325,283474335,nan,nan,0.04
8/20/2026 18:32:22,1.17.3,LeftRight,57,3.67,nan,1,Right,Left,595,1690,325,283476210,nan,nan,0.00
8/20/2026 18:32:25,1.17.3,LeftRight,57,3.67,nan,1,Left,Left,596,1690,325,283479004,nan,nan,0.00
8/20/2026 18:32:28,1.17.3,LeftRight,57,3.67,nan,1,Right,Left,596,1691,325,283481883,nan,nan,0.00
8/20/2026 18:32:29,1.17.3,LeftRight,57,3.67,1,1,Pellet,Left,596,1691,326,283481883,0.41,176,nan
8/20/2026 18:34:17,1.17.3,LeftRight,57,3.67,nan,1,Left,Left,597,1691,326,283590825,nan,nan,0.00
8/20/2026 18:34:20,1.17.3,LeftRight,57,3.67,nan,1,RESET,Left,597,1691,326,283593997,nan,nan,nan
8/20/2026 18:36:08,1.17.3,LeftRight,57,3.67,nan,1,Right,Left,597,1692,326,283702162,nan,nan,0.00
8/20/2026 18:36:18,1.17.3,LeftRight,57,3.67,nan,1,Right,Left,597,1693,326,283712329,nan,nan,0.00
8/20/2026 18:36:20,1.17.3,LeftRight,57,3.67,nan,1,Left,Left,598,1693,326,283713726,nan,nan,0.00
8/20/2026 18:36:22,1.17.3,LeftRight,57,3.67,nan,1,Right,Left,598,1694,326,283716308,nan,nan,0.09
8/20/2026 18:36:26,1.17.3,LeftRight,57,3.67,2,1,Pellet,Left,598,1694,327,283716308,0.41,237,nan
8/20/2026 18:45:10,1.17.3,LeftRight,57,3.67,nan,1,Right,Left,598,1695,327,284243616,nan,nan,0.03
8/20/2026 18:45:12,1.17.3,LeftRight,57,3.67,nan,1,Left,Left,599,1695,327,284246034,nan,nan,0.00
8/20/2026 18:45:15,1.17.3,LeftRight,57,3.67,nan,1,RESET,Left,599,1695,327,284249066,nan,nan,nan
8/20/2026 18:45:16,1.17.3,LeftRight,57,3.67,nan,1,Right,Left,599,1696,327,284250397,nan,nan,0.01
8/20/2026 18:45:18,1.17.3,LeftRight,57,3.67,nan,1,Right,Left,599,1697,327,284251647,nan,nan,0.02
8/20/2026 18:45:19,1.17.3,LeftRight,57,3.67,nan,1,Right,Left,599,1698,327,284253058,nan,nan,0.29
8/20/2026 18:45:23,1.17.3,LeftRight,57,3.67,nan,1,Left,Left,600,1698,327,284256780,nan,nan,0.00
8/20/2026 18:45:24,1.17.3,LeftRight,57,3.67,nan,1,Right,Left,600,1699,327,284257880,nan,nan,0.00
8/20/2026 18:45:39,1.17.3,LeftRight,57,3.67,2,1,Pellet,Left,600,1699,328,284257880,12.18,553,nan
8/20/2026 18:46:15,1.17.3,LeftRight,57,3.67,nan,1,Right,Left,600,1700,328,284308943,nan,nan,0.66
8/20/2026 18:46:21,1.17.3,LeftRight,57,3.67,nan,1,Right,Left,600,1701,328,284315302,nan,nan,0.11
8/20/2026 18:46:23,1.17.3,LeftRight,57,3.67,nan,1,Right,Left,600,1702,328,284316802,nan,nan,0.35
8/20/2026 18:46:25,1.17.3,LeftRight,57,3.67,nan,1,Right,Left,600,1703,328,284318695,nan,nan,0.10
8/20/2026 18:46:27,1.17.3,LeftRight,57,3.67,nan,1,Left,Left,601,1703,328,284320790,nan,nan,0.00
8/20/2026 18:46:29,1.17.3,LeftRight,57,3.67,nan,1,Right,Left,601,1704,328,284323219,nan,nan,0.00
8/20/2026 18:46:30,1.17.3,LeftRight,57,3.67,1,1,Pellet,Left,601,1704,329,284323219,0.23,51,nan
8/20/2026 18:46:58,1.17.3,LeftRight,57,3.67,nan,1,Left,Left,602,1704,329,284352231,nan,nan,0.00
8/20/2026 18:47:00,1.17.3,LeftRight,57,3.67,nan,1,Right,Left,602,1705,329,284353918,nan,nan,0.04
8/20/2026 18:47:01,1.17.3,LeftRight,57,3.67,1,1,Pellet,Left,602,1705,330,284353918,0.29,31,nan
8/20/2026 18:47:39,1.17.3,LeftRight,57,3.67,nan,1,Right,Left,602,1706,330,284393004,nan,nan,0.14
8/20/2026 18:47:41,1.17.3,LeftRight,57,3.67,nan,1,Left,Left,603,1706,330,284394858,nan,nan,0.00
8/20/2026 18:47:44,1.17.3,LeftRight,57,3.67,nan,1,RESET,Left,603,1706,330,284398031,nan,nan,nan
8/20/2026 18:47:46,1.17.3,LeftRight,57,3.67,nan,1,Right,Left,603,1707,330,284400402,nan,nan,0.00
8/20/2026 18:47:53,1.17.3,LeftRight,57,3.67,nan,1,Right,Left,603,1708,330,284406698,nan,nan,0.04
8/20/2026 18:47:54,1.17.3,LeftRight,57,3.67,nan,1,Right,Left,603,1709,330,284407975,nan,nan,0.00
8/20/2026 18:47:56,1.17.3,LeftRight,57,3.67,nan,1,Left,Left,604,1709,330,284410256,nan,nan,0.00
8/20/2026 18:47:58,1.17.3,LeftRight,57,3.67,nan,1,Right,Left,604,1710,330,284411497,nan,nan,0.14
8/20/2026 18:47:59,1.17.3,LeftRight,57,3.67,1,1,Pellet,Left,604,1710,331,284411497,0.41,58,nan
8/20/2026 18:49:39,1.17.3,LeftRight,57,3.67,nan,1,Left,Left,605,1710,331,284513439,nan,nan,0.00
8/20/2026 18:49:43,1.17.3,LeftRight,57,3.66,nan,1,RESET,Left,605,1710,331,284517053,nan,nan,nan
8/20/2026 18:49:43,1.17.3,LeftRight,57,3.67,nan,1,Right,Left,605,1711,331,284517343,nan,nan,0.00
8/20/2026 18:49:47,1.17.3,LeftRight,57,3.67,nan,1,Right,Left,605,1712,331,284521548,nan,nan,0.00
8/20/2026 18:49:49,1.17.3,LeftRight,57,3.67,nan,1,Right,Left,605,1713,331,284523385,nan,nan,0.00
8/20/2026 18:49:52,1.17.3,LeftRight,57,3.67,nan,1,Left,Left,606,1713,331,284526462,nan,nan,0.00
8/20/2026 18:49:55,1.17.3,LeftRight,57,3.67,nan,1,Right,Left,606,1714,331,284529490,nan,nan,0.00
8/20/2026 18:49:57,1.17.3,LeftRight,57,3.67,1,1,Pellet,Left,606,1714,332,284529490,0.47,118,nan
8/20/2026 18:50:20,1.17.3,LeftRight,57,3.67,nan,1,Left,Left,607,1714,332,284553894,nan,nan,0.00
8/20/2026 18:50:22,1.17.3,LeftRight,57,3.67,nan,1,Right,Left,607,1715,332,284556185,nan,nan,0.05
8/20/2026 18:50:25,1.17.3,LeftRight,57,3.67,2,1,Pellet,Left,607,1715,333,284556185,0.53,28,nan
8/20/2026 18:50:50,1.17.3,LeftRight,57,3.67,nan,1,Left,Left,608,1715,333,284584090,nan,nan,0.00
8/20/2026 18:50:53,1.17.3,LeftRight,57,3.67,nan,1,Right,Left,608,1716,333,284586966,nan,nan,0.02
8/20/2026 18:50:54,1.17.3,LeftRight,57,3.67,1,1,Pellet,Left,608,1716,334,284586966,0.29,29,nan
8/20/2026 19:03:02,1.17.3,LeftRight,57,3.66,nan,1,Left,Left,609,1716,334,285316706,nan,nan,0.00
8/20/2026 19:03:05,1.17.3,LeftRight,57,3.67,nan,1,Left,Left,610,1716,334,285319099,nan,nan,0.00
8/20/2026 19:03:08,1.17.3,LeftRight,57,3.67,nan,1,RESET,Left,610,1716,334,285322274,nan,nan,nan
8/20/2026 19:03:10,1.17.3,LeftRight,57,3.67,nan,1,Right,Left,610,1717,334,285323900,nan,nan,0.15
8/20/2026 19:03:13,1.17.3,LeftRight,57,3.67,nan,1,Right,Left,610,1718,334,285326774,nan,nan,0.00
8/20/2026 19:03:17,1.17.3,LeftRight,57,3.66,nan,1,Right,Left,610,1719,334,285330982,nan,nan,0.00
8/20/2026 19:03:18,1.17.3,LeftRight,57,3.67,nan,1,Right,Left,610,1720,334,285332666,nan,nan,0.07
8/20/2026 19:03:20,1.17.3,LeftRight,57,3.67,nan,1,Right,Left,610,1721,334,285334570,nan,nan,0.03
8/20/2026 19:03:22,1.17.3,LeftRight,57,3.67,nan,1,Right,Left,610,1722,334,285335992,nan,nan,0.09
8/20/2026 19:03:24,1.17.3,LeftRight,57,3.67,nan,1,Right,Left,610,1723,334,285337771,nan,nan,0.08
8/20/2026 19:03:26,1.17.3,LeftRight,57,3.67,nan,1,Left,Left,611,1723,334,285340393,nan,nan,0.00
8/20/2026 19:03:28,1.17.3,LeftRight,57,3.67,nan,1,Right,Left,611,1724,334,285341929,nan,nan,0.05
8/20/2026 19:03:29,1.17.3,LeftRight,57,3.67,1,1,Pellet,Left,611,1724,335,285341929,0.17,755,nan
8/20/2026 19:04:06,1.17.3,LeftRight,57,3.67,nan,1,Right,Left,611,1725,335,285380057,nan,nan,0.00
8/20/2026 19:04:08,1.17.3,LeftRight,57,3.67,nan,1,Right,Left,611,1726,335,285381889,nan,nan,0.02
8/20/2026 19:04:10,1.17.3,LeftRight,57,3.67,nan,1,Right,Left,611,1727,335,285384042,nan,nan,0.03
8/20/2026 19:04:13,1.17.3,LeftRight,57,3.67,nan,1,Left,Left,612,1727,335,285387411,nan,nan,0.00
8/20/2026 19:04:15,1.17.3,LeftRight,57,3.67,nan,1,Left,Left,613,1727,335,285388905,nan,nan,0.00
8/20/2026 19:04:18,1.17.3,LeftRight,57,3.67,nan,1,Right,Left,613,1728,335,285391932,nan,nan,0.00
8/20/2026 19:04:19,1.17.3,LeftRight,57,3.67,1,1,Pellet,Left,613,1728,336,285391932,0.23,50,nan
8/20/2026 19:04:48,1.17.3,LeftRight,57,3.67,nan,1,Left,Left,614,1728,336,285422735,nan,nan,0.00
8/20/2026 19:04:51,1.17.3,LeftRight,57,3.67,nan,1,Right,Left,614,1729,336,285425609,nan,nan,0.00
8/20/2026 19:04:52,1.17.3,LeftRight,57,3.67,1,1,Pellet,Left,614,1729,337,285425609,0.29,33,nan
8/20/2026 19:08:23,1.17.3,LeftRight,57,3.67,nan,1,Right,Left,614,1730,337,285636975,nan,nan,0.01
8/20/2026 19:08:24,1.17.3,LeftRight,57,3.67,nan,1,Right,Left,614,1731,337,285638520,nan,nan,0.05
8/20/2026 19:08:26,1.17.3,LeftRight,57,3.67,nan,1,Right,Left,614,1732,337,285640103,nan,nan,0.17
8/20/2026 19:08:28,1.17.3,LeftRight,57,3.66,nan,1,Right,Left,614,1733,337,285642555,nan,nan,0.14
8/20/2026 19:08:30,1.17.3,LeftRight,57,3.67,nan,1,Left,Left,615,1733,337,285644107,nan,nan,0.00
8/20/2026 19:08:31,1.17.3,LeftRight,57,3.67,nan,1,Right,Left,615,1734,337,285645496,nan,nan,0.00
8/20/2026 19:08:49,1.17.3,LeftRight,57,3.67,2,1,Pellet,Left,615,1734,338,285645496,14.58,237,nan
8/20/2026 19:10:33,1.17.3,LeftRight,57,3.67,nan,1,Right,Left,615,1735,338,285767371,nan,nan,0.00
8/20/2026 19:10:36,1.17.3,LeftRight,57,3.67,nan,1,Left,Left,616,1735,338,285769829,nan,nan,0.00
8/20/2026 19:10:36,1.17.3,LeftRight,57,3.67,nan,1,Right,Left,616,1736,338,285770624,nan,nan,0.02
8/20/2026 19:10:40,1.17.3,LeftRight,57,3.67,2,1,Pellet,Left,616,1736,339,285770624,0.65,111,nan
8/20/2026 19:10:53,1.17.3,LeftRight,57,3.67,nan,1,Right,Left,616,1737,339,285787639,nan,nan,0.00
8/20/2026 19:11:03,1.17.3,LeftRight,57,3.67,nan,1,Right,Left,616,1738,339,285797332,nan,nan,0.00
8/20/2026 19:11:05,1.17.3,LeftRight,57,3.67,nan,1,Right,Left,616,1739,339,285799314,nan,nan,0.19
8/20/2026 19:11:10,1.17.3,LeftRight,57,3.67,nan,1,Right,Left,616,1740,339,285803860,nan,nan,0.00
8/20/2026 19:11:12,1.17.3,LeftRight,57,3.67,nan,1,Right,Left,616,1741,339,285805840,nan,nan,0.07
8/20/2026 19:11:14,1.17.3,LeftRight,57,3.67,nan,1,Right,Left,616,1742,339,285808344,nan,nan,0.00
8/20/2026 19:11:15,1.17.3,LeftRight,57,3.67,nan,1,Right,Left,616,1743,339,285809286,nan,nan,0.05
8/20/2026 19:11:18,1.17.3,LeftRight,57,3.67,nan,1,Left,Left,617,1743,339,285812380,nan,nan,0.00
8/20/2026 19:11:19,1.17.3,LeftRight,57,3.67,nan,1,Right,Left,617,1744,339,285813174,nan,nan,0.00
8/20/2026 19:11:20,1.17.3,LeftRight,57,3.67,1,1,Pellet,Left,617,1744,340,285813174,0.29,40,nan
8/20/2026 19:11:38,1.17.3,LeftRight,57,3.67,nan,1,Right,Left,617,1745,340,285832348,nan,nan,0.12
8/20/2026 19:11:40,1.17.3,LeftRight,57,3.67,nan,1,Left,Left,618,1745,340,285834650,nan,nan,0.00
8/20/2026 19:11:44,1.17.3,LeftRight,57,3.67,nan,1,RESET,Left,618,1745,340,285838260,nan,nan,nan
8/20/2026 19:11:45,1.17.3,LeftRight,57,3.67,nan,1,Right,Left,618,1746,340,285839588,nan,nan,0.01
8/20/2026 19:11:48,1.17.3,LeftRight,57,3.67,nan,1,Left,Left,619,1746,340,285841816,nan,nan,0.00
8/20/2026 19:11:49,1.17.3,LeftRight,57,3.67,nan,1,Right,Left,619,1747,340,285843351,nan,nan,0.00
8/20/2026 19:11:50,1.17.3,LeftRight,57,3.67,2,1,Pellet,Left,619,1747,341,285843351,0.11,30,nan
8/20/2026 19:12:03,1.17.3,LeftRight,57,3.67,nan,1,Right,Left,619,1748,341,285857137,nan,nan,0.08
8/20/2026 19:12:06,1.17.3,LeftRight,57,3.67,nan,1,Right,Left,619,1749,341,285860086,nan,nan,0.09
8/20/2026 19:12:09,1.17.3,LeftRight,57,3.67,nan,1,Left,Left,620,1749,341,285862930,nan,nan,0.00
8/20/2026 19:12:10,1.17.3,LeftRight,57,3.67,nan,1,Right,Left,620,1750,341,285864318,nan,nan,0.01
8/20/2026 19:12:11,1.17.3,LeftRight,57,3.67,1,1,Pellet,Left,620,1750,342,285864318,0.29,21,nan
8/20/2026 19:16:13,1.17.3,LeftRight,57,3.67,nan,1,Right,Left,620,1751,342,286107290,nan,nan,0.10
8/20/2026 19:19:37,1.17.3,LeftRight,57,3.66,nan,1,Left,Left,621,1751,342,286310943,nan,nan,0.00
8/20/2026 19:19:40,1.17.3,LeftRight,57,3.67,nan,1,RESET,Left,621,1751,342,286314405,nan,nan,nan
8/20/2026 19:19:41,1.17.3,LeftRight,57,3.67,nan,1,Right,Left,621,1752,342,286314992,nan,nan,0.00
8/20/2026 19:19:42,1.17.3,LeftRight,57,3.67,nan,1,Right,Left,621,1753,342,286316238,nan,nan,0.00
8/20/2026 19:19:45,1.17.3,LeftRight,57,3.67,nan,1,Right,Left,621,1754,342,286318961,nan,nan,0.04
8/20/2026 19:19:51,1.17.3,LeftRight,57,3.67,nan,1,Right,Left,621,1755,342,286325278,nan,nan,0.01
8/20/2026 19:19:52,1.17.3,LeftRight,57,3.67,nan,1,Right,Left,621,1756,342,286326680,nan,nan,0.14
8/20/2026 19:19:54,1.17.3,LeftRight,57,3.67,nan,1,Left,Left,622,1756,342,286328238,nan,nan,0.00
8/20/2026 19:19:57,1.17.3,LeftRight,57,3.67,nan,1,RESET,Left,622,1756,342,286331267,nan,nan,nan
8/20/2026 19:19:57,1.17.3,LeftRight,57,3.67,nan,1,Right,Left,622,1757,342,286331409,nan,nan,0.00
8/20/2026 19:19:58,1.17.3,LeftRight,57,3.67,nan,1,Right,Left,622,1758,342,286332501,nan,nan,0.00
8/20/2026 19:20:00,1.17.3,LeftRight,57,3.67,nan,1,Right,Left,622,1759,342,286334198,nan,nan,0.14
8/20/2026 19:20:02,1.17.3,LeftRight,57,3.67,nan,1,Left,Left,623,1759,342,286335982,nan,nan,0.00
8/20/2026 19:20:03,1.17.3,LeftRight,57,3.67,nan,1,Right,Left,623,1760,342,286337520,nan,nan,0.08
8/20/2026 19:20:04,1.17.3,LeftRight,57,3.67,1,1,Pellet,Left,623,1760,343,286337520,0.29,473,nan
8/20/2026 19:20:17,1.17.3,LeftRight,57,3.67,nan,1,Left,Left,624,1760,343,286351298,nan,nan,0.00
8/20/2026 19:20:19,1.17.3,LeftRight,57,3.67,nan,1,Right,Left,624,1761,343,286353430,nan,nan,0.01
8/20/2026 19:20:20,1.17.3,LeftRight,57,3.67,1,1,Pellet,Left,624,1761,344,286353430,0.23,16,nan
8/20/2026 19:25:04,1.17.3,LeftRight,57,3.67,nan,1,Right,Left,624,1762,344,286638273,nan,nan,0.00
8/20/2026 19:25:05,1.17.3,LeftRight,57,3.67,nan,1,Right,Left,624,1763,344,286639520,nan,nan,0.18
8/20/2026 19:25:11,1.17.3,LeftRight,57,3.66,nan,1,Right,Left,624,1764,344,286645544,nan,nan,0.00
8/20/2026 19:25:13,1.17.3,LeftRight,57,3.67,nan,1,Left,Left,625,1764,344,286647527,nan,nan,0.00
8/20/2026 19:25:17,1.17.3,LeftRight,57,3.67,nan,1,RESET,Left,625,1764,344,286651441,nan,nan,nan
8/20/2026 19:25:18,1.17.3,LeftRight,57,3.67,nan,1,Right,Left,625,1765,344,286652326,nan,nan,0.05
8/20/2026 19:25:23,1.17.3,LeftRight,57,3.67,nan,1,Right,Left,625,1766,344,286657039,nan,nan,0.00
8/20/2026 19:25:25,1.17.3,LeftRight,57,3.67,nan,1,Right,Left,625,1767,344,286659172,nan,nan,0.00
8/20/2026 19:25:28,1.17.3,LeftRight,57,3.67,nan,1,Left,Left,626,1767,344,286661985,nan,nan,0.00
8/20/2026 19:25:29,1.17.3,LeftRight,57,3.67,nan,1,Right,Left,626,1768,344,286663226,nan,nan,0.00
8/20/2026 19:25:30,1.17.3,LeftRight,57,3.67,2,1,Pellet,Left,626,1768,345,286663226,0.11,310,nan
8/20/2026 19:25:56,1.17.3,LeftRight,57,3.65,nan,1,Left,Left,627,1768,345,286690514,nan,nan,0.00
8/20/2026 19:26:00,1.17.3,LeftRight,57,3.67,nan,1,RESET,Left,627,1768,345,286694430,nan,nan,nan
8/20/2026 19:26:00,1.17.3,LeftRight,57,3.65,nan,1,Right,Left,627,1769,345,286694572,nan,nan,0.08
8/20/2026 19:26:02,1.17.3,LeftRight,57,3.67,nan,1,Right,Left,627,1770,345,286696038,nan,nan,0.06
8/20/2026 19:26:04,1.17.3,LeftRight,57,3.67,nan,1,Right,Left,627,1771,345,286698527,nan,nan,0.08
8/20/2026 19:26:06,1.17.3,LeftRight,57,3.67,nan,1,Left,Left,628,1771,345,286700764,nan,nan,0.00
8/20/2026 19:26:07,1.17.3,LeftRight,57,3.67,nan,1,Right,Left,628,1772,345,286701853,nan,nan,0.00
8/20/2026 19:26:09,1.17.3,LeftRight,57,3.67,1,1,Pellet,Left,628,1772,346,286701853,0.41,38,nan
8/20/2026 19:27:34,1.17.3,LeftRight,57,3.67,nan,1,Left,Left,629,1772,346,286787977,nan,nan,0.00
8/20/2026 19:27:36,1.17.3,LeftRight,57,3.67,nan,1,Right,Left,629,1773,346,286790554,nan,nan,0.00
8/20/2026 19:27:37,1.17.3,LeftRight,57,3.67,1,1,Pellet,Left,629,1773,347,286790554,0.53,89,nan
8/20/2026 19:29:58,1.17.3,LeftRight,57,3.67,nan,1,Left,Left,630,1773,347,286932665,nan,nan,0.00
8/20/2026 19:30:02,1.17.3,LeftRight,57,3.67,nan,1,RESET,Left,630,1773,347,286936428,nan,nan,nan
8/20/2026 19:30:07,1.17.3,LeftRight,57,3.67,nan,1,Right,Left,630,1774,347,286941321,nan,nan,0.00
8/20/2026 19:30:09,1.17.3,LeftRight,57,3.67,nan,1,Right,Left,630,1775,347,286943006,nan,nan,0.00
8/20/2026 19:30:13,1.17.3,LeftRight,57,3.67,nan,1,Left,Left,631,1775,347,286947065,nan,nan,0.00
8/20/2026 19:30:16,1.17.3,LeftRight,57,3.67,nan,1,RESET,Left,631,1775,347,286950398,nan,nan,nan
8/20/2026 19:30:20,1.17.3,LeftRight,57,3.67,nan,1,Right,Left,631,1776,347,286954101,nan,nan,0.03
8/20/2026 19:30:23,1.17.3,LeftRight,57,3.67,nan,1,Right,Left,631,1777,347,286957147,nan,nan,0.00
8/20/2026 19:30:27,1.17.3,LeftRight,57,3.67,nan,1,Right,Left,631,1778,347,286961066,nan,nan,0.03
8/20/2026 19:30:29,1.17.3,LeftRight,57,3.67,nan,1,Left,Left,632,1778,347,286963669,nan,nan,0.00
8/20/2026 19:30:31,1.17.3,LeftRight,57,3.67,nan,1,Right,Left,632,1779,347,286965213,nan,nan,0.27
8/20/2026 19:30:32,1.17.3,LeftRight,57,3.67,2,1,Pellet,Left,632,1779,348,286965213,0.17,175,nan
8/20/2026 20:11:13,1.17.3,LeftRight,57,3.66,nan,1,Left,Left,633,1779,348,289408405,nan,nan,0.00
8/20/2026 20:11:17,1.17.3,LeftRight,57,3.66,nan,1,RESET,Left,633,1779,348,289411872,nan,nan,nan
8/20/2026 20:11:20,1.17.3,LeftRight,57,3.66,nan,1,Right,Left,633,1780,348,289414686,nan,nan,0.13
8/20/2026 20:11:22,1.17.3,LeftRight,57,3.67,nan,1,Right,Left,633,1781,348,289416809,nan,nan,0.38
8/20/2026 20:11:30,1.17.3,LeftRight,57,3.67,nan,1,Left,Left,634,1781,348,289425280,nan,nan,0.00
8/20/2026 20:11:33,1.17.3,LeftRight,57,3.66,nan,1,Right,Left,634,1782,348,289427706,nan,nan,0.01
8/20/2026 20:11:36,1.17.3,LeftRight,57,3.67,2,1,Pellet,Left,634,1782,349,289427706,0.47,2464,nan
8/20/2026 20:12:07,1.17.3,LeftRight,57,3.67,nan,1,Right,Left,634,1783,349,289461611,nan,nan,0.00
8/20/2026 20:12:08,1.17.3,LeftRight,57,3.67,nan,1,Right,Left,634,1784,349,289462703,nan,nan,0.13
8/20/2026 20:12:10,1.17.3,LeftRight,57,3.66,nan,1,Right,Left,634,1785,349,289464821,nan,nan,0.17
8/20/2026 20:12:12,1.17.3,LeftRight,57,3.66,nan,1,Right,Left,634,1786,349,289466378,nan,nan,0.08
8/20/2026 20:12:15,1.17.3,LeftRight,57,3.67,nan,1,Left,Left,635,1786,349,289469928,nan,nan,0.00
8/20/2026 20:12:18,1.17.3,LeftRight,57,3.67,nan,1,RESET,Left,635,1786,349,289472953,nan,nan,nan
8/20/2026 20:12:18,1.17.3,LeftRight,57,3.66,nan,1,Right,Left,635,1787,349,289473393,nan,nan,0.03
8/20/2026 20:12:20,1.17.3,LeftRight,57,3.67,nan,1,Right,Left,635,1788,349,289475264,nan,nan,0.05
8/20/2026 20:12:22,1.17.3,LeftRight,57,3.67,nan,1,Right,Left,635,1789,349,289476853,nan,nan,0.24
8/20/2026 20:12:23,1.17.3,LeftRight,57,3.66,nan,1,Right,Left,635,1790,349,289478041,nan,nan,0.10
8/20/2026 20:12:26,1.17.3,LeftRight,57,3.66,nan,1,Right,Left,635,1791,349,289480869,nan,nan,0.25
8/20/2026 20:12:28,1.17.3,LeftRight,57,3.66,nan,1,Left,Left,636,1791,349,289482574,nan,nan,0.00
8/20/2026 20:12:29,1.17.3,LeftRight,57,3.66,nan,1,Left,Left,637,1791,349,289483628,nan,nan,0.00
8/20/2026 20:12:32,1.17.3,LeftRight,57,3.67,nan,1,RESET,Left,637,1791,349,289486945,nan,nan,nan
8/20/2026 20:12:32,1.17.3,LeftRight,57,3.67,nan,1,Right,Left,637,1792,349,289487088,nan,nan,0.00
8/20/2026 20:12:34,1.17.3,LeftRight,57,3.67,nan,1,Right,Left,637,1793,349,289489071,nan,nan,0.19
8/20/2026 20:12:36,1.17.3,LeftRight,57,3.66,nan,1,Right,Left,637,1794,349,289490943,nan,nan,0.12
8/20/2026 20:12:38,1.17.3,LeftRight,57,3.67,nan,1,Right,Left,637,1795,349,289492751,nan,nan,0.25
8/20/2026 20:12:41,1.17.3,LeftRight,57,3.66,nan,1,Left,Left,638,1795,349,289495509,nan,nan,0.00
8/20/2026 20:12:42,1.17.3,LeftRight,57,3.67,nan,1,Left,Left,639,1795,349,289497447,nan,nan,0.00
8/20/2026 20:12:44,1.17.3,LeftRight,57,3.66,nan,1,Right,Left,639,1796,349,289498986,nan,nan,0.05
8/20/2026 20:12:45,1.17.3,LeftRight,57,3.67,1,1,Pellet,Left,639,1796,350,289498986,0.29,69,nan
8/20/2026 20:13:17,1.17.3,LeftRight,57,3.66,nan,1,Right,Left,639,1797,350,289531480,nan,nan,0.14
8/20/2026 20:13:19,1.17.3,LeftRight,57,3.66,nan,1,Left,Left,640,1797,350,289533761,nan,nan,0.00
8/20/2026 20:13:22,1.17.3,LeftRight,57,3.66,nan,1,RESET,Left,640,1797,350,289536933,nan,nan,nan
8/20/2026 20:13:22,1.17.3,LeftRight,57,3.66,nan,1,Right,Left,640,1798,350,289537224,nan,nan,0.00
8/20/2026 20:13:24,1.17.3,LeftRight,57,3.66,nan,1,Right,Left,640,1799,350,289539220,nan,nan,0.09
8/20/2026 20:13:36,1.17.3,LeftRight,57,3.67,nan,1,Left,Left,641,1799,350,289550539,nan,nan,0.00
8/20/2026 20:13:37,1.17.3,LeftRight,57,3.66,nan,1,Right,Left,641,1800,350,289551489,nan,nan,0.00
8/20/2026 20:13:41,1.17.3,LeftRight,57,3.67,2,1,Pellet,Left,641,1800,351,289551489,1.67,56,nan
8/20/2026 20:13:58,1.17.3,LeftRight,57,3.67,nan,1,Right,Left,641,1801,351,289572574,nan,nan,0.25
8/20/2026 20:14:00,1.17.3,LeftRight,57,3.66,nan,1,Right,Left,641,1802,351,289575097,nan,nan,0.09
8/20/2026 20:14:04,1.17.3,LeftRight,57,3.67,nan,1,Left,Left,642,1802,351,289578594,nan,nan,0.00
8/20/2026 20:14:06,1.17.3,LeftRight,57,3.67,nan,1,Left,Left,643,1802,351,289580623,nan,nan,0.00
8/20/2026 20:14:06,1.17.3,LeftRight,57,3.67,nan,1,Left,Left,644,1802,351,289581193,nan,nan,0.00
8/20/2026 20:14:08,1.17.3,LeftRight,57,3.66,nan,1,Right,Left,644,1803,351,289583325,nan,nan,0.00
8/20/2026 20:14:09,1.17.3,LeftRight,57,3.67,1,1,Pellet,Left,644,1803,352,289583325,0.35,28,nan
8/20/2026 20:14:35,1.17.3,LeftRight,57,3.66,nan,1,Left,Left,645,1803,352,289610068,nan,nan,0.00
8/20/2026 20:14:37,1.17.3,LeftRight,57,3.67,nan,1,Left,Left,646,1803,352,289612143,nan,nan,0.00
8/20/2026 20:14:41,1.17.3,LeftRight,57,3.66,nan,1,Right,Left,646,1804,352,289615770,nan,nan,0.05
8/20/2026 20:14:42,1.17.3,LeftRight,57,3.67,1,1,Pellet,Left,646,1804,353,289615770,0.29,33,nan
8/20/2026 20:15:06,1.17.3,LeftRight,57,3.66,nan,1,Left,Left,647,1804,353,289640703,nan,nan,0.00
8/20/2026 20:15:09,1.17.3,LeftRight,57,3.66,nan,1,RESET,Left,647,1804,353,289643876,nan,nan,nan
8/20/2026 20:15:10,1.17.3,LeftRight,57,3.66,nan,1,Right,Left,647,1805,353,289645207,nan,nan,0.16
8/20/2026 20:15:13,1.17.3,LeftRight,57,3.67,nan,1,Left,Left,648,1805,353,289647701,nan,nan,0.00
8/20/2026 20:15:16,1.17.3,LeftRight,57,3.66,nan,1,RESET,Left,648,1805,353,289650876,nan,nan,nan
8/20/2026 20:15:16,1.17.3,LeftRight,57,3.66,nan,1,Right,Left,648,1806,353,289651019,nan,nan,0.00
8/20/2026 20:15:18,1.17.3,LeftRight,57,3.67,nan,1,Right,Left,648,1807,353,289652559,nan,nan,0.02
8/20/2026 20:15:20,1.17.3,LeftRight,57,3.67,nan,1,Right,Left,648,1808,353,289654265,nan,nan,0.22
8/20/2026 20:15:22,1.17.3,LeftRight,57,3.66,nan,1,Left,Left,649,1808,353,289656744,nan,nan,0.00
8/20/2026 20:15:23,1.17.3,LeftRight,57,3.66,nan,1,Right,Left,649,1809,353,289657986,nan,nan,0.00
8/20/2026 20:15:24,1.17.3,LeftRight,57,3.67,2,1,Pellet,Left,649,1809,354,289657986,0.29,42,nan
8/20/2026 20:15:43,1.17.3,LeftRight,57,3.66,nan,1,Right,Left,649,1810,354,289677732,nan,nan,0.00
8/20/2026 20:15:45,1.17.3,LeftRight,57,3.66,nan,1,Left,Left,650,1810,354,289680259,nan,nan,0.00
8/20/2026 20:15:47,1.17.3,LeftRight,57,3.66,nan,1,Left,Left,651,1810,354,289681747,nan,nan,0.00
8/20/2026 20:15:49,1.17.3,LeftRight,57,3.67,nan,1,Right,Left,651,1811,354,289684472,nan,nan,0.00
8/20/2026 20:15:50,1.17.3,LeftRight,57,3.66,1,1,Pellet,Left,651,1811,355,289684472,0.29,26,nan
8/20/2026 20:16:09,1.17.3,LeftRight,57,3.66,nan,1,Left,Left,652,1811,355,289703639,nan,nan,0.00
8/20/2026 20:16:10,1.17.3,LeftRight,57,3.66,nan,1,Right,Left,652,1812,355,289705325,nan,nan,0.00
8/20/2026 20:16:11,1.17.3,LeftRight,57,3.67,2,1,Pellet,Left,652,1812,356,289705325,0.29,21,nan
8/20/2026 20:16:39,1.17.3,LeftRight,57,3.66,nan,1,Right,Left,652,1813,356,289733837,nan,nan,0.00
8/20/2026 20:16:41,1.17.3,LeftRight,57,3.67,nan,1,Right,Left,652,1814,356,289735971,nan,nan,0.02
8/20/2026 20:16:43,1.17.3,LeftRight,57,3.67,nan,1,Left,Left,653,1814,356,289737825,nan,nan,0.00
8/20/2026 20:16:45,1.17.3,LeftRight,57,3.66,nan,1,Right,Left,653,1815,356,289739958,nan,nan,0.05
8/20/2026 20:16:46,1.17.3,LeftRight,57,3.66,1,1,Pellet,Left,653,1815,357,289739958,0.17,35,nan
8/20/2026 20:17:15,1.17.3,LeftRight,57,3.66,nan,1,Left,Left,654,1815,357,289769811,nan,nan,0.00
8/20/2026 20:17:17,1.17.3,LeftRight,57,3.66,nan,1,Right,Left,654,1816,357,289771645,nan,nan,0.00
8/20/2026 20:17:18,1.17.3,LeftRight,57,3.67,1,1,Pellet,Left,654,1816,358,289771645,0.47,32,nan
8/20/2026 20:17:33,1.17.3,LeftRight,57,3.66,nan,1,Right,Left,654,1817,358,289788021,nan,nan,0.01
8/20/2026 20:17:35,1.17.3,LeftRight,57,3.67,nan,1,Left,Left,655,1817,358,289789664,nan,nan,0.00
8/20/2026 20:17:36,1.17.3,LeftRight,57,3.66,nan,1,Left,Left,656,1817,358,289790567,nan,nan,0.00
8/20/2026 20:17:37,1.17.3,LeftRight,57,3.66,nan,1,Right,Left,656,1818,358,289791808,nan,nan,0.01
8/20/2026 20:17:43,1.17.3,LeftRight,57,3.66,2,1,Pellet,Left,656,1818,359,289791808,3.65,25,nan
8/20/2026 20:18:03,1.17.3,LeftRight,57,3.66,nan,1,Left,Left,657,1818,359,289817931,nan,nan,0.00
8/20/2026 20:18:05,1.17.3,LeftRight,57,3.66,nan,1,Right,Left,657,1819,359,289819618,nan,nan,0.00
8/20/2026 20:18:06,1.17.3,LeftRight,57,3.67,1,1,Pellet,Left,657,1819,360,289819618,0.23,23,nan
8/20/2026 20:18:38,1.17.3,LeftRight,57,3.67,nan,1,Right,Left,657,1820,360,289853370,nan,nan,0.05
8/20/2026 20:18:40,1.17.3,LeftRight,57,3.67,nan,1,Right,Left,657,1821,360,289855257,nan,nan,0.07
8/20/2026 20:18:42,1.17.3,LeftRight,57,3.66,nan,1,Right,Left,657,1822,360,289856865,nan,nan,0.02
8/20/2026 20:18:43,1.17.3,LeftRight,57,3.67,nan,1,Right,Left,657,1823,360,289857986,nan,nan,0.11
8/20/2026 20:18:46,1.17.3,LeftRight,57,3.66,nan,1,Right,Left,657,1824,360,289860532,nan,nan,0.00
8/20/2026 20:18:48,1.17.3,LeftRight,57,3.66,nan,1,Right,Left,657,1825,360,289863267,nan,nan,0.03
8/20/2026 20:18:50,1.17.3,LeftRight,57,3.67,nan,1,Right,Left,657,1826,360,289865286,nan,nan,0.00
8/20/2026 20:18:52,1.17.3,LeftRight,57,3.67,nan,1,Left,Left,658,1826,360,289867152,nan,nan,0.00
8/20/2026 20:18:56,1.17.3,LeftRight,57,3.66,nan,1,RESET,Left,658,1826,360,289870926,nan,nan,nan
8/20/2026 20:18:58,1.17.3,LeftRight,57,3.66,nan,1,Left,Left,659,1826,360,289872568,nan,nan,0.00
8/20/2026 20:19:00,1.17.3,LeftRight,57,3.66,nan,1,Right,Left,659,1827,360,289875157,nan,nan,0.15
8/20/2026 20:19:01,1.17.3,LeftRight,57,3.66,2,1,Pellet,Left,659,1827,361,289875157,0.06,55,nan
8/20/2026 20:21:32,1.17.3,LeftRight,57,3.67,nan,1,Left,Left,660,1827,361,290027515,nan,nan,0.00
8/20/2026 20:21:36,1.17.3,LeftRight,57,3.66,nan,1,RESET,Left,660,1827,361,290030986,nan,nan,nan
8/20/2026 20:32:38,1.17.3,LeftRight,57,3.67,nan,1,Left,Left,661,1827,361,290692951,nan,nan,0.00
8/20/2026 20:32:41,1.17.3,LeftRight,57,3.67,nan,1,RESET,Left,661,1827,361,290696131,nan,nan,nan
8/20/2026 20:32:42,1.17.3,LeftRight,57,3.66,nan,1,Right,Left,661,1828,361,290697313,nan,nan,0.00
8/20/2026 20:32:47,1.17.3,LeftRight,57,3.66,nan,1,Right,Left,661,1829,361,290701976,nan,nan,0.01
8/20/2026 20:32:49,1.17.3,LeftRight,57,3.66,nan,1,Right,Left,661,1830,361,290703677,nan,nan,0.15
8/20/2026 20:32:51,1.17.3,LeftRight,57,3.66,nan,1,Right,Left,661,1831,361,290705660,nan,nan,0.10
8/20/2026 20:32:55,1.17.3,LeftRight,57,3.66,nan,1,Right,Left,661,1832,361,290709983,nan,nan,0.00
8/20/2026 20:32:57,1.17.3,LeftRight,57,3.66,nan,1,Right,Left,661,1833,361,290711671,nan,nan,0.03
8/20/2026 20:32:59,1.17.3,LeftRight,57,3.66,nan,1,Left,Left,662,1833,361,290714035,nan,nan,0.00
8/20/2026 20:33:00,1.17.3,LeftRight,57,3.66,nan,1,Right,Left,662,1834,361,290714980,nan,nan,0.05
8/20/2026 20:33:04,1.17.3,LeftRight,57,3.67,1,1,Pellet,Left,662,1834,362,290714980,3.17,843,nan
8/20/2026 20:33:22,1.17.3,LeftRight,57,3.66,nan,1,Right,Left,662,1835,362,290736745,nan,nan,0.08
8/20/2026 20:33:24,1.17.3,LeftRight,57,3.67,nan,1,Left,Left,663,1835,362,290738775,nan,nan,0.00
8/20/2026 20:33:25,1.17.3,LeftRight,57,3.66,nan,1,Right,Left,663,1836,362,290740167,nan,nan,0.02
8/20/2026 20:33:26,1.17.3,LeftRight,57,3.67,1,1,Pellet,Left,663,1836,363,290740167,0.41,22,nan
8/20/2026 20:33:37,1.17.3,LeftRight,57,3.66,nan,1,Left,Left,664,1836,363,290751718,nan,nan,0.00
8/20/2026 20:33:40,1.17.3,LeftRight,57,3.67,nan,1,RESET,Left,664,1836,363,290755045,nan,nan,nan
8/20/2026 20:33:43,1.17.3,LeftRight,57,3.66,nan,1,Left,Left,665,1836,363,290758436,nan,nan,0.00
8/20/2026 20:33:46,1.17.3,LeftRight,57,3.66,nan,1,Right,Left,665,1837,363,290760573,nan,nan,0.21
8/20/2026 20:33:47,1.17.3,LeftRight,57,3.66,1,1,Pellet,Left,665,1837,364,290760573,0.30,21,nan
8/20/2026 20:34:24,1.17.3,LeftRight,57,3.66,nan,1,Right,Left,665,1838,364,290798711,nan,nan,0.03
8/20/2026 20:41:06,1.17.3,LeftRight,57,3.66,nan,1,Right,Left,665,1839,364,291201263,nan,nan,0.00
8/20/2026 20:41:07,1.17.3,LeftRight,57,3.66,nan,1,Right,Left,665,1840,364,291202511,nan,nan,0.00
8/20/2026 20:41:10,1.17.3,LeftRight,57,3.66,nan,1,Right,Left,665,1841,364,291205388,nan,nan,0.03
8/20/2026 20:41:13,1.17.3,LeftRight,57,3.66,nan,1,Right,Left,665,1842,364,291207703,nan,nan,0.07
8/20/2026 20:41:15,1.17.3,LeftRight,57,3.66,nan,1,Left,Left,666,1842,364,291210145,nan,nan,0.00
8/20/2026 20:41:16,1.17.3,LeftRight,57,3.67,nan,1,Right,Left,666,1843,364,291211238,nan,nan,0.03
8/20/2026 20:41:17,1.17.3,LeftRight,57,3.66,1,1,Pellet,Left,666,1843,365,291211238,0.17,450,nan
8/20/2026 20:41:43,1.17.3,LeftRight,57,3.66,nan,1,Left,Left,667,1843,365,291238117,nan,nan,0.00
8/20/2026 20:41:47,1.17.3,LeftRight,57,3.66,nan,1,RESET,Left,667,1843,365,291242183,nan,nan,nan
8/20/2026 20:41:47,1.17.3,LeftRight,57,3.66,nan,1,Right,Left,667,1844,365,291242325,nan,nan,0.06
8/20/2026 20:41:50,1.17.3,LeftRight,57,3.67,nan,1,Left,Left,668,1844,365,291245287,nan,nan,0.00
8/20/2026 20:41:52,1.17.3,LeftRight,57,3.66,nan,1,Right,Left,668,1845,365,291247123,nan,nan,0.02
8/20/2026 20:41:53,1.17.3,LeftRight,57,3.67,1,1,Pellet,Left,668,1845,366,291247123,0.29,36,nan
8/20/2026 20:42:16,1.17.3,LeftRight,57,3.66,nan,1,Left,Left,669,1845,366,291271495,nan,nan,0.00
8/20/2026 20:42:18,1.17.3,LeftRight,57,3.66,nan,1,Left,Left,670,1845,366,291272883,nan,nan,0.00
8/20/2026 20:42:19,1.17.3,LeftRight,57,3.66,nan,1,Right,Left,670,1846,366,291274125,nan,nan,0.00
8/20/2026 20:42:22,1.17.3,LeftRight,57,3.66,2,1,Pellet,Left,670,1846,367,291274125,0.77,29,nan
8/20/2026 20:49:16,1.17.3,LeftRight,57,3.65,nan,1,Right,Left,670,1847,367,291691515,nan,nan,0.00
8/20/2026 20:49:18,1.17.3,LeftRight,57,3.66,nan,1,Left,Left,671,1847,367,291692912,nan,nan,0.00
8/20/2026 20:49:19,1.17.3,LeftRight,57,3.66,nan,1,Right,Left,671,1848,367,291694598,nan,nan,0.00
8/20/2026 20:49:20,1.17.3,LeftRight,57,3.66,1,1,Pellet,Left,671,1848,368,291694598,0.35,418,nan
8/20/2026 20:49:46,1.17.3,LeftRight,57,3.66,nan,1,Right,Left,671,1849,368,291721245,nan,nan,0.00
8/20/2026 20:49:50,1.17.3,LeftRight,57,3.66,nan,1,Left,Left,672,1849,368,291724899,nan,nan,0.00
8/20/2026 20:49:53,1.17.3,LeftRight,57,3.66,nan,1,RESET,Left,672,1849,368,291728235,nan,nan,nan
8/20/2026 20:49:53,1.17.3,LeftRight,57,3.66,nan,1,Right,Left,672,1850,368,291728378,nan,nan,0.00
8/20/2026 20:49:54,1.17.3,LeftRight,57,3.66,nan,1,Right,Left,672,1851,368,291729620,nan,nan,0.00
8/20/2026 20:49:57,1.17.3,LeftRight,57,3.66,nan,1,Right,Left,672,1852,368,291731903,nan,nan,0.14
8/20/2026 20:49:59,1.17.3,LeftRight,57,3.65,nan,1,Right,Left,672,1853,368,291734477,nan,nan,0.04
8/20/2026 20:50:02,1.17.3,LeftRight,57,3.64,nan,1,Right,Left,672,1854,368,291736956,nan,nan,0.03
8/20/2026 20:50:06,1.17.3,LeftRight,57,3.64,nan,1,Right,Left,672,1855,368,291741058,nan,nan,0.02
8/20/2026 20:50:08,1.17.3,LeftRight,57,3.64,nan,1,Right,Left,672,1856,368,291742618,nan,nan,0.21
8/20/2026 20:50:09,1.17.3,LeftRight,57,3.64,nan,1,Right,Left,672,1857,368,291744067,nan,nan,0.07
8/20/2026 20:50:10,1.17.3,LeftRight,57,3.66,nan,1,Right,Left,672,1858,368,291745531,nan,nan,0.06
8/20/2026 20:50:13,1.17.3,LeftRight,57,3.66,nan,1,Right,Left,672,1859,368,291748333,nan,nan,0.00
8/20/2026 20:50:16,1.17.3,LeftRight,57,3.66,nan,1,Right,Left,672,1860,368,291750916,nan,nan,0.10
8/20/2026 20:50:18,1.17.3,LeftRight,57,3.66,nan,1,Left,Left,673,1860,368,291752814,nan,nan,0.00
8/20/2026 20:50:19,1.17.3,LeftRight,57,3.65,nan,1,Right,Left,673,1861,368,291754355,nan,nan,0.00
8/20/2026 20:50:22,1.17.3,LeftRight,57,3.66,2,1,Pellet,Left,673,1861,369,291754355,0.53,62,nan
8/20/2026 20:50:33,1.17.3,LeftRight,57,3.66,nan,1,Right,Left,673,1862,369,291767789,nan,nan,0.02
8/20/2026 20:50:36,1.17.3,LeftRight,57,3.66,nan,1,Left,Left,674,1862,369,291771640,nan,nan,0.00
8/20/2026 20:50:40,1.17.3,LeftRight,57,3.66,nan,1,RESET,Left,674,1862,369,291775264,nan,nan,nan
8/20/2026 20:50:41,1.17.3,LeftRight,57,3.66,nan,1,Right,Left,674,1863,369,291776448,nan,nan,0.04
8/20/2026 20:50:42,1.17.3,LeftRight,57,3.65,nan,1,Right,Left,674,1864,369,291777433,nan,nan,0.29
8/20/2026 20:50:49,1.17.3,LeftRight,57,3.67,nan,1,Right,Left,674,1865,369,291784176,nan,nan,0.00
8/20/2026 20:50:51,1.17.3,LeftRight,57,3.66,nan,1,Right,Left,674,1866,369,291786464,nan,nan,0.04
8/20/2026 20:50:54,1.17.3,LeftRight,57,3.66,nan,1,Left,Left,675,1866,369,291789112,nan,nan,0.00
8/20/2026 20:50:57,1.17.3,LeftRight,57,3.66,nan,1,RESET,Left,675,1866,369,291792291,nan,nan,nan
8/20/2026 20:50:59,1.17.3,LeftRight,57,3.66,nan,1,Left,Left,676,1866,369,291794766,nan,nan,0.00
8/20/2026 20:51:01,1.17.3,LeftRight,57,3.67,nan,1,Right,Left,676,1867,369,291795867,nan,nan,0.00
8/20/2026 20:51:02,1.17.3,LeftRight,57,3.66,2,1,Pellet,Left,676,1867,370,291795867,0.23,40,nan
8/20/2026 20:51:23,1.17.3,LeftRight,57,3.66,nan,1,Left,Left,677,1867,370,291818637,nan,nan,0.00
8/20/2026 20:51:27,1.17.3,LeftRight,57,3.66,nan,1,RESET,Left,677,1867,370,291822264,nan,nan,nan
8/20/2026 20:51:27,1.17.3,LeftRight,57,3.66,nan,1,Right,Left,677,1868,370,291822406,nan,nan,0.00
8/20/2026 20:51:31,1.17.3,LeftRight,57,3.66,nan,1,Right,Left,677,1869,370,291826323,nan,nan,0.04
8/20/2026 20:51:33,1.17.3,LeftRight,57,3.66,nan,1,Right,Left,677,1870,370,291828204,nan,nan,0.01
8/20/2026 20:51:36,1.17.3,LeftRight,57,3.66,nan,1,Left,Left,678,1870,370,291831675,nan,nan,0.00
8/20/2026 20:51:40,1.17.3,LeftRight,57,3.66,nan,1,RESET,Left,678,1870,370,291835294,nan,nan,nan
8/20/2026 20:51:40,1.17.3,LeftRight,57,3.66,nan,1,Right,Left,678,1871,370,291835436,nan,nan,0.00
8/20/2026 20:51:43,1.17.3,LeftRight,57,3.66,nan,1,Right,Left,678,1872,370,291837865,nan,nan,0.06
8/20/2026 20:51:46,1.17.3,LeftRight,57,3.66,nan,1,Right,Left,678,1873,370,291841266,nan,nan,0.00
8/20/2026 20:51:49,1.17.3,LeftRight,57,3.66,nan,1,Right,Left,678,1874,370,291844141,nan,nan,0.00
8/20/2026 21:07:10,1.17.3,LeftRight,57,3.65,nan,1,Left,Left,679,1874,370,292765377,nan,nan,0.00
8/20/2026 21:07:14,1.17.3,LeftRight,57,3.66,nan,1,RESET,Left,679,1874,370,292769437,nan,nan,nan
8/20/2026 21:07:16,1.17.3,LeftRight,57,3.66,nan,1,Right,Left,679,1875,370,292771064,nan,nan,0.07
8/20/2026 21:07:21,1.17.3,LeftRight,57,3.66,nan,1,Right,Left,679,1876,370,292776687,nan,nan,0.00
8/20/2026 21:07:23,1.17.3,LeftRight,57,3.66,nan,1,Right,Left,679,1877,370,292778373,nan,nan,0.03
8/20/2026 21:07:31,1.17.3,LeftRight,57,3.66,nan,1,Right,Left,679,1878,370,292786169,nan,nan,0.13
8/20/2026 21:07:36,1.17.3,LeftRight,57,3.66,nan,1,Right,Left,679,1879,370,292790952,nan,nan,0.00
8/20/2026 21:07:37,1.17.3,LeftRight,57,3.66,nan,1,Right,Left,679,1880,370,292792637,nan,nan,0.09
8/20/2026 21:07:40,1.17.3,LeftRight,57,3.65,nan,1,Left,Left,680,1880,370,292795120,nan,nan,0.00
8/20/2026 21:07:41,1.17.3,LeftRight,57,3.66,nan,1,Right,Left,680,1881,370,292796659,nan,nan,0.09
8/20/2026 21:07:42,1.17.3,LeftRight,57,3.66,1,1,Pellet,Left,680,1881,371,292796659,0.41,1000,nan
8/20/2026 21:09:20,1.17.3,LeftRight,57,3.66,nan,1,Right,Left,680,1882,371,292895306,nan,nan,0.00
8/20/2026 21:09:21,1.17.3,LeftRight,57,3.66,nan,1,Left,Left,681,1882,371,292896250,nan,nan,0.00
8/20/2026 21:09:24,1.17.3,LeftRight,57,3.66,nan,1,RESET,Left,681,1882,371,292899422,nan,nan,nan
8/20/2026 21:09:29,1.17.3,LeftRight,57,3.66,nan,1,Right,Left,681,1883,371,292904176,nan,nan,0.00
8/20/2026 21:09:30,1.17.3,LeftRight,57,3.66,nan,1,Right,Left,681,1884,371,292905862,nan,nan,0.09
8/20/2026 21:09:37,1.17.3,LeftRight,57,3.66,nan,1,Right,Left,681,1885,371,292912241,nan,nan,0.08
8/20/2026 21:09:41,1.17.3,LeftRight,57,3.66,nan,1,Left,Left,682,1885,371,292916412,nan,nan,0.00
8/20/2026 21:09:43,1.17.3,LeftRight,57,3.66,nan,1,Right,Left,682,1886,371,292918843,nan,nan,0.00
8/20/2026 21:09:47,1.17.3,LeftRight,57,3.66,2,1,Pellet,Left,682,1886,372,292918843,0.35,125,nan
8/20/2026 21:12:18,1.17.3,LeftRight,57,3.66,nan,1,Left,Left,683,1886,372,293073811,nan,nan,0.00
8/20/2026 21:12:22,1.17.3,LeftRight,57,3.66,nan,1,RESET,Left,683,1886,372,293077431,nan,nan,nan
8/20/2026 21:12:23,1.17.3,LeftRight,57,3.66,nan,1,Right,Left,683,1887,372,293078466,nan,nan,0.00
8/20/2026 21:12:25,1.17.3,LeftRight,57,3.66,nan,1,Right,Left,683,1888,372,293080004,nan,nan,0.11
8/20/2026 21:12:30,1.17.3,LeftRight,57,3.66,nan,1,Right,Left,683,1889,372,293085673,nan,nan,0.07
8/20/2026 21:12:32,1.17.3,LeftRight,57,3.66,nan,1,Right,Left,683,1890,372,293087872,nan,nan,0.00
8/20/2026 21:12:35,1.17.3,LeftRight,57,3.66,nan,1,Left,Left,684,1890,372,293090024,nan,nan,0.00
8/20/2026 21:12:36,1.17.3,LeftRight,57,3.66,nan,1,Right,Left,684,1891,372,293091711,nan,nan,0.00
8/20/2026 21:12:37,1.17.3,LeftRight,57,3.66,1,1,Pellet,Left,684,1891,373,293091711,0.41,170,nan
8/20/2026 21:13:21,1.17.3,LeftRight,57,3.66,nan,1,Right,Left,684,1892,373,293136865,nan,nan,0.11
8/20/2026 21:13:25,1.17.3,LeftRight,57,3.66,nan,1,Left,Left,685,1892,373,293140336,nan,nan,0.00
8/20/2026 21:13:28,1.17.3,LeftRight,57,3.66,nan,1,RESET,Left,685,1892,373,293143509,nan,nan,nan
8/20/2026 21:13:28,1.17.3,LeftRight,57,3.65,nan,1,Right,Left,685,1893,373,293143662,nan,nan,0.00
8/20/2026 21:13:30,1.17.3,LeftRight,57,3.66,nan,1,Right,Left,685,1894,373,293145200,nan,nan,0.00
8/20/2026 21:13:32,1.17.3,LeftRight,57,3.66,nan,1,Right,Left,685,1895,373,293147333,nan,nan,0.08
8/20/2026 21:13:35,1.17.3,LeftRight,57,3.66,nan,1,Left,Left,686,1895,373,293150012,nan,nan,0.00
8/20/2026 21:13:37,1.17.3,LeftRight,57,3.66,nan,1,Right,Left,686,1896,373,293152888,nan,nan,0.06
8/20/2026 21:13:38,1.17.3,LeftRight,57,3.66,1,1,Pellet,Left,686,1896,374,293152888,0.29,61,nan
8/20/2026 21:25:10,1.17.3,LeftRight,57,3.66,nan,1,Right,Left,686,1897,374,293845969,nan,nan,0.00
8/20/2026 21:25:16,1.17.3,LeftRight,57,3.65,nan,1,Right,Left,686,1898,374,293851819,nan,nan,0.04
8/20/2026 21:25:19,1.17.3,LeftRight,57,3.66,nan,1,Right,Left,686,1899,374,293854444,nan,nan,0.14
8/20/2026 21:25:22,1.17.3,LeftRight,57,3.65,nan,1,Right,Left,686,1900,374,293857463,nan,nan,0.02
8/20/2026 21:25:25,1.17.3,LeftRight,57,3.66,nan,1,Left,Left,687,1900,374,293860415,nan,nan,0.00
8/20/2026 21:25:28,1.17.3,LeftRight,57,3.66,nan,1,RESET,Left,687,1900,374,293863587,nan,nan,nan
8/20/2026 21:25:28,1.17.3,LeftRight,57,3.66,nan,1,Right,Left,687,1901,374,293864027,nan,nan,0.01
8/20/2026 21:25:31,1.17.3,LeftRight,57,3.66,nan,1,Right,Left,687,1902,374,293866473,nan,nan,0.00
8/20/2026 21:25:33,1.17.3,LeftRight,57,3.66,nan,1,Right,Left,687,1903,374,293868159,nan,nan,0.19
8/20/2026 21:25:36,1.17.3,LeftRight,57,3.65,nan,1,Left,Left,688,1903,374,293871641,nan,nan,0.00
8/20/2026 21:25:39,1.17.3,LeftRight,57,3.66,nan,1,Right,Left,688,1904,374,293874221,nan,nan,0.03
8/20/2026 21:25:40,1.17.3,LeftRight,57,3.65,2,1,Pellet,Left,688,1904,375,293874221,0.89,722,nan
8/20/2026 21:26:08,1.17.3,LeftRight,57,3.65,nan,1,Right,Left,688,1905,375,293903807,nan,nan,0.00
8/20/2026 21:26:12,1.17.3,LeftRight,57,3.66,nan,1,Left,Left,689,1905,375,293907318,nan,nan,0.00
8/20/2026 21:26:15,1.17.3,LeftRight,57,3.65,nan,1,RESET,Left,689,1905,375,293910642,nan,nan,nan
8/20/2026 21:26:16,1.17.3,LeftRight,57,3.65,nan,1,Right,Left,689,1906,375,293911528,nan,nan,0.26
8/20/2026 21:26:23,1.17.3,LeftRight,57,3.65,nan,1,Right,Left,689,1907,375,293918532,nan,nan,0.04
8/20/2026 21:26:24,1.17.3,LeftRight,57,3.66,nan,1,Left,Left,690,1907,375,293919854,nan,nan,0.00
8/20/2026 21:26:27,1.17.3,LeftRight,57,3.66,nan,1,Right,Left,690,1908,375,293923033,nan,nan,0.02
8/20/2026 21:26:28,1.17.3,LeftRight,57,3.66,1,1,Pellet,Left,690,1908,376,293923033,0.23,48,nan
8/20/2026 21:26:57,1.17.3,LeftRight,57,3.66,nan,1,Left,Left,691,1908,376,293952432,nan,nan,0.00
8/20/2026 21:27:00,1.17.3,LeftRight,57,3.65,nan,1,RESET,Left,691,1908,376,293955605,nan,nan,nan
8/20/2026 21:27:03,1.17.3,LeftRight,57,3.66,nan,1,Right,Left,691,1909,376,293958719,nan,nan,0.02
8/20/2026 21:27:06,1.17.3,LeftRight,57,3.66,nan,1,Right,Left,691,1910,376,293961320,nan,nan,0.00
8/20/2026 21:27:07,1.17.3,LeftRight,57,3.66,nan,1,Right,Left,691,1911,376,293962262,nan,nan,0.11
8/20/2026 21:27:09,1.17.3,LeftRight,57,3.66,nan,1,Right,Left,691,1912,376,293964199,nan,nan,0.00
8/20/2026 21:27:11,1.17.3,LeftRight,57,3.65,nan,1,Right,Left,691,1913,376,293966329,nan,nan,0.02
8/20/2026 21:27:13,1.17.3,LeftRight,57,3.66,nan,1,Right,Left,691,1914,376,293968920,nan,nan,0.00
8/20/2026 21:27:15,1.17.3,LeftRight,57,3.66,nan,1,Right,Left,691,1915,376,293970611,nan,nan,0.10
8/20/2026 21:27:18,1.17.3,LeftRight,57,3.66,nan,1,Right,Left,691,1916,376,293973735,nan,nan,0.02
8/20/2026 21:27:20,1.17.3,LeftRight,57,3.66,nan,1,Right,Left,691,1917,376,293975737,nan,nan,0.04
8/20/2026 21:27:24,1.17.3,LeftRight,57,3.66,nan,1,Right,Left,691,1918,376,293978947,nan,nan,0.22
8/20/2026 21:27:25,1.17.3,LeftRight,57,3.65,nan,1,Left,Left,692,1918,376,293980480,nan,nan,0.00
8/20/2026 21:27:26,1.17.3,LeftRight,57,3.65,nan,1,Right,Left,692,1919,376,293981590,nan,nan,0.03
8/20/2026 21:27:27,1.17.3,LeftRight,57,3.66,2,1,Pellet,Left,692,1919,377,293981590,0.06,59,nan
8/20/2026 21:28:06,1.17.3,LeftRight,57,3.65,nan,1,Left,Left,693,1919,377,294021668,nan,nan,0.00
8/20/2026 21:28:08,1.17.3,LeftRight,57,3.65,nan,1,Right,Left,693,1920,377,294023205,nan,nan,0.00
8/20/2026 21:28:09,1.17.3,LeftRight,57,3.66,1,1,Pellet,Left,693,1920,378,294023205,0.17,41,nan
8/20/2026 21:29:05,1.17.3,LeftRight,57,3.66,nan,1,Left,Left,694,1920,378,294081065,nan,nan,0.00
8/20/2026 21:29:07,1.17.3,LeftRight,57,3.66,nan,1,Right,Left,694,1921,378,294082907,nan,nan,0.00
8/20/2026 21:29:08,1.17.3,LeftRight,57,3.65,1,1,Pellet,Left,694,1921,379,294082907,0.23,60,nan
8/20/2026 21:33:40,1.17.3,LeftRight,57,3.66,nan,1,Right,Left,694,1922,379,294355832,nan,nan,0.00
8/20/2026 21:33:42,1.17.3,LeftRight,57,3.65,nan,1,Right,Left,694,1923,379,294357819,nan,nan,0.07
8/20/2026 21:33:48,1.17.3,LeftRight,57,3.66,nan,1,Right,Left,694,1924,379,294363293,nan,nan,0.03
8/20/2026 21:33:52,1.17.3,LeftRight,57,3.66,nan,1,Right,Left,694,1925,379,294367244,nan,nan,0.06
8/20/2026 21:33:54,1.17.3,LeftRight,57,3.65,nan,1,Right,Left,694,1926,379,294369287,nan,nan,0.00
8/20/2026 21:33:58,1.17.3,LeftRight,57,3.66,nan,1,Right,Left,694,1927,379,294373649,nan,nan,0.07
8/20/2026 21:34:00,1.17.3,LeftRight,57,3.66,nan,1,Left,Left,695,1927,379,294375521,nan,nan,0.00
8/20/2026 21:34:03,1.17.3,LeftRight,57,3.66,nan,1,RESET,Left,695,1927,379,294378693,nan,nan,nan
8/20/2026 21:34:05,1.17.3,LeftRight,57,3.65,nan,1,Right,Left,695,1928,379,294380476,nan,nan,0.02
8/20/2026 21:42:03,1.17.3,LeftRight,57,3.65,nan,1,Left,Left,696,1928,379,294858618,nan,nan,0.00
8/20/2026 21:42:06,1.17.3,LeftRight,57,3.66,nan,1,RESET,Left,696,1928,379,294861792,nan,nan,nan
8/20/2026 21:42:10,1.17.3,LeftRight,57,3.66,nan,1,Left,Left,697,1928,379,294865382,nan,nan,0.00
8/20/2026 21:42:13,1.17.3,LeftRight,57,3.65,nan,1,RESET,Left,697,1928,379,294868703,nan,nan,nan
8/20/2026 21:42:13,1.17.3,LeftRight,57,3.65,nan,1,Right,Left,697,1929,379,294869001,nan,nan,0.06
8/20/2026 21:42:17,1.17.3,LeftRight,57,3.65,nan,1,Right,Left,697,1930,379,294872676,nan,nan,0.00
8/20/2026 21:42:19,1.17.3,LeftRight,57,3.66,nan,1,Right,Left,697,1931,379,294874363,nan,nan,0.00
8/20/2026 21:42:20,1.17.3,LeftRight,57,3.65,nan,1,Left,Left,698,1931,379,294876285,nan,nan,0.00
8/20/2026 21:42:24,1.17.3,LeftRight,57,3.66,nan,1,Right,Left,698,1932,379,294879605,nan,nan,0.08
8/20/2026 21:42:28,1.17.3,LeftRight,57,3.65,2,1,Pellet,Left,698,1932,380,294879605,1.55,800,nan
8/20/2026 21:42:58,1.17.3,LeftRight,57,3.66,nan,1,Right,Left,698,1933,380,294914113,nan,nan,0.12
8/20/2026 21:43:00,1.17.3,LeftRight,57,3.66,nan,1,Right,Left,698,1934,380,294915478,nan,nan,0.15
8/20/2026 21:43:03,1.17.3,LeftRight,57,3.65,nan,1,Right,Left,698,1935,380,294918352,nan,nan,0.00
8/20/2026 21:43:07,1.17.3,LeftRight,57,3.66,nan,1,Right,Left,698,1936,380,294922420,nan,nan,0.01
8/20/2026 21:43:09,1.17.3,LeftRight,57,3.65,nan,1,Right,Left,698,1937,380,294924569,nan,nan,0.10
8/20/2026 21:43:10,1.17.3,LeftRight,57,3.65,nan,1,Right,Left,698,1938,380,294926069,nan,nan,0.01
8/20/2026 21:43:13,1.17.3,LeftRight,57,3.65,nan,1,Right,Left,698,1939,380,294928663,nan,nan,0.13
8/20/2026 21:43:19,1.17.3,LeftRight,57,3.66,nan,1,Right,Left,698,1940,380,294934944,nan,nan,0.13
8/20/2026 21:43:22,1.17.3,LeftRight,57,3.65,nan,1,Right,Left,698,1941,380,294937212,nan,nan,0.18
8/20/2026 21:43:24,1.17.3,LeftRight,57,3.65,nan,1,Right,Left,698,1942,380,294939238,nan,nan,0.14
8/20/2026 21:43:26,1.17.3,LeftRight,57,3.65,nan,1,Left,Left,699,1942,380,294942017,nan,nan,0.00
8/20/2026 21:43:29,1.17.3,LeftRight,57,3.66,nan,1,Right,Left,699,1943,380,294945042,nan,nan,0.02
8/20/2026 21:43:30,1.17.3,LeftRight,57,3.65,1,1,Pellet,Left,699,1943,381,294945042,0.35,62,nan
8/20/2026 21:43:57,1.17.3,LeftRight,57,3.66,nan,1,Left,Left,700,1943,381,294972429,nan,nan,0.00
8/20/2026 21:43:59,1.17.3,LeftRight,57,3.65,nan,1,Left,Left,701,1943,381,294974902,nan,nan,0.00
8/20/2026 21:44:03,1.17.3,LeftRight,57,3.65,nan,1,RESET,Left,701,1943,381,294978816,nan,nan,nan
8/20/2026 21:44:04,1.17.3,LeftRight,57,3.66,nan,1,Right,Left,701,1944,381,294979551,nan,nan,0.02
8/20/2026 21:44:06,1.17.3,LeftRight,57,3.66,nan,1,Right,Left,701,1945,381,294982152,nan,nan,0.12
8/20/2026 21:44:09,1.17.3,LeftRight,57,3.65,nan,1,Right,Left,701,1946,381,294984702,nan,nan,0.12
8/20/2026 21:44:23,1.17.3,LeftRight,57,3.65,nan,1,Right,Left,701,1947,381,294999110,nan,nan,0.06
8/20/2026 21:44:25,1.17.3,LeftRight,57,3.65,nan,1,Left,Left,702,1947,381,295000414,nan,nan,0.00
8/20/2026 21:44:27,1.17.3,LeftRight,57,3.65,nan,1,Right,Left,702,1948,381,295002699,nan,nan,0.02
8/20/2026 21:44:28,1.17.3,LeftRight,57,3.65,1,1,Pellet,Left,702,1948,382,295002699,0.53,58,nan
8/20/2026 21:46:15,1.17.3,LeftRight,57,3.66,nan,1,Left,Left,703,1948,382,295110385,nan,nan,0.00
8/20/2026 21:46:15,1.17.3,LeftRight,57,3.66,nan,1,Right,Left,703,1949,382,295111180,nan,nan,0.00
8/20/2026 21:46:17,1.17.3,LeftRight,57,3.65,1,1,Pellet,Left,703,1949,383,295111180,0.47,109,nan
8/20/2026 21:46:48,1.17.3,LeftRight,57,3.66,nan,1,Right,Left,703,1950,383,295143786,nan,nan,0.00
8/20/2026 21:46:51,1.17.3,LeftRight,57,3.65,nan,1,Left,Left,704,1950,383,295146749,nan,nan,0.00
8/20/2026 21:46:53,1.17.3,LeftRight,57,3.65,nan,1,Right,Left,704,1951,383,295148733,nan,nan,0.02
8/20/2026 21:46:54,1.17.3,LeftRight,57,3.65,1,1,Pellet,Left,704,1951,384,295148733,0.29,37,nan
8/20/2026 21:47:27,1.17.3,LeftRight,57,3.65,nan,1,Left,Left,705,1951,384,295182885,nan,nan,0.00
8/20/2026 21:47:30,1.17.3,LeftRight,57,3.65,nan,1,RESET,Left,705,1951,384,295185763,nan,nan,nan
8/20/2026 21:47:32,1.17.3,LeftRight,57,3.66,nan,1,Right,Left,705,1952,384,295187834,nan,nan,0.20
8/20/2026 21:47:35,1.17.3,LeftRight,57,3.65,nan,1,Left,Left,706,1952,384,295190569,nan,nan,0.00
8/20/2026 21:47:38,1.17.3,LeftRight,57,3.65,nan,1,RESET,Left,706,1952,384,295193889,nan,nan,nan
8/20/2026 21:47:39,1.17.3,LeftRight,57,3.66,nan,1,Right,Left,706,1953,384,295194329,nan,nan,0.15
8/20/2026 21:47:41,1.17.3,LeftRight,57,3.64,nan,1,Right,Left,706,1954,384,295196620,nan,nan,0.03
8/20/2026 21:47:43,1.17.3,LeftRight,57,3.65,nan,1,Right,Left,706,1955,384,295198924,nan,nan,0.15
8/20/2026 21:47:46,1.17.3,LeftRight,57,3.64,nan,1,Left,Left,707,1955,384,295201932,nan,nan,0.00
8/20/2026 21:47:48,1.17.3,LeftRight,57,3.64,nan,1,Right,Left,707,1956,384,295203765,nan,nan,0.00
8/20/2026 21:48:16,1.17.3,LeftRight,57,3.64,2,1,Pellet,Left,707,1956,385,295203765,27.05,82,nan
8/20/2026 21:48:18,1.17.3,LeftRight,57,3.66,nan,1,Left,Left,708,1956,385,295234165,nan,nan,0.00
8/20/2026 21:48:22,1.17.3,LeftRight,57,3.66,nan,1,Right,Left,708,1957,385,295237642,nan,nan,0.13
8/20/2026 21:48:23,1.17.3,LeftRight,57,3.65,1,1,Pellet,Left,708,1957,386,295237642,0.23,7,nan
8/20/2026 21:48:56,1.17.3,LeftRight,57,3.65,nan,1,Left,Left,709,1957,386,295271851,nan,nan,0.00
8/20/2026 21:48:59,1.17.3,LeftRight,57,3.65,nan,1,RESET,Left,709,1957,386,295274875,nan,nan,nan
8/20/2026 21:49:01,1.17.3,LeftRight,57,3.66,nan,1,Left,Left,710,1957,386,295276828,nan,nan,0.00
8/20/2026 21:49:03,1.17.3,LeftRight,57,3.66,nan,1,Right,Left,710,1958,386,295278520,nan,nan,0.00
8/20/2026 21:49:06,1.17.3,LeftRight,57,3.65,2,1,Pellet,Left,710,1958,387,295278520,0.95,43,nan
8/20/2026 21:50:11,1.17.3,LeftRight,57,3.66,nan,1,Left,Left,711,1958,387,295347066,nan,nan,0.00
8/20/2026 21:50:15,1.17.3,LeftRight,57,3.66,nan,1,RESET,Left,711,1958,387,295350829,nan,nan,nan
8/20/2026 21:50:23,1.17.3,LeftRight,57,3.65,nan,1,Left,Left,712,1958,387,295358768,nan,nan,0.00
8/20/2026 21:50:26,1.17.3,LeftRight,57,3.65,nan,1,RESET,Left,712,1958,387,295361797,nan,nan,nan
8/20/2026 21:50:27,1.17.3,LeftRight,57,3.65,nan,1,Right,Left,712,1959,387,295362682,nan,nan,0.00
8/20/2026 21:50:28,1.17.3,LeftRight,57,3.66,nan,1,Right,Left,712,1960,387,295364220,nan,nan,0.00
8/20/2026 21:50:31,1.17.3,LeftRight,57,3.66,nan,1,Right,Left,712,1961,387,295367094,nan,nan,0.13
8/20/2026 21:50:46,1.17.3,LeftRight,57,3.65,nan,1,Right,Left,712,1962,387,295381819,nan,nan,0.05
8/20/2026 21:50:49,1.17.3,LeftRight,57,3.66,nan,1,Right,Left,712,1963,387,295385346,nan,nan,0.00
8/20/2026 21:50:52,1.17.3,LeftRight,57,3.65,nan,1,Right,Left,712,1964,387,295387784,nan,nan,0.11
8/20/2026 21:50:54,1.17.3,LeftRight,57,3.66,nan,1,Right,Left,712,1965,387,295390172,nan,nan,0.04
8/20/2026 21:50:58,1.17.3,LeftRight,57,3.65,nan,1,Left,Left,713,1965,387,295393797,nan,nan,0.00
8/20/2026 21:51:01,1.17.3,LeftRight,57,3.65,nan,1,RESET,Left,713,1965,387,295396818,nan,nan,nan
8/20/2026 21:51:04,1.17.3,LeftRight,57,3.65,nan,1,Right,Left,713,1966,387,295399780,nan,nan,0.08
8/20/2026 21:51:07,1.17.3,LeftRight,57,3.66,nan,1,Right,Left,713,1967,387,295402444,nan,nan,0.00
8/20/2026 21:51:09,1.17.3,LeftRight,57,3.66,nan,1,Right,Left,713,1968,387,295405018,nan,nan,0.00
8/20/2026 21:51:16,1.17.3,LeftRight,57,3.65,nan,1,Right,Left,713,1969,387,295412344,nan,nan,0.08
8/20/2026 21:51:18,1.17.3,LeftRight,57,3.66,nan,1,Right,Left,713,1970,387,295414254,nan,nan,0.00
8/20/2026 22:03:36,1.17.3,LeftRight,57,3.65,nan,1,Right,Left,713,1971,387,296152130,nan,nan,0.00
8/20/2026 22:03:38,1.17.3,LeftRight,57,3.65,nan,1,Right,Left,713,1972,387,296154270,nan,nan,0.02
8/20/2026 22:03:40,1.17.3,LeftRight,57,3.65,nan,1,Right,Left,713,1973,387,296156425,nan,nan,0.13
8/20/2026 22:03:43,1.17.3,LeftRight,57,3.65,nan,1,Left,Left,714,1973,387,296159167,nan,nan,0.00
8/20/2026 22:03:46,1.17.3,LeftRight,57,3.65,nan,1,RESET,Left,714,1973,387,296162040,nan,nan,nan
8/20/2026 22:03:47,1.17.3,LeftRight,57,3.65,nan,1,Right,Left,714,1974,387,296163073,nan,nan,0.00
8/20/2026 22:03:49,1.17.3,LeftRight,57,3.65,nan,1,Right,Left,714,1975,387,296164616,nan,nan,0.04
8/20/2026 22:03:51,1.17.3,LeftRight,57,3.65,nan,1,Right,Left,714,1976,387,296166935,nan,nan,0.08
8/20/2026 22:03:53,1.17.3,LeftRight,57,3.65,nan,1,Right,Left,714,1977,387,296168994,nan,nan,0.07
8/20/2026 22:03:56,1.17.3,LeftRight,57,3.65,nan,1,Left,Left,715,1977,387,296172532,nan,nan,0.00
8/20/2026 22:04:00,1.17.3,LeftRight,57,3.65,nan,1,RESET,Left,715,1977,387,296175999,nan,nan,nan
8/20/2026 22:04:01,1.17.3,LeftRight,57,3.66,nan,1,Right,Left,715,1978,387,296177335,nan,nan,0.08
8/20/2026 22:04:04,1.17.3,LeftRight,57,3.65,nan,1,Right,Left,715,1979,387,296179993,nan,nan,0.15
8/20/2026 22:04:08,1.17.3,LeftRight,57,3.65,nan,1,Right,Left,715,1980,387,296183611,nan,nan,0.00
8/20/2026 22:07:35,1.17.3,LeftRight,57,3.65,nan,1,Right,Left,715,1981,387,296391296,nan,nan,0.00
8/20/2026 22:32:32,1.17.3,LeftRight,57,3.65,nan,1,Left,Left,716,1981,387,297888566,nan,nan,0.00
8/20/2026 22:32:36,1.17.3,LeftRight,57,3.66,nan,1,RESET,Left,716,1981,387,297892332,nan,nan,nan
8/20/2026 22:32:45,1.17.3,LeftRight,57,3.65,nan,1,Left,Left,717,1981,387,297901009,nan,nan,0.00
8/20/2026 22:32:46,1.17.3,LeftRight,57,3.65,nan,1,Right,Left,717,1982,387,297902398,nan,nan,0.00
8/20/2026 22:32:47,1.17.3,LeftRight,57,3.65,1,1,Pellet,Left,717,1982,388,297902398,0.53,2621,nan
8/20/2026 22:33:35,1.17.3,LeftRight,57,3.65,nan,1,Left,Left,718,1982,388,297951124,nan,nan,0.00
8/20/2026 22:33:36,1.17.3,LeftRight,57,3.65,nan,1,Right,Left,718,1983,388,297952069,nan,nan,0.02
8/20/2026 22:33:37,1.17.3,LeftRight,57,3.65,1,1,Pellet,Left,718,1983,389,297952069,0.41,50,nan
8/20/2026 22:34:07,1.17.3,LeftRight,57,3.65,nan,1,Left,Left,719,1983,389,297983137,nan,nan,0.00
8/20/2026 22:34:10,1.17.3,LeftRight,57,3.65,nan,1,RESET,Left,719,1983,389,297986311,nan,nan,nan
8/20/2026 22:34:12,1.17.3,LeftRight,57,3.65,nan,1,Right,Left,719,1984,389,297988683,nan,nan,0.08
8/20/2026 22:34:14,1.17.3,LeftRight,57,3.64,nan,1,Right,Left,719,1985,389,297990598,nan,nan,0.21
8/20/2026 22:34:27,1.17.3,LeftRight,57,3.65,nan,1,Left,Left,720,1985,389,298002951,nan,nan,0.00
8/20/2026 22:34:30,1.17.3,LeftRight,57,3.65,nan,1,Right,Left,720,1986,389,298006128,nan,nan,0.08
8/20/2026 22:34:31,1.17.3,LeftRight,57,3.65,1,1,Pellet,Left,720,1986,390,298006128,0.41,54,nan
8/20/2026 22:34:56,1.17.3,LeftRight,57,3.65,nan,1,Right,Left,720,1987,390,298032787,nan,nan,0.05
8/20/2026 22:34:58,1.17.3,LeftRight,57,3.65,nan,1,Right,Left,720,1988,390,298034822,nan,nan,0.08
8/20/2026 22:35:02,1.17.3,LeftRight,57,3.65,nan,1,Right,Left,720,1989,390,298038236,nan,nan,0.09
8/20/2026 22:35:04,1.17.3,LeftRight,57,3.65,nan,1,Right,Left,720,1990,390,298040320,nan,nan,0.00
8/20/2026 22:35:07,1.17.3,LeftRight,57,3.65,nan,1,Left,Left,721,1990,390,298043347,nan,nan,0.00
8/20/2026 22:35:08,1.17.3,LeftRight,57,3.65,nan,1,Left,Left,722,1990,390,298044419,nan,nan,0.00
8/20/2026 22:35:09,1.17.3,LeftRight,57,3.65,nan,1,Right,Left,722,1991,390,298045661,nan,nan,0.00
8/20/2026 22:35:10,1.17.3,LeftRight,57,3.65,1,1,Pellet,Left,722,1991,391,298045661,0.23,39,nan
8/20/2026 22:35:30,1.17.3,LeftRight,57,3.65,nan,1,Left,Left,723,1991,391,298066082,nan,nan,0.00
8/20/2026 22:35:33,1.17.3,LeftRight,57,3.65,nan,1,RESET,Left,723,1991,391,298069402,nan,nan,nan
8/20/2026 22:35:37,1.17.3,LeftRight,57,3.65,nan,1,Right,Left,723,1992,391,298072960,nan,nan,0.00
8/20/2026 22:35:39,1.17.3,LeftRight,57,3.65,nan,1,Right,Left,723,1993,391,298075539,nan,nan,0.00
8/20/2026 22:35:40,1.17.3,LeftRight,57,3.64,nan,1,Right,Left,723,1994,391,298076038,nan,nan,0.16
8/20/2026 22:35:42,1.17.3,LeftRight,57,3.65,nan,1,Right,Left,723,1995,391,298078482,nan,nan,0.04
8/20/2026 22:35:49,1.17.3,LeftRight,57,3.65,nan,1,Right,Left,723,1996,391,298085264,nan,nan,0.02
8/20/2026 22:35:51,1.17.3,LeftRight,57,3.65,nan,1,Right,Left,723,1997,391,298087115,nan,nan,0.10
8/20/2026 22:35:54,1.17.3,LeftRight,57,3.65,nan,1,Right,Left,723,1998,391,298089946,nan,nan,0.05
8/20/2026 22:36:02,1.17.3,LeftRight,57,3.65,nan,1,Left,Left,724,1998,391,298098036,nan,nan,0.00
8/20/2026 22:36:05,1.17.3,LeftRight,57,3.65,nan,1,RESET,Left,724,1998,391,298101365,nan,nan,nan
8/20/2026 22:36:07,1.17.3,LeftRight,57,3.65,nan,1,Right,Left,724,1999,391,298102994,nan,nan,0.01
8/20/2026 22:36:09,1.17.3,LeftRight,57,3.65,nan,1,Left,Left,725,1999,391,298105771,nan,nan,0.00
8/20/2026 22:36:12,1.17.3,LeftRight,57,3.65,nan,1,Right,Left,725,2000,391,298108065,nan,nan,0.07
8/20/2026 22:36:13,1.17.3,LeftRight,57,3.65,1,1,Pellet,Left,725,2000,392,298108065,0.29,63,nan
8/20/2026 22:36:42,1.17.3,LeftRight,57,3.65,nan,1,Right,Left,725,2001,392,298138176,nan,nan,0.00
8/20/2026 22:36:44,1.17.3,LeftRight,57,3.65,nan,1,Left,Left,726,2001,392,298140683,nan,nan,0.00
8/20/2026 22:36:48,1.17.3,LeftRight,57,3.65,nan,1,RESET,Left,726,2001,392,298144454,nan,nan,nan
8/20/2026 22:36:49,1.17.3,LeftRight,57,3.65,nan,1,Right,Left,726,2002,392,298145043,nan,nan,0.01
8/20/2026 22:36:56,1.17.3,LeftRight,57,3.65,nan,1,Right,Left,726,2003,392,298152102,nan,nan,0.02
8/20/2026 22:36:57,1.17.3,LeftRight,57,3.65,nan,1,Left,Left,727,2003,392,298153811,nan,nan,0.00
8/20/2026 22:36:58,1.17.3,LeftRight,57,3.65,nan,1,Right,Left,727,2004,392,298154773,nan,nan,0.00
8/20/2026 22:37:04,1.17.3,LeftRight,57,3.65,3,1,Pellet,Left,727,2004,393,298154773,0.77,51,nan
8/20/2026 22:37:36,1.17.3,LeftRight,57,3.65,nan,1,Left,Left,728,2004,393,298192562,nan,nan,0.00
8/20/2026 22:37:40,1.17.3,LeftRight,57,3.66,nan,1,RESET,Left,728,2004,393,298196334,nan,nan,nan
8/20/2026 22:37:44,1.17.3,LeftRight,57,3.65,nan,1,Left,Left,729,2004,393,298199956,nan,nan,0.00
8/20/2026 22:37:45,1.17.3,LeftRight,57,3.66,nan,1,Right,Left,729,2005,393,298201650,nan,nan,0.02
8/20/2026 22:37:46,1.17.3,LeftRight,57,3.65,1,1,Pellet,Left,729,2005,394,298201650,0.35,42,nan
8/20/2026 22:38:08,1.17.3,LeftRight,57,3.65,nan,1,Left,Left,730,2005,394,298224826,nan,nan,0.00
8/20/2026 22:38:12,1.17.3,LeftRight,57,3.65,nan,1,RESET,Left,730,2005,394,298228450,nan,nan,nan
8/20/2026 22:38:13,1.17.3,LeftRight,57,3.66,nan,1,Right,Left,730,2006,394,298229337,nan,nan,0.00
8/20/2026 22:38:15,1.17.3,LeftRight,57,3.65,nan,1,Left,Left,731,2006,394,298231777,nan,nan,0.00
8/20/2026 22:38:17,1.17.3,LeftRight,57,3.65,nan,1,Right,Left,731,2007,394,298233168,nan,nan,0.00
8/20/2026 22:38:18,1.17.3,LeftRight,57,3.65,1,1,Pellet,Left,731,2007,395,298233168,0.65,32,nan
8/20/2026 22:38:35,1.17.3,LeftRight,57,3.65,nan,1,Right,Left,731,2008,395,298250970,nan,nan,0.00
8/20/2026 22:38:36,1.17.3,LeftRight,57,3.65,nan,1,Right,Left,731,2009,395,298252363,nan,nan,0.19
8/20/2026 22:38:38,1.17.3,LeftRight,57,3.65,nan,1,Right,Left,731,2010,395,298254254,nan,nan,0.15
8/20/2026 22:38:42,1.17.3,LeftRight,57,3.66,nan,1,Left,Left,732,2010,395,298258715,nan,nan,0.00
8/20/2026 22:38:44,1.17.3,LeftRight,57,3.65,nan,1,Right,Left,732,2011,395,298260106,nan,nan,0.00
8/20/2026 22:38:45,1.17.3,LeftRight,57,3.65,1,1,Pellet,Left,732,2011,396,298260106,0.47,27,nan
8/20/2026 22:40:04,1.17.3,LeftRight,57,3.65,nan,1,Right,Left,732,2012,396,298339984,nan,nan,0.00
8/20/2026 22:40:07,1.17.3,LeftRight,57,3.65,nan,1,Right,Left,732,2013,396,298343903,nan,nan,0.00
8/20/2026 22:40:35,1.17.3,LeftRight,57,3.65,nan,1,Left,Left,733,2013,396,298371895,nan,nan,0.00
8/20/2026 22:40:39,1.17.3,LeftRight,57,3.65,nan,1,RESET,Left,733,2013,396,298375368,nan,nan,nan
8/20/2026 22:40:39,1.17.3,LeftRight,57,3.65,nan,1,Right,Left,733,2014,396,298375510,nan,nan,0.04
8/20/2026 22:40:42,1.17.3,LeftRight,57,3.65,nan,1,Right,Left,733,2015,396,298378274,nan,nan,0.07
8/20/2026 22:40:45,1.17.3,LeftRight,57,3.65,nan,1,Right,Left,733,2016,396,298381369,nan,nan,0.04
8/20/2026 22:40:47,1.17.3,LeftRight,57,3.65,nan,1,Right,Left,733,2017,396,298383697,nan,nan,0.01
8/20/2026 22:40:49,1.17.3,LeftRight,57,3.65,nan,1,Right,Left,733,2018,396,298385840,nan,nan,0.00
8/20/2026 22:40:51,1.17.3,LeftRight,57,3.65,nan,1,Left,Left,734,2018,396,298387689,nan,nan,0.00
8/20/2026 22:40:54,1.17.3,LeftRight,57,3.65,nan,1,Right,Left,734,2019,396,298390269,nan,nan,0.00
8/20/2026 22:40:55,1.17.3,LeftRight,57,3.65,1,1,Pellet,Left,734,2019,397,298390269,0.35,130,nan
8/20/2026 22:41:18,1.17.3,LeftRight,57,3.65,nan,1,Right,Left,734,2020,397,298414080,nan,nan,0.06
8/20/2026 22:41:24,1.17.3,LeftRight,57,3.65,nan,1,Right,Left,734,2021,397,298420874,nan,nan,0.00
8/20/2026 22:45:02,1.17.3,LeftRight,57,3.65,nan,1,Left,Left,735,2021,397,298638744,nan,nan,0.00
8/20/2026 22:45:06,1.17.3,LeftRight,57,3.65,nan,1,RESET,Left,735,2021,397,298642364,nan,nan,nan
8/20/2026 22:49:28,1.17.3,LeftRight,57,3.65,nan,1,Right,Left,735,2022,397,298904692,nan,nan,0.00
8/20/2026 22:49:53,1.17.3,LeftRight,57,3.65,nan,1,Right,Left,735,2023,397,298929736,nan,nan,0.08
8/20/2026 22:50:16,1.17.3,LeftRight,57,3.64,nan,1,Left,Left,736,2023,397,298952843,nan,nan,0.00
8/20/2026 22:50:20,1.17.3,LeftRight,57,3.65,nan,1,RESET,Left,736,2023,397,298956467,nan,nan,nan
8/20/2026 22:50:20,1.17.3,LeftRight,57,3.65,nan,1,Right,Left,736,2024,397,298956609,nan,nan,0.00
8/20/2026 22:50:22,1.17.3,LeftRight,57,3.65,nan,1,Right,Left,736,2025,397,298958893,nan,nan,0.00
8/20/2026 22:50:24,1.17.3,LeftRight,57,3.65,nan,1,Left,Left,737,2025,397,298960560,nan,nan,0.00
8/20/2026 22:50:27,1.17.3,LeftRight,57,3.65,nan,1,Right,Left,737,2026,397,298963444,nan,nan,0.00
8/20/2026 22:50:28,1.17.3,LeftRight,57,3.65,1,1,Pellet,Left,737,2026,398,298963444,0.29,573,nan
8/20/2026 22:51:03,1.17.3,LeftRight,57,3.65,nan,1,Right,Left,737,2027,398,298999801,nan,nan,0.09
8/20/2026 22:51:06,1.17.3,LeftRight,57,3.65,nan,1,Left,Left,738,2027,398,299002422,nan,nan,0.00
8/20/2026 22:51:09,1.17.3,LeftRight,57,3.65,nan,1,RESET,Left,738,2027,398,299005450,nan,nan,nan
8/20/2026 22:51:09,1.17.3,LeftRight,57,3.65,nan,1,Right,Left,738,2028,398,299005599,nan,nan,0.00
8/20/2026 22:51:11,1.17.3,LeftRight,57,3.65,nan,1,Right,Left,738,2029,398,299007440,nan,nan,0.05
8/20/2026 22:51:12,1.17.3,LeftRight,57,3.65,nan,1,Right,Left,738,2030,398,299008883,nan,nan,0.00
8/20/2026 22:51:16,1.17.3,LeftRight,57,3.65,nan,1,Left,Left,739,2030,398,299012367,nan,nan,0.00
8/20/2026 22:51:17,1.17.3,LeftRight,57,3.65,nan,1,Right,Left,739,2031,398,299013907,nan,nan,0.00
8/20/2026 22:51:18,1.17.3,LeftRight,57,3.65,1,1,Pellet,Left,739,2031,399,299013907,0.23,50,nan
8/20/2026 22:51:50,1.17.3,LeftRight,57,3.65,nan,1,Left,Left,740,2031,399,299046553,nan,nan,0.00
8/20/2026 22:51:54,1.17.3,LeftRight,57,3.66,nan,1,RESET,Left,740,2031,399,299050468,nan,nan,nan
8/20/2026 22:51:55,1.17.3,LeftRight,57,3.65,nan,1,Right,Left,740,2032,399,299051651,nan,nan,0.08
8/20/2026 22:52:01,1.17.3,LeftRight,57,3.65,nan,1,Left,Left,741,2032,399,299057188,nan,nan,0.00
8/20/2026 22:52:04,1.17.3,LeftRight,57,3.65,nan,1,RESET,Left,741,2032,399,299060521,nan,nan,nan
8/20/2026 22:52:05,1.17.3,LeftRight,57,3.65,nan,1,Right,Left,741,2033,399,299061562,nan,nan,0.00
8/20/2026 22:52:07,1.17.3,LeftRight,57,3.65,nan,1,Right,Left,741,2034,399,299063547,nan,nan,0.00
8/20/2026 22:52:09,1.17.3,LeftRight,57,3.65,nan,1,Right,Left,741,2035,399,299065681,nan,nan,0.02
8/20/2026 22:52:13,1.17.3,LeftRight,57,3.65,nan,1,Right,Left,741,2036,399,299069475,nan,nan,0.01
8/20/2026 22:52:15,1.17.3,LeftRight,57,3.65,nan,1,Right,Left,741,2037,399,299071317,nan,nan,0.01
8/20/2026 22:52:17,1.17.3,LeftRight,57,3.65,nan,1,Right,Left,741,2038,399,299073465,nan,nan,0.23
8/20/2026 22:52:19,1.17.3,LeftRight,57,3.65,nan,1,Right,Left,741,2039,399,299075986,nan,nan,0.00
8/20/2026 22:52:22,1.17.3,LeftRight,57,3.65,nan,1,Left,Left,742,2039,399,299078111,nan,nan,0.00
8/20/2026 22:52:25,1.17.3,LeftRight,57,3.65,nan,1,Right,Left,742,2040,399,299081140,nan,nan,0.10
8/20/2026 22:52:28,1.17.3,LeftRight,57,3.65,2,1,Pellet,Left,742,2040,400,299081140,0.77,70,nan
8/20/2026 22:52:59,1.17.3,LeftRight,57,3.65,nan,1,Left,Left,743,2040,400,299116035,nan,nan,0.00
8/20/2026 22:53:01,1.17.3,LeftRight,57,3.65,nan,1,Right,Left,743,2041,400,299117276,nan,nan,0.03
8/20/2026 22:53:02,1.17.3,LeftRight,57,3.65,1,1,Pellet,Left,743,2041,401,299117276,0.23,34,nan
8/20/2026 23:00:57,1.17.3,LeftRight,57,3.65,nan,1,Left,Left,744,2041,401,299593179,nan,nan,0.00
8/20/2026 23:01:00,1.17.3,LeftRight,57,3.65,nan,1,RESET,Left,744,2041,401,299596645,nan,nan,nan
8/20/2026 23:01:02,1.17.3,LeftRight,57,3.65,nan,1,Left,Left,745,2041,401,299598169,nan,nan,0.00
8/20/2026 23:01:03,1.17.3,LeftRight,57,3.65,nan,1,Right,Left,745,2042,401,299600002,nan,nan,0.00
8/20/2026 23:01:04,1.17.3,LeftRight,57,3.65,1,1,Pellet,Left,745,2042,402,299600002,0.29,482,nan
8/20/2026 23:01:39,1.17.3,LeftRight,57,3.65,nan,1,Left,Left,746,2042,402,299635734,nan,nan,0.00
8/20/2026 23:01:43,1.17.3,LeftRight,57,3.66,nan,1,Right,Left,746,2043,402,299639502,nan,nan,0.06
8/20/2026 23:01:44,1.17.3,LeftRight,57,3.66,1,1,Pellet,Left,746,2043,403,299639502,0.41,40,nan
8/20/2026 23:02:09,1.17.3,LeftRight,57,3.65,nan,1,Right,Left,746,2044,403,299665060,nan,nan,0.09
8/20/2026 23:02:11,1.17.3,LeftRight,57,3.65,nan,1,Right,Left,746,2045,403,299667584,nan,nan,0.00
8/20/2026 23:02:15,1.17.3,LeftRight,57,3.64,nan,1,Left,Left,747,2045,403,299671273,nan,nan,0.00
8/20/2026 23:02:18,1.17.3,LeftRight,57,3.65,nan,1,RESET,Left,747,2045,403,299674595,nan,nan,nan
8/20/2026 23:02:18,1.17.3,LeftRight,57,3.65,nan,1,Right,Left,747,2046,403,299674737,nan,nan,0.01
8/20/2026 23:02:20,1.17.3,LeftRight,57,3.65,nan,1,Right,Left,747,2047,403,299676146,nan,nan,0.00
8/20/2026 23:02:23,1.17.3,LeftRight,57,3.65,nan,1,Left,Left,748,2047,403,299679214,nan,nan,0.00
8/20/2026 23:02:26,1.17.3,LeftRight,57,3.65,nan,1,RESET,Left,748,2047,403,299682537,nan,nan,nan
8/20/2026 23:02:29,1.17.3,LeftRight,57,3.65,nan,1,Left,Left,749,2047,403,299685589,nan,nan,0.00
8/20/2026 23:02:32,1.17.3,LeftRight,57,3.65,nan,1,RESET,Left,749,2047,403,299688614,nan,nan,nan
8/20/2026 23:02:32,1.17.3,LeftRight,57,3.65,nan,1,Right,Left,749,2048,403,299688911,nan,nan,0.03
8/20/2026 23:02:34,1.17.3,LeftRight,57,3.65,nan,1,Right,Left,749,2049,403,299690628,nan,nan,0.26
8/20/2026 23:02:36,1.17.3,LeftRight,57,3.65,nan,1,Left,Left,750,2049,403,299692992,nan,nan,0.00
8/20/2026 23:02:38,1.17.3,LeftRight,57,3.65,nan,1,Right,Left,750,2050,403,299694532,nan,nan,0.07
8/20/2026 23:02:39,1.17.3,LeftRight,57,3.65,1,1,Pellet,Left,750,2050,404,299694532,0.17,55,nan
8/20/2026 23:09:37,1.17.3,LeftRight,57,3.65,nan,1,Right,Left,750,2051,404,300113458,nan,nan,0.10
8/20/2026 23:09:40,1.17.3,LeftRight,57,3.65,nan,1,Left,Left,751,2051,404,300117032,nan,nan,0.00
8/20/2026 23:09:44,1.17.3,LeftRight,57,3.65,nan,1,RESET,Left,751,2051,404,300120650,nan,nan,nan
8/20/2026 23:09:45,1.17.3,LeftRight,57,3.65,nan,1,Right,Left,751,2052,404,300121683,nan,nan,0.03
8/20/2026 23:09:49,1.17.3,LeftRight,57,3.65,nan,1,Right,Left,751,2053,404,300125779,nan,nan,0.00
8/20/2026 23:09:51,1.17.3,LeftRight,57,3.65,nan,1,Right,Left,751,2054,404,300127773,nan,nan,0.00
8/20/2026 23:09:53,1.17.3,LeftRight,57,3.65,nan,1,Right,Left,751,2055,404,300129764,nan,nan,0.05
8/20/2026 23:09:55,1.17.3,LeftRight,57,3.65,nan,1,Left,Left,752,2055,404,300131808,nan,nan,0.00
8/20/2026 23:09:56,1.17.3,LeftRight,57,3.65,nan,1,Right,Left,752,2056,404,300132753,nan,nan,0.13
8/20/2026 23:09:57,1.17.3,LeftRight,57,3.65,1,1,Pellet,Left,752,2056,405,300132753,0.59,438,nan
8/20/2026 23:10:19,1.17.3,LeftRight,57,3.65,nan,1,Right,Left,752,2057,405,300155919,nan,nan,0.00
8/20/2026 23:10:21,1.17.3,LeftRight,57,3.65,nan,1,Right,Left,752,2058,405,300157623,nan,nan,0.00
8/20/2026 23:10:24,1.17.3,LeftRight,57,3.65,nan,1,Right,Left,752,2059,405,300160799,nan,nan,0.00
8/20/2026 23:10:26,1.17.3,LeftRight,57,3.65,nan,1,Right,Left,752,2060,405,300162487,nan,nan,0.08
8/20/2026 23:10:28,1.17.3,LeftRight,57,3.65,nan,1,Left,Left,753,2060,405,300164993,nan,nan,0.00
8/20/2026 23:10:29,1.17.3,LeftRight,57,3.65,nan,1,Right,Left,753,2061,405,300165938,nan,nan,0.00
8/20/2026 23:10:30,1.17.3,LeftRight,57,3.65,1,1,Pellet,Left,753,2061,406,300165938,0.23,33,nan
8/20/2026 23:10:53,1.17.3,LeftRight,57,3.64,nan,1,Left,Left,754,2061,406,300189709,nan,nan,0.00
8/20/2026 23:10:56,1.17.3,LeftRight,57,3.65,nan,1,Right,Left,754,2062,406,300192733,nan,nan,0.09
8/20/2026 23:10:59,1.17.3,LeftRight,57,3.65,2,1,Pellet,Left,754,2062,407,300192733,0.53,29,nan
8/20/2026 23:11:47,1.17.3,LeftRight,57,3.65,nan,1,Left,Left,755,2062,407,300243835,nan,nan,0.00
8/20/2026 23:11:50,1.17.3,LeftRight,57,3.65,nan,1,RESET,Left,755,2062,407,300246716,nan,nan,nan
8/20/2026 23:11:53,1.17.3,LeftRight,57,3.65,nan,1,Right,Left,755,2063,407,300249087,nan,nan,0.24
8/20/2026 23:11:57,1.17.3,LeftRight,57,3.65,nan,1,Right,Left,755,2064,407,300253542,nan,nan,0.00
8/20/2026 23:11:58,1.17.3,LeftRight,57,3.65,nan,1,Right,Left,755,2065,407,300254783,nan,nan,0.16
8/20/2026 23:12:00,1.17.3,LeftRight,57,3.65,nan,1,Left,Left,756,2065,407,300256992,nan,nan,0.00
8/20/2026 23:12:04,1.17.3,LeftRight,57,3.65,nan,1,Right,Left,756,2066,407,300260167,nan,nan,0.12
8/20/2026 23:12:05,1.17.3,LeftRight,57,3.65,1,1,Pellet,Left,756,2066,408,300260167,0.23,66,nan
8/20/2026 23:12:43,1.17.3,LeftRight,57,3.65,nan,1,Right,Left,756,2067,408,300299566,nan,nan,0.03
8/20/2026 23:12:46,1.17.3,LeftRight,57,3.65,nan,1,Left,Left,757,2067,408,300302618,nan,nan,0.00
8/20/2026 23:12:49,1.17.3,LeftRight,57,3.65,nan,1,Right,Left,757,2068,408,300305346,nan,nan,0.16
8/20/2026 23:12:50,1.17.3,LeftRight,57,3.65,1,1,Pellet,Left,757,2068,409,300305346,0.71,45,nan
8/20/2026 23:14:26,1.17.3,LeftRight,57,3.65,nan,1,Right,Left,757,2069,409,300402235,nan,nan,0.70
8/20/2026 23:15:12,1.17.3,LeftRight,57,3.65,nan,1,Right,Left,757,2070,409,300448469,nan,nan,0.00
8/20/2026 23:15:24,1.17.3,LeftRight,57,3.65,nan,1,Right,Left,757,2071,409,300460410,nan,nan,0.00
8/20/2026 23:15:43,1.17.3,LeftRight,57,3.65,nan,1,Right,Left,757,2072,409,300479614,nan,nan,0.22
8/20/2026 23:16:06,1.17.3,LeftRight,57,3.64,nan,1,Right,Left,757,2073,409,300502474,nan,nan,0.00
8/20/2026 23:16:58,1.17.3,LeftRight,57,3.65,nan,1,Right,Left,757,2074,409,300554990,nan,nan,0.04
8/20/2026 23:17:37,1.17.3,LeftRight,57,3.65,nan,1,Right,Left,757,2075,409,300593096,nan,nan,0.15
8/20/2026 23:19:54,1.17.3,LeftRight,57,3.65,nan,1,Right,Left,757,2076,409,300730293,nan,nan,0.00
8/20/2026 23:21:16,1.17.3,LeftRight,57,3.65,nan,1,Right,Left,757,2077,409,300812275,nan,nan,0.24
8/20/2026 23:21:20,1.17.3,LeftRight,57,3.65,nan,1,Right,Left,757,2078,409,300815239,nan,nan,1.05
8/20/2026 23:21:20,1.17.3,LeftRight,57,3.65,nan,1,Right,Left,757,2079,409,300816794,nan,nan,0.00
8/20/2026 23:32:09,1.17.3,LeftRight,57,3.65,nan,1,Right,Left,757,2080,409,301465996,nan,nan,0.28
8/20/2026 23:45:27,1.17.3,LeftRight,57,3.65,nan,1,Right,Left,757,2081,409,302263598,nan,nan,0.02
8/20/2026 23:45:27,1.17.3,LeftRight,57,3.65,nan,1,Right,Left,757,2082,409,302264412,nan,nan,0.00
8/20/2026 23:45:37,1.17.3,LeftRight,57,3.65,nan,1,Right,Left,757,2083,409,302273548,nan,nan,0.00
8/20/2026 23:56:48,1.17.3,LeftRight,57,3.65,nan,1,Right,Left,757,2084,409,302945191,nan,nan,0.08
8/21/2026 0:00:56,1.17.3,LeftRight,57,3.65,nan,1,Right,Left,757,2085,409,303192847,nan,nan,0.37
8/21/2026 0:01:50,1.17.3,LeftRight,57,3.65,nan,1,Right,Left,757,2086,409,303246171,nan,nan,1.17
8/21/2026 0:02:11,1.17.3,LeftRight,57,3.65,nan,1,Right,Left,757,2087,409,303267169,nan,nan,1.23
8/21/2026 0:03:46,1.17.3,LeftRight,57,3.65,nan,1,Right,Left,757,2088,409,303362100,nan,nan,0.61
8/21/2026 0:04:29,1.17.3,LeftRight,57,3.65,nan,1,Right,Left,757,2089,409,303405735,nan,nan,0.01
8/21/2026 0:06:07,1.17.3,LeftRight,57,3.65,nan,1,Right,Left,757,2090,409,303503655,nan,nan,0.42
8/21/2026 0:07:59,1.17.3,LeftRight,57,3.65,nan,1,Right,Left,757,2091,409,303616061,nan,nan,0.32
8/21/2026 0:11:29,1.17.3,LeftRight,57,3.65,nan,1,Right,Left,757,2092,409,303825836,nan,nan,0.18
8/21/2026 0:11:30,1.17.3,LeftRight,57,3.65,nan,1,Right,Left,757,2093,409,303826512,nan,nan,0.65
8/21/2026 0:18:03,1.17.3,LeftRight,57,3.65,nan,1,Right,Left,757,2094,409,304220554,nan,nan,0.03
8/21/2026 0:18:05,1.17.3,LeftRight,57,3.65,nan,1,Right,Left,757,2095,409,304221979,nan,nan,0.01
8/21/2026 0:18:06,1.17.3,LeftRight,57,3.65,nan,1,Right,Left,757,2096,409,304223678,nan,nan,0.00
8/21/2026 0:18:08,1.17.3,LeftRight,57,3.65,nan,1,Right,Left,757,2097,409,304224476,nan,nan,1.11
8/21/2026 0:19:17,1.17.3,LeftRight,57,3.65,nan,1,Right,Left,757,2098,409,304294565,nan,nan,0.04
8/21/2026 0:22:25,1.17.3,LeftRight,57,3.65,nan,1,Right,Left,757,2099,409,304481847,nan,nan,0.64
8/21/2026 0:22:28,1.17.3,LeftRight,57,3.65,nan,1,Right,Left,757,2100,409,304484775,nan,nan,0.17
8/21/2026 0:22:43,1.17.3,LeftRight,57,3.65,nan,1,Right,Left,757,2101,409,304500596,nan,nan,0.00
8/21/2026 0:22:44,1.17.3,LeftRight,57,3.65,nan,1,Right,Left,757,2102,409,304501094,nan,nan,0.59
8/21/2026 0:22:57,1.17.3,LeftRight,57,3.65,nan,1,Right,Left,757,2103,409,304512431,nan,nan,2.01
8/21/2026 0:22:58,1.17.3,LeftRight,57,3.65,nan,1,Right,Left,757,2104,409,304515239,nan,nan,0.32
8/21/2026 0:23:14,1.17.3,LeftRight,57,3.65,nan,1,Right,Left,757,2105,409,304530618,nan,nan,0.60
8/21/2026 0:23:16,1.17.3,LeftRight,57,3.65,nan,1,Right,Left,757,2106,409,304533353,nan,nan,0.09
8/21/2026 0:23:39,1.17.3,LeftRight,57,3.65,nan,1,Right,Left,757,2107,409,304556084,nan,nan,0.42
8/21/2026 0:23:41,1.17.3,LeftRight,57,3.65,nan,1,Right,Left,757,2108,409,304557155,nan,nan,1.45
8/21/2026 0:23:43,1.17.3,LeftRight,57,3.65,nan,1,Right,Left,757,2109,409,304559850,nan,nan,0.05
8/21/2026 0:23:52,1.17.3,LeftRight,57,3.65,nan,1,Right,Left,757,2110,409,304567383,nan,nan,1.52
8/21/2026 0:23:52,1.17.3,LeftRight,57,3.65,nan,1,Right,Left,757,2111,409,304569562,nan,nan,0.00
8/21/2026 0:23:54,1.17.3,LeftRight,57,3.65,nan,1,Right,Left,757,2112,409,304571097,nan,nan,0.21
8/21/2026 0:25:01,1.17.3,LeftRight,57,3.65,nan,1,Right,Left,757,2113,409,304638303,nan,nan,0.00
8/21/2026 0:25:02,1.17.3,LeftRight,57,3.65,nan,1,Right,Left,757,2114,409,304638801,nan,nan,0.00
8/21/2026 0:25:54,1.17.3,LeftRight,57,3.65,nan,1,Right,Left,757,2115,409,304689755,nan,nan,1.18
8/21/2026 0:25:59,1.17.3,LeftRight,57,3.65,nan,1,Right,Left,757,2116,409,304695903,nan,nan,0.02
8/21/2026 0:26:14,1.17.3,LeftRight,57,3.65,nan,1,Right,Left,757,2117,409,304710682,nan,nan,0.10
8/21/2026 0:26:17,1.17.3,LeftRight,57,3.65,nan,1,Right,Left,757,2118,409,304713804,nan,nan,0.01
8/21/2026 0:26:25,1.17.3,LeftRight,57,3.65,nan,1,Right,Left,757,2119,409,304721738,nan,nan,0.40
8/21/2026 0:26:33,1.17.3,LeftRight,57,3.65,nan,1,Right,Left,757,2120,409,304729318,nan,nan,0.69
8/21/2026 0:28:20,1.17.3,LeftRight,57,3.64,nan,1,Left,Left,758,2120,409,304837632,nan,nan,0.00
8/21/2026 0:28:24,1.17.3,LeftRight,57,3.65,nan,1,RESET,Left,758,2120,409,304841253,nan,nan,nan
8/21/2026 0:28:30,1.17.3,LeftRight,57,3.65,nan,1,Right,Left,758,2121,409,304846603,nan,nan,0.18
8/21/2026 0:28:33,1.17.3,LeftRight,57,3.65,nan,1,Left,Left,759,2121,409,304850373,nan,nan,0.00
8/21/2026 0:28:35,1.17.3,LeftRight,57,3.65,nan,1,Right,Left,759,2122,409,304851774,nan,nan,0.01
8/21/2026 0:28:36,1.17.3,LeftRight,57,3.65,2,1,Pellet,Left,759,2122,410,304851774,0.23,4546,nan
8/21/2026 0:29:11,1.17.3,LeftRight,57,3.65,nan,1,Right,Left,759,2123,410,304887810,nan,nan,0.18
8/21/2026 0:29:14,1.17.3,LeftRight,57,3.65,nan,1,Left,Left,760,2123,410,304891085,nan,nan,0.00
8/21/2026 0:29:16,1.17.3,LeftRight,57,3.65,nan,1,Right,Left,760,2124,410,304892920,nan,nan,0.12
8/21/2026 0:29:17,1.17.3,LeftRight,57,3.65,1,1,Pellet,Left,760,2124,411,304892920,0.41,41,nan
8/21/2026 0:29:44,1.17.3,LeftRight,57,3.65,nan,1,Left,Left,761,2124,411,304921332,nan,nan,0.00
8/21/2026 0:29:48,1.17.3,LeftRight,57,3.65,nan,1,RESET,Left,761,2124,411,304925248,nan,nan,nan
8/21/2026 0:29:52,1.17.3,LeftRight,57,3.65,nan,1,Right,Left,761,2125,411,304928505,nan,nan,0.29
8/21/2026 0:29:53,1.17.3,LeftRight,57,3.65,nan,1,Left,Left,762,2125,411,304930389,nan,nan,0.00
8/21/2026 0:29:56,1.17.3,LeftRight,57,3.64,nan,1,Right,Left,762,2126,411,304932668,nan,nan,0.15
8/21/2026 0:29:57,1.17.3,LeftRight,57,3.65,2,1,Pellet,Left,762,2126,412,304932668,0.06,40,nan
8/21/2026 0:30:35,1.17.3,LeftRight,57,3.65,nan,1,Right,Left,762,2127,412,304972696,nan,nan,0.00
8/21/2026 0:30:37,1.17.3,LeftRight,57,3.65,nan,1,Right,Left,762,2128,412,304974679,nan,nan,0.08
8/21/2026 0:30:39,1.17.3,LeftRight,57,3.65,nan,1,Right,Left,762,2129,412,304976000,nan,nan,0.20
8/21/2026 0:30:40,1.17.3,LeftRight,57,3.65,nan,1,Right,Left,762,2130,412,304977587,nan,nan,0.01
8/21/2026 0:30:42,1.17.3,LeftRight,57,3.65,nan,1,Right,Left,762,2131,412,304979434,nan,nan,0.13
8/21/2026 0:30:45,1.17.3,LeftRight,57,3.65,nan,1,Right,Left,762,2132,412,304982588,nan,nan,0.14
8/21/2026 0:30:48,1.17.3,LeftRight,57,3.65,nan,1,Right,Left,762,2133,412,304984718,nan,nan,0.22
8/21/2026 0:30:55,1.17.3,LeftRight,57,3.65,nan,1,Left,Left,763,2133,412,304991891,nan,nan,0.00
8/21/2026 0:30:56,1.17.3,LeftRight,57,3.65,nan,1,Right,Left,763,2134,412,304993726,nan,nan,0.00
8/21/2026 0:31:00,1.17.3,LeftRight,57,3.65,2,1,Pellet,Left,763,2134,413,304993726,0.77,63,nan
8/21/2026 0:32:05,1.17.3,LeftRight,57,3.64,nan,1,Right,Left,763,2135,413,305062668,nan,nan,0.00
8/21/2026 0:34:42,1.17.3,LeftRight,57,3.65,nan,1,Right,Left,763,2136,413,305219572,nan,nan,0.00
8/21/2026 0:35:19,1.17.3,LeftRight,57,3.65,nan,1,Left,Left,764,2136,413,305256318,nan,nan,0.00
8/21/2026 0:35:23,1.17.3,LeftRight,57,3.65,nan,1,RESET,Left,764,2136,413,305260233,nan,nan,nan
8/21/2026 0:40:47,1.17.3,LeftRight,57,3.65,nan,1,Right,Left,764,2137,413,305584630,nan,nan,0.00
8/21/2026 0:40:49,1.17.3,LeftRight,57,3.64,nan,1,Right,Left,764,2138,413,305586167,nan,nan,0.00
8/21/2026 0:40:51,1.17.3,LeftRight,57,3.65,nan,1,Right,Left,764,2139,413,305587871,nan,nan,0.03
8/21/2026 0:45:24,1.17.3,LeftRight,57,3.65,nan,1,Right,Left,764,2140,413,305861700,nan,nan,0.08
8/21/2026 0:45:39,1.17.3,LeftRight,57,3.65,nan,1,Left,Left,765,2140,413,305876670,nan,nan,0.00
8/21/2026 0:45:40,1.17.3,LeftRight,57,3.65,nan,1,Right,Left,765,2141,413,305877316,nan,nan,0.00
8/21/2026 0:45:41,1.17.3,LeftRight,57,3.65,1,1,Pellet,Left,765,2141,414,305877316,0.47,881,nan
8/21/2026 0:46:03,1.17.3,LeftRight,57,3.65,nan,1,Left,Left,766,2141,414,305900370,nan,nan,0.00
8/21/2026 0:46:04,1.17.3,LeftRight,57,3.65,nan,1,Left,Left,767,2141,414,305901179,nan,nan,0.00
8/21/2026 0:46:07,1.17.3,LeftRight,57,3.65,nan,1,RESET,Left,767,2141,414,305904345,nan,nan,nan
8/21/2026 0:46:07,1.17.3,LeftRight,57,3.65,nan,1,Right,Left,767,2142,414,305904933,nan,nan,0.00
8/21/2026 0:46:10,1.17.3,LeftRight,57,3.65,nan,1,Right,Left,767,2143,414,305906915,nan,nan,0.55
8/21/2026 0:46:12,1.17.3,LeftRight,57,3.64,nan,1,Left,Left,768,2143,414,305909122,nan,nan,0.00
8/21/2026 0:46:13,1.17.3,LeftRight,57,3.65,nan,1,Right,Left,768,2144,414,305910517,nan,nan,0.08
8/21/2026 0:46:14,1.17.3,LeftRight,57,3.65,1,1,Pellet,Left,768,2144,415,305910517,0.23,33,nan
8/21/2026 0:46:41,1.17.3,LeftRight,57,3.64,nan,1,Left,Left,769,2144,415,305938346,nan,nan,0.00
8/21/2026 0:46:44,1.17.3,LeftRight,57,3.65,nan,1,RESET,Left,769,2144,415,305941369,nan,nan,nan
8/21/2026 0:46:44,1.17.3,LeftRight,57,3.65,nan,1,Right,Left,769,2145,415,305941660,nan,nan,0.00
8/21/2026 0:46:46,1.17.3,LeftRight,57,3.65,nan,1,Right,Left,769,2146,415,305942907,nan,nan,0.13
8/21/2026 0:46:47,1.17.3,LeftRight,57,3.65,nan,1,Right,Left,769,2147,415,305944574,nan,nan,0.13
8/21/2026 0:46:50,1.17.3,LeftRight,57,3.65,nan,1,Left,Left,770,2147,415,305947141,nan,nan,0.00
8/21/2026 0:46:51,1.17.3,LeftRight,57,3.65,nan,1,Right,Left,770,2148,415,305948826,nan,nan,0.09
8/21/2026 0:46:55,1.17.3,LeftRight,57,3.65,2,1,Pellet,Left,770,2148,416,305948826,1.01,41,nan
8/21/2026 0:48:09,1.17.3,LeftRight,57,3.65,nan,1,Left,Left,771,2148,416,306026765,nan,nan,0.00
8/21/2026 0:48:10,1.17.3,LeftRight,57,3.64,nan,1,Right,Left,771,2149,416,306027863,nan,nan,0.00
8/21/2026 0:48:11,1.17.3,LeftRight,57,3.64,nan,1,RightDuringDispense,Left,771,2150,416,306027863,nan,nan,0.01
8/21/2026 0:48:12,1.17.3,LeftRight,57,3.65,1,1,Pellet,Left,771,2150,417,306027863,0.29,77,nan
8/21/2026 0:48:37,1.17.3,LeftRight,57,3.65,nan,1,Right,Left,771,2151,417,306054267,nan,nan,0.03
8/21/2026 0:48:39,1.17.3,LeftRight,57,3.64,nan,1,Right,Left,771,2152,417,306056718,nan,nan,0.06
8/21/2026 0:48:44,1.17.3,LeftRight,57,3.65,nan,1,Right,Left,771,2153,417,306061877,nan,nan,0.02
8/21/2026 0:48:47,1.17.3,LeftRight,57,3.64,nan,1,Right,Left,771,2154,417,306064173,nan,nan,0.01
8/21/2026 0:48:50,1.17.3,LeftRight,57,3.65,nan,1,Right,Left,771,2155,417,306067346,nan,nan,0.00
8/21/2026 0:48:50,1.17.3,LeftRight,57,3.65,nan,1,Right,Left,771,2156,417,306067844,nan,nan,0.03
8/21/2026 0:48:52,1.17.3,LeftRight,57,3.65,nan,1,Right,Left,771,2157,417,306069413,nan,nan,0.00
8/21/2026 0:48:54,1.17.3,LeftRight,57,3.65,nan,1,Right,Left,771,2158,417,306071251,nan,nan,0.05
8/21/2026 0:48:56,1.17.3,LeftRight,57,3.64,nan,1,Right,Left,771,2159,417,306073135,nan,nan,0.07
8/21/2026 0:48:58,1.17.3,LeftRight,57,3.65,nan,1,Right,Left,771,2160,417,306074886,nan,nan,0.08
8/21/2026 0:49:00,1.17.3,LeftRight,57,3.65,nan,1,Right,Left,771,2161,417,306077397,nan,nan,0.13
8/21/2026 0:49:02,1.17.3,LeftRight,57,3.65,nan,1,Right,Left,771,2162,417,306079069,nan,nan,0.10
8/21/2026 0:49:05,1.17.3,LeftRight,57,3.64,nan,1,Right,Left,771,2163,417,306082642,nan,nan,0.27
8/21/2026 0:49:07,1.17.3,LeftRight,57,3.63,nan,1,Right,Left,771,2164,417,306084148,nan,nan,0.00
8/21/2026 0:49:10,1.17.3,LeftRight,57,3.64,nan,1,Right,Left,771,2165,417,306087019,nan,nan,0.02
8/21/2026 0:49:12,1.17.3,LeftRight,57,3.64,nan,1,Right,Left,771,2166,417,306089460,nan,nan,0.24
8/21/2026 0:49:14,1.17.3,LeftRight,57,3.65,nan,1,Right,Left,771,2167,417,306091381,nan,nan,0.11
8/21/2026 0:49:16,1.17.3,LeftRight,57,3.65,nan,1,Right,Left,771,2168,417,306093762,nan,nan,0.00
8/21/2026 0:49:18,1.17.3,LeftRight,57,3.65,nan,1,Left,Left,772,2168,417,306095395,nan,nan,0.00
8/21/2026 0:49:19,1.17.3,LeftRight,57,3.65,nan,1,Right,Left,772,2169,417,306096486,nan,nan,0.06
8/21/2026 0:49:20,1.17.3,LeftRight,57,3.65,1,1,Pellet,Left,772,2169,418,306096486,0.17,68,nan
8/21/2026 0:49:41,1.17.3,LeftRight,57,3.65,nan,1,Left,Left,773,2169,418,306118302,nan,nan,0.00
8/21/2026 0:49:42,1.17.3,LeftRight,57,3.64,nan,1,Right,Left,773,2170,418,306119841,nan,nan,0.00
8/21/2026 0:49:43,1.17.3,LeftRight,57,3.65,1,1,Pellet,Left,773,2170,419,306119841,0.35,23,nan
8/21/2026 0:50:09,1.17.3,LeftRight,57,3.65,nan,1,Right,Left,773,2171,419,306146349,nan,nan,0.00
8/21/2026 0:50:11,1.17.3,LeftRight,57,3.65,nan,1,Right,Left,773,2172,419,306148775,nan,nan,0.04
8/21/2026 0:51:54,1.17.3,LeftRight,57,3.64,nan,1,Left,Left,774,2172,419,306251256,nan,nan,0.00
8/21/2026 0:51:57,1.17.3,LeftRight,57,3.65,nan,1,RESET,Left,774,2172,419,306254423,nan,nan,nan
8/21/2026 0:52:00,1.17.3,LeftRight,57,3.64,nan,1,Right,Left,774,2173,419,306257835,nan,nan,0.00
8/21/2026 0:52:04,1.17.3,LeftRight,57,3.64,nan,1,Right,Left,774,2174,419,306261004,nan,nan,0.03
8/21/2026 0:52:09,1.17.3,LeftRight,57,3.65,nan,1,Right,Left,774,2175,419,306266597,nan,nan,0.00
8/21/2026 0:52:11,1.17.3,LeftRight,57,3.64,nan,1,Right,Left,774,2176,419,306268283,nan,nan,0.00
8/21/2026 0:52:13,1.17.3,LeftRight,57,3.65,nan,1,Right,Left,774,2177,419,306270562,nan,nan,0.00
8/21/2026 0:52:18,1.17.3,LeftRight,57,3.65,nan,1,Right,Left,774,2178,419,306275665,nan,nan,0.02
8/21/2026 0:52:20,1.17.3,LeftRight,57,3.65,nan,1,Right,Left,774,2179,419,306277519,nan,nan,0.00
8/21/2026 0:52:22,1.17.3,LeftRight,57,3.65,nan,1,Right,Left,774,2180,419,306279356,nan,nan,0.12
8/21/2026 0:52:25,1.17.3,LeftRight,57,3.65,nan,1,Left,Left,775,2180,419,306282754,nan,nan,0.00
8/21/2026 0:52:26,1.17.3,LeftRight,57,3.65,nan,1,Right,Left,775,2181,419,306283698,nan,nan,0.03
8/21/2026 0:52:30,1.17.3,LeftRight,57,3.65,2,1,Pellet,Left,775,2181,420,306283698,0.77,167,nan
8/21/2026 1:04:21,1.17.3,LeftRight,57,3.65,nan,1,Left,Left,776,2181,420,306998822,nan,nan,0.00
8/21/2026 1:04:23,1.17.3,LeftRight,57,3.65,nan,1,Left,Left,777,2181,420,307000710,nan,nan,0.00
8/21/2026 1:04:27,1.17.3,LeftRight,57,3.64,nan,1,RESET,Left,777,2181,420,307004620,nan,nan,nan
8/21/2026 1:04:28,1.17.3,LeftRight,57,3.65,nan,1,Left,Left,778,2181,420,307006090,nan,nan,0.00
8/21/2026 1:04:32,1.17.3,LeftRight,57,3.65,nan,1,RESET,Left,778,2181,420,307009558,nan,nan,nan
8/21/2026 1:04:36,1.17.3,LeftRight,57,3.65,nan,1,Right,Left,778,2182,420,307013122,nan,nan,0.00
8/21/2026 1:04:38,1.17.3,LeftRight,57,3.64,nan,1,Right,Left,778,2183,420,307015254,nan,nan,0.03
8/21/2026 1:04:50,1.17.3,LeftRight,57,3.65,nan,1,Right,Left,778,2184,420,307027818,nan,nan,0.00
8/21/2026 1:04:55,1.17.3,LeftRight,57,3.65,nan,1,Left,Left,779,2184,420,307032174,nan,nan,0.00
8/21/2026 1:04:56,1.17.3,LeftRight,57,3.65,nan,1,Right,Left,779,2185,420,307033563,nan,nan,0.00
8/21/2026 1:04:57,1.17.3,LeftRight,57,3.65,1,1,Pellet,Left,779,2185,421,307033563,0.29,747,nan
8/21/2026 1:05:29,1.17.3,LeftRight,57,3.65,nan,1,Left,Left,780,2185,421,307067017,nan,nan,0.00
8/21/2026 1:05:33,1.17.3,LeftRight,57,3.65,nan,1,RESET,Left,780,2185,421,307070488,nan,nan,nan
8/21/2026 1:05:36,1.17.3,LeftRight,57,3.65,nan,1,Right,Left,780,2186,421,307073155,nan,nan,0.00
8/21/2026 1:05:37,1.17.3,LeftRight,57,3.65,nan,1,Right,Left,780,2187,421,307074843,nan,nan,0.11
8/21/2026 1:05:39,1.17.3,LeftRight,57,3.64,nan,1,Right,Left,780,2188,421,307076641,nan,nan,0.16
8/21/2026 1:05:41,1.17.3,LeftRight,57,3.65,nan,1,Left,Left,781,2188,421,307078746,nan,nan,0.00
8/21/2026 1:05:43,1.17.3,LeftRight,57,3.65,nan,1,Right,Left,781,2189,421,307080134,nan,nan,0.00
8/21/2026 1:05:43,1.17.3,LeftRight,57,3.64,1,1,Pellet,Left,781,2189,422,307080134,0.23,46,nan
8/21/2026 1:06:08,1.17.3,LeftRight,57,3.64,nan,1,Right,Left,781,2190,422,307105864,nan,nan,0.00
8/21/2026 1:06:10,1.17.3,LeftRight,57,3.65,nan,1,Right,Left,781,2191,422,307107551,nan,nan,0.12
8/21/2026 1:12:48,1.17.3,LeftRight,57,3.65,nan,1,Left,Left,782,2191,422,307505431,nan,nan,0.00
8/21/2026 1:12:51,1.17.3,LeftRight,57,3.64,nan,1,RESET,Left,782,2191,422,307508601,nan,nan,nan
8/21/2026 1:12:54,1.17.3,LeftRight,57,3.64,nan,1,Right,Left,782,2192,422,307511267,nan,nan,0.25
8/21/2026 1:12:55,1.17.3,LeftRight,57,3.65,nan,1,Right,Left,782,2193,422,307512163,nan,nan,0.48
8/21/2026 1:12:57,1.17.3,LeftRight,57,3.65,nan,1,Right,Left,782,2194,422,307514327,nan,nan,0.00
8/21/2026 1:12:58,1.17.3,LeftRight,57,3.65,nan,1,Right,Left,782,2195,422,307515874,nan,nan,0.07
8/21/2026 1:13:00,1.17.3,LeftRight,57,3.65,nan,1,Right,Left,782,2196,422,307517479,nan,nan,0.06
8/21/2026 1:13:01,1.17.3,LeftRight,57,3.65,nan,1,Right,Left,782,2197,422,307518928,nan,nan,0.02
8/21/2026 1:13:04,1.17.3,LeftRight,57,3.65,nan,1,Right,Left,782,2198,422,307521228,nan,nan,0.27
8/21/2026 1:13:05,1.17.3,LeftRight,57,3.64,nan,1,Right,Left,782,2199,422,307523036,nan,nan,0.08
8/21/2026 1:13:07,1.17.3,LeftRight,57,3.65,nan,1,Right,Left,782,2200,422,307524506,nan,nan,0.00
8/21/2026 1:13:08,1.17.3,LeftRight,57,3.64,nan,1,Right,Left,782,2201,422,307525764,nan,nan,0.35
8/21/2026 1:13:12,1.17.3,LeftRight,57,3.64,nan,1,Right,Left,782,2202,422,307529586,nan,nan,0.06
8/21/2026 1:13:15,1.17.3,LeftRight,57,3.65,nan,1,Right,Left,782,2203,422,307532672,nan,nan,0.06
8/21/2026 1:13:16,1.17.3,LeftRight,57,3.65,nan,1,Right,Left,782,2204,422,307533826,nan,nan,0.11
8/21/2026 1:13:19,1.17.3,LeftRight,57,3.64,nan,1,Right,Left,782,2205,422,307536520,nan,nan,0.00
8/21/2026 1:13:21,1.17.3,LeftRight,57,3.64,nan,1,Left,Left,783,2205,422,307538310,nan,nan,0.00
8/21/2026 1:13:23,1.17.3,LeftRight,57,3.65,nan,1,Right,Left,783,2206,422,307540443,nan,nan,0.00
8/21/2026 1:13:24,1.17.3,LeftRight,57,3.65,1,1,Pellet,Left,783,2206,423,307540443,0.41,461,nan
8/21/2026 1:14:01,1.17.3,LeftRight,57,3.65,nan,1,Left,Left,784,2206,423,307578591,nan,nan,0.00
8/21/2026 1:14:02,1.17.3,LeftRight,57,3.65,nan,1,Left,Left,785,2206,423,307579656,nan,nan,0.00
8/21/2026 1:14:05,1.17.3,LeftRight,57,3.65,nan,1,Right,Left,785,2207,423,307582242,nan,nan,0.00
8/21/2026 1:14:06,1.17.3,LeftRight,57,3.64,1,1,Pellet,Left,785,2207,424,307582242,0.47,42,nan
8/21/2026 1:14:31,1.17.3,LeftRight,57,3.65,nan,1,Left,Left,786,2207,424,307609186,nan,nan,0.00
8/21/2026 1:14:35,1.17.3,LeftRight,57,3.65,nan,1,RESET,Left,786,2207,424,307612655,nan,nan,nan
8/21/2026 1:14:35,1.17.3,LeftRight,57,3.65,nan,1,Right,Left,786,2208,424,307612797,nan,nan,0.11
8/21/2026 1:14:38,1.17.3,LeftRight,57,3.64,nan,1,Right,Left,786,2209,424,307615190,nan,nan,0.00
8/21/2026 1:14:40,1.17.3,LeftRight,57,3.64,nan,1,Right,Left,786,2210,424,307617471,nan,nan,0.06
8/21/2026 1:14:42,1.17.3,LeftRight,57,3.64,nan,1,Right,Left,786,2211,424,307619364,nan,nan,0.13
8/21/2026 1:14:44,1.17.3,LeftRight,57,3.65,nan,1,Right,Left,786,2212,424,307621179,nan,nan,0.12
8/21/2026 1:14:45,1.17.3,LeftRight,57,3.64,nan,1,Right,Left,786,2213,424,307622693,nan,nan,0.26
8/21/2026 1:14:48,1.17.3,LeftRight,57,3.65,nan,1,Left,Left,787,2213,424,307625543,nan,nan,0.00
8/21/2026 1:14:49,1.17.3,LeftRight,57,3.64,nan,1,Right,Left,787,2214,424,307626640,nan,nan,0.03
8/21/2026 1:14:50,1.17.3,LeftRight,57,3.65,1,1,Pellet,Left,787,2214,425,307626640,0.53,44,nan
8/21/2026 1:15:30,1.17.3,LeftRight,57,3.64,nan,1,Right,Left,787,2215,425,307668034,nan,nan,0.00
8/21/2026 1:15:32,1.17.3,LeftRight,57,3.64,nan,1,Right,Left,787,2216,425,307669575,nan,nan,0.20
8/21/2026 1:15:34,1.17.3,LeftRight,57,3.65,nan,1,Right,Left,787,2217,425,307671612,nan,nan,0.01
8/21/2026 1:15:35,1.17.3,LeftRight,57,3.64,nan,1,Right,Left,787,2218,425,307673167,nan,nan,0.00
8/21/2026 1:15:37,1.17.3,LeftRight,57,3.64,nan,1,Left,Left,788,2218,425,307674994,nan,nan,0.00
8/21/2026 1:15:40,1.17.3,LeftRight,57,3.65,nan,1,RESET,Left,788,2218,425,307677722,nan,nan,nan
8/21/2026 1:15:40,1.17.3,LeftRight,57,3.65,nan,1,Right,Left,788,2219,425,307677864,nan,nan,0.00
8/21/2026 1:15:52,1.17.3,LeftRight,57,3.65,nan,1,Right,Left,788,2220,425,307689362,nan,nan,0.01
8/21/2026 1:15:53,1.17.3,LeftRight,57,3.65,nan,1,Right,Left,788,2221,425,307691062,nan,nan,0.00
8/21/2026 1:15:56,1.17.3,LeftRight,57,3.64,nan,1,Left,Left,789,2221,425,307693279,nan,nan,0.00
8/21/2026 1:15:56,1.17.3,LeftRight,57,3.65,nan,1,Right,Left,789,2222,425,307694074,nan,nan,0.05
8/21/2026 1:16:00,1.17.3,LeftRight,57,3.64,2,1,Pellet,Left,789,2222,426,307694074,0.29,70,nan
8/21/2026 1:19:21,1.17.3,LeftRight,57,3.65,nan,1,Right,Left,789,2223,426,307898918,nan,nan,0.01
8/21/2026 1:19:23,1.17.3,LeftRight,57,3.65,nan,1,Right,Left,789,2224,426,307900616,nan,nan,0.24
8/21/2026 1:27:54,1.17.3,LeftRight,57,3.65,nan,1,Right,Left,789,2225,426,308411377,nan,nan,0.00
8/21/2026 1:27:56,1.17.3,LeftRight,57,3.64,nan,1,Right,Left,789,2226,426,308413364,nan,nan,0.12
8/21/2026 1:32:29,1.17.3,LeftRight,57,3.64,nan,1,Left,Left,790,2226,426,308686871,nan,nan,0.00
8/21/2026 1:32:32,1.17.3,LeftRight,57,3.65,nan,1,Right,Left,790,2227,426,308689751,nan,nan,0.00
8/21/2026 1:32:33,1.17.3,LeftRight,57,3.64,1,1,Pellet,Left,790,2227,427,308689751,0.53,993,nan
8/21/2026 3:04:44,1.17.3,LeftRight,57,3.64,nan,1,Right,Left,790,2228,427,314222858,nan,nan,0.05
8/21/2026 3:04:48,1.17.3,LeftRight,57,3.64,nan,1,Right,Left,790,2229,427,314226835,nan,nan,0.10
8/21/2026 3:05:16,1.17.3,LeftRight,57,3.64,nan,1,Right,Left,790,2230,427,314254677,nan,nan,0.06
8/21/2026 3:05:18,1.17.3,LeftRight,57,3.64,nan,1,Right,Left,790,2231,427,314256578,nan,nan,0.19
8/21/2026 3:05:21,1.17.3,LeftRight,57,3.64,nan,1,Right,Left,790,2232,427,314259344,nan,nan,0.10
8/21/2026 3:05:22,1.17.3,LeftRight,57,3.64,nan,1,Left,Left,791,2232,427,314261053,nan,nan,0.00
8/21/2026 3:05:25,1.17.3,LeftRight,57,3.64,nan,1,Right,Left,791,2233,427,314263931,nan,nan,0.20
8/21/2026 3:06:15,1.17.3,LeftRight,57,3.64,nan,1,RightWithPellet,Left,791,2234,427,314263931,nan,nan,0.14
8/21/2026 3:06:17,1.17.3,LeftRight,57,3.64,nan,1,RightWithPellet,Left,791,2235,427,314263931,nan,nan,1.07
8/21/2026 3:06:20,1.17.3,LeftRight,57,3.64,nan,1,RightWithPellet,Left,791,2236,427,314263931,nan,nan,0.07
8/21/2026 3:06:28,1.17.3,LeftRight,57,3.64,nan,1,LeftWithPellet,Left,792,2236,427,314263931,nan,nan,0.17
8/21/2026 3:06:31,1.17.3,LeftRight,57,3.64,nan,1,RightWithPellet,Left,792,2237,427,314263931,nan,nan,0.02
8/21/2026 3:06:34,1.17.3,LeftRight,57,3.64,nan,1,RightWithPellet,Left,792,2238,427,314263931,nan,nan,0.02
8/21/2026 3:06:36,1.17.3,LeftRight,57,3.64,nan,1,RightWithPellet,Left,792,2239,427,314263931,nan,nan,0.01
8/21/2026 3:06:39,1.17.3,LeftRight,57,3.64,nan,1,RightWithPellet,Left,792,2240,427,314263931,nan,nan,0.03
8/21/2026 3:06:42,1.17.3,LeftRight,57,3.64,nan,1,RightWithPellet,Left,792,2241,427,314263931,nan,nan,0.18
8/21/2026 3:06:44,1.17.3,LeftRight,57,3.64,nan,1,RightWithPellet,Left,792,2242,427,314263931,nan,nan,0.02
8/21/2026 3:06:48,1.17.3,LeftRight,57,3.64,nan,1,RightWithPellet,Left,792,2243,427,314263931,nan,nan,0.30
8/21/2026 3:06:50,1.17.3,LeftRight,57,3.64,nan,1,RightWithPellet,Left,792,2244,427,314263931,nan,nan,0.00
8/21/2026 3:10:41,1.17.3,LeftRight,57,3.64,nan,1,RightWithPellet,Left,792,2245,427,314263931,nan,nan,0.03
8/21/2026 3:10:43,1.17.3,LeftRight,57,3.64,nan,1,RightWithPellet,Left,792,2246,427,314263931,nan,nan,0.02
8/21/2026 3:10:45,1.17.3,LeftRight,57,3.64,nan,1,LeftWithPellet,Left,793,2246,427,314263931,nan,nan,0.29
8/21/2026 3:10:46,1.17.3,LeftRight,57,3.64,nan,1,RightWithPellet,Left,793,2247,427,314263931,nan,nan,0.01
8/21/2026 3:10:48,1.17.3,LeftRight,57,3.64,nan,1,RightWithPellet,Left,793,2248,427,314263931,nan,nan,0.25
8/21/2026 3:10:50,1.17.3,LeftRight,57,3.64,nan,1,RightWithPellet,Left,793,2249,427,314263931,nan,nan,0.21
8/21/2026 3:10:52,1.17.3,LeftRight,57,3.64,nan,1,RightWithPellet,Left,793,2250,427,314263931,nan,nan,0.14
8/21/2026 3:10:54,1.17.3,LeftRight,57,3.64,nan,1,LeftWithPellet,Left,794,2250,427,314263931,nan,nan,0.08
8/21/2026 3:10:56,1.17.3,LeftRight,57,3.64,nan,1,RightWithPellet,Left,794,2251,427,314263931,nan,nan,0.04
8/21/2026 3:10:57,1.17.3,LeftRight,57,3.64,nan,1,RightWithPellet,Left,794,2252,427,314263931,nan,nan,0.21
8/21/2026 3:11:02,1.17.3,LeftRight,57,3.64,nan,1,RightWithPellet,Left,794,2253,427,314263931,nan,nan,0.05
8/21/2026 3:11:02,1.17.3,LeftRight,57,3.64,nan,1,RightWithPellet,Left,794,2254,427,314263931,nan,nan,0.13
8/21/2026 3:11:05,1.17.3,LeftRight,57,3.64,nan,1,RightWithPellet,Left,794,2255,427,314263931,nan,nan,0.14
8/21/2026 3:11:07,1.17.3,LeftRight,57,3.64,nan,1,LeftWithPellet,Left,795,2255,427,314263931,nan,nan,0.14
8/21/2026 3:11:09,1.17.3,LeftRight,57,3.64,nan,1,RightWithPellet,Left,795,2256,427,314263931,nan,nan,0.01
8/21/2026 3:11:11,1.17.3,LeftRight,57,3.64,nan,1,RightWithPellet,Left,795,2257,427,314263931,nan,nan,0.10
8/21/2026 3:11:13,1.17.3,LeftRight,57,3.64,nan,1,RightWithPellet,Left,795,2258,427,314263931,nan,nan,0.03
8/21/2026 3:11:16,1.17.3,LeftRight,57,3.64,nan,1,LeftWithPellet,Left,796,2258,427,314263931,nan,nan,0.06
8/21/2026 3:11:17,1.17.3,LeftRight,57,3.64,nan,1,LeftWithPellet,Left,797,2258,427,314263931,nan,nan,0.21
8/21/2026 3:11:17,1.17.3,LeftRight,57,3.64,nan,1,RightWithPellet,Left,797,2259,427,314263931,nan,nan,0.07
8/21/2026 3:11:19,1.17.3,LeftRight,57,3.64,nan,1,RightWithPellet,Left,797,2260,427,314263931,nan,nan,0.13
8/21/2026 3:11:21,1.17.3,LeftRight,57,3.64,nan,1,RightWithPellet,Left,797,2261,427,314263931,nan,nan,0.02
8/21/2026 3:11:22,1.17.3,LeftRight,57,3.64,nan,1,RightWithPellet,Left,797,2262,427,314263931,nan,nan,0.09
8/21/2026 3:11:24,1.17.3,LeftRight,57,3.64,1,1,Pellet,Left,797,2262,428,314263931,Timed_out,5931,nan
8/21/2026 3:11:26,1.17.3,LeftRight,57,3.64,nan,1,Left,Left,798,2262,428,314624298,nan,nan,0.00
8/21/2026 3:11:27,1.17.3,LeftRight,57,3.64,nan,1,Right,Left,798,2263,428,314625398,nan,nan,0.00
8/21/2026 3:11:28,1.17.3,LeftRight,57,3.64,1,1,Pellet,Left,798,2263,429,314625398,0.59,4,nan
8/21/2026 3:11:49,1.17.3,LeftRight,57,3.64,nan,1,Left,Left,799,2263,429,314647736,nan,nan,0.00
8/21/2026 3:11:52,1.17.3,LeftRight,57,3.64,nan,1,Right,Left,799,2264,429,314650317,nan,nan,0.03
8/21/2026 3:11:53,1.17.3,LeftRight,57,3.64,1,1,Pellet,Left,799,2264,430,314650317,0.29,25,nan
8/21/2026 3:12:18,1.17.3,LeftRight,57,3.64,nan,1,Right,Left,799,2265,430,314676375,nan,nan,0.05
8/21/2026 3:12:20,1.17.3,LeftRight,57,3.64,nan,1,Right,Left,799,2266,430,314678857,nan,nan,0.32
8/21/2026 3:12:24,1.17.3,LeftRight,57,3.64,nan,1,Right,Left,799,2267,430,314682206,nan,nan,0.16
8/21/2026 3:14:19,1.17.3,LeftRight,57,3.64,nan,1,Right,Left,799,2268,430,314797716,nan,nan,0.08
8/21/2026 3:14:23,1.17.3,LeftRight,57,3.64,nan,1,Left,Left,800,2268,430,314802171,nan,nan,0.00
8/21/2026 3:14:27,1.17.3,LeftRight,57,3.64,nan,1,RESET,Left,800,2268,430,314805798,nan,nan,nan
8/21/2026 3:14:38,1.17.3,LeftRight,57,3.64,nan,1,Right,Left,800,2269,430,314817117,nan,nan,0.00
8/21/2026 3:14:40,1.17.3,LeftRight,57,3.64,nan,1,Left,Left,801,2269,430,314819075,nan,nan,0.00
8/21/2026 3:14:41,1.17.3,LeftRight,57,3.64,nan,1,Right,Left,801,2270,430,314820168,nan,nan,0.00
8/21/2026 3:14:42,1.17.3,LeftRight,57,3.65,1,1,Pellet,Left,801,2270,431,314820168,0.35,169,nan
8/21/2026 3:15:04,1.17.3,LeftRight,57,3.64,nan,1,Left,Left,802,2270,431,314843162,nan,nan,0.00
8/21/2026 3:15:06,1.17.3,LeftRight,57,3.64,nan,1,Right,Left,802,2271,431,314844868,nan,nan,0.00
8/21/2026 3:15:07,1.17.3,LeftRight,57,3.64,1,1,Pellet,Left,802,2271,432,314844868,0.47,25,nan
8/21/2026 3:16:59,1.17.3,LeftRight,57,3.64,nan,1,Left,Left,803,2271,432,314957842,nan,nan,0.00
8/21/2026 3:17:00,1.17.3,LeftRight,57,3.64,nan,1,Right,Left,803,2272,432,314958786,nan,nan,0.00
8/21/2026 3:17:01,1.17.3,LeftRight,57,3.64,1,1,Pellet,Left,803,2272,433,314958786,0.35,114,nan
8/21/2026 3:17:22,1.17.3,LeftRight,57,3.64,nan,1,Left,Left,804,2272,433,314980766,nan,nan,0.00
8/21/2026 3:17:24,1.17.3,LeftRight,57,3.63,nan,1,Right,Left,804,2273,433,314982454,nan,nan,0.00
8/21/2026 3:17:25,1.17.3,LeftRight,57,3.64,1,1,Pellet,Left,804,2273,434,314982454,0.35,24,nan
8/21/2026 3:19:13,1.17.3,LeftRight,57,3.64,nan,1,Right,Left,804,2274,434,315092062,nan,nan,0.00
8/21/2026 3:19:16,1.17.3,LeftRight,57,3.64,nan,1,Right,Left,804,2275,434,315094940,nan,nan,0.06
8/21/2026 3:19:17,1.17.3,LeftRight,57,3.64,nan,1,Right,Left,804,2276,434,315096243,nan,nan,0.00
8/21/2026 3:19:19,1.17.3,LeftRight,57,3.64,nan,1,Right,Left,804,2277,434,315098086,nan,nan,0.05
8/21/2026 3:19:22,1.17.3,LeftRight,57,3.64,nan,1,Right,Left,804,2278,434,315100868,nan,nan,0.00
8/21/2026 3:19:24,1.17.3,LeftRight,57,3.64,nan,1,Right,Left,804,2279,434,315102557,nan,nan,0.09
8/21/2026 3:19:53,1.17.3,LeftRight,57,3.64,nan,1,Right,Left,804,2280,434,315131709,nan,nan,0.00
8/21/2026 3:19:54,1.17.3,LeftRight,57,3.64,nan,1,Right,Left,804,2281,434,315132803,nan,nan,0.41
8/21/2026 3:20:21,1.17.3,LeftRight,57,3.64,nan,1,Right,Left,804,2282,434,315159620,nan,nan,0.00
8/21/2026 3:20:22,1.17.3,LeftRight,57,3.64,nan,1,Right,Left,804,2283,434,315160864,nan,nan,0.08
8/21/2026 3:20:24,1.17.3,LeftRight,57,3.64,nan,1,Right,Left,804,2284,434,315162780,nan,nan,0.06
8/21/2026 3:20:26,1.17.3,LeftRight,57,3.64,nan,1,Right,Left,804,2285,434,315164386,nan,nan,0.00
8/21/2026 3:20:27,1.17.3,LeftRight,57,3.64,nan,1,Right,Left,804,2286,434,315165938,nan,nan,0.08
8/21/2026 3:20:28,1.17.3,LeftRight,57,3.64,nan,1,Left,Left,805,2286,434,315167218,nan,nan,0.00
8/21/2026 3:20:30,1.17.3,LeftRight,57,3.64,nan,1,Right,Left,805,2287,434,315168462,nan,nan,0.00
8/21/2026 3:20:31,1.17.3,LeftRight,57,3.64,1,1,Pellet,Left,805,2287,435,315168462,0.41,186,nan
8/21/2026 3:20:56,1.17.3,LeftRight,57,3.64,nan,1,Left,Left,806,2287,435,315194641,nan,nan,0.00
8/21/2026 3:20:59,1.17.3,LeftRight,57,3.64,nan,1,RESET,Left,806,2287,435,315197823,nan,nan,nan
8/21/2026 3:21:02,1.17.3,LeftRight,57,3.64,nan,1,Right,Left,806,2288,435,315200504,nan,nan,0.00
8/21/2026 3:21:05,1.17.3,LeftRight,57,3.64,nan,1,Right,Left,806,2289,435,315203983,nan,nan,0.20
8/21/2026 3:21:07,1.17.3,LeftRight,57,3.64,nan,1,Right,Left,806,2290,435,315205571,nan,nan,0.00
8/21/2026 3:21:09,1.17.3,LeftRight,57,3.64,nan,1,Left,Left,807,2290,435,315208158,nan,nan,0.00
8/21/2026 3:21:10,1.17.3,LeftRight,57,3.64,nan,1,Left,Left,808,2290,435,315209383,nan,nan,0.00
8/21/2026 3:21:14,1.17.3,LeftRight,57,3.64,nan,1,Right,Left,808,2291,435,315212415,nan,nan,0.01
8/21/2026 3:21:15,1.17.3,LeftRight,57,3.64,1,1,Pellet,Left,808,2291,436,315212415,0.41,44,nan
8/21/2026 3:21:40,1.17.3,LeftRight,57,3.64,nan,1,Right,Left,808,2292,436,315239120,nan,nan,0.11
8/21/2026 3:21:42,1.17.3,LeftRight,57,3.64,nan,1,Right,Left,808,2293,436,315240768,nan,nan,0.15
8/21/2026 3:21:45,1.17.3,LeftRight,57,3.64,nan,1,Right,Left,808,2294,436,315243655,nan,nan,0.00
8/21/2026 3:21:47,1.17.3,LeftRight,57,3.64,nan,1,Left,Left,809,2294,436,315245861,nan,nan,0.00
8/21/2026 3:21:50,1.17.3,LeftRight,57,3.64,nan,1,Right,Left,809,2295,436,315248748,nan,nan,0.00
8/21/2026 3:21:51,1.17.3,LeftRight,57,3.64,1,1,Pellet,Left,809,2295,437,315248748,0.53,36,nan
8/21/2026 3:29:43,1.17.3,LeftRight,57,3.64,nan,1,Right,Left,809,2296,437,315722447,nan,nan,0.00
8/21/2026 3:29:52,1.17.3,LeftRight,57,3.64,nan,1,Left,Left,810,2296,437,315730546,nan,nan,0.00
8/21/2026 3:29:55,1.17.3,LeftRight,57,3.64,nan,1,RESET,Left,810,2296,437,315733873,nan,nan,nan
8/21/2026 3:30:02,1.17.3,LeftRight,57,3.64,nan,1,Left,Left,811,2296,437,315741333,nan,nan,0.00
8/21/2026 3:30:06,1.17.3,LeftRight,57,3.64,nan,1,RESET,Left,811,2296,437,315744956,nan,nan,nan
8/21/2026 3:32:58,1.17.3,LeftRight,57,3.64,nan,1,Left,Left,812,2296,437,315917329,nan,nan,0.00
8/21/2026 3:33:02,1.17.3,LeftRight,57,3.64,nan,1,RESET,Left,812,2296,437,315920955,nan,nan,nan
8/21/2026 3:34:04,1.17.3,LeftRight,57,3.64,nan,1,Right,Left,812,2297,437,315982732,nan,nan,0.00
8/21/2026 3:34:09,1.17.3,LeftRight,57,3.64,nan,1,Right,Left,812,2298,437,315987990,nan,nan,0.00
8/21/2026 3:36:04,1.17.3,LeftRight,57,3.64,nan,1,Right,Left,812,2299,437,316102835,nan,nan,0.00
8/21/2026 3:36:06,1.17.3,LeftRight,57,3.64,nan,1,Left,Left,813,2299,437,316105456,nan,nan,0.00
8/21/2026 3:36:09,1.17.3,LeftRight,57,3.64,nan,1,Right,Left,813,2300,437,316108188,nan,nan,0.00
8/21/2026 3:36:14,1.17.3,LeftRight,57,3.64,2,1,Pellet,Left,813,2300,438,316108188,1.85,863,nan
8/21/2026 3:36:43,1.17.3,LeftRight,57,3.64,nan,1,Left,Left,814,2300,438,316141644,nan,nan,0.00
8/21/2026 3:36:43,1.17.3,LeftRight,57,3.64,nan,1,Left,Left,815,2300,438,316142251,nan,nan,0.00
8/21/2026 3:36:46,1.17.3,LeftRight,57,3.64,nan,1,Left,Left,816,2300,438,316145094,nan,nan,0.00
8/21/2026 3:36:50,1.17.3,LeftRight,57,3.64,nan,1,RESET,Left,816,2300,438,316149020,nan,nan,nan
8/21/2026 3:36:52,1.17.3,LeftRight,57,3.64,nan,1,Left,Left,817,2300,438,316151260,nan,nan,0.00
8/21/2026 3:36:53,1.17.3,LeftRight,57,3.64,nan,1,Left,Left,818,2300,438,316152376,nan,nan,0.00
8/21/2026 3:36:57,1.17.3,LeftRight,57,3.64,nan,1,RESET,Left,818,2300,438,316156010,nan,nan,nan
8/21/2026 3:36:57,1.17.3,LeftRight,57,3.64,nan,1,Right,Left,818,2301,438,316156153,nan,nan,0.00
8/21/2026 3:36:59,1.17.3,LeftRight,57,3.64,nan,1,Right,Left,818,2302,438,316157694,nan,nan,0.08
8/21/2026 3:37:01,1.17.3,LeftRight,57,3.64,nan,1,Left,Left,819,2302,438,316159660,nan,nan,0.00
8/21/2026 3:37:02,1.17.3,LeftRight,57,3.64,nan,1,Right,Left,819,2303,438,316161350,nan,nan,0.00
8/21/2026 3:37:03,1.17.3,LeftRight,57,3.64,1,1,Pellet,Left,819,2303,439,316161350,0.11,49,nan
8/21/2026 4:09:06,1.17.3,LeftRight,57,3.64,nan,1,Right,Left,819,2304,439,318085449,nan,nan,0.07
8/21/2026 4:09:10,1.17.3,LeftRight,57,3.64,nan,1,Left,Left,820,2304,439,318089892,nan,nan,0.00
8/21/2026 4:09:14,1.17.3,LeftRight,57,3.64,nan,1,RESET,Left,820,2304,439,318093370,nan,nan,nan
8/21/2026 4:09:15,1.17.3,LeftRight,57,3.64,nan,1,Right,Left,820,2305,439,318094109,nan,nan,0.00
8/21/2026 4:09:23,1.17.3,LeftRight,57,3.63,nan,1,Left,Left,821,2305,439,318102109,nan,nan,0.00
8/21/2026 4:09:26,1.17.3,LeftRight,57,3.64,nan,1,Right,Left,821,2306,439,318105145,nan,nan,0.17
8/21/2026 4:09:28,1.17.3,LeftRight,57,3.64,1,1,Pellet,Left,821,2306,440,318105145,1.37,1945,nan
8/21/2026 4:10:16,1.17.3,LeftRight,57,3.64,nan,1,Left,Left,822,2306,440,318155327,nan,nan,0.00
8/21/2026 4:10:19,1.17.3,LeftRight,57,3.64,nan,1,RESET,Left,822,2306,440,318158356,nan,nan,nan
8/21/2026 4:10:28,1.17.3,LeftRight,57,3.64,nan,1,Right,Left,822,2307,440,318166835,nan,nan,0.68
8/21/2026 4:10:32,1.17.3,LeftRight,57,3.64,nan,1,Left,Left,823,2307,440,318171097,nan,nan,0.00
8/21/2026 4:10:34,1.17.3,LeftRight,57,3.64,nan,1,Right,Left,823,2308,440,318173231,nan,nan,0.00
8/21/2026 4:10:38,1.17.3,LeftRight,57,3.64,2,1,Pellet,Left,823,2308,441,318173231,1.07,70,nan
8/21/2026 4:11:27,1.17.3,LeftRight,57,3.64,nan,1,Left,Left,824,2308,441,318226377,nan,nan,0.00
8/21/2026 4:11:30,1.17.3,LeftRight,57,3.64,nan,1,Right,Left,824,2309,441,318228955,nan,nan,0.08
8/21/2026 4:11:31,1.17.3,LeftRight,57,3.64,1,1,Pellet,Left,824,2309,442,318228955,0.35,53,nan
8/21/2026 4:20:22,1.17.3,LeftRight,57,3.64,nan,1,Right,Left,824,2310,442,318761092,nan,nan,0.17
8/21/2026 4:20:22,1.17.3,LeftRight,57,3.64,nan,1,Right,Left,824,2311,442,318761908,nan,nan,0.00
8/21/2026 4:20:33,1.17.3,LeftRight,57,3.64,nan,1,Left,Left,825,2311,442,318772367,nan,nan,0.00
8/21/2026 4:20:35,1.17.3,LeftRight,57,3.64,nan,1,Right,Left,825,2312,442,318774502,nan,nan,0.00
8/21/2026 4:20:36,1.17.3,LeftRight,57,3.64,1,1,Pellet,Left,825,2312,443,318774502,0.35,545,nan
8/21/2026 4:21:28,1.17.3,LeftRight,57,3.64,nan,1,Right,Left,825,2313,443,318827612,nan,nan,0.07
8/21/2026 4:21:31,1.17.3,LeftRight,57,3.64,nan,1,Left,Left,826,2313,443,318830960,nan,nan,0.00
8/21/2026 4:21:34,1.17.3,LeftRight,57,3.64,nan,1,Right,Left,826,2314,443,318833690,nan,nan,0.02
8/21/2026 4:21:35,1.17.3,LeftRight,57,3.63,1,1,Pellet,Left,826,2314,444,318833690,0.35,59,nan
8/21/2026 4:22:14,1.17.3,LeftRight,57,3.64,nan,1,Left,Left,827,2314,444,318874030,nan,nan,0.00
8/21/2026 4:22:18,1.17.3,LeftRight,57,3.64,nan,1,RESET,Left,827,2314,444,318877508,nan,nan,nan
8/21/2026 4:22:22,1.17.3,LeftRight,57,3.64,nan,1,Right,Left,827,2315,444,318881813,nan,nan,0.00
8/21/2026 4:22:24,1.17.3,LeftRight,57,3.64,nan,1,Right,Left,827,2316,444,318883364,nan,nan,0.58
8/21/2026 4:22:26,1.17.3,LeftRight,57,3.64,nan,1,Right,Left,827,2317,444,318885780,nan,nan,0.22
8/21/2026 4:22:29,1.17.3,LeftRight,57,3.64,nan,1,Right,Left,827,2318,444,318888727,nan,nan,0.16
8/21/2026 4:22:32,1.17.3,LeftRight,57,3.64,nan,1,Left,Left,828,2318,444,318891150,nan,nan,0.00
8/21/2026 4:22:34,1.17.3,LeftRight,57,3.64,nan,1,Right,Left,828,2319,444,318893286,nan,nan,0.00
8/21/2026 4:22:35,1.17.3,LeftRight,57,3.64,2,1,Pellet,Left,828,2319,445,318893286,0.17,60,nan
8/21/2026 4:23:17,1.17.3,LeftRight,57,3.64,nan,1,Right,Left,828,2320,445,318936176,nan,nan,0.13
8/21/2026 4:23:18,1.17.3,LeftRight,57,3.64,nan,1,Right,Left,828,2321,445,318937850,nan,nan,0.11
8/21/2026 4:23:21,1.17.3,LeftRight,57,3.64,nan,1,Left,Left,829,2321,445,318940946,nan,nan,0.00
8/21/2026 4:23:24,1.17.3,LeftRight,57,3.64,nan,1,Right,Left,829,2322,445,318943535,nan,nan,0.14
8/21/2026 4:23:25,1.17.3,LeftRight,57,3.64,1,1,Pellet,Left,829,2322,446,318943535,0.35,50,nan
8/21/2026 4:23:54,1.17.3,LeftRight,57,3.64,nan,1,Left,Left,830,2322,446,318974066,nan,nan,0.00
8/21/2026 4:23:58,1.17.3,LeftRight,57,3.64,nan,1,RESET,Left,830,2322,446,318977544,nan,nan,nan
8/21/2026 4:24:00,1.17.3,LeftRight,57,3.63,nan,1,Right,Left,830,2323,446,318979325,nan,nan,0.12
8/21/2026 4:24:02,1.17.3,LeftRight,57,3.64,nan,1,Right,Left,830,2324,446,318981434,nan,nan,0.16
8/21/2026 4:24:04,1.17.3,LeftRight,57,3.64,nan,1,Right,Left,830,2325,446,318983443,nan,nan,0.14
8/21/2026 4:24:06,1.17.3,LeftRight,57,3.64,nan,1,Left,Left,831,2325,446,318985624,nan,nan,0.00
8/21/2026 4:24:07,1.17.3,LeftRight,57,3.64,nan,1,Right,Left,831,2326,446,318986569,nan,nan,0.00
8/21/2026 4:24:10,1.17.3,LeftRight,57,3.64,2,1,Pellet,Left,831,2326,447,318986569,0.47,45,nan
8/21/2026 4:26:18,1.17.3,LeftRight,57,3.64,nan,1,Right,Left,831,2327,447,319117293,nan,nan,0.00
8/21/2026 4:28:36,1.17.3,LeftRight,57,3.64,nan,1,Left,Left,832,2327,447,319256099,nan,nan,0.00
8/21/2026 4:28:39,1.17.3,LeftRight,57,3.64,nan,1,Left,Left,833,2327,447,319258468,nan,nan,0.00
8/21/2026 4:28:41,1.17.3,LeftRight,57,3.64,nan,1,Left,Left,834,2327,447,319260843,nan,nan,0.00
8/21/2026 4:28:45,1.17.3,LeftRight,57,3.64,nan,1,RESET,Left,834,2327,447,319264615,nan,nan,nan
8/21/2026 4:33:44,1.17.3,LeftRight,57,3.64,nan,1,Left,Left,835,2327,447,319563521,nan,nan,0.00
8/21/2026 4:33:47,1.17.3,LeftRight,57,3.64,nan,1,RESET,Left,835,2327,447,319566704,nan,nan,nan
8/21/2026 4:33:53,1.17.3,LeftRight,57,3.64,nan,1,Left,Left,836,2327,447,319572221,nan,nan,0.00
8/21/2026 4:33:55,1.17.3,LeftRight,57,3.64,nan,1,Right,Left,836,2328,447,319574357,nan,nan,0.12
8/21/2026 4:33:56,1.17.3,LeftRight,57,3.63,1,1,Pellet,Left,836,2328,448,319574357,0.41,586,nan
8/21/2026 4:34:32,1.17.3,LeftRight,57,3.64,nan,1,Left,Left,837,2328,448,319611538,nan,nan,0.00
8/21/2026 4:34:35,1.17.3,LeftRight,57,3.64,nan,1,RESET,Left,837,2328,448,319614575,nan,nan,nan
8/21/2026 4:43:23,1.17.3,LeftRight,57,3.64,nan,1,Right,Left,837,2329,448,320141189,nan,nan,1.11
8/21/2026 5:17:57,1.17.3,LeftRight,57,3.64,nan,1,Right,Left,837,2330,448,322217452,nan,nan,0.05
8/21/2026 5:18:09,1.17.3,LeftRight,57,3.64,nan,1,Right,Left,837,2331,448,322228872,nan,nan,0.23
8/21/2026 5:18:11,1.17.3,LeftRight,57,3.64,nan,1,Right,Left,837,2332,448,322231085,nan,nan,0.15
8/21/2026 5:18:25,1.17.3,LeftRight,57,3.64,nan,1,Right,Left,837,2333,448,322244850,nan,nan,0.13
8/21/2026 5:18:27,1.17.3,LeftRight,57,3.64,nan,1,Right,Left,837,2334,448,322246831,nan,nan,0.22
8/21/2026 5:18:35,1.17.3,LeftRight,57,3.64,nan,1,Right,Left,837,2335,448,322254840,nan,nan,0.00
8/21/2026 5:18:42,1.17.3,LeftRight,57,3.63,nan,1,Left,Left,838,2335,448,322261942,nan,nan,0.00
8/21/2026 5:18:45,1.17.3,LeftRight,57,3.63,nan,1,RESET,Left,838,2335,448,322264974,nan,nan,nan
8/21/2026 5:18:47,1.17.3,LeftRight,57,3.64,nan,1,Left,Left,839,2335,448,322266756,nan,nan,0.00
8/21/2026 5:18:50,1.17.3,LeftRight,57,3.64,nan,1,RESET,Left,839,2335,448,322270091,nan,nan,nan
8/21/2026 5:19:52,1.17.3,LeftRight,57,3.63,nan,1,Left,Left,840,2335,448,322331879,nan,nan,0.00
8/21/2026 5:19:55,1.17.3,LeftRight,57,3.64,nan,1,RESET,Left,840,2335,448,322335058,nan,nan,nan
8/21/2026 5:38:42,1.17.3,LeftRight,57,3.63,nan,1,Left,Left,841,2335,448,323462660,nan,nan,0.00
8/21/2026 5:38:45,1.17.3,LeftRight,57,3.63,nan,1,RESET,Left,841,2335,448,323465244,nan,nan,nan
8/21/2026 5:42:56,1.17.3,LeftRight,57,3.64,nan,1,Right,Left,841,2336,448,323715845,nan,nan,0.14
8/21/2026 5:42:57,1.17.3,LeftRight,57,3.64,nan,1,Right,Left,841,2337,448,323716933,nan,nan,0.08
8/21/2026 5:43:24,1.17.3,LeftRight,57,3.63,nan,1,Right,Left,841,2338,448,323744134,nan,nan,0.31
8/21/2026 6:58:36,1.17.3,LeftRight,57,3.63,nan,1,Right,Left,841,2339,448,328256544,nan,nan,0.57
8/21/2026 8:10:24,1.17.3,LeftRight,57,3.63,nan,1,Right,Left,841,2340,448,332564588,nan,nan,0.56
8/21/2026 8:11:03,1.17.3,LeftRight,57,3.62,nan,1,Right,Left,841,2341,448,332604034,nan,nan,0.65
8/21/2026 8:11:04,1.17.3,LeftRight,57,3.62,nan,1,Right,Left,841,2342,448,332605183,nan,nan,0.14
8/21/2026 8:11:12,1.17.3,LeftRight,57,3.63,nan,1,Left,Left,842,2342,448,332613283,nan,nan,0.00
8/21/2026 8:11:15,1.17.3,LeftRight,57,3.63,nan,1,RESET,Left,842,2342,448,332616161,nan,nan,nan
8/21/2026 8:11:21,1.17.3,LeftRight,57,3.62,nan,1,Right,Left,842,2343,448,332621808,nan,nan,0.03
8/21/2026 8:15:49,1.17.3,LeftRight,57,3.62,nan,1,Left,Left,843,2343,448,332890440,nan,nan,0.00
8/21/2026 8:15:52,1.17.3,LeftRight,57,3.63,nan,1,Right,Left,843,2344,448,332892731,nan,nan,0.40
8/21/2026 8:15:53,1.17.3,LeftRight,57,3.62,1,1,Pellet,Left,843,2344,449,332892731,0.53,13317,nan
8/21/2026 8:16:16,1.17.3,LeftRight,57,3.63,nan,1,Right,Left,843,2345,449,332917349,nan,nan,0.01
8/21/2026 8:16:19,1.17.3,LeftRight,57,3.62,nan,1,Right,Left,843,2346,449,332920390,nan,nan,0.21
8/21/2026 8:16:21,1.17.3,LeftRight,57,3.63,nan,1,Right,Left,843,2347,449,332922439,nan,nan,0.35
8/21/2026 8:16:25,1.17.3,LeftRight,57,3.63,nan,1,Right,Left,843,2348,449,332926116,nan,nan,0.00
8/21/2026 8:16:49,1.17.3,LeftRight,57,3.63,nan,1,Right,Left,843,2349,449,332950292,nan,nan,0.04
8/21/2026 8:16:54,1.17.3,LeftRight,57,3.62,nan,1,Right,Left,843,2350,449,332954848,nan,nan,0.13
8/21/2026 8:16:57,1.17.3,LeftRight,57,3.63,nan,1,Right,Left,843,2351,449,332958301,nan,nan,0.04
8/21/2026 8:17:00,1.17.3,LeftRight,57,3.63,nan,1,Left,Left,844,2351,449,332961030,nan,nan,0.00
8/21/2026 8:17:03,1.17.3,LeftRight,57,3.62,nan,1,RESET,Left,844,2351,449,332964210,nan,nan,nan
8/21/2026 8:17:04,1.17.3,LeftRight,57,3.63,nan,1,Right,Left,844,2352,449,332964799,nan,nan,0.06
8/21/2026 8:17:06,1.17.3,LeftRight,57,3.62,nan,1,Right,Left,844,2353,449,332966991,nan,nan,0.05
8/21/2026 8:17:09,1.17.3,LeftRight,57,3.63,nan,1,Left,Left,845,2353,449,332970300,nan,nan,0.00
8/21/2026 8:17:13,1.17.3,LeftRight,57,3.62,nan,1,RESET,Left,845,2353,449,332974221,nan,nan,nan
8/21/2026 8:18:39,1.17.3,LeftRight,57,3.62,nan,1,Left,Left,846,2353,449,333060126,nan,nan,0.00
8/21/2026 8:18:42,1.17.3,LeftRight,57,3.62,nan,1,RESET,Left,846,2353,449,333063306,nan,nan,nan
8/21/2026 8:18:48,1.17.3,LeftRight,57,3.63,nan,1,Left,Left,847,2353,449,333069486,nan,nan,0.00
8/21/2026 8:18:52,1.17.3,LeftRight,57,3.63,nan,1,RESET,Left,847,2353,449,333073259,nan,nan,nan
8/21/2026 8:23:30,1.17.3,LeftRight,57,3.63,nan,1,Left,Left,848,2353,449,333350837,nan,nan,0.00
8/21/2026 8:23:33,1.17.3,LeftRight,57,3.63,nan,1,RESET,Left,848,2353,449,333354317,nan,nan,nan
8/21/2026 8:29:09,1.17.3,LeftRight,57,3.62,nan,1,Right,Left,848,2354,449,333690085,nan,nan,0.00
8/21/2026 8:29:34,1.17.3,LeftRight,57,3.63,nan,1,Left,Left,849,2354,449,333715169,nan,nan,0.00
8/21/2026 8:29:35,1.17.3,LeftRight,57,3.62,nan,1,Left,Left,850,2354,449,333716211,nan,nan,0.00
8/21/2026 8:29:38,1.17.3,LeftRight,57,3.62,nan,1,RESET,Left,850,2354,449,333719392,nan,nan,nan
8/21/2026 8:29:41,1.17.3,LeftRight,57,3.62,nan,1,Right,Left,850,2355,449,333722663,nan,nan,0.13
8/21/2026 8:31:11,1.17.3,LeftRight,57,3.60,nan,1,Right,Left,850,2356,449,333812124,nan,nan,0.06
8/21/2026 8:31:16,1.17.3,LeftRight,57,3.60,nan,1,Left,Left,851,2356,449,333817149,nan,nan,0.00
8/21/2026 8:31:19,1.17.3,LeftRight,57,3.60,nan,1,RESET,Left,851,2356,449,333820327,nan,nan,nan
8/21/2026 8:31:22,1.17.3,LeftRight,57,3.60,nan,1,Right,Left,851,2357,449,333823148,nan,nan,0.12
8/21/2026 8:31:24,1.17.3,LeftRight,57,3.60,nan,1,Right,Left,851,2358,449,333825101,nan,nan,0.17
8/21/2026 8:31:26,1.17.3,LeftRight,57,3.63,nan,1,Right,Left,851,2359,449,333827416,nan,nan,0.02
8/21/2026 8:31:30,1.17.3,LeftRight,57,3.63,nan,1,Right,Left,851,2360,449,333830910,nan,nan,0.11
8/21/2026 8:31:33,1.17.3,LeftRight,57,3.63,nan,1,Right,Left,851,2361,449,333834051,nan,nan,0.11
8/21/2026 8:31:36,1.17.3,LeftRight,57,3.62,nan,1,Left,Left,852,2361,449,333837608,nan,nan,0.00
8/21/2026 8:31:39,1.17.3,LeftRight,57,3.62,nan,1,Right,Left,852,2362,449,333840636,nan,nan,0.05
8/21/2026 8:31:42,1.17.3,LeftRight,57,3.63,2,1,Pellet,Left,852,2362,450,333840636,0.29,949,nan
8/21/2026 10:24:57,1.17.3,LeftRight,57,3.62,nan,1,Left,Left,853,2362,450,340638741,nan,nan,0.00
8/21/2026 10:25:00,1.17.3,LeftRight,57,3.62,nan,1,RESET,Left,853,2362,450,340641771,nan,nan,nan
8/21/2026 10:25:01,1.17.3,LeftRight,57,3.62,nan,1,Right,Left,853,2363,450,340642658,nan,nan,0.07
8/21/2026 10:25:06,1.17.3,LeftRight,57,3.62,nan,1,Left,Left,854,2363,450,340647893,nan,nan,0.00
8/21/2026 10:25:09,1.17.3,LeftRight,57,3.62,nan,1,Right,Left,854,2364,450,340650487,nan,nan,0.01
8/21/2026 10:25:10,1.17.3,LeftRight,57,3.62,1,1,Pellet,Left,854,2364,451,340650487,0.89,6808,nan
8/21/2026 10:25:54,1.17.3,LeftRight,57,3.62,nan,1,Left,Left,855,2364,451,340696116,nan,nan,0.00
8/21/2026 10:25:57,1.17.3,LeftRight,57,3.62,nan,1,Right,Left,855,2365,451,340699293,nan,nan,0.00
8/21/2026 10:26:01,1.17.3,LeftRight,57,3.62,2,1,Pellet,Left,855,2365,452,340699293,0.53,51,nan
8/21/2026 10:26:32,1.17.3,LeftRight,57,3.62,nan,1,Left,Left,856,2365,452,340733820,nan,nan,0.00
8/21/2026 10:26:35,1.17.3,LeftRight,57,3.62,nan,1,RESET,Left,856,2365,452,340736858,nan,nan,nan
8/21/2026 10:26:36,1.17.3,LeftRight,57,3.62,nan,1,Right,Left,856,2366,452,340737448,nan,nan,0.31
8/21/2026 10:26:37,1.17.3,LeftRight,57,3.62,nan,1,Right,Left,856,2367,452,340738851,nan,nan,0.23
8/21/2026 10:26:39,1.17.3,LeftRight,57,3.62,nan,1,Right,Left,856,2368,452,340740622,nan,nan,0.17
8/21/2026 10:26:40,1.17.3,LeftRight,57,3.62,nan,1,Right,Left,856,2369,452,340741297,nan,nan,0.32
8/21/2026 10:26:43,1.17.3,LeftRight,57,3.62,nan,1,Left,Left,857,2369,452,340745282,nan,nan,0.00
8/21/2026 10:26:47,1.17.3,LeftRight,57,3.62,nan,1,RESET,Left,857,2369,452,340748759,nan,nan,nan
8/21/2026 10:26:48,1.17.3,LeftRight,57,3.62,nan,1,Right,Left,857,2370,452,340749944,nan,nan,0.04
8/21/2026 10:26:51,1.17.3,LeftRight,57,3.62,nan,1,Left,Left,858,2370,452,340752639,nan,nan,0.00
8/21/2026 10:26:52,1.17.3,LeftRight,57,3.62,nan,1,Right,Left,858,2371,452,340753882,nan,nan,0.19
8/21/2026 10:26:55,1.17.3,LeftRight,57,3.62,2,1,Pellet,Left,858,2371,453,340753882,0.23,54,nan
8/21/2026 10:27:54,1.17.3,LeftRight,57,3.62,nan,1,Left,Left,859,2371,453,340815955,nan,nan,0.00
8/21/2026 10:27:58,1.17.3,LeftRight,57,3.62,nan,1,RESET,Left,859,2371,453,340819873,nan,nan,nan
8/21/2026 10:29:02,1.17.3,LeftRight,57,3.62,nan,1,Right,Left,859,2372,453,340883697,nan,nan,0.30
8/21/2026 10:32:02,1.17.3,LeftRight,57,3.62,nan,1,Right,Left,859,2373,453,341063534,nan,nan,0.07
8/21/2026 10:32:04,1.17.3,LeftRight,57,3.62,nan,1,Right,Left,859,2374,453,341066338,nan,nan,0.00
8/21/2026 10:32:06,1.17.3,LeftRight,57,3.62,nan,1,Right,Left,859,2375,453,341067736,nan,nan,0.53
8/21/2026 10:32:09,1.17.3,LeftRight,57,3.62,nan,1,Right,Left,859,2376,453,341070547,nan,nan,0.00
8/21/2026 10:32:16,1.17.3,LeftRight,57,3.62,nan,1,Left,Left,860,2376,453,341077574,nan,nan,0.00
8/21/2026 10:32:19,1.17.3,LeftRight,57,3.62,nan,1,RESET,Left,860,2376,453,341080754,nan,nan,nan
8/21/2026 10:32:20,1.17.3,LeftRight,57,3.62,nan,1,Right,Left,860,2377,453,341081790,nan,nan,0.00
8/21/2026 10:32:27,1.17.3,LeftRight,57,3.62,nan,1,Left,Left,861,2377,453,341089314,nan,nan,0.00
8/21/2026 10:32:31,1.17.3,LeftRight,57,3.62,nan,1,RESET,Left,861,2377,453,341092787,nan,nan,nan
8/21/2026 10:32:34,1.17.3,LeftRight,57,3.62,nan,1,Left,Left,862,2377,453,341095528,nan,nan,0.00
8/21/2026 10:32:37,1.17.3,LeftRight,57,3.62,nan,1,Right,Left,862,2378,453,341098407,nan,nan,0.22
8/21/2026 10:32:38,1.17.3,LeftRight,57,3.62,1,1,Pellet,Left,862,2378,454,341098407,0.35,343,nan
8/21/2026 10:33:02,1.17.3,LeftRight,57,3.62,nan,1,Right,Left,862,2379,454,341123478,nan,nan,0.00
8/21/2026 10:35:32,1.17.3,LeftRight,57,3.62,nan,1,Left,Left,863,2379,454,341274026,nan,nan,0.00
8/21/2026 10:35:35,1.17.3,LeftRight,57,3.62,nan,1,Left,Left,864,2379,454,341276415,nan,nan,0.00
8/21/2026 10:35:38,1.17.3,LeftRight,57,3.62,nan,1,RESET,Left,864,2379,454,341279890,nan,nan,nan
8/21/2026 10:37:20,1.17.3,LeftRight,57,3.62,nan,1,Right,Left,864,2380,454,341381367,nan,nan,0.13
8/21/2026 10:37:28,1.17.3,LeftRight,57,3.62,nan,1,Right,Left,864,2381,454,341389735,nan,nan,0.23
8/21/2026 10:37:32,1.17.3,LeftRight,57,3.62,nan,1,Left,Left,865,2381,454,341393927,nan,nan,0.00
8/21/2026 10:37:36,1.17.3,LeftRight,57,3.62,nan,1,RESET,Left,865,2381,454,341397847,nan,nan,nan
8/21/2026 10:37:37,1.17.3,LeftRight,57,3.62,nan,1,Left,Left,866,2381,454,341398435,nan,nan,0.00
8/21/2026 10:37:40,1.17.3,LeftRight,57,3.62,nan,1,RESET,Left,866,2381,454,341401772,nan,nan,nan
8/21/2026 10:37:41,1.17.3,LeftRight,57,3.62,nan,1,Right,Left,866,2382,454,341402658,nan,nan,0.05
8/21/2026 10:37:43,1.17.3,LeftRight,57,3.62,nan,1,Left,Left,867,2382,454,341405036,nan,nan,0.00
8/21/2026 10:37:47,1.17.3,LeftRight,57,3.62,nan,1,Right,Left,867,2383,454,341408660,nan,nan,0.01
8/21/2026 10:37:48,1.17.3,LeftRight,57,3.62,2,1,Pellet,Left,867,2383,455,341408660,0.35,310,nan
8/21/2026 10:40:53,1.17.3,LeftRight,57,3.62,nan,1,Right,Left,867,2384,455,341595174,nan,nan,0.17
8/21/2026 10:41:31,1.17.3,LeftRight,57,3.62,nan,1,Right,Left,867,2385,455,341633333,nan,nan,0.00
8/21/2026 10:42:43,1.17.3,LeftRight,57,3.62,nan,1,Right,Left,867,2386,455,341703498,nan,nan,0.89
8/21/2026 11:57:09,1.17.3,LeftRight,57,3.62,nan,1,Right,Left,867,2387,455,346170631,nan,nan,1.07
8/21/2026 11:57:32,1.17.3,LeftRight,57,3.62,nan,1,Right,Left,867,2388,455,346193164,nan,nan,1.36
8/21/2026 12:56:15,1.17.3,LeftRight,57,3.62,nan,1,Right,Left,867,2389,455,349717573,nan,nan,0.44
8/21/2026 13:18:11,1.17.3,LeftRight,57,3.61,nan,1,Left,Left,868,2389,455,351033587,nan,nan,0.00
8/21/2026 13:18:14,1.17.3,LeftRight,57,3.62,nan,1,RESET,Left,868,2389,455,351036476,nan,nan,nan
8/21/2026 13:19:56,1.17.3,LeftRight,57,3.62,nan,1,Right,Left,868,2390,455,351138350,nan,nan,0.04
8/21/2026 13:26:07,1.17.3,LeftRight,57,3.61,nan,1,Right,Left,868,2391,455,351509531,nan,nan,0.15
8/21/2026 13:32:35,1.17.3,LeftRight,57,3.61,nan,1,Right,Left,868,2392,455,351897376,nan,nan,0.18
8/21/2026 14:17:13,1.17.3,LeftRight,57,3.62,nan,1,Right,Left,868,2393,455,354575270,nan,nan,0.33
8/21/2026 14:17:15,1.17.3,LeftRight,57,3.61,nan,1,Left,Left,869,2393,455,354577733,nan,nan,0.00
8/21/2026 14:17:19,1.17.3,LeftRight,57,3.61,nan,1,RESET,Left,869,2393,455,354581808,nan,nan,nan
8/21/2026 14:23:22,1.17.3,LeftRight,57,3.61,nan,1,Right,Left,869,2394,455,354944687,nan,nan,0.00
8/21/2026 15:15:40,1.17.3,LeftRight,57,3.60,nan,1,Right,Left,869,2395,455,358081938,nan,nan,0.83
