MM:DD:YYYY hh:mm:ss,Library_Version,Session_type,Device_Number,Battery_Voltage,Motor_Turns,FR,Event,Active_Poke,Left_Poke_Count,Right_Poke_Count,Pellet_Count,Block_Pellet_Count,Retrieval_Time,InterPelletInterval,Poke_Time
8/17/2026 13:02:15,1.17.3,LeftRight,2,4.05,nan,1,Right,Left,0,1,0,3768488,nan,nan,0.32
8/17/2026 13:04:57,1.17.3,LeftRight,2,4.05,nan,1,Left,Left,1,1,0,3930796,nan,nan,0.00
8/17/2026 13:05:56,1.17.3,LeftRight,2,4.04,nan,1,RESET,Left,1,1,0,3989884,nan,nan,nan
8/17/2026 13:06:18,1.17.3,LeftRight,2,4.04,nan,1,Left,Left,2,1,0,4012053,nan,nan,0.00
8/17/2026 13:07:18,1.17.3,LeftRight,2,4.05,nan,1,RESET,Left,2,1,0,4071935,nan,nan,nan
8/17/2026 13:10:08,1.17.3,LeftRight,2,4.04,nan,1,Left,Left,3,1,0,4241864,nan,nan,0.00
8/17/2026 13:11:07,1.17.3,LeftRight,2,4.04,nan,1,RESET,Left,3,1,0,4300945,nan,nan,nan
8/17/2026 13:11:58,1.17.3,LeftRight,2,4.04,nan,1,Right,Left,3,2,0,4351337,nan,nan,0.19
8/17/2026 13:12:18,1.17.3,LeftRight,2,4.04,nan,1,Left,Left,4,2,0,4371742,nan,nan,0.00
8/17/2026 13:12:24,1.17.3,LeftRight,2,4.05,nan,1,Right,Left,4,3,0,4378209,nan,nan,0.04
8/17/2026 13:12:25,1.17.3,LeftRight,2,4.04,nan,1,RightDuringDispense,Left,4,4,0,4378209,nan,nan,0.30
8/17/2026 13:12:35,1.17.3,LeftRight,2,4.04,3,1,Pellet,Left,4,4,1,4378209,4.78,nan,nan
8/17/2026 13:14:09,1.17.3,LeftRight,2,4.04,nan,1,Left,Left,5,4,1,4483009,nan,nan,0.00
8/17/2026 13:14:13,1.17.3,LeftRight,2,4.04,nan,1,Right,Left,5,5,1,4486411,nan,nan,0.58
8/17/2026 13:15:16,1.17.3,LeftRight,2,4.04,nan,1,RightWithPellet,Left,5,6,1,4486411,nan,nan,0.02
8/17/2026 13:16:19,1.17.3,LeftRight,2,4.04,nan,1,RightWithPellet,Left,5,7,1,4486411,nan,nan,0.28
8/17/2026 13:16:22,1.17.3,LeftRight,2,4.04,nan,1,LeftWithPellet,Left,6,7,1,4486411,nan,nan,0.19
8/17/2026 13:16:47,1.17.3,LeftRight,2,4.04,nan,1,LeftWithPellet,Left,7,7,1,4486411,nan,nan,0.01
8/17/2026 13:18:59,1.17.3,LeftRight,2,4.05,nan,1,LeftWithPellet,Left,8,7,1,4486411,nan,nan,0.08
8/17/2026 13:30:12,1.17.3,LeftRight,2,4.04,nan,1,RightWithPellet,Left,8,8,1,4486411,nan,nan,0.74
8/17/2026 13:30:39,1.17.3,LeftRight,2,4.05,nan,1,RightWithPellet,Left,8,9,1,4486411,nan,nan,0.38
8/17/2026 13:35:50,1.17.3,LeftRight,2,4.05,nan,1,RightWithPellet,Left,8,10,1,4486411,nan,nan,0.14
8/17/2026 13:40:43,1.17.3,LeftRight,2,4.03,nan,1,LeftWithPellet,Left,9,10,1,4486411,nan,nan,0.34
8/17/2026 13:45:09,1.17.3,LeftRight,2,4.04,nan,1,LeftWithPellet,Left,10,10,1,4486411,nan,nan,0.49
8/17/2026 13:46:19,1.17.3,LeftRight,2,4.04,nan,1,RightWithPellet,Left,10,11,1,4486411,nan,nan,1.51
8/17/2026 13:47:51,1.17.3,LeftRight,2,4.04,nan,1,RightWithPellet,Left,10,12,1,4486411,nan,nan,0.01
8/17/2026 13:47:52,1.17.3,LeftRight,2,4.04,nan,1,RightWithPellet,Left,10,13,1,4486411,nan,nan,0.39
8/17/2026 13:47:53,1.17.3,LeftRight,2,4.04,nan,1,RightWithPellet,Left,10,14,1,4486411,nan,nan,0.53
8/17/2026 13:48:14,1.17.3,LeftRight,2,4.04,nan,1,LeftWithPellet,Left,11,14,1,4486411,nan,nan,0.34
8/17/2026 13:48:15,1.17.3,LeftRight,2,4.04,nan,1,LeftWithPellet,Left,12,14,1,4486411,nan,nan,0.27
8/17/2026 13:48:16,1.17.3,LeftRight,2,4.04,nan,1,LeftWithPellet,Left,13,14,1,4486411,nan,nan,0.78
8/17/2026 13:48:38,1.17.3,LeftRight,2,4.04,nan,1,RightWithPellet,Left,13,15,1,4486411,nan,nan,0.30
8/17/2026 13:51:34,1.17.3,LeftRight,2,4.03,nan,1,LeftWithPellet,Left,14,15,1,4486411,nan,nan,0.03
8/17/2026 13:51:48,1.17.3,LeftRight,2,4.04,nan,1,LeftWithPellet,Left,15,15,1,4486411,nan,nan,0.01
8/17/2026 13:52:11,1.17.3,LeftRight,2,4.04,nan,1,RightWithPellet,Left,15,16,1,4486411,nan,nan,0.09
8/17/2026 13:52:12,1.17.3,LeftRight,2,4.04,nan,1,RightWithPellet,Left,15,17,1,4486411,nan,nan,0.32
8/17/2026 13:55:49,1.17.3,LeftRight,2,4.03,nan,1,LeftWithPellet,Left,16,17,1,4486411,nan,nan,0.14
8/17/2026 14:00:46,1.17.3,LeftRight,2,4.03,nan,1,RightWithPellet,Left,16,18,1,4486411,nan,nan,0.67
8/17/2026 14:02:23,1.17.3,LeftRight,2,4.04,nan,1,LeftWithPellet,Left,17,18,1,4486411,nan,nan,1.06
8/17/2026 14:02:37,1.17.3,LeftRight,2,4.03,nan,1,LeftWithPellet,Left,18,18,1,4486411,nan,nan,0.69
8/17/2026 14:02:38,1.17.3,LeftRight,2,4.04,nan,1,LeftWithPellet,Left,19,18,1,4486411,nan,nan,0.53
8/17/2026 14:02:40,1.17.3,LeftRight,2,4.04,nan,1,LeftWithPellet,Left,20,18,1,4486411,nan,nan,0.66
8/17/2026 14:02:41,1.17.3,LeftRight,2,4.03,nan,1,LeftWithPellet,Left,21,18,1,4486411,nan,nan,0.11
8/17/2026 14:02:43,1.17.3,LeftRight,2,4.04,nan,1,LeftWithPellet,Left,22,18,1,4486411,nan,nan,0.24
8/17/2026 14:03:14,1.17.3,LeftRight,2,4.03,nan,1,LeftWithPellet,Left,23,18,1,4486411,nan,nan,0.19
8/17/2026 14:03:17,1.17.3,LeftRight,2,4.04,nan,1,RightWithPellet,Left,23,19,1,4486411,nan,nan,0.15
8/17/2026 14:09:29,1.17.3,LeftRight,2,4.04,nan,1,LeftWithPellet,Left,24,19,1,4486411,nan,nan,0.10
8/17/2026 14:11:40,1.17.3,LeftRight,2,4.04,nan,1,LeftWithPellet,Left,25,19,1,4486411,nan,nan,0.02
8/17/2026 14:12:14,1.17.3,LeftRight,2,4.04,nan,1,RightWithPellet,Left,25,20,1,4486411,nan,nan,0.30
8/17/2026 14:15:47,1.17.3,LeftRight,2,4.04,nan,1,LeftWithPellet,Left,26,20,1,4486411,nan,nan,0.04
8/17/2026 14:20:38,1.17.3,LeftRight,2,4.04,nan,1,RightWithPellet,Left,26,21,1,4486411,nan,nan,0.23
8/17/2026 14:23:46,1.17.3,LeftRight,2,4.04,nan,1,RightWithPellet,Left,26,22,1,4486411,nan,nan,0.27
8/17/2026 14:30:17,1.17.3,LeftRight,2,4.04,nan,1,RightWithPellet,Left,26,23,1,4486411,nan,nan,0.50
8/17/2026 14:36:57,1.17.3,LeftRight,2,4.04,nan,1,RightWithPellet,Left,26,24,1,4486411,nan,nan,0.83
8/17/2026 14:37:13,1.17.3,LeftRight,2,4.04,1,1,Pellet,Left,26,24,2,4486411,Timed_out,5079,nan
8/17/2026 14:38:11,1.17.3,LeftRight,2,4.03,nan,1,Left,Left,27,24,2,9524945,nan,nan,0.00
8/17/2026 14:38:25,1.17.3,LeftRight,2,4.04,nan,1,Right,Left,27,25,2,9539051,nan,nan,0.34
8/17/2026 14:38:32,1.17.3,LeftRight,2,4.03,2,1,Pellet,Left,27,25,3,9539051,4.31,79,nan
8/17/2026 14:41:41,1.17.3,LeftRight,2,4.03,nan,1,Right,Left,27,26,3,9735106,nan,nan,0.44
8/17/2026 14:44:00,1.17.3,LeftRight,2,4.03,nan,1,Right,Left,27,27,3,9873467,nan,nan,0.47
8/17/2026 14:52:06,1.17.3,LeftRight,2,4.04,nan,1,Right,Left,27,28,3,10359621,nan,nan,1.09
8/17/2026 14:55:38,1.17.3,LeftRight,2,4.04,nan,1,Left,Left,28,28,3,10571884,nan,nan,0.00
8/17/2026 14:56:37,1.17.3,LeftRight,2,4.03,nan,1,RESET,Left,28,28,3,10631149,nan,nan,nan
8/17/2026 15:01:14,1.17.3,LeftRight,2,4.04,nan,1,Left,Left,29,28,3,10907955,nan,nan,0.00
8/17/2026 15:02:12,1.17.3,LeftRight,2,4.04,nan,1,RESET,Left,29,28,3,10966151,nan,nan,nan
8/17/2026 15:04:11,1.17.3,LeftRight,2,4.03,nan,1,Right,Left,29,29,3,11084405,nan,nan,0.82
8/17/2026 15:04:16,1.17.3,LeftRight,2,4.03,nan,1,Left,Left,30,29,3,11090114,nan,nan,0.00
8/17/2026 15:04:31,1.17.3,LeftRight,2,4.03,nan,1,Left,Left,31,29,3,11104989,nan,nan,0.00
8/17/2026 15:04:53,1.17.3,LeftRight,2,4.03,nan,1,Left,Left,32,29,3,11127248,nan,nan,0.00
8/17/2026 15:05:52,1.17.3,LeftRight,2,4.03,nan,1,RESET,Left,32,29,3,11186192,nan,nan,nan
8/17/2026 15:06:19,1.17.3,LeftRight,2,4.03,nan,1,Left,Left,33,29,3,11213732,nan,nan,0.00
8/17/2026 15:06:53,1.17.3,LeftRight,2,4.04,nan,1,Left,Left,34,29,3,11247610,nan,nan,0.00
8/17/2026 15:07:53,1.17.3,LeftRight,2,4.03,nan,1,RESET,Left,34,29,3,11307246,nan,nan,nan
8/17/2026 15:17:31,1.17.3,LeftRight,2,4.04,nan,1,Left,Left,35,29,3,11884986,nan,nan,0.00
8/17/2026 15:17:35,1.17.3,LeftRight,2,4.03,nan,1,Right,Left,35,30,3,11888845,nan,nan,0.54
8/17/2026 15:17:39,1.17.3,LeftRight,2,4.03,1,1,Pellet,Left,35,30,4,11888845,2.69,2347,nan
8/17/2026 15:18:20,1.17.3,LeftRight,2,4.03,nan,1,Right,Left,35,31,4,11933977,nan,nan,0.28
8/17/2026 15:18:21,1.17.3,LeftRight,2,4.03,nan,1,Right,Left,35,32,4,11934746,nan,nan,0.53
8/17/2026 15:19:06,1.17.3,LeftRight,2,4.03,nan,1,Right,Left,35,33,4,11979675,nan,nan,0.16
8/17/2026 15:19:07,1.17.3,LeftRight,2,4.03,nan,1,Right,Left,35,34,4,11981057,nan,nan,0.00
8/17/2026 15:19:09,1.17.3,LeftRight,2,4.03,nan,1,Right,Left,35,35,4,11982280,nan,nan,0.69
8/17/2026 15:22:48,1.17.3,LeftRight,2,4.03,nan,1,Left,Left,36,35,4,12202143,nan,nan,0.00
8/17/2026 15:23:47,1.17.3,LeftRight,2,4.03,nan,1,RESET,Left,36,35,4,12261224,nan,nan,nan
8/17/2026 15:25:35,1.17.3,LeftRight,2,4.03,nan,1,Right,Left,36,36,4,12368568,nan,nan,0.23
8/17/2026 15:31:00,1.17.3,LeftRight,2,4.04,nan,1,Right,Left,36,37,4,12693807,nan,nan,0.17
8/17/2026 15:32:26,1.17.3,LeftRight,2,4.03,nan,1,Left,Left,37,37,4,12780288,nan,nan,0.00
8/17/2026 15:32:29,1.17.3,LeftRight,2,4.03,nan,1,Left,Left,38,37,4,12783452,nan,nan,0.00
8/17/2026 15:33:28,1.17.3,LeftRight,2,4.03,nan,1,RESET,Left,38,37,4,12842218,nan,nan,nan
8/17/2026 15:36:02,1.17.3,LeftRight,2,4.03,nan,1,Left,Left,39,37,4,12996487,nan,nan,0.00
8/17/2026 15:36:13,1.17.3,LeftRight,2,4.03,nan,1,Left,Left,40,37,4,13007445,nan,nan,0.00
8/17/2026 15:37:12,1.17.3,LeftRight,2,4.03,nan,1,RESET,Left,40,37,4,13066328,nan,nan,nan
8/17/2026 15:41:51,1.17.3,LeftRight,2,4.03,nan,1,Right,Left,40,38,4,13345609,nan,nan,0.00
8/17/2026 15:53:01,1.17.3,LeftRight,2,4.03,nan,1,Right,Left,40,39,4,14014718,nan,nan,0.35
8/17/2026 15:53:25,1.17.3,LeftRight,2,4.03,nan,1,Left,Left,41,39,4,14039156,nan,nan,0.00
8/17/2026 15:54:24,1.17.3,LeftRight,2,4.03,nan,1,RESET,Left,41,39,4,14098303,nan,nan,nan
8/17/2026 15:55:21,1.17.3,LeftRight,2,4.03,nan,1,Right,Left,41,40,4,14155488,nan,nan,0.24
8/17/2026 16:03:55,1.17.3,LeftRight,2,4.03,nan,1,Right,Left,41,41,4,14669119,nan,nan,0.31
8/17/2026 16:04:12,1.17.3,LeftRight,2,4.03,nan,1,Right,Left,41,42,4,14686728,nan,nan,0.13
8/17/2026 16:44:26,1.17.3,LeftRight,2,4.03,nan,1,Right,Left,41,43,4,17100347,nan,nan,0.23
8/17/2026 16:46:35,1.17.3,LeftRight,2,4.03,nan,1,Left,Left,42,43,4,17229578,nan,nan,0.00
8/17/2026 16:46:36,1.17.3,LeftRight,2,4.03,nan,1,Left,Left,43,43,4,17230284,nan,nan,0.00
8/17/2026 16:46:37,1.17.3,LeftRight,2,4.03,nan,1,Left,Left,44,43,4,17231530,nan,nan,0.00
8/17/2026 16:47:37,1.17.3,LeftRight,2,4.03,nan,1,RESET,Left,44,43,4,17291407,nan,nan,nan
8/17/2026 16:48:10,1.17.3,LeftRight,2,4.03,nan,1,Left,Left,45,43,4,17324349,nan,nan,0.00
8/17/2026 16:49:09,1.17.3,LeftRight,2,4.03,nan,1,RESET,Left,45,43,4,17383392,nan,nan,nan
8/17/2026 16:50:15,1.17.3,LeftRight,2,4.03,nan,1,Right,Left,45,44,4,17449540,nan,nan,0.08
8/17/2026 17:01:16,1.17.3,LeftRight,2,4.03,nan,1,Right,Left,45,45,4,18110172,nan,nan,0.00
8/17/2026 17:01:19,1.17.3,LeftRight,2,4.03,nan,1,Right,Left,45,46,4,18113294,nan,nan,0.00
8/17/2026 17:01:23,1.17.3,LeftRight,2,4.03,nan,1,Right,Left,45,47,4,18117156,nan,nan,0.07
8/17/2026 17:01:38,1.17.3,LeftRight,2,4.03,nan,1,Right,Left,45,48,4,18132327,nan,nan,0.26
8/17/2026 17:03:16,1.17.3,LeftRight,2,4.03,nan,1,Left,Left,46,48,4,18230200,nan,nan,0.00
8/17/2026 17:03:20,1.17.3,LeftRight,2,4.03,nan,1,Left,Left,47,48,4,18234088,nan,nan,0.00
8/17/2026 17:03:28,1.17.3,LeftRight,2,4.03,nan,1,Right,Left,47,49,4,18242478,nan,nan,0.14
8/17/2026 17:03:38,1.17.3,LeftRight,2,4.03,4,1,Pellet,Left,47,49,5,18242478,2.57,6359,nan
8/17/2026 17:05:12,1.17.3,LeftRight,2,4.03,nan,1,Right,Left,47,50,5,18346108,nan,nan,0.18
8/17/2026 17:06:47,1.17.3,LeftRight,2,4.03,nan,1,Left,Left,48,50,5,18441624,nan,nan,0.00
8/17/2026 17:07:22,1.17.3,LeftRight,2,4.03,nan,1,Left,Left,49,50,5,18476117,nan,nan,0.00
8/17/2026 17:08:21,1.17.3,LeftRight,2,4.03,nan,1,RESET,Left,49,50,5,18535452,nan,nan,nan
8/17/2026 17:13:51,1.17.3,LeftRight,2,4.03,nan,1,Right,Left,49,51,5,18865214,nan,nan,0.41
8/17/2026 17:19:12,1.17.3,LeftRight,2,4.03,nan,1,Left,Left,50,51,5,19186431,nan,nan,0.00
8/17/2026 17:19:15,1.17.3,LeftRight,2,4.03,nan,1,Left,Left,51,51,5,19189407,nan,nan,0.00
8/17/2026 17:19:16,1.17.3,LeftRight,2,4.03,nan,1,Left,Left,52,51,5,19190357,nan,nan,0.00
8/17/2026 17:19:26,1.17.3,LeftRight,2,4.03,nan,1,Left,Left,53,51,5,19200530,nan,nan,0.00
8/17/2026 17:19:40,1.17.3,LeftRight,2,4.03,nan,1,Left,Left,54,51,5,19214427,nan,nan,0.00
8/17/2026 17:19:48,1.17.3,LeftRight,2,4.03,nan,1,Right,Left,54,52,5,19221350,nan,nan,1.51
8/17/2026 17:19:49,1.17.3,LeftRight,2,4.03,nan,1,RightDuringDispense,Left,54,53,5,19221350,nan,nan,0.09
8/17/2026 17:19:52,1.17.3,LeftRight,2,4.03,1,1,Pellet,Left,54,53,6,19221350,2.81,974,nan
8/17/2026 17:21:06,1.17.3,LeftRight,2,4.03,nan,1,Left,Left,55,53,6,19300295,nan,nan,0.00
8/17/2026 17:21:08,1.17.3,LeftRight,2,4.03,nan,1,Left,Left,56,53,6,19302796,nan,nan,0.00
8/17/2026 17:21:30,1.17.3,LeftRight,2,4.02,nan,1,Right,Left,56,54,6,19324366,nan,nan,0.16
8/17/2026 17:21:34,1.17.3,LeftRight,2,4.03,1,1,Pellet,Left,56,54,7,19324366,3.65,102,nan
8/17/2026 17:22:11,1.17.3,LeftRight,2,4.03,nan,1,Left,Left,57,54,7,19365906,nan,nan,0.00
8/17/2026 17:22:34,1.17.3,LeftRight,2,4.03,nan,1,Left,Left,58,54,7,19389052,nan,nan,0.00
8/17/2026 17:22:36,1.17.3,LeftRight,2,4.03,nan,1,Left,Left,59,54,7,19390067,nan,nan,0.00
8/17/2026 17:22:42,1.17.3,LeftRight,2,4.03,nan,1,Right,Left,59,55,7,19396558,nan,nan,0.17
8/17/2026 17:22:43,1.17.3,LeftRight,2,4.03,1,1,Pellet,Left,59,55,8,19396558,0.06,69,nan
8/17/2026 17:26:04,1.17.3,LeftRight,2,4.03,nan,1,Left,Left,60,55,8,19598431,nan,nan,0.00
8/17/2026 17:26:07,1.17.3,LeftRight,2,4.03,nan,1,Left,Left,61,55,8,19601576,nan,nan,0.00
8/17/2026 17:27:06,1.17.3,LeftRight,2,4.03,nan,1,RESET,Left,61,55,8,19660488,nan,nan,nan
8/17/2026 17:33:07,1.17.3,LeftRight,2,4.03,nan,1,Left,Left,62,55,8,20021996,nan,nan,0.00
8/17/2026 17:33:12,1.17.3,LeftRight,2,4.03,nan,1,Left,Left,63,55,8,20026590,nan,nan,0.00
8/17/2026 17:33:14,1.17.3,LeftRight,2,4.03,nan,1,Left,Left,64,55,8,20028848,nan,nan,0.00
8/17/2026 17:33:16,1.17.3,LeftRight,2,4.03,nan,1,Left,Left,65,55,8,20030631,nan,nan,0.00
8/17/2026 17:33:20,1.17.3,LeftRight,2,4.03,nan,1,Left,Left,66,55,8,20034482,nan,nan,0.00
8/17/2026 17:34:19,1.17.3,LeftRight,2,4.03,nan,1,RESET,Left,66,55,8,20093582,nan,nan,nan
8/17/2026 17:38:30,1.17.3,LeftRight,2,4.03,nan,1,Left,Left,67,55,8,20344830,nan,nan,0.00
8/17/2026 17:39:30,1.17.3,LeftRight,2,4.03,nan,1,RESET,Left,67,55,8,20404496,nan,nan,nan
8/17/2026 17:40:26,1.17.3,LeftRight,2,4.02,nan,1,Right,Left,67,56,8,20459843,nan,nan,1.03
8/17/2026 17:41:16,1.17.3,LeftRight,2,4.03,nan,1,Right,Left,67,57,8,20510559,nan,nan,0.53
8/17/2026 17:45:10,1.17.3,LeftRight,2,4.03,nan,1,Right,Left,67,58,8,20744939,nan,nan,0.00
8/17/2026 17:47:19,1.17.3,LeftRight,2,4.03,nan,1,Right,Left,67,59,8,20873430,nan,nan,0.00
8/17/2026 17:47:26,1.17.3,LeftRight,2,4.03,nan,1,Left,Left,68,59,8,20880464,nan,nan,0.00
8/17/2026 17:47:38,1.17.3,LeftRight,2,4.03,nan,1,Right,Left,68,60,8,20892525,nan,nan,0.05
8/17/2026 17:47:43,1.17.3,LeftRight,2,4.02,3,1,Pellet,Left,68,60,9,20892525,0.06,1500,nan
8/17/2026 17:54:16,1.17.3,LeftRight,2,4.03,nan,1,Left,Left,69,60,9,21290387,nan,nan,0.00
8/17/2026 17:55:15,1.17.3,LeftRight,2,4.03,nan,1,RESET,Left,69,60,9,21349616,nan,nan,nan
8/17/2026 18:00:37,1.17.3,LeftRight,2,4.03,nan,1,Right,Left,69,61,9,21671820,nan,nan,0.02
8/17/2026 18:00:40,1.17.3,LeftRight,2,4.03,nan,1,Left,Left,70,61,9,21674915,nan,nan,0.00
8/17/2026 18:00:48,1.17.3,LeftRight,2,4.03,nan,1,Right,Left,70,62,9,21682141,nan,nan,0.22
8/17/2026 18:00:49,1.17.3,LeftRight,2,4.03,1,1,Pellet,Left,70,62,10,21682141,0.95,786,nan
8/17/2026 18:01:46,1.17.3,LeftRight,2,4.03,nan,1,Left,Left,71,62,10,21740767,nan,nan,0.00
8/17/2026 18:02:07,1.17.3,LeftRight,2,4.03,nan,1,Right,Left,71,63,10,21761617,nan,nan,0.31
8/17/2026 18:02:10,1.17.3,LeftRight,2,4.03,1,1,Pellet,Left,71,63,11,21761617,2.09,81,nan
8/17/2026 18:02:43,1.17.3,LeftRight,2,4.03,nan,1,Right,Left,71,64,11,21797582,nan,nan,0.16
8/17/2026 18:03:27,1.17.3,LeftRight,2,4.02,nan,1,Left,Left,72,64,11,21841283,nan,nan,0.00
8/17/2026 18:04:26,1.17.3,LeftRight,2,4.03,nan,1,RESET,Left,72,64,11,21900657,nan,nan,nan
8/17/2026 18:09:32,1.17.3,LeftRight,2,4.03,nan,1,Left,Left,73,64,11,22206921,nan,nan,0.00
8/17/2026 18:09:40,1.17.3,LeftRight,2,4.03,nan,1,Left,Left,74,64,11,22214792,nan,nan,0.00
8/17/2026 18:09:48,1.17.3,LeftRight,2,4.02,nan,1,Right,Left,74,65,11,22223045,nan,nan,0.09
8/17/2026 18:09:51,1.17.3,LeftRight,2,4.03,1,1,Pellet,Left,74,65,12,22223045,1.49,461,nan
8/17/2026 18:10:22,1.17.3,LeftRight,2,4.03,nan,1,Right,Left,74,66,12,22256120,nan,nan,0.13
8/17/2026 18:10:37,1.17.3,LeftRight,2,4.03,nan,1,Left,Left,75,66,12,22272098,nan,nan,0.00
8/17/2026 18:10:41,1.17.3,LeftRight,2,4.03,nan,1,Right,Left,75,67,12,22275374,nan,nan,0.29
8/17/2026 18:10:44,1.17.3,LeftRight,2,4.03,1,1,Pellet,Left,75,67,13,22275374,2.45,53,nan
8/17/2026 18:11:48,1.17.3,LeftRight,2,4.02,nan,1,Right,Left,75,68,13,22343028,nan,nan,0.00
8/17/2026 18:12:25,1.17.3,LeftRight,2,4.02,nan,1,Left,Left,76,68,13,22379580,nan,nan,0.00
8/17/2026 18:12:34,1.17.3,LeftRight,2,4.03,nan,1,Left,Left,77,68,13,22389030,nan,nan,0.00
8/17/2026 18:12:40,1.17.3,LeftRight,2,4.03,nan,1,Left,Left,78,68,13,22394748,nan,nan,0.00
8/17/2026 18:12:42,1.17.3,LeftRight,2,4.02,nan,1,Left,Left,79,68,13,22397004,nan,nan,0.00
8/17/2026 18:12:48,1.17.3,LeftRight,2,4.03,nan,1,Right,Left,79,69,13,22402333,nan,nan,0.07
8/17/2026 18:12:49,1.17.3,LeftRight,2,4.02,1,1,Pellet,Left,79,69,14,22402333,0.06,124,nan
8/17/2026 18:13:07,1.17.3,LeftRight,2,4.03,nan,1,Right,Left,79,70,14,22421831,nan,nan,0.20
8/17/2026 18:15:29,1.17.3,LeftRight,2,4.02,nan,1,Left,Left,80,70,14,22563585,nan,nan,0.00
8/17/2026 18:15:43,1.17.3,LeftRight,2,4.03,nan,1,Right,Left,80,71,14,22578142,nan,nan,0.00
8/17/2026 18:15:47,1.17.3,LeftRight,2,4.03,1,1,Pellet,Left,80,71,15,22578142,2.63,179,nan
8/17/2026 18:16:40,1.17.3,LeftRight,2,4.03,nan,1,Right,Left,80,72,15,22634393,nan,nan,0.00
8/17/2026 18:16:50,1.17.3,LeftRight,2,4.02,nan,1,Right,Left,80,73,15,22644267,nan,nan,0.19
8/17/2026 18:16:54,1.17.3,LeftRight,2,4.03,nan,1,Right,Left,80,74,15,22648620,nan,nan,0.24
8/17/2026 18:17:07,1.17.3,LeftRight,2,4.03,nan,1,Right,Left,80,75,15,22661808,nan,nan,0.35
8/17/2026 18:17:11,1.17.3,LeftRight,2,4.02,nan,1,Right,Left,80,76,15,22665289,nan,nan,0.17
8/17/2026 18:17:20,1.17.3,LeftRight,2,4.03,nan,1,Left,Left,81,76,15,22674361,nan,nan,0.00
8/17/2026 18:17:30,1.17.3,LeftRight,2,4.03,nan,1,Right,Left,81,77,15,22684808,nan,nan,0.36
8/17/2026 18:17:32,1.17.3,LeftRight,2,4.02,1,1,Pellet,Left,81,77,16,22684808,0.71,105,nan
8/17/2026 18:17:45,1.17.3,LeftRight,2,4.03,nan,1,Right,Left,81,78,16,22699825,nan,nan,0.02
8/17/2026 18:18:06,1.17.3,LeftRight,2,4.03,nan,1,Left,Left,82,78,16,22721116,nan,nan,0.00
8/17/2026 18:18:25,1.17.3,LeftRight,2,4.03,nan,1,Right,Left,82,79,16,22739796,nan,nan,0.34
8/17/2026 18:18:32,1.17.3,LeftRight,2,4.03,3,1,Pellet,Left,82,79,17,22739796,2.21,60,nan
8/17/2026 18:18:49,1.17.3,LeftRight,2,4.02,nan,1,Left,Left,83,79,17,22763397,nan,nan,0.00
8/17/2026 18:19:02,1.17.3,LeftRight,2,4.03,nan,1,Left,Left,84,79,17,22776557,nan,nan,0.00
8/17/2026 18:19:11,1.17.3,LeftRight,2,4.02,nan,1,Left,Left,85,79,17,22785495,nan,nan,0.00
8/17/2026 18:20:10,1.17.3,LeftRight,2,4.02,nan,1,RESET,Left,85,79,17,22844598,nan,nan,nan
8/17/2026 18:21:03,1.17.3,LeftRight,2,4.02,nan,1,Left,Left,86,79,17,22898165,nan,nan,0.00
8/17/2026 18:21:20,1.17.3,LeftRight,2,4.03,nan,1,Right,Left,86,80,17,22914042,nan,nan,0.15
8/17/2026 18:21:23,1.17.3,LeftRight,2,4.03,1,1,Pellet,Left,86,80,18,22914042,2.63,171,nan
8/17/2026 18:21:47,1.17.3,LeftRight,2,4.03,nan,1,Right,Left,86,81,18,22941544,nan,nan,0.23
8/17/2026 18:21:49,1.17.3,LeftRight,2,4.03,nan,1,Right,Left,86,82,18,22943150,nan,nan,0.27
8/17/2026 18:22:04,1.17.3,LeftRight,2,4.02,nan,1,Left,Left,87,82,18,22958668,nan,nan,0.00
8/17/2026 18:22:15,1.17.3,LeftRight,2,4.02,nan,1,Right,Left,87,83,18,22969434,nan,nan,0.13
8/17/2026 18:22:22,1.17.3,LeftRight,2,4.02,3,1,Pellet,Left,87,83,19,22969434,2.57,59,nan
8/17/2026 18:22:40,1.17.3,LeftRight,2,4.03,nan,1,Left,Left,88,83,19,22994716,nan,nan,0.00
8/17/2026 18:22:44,1.17.3,LeftRight,2,4.02,nan,1,Left,Left,89,83,19,22998505,nan,nan,0.00
8/17/2026 18:23:43,1.17.3,LeftRight,2,4.03,nan,1,RESET,Left,89,83,19,23057712,nan,nan,nan
8/17/2026 18:25:05,1.17.3,LeftRight,2,4.03,nan,1,Right,Left,89,84,19,23139448,nan,nan,0.00
8/17/2026 18:25:11,1.17.3,LeftRight,2,4.02,nan,1,Right,Left,89,85,19,23145810,nan,nan,0.13
8/17/2026 18:25:24,1.17.3,LeftRight,2,4.03,nan,1,Left,Left,90,85,19,23158581,nan,nan,0.00
8/17/2026 18:26:23,1.17.3,LeftRight,2,4.03,nan,1,RESET,Left,90,85,19,23217635,nan,nan,nan
8/17/2026 18:27:31,1.17.3,LeftRight,2,4.02,nan,1,Right,Left,90,86,19,23285130,nan,nan,0.26
8/17/2026 18:28:02,1.17.3,LeftRight,2,4.02,nan,1,Right,Left,90,87,19,23316250,nan,nan,0.94
8/17/2026 18:28:12,1.17.3,LeftRight,2,4.03,nan,1,Left,Left,91,87,19,23326343,nan,nan,0.00
8/17/2026 18:28:19,1.17.3,LeftRight,2,4.03,nan,1,Left,Left,92,87,19,23333633,nan,nan,0.00
8/17/2026 18:28:23,1.17.3,LeftRight,2,4.03,nan,1,Left,Left,93,87,19,23337692,nan,nan,0.00
8/17/2026 18:28:24,1.17.3,LeftRight,2,4.03,nan,1,Left,Left,94,87,19,23339121,nan,nan,0.00
8/17/2026 18:28:27,1.17.3,LeftRight,2,4.03,nan,1,Left,Left,95,87,19,23341636,nan,nan,0.00
8/17/2026 18:28:42,1.17.3,LeftRight,2,4.03,nan,1,Right,Left,95,88,19,23356361,nan,nan,0.44
8/17/2026 18:28:45,1.17.3,LeftRight,2,4.03,1,1,Pellet,Left,95,88,20,23356361,1.85,383,nan
8/17/2026 18:29:59,1.17.3,LeftRight,2,4.03,nan,1,Right,Left,95,89,20,23434063,nan,nan,0.00
8/17/2026 18:30:08,1.17.3,LeftRight,2,4.03,nan,1,Right,Left,95,90,20,23442489,nan,nan,0.10
8/17/2026 18:31:37,1.17.3,LeftRight,2,4.03,nan,1,Right,Left,95,91,20,23531294,nan,nan,0.53
8/17/2026 18:31:45,1.17.3,LeftRight,2,4.03,nan,1,Left,Left,96,91,20,23539760,nan,nan,0.00
8/17/2026 18:32:07,1.17.3,LeftRight,2,4.02,nan,1,Right,Left,96,92,20,23562104,nan,nan,0.01
8/17/2026 18:32:08,1.17.3,LeftRight,2,4.03,nan,1,RightDuringDispense,Left,96,93,20,23562104,nan,nan,0.02
8/17/2026 18:32:12,1.17.3,LeftRight,2,4.02,2,1,Pellet,Left,96,93,21,23562104,1.49,207,nan
8/17/2026 18:32:24,1.17.3,LeftRight,2,4.03,nan,1,Right,Left,96,94,21,23578470,nan,nan,0.03
8/17/2026 18:36:31,1.17.3,LeftRight,2,4.03,nan,1,Left,Left,97,94,21,23825821,nan,nan,0.00
8/17/2026 18:36:42,1.17.3,LeftRight,2,4.03,nan,1,Right,Left,97,95,21,23836283,nan,nan,0.23
8/17/2026 18:36:45,1.17.3,LeftRight,2,4.02,1,1,Pellet,Left,97,95,22,23836283,2.39,273,nan
8/17/2026 18:36:57,1.17.3,LeftRight,2,4.02,nan,1,Left,Left,98,95,22,23851363,nan,nan,0.00
8/17/2026 18:37:08,1.17.3,LeftRight,2,4.03,nan,1,Left,Left,99,95,22,23862706,nan,nan,0.00
8/17/2026 18:37:21,1.17.3,LeftRight,2,4.03,nan,1,Left,Left,100,95,22,23875859,nan,nan,0.00
8/17/2026 18:37:30,1.17.3,LeftRight,2,4.02,nan,1,Right,Left,100,96,22,23884872,nan,nan,0.00
8/17/2026 18:37:32,1.17.3,LeftRight,2,4.02,1,1,Pellet,Left,100,96,23,23884872,1.13,47,nan
8/17/2026 18:37:47,1.17.3,LeftRight,2,4.02,nan,1,Right,Left,100,97,23,23901266,nan,nan,0.78
8/17/2026 18:37:56,1.17.3,LeftRight,2,4.02,nan,1,Right,Left,100,98,23,23909737,nan,nan,0.68
8/17/2026 18:42:27,1.17.3,LeftRight,2,4.03,nan,1,Left,Left,101,98,23,24181639,nan,nan,0.00
8/17/2026 18:42:40,1.17.3,LeftRight,2,4.02,nan,1,Right,Left,101,99,23,24194466,nan,nan,0.23
8/17/2026 18:42:43,1.17.3,LeftRight,2,4.03,2,1,Pellet,Left,101,99,24,24194466,1.85,311,nan
8/17/2026 18:43:21,1.17.3,LeftRight,2,4.03,nan,1,Right,Left,101,100,24,24235563,nan,nan,0.05
8/17/2026 18:43:26,1.17.3,LeftRight,2,4.02,nan,1,Right,Left,101,101,24,24240511,nan,nan,0.24
8/17/2026 18:43:31,1.17.3,LeftRight,2,4.02,nan,1,Right,Left,101,102,24,24245652,nan,nan,0.20
8/17/2026 18:43:37,1.17.3,LeftRight,2,4.02,nan,1,Right,Left,101,103,24,24251189,nan,nan,0.24
8/17/2026 18:43:48,1.17.3,LeftRight,2,4.02,nan,1,Left,Left,102,103,24,24262940,nan,nan,0.00
8/17/2026 18:44:48,1.17.3,LeftRight,2,4.02,nan,1,RESET,Left,102,103,24,24322665,nan,nan,nan
8/17/2026 18:44:56,1.17.3,LeftRight,2,4.03,nan,1,Right,Left,102,104,24,24330301,nan,nan,0.36
8/17/2026 18:45:04,1.17.3,LeftRight,2,4.02,nan,1,Right,Left,102,105,24,24338942,nan,nan,0.24
8/17/2026 18:49:36,1.17.3,LeftRight,2,4.03,nan,1,Left,Left,103,105,24,24611033,nan,nan,0.00
8/17/2026 18:49:48,1.17.3,LeftRight,2,4.03,nan,1,Left,Left,104,105,24,24622620,nan,nan,0.00
8/17/2026 18:50:02,1.17.3,LeftRight,2,4.03,nan,1,Left,Left,105,105,24,24636318,nan,nan,0.00
8/17/2026 18:51:01,1.17.3,LeftRight,2,4.03,nan,1,RESET,Left,105,105,24,24695639,nan,nan,nan
8/17/2026 18:53:23,1.17.3,LeftRight,2,4.03,nan,1,Left,Left,106,105,24,24838040,nan,nan,0.00
8/17/2026 18:53:40,1.17.3,LeftRight,2,4.02,nan,1,Right,Left,106,106,24,24853980,nan,nan,0.31
8/17/2026 18:53:46,1.17.3,LeftRight,2,4.03,4,1,Pellet,Left,106,106,25,24853980,1.61,663,nan
8/17/2026 18:54:45,1.17.3,LeftRight,2,4.03,nan,1,Right,Left,106,107,25,24920018,nan,nan,0.23
8/17/2026 18:58:29,1.17.3,LeftRight,2,4.02,nan,1,Right,Left,106,108,25,25144159,nan,nan,0.04
8/17/2026 19:00:07,1.17.3,LeftRight,2,4.02,nan,1,Right,Left,106,109,25,25241556,nan,nan,0.42
8/17/2026 19:00:20,1.17.3,LeftRight,2,4.02,nan,1,Left,Left,107,109,25,25255269,nan,nan,0.00
8/17/2026 19:00:49,1.17.3,LeftRight,2,4.02,nan,1,Right,Left,107,110,25,25283548,nan,nan,0.73
8/17/2026 19:00:54,1.17.3,LeftRight,2,4.02,2,1,Pellet,Left,107,110,26,25283548,3.95,428,nan
8/17/2026 19:01:12,1.17.3,LeftRight,2,4.02,nan,1,Left,Left,108,110,26,25306799,nan,nan,0.00
8/17/2026 19:01:14,1.17.3,LeftRight,2,4.02,nan,1,Right,Left,108,111,26,25308761,nan,nan,0.23
8/17/2026 19:01:16,1.17.3,LeftRight,2,4.02,1,1,Pellet,Left,108,111,27,25308761,1.07,22,nan
8/17/2026 19:01:31,1.17.3,LeftRight,2,4.03,nan,1,Right,Left,108,112,27,25324987,nan,nan,0.36
8/17/2026 19:01:34,1.17.3,LeftRight,2,4.02,nan,1,Right,Left,108,113,27,25328337,nan,nan,0.20
8/17/2026 19:01:36,1.17.3,LeftRight,2,4.02,nan,1,Right,Left,108,114,27,25329912,nan,nan,0.38
8/17/2026 19:01:37,1.17.3,LeftRight,2,4.02,nan,1,Right,Left,108,115,27,25331518,nan,nan,0.08
8/17/2026 19:01:44,1.17.3,LeftRight,2,4.03,nan,1,Left,Left,109,115,27,25338521,nan,nan,0.00
8/17/2026 19:01:45,1.17.3,LeftRight,2,4.02,nan,1,Left,Left,110,115,27,25339701,nan,nan,0.00
8/17/2026 19:01:54,1.17.3,LeftRight,2,4.02,nan,1,Left,Left,111,115,27,25349067,nan,nan,0.00
8/17/2026 19:01:57,1.17.3,LeftRight,2,4.02,nan,1,Right,Left,111,116,27,25351610,nan,nan,0.17
8/17/2026 19:01:59,1.17.3,LeftRight,2,4.02,1,1,Pellet,Left,111,116,28,25351610,0.83,43,nan
8/17/2026 19:02:14,1.17.3,LeftRight,2,4.02,nan,1,Left,Left,112,116,28,25369142,nan,nan,0.00
8/17/2026 19:02:18,1.17.3,LeftRight,2,4.02,nan,1,Left,Left,113,116,28,25372292,nan,nan,0.00
8/17/2026 19:02:27,1.17.3,LeftRight,2,4.02,nan,1,Right,Left,113,117,28,25381161,nan,nan,0.42
8/17/2026 19:02:28,1.17.3,LeftRight,2,4.02,1,1,Pellet,Left,113,117,29,25381161,0.95,29,nan
8/17/2026 19:02:38,1.17.3,LeftRight,2,4.02,nan,1,Right,Left,113,118,29,25392533,nan,nan,0.17
8/17/2026 19:02:41,1.17.3,LeftRight,2,4.02,nan,1,Right,Left,113,119,29,25395394,nan,nan,0.06
8/17/2026 19:02:43,1.17.3,LeftRight,2,4.02,nan,1,Right,Left,113,120,29,25397264,nan,nan,0.13
8/17/2026 19:03:14,1.17.3,LeftRight,2,4.02,nan,1,Right,Left,113,121,29,25428600,nan,nan,0.33
8/17/2026 19:03:28,1.17.3,LeftRight,2,4.03,nan,1,Right,Left,113,122,29,25442491,nan,nan,0.19
8/17/2026 19:03:31,1.17.3,LeftRight,2,4.03,nan,1,Left,Left,114,122,29,25446050,nan,nan,0.00
8/17/2026 19:03:34,1.17.3,LeftRight,2,4.03,nan,1,Left,Left,115,122,29,25448899,nan,nan,0.00
8/17/2026 19:03:37,1.17.3,LeftRight,2,4.02,nan,1,Right,Left,115,123,29,25451008,nan,nan,0.33
8/17/2026 19:03:38,1.17.3,LeftRight,2,4.02,1,1,Pellet,Left,115,123,30,25451008,0.89,70,nan
8/17/2026 19:07:33,1.17.3,LeftRight,2,4.02,nan,1,Right,Left,115,124,30,25687527,nan,nan,0.08
8/17/2026 19:07:45,1.17.3,LeftRight,2,4.02,nan,1,Right,Left,115,125,30,25699697,nan,nan,0.34
8/17/2026 19:07:51,1.17.3,LeftRight,2,4.02,nan,1,Right,Left,115,126,30,25704935,nan,nan,0.37
8/17/2026 19:07:52,1.17.3,LeftRight,2,4.02,nan,1,Right,Left,115,127,30,25706537,nan,nan,0.69
8/17/2026 19:07:54,1.17.3,LeftRight,2,4.02,nan,1,Right,Left,115,128,30,25708892,nan,nan,0.34
8/17/2026 19:09:08,1.17.3,LeftRight,2,4.02,nan,1,Right,Left,115,129,30,25782210,nan,nan,0.37
8/17/2026 19:10:49,1.17.3,LeftRight,2,4.03,nan,1,Left,Left,116,129,30,25883363,nan,nan,0.00
8/17/2026 19:11:08,1.17.3,LeftRight,2,4.02,nan,1,Left,Left,117,129,30,25902989,nan,nan,0.00
8/17/2026 19:12:08,1.17.3,LeftRight,2,4.02,nan,1,RESET,Left,117,129,30,25962738,nan,nan,nan
8/17/2026 19:24:40,1.17.3,LeftRight,2,4.02,nan,1,Right,Left,117,130,30,26714682,nan,nan,0.18
8/17/2026 19:24:41,1.17.3,LeftRight,2,4.02,nan,1,Right,Left,117,131,30,26716235,nan,nan,0.00
8/17/2026 19:24:47,1.17.3,LeftRight,2,4.02,nan,1,Right,Left,117,132,30,26721131,nan,nan,0.43
8/17/2026 19:24:49,1.17.3,LeftRight,2,4.02,nan,1,Left,Left,118,132,30,26724269,nan,nan,0.00
8/17/2026 19:24:56,1.17.3,LeftRight,2,4.02,nan,1,Right,Left,118,133,30,26730639,nan,nan,0.32
8/17/2026 19:25:00,1.17.3,LeftRight,2,4.02,2,1,Pellet,Left,118,133,31,26730639,1.43,1282,nan
8/17/2026 19:25:30,1.17.3,LeftRight,2,4.02,nan,1,Right,Left,118,134,31,26763365,nan,nan,0.99
8/17/2026 19:25:38,1.17.3,LeftRight,2,4.02,nan,1,Right,Left,118,135,31,26772046,nan,nan,0.65
8/17/2026 19:25:43,1.17.3,LeftRight,2,4.02,nan,1,Right,Left,118,136,31,26777011,nan,nan,0.35
8/17/2026 19:25:46,1.17.3,LeftRight,2,4.02,nan,1,Left,Left,119,136,31,26780658,nan,nan,0.00
8/17/2026 19:25:49,1.17.3,LeftRight,2,4.02,nan,1,Left,Left,120,136,31,26783546,nan,nan,0.00
8/17/2026 19:25:51,1.17.3,LeftRight,2,4.03,nan,1,Left,Left,121,136,31,26785620,nan,nan,0.00
8/17/2026 19:25:56,1.17.3,LeftRight,2,4.02,nan,1,Right,Left,121,137,31,26790959,nan,nan,0.24
8/17/2026 19:26:00,1.17.3,LeftRight,2,4.02,2,1,Pellet,Left,121,137,32,26790959,0.35,60,nan
8/17/2026 19:26:15,1.17.3,LeftRight,2,4.02,nan,1,Right,Left,121,138,32,26809726,nan,nan,0.52
8/17/2026 19:26:17,1.17.3,LeftRight,2,4.02,nan,1,Right,Left,121,139,32,26811036,nan,nan,0.54
8/17/2026 19:26:19,1.17.3,LeftRight,2,4.02,nan,1,Right,Left,121,140,32,26813240,nan,nan,0.45
8/17/2026 19:26:21,1.17.3,LeftRight,2,4.02,nan,1,Right,Left,121,141,32,26815363,nan,nan,0.40
8/17/2026 19:26:23,1.17.3,LeftRight,2,4.02,nan,1,Left,Left,122,141,32,26817822,nan,nan,0.00
8/17/2026 19:26:30,1.17.3,LeftRight,2,4.02,nan,1,Right,Left,122,142,32,26824486,nan,nan,0.78
8/17/2026 19:26:32,1.17.3,LeftRight,2,4.02,1,1,Pellet,Left,122,142,33,26824486,0.71,32,nan
8/17/2026 19:27:05,1.17.3,LeftRight,2,4.02,nan,1,Right,Left,122,143,33,26859712,nan,nan,0.21
8/17/2026 19:27:08,1.17.3,LeftRight,2,4.02,nan,1,Right,Left,122,144,33,26862764,nan,nan,0.20
8/17/2026 19:27:13,1.17.3,LeftRight,2,4.02,nan,1,Left,Left,123,144,33,26867851,nan,nan,0.00
8/17/2026 19:27:16,1.17.3,LeftRight,2,4.02,nan,1,Right,Left,123,145,33,26870255,nan,nan,0.41
8/17/2026 19:27:18,1.17.3,LeftRight,2,4.02,1,1,Pellet,Left,123,145,34,26870255,1.55,46,nan
8/17/2026 19:28:51,1.17.3,LeftRight,2,4.03,nan,1,Left,Left,124,145,34,26965957,nan,nan,0.00
8/17/2026 19:28:55,1.17.3,LeftRight,2,4.02,nan,1,Left,Left,125,145,34,26969399,nan,nan,0.00
8/17/2026 19:29:03,1.17.3,LeftRight,2,4.02,nan,1,Right,Left,125,146,34,26977389,nan,nan,0.39
8/17/2026 19:29:08,1.17.3,LeftRight,2,4.02,2,1,Pellet,Left,125,146,35,26977389,1.97,110,nan
8/17/2026 19:34:06,1.17.3,LeftRight,2,4.02,nan,1,Right,Left,125,147,35,27280404,nan,nan,0.17
8/17/2026 19:34:20,1.17.3,LeftRight,2,4.02,nan,1,Left,Left,126,147,35,27295012,nan,nan,0.00
8/17/2026 19:34:22,1.17.3,LeftRight,2,4.02,nan,1,Left,Left,127,147,35,27296834,nan,nan,0.00
8/17/2026 19:34:25,1.17.3,LeftRight,2,4.02,nan,1,Left,Left,128,147,35,27299418,nan,nan,0.00
8/17/2026 19:34:28,1.17.3,LeftRight,2,4.02,nan,1,Left,Left,129,147,35,27302685,nan,nan,0.00
8/17/2026 19:34:32,1.17.3,LeftRight,2,4.02,nan,1,Left,Left,130,147,35,27307277,nan,nan,0.00
8/17/2026 19:34:38,1.17.3,LeftRight,2,4.02,nan,1,Left,Left,131,147,35,27313268,nan,nan,0.00
8/17/2026 19:34:42,1.17.3,LeftRight,2,4.02,nan,1,Left,Left,132,147,35,27316846,nan,nan,0.00
8/17/2026 19:34:45,1.17.3,LeftRight,2,4.02,nan,1,Left,Left,133,147,35,27319797,nan,nan,0.00
8/17/2026 19:34:50,1.17.3,LeftRight,2,4.02,nan,1,Left,Left,134,147,35,27325138,nan,nan,0.00
8/17/2026 19:34:54,1.17.3,LeftRight,2,4.02,nan,1,Right,Left,134,148,35,27328717,nan,nan,0.34
8/17/2026 19:34:58,1.17.3,LeftRight,2,4.02,2,1,Pellet,Left,134,148,36,27328717,0.65,350,nan
8/17/2026 19:35:12,1.17.3,LeftRight,2,4.02,nan,1,Right,Left,134,149,36,27346386,nan,nan,0.11
8/17/2026 19:35:13,1.17.3,LeftRight,2,4.02,nan,1,Right,Left,134,150,36,27347576,nan,nan,0.17
8/17/2026 19:35:15,1.17.3,LeftRight,2,4.02,nan,1,Right,Left,134,151,36,27349413,nan,nan,0.20
8/17/2026 19:36:06,1.17.3,LeftRight,2,4.02,nan,1,Right,Left,134,152,36,27401236,nan,nan,0.09
8/17/2026 19:38:21,1.17.3,LeftRight,2,4.02,nan,1,Right,Left,134,153,36,27535625,nan,nan,0.34
8/17/2026 19:38:25,1.17.3,LeftRight,2,4.02,nan,1,Right,Left,134,154,36,27539255,nan,nan,0.21
8/17/2026 19:38:38,1.17.3,LeftRight,2,4.02,nan,1,Right,Left,134,155,36,27552455,nan,nan,0.19
8/17/2026 19:39:46,1.17.3,LeftRight,2,4.02,nan,1,Right,Left,134,156,36,27620642,nan,nan,0.33
8/17/2026 19:39:49,1.17.3,LeftRight,2,4.02,nan,1,Right,Left,134,157,36,27623521,nan,nan,0.34
8/17/2026 19:40:03,1.17.3,LeftRight,2,4.02,nan,1,Right,Left,134,158,36,27637302,nan,nan,0.20
8/17/2026 19:40:06,1.17.3,LeftRight,2,4.02,nan,1,Right,Left,134,159,36,27640492,nan,nan,0.32
8/17/2026 19:51:51,1.17.3,LeftRight,2,4.02,nan,1,Right,Left,134,160,36,28345997,nan,nan,0.04
8/17/2026 19:51:55,1.17.3,LeftRight,2,4.02,nan,1,Right,Left,134,161,36,28349760,nan,nan,0.08
8/17/2026 19:52:01,1.17.3,LeftRight,2,4.02,nan,1,Right,Left,134,162,36,28355179,nan,nan,0.35
8/17/2026 19:52:03,1.17.3,LeftRight,2,4.02,nan,1,Right,Left,134,163,36,28357498,nan,nan,0.11
8/17/2026 19:52:04,1.17.3,LeftRight,2,4.02,nan,1,Right,Left,134,164,36,28358845,nan,nan,0.28
8/17/2026 19:52:07,1.17.3,LeftRight,2,4.02,nan,1,Right,Left,134,165,36,28361238,nan,nan,0.15
8/17/2026 19:52:07,1.17.3,LeftRight,2,4.02,nan,1,Right,Left,134,166,36,28362033,nan,nan,0.10
8/17/2026 19:52:11,1.17.3,LeftRight,2,4.02,nan,1,Right,Left,134,167,36,28364837,nan,nan,0.92
8/17/2026 19:52:28,1.17.3,LeftRight,2,4.02,nan,1,Left,Left,135,167,36,28383078,nan,nan,0.00
8/17/2026 19:52:29,1.17.3,LeftRight,2,4.02,nan,1,Left,Left,136,167,36,28384348,nan,nan,0.00
8/17/2026 19:52:32,1.17.3,LeftRight,2,4.02,nan,1,Right,Left,136,168,36,28386167,nan,nan,0.40
8/17/2026 19:52:33,1.17.3,LeftRight,2,4.02,nan,1,RightDuringDispense,Left,136,169,36,28386167,nan,nan,0.83
8/17/2026 19:52:36,1.17.3,LeftRight,2,4.02,2,1,Pellet,Left,136,169,37,28386167,0.77,1058,nan
8/17/2026 19:52:48,1.17.3,LeftRight,2,4.02,nan,1,Right,Left,136,170,37,28402272,nan,nan,0.53
8/17/2026 19:52:51,1.17.3,LeftRight,2,4.02,nan,1,Right,Left,136,171,37,28405207,nan,nan,0.54
8/17/2026 19:52:54,1.17.3,LeftRight,2,4.02,nan,1,Right,Left,136,172,37,28408155,nan,nan,0.37
8/17/2026 19:53:04,1.17.3,LeftRight,2,4.02,nan,1,Right,Left,136,173,37,28419009,nan,nan,0.18
8/17/2026 19:53:09,1.17.3,LeftRight,2,4.02,nan,1,Right,Left,136,174,37,28422626,nan,nan,0.88
8/17/2026 19:53:10,1.17.3,LeftRight,2,4.02,nan,1,Right,Left,136,175,37,28424437,nan,nan,0.39
8/17/2026 19:53:11,1.17.3,LeftRight,2,4.02,nan,1,Right,Left,136,176,37,28425905,nan,nan,0.18
8/17/2026 19:53:19,1.17.3,LeftRight,2,4.02,nan,1,Right,Left,136,177,37,28433490,nan,nan,0.87
8/17/2026 19:53:22,1.17.3,LeftRight,2,4.02,nan,1,Right,Left,136,178,37,28436474,nan,nan,0.33
8/17/2026 19:53:23,1.17.3,LeftRight,2,4.02,nan,1,Right,Left,136,179,37,28437740,nan,nan,0.55
8/17/2026 19:53:26,1.17.3,LeftRight,2,4.02,nan,1,Left,Left,137,179,37,28440900,nan,nan,0.00
8/17/2026 19:53:32,1.17.3,LeftRight,2,4.02,nan,1,Left,Left,138,179,37,28446646,nan,nan,0.00
8/17/2026 19:54:06,1.17.3,LeftRight,2,4.02,nan,1,Left,Left,139,179,37,28481241,nan,nan,0.00
8/17/2026 19:54:41,1.17.3,LeftRight,2,4.02,nan,1,Right,Left,139,180,37,28515965,nan,nan,0.07
8/17/2026 19:54:45,1.17.3,LeftRight,2,4.02,1,1,Pellet,Left,139,180,38,28515965,3.47,129,nan
8/17/2026 19:55:03,1.17.3,LeftRight,2,4.02,nan,1,Right,Left,139,181,38,28537963,nan,nan,0.18
8/17/2026 19:55:05,1.17.3,LeftRight,2,4.02,nan,1,Right,Left,139,182,38,28539962,nan,nan,0.22
8/17/2026 19:55:08,1.17.3,LeftRight,2,4.02,nan,1,Right,Left,139,183,38,28542148,nan,nan,0.38
8/17/2026 19:55:10,1.17.3,LeftRight,2,4.02,nan,1,Right,Left,139,184,38,28544791,nan,nan,0.41
8/17/2026 19:55:12,1.17.3,LeftRight,2,4.02,nan,1,Right,Left,139,185,38,28546577,nan,nan,0.12
8/17/2026 19:55:26,1.17.3,LeftRight,2,4.02,nan,1,Right,Left,139,186,38,28560586,nan,nan,0.21
8/17/2026 19:57:11,1.17.3,LeftRight,2,4.02,nan,1,Right,Left,139,187,38,28665505,nan,nan,0.34
8/17/2026 20:01:09,1.17.3,LeftRight,2,4.02,nan,1,Right,Left,139,188,38,28903357,nan,nan,0.19
8/17/2026 20:01:10,1.17.3,LeftRight,2,4.02,nan,1,Right,Left,139,189,38,28904486,nan,nan,0.34
8/17/2026 20:01:35,1.17.3,LeftRight,2,4.02,nan,1,Right,Left,139,190,38,28929893,nan,nan,0.09
8/17/2026 20:01:43,1.17.3,LeftRight,2,4.02,nan,1,Right,Left,139,191,38,28937542,nan,nan,0.54
8/17/2026 20:01:49,1.17.3,LeftRight,2,4.02,nan,1,Right,Left,139,192,38,28943278,nan,nan,0.82
8/17/2026 20:01:52,1.17.3,LeftRight,2,4.02,nan,1,Right,Left,139,193,38,28946952,nan,nan,0.18
8/17/2026 20:01:57,1.17.3,LeftRight,2,4.02,nan,1,Left,Left,140,193,38,28952301,nan,nan,0.00
8/17/2026 20:01:58,1.17.3,LeftRight,2,4.02,nan,1,Left,Left,141,193,38,28953403,nan,nan,0.00
8/17/2026 20:02:03,1.17.3,LeftRight,2,4.02,nan,1,Right,Left,141,194,38,28957721,nan,nan,0.14
8/17/2026 20:02:04,1.17.3,LeftRight,2,4.02,nan,1,RightDuringDispense,Left,141,195,38,28957721,nan,nan,0.38
8/17/2026 20:02:05,1.17.3,LeftRight,2,4.02,1,1,Pellet,Left,141,195,39,28957721,1.07,440,nan
8/17/2026 20:02:18,1.17.3,LeftRight,2,4.02,nan,1,Right,Left,141,196,39,28972705,nan,nan,0.17
8/17/2026 20:02:19,1.17.3,LeftRight,2,4.02,nan,1,Right,Left,141,197,39,28973814,nan,nan,0.27
8/17/2026 20:02:27,1.17.3,LeftRight,2,4.02,nan,1,Right,Left,141,198,39,28981483,nan,nan,0.54
8/17/2026 20:02:32,1.17.3,LeftRight,2,4.02,nan,1,Right,Left,141,199,39,28986787,nan,nan,0.31
8/17/2026 20:02:47,1.17.3,LeftRight,2,4.02,nan,1,Right,Left,141,200,39,29001124,nan,nan,0.54
8/17/2026 20:02:51,1.17.3,LeftRight,2,4.02,nan,1,Right,Left,141,201,39,29005246,nan,nan,0.63
8/17/2026 20:03:10,1.17.3,LeftRight,2,4.02,nan,1,Left,Left,142,201,39,29024437,nan,nan,0.00
8/17/2026 20:03:10,1.17.3,LeftRight,2,4.02,nan,1,Left,Left,143,201,39,29025390,nan,nan,0.00
8/17/2026 20:03:13,1.17.3,LeftRight,2,4.02,nan,1,Left,Left,144,201,39,29027773,nan,nan,0.00
8/17/2026 20:03:50,1.17.3,LeftRight,2,4.02,nan,1,Left,Left,145,201,39,29064765,nan,nan,0.00
8/17/2026 20:04:49,1.17.3,LeftRight,2,4.02,nan,1,RESET,Left,145,201,39,29123808,nan,nan,nan
8/17/2026 20:07:54,1.17.3,LeftRight,2,4.02,nan,1,Right,Left,145,202,39,29309047,nan,nan,0.24
8/17/2026 20:08:24,1.17.3,LeftRight,2,4.02,nan,1,Right,Left,145,203,39,29338361,nan,nan,0.18
8/17/2026 20:08:39,1.17.3,LeftRight,2,4.02,nan,1,Right,Left,145,204,39,29353617,nan,nan,0.06
8/17/2026 20:08:41,1.17.3,LeftRight,2,4.02,nan,1,Right,Left,145,205,39,29355206,nan,nan,0.63
8/17/2026 20:08:43,1.17.3,LeftRight,2,4.02,nan,1,Right,Left,145,206,39,29357511,nan,nan,0.16
8/17/2026 20:13:29,1.17.3,LeftRight,2,4.02,nan,1,Right,Left,145,207,39,29643411,nan,nan,0.12
8/17/2026 20:13:36,1.17.3,LeftRight,2,4.02,nan,1,Left,Left,146,207,39,29650982,nan,nan,0.00
8/17/2026 20:13:39,1.17.3,LeftRight,2,4.02,nan,1,Left,Left,147,207,39,29653906,nan,nan,0.00
8/17/2026 20:13:43,1.17.3,LeftRight,2,4.02,nan,1,Right,Left,147,208,39,29657341,nan,nan,0.27
8/17/2026 20:13:43,1.17.3,LeftRight,2,3.95,nan,1,RightDuringDispense,Left,147,209,39,29657341,nan,nan,0.29
8/17/2026 20:13:45,1.17.3,LeftRight,2,4.02,1,1,Pellet,Left,147,209,40,29657341,1.01,700,nan
8/17/2026 20:14:00,1.17.3,LeftRight,2,4.02,nan,1,Right,Left,147,210,40,29673931,nan,nan,0.74
8/17/2026 20:14:02,1.17.3,LeftRight,2,4.02,nan,1,Right,Left,147,211,40,29676343,nan,nan,0.61
8/17/2026 20:14:06,1.17.3,LeftRight,2,4.02,nan,1,Left,Left,148,211,40,29680675,nan,nan,0.00
8/17/2026 20:14:07,1.17.3,LeftRight,2,4.02,nan,1,Left,Left,149,211,40,29681790,nan,nan,0.00
8/17/2026 20:14:12,1.17.3,LeftRight,2,4.02,nan,1,Right,Left,149,212,40,29685955,nan,nan,0.65
8/17/2026 20:14:14,1.17.3,LeftRight,2,4.02,1,1,Pellet,Left,149,212,41,29685955,1.25,29,nan
8/17/2026 20:14:24,1.17.3,LeftRight,2,4.02,nan,1,Left,Left,150,212,41,29699093,nan,nan,0.00
8/17/2026 20:14:28,1.17.3,LeftRight,2,4.02,nan,1,Right,Left,150,213,41,29702377,nan,nan,0.29
8/17/2026 20:14:32,1.17.3,LeftRight,2,4.02,2,1,Pellet,Left,150,213,42,29702377,1.73,18,nan
8/17/2026 20:14:42,1.17.3,LeftRight,2,4.02,nan,1,Right,Left,150,214,42,29716466,nan,nan,0.13
8/17/2026 20:14:43,1.17.3,LeftRight,2,4.02,nan,1,Right,Left,150,215,42,29717240,nan,nan,0.21
8/17/2026 20:14:45,1.17.3,LeftRight,2,4.02,nan,1,Right,Left,150,216,42,29719999,nan,nan,0.23
8/17/2026 20:14:47,1.17.3,LeftRight,2,4.02,nan,1,Right,Left,150,217,42,29721907,nan,nan,0.42
8/17/2026 20:14:49,1.17.3,LeftRight,2,4.02,nan,1,Right,Left,150,218,42,29723554,nan,nan,0.57
8/17/2026 20:14:50,1.17.3,LeftRight,2,4.02,nan,1,Right,Left,150,219,42,29724623,nan,nan,0.34
8/17/2026 20:14:55,1.17.3,LeftRight,2,4.02,nan,1,Right,Left,150,220,42,29729575,nan,nan,0.07
8/17/2026 20:14:59,1.17.3,LeftRight,2,4.02,nan,1,Left,Left,151,220,42,29734275,nan,nan,0.00
8/17/2026 20:15:02,1.17.3,LeftRight,2,4.02,nan,1,Left,Left,152,220,42,29737027,nan,nan,0.00
8/17/2026 20:15:06,1.17.3,LeftRight,2,4.02,nan,1,Right,Left,152,221,42,29740465,nan,nan,0.41
8/17/2026 20:15:10,1.17.3,LeftRight,2,4.02,2,1,Pellet,Left,152,221,43,29740465,0.77,37,nan
8/17/2026 20:15:22,1.17.3,LeftRight,2,4.02,nan,1,Right,Left,152,222,43,29756981,nan,nan,0.38
8/17/2026 20:15:27,1.17.3,LeftRight,2,4.02,nan,1,Right,Left,152,223,43,29760951,nan,nan,0.55
8/17/2026 20:15:33,1.17.3,LeftRight,2,4.02,nan,1,Left,Left,153,223,43,29768049,nan,nan,0.00
8/17/2026 20:15:37,1.17.3,LeftRight,2,4.02,nan,1,Right,Left,153,224,43,29770312,nan,nan,1.38
8/17/2026 20:15:37,1.17.3,LeftRight,2,4.02,nan,1,RightDuringDispense,Left,153,225,43,29770312,nan,nan,0.26
8/17/2026 20:15:40,1.17.3,LeftRight,2,4.02,1,1,Pellet,Left,153,225,44,29770312,1.61,31,nan
8/17/2026 20:15:52,1.17.3,LeftRight,2,4.02,nan,1,Right,Left,153,226,44,29786460,nan,nan,0.81
8/17/2026 20:15:53,1.17.3,LeftRight,2,4.02,nan,1,Right,Left,153,227,44,29787768,nan,nan,0.42
8/17/2026 20:15:54,1.17.3,LeftRight,2,4.02,nan,1,Right,Left,153,228,44,29788836,nan,nan,0.44
8/17/2026 20:15:57,1.17.3,LeftRight,2,4.02,nan,1,Right,Left,153,229,44,29791681,nan,nan,0.50
8/17/2026 20:16:00,1.17.3,LeftRight,2,4.02,nan,1,Right,Left,153,230,44,29794444,nan,nan,0.64
8/17/2026 20:16:10,1.17.3,LeftRight,2,4.02,nan,1,Right,Left,153,231,44,29803816,nan,nan,0.72
8/17/2026 20:16:16,1.17.3,LeftRight,2,4.02,nan,1,Right,Left,153,232,44,29810172,nan,nan,0.50
8/17/2026 20:16:18,1.17.3,LeftRight,2,4.02,nan,1,Right,Left,153,233,44,29812493,nan,nan,0.33
8/17/2026 20:16:34,1.17.3,LeftRight,2,4.02,nan,1,Right,Left,153,234,44,29828467,nan,nan,0.13
8/17/2026 20:17:54,1.17.3,LeftRight,2,4.02,nan,1,Right,Left,153,235,44,29908476,nan,nan,0.24
8/17/2026 20:17:56,1.17.3,LeftRight,2,4.02,nan,1,Right,Left,153,236,44,29910384,nan,nan,0.27
8/17/2026 20:18:00,1.17.3,LeftRight,2,4.02,nan,1,Left,Left,154,236,44,29914826,nan,nan,0.00
8/17/2026 20:18:05,1.17.3,LeftRight,2,4.02,nan,1,Right,Left,154,237,44,29920029,nan,nan,0.16
8/17/2026 20:18:08,1.17.3,LeftRight,2,4.02,1,1,Pellet,Left,154,237,45,29920029,1.55,148,nan
8/17/2026 20:18:24,1.17.3,LeftRight,2,4.02,nan,1,Left,Left,155,237,45,29938716,nan,nan,0.00
8/17/2026 20:18:52,1.17.3,LeftRight,2,4.02,nan,1,Right,Left,155,238,45,29967165,nan,nan,0.26
8/17/2026 20:18:54,1.17.3,LeftRight,2,4.02,1,1,Pellet,Left,155,238,46,29967165,0.95,46,nan
8/17/2026 20:21:08,1.17.3,LeftRight,2,4.02,nan,1,Right,Left,155,239,46,30103018,nan,nan,0.00
8/17/2026 20:21:15,1.17.3,LeftRight,2,4.02,nan,1,Left,Left,156,239,46,30109682,nan,nan,0.00
8/17/2026 20:21:17,1.17.3,LeftRight,2,4.02,nan,1,Right,Left,156,240,46,30111649,nan,nan,0.36
8/17/2026 20:21:21,1.17.3,LeftRight,2,4.02,2,1,Pellet,Left,156,240,47,30111649,1.49,147,nan
8/17/2026 20:21:36,1.17.3,LeftRight,2,4.02,nan,1,Right,Left,156,241,47,30130348,nan,nan,0.18
8/17/2026 20:21:49,1.17.3,LeftRight,2,4.02,nan,1,Right,Left,156,242,47,30143811,nan,nan,0.14
8/17/2026 20:21:51,1.17.3,LeftRight,2,4.02,nan,1,Right,Left,156,243,47,30145627,nan,nan,0.12
8/17/2026 20:21:53,1.17.3,LeftRight,2,4.02,nan,1,Left,Left,157,243,47,30148339,nan,nan,0.00
8/17/2026 20:21:55,1.17.3,LeftRight,2,4.02,nan,1,Right,Left,157,244,47,30149569,nan,nan,0.16
8/17/2026 20:22:00,1.17.3,LeftRight,2,4.02,2,1,Pellet,Left,157,244,48,30149569,2.33,39,nan
8/17/2026 20:22:11,1.17.3,LeftRight,2,4.02,nan,1,Right,Left,157,245,48,30166165,nan,nan,0.10
8/17/2026 20:22:15,1.17.3,LeftRight,2,4.02,nan,1,Left,Left,158,245,48,30169565,nan,nan,0.00
8/17/2026 20:22:17,1.17.3,LeftRight,2,4.02,nan,1,Right,Left,158,246,48,30171241,nan,nan,0.26
8/17/2026 20:22:20,1.17.3,LeftRight,2,4.02,2,1,Pellet,Left,158,246,49,30171241,1.01,20,nan
8/17/2026 20:22:33,1.17.3,LeftRight,2,4.02,nan,1,Left,Left,159,246,49,30187800,nan,nan,0.00
8/17/2026 20:22:40,1.17.3,LeftRight,2,4.02,nan,1,Right,Left,159,247,49,30195069,nan,nan,0.21
8/17/2026 20:22:46,1.17.3,LeftRight,2,4.02,3,1,Pellet,Left,159,247,50,30195069,0.53,26,nan
8/17/2026 20:22:54,1.17.3,LeftRight,2,4.02,nan,1,Right,Left,159,248,50,30209115,nan,nan,0.11
8/17/2026 20:22:56,1.17.3,LeftRight,2,4.02,nan,1,Right,Left,159,249,50,30211047,nan,nan,0.16
8/17/2026 20:22:59,1.17.3,LeftRight,2,4.02,nan,1,Right,Left,159,250,50,30213468,nan,nan,0.33
8/17/2026 20:23:01,1.17.3,LeftRight,2,4.02,nan,1,Left,Left,160,250,50,30215755,nan,nan,0.00
8/17/2026 20:24:00,1.17.3,LeftRight,2,4.02,nan,1,RESET,Left,160,250,50,30274891,nan,nan,nan
8/17/2026 20:24:57,1.17.3,LeftRight,2,4.02,nan,1,Right,Left,160,251,50,30331743,nan,nan,0.41
8/17/2026 20:25:07,1.17.3,LeftRight,2,4.02,nan,1,Left,Left,161,251,50,30341884,nan,nan,0.00
8/17/2026 20:25:10,1.17.3,LeftRight,2,4.02,nan,1,Right,Left,161,252,50,30344733,nan,nan,0.20
8/17/2026 20:25:11,1.17.3,LeftRight,2,4.02,1,1,Pellet,Left,161,252,51,30344733,0.71,145,nan
8/17/2026 20:25:25,1.17.3,LeftRight,2,4.02,nan,1,Right,Left,161,253,51,30359989,nan,nan,0.09
8/17/2026 20:25:27,1.17.3,LeftRight,2,4.02,nan,1,Right,Left,161,254,51,30361604,nan,nan,0.20
8/17/2026 20:25:43,1.17.3,LeftRight,2,4.02,nan,1,Right,Left,161,255,51,30377889,nan,nan,0.21
8/17/2026 20:25:47,1.17.3,LeftRight,2,4.02,nan,1,Left,Left,162,255,51,30381547,nan,nan,0.00
8/17/2026 20:25:49,1.17.3,LeftRight,2,4.02,nan,1,Left,Left,163,255,51,30383515,nan,nan,0.00
8/17/2026 20:26:48,1.17.3,LeftRight,2,4.02,nan,1,RESET,Left,163,255,51,30442909,nan,nan,nan
8/17/2026 20:27:42,1.17.3,LeftRight,2,4.02,nan,1,Right,Left,163,256,51,30496478,nan,nan,0.09
8/17/2026 20:27:55,1.17.3,LeftRight,2,4.02,nan,1,Right,Left,163,257,51,30509572,nan,nan,0.00
8/17/2026 20:28:01,1.17.3,LeftRight,2,4.02,nan,1,Right,Left,163,258,51,30515366,nan,nan,0.16
8/17/2026 20:28:06,1.17.3,LeftRight,2,4.02,nan,1,Right,Left,163,259,51,30520441,nan,nan,0.15
8/17/2026 20:28:08,1.17.3,LeftRight,2,4.02,nan,1,Left,Left,164,259,51,30523208,nan,nan,0.00
8/17/2026 20:28:11,1.17.3,LeftRight,2,4.02,nan,1,Right,Left,164,260,51,30525617,nan,nan,0.11
8/17/2026 20:28:11,1.17.3,LeftRight,2,4.01,nan,1,RightDuringDispense,Left,164,261,51,30525617,nan,nan,0.18
8/17/2026 20:28:16,1.17.3,LeftRight,2,4.02,2,1,Pellet,Left,164,261,52,30525617,1.55,185,nan
8/17/2026 20:28:23,1.17.3,LeftRight,2,4.02,nan,1,Right,Left,164,262,52,30538217,nan,nan,0.03
8/17/2026 20:28:25,1.17.3,LeftRight,2,4.02,nan,1,Right,Left,164,263,52,30539330,nan,nan,0.31
8/17/2026 20:28:25,1.17.3,LeftRight,2,4.02,nan,1,Right,Left,164,264,52,30540279,nan,nan,0.13
8/17/2026 20:28:32,1.17.3,LeftRight,2,4.02,nan,1,Left,Left,165,264,52,30546540,nan,nan,0.00
8/17/2026 20:28:35,1.17.3,LeftRight,2,4.02,nan,1,Right,Left,165,265,52,30549541,nan,nan,0.27
8/17/2026 20:28:43,1.17.3,LeftRight,2,4.02,2,1,Pellet,Left,165,265,53,30549541,4.91,27,nan
8/17/2026 20:33:00,1.17.3,LeftRight,2,4.02,nan,1,Right,Left,165,266,53,30814928,nan,nan,0.05
8/17/2026 20:33:02,1.17.3,LeftRight,2,4.02,nan,1,Right,Left,165,267,53,30816358,nan,nan,0.28
8/17/2026 20:33:02,1.17.3,LeftRight,2,4.02,nan,1,Right,Left,165,268,53,30817135,nan,nan,0.00
8/17/2026 20:33:05,1.17.3,LeftRight,2,4.02,nan,1,Right,Left,165,269,53,30819546,nan,nan,0.08
8/17/2026 20:33:06,1.17.3,LeftRight,2,4.02,nan,1,Right,Left,165,270,53,30821306,nan,nan,0.15
8/17/2026 20:33:11,1.17.3,LeftRight,2,4.02,nan,1,Right,Left,165,271,53,30826073,nan,nan,0.20
8/17/2026 20:33:14,1.17.3,LeftRight,2,4.02,nan,1,Left,Left,166,271,53,30829469,nan,nan,0.00
8/17/2026 20:33:16,1.17.3,LeftRight,2,4.02,nan,1,Right,Left,166,272,53,30830553,nan,nan,0.14
8/17/2026 20:33:16,1.17.3,LeftRight,2,4.02,nan,1,RightDuringDispense,Left,166,273,53,30830553,nan,nan,0.20
8/17/2026 20:33:18,1.17.3,LeftRight,2,4.02,1,1,Pellet,Left,166,273,54,30830553,1.01,275,nan
8/17/2026 20:33:27,1.17.3,LeftRight,2,4.02,nan,1,Right,Left,166,274,54,30841797,nan,nan,0.34
8/17/2026 20:33:28,1.17.3,LeftRight,2,4.02,nan,1,Right,Left,166,275,54,30842629,nan,nan,0.49
8/17/2026 20:33:29,1.17.3,LeftRight,2,4.02,nan,1,Right,Left,166,276,54,30844354,nan,nan,0.07
8/17/2026 20:33:31,1.17.3,LeftRight,2,4.02,nan,1,Right,Left,166,277,54,30845800,nan,nan,0.48
8/17/2026 20:33:34,1.17.3,LeftRight,2,4.02,nan,1,Right,Left,166,278,54,30849133,nan,nan,0.09
8/17/2026 20:34:37,1.17.3,LeftRight,2,4.02,nan,1,Left,Left,167,278,54,30911866,nan,nan,0.00
8/17/2026 20:35:37,1.17.3,LeftRight,2,4.02,nan,1,RESET,Left,167,278,54,30971973,nan,nan,nan
8/17/2026 20:36:54,1.17.3,LeftRight,2,4.02,nan,1,Left,Left,168,278,54,31048726,nan,nan,0.00
8/17/2026 20:36:55,1.17.3,LeftRight,2,4.02,nan,1,Right,Left,168,279,54,31049663,nan,nan,0.20
8/17/2026 20:36:58,1.17.3,LeftRight,2,4.02,2,1,Pellet,Left,168,279,55,31049663,0.77,220,nan
8/17/2026 20:37:10,1.17.3,LeftRight,2,4.02,nan,1,Left,Left,169,279,55,31065145,nan,nan,0.00
8/17/2026 20:37:11,1.17.3,LeftRight,2,4.02,nan,1,Right,Left,169,280,55,31066379,nan,nan,0.00
8/17/2026 20:37:13,1.17.3,LeftRight,2,4.02,1,1,Pellet,Left,169,280,56,31066379,1.37,15,nan
8/17/2026 20:37:29,1.17.3,LeftRight,2,4.02,nan,1,Right,Left,169,281,56,31083797,nan,nan,0.01
8/17/2026 20:37:36,1.17.3,LeftRight,2,4.02,nan,1,Right,Left,169,282,56,31091079,nan,nan,0.03
8/17/2026 20:37:41,1.17.3,LeftRight,2,4.02,nan,1,Right,Left,169,283,56,31095289,nan,nan,0.25
8/17/2026 20:37:45,1.17.3,LeftRight,2,4.02,nan,1,Right,Left,169,284,56,31099577,nan,nan,0.03
8/17/2026 20:37:46,1.17.3,LeftRight,2,4.02,nan,1,Right,Left,169,285,56,31101283,nan,nan,0.13
8/17/2026 20:37:53,1.17.3,LeftRight,2,4.02,nan,1,Left,Left,170,285,56,31107571,nan,nan,0.00
8/17/2026 20:37:58,1.17.3,LeftRight,2,4.02,nan,1,Right,Left,170,286,56,31112484,nan,nan,0.02
8/17/2026 20:38:04,1.17.3,LeftRight,2,4.02,3,1,Pellet,Left,170,286,57,31112484,1.49,51,nan
8/17/2026 20:38:17,1.17.3,LeftRight,2,4.02,nan,1,Right,Left,170,287,57,31131681,nan,nan,0.50
8/17/2026 20:38:20,1.17.3,LeftRight,2,4.02,nan,1,Right,Left,170,288,57,31134449,nan,nan,0.07
8/17/2026 20:38:20,1.17.3,LeftRight,2,4.02,nan,1,Right,Left,170,289,57,31135158,nan,nan,0.25
8/17/2026 20:38:27,1.17.3,LeftRight,2,4.02,nan,1,Right,Left,170,290,57,31142093,nan,nan,0.06
8/17/2026 20:38:33,1.17.3,LeftRight,2,4.02,nan,1,Right,Left,170,291,57,31148100,nan,nan,0.10
8/17/2026 20:38:36,1.17.3,LeftRight,2,4.02,nan,1,Right,Left,170,292,57,31150752,nan,nan,0.41
8/17/2026 20:43:12,1.17.3,LeftRight,2,4.02,nan,1,Right,Left,170,293,57,31427398,nan,nan,0.03
8/17/2026 20:43:19,1.17.3,LeftRight,2,4.02,nan,1,Right,Left,170,294,57,31434393,nan,nan,0.02
8/17/2026 20:43:25,1.17.3,LeftRight,2,4.02,nan,1,Right,Left,170,295,57,31439904,nan,nan,0.00
8/17/2026 20:43:31,1.17.3,LeftRight,2,4.02,nan,1,Right,Left,170,296,57,31446285,nan,nan,0.17
8/17/2026 20:50:01,1.17.3,LeftRight,2,4.02,nan,1,Left,Left,171,296,57,31835768,nan,nan,0.00
8/17/2026 20:50:03,1.17.3,LeftRight,2,4.02,nan,1,Right,Left,171,297,57,31837442,nan,nan,0.15
8/17/2026 20:50:05,1.17.3,LeftRight,2,4.02,1,1,Pellet,Left,171,297,58,31837442,1.25,721,nan
8/17/2026 20:50:15,1.17.3,LeftRight,2,4.02,nan,1,Right,Left,171,298,58,31849204,nan,nan,0.60
8/17/2026 20:50:34,1.17.3,LeftRight,2,4.02,nan,1,Left,Left,172,298,58,31868833,nan,nan,0.00
8/17/2026 20:50:35,1.17.3,LeftRight,2,4.02,nan,1,Left,Left,173,298,58,31870179,nan,nan,0.00
8/17/2026 20:50:38,1.17.3,LeftRight,2,4.02,nan,1,Right,Left,173,299,58,31872737,nan,nan,0.36
8/17/2026 20:50:40,1.17.3,LeftRight,2,4.02,1,1,Pellet,Left,173,299,59,31872737,0.77,35,nan
8/17/2026 20:50:48,1.17.3,LeftRight,2,4.02,nan,1,Right,Left,173,300,59,31883000,nan,nan,0.00
8/17/2026 20:50:49,1.17.3,LeftRight,2,4.02,nan,1,Right,Left,173,301,59,31883792,nan,nan,0.13
8/17/2026 20:51:02,1.17.3,LeftRight,2,4.02,nan,1,Right,Left,173,302,59,31897219,nan,nan,0.14
8/17/2026 20:51:04,1.17.3,LeftRight,2,4.02,nan,1,Right,Left,173,303,59,31898591,nan,nan,0.45
8/17/2026 20:51:06,1.17.3,LeftRight,2,4.02,nan,1,Right,Left,173,304,59,31900425,nan,nan,0.25
8/17/2026 20:51:12,1.17.3,LeftRight,2,4.02,nan,1,Right,Left,173,305,59,31906904,nan,nan,0.04
8/17/2026 20:51:20,1.17.3,LeftRight,2,4.02,nan,1,Right,Left,173,306,59,31914792,nan,nan,0.14
8/17/2026 20:51:31,1.17.3,LeftRight,2,4.01,nan,1,Right,Left,173,307,59,31925723,nan,nan,0.23
8/17/2026 20:52:09,1.17.3,LeftRight,2,4.02,nan,1,Left,Left,174,307,59,31963954,nan,nan,0.00
8/17/2026 20:53:09,1.17.3,LeftRight,2,4.02,nan,1,RESET,Left,174,307,59,32024041,nan,nan,nan
8/17/2026 20:55:53,1.17.3,LeftRight,2,4.02,nan,1,Left,Left,175,307,59,32187933,nan,nan,0.00
8/17/2026 20:56:43,1.17.3,LeftRight,2,4.02,nan,1,Right,Left,175,308,59,32237744,nan,nan,0.27
8/17/2026 20:56:45,1.17.3,LeftRight,2,4.02,1,1,Pellet,Left,175,308,60,32237744,1.31,365,nan
8/17/2026 20:57:01,1.17.3,LeftRight,2,4.01,nan,1,Right,Left,175,309,60,32256161,nan,nan,0.19
8/17/2026 20:57:11,1.17.3,LeftRight,2,4.02,nan,1,Right,Left,175,310,60,32265389,nan,nan,0.21
8/17/2026 20:58:41,1.17.3,LeftRight,2,4.02,nan,1,Right,Left,175,311,60,32355261,nan,nan,0.43
8/17/2026 20:58:49,1.17.3,LeftRight,2,4.02,nan,1,Left,Left,176,311,60,32363752,nan,nan,0.00
8/17/2026 20:58:52,1.17.3,LeftRight,2,4.02,nan,1,Right,Left,176,312,60,32366748,nan,nan,0.08
8/17/2026 20:58:53,1.17.3,LeftRight,2,4.02,1,1,Pellet,Left,176,312,61,32366748,0.95,128,nan
8/17/2026 20:59:48,1.17.3,LeftRight,2,4.02,nan,1,Left,Left,177,312,61,32423471,nan,nan,0.00
8/17/2026 20:59:51,1.17.3,LeftRight,2,4.02,nan,1,Left,Left,178,312,61,32426202,nan,nan,0.00
8/17/2026 21:00:00,1.17.3,LeftRight,2,4.02,nan,1,Right,Left,178,313,61,32434201,nan,nan,0.44
8/17/2026 21:00:01,1.17.3,LeftRight,2,4.02,1,1,Pellet,Left,178,313,62,32434201,0.59,68,nan
8/17/2026 21:00:15,1.17.3,LeftRight,2,4.02,nan,1,Right,Left,178,314,62,32449576,nan,nan,0.31
8/17/2026 21:00:16,1.17.3,LeftRight,2,4.02,nan,1,Right,Left,178,315,62,32450972,nan,nan,0.30
8/17/2026 21:00:19,1.17.3,LeftRight,2,4.02,nan,1,Right,Left,178,316,62,32453829,nan,nan,0.50
8/17/2026 21:00:21,1.17.3,LeftRight,2,4.01,nan,1,Right,Left,178,317,62,32456003,nan,nan,0.14
8/17/2026 21:00:27,1.17.3,LeftRight,2,4.01,nan,1,Left,Left,179,317,62,32462352,nan,nan,0.00
8/17/2026 21:00:57,1.17.3,LeftRight,2,4.02,nan,1,RESET,Left,179,317,62,32491948,nan,nan,nan
8/17/2026 21:05:18,1.17.3,LeftRight,2,4.02,nan,1,Left,Left,180,317,62,32753115,nan,nan,0.00
8/17/2026 21:05:21,1.17.3,LeftRight,2,4.02,nan,1,Right,Left,180,318,62,32755816,nan,nan,0.07
8/17/2026 21:05:23,1.17.3,LeftRight,2,4.02,1,1,Pellet,Left,180,318,63,32755816,1.55,322,nan
8/17/2026 21:05:34,1.17.3,LeftRight,2,4.02,nan,1,Right,Left,180,319,63,32768952,nan,nan,0.22
8/17/2026 21:05:39,1.17.3,LeftRight,2,4.01,nan,1,Right,Left,180,320,63,32773348,nan,nan,0.28
8/17/2026 21:05:40,1.17.3,LeftRight,2,4.02,nan,1,Right,Left,180,321,63,32775297,nan,nan,0.22
8/17/2026 21:05:43,1.17.3,LeftRight,2,4.02,nan,1,Right,Left,180,322,63,32777927,nan,nan,0.18
8/17/2026 21:06:57,1.17.3,LeftRight,2,4.02,nan,1,Right,Left,180,323,63,32852387,nan,nan,0.15
8/17/2026 21:07:00,1.17.3,LeftRight,2,4.01,nan,1,Right,Left,180,324,63,32855390,nan,nan,0.06
8/17/2026 21:07:04,1.17.3,LeftRight,2,4.02,nan,1,Right,Left,180,325,63,32858589,nan,nan,0.00
8/17/2026 21:07:05,1.17.3,LeftRight,2,4.02,nan,1,Right,Left,180,326,63,32859967,nan,nan,0.20
8/17/2026 21:07:12,1.17.3,LeftRight,2,4.02,nan,1,Right,Left,180,327,63,32867141,nan,nan,0.09
8/17/2026 21:13:34,1.17.3,LeftRight,2,4.02,nan,1,Right,Left,180,328,63,33248579,nan,nan,0.13
8/17/2026 21:13:42,1.17.3,LeftRight,2,4.02,nan,1,Left,Left,181,328,63,33256958,nan,nan,0.00
8/17/2026 21:13:44,1.17.3,LeftRight,2,4.02,nan,1,Right,Left,181,329,63,33258485,nan,nan,0.27
8/17/2026 21:13:44,1.17.3,LeftRight,2,4.01,nan,1,RightDuringDispense,Left,181,330,63,33258485,nan,nan,0.11
8/17/2026 21:13:48,1.17.3,LeftRight,2,4.02,2,1,Pellet,Left,181,330,64,33258485,1.37,505,nan
8/17/2026 21:13:59,1.17.3,LeftRight,2,4.01,nan,1,Right,Left,181,331,64,33273683,nan,nan,0.14
8/17/2026 21:14:00,1.17.3,LeftRight,2,4.01,nan,1,Right,Left,181,332,64,33275199,nan,nan,0.14
8/17/2026 21:14:47,1.17.3,LeftRight,2,4.02,nan,1,Right,Left,181,333,64,33322116,nan,nan,0.15
8/17/2026 21:17:42,1.17.3,LeftRight,2,4.02,nan,1,Right,Left,181,334,64,33497052,nan,nan,0.10
8/17/2026 21:17:49,1.17.3,LeftRight,2,4.02,nan,1,Right,Left,181,335,64,33503665,nan,nan,0.03
8/17/2026 21:17:51,1.17.3,LeftRight,2,4.02,nan,1,Right,Left,181,336,64,33505515,nan,nan,0.86
8/17/2026 21:17:53,1.17.3,LeftRight,2,4.02,nan,1,Right,Left,181,337,64,33507757,nan,nan,0.09
8/17/2026 21:17:55,1.17.3,LeftRight,2,4.01,nan,1,Left,Left,182,337,64,33510425,nan,nan,0.00
8/17/2026 21:17:57,1.17.3,LeftRight,2,4.02,nan,1,Right,Left,182,338,64,33512096,nan,nan,0.18
8/17/2026 21:18:00,1.17.3,LeftRight,2,4.02,1,1,Pellet,Left,182,338,65,33512096,1.79,252,nan
8/17/2026 21:18:13,1.17.3,LeftRight,2,4.01,nan,1,Right,Left,182,339,65,33527445,nan,nan,0.31
8/17/2026 21:18:18,1.17.3,LeftRight,2,4.01,nan,1,Right,Left,182,340,65,33533399,nan,nan,0.09
8/17/2026 21:19:02,1.17.3,LeftRight,2,4.01,nan,1,Right,Left,182,341,65,33576654,nan,nan,0.02
8/17/2026 21:20:32,1.17.3,LeftRight,2,4.02,nan,1,Right,Left,182,342,65,33667294,nan,nan,0.00
8/17/2026 21:22:57,1.17.3,LeftRight,2,4.01,nan,1,Right,Left,182,343,65,33811721,nan,nan,0.15
8/17/2026 21:23:03,1.17.3,LeftRight,2,4.01,nan,1,Right,Left,182,344,65,33818406,nan,nan,0.06
8/17/2026 21:23:06,1.17.3,LeftRight,2,4.02,nan,1,Right,Left,182,345,65,33820437,nan,nan,0.63
8/17/2026 21:23:09,1.17.3,LeftRight,2,4.01,nan,1,Right,Left,182,346,65,33823473,nan,nan,0.32
8/17/2026 21:23:14,1.17.3,LeftRight,2,4.02,nan,1,Left,Left,183,346,65,33829352,nan,nan,0.00
8/17/2026 21:23:16,1.17.3,LeftRight,2,4.02,nan,1,Left,Left,184,346,65,33831224,nan,nan,0.00
8/17/2026 21:23:18,1.17.3,LeftRight,2,4.02,nan,1,Right,Left,184,347,65,33832602,nan,nan,0.54
8/17/2026 21:23:20,1.17.3,LeftRight,2,4.01,1,1,Pellet,Left,184,347,66,33832602,0.77,319,nan
8/17/2026 21:23:30,1.17.3,LeftRight,2,4.02,nan,1,Right,Left,184,348,66,33844488,nan,nan,0.62
8/17/2026 21:23:31,1.17.3,LeftRight,2,4.02,nan,1,Right,Left,184,349,66,33845607,nan,nan,0.95
8/17/2026 21:23:35,1.17.3,LeftRight,2,4.02,nan,1,Right,Left,184,350,66,33849258,nan,nan,0.51
8/17/2026 21:23:38,1.17.3,LeftRight,2,4.02,nan,1,Right,Left,184,351,66,33851588,nan,nan,1.61
8/17/2026 21:23:41,1.17.3,LeftRight,2,4.01,nan,1,Right,Left,184,352,66,33855314,nan,nan,0.67
8/17/2026 21:23:43,1.17.3,LeftRight,2,4.02,nan,1,Right,Left,184,353,66,33857956,nan,nan,0.40
8/17/2026 21:23:44,1.17.3,LeftRight,2,4.02,nan,1,Right,Left,184,354,66,33859144,nan,nan,0.35
8/17/2026 21:23:45,1.17.3,LeftRight,2,4.02,nan,1,Right,Left,184,355,66,33860436,nan,nan,0.00
8/17/2026 21:23:51,1.17.3,LeftRight,2,4.01,nan,1,Right,Left,184,356,66,33866084,nan,nan,0.21
8/17/2026 21:23:59,1.17.3,LeftRight,2,4.01,nan,1,Left,Left,185,356,66,33874212,nan,nan,0.00
8/17/2026 21:24:01,1.17.3,LeftRight,2,4.01,nan,1,Left,Left,186,356,66,33875921,nan,nan,0.00
8/17/2026 21:24:30,1.17.3,LeftRight,2,4.01,nan,1,RESET,Left,186,356,66,33904993,nan,nan,nan
8/17/2026 21:25:47,1.17.3,LeftRight,2,4.02,nan,1,Right,Left,186,357,66,33982190,nan,nan,0.04
8/17/2026 21:25:48,1.17.3,LeftRight,2,4.02,nan,1,Right,Left,186,358,66,33983462,nan,nan,0.00
8/17/2026 21:27:42,1.17.3,LeftRight,2,4.01,nan,1,Right,Left,186,359,66,34096832,nan,nan,0.27
8/17/2026 21:27:44,1.17.3,LeftRight,2,4.01,nan,1,Left,Left,187,359,66,34099455,nan,nan,0.00
8/17/2026 21:27:46,1.17.3,LeftRight,2,4.02,nan,1,Left,Left,188,359,66,34101539,nan,nan,0.00
8/17/2026 21:27:51,1.17.3,LeftRight,2,4.01,nan,1,Right,Left,188,360,66,34106011,nan,nan,0.05
8/17/2026 21:27:55,1.17.3,LeftRight,2,4.02,2,1,Pellet,Left,188,360,67,34106011,0.71,276,nan
8/17/2026 21:28:03,1.17.3,LeftRight,2,4.02,nan,1,Right,Left,188,361,67,34117914,nan,nan,0.13
8/17/2026 21:28:08,1.17.3,LeftRight,2,4.01,nan,1,Left,Left,189,361,67,34122884,nan,nan,0.00
8/17/2026 21:28:09,1.17.3,LeftRight,2,4.02,nan,1,Right,Left,189,362,67,34124409,nan,nan,0.15
8/17/2026 21:28:10,1.17.3,LeftRight,2,4.01,nan,1,RightDuringDispense,Left,189,363,67,34124409,nan,nan,0.19
8/17/2026 21:28:12,1.17.3,LeftRight,2,4.01,1,1,Pellet,Left,189,363,68,34124409,1.43,17,nan
8/17/2026 21:28:23,1.17.3,LeftRight,2,4.01,nan,1,Right,Left,189,364,68,34137720,nan,nan,0.46
8/17/2026 21:28:27,1.17.3,LeftRight,2,4.01,nan,1,Right,Left,189,365,68,34141623,nan,nan,0.78
8/17/2026 21:28:29,1.17.3,LeftRight,2,4.02,nan,1,Right,Left,189,366,68,34143632,nan,nan,0.27
8/17/2026 21:28:31,1.17.3,LeftRight,2,4.02,nan,1,Right,Left,189,367,68,34146020,nan,nan,0.41
8/17/2026 21:28:35,1.17.3,LeftRight,2,4.01,nan,1,Right,Left,189,368,68,34149868,nan,nan,0.37
8/17/2026 21:28:38,1.17.3,LeftRight,2,4.02,nan,1,Right,Left,189,369,68,34152948,nan,nan,0.37
8/17/2026 21:28:42,1.17.3,LeftRight,2,4.01,nan,1,Left,Left,190,369,68,34157482,nan,nan,0.00
8/17/2026 21:28:45,1.17.3,LeftRight,2,4.02,nan,1,Right,Left,190,370,68,34159893,nan,nan,0.03
8/17/2026 21:28:45,1.17.3,LeftRight,2,4.01,nan,1,RightDuringDispense,Left,190,371,68,34159893,nan,nan,0.20
8/17/2026 21:28:47,1.17.3,LeftRight,2,4.01,1,1,Pellet,Left,190,371,69,34159893,0.71,35,nan
8/17/2026 21:29:03,1.17.3,LeftRight,2,4.02,nan,1,Right,Left,190,372,69,34178204,nan,nan,0.06
8/17/2026 21:29:08,1.17.3,LeftRight,2,4.01,nan,1,Left,Left,191,372,69,34183447,nan,nan,0.00
8/17/2026 21:29:10,1.17.3,LeftRight,2,4.01,nan,1,Left,Left,192,372,69,34185283,nan,nan,0.00
8/17/2026 21:29:12,1.17.3,LeftRight,2,4.01,nan,1,Right,Left,192,373,69,34186220,nan,nan,0.47
8/17/2026 21:29:15,1.17.3,LeftRight,2,4.02,2,1,Pellet,Left,192,373,70,34186220,0.47,28,nan
8/17/2026 21:29:23,1.17.3,LeftRight,2,4.01,nan,1,Right,Left,192,374,70,34197416,nan,nan,0.30
8/17/2026 21:29:24,1.17.3,LeftRight,2,4.01,nan,1,Right,Left,192,375,70,34198216,nan,nan,0.44
8/17/2026 21:29:25,1.17.3,LeftRight,2,4.02,nan,1,Right,Left,192,376,70,34199441,nan,nan,0.52
8/17/2026 21:29:27,1.17.3,LeftRight,2,4.01,nan,1,Right,Left,192,377,70,34202069,nan,nan,0.00
8/17/2026 21:29:34,1.17.3,LeftRight,2,4.01,nan,1,Right,Left,192,378,70,34209033,nan,nan,0.54
8/17/2026 21:29:38,1.17.3,LeftRight,2,4.01,nan,1,Right,Left,192,379,70,34212860,nan,nan,0.23
8/17/2026 21:30:07,1.17.3,LeftRight,2,4.02,nan,1,Right,Left,192,380,70,34241975,nan,nan,0.35
8/17/2026 21:30:25,1.17.3,LeftRight,2,4.02,nan,1,Right,Left,192,381,70,34259892,nan,nan,0.21
8/17/2026 21:31:06,1.17.3,LeftRight,2,4.02,nan,1,Left,Left,193,381,70,34300934,nan,nan,0.00
8/17/2026 21:31:08,1.17.3,LeftRight,2,4.02,nan,1,Right,Left,193,382,70,34302604,nan,nan,0.00
8/17/2026 21:31:20,1.17.3,LeftRight,2,4.01,6,1,Pellet,Left,193,382,71,34302604,1.07,125,nan
8/17/2026 21:31:30,1.17.3,LeftRight,2,4.01,nan,1,Right,Left,193,383,71,34325051,nan,nan,0.41
8/17/2026 21:31:35,1.17.3,LeftRight,2,4.01,nan,1,Right,Left,193,384,71,34330068,nan,nan,0.46
8/17/2026 21:31:38,1.17.3,LeftRight,2,4.01,nan,1,Left,Left,194,384,71,34333376,nan,nan,0.00
8/17/2026 21:31:41,1.17.3,LeftRight,2,4.02,nan,1,Right,Left,194,385,71,34336073,nan,nan,0.25
8/17/2026 21:31:43,1.17.3,LeftRight,2,4.01,1,1,Pellet,Left,194,385,72,34336073,0.71,23,nan
8/17/2026 21:31:52,1.17.3,LeftRight,2,4.02,nan,1,Right,Left,194,386,72,34346417,nan,nan,0.28
8/17/2026 21:31:54,1.17.3,LeftRight,2,4.02,nan,1,Right,Left,194,387,72,34348513,nan,nan,0.17
8/17/2026 21:32:00,1.17.3,LeftRight,2,4.02,nan,1,Left,Left,195,387,72,34354743,nan,nan,0.00
8/17/2026 21:32:01,1.17.3,LeftRight,2,4.01,nan,1,Right,Left,195,388,72,34355827,nan,nan,0.00
8/17/2026 21:32:02,1.17.3,LeftRight,2,4.01,1,1,Pellet,Left,195,388,73,34355827,0.83,19,nan
8/17/2026 21:32:15,1.17.3,LeftRight,2,4.02,nan,1,Right,Left,195,389,73,34370116,nan,nan,0.10
8/17/2026 21:32:19,1.17.3,LeftRight,2,4.02,nan,1,Right,Left,195,390,73,34373215,nan,nan,0.40
8/17/2026 21:32:24,1.17.3,LeftRight,2,4.01,nan,1,Right,Left,195,391,73,34378529,nan,nan,0.22
8/17/2026 21:32:25,1.17.3,LeftRight,2,4.01,nan,1,Right,Left,195,392,73,34380268,nan,nan,0.33
8/17/2026 21:32:26,1.17.3,LeftRight,2,4.01,nan,1,Right,Left,195,393,73,34381097,nan,nan,0.17
8/17/2026 21:32:31,1.17.3,LeftRight,2,4.01,nan,1,Right,Left,195,394,73,34385296,nan,nan,0.40
8/17/2026 21:32:32,1.17.3,LeftRight,2,4.02,nan,1,Right,Left,195,395,73,34386636,nan,nan,0.53
8/17/2026 21:32:34,1.17.3,LeftRight,2,4.01,nan,1,Right,Left,195,396,73,34388546,nan,nan,0.54
8/17/2026 21:32:36,1.17.3,LeftRight,2,4.02,nan,1,Right,Left,195,397,73,34391202,nan,nan,0.27
8/17/2026 21:32:40,1.17.3,LeftRight,2,4.01,nan,1,Right,Left,195,398,73,34395351,nan,nan,0.00
8/17/2026 21:32:41,1.17.3,LeftRight,2,4.02,nan,1,Right,Left,195,399,73,34396435,nan,nan,0.14
8/17/2026 21:38:16,1.17.3,LeftRight,2,4.01,nan,1,Right,Left,195,400,73,34730583,nan,nan,0.27
8/17/2026 21:38:19,1.17.3,LeftRight,2,4.01,nan,1,Left,Left,196,400,73,34734068,nan,nan,0.00
8/17/2026 21:38:22,1.17.3,LeftRight,2,4.01,nan,1,Right,Left,196,401,73,34737367,nan,nan,0.24
8/17/2026 21:38:27,1.17.3,LeftRight,2,4.02,2,1,Pellet,Left,196,401,74,34737367,1.49,385,nan
8/17/2026 21:38:36,1.17.3,LeftRight,2,4.02,nan,1,Right,Left,196,402,74,34751503,nan,nan,0.00
8/17/2026 21:38:42,1.17.3,LeftRight,2,4.01,nan,1,Right,Left,196,403,74,34756264,nan,nan,0.90
8/17/2026 21:38:44,1.17.3,LeftRight,2,4.02,nan,1,Right,Left,196,404,74,34758397,nan,nan,0.76
8/17/2026 21:38:47,1.17.3,LeftRight,2,4.01,nan,1,Right,Left,196,405,74,34761567,nan,nan,1.01
8/17/2026 21:38:49,1.17.3,LeftRight,2,4.02,nan,1,Right,Left,196,406,74,34763516,nan,nan,0.40
8/17/2026 21:38:52,1.17.3,LeftRight,2,4.02,nan,1,Left,Left,197,406,74,34767046,nan,nan,0.00
8/17/2026 21:38:54,1.17.3,LeftRight,2,4.01,nan,1,Right,Left,197,407,74,34769305,nan,nan,0.11
8/17/2026 21:38:57,1.17.3,LeftRight,2,4.01,nan,1,RightWithPellet,Left,197,408,74,34769305,nan,nan,0.17
8/17/2026 21:38:59,1.17.3,LeftRight,2,4.02,1,1,Pellet,Left,197,408,75,34769305,3.69,32,nan
8/17/2026 21:39:07,1.17.3,LeftRight,2,4.02,nan,1,Right,Left,197,409,75,34781962,nan,nan,0.21
8/17/2026 21:39:12,1.17.3,LeftRight,2,4.01,nan,1,Right,Left,197,410,75,34786632,nan,nan,0.30
8/17/2026 21:39:31,1.17.3,LeftRight,2,4.02,nan,1,Right,Left,197,411,75,34805642,nan,nan,0.09
8/17/2026 21:39:35,1.17.3,LeftRight,2,4.02,nan,1,Right,Left,197,412,75,34810340,nan,nan,0.06
8/17/2026 21:39:54,1.17.3,LeftRight,2,4.01,nan,1,Right,Left,197,413,75,34829111,nan,nan,0.04
8/17/2026 21:39:59,1.17.3,LeftRight,2,4.01,nan,1,Right,Left,197,414,75,34834200,nan,nan,0.13
8/17/2026 21:40:01,1.17.3,LeftRight,2,4.01,nan,1,Right,Left,197,415,75,34835705,nan,nan,0.00
8/17/2026 21:43:48,1.17.3,LeftRight,2,4.02,nan,1,Left,Left,198,415,75,35062799,nan,nan,0.00
8/17/2026 21:43:50,1.17.3,LeftRight,2,4.01,nan,1,Left,Left,199,415,75,35065048,nan,nan,0.00
8/17/2026 21:43:51,1.17.3,LeftRight,2,4.02,nan,1,Right,Left,199,416,75,35065983,nan,nan,0.22
8/17/2026 21:43:52,1.17.3,LeftRight,2,4.02,1,1,Pellet,Left,199,416,76,35065983,0.53,293,nan
8/17/2026 21:44:05,1.17.3,LeftRight,2,4.01,nan,1,Right,Left,199,417,76,35080135,nan,nan,0.00
8/17/2026 21:44:08,1.17.3,LeftRight,2,4.01,nan,1,Right,Left,199,418,76,35082979,nan,nan,0.16
8/17/2026 21:44:09,1.17.3,LeftRight,2,4.02,nan,1,Right,Left,199,419,76,35084076,nan,nan,0.35
8/17/2026 21:44:11,1.17.3,LeftRight,2,4.01,nan,1,Right,Left,199,420,76,35085506,nan,nan,0.18
8/17/2026 21:44:13,1.17.3,LeftRight,2,4.01,nan,1,Right,Left,199,421,76,35088242,nan,nan,0.20
8/17/2026 21:44:15,1.17.3,LeftRight,2,4.01,nan,1,Left,Left,200,421,76,35090546,nan,nan,0.00
8/17/2026 21:44:19,1.17.3,LeftRight,2,4.01,nan,1,Right,Left,200,422,76,35093393,nan,nan,0.31
8/17/2026 21:44:19,1.17.3,LeftRight,2,4.00,nan,1,RightDuringDispense,Left,200,423,76,35093393,nan,nan,0.18
8/17/2026 21:44:25,1.17.3,LeftRight,2,4.01,3,1,Pellet,Left,200,423,77,35093393,1.31,33,nan
8/17/2026 21:44:34,1.17.3,LeftRight,2,4.01,nan,1,Left,Left,201,423,77,35109573,nan,nan,0.00
8/17/2026 21:44:38,1.17.3,LeftRight,2,4.01,nan,1,Right,Left,201,424,77,35112127,nan,nan,0.79
8/17/2026 21:44:38,1.17.3,LeftRight,2,4.02,nan,1,RightDuringDispense,Left,201,425,77,35112127,nan,nan,0.16
8/17/2026 21:44:40,1.17.3,LeftRight,2,4.01,1,1,Pellet,Left,201,425,78,35112127,1.01,15,nan
8/17/2026 21:44:52,1.17.3,LeftRight,2,4.02,nan,1,Right,Left,201,426,78,35126918,nan,nan,0.45
8/17/2026 21:44:53,1.17.3,LeftRight,2,4.01,nan,1,Right,Left,201,427,78,35128012,nan,nan,0.54
8/17/2026 21:44:56,1.17.3,LeftRight,2,4.01,nan,1,Right,Left,201,428,78,35130662,nan,nan,0.43
8/17/2026 21:45:00,1.17.3,LeftRight,2,4.01,nan,1,Right,Left,201,429,78,35134383,nan,nan,0.26
8/17/2026 21:46:26,1.17.3,LeftRight,2,4.02,nan,1,Right,Left,201,430,78,35220898,nan,nan,0.05
8/17/2026 21:46:27,1.17.3,LeftRight,2,4.01,nan,1,Right,Left,201,431,78,35222035,nan,nan,0.34
8/17/2026 21:46:31,1.17.3,LeftRight,2,4.01,nan,1,Right,Left,201,432,78,35225958,nan,nan,0.48
8/17/2026 21:46:36,1.17.3,LeftRight,2,4.01,nan,1,Right,Left,201,433,78,35230611,nan,nan,0.22
8/17/2026 21:46:38,1.17.3,LeftRight,2,4.01,nan,1,Left,Left,202,433,78,35233580,nan,nan,0.00
8/17/2026 21:47:08,1.17.3,LeftRight,2,4.01,nan,1,RESET,Left,202,433,78,35263071,nan,nan,nan
8/17/2026 21:49:53,1.17.3,LeftRight,2,4.01,nan,1,Right,Left,202,434,78,35427915,nan,nan,0.00
8/17/2026 21:51:36,1.17.3,LeftRight,2,4.01,nan,1,Left,Left,203,434,78,35531253,nan,nan,0.00
8/17/2026 21:51:40,1.17.3,LeftRight,2,4.01,nan,1,Right,Left,203,435,78,35534543,nan,nan,0.24
8/17/2026 21:51:41,1.17.3,LeftRight,2,4.01,1,1,Pellet,Left,203,435,79,35534543,0.89,421,nan
8/17/2026 21:52:11,1.17.3,LeftRight,2,4.02,nan,1,Left,Left,204,435,79,35565980,nan,nan,0.00
8/17/2026 21:52:18,1.17.3,LeftRight,2,4.01,nan,1,Right,Left,204,436,79,35572803,nan,nan,0.02
8/17/2026 21:52:24,1.17.3,LeftRight,2,4.01,3,1,Pellet,Left,204,436,80,35572803,1.91,43,nan
8/17/2026 21:52:35,1.17.3,LeftRight,2,4.01,nan,1,Right,Left,204,437,80,35589888,nan,nan,0.00
8/17/2026 21:52:58,1.17.3,LeftRight,2,4.02,nan,1,Left,Left,205,437,80,35612933,nan,nan,0.00
8/17/2026 21:53:01,1.17.3,LeftRight,2,4.01,nan,1,Right,Left,205,438,80,35616081,nan,nan,0.11
8/17/2026 21:53:05,1.17.3,LeftRight,2,4.01,2,1,Pellet,Left,205,438,81,35616081,0.71,41,nan
8/17/2026 21:53:16,1.17.3,LeftRight,2,4.01,nan,1,Right,Left,205,439,81,35630925,nan,nan,0.04
8/17/2026 21:53:20,1.17.3,LeftRight,2,4.01,nan,1,Right,Left,205,440,81,35635145,nan,nan,0.20
8/17/2026 21:54:47,1.17.3,LeftRight,2,4.01,nan,1,Right,Left,205,441,81,35722644,nan,nan,0.00
8/17/2026 21:55:29,1.17.3,LeftRight,2,4.01,nan,1,Left,Left,206,441,81,35763890,nan,nan,0.00
8/17/2026 21:55:58,1.17.3,LeftRight,2,4.01,nan,1,RESET,Left,206,441,81,35793062,nan,nan,nan
8/17/2026 21:57:24,1.17.3,LeftRight,2,4.01,nan,1,Left,Left,207,441,81,35878756,nan,nan,0.00
8/17/2026 21:57:25,1.17.3,LeftRight,2,4.01,nan,1,Right,Left,207,442,81,35880279,nan,nan,0.00
8/17/2026 21:58:12,1.17.3,LeftRight,2,4.01,1,1,Pellet,Left,207,442,82,35880279,46.55,307,nan
8/17/2026 21:58:41,1.17.3,LeftRight,2,4.01,nan,1,Left,Left,208,442,82,35956480,nan,nan,0.00
8/17/2026 21:58:44,1.17.3,LeftRight,2,4.01,nan,1,Right,Left,208,443,82,35958599,nan,nan,0.09
8/17/2026 21:58:46,1.17.3,LeftRight,2,4.01,1,1,Pellet,Left,208,443,83,35958599,2.03,34,nan
8/17/2026 22:04:26,1.17.3,LeftRight,2,4.01,nan,1,Right,Left,208,444,83,36301301,nan,nan,0.14
8/17/2026 22:04:28,1.17.3,LeftRight,2,4.01,nan,1,Left,Left,209,444,83,36303363,nan,nan,0.00
8/17/2026 22:04:33,1.17.3,LeftRight,2,4.01,nan,1,Right,Left,209,445,83,36308277,nan,nan,0.18
8/17/2026 22:04:36,1.17.3,LeftRight,2,4.02,1,1,Pellet,Left,209,445,84,36308277,2.15,350,nan
8/17/2026 22:04:44,1.17.3,LeftRight,2,4.01,nan,1,Right,Left,209,446,84,36319156,nan,nan,0.13
8/17/2026 22:10:29,1.17.3,LeftRight,2,4.02,nan,1,Right,Left,209,447,84,36664302,nan,nan,0.02
8/17/2026 22:10:32,1.17.3,LeftRight,2,4.00,nan,1,Right,Left,209,448,84,36667316,nan,nan,0.00
8/17/2026 22:10:34,1.17.3,LeftRight,2,4.01,nan,1,Right,Left,209,449,84,36669137,nan,nan,0.48
8/17/2026 22:10:38,1.17.3,LeftRight,2,4.01,nan,1,Right,Left,209,450,84,36672906,nan,nan,0.11
8/17/2026 22:10:41,1.17.3,LeftRight,2,4.01,nan,1,Right,Left,209,451,84,36676165,nan,nan,0.07
8/17/2026 22:11:44,1.17.3,LeftRight,2,4.01,nan,1,Right,Left,209,452,84,36739239,nan,nan,0.00
8/17/2026 22:11:46,1.17.3,LeftRight,2,4.01,nan,1,Left,Left,210,452,84,36740974,nan,nan,0.00
8/17/2026 22:11:52,1.17.3,LeftRight,2,4.01,nan,1,Right,Left,210,453,84,36746762,nan,nan,0.02
8/17/2026 22:11:54,1.17.3,LeftRight,2,4.01,1,1,Pellet,Left,210,453,85,36746762,1.61,438,nan
8/17/2026 22:17:21,1.17.3,LeftRight,2,4.01,nan,1,Left,Left,211,453,85,37076550,nan,nan,0.00
8/17/2026 22:17:23,1.17.3,LeftRight,2,4.01,nan,1,Right,Left,211,454,85,37077927,nan,nan,0.02
8/17/2026 22:17:27,1.17.3,LeftRight,2,4.00,2,1,Pellet,Left,211,454,86,37077927,1.43,333,nan
8/17/2026 22:17:41,1.17.3,LeftRight,2,4.01,nan,1,Right,Left,211,455,86,37096232,nan,nan,0.08
8/17/2026 22:17:43,1.17.3,LeftRight,2,4.00,nan,1,Right,Left,211,456,86,37097690,nan,nan,0.17
8/17/2026 22:21:41,1.17.3,LeftRight,2,4.01,nan,1,Right,Left,211,457,86,37336034,nan,nan,0.10
8/17/2026 22:21:44,1.17.3,LeftRight,2,4.01,nan,1,Left,Left,212,457,86,37339150,nan,nan,0.00
8/17/2026 22:22:14,1.17.3,LeftRight,2,4.01,nan,1,RESET,Left,212,457,86,37369236,nan,nan,nan
8/17/2026 22:22:37,1.17.3,LeftRight,2,4.01,nan,1,Left,Left,213,457,86,37392708,nan,nan,0.00
8/17/2026 22:23:07,1.17.3,LeftRight,2,4.00,nan,1,RESET,Left,213,457,86,37422216,nan,nan,nan
8/17/2026 22:25:07,1.17.3,LeftRight,2,4.01,nan,1,Right,Left,213,458,86,37541628,nan,nan,0.15
8/17/2026 22:25:09,1.17.3,LeftRight,2,4.01,nan,1,Right,Left,213,459,86,37543600,nan,nan,0.14
8/17/2026 22:25:11,1.17.3,LeftRight,2,4.01,nan,1,Right,Left,213,460,86,37545857,nan,nan,0.45
8/17/2026 22:25:14,1.17.3,LeftRight,2,4.01,nan,1,Right,Left,213,461,86,37548568,nan,nan,0.26
8/17/2026 22:25:15,1.17.3,LeftRight,2,4.00,nan,1,Right,Left,213,462,86,37550357,nan,nan,0.23
8/17/2026 22:25:21,1.17.3,LeftRight,2,4.01,nan,1,Left,Left,214,462,86,37556504,nan,nan,0.00
8/17/2026 22:25:24,1.17.3,LeftRight,2,4.01,nan,1,Left,Left,215,462,86,37559140,nan,nan,0.00
8/17/2026 22:25:26,1.17.3,LeftRight,2,4.00,nan,1,Right,Left,215,463,86,37560670,nan,nan,0.24
8/17/2026 22:25:32,1.17.3,LeftRight,2,4.01,3,1,Pellet,Left,215,463,87,37560670,1.01,485,nan
8/17/2026 22:25:41,1.17.3,LeftRight,2,4.01,nan,1,Right,Left,215,464,87,37576138,nan,nan,0.19
8/17/2026 22:25:42,1.17.3,LeftRight,2,4.00,nan,1,Right,Left,215,465,87,37576826,nan,nan,0.03
8/17/2026 22:25:50,1.17.3,LeftRight,2,4.01,nan,1,Left,Left,216,465,87,37584757,nan,nan,0.00
8/17/2026 22:25:54,1.17.3,LeftRight,2,4.01,nan,1,Left,Left,217,465,87,37589074,nan,nan,0.00
8/17/2026 22:25:56,1.17.3,LeftRight,2,4.01,nan,1,Left,Left,218,465,87,37590884,nan,nan,0.00
8/17/2026 22:25:57,1.17.3,LeftRight,2,4.01,nan,1,Right,Left,218,466,87,37592558,nan,nan,0.07
8/17/2026 22:25:59,1.17.3,LeftRight,2,4.01,1,1,Pellet,Left,218,466,88,37592558,0.59,27,nan
8/17/2026 22:26:10,1.17.3,LeftRight,2,4.00,nan,1,Right,Left,218,467,88,37605298,nan,nan,0.42
8/17/2026 22:26:15,1.17.3,LeftRight,2,4.00,nan,1,Right,Left,218,468,88,37610195,nan,nan,0.23
8/17/2026 22:26:18,1.17.3,LeftRight,2,4.01,nan,1,Right,Left,218,469,88,37612848,nan,nan,0.37
8/17/2026 22:27:00,1.17.3,LeftRight,2,4.00,nan,1,Left,Left,219,469,88,37655443,nan,nan,0.00
8/17/2026 22:27:02,1.17.3,LeftRight,2,4.01,nan,1,Left,Left,220,469,88,37657636,nan,nan,0.00
8/17/2026 22:27:32,1.17.3,LeftRight,2,4.01,nan,1,RESET,Left,220,469,88,37687178,nan,nan,nan
8/17/2026 22:27:38,1.17.3,LeftRight,2,4.01,nan,1,Right,Left,220,470,88,37692776,nan,nan,0.11
8/17/2026 22:27:40,1.17.3,LeftRight,2,4.01,nan,1,Right,Left,220,471,88,37695007,nan,nan,0.00
8/17/2026 22:27:41,1.17.3,LeftRight,2,4.01,nan,1,Right,Left,220,472,88,37695946,nan,nan,0.53
8/17/2026 22:27:45,1.17.3,LeftRight,2,4.01,nan,1,Left,Left,221,472,88,37700356,nan,nan,0.00
8/17/2026 22:27:47,1.17.3,LeftRight,2,4.00,nan,1,Right,Left,221,473,88,37702176,nan,nan,0.29
8/17/2026 22:27:51,1.17.3,LeftRight,2,4.01,2,1,Pellet,Left,221,473,89,37702176,0.47,112,nan
8/17/2026 22:27:59,1.17.3,LeftRight,2,4.01,nan,1,Right,Left,221,474,89,37713918,nan,nan,0.06
8/17/2026 22:28:00,1.17.3,LeftRight,2,4.01,nan,1,Right,Left,221,475,89,37714472,nan,nan,0.27
8/17/2026 22:28:04,1.17.3,LeftRight,2,4.01,nan,1,Right,Left,221,476,89,37718924,nan,nan,0.00
8/17/2026 22:28:08,1.17.3,LeftRight,2,4.02,nan,1,Left,Left,222,476,89,37723292,nan,nan,0.00
8/17/2026 22:28:11,1.17.3,LeftRight,2,4.01,nan,1,Right,Left,222,477,89,37725262,nan,nan,0.55
8/17/2026 22:28:14,1.17.3,LeftRight,2,4.01,2,1,Pellet,Left,222,477,90,37725262,1.01,23,nan
8/17/2026 22:28:22,1.17.3,LeftRight,2,4.01,nan,1,Left,Left,223,477,90,37737338,nan,nan,0.00
8/17/2026 22:28:27,1.17.3,LeftRight,2,4.02,nan,1,Right,Left,223,478,90,37741074,nan,nan,0.82
8/17/2026 22:28:27,1.17.3,LeftRight,2,4.00,nan,1,RightDuringDispense,Left,223,479,90,37741074,nan,nan,0.22
8/17/2026 22:28:33,1.17.3,LeftRight,2,4.01,3,1,Pellet,Left,223,479,91,37741074,1.31,19,nan
8/17/2026 22:28:41,1.17.3,LeftRight,2,4.01,nan,1,Right,Left,223,480,91,37755772,nan,nan,0.12
8/17/2026 22:28:43,1.17.3,LeftRight,2,4.01,nan,1,Right,Left,223,481,91,37757572,nan,nan,0.24
8/17/2026 22:28:45,1.17.3,LeftRight,2,4.01,nan,1,Right,Left,223,482,91,37759780,nan,nan,0.26
8/17/2026 22:29:09,1.17.3,LeftRight,2,4.00,nan,1,Right,Left,223,483,91,37784555,nan,nan,0.13
8/17/2026 22:31:02,1.17.3,LeftRight,2,4.01,nan,1,Left,Left,224,483,91,37897430,nan,nan,0.00
8/17/2026 22:31:05,1.17.3,LeftRight,2,4.01,nan,1,Left,Left,225,483,91,37900113,nan,nan,0.00
8/17/2026 22:31:07,1.17.3,LeftRight,2,4.01,nan,1,Right,Left,225,484,91,37901933,nan,nan,0.08
8/17/2026 22:31:08,1.17.3,LeftRight,2,4.01,1,1,Pellet,Left,225,484,92,37901933,0.59,155,nan
8/17/2026 22:31:20,1.17.3,LeftRight,2,4.01,nan,1,Left,Left,226,484,92,37915218,nan,nan,0.00
8/17/2026 22:31:23,1.17.3,LeftRight,2,4.00,nan,1,Right,Left,226,485,92,37918070,nan,nan,0.10
8/17/2026 22:31:24,1.17.3,LeftRight,2,4.00,1,1,Pellet,Left,226,485,93,37918070,0.53,16,nan
8/17/2026 22:31:32,1.17.3,LeftRight,2,4.01,nan,1,Right,Left,226,486,93,37927431,nan,nan,0.24
8/17/2026 22:31:34,1.17.3,LeftRight,2,4.01,nan,1,Right,Left,226,487,93,37929051,nan,nan,0.00
8/17/2026 22:33:33,1.17.3,LeftRight,2,4.01,nan,1,Left,Left,227,487,93,38047801,nan,nan,0.00
8/17/2026 22:33:35,1.17.3,LeftRight,2,4.01,nan,1,Right,Left,227,488,93,38050063,nan,nan,0.05
8/17/2026 22:33:39,1.17.3,LeftRight,2,4.01,2,1,Pellet,Left,227,488,94,38050063,1.73,135,nan
8/17/2026 22:33:54,1.17.3,LeftRight,2,4.01,nan,1,Right,Left,227,489,94,38069538,nan,nan,0.05
8/17/2026 22:38:30,1.17.3,LeftRight,2,4.01,nan,1,Right,Left,227,490,94,38345261,nan,nan,0.00
8/17/2026 22:38:35,1.17.3,LeftRight,2,4.01,nan,1,Right,Left,227,491,94,38349737,nan,nan,0.05
8/17/2026 22:39:08,1.17.3,LeftRight,2,4.01,nan,1,Right,Left,227,492,94,38383700,nan,nan,0.00
8/17/2026 22:41:18,1.17.3,LeftRight,2,4.01,nan,1,Right,Left,227,493,94,38513328,nan,nan,0.00
8/17/2026 22:41:24,1.17.3,LeftRight,2,4.01,nan,1,Right,Left,227,494,94,38519266,nan,nan,0.00
8/17/2026 22:43:12,1.17.3,LeftRight,2,4.01,nan,1,Right,Left,227,495,94,38627037,nan,nan,0.00
8/17/2026 22:43:14,1.17.3,LeftRight,2,4.01,nan,1,Right,Left,227,496,94,38629452,nan,nan,0.00
8/17/2026 22:43:19,1.17.3,LeftRight,2,4.01,nan,1,Left,Left,228,496,94,38633923,nan,nan,0.00
8/17/2026 22:43:20,1.17.3,LeftRight,2,4.01,nan,1,Left,Left,229,496,94,38635161,nan,nan,0.00
8/17/2026 22:43:28,1.17.3,LeftRight,2,4.01,nan,1,Right,Left,229,497,94,38643613,nan,nan,0.05
8/17/2026 22:43:31,1.17.3,LeftRight,2,4.01,1,1,Pellet,Left,229,497,95,38643613,1.43,592,nan
8/17/2026 22:43:41,1.17.3,LeftRight,2,4.01,nan,1,Right,Left,229,498,95,38656602,nan,nan,0.00
8/17/2026 22:50:33,1.17.3,LeftRight,2,4.00,nan,1,Left,Left,230,498,95,39067912,nan,nan,0.00
8/17/2026 22:50:35,1.17.3,LeftRight,2,4.01,nan,1,Right,Left,230,499,95,39069735,nan,nan,0.06
8/17/2026 22:50:41,1.17.3,LeftRight,2,4.00,3,1,Pellet,Left,230,499,96,39069735,1.25,430,nan
8/17/2026 22:50:50,1.17.3,LeftRight,2,4.00,nan,1,Right,Left,230,500,96,39085384,nan,nan,0.06
8/17/2026 22:50:54,1.17.3,LeftRight,2,4.01,nan,1,Right,Left,230,501,96,39089034,nan,nan,0.22
8/17/2026 22:50:58,1.17.3,LeftRight,2,4.01,nan,1,Right,Left,230,502,96,39093137,nan,nan,0.08
8/17/2026 22:51:01,1.17.3,LeftRight,2,4.01,nan,1,Right,Left,230,503,96,39096222,nan,nan,0.12
8/17/2026 22:51:06,1.17.3,LeftRight,2,4.01,nan,1,Right,Left,230,504,96,39101699,nan,nan,0.08
8/17/2026 22:51:11,1.17.3,LeftRight,2,4.01,nan,1,Right,Left,230,505,96,39105510,nan,nan,0.51
8/17/2026 22:51:13,1.17.3,LeftRight,2,4.00,nan,1,Left,Left,231,505,96,39108184,nan,nan,0.00
8/17/2026 22:51:14,1.17.3,LeftRight,2,4.01,nan,1,Left,Left,232,505,96,39109028,nan,nan,0.00
8/17/2026 22:51:15,1.17.3,LeftRight,2,4.00,nan,1,Right,Left,232,506,96,39110410,nan,nan,0.16
8/17/2026 22:51:19,1.17.3,LeftRight,2,4.01,2,1,Pellet,Left,232,506,97,39110410,0.47,38,nan
8/17/2026 22:52:09,1.17.3,LeftRight,2,4.00,nan,1,Right,Left,232,507,97,39164436,nan,nan,0.19
8/17/2026 22:52:10,1.17.3,LeftRight,2,4.00,nan,1,Right,Left,232,508,97,39165117,nan,nan,0.00
8/17/2026 22:52:13,1.17.3,LeftRight,2,4.01,nan,1,Left,Left,233,508,97,39168587,nan,nan,0.00
8/17/2026 22:52:15,1.17.3,LeftRight,2,4.00,nan,1,Right,Left,233,509,97,39169676,nan,nan,0.15
8/17/2026 22:52:18,1.17.3,LeftRight,2,4.00,2,1,Pellet,Left,233,509,98,39169676,0.77,59,nan
8/17/2026 22:52:28,1.17.3,LeftRight,2,4.01,nan,1,Right,Left,233,510,98,39182754,nan,nan,0.48
8/17/2026 22:52:31,1.17.3,LeftRight,2,4.01,nan,1,Left,Left,234,510,98,39185922,nan,nan,0.00
8/17/2026 22:52:32,1.17.3,LeftRight,2,4.00,nan,1,Left,Left,235,510,98,39187386,nan,nan,0.00
8/17/2026 22:52:34,1.17.3,LeftRight,2,4.01,nan,1,Right,Left,235,511,98,39188765,nan,nan,0.29
8/17/2026 22:52:34,1.17.3,LeftRight,2,4.00,nan,1,RightDuringDispense,Left,235,512,98,39188765,nan,nan,0.17
8/17/2026 22:52:36,1.17.3,LeftRight,2,4.00,1,1,Pellet,Left,235,512,99,39188765,1.07,18,nan
8/17/2026 22:52:45,1.17.3,LeftRight,2,4.00,nan,1,Right,Left,235,513,99,39199902,nan,nan,0.33
8/17/2026 22:52:50,1.17.3,LeftRight,2,4.01,nan,1,Left,Left,236,513,99,39205095,nan,nan,0.00
8/17/2026 22:52:51,1.17.3,LeftRight,2,4.01,nan,1,Right,Left,236,514,99,39206179,nan,nan,0.47
8/17/2026 22:52:57,1.17.3,LeftRight,2,4.00,3,1,Pellet,Left,236,514,100,39206179,0.53,21,nan
8/17/2026 22:53:05,1.17.3,LeftRight,2,4.01,nan,1,Right,Left,236,515,100,39220016,nan,nan,0.44
8/17/2026 22:53:06,1.17.3,LeftRight,2,4.00,nan,1,Right,Left,236,516,100,39221393,nan,nan,0.32
8/17/2026 22:53:08,1.17.3,LeftRight,2,4.00,nan,1,Right,Left,236,517,100,39222357,nan,nan,0.47
8/17/2026 22:53:08,1.17.3,LeftRight,2,4.01,nan,1,Right,Left,236,518,100,39223325,nan,nan,0.31
8/17/2026 22:53:12,1.17.3,LeftRight,2,4.00,nan,1,Right,Left,236,519,100,39226641,nan,nan,0.57
8/17/2026 22:53:14,1.17.3,LeftRight,2,4.01,nan,1,Right,Left,236,520,100,39228590,nan,nan,0.26
8/17/2026 22:53:17,1.17.3,LeftRight,2,4.00,nan,1,Left,Left,237,520,100,39232271,nan,nan,0.00
8/17/2026 22:53:18,1.17.3,LeftRight,2,4.00,nan,1,Right,Left,237,521,100,39233209,nan,nan,0.15
8/17/2026 22:53:20,1.17.3,LeftRight,2,4.00,1,1,Pellet,Left,237,521,101,39233209,0.71,23,nan
8/17/2026 23:09:23,1.17.3,LeftRight,2,4.00,nan,1,Left,Left,238,521,101,40198064,nan,nan,0.00
8/17/2026 23:09:29,1.17.3,LeftRight,2,4.00,nan,1,Left,Left,239,521,101,40204389,nan,nan,0.00
8/17/2026 23:09:31,1.17.3,LeftRight,2,4.00,nan,1,Right,Left,239,522,101,40206063,nan,nan,0.17
8/17/2026 23:09:35,1.17.3,LeftRight,2,4.01,2,1,Pellet,Left,239,522,102,40206063,1.01,975,nan
8/17/2026 23:12:09,1.17.3,LeftRight,2,4.00,nan,1,Right,Left,239,523,102,40363965,nan,nan,0.19
8/17/2026 23:12:11,1.17.3,LeftRight,2,4.00,nan,1,Left,Left,240,523,102,40366420,nan,nan,0.00
8/17/2026 23:12:13,1.17.3,LeftRight,2,4.00,nan,1,Right,Left,240,524,102,40368097,nan,nan,0.07
8/17/2026 23:12:15,1.17.3,LeftRight,2,4.00,1,1,Pellet,Left,240,524,103,40368097,1.79,160,nan
8/17/2026 23:14:43,1.17.3,LeftRight,2,4.00,nan,1,Left,Left,241,524,103,40518635,nan,nan,0.00
8/17/2026 23:14:45,1.17.3,LeftRight,2,4.00,nan,1,Left,Left,242,524,103,40520315,nan,nan,0.00
8/17/2026 23:14:47,1.17.3,LeftRight,2,4.01,nan,1,Right,Left,242,525,103,40522284,nan,nan,0.13
8/17/2026 23:14:48,1.17.3,LeftRight,2,4.00,1,1,Pellet,Left,242,525,104,40522284,0.06,153,nan
8/17/2026 23:14:55,1.17.3,LeftRight,2,4.00,nan,1,Right,Left,242,526,104,40530539,nan,nan,0.22
8/17/2026 23:15:00,1.17.3,LeftRight,2,4.00,nan,1,Right,Left,242,527,104,40534344,nan,nan,0.78
8/17/2026 23:15:01,1.17.3,LeftRight,2,4.00,nan,1,Right,Left,242,528,104,40536066,nan,nan,0.09
8/17/2026 23:15:04,1.17.3,LeftRight,2,4.00,nan,1,Right,Left,242,529,104,40538563,nan,nan,0.48
8/17/2026 23:15:07,1.17.3,LeftRight,2,4.00,nan,1,Right,Left,242,530,104,40541605,nan,nan,0.50
8/17/2026 23:15:10,1.17.3,LeftRight,2,4.00,nan,1,Right,Left,242,531,104,40545108,nan,nan,0.21
8/17/2026 23:15:12,1.17.3,LeftRight,2,4.00,nan,1,Left,Left,243,531,104,40547079,nan,nan,0.00
8/17/2026 23:15:14,1.17.3,LeftRight,2,4.00,nan,1,Right,Left,243,532,104,40548899,nan,nan,0.22
8/17/2026 23:15:15,1.17.3,LeftRight,2,4.00,1,1,Pellet,Left,243,532,105,40548899,0.65,27,nan
8/17/2026 23:19:41,1.17.3,LeftRight,2,4.00,nan,1,Right,Left,243,533,105,40815863,nan,nan,0.00
8/17/2026 23:19:45,1.17.3,LeftRight,2,4.00,nan,1,Right,Left,243,534,105,40820191,nan,nan,0.29
8/17/2026 23:19:48,1.17.3,LeftRight,2,4.00,nan,1,Right,Left,243,535,105,40823333,nan,nan,0.27
8/17/2026 23:19:55,1.17.3,LeftRight,2,4.00,nan,1,Left,Left,244,535,105,40830056,nan,nan,0.00
8/17/2026 23:19:57,1.17.3,LeftRight,2,4.01,nan,1,Right,Left,244,536,105,40832320,nan,nan,0.32
8/17/2026 23:19:58,1.17.3,LeftRight,2,4.00,nan,1,RightDuringDispense,Left,244,537,105,40832320,nan,nan,0.13
8/17/2026 23:20:02,1.17.3,LeftRight,2,4.00,nan,1,RightWithPellet,Left,244,538,105,40832320,nan,nan,0.45
8/17/2026 23:20:04,1.17.3,LeftRight,2,4.00,2,1,Pellet,Left,244,538,106,40832320,3.55,289,nan
8/17/2026 23:20:18,1.17.3,LeftRight,2,4.00,nan,1,Right,Left,244,539,106,40852543,nan,nan,0.50
8/17/2026 23:20:20,1.17.3,LeftRight,2,4.00,nan,1,Right,Left,244,540,106,40855605,nan,nan,0.18
8/17/2026 23:20:26,1.17.3,LeftRight,2,4.01,nan,1,Right,Left,244,541,106,40861294,nan,nan,0.44
8/17/2026 23:20:28,1.17.3,LeftRight,2,4.00,nan,1,Right,Left,244,542,106,40863559,nan,nan,0.11
8/17/2026 23:20:34,1.17.3,LeftRight,2,4.00,nan,1,Right,Left,244,543,106,40868884,nan,nan,0.31
8/17/2026 23:20:36,1.17.3,LeftRight,2,4.00,nan,1,Left,Left,245,543,106,40871573,nan,nan,0.00
8/17/2026 23:20:40,1.17.3,LeftRight,2,4.00,nan,1,Right,Left,245,544,106,40875167,nan,nan,0.05
8/17/2026 23:20:43,1.17.3,LeftRight,2,4.01,1,1,Pellet,Left,245,544,107,40875167,2.63,39,nan
8/17/2026 23:20:52,1.17.3,LeftRight,2,4.00,nan,1,Right,Left,245,545,107,40887013,nan,nan,0.00
8/17/2026 23:22:12,1.17.3,LeftRight,2,4.00,nan,1,Right,Left,245,546,107,40966923,nan,nan,0.00
8/17/2026 23:22:30,1.17.3,LeftRight,2,4.00,nan,1,Right,Left,245,547,107,40984963,nan,nan,0.00
8/17/2026 23:26:24,1.17.3,LeftRight,2,4.00,nan,1,Right,Left,245,548,107,41219449,nan,nan,0.25
8/17/2026 23:26:30,1.17.3,LeftRight,2,4.00,nan,1,Left,Left,246,548,107,41225411,nan,nan,0.00
8/17/2026 23:26:32,1.17.3,LeftRight,2,4.00,nan,1,Right,Left,246,549,107,41227235,nan,nan,0.10
8/17/2026 23:26:34,1.17.3,LeftRight,2,4.00,1,1,Pellet,Left,246,549,108,41227235,0.83,351,nan
8/17/2026 23:34:57,1.17.3,LeftRight,2,4.00,nan,1,Left,Left,247,549,108,41732217,nan,nan,0.00
8/17/2026 23:35:24,1.17.3,LeftRight,2,4.00,nan,1,Left,Left,248,549,108,41759487,nan,nan,0.00
8/17/2026 23:35:25,1.17.3,LeftRight,2,4.00,nan,1,Left,Left,249,549,108,41760697,nan,nan,0.00
8/17/2026 23:35:27,1.17.3,LeftRight,2,4.00,nan,1,Right,Left,249,550,108,41762521,nan,nan,0.01
8/17/2026 23:35:31,1.17.3,LeftRight,2,4.00,nan,1,RightWithPellet,Left,249,551,108,41762521,nan,nan,0.15
8/17/2026 23:36:10,1.17.3,LeftRight,2,4.00,1,1,Pellet,Left,249,551,109,41762521,42.52,576,nan
8/17/2026 23:36:54,1.17.3,LeftRight,2,4.00,nan,1,Left,Left,250,551,109,41849029,nan,nan,0.00
8/17/2026 23:36:58,1.17.3,LeftRight,2,4.00,nan,1,Right,Left,250,552,109,41853802,nan,nan,0.00
8/17/2026 23:37:00,1.17.3,LeftRight,2,4.00,1,1,Pellet,Left,250,552,110,41853802,0.77,50,nan
8/17/2026 23:43:30,1.17.3,LeftRight,2,4.00,nan,1,Right,Left,250,553,110,42245837,nan,nan,0.00
8/17/2026 23:43:33,1.17.3,LeftRight,2,4.00,nan,1,Right,Left,250,554,110,42248102,nan,nan,0.17
8/17/2026 23:43:40,1.17.3,LeftRight,2,4.00,nan,1,Left,Left,251,554,110,42255447,nan,nan,0.00
8/17/2026 23:43:41,1.17.3,LeftRight,2,4.00,nan,1,Right,Left,251,555,110,42256532,nan,nan,0.27
8/17/2026 23:43:42,1.17.3,LeftRight,2,3.93,nan,1,RightDuringDispense,Left,251,556,110,42256532,nan,nan,0.32
8/17/2026 23:43:44,1.17.3,LeftRight,2,4.00,1,1,Pellet,Left,251,556,111,42256532,0.83,404,nan
8/17/2026 23:43:54,1.17.3,LeftRight,2,4.00,nan,1,Right,Left,251,557,111,42269013,nan,nan,0.68
8/17/2026 23:43:58,1.17.3,LeftRight,2,4.00,nan,1,Right,Left,251,558,111,42270483,nan,nan,2.60
8/17/2026 23:44:00,1.17.3,LeftRight,2,4.00,nan,1,Right,Left,251,559,111,42274901,nan,nan,0.29
8/17/2026 23:44:04,1.17.3,LeftRight,2,4.00,nan,1,Right,Left,251,560,111,42278482,nan,nan,0.68
8/17/2026 23:44:07,1.17.3,LeftRight,2,4.00,nan,1,Right,Left,251,561,111,42281424,nan,nan,1.20
8/17/2026 23:44:09,1.17.3,LeftRight,2,4.00,nan,1,Right,Left,251,562,111,42283998,nan,nan,0.72
8/17/2026 23:44:12,1.17.3,LeftRight,2,4.00,nan,1,Left,Left,252,562,111,42287239,nan,nan,0.00
8/17/2026 23:44:13,1.17.3,LeftRight,2,4.00,nan,1,Left,Left,253,562,111,42288370,nan,nan,0.00
8/17/2026 23:44:15,1.17.3,LeftRight,2,4.00,nan,1,Right,Left,253,563,111,42290190,nan,nan,0.10
8/17/2026 23:44:19,1.17.3,LeftRight,2,4.00,2,1,Pellet,Left,253,563,112,42290190,0.83,35,nan
8/17/2026 23:44:30,1.17.3,LeftRight,2,4.00,nan,1,Right,Left,253,564,112,42305048,nan,nan,0.20
8/17/2026 23:44:32,1.17.3,LeftRight,2,4.00,nan,1,Right,Left,253,565,112,42306041,nan,nan,1.00
8/17/2026 23:44:32,1.17.3,LeftRight,2,4.00,nan,1,Right,Left,253,566,112,42307687,nan,nan,0.20
8/17/2026 23:44:34,1.17.3,LeftRight,2,4.00,nan,1,Right,Left,253,567,112,42309267,nan,nan,0.12
8/17/2026 23:44:38,1.17.3,LeftRight,2,4.00,nan,1,Right,Left,253,568,112,42313414,nan,nan,0.14
8/17/2026 23:44:41,1.17.3,LeftRight,2,4.00,nan,1,Left,Left,254,568,112,42316166,nan,nan,0.00
8/17/2026 23:44:42,1.17.3,LeftRight,2,4.00,nan,1,Right,Left,254,569,112,42317545,nan,nan,0.27
8/17/2026 23:44:44,1.17.3,LeftRight,2,4.00,1,1,Pellet,Left,254,569,113,42317545,0.89,25,nan
8/17/2026 23:44:52,1.17.3,LeftRight,2,4.00,nan,1,Right,Left,254,570,113,42327267,nan,nan,0.06
8/17/2026 23:45:14,1.17.3,LeftRight,2,4.00,nan,1,Right,Left,254,571,113,42348445,nan,nan,0.54
8/17/2026 23:45:15,1.17.3,LeftRight,2,4.00,nan,1,Right,Left,254,572,113,42350215,nan,nan,0.34
8/17/2026 23:52:27,1.17.3,LeftRight,2,4.00,nan,1,Right,Left,254,573,113,42782640,nan,nan,0.04
8/17/2026 23:52:31,1.17.3,LeftRight,2,4.00,nan,1,Right,Left,254,574,113,42786709,nan,nan,0.06
8/17/2026 23:53:39,1.17.3,LeftRight,2,4.00,nan,1,Right,Left,254,575,113,42854578,nan,nan,0.29
8/17/2026 23:53:46,1.17.3,LeftRight,2,4.00,nan,1,Right,Left,254,576,113,42860959,nan,nan,0.20
8/17/2026 23:53:51,1.17.3,LeftRight,2,4.00,nan,1,Right,Left,254,577,113,42865489,nan,nan,0.50
8/17/2026 23:53:53,1.17.3,LeftRight,2,4.00,nan,1,Left,Left,255,577,113,42868841,nan,nan,0.00
8/17/2026 23:53:55,1.17.3,LeftRight,2,4.00,nan,1,Right,Left,255,578,113,42870073,nan,nan,0.26
8/17/2026 23:53:56,1.17.3,LeftRight,2,4.00,1,1,Pellet,Left,255,578,114,42870073,0.53,552,nan
8/17/2026 23:54:12,1.17.3,LeftRight,2,4.00,nan,1,Right,Left,255,579,114,42886378,nan,nan,0.85
8/17/2026 23:54:14,1.17.3,LeftRight,2,4.00,nan,1,Right,Left,255,580,114,42887872,nan,nan,1.08
8/17/2026 23:54:15,1.17.3,LeftRight,2,4.00,nan,1,Right,Left,255,581,114,42890332,nan,nan,0.01
8/17/2026 23:54:19,1.17.3,LeftRight,2,4.00,nan,1,Right,Left,255,582,114,42894221,nan,nan,0.09
8/17/2026 23:54:24,1.17.3,LeftRight,2,4.00,nan,1,Left,Left,256,582,114,42899901,nan,nan,0.00
8/17/2026 23:54:26,1.17.3,LeftRight,2,4.00,nan,1,Right,Left,256,583,114,42901133,nan,nan,0.06
8/17/2026 23:54:27,1.17.3,LeftRight,2,4.00,1,1,Pellet,Left,256,583,115,42901133,0.77,31,nan
8/17/2026 23:54:41,1.17.3,LeftRight,2,4.00,nan,1,Right,Left,256,584,115,42915857,nan,nan,0.69
8/17/2026 23:54:43,1.17.3,LeftRight,2,4.00,nan,1,Right,Left,256,585,115,42917932,nan,nan,0.45
8/17/2026 23:54:49,1.17.3,LeftRight,2,4.00,nan,1,Right,Left,256,586,115,42923888,nan,nan,1.01
8/17/2026 23:54:58,1.17.3,LeftRight,2,4.00,nan,1,Left,Left,257,586,115,42933300,nan,nan,0.00
8/17/2026 23:54:59,1.17.3,LeftRight,2,4.00,nan,1,Left,Left,258,586,115,42934816,nan,nan,0.00
8/17/2026 23:55:01,1.17.3,LeftRight,2,4.00,nan,1,Left,Left,259,586,115,42936328,nan,nan,0.00
8/17/2026 23:55:03,1.17.3,LeftRight,2,4.00,nan,1,Right,Left,259,587,115,42937709,nan,nan,0.27
8/17/2026 23:55:04,1.17.3,LeftRight,2,4.00,1,1,Pellet,Left,259,587,116,42937709,1.01,37,nan
8/17/2026 23:55:14,1.17.3,LeftRight,2,4.00,nan,1,Right,Left,259,588,116,42948915,nan,nan,0.63
8/17/2026 23:55:15,1.17.3,LeftRight,2,4.00,nan,1,Right,Left,259,589,116,42950481,nan,nan,0.16
8/17/2026 23:55:18,1.17.3,LeftRight,2,4.00,nan,1,Right,Left,259,590,116,42952759,nan,nan,0.28
8/17/2026 23:55:39,1.17.3,LeftRight,2,4.00,nan,1,Right,Left,259,591,116,42974336,nan,nan,0.08
8/17/2026 23:58:33,1.17.3,LeftRight,2,4.00,nan,1,Left,Left,260,591,116,43148287,nan,nan,0.00
8/17/2026 23:59:02,1.17.3,LeftRight,2,4.00,nan,1,RESET,Left,260,591,116,43177387,nan,nan,nan
8/18/2026 0:01:35,1.17.3,LeftRight,2,4.00,nan,1,Right,Left,260,592,116,43330582,nan,nan,0.00
8/18/2026 0:03:31,1.17.3,LeftRight,2,4.00,nan,1,Right,Left,260,593,116,43446062,nan,nan,0.06
8/18/2026 0:03:36,1.17.3,LeftRight,2,4.00,nan,1,Right,Left,260,594,116,43450752,nan,nan,0.28
8/18/2026 0:03:40,1.17.3,LeftRight,2,4.00,nan,1,Right,Left,260,595,116,43454921,nan,nan,0.07
8/18/2026 0:03:44,1.17.3,LeftRight,2,4.00,nan,1,Right,Left,260,596,116,43458734,nan,nan,0.32
8/18/2026 0:03:46,1.17.3,LeftRight,2,4.00,nan,1,Left,Left,261,596,116,43461634,nan,nan,0.00
8/18/2026 0:03:48,1.17.3,LeftRight,2,4.00,nan,1,Right,Left,261,597,116,43462868,nan,nan,0.20
8/18/2026 0:03:48,1.17.3,LeftRight,2,4.00,nan,1,RightDuringDispense,Left,261,598,116,43462868,nan,nan,0.21
8/18/2026 0:03:52,1.17.3,LeftRight,2,4.00,2,1,Pellet,Left,261,598,117,43462868,0.95,528,nan
8/18/2026 0:04:05,1.17.3,LeftRight,2,4.00,nan,1,Right,Left,261,599,117,43480363,nan,nan,0.29
8/18/2026 0:04:07,1.17.3,LeftRight,2,4.00,nan,1,Right,Left,261,600,117,43482623,nan,nan,0.00
8/18/2026 0:07:46,1.17.3,LeftRight,2,4.00,nan,1,Right,Left,261,601,117,43701013,nan,nan,0.16
8/18/2026 0:07:47,1.17.3,LeftRight,2,4.00,nan,1,Left,Left,262,601,117,43702847,nan,nan,0.00
8/18/2026 0:08:17,1.17.3,LeftRight,2,4.00,nan,1,RESET,Left,262,601,117,43732389,nan,nan,nan
8/18/2026 0:16:17,1.17.3,LeftRight,2,4.00,nan,1,Right,Left,262,602,117,44212549,nan,nan,0.06
8/18/2026 0:16:19,1.17.3,LeftRight,2,4.00,nan,1,Right,Left,262,603,117,44213989,nan,nan,0.24
8/18/2026 0:16:21,1.17.3,LeftRight,2,4.00,nan,1,Right,Left,262,604,117,44215466,nan,nan,0.56
8/18/2026 0:16:21,1.17.3,LeftRight,2,4.00,nan,1,Right,Left,262,605,117,44216817,nan,nan,0.06
8/18/2026 0:16:26,1.17.3,LeftRight,2,4.00,nan,1,Left,Left,263,605,117,44221924,nan,nan,0.00
8/18/2026 0:16:31,1.17.3,LeftRight,2,4.00,nan,1,Right,Left,263,606,117,44225959,nan,nan,0.26
8/18/2026 0:16:31,1.17.3,LeftRight,2,3.93,nan,1,RightDuringDispense,Left,263,607,117,44225959,nan,nan,0.08
8/18/2026 0:16:36,1.17.3,LeftRight,2,4.00,3,1,Pellet,Left,263,607,118,44225959,1.55,764,nan
8/18/2026 0:16:46,1.17.3,LeftRight,2,4.00,nan,1,Right,Left,263,608,118,44241895,nan,nan,0.00
8/18/2026 0:16:52,1.17.3,LeftRight,2,4.00,nan,1,Right,Left,263,609,118,44246081,nan,nan,1.11
8/18/2026 0:16:57,1.17.3,LeftRight,2,4.00,nan,1,Left,Left,264,609,118,44252961,nan,nan,0.00
8/18/2026 0:17:01,1.17.3,LeftRight,2,4.00,nan,1,Right,Left,264,610,118,44255670,nan,nan,0.39
8/18/2026 0:17:01,1.17.3,LeftRight,2,3.94,nan,1,RightDuringDispense,Left,264,611,118,44255670,nan,nan,0.09
8/18/2026 0:17:02,1.17.3,LeftRight,2,3.93,nan,1,RightDuringDispense,Left,264,612,118,44255670,nan,nan,0.21
8/18/2026 0:17:03,1.17.3,LeftRight,2,4.00,2,1,Pellet,Left,264,612,119,44255670,0.89,27,nan
8/18/2026 0:17:40,1.17.3,LeftRight,2,4.00,nan,1,Left,Left,265,612,119,44295329,nan,nan,0.00
8/18/2026 0:17:43,1.17.3,LeftRight,2,4.00,nan,1,Right,Left,265,613,119,44298476,nan,nan,0.13
8/18/2026 0:17:45,1.17.3,LeftRight,2,4.00,2,1,Pellet,Left,265,613,120,44298476,0.47,42,nan
8/18/2026 0:17:56,1.17.3,LeftRight,2,4.00,nan,1,Right,Left,265,614,120,44311410,nan,nan,0.00
8/18/2026 0:17:57,1.17.3,LeftRight,2,4.00,nan,1,Right,Left,265,615,120,44312200,nan,nan,0.51
8/18/2026 0:18:01,1.17.3,LeftRight,2,4.00,nan,1,Right,Left,265,616,120,44316746,nan,nan,0.08
8/18/2026 0:18:02,1.17.3,LeftRight,2,4.00,nan,1,Right,Left,265,617,120,44317614,nan,nan,0.08
8/18/2026 0:18:03,1.17.3,LeftRight,2,4.00,nan,1,Right,Left,265,618,120,44318335,nan,nan,0.23
8/18/2026 0:18:04,1.17.3,LeftRight,2,4.00,nan,1,Right,Left,265,619,120,44319215,nan,nan,0.23
8/18/2026 0:18:05,1.17.3,LeftRight,2,4.00,nan,1,Right,Left,265,620,120,44320530,nan,nan,0.43
8/18/2026 0:18:11,1.17.3,LeftRight,2,4.00,nan,1,Right,Left,265,621,120,44326030,nan,nan,0.31
8/18/2026 0:20:47,1.17.3,LeftRight,2,4.00,nan,1,Right,Left,265,622,120,44482365,nan,nan,0.06
8/18/2026 0:20:51,1.17.3,LeftRight,2,4.00,nan,1,Left,Left,266,622,120,44486217,nan,nan,0.00
8/18/2026 0:21:00,1.17.3,LeftRight,2,4.00,nan,1,RESET,Left,266,622,120,44495431,nan,nan,nan
8/18/2026 2:27:43,1.17.3,LeftRight,2,3.99,nan,1,Right,Left,266,623,120,52098401,nan,nan,0.00
8/18/2026 2:27:44,1.17.3,LeftRight,2,3.99,nan,1,Right,Left,266,624,120,52099192,nan,nan,0.10
8/18/2026 2:27:44,1.17.3,LeftRight,2,3.98,nan,1,Right,Left,266,625,120,52100229,nan,nan,0.00
8/18/2026 2:27:53,1.17.3,LeftRight,2,3.99,nan,1,Right,Left,266,626,120,52108258,nan,nan,0.15
8/18/2026 2:28:01,1.17.3,LeftRight,2,3.99,nan,1,Left,Left,267,626,120,52116665,nan,nan,0.00
8/18/2026 2:28:02,1.17.3,LeftRight,2,3.98,nan,1,Left,Left,268,626,120,52118182,nan,nan,0.00
8/18/2026 2:28:05,1.17.3,LeftRight,2,3.99,nan,1,Left,Left,269,626,120,52120632,nan,nan,0.00
8/18/2026 2:28:08,1.17.3,LeftRight,2,3.99,nan,1,Right,Left,269,627,120,52122754,nan,nan,0.93
8/18/2026 2:28:12,1.17.3,LeftRight,2,3.99,2,1,Pellet,Left,269,627,121,52122754,1.61,7827,nan
8/18/2026 2:28:37,1.17.3,LeftRight,2,3.99,nan,1,Right,Left,269,628,121,52150808,nan,nan,2.26
8/18/2026 2:28:43,1.17.3,LeftRight,2,3.98,nan,1,Right,Left,269,629,121,52157845,nan,nan,0.80
8/18/2026 2:28:49,1.17.3,LeftRight,2,3.98,nan,1,Right,Left,269,630,121,52162250,nan,nan,2.59
8/18/2026 2:28:54,1.17.3,LeftRight,2,3.98,nan,1,Right,Left,269,631,121,52167550,nan,nan,2.10
8/18/2026 2:28:55,1.17.3,LeftRight,2,3.99,nan,1,Right,Left,269,632,121,52170592,nan,nan,0.14
8/18/2026 2:28:58,1.17.3,LeftRight,2,3.99,nan,1,Right,Left,269,633,121,52173145,nan,nan,0.21
8/18/2026 2:29:01,1.17.3,LeftRight,2,3.99,nan,1,Right,Left,269,634,121,52175477,nan,nan,1.78
8/18/2026 2:29:06,1.17.3,LeftRight,2,3.98,nan,1,Right,Left,269,635,121,52180409,nan,nan,0.93
8/18/2026 2:29:09,1.17.3,LeftRight,2,3.99,nan,1,Left,Left,270,635,121,52184506,nan,nan,0.00
8/18/2026 2:29:12,1.17.3,LeftRight,2,3.98,nan,1,Left,Left,271,635,121,52187507,nan,nan,0.00
8/18/2026 2:29:15,1.17.3,LeftRight,2,3.99,nan,1,Right,Left,271,636,121,52190804,nan,nan,0.22
8/18/2026 2:29:17,1.17.3,LeftRight,2,3.98,1,1,Pellet,Left,271,636,122,52190804,1.19,65,nan
8/18/2026 2:29:28,1.17.3,LeftRight,2,3.98,nan,1,Right,Left,271,637,122,52202729,nan,nan,0.56
8/18/2026 2:31:12,1.17.3,LeftRight,2,3.99,nan,1,Right,Left,271,638,122,52307884,nan,nan,0.04
8/18/2026 2:35:09,1.17.3,LeftRight,2,3.99,nan,1,Left,Left,272,638,122,52545133,nan,nan,0.00
8/18/2026 2:35:12,1.17.3,LeftRight,2,3.99,nan,1,Right,Left,272,639,122,52547253,nan,nan,0.03
8/18/2026 2:35:16,1.17.3,LeftRight,2,3.98,2,1,Pellet,Left,272,639,123,52547253,1.85,359,nan
8/18/2026 2:35:34,1.17.3,LeftRight,2,3.98,nan,1,Right,Left,272,640,123,52569553,nan,nan,0.07
8/18/2026 2:35:37,1.17.3,LeftRight,2,3.98,nan,1,Right,Left,272,641,123,52571451,nan,nan,1.62
8/18/2026 2:35:42,1.17.3,LeftRight,2,3.98,nan,1,Right,Left,272,642,123,52577105,nan,nan,0.59
8/18/2026 2:35:45,1.17.3,LeftRight,2,3.98,nan,1,Left,Left,273,642,123,52580275,nan,nan,0.00
8/18/2026 2:35:46,1.17.3,LeftRight,2,3.98,nan,1,Right,Left,273,643,123,52581656,nan,nan,0.04
8/18/2026 2:35:47,1.17.3,LeftRight,2,3.98,1,1,Pellet,Left,273,643,124,52581656,0.71,31,nan
8/18/2026 2:36:01,1.17.3,LeftRight,2,3.98,nan,1,Right,Left,273,644,124,52596423,nan,nan,0.35
8/18/2026 2:36:09,1.17.3,LeftRight,2,3.99,nan,1,Right,Left,273,645,124,52604351,nan,nan,0.50
8/18/2026 2:36:13,1.17.3,LeftRight,2,3.98,nan,1,Left,Left,274,645,124,52608770,nan,nan,0.00
8/18/2026 2:36:17,1.17.3,LeftRight,2,3.99,nan,1,Right,Left,274,646,124,52612806,nan,nan,0.17
8/18/2026 2:36:19,1.17.3,LeftRight,2,3.98,1,1,Pellet,Left,274,646,125,52612806,0.65,32,nan
8/18/2026 2:36:36,1.17.3,LeftRight,2,3.98,nan,1,Right,Left,274,647,125,52631896,nan,nan,0.24
8/18/2026 2:36:55,1.17.3,LeftRight,2,3.98,nan,1,Right,Left,274,648,125,52650925,nan,nan,0.01
8/18/2026 2:37:08,1.17.3,LeftRight,2,3.99,nan,1,Right,Left,274,649,125,52663382,nan,nan,0.30
8/18/2026 2:37:09,1.17.3,LeftRight,2,3.98,nan,1,Right,Left,274,650,125,52664619,nan,nan,0.29
8/18/2026 2:37:13,1.17.3,LeftRight,2,3.99,nan,1,Left,Left,275,650,125,52668418,nan,nan,0.00
8/18/2026 2:37:13,1.17.3,LeftRight,2,3.99,nan,1,Left,Left,276,650,125,52668968,nan,nan,0.00
8/18/2026 2:37:14,1.17.3,LeftRight,2,3.98,nan,1,Right,Left,276,651,125,52670058,nan,nan,0.15
8/18/2026 2:37:16,1.17.3,LeftRight,2,3.98,1,1,Pellet,Left,276,651,126,52670058,0.59,57,nan
8/18/2026 2:37:32,1.17.3,LeftRight,2,3.99,nan,1,Right,Left,276,652,126,52687058,nan,nan,0.23
8/18/2026 2:37:32,1.17.3,LeftRight,2,3.99,nan,1,Right,Left,276,653,126,52687927,nan,nan,0.18
8/18/2026 2:37:35,1.17.3,LeftRight,2,3.99,nan,1,Left,Left,277,653,126,52691216,nan,nan,0.00
8/18/2026 2:37:39,1.17.3,LeftRight,2,3.98,nan,1,Right,Left,277,654,126,52694810,nan,nan,0.01
8/18/2026 2:37:40,1.17.3,LeftRight,2,3.99,1,1,Pellet,Left,277,654,127,52694810,0.53,24,nan
8/18/2026 2:41:48,1.17.3,LeftRight,2,3.99,nan,1,Right,Left,277,655,127,52943735,nan,nan,0.10
8/18/2026 2:41:52,1.17.3,LeftRight,2,3.98,nan,1,Right,Left,277,656,127,52947871,nan,nan,0.13
8/18/2026 2:41:57,1.17.3,LeftRight,2,3.98,nan,1,Left,Left,278,656,127,52952625,nan,nan,0.00
8/18/2026 2:42:03,1.17.3,LeftRight,2,3.99,nan,1,Left,Left,279,656,127,52958672,nan,nan,0.00
8/18/2026 2:42:05,1.17.3,LeftRight,2,3.99,nan,1,Right,Left,279,657,127,52960203,nan,nan,0.10
8/18/2026 2:42:08,1.17.3,LeftRight,2,3.98,2,1,Pellet,Left,279,657,128,52960203,0.47,268,nan
8/18/2026 2:42:18,1.17.3,LeftRight,2,3.99,nan,1,Right,Left,279,658,128,52973929,nan,nan,0.29
8/18/2026 2:42:23,1.17.3,LeftRight,2,3.99,nan,1,Right,Left,279,659,128,52978116,nan,nan,0.22
8/18/2026 2:42:26,1.17.3,LeftRight,2,3.99,nan,1,Right,Left,279,660,128,52981490,nan,nan,0.14
8/18/2026 2:42:27,1.17.3,LeftRight,2,3.98,nan,1,Right,Left,279,661,128,52982121,nan,nan,0.35
8/18/2026 2:42:29,1.17.3,LeftRight,2,3.99,nan,1,Left,Left,280,661,128,52984885,nan,nan,0.00
8/18/2026 2:42:33,1.17.3,LeftRight,2,3.99,nan,1,Right,Left,280,662,128,52988630,nan,nan,0.24
8/18/2026 2:42:33,1.17.3,LeftRight,2,3.92,nan,1,RightDuringDispense,Left,280,663,128,52988630,nan,nan,0.03
8/18/2026 2:42:38,1.17.3,LeftRight,2,3.98,2,1,Pellet,Left,280,663,129,52988630,1.43,30,nan
8/18/2026 2:42:46,1.17.3,LeftRight,2,3.99,nan,1,Right,Left,280,664,129,53001856,nan,nan,0.07
8/18/2026 2:42:49,1.17.3,LeftRight,2,3.99,nan,1,Left,Left,281,664,129,53004609,nan,nan,0.00
8/18/2026 2:42:51,1.17.3,LeftRight,2,3.98,nan,1,Right,Left,281,665,129,53006138,nan,nan,0.16
8/18/2026 2:42:52,1.17.3,LeftRight,2,3.98,1,1,Pellet,Left,281,665,130,53006138,0.47,14,nan
8/18/2026 2:43:05,1.17.3,LeftRight,2,3.98,nan,1,Left,Left,282,665,130,53020454,nan,nan,0.00
8/18/2026 2:43:10,1.17.3,LeftRight,2,3.99,nan,1,Right,Left,282,666,130,53025086,nan,nan,0.83
8/18/2026 2:43:12,1.17.3,LeftRight,2,3.98,1,1,Pellet,Left,282,666,131,53025086,1.01,20,nan
8/18/2026 2:48:23,1.17.3,LeftRight,2,3.98,nan,1,Right,Left,282,667,131,53338912,nan,nan,0.14
8/18/2026 2:48:32,1.17.3,LeftRight,2,3.98,nan,1,Left,Left,283,667,131,53347667,nan,nan,0.00
8/18/2026 2:48:41,1.17.3,LeftRight,2,3.98,nan,1,RESET,Left,283,667,131,53356723,nan,nan,nan
8/18/2026 2:54:39,1.17.3,LeftRight,2,3.98,nan,1,Right,Left,283,668,131,53714558,nan,nan,0.37
8/18/2026 2:54:41,1.17.3,LeftRight,2,3.98,nan,1,Left,Left,284,668,131,53716523,nan,nan,0.00
8/18/2026 2:54:47,1.17.3,LeftRight,2,3.98,nan,1,Right,Left,284,669,131,53722926,nan,nan,0.21
8/18/2026 2:54:49,1.17.3,LeftRight,2,3.99,1,1,Pellet,Left,284,669,132,53722926,0.71,697,nan
8/18/2026 2:55:07,1.17.3,LeftRight,2,3.98,nan,1,Right,Left,284,670,132,53742358,nan,nan,0.00
8/18/2026 2:55:11,1.17.3,LeftRight,2,3.98,nan,1,Right,Left,284,671,132,53746693,nan,nan,0.40
8/18/2026 2:55:12,1.17.3,LeftRight,2,3.99,nan,1,Right,Left,284,672,132,53747587,nan,nan,0.27
8/18/2026 2:55:16,1.17.3,LeftRight,2,3.98,nan,1,Right,Left,284,673,132,53751307,nan,nan,0.06
8/18/2026 2:55:20,1.17.3,LeftRight,2,3.98,nan,1,Left,Left,285,673,132,53756144,nan,nan,0.00
8/18/2026 2:55:22,1.17.3,LeftRight,2,3.98,nan,1,Right,Left,285,674,132,53758265,nan,nan,0.03
8/18/2026 2:55:26,1.17.3,LeftRight,2,3.99,2,1,Pellet,Left,285,674,133,53758265,0.41,37,nan
8/18/2026 2:55:37,1.17.3,LeftRight,2,3.98,nan,1,Right,Left,285,675,133,53772299,nan,nan,0.54
8/18/2026 2:55:40,1.17.3,LeftRight,2,3.98,nan,1,Right,Left,285,676,133,53775402,nan,nan,0.23
8/18/2026 3:04:55,1.17.3,LeftRight,2,3.98,nan,1,Right,Left,285,677,133,54329691,nan,nan,0.78
8/18/2026 3:06:27,1.17.3,LeftRight,2,3.98,nan,1,Right,Left,285,678,133,54422930,nan,nan,0.00
8/18/2026 3:11:06,1.17.3,LeftRight,2,3.98,nan,1,Right,Left,285,679,133,54701969,nan,nan,0.00
8/18/2026 3:11:08,1.17.3,LeftRight,2,3.98,nan,1,Left,Left,286,679,133,54703652,nan,nan,0.00
8/18/2026 3:11:11,1.17.3,LeftRight,2,3.99,nan,1,Left,Left,287,679,133,54706624,nan,nan,0.00
8/18/2026 3:11:12,1.17.3,LeftRight,2,3.98,nan,1,Left,Left,288,679,133,54707903,nan,nan,0.00
8/18/2026 3:11:15,1.17.3,LeftRight,2,3.98,nan,1,Right,Left,288,680,133,54710614,nan,nan,0.05
8/18/2026 3:11:21,1.17.3,LeftRight,2,3.98,3,1,Pellet,Left,288,680,134,54710614,1.37,955,nan
8/18/2026 3:12:25,1.17.3,LeftRight,2,3.98,nan,1,Left,Left,289,680,134,54781252,nan,nan,0.00
8/18/2026 3:12:29,1.17.3,LeftRight,2,3.98,nan,1,Right,Left,289,681,134,54784701,nan,nan,0.17
8/18/2026 3:12:31,1.17.3,LeftRight,2,3.98,1,1,Pellet,Left,289,681,135,54784701,0.83,70,nan
8/18/2026 3:12:48,1.17.3,LeftRight,2,3.99,nan,1,Left,Left,290,681,135,54803836,nan,nan,0.00
8/18/2026 3:12:49,1.17.3,LeftRight,2,3.98,nan,1,Left,Left,291,681,135,54804981,nan,nan,0.00
8/18/2026 3:12:50,1.17.3,LeftRight,2,3.98,nan,1,Right,Left,291,682,135,54806067,nan,nan,0.00
8/18/2026 3:12:51,1.17.3,LeftRight,2,3.98,1,1,Pellet,Left,291,682,136,54806067,0.59,20,nan
8/18/2026 3:13:03,1.17.3,LeftRight,2,3.98,nan,1,Right,Left,291,683,136,54818873,nan,nan,0.11
8/18/2026 3:13:04,1.17.3,LeftRight,2,3.98,nan,1,Right,Left,291,684,136,54819624,nan,nan,0.31
8/18/2026 3:13:17,1.17.3,LeftRight,2,3.98,nan,1,Right,Left,291,685,136,54832969,nan,nan,0.11
8/18/2026 3:13:18,1.17.3,LeftRight,2,3.98,nan,1,Right,Left,291,686,136,54834020,nan,nan,0.00
8/18/2026 3:13:21,1.17.3,LeftRight,2,3.98,nan,1,Right,Left,291,687,136,54836730,nan,nan,0.20
8/18/2026 3:13:29,1.17.3,LeftRight,2,3.99,nan,1,Right,Left,291,688,136,54844059,nan,nan,0.46
8/18/2026 3:16:38,1.17.3,LeftRight,2,3.98,nan,1,Right,Left,291,689,136,55033621,nan,nan,0.30
8/18/2026 3:16:41,1.17.3,LeftRight,2,3.98,nan,1,Right,Left,291,690,136,55037080,nan,nan,0.27
8/18/2026 3:16:48,1.17.3,LeftRight,2,3.98,nan,1,Right,Left,291,691,136,55043749,nan,nan,0.10
8/18/2026 3:16:53,1.17.3,LeftRight,2,3.98,nan,1,Right,Left,291,692,136,55048911,nan,nan,0.01
8/18/2026 3:16:57,1.17.3,LeftRight,2,3.98,nan,1,Right,Left,291,693,136,55052517,nan,nan,0.21
8/18/2026 3:17:02,1.17.3,LeftRight,2,3.98,nan,1,Right,Left,291,694,136,55057650,nan,nan,0.00
8/18/2026 3:17:08,1.17.3,LeftRight,2,3.98,nan,1,Right,Left,291,695,136,55064042,nan,nan,0.26
8/18/2026 3:17:10,1.17.3,LeftRight,2,3.98,nan,1,Right,Left,291,696,136,55065834,nan,nan,0.12
8/18/2026 3:24:50,1.17.3,LeftRight,2,3.98,nan,1,Left,Left,292,696,136,55525964,nan,nan,0.00
8/18/2026 3:24:51,1.17.3,LeftRight,2,3.98,nan,1,Right,Left,292,697,136,55527051,nan,nan,0.11
8/18/2026 3:24:53,1.17.3,LeftRight,2,3.98,1,1,Pellet,Left,292,697,137,55527051,1.13,722,nan
8/18/2026 3:25:07,1.17.3,LeftRight,2,3.98,nan,1,Left,Left,293,697,137,55542880,nan,nan,0.00
8/18/2026 3:25:08,1.17.3,LeftRight,2,3.98,nan,1,Right,Left,293,698,137,55544116,nan,nan,0.07
8/18/2026 3:25:19,1.17.3,LeftRight,2,3.98,6,1,Pellet,Left,293,698,138,55544116,0.77,26,nan
8/18/2026 3:25:29,1.17.3,LeftRight,2,3.98,nan,1,Right,Left,293,699,138,55564862,nan,nan,0.00
8/18/2026 3:25:30,1.17.3,LeftRight,2,3.98,nan,1,Right,Left,293,700,138,55565949,nan,nan,0.16
8/18/2026 3:25:32,1.17.3,LeftRight,2,3.98,nan,1,Right,Left,293,701,138,55567932,nan,nan,0.28
8/18/2026 3:25:37,1.17.3,LeftRight,2,3.98,nan,1,Right,Left,293,702,138,55573287,nan,nan,0.03
8/18/2026 3:25:42,1.17.3,LeftRight,2,3.98,nan,1,Right,Left,293,703,138,55577063,nan,nan,0.57
8/18/2026 3:25:43,1.17.3,LeftRight,2,3.98,nan,1,Right,Left,293,704,138,55578276,nan,nan,0.26
8/18/2026 3:26:13,1.17.3,LeftRight,2,3.98,nan,1,Right,Left,293,705,138,55608707,nan,nan,0.44
8/18/2026 3:26:20,1.17.3,LeftRight,2,3.98,nan,1,Right,Left,293,706,138,55615992,nan,nan,0.07
8/18/2026 3:26:25,1.17.3,LeftRight,2,3.98,nan,1,Right,Left,293,707,138,55621136,nan,nan,0.00
8/18/2026 3:26:33,1.17.3,LeftRight,2,3.98,nan,1,Right,Left,293,708,138,55628721,nan,nan,0.62
8/18/2026 3:26:43,1.17.3,LeftRight,2,3.98,nan,1,Left,Left,294,708,138,55638713,nan,nan,0.00
8/18/2026 3:26:44,1.17.3,LeftRight,2,3.98,nan,1,Left,Left,295,708,138,55639703,nan,nan,0.00
8/18/2026 3:26:45,1.17.3,LeftRight,2,3.98,nan,1,Right,Left,295,709,138,55641233,nan,nan,0.00
8/18/2026 3:26:49,1.17.3,LeftRight,2,3.98,2,1,Pellet,Left,295,709,139,55641233,0.77,90,nan
8/18/2026 3:27:02,1.17.3,LeftRight,2,3.98,nan,1,Right,Left,295,710,139,55658066,nan,nan,0.00
8/18/2026 3:27:03,1.17.3,LeftRight,2,3.98,nan,1,Right,Left,295,711,139,55658709,nan,nan,0.43
8/18/2026 3:27:06,1.17.3,LeftRight,2,3.98,nan,1,Right,Left,295,712,139,55661402,nan,nan,0.70
8/18/2026 3:27:08,1.17.3,LeftRight,2,3.98,nan,1,Left,Left,296,712,139,55663879,nan,nan,0.00
8/18/2026 3:27:09,1.17.3,LeftRight,2,3.98,nan,1,Left,Left,297,712,139,55664658,nan,nan,0.00
8/18/2026 3:27:11,1.17.3,LeftRight,2,3.98,nan,1,Left,Left,298,712,139,55666797,nan,nan,0.00
8/18/2026 3:27:13,1.17.3,LeftRight,2,3.98,nan,1,Right,Left,298,713,139,55668623,nan,nan,0.55
8/18/2026 3:27:14,1.17.3,LeftRight,2,3.91,nan,1,RightDuringDispense,Left,298,714,139,55668623,nan,nan,0.14
8/18/2026 3:27:15,1.17.3,LeftRight,2,3.98,1,1,Pellet,Left,298,714,140,55668623,0.71,26,nan
8/18/2026 3:27:26,1.17.3,LeftRight,2,3.98,nan,1,Right,Left,298,715,140,55682132,nan,nan,0.07
8/18/2026 3:27:27,1.17.3,LeftRight,2,3.98,nan,1,Right,Left,298,716,140,55682848,nan,nan,0.40
8/18/2026 3:27:30,1.17.3,LeftRight,2,3.98,nan,1,Right,Left,298,717,140,55685075,nan,nan,1.26
8/18/2026 3:27:35,1.17.3,LeftRight,2,3.98,nan,1,Left,Left,299,717,140,55691160,nan,nan,0.00
8/18/2026 3:27:38,1.17.3,LeftRight,2,3.98,nan,1,Right,Left,299,718,140,55693571,nan,nan,0.56
8/18/2026 3:27:39,1.17.3,LeftRight,2,3.98,nan,1,RightDuringDispense,Left,299,719,140,55693571,nan,nan,0.18
8/18/2026 3:27:44,1.17.3,LeftRight,2,3.98,4,1,Pellet,Left,299,719,141,55693571,0.41,29,nan
8/18/2026 3:27:54,1.17.3,LeftRight,2,3.98,nan,1,Right,Left,299,720,141,55709832,nan,nan,0.14
8/18/2026 3:27:55,1.17.3,LeftRight,2,3.98,nan,1,Right,Left,299,721,141,55710909,nan,nan,0.00
8/18/2026 3:27:57,1.17.3,LeftRight,2,3.98,nan,1,Right,Left,299,722,141,55713025,nan,nan,0.28
8/18/2026 3:35:03,1.17.3,LeftRight,2,3.98,nan,1,Right,Left,299,723,141,56139033,nan,nan,0.00
8/18/2026 3:35:25,1.17.3,LeftRight,2,3.98,nan,1,Left,Left,300,723,141,56160533,nan,nan,0.00
8/18/2026 3:35:29,1.17.3,LeftRight,2,3.98,nan,1,Right,Left,300,724,141,56164272,nan,nan,0.35
8/18/2026 3:35:32,1.17.3,LeftRight,2,3.98,3,1,Pellet,Left,300,724,142,56164272,0.47,468,nan
8/18/2026 3:35:55,1.17.3,LeftRight,2,3.98,nan,1,Right,Left,300,725,142,56191224,nan,nan,0.04
8/18/2026 3:35:59,1.17.3,LeftRight,2,3.98,nan,1,Left,Left,301,725,142,56194652,nan,nan,0.00
8/18/2026 3:36:08,1.17.3,LeftRight,2,3.98,nan,1,RESET,Left,301,725,142,56203849,nan,nan,nan
8/18/2026 3:39:10,1.17.3,LeftRight,2,3.98,nan,1,Right,Left,301,726,142,56385938,nan,nan,0.00
8/18/2026 3:39:28,1.17.3,LeftRight,2,3.98,nan,1,Right,Left,301,727,142,56403543,nan,nan,0.00
8/18/2026 3:39:52,1.17.3,LeftRight,2,3.98,nan,1,Right,Left,301,728,142,56427472,nan,nan,0.05
8/18/2026 3:42:27,1.17.3,LeftRight,2,3.98,nan,1,Right,Left,301,729,142,56583377,nan,nan,0.00
8/18/2026 3:42:30,1.17.3,LeftRight,2,3.98,nan,1,Left,Left,302,729,142,56585925,nan,nan,0.00
8/18/2026 3:42:37,1.17.3,LeftRight,2,3.98,nan,1,Left,Left,303,729,142,56593059,nan,nan,0.00
8/18/2026 3:42:39,1.17.3,LeftRight,2,3.98,nan,1,Right,Left,303,730,142,56594440,nan,nan,0.29
8/18/2026 3:42:40,1.17.3,LeftRight,2,3.98,1,1,Pellet,Left,303,730,143,56594440,0.65,428,nan
8/18/2026 3:42:56,1.17.3,LeftRight,2,3.98,nan,1,Right,Left,303,731,143,56611280,nan,nan,0.57
8/18/2026 3:43:00,1.17.3,LeftRight,2,3.98,nan,1,Right,Left,303,732,143,56614708,nan,nan,0.89
8/18/2026 3:43:00,1.17.3,LeftRight,2,3.98,nan,1,Right,Left,303,733,143,56616246,nan,nan,0.10
8/18/2026 3:43:03,1.17.3,LeftRight,2,3.98,nan,1,Left,Left,304,733,143,56618957,nan,nan,0.00
8/18/2026 3:43:05,1.17.3,LeftRight,2,3.98,nan,1,Right,Left,304,734,143,56621078,nan,nan,0.00
8/18/2026 3:43:07,1.17.3,LeftRight,2,3.98,1,1,Pellet,Left,304,734,144,56621078,0.71,27,nan
8/18/2026 3:43:21,1.17.3,LeftRight,2,3.98,nan,1,Right,Left,304,735,144,56636443,nan,nan,0.48
8/18/2026 3:43:22,1.17.3,LeftRight,2,3.98,nan,1,Right,Left,304,736,144,56637857,nan,nan,0.53
8/18/2026 3:43:30,1.17.3,LeftRight,2,3.98,nan,1,Right,Left,304,737,144,56645374,nan,nan,0.52
8/18/2026 3:43:38,1.17.3,LeftRight,2,3.98,nan,1,Left,Left,305,737,144,56653489,nan,nan,0.00
8/18/2026 3:43:39,1.17.3,LeftRight,2,3.98,nan,1,Right,Left,305,738,144,56655166,nan,nan,0.19
8/18/2026 3:43:40,1.17.3,LeftRight,2,3.98,nan,1,RightDuringDispense,Left,305,739,144,56655166,nan,nan,0.15
8/18/2026 3:43:41,1.17.3,LeftRight,2,3.98,1,1,Pellet,Left,305,739,145,56655166,0.47,34,nan
8/18/2026 3:43:55,1.17.3,LeftRight,2,3.98,nan,1,Right,Left,305,740,145,56671018,nan,nan,0.24
8/18/2026 3:45:22,1.17.3,LeftRight,2,3.98,nan,1,Left,Left,306,740,145,56757792,nan,nan,0.00
8/18/2026 3:45:31,1.17.3,LeftRight,2,3.98,nan,1,RESET,Left,306,740,145,56766845,nan,nan,nan
8/18/2026 3:45:32,1.17.3,LeftRight,2,3.98,nan,1,Right,Left,306,741,145,56767725,nan,nan,0.21
8/18/2026 3:45:33,1.17.3,LeftRight,2,3.98,nan,1,Right,Left,306,742,145,56768433,nan,nan,0.00
8/18/2026 3:45:37,1.17.3,LeftRight,2,3.98,nan,1,Right,Left,306,743,145,56773206,nan,nan,0.00
8/18/2026 3:45:42,1.17.3,LeftRight,2,3.98,nan,1,Right,Left,306,744,145,56777831,nan,nan,0.42
8/18/2026 3:45:43,1.17.3,LeftRight,2,3.98,nan,1,Right,Left,306,745,145,56778897,nan,nan,0.06
8/18/2026 3:45:47,1.17.3,LeftRight,2,3.98,nan,1,Right,Left,306,746,145,56782705,nan,nan,0.14
8/18/2026 3:45:50,1.17.3,LeftRight,2,3.98,nan,1,Right,Left,306,747,145,56785407,nan,nan,0.69
8/18/2026 3:45:53,1.17.3,LeftRight,2,3.98,nan,1,Right,Left,306,748,145,56787620,nan,nan,0.95
8/18/2026 3:45:54,1.17.3,LeftRight,2,3.98,nan,1,Right,Left,306,749,145,56789806,nan,nan,0.53
8/18/2026 3:45:56,1.17.3,LeftRight,2,3.98,nan,1,Right,Left,306,750,145,56790974,nan,nan,0.54
8/18/2026 3:45:58,1.17.3,LeftRight,2,3.98,nan,1,Right,Left,306,751,145,56793339,nan,nan,0.21
8/18/2026 3:46:02,1.17.3,LeftRight,2,3.98,nan,1,Left,Left,307,751,145,56798369,nan,nan,0.00
8/18/2026 3:46:06,1.17.3,LeftRight,2,3.98,nan,1,Left,Left,308,751,145,56801517,nan,nan,0.00
8/18/2026 3:46:06,1.17.3,LeftRight,2,3.98,nan,1,Left,Left,309,751,145,56802348,nan,nan,0.00
8/18/2026 3:46:08,1.17.3,LeftRight,2,3.98,nan,1,Right,Left,309,752,145,56803581,nan,nan,0.21
8/18/2026 3:46:08,1.17.3,LeftRight,2,3.98,nan,1,RightDuringDispense,Left,309,753,145,56803581,nan,nan,0.20
8/18/2026 3:46:14,1.17.3,LeftRight,2,3.98,3,1,Pellet,Left,309,753,146,56803581,0.59,153,nan
8/18/2026 3:46:28,1.17.3,LeftRight,2,3.98,nan,1,Right,Left,309,754,146,56823510,nan,nan,0.00
8/18/2026 5:57:32,1.17.3,LeftRight,2,3.97,nan,1,Right,Left,309,755,146,64687381,nan,nan,0.45
8/18/2026 5:58:16,1.17.3,LeftRight,2,3.97,nan,1,Left,Left,310,755,146,64732010,nan,nan,0.00
8/18/2026 5:58:18,1.17.3,LeftRight,2,3.96,nan,1,Left,Left,311,755,146,64734354,nan,nan,0.00
8/18/2026 5:58:23,1.17.3,LeftRight,2,3.97,nan,1,Right,Left,311,756,146,64739570,nan,nan,0.09
8/18/2026 5:58:25,1.17.3,LeftRight,2,3.96,1,1,Pellet,Left,311,756,147,64739570,1.31,7931,nan
8/18/2026 5:58:53,1.17.3,LeftRight,2,3.97,nan,1,Right,Left,311,757,147,64768708,nan,nan,0.23
8/18/2026 5:58:56,1.17.3,LeftRight,2,3.97,nan,1,Left,Left,312,757,147,64772607,nan,nan,0.00
8/18/2026 5:59:04,1.17.3,LeftRight,2,3.97,nan,1,Right,Left,312,758,147,64780470,nan,nan,0.04
8/18/2026 5:59:06,1.17.3,LeftRight,2,3.97,1,1,Pellet,Left,312,758,148,64780470,0.77,41,nan
8/18/2026 5:59:34,1.17.3,LeftRight,2,3.97,nan,1,Right,Left,312,759,148,64810469,nan,nan,0.00
8/18/2026 5:59:37,1.17.3,LeftRight,2,3.97,nan,1,Right,Left,312,760,148,64812735,nan,nan,0.39
8/18/2026 5:59:42,1.17.3,LeftRight,2,3.97,nan,1,Right,Left,312,761,148,64818191,nan,nan,0.05
8/18/2026 5:59:44,1.17.3,LeftRight,2,3.97,nan,1,Right,Left,312,762,148,64820067,nan,nan,0.03
8/18/2026 5:59:47,1.17.3,LeftRight,2,3.97,nan,1,Left,Left,313,762,148,64823140,nan,nan,0.00
8/18/2026 5:59:56,1.17.3,LeftRight,2,3.97,nan,1,RESET,Left,313,762,148,64832195,nan,nan,nan
8/18/2026 6:02:55,1.17.3,LeftRight,2,3.97,nan,1,Right,Left,313,763,148,65010818,nan,nan,0.13
8/18/2026 6:03:06,1.17.3,LeftRight,2,3.97,nan,1,Left,Left,314,763,148,65022424,nan,nan,0.00
8/18/2026 6:03:16,1.17.3,LeftRight,2,3.97,nan,1,RESET,Left,314,763,148,65032212,nan,nan,nan
8/18/2026 6:05:07,1.17.3,LeftRight,2,3.97,nan,1,Right,Left,314,764,148,65143251,nan,nan,0.01
8/18/2026 6:06:32,1.17.3,LeftRight,2,3.96,nan,1,Right,Left,314,765,148,65228558,nan,nan,0.04
8/18/2026 6:06:50,1.17.3,LeftRight,2,3.98,nan,1,Left,Left,315,765,148,65246357,nan,nan,0.00
8/18/2026 6:06:53,1.17.3,LeftRight,2,3.97,nan,1,Right,Left,315,766,148,65249067,nan,nan,0.00
8/18/2026 6:06:54,1.17.3,LeftRight,2,3.97,1,1,Pellet,Left,315,766,149,65249067,0.35,468,nan
8/18/2026 6:07:18,1.17.3,LeftRight,2,3.97,nan,1,Right,Left,315,767,149,65274381,nan,nan,0.35
8/18/2026 6:07:20,1.17.3,LeftRight,2,3.96,nan,1,Right,Left,315,768,149,65275525,nan,nan,0.30
8/18/2026 6:07:25,1.17.3,LeftRight,2,3.97,nan,1,Left,Left,316,768,149,65281369,nan,nan,0.00
8/18/2026 6:07:29,1.17.3,LeftRight,2,3.97,nan,1,Right,Left,316,769,149,65285553,nan,nan,0.14
8/18/2026 6:07:30,1.17.3,LeftRight,2,3.97,nan,1,RightDuringDispense,Left,316,770,149,65285553,nan,nan,0.04
8/18/2026 6:07:31,1.17.3,LeftRight,2,3.97,1,1,Pellet,Left,316,770,150,65285553,0.71,37,nan
8/18/2026 6:07:44,1.17.3,LeftRight,2,3.97,nan,1,Right,Left,316,771,150,65300072,nan,nan,0.00
8/18/2026 6:07:50,1.17.3,LeftRight,2,3.97,nan,1,Right,Left,316,772,150,65305726,nan,nan,0.54
8/18/2026 6:07:55,1.17.3,LeftRight,2,3.97,nan,1,Right,Left,316,773,150,65311327,nan,nan,0.14
8/18/2026 6:07:59,1.17.3,LeftRight,2,3.97,nan,1,Right,Left,316,774,150,65314469,nan,nan,0.57
8/18/2026 6:08:00,1.17.3,LeftRight,2,3.97,nan,1,Right,Left,316,775,150,65316124,nan,nan,0.34
8/18/2026 6:14:38,1.17.3,LeftRight,2,3.97,nan,1,Right,Left,316,776,150,65713893,nan,nan,0.07
8/18/2026 6:16:51,1.17.3,LeftRight,2,3.97,nan,1,Left,Left,317,776,150,65847416,nan,nan,0.00
8/18/2026 6:16:54,1.17.3,LeftRight,2,3.96,nan,1,Right,Left,317,777,150,65849829,nan,nan,0.05
8/18/2026 6:17:00,1.17.3,LeftRight,2,3.97,4,1,Pellet,Left,317,777,151,65849829,1.13,569,nan
8/18/2026 6:17:14,1.17.3,LeftRight,2,3.96,nan,1,Right,Left,317,778,151,65869912,nan,nan,0.06
8/18/2026 6:17:18,1.17.3,LeftRight,2,3.97,nan,1,Left,Left,318,778,151,65873843,nan,nan,0.00
8/18/2026 6:17:21,1.17.3,LeftRight,2,3.97,nan,1,Right,Left,318,779,151,65877430,nan,nan,0.29
8/18/2026 6:17:23,1.17.3,LeftRight,2,3.97,2,1,Pellet,Left,318,779,152,65877430,0.47,23,nan
8/18/2026 6:17:35,1.17.3,LeftRight,2,3.96,nan,1,Right,Left,318,780,152,65890986,nan,nan,0.56
8/18/2026 6:17:38,1.17.3,LeftRight,2,3.97,nan,1,Left,Left,319,780,152,65894692,nan,nan,0.00
8/18/2026 6:17:41,1.17.3,LeftRight,2,3.96,nan,1,Right,Left,319,781,152,65896957,nan,nan,0.37
8/18/2026 6:17:41,1.17.3,LeftRight,2,3.97,nan,1,RightDuringDispense,Left,319,782,152,65896957,nan,nan,0.17
8/18/2026 6:17:43,1.17.3,LeftRight,2,3.97,2,1,Pellet,Left,319,782,153,65896957,0.35,20,nan
8/18/2026 6:17:56,1.17.3,LeftRight,2,3.96,nan,1,Right,Left,319,783,153,65912590,nan,nan,0.00
8/18/2026 6:18:19,1.17.3,LeftRight,2,3.97,nan,1,Right,Left,319,784,153,65935649,nan,nan,0.05
8/18/2026 6:18:39,1.17.3,LeftRight,2,3.97,nan,1,Left,Left,320,784,153,65954955,nan,nan,0.00
8/18/2026 6:18:48,1.17.3,LeftRight,2,3.97,nan,1,RESET,Left,320,784,153,65964305,nan,nan,nan
8/18/2026 6:19:07,1.17.3,LeftRight,2,3.96,nan,1,Right,Left,320,785,153,65983628,nan,nan,0.14
8/18/2026 6:19:12,1.17.3,LeftRight,2,3.96,nan,1,Left,Left,321,785,153,65987956,nan,nan,0.00
8/18/2026 6:19:21,1.17.3,LeftRight,2,3.96,nan,1,RESET,Left,321,785,153,65997299,nan,nan,nan
8/18/2026 6:19:27,1.17.3,LeftRight,2,3.96,nan,1,Left,Left,322,785,153,66003273,nan,nan,0.00
8/18/2026 6:19:29,1.17.3,LeftRight,2,3.97,nan,1,Right,Left,322,786,153,66005392,nan,nan,0.08
8/18/2026 6:19:29,1.17.3,LeftRight,2,3.96,nan,1,RightDuringDispense,Left,322,787,153,66005392,nan,nan,0.02
8/18/2026 6:19:34,1.17.3,LeftRight,2,3.97,2,1,Pellet,Left,322,787,154,66005392,1.61,111,nan
8/18/2026 6:19:46,1.17.3,LeftRight,2,3.97,nan,1,Right,Left,322,788,154,66022062,nan,nan,0.00
8/18/2026 6:19:51,1.17.3,LeftRight,2,3.96,nan,1,Left,Left,323,788,154,66027247,nan,nan,0.00
8/18/2026 6:20:00,1.17.3,LeftRight,2,3.97,nan,1,RESET,Left,323,788,154,66036302,nan,nan,nan
8/18/2026 6:21:53,1.17.3,LeftRight,2,3.96,nan,1,Right,Left,323,789,154,66149379,nan,nan,0.00
8/18/2026 6:23:00,1.17.3,LeftRight,2,3.96,nan,1,Right,Left,323,790,154,66215869,nan,nan,0.16
8/18/2026 6:23:02,1.17.3,LeftRight,2,3.97,nan,1,Right,Left,323,791,154,66217855,nan,nan,0.13
8/18/2026 6:23:04,1.17.3,LeftRight,2,3.97,nan,1,Right,Left,323,792,154,66219510,nan,nan,0.30
8/18/2026 6:23:07,1.17.3,LeftRight,2,3.97,nan,1,Right,Left,323,793,154,66222960,nan,nan,0.13
8/18/2026 6:23:16,1.17.3,LeftRight,2,3.97,nan,1,Right,Left,323,794,154,66232144,nan,nan,0.14
8/18/2026 6:23:17,1.17.3,LeftRight,2,3.96,nan,1,Right,Left,323,795,154,66232778,nan,nan,0.23
8/18/2026 6:23:21,1.17.3,LeftRight,2,3.96,nan,1,Right,Left,323,796,154,66237495,nan,nan,0.08
8/18/2026 6:23:24,1.17.3,LeftRight,2,3.97,nan,1,Left,Left,324,796,154,66240211,nan,nan,0.00
8/18/2026 6:23:26,1.17.3,LeftRight,2,3.96,nan,1,Right,Left,324,797,154,66242035,nan,nan,0.20
8/18/2026 6:23:34,1.17.3,LeftRight,2,3.96,5,1,Pellet,Left,324,797,155,66242035,1.01,240,nan
8/18/2026 6:25:43,1.17.3,LeftRight,2,3.96,nan,1,Left,Left,325,797,155,66379487,nan,nan,0.00
8/18/2026 6:25:46,1.17.3,LeftRight,2,3.96,nan,1,Left,Left,326,797,155,66382205,nan,nan,0.00
8/18/2026 6:25:49,1.17.3,LeftRight,2,3.96,nan,1,Right,Left,326,798,155,66385656,nan,nan,0.01
8/18/2026 6:25:51,1.17.3,LeftRight,2,3.97,2,1,Pellet,Left,326,798,156,66385656,0.53,137,nan
8/18/2026 6:26:27,1.17.3,LeftRight,2,3.97,nan,1,Right,Left,326,799,156,66422871,nan,nan,0.09
8/18/2026 6:32:57,1.17.3,LeftRight,2,3.96,nan,1,Right,Left,326,800,156,66813519,nan,nan,0.00
8/18/2026 6:33:35,1.17.3,LeftRight,2,3.97,nan,1,Right,Left,326,801,156,66851261,nan,nan,0.00
8/18/2026 6:33:58,1.17.3,LeftRight,2,3.96,nan,1,Right,Left,326,802,156,66874060,nan,nan,0.08
8/18/2026 6:33:59,1.17.3,LeftRight,2,3.97,nan,1,Right,Left,326,803,156,66875376,nan,nan,0.26
8/18/2026 6:34:02,1.17.3,LeftRight,2,3.96,nan,1,Left,Left,327,803,156,66878780,nan,nan,0.00
8/18/2026 6:34:12,1.17.3,LeftRight,2,3.96,nan,1,RESET,Left,327,803,156,66888284,nan,nan,nan
8/18/2026 6:44:27,1.17.3,LeftRight,2,3.96,nan,1,Right,Left,327,804,156,67503336,nan,nan,0.04
8/18/2026 6:44:29,1.17.3,LeftRight,2,3.96,nan,1,Right,Left,327,805,156,67505200,nan,nan,0.16
8/18/2026 6:44:31,1.17.3,LeftRight,2,3.96,nan,1,Right,Left,327,806,156,67507190,nan,nan,0.07
8/18/2026 6:58:32,1.17.3,LeftRight,2,3.96,nan,1,Right,Left,327,807,156,68348712,nan,nan,0.13
8/18/2026 6:58:43,1.17.3,LeftRight,2,3.96,nan,1,Left,Left,328,807,156,68359338,nan,nan,0.00
8/18/2026 6:58:45,1.17.3,LeftRight,2,3.96,nan,1,Left,Left,329,807,156,68361219,nan,nan,0.00
8/18/2026 6:58:49,1.17.3,LeftRight,2,3.96,nan,1,Right,Left,329,808,156,68364966,nan,nan,0.29
8/18/2026 6:58:50,1.17.3,LeftRight,2,3.96,2,1,Pellet,Left,329,808,157,68364966,0.71,1979,nan
8/18/2026 6:59:19,1.17.3,LeftRight,2,3.96,nan,1,Left,Left,330,808,157,68395505,nan,nan,0.00
8/18/2026 6:59:20,1.17.3,LeftRight,2,3.96,nan,1,Left,Left,331,808,157,68396725,nan,nan,0.00
8/18/2026 6:59:21,1.17.3,LeftRight,2,3.96,nan,1,Left,Left,332,808,157,68397543,nan,nan,0.00
8/18/2026 6:59:22,1.17.3,LeftRight,2,3.96,nan,1,Left,Left,333,808,157,68398363,nan,nan,0.00
8/18/2026 6:59:24,1.17.3,LeftRight,2,3.96,nan,1,Right,Left,333,809,157,68400632,nan,nan,0.02
8/18/2026 6:59:28,1.17.3,LeftRight,2,3.96,2,1,Pellet,Left,333,809,158,68400632,1.07,38,nan
8/18/2026 6:59:44,1.17.3,LeftRight,2,3.96,nan,1,Left,Left,334,809,158,68420315,nan,nan,0.00
8/18/2026 6:59:46,1.17.3,LeftRight,2,3.96,nan,1,Left,Left,335,809,158,68422160,nan,nan,0.00
8/18/2026 6:59:50,1.17.3,LeftRight,2,3.96,nan,1,Right,Left,335,810,158,68424578,nan,nan,1.55
8/18/2026 6:59:56,1.17.3,LeftRight,2,3.96,3,1,Pellet,Left,335,810,159,68424578,1.37,28,nan
8/18/2026 7:00:13,1.17.3,LeftRight,2,3.96,nan,1,Right,Left,335,811,159,68449398,nan,nan,0.00
8/18/2026 7:00:16,1.17.3,LeftRight,2,3.96,nan,1,Right,Left,335,812,159,68451515,nan,nan,1.22
8/18/2026 7:00:17,1.17.3,LeftRight,2,3.96,nan,1,Right,Left,335,813,159,68453679,nan,nan,0.19
8/18/2026 7:00:19,1.17.3,LeftRight,2,3.96,nan,1,Right,Left,335,814,159,68455399,nan,nan,0.00
8/18/2026 7:00:23,1.17.3,LeftRight,2,3.96,nan,1,Left,Left,336,814,159,68459688,nan,nan,0.00
8/18/2026 7:00:26,1.17.3,LeftRight,2,3.96,nan,1,Right,Left,336,815,159,68462104,nan,nan,0.33
8/18/2026 7:00:27,1.17.3,LeftRight,2,3.90,nan,1,RightDuringDispense,Left,336,816,159,68462104,nan,nan,0.08
8/18/2026 7:00:28,1.17.3,LeftRight,2,3.96,1,1,Pellet,Left,336,816,160,68462104,0.83,32,nan
8/18/2026 7:00:41,1.17.3,LeftRight,2,3.96,nan,1,Right,Left,336,817,160,68477078,nan,nan,0.26
8/18/2026 7:00:44,1.17.3,LeftRight,2,3.96,nan,1,Right,Left,336,818,160,68479749,nan,nan,0.63
8/18/2026 7:00:53,1.17.3,LeftRight,2,3.97,nan,1,Right,Left,336,819,160,68488996,nan,nan,0.21
8/18/2026 7:00:58,1.17.3,LeftRight,2,3.97,nan,1,Right,Left,336,820,160,68494277,nan,nan,0.05
8/18/2026 7:08:58,1.17.3,LeftRight,2,3.96,nan,1,Left,Left,337,820,160,68974560,nan,nan,0.00
8/18/2026 7:09:06,1.17.3,LeftRight,2,3.96,nan,1,RESET,Left,337,820,160,68982437,nan,nan,nan
8/18/2026 7:09:15,1.17.3,LeftRight,2,3.96,nan,1,Left,Left,338,820,160,68991465,nan,nan,0.00
8/18/2026 7:09:23,1.17.3,LeftRight,2,3.96,nan,1,RESET,Left,338,820,160,68999348,nan,nan,nan
8/18/2026 7:09:24,1.17.3,LeftRight,2,3.96,nan,1,Right,Left,338,821,160,69000379,nan,nan,0.04
8/18/2026 8:30:28,1.17.3,LeftRight,2,3.96,nan,1,Right,Left,338,822,160,73864719,nan,nan,0.00
8/18/2026 8:30:32,1.17.3,LeftRight,2,3.96,nan,1,Right,Left,338,823,160,73868320,nan,nan,0.21
8/18/2026 8:31:13,1.17.3,LeftRight,2,3.96,nan,1,Right,Left,338,824,160,73909367,nan,nan,0.00
8/18/2026 8:33:00,1.17.3,LeftRight,2,3.96,nan,1,Right,Left,338,825,160,74016081,nan,nan,0.06
8/18/2026 8:35:58,1.17.3,LeftRight,2,3.96,nan,1,Right,Left,338,826,160,74194013,nan,nan,0.24
8/18/2026 8:36:02,1.17.3,LeftRight,2,3.96,nan,1,Left,Left,339,826,160,74198299,nan,nan,0.00
8/18/2026 8:36:09,1.17.3,LeftRight,2,3.95,nan,1,RESET,Left,339,826,160,74205596,nan,nan,nan
8/18/2026 8:36:15,1.17.3,LeftRight,2,3.96,nan,1,Right,Left,339,827,160,74211652,nan,nan,0.08
8/18/2026 8:36:23,1.17.3,LeftRight,2,3.96,nan,1,Left,Left,340,827,160,74219357,nan,nan,0.00
8/18/2026 8:36:24,1.17.3,LeftRight,2,3.95,nan,1,Right,Left,340,828,160,74220740,nan,nan,0.13
8/18/2026 8:36:28,1.17.3,LeftRight,2,3.96,2,1,Pellet,Left,340,828,161,74220740,0.53,5760,nan
8/18/2026 8:36:55,1.17.3,LeftRight,2,3.96,nan,1,Right,Left,340,829,161,74251557,nan,nan,0.05
8/18/2026 8:37:02,1.17.3,LeftRight,2,3.96,nan,1,Left,Left,341,829,161,74258209,nan,nan,0.00
8/18/2026 8:37:04,1.17.3,LeftRight,2,3.96,nan,1,Right,Left,341,830,161,74259884,nan,nan,0.25
8/18/2026 8:37:04,1.17.3,LeftRight,2,3.96,nan,1,RightDuringDispense,Left,341,831,161,74259884,nan,nan,0.23
8/18/2026 8:37:04,1.17.3,LeftRight,2,3.89,nan,1,RightDuringDispense,Left,341,832,161,74259884,nan,nan,0.08
8/18/2026 8:37:06,1.17.3,LeftRight,2,3.95,2,1,Pellet,Left,341,832,162,74259884,0.29,38,nan
8/18/2026 8:37:27,1.17.3,LeftRight,2,3.96,nan,1,Right,Left,341,833,162,74282567,nan,nan,1.11
8/18/2026 8:41:22,1.17.3,LeftRight,2,3.96,nan,1,Right,Left,341,834,162,74518255,nan,nan,0.08
8/18/2026 8:46:20,1.17.3,LeftRight,2,3.95,nan,1,Right,Left,341,835,162,74816356,nan,nan,0.00
8/18/2026 8:46:22,1.17.3,LeftRight,2,3.96,nan,1,Right,Left,341,836,162,74818623,nan,nan,0.22
8/18/2026 8:46:26,1.17.3,LeftRight,2,3.96,nan,1,Right,Left,341,837,162,74822442,nan,nan,0.28
8/18/2026 8:46:29,1.17.3,LeftRight,2,3.96,nan,1,Right,Left,341,838,162,74825281,nan,nan,0.23
8/18/2026 8:46:31,1.17.3,LeftRight,2,3.96,nan,1,Left,Left,342,838,162,74827459,nan,nan,0.00
8/18/2026 8:46:33,1.17.3,LeftRight,2,3.95,nan,1,Right,Left,342,839,162,74829138,nan,nan,0.14
8/18/2026 8:46:41,1.17.3,LeftRight,2,3.95,5,1,Pellet,Left,342,839,163,74829138,0.83,575,nan
8/18/2026 8:50:16,1.17.3,LeftRight,2,3.96,nan,1,Right,Left,342,840,163,75052043,nan,nan,0.20
8/18/2026 8:50:19,1.17.3,LeftRight,2,3.96,nan,1,Left,Left,343,840,163,75055400,nan,nan,0.00
8/18/2026 8:50:20,1.17.3,LeftRight,2,3.96,nan,1,Left,Left,344,840,163,75057081,nan,nan,0.00
8/18/2026 8:50:24,1.17.3,LeftRight,2,3.96,nan,1,Left,Left,345,840,163,75060196,nan,nan,0.00
8/18/2026 8:50:25,1.17.3,LeftRight,2,3.96,nan,1,Left,Left,346,840,163,75061402,nan,nan,0.00
8/18/2026 8:50:26,1.17.3,LeftRight,2,3.96,nan,1,Left,Left,347,840,163,75062984,nan,nan,0.00
8/18/2026 8:50:27,1.17.3,LeftRight,2,3.96,nan,1,Left,Left,348,840,163,75063889,nan,nan,0.00
8/18/2026 8:50:29,1.17.3,LeftRight,2,3.95,nan,1,Right,Left,348,841,163,75065715,nan,nan,0.04
8/18/2026 8:50:32,1.17.3,LeftRight,2,3.96,2,1,Pellet,Left,348,841,164,75065715,0.35,231,nan
8/18/2026 8:50:46,1.17.3,LeftRight,2,3.96,nan,1,Right,Left,348,842,164,75082894,nan,nan,0.02
8/18/2026 8:50:48,1.17.3,LeftRight,2,3.96,nan,1,Right,Left,348,843,164,75083997,nan,nan,0.37
8/18/2026 8:50:49,1.17.3,LeftRight,2,3.96,nan,1,Right,Left,348,844,164,75085457,nan,nan,0.47
8/18/2026 8:50:51,1.17.3,LeftRight,2,3.96,nan,1,Right,Left,348,845,164,75086569,nan,nan,0.68
8/18/2026 8:50:56,1.17.3,LeftRight,2,3.96,nan,1,Left,Left,349,845,164,75092765,nan,nan,0.00
8/18/2026 8:50:57,1.17.3,LeftRight,2,3.95,nan,1,Left,Left,350,845,164,75093491,nan,nan,0.00
8/18/2026 8:50:58,1.17.3,LeftRight,2,3.96,nan,1,Left,Left,351,845,164,75095045,nan,nan,0.00
8/18/2026 8:51:05,1.17.3,LeftRight,2,3.96,nan,1,RESET,Left,351,845,164,75101588,nan,nan,nan
8/18/2026 8:51:08,1.17.3,LeftRight,2,3.95,nan,1,Right,Left,351,846,164,75103208,nan,nan,1.68
8/18/2026 8:51:10,1.17.3,LeftRight,2,3.96,nan,1,Right,Left,351,847,164,75105971,nan,nan,0.71
8/18/2026 8:51:11,1.17.3,LeftRight,2,3.95,nan,1,Right,Left,351,848,164,75107175,nan,nan,0.09
8/18/2026 8:51:12,1.17.3,LeftRight,2,3.96,nan,1,Right,Left,351,849,164,75108944,nan,nan,0.00
8/18/2026 8:51:14,1.17.3,LeftRight,2,3.96,nan,1,Right,Left,351,850,164,75109440,nan,nan,1.47
8/18/2026 8:51:18,1.17.3,LeftRight,2,3.96,nan,1,Right,Left,351,851,164,75113177,nan,nan,1.38
8/18/2026 8:51:21,1.17.3,LeftRight,2,3.96,nan,1,Right,Left,351,852,164,75117261,nan,nan,0.54
8/18/2026 8:51:22,1.17.3,LeftRight,2,3.96,nan,1,Right,Left,351,853,164,75118443,nan,nan,0.61
8/18/2026 8:51:24,1.17.3,LeftRight,2,3.96,nan,1,Right,Left,351,854,164,75119549,nan,nan,1.25
8/18/2026 8:51:27,1.17.3,LeftRight,2,3.96,nan,1,Right,Left,351,855,164,75122471,nan,nan,0.88
8/18/2026 8:51:28,1.17.3,LeftRight,2,3.96,nan,1,Right,Left,351,856,164,75124434,nan,nan,0.11
8/18/2026 8:51:31,1.17.3,LeftRight,2,3.96,nan,1,Right,Left,351,857,164,75126812,nan,nan,0.73
8/18/2026 8:51:34,1.17.3,LeftRight,2,3.96,nan,1,Left,Left,352,857,164,75130450,nan,nan,0.00
8/18/2026 8:51:35,1.17.3,LeftRight,2,3.96,nan,1,Left,Left,353,857,164,75131486,nan,nan,0.00
8/18/2026 8:51:37,1.17.3,LeftRight,2,3.96,nan,1,Left,Left,354,857,164,75133177,nan,nan,0.00
8/18/2026 8:51:44,1.17.3,LeftRight,2,3.96,nan,1,RESET,Left,354,857,164,75140606,nan,nan,nan
8/18/2026 9:49:09,1.17.3,LeftRight,2,3.95,nan,1,Left,Left,355,857,164,78585424,nan,nan,0.00
8/18/2026 9:49:13,1.17.3,LeftRight,2,3.96,nan,1,Right,Left,355,858,164,78588725,nan,nan,0.63
8/18/2026 9:49:16,1.17.3,LeftRight,2,3.95,2,1,Pellet,Left,355,858,165,78588725,0.83,3524,nan
8/18/2026 9:49:44,1.17.3,LeftRight,2,3.95,nan,1,Right,Left,355,859,165,78621265,nan,nan,0.02
8/18/2026 9:49:48,1.17.3,LeftRight,2,3.95,nan,1,Right,Left,355,860,165,78624142,nan,nan,0.53
8/18/2026 9:49:56,1.17.3,LeftRight,2,3.95,nan,1,Left,Left,356,860,165,78632772,nan,nan,0.00
8/18/2026 9:49:58,1.17.3,LeftRight,2,3.95,nan,1,Right,Left,356,861,165,78634305,nan,nan,0.11
8/18/2026 9:50:03,1.17.3,LeftRight,2,3.95,3,1,Pellet,Left,356,861,166,78634305,0.41,47,nan
8/18/2026 9:50:21,1.17.3,LeftRight,2,3.96,nan,1,Left,Left,357,861,166,78658132,nan,nan,0.00
8/18/2026 9:50:24,1.17.3,LeftRight,2,3.95,nan,1,Left,Left,358,861,166,78660695,nan,nan,0.00
8/18/2026 9:50:32,1.17.3,LeftRight,2,3.95,nan,1,RESET,Left,358,861,166,78668726,nan,nan,nan
8/18/2026 9:55:12,1.17.3,LeftRight,2,3.95,nan,1,Right,Left,358,862,166,78948778,nan,nan,0.00
8/18/2026 9:55:16,1.17.3,LeftRight,2,3.95,nan,1,Right,Left,358,863,166,78952971,nan,nan,0.06
8/18/2026 11:57:30,1.17.3,LeftRight,2,3.94,nan,1,Right,Left,358,864,166,86286888,nan,nan,0.00
8/18/2026 11:57:31,1.17.3,LeftRight,2,3.94,nan,1,Right,Left,358,865,166,86288127,nan,nan,0.07
8/18/2026 11:57:33,1.17.3,LeftRight,2,3.94,nan,1,Right,Left,358,866,166,86288844,nan,nan,0.79
8/18/2026 11:57:36,1.17.3,LeftRight,2,3.94,nan,1,Left,Left,359,866,166,86293523,nan,nan,0.00
8/18/2026 11:57:39,1.17.3,LeftRight,2,3.94,nan,1,Left,Left,360,866,166,86296171,nan,nan,0.00
8/18/2026 11:57:42,1.17.3,LeftRight,2,3.94,nan,1,Right,Left,360,867,166,86298735,nan,nan,0.24
8/18/2026 11:57:43,1.17.3,LeftRight,2,3.94,1,1,Pellet,Left,360,867,167,86298735,0.41,7660,nan
8/18/2026 11:58:07,1.17.3,LeftRight,2,3.94,nan,1,Right,Left,360,868,167,86324211,nan,nan,0.20
8/18/2026 11:58:13,1.17.3,LeftRight,2,3.94,nan,1,Left,Left,361,868,167,86330081,nan,nan,0.00
8/18/2026 11:58:15,1.17.3,LeftRight,2,3.94,nan,1,Left,Left,362,868,167,86332409,nan,nan,0.00
8/18/2026 11:58:23,1.17.3,LeftRight,2,3.94,nan,1,RESET,Left,362,868,167,86339998,nan,nan,nan
8/18/2026 11:58:25,1.17.3,LeftRight,2,3.94,nan,1,Right,Left,362,869,167,86342357,nan,nan,0.00
8/18/2026 11:58:30,1.17.3,LeftRight,2,3.94,nan,1,Right,Left,362,870,167,86345955,nan,nan,0.77
8/18/2026 12:02:30,1.17.3,LeftRight,2,3.94,nan,1,Right,Left,362,871,167,86586707,nan,nan,0.89
8/18/2026 12:02:35,1.17.3,LeftRight,2,3.94,nan,1,Left,Left,363,871,167,86591865,nan,nan,0.00
8/18/2026 12:02:36,1.17.3,LeftRight,2,3.94,nan,1,Left,Left,364,871,167,86592804,nan,nan,0.00
8/18/2026 12:02:38,1.17.3,LeftRight,2,3.94,nan,1,Right,Left,364,872,167,86594629,nan,nan,0.01
8/18/2026 12:02:39,1.17.3,LeftRight,2,3.94,1,1,Pellet,Left,364,872,168,86594629,0.77,296,nan
8/18/2026 12:04:22,1.17.3,LeftRight,2,3.94,nan,1,Right,Left,364,873,168,86698773,nan,nan,0.00
8/18/2026 12:04:25,1.17.3,LeftRight,2,3.94,nan,1,Right,Left,364,874,168,86701485,nan,nan,0.56
8/18/2026 12:04:26,1.17.3,LeftRight,2,3.94,nan,1,Right,Left,364,875,168,86702991,nan,nan,0.08
8/18/2026 12:04:29,1.17.3,LeftRight,2,3.94,nan,1,Left,Left,365,875,168,86706384,nan,nan,0.00
8/18/2026 12:04:32,1.17.3,LeftRight,2,3.94,nan,1,Right,Left,365,876,168,86708654,nan,nan,0.77
8/18/2026 12:04:33,1.17.3,LeftRight,2,3.94,nan,1,RightDuringDispense,Left,365,877,168,86708654,nan,nan,0.23
8/18/2026 12:04:34,1.17.3,LeftRight,2,3.94,1,1,Pellet,Left,365,877,169,86708654,0.59,115,nan
8/18/2026 12:04:59,1.17.3,LeftRight,2,3.94,nan,1,Right,Left,365,878,169,86735788,nan,nan,0.48
8/18/2026 12:05:00,1.17.3,LeftRight,2,3.94,nan,1,Right,Left,365,879,169,86737057,nan,nan,0.19
8/18/2026 13:26:22,1.17.3,LeftRight,2,3.94,nan,1,Right,Left,365,880,169,91618699,nan,nan,0.13
8/18/2026 13:26:23,1.17.3,LeftRight,2,3.94,nan,1,Left,Left,366,880,169,91620727,nan,nan,0.00
8/18/2026 13:26:25,1.17.3,LeftRight,2,3.94,nan,1,Left,Left,367,880,169,91622111,nan,nan,0.00
8/18/2026 13:26:28,1.17.3,LeftRight,2,3.94,nan,1,Right,Left,367,881,169,91624977,nan,nan,0.65
8/18/2026 13:26:29,1.17.3,LeftRight,2,3.94,1,1,Pellet,Left,367,881,170,91624977,0.17,4915,nan
8/18/2026 13:27:17,1.17.3,LeftRight,2,3.94,nan,1,Left,Left,368,881,170,91674732,nan,nan,0.00
8/18/2026 13:27:22,1.17.3,LeftRight,2,3.93,nan,1,Right,Left,368,882,170,91679069,nan,nan,0.27
8/18/2026 13:27:23,1.17.3,LeftRight,2,3.94,1,1,Pellet,Left,368,882,171,91679069,0.65,54,nan
8/18/2026 13:27:43,1.17.3,LeftRight,2,3.94,nan,1,Right,Left,368,883,171,91700145,nan,nan,0.12
8/18/2026 13:27:43,1.17.3,LeftRight,2,3.93,nan,1,Right,Left,368,884,171,91700760,nan,nan,0.00
8/18/2026 13:27:46,1.17.3,LeftRight,2,3.94,nan,1,Right,Left,368,885,171,91703471,nan,nan,0.33
8/18/2026 13:28:15,1.17.3,LeftRight,2,3.94,nan,1,Left,Left,369,885,171,91731922,nan,nan,0.00
8/18/2026 13:28:18,1.17.3,LeftRight,2,3.94,nan,1,Right,Left,369,886,171,91735226,nan,nan,0.00
8/18/2026 13:28:19,1.17.3,LeftRight,2,3.94,1,1,Pellet,Left,369,886,172,91735226,0.35,56,nan
8/18/2026 13:28:32,1.17.3,LeftRight,2,3.93,nan,1,Left,Left,370,886,172,91748841,nan,nan,0.00
8/18/2026 13:28:33,1.17.3,LeftRight,2,3.94,nan,1,Left,Left,371,886,172,91750421,nan,nan,0.00
8/18/2026 13:28:39,1.17.3,LeftRight,2,3.93,nan,1,Right,Left,371,887,172,91755791,nan,nan,0.64
8/18/2026 13:28:45,1.17.3,LeftRight,2,3.94,3,1,Pellet,Left,371,887,173,91755791,0.65,26,nan
8/18/2026 13:29:15,1.17.3,LeftRight,2,3.94,nan,1,Right,Left,371,888,173,91791935,nan,nan,0.23
8/18/2026 13:29:18,1.17.3,LeftRight,2,3.94,nan,1,Right,Left,371,889,173,91795176,nan,nan,0.41
8/18/2026 13:29:22,1.17.3,LeftRight,2,3.93,nan,1,Left,Left,372,889,173,91799302,nan,nan,0.00
8/18/2026 13:29:25,1.17.3,LeftRight,2,3.94,nan,1,Right,Left,372,890,173,91801867,nan,nan,0.02
8/18/2026 13:29:26,1.17.3,LeftRight,2,3.94,1,1,Pellet,Left,372,890,174,91801867,0.71,41,nan
8/18/2026 13:29:36,1.17.3,LeftRight,2,3.93,nan,1,Right,Left,372,891,174,91813553,nan,nan,0.25
8/18/2026 13:30:08,1.17.3,LeftRight,2,3.94,nan,1,Right,Left,372,892,174,91844848,nan,nan,0.04
8/18/2026 13:30:15,1.17.3,LeftRight,2,3.94,nan,1,Right,Left,372,893,174,91851740,nan,nan,0.51
8/18/2026 13:30:17,1.17.3,LeftRight,2,3.94,nan,1,Left,Left,373,893,174,91854309,nan,nan,0.00
8/18/2026 13:30:25,1.17.3,LeftRight,2,3.94,nan,1,RESET,Left,373,893,174,91862335,nan,nan,nan
8/18/2026 13:43:55,1.17.3,LeftRight,2,3.94,nan,1,Right,Left,373,894,174,92671741,nan,nan,0.25
8/18/2026 13:49:19,1.17.3,LeftRight,2,3.94,nan,1,Right,Left,373,895,174,92996688,nan,nan,0.00
8/18/2026 13:49:40,1.17.3,LeftRight,2,3.94,nan,1,Right,Left,373,896,174,93017413,nan,nan,0.34
8/18/2026 13:51:18,1.17.3,LeftRight,2,3.94,nan,1,Right,Left,373,897,174,93115412,nan,nan,0.00
8/18/2026 13:51:24,1.17.3,LeftRight,2,3.93,nan,1,Left,Left,374,897,174,93121305,nan,nan,0.00
8/18/2026 13:51:30,1.17.3,LeftRight,2,3.94,nan,1,Left,Left,375,897,174,93127690,nan,nan,0.00
8/18/2026 13:51:33,1.17.3,LeftRight,2,3.94,nan,1,Left,Left,376,897,174,93130479,nan,nan,0.00
8/18/2026 13:51:34,1.17.3,LeftRight,2,3.93,nan,1,Right,Left,376,898,174,93131712,nan,nan,0.12
8/18/2026 13:51:35,1.17.3,LeftRight,2,3.93,nan,1,RightDuringDispense,Left,376,899,174,93131712,nan,nan,0.24
8/18/2026 13:51:36,1.17.3,LeftRight,2,3.93,1,1,Pellet,Left,376,899,175,93131712,0.53,1330,nan
8/18/2026 13:52:04,1.17.3,LeftRight,2,3.93,nan,1,Right,Left,376,900,175,93160558,nan,nan,1.24
8/18/2026 13:52:08,1.17.3,LeftRight,2,3.94,nan,1,Left,Left,377,900,175,93165027,nan,nan,0.00
8/18/2026 13:52:09,1.17.3,LeftRight,2,3.94,nan,1,Right,Left,377,901,175,93166262,nan,nan,0.30
8/18/2026 13:52:10,1.17.3,LeftRight,2,3.93,1,1,Pellet,Left,377,901,176,93166262,0.29,34,nan
8/18/2026 13:52:22,1.17.3,LeftRight,2,3.94,nan,1,Right,Left,377,902,176,93179396,nan,nan,0.00
8/18/2026 13:52:23,1.17.3,LeftRight,2,3.93,nan,1,Right,Left,377,903,176,93180335,nan,nan,0.48
8/18/2026 13:52:24,1.17.3,LeftRight,2,3.94,nan,1,Right,Left,377,904,176,93181751,nan,nan,0.00
8/18/2026 13:52:28,1.17.3,LeftRight,2,3.93,nan,1,Right,Left,377,905,176,93185346,nan,nan,0.09
8/18/2026 13:52:32,1.17.3,LeftRight,2,3.94,nan,1,Right,Left,377,906,176,93188148,nan,nan,0.95
8/18/2026 13:52:34,1.17.3,LeftRight,2,3.94,nan,1,Right,Left,377,907,176,93190926,nan,nan,0.00
8/18/2026 13:55:36,1.17.3,LeftRight,2,3.94,nan,1,Left,Left,378,907,176,93373722,nan,nan,0.00
8/18/2026 13:55:44,1.17.3,LeftRight,2,3.94,nan,1,RESET,Left,378,907,176,93381307,nan,nan,nan
8/18/2026 13:55:55,1.17.3,LeftRight,2,3.94,nan,1,Left,Left,379,907,176,93392814,nan,nan,0.00
8/18/2026 13:56:03,1.17.3,LeftRight,2,3.93,nan,1,RESET,Left,379,907,176,93400398,nan,nan,nan
8/18/2026 13:56:22,1.17.3,LeftRight,2,3.94,nan,1,Right,Left,379,908,176,93418855,nan,nan,0.20
8/18/2026 13:56:29,1.17.3,LeftRight,2,3.94,nan,1,Right,Left,379,909,176,93425020,nan,nan,1.10
8/18/2026 13:56:34,1.17.3,LeftRight,2,3.94,nan,1,Left,Left,380,909,176,93431758,nan,nan,0.00
8/18/2026 13:56:37,1.17.3,LeftRight,2,3.93,nan,1,Right,Left,380,910,176,93433880,nan,nan,0.34
8/18/2026 13:56:38,1.17.3,LeftRight,2,3.93,1,1,Pellet,Left,380,910,177,93433880,0.23,268,nan
8/18/2026 14:00:09,1.17.3,LeftRight,2,3.93,nan,1,Right,Left,380,911,177,93646510,nan,nan,0.00
8/18/2026 14:06:36,1.17.3,LeftRight,2,3.93,nan,1,Right,Left,380,912,177,94033238,nan,nan,0.16
8/18/2026 14:06:39,1.17.3,LeftRight,2,3.93,nan,1,Right,Left,380,913,177,94035220,nan,nan,0.80
8/18/2026 15:27:15,1.17.3,LeftRight,2,3.93,nan,1,Right,Left,380,914,177,98872636,nan,nan,0.12
8/18/2026 15:27:20,1.17.3,LeftRight,2,3.93,nan,1,Right,Left,380,915,177,98876796,nan,nan,0.56
8/18/2026 15:27:22,1.17.3,LeftRight,2,3.93,nan,1,Right,Left,380,916,177,98879027,nan,nan,0.59
8/18/2026 15:27:24,1.17.3,LeftRight,2,3.93,nan,1,Right,Left,380,917,177,98880268,nan,nan,0.89
8/18/2026 15:27:25,1.17.3,LeftRight,2,3.93,nan,1,Right,Left,380,918,177,98882542,nan,nan,0.37
8/18/2026 15:27:31,1.17.3,LeftRight,2,3.93,nan,1,Left,Left,381,918,177,98888427,nan,nan,0.00
8/18/2026 15:27:33,1.17.3,LeftRight,2,3.93,nan,1,Right,Left,381,919,177,98889807,nan,nan,0.36
8/18/2026 15:27:43,1.17.3,LeftRight,2,3.93,6,1,Pellet,Left,381,919,178,98889807,0.59,5465,nan
8/18/2026 15:28:05,1.17.3,LeftRight,2,3.93,nan,1,Left,Left,382,919,178,98922470,nan,nan,0.00
8/18/2026 15:28:06,1.17.3,LeftRight,2,3.93,nan,1,Right,Left,382,920,178,98923705,nan,nan,0.24
8/18/2026 15:28:08,1.17.3,LeftRight,2,3.93,1,1,Pellet,Left,382,920,179,98923705,0.59,25,nan
8/18/2026 15:28:21,1.17.3,LeftRight,2,3.93,nan,1,Left,Left,383,920,179,98938537,nan,nan,0.00
8/18/2026 15:28:23,1.17.3,LeftRight,2,3.93,nan,1,Right,Left,383,921,179,98940216,nan,nan,0.26
8/18/2026 15:28:27,1.17.3,LeftRight,2,3.93,2,1,Pellet,Left,383,921,180,98940216,1.07,19,nan
8/18/2026 15:28:38,1.17.3,LeftRight,2,3.93,nan,1,Right,Left,383,922,180,98955448,nan,nan,0.05
8/18/2026 15:28:40,1.17.3,LeftRight,2,3.93,nan,1,Right,Left,383,923,180,98957477,nan,nan,0.10
8/18/2026 15:28:44,1.17.3,LeftRight,2,3.93,nan,1,Right,Left,383,924,180,98961325,nan,nan,0.51
8/18/2026 15:28:50,1.17.3,LeftRight,2,3.93,nan,1,Left,Left,384,924,180,98967230,nan,nan,0.00
8/18/2026 15:28:52,1.17.3,LeftRight,2,3.93,nan,1,Left,Left,385,924,180,98969835,nan,nan,0.00
8/18/2026 15:28:59,1.17.3,LeftRight,2,3.93,nan,1,Left,Left,386,924,180,98976832,nan,nan,0.00
8/18/2026 15:29:01,1.17.3,LeftRight,2,3.93,nan,1,Left,Left,387,924,180,98978858,nan,nan,0.00
8/18/2026 15:29:05,1.17.3,LeftRight,2,3.93,nan,1,Left,Left,388,924,180,98982503,nan,nan,0.00
8/18/2026 15:29:11,1.17.3,LeftRight,2,3.93,nan,1,Right,Left,388,925,180,98985662,nan,nan,2.70
8/18/2026 15:29:11,1.17.3,LeftRight,2,3.86,nan,1,RightDuringDispense,Left,388,926,180,98985662,nan,nan,0.39
8/18/2026 15:29:15,1.17.3,LeftRight,2,3.93,2,1,Pellet,Left,388,926,181,98985662,0.41,48,nan
8/18/2026 15:29:31,1.17.3,LeftRight,2,3.93,nan,1,Right,Left,388,927,181,99008142,nan,nan,0.16
8/18/2026 15:29:33,1.17.3,LeftRight,2,3.93,nan,1,Right,Left,388,928,181,99009690,nan,nan,0.47
8/18/2026 15:29:43,1.17.3,LeftRight,2,3.93,nan,1,Left,Left,389,928,181,99020778,nan,nan,0.00
8/18/2026 15:29:50,1.17.3,LeftRight,2,3.93,nan,1,RESET,Left,389,928,181,99027483,nan,nan,nan
8/18/2026 15:29:52,1.17.3,LeftRight,2,3.93,nan,1,Right,Left,389,929,181,99028513,nan,nan,0.63
8/18/2026 15:29:54,1.17.3,LeftRight,2,3.93,nan,1,Right,Left,389,930,181,99030828,nan,nan,1.03
8/18/2026 15:29:59,1.17.3,LeftRight,2,3.93,nan,1,Left,Left,390,930,181,99036118,nan,nan,0.00
8/18/2026 15:30:05,1.17.3,LeftRight,2,3.93,nan,1,Right,Left,390,931,181,99042524,nan,nan,0.00
8/18/2026 15:30:08,1.17.3,LeftRight,2,3.93,2,1,Pellet,Left,390,931,182,99042524,0.47,53,nan
8/18/2026 15:44:03,1.17.3,LeftRight,2,3.93,nan,1,Right,Left,390,932,182,99881069,nan,nan,0.00
8/18/2026 15:44:06,1.17.3,LeftRight,2,3.93,nan,1,Right,Left,390,933,182,99883341,nan,nan,0.51
8/18/2026 15:44:08,1.17.3,LeftRight,2,3.93,nan,1,Right,Left,390,934,182,99885383,nan,nan,0.58
8/18/2026 15:44:12,1.17.3,LeftRight,2,3.93,nan,1,Right,Left,390,935,182,99888826,nan,nan,0.95
8/18/2026 15:44:16,1.17.3,LeftRight,2,3.93,nan,1,Right,Left,390,936,182,99893523,nan,nan,0.08
8/18/2026 15:44:19,1.17.3,LeftRight,2,3.93,nan,1,Right,Left,390,937,182,99896164,nan,nan,0.64
8/18/2026 15:44:23,1.17.3,LeftRight,2,3.93,nan,1,Left,Left,391,937,182,99900252,nan,nan,0.00
8/18/2026 15:44:24,1.17.3,LeftRight,2,3.93,nan,1,Right,Left,391,938,182,99901932,nan,nan,0.07
8/18/2026 15:44:28,1.17.3,LeftRight,2,3.93,2,1,Pellet,Left,391,938,183,99901932,0.35,859,nan
8/18/2026 15:44:48,1.17.3,LeftRight,2,3.93,nan,1,Right,Left,391,939,183,99925239,nan,nan,0.14
8/18/2026 15:44:51,1.17.3,LeftRight,2,3.93,nan,1,Left,Left,392,939,183,99928665,nan,nan,0.00
8/18/2026 15:44:53,1.17.3,LeftRight,2,3.93,nan,1,Right,Left,392,940,183,99930048,nan,nan,0.21
8/18/2026 15:44:54,1.17.3,LeftRight,2,3.93,1,1,Pellet,Left,392,940,184,99930048,0.53,27,nan
8/18/2026 15:46:10,1.17.3,LeftRight,2,3.92,nan,1,Left,Left,393,940,184,100007850,nan,nan,0.00
8/18/2026 15:46:18,1.17.3,LeftRight,2,3.93,nan,1,RESET,Left,393,940,184,100015586,nan,nan,nan
8/18/2026 15:50:13,1.17.3,LeftRight,2,3.93,nan,1,Left,Left,394,940,184,100250613,nan,nan,0.00
8/18/2026 15:50:20,1.17.3,LeftRight,2,3.93,nan,1,RESET,Left,394,940,184,100257609,nan,nan,nan
8/18/2026 15:50:21,1.17.3,LeftRight,2,3.93,nan,1,Left,Left,395,940,184,100258668,nan,nan,0.00
8/18/2026 15:50:24,1.17.3,LeftRight,2,3.93,nan,1,Right,Left,395,941,184,100261085,nan,nan,0.14
8/18/2026 15:50:25,1.17.3,LeftRight,2,3.93,1,1,Pellet,Left,395,941,185,100261085,0.29,331,nan
8/18/2026 15:50:38,1.17.3,LeftRight,2,3.93,nan,1,Left,Left,396,941,185,100275548,nan,nan,0.00
8/18/2026 15:50:43,1.17.3,LeftRight,2,3.93,nan,1,Right,Left,396,942,185,100280772,nan,nan,0.35
8/18/2026 15:50:46,1.17.3,LeftRight,2,3.93,2,1,Pellet,Left,396,942,186,100280772,0.17,21,nan
8/18/2026 15:50:59,1.17.3,LeftRight,2,3.93,nan,1,Right,Left,396,943,186,100296716,nan,nan,0.16
8/18/2026 15:51:02,1.17.3,LeftRight,2,3.93,nan,1,Left,Left,397,943,186,100299983,nan,nan,0.00
8/18/2026 15:51:03,1.17.3,LeftRight,2,3.93,nan,1,Left,Left,398,943,186,100300678,nan,nan,0.00
8/18/2026 15:51:04,1.17.3,LeftRight,2,3.93,nan,1,Right,Left,398,944,186,100301765,nan,nan,0.00
8/18/2026 15:51:10,1.17.3,LeftRight,2,3.93,3,1,Pellet,Left,398,944,187,100301765,0.59,24,nan
8/18/2026 15:51:23,1.17.3,LeftRight,2,3.93,nan,1,Right,Left,398,945,187,100320512,nan,nan,0.15
8/18/2026 15:51:25,1.17.3,LeftRight,2,3.93,nan,1,Right,Left,398,946,187,100322048,nan,nan,1.04
8/18/2026 15:51:28,1.17.3,LeftRight,2,3.93,nan,1,Right,Left,398,947,187,100324910,nan,nan,0.34
8/18/2026 15:51:29,1.17.3,LeftRight,2,3.93,nan,1,Left,Left,399,947,187,100326880,nan,nan,0.00
8/18/2026 15:51:30,1.17.3,LeftRight,2,3.93,nan,1,Left,Left,400,947,187,100327664,nan,nan,0.00
8/18/2026 15:51:32,1.17.3,LeftRight,2,3.93,nan,1,Right,Left,400,948,187,100329488,nan,nan,0.00
8/18/2026 15:51:33,1.17.3,LeftRight,2,3.93,1,1,Pellet,Left,400,948,188,100329488,0.65,23,nan
8/18/2026 15:52:39,1.17.3,LeftRight,2,3.93,nan,1,Right,Left,400,949,188,100396273,nan,nan,0.00
8/18/2026 15:52:47,1.17.3,LeftRight,2,3.93,nan,1,Right,Left,400,950,188,100404607,nan,nan,0.00
8/18/2026 15:54:30,1.17.3,LeftRight,2,3.93,nan,1,Right,Left,400,951,188,100507115,nan,nan,0.80
8/18/2026 15:54:35,1.17.3,LeftRight,2,3.93,nan,1,Right,Left,400,952,188,100511069,nan,nan,1.09
8/18/2026 15:54:38,1.17.3,LeftRight,2,3.93,nan,1,Left,Left,401,952,188,100515887,nan,nan,0.00
8/18/2026 15:54:45,1.17.3,LeftRight,2,3.93,nan,1,RESET,Left,401,952,188,100522586,nan,nan,nan
8/18/2026 15:54:46,1.17.3,LeftRight,2,3.93,nan,1,Right,Left,401,953,188,100523762,nan,nan,0.19
8/18/2026 16:06:55,1.17.3,LeftRight,2,3.93,nan,1,Left,Left,402,953,188,101252999,nan,nan,0.00
8/18/2026 16:06:59,1.17.3,LeftRight,2,3.93,nan,1,Right,Left,402,954,188,101256601,nan,nan,0.21
8/18/2026 16:07:00,1.17.3,LeftRight,2,3.93,1,1,Pellet,Left,402,954,189,101256601,0.41,927,nan
8/18/2026 16:07:21,1.17.3,LeftRight,2,3.93,nan,1,Left,Left,403,954,189,101278315,nan,nan,0.00
8/18/2026 16:07:28,1.17.3,LeftRight,2,3.93,nan,1,RESET,Left,403,954,189,101285606,nan,nan,nan
8/18/2026 16:07:30,1.17.3,LeftRight,2,3.93,nan,1,Right,Left,403,955,189,101287078,nan,nan,0.69
8/18/2026 16:07:32,1.17.3,LeftRight,2,3.93,nan,1,Right,Left,403,956,189,101289596,nan,nan,0.09
8/18/2026 16:58:40,1.17.3,LeftRight,2,3.93,nan,1,Right,Left,403,957,189,104357491,nan,nan,0.43
8/18/2026 16:58:44,1.17.3,LeftRight,2,3.92,nan,1,Right,Left,403,958,189,104361227,nan,nan,0.55
8/18/2026 16:58:48,1.17.3,LeftRight,2,3.93,nan,1,Left,Left,404,958,189,104365922,nan,nan,0.00
8/18/2026 16:58:50,1.17.3,LeftRight,2,3.92,nan,1,Left,Left,405,958,189,104367621,nan,nan,0.00
8/18/2026 16:58:57,1.17.3,LeftRight,2,3.93,nan,1,Right,Left,405,959,189,104374035,nan,nan,0.49
8/18/2026 16:59:03,1.17.3,LeftRight,2,3.93,3,1,Pellet,Left,405,959,190,104374035,1.73,3123,nan
8/18/2026 16:59:35,1.17.3,LeftRight,2,3.93,nan,1,Right,Left,405,960,190,104412741,nan,nan,0.00
8/18/2026 16:59:38,1.17.3,LeftRight,2,3.92,nan,1,Left,Left,406,960,190,104415732,nan,nan,0.00
8/18/2026 16:59:39,1.17.3,LeftRight,2,3.92,nan,1,Left,Left,407,960,190,104416938,nan,nan,0.00
8/18/2026 16:59:40,1.17.3,LeftRight,2,3.93,nan,1,Left,Left,408,960,190,104417888,nan,nan,0.00
8/18/2026 16:59:42,1.17.3,LeftRight,2,3.93,nan,1,Right,Left,408,961,190,104419567,nan,nan,0.00
8/18/2026 16:59:43,1.17.3,LeftRight,2,3.93,1,1,Pellet,Left,408,961,191,104419567,0.35,40,nan
8/18/2026 17:00:04,1.17.3,LeftRight,2,3.93,nan,1,Right,Left,408,962,191,104441459,nan,nan,0.69
8/18/2026 17:00:09,1.17.3,LeftRight,2,3.93,nan,1,Right,Left,408,963,191,104446480,nan,nan,0.76
8/18/2026 17:00:10,1.17.3,LeftRight,2,3.92,nan,1,Right,Left,408,964,191,104448181,nan,nan,0.06
8/18/2026 17:00:11,1.17.3,LeftRight,2,3.93,nan,1,Right,Left,408,965,191,104448736,nan,nan,0.31
8/18/2026 17:00:15,1.17.3,LeftRight,2,3.92,nan,1,Left,Left,409,965,191,104452477,nan,nan,0.00
8/18/2026 17:00:16,1.17.3,LeftRight,2,3.93,nan,1,Right,Left,409,966,191,104453861,nan,nan,0.00
8/18/2026 17:00:18,1.17.3,LeftRight,2,3.93,1,1,Pellet,Left,409,966,192,104453861,0.71,35,nan
8/18/2026 17:00:28,1.17.3,LeftRight,2,3.93,nan,1,Right,Left,409,967,192,104465418,nan,nan,0.00
8/18/2026 17:10:40,1.17.3,LeftRight,2,3.92,nan,1,Left,Left,410,967,192,105077360,nan,nan,0.00
8/18/2026 17:10:43,1.17.3,LeftRight,2,3.93,nan,1,Right,Left,410,968,192,105081099,nan,nan,0.00
8/18/2026 17:10:45,1.17.3,LeftRight,2,3.93,1,1,Pellet,Left,410,968,193,105081099,0.77,627,nan
8/18/2026 17:10:54,1.17.3,LeftRight,2,3.92,nan,1,Right,Left,410,969,193,105092128,nan,nan,0.00
8/18/2026 17:10:55,1.17.3,LeftRight,2,3.93,nan,1,Right,Left,410,970,193,105092774,nan,nan,0.21
8/18/2026 17:11:00,1.17.3,LeftRight,2,3.93,nan,1,Left,Left,411,970,193,105097432,nan,nan,0.00
8/18/2026 17:11:02,1.17.3,LeftRight,2,3.92,nan,1,Right,Left,411,971,193,105099840,nan,nan,0.00
8/18/2026 17:11:07,1.17.3,LeftRight,2,3.93,3,1,Pellet,Left,411,971,194,105099840,0.29,22,nan
8/18/2026 17:11:17,1.17.3,LeftRight,2,3.92,nan,1,Left,Left,412,971,194,105114894,nan,nan,0.00
8/18/2026 17:11:20,1.17.3,LeftRight,2,3.92,nan,1,Right,Left,412,972,194,105117743,nan,nan,0.44
8/18/2026 17:11:24,1.17.3,LeftRight,2,3.92,3,1,Pellet,Left,412,972,195,105117743,0.53,17,nan
8/18/2026 17:12:16,1.17.3,LeftRight,2,3.92,nan,1,Left,Left,413,972,195,105174279,nan,nan,0.00
8/18/2026 17:12:21,1.17.3,LeftRight,2,3.93,nan,1,Right,Left,413,973,195,105178460,nan,nan,0.10
8/18/2026 17:12:22,1.17.3,LeftRight,2,3.92,2,1,Pellet,Left,413,973,196,105178460,0.41,58,nan
8/18/2026 17:16:43,1.17.3,LeftRight,2,3.92,nan,1,Left,Left,414,973,196,105440463,nan,nan,0.00
8/18/2026 17:16:47,1.17.3,LeftRight,2,3.93,nan,1,Right,Left,414,974,196,105444938,nan,nan,0.07
8/18/2026 17:16:48,1.17.3,LeftRight,2,3.93,2,1,Pellet,Left,414,974,197,105444938,0.23,266,nan
8/18/2026 17:16:56,1.17.3,LeftRight,2,3.92,nan,1,Left,Left,415,974,197,105454066,nan,nan,0.00
8/18/2026 17:16:58,1.17.3,LeftRight,2,3.92,nan,1,Right,Left,415,975,197,105455890,nan,nan,0.00
8/18/2026 17:17:02,1.17.3,LeftRight,2,3.93,2,1,Pellet,Left,415,975,198,105455890,1.43,14,nan
8/18/2026 17:17:13,1.17.3,LeftRight,2,3.93,nan,1,Left,Left,416,975,198,105470852,nan,nan,0.00
8/18/2026 17:17:14,1.17.3,LeftRight,2,3.92,nan,1,Right,Left,416,976,198,105471790,nan,nan,0.11
8/18/2026 17:17:15,1.17.3,LeftRight,2,3.93,1,1,Pellet,Left,416,976,199,105471790,0.35,13,nan
8/18/2026 17:17:23,1.17.3,LeftRight,2,3.92,nan,1,Left,Left,417,976,199,105480735,nan,nan,0.00
8/18/2026 17:17:24,1.17.3,LeftRight,2,3.93,nan,1,Right,Left,417,977,199,105481969,nan,nan,0.00
8/18/2026 17:17:30,1.17.3,LeftRight,2,3.93,3,1,Pellet,Left,417,977,200,105481969,0.71,15,nan
8/18/2026 17:17:38,1.17.3,LeftRight,2,3.92,nan,1,Right,Left,417,978,200,105495966,nan,nan,0.37
8/18/2026 17:19:01,1.17.3,LeftRight,2,3.92,nan,1,Right,Left,417,979,200,105578995,nan,nan,0.06
8/18/2026 17:21:38,1.17.3,LeftRight,2,3.93,nan,1,Left,Left,418,979,200,105735593,nan,nan,0.00
8/18/2026 17:21:43,1.17.3,LeftRight,2,3.92,nan,1,RESET,Left,418,979,200,105740813,nan,nan,nan
8/18/2026 17:24:10,1.17.3,LeftRight,2,3.92,nan,1,Right,Left,418,980,200,105888038,nan,nan,0.21
8/18/2026 17:24:14,1.17.3,LeftRight,2,3.93,nan,1,Right,Left,418,981,200,105891991,nan,nan,0.05
8/18/2026 17:24:18,1.17.3,LeftRight,2,3.93,nan,1,Right,Left,418,982,200,105896080,nan,nan,0.13
8/18/2026 17:24:21,1.17.3,LeftRight,2,3.93,nan,1,Right,Left,418,983,200,105898631,nan,nan,0.02
8/18/2026 17:29:13,1.17.3,LeftRight,2,3.92,nan,1,Left,Left,419,983,200,106191287,nan,nan,0.00
8/18/2026 17:29:19,1.17.3,LeftRight,2,3.93,nan,1,RESET,Left,419,983,200,106196807,nan,nan,nan
8/18/2026 17:31:54,1.17.3,LeftRight,2,3.92,nan,1,Right,Left,419,984,200,106352187,nan,nan,0.00
8/18/2026 17:34:05,1.17.3,LeftRight,2,3.92,nan,1,Left,Left,420,984,200,106482874,nan,nan,0.00
8/18/2026 17:34:06,1.17.3,LeftRight,2,3.92,nan,1,Right,Left,420,985,200,106484256,nan,nan,0.06
8/18/2026 17:34:10,1.17.3,LeftRight,2,3.92,2,1,Pellet,Left,420,985,201,106484256,0.23,1000,nan
8/18/2026 17:34:21,1.17.3,LeftRight,2,3.92,nan,1,Right,Left,420,986,201,106498363,nan,nan,0.22
8/18/2026 17:34:24,1.17.3,LeftRight,2,3.92,nan,1,Right,Left,420,987,201,106501888,nan,nan,0.47
8/18/2026 17:34:27,1.17.3,LeftRight,2,3.93,nan,1,Left,Left,421,987,201,106505301,nan,nan,0.00
8/18/2026 17:34:29,1.17.3,LeftRight,2,3.92,nan,1,Right,Left,421,988,201,106506976,nan,nan,0.26
8/18/2026 17:34:33,1.17.3,LeftRight,2,3.92,2,1,Pellet,Left,421,988,202,106506976,0.47,23,nan
8/18/2026 17:34:41,1.17.3,LeftRight,2,3.92,nan,1,Left,Left,422,988,202,106518923,nan,nan,0.00
8/18/2026 17:34:45,1.17.3,LeftRight,2,3.92,nan,1,Right,Left,422,989,202,106522820,nan,nan,0.26
8/18/2026 17:34:51,1.17.3,LeftRight,2,3.93,4,1,Pellet,Left,422,989,203,106522820,0.65,18,nan
8/18/2026 17:39:10,1.17.3,LeftRight,2,3.93,nan,1,Left,Left,423,989,203,106787697,nan,nan,0.00
8/18/2026 17:39:15,1.17.3,LeftRight,2,3.92,nan,1,RESET,Left,423,989,203,106792777,nan,nan,nan
8/18/2026 17:39:34,1.17.3,LeftRight,2,3.92,nan,1,Right,Left,423,990,203,106812144,nan,nan,0.12
8/18/2026 17:39:35,1.17.3,LeftRight,2,3.92,nan,1,Right,Left,423,991,203,106812911,nan,nan,0.00
8/18/2026 17:39:37,1.17.3,LeftRight,2,3.92,nan,1,Left,Left,424,991,203,106815284,nan,nan,0.00
8/18/2026 17:39:39,1.17.3,LeftRight,2,3.92,nan,1,Left,Left,425,991,203,106816989,nan,nan,0.00
8/18/2026 17:39:41,1.17.3,LeftRight,2,3.93,nan,1,Right,Left,425,992,203,106818371,nan,nan,0.04
8/18/2026 17:39:46,1.17.3,LeftRight,2,3.92,3,1,Pellet,Left,425,992,204,106818371,0.41,295,nan
8/18/2026 17:39:56,1.17.3,LeftRight,2,3.93,nan,1,Right,Left,425,993,204,106833218,nan,nan,0.33
8/18/2026 17:39:57,1.17.3,LeftRight,2,3.92,nan,1,Right,Left,425,994,204,106834927,nan,nan,0.26
8/18/2026 17:40:01,1.17.3,LeftRight,2,3.93,nan,1,Left,Left,426,994,204,106838423,nan,nan,0.00
8/18/2026 17:40:06,1.17.3,LeftRight,2,3.92,nan,1,RESET,Left,426,994,204,106843794,nan,nan,nan
8/18/2026 17:48:58,1.17.3,LeftRight,2,3.92,nan,1,Right,Left,426,995,204,107375659,nan,nan,0.06
8/18/2026 17:54:03,1.17.3,LeftRight,2,3.92,nan,1,Left,Left,427,995,204,107681242,nan,nan,0.00
8/18/2026 17:54:08,1.17.3,LeftRight,2,3.92,nan,1,RESET,Left,427,995,204,107685872,nan,nan,nan
8/18/2026 17:55:00,1.17.3,LeftRight,2,3.92,nan,1,Right,Left,427,996,204,107736816,nan,nan,0.86
8/18/2026 17:56:33,1.17.3,LeftRight,2,3.92,nan,1,Left,Left,428,996,204,107830737,nan,nan,0.00
8/18/2026 17:56:34,1.17.3,LeftRight,2,3.92,nan,1,Left,Left,429,996,204,107832002,nan,nan,0.00
8/18/2026 17:56:35,1.17.3,LeftRight,2,3.92,nan,1,Right,Left,429,997,204,107832942,nan,nan,0.00
8/18/2026 17:56:36,1.17.3,LeftRight,2,3.92,1,1,Pellet,Left,429,997,205,107832942,0.47,1010,nan
8/18/2026 17:56:54,1.17.3,LeftRight,2,3.92,nan,1,Right,Left,429,998,205,107852059,nan,nan,0.01
8/18/2026 18:10:48,1.17.3,LeftRight,2,3.91,nan,1,Right,Left,429,999,205,108685345,nan,nan,0.36
8/18/2026 18:11:11,1.17.3,LeftRight,2,3.92,nan,1,Left,Left,430,999,205,108709104,nan,nan,0.00
8/18/2026 18:11:17,1.17.3,LeftRight,2,3.92,nan,1,RESET,Left,430,999,205,108714917,nan,nan,nan
8/18/2026 18:13:02,1.17.3,LeftRight,2,3.92,nan,1,Left,Left,431,999,205,108820252,nan,nan,0.00
8/18/2026 18:13:07,1.17.3,LeftRight,2,3.92,nan,1,RESET,Left,431,999,205,108824883,nan,nan,nan
8/18/2026 18:14:35,1.17.3,LeftRight,2,3.92,nan,1,Left,Left,432,999,205,108913068,nan,nan,0.00
8/18/2026 18:14:36,1.17.3,LeftRight,2,3.92,nan,1,Right,Left,432,1000,205,108914451,nan,nan,0.00
8/18/2026 18:14:37,1.17.3,LeftRight,2,3.92,nan,1,RightDuringDispense,Left,432,1001,205,108914451,nan,nan,0.08
8/18/2026 18:14:42,1.17.3,LeftRight,2,3.92,3,1,Pellet,Left,432,1001,206,108914451,0.77,1086,nan
8/18/2026 18:14:53,1.17.3,LeftRight,2,3.92,nan,1,Right,Left,432,1002,206,108930238,nan,nan,0.27
8/18/2026 18:14:54,1.17.3,LeftRight,2,3.92,nan,1,Left,Left,433,1002,206,108932244,nan,nan,0.00
8/18/2026 18:14:55,1.17.3,LeftRight,2,3.92,nan,1,Right,Left,433,1003,206,108933185,nan,nan,0.08
8/18/2026 18:14:58,1.17.3,LeftRight,2,3.91,2,1,Pellet,Left,433,1003,207,108933185,0.17,16,nan
8/18/2026 18:15:07,1.17.3,LeftRight,2,3.92,nan,1,Right,Left,433,1004,207,108944460,nan,nan,0.63
8/18/2026 18:15:11,1.17.3,LeftRight,2,3.91,nan,1,Left,Left,434,1004,207,108948689,nan,nan,0.00
8/18/2026 18:15:15,1.17.3,LeftRight,2,3.92,nan,1,Right,Left,434,1005,207,108952585,nan,nan,0.00
8/18/2026 18:15:16,1.17.3,LeftRight,2,3.91,1,1,Pellet,Left,434,1005,208,108952585,0.29,18,nan
8/18/2026 18:19:55,1.17.3,LeftRight,2,3.93,nan,1,Left,Left,435,1005,208,109233362,nan,nan,0.00
8/18/2026 18:20:01,1.17.3,LeftRight,2,3.92,nan,1,RESET,Left,435,1005,208,109238892,nan,nan,nan
8/18/2026 18:43:06,1.17.3,LeftRight,2,3.91,nan,1,Left,Left,436,1005,208,110624146,nan,nan,0.00
8/18/2026 18:43:11,1.17.3,LeftRight,2,3.91,nan,1,RESET,Left,436,1005,208,110628938,nan,nan,nan
8/18/2026 18:43:41,1.17.3,LeftRight,2,3.92,nan,1,Right,Left,436,1006,208,110658846,nan,nan,0.48
8/18/2026 18:48:21,1.17.3,LeftRight,2,3.91,nan,1,Left,Left,437,1006,208,110938659,nan,nan,0.00
8/18/2026 18:48:26,1.17.3,LeftRight,2,3.92,nan,1,RESET,Left,437,1006,208,110944042,nan,nan,nan
8/18/2026 18:48:46,1.17.3,LeftRight,2,3.92,nan,1,Left,Left,438,1006,208,110963892,nan,nan,0.00
8/18/2026 18:48:47,1.17.3,LeftRight,2,3.91,nan,1,Right,Left,438,1007,208,110964538,nan,nan,0.08
8/18/2026 18:48:52,1.17.3,LeftRight,2,3.91,4,1,Pellet,Left,438,1007,209,110964538,0.47,2016,nan
8/18/2026 18:49:00,1.17.3,LeftRight,2,3.91,nan,1,Left,Left,439,1007,209,110978167,nan,nan,0.00
8/18/2026 18:49:01,1.17.3,LeftRight,2,3.92,nan,1,Left,Left,440,1007,209,110978802,nan,nan,0.00
8/18/2026 18:49:02,1.17.3,LeftRight,2,3.92,nan,1,Right,Left,440,1008,209,110979893,nan,nan,0.00
8/18/2026 18:49:10,1.17.3,LeftRight,2,3.92,4,1,Pellet,Left,440,1008,210,110979893,1.01,18,nan
8/18/2026 18:49:17,1.17.3,LeftRight,2,3.91,nan,1,Right,Left,440,1009,210,110994700,nan,nan,0.33
8/18/2026 18:49:18,1.17.3,LeftRight,2,3.92,nan,1,Right,Left,440,1010,210,110995527,nan,nan,0.23
8/18/2026 18:49:20,1.17.3,LeftRight,2,3.92,nan,1,Left,Left,441,1010,210,110997808,nan,nan,0.00
8/18/2026 18:49:20,1.17.3,LeftRight,2,3.91,nan,1,Right,Left,441,1011,210,110998451,nan,nan,0.08
8/18/2026 18:49:22,1.17.3,LeftRight,2,3.92,1,1,Pellet,Left,441,1011,211,110998451,0.29,12,nan
8/18/2026 18:49:31,1.17.3,LeftRight,2,3.92,nan,1,Right,Left,441,1012,211,111008600,nan,nan,0.34
8/18/2026 18:49:35,1.17.3,LeftRight,2,3.91,nan,1,Left,Left,442,1012,211,111012682,nan,nan,0.00
8/18/2026 18:49:36,1.17.3,LeftRight,2,3.91,nan,1,Right,Left,442,1013,211,111014211,nan,nan,0.12
8/18/2026 18:49:38,1.17.3,LeftRight,2,3.91,1,1,Pellet,Left,442,1013,212,111014211,0.53,16,nan
8/18/2026 18:49:46,1.17.3,LeftRight,2,3.92,nan,1,Right,Left,442,1014,212,111024197,nan,nan,0.00
8/18/2026 18:49:47,1.17.3,LeftRight,2,3.91,nan,1,Right,Left,442,1015,212,111024694,nan,nan,0.00
8/18/2026 18:49:49,1.17.3,LeftRight,2,3.92,nan,1,Right,Left,442,1016,212,111026963,nan,nan,0.20
8/18/2026 18:49:51,1.17.3,LeftRight,2,3.92,nan,1,Right,Left,442,1017,212,111028544,nan,nan,0.26
8/18/2026 18:49:52,1.17.3,LeftRight,2,3.92,nan,1,Left,Left,443,1017,212,111030416,nan,nan,0.00
8/18/2026 18:49:53,1.17.3,LeftRight,2,3.92,nan,1,Right,Left,443,1018,212,111031063,nan,nan,0.26
8/18/2026 18:49:59,1.17.3,LeftRight,2,3.91,3,1,Pellet,Left,443,1018,213,111031063,0.65,21,nan
8/18/2026 18:54:41,1.17.3,LeftRight,2,3.92,nan,1,Right,Left,443,1019,213,111318896,nan,nan,0.11
8/18/2026 19:11:08,1.17.3,LeftRight,2,3.91,nan,1,Right,Left,443,1020,213,112305680,nan,nan,0.00
8/18/2026 19:13:32,1.17.3,LeftRight,2,3.92,nan,1,Right,Left,443,1021,213,112450184,nan,nan,0.20
8/18/2026 19:14:34,1.17.3,LeftRight,2,3.91,nan,1,Right,Left,443,1022,213,112512131,nan,nan,0.16
8/18/2026 19:14:56,1.17.3,LeftRight,2,3.92,nan,1,Right,Left,443,1023,213,112534355,nan,nan,0.00
8/18/2026 19:14:59,1.17.3,LeftRight,2,3.91,nan,1,Right,Left,443,1024,213,112536771,nan,nan,0.06
8/18/2026 19:15:03,1.17.3,LeftRight,2,3.91,nan,1,Left,Left,444,1024,213,112541022,nan,nan,0.00
8/18/2026 19:15:07,1.17.3,LeftRight,2,3.91,nan,1,Right,Left,444,1025,213,112545210,nan,nan,0.00
8/18/2026 19:15:08,1.17.3,LeftRight,2,3.92,nan,1,RightDuringDispense,Left,444,1026,213,112545210,nan,nan,0.15
8/18/2026 19:15:09,1.17.3,LeftRight,2,3.91,1,1,Pellet,Left,444,1026,214,112545210,0.53,1510,nan
8/18/2026 19:15:19,1.17.3,LeftRight,2,3.91,nan,1,Left,Left,445,1026,214,112557561,nan,nan,0.00
8/18/2026 19:15:21,1.17.3,LeftRight,2,3.92,nan,1,Right,Left,445,1027,214,112559239,nan,nan,0.00
8/18/2026 19:15:29,1.17.3,LeftRight,2,3.91,2,1,Pellet,Left,445,1027,215,112559239,5.45,20,nan
8/18/2026 19:15:43,1.17.3,LeftRight,2,3.91,nan,1,Left,Left,446,1027,215,112580754,nan,nan,0.00
8/18/2026 19:15:48,1.17.3,LeftRight,2,3.91,nan,1,RESET,Left,446,1027,215,112586128,nan,nan,nan
8/18/2026 19:15:54,1.17.3,LeftRight,2,3.91,nan,1,Right,Left,446,1028,215,112592179,nan,nan,0.37
8/18/2026 19:15:55,1.17.3,LeftRight,2,3.92,nan,1,Right,Left,446,1029,215,112593495,nan,nan,0.03
8/18/2026 19:15:59,1.17.3,LeftRight,2,3.92,nan,1,Left,Left,447,1029,215,112596825,nan,nan,0.00
8/18/2026 19:16:00,1.17.3,LeftRight,2,3.91,nan,1,Right,Left,447,1030,215,112597912,nan,nan,0.01
8/18/2026 19:16:01,1.17.3,LeftRight,2,3.91,2,1,Pellet,Left,447,1030,216,112597912,0.06,32,nan
8/18/2026 19:16:08,1.17.3,LeftRight,2,3.92,nan,1,Left,Left,448,1030,216,112606534,nan,nan,0.00
8/18/2026 19:16:10,1.17.3,LeftRight,2,3.91,nan,1,Right,Left,448,1031,216,112607622,nan,nan,0.02
8/18/2026 19:16:11,1.17.3,LeftRight,2,3.91,1,1,Pellet,Left,448,1031,217,112607622,0.29,9,nan
8/18/2026 19:16:20,1.17.3,LeftRight,2,3.91,nan,1,Left,Left,449,1031,217,112618542,nan,nan,0.00
8/18/2026 19:16:21,1.17.3,LeftRight,2,3.92,nan,1,Right,Left,449,1032,217,112619481,nan,nan,0.02
8/18/2026 19:16:27,1.17.3,LeftRight,2,3.91,4,1,Pellet,Left,449,1032,218,112619481,0.17,17,nan
8/18/2026 19:16:35,1.17.3,LeftRight,2,3.91,nan,1,Left,Left,450,1032,218,112633346,nan,nan,0.00
8/18/2026 19:16:37,1.17.3,LeftRight,2,3.92,nan,1,Right,Left,450,1033,218,112634730,nan,nan,0.13
8/18/2026 19:16:38,1.17.3,LeftRight,2,3.91,2,1,Pellet,Left,450,1033,219,112634730,0.41,11,nan
8/18/2026 19:16:47,1.17.3,LeftRight,2,3.91,nan,1,Right,Left,450,1034,219,112644575,nan,nan,0.26
8/18/2026 19:16:49,1.17.3,LeftRight,2,3.91,nan,1,Right,Left,450,1035,219,112646666,nan,nan,0.29
8/18/2026 19:16:50,1.17.3,LeftRight,2,3.91,nan,1,Left,Left,451,1035,219,112648587,nan,nan,0.00
8/18/2026 19:16:53,1.17.3,LeftRight,2,3.91,nan,1,Right,Left,451,1036,219,112651152,nan,nan,0.31
8/18/2026 19:16:55,1.17.3,LeftRight,2,3.91,2,1,Pellet,Left,451,1036,220,112651152,0.47,17,nan
8/18/2026 19:18:47,1.17.3,LeftRight,2,3.91,nan,1,Left,Left,452,1036,220,112765080,nan,nan,0.00
8/18/2026 19:18:53,1.17.3,LeftRight,2,3.92,nan,1,RESET,Left,452,1036,220,112771055,nan,nan,nan
8/18/2026 19:37:35,1.17.3,LeftRight,2,3.91,nan,1,Left,Left,453,1036,220,113893133,nan,nan,0.00
8/18/2026 19:37:37,1.17.3,LeftRight,2,3.91,nan,1,Right,Left,453,1037,220,113894665,nan,nan,0.00
8/18/2026 19:40:01,1.17.3,LeftRight,2,3.91,2,1,Pellet,Left,453,1037,221,113894665,Timed_out,1386,nan
8/18/2026 19:40:08,1.17.3,LeftRight,2,3.92,nan,1,Right,Left,453,1038,221,114046438,nan,nan,0.01
8/18/2026 19:40:17,1.17.3,LeftRight,2,3.91,nan,1,Left,Left,454,1038,221,114054964,nan,nan,0.00
8/18/2026 19:40:18,1.17.3,LeftRight,2,3.91,nan,1,Right,Left,454,1039,221,114056055,nan,nan,0.00
8/18/2026 19:40:26,1.17.3,LeftRight,2,3.91,5,1,Pellet,Left,454,1039,222,114056055,1.01,25,nan
8/18/2026 19:40:38,1.17.3,LeftRight,2,3.91,nan,1,Left,Left,455,1039,222,114075835,nan,nan,0.00
8/18/2026 19:40:41,1.17.3,LeftRight,2,3.91,nan,1,Right,Left,455,1040,222,114079587,nan,nan,0.01
8/18/2026 19:40:42,1.17.3,LeftRight,2,3.91,nan,1,RightDuringDispense,Left,455,1041,222,114079587,nan,nan,0.14
8/18/2026 19:40:45,1.17.3,LeftRight,2,3.92,3,1,Pellet,Left,455,1041,223,114079587,0.41,19,nan
8/18/2026 19:40:55,1.17.3,LeftRight,2,3.91,nan,1,Right,Left,455,1042,223,114093415,nan,nan,0.00
8/18/2026 19:40:57,1.17.3,LeftRight,2,3.91,nan,1,Right,Left,455,1043,223,114094651,nan,nan,0.22
8/18/2026 19:40:58,1.17.3,LeftRight,2,3.91,nan,1,Left,Left,456,1043,223,114096415,nan,nan,0.00
8/18/2026 19:41:01,1.17.3,LeftRight,2,3.91,nan,1,Right,Left,456,1044,223,114098834,nan,nan,0.39
8/18/2026 19:41:02,1.17.3,LeftRight,2,3.91,nan,1,RightDuringDispense,Left,456,1045,223,114098834,nan,nan,0.17
8/18/2026 19:41:03,1.17.3,LeftRight,2,3.91,1,1,Pellet,Left,456,1045,224,114098834,0.47,18,nan
8/18/2026 19:41:15,1.17.3,LeftRight,2,3.92,nan,1,Right,Left,456,1046,224,114112614,nan,nan,0.27
8/18/2026 19:48:20,1.17.3,LeftRight,2,3.91,nan,1,Left,Left,457,1046,224,114537766,nan,nan,0.00
8/18/2026 19:48:25,1.17.3,LeftRight,2,3.91,nan,1,RESET,Left,457,1046,224,114543143,nan,nan,nan
8/18/2026 19:52:50,1.17.3,LeftRight,2,3.91,nan,1,Left,Left,458,1046,224,114807987,nan,nan,0.00
8/18/2026 19:52:55,1.17.3,LeftRight,2,3.91,nan,1,RESET,Left,458,1046,224,114813221,nan,nan,nan
8/18/2026 19:56:31,1.17.3,LeftRight,2,3.91,nan,1,Left,Left,459,1046,224,115029538,nan,nan,0.00
8/18/2026 19:56:35,1.17.3,LeftRight,2,3.91,nan,1,Right,Left,459,1047,224,115032847,nan,nan,0.20
8/18/2026 19:56:35,1.17.3,LeftRight,2,3.91,nan,1,RightDuringDispense,Left,459,1048,224,115032847,nan,nan,0.16
8/18/2026 19:56:40,1.17.3,LeftRight,2,3.91,3,1,Pellet,Left,459,1048,225,115032847,0.29,937,nan
8/18/2026 19:56:51,1.17.3,LeftRight,2,3.91,nan,1,Right,Left,459,1049,225,115049445,nan,nan,0.16
8/18/2026 19:56:53,1.17.3,LeftRight,2,3.91,nan,1,Right,Left,459,1050,225,115050992,nan,nan,0.33
8/18/2026 19:56:55,1.17.3,LeftRight,2,3.91,nan,1,Left,Left,460,1050,225,115053216,nan,nan,0.00
8/18/2026 19:56:57,1.17.3,LeftRight,2,3.92,nan,1,Left,Left,461,1050,225,115055095,nan,nan,0.00
8/18/2026 19:56:58,1.17.3,LeftRight,2,3.91,nan,1,Right,Left,461,1051,225,115055740,nan,nan,0.14
8/18/2026 19:57:08,1.17.3,LeftRight,2,3.91,2,1,Pellet,Left,461,1051,226,115055740,7.79,28,nan
8/18/2026 19:57:25,1.17.3,LeftRight,2,3.91,nan,1,Right,Left,461,1052,226,115082005,nan,nan,1.38
8/18/2026 19:57:28,1.17.3,LeftRight,2,3.91,nan,1,Right,Left,461,1053,226,115085657,nan,nan,0.90
8/18/2026 19:57:30,1.17.3,LeftRight,2,3.91,nan,1,Left,Left,462,1053,226,115088314,nan,nan,0.00
8/18/2026 19:57:32,1.17.3,LeftRight,2,3.91,nan,1,Right,Left,462,1054,226,115089551,nan,nan,0.20
8/18/2026 19:57:33,1.17.3,LeftRight,2,3.91,2,1,Pellet,Left,462,1054,227,115089551,0.06,25,nan
8/18/2026 19:57:40,1.17.3,LeftRight,2,3.91,nan,1,Left,Left,463,1054,227,115098089,nan,nan,0.00
8/18/2026 19:57:43,1.17.3,LeftRight,2,3.91,nan,1,Right,Left,463,1055,227,115101248,nan,nan,0.31
8/18/2026 19:57:48,1.17.3,LeftRight,2,3.91,2,1,Pellet,Left,463,1055,228,115101248,2.21,15,nan
8/18/2026 19:57:57,1.17.3,LeftRight,2,3.91,nan,1,Right,Left,463,1056,228,115114754,nan,nan,0.07
8/18/2026 19:57:57,1.17.3,LeftRight,2,3.91,nan,1,Right,Left,463,1057,228,115115470,nan,nan,0.12
8/18/2026 19:58:02,1.17.3,LeftRight,2,3.91,nan,1,Left,Left,464,1057,228,115120537,nan,nan,0.00
8/18/2026 19:58:03,1.17.3,LeftRight,2,3.91,nan,1,Right,Left,464,1058,228,115121330,nan,nan,0.00
8/18/2026 19:58:09,1.17.3,LeftRight,2,3.91,4,1,Pellet,Left,464,1058,229,115121330,0.47,21,nan
8/18/2026 19:58:15,1.17.3,LeftRight,2,3.91,nan,1,Left,Left,465,1058,229,115133617,nan,nan,0.00
8/18/2026 19:58:16,1.17.3,LeftRight,2,3.91,nan,1,Right,Left,465,1059,229,115134558,nan,nan,0.00
8/18/2026 19:58:18,1.17.3,LeftRight,2,3.91,2,1,Pellet,Left,465,1059,230,115134558,0.71,9,nan
8/18/2026 19:58:28,1.17.3,LeftRight,2,3.91,nan,1,Right,Left,465,1060,230,115146268,nan,nan,0.08
8/18/2026 20:08:15,1.17.3,LeftRight,2,3.91,nan,1,Right,Left,465,1061,230,115733447,nan,nan,0.00
8/18/2026 20:10:42,1.17.3,LeftRight,2,3.91,nan,1,Right,Left,465,1062,230,115880529,nan,nan,0.01
8/18/2026 20:18:11,1.17.3,LeftRight,2,3.91,nan,1,Right,Left,465,1063,230,116329218,nan,nan,0.00
8/18/2026 20:26:42,1.17.3,LeftRight,2,3.91,nan,1,Left,Left,466,1063,230,116840732,nan,nan,0.00
8/18/2026 20:26:48,1.17.3,LeftRight,2,3.91,nan,1,RESET,Left,466,1063,230,116846270,nan,nan,nan
8/18/2026 20:26:55,1.17.3,LeftRight,2,3.91,nan,1,Left,Left,467,1063,230,116852824,nan,nan,0.00
8/18/2026 20:27:00,1.17.3,LeftRight,2,3.91,nan,1,RESET,Left,467,1063,230,116858211,nan,nan,nan
8/18/2026 20:27:55,1.17.3,LeftRight,2,3.91,nan,1,Right,Left,467,1064,230,116912990,nan,nan,0.07
8/18/2026 20:27:58,1.17.3,LeftRight,2,3.91,nan,1,Left,Left,468,1064,230,116916344,nan,nan,0.00
8/18/2026 20:27:59,1.17.3,LeftRight,2,3.91,nan,1,Right,Left,468,1065,230,116916989,nan,nan,0.00
8/18/2026 20:28:58,1.17.3,LeftRight,2,3.91,2,1,Pellet,Left,468,1065,231,116916989,58.26,1840,nan
8/18/2026 20:29:09,1.17.3,LeftRight,2,3.91,nan,1,Left,Left,469,1065,231,116987633,nan,nan,0.00
8/18/2026 20:29:10,1.17.3,LeftRight,2,3.91,nan,1,Right,Left,469,1066,231,116988575,nan,nan,0.00
8/18/2026 20:29:12,1.17.3,LeftRight,2,3.91,2,1,Pellet,Left,469,1066,232,116988575,0.29,13,nan
8/18/2026 20:29:23,1.17.3,LeftRight,2,3.92,nan,1,Right,Left,469,1067,232,117000319,nan,nan,0.48
8/18/2026 20:29:24,1.17.3,LeftRight,2,3.91,nan,1,Right,Left,469,1068,232,117002478,nan,nan,0.12
8/18/2026 20:29:26,1.17.3,LeftRight,2,3.91,nan,1,Left,Left,470,1068,232,117004535,nan,nan,0.00
8/18/2026 20:29:29,1.17.3,LeftRight,2,3.91,nan,1,Right,Left,470,1069,232,117007403,nan,nan,0.16
8/18/2026 20:29:30,1.17.3,LeftRight,2,3.91,1,1,Pellet,Left,470,1069,233,117007403,0.41,19,nan
8/18/2026 20:29:39,1.17.3,LeftRight,2,3.91,nan,1,Right,Left,470,1070,233,117017158,nan,nan,0.02
8/18/2026 20:29:41,1.17.3,LeftRight,2,3.91,nan,1,Right,Left,470,1071,233,117019150,nan,nan,0.49
8/18/2026 20:29:42,1.17.3,LeftRight,2,3.91,nan,1,Right,Left,470,1072,233,117020577,nan,nan,0.17
8/18/2026 20:29:45,1.17.3,LeftRight,2,3.91,nan,1,Left,Left,471,1072,233,117023180,nan,nan,0.00
8/18/2026 20:29:46,1.17.3,LeftRight,2,3.91,nan,1,Right,Left,471,1073,233,117024564,nan,nan,0.09
8/18/2026 20:29:54,1.17.3,LeftRight,2,3.91,4,1,Pellet,Left,471,1073,234,117024564,0.59,24,nan
8/18/2026 20:30:01,1.17.3,LeftRight,2,3.91,nan,1,Right,Left,471,1074,234,117038728,nan,nan,0.18
8/18/2026 20:35:41,1.17.3,LeftRight,2,3.91,nan,1,Left,Left,472,1074,234,117378923,nan,nan,0.00
8/18/2026 20:35:46,1.17.3,LeftRight,2,3.91,nan,1,RESET,Left,472,1074,234,117384307,nan,nan,nan
8/18/2026 20:48:44,1.17.3,LeftRight,2,3.91,nan,1,Left,Left,473,1074,234,118162150,nan,nan,0.00
8/18/2026 20:48:49,1.17.3,LeftRight,2,3.91,nan,1,RESET,Left,473,1074,234,118167232,nan,nan,nan
8/18/2026 20:49:33,1.17.3,LeftRight,2,3.91,nan,1,Right,Left,473,1075,234,118211447,nan,nan,0.04
8/18/2026 20:50:36,1.17.3,LeftRight,2,3.91,nan,1,Right,Left,473,1076,234,118274120,nan,nan,0.00
8/18/2026 20:52:24,1.17.3,LeftRight,2,3.91,nan,1,Right,Left,473,1077,234,118382606,nan,nan,0.20
8/18/2026 20:55:55,1.17.3,LeftRight,2,3.91,nan,1,Left,Left,474,1077,234,118593007,nan,nan,0.00
8/18/2026 20:56:00,1.17.3,LeftRight,2,3.91,nan,1,RESET,Left,474,1077,234,118598235,nan,nan,nan
8/18/2026 21:01:03,1.17.3,LeftRight,2,3.91,nan,1,Left,Left,475,1077,234,118901657,nan,nan,0.00
8/18/2026 21:01:06,1.17.3,LeftRight,2,3.91,nan,1,Left,Left,476,1077,234,118904188,nan,nan,0.00
8/18/2026 21:01:08,1.17.3,LeftRight,2,3.91,nan,1,Right,Left,476,1078,234,118906161,nan,nan,0.55
8/18/2026 21:01:55,1.17.3,LeftRight,2,3.91,1,1,Pellet,Left,476,1078,235,118906161,46.28,1921,nan
8/18/2026 21:03:52,1.17.3,LeftRight,2,3.91,nan,1,Right,Left,476,1079,235,119070660,nan,nan,0.03
8/18/2026 21:03:54,1.17.3,LeftRight,2,3.91,nan,1,Right,Left,476,1080,235,119071782,nan,nan,0.13
8/18/2026 21:03:55,1.17.3,LeftRight,2,3.91,nan,1,Left,Left,477,1080,235,119073350,nan,nan,0.00
8/18/2026 21:03:56,1.17.3,LeftRight,2,3.91,nan,1,Right,Left,477,1081,235,119074734,nan,nan,0.00
8/18/2026 21:03:57,1.17.3,LeftRight,2,3.91,nan,1,RightDuringDispense,Left,477,1082,235,119074734,nan,nan,0.10
8/18/2026 21:03:58,1.17.3,LeftRight,2,3.91,2,1,Pellet,Left,477,1082,236,119074734,0.06,123,nan
8/18/2026 21:04:12,1.17.3,LeftRight,2,3.91,nan,1,Right,Left,477,1083,236,119089908,nan,nan,0.17
8/18/2026 21:04:15,1.17.3,LeftRight,2,3.91,nan,1,Right,Left,477,1084,236,119092355,nan,nan,0.56
8/18/2026 21:04:17,1.17.3,LeftRight,2,3.91,nan,1,Left,Left,478,1084,236,119095224,nan,nan,0.00
8/18/2026 21:04:18,1.17.3,LeftRight,2,3.91,nan,1,Right,Left,478,1085,236,119095869,nan,nan,0.28
8/18/2026 21:04:19,1.17.3,LeftRight,2,3.91,1,1,Pellet,Left,478,1085,237,119095869,0.41,21,nan
8/18/2026 21:04:31,1.17.3,LeftRight,2,3.91,nan,1,Right,Left,478,1086,237,119108438,nan,nan,0.44
8/18/2026 21:04:32,1.17.3,LeftRight,2,3.91,nan,1,Left,Left,479,1086,237,119110456,nan,nan,0.00
8/18/2026 21:04:33,1.17.3,LeftRight,2,3.91,nan,1,Right,Left,479,1087,237,119111544,nan,nan,0.05
8/18/2026 21:04:41,1.17.3,LeftRight,2,3.91,5,1,Pellet,Left,479,1087,238,119111544,0.71,22,nan
8/18/2026 21:04:50,1.17.3,LeftRight,2,3.91,nan,1,Right,Left,479,1088,238,119128014,nan,nan,0.16
8/18/2026 21:10:45,1.17.3,LeftRight,2,3.91,nan,1,Right,Left,479,1089,238,119483183,nan,nan,0.13
8/18/2026 21:12:01,1.17.3,LeftRight,2,3.91,nan,1,Left,Left,480,1089,238,119559064,nan,nan,0.00
8/18/2026 21:12:05,1.17.3,LeftRight,2,3.91,nan,1,RESET,Left,480,1089,238,119563262,nan,nan,nan
8/18/2026 21:12:53,1.17.3,LeftRight,2,3.91,nan,1,Left,Left,481,1089,238,119611821,nan,nan,0.00
8/18/2026 21:12:59,1.17.3,LeftRight,2,3.91,nan,1,RESET,Left,481,1089,238,119617347,nan,nan,nan
8/18/2026 21:23:11,1.17.3,LeftRight,2,3.91,nan,1,Left,Left,482,1089,238,120229054,nan,nan,0.00
8/18/2026 21:23:12,1.17.3,LeftRight,2,3.91,nan,1,Right,Left,482,1090,238,120229850,nan,nan,0.12
8/18/2026 21:23:13,1.17.3,LeftRight,2,3.91,2,1,Pellet,Left,482,1090,239,120229850,0.23,1112,nan
8/18/2026 21:23:22,1.17.3,LeftRight,2,3.91,nan,1,Left,Left,483,1090,239,120240757,nan,nan,0.00
8/18/2026 21:23:23,1.17.3,LeftRight,2,3.91,nan,1,Right,Left,483,1091,239,120241698,nan,nan,0.18
8/18/2026 21:23:32,1.17.3,LeftRight,2,3.91,3,1,Pellet,Left,483,1091,240,120241698,3.59,19,nan
8/18/2026 21:23:46,1.17.3,LeftRight,2,3.91,nan,1,Right,Left,483,1092,240,120264535,nan,nan,0.07
8/18/2026 21:23:51,1.17.3,LeftRight,2,3.90,nan,1,Right,Left,483,1093,240,120268806,nan,nan,0.49
8/18/2026 21:23:53,1.17.3,LeftRight,2,3.91,nan,1,Left,Left,484,1093,240,120271216,nan,nan,0.00
8/18/2026 21:23:54,1.17.3,LeftRight,2,3.91,nan,1,Right,Left,484,1094,240,120272008,nan,nan,0.10
8/18/2026 21:23:55,1.17.3,LeftRight,2,3.91,2,1,Pellet,Left,484,1094,241,120272008,0.06,23,nan
8/18/2026 21:24:04,1.17.3,LeftRight,2,3.91,nan,1,Left,Left,485,1094,241,120282591,nan,nan,0.00
8/18/2026 21:24:07,1.17.3,LeftRight,2,3.91,nan,1,Right,Left,485,1095,241,120284716,nan,nan,0.28
8/18/2026 21:24:07,1.17.3,LeftRight,2,3.91,nan,1,RightDuringDispense,Left,485,1096,241,120284716,nan,nan,0.02
8/18/2026 21:24:10,1.17.3,LeftRight,2,3.91,2,1,Pellet,Left,485,1096,242,120284716,0.41,15,nan
8/18/2026 21:24:19,1.17.3,LeftRight,2,3.91,nan,1,Left,Left,486,1096,242,120297077,nan,nan,0.00
8/18/2026 21:24:20,1.17.3,LeftRight,2,3.91,nan,1,Right,Left,486,1097,242,120298166,nan,nan,0.01
8/18/2026 21:24:21,1.17.3,LeftRight,2,3.91,2,1,Pellet,Left,486,1097,243,120298166,0.06,11,nan
8/18/2026 21:24:30,1.17.3,LeftRight,2,3.91,nan,1,Right,Left,486,1098,243,120308449,nan,nan,0.08
8/18/2026 21:24:34,1.17.3,LeftRight,2,3.91,nan,1,Left,Left,487,1098,243,120312310,nan,nan,0.00
8/18/2026 21:24:35,1.17.3,LeftRight,2,3.91,nan,1,Right,Left,487,1099,243,120313251,nan,nan,0.00
8/18/2026 21:24:35,1.17.3,LeftRight,2,3.84,nan,1,RightDuringDispense,Left,487,1100,243,120313251,nan,nan,0.10
8/18/2026 21:24:36,1.17.3,LeftRight,2,3.91,1,1,Pellet,Left,487,1100,244,120313251,0.29,15,nan
8/18/2026 21:24:43,1.17.3,LeftRight,2,3.91,nan,1,Left,Left,488,1100,244,120321127,nan,nan,0.00
8/18/2026 21:24:44,1.17.3,LeftRight,2,3.91,nan,1,Right,Left,488,1101,244,120321919,nan,nan,0.17
8/18/2026 21:24:45,1.17.3,LeftRight,2,3.91,1,1,Pellet,Left,488,1101,245,120321919,0.35,9,nan
8/18/2026 21:24:56,1.17.3,LeftRight,2,3.91,nan,1,Right,Left,488,1102,245,120333981,nan,nan,0.18
8/18/2026 21:25:00,1.17.3,LeftRight,2,3.91,nan,1,Left,Left,489,1102,245,120338443,nan,nan,0.00
8/18/2026 21:25:01,1.17.3,LeftRight,2,3.91,nan,1,Right,Left,489,1103,245,120339238,nan,nan,0.41
8/18/2026 21:25:06,1.17.3,LeftRight,2,3.91,3,1,Pellet,Left,489,1103,246,120339238,0.06,21,nan
8/18/2026 21:32:56,1.17.3,LeftRight,2,3.91,nan,1,Right,Left,489,1104,246,120814386,nan,nan,0.37
8/18/2026 21:32:59,1.17.3,LeftRight,2,3.91,nan,1,Right,Left,489,1105,246,120817773,nan,nan,0.09
8/18/2026 21:39:17,1.17.3,LeftRight,2,3.91,nan,1,Right,Left,489,1106,246,121195747,nan,nan,0.00
8/18/2026 21:44:31,1.17.3,LeftRight,2,3.91,nan,1,Left,Left,490,1106,246,121509700,nan,nan,0.00
8/18/2026 21:44:35,1.17.3,LeftRight,2,3.91,nan,1,RESET,Left,490,1106,246,121513449,nan,nan,nan
8/18/2026 21:47:11,1.17.3,LeftRight,2,3.91,nan,1,Left,Left,491,1106,246,121669780,nan,nan,0.00
8/18/2026 21:47:12,1.17.3,LeftRight,2,3.91,nan,1,Right,Left,491,1107,246,121670719,nan,nan,0.08
8/18/2026 21:47:13,1.17.3,LeftRight,2,3.91,1,1,Pellet,Left,491,1107,247,121670719,0.35,1327,nan
8/18/2026 21:47:25,1.17.3,LeftRight,2,3.91,nan,1,Right,Left,491,1108,247,121683398,nan,nan,0.18
8/18/2026 21:47:33,1.17.3,LeftRight,2,3.91,nan,1,Right,Left,491,1109,247,121691012,nan,nan,0.19
8/18/2026 21:47:35,1.17.3,LeftRight,2,3.91,nan,1,Left,Left,492,1109,247,121693474,nan,nan,0.00
8/18/2026 21:47:40,1.17.3,LeftRight,2,3.91,nan,1,RESET,Left,492,1109,247,121698401,nan,nan,nan
8/18/2026 21:47:44,1.17.3,LeftRight,2,3.91,nan,1,Right,Left,492,1110,247,121702384,nan,nan,0.41
8/18/2026 21:47:47,1.17.3,LeftRight,2,3.91,nan,1,Left,Left,493,1110,247,121705739,nan,nan,0.00
8/18/2026 21:47:48,1.17.3,LeftRight,2,3.91,nan,1,Left,Left,494,1110,247,121706381,nan,nan,0.00
8/18/2026 21:47:49,1.17.3,LeftRight,2,3.91,nan,1,Right,Left,494,1111,247,121707320,nan,nan,0.00
8/18/2026 21:47:54,1.17.3,LeftRight,2,3.91,3,1,Pellet,Left,494,1111,248,121707320,0.35,41,nan
8/18/2026 21:48:04,1.17.3,LeftRight,2,3.91,nan,1,Right,Left,494,1112,248,121722841,nan,nan,0.00
8/18/2026 21:48:09,1.17.3,LeftRight,2,3.91,nan,1,Right,Left,494,1113,248,121726884,nan,nan,0.49
8/18/2026 21:48:12,1.17.3,LeftRight,2,3.91,nan,1,Left,Left,495,1113,248,121730038,nan,nan,0.00
8/18/2026 21:48:13,1.17.3,LeftRight,2,3.91,nan,1,Right,Left,495,1114,248,121731421,nan,nan,0.01
8/18/2026 21:48:14,1.17.3,LeftRight,2,3.91,2,1,Pellet,Left,495,1114,249,121731421,0.29,20,nan
8/18/2026 21:48:21,1.17.3,LeftRight,2,3.91,nan,1,Left,Left,496,1114,249,121739574,nan,nan,0.00
8/18/2026 21:48:22,1.17.3,LeftRight,2,3.91,nan,1,Left,Left,497,1114,249,121740149,nan,nan,0.00
8/18/2026 21:48:23,1.17.3,LeftRight,2,3.91,nan,1,Right,Left,497,1115,249,121741386,nan,nan,0.00
8/18/2026 21:48:24,1.17.3,LeftRight,2,3.91,1,1,Pellet,Left,497,1115,250,121741386,0.35,10,nan
8/18/2026 21:48:32,1.17.3,LeftRight,2,3.91,nan,1,Right,Left,497,1116,250,121750234,nan,nan,0.36
8/18/2026 21:48:34,1.17.3,LeftRight,2,3.91,nan,1,Left,Left,498,1116,250,121752552,nan,nan,0.00
8/18/2026 21:48:37,1.17.3,LeftRight,2,3.91,nan,1,Right,Left,498,1117,250,121755562,nan,nan,0.05
8/18/2026 21:48:46,1.17.3,LeftRight,2,3.91,4,1,Pellet,Left,498,1117,251,121755562,3.47,22,nan
8/18/2026 21:48:58,1.17.3,LeftRight,2,3.91,nan,1,Left,Left,499,1117,251,121776892,nan,nan,0.00
8/18/2026 21:49:00,1.17.3,LeftRight,2,3.90,nan,1,Right,Left,499,1118,251,121777831,nan,nan,0.18
8/18/2026 21:49:03,1.17.3,LeftRight,2,3.91,3,1,Pellet,Left,499,1118,252,121777831,0.06,17,nan
8/18/2026 21:49:20,1.17.3,LeftRight,2,3.91,nan,1,Right,Left,499,1119,252,121798485,nan,nan,0.15
8/18/2026 21:51:25,1.17.3,LeftRight,2,3.91,nan,1,Left,Left,500,1119,252,121923277,nan,nan,0.00
8/18/2026 21:51:29,1.17.3,LeftRight,2,3.91,nan,1,RESET,Left,500,1119,252,121927469,nan,nan,nan
8/18/2026 21:54:22,1.17.3,LeftRight,2,3.91,nan,1,Left,Left,501,1119,252,122100119,nan,nan,0.00
8/18/2026 21:54:23,1.17.3,LeftRight,2,3.91,nan,1,Right,Left,501,1120,252,122101354,nan,nan,0.00
8/18/2026 21:55:13,1.17.3,LeftRight,2,3.91,1,1,Pellet,Left,501,1120,253,122101354,49.49,370,nan
8/18/2026 22:08:06,1.17.3,LeftRight,2,3.91,nan,1,Left,Left,502,1120,253,122924096,nan,nan,0.00
8/18/2026 22:08:10,1.17.3,LeftRight,2,3.91,nan,1,RESET,Left,502,1120,253,122928447,nan,nan,nan
8/18/2026 22:13:33,1.17.3,LeftRight,2,3.91,nan,1,Right,Left,502,1121,253,123250905,nan,nan,0.22
8/18/2026 22:19:23,1.17.3,LeftRight,2,3.90,nan,1,Left,Left,503,1121,253,123601208,nan,nan,0.00
8/18/2026 22:19:24,1.17.3,LeftRight,2,3.91,nan,1,Right,Left,503,1122,253,123602591,nan,nan,0.09
8/18/2026 22:19:27,1.17.3,LeftRight,2,3.91,2,1,Pellet,Left,503,1122,254,123602591,0.35,1454,nan
8/18/2026 22:19:46,1.17.3,LeftRight,2,3.90,nan,1,Right,Left,503,1123,254,123624688,nan,nan,0.15
8/18/2026 22:19:56,1.17.3,LeftRight,2,3.91,nan,1,Right,Left,503,1124,254,123634057,nan,nan,0.05
8/18/2026 22:19:57,1.17.3,LeftRight,2,3.90,nan,1,Right,Left,503,1125,254,123634753,nan,nan,0.60
8/18/2026 22:19:59,1.17.3,LeftRight,2,3.91,nan,1,Left,Left,504,1125,254,123637391,nan,nan,0.00
8/18/2026 22:20:00,1.17.3,LeftRight,2,3.90,nan,1,Right,Left,504,1126,254,123638036,nan,nan,0.26
8/18/2026 22:20:06,1.17.3,LeftRight,2,3.91,4,1,Pellet,Left,504,1126,255,123638036,0.47,39,nan
8/18/2026 22:20:15,1.17.3,LeftRight,2,3.91,nan,1,Right,Left,504,1127,255,123653044,nan,nan,0.19
8/18/2026 22:20:16,1.17.3,LeftRight,2,3.91,nan,1,Right,Left,504,1128,255,123654179,nan,nan,0.27
8/18/2026 22:20:17,1.17.3,LeftRight,2,3.91,nan,1,Left,Left,505,1128,255,123655956,nan,nan,0.00
8/18/2026 22:20:18,1.17.3,LeftRight,2,3.91,nan,1,Right,Left,505,1129,255,123656897,nan,nan,0.12
8/18/2026 22:20:20,1.17.3,LeftRight,2,3.91,2,1,Pellet,Left,505,1129,256,123656897,0.29,14,nan
8/18/2026 22:20:30,1.17.3,LeftRight,2,3.91,nan,1,Left,Left,506,1129,256,123668576,nan,nan,0.00
8/18/2026 22:20:31,1.17.3,LeftRight,2,3.91,nan,1,Right,Left,506,1130,256,123669369,nan,nan,0.09
8/18/2026 22:20:40,1.17.3,LeftRight,2,3.91,2,1,Pellet,Left,506,1130,257,123669369,6.17,20,nan
8/18/2026 22:20:55,1.17.3,LeftRight,2,3.91,nan,1,Right,Left,506,1131,257,123692828,nan,nan,0.26
8/18/2026 22:20:59,1.17.3,LeftRight,2,3.91,nan,1,Right,Left,506,1132,257,123696990,nan,nan,0.11
8/18/2026 22:21:01,1.17.3,LeftRight,2,3.91,nan,1,Left,Left,507,1132,257,123699359,nan,nan,0.00
8/18/2026 22:21:02,1.17.3,LeftRight,2,3.91,nan,1,Right,Left,507,1133,257,123700299,nan,nan,0.59
8/18/2026 22:21:08,1.17.3,LeftRight,2,3.91,4,1,Pellet,Left,507,1133,258,123700299,0.06,28,nan
8/18/2026 22:21:27,1.17.3,LeftRight,2,3.91,nan,1,Left,Left,508,1133,258,123725193,nan,nan,0.00
8/18/2026 22:21:28,1.17.3,LeftRight,2,3.91,nan,1,Right,Left,508,1134,258,123725986,nan,nan,0.07
8/18/2026 22:21:29,1.17.3,LeftRight,2,3.91,2,1,Pellet,Left,508,1134,259,123725986,0.35,21,nan
8/18/2026 22:21:39,1.17.3,LeftRight,2,3.91,nan,1,Right,Left,508,1135,259,123737123,nan,nan,0.25
8/18/2026 22:21:41,1.17.3,LeftRight,2,3.91,nan,1,Left,Left,509,1135,259,123739619,nan,nan,0.00
8/18/2026 22:21:43,1.17.3,LeftRight,2,3.91,nan,1,Right,Left,509,1136,259,123740855,nan,nan,0.23
8/18/2026 22:21:51,1.17.3,LeftRight,2,3.91,3,1,Pellet,Left,509,1136,260,123740855,5.09,22,nan
8/18/2026 22:22:45,1.17.3,LeftRight,2,3.91,nan,1,Right,Left,509,1137,260,123803403,nan,nan,0.00
8/18/2026 22:22:48,1.17.3,LeftRight,2,3.91,nan,1,Right,Left,509,1138,260,123805976,nan,nan,0.13
8/18/2026 22:22:55,1.17.3,LeftRight,2,3.91,nan,1,Left,Left,510,1138,260,123813702,nan,nan,0.00
8/18/2026 22:22:56,1.17.3,LeftRight,2,3.91,nan,1,Right,Left,510,1139,260,123814347,nan,nan,0.00
8/18/2026 22:22:57,1.17.3,LeftRight,2,3.91,1,1,Pellet,Left,510,1139,261,123814347,0.41,66,nan
8/18/2026 22:23:12,1.17.3,LeftRight,2,3.91,nan,1,Left,Left,511,1139,261,123830670,nan,nan,0.00
8/18/2026 22:23:17,1.17.3,LeftRight,2,3.91,nan,1,RESET,Left,511,1139,261,123835454,nan,nan,nan
8/18/2026 22:26:46,1.17.3,LeftRight,2,3.91,nan,1,Left,Left,512,1139,261,124044769,nan,nan,0.00
8/18/2026 22:26:50,1.17.3,LeftRight,2,3.91,nan,1,RESET,Left,512,1139,261,124048519,nan,nan,nan
8/18/2026 22:28:29,1.17.3,LeftRight,2,3.91,nan,1,Right,Left,512,1140,261,124147724,nan,nan,0.05
8/18/2026 22:42:52,1.17.3,LeftRight,2,3.90,nan,1,Right,Left,512,1141,261,125010537,nan,nan,0.27
8/18/2026 22:43:02,1.17.3,LeftRight,2,3.90,nan,1,Right,Left,512,1142,261,125020899,nan,nan,0.12
8/18/2026 22:43:05,1.17.3,LeftRight,2,3.91,nan,1,Left,Left,513,1142,261,125023303,nan,nan,0.00
8/18/2026 22:43:06,1.17.3,LeftRight,2,3.90,nan,1,Left,Left,514,1142,261,125024828,nan,nan,0.00
8/18/2026 22:43:08,1.17.3,LeftRight,2,3.91,nan,1,Right,Left,514,1143,261,125025915,nan,nan,0.17
8/18/2026 22:43:20,1.17.3,LeftRight,2,3.91,5,1,Pellet,Left,514,1143,262,125025915,4.73,1223,nan
8/18/2026 22:43:33,1.17.3,LeftRight,2,3.91,nan,1,Left,Left,515,1143,262,125051090,nan,nan,0.00
8/18/2026 22:43:37,1.17.3,LeftRight,2,3.91,nan,1,RESET,Left,515,1143,262,125055582,nan,nan,nan
8/18/2026 22:43:37,1.17.3,LeftRight,2,3.90,nan,1,Left,Left,516,1143,262,125055916,nan,nan,0.00
8/18/2026 22:43:39,1.17.3,LeftRight,2,3.91,nan,1,Right,Left,516,1144,262,125057300,nan,nan,0.00
8/18/2026 22:43:42,1.17.3,LeftRight,2,3.91,2,1,Pellet,Left,516,1144,263,125057300,0.41,22,nan
8/18/2026 22:43:53,1.17.3,LeftRight,2,3.91,nan,1,Left,Left,517,1144,263,125071736,nan,nan,0.00
8/18/2026 22:43:55,1.17.3,LeftRight,2,3.91,nan,1,Right,Left,517,1145,263,125073270,nan,nan,0.04
8/18/2026 22:44:02,1.17.3,LeftRight,2,3.90,3,1,Pellet,Left,517,1145,264,125073270,2.21,20,nan
8/18/2026 22:44:27,1.17.3,LeftRight,2,3.91,nan,1,Right,Left,517,1146,264,125105128,nan,nan,0.30
8/18/2026 22:44:46,1.17.3,LeftRight,2,3.90,nan,1,Left,Left,518,1146,264,125124931,nan,nan,0.00
8/18/2026 22:44:51,1.17.3,LeftRight,2,3.91,nan,1,RESET,Left,518,1146,264,125129568,nan,nan,nan
8/18/2026 22:44:51,1.17.3,LeftRight,2,3.90,nan,1,Right,Left,518,1147,264,125129710,nan,nan,0.00
8/18/2026 22:56:40,1.17.3,LeftRight,2,3.90,nan,1,Right,Left,518,1148,264,125838407,nan,nan,0.31
8/18/2026 23:05:29,1.17.3,LeftRight,2,3.91,nan,1,Left,Left,519,1148,264,126367423,nan,nan,0.00
8/18/2026 23:05:33,1.17.3,LeftRight,2,3.91,nan,1,RESET,Left,519,1148,264,126371618,nan,nan,nan
8/18/2026 23:13:18,1.17.3,LeftRight,2,3.91,nan,1,Left,Left,520,1148,264,126837061,nan,nan,0.00
8/18/2026 23:13:23,1.17.3,LeftRight,2,3.90,nan,1,RESET,Left,520,1148,264,126841551,nan,nan,nan
8/18/2026 23:30:25,1.17.3,LeftRight,2,3.90,nan,1,Left,Left,521,1148,264,127863998,nan,nan,0.00
8/18/2026 23:30:30,1.17.3,LeftRight,2,3.90,nan,1,RESET,Left,521,1148,264,127868637,nan,nan,nan
8/18/2026 23:33:14,1.17.3,LeftRight,2,3.90,nan,1,Right,Left,521,1149,264,128032344,nan,nan,0.45
8/18/2026 23:33:28,1.17.3,LeftRight,2,3.90,nan,1,Left,Left,522,1149,264,128046869,nan,nan,0.00
8/18/2026 23:33:29,1.17.3,LeftRight,2,3.90,nan,1,Right,Left,522,1150,264,128047958,nan,nan,0.16
8/18/2026 23:33:33,1.17.3,LeftRight,2,3.90,2,1,Pellet,Left,522,1150,265,128047958,0.29,2971,nan
8/18/2026 23:33:57,1.17.3,LeftRight,2,3.90,nan,1,Right,Left,522,1151,265,128075602,nan,nan,0.31
8/18/2026 23:34:01,1.17.3,LeftRight,2,3.90,nan,1,Right,Left,522,1152,265,128079220,nan,nan,0.14
8/18/2026 23:34:16,1.17.3,LeftRight,2,3.91,nan,1,Right,Left,522,1153,265,128093177,nan,nan,1.22
8/18/2026 23:34:20,1.17.3,LeftRight,2,3.90,nan,1,Right,Left,522,1154,265,128098597,nan,nan,0.40
8/18/2026 23:34:22,1.17.3,LeftRight,2,3.90,nan,1,Left,Left,523,1154,265,128100975,nan,nan,0.00
8/18/2026 23:34:24,1.17.3,LeftRight,2,3.90,nan,1,Right,Left,523,1155,265,128102950,nan,nan,0.00
8/18/2026 23:34:25,1.17.3,LeftRight,2,3.90,1,1,Pellet,Left,523,1155,266,128102950,0.53,52,nan
8/18/2026 23:34:35,1.17.3,LeftRight,2,3.90,nan,1,Left,Left,524,1155,266,128113423,nan,nan,0.00
8/18/2026 23:34:36,1.17.3,LeftRight,2,3.91,nan,1,Right,Left,524,1156,266,128114216,nan,nan,0.14
8/18/2026 23:34:37,1.17.3,LeftRight,2,3.90,1,1,Pellet,Left,524,1156,267,128114216,0.41,12,nan
8/18/2026 23:34:47,1.17.3,LeftRight,2,3.90,nan,1,Left,Left,525,1156,267,128125959,nan,nan,0.00
8/18/2026 23:34:49,1.17.3,LeftRight,2,3.90,nan,1,Right,Left,525,1157,267,128127640,nan,nan,0.04
8/18/2026 23:34:50,1.17.3,LeftRight,2,3.90,2,1,Pellet,Left,525,1157,268,128127640,0.06,13,nan
8/18/2026 23:34:59,1.17.3,LeftRight,2,3.90,nan,1,Left,Left,526,1157,268,128137275,nan,nan,0.00
8/18/2026 23:35:00,1.17.3,LeftRight,2,3.90,nan,1,Right,Left,526,1158,268,128138216,nan,nan,0.08
8/18/2026 23:35:03,1.17.3,LeftRight,2,3.89,2,1,Pellet,Left,526,1158,269,128138216,1.01,13,nan
8/18/2026 23:35:14,1.17.3,LeftRight,2,3.90,nan,1,Right,Left,526,1159,269,128152248,nan,nan,0.11
8/18/2026 23:35:16,1.17.3,LeftRight,2,3.90,nan,1,Left,Left,527,1159,269,128154217,nan,nan,0.00
8/18/2026 23:35:20,1.17.3,LeftRight,2,3.90,nan,1,RESET,Left,527,1159,269,128158711,nan,nan,nan
8/18/2026 23:35:22,1.17.3,LeftRight,2,3.90,nan,1,Right,Left,527,1160,269,128160186,nan,nan,0.19
8/18/2026 23:35:23,1.17.3,LeftRight,2,3.90,nan,1,Left,Left,528,1160,269,128162079,nan,nan,0.00
8/18/2026 23:35:25,1.17.3,LeftRight,2,3.90,nan,1,Right,Left,528,1161,269,128163613,nan,nan,0.19
8/18/2026 23:35:26,1.17.3,LeftRight,2,3.90,2,1,Pellet,Left,528,1161,270,128163613,0.06,23,nan
8/18/2026 23:35:33,1.17.3,LeftRight,2,3.91,nan,1,Left,Left,529,1161,270,128172022,nan,nan,0.00
8/18/2026 23:35:35,1.17.3,LeftRight,2,3.90,nan,1,Right,Left,529,1162,270,128173258,nan,nan,0.10
8/18/2026 23:35:38,1.17.3,LeftRight,2,3.90,3,1,Pellet,Left,529,1162,271,128173258,0.06,12,nan
8/18/2026 23:35:48,1.17.3,LeftRight,2,3.90,nan,1,Right,Left,529,1163,271,128186825,nan,nan,0.11
8/18/2026 23:35:50,1.17.3,LeftRight,2,3.90,nan,1,Right,Left,529,1164,271,128188174,nan,nan,0.22
8/18/2026 23:35:52,1.17.3,LeftRight,2,3.90,nan,1,Left,Left,530,1164,271,128190855,nan,nan,0.00
8/18/2026 23:35:57,1.17.3,LeftRight,2,3.90,nan,1,Right,Left,530,1165,271,128195049,nan,nan,0.51
8/18/2026 23:36:00,1.17.3,LeftRight,2,3.83,nan,1,LeftDuringDispense,Left,531,1165,271,128195049,nan,nan,0.19
8/18/2026 23:36:03,1.17.3,LeftRight,2,3.90,4,1,Pellet,Left,531,1165,272,128195049,0.23,25,nan
8/18/2026 23:36:10,1.17.3,LeftRight,2,3.91,nan,1,Left,Left,532,1165,272,128209069,nan,nan,0.00
8/18/2026 23:36:11,1.17.3,LeftRight,2,3.90,nan,1,Right,Left,532,1166,272,128209862,nan,nan,0.14
8/18/2026 23:36:21,1.17.3,LeftRight,2,3.90,6,1,Pellet,Left,532,1166,273,128209862,0.53,18,nan
8/18/2026 23:36:30,1.17.3,LeftRight,2,3.90,nan,1,Right,Left,532,1167,273,128228240,nan,nan,0.07
8/18/2026 23:36:32,1.17.3,LeftRight,2,3.89,nan,1,Left,Left,533,1167,273,128230595,nan,nan,0.00
8/18/2026 23:36:33,1.17.3,LeftRight,2,3.90,nan,1,Right,Left,533,1168,273,128231684,nan,nan,0.16
8/18/2026 23:36:37,1.17.3,LeftRight,2,3.90,2,1,Pellet,Left,533,1168,274,128231684,0.47,15,nan
8/18/2026 23:48:39,1.17.3,LeftRight,2,3.90,nan,1,Left,Left,534,1168,274,128957517,nan,nan,0.00
8/18/2026 23:48:43,1.17.3,LeftRight,2,3.90,nan,1,RESET,Left,534,1168,274,128961714,nan,nan,nan
8/18/2026 23:57:49,1.17.3,LeftRight,2,3.90,nan,1,Left,Left,535,1168,274,129507278,nan,nan,0.00
8/18/2026 23:57:53,1.17.3,LeftRight,2,3.90,nan,1,RESET,Left,535,1168,274,129511624,nan,nan,nan
8/19/2026 0:00:26,1.17.3,LeftRight,2,3.90,nan,1,Left,Left,536,1168,274,129665104,nan,nan,0.00
8/19/2026 0:00:27,1.17.3,LeftRight,2,3.90,nan,1,Right,Left,536,1169,274,129665749,nan,nan,0.06
8/19/2026 0:00:30,1.17.3,LeftRight,2,3.90,2,1,Pellet,Left,536,1169,275,129665749,0.59,1434,nan
8/19/2026 0:00:46,1.17.3,LeftRight,2,3.90,nan,1,Left,Left,537,1169,275,129684799,nan,nan,0.00
8/19/2026 0:00:51,1.17.3,LeftRight,2,3.89,nan,1,Left,Left,538,1169,275,129689410,nan,nan,0.00
8/19/2026 0:00:52,1.17.3,LeftRight,2,3.89,nan,1,Right,Left,538,1170,275,129690351,nan,nan,0.06
8/19/2026 0:00:57,1.17.3,LeftRight,2,3.90,4,1,Pellet,Left,538,1170,276,129690351,0.29,27,nan
8/19/2026 0:01:10,1.17.3,LeftRight,2,3.90,nan,1,Left,Left,539,1170,276,129708294,nan,nan,0.00
8/19/2026 0:01:11,1.17.3,LeftRight,2,3.90,nan,1,Right,Left,539,1171,276,129709381,nan,nan,0.00
8/19/2026 0:01:14,1.17.3,LeftRight,2,3.90,3,1,Pellet,Left,539,1171,277,129709381,0.23,17,nan
8/19/2026 0:01:21,1.17.3,LeftRight,2,3.90,nan,1,Left,Left,540,1171,277,129719637,nan,nan,0.00
8/19/2026 0:01:22,1.17.3,LeftRight,2,3.90,nan,1,Right,Left,540,1172,277,129720723,nan,nan,0.01
8/19/2026 0:01:23,1.17.3,LeftRight,2,3.90,2,1,Pellet,Left,540,1172,278,129720723,0.17,9,nan
8/19/2026 0:01:35,1.17.3,LeftRight,2,3.90,nan,1,Left,Left,541,1172,278,129733286,nan,nan,0.00
8/19/2026 0:01:39,1.17.3,LeftRight,2,3.89,nan,1,RESET,Left,541,1172,278,129737769,nan,nan,nan
8/19/2026 0:01:43,1.17.3,LeftRight,2,3.90,nan,1,Right,Left,541,1173,278,129740425,nan,nan,1.03
8/19/2026 0:01:45,1.17.3,LeftRight,2,3.90,nan,1,Right,Left,541,1174,278,129743429,nan,nan,0.19
8/19/2026 0:01:47,1.17.3,LeftRight,2,3.90,nan,1,Left,Left,542,1174,278,129745743,nan,nan,0.00
8/19/2026 0:01:48,1.17.3,LeftRight,2,3.90,nan,1,Right,Left,542,1175,278,129746387,nan,nan,0.03
8/19/2026 0:01:59,1.17.3,LeftRight,2,3.90,4,1,Pellet,Left,542,1175,279,129746387,6.11,36,nan
8/19/2026 0:02:17,1.17.3,LeftRight,2,3.90,nan,1,Left,Left,543,1175,279,129775695,nan,nan,0.00
8/19/2026 0:02:18,1.17.3,LeftRight,2,3.90,nan,1,Right,Left,543,1176,279,129776488,nan,nan,0.07
8/19/2026 0:02:19,1.17.3,LeftRight,2,3.90,2,1,Pellet,Left,543,1176,280,129776488,0.23,20,nan
8/19/2026 0:02:30,1.17.3,LeftRight,2,3.90,nan,1,Right,Left,543,1177,280,129788174,nan,nan,0.13
8/19/2026 0:02:33,1.17.3,LeftRight,2,3.90,nan,1,Left,Left,544,1177,280,129791272,nan,nan,0.00
8/19/2026 0:02:34,1.17.3,LeftRight,2,3.90,nan,1,Right,Left,544,1178,280,129792064,nan,nan,0.44
8/19/2026 0:02:35,1.17.3,LeftRight,2,3.90,2,1,Pellet,Left,544,1178,281,129792064,0.12,16,nan
8/19/2026 0:21:01,1.17.3,LeftRight,2,3.89,nan,1,Left,Left,545,1178,281,130899441,nan,nan,0.00
8/19/2026 0:21:02,1.17.3,LeftRight,2,3.90,nan,1,Left,Left,546,1178,281,130901130,nan,nan,0.00
8/19/2026 0:21:04,1.17.3,LeftRight,2,3.89,nan,1,Right,Left,546,1179,281,130903253,nan,nan,0.00
8/19/2026 0:21:14,1.17.3,LeftRight,2,3.90,6,1,Pellet,Left,546,1179,282,130903253,0.35,1119,nan
8/19/2026 0:21:30,1.17.3,LeftRight,2,3.90,nan,1,Left,Left,547,1179,282,130928693,nan,nan,0.00
8/19/2026 0:21:33,1.17.3,LeftRight,2,3.89,nan,1,RESET,Left,547,1179,282,130931702,nan,nan,nan
8/19/2026 0:34:54,1.17.3,LeftRight,2,3.89,nan,1,Right,Left,547,1180,282,131732407,nan,nan,0.56
8/19/2026 0:34:57,1.17.3,LeftRight,2,3.90,nan,1,Right,Left,547,1181,282,131735534,nan,nan,0.28
8/19/2026 0:35:00,1.17.3,LeftRight,2,3.89,nan,1,Right,Left,547,1182,282,131738532,nan,nan,0.17
8/19/2026 0:35:06,1.17.3,LeftRight,2,3.90,nan,1,Left,Left,548,1182,282,131745118,nan,nan,0.00
8/19/2026 0:35:10,1.17.3,LeftRight,2,3.90,nan,1,RESET,Left,548,1182,282,131748726,nan,nan,nan
8/19/2026 0:39:37,1.17.3,LeftRight,2,3.89,nan,1,Right,Left,548,1183,282,132015491,nan,nan,0.09
8/19/2026 0:49:32,1.17.3,LeftRight,2,3.90,nan,1,Right,Left,548,1184,282,132610383,nan,nan,0.00
8/19/2026 2:33:43,1.17.3,LeftRight,2,3.89,nan,1,Left,Left,549,1184,282,138862032,nan,nan,0.00
8/19/2026 2:33:46,1.17.3,LeftRight,2,3.89,nan,1,RESET,Left,549,1184,282,138865045,nan,nan,nan
8/19/2026 2:35:12,1.17.3,LeftRight,2,3.89,nan,1,Right,Left,549,1185,282,138951180,nan,nan,0.00
8/19/2026 2:36:08,1.17.3,LeftRight,2,3.89,nan,1,Left,Left,550,1185,282,139006901,nan,nan,0.00
8/19/2026 2:36:11,1.17.3,LeftRight,2,3.89,nan,1,RESET,Left,550,1185,282,139010064,nan,nan,nan
8/19/2026 2:45:14,1.17.3,LeftRight,2,3.89,nan,1,Right,Left,550,1186,282,139552796,nan,nan,0.08
8/19/2026 2:56:17,1.17.3,LeftRight,2,3.89,nan,1,Right,Left,550,1187,282,140215652,nan,nan,0.52
8/19/2026 2:56:46,1.17.3,LeftRight,2,3.89,nan,1,Right,Left,550,1188,282,140244668,nan,nan,0.10
8/19/2026 2:56:47,1.17.3,LeftRight,2,3.89,nan,1,Left,Left,551,1188,282,140245948,nan,nan,0.00
8/19/2026 2:56:49,1.17.3,LeftRight,2,3.89,nan,1,Right,Left,551,1189,282,140247777,nan,nan,0.23
8/19/2026 2:56:50,1.17.3,LeftRight,2,3.89,2,1,Pellet,Left,551,1189,283,140247777,0.29,9336,nan
8/19/2026 2:57:06,1.17.3,LeftRight,2,3.89,nan,1,Left,Left,552,1189,283,140265379,nan,nan,0.00
8/19/2026 2:57:09,1.17.3,LeftRight,2,3.89,nan,1,RESET,Left,552,1189,283,140268100,nan,nan,nan
8/19/2026 2:57:09,1.17.3,LeftRight,2,3.89,nan,1,Right,Left,552,1190,283,140268242,nan,nan,0.18
8/19/2026 2:57:15,1.17.3,LeftRight,2,3.89,nan,1,Right,Left,552,1191,283,140273949,nan,nan,0.40
8/19/2026 2:57:17,1.17.3,LeftRight,2,3.89,nan,1,Left,Left,553,1191,283,140276125,nan,nan,0.00
8/19/2026 2:57:18,1.17.3,LeftRight,2,3.89,nan,1,Right,Left,553,1192,283,140277361,nan,nan,0.17
8/19/2026 2:57:25,1.17.3,LeftRight,2,3.89,2,1,Pellet,Left,553,1192,284,140277361,4.19,35,nan
8/19/2026 2:58:09,1.17.3,LeftRight,2,3.89,nan,1,Right,Left,553,1193,284,140328360,nan,nan,0.17
8/19/2026 3:11:01,1.17.3,LeftRight,2,3.89,nan,1,Right,Left,553,1194,284,141100162,nan,nan,0.11
8/19/2026 3:16:16,1.17.3,LeftRight,2,3.89,nan,1,Left,Left,554,1194,284,141415505,nan,nan,0.00
8/19/2026 3:16:20,1.17.3,LeftRight,2,3.89,nan,1,RESET,Left,554,1194,284,141419106,nan,nan,nan
8/19/2026 3:16:26,1.17.3,LeftRight,2,3.89,nan,1,Right,Left,554,1195,284,141425015,nan,nan,0.07
8/19/2026 3:16:28,1.17.3,LeftRight,2,3.89,nan,1,Left,Left,555,1195,284,141427015,nan,nan,0.00
8/19/2026 3:16:31,1.17.3,LeftRight,2,3.89,nan,1,RESET,Left,555,1195,284,141430175,nan,nan,nan
8/19/2026 3:20:02,1.17.3,LeftRight,2,3.89,nan,1,Left,Left,556,1195,284,141641503,nan,nan,0.00
8/19/2026 3:20:03,1.17.3,LeftRight,2,3.89,nan,1,Right,Left,556,1196,284,141642000,nan,nan,0.01
8/19/2026 3:20:10,1.17.3,LeftRight,2,3.89,4,1,Pellet,Left,556,1196,285,141642000,0.41,1365,nan
8/19/2026 3:20:25,1.17.3,LeftRight,2,3.89,nan,1,Left,Left,557,1196,285,141664674,nan,nan,0.00
8/19/2026 3:20:26,1.17.3,LeftRight,2,3.89,nan,1,Right,Left,557,1197,285,141665467,nan,nan,0.09
8/19/2026 3:20:27,1.17.3,LeftRight,2,3.89,2,1,Pellet,Left,557,1197,286,141665467,0.12,17,nan
8/19/2026 3:20:39,1.17.3,LeftRight,2,3.89,nan,1,Left,Left,558,1197,286,141677746,nan,nan,0.00
8/19/2026 3:20:40,1.17.3,LeftRight,2,3.89,nan,1,Right,Left,558,1198,286,141678687,nan,nan,0.21
8/19/2026 3:20:41,1.17.3,LeftRight,2,3.89,1,1,Pellet,Left,558,1198,287,141678687,0.12,14,nan
8/19/2026 3:20:51,1.17.3,LeftRight,2,3.89,nan,1,Left,Left,559,1198,287,141689919,nan,nan,0.00
8/19/2026 3:20:54,1.17.3,LeftRight,2,3.89,nan,1,RESET,Left,559,1198,287,141693229,nan,nan,nan
8/19/2026 3:21:05,1.17.3,LeftRight,2,3.89,nan,1,Right,Left,559,1199,287,141703585,nan,nan,0.24
8/19/2026 3:21:12,1.17.3,LeftRight,2,3.89,nan,1,Left,Left,560,1199,287,141711044,nan,nan,0.00
8/19/2026 3:21:14,1.17.3,LeftRight,2,3.89,nan,1,Right,Left,560,1200,287,141712428,nan,nan,0.91
8/19/2026 3:21:19,1.17.3,LeftRight,2,3.89,3,1,Pellet,Left,560,1200,288,141712428,0.47,38,nan
8/19/2026 3:21:28,1.17.3,LeftRight,2,3.89,nan,1,Left,Left,561,1200,288,141727624,nan,nan,0.00
8/19/2026 3:21:30,1.17.3,LeftRight,2,3.89,nan,1,Right,Left,561,1201,288,141729454,nan,nan,0.17
8/19/2026 3:21:43,1.17.3,LeftRight,2,3.89,5,1,Pellet,Left,561,1201,289,141729454,5.63,24,nan
8/19/2026 3:22:04,1.17.3,LeftRight,2,3.89,nan,1,Right,Left,561,1202,289,141762509,nan,nan,0.60
8/19/2026 3:22:06,1.17.3,LeftRight,2,3.89,nan,1,Left,Left,562,1202,289,141765443,nan,nan,0.00
8/19/2026 3:22:08,1.17.3,LeftRight,2,3.89,nan,1,Right,Left,562,1203,289,141766684,nan,nan,0.17
8/19/2026 3:22:16,1.17.3,LeftRight,2,3.89,3,1,Pellet,Left,562,1203,290,141766684,5.63,33,nan
8/19/2026 3:22:32,1.17.3,LeftRight,2,3.89,nan,1,Right,Left,562,1204,290,141791063,nan,nan,0.25
8/19/2026 3:22:37,1.17.3,LeftRight,2,3.89,nan,1,Left,Left,563,1204,290,141796019,nan,nan,0.00
8/19/2026 3:22:38,1.17.3,LeftRight,2,3.89,nan,1,RESET,Left,563,1204,290,141797108,nan,nan,nan
8/19/2026 3:22:39,1.17.3,LeftRight,2,3.89,nan,1,Left,Left,564,1204,290,141797874,nan,nan,0.00
8/19/2026 3:22:42,1.17.3,LeftRight,2,3.89,nan,1,RESET,Left,564,1204,290,141801184,nan,nan,nan
8/19/2026 3:22:46,1.17.3,LeftRight,2,3.89,nan,1,Left,Left,565,1204,290,141805421,nan,nan,0.00
8/19/2026 3:22:47,1.17.3,LeftRight,2,3.89,nan,1,Right,Left,565,1205,290,141806214,nan,nan,0.31
8/19/2026 3:22:48,1.17.3,LeftRight,2,3.89,1,1,Pellet,Left,565,1205,291,141806214,0.29,32,nan
8/19/2026 3:22:59,1.17.3,LeftRight,2,3.89,nan,1,Right,Left,565,1206,291,141817067,nan,nan,1.13
8/19/2026 3:23:03,1.17.3,LeftRight,2,3.89,nan,1,Right,Left,565,1207,291,141821806,nan,nan,0.39
8/19/2026 3:27:56,1.17.3,LeftRight,2,3.89,nan,1,Right,Left,565,1208,291,142114976,nan,nan,0.42
8/19/2026 3:28:00,1.17.3,LeftRight,2,3.88,nan,1,Left,Left,566,1208,291,142118758,nan,nan,0.00
8/19/2026 3:28:02,1.17.3,LeftRight,2,3.89,nan,1,Right,Left,566,1209,291,142120737,nan,nan,0.06
8/19/2026 3:28:09,1.17.3,LeftRight,2,3.89,nan,1,RightWithPellet,Left,566,1210,291,142120737,nan,nan,0.25
8/19/2026 3:28:15,1.17.3,LeftRight,2,3.88,4,1,Pellet,Left,566,1210,292,142120737,8.21,327,nan
8/19/2026 3:31:40,1.17.3,LeftRight,2,3.89,nan,1,Left,Left,567,1210,292,142339087,nan,nan,0.00
8/19/2026 3:31:43,1.17.3,LeftRight,2,3.89,nan,1,RESET,Left,567,1210,292,142342246,nan,nan,nan
8/19/2026 3:34:40,1.17.3,LeftRight,2,3.89,nan,1,Right,Left,567,1211,292,142518779,nan,nan,0.71
8/19/2026 3:34:43,1.17.3,LeftRight,2,3.89,nan,1,Right,Left,567,1212,292,142521910,nan,nan,0.59
8/19/2026 3:34:45,1.17.3,LeftRight,2,3.89,nan,1,Left,Left,568,1212,292,142524726,nan,nan,0.00
8/19/2026 3:34:49,1.17.3,LeftRight,2,3.89,nan,1,RESET,Left,568,1212,292,142528184,nan,nan,nan
8/19/2026 3:34:50,1.17.3,LeftRight,2,3.89,nan,1,Right,Left,568,1213,292,142528771,nan,nan,0.12
8/19/2026 3:34:53,1.17.3,LeftRight,2,3.89,nan,1,Left,Left,569,1213,292,142532153,nan,nan,0.00
8/19/2026 3:34:54,1.17.3,LeftRight,2,3.89,nan,1,Right,Left,569,1214,292,142532798,nan,nan,0.22
8/19/2026 3:34:56,1.17.3,LeftRight,2,3.89,2,1,Pellet,Left,569,1214,293,142532798,0.77,401,nan
8/19/2026 3:35:13,1.17.3,LeftRight,2,3.89,nan,1,Left,Left,570,1214,293,142552108,nan,nan,0.00
8/19/2026 3:35:14,1.17.3,LeftRight,2,3.89,nan,1,Left,Left,571,1214,293,142553413,nan,nan,0.00
8/19/2026 3:35:15,1.17.3,LeftRight,2,3.89,nan,1,Right,Left,571,1215,293,142554057,nan,nan,0.03
8/19/2026 3:35:22,1.17.3,LeftRight,2,3.89,3,1,Pellet,Left,571,1215,294,142554057,4.37,26,nan
8/19/2026 3:35:47,1.17.3,LeftRight,2,3.89,nan,1,Left,Left,572,1215,294,142586185,nan,nan,0.00
8/19/2026 3:35:48,1.17.3,LeftRight,2,3.89,nan,1,Right,Left,572,1216,294,142587572,nan,nan,0.07
8/19/2026 3:35:52,1.17.3,LeftRight,2,3.89,2,1,Pellet,Left,572,1216,295,142587572,0.65,30,nan
8/19/2026 3:36:04,1.17.3,LeftRight,2,3.89,nan,1,Left,Left,573,1216,295,142602842,nan,nan,0.00
8/19/2026 3:36:05,1.17.3,LeftRight,2,3.89,nan,1,Right,Left,573,1217,295,142604523,nan,nan,0.00
8/19/2026 3:36:10,1.17.3,LeftRight,2,3.88,3,1,Pellet,Left,573,1217,296,142604523,0.23,18,nan
8/19/2026 3:47:32,1.17.3,LeftRight,2,3.89,nan,1,Left,Left,574,1217,296,143291242,nan,nan,0.00
8/19/2026 3:47:36,1.17.3,LeftRight,2,3.89,nan,1,RESET,Left,574,1217,296,143295285,nan,nan,nan
8/19/2026 3:56:05,1.17.3,LeftRight,2,3.89,nan,1,Left,Left,575,1217,296,143803797,nan,nan,0.00
8/19/2026 3:56:08,1.17.3,LeftRight,2,3.89,nan,1,RESET,Left,575,1217,296,143807254,nan,nan,nan
8/19/2026 4:03:12,1.17.3,LeftRight,2,3.89,nan,1,Right,Left,575,1218,296,144230718,nan,nan,0.21
8/19/2026 4:05:22,1.17.3,LeftRight,2,3.89,nan,1,Left,Left,576,1218,296,144360959,nan,nan,0.00
8/19/2026 4:05:24,1.17.3,LeftRight,2,3.89,nan,1,Right,Left,576,1219,296,144362640,nan,nan,1.07
8/19/2026 4:05:25,1.17.3,LeftRight,2,3.89,2,1,Pellet,Left,576,1219,297,144362640,0.06,1755,nan
8/19/2026 4:05:45,1.17.3,LeftRight,2,3.89,nan,1,Right,Left,576,1220,297,144384013,nan,nan,0.06
8/19/2026 4:05:47,1.17.3,LeftRight,2,3.89,nan,1,Left,Left,577,1220,297,144386145,nan,nan,0.00
8/19/2026 4:05:48,1.17.3,LeftRight,2,3.88,nan,1,Right,Left,577,1221,297,144387381,nan,nan,0.17
8/19/2026 4:05:49,1.17.3,LeftRight,2,3.89,1,1,Pellet,Left,577,1221,298,144387381,0.41,24,nan
8/19/2026 4:06:04,1.17.3,LeftRight,2,3.89,nan,1,Right,Left,577,1222,298,144402883,nan,nan,0.12
8/19/2026 4:06:08,1.17.3,LeftRight,2,3.89,nan,1,Right,Left,577,1223,298,144407054,nan,nan,0.15
8/19/2026 4:06:11,1.17.3,LeftRight,2,3.89,nan,1,Right,Left,577,1224,298,144409772,nan,nan,0.13
8/19/2026 4:06:13,1.17.3,LeftRight,2,3.88,nan,1,Right,Left,577,1225,298,144411586,nan,nan,0.34
8/19/2026 4:06:15,1.17.3,LeftRight,2,3.89,nan,1,Right,Left,577,1226,298,144414058,nan,nan,0.05
8/19/2026 4:06:16,1.17.3,LeftRight,2,3.89,nan,1,Right,Left,577,1227,298,144415342,nan,nan,0.21
8/19/2026 4:06:23,1.17.3,LeftRight,2,3.89,nan,1,Right,Left,577,1228,298,144421966,nan,nan,0.04
8/19/2026 4:11:55,1.17.3,LeftRight,2,3.88,nan,1,Left,Left,578,1228,298,144754494,nan,nan,0.00
8/19/2026 4:11:58,1.17.3,LeftRight,2,3.89,nan,1,RESET,Left,578,1228,298,144757210,nan,nan,nan
8/19/2026 4:12:34,1.17.3,LeftRight,2,3.89,nan,1,Left,Left,579,1228,298,144793777,nan,nan,0.00
8/19/2026 4:12:38,1.17.3,LeftRight,2,3.89,nan,1,RESET,Left,579,1228,298,144797237,nan,nan,nan
8/19/2026 4:19:51,1.17.3,LeftRight,2,3.89,nan,1,Left,Left,580,1228,298,145230799,nan,nan,0.00
8/19/2026 4:19:55,1.17.3,LeftRight,2,3.89,nan,1,RESET,Left,580,1228,298,145234259,nan,nan,nan
8/19/2026 5:20:36,1.17.3,LeftRight,2,3.88,nan,1,Left,Left,581,1228,298,148875587,nan,nan,0.00
8/19/2026 5:20:39,1.17.3,LeftRight,2,3.89,nan,1,RESET,Left,581,1228,298,148878455,nan,nan,nan
8/19/2026 5:20:44,1.17.3,LeftRight,2,3.89,nan,1,Right,Left,581,1229,298,148883638,nan,nan,0.27
8/19/2026 5:20:46,1.17.3,LeftRight,2,3.88,nan,1,Right,Left,581,1230,298,148885735,nan,nan,0.22
8/19/2026 5:20:49,1.17.3,LeftRight,2,3.88,nan,1,Left,Left,582,1230,298,148888123,nan,nan,0.00
8/19/2026 5:20:51,1.17.3,LeftRight,2,3.88,nan,1,Right,Left,582,1231,298,148889955,nan,nan,0.13
8/19/2026 5:20:51,1.17.3,LeftRight,2,3.88,nan,1,RightDuringDispense,Left,582,1232,298,148889955,nan,nan,0.07
8/19/2026 5:20:56,1.17.3,LeftRight,2,3.88,3,1,Pellet,Left,582,1232,299,148889955,0.71,4507,nan
8/19/2026 5:21:27,1.17.3,LeftRight,2,3.88,nan,1,Left,Left,583,1232,299,148926748,nan,nan,0.00
8/19/2026 5:21:31,1.17.3,LeftRight,2,3.88,nan,1,RESET,Left,583,1232,299,148930503,nan,nan,nan
8/19/2026 5:21:32,1.17.3,LeftRight,2,3.89,nan,1,Right,Left,583,1233,299,148931089,nan,nan,0.21
8/19/2026 5:21:37,1.17.3,LeftRight,2,3.88,nan,1,Right,Left,583,1234,299,148936090,nan,nan,0.30
8/19/2026 5:21:38,1.17.3,LeftRight,2,3.89,nan,1,Right,Left,583,1235,299,148937481,nan,nan,0.17
8/19/2026 5:21:41,1.17.3,LeftRight,2,3.89,nan,1,Left,Left,584,1235,299,148940116,nan,nan,0.00
8/19/2026 5:21:42,1.17.3,LeftRight,2,3.88,nan,1,Right,Left,584,1236,299,148941798,nan,nan,0.00
8/19/2026 5:21:48,1.17.3,LeftRight,2,3.88,3,1,Pellet,Left,584,1236,300,148941798,0.95,52,nan
8/19/2026 5:22:05,1.17.3,LeftRight,2,3.88,nan,1,Right,Left,584,1237,300,148964974,nan,nan,0.00
8/19/2026 5:26:44,1.17.3,LeftRight,2,3.88,nan,1,Right,Left,584,1238,300,149243707,nan,nan,0.05
8/19/2026 5:29:54,1.17.3,LeftRight,2,3.89,nan,1,Right,Left,584,1239,300,149433490,nan,nan,0.00
8/19/2026 5:29:57,1.17.3,LeftRight,2,3.88,nan,1,Left,Left,585,1239,300,149436684,nan,nan,0.00
8/19/2026 5:29:58,1.17.3,LeftRight,2,3.88,nan,1,Left,Left,586,1239,300,149437881,nan,nan,0.00
8/19/2026 5:30:01,1.17.3,LeftRight,2,3.89,nan,1,RESET,Left,586,1239,300,149440454,nan,nan,nan
8/19/2026 5:30:04,1.17.3,LeftRight,2,3.88,nan,1,Right,Left,586,1240,300,149442078,nan,nan,1.62
8/19/2026 5:30:07,1.17.3,LeftRight,2,3.89,nan,1,Right,Left,586,1241,300,149446126,nan,nan,0.47
8/19/2026 5:30:09,1.17.3,LeftRight,2,3.88,nan,1,Left,Left,587,1241,300,149448729,nan,nan,0.00
8/19/2026 5:30:11,1.17.3,LeftRight,2,3.88,nan,1,Right,Left,587,1242,300,149450114,nan,nan,0.08
8/19/2026 5:30:11,1.17.3,LeftRight,2,3.82,nan,1,RightDuringDispense,Left,587,1243,300,149450114,nan,nan,0.16
8/19/2026 5:30:12,1.17.3,LeftRight,2,3.88,1,1,Pellet,Left,587,1243,301,149450114,0.53,504,nan
8/19/2026 5:30:25,1.17.3,LeftRight,2,3.89,nan,1,Right,Left,587,1244,301,149464217,nan,nan,0.14
8/19/2026 5:30:28,1.17.3,LeftRight,2,3.89,nan,1,Left,Left,588,1244,301,149467680,nan,nan,0.00
8/19/2026 5:30:30,1.17.3,LeftRight,2,3.89,nan,1,Right,Left,588,1245,301,149468917,nan,nan,0.17
8/19/2026 5:30:38,1.17.3,LeftRight,2,3.88,2,1,Pellet,Left,588,1245,302,149468917,5.09,25,nan
8/19/2026 5:37:39,1.17.3,LeftRight,2,3.89,nan,1,Right,Left,588,1246,302,149897675,nan,nan,0.45
8/19/2026 5:37:41,1.17.3,LeftRight,2,3.88,nan,1,Left,Left,589,1246,302,149900699,nan,nan,0.00
8/19/2026 5:37:45,1.17.3,LeftRight,2,3.89,nan,1,RESET,Left,589,1246,302,149904457,nan,nan,nan
8/19/2026 5:37:46,1.17.3,LeftRight,2,3.88,nan,1,Right,Left,589,1247,302,149904748,nan,nan,0.36
8/19/2026 5:38:10,1.17.3,LeftRight,2,3.89,nan,1,Left,Left,590,1247,302,149929761,nan,nan,0.00
8/19/2026 5:38:13,1.17.3,LeftRight,2,3.88,nan,1,RESET,Left,590,1247,302,149932479,nan,nan,nan
8/19/2026 5:41:38,1.17.3,LeftRight,2,3.88,nan,1,Right,Left,590,1248,302,150137474,nan,nan,0.00
8/19/2026 5:42:07,1.17.3,LeftRight,2,3.88,nan,1,Left,Left,591,1248,302,150166388,nan,nan,0.00
8/19/2026 5:42:08,1.17.3,LeftRight,2,3.88,nan,1,Right,Left,591,1249,302,150167625,nan,nan,0.22
8/19/2026 5:42:16,1.17.3,LeftRight,2,3.88,5,1,Pellet,Left,591,1249,303,150167625,0.41,699,nan
8/19/2026 5:42:27,1.17.3,LeftRight,2,3.88,nan,1,Left,Left,592,1249,303,150187004,nan,nan,0.00
8/19/2026 5:42:31,1.17.3,LeftRight,2,3.88,nan,1,RESET,Left,592,1249,303,150190463,nan,nan,nan
8/19/2026 5:42:32,1.17.3,LeftRight,2,3.88,nan,1,Right,Left,592,1250,303,150191346,nan,nan,0.00
8/19/2026 5:42:35,1.17.3,LeftRight,2,3.88,nan,1,Right,Left,592,1251,303,150194659,nan,nan,0.06
8/19/2026 5:56:10,1.17.3,LeftRight,2,3.88,nan,1,Right,Left,592,1252,303,151009815,nan,nan,0.00
8/19/2026 5:56:12,1.17.3,LeftRight,2,3.88,nan,1,Right,Left,592,1253,303,151010460,nan,nan,0.83
8/19/2026 5:56:54,1.17.3,LeftRight,2,3.88,nan,1,Left,Left,593,1253,303,151053377,nan,nan,0.00
8/19/2026 5:56:57,1.17.3,LeftRight,2,3.88,nan,1,RESET,Left,593,1253,303,151056541,nan,nan,nan
8/19/2026 7:42:41,1.17.3,LeftRight,2,3.87,nan,1,Left,Left,594,1253,303,157401252,nan,nan,0.00
8/19/2026 7:42:45,1.17.3,LeftRight,2,3.88,nan,1,RESET,Left,594,1253,303,157404856,nan,nan,nan
8/19/2026 7:42:52,1.17.3,LeftRight,2,3.87,nan,1,Left,Left,595,1253,303,157411828,nan,nan,0.00
8/19/2026 7:42:55,1.17.3,LeftRight,2,3.88,nan,1,RESET,Left,595,1253,303,157414841,nan,nan,nan
8/19/2026 7:42:57,1.17.3,LeftRight,2,3.87,nan,1,Left,Left,596,1253,303,157417064,nan,nan,0.00
8/19/2026 7:43:01,1.17.3,LeftRight,2,3.87,nan,1,RESET,Left,596,1253,303,157420821,nan,nan,nan
8/19/2026 7:43:05,1.17.3,LeftRight,2,3.88,nan,1,Right,Left,596,1254,303,157424516,nan,nan,0.72
8/19/2026 7:43:08,1.17.3,LeftRight,2,3.87,nan,1,Right,Left,596,1255,303,157427514,nan,nan,0.42
8/19/2026 7:43:13,1.17.3,LeftRight,2,3.87,nan,1,Left,Left,597,1255,303,157432788,nan,nan,0.00
8/19/2026 7:43:14,1.17.3,LeftRight,2,3.87,nan,1,Left,Left,598,1255,303,157434288,nan,nan,0.00
8/19/2026 7:43:18,1.17.3,LeftRight,2,3.88,nan,1,RESET,Left,598,1255,303,157437747,nan,nan,nan
8/19/2026 7:43:33,1.17.3,LeftRight,2,3.87,nan,1,Right,Left,598,1256,303,157452997,nan,nan,0.11
8/19/2026 7:43:37,1.17.3,LeftRight,2,3.87,nan,1,Left,Left,599,1256,303,157456346,nan,nan,0.00
8/19/2026 7:43:38,1.17.3,LeftRight,2,3.87,nan,1,Left,Left,600,1256,303,157458138,nan,nan,0.00
8/19/2026 7:43:40,1.17.3,LeftRight,2,3.87,nan,1,Right,Left,600,1257,303,157459819,nan,nan,0.41
8/19/2026 7:43:42,1.17.3,LeftRight,2,3.87,2,1,Pellet,Left,600,1257,304,157459819,0.29,7286,nan
8/19/2026 7:47:07,1.17.3,LeftRight,2,3.88,nan,1,Left,Left,601,1257,304,157666684,nan,nan,0.00
8/19/2026 7:47:10,1.17.3,LeftRight,2,3.87,nan,1,RESET,Left,601,1257,304,157669841,nan,nan,nan
8/19/2026 7:55:55,1.17.3,LeftRight,2,3.87,nan,1,Right,Left,601,1258,304,158194724,nan,nan,0.07
8/19/2026 7:55:59,1.17.3,LeftRight,2,3.87,nan,1,Right,Left,601,1259,304,158198986,nan,nan,0.28
8/19/2026 7:56:03,1.17.3,LeftRight,2,3.88,nan,1,Right,Left,601,1260,304,158202718,nan,nan,0.07
8/19/2026 7:56:04,1.17.3,LeftRight,2,3.87,nan,1,Right,Left,601,1261,304,158203291,nan,nan,0.26
8/19/2026 8:04:47,1.17.3,LeftRight,2,3.87,nan,1,Left,Left,602,1261,304,158726483,nan,nan,0.00
8/19/2026 8:04:50,1.17.3,LeftRight,2,3.87,nan,1,RESET,Left,602,1261,304,158729793,nan,nan,nan
8/19/2026 8:08:06,1.17.3,LeftRight,2,3.88,nan,1,Left,Left,603,1261,304,158926355,nan,nan,0.00
8/19/2026 8:08:09,1.17.3,LeftRight,2,3.87,nan,1,RESET,Left,603,1261,304,158928777,nan,nan,nan
8/19/2026 8:57:23,1.17.3,LeftRight,2,3.87,nan,1,Left,Left,604,1261,304,161882917,nan,nan,0.00
8/19/2026 8:57:26,1.17.3,LeftRight,2,3.87,nan,1,RESET,Left,604,1261,304,161885931,nan,nan,nan
8/19/2026 8:57:27,1.17.3,LeftRight,2,3.87,nan,1,Left,Left,605,1261,304,161886874,nan,nan,0.00
8/19/2026 8:57:30,1.17.3,LeftRight,2,3.87,nan,1,RESET,Left,605,1261,304,161889887,nan,nan,nan
8/19/2026 8:57:32,1.17.3,LeftRight,2,3.87,nan,1,Left,Left,606,1261,304,161892286,nan,nan,0.00
8/19/2026 8:57:35,1.17.3,LeftRight,2,3.87,nan,1,Left,Left,607,1261,304,161894880,nan,nan,0.00
8/19/2026 8:57:38,1.17.3,LeftRight,2,3.87,nan,1,Left,Left,608,1261,304,161897907,nan,nan,0.00
8/19/2026 8:57:41,1.17.3,LeftRight,2,3.87,nan,1,RESET,Left,608,1261,304,161900921,nan,nan,nan
8/19/2026 8:57:43,1.17.3,LeftRight,2,3.87,nan,1,Left,Left,609,1261,304,161902709,nan,nan,0.00
8/19/2026 8:57:45,1.17.3,LeftRight,2,3.87,nan,1,RESET,Left,609,1261,304,161904982,nan,nan,nan
8/19/2026 8:57:48,1.17.3,LeftRight,2,3.87,nan,1,Left,Left,610,1261,304,161908017,nan,nan,0.00
8/19/2026 8:57:51,1.17.3,LeftRight,2,3.87,nan,1,RESET,Left,610,1261,304,161911028,nan,nan,nan
8/19/2026 8:57:56,1.17.3,LeftRight,2,3.87,nan,1,Right,Left,610,1262,304,161915906,nan,nan,0.48
8/19/2026 9:08:36,1.17.3,LeftRight,2,3.87,nan,1,Left,Left,611,1262,304,162556113,nan,nan,0.00
8/19/2026 9:08:39,1.17.3,LeftRight,2,3.87,nan,1,RESET,Left,611,1262,304,162558977,nan,nan,nan
8/19/2026 9:08:43,1.17.3,LeftRight,2,3.87,nan,1,Right,Left,611,1263,304,162562523,nan,nan,0.13
8/19/2026 9:16:38,1.17.3,LeftRight,2,3.87,nan,1,Left,Left,612,1263,304,163038156,nan,nan,0.00
8/19/2026 9:16:41,1.17.3,LeftRight,2,3.87,nan,1,RESET,Left,612,1263,304,163041023,nan,nan,nan
8/19/2026 11:06:12,1.17.3,LeftRight,2,3.87,nan,1,Left,Left,613,1263,304,169612598,nan,nan,0.00
8/19/2026 11:06:16,1.17.3,LeftRight,2,3.87,nan,1,RESET,Left,613,1263,304,169616198,nan,nan,nan
8/19/2026 11:06:44,1.17.3,LeftRight,2,3.87,nan,1,Right,Left,613,1264,304,169644427,nan,nan,0.20
8/19/2026 11:14:06,1.17.3,LeftRight,2,3.86,nan,1,Left,Left,614,1264,304,170086239,nan,nan,0.00
8/19/2026 11:14:09,1.17.3,LeftRight,2,3.87,nan,1,RESET,Left,614,1264,304,170089246,nan,nan,nan
8/19/2026 11:14:13,1.17.3,LeftRight,2,3.86,nan,1,Left,Left,615,1264,304,170093039,nan,nan,0.00
8/19/2026 11:14:16,1.17.3,LeftRight,2,3.87,nan,1,RESET,Left,615,1264,304,170096192,nan,nan,nan
8/19/2026 11:14:17,1.17.3,LeftRight,2,3.87,nan,1,Left,Left,616,1264,304,170097181,nan,nan,0.00
8/19/2026 11:14:18,1.17.3,LeftRight,2,3.87,nan,1,Left,Left,617,1264,304,170098574,nan,nan,0.00
8/19/2026 11:14:19,1.17.3,LeftRight,2,3.87,nan,1,Left,Left,618,1264,304,170099300,nan,nan,0.00
8/19/2026 11:14:20,1.17.3,LeftRight,2,3.87,nan,1,Left,Left,619,1264,304,170100627,nan,nan,0.00
8/19/2026 11:14:22,1.17.3,LeftRight,2,3.87,nan,1,Right,Left,619,1265,304,170101566,nan,nan,0.43
8/19/2026 11:14:23,1.17.3,LeftRight,2,3.87,2,1,Pellet,Left,619,1265,305,170101566,0.06,12641,nan
8/19/2026 11:14:37,1.17.3,LeftRight,2,3.87,nan,1,Left,Left,620,1265,305,170117685,nan,nan,0.00
8/19/2026 11:14:39,1.17.3,LeftRight,2,3.86,nan,1,Right,Left,620,1266,305,170119216,nan,nan,0.14
8/19/2026 11:14:41,1.17.3,LeftRight,2,3.87,2,1,Pellet,Left,620,1266,306,170119216,0.11,18,nan
8/19/2026 11:14:54,1.17.3,LeftRight,2,3.87,nan,1,Right,Left,620,1267,306,170134025,nan,nan,0.08
8/19/2026 11:14:55,1.17.3,LeftRight,2,3.87,nan,1,Right,Left,620,1268,306,170134747,nan,nan,0.23
8/19/2026 11:15:04,1.17.3,LeftRight,2,3.87,nan,1,Left,Left,621,1268,306,170143911,nan,nan,0.00
8/19/2026 11:15:06,1.17.3,LeftRight,2,3.87,nan,1,Left,Left,622,1268,306,170146596,nan,nan,0.00
8/19/2026 11:15:10,1.17.3,LeftRight,2,3.87,nan,1,RESET,Left,622,1268,306,170150201,nan,nan,nan
8/19/2026 11:15:18,1.17.3,LeftRight,2,3.86,nan,1,Right,Left,622,1269,306,170157888,nan,nan,0.46
8/19/2026 11:15:20,1.17.3,LeftRight,2,3.86,nan,1,Right,Left,622,1270,306,170159585,nan,nan,0.82
8/19/2026 11:15:21,1.17.3,LeftRight,2,3.87,nan,1,Right,Left,622,1271,306,170161046,nan,nan,0.19
8/19/2026 11:15:24,1.17.3,LeftRight,2,3.87,nan,1,Left,Left,623,1271,306,170164155,nan,nan,0.00
8/19/2026 11:15:25,1.17.3,LeftRight,2,3.86,nan,1,Right,Left,623,1272,306,170165244,nan,nan,0.23
8/19/2026 11:15:39,1.17.3,LeftRight,2,3.87,5,1,Pellet,Left,623,1272,307,170165244,4.73,58,nan
8/19/2026 12:02:53,1.17.3,LeftRight,2,3.86,nan,1,Right,Left,623,1273,307,173013085,nan,nan,0.28
8/19/2026 13:32:35,1.17.3,LeftRight,2,3.86,nan,1,Right,Left,623,1274,307,178395638,nan,nan,0.30
8/19/2026 13:32:45,1.17.3,LeftRight,2,3.86,nan,1,Left,Left,624,1274,307,178405373,nan,nan,0.00
8/19/2026 13:32:48,1.17.3,LeftRight,2,3.86,nan,1,RESET,Left,624,1274,307,178408530,nan,nan,nan
8/19/2026 13:32:50,1.17.3,LeftRight,2,3.85,nan,1,Left,Left,625,1274,307,178410667,nan,nan,0.00
8/19/2026 13:32:53,1.17.3,LeftRight,2,3.86,nan,1,Right,Left,625,1275,307,178413382,nan,nan,0.04
8/19/2026 13:32:58,1.17.3,LeftRight,2,3.85,3,1,Pellet,Left,625,1275,308,178413382,0.53,8239,nan
8/19/2026 13:33:13,1.17.3,LeftRight,2,3.85,nan,1,Right,Left,625,1276,308,178433020,nan,nan,0.16
8/19/2026 13:33:15,1.17.3,LeftRight,2,3.86,nan,1,Right,Left,625,1277,308,178435154,nan,nan,0.80
8/19/2026 13:33:20,1.17.3,LeftRight,2,3.86,nan,1,Left,Left,626,1277,308,178440948,nan,nan,0.00
8/19/2026 13:33:24,1.17.3,LeftRight,2,3.86,nan,1,RESET,Left,626,1277,308,178444553,nan,nan,nan
8/19/2026 13:34:06,1.17.3,LeftRight,2,3.85,nan,1,Right,Left,626,1278,308,178485983,nan,nan,0.33
8/19/2026 13:34:12,1.17.3,LeftRight,2,3.86,nan,1,Right,Left,626,1279,308,178492883,nan,nan,0.00
8/19/2026 14:01:38,1.17.3,LeftRight,2,3.86,nan,1,Right,Left,626,1280,308,180138225,nan,nan,0.14
8/19/2026 14:01:39,1.17.3,LeftRight,2,3.85,nan,1,Right,Left,626,1281,308,180139457,nan,nan,0.09
8/19/2026 14:01:42,1.17.3,LeftRight,2,3.86,nan,1,Right,Left,626,1282,308,180142408,nan,nan,0.11
8/19/2026 14:01:43,1.17.3,LeftRight,2,3.85,nan,1,Right,Left,626,1283,308,180143015,nan,nan,0.30
8/19/2026 14:01:48,1.17.3,LeftRight,2,3.86,nan,1,Right,Left,626,1284,308,180148543,nan,nan,0.00
8/19/2026 14:01:52,1.17.3,LeftRight,2,3.85,nan,1,Right,Left,626,1285,308,180152887,nan,nan,0.00
8/19/2026 14:01:55,1.17.3,LeftRight,2,3.85,nan,1,Left,Left,627,1285,308,180155925,nan,nan,0.00
8/19/2026 14:01:57,1.17.3,LeftRight,2,3.85,nan,1,Right,Left,627,1286,308,180157755,nan,nan,0.00
8/19/2026 14:02:05,1.17.3,LeftRight,2,3.86,5,1,Pellet,Left,627,1286,309,180157755,0.53,1747,nan
8/19/2026 14:04:22,1.17.3,LeftRight,2,3.86,nan,1,Right,Left,627,1287,309,180302458,nan,nan,0.10
8/19/2026 14:04:27,1.17.3,LeftRight,2,3.85,nan,1,Left,Left,628,1287,309,180307436,nan,nan,0.00
8/19/2026 14:04:28,1.17.3,LeftRight,2,3.85,nan,1,Left,Left,629,1287,309,180308622,nan,nan,0.00
8/19/2026 14:04:31,1.17.3,LeftRight,2,3.85,nan,1,RESET,Left,629,1287,309,180311636,nan,nan,nan
8/19/2026 14:04:33,1.17.3,LeftRight,2,3.85,nan,1,Left,Left,630,1287,309,180313936,nan,nan,0.00
8/19/2026 14:04:35,1.17.3,LeftRight,2,3.85,nan,1,Right,Left,630,1288,309,180315616,nan,nan,0.02
8/19/2026 14:04:37,1.17.3,LeftRight,2,3.86,2,1,Pellet,Left,630,1288,310,180315616,0.23,151,nan
8/19/2026 14:04:57,1.17.3,LeftRight,2,3.85,nan,1,Left,Left,631,1288,310,180337339,nan,nan,0.00
8/19/2026 14:04:58,1.17.3,LeftRight,2,3.86,nan,1,Left,Left,632,1288,310,180338605,nan,nan,0.00
8/19/2026 14:05:01,1.17.3,LeftRight,2,3.85,nan,1,Right,Left,632,1289,310,180340581,nan,nan,1.21
8/19/2026 14:05:02,1.17.3,LeftRight,2,3.85,2,1,Pellet,Left,632,1289,311,180340581,0.41,26,nan
8/19/2026 14:05:16,1.17.3,LeftRight,2,3.86,nan,1,Left,Left,633,1289,311,180356904,nan,nan,0.00
8/19/2026 14:05:18,1.17.3,LeftRight,2,3.85,nan,1,Right,Left,633,1290,311,180358879,nan,nan,0.07
8/19/2026 14:05:19,1.17.3,LeftRight,2,3.85,nan,1,RightDuringDispense,Left,633,1291,311,180358879,nan,nan,0.30
8/19/2026 14:05:35,1.17.3,LeftRight,2,3.85,7,1,Pellet,Left,633,1291,312,180358879,3.77,33,nan
8/19/2026 14:05:54,1.17.3,LeftRight,2,3.85,nan,1,Right,Left,633,1292,312,180394123,nan,nan,0.17
8/19/2026 14:05:58,1.17.3,LeftRight,2,3.86,nan,1,Right,Left,633,1293,312,180398338,nan,nan,0.09
8/19/2026 14:05:59,1.17.3,LeftRight,2,3.86,nan,1,Right,Left,633,1294,312,180399217,nan,nan,0.15
8/19/2026 14:06:02,1.17.3,LeftRight,2,3.85,nan,1,Left,Left,634,1294,312,180402424,nan,nan,0.00
8/19/2026 14:06:03,1.17.3,LeftRight,2,3.86,nan,1,Right,Left,634,1295,312,180403514,nan,nan,0.05
8/19/2026 14:06:11,1.17.3,LeftRight,2,3.86,4,1,Pellet,Left,634,1295,313,180403514,0.47,36,nan
8/19/2026 16:19:38,1.17.3,LeftRight,2,3.85,nan,1,Left,Left,635,1295,313,188418639,nan,nan,0.00
8/19/2026 16:19:41,1.17.3,LeftRight,2,3.85,nan,1,RESET,Left,635,1295,313,188421950,nan,nan,nan
8/19/2026 16:19:42,1.17.3,LeftRight,2,3.85,nan,1,Right,Left,635,1296,313,188422980,nan,nan,0.04
8/19/2026 16:19:48,1.17.3,LeftRight,2,3.85,nan,1,Left,Left,636,1296,313,188428689,nan,nan,0.00
8/19/2026 16:19:48,1.17.3,LeftRight,2,3.85,nan,1,Left,Left,637,1296,313,188429335,nan,nan,0.00
8/19/2026 16:19:50,1.17.3,LeftRight,2,3.85,nan,1,Right,Left,637,1297,313,188431460,nan,nan,0.02
8/19/2026 16:19:56,1.17.3,LeftRight,2,3.85,3,1,Pellet,Left,637,1297,314,188431460,0.23,8025,nan
8/19/2026 16:20:07,1.17.3,LeftRight,2,3.85,nan,1,Left,Left,638,1297,314,188447920,nan,nan,0.00
8/19/2026 16:20:08,1.17.3,LeftRight,2,3.85,nan,1,Left,Left,639,1297,314,188448950,nan,nan,0.00
8/19/2026 16:20:10,1.17.3,LeftRight,2,3.85,nan,1,Right,Left,639,1298,314,188450482,nan,nan,0.13
8/19/2026 16:20:13,1.17.3,LeftRight,2,3.85,2,1,Pellet,Left,639,1298,315,188450482,0.29,17,nan
8/19/2026 16:20:33,1.17.3,LeftRight,2,3.85,nan,1,Right,Left,639,1299,315,188474114,nan,nan,0.21
8/19/2026 16:20:34,1.17.3,LeftRight,2,3.85,nan,1,Right,Left,639,1300,315,188474823,nan,nan,0.58
8/19/2026 16:20:37,1.17.3,LeftRight,2,3.85,nan,1,Left,Left,640,1300,315,188478148,nan,nan,0.00
8/19/2026 16:20:38,1.17.3,LeftRight,2,3.85,nan,1,Left,Left,641,1300,315,188478773,nan,nan,0.00
8/19/2026 16:20:39,1.17.3,LeftRight,2,3.85,nan,1,Right,Left,641,1301,315,188479865,nan,nan,0.20
8/19/2026 16:20:49,1.17.3,LeftRight,2,3.85,6,1,Pellet,Left,641,1301,316,188479865,0.59,36,nan
8/19/2026 16:21:15,1.17.3,LeftRight,2,3.84,nan,1,Right,Left,641,1302,316,188515829,nan,nan,0.00
8/19/2026 16:21:17,1.17.3,LeftRight,2,3.85,nan,1,Left,Left,642,1302,316,188517856,nan,nan,0.00
8/19/2026 16:21:20,1.17.3,LeftRight,2,3.85,nan,1,RESET,Left,642,1302,316,188521019,nan,nan,nan
8/19/2026 16:21:31,1.17.3,LeftRight,2,3.84,nan,1,Right,Left,642,1303,316,188531528,nan,nan,0.08
8/19/2026 16:21:33,1.17.3,LeftRight,2,3.85,nan,1,Left,Left,643,1303,316,188533850,nan,nan,0.00
8/19/2026 16:21:34,1.17.3,LeftRight,2,3.85,nan,1,Right,Left,643,1304,316,188535235,nan,nan,0.00
8/19/2026 16:21:35,1.17.3,LeftRight,2,3.85,1,1,Pellet,Left,643,1304,317,188535235,0.29,46,nan
8/19/2026 16:22:07,1.17.3,LeftRight,2,3.85,nan,1,Right,Left,643,1305,317,188568024,nan,nan,0.12
8/19/2026 16:22:12,1.17.3,LeftRight,2,3.85,nan,1,Left,Left,644,1305,317,188573321,nan,nan,0.00
8/19/2026 16:22:14,1.17.3,LeftRight,2,3.85,nan,1,Left,Left,645,1305,317,188574991,nan,nan,0.00
8/19/2026 16:22:17,1.17.3,LeftRight,2,3.84,nan,1,RESET,Left,645,1305,317,188578006,nan,nan,nan
8/19/2026 16:22:19,1.17.3,LeftRight,2,3.85,nan,1,Right,Left,645,1306,317,188580073,nan,nan,0.06
8/19/2026 16:22:30,1.17.3,LeftRight,2,3.85,nan,1,Left,Left,646,1306,317,188591222,nan,nan,0.00
8/19/2026 16:22:34,1.17.3,LeftRight,2,3.85,nan,1,RESET,Left,646,1306,317,188594977,nan,nan,nan
8/19/2026 16:23:05,1.17.3,LeftRight,2,3.85,nan,1,Right,Left,646,1307,317,188625779,nan,nan,0.06
8/19/2026 16:25:54,1.17.3,LeftRight,2,3.85,nan,1,Left,Left,647,1307,317,188794823,nan,nan,0.00
8/19/2026 16:25:55,1.17.3,LeftRight,2,3.85,nan,1,Left,Left,648,1307,317,188796346,nan,nan,0.00
8/19/2026 16:25:57,1.17.3,LeftRight,2,3.85,nan,1,Right,Left,648,1308,317,188798325,nan,nan,0.00
8/19/2026 16:25:58,1.17.3,LeftRight,2,3.85,nan,1,RightDuringDispense,Left,648,1309,317,188798325,nan,nan,0.26
8/19/2026 16:26:01,1.17.3,LeftRight,2,3.85,3,1,Pellet,Left,648,1309,318,188798325,0.06,266,nan
8/19/2026 16:26:15,1.17.3,LeftRight,2,3.85,nan,1,Right,Left,648,1310,318,188815599,nan,nan,0.37
8/19/2026 16:30:46,1.17.3,LeftRight,2,3.85,nan,1,Right,Left,648,1311,318,189086364,nan,nan,0.32
8/19/2026 16:36:04,1.17.3,LeftRight,2,3.85,nan,1,Left,Left,649,1311,318,189405491,nan,nan,0.00
8/19/2026 16:36:05,1.17.3,LeftRight,2,3.85,nan,1,Right,Left,649,1312,318,189406140,nan,nan,0.02
8/19/2026 16:36:09,1.17.3,LeftRight,2,3.85,3,1,Pellet,Left,649,1312,319,189406140,0.23,608,nan
8/19/2026 16:36:19,1.17.3,LeftRight,2,3.85,nan,1,Right,Left,649,1313,319,189419424,nan,nan,0.45
8/19/2026 16:36:21,1.17.3,LeftRight,2,3.85,nan,1,Left,Left,650,1313,319,189421921,nan,nan,0.00
8/19/2026 16:36:23,1.17.3,LeftRight,2,3.85,nan,1,Right,Left,650,1314,319,189423754,nan,nan,0.00
8/19/2026 16:36:24,1.17.3,LeftRight,2,3.85,2,1,Pellet,Left,650,1314,320,189423754,0.06,15,nan
8/19/2026 16:36:34,1.17.3,LeftRight,2,3.85,nan,1,Left,Left,651,1314,320,189434985,nan,nan,0.00
8/19/2026 16:36:36,1.17.3,LeftRight,2,3.85,nan,1,Right,Left,651,1315,320,189436820,nan,nan,0.00
8/19/2026 16:36:37,1.17.3,LeftRight,2,3.85,2,1,Pellet,Left,651,1315,321,189436820,0.17,13,nan
8/19/2026 16:36:50,1.17.3,LeftRight,2,3.85,nan,1,Right,Left,651,1316,321,189450718,nan,nan,0.27
8/19/2026 16:36:55,1.17.3,LeftRight,2,3.85,nan,1,Right,Left,651,1317,321,189455935,nan,nan,0.23
8/19/2026 16:36:57,1.17.3,LeftRight,2,3.85,nan,1,Right,Left,651,1318,321,189456962,nan,nan,0.57
8/19/2026 17:02:52,1.17.3,LeftRight,2,3.85,nan,1,Right,Left,651,1319,321,191012510,nan,nan,0.11
8/19/2026 17:02:54,1.17.3,LeftRight,2,3.85,nan,1,Left,Left,652,1319,321,191015295,nan,nan,0.00
8/19/2026 17:02:57,1.17.3,LeftRight,2,3.85,nan,1,Right,Left,652,1320,321,191017872,nan,nan,0.10
8/19/2026 17:02:58,1.17.3,LeftRight,2,3.85,2,1,Pellet,Left,652,1320,322,191017872,0.06,1581,nan
8/19/2026 17:03:19,1.17.3,LeftRight,2,3.85,nan,1,Right,Left,652,1321,322,191039387,nan,nan,0.23
8/19/2026 17:03:20,1.17.3,LeftRight,2,3.85,nan,1,Right,Left,652,1322,322,191040411,nan,nan,0.29
8/19/2026 17:03:22,1.17.3,LeftRight,2,3.85,nan,1,Left,Left,653,1322,322,191043320,nan,nan,0.00
8/19/2026 17:03:23,1.17.3,LeftRight,2,3.85,nan,1,Left,Left,654,1322,322,191044085,nan,nan,0.00
8/19/2026 17:03:26,1.17.3,LeftRight,2,3.85,nan,1,RESET,Left,654,1322,322,191047109,nan,nan,nan
8/19/2026 17:03:26,1.17.3,LeftRight,2,3.85,nan,1,Right,Left,654,1323,322,191047256,nan,nan,0.00
8/19/2026 17:03:35,1.17.3,LeftRight,2,3.84,nan,1,Left,Left,655,1323,322,191056472,nan,nan,0.00
8/19/2026 17:03:38,1.17.3,LeftRight,2,3.85,nan,1,Right,Left,655,1324,322,191058751,nan,nan,0.13
8/19/2026 17:03:46,1.17.3,LeftRight,2,3.85,5,1,Pellet,Left,655,1324,323,191058751,0.53,48,nan
8/19/2026 17:04:00,1.17.3,LeftRight,2,3.84,nan,1,Left,Left,656,1324,323,191081142,nan,nan,0.00
8/19/2026 17:04:03,1.17.3,LeftRight,2,3.84,nan,1,RESET,Left,656,1324,323,191084016,nan,nan,nan
8/19/2026 17:17:51,1.17.3,LeftRight,2,3.85,nan,1,Right,Left,656,1325,323,191912076,nan,nan,0.05
8/19/2026 17:18:08,1.17.3,LeftRight,2,3.85,nan,1,Right,Left,656,1326,323,191929264,nan,nan,0.00
8/19/2026 17:57:16,1.17.3,LeftRight,2,3.84,nan,1,Left,Left,657,1326,323,194277501,nan,nan,0.00
8/19/2026 17:57:17,1.17.3,LeftRight,2,3.85,nan,1,Right,Left,657,1327,323,194278447,nan,nan,0.10
8/19/2026 17:57:21,1.17.3,LeftRight,2,3.85,2,1,Pellet,Left,657,1327,324,194278447,0.53,3215,nan
8/19/2026 17:57:29,1.17.3,LeftRight,2,3.84,nan,1,Left,Left,658,1327,324,194289843,nan,nan,0.00
8/19/2026 17:57:32,1.17.3,LeftRight,2,3.84,nan,1,RESET,Left,658,1327,324,194293170,nan,nan,nan
8/19/2026 17:57:42,1.17.3,LeftRight,2,3.85,nan,1,Left,Left,659,1327,324,194302918,nan,nan,0.00
8/19/2026 17:57:42,1.17.3,LeftRight,2,3.84,nan,1,Left,Left,660,1327,324,194303548,nan,nan,0.00
8/19/2026 17:57:43,1.17.3,LeftRight,2,3.85,nan,1,Right,Left,660,1328,324,194304643,nan,nan,0.00
8/19/2026 17:57:44,1.17.3,LeftRight,2,3.84,2,1,Pellet,Left,660,1328,325,194304643,0.06,23,nan
8/19/2026 17:57:54,1.17.3,LeftRight,2,3.84,nan,1,Right,Left,660,1329,325,194315382,nan,nan,0.29
8/19/2026 18:04:20,1.17.3,LeftRight,2,3.84,nan,1,Left,Left,661,1329,325,194700976,nan,nan,0.00
8/19/2026 18:04:21,1.17.3,LeftRight,2,3.85,nan,1,Left,Left,662,1329,325,194702055,nan,nan,0.00
8/19/2026 18:04:24,1.17.3,LeftRight,2,3.85,nan,1,RESET,Left,662,1329,325,194705238,nan,nan,nan
8/19/2026 18:06:06,1.17.3,LeftRight,2,3.84,nan,1,Right,Left,662,1330,325,194807308,nan,nan,0.33
8/19/2026 18:12:31,1.17.3,LeftRight,2,3.84,nan,1,Right,Left,662,1331,325,195191851,nan,nan,0.49
8/19/2026 18:12:35,1.17.3,LeftRight,2,3.84,nan,1,Left,Left,663,1331,325,195195813,nan,nan,0.00
8/19/2026 18:12:36,1.17.3,LeftRight,2,3.85,nan,1,Left,Left,664,1331,325,195197092,nan,nan,0.00
8/19/2026 18:12:37,1.17.3,LeftRight,2,3.84,nan,1,Right,Left,664,1332,325,195197741,nan,nan,0.01
8/19/2026 18:12:37,1.17.3,LeftRight,2,3.84,nan,1,RightDuringDispense,Left,664,1333,325,195197741,nan,nan,0.07
8/19/2026 18:12:40,1.17.3,LeftRight,2,3.85,3,1,Pellet,Left,664,1333,326,195197741,0.06,896,nan
8/19/2026 18:12:50,1.17.3,LeftRight,2,3.84,nan,1,Right,Left,664,1334,326,195210299,nan,nan,0.45
8/19/2026 18:12:52,1.17.3,LeftRight,2,3.84,nan,1,Left,Left,665,1334,326,195213138,nan,nan,0.00
8/19/2026 18:12:55,1.17.3,LeftRight,2,3.84,nan,1,RESET,Left,665,1334,326,195216170,nan,nan,nan
8/19/2026 18:12:57,1.17.3,LeftRight,2,3.84,nan,1,Left,Left,666,1334,326,195218301,nan,nan,0.00
8/19/2026 18:13:00,1.17.3,LeftRight,2,3.84,nan,1,RESET,Left,666,1334,326,195221187,nan,nan,nan
8/19/2026 18:13:01,1.17.3,LeftRight,2,3.84,nan,1,Right,Left,666,1335,326,195221629,nan,nan,0.15
8/19/2026 18:13:03,1.17.3,LeftRight,2,3.84,nan,1,Left,Left,667,1335,326,195224024,nan,nan,0.00
8/19/2026 18:13:04,1.17.3,LeftRight,2,3.85,nan,1,Right,Left,667,1336,326,195225269,nan,nan,0.01
8/19/2026 18:13:05,1.17.3,LeftRight,2,3.84,2,1,Pellet,Left,667,1336,327,195225269,0.35,25,nan
8/19/2026 18:13:13,1.17.3,LeftRight,2,3.84,nan,1,Left,Left,668,1336,327,195234699,nan,nan,0.00
8/19/2026 18:13:14,1.17.3,LeftRight,2,3.84,nan,1,Right,Left,668,1337,327,195235646,nan,nan,0.00
8/19/2026 18:13:16,1.17.3,LeftRight,2,3.84,2,1,Pellet,Left,668,1337,328,195235646,0.06,11,nan
8/19/2026 18:15:52,1.17.3,LeftRight,2,3.84,nan,1,Right,Left,668,1338,328,195393070,nan,nan,0.00
8/19/2026 18:21:38,1.17.3,LeftRight,2,3.85,nan,1,Left,Left,669,1338,328,195739736,nan,nan,0.00
8/19/2026 18:21:42,1.17.3,LeftRight,2,3.85,nan,1,RESET,Left,669,1338,328,195743217,nan,nan,nan
8/19/2026 18:29:19,1.17.3,LeftRight,2,3.84,nan,1,Right,Left,669,1339,328,196200263,nan,nan,0.18
8/19/2026 18:31:33,1.17.3,LeftRight,2,3.84,nan,1,Left,Left,670,1339,328,196334424,nan,nan,0.00
8/19/2026 18:31:37,1.17.3,LeftRight,2,3.84,nan,1,RESET,Left,670,1339,328,196338199,nan,nan,nan
8/19/2026 18:33:59,1.17.3,LeftRight,2,3.84,nan,1,Right,Left,670,1340,328,196480161,nan,nan,0.15
8/19/2026 18:35:39,1.17.3,LeftRight,2,3.85,nan,1,Right,Left,670,1341,328,196579840,nan,nan,0.36
8/19/2026 18:35:41,1.17.3,LeftRight,2,3.84,nan,1,Left,Left,671,1341,328,196582109,nan,nan,0.00
8/19/2026 18:35:42,1.17.3,LeftRight,2,3.84,nan,1,Right,Left,671,1342,328,196583056,nan,nan,0.03
8/19/2026 18:35:45,1.17.3,LeftRight,2,3.84,2,1,Pellet,Left,671,1342,329,196583056,0.29,1349,nan
8/19/2026 18:35:58,1.17.3,LeftRight,2,3.84,nan,1,Left,Left,672,1342,329,196599146,nan,nan,0.00
8/19/2026 18:35:58,1.17.3,LeftRight,2,3.84,nan,1,Left,Left,673,1342,329,196599744,nan,nan,0.00
8/19/2026 18:35:59,1.17.3,LeftRight,2,3.84,nan,1,Right,Left,673,1343,329,196600545,nan,nan,0.02
8/19/2026 18:36:00,1.17.3,LeftRight,2,3.84,1,1,Pellet,Left,673,1343,330,196600545,0.53,15,nan
8/19/2026 18:36:09,1.17.3,LeftRight,2,3.84,nan,1,Left,Left,674,1343,330,196610802,nan,nan,0.00
8/19/2026 18:36:10,1.17.3,LeftRight,2,3.84,nan,1,Right,Left,674,1344,330,196611600,nan,nan,0.06
8/19/2026 18:36:16,1.17.3,LeftRight,2,3.84,3,1,Pellet,Left,674,1344,331,196611600,0.29,16,nan
8/19/2026 18:36:29,1.17.3,LeftRight,2,3.84,nan,1,Left,Left,675,1344,331,196630014,nan,nan,0.00
8/19/2026 18:36:31,1.17.3,LeftRight,2,3.84,nan,1,Right,Left,675,1345,331,196632004,nan,nan,0.01
8/19/2026 18:36:34,1.17.3,LeftRight,2,3.84,3,1,Pellet,Left,675,1345,332,196632004,0.06,18,nan
8/19/2026 18:36:44,1.17.3,LeftRight,2,3.84,nan,1,Left,Left,676,1345,332,196645309,nan,nan,0.00
8/19/2026 18:36:45,1.17.3,LeftRight,2,3.84,nan,1,Right,Left,676,1346,332,196646107,nan,nan,0.01
8/19/2026 18:36:53,1.17.3,LeftRight,2,3.84,2,1,Pellet,Left,676,1346,333,196646107,6.95,19,nan
8/19/2026 18:37:12,1.17.3,LeftRight,2,3.84,nan,1,Left,Left,677,1346,333,196673639,nan,nan,0.00
8/19/2026 18:37:16,1.17.3,LeftRight,2,3.84,nan,1,Right,Left,677,1347,333,196677116,nan,nan,0.37
8/19/2026 18:37:18,1.17.3,LeftRight,2,3.84,2,1,Pellet,Left,677,1347,334,196677116,0.59,25,nan
8/19/2026 18:41:33,1.17.3,LeftRight,2,3.83,nan,1,Left,Left,678,1347,334,196934674,nan,nan,0.00
8/19/2026 18:41:37,1.17.3,LeftRight,2,3.84,nan,1,RESET,Left,678,1347,334,196938296,nan,nan,nan
8/19/2026 18:52:45,1.17.3,LeftRight,2,3.83,nan,1,Left,Left,679,1347,334,197606757,nan,nan,0.00
8/19/2026 18:52:49,1.17.3,LeftRight,2,3.84,nan,1,RESET,Left,679,1347,334,197610233,nan,nan,nan
8/19/2026 18:57:14,1.17.3,LeftRight,2,3.84,nan,1,Left,Left,680,1347,334,197875639,nan,nan,0.00
8/19/2026 18:57:17,1.17.3,LeftRight,2,3.84,nan,1,RESET,Left,680,1347,334,197878372,nan,nan,nan
8/19/2026 18:58:01,1.17.3,LeftRight,2,3.84,nan,1,Left,Left,681,1347,334,197921917,nan,nan,0.00
8/19/2026 18:58:04,1.17.3,LeftRight,2,3.84,nan,1,RESET,Left,681,1347,334,197925246,nan,nan,nan
8/19/2026 18:59:26,1.17.3,LeftRight,2,3.83,nan,1,Left,Left,682,1347,334,198007738,nan,nan,0.00
8/19/2026 18:59:30,1.17.3,LeftRight,2,3.84,nan,1,RESET,Left,682,1347,334,198011365,nan,nan,nan
8/19/2026 19:06:45,1.17.3,LeftRight,2,3.84,nan,1,Right,Left,682,1348,334,198446137,nan,nan,0.55
8/19/2026 19:06:47,1.17.3,LeftRight,2,3.84,nan,1,Left,Left,683,1348,334,198448316,nan,nan,0.00
8/19/2026 19:06:50,1.17.3,LeftRight,2,3.84,nan,1,RESET,Left,683,1348,334,198451350,nan,nan,nan
8/19/2026 19:07:23,1.17.3,LeftRight,2,3.84,nan,1,Left,Left,684,1348,334,198484047,nan,nan,0.00
8/19/2026 19:07:26,1.17.3,LeftRight,2,3.84,nan,1,RESET,Left,684,1348,334,198487376,nan,nan,nan
8/19/2026 19:07:45,1.17.3,LeftRight,2,3.83,nan,1,Left,Left,685,1348,334,198506614,nan,nan,0.00
8/19/2026 19:07:49,1.17.3,LeftRight,2,3.84,nan,1,RESET,Left,685,1348,334,198510391,nan,nan,nan
8/19/2026 19:19:44,1.17.3,LeftRight,2,3.84,nan,1,Right,Left,685,1349,334,199224790,nan,nan,0.53
8/19/2026 19:25:26,1.17.3,LeftRight,2,3.84,nan,1,Right,Left,685,1350,334,199567400,nan,nan,0.09
8/19/2026 19:29:53,1.17.3,LeftRight,2,3.84,nan,1,Right,Left,685,1351,334,199833770,nan,nan,0.28
8/19/2026 19:30:35,1.17.3,LeftRight,2,3.84,nan,1,Left,Left,686,1351,334,199876670,nan,nan,0.00
8/19/2026 19:30:36,1.17.3,LeftRight,2,3.84,nan,1,Right,Left,686,1352,334,199877766,nan,nan,0.04
8/19/2026 19:30:40,1.17.3,LeftRight,2,3.84,3,1,Pellet,Left,686,1352,335,199877766,0.17,3202,nan
8/19/2026 19:30:55,1.17.3,LeftRight,2,3.83,nan,1,Right,Left,686,1353,335,199896678,nan,nan,0.22
8/19/2026 19:30:57,1.17.3,LeftRight,2,3.83,nan,1,Left,Left,687,1353,335,199898605,nan,nan,0.00
8/19/2026 19:31:01,1.17.3,LeftRight,2,3.83,nan,1,RESET,Left,687,1353,335,199902381,nan,nan,nan
8/19/2026 19:31:08,1.17.3,LeftRight,2,3.83,nan,1,Right,Left,687,1354,335,199906991,nan,nan,2.46
8/19/2026 19:31:10,1.17.3,LeftRight,2,3.83,nan,1,Right,Left,687,1355,335,199910553,nan,nan,0.56
8/19/2026 19:31:11,1.17.3,LeftRight,2,3.84,nan,1,Left,Left,688,1355,335,199912600,nan,nan,0.00
8/19/2026 19:31:15,1.17.3,LeftRight,2,3.83,nan,1,RESET,Left,688,1355,335,199916380,nan,nan,nan
8/19/2026 19:32:17,1.17.3,LeftRight,2,3.83,nan,1,Left,Left,689,1355,335,199977969,nan,nan,0.00
8/19/2026 19:32:19,1.17.3,LeftRight,2,3.84,nan,1,Left,Left,690,1355,335,199980421,nan,nan,0.00
8/19/2026 19:32:22,1.17.3,LeftRight,2,3.84,nan,1,RESET,Left,690,1355,335,199983454,nan,nan,nan
8/19/2026 19:32:25,1.17.3,LeftRight,2,3.84,nan,1,Left,Left,691,1355,335,199986736,nan,nan,0.00
8/19/2026 19:32:29,1.17.3,LeftRight,2,3.84,nan,1,RESET,Left,691,1355,335,199990366,nan,nan,nan
8/19/2026 19:33:50,1.17.3,LeftRight,2,3.84,nan,1,Right,Left,691,1356,335,200071044,nan,nan,0.39
8/19/2026 20:01:23,1.17.3,LeftRight,2,3.84,nan,1,Left,Left,692,1356,335,201724718,nan,nan,0.00
8/19/2026 20:01:26,1.17.3,LeftRight,2,3.83,nan,1,RESET,Left,692,1356,335,201727454,nan,nan,nan
8/19/2026 20:01:30,1.17.3,LeftRight,2,3.84,nan,1,Right,Left,692,1357,335,201731025,nan,nan,0.00
8/19/2026 20:02:50,1.17.3,LeftRight,2,3.83,nan,1,Left,Left,693,1357,335,201811914,nan,nan,0.00
8/19/2026 20:02:54,1.17.3,LeftRight,2,3.83,nan,1,RESET,Left,693,1357,335,201815547,nan,nan,nan
8/19/2026 20:03:01,1.17.3,LeftRight,2,3.83,nan,1,Left,Left,694,1357,335,201822970,nan,nan,0.00
8/19/2026 20:03:05,1.17.3,LeftRight,2,3.83,nan,1,RESET,Left,694,1357,335,201826450,nan,nan,nan
8/19/2026 20:03:07,1.17.3,LeftRight,2,3.84,nan,1,Left,Left,695,1357,335,201828587,nan,nan,0.00
8/19/2026 20:03:09,1.17.3,LeftRight,2,3.84,nan,1,Right,Left,695,1358,335,201830285,nan,nan,0.24
8/19/2026 20:03:17,1.17.3,LeftRight,2,3.84,5,1,Pellet,Left,695,1358,336,201830285,0.71,1957,nan
8/19/2026 20:03:30,1.17.3,LeftRight,2,3.83,nan,1,Right,Left,695,1359,336,201851041,nan,nan,0.01
8/19/2026 20:03:31,1.17.3,LeftRight,2,3.83,nan,1,Left,Left,696,1359,336,201852932,nan,nan,0.00
8/19/2026 20:03:33,1.17.3,LeftRight,2,3.83,nan,1,Right,Left,696,1360,336,201854477,nan,nan,0.03
8/19/2026 20:03:34,1.17.3,LeftRight,2,3.83,2,1,Pellet,Left,696,1360,337,201854477,0.12,17,nan
8/19/2026 20:03:50,1.17.3,LeftRight,2,3.83,nan,1,Right,Left,696,1361,337,201871017,nan,nan,0.05
8/19/2026 20:03:56,1.17.3,LeftRight,2,3.83,nan,1,Right,Left,696,1362,337,201877530,nan,nan,0.02
8/19/2026 20:03:59,1.17.3,LeftRight,2,3.84,nan,1,Left,Left,697,1362,337,201880133,nan,nan,0.00
8/19/2026 20:04:00,1.17.3,LeftRight,2,3.83,nan,1,Right,Left,697,1363,337,201881527,nan,nan,0.04
8/19/2026 20:04:14,1.17.3,LeftRight,2,3.77,nan,1,LeftDuringDispense,Left,698,1363,337,201881527,nan,nan,0.16
8/19/2026 20:04:15,1.17.3,LeftRight,2,3.77,nan,1,LeftDuringDispense,Left,699,1363,337,201881527,nan,nan,0.18
8/19/2026 20:04:19,1.17.3,LeftRight,2,3.83,nan,1,LeftWithPellet,Left,700,1363,337,201881527,nan,nan,0.41
8/19/2026 20:04:21,1.17.3,LeftRight,2,3.83,9,1,Pellet,Left,700,1363,338,201881527,3.93,47,nan
8/19/2026 20:04:35,1.17.3,LeftRight,2,3.83,nan,1,Left,Left,701,1363,338,201916487,nan,nan,0.00
8/19/2026 20:04:38,1.17.3,LeftRight,2,3.83,nan,1,Left,Left,702,1363,338,201919305,nan,nan,0.00
8/19/2026 20:04:39,1.17.3,LeftRight,2,3.83,nan,1,Right,Left,702,1364,338,201920107,nan,nan,0.00
8/19/2026 20:04:40,1.17.3,LeftRight,2,3.83,2,1,Pellet,Left,702,1364,339,201920107,0.47,19,nan
8/19/2026 20:04:49,1.17.3,LeftRight,2,3.84,nan,1,Left,Left,703,1364,339,201931009,nan,nan,0.00
8/19/2026 20:04:50,1.17.3,LeftRight,2,3.83,nan,1,Right,Left,703,1365,339,201931956,nan,nan,0.00
8/19/2026 20:04:52,1.17.3,LeftRight,2,3.83,2,1,Pellet,Left,703,1365,340,201931956,0.06,11,nan
8/19/2026 20:05:07,1.17.3,LeftRight,2,3.83,nan,1,Right,Left,703,1366,340,201948080,nan,nan,0.13
8/19/2026 20:05:09,1.17.3,LeftRight,2,3.84,nan,1,Left,Left,704,1366,340,201950606,nan,nan,0.00
8/19/2026 20:05:10,1.17.3,LeftRight,2,3.84,nan,1,Right,Left,704,1367,340,201951404,nan,nan,0.20
8/19/2026 20:05:11,1.17.3,LeftRight,2,3.83,nan,1,RightDuringDispense,Left,704,1368,340,201951404,nan,nan,0.18
8/19/2026 20:05:15,1.17.3,LeftRight,2,3.83,3,1,Pellet,Left,704,1368,341,201951404,0.89,24,nan
8/19/2026 20:08:13,1.17.3,LeftRight,2,3.83,nan,1,Left,Left,705,1368,341,202134920,nan,nan,0.00
8/19/2026 20:08:17,1.17.3,LeftRight,2,3.83,nan,1,RESET,Left,705,1368,341,202138552,nan,nan,nan
8/19/2026 20:22:18,1.17.3,LeftRight,2,3.83,nan,1,Left,Left,706,1368,341,202979640,nan,nan,0.00
8/19/2026 20:22:22,1.17.3,LeftRight,2,3.84,nan,1,RESET,Left,706,1368,341,202983566,nan,nan,nan
8/19/2026 20:25:55,1.17.3,LeftRight,2,3.83,nan,1,Left,Left,707,1368,341,203196710,nan,nan,0.00
8/19/2026 20:25:58,1.17.3,LeftRight,2,3.83,nan,1,RESET,Left,707,1368,341,203199592,nan,nan,nan
8/19/2026 20:25:59,1.17.3,LeftRight,2,3.83,nan,1,Right,Left,707,1369,341,203199739,nan,nan,0.63
8/19/2026 20:26:00,1.17.3,LeftRight,2,3.83,nan,1,Left,Left,708,1369,341,203202064,nan,nan,0.00
8/19/2026 20:26:03,1.17.3,LeftRight,2,3.83,nan,1,Right,Left,708,1370,341,203203756,nan,nan,0.40
8/19/2026 20:26:04,1.17.3,LeftRight,2,3.83,2,1,Pellet,Left,708,1370,342,203203756,0.53,1249,nan
8/19/2026 20:26:23,1.17.3,LeftRight,2,3.83,nan,1,Left,Left,709,1370,342,203224500,nan,nan,0.00
8/19/2026 20:26:27,1.17.3,LeftRight,2,3.83,nan,1,RESET,Left,709,1370,342,203228575,nan,nan,nan
8/19/2026 20:26:29,1.17.3,LeftRight,2,3.84,nan,1,Right,Left,709,1371,342,203230062,nan,nan,0.47
8/19/2026 20:26:30,1.17.3,LeftRight,2,3.83,nan,1,Right,Left,709,1372,342,203231032,nan,nan,0.21
8/19/2026 20:26:30,1.17.3,LeftRight,2,3.83,nan,1,Right,Left,709,1373,342,203231739,nan,nan,0.12
8/19/2026 20:26:33,1.17.3,LeftRight,2,3.83,nan,1,Left,Left,710,1373,342,203234072,nan,nan,0.00
8/19/2026 20:26:33,1.17.3,LeftRight,2,3.83,nan,1,Right,Left,710,1374,342,203234721,nan,nan,0.00
8/19/2026 20:26:36,1.17.3,LeftRight,2,3.83,3,1,Pellet,Left,710,1374,343,203234721,0.06,32,nan
8/19/2026 20:26:45,1.17.3,LeftRight,2,3.83,nan,1,Left,Left,711,1374,343,203246523,nan,nan,0.00
8/19/2026 20:26:46,1.17.3,LeftRight,2,3.84,nan,1,Right,Left,711,1375,343,203247171,nan,nan,0.01
8/19/2026 20:26:49,1.17.3,LeftRight,2,3.83,2,1,Pellet,Left,711,1375,344,203247171,0.47,13,nan
8/19/2026 20:27:05,1.17.3,LeftRight,2,3.83,nan,1,Left,Left,712,1375,344,203266484,nan,nan,0.00
8/19/2026 20:27:06,1.17.3,LeftRight,2,3.83,nan,1,Right,Left,712,1376,344,203267284,nan,nan,0.00
8/19/2026 20:27:11,1.17.3,LeftRight,2,3.83,3,1,Pellet,Left,712,1376,345,203267284,0.17,22,nan
8/19/2026 20:27:23,1.17.3,LeftRight,2,3.83,nan,1,Left,Left,713,1376,345,203284577,nan,nan,0.00
8/19/2026 20:27:24,1.17.3,LeftRight,2,3.83,nan,1,Right,Left,713,1377,345,203285969,nan,nan,0.00
8/19/2026 20:27:37,1.17.3,LeftRight,2,3.83,7,1,Pellet,Left,713,1377,346,203285969,0.89,26,nan
8/19/2026 20:39:52,1.17.3,LeftRight,2,3.83,nan,1,Left,Left,714,1377,346,204033918,nan,nan,0.00
8/19/2026 20:39:55,1.17.3,LeftRight,2,3.83,nan,1,RESET,Left,714,1377,346,204036502,nan,nan,nan
8/19/2026 20:44:38,1.17.3,LeftRight,2,3.83,nan,1,Right,Left,714,1378,346,204319313,nan,nan,0.00
8/19/2026 20:49:14,1.17.3,LeftRight,2,3.83,nan,1,Left,Left,715,1378,346,204595222,nan,nan,0.00
8/19/2026 20:49:16,1.17.3,LeftRight,2,3.83,nan,1,RESET,Left,715,1378,346,204597657,nan,nan,nan
8/19/2026 20:58:01,1.17.3,LeftRight,2,3.83,nan,1,Right,Left,715,1379,346,205122407,nan,nan,0.43
8/19/2026 21:03:55,1.17.3,LeftRight,2,3.83,nan,1,Left,Left,716,1379,346,205476619,nan,nan,0.00
8/19/2026 21:03:58,1.17.3,LeftRight,2,3.83,nan,1,RESET,Left,716,1379,346,205479648,nan,nan,nan
8/19/2026 21:12:10,1.17.3,LeftRight,2,3.83,nan,1,Left,Left,717,1379,346,205971308,nan,nan,0.00
8/19/2026 21:12:13,1.17.3,LeftRight,2,3.83,nan,1,RESET,Left,717,1379,346,205974629,nan,nan,nan
8/19/2026 21:12:47,1.17.3,LeftRight,2,3.83,nan,1,Left,Left,718,1379,346,206008894,nan,nan,0.00
8/19/2026 21:12:51,1.17.3,LeftRight,2,3.83,nan,1,RESET,Left,718,1379,346,206012667,nan,nan,nan
8/19/2026 21:13:04,1.17.3,LeftRight,2,3.83,nan,1,Right,Left,718,1380,346,206025889,nan,nan,0.01
8/19/2026 21:13:12,1.17.3,LeftRight,2,3.83,nan,1,Right,Left,718,1381,346,206033988,nan,nan,0.16
8/19/2026 21:13:47,1.17.3,LeftRight,2,3.83,nan,1,Left,Left,719,1381,346,206068370,nan,nan,0.00
8/19/2026 21:13:50,1.17.3,LeftRight,2,3.83,nan,1,RESET,Left,719,1381,346,206071692,nan,nan,nan
8/19/2026 21:13:56,1.17.3,LeftRight,2,3.83,nan,1,Left,Left,720,1381,346,206077587,nan,nan,0.00
8/19/2026 21:13:59,1.17.3,LeftRight,2,3.83,nan,1,RESET,Left,720,1381,346,206080617,nan,nan,nan
8/19/2026 21:14:00,1.17.3,LeftRight,2,3.83,nan,1,Left,Left,721,1381,346,206082142,nan,nan,0.00
8/19/2026 21:14:04,1.17.3,LeftRight,2,3.83,nan,1,RESET,Left,721,1381,346,206085612,nan,nan,nan
8/19/2026 21:14:06,1.17.3,LeftRight,2,3.83,nan,1,Right,Left,721,1382,346,206087835,nan,nan,0.22
8/19/2026 21:14:08,1.17.3,LeftRight,2,3.83,nan,1,Left,Left,722,1382,346,206090106,nan,nan,0.00
8/19/2026 21:14:09,1.17.3,LeftRight,2,3.83,nan,1,Right,Left,722,1383,346,206090758,nan,nan,0.03
8/19/2026 21:14:09,1.17.3,LeftRight,2,3.83,nan,1,RightDuringDispense,Left,722,1384,346,206090758,nan,nan,0.09
8/19/2026 21:14:19,1.17.3,LeftRight,2,3.83,3,1,Pellet,Left,722,1384,347,206090758,4.91,2802,nan
8/19/2026 21:14:38,1.17.3,LeftRight,2,3.83,nan,1,Left,Left,723,1384,347,206120056,nan,nan,0.00
8/19/2026 21:14:41,1.17.3,LeftRight,2,3.83,nan,1,Right,Left,723,1385,347,206122190,nan,nan,0.17
8/19/2026 21:14:42,1.17.3,LeftRight,2,3.83,1,1,Pellet,Left,723,1385,348,206122190,0.59,23,nan
8/19/2026 21:15:05,1.17.3,LeftRight,2,3.83,nan,1,Left,Left,724,1385,348,206147037,nan,nan,0.00
8/19/2026 21:15:07,1.17.3,LeftRight,2,3.83,nan,1,Right,Left,724,1386,348,206148281,nan,nan,0.00
8/19/2026 21:15:18,1.17.3,LeftRight,2,3.83,6,1,Pellet,Left,724,1386,349,206148281,1.79,36,nan
8/19/2026 21:15:39,1.17.3,LeftRight,2,3.83,nan,1,Right,Left,724,1387,349,206179942,nan,nan,0.55
8/19/2026 21:15:40,1.17.3,LeftRight,2,3.83,nan,1,Left,Left,725,1387,349,206182039,nan,nan,0.00
8/19/2026 21:15:42,1.17.3,LeftRight,2,3.83,nan,1,Right,Left,725,1388,349,206182985,nan,nan,0.46
8/19/2026 21:15:58,1.17.3,LeftRight,2,3.83,9,1,Pellet,Left,725,1388,350,206182985,0.29,40,nan
8/19/2026 21:16:07,1.17.3,LeftRight,2,3.83,nan,1,Right,Left,725,1389,350,206208788,nan,nan,0.10
8/19/2026 21:16:11,1.17.3,LeftRight,2,3.83,nan,1,Right,Left,725,1390,350,206212065,nan,nan,0.23
8/19/2026 21:16:13,1.17.3,LeftRight,2,3.83,nan,1,Left,Left,726,1390,350,206214967,nan,nan,0.00
8/19/2026 21:16:15,1.17.3,LeftRight,2,3.83,nan,1,Right,Left,726,1391,350,206216214,nan,nan,0.11
8/19/2026 21:16:16,1.17.3,LeftRight,2,3.83,2,1,Pellet,Left,726,1391,351,206216214,0.35,18,nan
8/19/2026 21:36:09,1.17.3,LeftRight,2,3.83,nan,1,Left,Left,727,1391,351,207410374,nan,nan,0.00
8/19/2026 21:36:12,1.17.3,LeftRight,2,3.83,nan,1,RESET,Left,727,1391,351,207413697,nan,nan,nan
8/19/2026 21:41:00,1.17.3,LeftRight,2,3.83,nan,1,Right,Left,727,1392,351,207701496,nan,nan,0.00
8/19/2026 21:41:01,1.17.3,LeftRight,2,3.83,nan,1,Right,Left,727,1393,351,207702445,nan,nan,0.24
8/19/2026 21:45:28,1.17.3,LeftRight,2,3.83,nan,1,Right,Left,727,1394,351,207969813,nan,nan,0.42
8/19/2026 21:46:30,1.17.3,LeftRight,2,3.83,nan,1,Left,Left,728,1394,351,208032004,nan,nan,0.00
8/19/2026 21:46:33,1.17.3,LeftRight,2,3.83,nan,1,RESET,Left,728,1394,351,208034736,nan,nan,nan
8/19/2026 21:52:15,1.17.3,LeftRight,2,3.83,nan,1,Left,Left,729,1394,351,208377102,nan,nan,0.00
8/19/2026 21:52:19,1.17.3,LeftRight,2,3.83,nan,1,RESET,Left,729,1394,351,208380729,nan,nan,nan
8/19/2026 22:07:21,1.17.3,LeftRight,2,3.83,nan,1,Right,Left,729,1395,351,209282335,nan,nan,0.25
8/19/2026 22:15:49,1.17.3,LeftRight,2,3.83,nan,1,Right,Left,729,1396,351,209790206,nan,nan,0.81
8/19/2026 22:15:52,1.17.3,LeftRight,2,3.83,nan,1,Right,Left,729,1397,351,209793894,nan,nan,0.13
8/19/2026 22:19:36,1.17.3,LeftRight,2,3.83,nan,1,Left,Left,730,1397,351,210018254,nan,nan,0.00
8/19/2026 22:19:40,1.17.3,LeftRight,2,3.83,nan,1,RESET,Left,730,1397,351,210021877,nan,nan,nan
8/19/2026 22:21:31,1.17.3,LeftRight,2,3.83,nan,1,Right,Left,730,1398,351,210132116,nan,nan,0.59
8/19/2026 22:23:03,1.17.3,LeftRight,2,3.83,nan,1,Right,Left,730,1399,351,210224632,nan,nan,0.05
8/19/2026 22:23:04,1.17.3,LeftRight,2,3.83,nan,1,Right,Left,730,1400,351,210225182,nan,nan,0.61
8/19/2026 22:23:05,1.17.3,LeftRight,2,3.83,nan,1,Left,Left,731,1400,351,210227156,nan,nan,0.00
8/19/2026 22:23:06,1.17.3,LeftRight,2,3.82,nan,1,Right,Left,731,1401,351,210228251,nan,nan,0.06
8/19/2026 22:23:07,1.17.3,LeftRight,2,3.82,2,1,Pellet,Left,731,1401,352,210228251,0.06,4011,nan
8/19/2026 22:23:17,1.17.3,LeftRight,2,3.83,nan,1,Left,Left,732,1401,352,210239350,nan,nan,0.00
8/19/2026 22:23:19,1.17.3,LeftRight,2,3.83,nan,1,Right,Left,732,1402,352,210240892,nan,nan,0.00
8/19/2026 22:23:25,1.17.3,LeftRight,2,3.82,4,1,Pellet,Left,732,1402,353,210240892,0.06,18,nan
8/19/2026 22:23:37,1.17.3,LeftRight,2,3.83,nan,1,Left,Left,733,1402,353,210258661,nan,nan,0.00
8/19/2026 22:23:38,1.17.3,LeftRight,2,3.83,nan,1,Right,Left,733,1403,353,210259611,nan,nan,0.04
8/19/2026 22:23:43,1.17.3,LeftRight,2,3.83,3,1,Pellet,Left,733,1403,354,210259611,0.41,18,nan
8/19/2026 22:23:51,1.17.3,LeftRight,2,3.83,nan,1,Right,Left,733,1404,354,210273084,nan,nan,0.04
8/19/2026 22:23:53,1.17.3,LeftRight,2,3.82,nan,1,Left,Left,734,1404,354,210274620,nan,nan,0.00
8/19/2026 22:23:54,1.17.3,LeftRight,2,3.83,nan,1,Right,Left,734,1405,354,210276013,nan,nan,0.00
8/19/2026 22:24:04,1.17.3,LeftRight,2,3.82,6,1,Pellet,Left,734,1405,355,210276013,0.59,21,nan
8/19/2026 22:24:13,1.17.3,LeftRight,2,3.83,nan,1,Right,Left,734,1406,355,210294416,nan,nan,0.06
8/19/2026 22:24:14,1.17.3,LeftRight,2,3.83,nan,1,Left,Left,735,1406,355,210296230,nan,nan,0.00
8/19/2026 22:24:15,1.17.3,LeftRight,2,3.83,nan,1,Right,Left,735,1407,355,210297178,nan,nan,0.08
8/19/2026 22:24:22,1.17.3,LeftRight,2,3.83,nan,1,RightDuringDispense,Left,735,1408,355,210297178,nan,nan,0.01
8/19/2026 22:24:29,1.17.3,LeftRight,2,3.76,nan,1,LeftDuringDispense,Left,736,1408,355,210297178,nan,nan,0.24
8/19/2026 22:24:31,1.17.3,LeftRight,2,3.83,8,1,Pellet,Left,736,1408,356,210297178,0.77,27,nan
8/19/2026 22:24:38,1.17.3,LeftRight,2,3.82,nan,1,Right,Left,736,1409,356,210319908,nan,nan,0.02
8/19/2026 22:24:40,1.17.3,LeftRight,2,3.83,nan,1,Left,Left,737,1409,356,210322044,nan,nan,0.00
8/19/2026 22:24:41,1.17.3,LeftRight,2,3.83,nan,1,Right,Left,737,1410,356,210322991,nan,nan,0.15
8/19/2026 22:24:42,1.17.3,LeftRight,2,3.83,2,1,Pellet,Left,737,1410,357,210322991,0.12,11,nan
8/19/2026 22:24:53,1.17.3,LeftRight,2,3.82,nan,1,Right,Left,737,1411,357,210334497,nan,nan,0.00
8/19/2026 22:24:55,1.17.3,LeftRight,2,3.83,nan,1,Left,Left,738,1411,357,210336744,nan,nan,0.00
8/19/2026 22:24:57,1.17.3,LeftRight,2,3.83,nan,1,Right,Left,738,1412,357,210338879,nan,nan,0.12
8/19/2026 22:25:01,1.17.3,LeftRight,2,3.83,2,1,Pellet,Left,738,1412,358,210338879,1.25,19,nan
8/19/2026 22:25:10,1.17.3,LeftRight,2,3.83,nan,1,Left,Left,739,1412,358,210351762,nan,nan,0.00
8/19/2026 22:25:11,1.17.3,LeftRight,2,3.83,nan,1,Right,Left,739,1413,358,210353307,nan,nan,0.04
8/19/2026 22:25:12,1.17.3,LeftRight,2,3.83,2,1,Pellet,Left,739,1413,359,210353307,0.12,11,nan
8/19/2026 22:32:40,1.17.3,LeftRight,2,3.83,nan,1,Right,Left,739,1414,359,210801736,nan,nan,0.28
8/19/2026 22:41:50,1.17.3,LeftRight,2,3.83,nan,1,Right,Left,739,1415,359,211352254,nan,nan,0.15
8/19/2026 22:41:52,1.17.3,LeftRight,2,3.83,nan,1,Left,Left,740,1415,359,211354206,nan,nan,0.00
8/19/2026 22:41:55,1.17.3,LeftRight,2,3.83,nan,1,RESET,Left,740,1415,359,211356936,nan,nan,nan
8/19/2026 22:44:47,1.17.3,LeftRight,2,3.83,nan,1,Left,Left,741,1415,359,211528861,nan,nan,0.00
8/19/2026 22:44:48,1.17.3,LeftRight,2,3.82,nan,1,Left,Left,742,1415,359,211529524,nan,nan,0.00
8/19/2026 22:44:49,1.17.3,LeftRight,2,3.83,nan,1,Right,Left,742,1416,359,211530321,nan,nan,0.23
8/19/2026 22:44:54,1.17.3,LeftRight,2,3.82,4,1,Pellet,Left,742,1416,360,211530321,0.53,1182,nan
8/19/2026 22:45:03,1.17.3,LeftRight,2,3.82,nan,1,Right,Left,742,1417,360,211545307,nan,nan,0.06
8/19/2026 22:45:05,1.17.3,LeftRight,2,3.83,nan,1,Left,Left,743,1417,360,211547124,nan,nan,0.00
8/19/2026 22:45:06,1.17.3,LeftRight,2,3.83,nan,1,Right,Left,743,1418,360,211548070,nan,nan,0.01
8/19/2026 22:45:10,1.17.3,LeftRight,2,3.83,3,1,Pellet,Left,743,1418,361,211548070,0.65,16,nan
8/19/2026 22:45:20,1.17.3,LeftRight,2,3.83,nan,1,Right,Left,743,1419,361,211561842,nan,nan,0.00
8/19/2026 22:45:23,1.17.3,LeftRight,2,3.83,nan,1,Left,Left,744,1419,361,211565147,nan,nan,0.00
8/19/2026 22:45:24,1.17.3,LeftRight,2,3.83,nan,1,Right,Left,744,1420,361,211566096,nan,nan,0.00
8/19/2026 22:45:27,1.17.3,LeftRight,2,3.83,2,1,Pellet,Left,744,1420,362,211566096,0.06,17,nan
8/19/2026 22:45:38,1.17.3,LeftRight,2,3.82,nan,1,Right,Left,744,1421,362,211579701,nan,nan,0.06
8/19/2026 22:45:40,1.17.3,LeftRight,2,3.83,nan,1,Left,Left,745,1421,362,211581524,nan,nan,0.00
8/19/2026 22:45:41,1.17.3,LeftRight,2,3.83,nan,1,Right,Left,745,1422,362,211582470,nan,nan,0.33
8/19/2026 22:45:44,1.17.3,LeftRight,2,3.83,3,1,Pellet,Left,745,1422,363,211582470,0.29,17,nan
8/19/2026 22:45:53,1.17.3,LeftRight,2,3.82,nan,1,Right,Left,745,1423,363,211594606,nan,nan,0.02
8/19/2026 22:45:57,1.17.3,LeftRight,2,3.83,nan,1,Left,Left,746,1423,363,211599271,nan,nan,0.00
8/19/2026 22:46:01,1.17.3,LeftRight,2,3.82,nan,1,RESET,Left,746,1423,363,211602900,nan,nan,nan
8/19/2026 22:46:01,1.17.3,LeftRight,2,3.83,nan,1,Right,Left,746,1424,363,211603044,nan,nan,0.05
8/19/2026 22:46:45,1.17.3,LeftRight,2,3.83,nan,1,Right,Left,746,1425,363,211646183,nan,nan,0.26
8/19/2026 22:46:48,1.17.3,LeftRight,2,3.82,nan,1,Left,Left,747,1425,363,211649475,nan,nan,0.00
8/19/2026 22:46:50,1.17.3,LeftRight,2,3.82,nan,1,Right,Left,747,1426,363,211651464,nan,nan,0.22
8/19/2026 22:46:51,1.17.3,LeftRight,2,3.83,2,1,Pellet,Left,747,1426,364,211651464,0.06,67,nan
8/19/2026 22:47:02,1.17.3,LeftRight,2,3.83,nan,1,Right,Left,747,1427,364,211663476,nan,nan,0.21
8/19/2026 22:47:06,1.17.3,LeftRight,2,3.83,nan,1,Right,Left,747,1428,364,211667457,nan,nan,0.35
8/19/2026 22:47:11,1.17.3,LeftRight,2,3.83,nan,1,Left,Left,748,1428,364,211672834,nan,nan,0.00
8/19/2026 22:47:12,1.17.3,LeftRight,2,3.83,nan,1,Right,Left,748,1429,364,211673633,nan,nan,0.00
8/19/2026 22:47:12,1.17.3,LeftRight,2,3.82,nan,1,RightDuringDispense,Left,748,1430,364,211673633,nan,nan,0.09
8/19/2026 22:47:15,1.17.3,LeftRight,2,3.83,3,1,Pellet,Left,748,1430,365,211673633,0.06,24,nan
8/19/2026 22:47:23,1.17.3,LeftRight,2,3.82,nan,1,Right,Left,748,1431,365,211685102,nan,nan,0.33
8/19/2026 22:56:41,1.17.3,LeftRight,2,3.83,nan,1,Left,Left,749,1431,365,212242603,nan,nan,0.00
8/19/2026 22:56:44,1.17.3,LeftRight,2,3.83,nan,1,RESET,Left,749,1431,365,212245931,nan,nan,nan
8/19/2026 23:03:35,1.17.3,LeftRight,2,3.83,nan,1,Right,Left,749,1432,365,212656190,nan,nan,0.43
8/19/2026 23:07:23,1.17.3,LeftRight,2,3.82,nan,1,Right,Left,749,1433,365,212884834,nan,nan,0.22
8/19/2026 23:21:29,1.17.3,LeftRight,2,3.82,nan,1,Right,Left,749,1434,365,213731092,nan,nan,0.16
8/19/2026 23:23:42,1.17.3,LeftRight,2,3.82,nan,1,Right,Left,749,1435,365,213864092,nan,nan,0.14
8/19/2026 23:23:43,1.17.3,LeftRight,2,3.83,nan,1,Left,Left,750,1435,365,213865500,nan,nan,0.00
8/19/2026 23:23:44,1.17.3,LeftRight,2,3.82,nan,1,Left,Left,751,1435,365,213866312,nan,nan,0.00
8/19/2026 23:23:48,1.17.3,LeftRight,2,3.83,nan,1,RESET,Left,751,1435,365,213869939,nan,nan,nan
8/19/2026 23:23:55,1.17.3,LeftRight,2,3.83,nan,1,Left,Left,752,1435,365,213877394,nan,nan,0.00
8/19/2026 23:23:57,1.17.3,LeftRight,2,3.82,nan,1,Right,Left,752,1436,365,213878341,nan,nan,0.24
8/19/2026 23:24:06,1.17.3,LeftRight,2,3.82,6,1,Pellet,Left,752,1436,366,213878341,0.17,2211,nan
8/19/2026 23:24:14,1.17.3,LeftRight,2,3.82,nan,1,Left,Left,753,1436,366,213896457,nan,nan,0.00
8/19/2026 23:24:16,1.17.3,LeftRight,2,3.83,nan,1,Right,Left,753,1437,366,213897702,nan,nan,0.00
8/19/2026 23:24:17,1.17.3,LeftRight,2,3.82,2,1,Pellet,Left,753,1437,367,213897702,0.29,11,nan
8/19/2026 23:24:31,1.17.3,LeftRight,2,3.82,nan,1,Left,Left,754,1437,367,213913448,nan,nan,0.00
8/19/2026 23:24:32,1.17.3,LeftRight,2,3.82,nan,1,Right,Left,754,1438,367,213914248,nan,nan,0.06
8/19/2026 23:24:35,1.17.3,LeftRight,2,3.82,2,1,Pellet,Left,754,1438,368,213914248,0.17,18,nan
8/19/2026 23:24:43,1.17.3,LeftRight,2,3.82,nan,1,Right,Left,754,1439,368,213924367,nan,nan,0.22
8/19/2026 23:24:46,1.17.3,LeftRight,2,3.82,nan,1,Right,Left,754,1440,368,213927618,nan,nan,0.07
8/19/2026 23:24:49,1.17.3,LeftRight,2,3.83,nan,1,Left,Left,755,1440,368,213931267,nan,nan,0.00
8/19/2026 23:24:50,1.17.3,LeftRight,2,3.82,nan,1,Right,Left,755,1441,368,213932068,nan,nan,0.16
8/19/2026 23:24:56,1.17.3,LeftRight,2,3.82,4,1,Pellet,Left,755,1441,369,213932068,0.53,21,nan
8/19/2026 23:25:07,1.17.3,LeftRight,2,3.82,nan,1,Right,Left,755,1442,369,213948971,nan,nan,0.10
8/19/2026 23:25:13,1.17.3,LeftRight,2,3.82,nan,1,Left,Left,756,1442,369,213955018,nan,nan,0.00
8/19/2026 23:25:14,1.17.3,LeftRight,2,3.82,nan,1,Right,Left,756,1443,369,213955817,nan,nan,0.01
8/19/2026 23:25:15,1.17.3,LeftRight,2,3.83,2,1,Pellet,Left,756,1443,370,213955817,0.06,19,nan
8/19/2026 23:25:27,1.17.3,LeftRight,2,3.82,nan,1,Right,Left,756,1444,370,213969419,nan,nan,0.00
8/19/2026 23:25:28,1.17.3,LeftRight,2,3.83,nan,1,Right,Left,756,1445,370,213969919,nan,nan,0.31
8/19/2026 23:25:30,1.17.3,LeftRight,2,3.82,nan,1,Left,Left,757,1445,370,213972289,nan,nan,0.00
8/19/2026 23:25:32,1.17.3,LeftRight,2,3.82,nan,1,Right,Left,757,1446,370,213974278,nan,nan,0.09
8/19/2026 23:25:42,1.17.3,LeftRight,2,3.82,2,1,Pellet,Left,757,1446,371,213974278,7.25,27,nan
8/19/2026 23:25:54,1.17.3,LeftRight,2,3.82,nan,1,Right,Left,757,1447,371,213996289,nan,nan,0.06
8/19/2026 23:25:57,1.17.3,LeftRight,2,3.82,nan,1,Left,Left,758,1447,371,213998827,nan,nan,0.00
8/19/2026 23:25:58,1.17.3,LeftRight,2,3.82,nan,1,Right,Left,758,1448,371,213999624,nan,nan,0.49
8/19/2026 23:25:59,1.17.3,LeftRight,2,3.82,2,1,Pellet,Left,758,1448,372,213999624,0.06,17,nan
8/19/2026 23:26:10,1.17.3,LeftRight,2,3.83,nan,1,Right,Left,758,1449,372,214011519,nan,nan,0.05
8/19/2026 23:26:12,1.17.3,LeftRight,2,3.82,nan,1,Right,Left,758,1450,372,214014307,nan,nan,0.11
8/19/2026 23:36:49,1.17.3,LeftRight,2,3.82,nan,1,Left,Left,759,1450,372,214651076,nan,nan,0.00
8/19/2026 23:36:52,1.17.3,LeftRight,2,3.82,nan,1,RESET,Left,759,1450,372,214653960,nan,nan,nan
8/19/2026 23:44:33,1.17.3,LeftRight,2,3.82,nan,1,Right,Left,759,1451,372,215115102,nan,nan,0.16
8/19/2026 23:56:18,1.17.3,LeftRight,2,3.82,nan,1,Left,Left,760,1451,372,215820003,nan,nan,0.00
8/19/2026 23:56:19,1.17.3,LeftRight,2,3.82,nan,1,Right,Left,760,1452,372,215820950,nan,nan,0.03
8/19/2026 23:56:19,1.17.3,LeftRight,2,3.82,nan,1,RightDuringDispense,Left,760,1453,372,215820950,nan,nan,0.05
8/19/2026 23:56:25,1.17.3,LeftRight,2,3.82,4,1,Pellet,Left,760,1453,373,215820950,0.06,1826,nan
8/19/2026 23:56:33,1.17.3,LeftRight,2,3.82,nan,1,Right,Left,760,1454,373,215834613,nan,nan,0.08
8/19/2026 23:56:34,1.17.3,LeftRight,2,3.82,nan,1,Right,Left,760,1455,373,215835791,nan,nan,0.15
8/19/2026 23:56:36,1.17.3,LeftRight,2,3.82,nan,1,Right,Left,760,1456,373,215837781,nan,nan,0.09
8/19/2026 23:56:42,1.17.3,LeftRight,2,3.82,nan,1,Right,Left,760,1457,373,215843738,nan,nan,0.38
8/19/2026 23:56:43,1.17.3,LeftRight,2,3.82,nan,1,Left,Left,761,1457,373,215845309,nan,nan,0.00
8/19/2026 23:56:44,1.17.3,LeftRight,2,3.82,nan,1,Right,Left,761,1458,373,215846107,nan,nan,0.03
8/19/2026 23:56:48,1.17.3,LeftRight,2,3.82,3,1,Pellet,Left,761,1458,374,215846107,0.77,23,nan
8/20/2026 1:27:20,1.17.3,LeftRight,2,3.82,nan,1,Left,Left,762,1458,374,221282073,nan,nan,0.00
8/20/2026 1:27:23,1.17.3,LeftRight,2,3.82,nan,1,Right,Left,762,1459,374,221284660,nan,nan,0.31
8/20/2026 1:27:26,1.17.3,LeftRight,2,3.82,2,1,Pellet,Left,762,1459,375,221284660,0.17,5438,nan
8/20/2026 1:27:56,1.17.3,LeftRight,2,3.82,nan,1,Left,Left,763,1459,375,221318133,nan,nan,0.00
8/20/2026 1:27:58,1.17.3,LeftRight,2,3.82,nan,1,Right,Left,763,1460,375,221319825,nan,nan,0.08
8/20/2026 1:27:59,1.17.3,LeftRight,2,3.82,1,1,Pellet,Left,763,1460,376,221319825,0.77,33,nan
8/20/2026 1:28:16,1.17.3,LeftRight,2,3.82,nan,1,Right,Left,763,1461,376,221338502,nan,nan,0.03
8/20/2026 1:28:24,1.17.3,LeftRight,2,3.82,nan,1,Right,Left,763,1462,376,221346034,nan,nan,0.19
8/20/2026 1:28:27,1.17.3,LeftRight,2,3.82,nan,1,Left,Left,764,1462,376,221349125,nan,nan,0.00
8/20/2026 1:28:29,1.17.3,LeftRight,2,3.82,nan,1,Right,Left,764,1463,376,221351414,nan,nan,0.00
8/20/2026 1:28:34,1.17.3,LeftRight,2,3.82,4,1,Pellet,Left,764,1463,377,221351414,0.06,35,nan
8/20/2026 1:29:11,1.17.3,LeftRight,2,3.82,nan,1,Left,Left,765,1463,377,221393826,nan,nan,0.00
8/20/2026 1:29:15,1.17.3,LeftRight,2,3.82,nan,1,RESET,Left,765,1463,377,221397307,nan,nan,nan
8/20/2026 1:29:33,1.17.3,LeftRight,2,3.81,nan,1,Left,Left,766,1463,377,221415391,nan,nan,0.00
8/20/2026 1:29:34,1.17.3,LeftRight,2,3.82,nan,1,Right,Left,766,1464,377,221416338,nan,nan,0.17
8/20/2026 1:29:36,1.17.3,LeftRight,2,3.82,2,1,Pellet,Left,766,1464,378,221416338,0.23,62,nan
8/20/2026 1:29:51,1.17.3,LeftRight,2,3.82,nan,1,Left,Left,767,1464,378,221433334,nan,nan,0.00
8/20/2026 1:29:52,1.17.3,LeftRight,2,3.82,nan,1,Right,Left,767,1465,378,221434731,nan,nan,0.00
8/20/2026 1:29:56,1.17.3,LeftRight,2,3.82,3,1,Pellet,Left,767,1465,379,221434731,0.06,20,nan
8/20/2026 1:30:10,1.17.3,LeftRight,2,3.82,nan,1,Right,Left,767,1466,379,221452025,nan,nan,0.07
8/20/2026 1:44:41,1.17.3,LeftRight,2,3.81,nan,1,Right,Left,767,1467,379,222322498,nan,nan,0.80
8/20/2026 1:44:42,1.17.3,LeftRight,2,3.82,nan,1,Left,Left,768,1467,379,222324797,nan,nan,0.00
8/20/2026 1:44:46,1.17.3,LeftRight,2,3.82,nan,1,Right,Left,768,1468,379,222327976,nan,nan,0.00
8/20/2026 1:44:54,1.17.3,LeftRight,2,3.82,5,1,Pellet,Left,768,1468,380,222327976,0.41,898,nan
8/20/2026 1:49:59,1.17.3,LeftRight,2,3.82,nan,1,Left,Left,769,1468,380,222641913,nan,nan,0.00
8/20/2026 1:50:03,1.17.3,LeftRight,2,3.82,nan,1,RESET,Left,769,1468,380,222645396,nan,nan,nan
8/20/2026 1:50:42,1.17.3,LeftRight,2,3.81,nan,1,Right,Left,769,1469,380,222684607,nan,nan,0.12
8/20/2026 2:00:48,1.17.3,LeftRight,2,3.82,nan,1,Right,Left,769,1470,380,223289682,nan,nan,0.93
8/20/2026 2:00:50,1.17.3,LeftRight,2,3.81,nan,1,Left,Left,770,1470,380,223292857,nan,nan,0.00
8/20/2026 2:00:51,1.17.3,LeftRight,2,3.82,nan,1,Right,Left,770,1471,380,223293507,nan,nan,0.00
8/20/2026 2:00:51,1.17.3,LeftRight,2,3.75,nan,1,RightDuringDispense,Left,770,1472,380,223293507,nan,nan,0.01
8/20/2026 2:00:55,1.17.3,LeftRight,2,3.81,3,1,Pellet,Left,770,1472,381,223293507,0.06,961,nan
8/20/2026 2:01:15,1.17.3,LeftRight,2,3.81,nan,1,Left,Left,771,1472,381,223317368,nan,nan,0.00
8/20/2026 2:01:16,1.17.3,LeftRight,2,3.82,nan,1,Right,Left,771,1473,381,223318019,nan,nan,0.20
8/20/2026 2:01:24,1.17.3,LeftRight,2,3.82,5,1,Pellet,Left,771,1473,382,223318019,0.83,29,nan
8/20/2026 2:01:55,1.17.3,LeftRight,2,3.82,nan,1,Left,Left,772,1473,382,223357752,nan,nan,0.00
8/20/2026 2:01:56,1.17.3,LeftRight,2,3.82,nan,1,Right,Left,772,1474,382,223358699,nan,nan,0.01
8/20/2026 2:02:07,1.17.3,LeftRight,2,3.81,3,1,Pellet,Left,772,1474,383,223358699,5.39,43,nan
8/20/2026 2:02:22,1.17.3,LeftRight,2,3.81,nan,1,Left,Left,773,1474,383,223384872,nan,nan,0.00
8/20/2026 2:02:23,1.17.3,LeftRight,2,3.81,nan,1,Right,Left,773,1475,383,223385673,nan,nan,0.16
8/20/2026 2:02:33,1.17.3,LeftRight,2,3.82,6,1,Pellet,Left,773,1475,384,223385673,0.06,26,nan
8/20/2026 2:03:59,1.17.3,LeftRight,2,3.82,nan,1,Left,Left,774,1475,384,223481670,nan,nan,0.00
8/20/2026 2:04:03,1.17.3,LeftRight,2,3.82,nan,1,RESET,Left,774,1475,384,223485445,nan,nan,nan
8/20/2026 2:05:32,1.17.3,LeftRight,2,3.81,nan,1,Right,Left,774,1476,384,223574018,nan,nan,0.16
8/20/2026 2:11:14,1.17.3,LeftRight,2,3.82,nan,1,Left,Left,775,1476,384,223916314,nan,nan,0.00
8/20/2026 2:11:17,1.17.3,LeftRight,2,3.81,nan,1,RESET,Left,775,1476,384,223919492,nan,nan,nan
8/20/2026 2:30:18,1.17.3,LeftRight,2,3.81,nan,1,Right,Left,775,1477,384,225060410,nan,nan,0.01
8/20/2026 2:30:19,1.17.3,LeftRight,2,3.82,nan,1,Right,Left,775,1478,384,225060921,nan,nan,0.57
8/20/2026 2:30:20,1.17.3,LeftRight,2,3.81,nan,1,Left,Left,776,1478,384,225062696,nan,nan,0.00
8/20/2026 2:30:21,1.17.3,LeftRight,2,3.81,nan,1,Right,Left,776,1479,384,225063497,nan,nan,0.00
8/20/2026 2:30:22,1.17.3,LeftRight,2,3.81,nan,1,RightDuringDispense,Left,776,1480,384,225063497,nan,nan,0.22
8/20/2026 2:30:23,1.17.3,LeftRight,2,3.81,2,1,Pellet,Left,776,1480,385,225063497,0.35,1670,nan
8/20/2026 2:30:45,1.17.3,LeftRight,2,3.81,nan,1,Right,Left,776,1481,385,225086988,nan,nan,0.26
8/20/2026 2:30:46,1.17.3,LeftRight,2,3.81,nan,1,Left,Left,777,1481,385,225088691,nan,nan,0.00
8/20/2026 2:30:47,1.17.3,LeftRight,2,3.81,nan,1,Right,Left,777,1482,385,225089341,nan,nan,0.00
8/20/2026 2:30:48,1.17.3,LeftRight,2,3.74,nan,1,RightDuringDispense,Left,777,1483,385,225089341,nan,nan,0.07
8/20/2026 2:30:58,1.17.3,LeftRight,2,3.81,6,1,Pellet,Left,777,1483,386,225089341,1.01,35,nan
8/20/2026 2:31:09,1.17.3,LeftRight,2,3.81,nan,1,Left,Left,778,1483,386,225111399,nan,nan,0.00
8/20/2026 2:31:10,1.17.3,LeftRight,2,3.81,nan,1,Right,Left,778,1484,386,225112496,nan,nan,0.00
8/20/2026 2:31:11,1.17.3,LeftRight,2,3.81,2,1,Pellet,Left,778,1484,387,225112496,0.06,13,nan
8/20/2026 2:31:20,1.17.3,LeftRight,2,3.81,nan,1,Left,Left,779,1484,387,225122968,nan,nan,0.00
8/20/2026 2:31:24,1.17.3,LeftRight,2,3.81,nan,1,Left,Left,780,1484,387,225126076,nan,nan,0.00
8/20/2026 2:31:27,1.17.3,LeftRight,2,3.81,nan,1,Left,Left,781,1484,387,225129109,nan,nan,0.00
8/20/2026 2:31:27,1.17.3,LeftRight,2,3.82,nan,1,Right,Left,781,1485,387,225129758,nan,nan,0.12
8/20/2026 2:31:28,1.17.3,LeftRight,2,3.81,nan,1,RightDuringDispense,Left,781,1486,387,225129758,nan,nan,0.18
8/20/2026 2:31:29,1.17.3,LeftRight,2,3.81,1,1,Pellet,Left,781,1486,388,225129758,0.35,18,nan
8/20/2026 2:31:40,1.17.3,LeftRight,2,3.81,nan,1,Left,Left,782,1486,388,225142313,nan,nan,0.00
8/20/2026 2:31:41,1.17.3,LeftRight,2,3.81,nan,1,Right,Left,782,1487,388,225143112,nan,nan,0.15
8/20/2026 2:31:42,1.17.3,LeftRight,2,3.81,2,1,Pellet,Left,782,1487,389,225143112,0.06,13,nan
8/20/2026 2:31:52,1.17.3,LeftRight,2,3.81,nan,1,Left,Left,783,1487,389,225154268,nan,nan,0.00
8/20/2026 2:31:53,1.17.3,LeftRight,2,3.81,nan,1,Right,Left,783,1488,389,225155070,nan,nan,0.02
8/20/2026 2:31:56,1.17.3,LeftRight,2,3.81,2,1,Pellet,Left,783,1488,390,225155070,0.23,13,nan
8/20/2026 2:32:08,1.17.3,LeftRight,2,3.82,nan,1,Left,Left,784,1488,390,225170760,nan,nan,0.00
8/20/2026 2:32:09,1.17.3,LeftRight,2,3.81,nan,1,Right,Left,784,1489,390,225171560,nan,nan,0.00
8/20/2026 2:32:14,1.17.3,LeftRight,2,3.81,4,1,Pellet,Left,784,1489,391,225171560,0.06,19,nan
8/20/2026 2:32:42,1.17.3,LeftRight,2,3.81,nan,1,Right,Left,784,1490,391,225204409,nan,nan,0.16
8/20/2026 2:39:03,1.17.3,LeftRight,2,3.81,nan,1,Right,Left,784,1491,391,225585203,nan,nan,0.17
8/20/2026 2:46:44,1.17.3,LeftRight,2,3.81,nan,1,Left,Left,785,1491,391,226046330,nan,nan,0.00
8/20/2026 2:46:47,1.17.3,LeftRight,2,3.81,nan,1,RESET,Left,785,1491,391,226049510,nan,nan,nan
8/20/2026 2:49:11,1.17.3,LeftRight,2,3.81,nan,1,Right,Left,785,1492,391,226192842,nan,nan,0.67
8/20/2026 2:49:13,1.17.3,LeftRight,2,3.81,nan,1,Left,Left,786,1492,391,226195662,nan,nan,0.00
8/20/2026 2:49:14,1.17.3,LeftRight,2,3.81,nan,1,Right,Left,786,1493,391,226196315,nan,nan,0.20
8/20/2026 2:49:15,1.17.3,LeftRight,2,3.81,2,1,Pellet,Left,786,1493,392,226196315,0.17,1021,nan
8/20/2026 2:49:32,1.17.3,LeftRight,2,3.80,nan,1,Left,Left,787,1493,392,226214620,nan,nan,0.00
8/20/2026 2:49:33,1.17.3,LeftRight,2,3.81,nan,1,Right,Left,787,1494,392,226215270,nan,nan,0.05
8/20/2026 2:49:45,1.17.3,LeftRight,2,3.81,7,1,Pellet,Left,787,1494,393,226215270,0.12,30,nan
8/20/2026 2:49:56,1.17.3,LeftRight,2,3.81,nan,1,Right,Left,787,1495,393,226238427,nan,nan,0.05
8/20/2026 2:49:58,1.17.3,LeftRight,2,3.81,nan,1,Left,Left,788,1495,393,226240361,nan,nan,0.00
8/20/2026 2:49:59,1.17.3,LeftRight,2,3.81,nan,1,Right,Left,788,1496,393,226241310,nan,nan,0.18
8/20/2026 2:50:05,1.17.3,LeftRight,2,3.81,3,1,Pellet,Left,788,1496,394,226241310,0.77,20,nan
8/20/2026 2:50:20,1.17.3,LeftRight,2,3.81,nan,1,Right,Left,788,1497,394,226261971,nan,nan,0.22
8/20/2026 2:50:21,1.17.3,LeftRight,2,3.80,nan,1,Left,Left,789,1497,394,226263711,nan,nan,0.00
8/20/2026 2:50:25,1.17.3,LeftRight,2,3.81,nan,1,Left,Left,790,1497,394,226267275,nan,nan,0.00
8/20/2026 2:50:26,1.17.3,LeftRight,2,3.81,nan,1,Right,Left,790,1498,394,226268223,nan,nan,0.56
8/20/2026 2:50:27,1.17.3,LeftRight,2,3.80,nan,1,RightDuringDispense,Left,790,1499,394,226268223,nan,nan,0.17
8/20/2026 2:50:28,1.17.3,LeftRight,2,3.80,1,1,Pellet,Left,790,1499,395,226268223,0.12,23,nan
8/20/2026 2:50:41,1.17.3,LeftRight,2,3.81,nan,1,Right,Left,790,1500,395,226283861,nan,nan,0.00
8/20/2026 2:50:44,1.17.3,LeftRight,2,3.81,nan,1,Left,Left,791,1500,395,226286222,nan,nan,0.00
8/20/2026 2:50:44,1.17.3,LeftRight,2,3.81,nan,1,Right,Left,791,1501,395,226286871,nan,nan,0.18
8/20/2026 2:50:53,1.17.3,LeftRight,2,3.81,5,1,Pellet,Left,791,1501,396,226286871,1.01,25,nan
8/20/2026 2:51:05,1.17.3,LeftRight,2,3.81,nan,1,Right,Left,791,1502,396,226307799,nan,nan,0.21
8/20/2026 2:51:08,1.17.3,LeftRight,2,3.81,nan,1,Left,Left,792,1502,396,226310217,nan,nan,0.00
8/20/2026 2:51:09,1.17.3,LeftRight,2,3.81,nan,1,Right,Left,792,1503,396,226311761,nan,nan,0.27
8/20/2026 2:51:13,1.17.3,LeftRight,2,3.81,3,1,Pellet,Left,792,1503,397,226311761,0.06,20,nan
8/20/2026 2:55:26,1.17.3,LeftRight,2,3.80,nan,1,Right,Left,792,1504,397,226567373,nan,nan,0.93
8/20/2026 2:58:58,1.17.3,LeftRight,2,3.81,nan,1,Left,Left,793,1504,397,226780851,nan,nan,0.00
8/20/2026 2:59:01,1.17.3,LeftRight,2,3.81,nan,1,RESET,Left,793,1504,397,226783587,nan,nan,nan
8/20/2026 3:01:21,1.17.3,LeftRight,2,3.81,nan,1,Left,Left,794,1504,397,226923643,nan,nan,0.00
8/20/2026 3:01:25,1.17.3,LeftRight,2,3.80,nan,1,RESET,Left,794,1504,397,226927570,nan,nan,nan
8/20/2026 3:06:45,1.17.3,LeftRight,2,3.81,nan,1,Right,Left,794,1505,397,227246917,nan,nan,0.37
8/20/2026 3:06:46,1.17.3,LeftRight,2,3.81,nan,1,Right,Left,794,1506,397,227247785,nan,nan,0.59
8/20/2026 3:30:10,1.17.3,LeftRight,2,3.81,nan,1,Right,Left,794,1507,397,228651986,nan,nan,0.43
8/20/2026 3:30:12,1.17.3,LeftRight,2,3.80,nan,1,Right,Left,794,1508,397,228654111,nan,nan,0.27
8/20/2026 3:30:16,1.17.3,LeftRight,2,3.81,nan,1,Left,Left,795,1508,397,228658977,nan,nan,0.00
8/20/2026 3:30:18,1.17.3,LeftRight,2,3.81,nan,1,Right,Left,795,1509,397,228660969,nan,nan,0.11
8/20/2026 3:30:20,1.17.3,LeftRight,2,3.81,1,1,Pellet,Left,795,1509,398,228660969,0.59,2347,nan
8/20/2026 3:30:33,1.17.3,LeftRight,2,3.80,nan,1,Right,Left,795,1510,398,228675770,nan,nan,0.07
8/20/2026 3:30:34,1.17.3,LeftRight,2,3.81,nan,1,Right,Left,795,1511,398,228676340,nan,nan,0.38
8/20/2026 3:30:36,1.17.3,LeftRight,2,3.80,nan,1,Left,Left,796,1511,398,228678375,nan,nan,0.00
8/20/2026 3:30:37,1.17.3,LeftRight,2,3.81,nan,1,Right,Left,796,1512,398,228679176,nan,nan,0.00
8/20/2026 3:30:47,1.17.3,LeftRight,2,3.80,6,1,Pellet,Left,796,1512,399,228679176,0.59,27,nan
8/20/2026 3:35:29,1.17.3,LeftRight,2,3.81,nan,1,Left,Left,797,1512,399,228971518,nan,nan,0.00
8/20/2026 3:35:32,1.17.3,LeftRight,2,3.80,nan,1,RESET,Left,797,1512,399,228974699,nan,nan,nan
8/20/2026 3:35:38,1.17.3,LeftRight,2,3.80,nan,1,Left,Left,798,1512,399,228981121,nan,nan,0.00
8/20/2026 3:35:42,1.17.3,LeftRight,2,3.80,nan,1,RESET,Left,798,1512,399,228984606,nan,nan,nan
8/20/2026 3:35:42,1.17.3,LeftRight,2,3.80,nan,1,Left,Left,799,1512,399,228985178,nan,nan,0.00
8/20/2026 3:35:44,1.17.3,LeftRight,2,3.81,nan,1,Right,Left,799,1513,399,228986275,nan,nan,0.20
8/20/2026 3:35:44,1.17.3,LeftRight,2,3.80,nan,1,RightDuringDispense,Left,799,1514,399,228986275,nan,nan,0.14
8/20/2026 3:35:48,1.17.3,LeftRight,2,3.81,3,1,Pellet,Left,799,1514,400,228986275,0.17,301,nan
8/20/2026 3:36:01,1.17.3,LeftRight,2,3.80,nan,1,Left,Left,800,1514,400,229003853,nan,nan,0.00
8/20/2026 3:36:02,1.17.3,LeftRight,2,3.81,nan,1,Right,Left,800,1515,400,229004801,nan,nan,0.06
8/20/2026 3:36:12,1.17.3,LeftRight,2,3.80,5,1,Pellet,Left,800,1515,401,229004801,0.53,24,nan
8/20/2026 3:45:19,1.17.3,LeftRight,2,3.80,nan,1,Left,Left,801,1515,401,229561236,nan,nan,0.00
8/20/2026 3:45:21,1.17.3,LeftRight,2,3.80,nan,1,RESET,Left,801,1515,401,229563670,nan,nan,nan
8/20/2026 5:01:10,1.17.3,LeftRight,2,3.80,nan,1,Right,Left,801,1516,401,234110950,nan,nan,2.00
8/20/2026 5:01:16,1.17.3,LeftRight,2,3.80,nan,1,Left,Left,802,1516,401,234119380,nan,nan,0.00
8/20/2026 5:01:19,1.17.3,LeftRight,2,3.80,nan,1,RESET,Left,802,1516,401,234121815,nan,nan,nan
8/20/2026 5:01:51,1.17.3,LeftRight,2,3.80,nan,1,Left,Left,803,1516,401,234154273,nan,nan,0.00
8/20/2026 5:01:55,1.17.3,LeftRight,2,3.80,nan,1,RESET,Left,803,1516,401,234157899,nan,nan,nan
8/20/2026 5:03:06,1.17.3,LeftRight,2,3.80,nan,1,Left,Left,804,1516,401,234229201,nan,nan,0.00
8/20/2026 5:03:10,1.17.3,LeftRight,2,3.80,nan,1,RESET,Left,804,1516,401,234232832,nan,nan,nan
8/20/2026 5:08:27,1.17.3,LeftRight,2,3.80,nan,1,Left,Left,805,1516,401,234550186,nan,nan,0.00
8/20/2026 5:08:31,1.17.3,LeftRight,2,3.80,nan,1,RESET,Left,805,1516,401,234553817,nan,nan,nan
8/20/2026 5:10:54,1.17.3,LeftRight,2,3.80,nan,1,Left,Left,806,1516,401,234696762,nan,nan,0.00
8/20/2026 5:10:56,1.17.3,LeftRight,2,3.80,nan,1,Right,Left,806,1517,401,234698454,nan,nan,0.75
8/20/2026 5:10:57,1.17.3,LeftRight,2,3.80,nan,1,RightDuringDispense,Left,806,1518,401,234698454,nan,nan,0.21
8/20/2026 5:10:58,1.17.3,LeftRight,2,3.80,1,1,Pellet,Left,806,1518,402,234698454,0.65,5686,nan
8/20/2026 5:11:22,1.17.3,LeftRight,2,3.80,nan,1,Left,Left,807,1518,402,234724461,nan,nan,0.00
8/20/2026 5:11:23,1.17.3,LeftRight,2,3.80,nan,1,Right,Left,807,1519,402,234725706,nan,nan,0.06
8/20/2026 5:11:33,1.17.3,LeftRight,2,3.80,6,1,Pellet,Left,807,1519,403,234725706,1.01,35,nan
8/20/2026 5:11:47,1.17.3,LeftRight,2,3.80,nan,1,Right,Left,807,1520,403,234749786,nan,nan,0.12
8/20/2026 5:11:51,1.17.3,LeftRight,2,3.80,nan,1,Left,Left,808,1520,403,234754129,nan,nan,0.00
8/20/2026 5:11:52,1.17.3,LeftRight,2,3.80,nan,1,Right,Left,808,1521,403,234754928,nan,nan,0.16
8/20/2026 5:11:53,1.17.3,LeftRight,2,3.80,nan,1,RightDuringDispense,Left,808,1522,403,234754928,nan,nan,0.11
8/20/2026 5:11:54,1.17.3,LeftRight,2,3.80,2,1,Pellet,Left,808,1522,404,234754928,0.06,21,nan
8/20/2026 5:12:04,1.17.3,LeftRight,2,3.80,nan,1,Right,Left,808,1523,404,234766320,nan,nan,0.16
8/20/2026 5:12:07,1.17.3,LeftRight,2,3.80,nan,1,Right,Left,808,1524,404,234769819,nan,nan,0.60
8/20/2026 5:12:08,1.17.3,LeftRight,2,3.80,nan,1,Right,Left,808,1525,404,234771368,nan,nan,0.00
8/20/2026 5:12:10,1.17.3,LeftRight,2,3.80,nan,1,Left,Left,809,1525,404,234772465,nan,nan,0.00
8/20/2026 5:12:11,1.17.3,LeftRight,2,3.80,nan,1,Right,Left,809,1526,404,234773115,nan,nan,0.34
8/20/2026 5:12:12,1.17.3,LeftRight,2,3.80,1,1,Pellet,Left,809,1526,405,234773115,0.29,18,nan
8/20/2026 5:15:27,1.17.3,LeftRight,2,3.80,nan,1,Right,Left,809,1527,405,234969963,nan,nan,0.46
8/20/2026 5:15:29,1.17.3,LeftRight,2,3.80,nan,1,Left,Left,810,1527,405,234971932,nan,nan,0.00
8/20/2026 5:15:32,1.17.3,LeftRight,2,3.79,nan,1,RESET,Left,810,1527,405,234974964,nan,nan,nan
8/20/2026 5:16:35,1.17.3,LeftRight,2,3.80,nan,1,Left,Left,811,1527,405,235038407,nan,nan,0.00
8/20/2026 5:16:39,1.17.3,LeftRight,2,3.80,nan,1,RESET,Left,811,1527,405,235041884,nan,nan,nan
8/20/2026 5:21:10,1.17.3,LeftRight,2,3.80,nan,1,Right,Left,811,1528,405,235312846,nan,nan,0.27
8/20/2026 5:23:16,1.17.3,LeftRight,2,3.80,nan,1,Right,Left,811,1529,405,235438589,nan,nan,0.08
8/20/2026 5:26:15,1.17.3,LeftRight,2,3.80,nan,1,Right,Left,811,1530,405,235617908,nan,nan,0.37
8/20/2026 5:26:17,1.17.3,LeftRight,2,3.80,nan,1,Right,Left,811,1531,405,235619823,nan,nan,0.19
8/20/2026 5:26:26,1.17.3,LeftRight,2,3.80,nan,1,Right,Left,811,1532,405,235628250,nan,nan,0.25
8/20/2026 5:26:28,1.17.3,LeftRight,2,3.80,nan,1,Left,Left,812,1532,405,235631413,nan,nan,0.00
8/20/2026 5:26:31,1.17.3,LeftRight,2,3.80,nan,1,Right,Left,812,1533,405,235633258,nan,nan,0.30
8/20/2026 5:26:34,1.17.3,LeftRight,2,3.80,2,1,Pellet,Left,812,1533,406,235633258,0.23,862,nan
8/20/2026 5:26:43,1.17.3,LeftRight,2,3.80,nan,1,Left,Left,813,1533,406,235645741,nan,nan,0.00
8/20/2026 5:26:46,1.17.3,LeftRight,2,3.80,nan,1,RESET,Left,813,1533,406,235648926,nan,nan,nan
8/20/2026 5:26:48,1.17.3,LeftRight,2,3.80,nan,1,Left,Left,814,1533,406,235650721,nan,nan,0.00
8/20/2026 5:26:49,1.17.3,LeftRight,2,3.80,nan,1,Right,Left,814,1534,406,235651970,nan,nan,0.11
8/20/2026 5:26:55,1.17.3,LeftRight,2,3.80,4,1,Pellet,Left,814,1534,407,235651970,0.06,21,nan
8/20/2026 5:27:25,1.17.3,LeftRight,2,3.80,nan,1,Right,Left,814,1535,407,235687597,nan,nan,0.02
8/20/2026 5:27:26,1.17.3,LeftRight,2,3.79,nan,1,Left,Left,815,1535,407,235689446,nan,nan,0.00
8/20/2026 5:27:28,1.17.3,LeftRight,2,3.80,nan,1,Right,Left,815,1536,407,235690245,nan,nan,0.33
8/20/2026 5:27:33,1.17.3,LeftRight,2,3.80,3,1,Pellet,Left,815,1536,408,235690245,0.12,38,nan
8/20/2026 5:27:43,1.17.3,LeftRight,2,3.80,nan,1,Left,Left,816,1536,408,235705946,nan,nan,0.00
8/20/2026 5:27:44,1.17.3,LeftRight,2,3.80,nan,1,Right,Left,816,1537,408,235706745,nan,nan,0.00
8/20/2026 5:27:45,1.17.3,LeftRight,2,3.80,1,1,Pellet,Left,816,1537,409,235706745,0.71,12,nan
8/20/2026 5:28:28,1.17.3,LeftRight,2,3.80,nan,1,Right,Left,816,1538,409,235750347,nan,nan,0.17
8/20/2026 5:28:29,1.17.3,LeftRight,2,3.80,nan,1,Left,Left,817,1538,409,235752415,nan,nan,0.00
8/20/2026 5:28:31,1.17.3,LeftRight,2,3.80,nan,1,Right,Left,817,1539,409,235753217,nan,nan,0.48
8/20/2026 5:28:38,1.17.3,LeftRight,2,3.80,4,1,Pellet,Left,817,1539,410,235753217,1.79,53,nan
8/20/2026 5:28:56,1.17.3,LeftRight,2,3.80,nan,1,Right,Left,817,1540,410,235778391,nan,nan,0.12
8/20/2026 5:28:57,1.17.3,LeftRight,2,3.79,nan,1,Left,Left,818,1540,410,235780134,nan,nan,0.00
8/20/2026 5:28:59,1.17.3,LeftRight,2,3.80,nan,1,Right,Left,818,1541,410,235781528,nan,nan,0.00
8/20/2026 5:29:06,1.17.3,LeftRight,2,3.80,3,1,Pellet,Left,818,1541,411,235781528,4.73,28,nan
8/20/2026 5:29:19,1.17.3,LeftRight,2,3.80,nan,1,Left,Left,819,1541,411,235802129,nan,nan,0.00
8/20/2026 5:29:23,1.17.3,LeftRight,2,3.80,nan,1,RESET,Left,819,1541,411,235805900,nan,nan,nan
8/20/2026 5:29:28,1.17.3,LeftRight,2,3.80,nan,1,Left,Left,820,1541,411,235811189,nan,nan,0.00
8/20/2026 5:29:30,1.17.3,LeftRight,2,3.80,nan,1,Right,Left,820,1542,411,235813177,nan,nan,0.00
8/20/2026 5:29:31,1.17.3,LeftRight,2,3.80,nan,1,RightDuringDispense,Left,820,1543,411,235813177,nan,nan,0.24
8/20/2026 5:29:35,1.17.3,LeftRight,2,3.79,2,1,Pellet,Left,820,1543,412,235813177,1.55,29,nan
8/20/2026 5:29:47,1.17.3,LeftRight,2,3.80,nan,1,Left,Left,821,1543,412,235829884,nan,nan,0.00
8/20/2026 5:29:48,1.17.3,LeftRight,2,3.80,nan,1,Right,Left,821,1544,412,235830683,nan,nan,0.26
8/20/2026 5:29:59,1.17.3,LeftRight,2,3.80,6,1,Pellet,Left,821,1544,413,235830683,1.67,24,nan
8/20/2026 5:51:08,1.17.3,LeftRight,2,3.79,nan,1,Right,Left,821,1545,413,237110227,nan,nan,0.60
8/20/2026 5:59:19,1.17.3,LeftRight,2,3.80,nan,1,Right,Left,821,1546,413,237601920,nan,nan,0.18
8/20/2026 6:02:16,1.17.3,LeftRight,2,3.79,nan,1,Left,Left,822,1546,413,237779354,nan,nan,0.00
8/20/2026 6:02:20,1.17.3,LeftRight,2,3.80,nan,1,RESET,Left,822,1546,413,237782986,nan,nan,nan
8/20/2026 6:04:56,1.17.3,LeftRight,2,3.79,nan,1,Left,Left,823,1546,413,237939309,nan,nan,0.00
8/20/2026 6:05:00,1.17.3,LeftRight,2,3.79,nan,1,RESET,Left,823,1546,413,237943088,nan,nan,nan
8/20/2026 6:10:44,1.17.3,LeftRight,2,3.79,nan,1,Right,Left,823,1547,413,238285918,nan,nan,1.41
8/20/2026 6:12:52,1.17.3,LeftRight,2,3.79,nan,1,Right,Left,823,1548,413,238415057,nan,nan,0.43
8/20/2026 6:16:07,1.17.3,LeftRight,2,3.79,nan,1,Left,Left,824,1548,413,238609986,nan,nan,0.00
8/20/2026 6:16:10,1.17.3,LeftRight,2,3.79,nan,1,RESET,Left,824,1548,413,238613019,nan,nan,nan
8/20/2026 6:17:40,1.17.3,LeftRight,2,3.79,nan,1,Right,Left,824,1549,413,238702959,nan,nan,0.44
8/20/2026 6:17:43,1.17.3,LeftRight,2,3.80,nan,1,Left,Left,825,1549,413,238705887,nan,nan,0.00
8/20/2026 6:17:46,1.17.3,LeftRight,2,3.79,nan,1,RESET,Left,825,1549,413,238709069,nan,nan,nan
8/20/2026 6:17:48,1.17.3,LeftRight,2,3.79,nan,1,Left,Left,826,1549,413,238711595,nan,nan,0.00
8/20/2026 6:17:50,1.17.3,LeftRight,2,3.79,nan,1,Right,Left,826,1550,413,238712989,nan,nan,0.21
8/20/2026 6:17:51,1.17.3,LeftRight,2,3.79,2,1,Pellet,Left,826,1550,414,238712989,0.06,2872,nan
8/20/2026 6:18:11,1.17.3,LeftRight,2,3.80,nan,1,Left,Left,827,1550,414,238733956,nan,nan,0.00
8/20/2026 6:18:13,1.17.3,LeftRight,2,3.79,nan,1,Left,Left,828,1550,414,238736316,nan,nan,0.00
8/20/2026 6:18:14,1.17.3,LeftRight,2,3.79,nan,1,Right,Left,828,1551,414,238737264,nan,nan,0.11
8/20/2026 6:18:22,1.17.3,LeftRight,2,3.79,5,1,Pellet,Left,828,1551,415,238737264,0.59,31,nan
8/20/2026 6:18:38,1.17.3,LeftRight,2,3.79,nan,1,Right,Left,828,1552,415,238760987,nan,nan,0.35
8/20/2026 6:18:51,1.17.3,LeftRight,2,3.79,nan,1,Right,Left,828,1553,415,238774509,nan,nan,0.02
8/20/2026 8:04:17,1.17.3,LeftRight,2,3.78,nan,1,Right,Left,828,1554,415,245100070,nan,nan,0.13
8/20/2026 8:05:17,1.17.3,LeftRight,2,3.78,nan,1,Right,Left,828,1555,415,245160187,nan,nan,0.58
8/20/2026 8:05:20,1.17.3,LeftRight,2,3.78,nan,1,Left,Left,829,1555,415,245163801,nan,nan,0.00
8/20/2026 8:05:23,1.17.3,LeftRight,2,3.78,nan,1,RESET,Left,829,1555,415,245166389,nan,nan,nan
8/20/2026 8:05:31,1.17.3,LeftRight,2,3.78,nan,1,Left,Left,830,1555,415,245174287,nan,nan,0.00
8/20/2026 8:05:33,1.17.3,LeftRight,2,3.78,nan,1,Right,Left,830,1556,415,245176428,nan,nan,0.19
8/20/2026 8:05:37,1.17.3,LeftRight,2,3.78,3,1,Pellet,Left,830,1556,416,245176428,0.89,6435,nan
8/20/2026 8:07:35,1.17.3,LeftRight,2,3.78,nan,1,Left,Left,831,1556,416,245298582,nan,nan,0.00
8/20/2026 8:07:39,1.17.3,LeftRight,2,3.78,nan,1,RESET,Left,831,1556,416,245302360,nan,nan,nan
8/20/2026 8:07:57,1.17.3,LeftRight,2,3.78,nan,1,Left,Left,832,1556,416,245320656,nan,nan,0.00
8/20/2026 8:08:01,1.17.3,LeftRight,2,3.78,nan,1,RESET,Left,832,1556,416,245324439,nan,nan,nan
8/20/2026 8:14:08,1.17.3,LeftRight,2,3.78,nan,1,Left,Left,833,1556,416,245691161,nan,nan,0.00
8/20/2026 8:14:11,1.17.3,LeftRight,2,3.78,nan,1,RESET,Left,833,1556,416,245694344,nan,nan,nan
8/20/2026 8:20:46,1.17.3,LeftRight,2,3.78,nan,1,Right,Left,833,1557,416,246089632,nan,nan,0.14
8/20/2026 8:20:48,1.17.3,LeftRight,2,3.78,nan,1,Left,Left,834,1557,416,246091713,nan,nan,0.00
8/20/2026 8:20:52,1.17.3,LeftRight,2,3.78,nan,1,RESET,Left,834,1557,416,246095343,nan,nan,nan
8/20/2026 8:22:13,1.17.3,LeftRight,2,3.78,nan,1,Left,Left,835,1557,416,246176919,nan,nan,0.00
8/20/2026 8:22:16,1.17.3,LeftRight,2,3.78,nan,1,RESET,Left,835,1557,416,246179360,nan,nan,nan
8/20/2026 8:22:22,1.17.3,LeftRight,2,3.78,nan,1,Left,Left,836,1557,416,246185234,nan,nan,0.00
8/20/2026 8:22:25,1.17.3,LeftRight,2,3.78,nan,1,Left,Left,837,1557,416,246188253,nan,nan,0.00
8/20/2026 8:22:27,1.17.3,LeftRight,2,3.78,nan,1,Left,Left,838,1557,416,246190332,nan,nan,0.00
8/20/2026 8:22:29,1.17.3,LeftRight,2,3.78,nan,1,Left,Left,839,1557,416,246192138,nan,nan,0.00
8/20/2026 8:22:31,1.17.3,LeftRight,2,3.78,nan,1,Right,Left,839,1558,416,246194282,nan,nan,0.12
8/20/2026 8:22:31,1.17.3,LeftRight,2,3.78,nan,1,RightDuringDispense,Left,839,1559,416,246194282,nan,nan,0.11
8/20/2026 8:22:41,1.17.3,LeftRight,2,3.78,6,1,Pellet,Left,839,1559,417,246194282,0.06,1024,nan
8/20/2026 8:22:54,1.17.3,LeftRight,2,3.78,nan,1,Left,Left,840,1559,417,246217427,nan,nan,0.00
8/20/2026 8:22:55,1.17.3,LeftRight,2,3.78,nan,1,Left,Left,841,1559,417,246218448,nan,nan,0.00
8/20/2026 8:22:56,1.17.3,LeftRight,2,3.79,nan,1,Right,Left,841,1560,417,246219547,nan,nan,0.00
8/20/2026 8:23:07,1.17.3,LeftRight,2,3.78,6,1,Pellet,Left,841,1560,418,246219547,0.95,26,nan
8/20/2026 8:23:20,1.17.3,LeftRight,2,3.78,nan,1,Left,Left,842,1560,418,246243434,nan,nan,0.00
8/20/2026 8:23:21,1.17.3,LeftRight,2,3.78,nan,1,Right,Left,842,1561,418,246244383,nan,nan,0.04
8/20/2026 8:23:26,1.17.3,LeftRight,2,3.78,4,1,Pellet,Left,842,1561,419,246244383,0.06,19,nan
8/20/2026 8:23:42,1.17.3,LeftRight,2,3.78,nan,1,Right,Left,842,1562,419,246265345,nan,nan,0.49
8/20/2026 8:23:45,1.17.3,LeftRight,2,3.78,nan,1,Left,Left,843,1562,419,246268047,nan,nan,0.00
8/20/2026 8:23:48,1.17.3,LeftRight,2,3.78,nan,1,RESET,Left,843,1562,419,246271381,nan,nan,nan
8/20/2026 8:24:28,1.17.3,LeftRight,2,3.78,nan,1,Left,Left,844,1562,419,246311108,nan,nan,0.00
8/20/2026 8:24:31,1.17.3,LeftRight,2,3.78,nan,1,RESET,Left,844,1562,419,246314440,nan,nan,nan
8/20/2026 8:24:57,1.17.3,LeftRight,2,3.78,nan,1,Left,Left,845,1562,419,246340747,nan,nan,0.00
8/20/2026 8:25:00,1.17.3,LeftRight,2,3.78,nan,1,RESET,Left,845,1562,419,246343337,nan,nan,nan
8/20/2026 8:25:08,1.17.3,LeftRight,2,3.78,nan,1,Left,Left,846,1562,419,246351186,nan,nan,0.00
8/20/2026 8:25:11,1.17.3,LeftRight,2,3.78,nan,1,RESET,Left,846,1562,419,246354372,nan,nan,nan
8/20/2026 8:25:11,1.17.3,LeftRight,2,3.78,nan,1,Right,Left,846,1563,419,246354815,nan,nan,0.04
8/20/2026 8:25:12,1.17.3,LeftRight,2,3.78,nan,1,Right,Left,846,1564,419,246355361,nan,nan,0.20
8/20/2026 8:25:20,1.17.3,LeftRight,2,3.78,nan,1,Left,Left,847,1564,419,246363358,nan,nan,0.00
8/20/2026 8:25:23,1.17.3,LeftRight,2,3.78,nan,1,RESET,Left,847,1564,419,246366391,nan,nan,nan
8/20/2026 8:25:31,1.17.3,LeftRight,2,3.78,nan,1,Right,Left,847,1565,419,246373688,nan,nan,0.42
8/20/2026 8:25:36,1.17.3,LeftRight,2,3.78,nan,1,Right,Left,847,1566,419,246378935,nan,nan,0.51
8/20/2026 8:25:39,1.17.3,LeftRight,2,3.78,nan,1,Left,Left,848,1566,419,246382776,nan,nan,0.00
8/20/2026 8:25:42,1.17.3,LeftRight,2,3.78,nan,1,Right,Left,848,1567,419,246385365,nan,nan,0.47
8/20/2026 8:25:45,1.17.3,LeftRight,2,3.78,3,1,Pellet,Left,848,1567,420,246385365,0.06,139,nan
8/20/2026 8:25:57,1.17.3,LeftRight,2,3.78,nan,1,Left,Left,849,1567,420,246400056,nan,nan,0.00
8/20/2026 8:25:59,1.17.3,LeftRight,2,3.78,nan,1,Right,Left,849,1568,420,246402198,nan,nan,0.21
8/20/2026 8:25:59,1.17.3,LeftRight,2,3.78,nan,1,RightDuringDispense,Left,849,1569,420,246402198,nan,nan,0.01
8/20/2026 8:26:01,1.17.3,LeftRight,2,3.78,2,1,Pellet,Left,849,1569,421,246402198,0.65,16,nan
8/20/2026 8:26:38,1.17.3,LeftRight,2,3.78,nan,1,Left,Left,850,1569,421,246441912,nan,nan,0.00
8/20/2026 8:26:42,1.17.3,LeftRight,2,3.78,nan,1,RESET,Left,850,1569,421,246445397,nan,nan,nan
8/20/2026 8:26:42,1.17.3,LeftRight,2,3.78,nan,1,Right,Left,850,1570,421,246445691,nan,nan,0.24
8/20/2026 8:26:48,1.17.3,LeftRight,2,3.78,nan,1,Left,Left,851,1570,421,246450967,nan,nan,0.00
8/20/2026 8:26:49,1.17.3,LeftRight,2,3.78,nan,1,Right,Left,851,1571,421,246452212,nan,nan,0.49
8/20/2026 8:26:52,1.17.3,LeftRight,2,3.72,nan,1,LeftDuringDispense,Left,852,1571,421,246452212,nan,nan,0.09
8/20/2026 8:26:57,1.17.3,LeftRight,2,3.78,4,1,Pellet,Left,852,1571,422,246452212,0.47,56,nan
8/20/2026 8:27:13,1.17.3,LeftRight,2,3.78,nan,1,Left,Left,853,1571,422,246476191,nan,nan,0.00
8/20/2026 8:27:15,1.17.3,LeftRight,2,3.78,nan,1,RESET,Left,853,1571,422,246478480,nan,nan,nan
8/20/2026 8:27:19,1.17.3,LeftRight,2,3.78,nan,1,Left,Left,854,1571,422,246482688,nan,nan,0.00
8/20/2026 8:27:22,1.17.3,LeftRight,2,3.78,nan,1,Right,Left,854,1572,422,246484976,nan,nan,0.75
8/20/2026 8:27:23,1.17.3,LeftRight,2,3.78,nan,1,RightDuringDispense,Left,854,1573,422,246484976,nan,nan,0.58
8/20/2026 8:27:26,1.17.3,LeftRight,2,3.78,2,1,Pellet,Left,854,1573,423,246484976,0.47,29,nan
8/20/2026 8:27:39,1.17.3,LeftRight,2,3.78,nan,1,Right,Left,854,1574,423,246501984,nan,nan,0.18
8/20/2026 8:41:41,1.17.3,LeftRight,2,3.78,nan,1,Left,Left,855,1574,423,247344039,nan,nan,0.00
8/20/2026 8:41:44,1.17.3,LeftRight,2,3.78,nan,1,RESET,Left,855,1574,423,247347519,nan,nan,nan
8/20/2026 9:39:44,1.17.3,LeftRight,2,3.78,nan,1,Left,Left,856,1574,423,250827863,nan,nan,0.00
8/20/2026 9:39:46,1.17.3,LeftRight,2,3.78,nan,1,Left,Left,857,1574,423,250829680,nan,nan,0.00
8/20/2026 9:39:49,1.17.3,LeftRight,2,3.77,nan,1,RESET,Left,857,1574,423,250832565,nan,nan,nan
8/20/2026 9:39:52,1.17.3,LeftRight,2,3.78,nan,1,Left,Left,858,1574,423,250836070,nan,nan,0.00
8/20/2026 9:39:56,1.17.3,LeftRight,2,3.78,nan,1,RESET,Left,858,1574,423,250839553,nan,nan,nan
8/20/2026 9:54:38,1.17.3,LeftRight,2,3.77,nan,1,Left,Left,859,1574,423,251721347,nan,nan,0.00
8/20/2026 9:54:41,1.17.3,LeftRight,2,3.78,nan,1,RESET,Left,859,1574,423,251724680,nan,nan,nan
8/20/2026 10:00:45,1.17.3,LeftRight,2,3.78,nan,1,Right,Left,859,1575,423,252087372,nan,nan,0.93
8/20/2026 10:01:57,1.17.3,LeftRight,2,3.77,nan,1,Right,Left,859,1576,423,252160584,nan,nan,0.21
8/20/2026 10:03:21,1.17.3,LeftRight,2,3.77,nan,1,Left,Left,860,1576,423,252244904,nan,nan,0.00
8/20/2026 10:03:24,1.17.3,LeftRight,2,3.77,nan,1,RESET,Left,860,1576,423,252247641,nan,nan,nan
8/20/2026 10:04:52,1.17.3,LeftRight,2,3.77,nan,1,Right,Left,860,1577,423,252335710,nan,nan,0.47
8/20/2026 10:06:43,1.17.3,LeftRight,2,3.77,nan,1,Left,Left,861,1577,423,252446395,nan,nan,0.00
8/20/2026 10:06:45,1.17.3,LeftRight,2,3.77,nan,1,Left,Left,862,1577,423,252448425,nan,nan,0.00
8/20/2026 10:06:48,1.17.3,LeftRight,2,3.78,nan,1,RESET,Left,862,1577,423,252451608,nan,nan,nan
8/20/2026 10:09:57,1.17.3,LeftRight,2,3.77,nan,1,Left,Left,863,1577,423,252640907,nan,nan,0.00
8/20/2026 10:10:01,1.17.3,LeftRight,2,3.78,nan,1,RESET,Left,863,1577,423,252644686,nan,nan,nan
8/20/2026 10:13:41,1.17.3,LeftRight,2,3.77,nan,1,Left,Left,864,1577,423,252864850,nan,nan,0.00
8/20/2026 10:13:44,1.17.3,LeftRight,2,3.77,nan,1,RESET,Left,864,1577,423,252867731,nan,nan,nan
8/20/2026 10:14:06,1.17.3,LeftRight,2,3.77,nan,1,Right,Left,864,1578,423,252889449,nan,nan,0.00
8/20/2026 10:15:51,1.17.3,LeftRight,2,3.77,nan,1,Right,Left,864,1579,423,252994916,nan,nan,0.06
8/20/2026 10:15:53,1.17.3,LeftRight,2,3.77,nan,1,Left,Left,865,1579,423,252996676,nan,nan,0.00
8/20/2026 10:15:57,1.17.3,LeftRight,2,3.77,nan,1,RESET,Left,865,1579,423,253000750,nan,nan,nan
8/20/2026 10:19:22,1.17.3,LeftRight,2,3.78,nan,1,Right,Left,865,1580,423,253205964,nan,nan,0.00
8/20/2026 10:20:27,1.17.3,LeftRight,2,3.77,nan,1,Left,Left,866,1580,423,253271202,nan,nan,0.00
8/20/2026 10:20:31,1.17.3,LeftRight,2,3.77,nan,1,RESET,Left,866,1580,423,253274687,nan,nan,nan
8/20/2026 10:21:30,1.17.3,LeftRight,2,3.77,nan,1,Left,Left,867,1580,423,253334030,nan,nan,0.00
8/20/2026 10:21:34,1.17.3,LeftRight,2,3.77,nan,1,RESET,Left,867,1580,423,253337659,nan,nan,nan
8/20/2026 10:26:51,1.17.3,LeftRight,2,3.77,nan,1,Left,Left,868,1580,423,253654548,nan,nan,0.00
8/20/2026 10:26:54,1.17.3,LeftRight,2,3.77,nan,1,RESET,Left,868,1580,423,253657735,nan,nan,nan
8/20/2026 10:27:14,1.17.3,LeftRight,2,3.77,nan,1,Left,Left,869,1580,423,253677457,nan,nan,0.00
8/20/2026 10:27:17,1.17.3,LeftRight,2,3.78,nan,1,RESET,Left,869,1580,423,253680791,nan,nan,nan
8/20/2026 10:35:51,1.17.3,LeftRight,2,3.77,nan,1,Right,Left,869,1581,423,254194813,nan,nan,0.41
8/20/2026 10:37:32,1.17.3,LeftRight,2,3.77,nan,1,Left,Left,870,1581,423,254295958,nan,nan,0.00
8/20/2026 10:37:35,1.17.3,LeftRight,2,3.77,nan,1,RESET,Left,870,1581,423,254298691,nan,nan,nan
8/20/2026 10:38:55,1.17.3,LeftRight,2,3.77,nan,1,Right,Left,870,1582,423,254378813,nan,nan,0.22
8/20/2026 10:44:33,1.17.3,LeftRight,2,3.77,nan,1,Right,Left,870,1583,423,254716235,nan,nan,0.74
8/20/2026 10:44:51,1.17.3,LeftRight,2,3.77,nan,1,Left,Left,871,1583,423,254734580,nan,nan,0.00
8/20/2026 10:44:52,1.17.3,LeftRight,2,3.77,nan,1,Left,Left,872,1583,423,254735931,nan,nan,0.00
8/20/2026 10:44:55,1.17.3,LeftRight,2,3.77,nan,1,RESET,Left,872,1583,423,254738815,nan,nan,nan
8/20/2026 10:44:55,1.17.3,LeftRight,2,3.77,nan,1,Right,Left,872,1584,423,254739108,nan,nan,0.14
8/20/2026 10:44:58,1.17.3,LeftRight,2,3.77,nan,1,Left,Left,873,1584,423,254741406,nan,nan,0.00
8/20/2026 10:45:00,1.17.3,LeftRight,2,3.77,nan,1,Right,Left,873,1585,423,254743845,nan,nan,0.06
8/20/2026 10:45:06,1.17.3,LeftRight,2,3.77,3,1,Pellet,Left,873,1585,424,254743845,1.37,8260,nan
8/20/2026 10:46:27,1.17.3,LeftRight,2,3.76,nan,1,Right,Left,873,1586,424,254831019,nan,nan,0.22
8/20/2026 10:46:31,1.17.3,LeftRight,2,3.77,nan,1,Left,Left,874,1586,424,254835094,nan,nan,0.00
8/20/2026 10:46:33,1.17.3,LeftRight,2,3.77,nan,1,Right,Left,874,1587,424,254836488,nan,nan,0.39
8/20/2026 10:46:37,1.17.3,LeftRight,2,3.77,2,1,Pellet,Left,874,1587,425,254836488,1.07,91,nan
8/20/2026 10:47:05,1.17.3,LeftRight,2,3.76,nan,1,Right,Left,874,1588,425,254868916,nan,nan,0.03
8/20/2026 10:47:30,1.17.3,LeftRight,2,3.77,nan,1,Left,Left,875,1588,425,254894253,nan,nan,0.00
8/20/2026 10:47:32,1.17.3,LeftRight,2,3.76,nan,1,Right,Left,875,1589,425,254895499,nan,nan,0.00
8/20/2026 10:47:33,1.17.3,LeftRight,2,3.76,1,1,Pellet,Left,875,1589,426,254895499,0.41,56,nan
8/20/2026 10:50:39,1.17.3,LeftRight,2,3.77,nan,1,Left,Left,876,1589,426,255083061,nan,nan,0.00
8/20/2026 10:50:41,1.17.3,LeftRight,2,3.76,nan,1,RESET,Left,876,1589,426,255084757,nan,nan,nan
8/20/2026 11:42:41,1.17.3,LeftRight,2,3.76,nan,1,Left,Left,877,1589,426,258204636,nan,nan,0.00
8/20/2026 11:42:43,1.17.3,LeftRight,2,3.76,nan,1,RESET,Left,877,1589,426,258206923,nan,nan,nan
8/20/2026 12:32:30,1.17.3,LeftRight,2,3.76,nan,1,Left,Left,878,1589,426,261194241,nan,nan,0.00
8/20/2026 12:32:32,1.17.3,LeftRight,2,3.76,nan,1,RESET,Left,878,1589,426,261196084,nan,nan,nan
8/20/2026 12:34:52,1.17.3,LeftRight,2,3.76,nan,1,Left,Left,879,1589,426,261336041,nan,nan,0.00
8/20/2026 12:34:55,1.17.3,LeftRight,2,3.76,nan,1,Right,Left,879,1590,426,261338330,nan,nan,0.33
8/20/2026 12:34:56,1.17.3,LeftRight,2,3.76,1,1,Pellet,Left,879,1590,427,261338330,0.71,6443,nan
8/20/2026 12:43:27,1.17.3,LeftRight,2,3.76,nan,1,Left,Left,880,1590,427,261850741,nan,nan,0.00
8/20/2026 12:43:30,1.17.3,LeftRight,2,3.75,nan,1,RESET,Left,880,1590,427,261854073,nan,nan,nan
8/20/2026 12:43:41,1.17.3,LeftRight,2,3.76,nan,1,Left,Left,881,1590,427,261865201,nan,nan,0.00
8/20/2026 12:43:43,1.17.3,LeftRight,2,3.76,nan,1,Right,Left,881,1591,427,261866747,nan,nan,0.00
8/20/2026 12:43:43,1.17.3,LeftRight,2,3.76,nan,1,RightDuringDispense,Left,881,1592,427,261866747,nan,nan,0.02
8/20/2026 12:43:44,1.17.3,LeftRight,2,3.76,1,1,Pellet,Left,881,1592,428,261866747,0.59,528,nan
8/20/2026 12:44:16,1.17.3,LeftRight,2,3.76,nan,1,Right,Left,881,1593,428,261900198,nan,nan,0.18
8/20/2026 12:47:44,1.17.3,LeftRight,2,3.75,nan,1,Left,Left,882,1593,428,262108100,nan,nan,0.00
8/20/2026 12:47:47,1.17.3,LeftRight,2,3.76,nan,1,RESET,Left,882,1593,428,262111137,nan,nan,nan
8/20/2026 12:47:59,1.17.3,LeftRight,2,3.76,nan,1,Left,Left,883,1593,428,262123152,nan,nan,0.00
8/20/2026 12:48:00,1.17.3,LeftRight,2,3.76,nan,1,Left,Left,884,1593,428,262124454,nan,nan,0.00
8/20/2026 12:48:04,1.17.3,LeftRight,2,3.76,nan,1,RESET,Left,884,1593,428,262128087,nan,nan,nan
8/20/2026 12:55:07,1.17.3,LeftRight,2,3.76,nan,1,Right,Left,884,1594,428,262551338,nan,nan,0.12
8/20/2026 12:55:12,1.17.3,LeftRight,2,3.75,nan,1,Right,Left,884,1595,428,262556136,nan,nan,0.06
8/20/2026 12:55:13,1.17.3,LeftRight,2,3.76,nan,1,Right,Left,884,1596,428,262557295,nan,nan,0.21
8/20/2026 12:55:27,1.17.3,LeftRight,2,3.76,nan,1,Left,Left,885,1596,428,262571240,nan,nan,0.00
8/20/2026 12:55:30,1.17.3,LeftRight,2,3.76,nan,1,RESET,Left,885,1596,428,262574129,nan,nan,nan
8/20/2026 12:55:34,1.17.3,LeftRight,2,3.76,nan,1,Left,Left,886,1596,428,262577651,nan,nan,0.00
8/20/2026 12:55:37,1.17.3,LeftRight,2,3.76,nan,1,RESET,Left,886,1596,428,262581140,nan,nan,nan
8/20/2026 12:55:47,1.17.3,LeftRight,2,3.75,nan,1,Right,Left,886,1597,428,262590835,nan,nan,0.08
8/20/2026 12:55:49,1.17.3,LeftRight,2,3.76,nan,1,Left,Left,887,1597,428,262593567,nan,nan,0.00
8/20/2026 12:55:51,1.17.3,LeftRight,2,3.75,nan,1,Right,Left,887,1598,428,262595409,nan,nan,0.01
8/20/2026 12:55:52,1.17.3,LeftRight,2,3.75,2,1,Pellet,Left,887,1598,429,262595409,0.23,728,nan
8/20/2026 12:56:14,1.17.3,LeftRight,2,3.76,nan,1,Left,Left,888,1598,429,262618504,nan,nan,0.00
8/20/2026 12:56:18,1.17.3,LeftRight,2,3.76,nan,1,RESET,Left,888,1598,429,262622142,nan,nan,nan
8/20/2026 12:56:24,1.17.3,LeftRight,2,3.75,nan,1,Right,Left,888,1599,429,262628555,nan,nan,0.00
8/20/2026 12:56:27,1.17.3,LeftRight,2,3.76,nan,1,Left,Left,889,1599,429,262630950,nan,nan,0.00
8/20/2026 12:56:28,1.17.3,LeftRight,2,3.76,nan,1,Right,Left,889,1600,429,262632197,nan,nan,0.00
8/20/2026 12:56:29,1.17.3,LeftRight,2,3.75,2,1,Pellet,Left,889,1600,430,262632197,0.06,37,nan
8/20/2026 12:56:51,1.17.3,LeftRight,2,3.76,nan,1,Left,Left,890,1600,430,262654827,nan,nan,0.00
8/20/2026 12:56:53,1.17.3,LeftRight,2,3.76,nan,1,Left,Left,891,1600,430,262657362,nan,nan,0.00
8/20/2026 12:56:55,1.17.3,LeftRight,2,3.76,nan,1,Right,Left,891,1601,430,262658906,nan,nan,0.00
8/20/2026 12:56:56,1.17.3,LeftRight,2,3.76,1,1,Pellet,Left,891,1601,431,262658906,0.23,27,nan
8/20/2026 12:56:57,1.17.3,LeftRight,2,3.76,nan,1,Right,Left,891,1602,431,262661473,nan,nan,0.00
8/20/2026 12:57:11,1.17.3,LeftRight,2,3.76,nan,1,Left,Left,892,1602,431,262674774,nan,nan,0.00
8/20/2026 12:57:12,1.17.3,LeftRight,2,3.76,nan,1,Right,Left,892,1603,431,262675573,nan,nan,0.14
8/20/2026 12:57:15,1.17.3,LeftRight,2,3.76,2,1,Pellet,Left,892,1603,432,262675573,0.06,19,nan
8/20/2026 15:01:12,1.17.3,LeftRight,2,3.74,nan,1,Left,Left,893,1603,432,270116676,nan,nan,0.00
8/20/2026 15:01:13,1.17.3,LeftRight,2,3.74,nan,1,Left,Left,894,1603,432,270117178,nan,nan,0.00
8/20/2026 15:01:16,1.17.3,LeftRight,2,3.74,nan,1,RESET,Left,894,1603,432,270120355,nan,nan,nan
8/20/2026 15:01:18,1.17.3,LeftRight,2,3.74,nan,1,Right,Left,894,1604,432,270122585,nan,nan,0.10
8/20/2026 15:01:25,1.17.3,LeftRight,2,3.74,nan,1,Left,Left,895,1604,432,270129000,nan,nan,0.00
8/20/2026 15:01:28,1.17.3,LeftRight,2,3.74,nan,1,RESET,Left,895,1604,432,270132326,nan,nan,nan
8/20/2026 15:01:29,1.17.3,LeftRight,2,3.74,nan,1,Left,Left,896,1604,432,270133730,nan,nan,0.00
8/20/2026 15:01:32,1.17.3,LeftRight,2,3.74,nan,1,Right,Left,896,1605,432,270136758,nan,nan,0.13
8/20/2026 15:01:34,1.17.3,LeftRight,2,3.74,2,1,Pellet,Left,896,1605,433,270136758,0.53,7459,nan
8/20/2026 15:01:43,1.17.3,LeftRight,2,3.74,nan,1,Left,Left,897,1605,433,270147924,nan,nan,0.00
8/20/2026 15:01:47,1.17.3,LeftRight,2,3.74,nan,1,Left,Left,898,1605,433,270151023,nan,nan,0.00
8/20/2026 15:01:50,1.17.3,LeftRight,2,3.74,nan,1,RESET,Left,898,1605,433,270154350,nan,nan,nan
8/20/2026 15:01:52,1.17.3,LeftRight,2,3.74,nan,1,Left,Left,899,1605,433,270156019,nan,nan,0.00
8/20/2026 15:01:54,1.17.3,LeftRight,2,3.74,nan,1,Right,Left,899,1606,433,270157563,nan,nan,0.80
8/20/2026 15:01:55,1.17.3,LeftRight,2,3.74,2,1,Pellet,Left,899,1606,434,270157563,0.12,21,nan
8/20/2026 15:02:07,1.17.3,LeftRight,2,3.74,nan,1,Left,Left,900,1606,434,270171757,nan,nan,0.00
8/20/2026 15:02:11,1.17.3,LeftRight,2,3.74,nan,1,RESET,Left,900,1606,434,270175383,nan,nan,nan
8/20/2026 15:02:12,1.17.3,LeftRight,2,3.74,nan,1,Left,Left,901,1606,434,270176772,nan,nan,0.00
8/20/2026 15:02:14,1.17.3,LeftRight,2,3.74,nan,1,Right,Left,901,1607,434,270177867,nan,nan,0.16
8/20/2026 15:02:23,1.17.3,LeftRight,2,3.74,2,1,Pellet,Left,901,1607,435,270177867,6.83,28,nan
8/20/2026 15:02:45,1.17.3,LeftRight,2,3.74,nan,1,Right,Left,901,1608,435,270208872,nan,nan,0.18
8/20/2026 15:02:46,1.17.3,LeftRight,2,3.74,nan,1,Right,Left,901,1609,435,270210293,nan,nan,0.05
8/20/2026 15:02:49,1.17.3,LeftRight,2,3.74,nan,1,Left,Left,902,1609,435,270213275,nan,nan,0.00
8/20/2026 15:02:52,1.17.3,LeftRight,2,3.74,nan,1,Right,Left,902,1610,435,270216157,nan,nan,0.02
8/20/2026 15:02:55,1.17.3,LeftRight,2,3.74,3,1,Pellet,Left,902,1610,436,270216157,0.06,32,nan
8/20/2026 15:05:55,1.17.3,LeftRight,2,3.74,nan,1,Left,Left,903,1610,436,270399109,nan,nan,0.00
8/20/2026 15:05:58,1.17.3,LeftRight,2,3.74,nan,1,RESET,Left,903,1610,436,270402436,nan,nan,nan
8/20/2026 15:07:56,1.17.3,LeftRight,2,3.74,nan,1,Right,Left,903,1611,436,270519910,nan,nan,0.12
8/20/2026 15:10:28,1.17.3,LeftRight,2,3.74,nan,1,Left,Left,904,1611,436,270672831,nan,nan,0.00
8/20/2026 15:10:31,1.17.3,LeftRight,2,3.74,nan,1,RESET,Left,904,1611,436,270675411,nan,nan,nan
8/20/2026 15:13:28,1.17.3,LeftRight,2,3.74,nan,1,Right,Left,904,1612,436,270851997,nan,nan,0.07
8/20/2026 15:15:45,1.17.3,LeftRight,2,3.74,nan,1,Left,Left,905,1612,436,270989447,nan,nan,0.00
8/20/2026 15:15:47,1.17.3,LeftRight,2,3.74,nan,1,Right,Left,905,1613,436,270991433,nan,nan,0.00
8/20/2026 15:15:48,1.17.3,LeftRight,2,3.74,nan,1,RightDuringDispense,Left,905,1614,436,270991433,nan,nan,0.28
8/20/2026 15:16:01,1.17.3,LeftRight,2,3.74,2,1,Pellet,Left,905,1614,437,270991433,12.11,786,nan
8/20/2026 15:16:28,1.17.3,LeftRight,2,3.74,nan,1,Left,Left,906,1614,437,271032701,nan,nan,0.00
8/20/2026 15:16:32,1.17.3,LeftRight,2,3.74,nan,1,RESET,Left,906,1614,437,271036468,nan,nan,nan
8/20/2026 15:18:36,1.17.3,LeftRight,2,3.74,nan,1,Left,Left,907,1614,437,271159984,nan,nan,0.00
8/20/2026 15:18:36,1.17.3,LeftRight,2,3.74,nan,1,Right,Left,907,1615,437,271160930,nan,nan,0.00
8/20/2026 15:18:38,1.17.3,LeftRight,2,3.74,2,1,Pellet,Left,907,1615,438,271160930,0.35,157,nan
8/20/2026 16:14:39,1.17.3,LeftRight,2,3.74,nan,1,Left,Left,908,1615,438,274523156,nan,nan,0.00
8/20/2026 16:14:42,1.17.3,LeftRight,2,3.73,nan,1,RESET,Left,908,1615,438,274526628,nan,nan,nan
8/20/2026 16:14:43,1.17.3,LeftRight,2,3.74,nan,1,Right,Left,908,1616,438,274527219,nan,nan,0.03
8/20/2026 16:14:45,1.17.3,LeftRight,2,3.73,nan,1,Right,Left,908,1617,438,274529082,nan,nan,0.15
8/20/2026 16:14:48,1.17.3,LeftRight,2,3.73,nan,1,Left,Left,909,1617,438,274532476,nan,nan,0.00
8/20/2026 16:14:50,1.17.3,LeftRight,2,3.74,nan,1,Right,Left,909,1618,438,274534464,nan,nan,0.24
8/20/2026 16:14:54,1.17.3,LeftRight,2,3.73,2,1,Pellet,Left,909,1618,439,274534464,0.71,3376,nan
8/20/2026 16:15:08,1.17.3,LeftRight,2,3.73,nan,1,Right,Left,909,1619,439,274552969,nan,nan,0.02
8/20/2026 16:15:13,1.17.3,LeftRight,2,3.73,nan,1,Left,Left,910,1619,439,274557496,nan,nan,0.00
8/20/2026 16:15:15,1.17.3,LeftRight,2,3.73,nan,1,Right,Left,910,1620,439,274559778,nan,nan,0.15
8/20/2026 16:15:16,1.17.3,LeftRight,2,3.74,1,1,Pellet,Left,910,1620,440,274559778,0.23,22,nan
8/20/2026 16:15:30,1.17.3,LeftRight,2,3.74,nan,1,Left,Left,911,1620,440,274575096,nan,nan,0.00
8/20/2026 16:15:32,1.17.3,LeftRight,2,3.74,nan,1,Right,Left,911,1621,440,274576486,nan,nan,0.05
8/20/2026 16:15:35,1.17.3,LeftRight,2,3.74,2,1,Pellet,Left,911,1621,441,274576486,0.53,19,nan
8/20/2026 16:15:48,1.17.3,LeftRight,2,3.74,nan,1,Left,Left,912,1621,441,274592964,nan,nan,0.00
8/20/2026 16:15:50,1.17.3,LeftRight,2,3.73,nan,1,Right,Left,912,1622,441,274594946,nan,nan,0.00
8/20/2026 16:15:52,1.17.3,LeftRight,2,3.74,2,1,Pellet,Left,912,1622,442,274594946,0.06,17,nan
8/20/2026 16:16:02,1.17.3,LeftRight,2,3.73,nan,1,Left,Left,913,1622,442,274606194,nan,nan,0.00
8/20/2026 16:16:04,1.17.3,LeftRight,2,3.73,nan,1,Right,Left,913,1623,442,274607734,nan,nan,0.54
8/20/2026 16:16:10,1.17.3,LeftRight,2,3.73,2,1,Pellet,Left,913,1623,443,274607734,5.09,18,nan
8/20/2026 16:16:35,1.17.3,LeftRight,2,3.74,nan,1,Right,Left,913,1624,443,274639988,nan,nan,0.00
8/20/2026 16:16:38,1.17.3,LeftRight,2,3.74,nan,1,Right,Left,913,1625,443,274642420,nan,nan,0.55
8/20/2026 16:16:43,1.17.3,LeftRight,2,3.73,nan,1,Left,Left,914,1625,443,274647809,nan,nan,0.00
8/20/2026 16:16:44,1.17.3,LeftRight,2,3.74,nan,1,Right,Left,914,1626,443,274648903,nan,nan,0.00
8/20/2026 16:16:46,1.17.3,LeftRight,2,3.73,2,1,Pellet,Left,914,1626,444,274648903,0.06,36,nan
8/20/2026 16:17:26,1.17.3,LeftRight,2,3.73,nan,1,Left,Left,915,1626,444,274691000,nan,nan,0.00
8/20/2026 16:17:29,1.17.3,LeftRight,2,3.74,nan,1,RESET,Left,915,1626,444,274693581,nan,nan,nan
8/20/2026 16:58:56,1.17.3,LeftRight,2,3.73,nan,1,Left,Left,916,1626,444,277180930,nan,nan,0.00
8/20/2026 16:59:00,1.17.3,LeftRight,2,3.73,nan,1,RESET,Left,916,1626,444,277184702,nan,nan,nan
8/20/2026 16:59:02,1.17.3,LeftRight,2,3.73,nan,1,Right,Left,916,1627,444,277186481,nan,nan,0.00
8/20/2026 16:59:05,1.17.3,LeftRight,2,3.73,nan,1,Left,Left,917,1627,444,277189804,nan,nan,0.00
8/20/2026 16:59:06,1.17.3,LeftRight,2,3.73,nan,1,Right,Left,917,1628,444,277191046,nan,nan,0.00
8/20/2026 16:59:07,1.17.3,LeftRight,2,3.73,nan,1,RightDuringDispense,Left,917,1629,444,277191046,nan,nan,0.05
8/20/2026 16:59:18,1.17.3,LeftRight,2,3.73,2,1,Pellet,Left,917,1629,445,277191046,8.81,2552,nan
8/20/2026 16:59:50,1.17.3,LeftRight,2,3.73,nan,1,Right,Left,917,1630,445,277234240,nan,nan,0.00
8/20/2026 16:59:52,1.17.3,LeftRight,2,3.73,nan,1,Right,Left,917,1631,445,277235929,nan,nan,0.28
8/20/2026 16:59:52,1.17.3,LeftRight,2,3.73,nan,1,Right,Left,917,1632,445,277236712,nan,nan,0.09
8/20/2026 16:59:54,1.17.3,LeftRight,2,3.73,nan,1,Right,Left,917,1633,445,277238788,nan,nan,0.22
8/20/2026 16:59:58,1.17.3,LeftRight,2,3.73,nan,1,Right,Left,917,1634,445,277242624,nan,nan,0.21
8/20/2026 17:00:00,1.17.3,LeftRight,2,3.73,nan,1,Left,Left,918,1634,445,277245002,nan,nan,0.00
8/20/2026 17:00:02,1.17.3,LeftRight,2,3.73,nan,1,Right,Left,918,1635,445,277247141,nan,nan,0.02
8/20/2026 17:00:03,1.17.3,LeftRight,2,3.66,nan,1,RightDuringDispense,Left,918,1636,445,277247141,nan,nan,0.02
8/20/2026 17:00:04,1.17.3,LeftRight,2,3.73,2,1,Pellet,Left,918,1636,446,277247141,0.06,46,nan
8/20/2026 17:00:13,1.17.3,LeftRight,2,3.73,nan,1,Left,Left,919,1636,446,277258169,nan,nan,0.00
8/20/2026 17:00:17,1.17.3,LeftRight,2,3.73,nan,1,RESET,Left,919,1636,446,277261641,nan,nan,nan
8/20/2026 17:00:17,1.17.3,LeftRight,2,3.73,nan,1,Left,Left,920,1636,446,277261950,nan,nan,0.00
8/20/2026 17:00:19,1.17.3,LeftRight,2,3.73,nan,1,Right,Left,920,1637,446,277263640,nan,nan,0.14
8/20/2026 17:00:19,1.17.3,LeftRight,2,3.73,nan,1,RightDuringDispense,Left,920,1638,446,277263640,nan,nan,0.00
8/20/2026 17:00:20,1.17.3,LeftRight,2,3.67,nan,1,RightDuringDispense,Left,920,1639,446,277263640,nan,nan,0.38
8/20/2026 17:00:21,1.17.3,LeftRight,2,3.73,1,1,Pellet,Left,920,1639,447,277263640,0.17,17,nan
8/20/2026 17:00:34,1.17.3,LeftRight,2,3.73,nan,1,Left,Left,921,1639,447,277279096,nan,nan,0.00
8/20/2026 17:00:35,1.17.3,LeftRight,2,3.73,nan,1,Right,Left,921,1640,447,277280041,nan,nan,0.12
8/20/2026 17:00:39,1.17.3,LeftRight,2,3.73,2,1,Pellet,Left,921,1640,448,277280041,0.53,18,nan
8/20/2026 17:00:47,1.17.3,LeftRight,2,3.73,nan,1,Left,Left,922,1640,448,277292087,nan,nan,0.00
8/20/2026 17:00:51,1.17.3,LeftRight,2,3.73,nan,1,RESET,Left,922,1640,448,277295710,nan,nan,nan
8/20/2026 17:00:54,1.17.3,LeftRight,2,3.73,nan,1,Left,Left,923,1640,448,277299175,nan,nan,0.00
8/20/2026 17:00:57,1.17.3,LeftRight,2,3.73,nan,1,Right,Left,923,1641,448,277301608,nan,nan,0.33
8/20/2026 17:00:58,1.17.3,LeftRight,2,3.73,1,1,Pellet,Left,923,1641,449,277301608,0.35,19,nan
8/20/2026 17:01:34,1.17.3,LeftRight,2,3.73,nan,1,Right,Left,923,1642,449,277338363,nan,nan,0.05
8/20/2026 17:01:35,1.17.3,LeftRight,2,3.73,nan,1,Right,Left,923,1643,449,277339059,nan,nan,0.18
8/20/2026 17:01:38,1.17.3,LeftRight,2,3.73,nan,1,Left,Left,924,1643,449,277342410,nan,nan,0.00
8/20/2026 17:01:40,1.17.3,LeftRight,2,3.73,nan,1,Right,Left,924,1644,449,277344543,nan,nan,0.18
8/20/2026 17:01:40,1.17.3,LeftRight,2,3.66,nan,1,RightDuringDispense,Left,924,1645,449,277344543,nan,nan,0.07
8/20/2026 17:01:41,1.17.3,LeftRight,2,3.73,2,1,Pellet,Left,924,1645,450,277344543,0.06,43,nan
8/20/2026 17:04:03,1.17.3,LeftRight,2,3.73,nan,1,Left,Left,925,1645,450,277487736,nan,nan,0.00
8/20/2026 17:04:06,1.17.3,LeftRight,2,3.73,nan,1,RESET,Left,925,1645,450,277490614,nan,nan,nan
8/20/2026 17:21:39,1.17.3,LeftRight,2,3.73,nan,1,Left,Left,926,1645,450,278543552,nan,nan,0.00
8/20/2026 17:21:42,1.17.3,LeftRight,2,3.73,nan,1,RESET,Left,926,1645,450,278546726,nan,nan,nan
8/20/2026 17:22:11,1.17.3,LeftRight,2,3.73,nan,1,Right,Left,926,1646,450,278576006,nan,nan,0.16
8/20/2026 17:22:20,1.17.3,LeftRight,2,3.73,nan,1,Left,Left,927,1646,450,278584545,nan,nan,0.00
8/20/2026 17:22:23,1.17.3,LeftRight,2,3.73,nan,1,RESET,Left,927,1646,450,278587720,nan,nan,nan
8/20/2026 17:35:50,1.17.3,LeftRight,2,3.73,nan,1,Right,Left,927,1647,450,279394449,nan,nan,0.18
8/20/2026 17:38:48,1.17.3,LeftRight,2,3.73,nan,1,Right,Left,927,1648,450,279572939,nan,nan,0.29
8/20/2026 17:42:25,1.17.3,LeftRight,2,3.73,nan,1,Left,Left,928,1648,450,279789885,nan,nan,0.00
8/20/2026 17:42:28,1.17.3,LeftRight,2,3.73,nan,1,RESET,Left,928,1648,450,279792767,nan,nan,nan
8/20/2026 17:46:04,1.17.3,LeftRight,2,3.73,nan,1,Right,Left,928,1649,450,280007491,nan,nan,0.97
8/20/2026 17:46:05,1.17.3,LeftRight,2,3.73,nan,1,Left,Left,929,1649,450,280010032,nan,nan,0.00
8/20/2026 17:46:08,1.17.3,LeftRight,2,3.73,nan,1,Right,Left,929,1650,450,280012762,nan,nan,0.03
8/20/2026 17:46:09,1.17.3,LeftRight,2,3.73,1,1,Pellet,Left,929,1650,451,280012762,0.71,2668,nan
8/20/2026 17:46:21,1.17.3,LeftRight,2,3.73,nan,1,Right,Left,929,1651,451,280025413,nan,nan,0.00
8/20/2026 17:46:24,1.17.3,LeftRight,2,3.73,nan,1,Left,Left,930,1651,451,280028895,nan,nan,0.00
8/20/2026 17:46:25,1.17.3,LeftRight,2,3.73,nan,1,Right,Left,930,1652,451,280029692,nan,nan,0.18
8/20/2026 17:46:26,1.17.3,LeftRight,2,3.72,1,1,Pellet,Left,930,1652,452,280029692,0.12,17,nan
8/20/2026 17:47:38,1.17.3,LeftRight,2,3.73,nan,1,Right,Left,930,1653,452,280103137,nan,nan,0.00
8/20/2026 18:00:03,1.17.3,LeftRight,2,3.73,nan,1,Left,Left,931,1653,452,280847620,nan,nan,0.00
8/20/2026 18:00:06,1.17.3,LeftRight,2,3.73,nan,1,RESET,Left,931,1653,452,280850797,nan,nan,nan
8/20/2026 18:01:13,1.17.3,LeftRight,2,3.72,nan,1,Right,Left,931,1654,452,280918292,nan,nan,0.00
8/20/2026 18:01:36,1.17.3,LeftRight,2,3.73,nan,1,Left,Left,932,1654,452,280940331,nan,nan,0.00
8/20/2026 18:01:39,1.17.3,LeftRight,2,3.73,nan,1,RESET,Left,932,1654,452,280943804,nan,nan,nan
8/20/2026 18:07:44,1.17.3,LeftRight,2,3.72,nan,1,Left,Left,933,1654,452,281309320,nan,nan,0.00
8/20/2026 18:07:46,1.17.3,LeftRight,2,3.72,nan,1,Right,Left,933,1655,452,281310861,nan,nan,0.02
8/20/2026 18:07:46,1.17.3,LeftRight,2,3.72,nan,1,RightDuringDispense,Left,933,1656,452,281310861,nan,nan,0.01
8/20/2026 18:07:50,1.17.3,LeftRight,2,3.72,3,1,Pellet,Left,933,1656,453,281310861,0.06,1284,nan
8/20/2026 18:08:00,1.17.3,LeftRight,2,3.72,nan,1,Right,Left,933,1657,453,281324221,nan,nan,0.39
8/20/2026 18:08:01,1.17.3,LeftRight,2,3.73,nan,1,Right,Left,933,1658,453,281325262,nan,nan,0.17
8/20/2026 18:08:05,1.17.3,LeftRight,2,3.72,nan,1,Right,Left,933,1659,453,281329211,nan,nan,0.26
8/20/2026 18:08:08,1.17.3,LeftRight,2,3.73,nan,1,Left,Left,934,1659,453,281332506,nan,nan,0.00
8/20/2026 18:08:09,1.17.3,LeftRight,2,3.73,nan,1,Right,Left,934,1660,453,281333453,nan,nan,0.15
8/20/2026 18:08:09,1.17.3,LeftRight,2,3.72,nan,1,RightDuringDispense,Left,934,1661,453,281333453,nan,nan,0.07
8/20/2026 18:08:10,1.17.3,LeftRight,2,3.73,2,1,Pellet,Left,934,1661,454,281333453,0.11,20,nan
8/20/2026 18:08:18,1.17.3,LeftRight,2,3.73,nan,1,Left,Left,935,1661,454,281342901,nan,nan,0.00
8/20/2026 18:08:19,1.17.3,LeftRight,2,3.72,nan,1,Right,Left,935,1662,454,281343699,nan,nan,0.03
8/20/2026 18:08:20,1.17.3,LeftRight,2,3.73,2,1,Pellet,Left,935,1662,455,281343699,0.06,10,nan
8/20/2026 18:08:28,1.17.3,LeftRight,2,3.73,nan,1,Left,Left,936,1662,455,281353256,nan,nan,0.00
8/20/2026 18:08:32,1.17.3,LeftRight,2,3.73,nan,1,RESET,Left,936,1662,455,281356735,nan,nan,nan
8/20/2026 18:08:32,1.17.3,LeftRight,2,3.73,nan,1,Left,Left,937,1662,455,281356962,nan,nan,0.00
8/20/2026 18:08:33,1.17.3,LeftRight,2,3.72,nan,1,Right,Left,937,1663,455,281357612,nan,nan,0.64
8/20/2026 18:08:35,1.17.3,LeftRight,2,3.72,2,1,Pellet,Left,937,1663,456,281357612,0.06,15,nan
8/20/2026 18:08:42,1.17.3,LeftRight,2,3.73,nan,1,Left,Left,938,1663,456,281366965,nan,nan,0.00
8/20/2026 18:08:43,1.17.3,LeftRight,2,3.72,nan,1,Right,Left,938,1664,456,281368210,nan,nan,0.00
8/20/2026 18:08:44,1.17.3,LeftRight,2,3.73,2,1,Pellet,Left,938,1664,457,281368210,0.06,9,nan
8/20/2026 18:08:58,1.17.3,LeftRight,2,3.72,nan,1,Right,Left,938,1665,457,281382279,nan,nan,0.44
8/20/2026 18:09:00,1.17.3,LeftRight,2,3.73,nan,1,Left,Left,939,1665,457,281385152,nan,nan,0.00
8/20/2026 18:09:04,1.17.3,LeftRight,2,3.73,nan,1,RESET,Left,939,1665,457,281388777,nan,nan,nan
8/20/2026 18:09:04,1.17.3,LeftRight,2,3.73,nan,1,Right,Left,939,1666,457,281388922,nan,nan,0.00
8/20/2026 18:09:30,1.17.3,LeftRight,2,3.73,nan,1,Left,Left,940,1666,457,281414610,nan,nan,0.00
8/20/2026 18:09:33,1.17.3,LeftRight,2,3.72,nan,1,RESET,Left,940,1666,457,281417791,nan,nan,nan
8/20/2026 18:35:59,1.17.3,LeftRight,2,3.72,nan,1,Right,Left,940,1667,457,283003958,nan,nan,0.17
8/20/2026 18:38:11,1.17.3,LeftRight,2,3.72,nan,1,Left,Left,941,1667,457,283136112,nan,nan,0.00
8/20/2026 18:38:14,1.17.3,LeftRight,2,3.72,nan,1,RESET,Left,941,1667,457,283138841,nan,nan,nan
8/20/2026 18:44:10,1.17.3,LeftRight,2,3.73,nan,1,Right,Left,941,1668,457,283494830,nan,nan,0.23
8/20/2026 18:44:14,1.17.3,LeftRight,2,3.72,nan,1,Left,Left,942,1668,457,283499123,nan,nan,0.00
8/20/2026 18:44:15,1.17.3,LeftRight,2,3.73,nan,1,Right,Left,942,1669,457,283500367,nan,nan,0.04
8/20/2026 18:44:17,1.17.3,LeftRight,2,3.72,1,1,Pellet,Left,942,1669,458,283500367,0.41,2133,nan
8/20/2026 18:44:27,1.17.3,LeftRight,2,3.73,nan,1,Right,Left,942,1670,458,283511521,nan,nan,0.35
8/20/2026 18:44:29,1.17.3,LeftRight,2,3.72,nan,1,Left,Left,943,1670,458,283514155,nan,nan,0.00
8/20/2026 18:44:30,1.17.3,LeftRight,2,3.73,nan,1,Right,Left,943,1671,458,283514955,nan,nan,0.06
8/20/2026 18:44:33,1.17.3,LeftRight,2,3.72,3,1,Pellet,Left,943,1671,459,283514955,0.06,16,nan
8/20/2026 18:44:48,1.17.3,LeftRight,2,3.72,nan,1,Left,Left,944,1671,459,283532594,nan,nan,0.00
8/20/2026 18:44:50,1.17.3,LeftRight,2,3.72,nan,1,Right,Left,944,1672,459,283535172,nan,nan,0.01
8/20/2026 18:44:51,1.17.3,LeftRight,2,3.72,1,1,Pellet,Left,944,1672,460,283535172,0.29,18,nan
8/20/2026 18:45:01,1.17.3,LeftRight,2,3.72,nan,1,Left,Left,945,1672,460,283545621,nan,nan,0.00
8/20/2026 18:45:04,1.17.3,LeftRight,2,3.72,nan,1,RESET,Left,945,1672,460,283548949,nan,nan,nan
8/20/2026 18:45:06,1.17.3,LeftRight,2,3.72,nan,1,Left,Left,946,1672,460,283551303,nan,nan,0.00
8/20/2026 18:45:07,1.17.3,LeftRight,2,3.72,nan,1,Right,Left,946,1673,460,283552100,nan,nan,0.03
8/20/2026 18:45:17,1.17.3,LeftRight,2,3.72,3,1,Pellet,Left,946,1673,461,283552100,6.05,26,nan
8/20/2026 18:48:12,1.17.3,LeftRight,2,3.72,nan,1,Left,Left,947,1673,461,283736471,nan,nan,0.00
8/20/2026 18:48:12,1.17.3,LeftRight,2,3.72,nan,1,Right,Left,947,1674,461,283737122,nan,nan,0.11
8/20/2026 18:48:14,1.17.3,LeftRight,2,3.72,2,1,Pellet,Left,947,1674,462,283737122,0.41,177,nan
8/20/2026 18:48:28,1.17.3,LeftRight,2,3.72,nan,1,Right,Left,947,1675,462,283753373,nan,nan,0.00
8/20/2026 18:52:44,1.17.3,LeftRight,2,3.72,nan,1,Right,Left,947,1676,462,284008806,nan,nan,0.46
8/20/2026 19:33:19,1.17.3,LeftRight,2,3.71,nan,1,Right,Left,947,1677,462,286444129,nan,nan,0.18
8/20/2026 19:33:22,1.17.3,LeftRight,2,3.72,nan,1,Right,Left,947,1678,462,286446445,nan,nan,0.16
8/20/2026 19:33:23,1.17.3,LeftRight,2,3.71,nan,1,Right,Left,947,1679,462,286447845,nan,nan,0.18
8/20/2026 19:33:26,1.17.3,LeftRight,2,3.72,nan,1,Right,Left,947,1680,462,286451349,nan,nan,0.04
8/20/2026 19:33:28,1.17.3,LeftRight,2,3.72,nan,1,Left,Left,948,1680,462,286452779,nan,nan,0.00
8/20/2026 19:33:29,1.17.3,LeftRight,2,3.71,nan,1,Right,Left,948,1681,462,286453727,nan,nan,0.27
8/20/2026 19:33:30,1.17.3,LeftRight,2,3.72,2,1,Pellet,Left,948,1681,463,286453727,0.29,2716,nan
8/20/2026 19:33:48,1.17.3,LeftRight,2,3.72,nan,1,Left,Left,949,1681,463,286473197,nan,nan,0.00
8/20/2026 19:33:50,1.17.3,LeftRight,2,3.71,nan,1,Right,Left,949,1682,463,286474738,nan,nan,0.00
8/20/2026 19:33:50,1.17.3,LeftRight,2,3.71,nan,1,RightDuringDispense,Left,949,1683,463,286474738,nan,nan,0.11
8/20/2026 19:33:51,1.17.3,LeftRight,2,3.72,1,1,Pellet,Left,949,1683,464,286474738,0.23,21,nan
8/20/2026 19:34:04,1.17.3,LeftRight,2,3.71,nan,1,Right,Left,949,1684,464,286489451,nan,nan,0.00
8/20/2026 19:34:07,1.17.3,LeftRight,2,3.71,nan,1,Left,Left,950,1684,464,286492364,nan,nan,0.00
8/20/2026 19:34:08,1.17.3,LeftRight,2,3.71,nan,1,Right,Left,950,1685,464,286493310,nan,nan,0.07
8/20/2026 19:34:15,1.17.3,LeftRight,2,3.72,3,1,Pellet,Left,950,1685,465,286493310,1.55,24,nan
8/20/2026 19:36:51,1.17.3,LeftRight,2,3.71,nan,1,Right,Left,950,1686,465,286655173,nan,nan,0.68
8/20/2026 19:46:08,1.17.3,LeftRight,2,3.71,nan,1,Left,Left,951,1686,465,287212892,nan,nan,0.00
8/20/2026 19:46:10,1.17.3,LeftRight,2,3.71,nan,1,Right,Left,951,1687,465,287215329,nan,nan,0.00
8/20/2026 19:46:12,1.17.3,LeftRight,2,3.71,1,1,Pellet,Left,951,1687,466,287215329,0.71,717,nan
8/20/2026 19:46:32,1.17.3,LeftRight,2,3.72,nan,1,Right,Left,951,1688,466,287236456,nan,nan,0.13
8/20/2026 19:46:34,1.17.3,LeftRight,2,3.71,nan,1,Left,Left,952,1688,466,287238767,nan,nan,0.00
8/20/2026 19:46:37,1.17.3,LeftRight,2,3.71,nan,1,RESET,Left,952,1688,466,287241948,nan,nan,nan
8/20/2026 19:46:38,1.17.3,LeftRight,2,3.71,nan,1,Right,Left,952,1689,466,287243286,nan,nan,0.00
8/20/2026 19:46:42,1.17.3,LeftRight,2,3.71,nan,1,Right,Left,952,1690,466,287247211,nan,nan,0.08
8/20/2026 19:46:46,1.17.3,LeftRight,2,3.71,nan,1,Right,Left,952,1691,466,287250916,nan,nan,0.20
8/20/2026 19:46:48,1.17.3,LeftRight,2,3.71,nan,1,Right,Left,952,1692,466,287253101,nan,nan,0.17
8/20/2026 19:46:55,1.17.3,LeftRight,2,3.71,nan,1,Left,Left,953,1692,466,287259970,nan,nan,0.00
8/20/2026 19:46:56,1.17.3,LeftRight,2,3.71,nan,1,Right,Left,953,1693,466,287260768,nan,nan,0.00
8/20/2026 19:47:06,1.17.3,LeftRight,2,3.72,2,1,Pellet,Left,953,1693,467,287260768,7.19,54,nan
8/20/2026 20:07:39,1.17.3,LeftRight,2,3.71,nan,1,Left,Left,954,1693,467,288503965,nan,nan,0.00
8/20/2026 20:07:42,1.17.3,LeftRight,2,3.71,nan,1,RESET,Left,954,1693,467,288506994,nan,nan,nan
8/20/2026 20:09:39,1.17.3,LeftRight,2,3.71,nan,1,Right,Left,954,1694,467,288624273,nan,nan,0.11
8/20/2026 20:12:45,1.17.3,LeftRight,2,3.71,nan,1,Right,Left,954,1695,467,288810232,nan,nan,0.00
8/20/2026 20:12:48,1.17.3,LeftRight,2,3.71,nan,1,Left,Left,955,1695,467,288812979,nan,nan,0.00
8/20/2026 20:12:49,1.17.3,LeftRight,2,3.71,nan,1,Right,Left,955,1696,467,288813628,nan,nan,0.02
8/20/2026 20:12:49,1.17.3,LeftRight,2,3.71,nan,1,RightDuringDispense,Left,955,1697,467,288813628,nan,nan,0.20
8/20/2026 20:12:50,1.17.3,LeftRight,2,3.71,2,1,Pellet,Left,955,1697,468,288813628,0.35,1544,nan
8/20/2026 20:13:12,1.17.3,LeftRight,2,3.71,nan,1,Right,Left,955,1698,468,288837078,nan,nan,0.00
8/20/2026 20:13:14,1.17.3,LeftRight,2,3.71,nan,1,Left,Left,956,1698,468,288839431,nan,nan,0.00
8/20/2026 20:13:16,1.17.3,LeftRight,2,3.71,nan,1,Right,Left,956,1699,468,288840229,nan,nan,0.47
8/20/2026 20:13:17,1.17.3,LeftRight,2,3.71,1,1,Pellet,Left,956,1699,469,288840229,0.12,26,nan
8/20/2026 20:13:27,1.17.3,LeftRight,2,3.71,nan,1,Right,Left,956,1700,469,288851900,nan,nan,0.00
8/20/2026 20:13:30,1.17.3,LeftRight,2,3.71,nan,1,Left,Left,957,1700,469,288855269,nan,nan,0.00
8/20/2026 20:13:31,1.17.3,LeftRight,2,3.71,nan,1,Right,Left,957,1701,469,288855920,nan,nan,0.19
8/20/2026 20:13:32,1.17.3,LeftRight,2,3.71,2,1,Pellet,Left,957,1701,470,288855920,0.06,16,nan
8/20/2026 20:13:45,1.17.3,LeftRight,2,3.71,nan,1,Right,Left,957,1702,470,288869622,nan,nan,0.18
8/20/2026 20:13:50,1.17.3,LeftRight,2,3.71,nan,1,Left,Left,958,1702,470,288875416,nan,nan,0.00
8/20/2026 20:13:51,1.17.3,LeftRight,2,3.71,nan,1,Right,Left,958,1703,470,288876213,nan,nan,0.29
8/20/2026 20:13:52,1.17.3,LeftRight,2,3.71,1,1,Pellet,Left,958,1703,471,288876213,0.12,20,nan
8/20/2026 20:14:05,1.17.3,LeftRight,2,3.71,nan,1,Right,Left,958,1704,471,288889533,nan,nan,0.10
8/20/2026 20:14:08,1.17.3,LeftRight,2,3.71,nan,1,Left,Left,959,1704,471,288893103,nan,nan,0.00
8/20/2026 20:14:10,1.17.3,LeftRight,2,3.71,nan,1,Right,Left,959,1705,471,288894642,nan,nan,0.69
8/20/2026 20:14:11,1.17.3,LeftRight,2,3.71,2,1,Pellet,Left,959,1705,472,288894642,0.06,19,nan
8/20/2026 20:14:22,1.17.3,LeftRight,2,3.71,nan,1,Left,Left,960,1705,472,288907272,nan,nan,0.00
8/20/2026 20:14:23,1.17.3,LeftRight,2,3.71,nan,1,Right,Left,960,1706,472,288908221,nan,nan,0.00
8/20/2026 20:14:24,1.17.3,LeftRight,2,3.65,nan,1,RightDuringDispense,Left,960,1707,472,288908221,nan,nan,0.17
8/20/2026 20:14:25,1.17.3,LeftRight,2,3.71,2,1,Pellet,Left,960,1707,473,288908221,0.17,14,nan
8/20/2026 20:19:10,1.17.3,LeftRight,2,3.71,nan,1,Left,Left,961,1707,473,289195572,nan,nan,0.00
8/20/2026 20:19:14,1.17.3,LeftRight,2,3.71,nan,1,RESET,Left,961,1707,473,289199041,nan,nan,nan
8/20/2026 20:29:22,1.17.3,LeftRight,2,3.71,nan,1,Left,Left,962,1707,473,289806912,nan,nan,0.00
8/20/2026 20:29:25,1.17.3,LeftRight,2,3.71,nan,1,RESET,Left,962,1707,473,289810089,nan,nan,nan
8/20/2026 20:33:55,1.17.3,LeftRight,2,3.71,nan,1,Left,Left,963,1707,473,290080589,nan,nan,0.00
8/20/2026 20:33:59,1.17.3,LeftRight,2,3.71,nan,1,RESET,Left,963,1707,473,290084063,nan,nan,nan
8/20/2026 20:34:02,1.17.3,LeftRight,2,3.71,nan,1,Right,Left,963,1708,473,290086586,nan,nan,0.20
8/20/2026 20:34:03,1.17.3,LeftRight,2,3.71,nan,1,Left,Left,964,1708,473,290088616,nan,nan,0.00
8/20/2026 20:34:07,1.17.3,LeftRight,2,3.71,nan,1,RESET,Left,964,1708,473,290092093,nan,nan,nan
8/20/2026 20:42:05,1.17.3,LeftRight,2,3.71,nan,1,Right,Left,964,1709,473,290570411,nan,nan,0.03
8/20/2026 20:53:43,1.17.3,LeftRight,2,3.71,nan,1,Right,Left,964,1710,473,291267523,nan,nan,0.39
8/20/2026 20:54:14,1.17.3,LeftRight,2,3.71,nan,1,Left,Left,965,1710,473,291298814,nan,nan,0.00
8/20/2026 20:54:17,1.17.3,LeftRight,2,3.71,nan,1,RESET,Left,965,1710,473,291302138,nan,nan,nan
8/20/2026 20:55:34,1.17.3,LeftRight,2,3.71,nan,1,Right,Left,965,1711,473,291378086,nan,nan,1.16
8/20/2026 20:55:36,1.17.3,LeftRight,2,3.71,nan,1,Right,Left,965,1712,473,291380936,nan,nan,0.42
8/20/2026 20:55:39,1.17.3,LeftRight,2,3.71,nan,1,Left,Left,966,1712,473,291384600,nan,nan,0.00
8/20/2026 20:55:42,1.17.3,LeftRight,2,3.71,nan,1,RESET,Left,966,1712,473,291387182,nan,nan,nan
8/20/2026 20:55:44,1.17.3,LeftRight,2,3.71,nan,1,Left,Left,967,1712,473,291389024,nan,nan,0.00
8/20/2026 20:55:45,1.17.3,LeftRight,2,3.71,nan,1,Right,Left,967,1713,473,291390121,nan,nan,0.29
8/20/2026 20:55:49,1.17.3,LeftRight,2,3.71,3,1,Pellet,Left,967,1713,474,291390121,0.29,2484,nan
8/20/2026 20:55:59,1.17.3,LeftRight,2,3.71,nan,1,Left,Left,968,1713,474,291404696,nan,nan,0.00
8/20/2026 20:56:03,1.17.3,LeftRight,2,3.71,nan,1,Right,Left,968,1714,474,291407724,nan,nan,0.13
8/20/2026 20:56:06,1.17.3,LeftRight,2,3.71,3,1,Pellet,Left,968,1714,475,291407724,0.06,17,nan
8/20/2026 20:56:13,1.17.3,LeftRight,2,3.71,nan,1,Left,Left,969,1714,475,291418506,nan,nan,0.00
8/20/2026 20:56:17,1.17.3,LeftRight,2,3.71,nan,1,RESET,Left,969,1714,475,291422135,nan,nan,nan
8/20/2026 20:56:19,1.17.3,LeftRight,2,3.71,nan,1,Left,Left,970,1714,475,291424291,nan,nan,0.00
8/20/2026 20:56:20,1.17.3,LeftRight,2,3.71,nan,1,Right,Left,970,1715,475,291425236,nan,nan,0.45
8/20/2026 20:56:28,1.17.3,LeftRight,2,3.71,2,1,Pellet,Left,970,1715,476,291425236,6.05,22,nan
8/20/2026 20:56:47,1.17.3,LeftRight,2,3.71,nan,1,Left,Left,971,1715,476,291452561,nan,nan,0.00
8/20/2026 20:56:48,1.17.3,LeftRight,2,3.71,nan,1,Right,Left,971,1716,476,291453361,nan,nan,0.20
8/20/2026 20:56:50,1.17.3,LeftRight,2,3.71,2,1,Pellet,Left,971,1716,477,291453361,0.29,22,nan
8/20/2026 20:57:02,1.17.3,LeftRight,2,3.71,nan,1,Right,Left,971,1717,477,291466855,nan,nan,0.43
8/20/2026 20:57:08,1.17.3,LeftRight,2,3.71,nan,1,Left,Left,972,1717,477,291472952,nan,nan,0.00
8/20/2026 20:57:09,1.17.3,LeftRight,2,3.71,nan,1,Right,Left,972,1718,477,291473749,nan,nan,0.48
8/20/2026 20:57:10,1.17.3,LeftRight,2,3.71,2,1,Pellet,Left,972,1718,478,291473749,0.35,20,nan
8/20/2026 20:57:23,1.17.3,LeftRight,2,3.71,nan,1,Right,Left,972,1719,478,291487938,nan,nan,0.08
8/20/2026 20:57:29,1.17.3,LeftRight,2,3.71,nan,1,Left,Left,973,1719,478,291493794,nan,nan,0.00
8/20/2026 20:57:30,1.17.3,LeftRight,2,3.71,nan,1,Right,Left,973,1720,478,291494443,nan,nan,0.61
8/20/2026 20:57:31,1.17.3,LeftRight,2,3.71,2,1,Pellet,Left,973,1720,479,291494443,0.06,21,nan
8/20/2026 20:57:41,1.17.3,LeftRight,2,3.71,nan,1,Left,Left,974,1720,479,291506371,nan,nan,0.00
8/20/2026 20:57:42,1.17.3,LeftRight,2,3.71,nan,1,Right,Left,974,1721,479,291507468,nan,nan,0.02
8/20/2026 20:57:50,1.17.3,LeftRight,2,3.71,4,1,Pellet,Left,974,1721,480,291507468,0.23,18,nan
8/20/2026 20:58:34,1.17.3,LeftRight,2,3.71,nan,1,Right,Left,974,1722,480,291559041,nan,nan,0.60
8/20/2026 20:58:38,1.17.3,LeftRight,2,3.71,nan,1,Left,Left,975,1722,480,291562921,nan,nan,0.00
8/20/2026 20:58:41,1.17.3,LeftRight,2,3.71,nan,1,RESET,Left,975,1722,480,291566249,nan,nan,nan
8/20/2026 21:01:43,1.17.3,LeftRight,2,3.71,nan,1,Left,Left,976,1722,480,291748709,nan,nan,0.00
8/20/2026 21:01:47,1.17.3,LeftRight,2,3.71,nan,1,RESET,Left,976,1722,480,291752181,nan,nan,nan
8/20/2026 21:10:44,1.17.3,LeftRight,2,3.71,nan,1,Left,Left,977,1722,480,292289284,nan,nan,0.00
8/20/2026 21:10:47,1.17.3,LeftRight,2,3.71,nan,1,RESET,Left,977,1722,480,292292160,nan,nan,nan
8/20/2026 21:13:58,1.17.3,LeftRight,2,3.71,nan,1,Left,Left,978,1722,480,292483356,nan,nan,0.00
8/20/2026 21:14:02,1.17.3,LeftRight,2,3.71,nan,1,RESET,Left,978,1722,480,292487275,nan,nan,nan
8/20/2026 21:14:02,1.17.3,LeftRight,2,3.70,nan,1,Right,Left,978,1723,480,292487420,nan,nan,0.23
8/20/2026 21:14:05,1.17.3,LeftRight,2,3.71,nan,1,Left,Left,979,1723,480,292489776,nan,nan,0.00
8/20/2026 21:14:06,1.17.3,LeftRight,2,3.71,nan,1,Right,Left,979,1724,480,292491018,nan,nan,0.14
8/20/2026 21:14:07,1.17.3,LeftRight,2,3.71,1,1,Pellet,Left,979,1724,481,292491018,0.12,978,nan
8/20/2026 21:14:16,1.17.3,LeftRight,2,3.71,nan,1,Left,Left,980,1724,481,292501118,nan,nan,0.00
8/20/2026 21:14:17,1.17.3,LeftRight,2,3.70,nan,1,Right,Left,980,1725,481,292502511,nan,nan,0.10
8/20/2026 21:14:18,1.17.3,LeftRight,2,3.71,1,1,Pellet,Left,980,1725,482,292502511,0.29,11,nan
8/20/2026 21:14:32,1.17.3,LeftRight,2,3.71,nan,1,Left,Left,981,1725,482,292517422,nan,nan,0.00
8/20/2026 21:14:36,1.17.3,LeftRight,2,3.70,nan,1,Right,Left,981,1726,482,292520892,nan,nan,0.26
8/20/2026 21:14:37,1.17.3,LeftRight,2,3.71,2,1,Pellet,Left,981,1726,483,292520892,0.06,19,nan
8/20/2026 21:23:48,1.17.3,LeftRight,2,3.70,nan,1,Right,Left,981,1727,483,293072926,nan,nan,0.19
8/20/2026 21:27:53,1.17.3,LeftRight,2,3.71,nan,1,Left,Left,982,1727,483,293318464,nan,nan,0.00
8/20/2026 21:27:57,1.17.3,LeftRight,2,3.71,nan,1,RESET,Left,982,1727,483,293322234,nan,nan,nan
8/20/2026 21:42:12,1.17.3,LeftRight,2,3.70,nan,1,Right,Left,982,1728,483,294177444,nan,nan,0.00
8/20/2026 21:44:45,1.17.3,LeftRight,2,3.71,nan,1,Left,Left,983,1728,483,294330119,nan,nan,0.00
8/20/2026 21:44:48,1.17.3,LeftRight,2,3.70,nan,1,RESET,Left,983,1728,483,294333299,nan,nan,nan
8/20/2026 21:50:26,1.17.3,LeftRight,2,3.70,nan,1,Right,Left,983,1729,483,294670831,nan,nan,0.79
8/20/2026 21:54:40,1.17.3,LeftRight,2,3.70,nan,1,Left,Left,984,1729,483,294925757,nan,nan,0.00
8/20/2026 21:54:41,1.17.3,LeftRight,2,3.71,nan,1,Right,Left,984,1730,483,294926406,nan,nan,0.21
8/20/2026 21:54:47,1.17.3,LeftRight,2,3.70,3,1,Pellet,Left,984,1730,484,294926406,0.17,2410,nan
8/20/2026 21:55:08,1.17.3,LeftRight,2,3.71,nan,1,Left,Left,985,1730,484,294953254,nan,nan,0.00
8/20/2026 21:55:09,1.17.3,LeftRight,2,3.70,nan,1,Right,Left,985,1731,484,294954052,nan,nan,0.20
8/20/2026 21:55:17,1.17.3,LeftRight,2,3.71,3,1,Pellet,Left,985,1731,485,294954052,5.39,30,nan
8/20/2026 21:55:31,1.17.3,LeftRight,2,3.71,nan,1,Left,Left,986,1731,485,294976606,nan,nan,0.00
8/20/2026 21:55:32,1.17.3,LeftRight,2,3.70,nan,1,Right,Left,986,1732,485,294977700,nan,nan,0.05
8/20/2026 21:55:34,1.17.3,LeftRight,2,3.70,2,1,Pellet,Left,986,1732,486,294977700,0.29,17,nan
8/20/2026 21:55:42,1.17.3,LeftRight,2,3.70,nan,1,Left,Left,987,1732,486,294987298,nan,nan,0.00
8/20/2026 21:55:43,1.17.3,LeftRight,2,3.71,nan,1,Right,Left,987,1733,486,294988244,nan,nan,0.03
8/20/2026 21:55:44,1.17.3,LeftRight,2,3.71,2,1,Pellet,Left,987,1733,487,294988244,0.06,10,nan
8/20/2026 21:55:56,1.17.3,LeftRight,2,3.71,nan,1,Left,Left,988,1733,487,295001228,nan,nan,0.00
8/20/2026 21:56:00,1.17.3,LeftRight,2,3.71,nan,1,Right,Left,988,1734,487,295005147,nan,nan,0.11
8/20/2026 21:56:01,1.17.3,LeftRight,2,3.71,1,1,Pellet,Left,988,1734,488,295005147,0.47,17,nan
8/20/2026 21:56:17,1.17.3,LeftRight,2,3.71,nan,1,Left,Left,989,1734,488,295022679,nan,nan,0.00
8/20/2026 21:56:21,1.17.3,LeftRight,2,3.70,nan,1,RESET,Left,989,1734,488,295026303,nan,nan,nan
8/20/2026 22:18:20,1.17.3,LeftRight,2,3.70,nan,1,Left,Left,990,1734,488,296345846,nan,nan,0.00
8/20/2026 22:18:24,1.17.3,LeftRight,2,3.70,nan,1,RESET,Left,990,1734,488,296349319,nan,nan,nan
8/20/2026 22:23:46,1.17.3,LeftRight,2,3.70,nan,1,Right,Left,990,1735,488,296671432,nan,nan,0.37
8/20/2026 22:29:08,1.17.3,LeftRight,2,3.71,nan,1,Left,Left,991,1735,488,296993535,nan,nan,0.00
8/20/2026 22:29:10,1.17.3,LeftRight,2,3.70,nan,1,Right,Left,991,1736,488,296994927,nan,nan,0.25
8/20/2026 22:29:13,1.17.3,LeftRight,2,3.70,3,1,Pellet,Left,991,1736,489,296994927,0.06,1992,nan
8/20/2026 22:29:22,1.17.3,LeftRight,2,3.70,nan,1,Left,Left,992,1736,489,297007171,nan,nan,0.00
8/20/2026 22:29:23,1.17.3,LeftRight,2,3.70,nan,1,Right,Left,992,1737,489,297008117,nan,nan,0.00
8/20/2026 22:29:24,1.17.3,LeftRight,2,3.69,1,1,Pellet,Left,992,1737,490,297008117,0.17,10,nan
8/20/2026 22:29:36,1.17.3,LeftRight,2,3.70,nan,1,Left,Left,993,1737,490,297021181,nan,nan,0.00
8/20/2026 22:29:37,1.17.3,LeftRight,2,3.70,nan,1,Right,Left,993,1738,490,297021979,nan,nan,0.23
8/20/2026 22:29:40,1.17.3,LeftRight,2,3.70,3,1,Pellet,Left,993,1738,491,297021979,0.06,17,nan
8/20/2026 22:29:47,1.17.3,LeftRight,2,3.70,nan,1,Left,Left,994,1738,491,297032092,nan,nan,0.00
8/20/2026 22:29:48,1.17.3,LeftRight,2,3.70,nan,1,Right,Left,994,1739,491,297032891,nan,nan,0.04
8/20/2026 22:29:48,1.17.3,LeftRight,2,3.70,1,1,Pellet,Left,994,1739,492,297032891,0.23,8,nan
8/20/2026 22:29:58,1.17.3,LeftRight,2,3.70,nan,1,Left,Left,995,1739,492,297043483,nan,nan,0.00
8/20/2026 22:29:59,1.17.3,LeftRight,2,3.69,nan,1,Right,Left,995,1740,492,297044430,nan,nan,0.07
8/20/2026 22:30:07,1.17.3,LeftRight,2,3.70,2,1,Pellet,Left,995,1740,493,297044430,6.65,19,nan
8/20/2026 22:30:27,1.17.3,LeftRight,2,3.70,nan,1,Right,Left,995,1741,493,297071944,nan,nan,0.06
8/20/2026 22:30:29,1.17.3,LeftRight,2,3.70,nan,1,Left,Left,996,1741,493,297074762,nan,nan,0.00
8/20/2026 22:30:31,1.17.3,LeftRight,2,3.70,nan,1,Right,Left,996,1742,493,297076004,nan,nan,0.08
8/20/2026 22:30:31,1.17.3,LeftRight,2,3.70,nan,1,RightDuringDispense,Left,996,1743,493,297076004,nan,nan,0.08
8/20/2026 22:30:32,1.17.3,LeftRight,2,3.70,1,1,Pellet,Left,996,1743,494,297076004,0.17,25,nan
8/20/2026 22:30:42,1.17.3,LeftRight,2,3.70,nan,1,Right,Left,996,1744,494,297086662,nan,nan,0.37
8/20/2026 22:37:44,1.17.3,LeftRight,2,3.70,nan,1,Right,Left,996,1745,494,297509238,nan,nan,0.12
8/20/2026 22:43:09,1.17.3,LeftRight,2,3.70,nan,1,Left,Left,997,1745,494,297834498,nan,nan,0.00
8/20/2026 22:43:13,1.17.3,LeftRight,2,3.70,nan,1,RESET,Left,997,1745,494,297838413,nan,nan,nan
8/20/2026 22:46:40,1.17.3,LeftRight,2,3.70,nan,1,Left,Left,998,1745,494,298045872,nan,nan,0.00
8/20/2026 22:46:42,1.17.3,LeftRight,2,3.70,nan,1,Right,Left,998,1746,494,298046818,nan,nan,0.25
8/20/2026 22:46:43,1.17.3,LeftRight,2,3.70,1,1,Pellet,Left,998,1746,495,298046818,0.89,971,nan
8/20/2026 22:46:51,1.17.3,LeftRight,2,3.70,nan,1,Left,Left,999,1746,495,298056926,nan,nan,0.00
8/20/2026 22:46:52,1.17.3,LeftRight,2,3.69,nan,1,Right,Left,999,1747,495,298057574,nan,nan,0.10
8/20/2026 22:46:55,1.17.3,LeftRight,2,3.70,2,1,Pellet,Left,999,1747,496,298057574,0.35,12,nan
8/20/2026 22:47:05,1.17.3,LeftRight,2,3.69,nan,1,Right,Left,999,1748,496,298070029,nan,nan,0.01
8/20/2026 22:47:10,1.17.3,LeftRight,2,3.70,nan,1,Left,Left,1000,1748,496,298075143,nan,nan,0.00
8/20/2026 22:47:11,1.17.3,LeftRight,2,3.70,nan,1,Right,Left,1000,1749,496,298076237,nan,nan,0.00
8/20/2026 22:47:12,1.17.3,LeftRight,2,3.69,1,1,Pellet,Left,1000,1749,497,298076237,0.47,17,nan
8/20/2026 22:56:50,1.17.3,LeftRight,2,3.70,nan,1,Right,Left,1000,1750,497,298654890,nan,nan,0.08
8/20/2026 23:02:59,1.17.3,LeftRight,2,3.70,nan,1,Left,Left,1001,1750,497,299024652,nan,nan,0.00
8/20/2026 23:03:03,1.17.3,LeftRight,2,3.69,nan,1,RESET,Left,1001,1750,497,299028420,nan,nan,nan
8/20/2026 23:03:22,1.17.3,LeftRight,2,3.70,nan,1,Left,Left,1002,1750,497,299047368,nan,nan,0.00
8/20/2026 23:03:25,1.17.3,LeftRight,2,3.69,nan,1,RESET,Left,1002,1750,497,299050395,nan,nan,nan
8/20/2026 23:08:08,1.17.3,LeftRight,2,3.70,nan,1,Right,Left,1002,1751,497,299332755,nan,nan,0.71
8/20/2026 23:10:28,1.17.3,LeftRight,2,3.70,nan,1,Right,Left,1002,1752,497,299473559,nan,nan,0.20
8/20/2026 23:10:29,1.17.3,LeftRight,2,3.69,nan,1,Left,Left,1003,1752,497,299474664,nan,nan,0.00
8/20/2026 23:10:33,1.17.3,LeftRight,2,3.69,nan,1,RESET,Left,1003,1752,497,299478434,nan,nan,nan
8/20/2026 23:15:12,1.17.3,LeftRight,2,3.69,nan,1,Left,Left,1004,1752,497,299757345,nan,nan,0.00
8/20/2026 23:15:15,1.17.3,LeftRight,2,3.70,nan,1,RESET,Left,1004,1752,497,299760517,nan,nan,nan
8/20/2026 23:15:19,1.17.3,LeftRight,2,3.69,nan,1,Right,Left,1004,1753,497,299763779,nan,nan,0.35
8/20/2026 23:15:20,1.17.3,LeftRight,2,3.70,nan,1,Left,Left,1005,1753,497,299765680,nan,nan,0.00
8/20/2026 23:15:21,1.17.3,LeftRight,2,3.70,nan,1,Right,Left,1005,1754,497,299766480,nan,nan,0.00
8/20/2026 23:15:23,1.17.3,LeftRight,2,3.70,1,1,Pellet,Left,1005,1754,498,299766480,1.07,1691,nan
8/20/2026 23:16:00,1.17.3,LeftRight,2,3.69,nan,1,Left,Left,1006,1754,498,299805695,nan,nan,0.00
8/20/2026 23:16:03,1.17.3,LeftRight,2,3.69,nan,1,Left,Left,1007,1754,498,299808720,nan,nan,0.00
8/20/2026 23:16:04,1.17.3,LeftRight,2,3.70,nan,1,Right,Left,1007,1755,498,299809517,nan,nan,0.01
8/20/2026 23:16:05,1.17.3,LeftRight,2,3.69,1,1,Pellet,Left,1007,1755,499,299809517,0.35,42,nan
8/20/2026 23:16:24,1.17.3,LeftRight,2,3.69,nan,1,Left,Left,1008,1755,499,299829579,nan,nan,0.00
8/20/2026 23:16:26,1.17.3,LeftRight,2,3.69,nan,1,Right,Left,1008,1756,499,299830673,nan,nan,0.54
8/20/2026 23:16:29,1.17.3,LeftRight,2,3.70,3,1,Pellet,Left,1008,1756,500,299830673,0.06,24,nan
8/20/2026 23:16:42,1.17.3,LeftRight,2,3.69,nan,1,Right,Left,1008,1757,500,299847460,nan,nan,0.01
8/20/2026 23:16:44,1.17.3,LeftRight,2,3.69,nan,1,Left,Left,1009,1757,500,299849693,nan,nan,0.00
8/20/2026 23:16:45,1.17.3,LeftRight,2,3.69,nan,1,Right,Left,1009,1758,500,299850344,nan,nan,0.18
8/20/2026 23:16:49,1.17.3,LeftRight,2,3.70,2,1,Pellet,Left,1009,1758,501,299850344,2.87,20,nan
8/20/2026 23:17:14,1.17.3,LeftRight,2,3.70,nan,1,Left,Left,1010,1758,501,299879385,nan,nan,0.00
8/20/2026 23:17:15,1.17.3,LeftRight,2,3.69,nan,1,Right,Left,1010,1759,501,299880182,nan,nan,0.19
8/20/2026 23:17:18,1.17.3,LeftRight,2,3.70,3,1,Pellet,Left,1010,1759,502,299880182,0.35,29,nan
8/20/2026 23:17:57,1.17.3,LeftRight,2,3.70,nan,1,Right,Left,1010,1760,502,299921987,nan,nan,0.21
8/20/2026 23:17:58,1.17.3,LeftRight,2,3.69,nan,1,Left,Left,1011,1760,502,299923992,nan,nan,0.00
8/20/2026 23:17:59,1.17.3,LeftRight,2,3.70,nan,1,Right,Left,1011,1761,502,299924491,nan,nan,0.42
8/20/2026 23:18:01,1.17.3,LeftRight,2,3.69,2,1,Pellet,Left,1011,1761,503,299924491,0.06,43,nan
8/20/2026 23:18:09,1.17.3,LeftRight,2,3.69,nan,1,Right,Left,1011,1762,503,299934300,nan,nan,0.09
8/20/2026 23:18:10,1.17.3,LeftRight,2,3.69,nan,1,Right,Left,1011,1763,503,299935042,nan,nan,0.41
8/20/2026 23:29:55,1.17.3,LeftRight,2,3.69,nan,1,Right,Left,1011,1764,503,300640679,nan,nan,0.15
8/20/2026 23:41:14,1.17.3,LeftRight,2,3.69,nan,1,Right,Left,1011,1765,503,301319240,nan,nan,0.00
8/20/2026 23:41:17,1.17.3,LeftRight,2,3.69,nan,1,Left,Left,1012,1765,503,301322334,nan,nan,0.00
8/20/2026 23:41:20,1.17.3,LeftRight,2,3.70,nan,1,RESET,Left,1012,1765,503,301325505,nan,nan,nan
8/20/2026 23:55:53,1.17.3,LeftRight,2,3.69,nan,1,Left,Left,1013,1765,503,302198290,nan,nan,0.00
8/20/2026 23:55:56,1.17.3,LeftRight,2,3.69,nan,1,RESET,Left,1013,1765,503,302201613,nan,nan,nan
8/20/2026 23:59:00,1.17.3,LeftRight,2,3.69,nan,1,Right,Left,1013,1766,503,302385411,nan,nan,0.00
8/21/2026 0:06:09,1.17.3,LeftRight,2,3.69,nan,1,Right,Left,1013,1767,503,302814745,nan,nan,0.31
8/21/2026 0:07:02,1.17.3,LeftRight,2,3.69,nan,1,Left,Left,1014,1767,503,302867134,nan,nan,0.00
8/21/2026 0:07:02,1.17.3,LeftRight,2,3.69,nan,1,Right,Left,1014,1768,503,302867930,nan,nan,0.00
8/21/2026 0:07:06,1.17.3,LeftRight,2,3.69,1,1,Pellet,Left,1014,1768,504,302867930,2.51,2945,nan
8/21/2026 0:12:01,1.17.3,LeftRight,2,3.69,nan,1,Right,Left,1014,1769,504,303166430,nan,nan,0.00
8/21/2026 0:15:56,1.17.3,LeftRight,2,3.69,nan,1,Right,Left,1014,1770,504,303401179,nan,nan,0.00
8/21/2026 0:15:58,1.17.3,LeftRight,2,3.69,nan,1,Right,Left,1014,1771,504,303402863,nan,nan,0.35
8/21/2026 0:15:59,1.17.3,LeftRight,2,3.69,nan,1,Left,Left,1015,1771,504,303404800,nan,nan,0.00
8/21/2026 0:16:00,1.17.3,LeftRight,2,3.69,nan,1,Right,Left,1015,1772,504,303405746,nan,nan,0.24
8/21/2026 0:16:01,1.17.3,LeftRight,2,3.69,nan,1,RightDuringDispense,Left,1015,1773,504,303405746,nan,nan,0.06
8/21/2026 0:16:02,1.17.3,LeftRight,2,3.69,2,1,Pellet,Left,1015,1773,505,303405746,0.17,536,nan
8/21/2026 0:16:14,1.17.3,LeftRight,2,3.69,nan,1,Left,Left,1016,1773,505,303419722,nan,nan,0.00
8/21/2026 0:16:15,1.17.3,LeftRight,2,3.69,nan,1,Right,Left,1016,1774,505,303420518,nan,nan,0.25
8/21/2026 0:16:15,1.17.3,LeftRight,2,3.69,nan,1,RightDuringDispense,Left,1016,1775,505,303420518,nan,nan,0.03
8/21/2026 0:16:18,1.17.3,LeftRight,2,3.69,2,1,Pellet,Left,1016,1775,506,303420518,0.06,16,nan
8/21/2026 0:16:27,1.17.3,LeftRight,2,3.69,nan,1,Left,Left,1017,1775,506,303432580,nan,nan,0.00
8/21/2026 0:16:28,1.17.3,LeftRight,2,3.69,nan,1,Right,Left,1017,1776,506,303433376,nan,nan,0.00
8/21/2026 0:16:37,1.17.3,LeftRight,2,3.69,2,1,Pellet,Left,1017,1776,507,303433376,7.73,19,nan
8/21/2026 0:16:53,1.17.3,LeftRight,2,3.69,nan,1,Right,Left,1017,1777,507,303458421,nan,nan,0.10
8/21/2026 0:16:54,1.17.3,LeftRight,2,3.69,nan,1,Left,Left,1018,1777,507,303459906,nan,nan,0.00
8/21/2026 0:16:55,1.17.3,LeftRight,2,3.69,nan,1,Right,Left,1018,1778,507,303460850,nan,nan,0.00
8/21/2026 0:16:57,1.17.3,LeftRight,2,3.69,2,1,Pellet,Left,1018,1778,508,303460850,0.35,19,nan
8/21/2026 0:17:13,1.17.3,LeftRight,2,3.69,nan,1,Right,Left,1018,1779,508,303477892,nan,nan,0.38
8/21/2026 1:49:21,1.17.3,LeftRight,2,3.69,nan,1,Right,Left,1018,1780,508,309006839,nan,nan,0.04
8/21/2026 1:50:05,1.17.3,LeftRight,2,3.69,nan,1,Left,Left,1019,1780,508,309050803,nan,nan,0.00
8/21/2026 1:50:08,1.17.3,LeftRight,2,3.69,nan,1,RESET,Left,1019,1780,508,309053826,nan,nan,nan
8/21/2026 1:51:44,1.17.3,LeftRight,2,3.68,nan,1,Right,Left,1019,1781,508,309150114,nan,nan,0.16
8/21/2026 1:51:50,1.17.3,LeftRight,2,3.69,nan,1,Right,Left,1019,1782,508,309156107,nan,nan,0.06
8/21/2026 1:52:30,1.17.3,LeftRight,2,3.68,nan,1,Left,Left,1020,1782,508,309196165,nan,nan,0.00
8/21/2026 1:52:33,1.17.3,LeftRight,2,3.69,nan,1,Left,Left,1021,1782,508,309198376,nan,nan,0.00
8/21/2026 1:52:33,1.17.3,LeftRight,2,3.69,nan,1,Right,Left,1021,1783,508,309199172,nan,nan,0.00
8/21/2026 1:52:34,1.17.3,LeftRight,2,3.69,2,1,Pellet,Left,1021,1783,509,309199172,0.11,5738,nan
8/21/2026 1:52:46,1.17.3,LeftRight,2,3.69,nan,1,Left,Left,1022,1783,509,309211870,nan,nan,0.00
8/21/2026 1:52:47,1.17.3,LeftRight,2,3.69,nan,1,Right,Left,1022,1784,509,309212815,nan,nan,0.00
8/21/2026 1:52:48,1.17.3,LeftRight,2,3.69,1,1,Pellet,Left,1022,1784,510,309212815,0.23,14,nan
8/21/2026 1:53:01,1.17.3,LeftRight,2,3.69,nan,1,Left,Left,1023,1784,510,309227100,nan,nan,0.00
8/21/2026 1:53:02,1.17.3,LeftRight,2,3.69,nan,1,Right,Left,1023,1785,510,309228044,nan,nan,0.03
8/21/2026 1:53:03,1.17.3,LeftRight,2,3.68,2,1,Pellet,Left,1023,1785,511,309228044,0.06,15,nan
8/21/2026 1:53:24,1.17.3,LeftRight,2,3.68,nan,1,Right,Left,1023,1786,511,309249270,nan,nan,0.17
8/21/2026 1:53:26,1.17.3,LeftRight,2,3.68,nan,1,Left,Left,1024,1786,511,309251539,nan,nan,0.00
8/21/2026 1:53:29,1.17.3,LeftRight,2,3.68,nan,1,Left,Left,1025,1786,511,309254742,nan,nan,0.00
8/21/2026 1:53:32,1.17.3,LeftRight,2,3.69,nan,1,RESET,Left,1025,1786,511,309257762,nan,nan,nan
8/21/2026 1:53:33,1.17.3,LeftRight,2,3.69,nan,1,Right,Left,1025,1787,511,309257906,nan,nan,0.68
8/21/2026 1:53:34,1.17.3,LeftRight,2,3.69,nan,1,Left,Left,1026,1787,511,309260217,nan,nan,0.00
8/21/2026 1:53:36,1.17.3,LeftRight,2,3.68,nan,1,Right,Left,1026,1788,511,309261160,nan,nan,0.32
8/21/2026 1:53:37,1.17.3,LeftRight,2,3.68,1,1,Pellet,Left,1026,1788,512,309261160,0.41,34,nan
8/21/2026 1:53:49,1.17.3,LeftRight,2,3.69,nan,1,Left,Left,1027,1788,512,309275206,nan,nan,0.00
8/21/2026 1:53:50,1.17.3,LeftRight,2,3.68,nan,1,Right,Left,1027,1789,512,309275854,nan,nan,0.19
8/21/2026 1:53:57,1.17.3,LeftRight,2,3.68,3,1,Pellet,Left,1027,1789,513,309275854,2.39,20,nan
8/21/2026 1:58:50,1.17.3,LeftRight,2,3.68,nan,1,Right,Left,1027,1790,513,309575970,nan,nan,0.00
8/21/2026 2:04:30,1.17.3,LeftRight,2,3.68,nan,1,Right,Left,1027,1791,513,309914684,nan,nan,0.72
8/21/2026 2:04:31,1.17.3,LeftRight,2,3.68,nan,1,Left,Left,1028,1791,513,309916621,nan,nan,0.00
8/21/2026 2:04:34,1.17.3,LeftRight,2,3.68,nan,1,RESET,Left,1028,1791,513,309919790,nan,nan,nan
8/21/2026 2:04:34,1.17.3,LeftRight,2,3.69,nan,1,Left,Left,1029,1791,513,309920264,nan,nan,0.00
8/21/2026 2:04:35,1.17.3,LeftRight,2,3.69,nan,1,Right,Left,1029,1792,513,309920763,nan,nan,0.07
8/21/2026 2:04:36,1.17.3,LeftRight,2,3.69,2,1,Pellet,Left,1029,1792,514,309920763,0.23,639,nan
8/21/2026 2:04:47,1.17.3,LeftRight,2,3.69,nan,1,Left,Left,1030,1792,514,309933127,nan,nan,0.00
8/21/2026 2:04:49,1.17.3,LeftRight,2,3.68,nan,1,Right,Left,1030,1793,514,309934368,nan,nan,0.05
8/21/2026 2:04:58,1.17.3,LeftRight,2,3.68,2,1,Pellet,Left,1030,1793,515,309934368,6.65,22,nan
8/21/2026 2:05:13,1.17.3,LeftRight,2,3.68,nan,1,Left,Left,1031,1793,515,309959059,nan,nan,0.00
8/21/2026 2:05:15,1.17.3,LeftRight,2,3.69,nan,1,Right,Left,1031,1794,515,309960596,nan,nan,0.08
8/21/2026 2:05:18,1.17.3,LeftRight,2,3.69,3,1,Pellet,Left,1031,1794,516,309960596,0.06,20,nan
8/21/2026 2:05:30,1.17.3,LeftRight,2,3.68,nan,1,Left,Left,1032,1794,516,309976373,nan,nan,0.00
8/21/2026 2:05:34,1.17.3,LeftRight,2,3.68,nan,1,Right,Left,1032,1795,516,309979248,nan,nan,0.21
8/21/2026 2:05:37,1.17.3,LeftRight,2,3.68,3,1,Pellet,Left,1032,1795,517,309979248,0.12,19,nan
8/21/2026 2:05:49,1.17.3,LeftRight,2,3.68,nan,1,Left,Left,1033,1795,517,309994941,nan,nan,0.00
8/21/2026 2:05:50,1.17.3,LeftRight,2,3.69,nan,1,Right,Left,1033,1796,517,309996185,nan,nan,0.06
8/21/2026 2:05:51,1.17.3,LeftRight,2,3.69,2,1,Pellet,Left,1033,1796,518,309996185,0.11,14,nan
8/21/2026 2:06:14,1.17.3,LeftRight,2,3.68,nan,1,Right,Left,1033,1797,518,310019492,nan,nan,0.41
8/21/2026 2:06:19,1.17.3,LeftRight,2,3.68,nan,1,Left,Left,1034,1797,518,310024535,nan,nan,0.00
8/21/2026 2:06:22,1.17.3,LeftRight,2,3.68,nan,1,RESET,Left,1034,1797,518,310027855,nan,nan,nan
8/21/2026 2:06:26,1.17.3,LeftRight,2,3.68,nan,1,Left,Left,1035,1797,518,310032132,nan,nan,0.00
8/21/2026 2:06:30,1.17.3,LeftRight,2,3.68,nan,1,RESET,Left,1035,1797,518,310035898,nan,nan,nan
8/21/2026 2:06:30,1.17.3,LeftRight,2,3.69,nan,1,Right,Left,1035,1798,518,310036042,nan,nan,0.11
8/21/2026 2:06:35,1.17.3,LeftRight,2,3.69,nan,1,Left,Left,1036,1798,518,310040751,nan,nan,0.00
8/21/2026 2:06:38,1.17.3,LeftRight,2,3.69,nan,1,Right,Left,1036,1799,518,310042886,nan,nan,0.52
8/21/2026 2:06:41,1.17.3,LeftRight,2,3.68,3,1,Pellet,Left,1036,1799,519,310042886,0.17,50,nan
8/21/2026 2:06:51,1.17.3,LeftRight,2,3.69,nan,1,Left,Left,1037,1799,519,310056849,nan,nan,0.00
8/21/2026 2:06:52,1.17.3,LeftRight,2,3.68,nan,1,Right,Left,1037,1800,519,310057794,nan,nan,0.08
8/21/2026 2:06:53,1.17.3,LeftRight,2,3.68,2,1,Pellet,Left,1037,1800,520,310057794,0.35,12,nan
8/21/2026 2:07:06,1.17.3,LeftRight,2,3.69,nan,1,Right,Left,1037,1801,520,310069712,nan,nan,1.99
8/21/2026 2:07:07,1.17.3,LeftRight,2,3.69,nan,1,Right,Left,1037,1802,520,310072197,nan,nan,1.03
8/21/2026 2:07:11,1.17.3,LeftRight,2,3.69,nan,1,Right,Left,1037,1803,520,310076261,nan,nan,0.24
8/21/2026 2:07:15,1.17.3,LeftRight,2,3.68,nan,1,Left,Left,1038,1803,520,310081180,nan,nan,0.00
8/21/2026 2:07:18,1.17.3,LeftRight,2,3.69,nan,1,RESET,Left,1038,1803,520,310083910,nan,nan,nan
8/21/2026 2:07:27,1.17.3,LeftRight,2,3.69,nan,1,Left,Left,1039,1803,520,310092553,nan,nan,0.00
8/21/2026 2:07:28,1.17.3,LeftRight,2,3.68,nan,1,Right,Left,1039,1804,520,310093350,nan,nan,0.65
8/21/2026 2:07:32,1.17.3,LeftRight,2,3.69,2,1,Pellet,Left,1039,1804,521,310093350,1.13,39,nan
8/21/2026 2:07:41,1.17.3,LeftRight,2,3.68,nan,1,Right,Left,1039,1805,521,310107042,nan,nan,0.02
8/21/2026 2:07:46,1.17.3,LeftRight,2,3.68,nan,1,Left,Left,1040,1805,521,310111826,nan,nan,0.00
8/21/2026 2:07:48,1.17.3,LeftRight,2,3.68,nan,1,Right,Left,1040,1806,521,310113513,nan,nan,0.51
8/21/2026 2:07:50,1.17.3,LeftRight,2,3.68,2,1,Pellet,Left,1040,1806,522,310113513,0.35,18,nan
8/21/2026 2:10:44,1.17.3,LeftRight,2,3.68,nan,1,Right,Left,1040,1807,522,310289379,nan,nan,0.04
8/21/2026 2:11:15,1.17.3,LeftRight,2,3.68,nan,1,Left,Left,1041,1807,522,310320494,nan,nan,0.00
8/21/2026 2:11:17,1.17.3,LeftRight,2,3.69,nan,1,RESET,Left,1041,1807,522,310322920,nan,nan,nan
8/21/2026 2:21:18,1.17.3,LeftRight,2,3.69,nan,1,Left,Left,1042,1807,522,310924065,nan,nan,0.00
8/21/2026 2:21:22,1.17.3,LeftRight,2,3.68,nan,1,RESET,Left,1042,1807,522,310927830,nan,nan,nan
8/21/2026 2:21:32,1.17.3,LeftRight,2,3.68,nan,1,Right,Left,1042,1808,522,310937772,nan,nan,0.00
8/21/2026 2:23:00,1.17.3,LeftRight,2,3.69,nan,1,Right,Left,1042,1809,522,311025973,nan,nan,0.35
8/21/2026 2:23:04,1.17.3,LeftRight,2,3.69,nan,1,Right,Left,1042,1810,522,311029498,nan,nan,0.25
8/21/2026 2:23:06,1.17.3,LeftRight,2,3.69,nan,1,Left,Left,1043,1810,522,311031767,nan,nan,0.00
8/21/2026 2:23:08,1.17.3,LeftRight,2,3.68,nan,1,Right,Left,1043,1811,522,311033901,nan,nan,0.18
8/21/2026 2:23:11,1.17.3,LeftRight,2,3.69,2,1,Pellet,Left,1043,1811,523,311033901,0.53,921,nan
8/21/2026 2:23:40,1.17.3,LeftRight,2,3.69,nan,1,Right,Left,1043,1812,523,311065389,nan,nan,0.04
8/21/2026 2:24:42,1.17.3,LeftRight,2,3.68,nan,1,Left,Left,1044,1812,523,311128097,nan,nan,0.00
8/21/2026 2:24:44,1.17.3,LeftRight,2,3.68,nan,1,Right,Left,1044,1813,523,311129488,nan,nan,0.12
8/21/2026 2:24:45,1.17.3,LeftRight,2,3.68,1,1,Pellet,Left,1044,1813,524,311129488,0.53,94,nan
8/21/2026 2:25:01,1.17.3,LeftRight,2,3.69,nan,1,Right,Left,1044,1814,524,311146823,nan,nan,0.18
8/21/2026 2:25:04,1.17.3,LeftRight,2,3.68,nan,1,Left,Left,1045,1814,524,311149427,nan,nan,0.00
8/21/2026 2:25:04,1.17.3,LeftRight,2,3.68,nan,1,Right,Left,1045,1815,524,311150077,nan,nan,0.12
8/21/2026 2:25:17,1.17.3,LeftRight,2,3.69,1,1,Pellet,Left,1045,1815,525,311150077,12.30,32,nan
8/21/2026 2:25:28,1.17.3,LeftRight,2,3.68,nan,1,Left,Left,1046,1815,525,311174033,nan,nan,0.00
8/21/2026 2:25:32,1.17.3,LeftRight,2,3.68,nan,1,RESET,Left,1046,1815,525,311177949,nan,nan,nan
8/21/2026 2:25:40,1.17.3,LeftRight,2,3.68,nan,1,Left,Left,1047,1815,525,311185632,nan,nan,0.00
8/21/2026 2:25:41,1.17.3,LeftRight,2,3.68,nan,1,Right,Left,1047,1816,525,311186728,nan,nan,0.30
8/21/2026 2:25:43,1.17.3,LeftRight,2,3.69,2,1,Pellet,Left,1047,1816,526,311186728,0.53,26,nan
8/21/2026 2:26:00,1.17.3,LeftRight,2,3.67,nan,1,Right,Left,1047,1817,526,311204271,nan,nan,1.61
8/21/2026 2:26:03,1.17.3,LeftRight,2,3.68,nan,1,Left,Left,1048,1817,526,311208564,nan,nan,0.00
8/21/2026 2:26:04,1.17.3,LeftRight,2,3.68,nan,1,Right,Left,1048,1818,526,311209361,nan,nan,0.66
8/21/2026 2:26:05,1.17.3,LeftRight,2,3.68,1,1,Pellet,Left,1048,1818,527,311209361,0.47,22,nan
8/21/2026 2:26:22,1.17.3,LeftRight,2,3.68,nan,1,Left,Left,1049,1818,527,311227761,nan,nan,0.00
8/21/2026 2:26:25,1.17.3,LeftRight,2,3.69,nan,1,RESET,Left,1049,1818,527,311230934,nan,nan,nan
8/21/2026 2:39:03,1.17.3,LeftRight,2,3.68,nan,1,Right,Left,1049,1819,527,311989224,nan,nan,0.10
8/21/2026 2:47:29,1.17.3,LeftRight,2,3.68,nan,1,Right,Left,1049,1820,527,312494676,nan,nan,0.23
8/21/2026 4:05:17,1.17.3,LeftRight,2,3.68,nan,1,Right,Left,1049,1821,527,317162667,nan,nan,0.06
8/21/2026 4:05:21,1.17.3,LeftRight,2,3.67,nan,1,Left,Left,1050,1821,527,317166880,nan,nan,0.00
8/21/2026 4:05:24,1.17.3,LeftRight,2,3.68,nan,1,RESET,Left,1050,1821,527,317170051,nan,nan,nan
8/21/2026 4:05:24,1.17.3,LeftRight,2,3.68,nan,1,Left,Left,1051,1821,527,317170632,nan,nan,0.00
8/21/2026 4:05:27,1.17.3,LeftRight,2,3.68,nan,1,Right,Left,1051,1822,527,317172763,nan,nan,0.14
8/21/2026 4:05:28,1.17.3,LeftRight,2,3.68,2,1,Pellet,Left,1051,1822,528,317172763,0.23,5963,nan
8/21/2026 4:05:48,1.17.3,LeftRight,2,3.68,nan,1,Left,Left,1052,1822,528,317193792,nan,nan,0.00
8/21/2026 4:05:51,1.17.3,LeftRight,2,3.68,nan,1,RESET,Left,1052,1822,528,317197118,nan,nan,nan
8/21/2026 4:05:52,1.17.3,LeftRight,2,3.67,nan,1,Left,Left,1053,1822,528,317198294,nan,nan,0.00
8/21/2026 4:05:56,1.17.3,LeftRight,2,3.68,nan,1,RESET,Left,1053,1822,528,317202065,nan,nan,nan
8/21/2026 4:06:11,1.17.3,LeftRight,2,3.67,nan,1,Left,Left,1054,1822,528,317217339,nan,nan,0.00
8/21/2026 4:06:14,1.17.3,LeftRight,2,3.68,nan,1,RESET,Left,1054,1822,528,317220071,nan,nan,nan
8/21/2026 4:06:29,1.17.3,LeftRight,2,3.67,nan,1,Left,Left,1055,1822,528,317235629,nan,nan,0.00
8/21/2026 4:06:33,1.17.3,LeftRight,2,3.67,nan,1,RESET,Left,1055,1822,528,317239104,nan,nan,nan
8/21/2026 4:09:16,1.17.3,LeftRight,2,3.68,nan,1,Left,Left,1056,1822,528,317401845,nan,nan,0.00
8/21/2026 4:09:19,1.17.3,LeftRight,2,3.67,nan,1,RESET,Left,1056,1822,528,317405170,nan,nan,nan
8/21/2026 4:12:15,1.17.3,LeftRight,2,3.68,nan,1,Left,Left,1057,1822,528,317580819,nan,nan,0.00
8/21/2026 4:12:16,1.17.3,LeftRight,2,3.67,nan,1,Right,Left,1057,1823,528,317582509,nan,nan,0.01
8/21/2026 4:12:17,1.17.3,LeftRight,2,3.67,nan,1,RightDuringDispense,Left,1057,1824,528,317582509,nan,nan,0.11
8/21/2026 4:12:21,1.17.3,LeftRight,2,3.67,3,1,Pellet,Left,1057,1824,529,317582509,0.29,413,nan
8/21/2026 4:13:26,1.17.3,LeftRight,2,3.67,nan,1,Left,Left,1058,1824,529,317652389,nan,nan,0.00
8/21/2026 4:13:30,1.17.3,LeftRight,2,3.67,nan,1,RESET,Left,1058,1824,529,317656156,nan,nan,nan
8/21/2026 4:15:05,1.17.3,LeftRight,2,3.67,nan,1,Right,Left,1058,1825,529,317750591,nan,nan,0.17
8/21/2026 4:15:08,1.17.3,LeftRight,2,3.67,nan,1,Right,Left,1058,1826,529,317754378,nan,nan,0.23
8/21/2026 4:15:10,1.17.3,LeftRight,2,3.67,nan,1,Left,Left,1059,1826,529,317756269,nan,nan,0.00
8/21/2026 4:15:13,1.17.3,LeftRight,2,3.68,nan,1,RESET,Left,1059,1826,529,317759145,nan,nan,nan
8/21/2026 4:17:14,1.17.3,LeftRight,2,3.67,nan,1,Right,Left,1059,1827,529,317879922,nan,nan,0.07
8/21/2026 4:21:34,1.17.3,LeftRight,2,3.68,nan,1,Left,Left,1060,1827,529,318140146,nan,nan,0.00
8/21/2026 4:21:37,1.17.3,LeftRight,2,3.67,nan,1,RESET,Left,1060,1827,529,318143170,nan,nan,nan
8/21/2026 4:21:37,1.17.3,LeftRight,2,3.67,nan,1,Left,Left,1061,1827,529,318143314,nan,nan,0.00
8/21/2026 4:21:41,1.17.3,LeftRight,2,3.67,nan,1,RESET,Left,1061,1827,529,318147226,nan,nan,nan
8/21/2026 4:21:42,1.17.3,LeftRight,2,3.67,nan,1,Right,Left,1061,1828,529,318147519,nan,nan,0.31
8/21/2026 4:23:03,1.17.3,LeftRight,2,3.68,nan,1,Right,Left,1061,1829,529,318229152,nan,nan,0.42
8/21/2026 4:23:05,1.17.3,LeftRight,2,3.67,nan,1,Left,Left,1062,1829,529,318231114,nan,nan,0.00
8/21/2026 4:23:06,1.17.3,LeftRight,2,3.68,nan,1,Right,Left,1062,1830,529,318231911,nan,nan,0.55
8/21/2026 4:23:19,1.17.3,LeftRight,2,3.67,2,1,Pellet,Left,1062,1830,530,318231911,11.33,658,nan
8/21/2026 4:23:49,1.17.3,LeftRight,2,3.68,nan,1,Right,Left,1062,1831,530,318274796,nan,nan,0.19
8/21/2026 4:23:51,1.17.3,LeftRight,2,3.67,nan,1,Left,Left,1063,1831,530,318277096,nan,nan,0.00
8/21/2026 4:23:52,1.17.3,LeftRight,2,3.67,nan,1,Left,Left,1064,1831,530,318278251,nan,nan,0.00
8/21/2026 4:23:54,1.17.3,LeftRight,2,3.67,nan,1,Right,Left,1064,1832,530,318279344,nan,nan,0.42
8/21/2026 4:23:55,1.17.3,LeftRight,2,3.68,2,1,Pellet,Left,1064,1832,531,318279344,0.06,36,nan
8/21/2026 4:24:05,1.17.3,LeftRight,2,3.68,nan,1,Left,Left,1065,1832,531,318291604,nan,nan,0.00
8/21/2026 4:24:07,1.17.3,LeftRight,2,3.68,nan,1,Right,Left,1065,1833,531,318292698,nan,nan,0.17
8/21/2026 4:24:16,1.17.3,LeftRight,2,3.67,2,1,Pellet,Left,1065,1833,532,318292698,6.83,21,nan
8/21/2026 4:24:44,1.17.3,LeftRight,2,3.68,nan,1,Left,Left,1066,1833,532,318330541,nan,nan,0.00
8/21/2026 4:24:45,1.17.3,LeftRight,2,3.68,nan,1,Right,Left,1066,1834,532,318331486,nan,nan,0.00
8/21/2026 4:24:51,1.17.3,LeftRight,2,3.68,3,1,Pellet,Left,1066,1834,533,318331486,0.23,34,nan
8/21/2026 4:29:57,1.17.3,LeftRight,2,3.68,nan,1,Right,Left,1066,1835,533,318642756,nan,nan,0.18
8/21/2026 4:34:36,1.17.3,LeftRight,2,3.67,nan,1,Right,Left,1066,1836,533,318921827,nan,nan,0.17
8/21/2026 4:46:14,1.17.3,LeftRight,2,3.68,nan,1,Right,Left,1066,1837,533,319620283,nan,nan,0.06
8/21/2026 4:46:16,1.17.3,LeftRight,2,3.67,nan,1,Left,Left,1067,1837,533,319622493,nan,nan,0.00
8/21/2026 4:46:19,1.17.3,LeftRight,2,3.67,nan,1,Left,Left,1068,1837,533,319624879,nan,nan,0.00
8/21/2026 4:46:20,1.17.3,LeftRight,2,3.67,nan,1,Right,Left,1068,1838,533,319625825,nan,nan,0.00
8/21/2026 4:46:21,1.17.3,LeftRight,2,3.67,1,1,Pellet,Left,1068,1838,534,319625825,0.71,1291,nan
8/21/2026 4:46:32,1.17.3,LeftRight,2,3.67,nan,1,Left,Left,1069,1838,534,319638011,nan,nan,0.00
8/21/2026 4:46:33,1.17.3,LeftRight,2,3.67,nan,1,Right,Left,1069,1839,534,319638957,nan,nan,0.00
8/21/2026 4:46:34,1.17.3,LeftRight,2,3.67,2,1,Pellet,Left,1069,1839,535,319638957,0.17,13,nan
8/21/2026 4:46:44,1.17.3,LeftRight,2,3.67,nan,1,Right,Left,1069,1840,535,319650331,nan,nan,0.25
8/21/2026 4:46:49,1.17.3,LeftRight,2,3.67,nan,1,Left,Left,1070,1840,535,319655267,nan,nan,0.00
8/21/2026 4:46:50,1.17.3,LeftRight,2,3.68,nan,1,Right,Left,1070,1841,535,319656067,nan,nan,0.28
8/21/2026 4:46:51,1.17.3,LeftRight,2,3.67,1,1,Pellet,Left,1070,1841,536,319656067,0.23,17,nan
8/21/2026 4:47:04,1.17.3,LeftRight,2,3.67,nan,1,Right,Left,1070,1842,536,319669917,nan,nan,0.67
8/21/2026 4:47:06,1.17.3,LeftRight,2,3.67,nan,1,Left,Left,1071,1842,536,319672358,nan,nan,0.00
8/21/2026 4:47:07,1.17.3,LeftRight,2,3.67,nan,1,Right,Left,1071,1843,536,319673154,nan,nan,0.22
8/21/2026 4:47:08,1.17.3,LeftRight,2,3.67,1,1,Pellet,Left,1071,1843,537,319673154,0.29,17,nan
8/21/2026 4:59:44,1.17.3,LeftRight,2,3.67,nan,1,Left,Left,1072,1843,537,320430519,nan,nan,0.00
8/21/2026 4:59:47,1.17.3,LeftRight,2,3.67,nan,1,RESET,Left,1072,1843,537,320433245,nan,nan,nan
8/21/2026 5:04:26,1.17.3,LeftRight,2,3.67,nan,1,Right,Left,1072,1844,537,320711598,nan,nan,0.88
8/21/2026 5:06:45,1.17.3,LeftRight,2,3.67,nan,1,Left,Left,1073,1844,537,320851500,nan,nan,0.00
8/21/2026 5:06:48,1.17.3,LeftRight,2,3.67,nan,1,RESET,Left,1073,1844,537,320854227,nan,nan,nan
8/21/2026 5:07:44,1.17.3,LeftRight,2,3.67,nan,1,Right,Left,1073,1845,537,320910023,nan,nan,0.03
8/21/2026 5:14:32,1.17.3,LeftRight,2,3.67,nan,1,Right,Left,1073,1846,537,321318043,nan,nan,0.02
8/21/2026 5:17:25,1.17.3,LeftRight,2,3.67,nan,1,Right,Left,1073,1847,537,321490845,nan,nan,0.15
8/21/2026 5:23:37,1.17.3,LeftRight,2,3.67,nan,1,Right,Left,1073,1848,537,321862844,nan,nan,0.40
8/21/2026 5:28:13,1.17.3,LeftRight,2,3.67,nan,1,Right,Left,1073,1849,537,322139545,nan,nan,0.16
8/21/2026 5:35:54,1.17.3,LeftRight,2,3.67,nan,1,Left,Left,1074,1849,537,322600406,nan,nan,0.00
8/21/2026 5:35:57,1.17.3,LeftRight,2,3.67,nan,1,Left,Left,1075,1849,537,322603078,nan,nan,0.00
8/21/2026 5:35:59,1.17.3,LeftRight,2,3.67,nan,1,Left,Left,1076,1849,537,322605804,nan,nan,0.00
8/21/2026 5:36:00,1.17.3,LeftRight,2,3.67,nan,1,Left,Left,1077,1849,537,322606453,nan,nan,0.00
8/21/2026 5:36:02,1.17.3,LeftRight,2,3.67,nan,1,Left,Left,1078,1849,537,322608197,nan,nan,0.00
8/21/2026 5:36:04,1.17.3,LeftRight,2,3.67,nan,1,Right,Left,1078,1850,537,322609294,nan,nan,0.66
8/21/2026 5:36:05,1.17.3,LeftRight,2,3.67,2,1,Pellet,Left,1078,1850,538,322609294,0.06,2937,nan
8/21/2026 5:36:15,1.17.3,LeftRight,2,3.67,nan,1,Right,Left,1078,1851,538,322621030,nan,nan,0.11
8/21/2026 5:36:17,1.17.3,LeftRight,2,3.67,nan,1,Right,Left,1078,1852,538,322622980,nan,nan,0.72
8/21/2026 5:36:19,1.17.3,LeftRight,2,3.67,nan,1,Left,Left,1079,1852,538,322625324,nan,nan,0.00
8/21/2026 5:36:20,1.17.3,LeftRight,2,3.67,nan,1,Left,Left,1080,1852,538,322626832,nan,nan,0.00
8/21/2026 5:36:21,1.17.3,LeftRight,2,3.67,nan,1,Right,Left,1080,1853,538,322627481,nan,nan,0.04
8/21/2026 5:36:22,1.17.3,LeftRight,2,3.67,1,1,Pellet,Left,1080,1853,539,322627481,0.29,17,nan
8/21/2026 5:36:34,1.17.3,LeftRight,2,3.67,nan,1,Left,Left,1081,1853,539,322640179,nan,nan,0.00
8/21/2026 5:36:37,1.17.3,LeftRight,2,3.67,nan,1,Right,Left,1081,1854,539,322643057,nan,nan,0.05
8/21/2026 5:36:44,1.17.3,LeftRight,2,3.67,3,1,Pellet,Left,1081,1854,540,322643057,2.15,22,nan
8/21/2026 5:37:01,1.17.3,LeftRight,2,3.67,nan,1,Left,Left,1082,1854,540,322666932,nan,nan,0.00
8/21/2026 5:37:04,1.17.3,LeftRight,2,3.67,nan,1,RESET,Left,1082,1854,540,322670254,nan,nan,nan
8/21/2026 5:37:22,1.17.3,LeftRight,2,3.67,nan,1,Right,Left,1082,1855,540,322685255,nan,nan,2.83
8/21/2026 5:37:39,1.17.3,LeftRight,2,3.67,nan,1,Right,Left,1082,1856,540,322704491,nan,nan,0.55
8/21/2026 5:39:30,1.17.3,LeftRight,2,3.67,nan,1,Left,Left,1083,1856,540,322816334,nan,nan,0.00
8/21/2026 5:39:34,1.17.3,LeftRight,2,3.67,nan,1,Left,Left,1084,1856,540,322820450,nan,nan,0.00
8/21/2026 5:39:36,1.17.3,LeftRight,2,3.67,nan,1,Right,Left,1084,1857,540,322821990,nan,nan,0.00
8/21/2026 5:39:37,1.17.3,LeftRight,2,3.67,1,1,Pellet,Left,1084,1857,541,322821990,0.41,173,nan
8/21/2026 5:39:52,1.17.3,LeftRight,2,3.67,nan,1,Left,Left,1085,1857,541,322838453,nan,nan,0.00
8/21/2026 5:39:54,1.17.3,LeftRight,2,3.67,nan,1,Right,Left,1085,1858,541,322840735,nan,nan,0.04
8/21/2026 5:39:56,1.17.3,LeftRight,2,3.67,2,1,Pellet,Left,1085,1858,542,322840735,0.06,19,nan
8/21/2026 5:40:11,1.17.3,LeftRight,2,3.67,nan,1,Left,Left,1086,1858,542,322857007,nan,nan,0.00
8/21/2026 5:40:12,1.17.3,LeftRight,2,3.67,nan,1,Left,Left,1087,1858,542,322858297,nan,nan,0.00
8/21/2026 5:40:15,1.17.3,LeftRight,2,3.67,nan,1,RESET,Left,1087,1858,542,322861324,nan,nan,nan
8/21/2026 5:40:24,1.17.3,LeftRight,2,3.67,nan,1,Right,Left,1087,1859,542,322870533,nan,nan,0.00
8/21/2026 5:43:57,1.17.3,LeftRight,2,3.67,nan,1,Left,Left,1088,1859,542,323083196,nan,nan,0.00
8/21/2026 5:44:00,1.17.3,LeftRight,2,3.67,nan,1,RESET,Left,1088,1859,542,323086375,nan,nan,nan
8/21/2026 5:45:15,1.17.3,LeftRight,2,3.67,nan,1,Right,Left,1088,1860,542,323161137,nan,nan,0.59
8/21/2026 5:45:20,1.17.3,LeftRight,2,3.67,nan,1,Right,Left,1088,1861,542,323165348,nan,nan,1.31
8/21/2026 5:45:29,1.17.3,LeftRight,2,3.67,nan,1,Right,Left,1088,1862,542,323174884,nan,nan,0.07
8/21/2026 5:46:01,1.17.3,LeftRight,2,3.67,nan,1,Right,Left,1088,1863,542,323207126,nan,nan,0.18
8/21/2026 5:50:26,1.17.3,LeftRight,2,3.67,nan,1,Left,Left,1089,1863,542,323472808,nan,nan,0.00
8/21/2026 5:50:27,1.17.3,LeftRight,2,3.67,nan,1,Left,Left,1090,1863,542,323473883,nan,nan,0.00
8/21/2026 5:50:31,1.17.3,LeftRight,2,3.67,nan,1,RESET,Left,1090,1863,542,323477356,nan,nan,nan
8/21/2026 6:03:56,1.17.3,LeftRight,2,3.67,nan,1,Left,Left,1091,1863,542,324282640,nan,nan,0.00
8/21/2026 6:04:00,1.17.3,LeftRight,2,3.67,nan,1,RESET,Left,1091,1863,542,324286409,nan,nan,nan
8/21/2026 6:04:19,1.17.3,LeftRight,2,3.67,nan,1,Right,Left,1091,1864,542,324305121,nan,nan,0.00
8/21/2026 6:31:32,1.17.3,LeftRight,2,3.67,nan,1,Left,Left,1092,1864,542,325938338,nan,nan,0.00
8/21/2026 6:31:35,1.17.3,LeftRight,2,3.67,nan,1,RESET,Left,1092,1864,542,325941511,nan,nan,nan
8/21/2026 6:37:38,1.17.3,LeftRight,2,3.67,nan,1,Right,Left,1092,1865,542,326303848,nan,nan,0.49
8/21/2026 6:37:40,1.17.3,LeftRight,2,3.67,nan,1,Left,Left,1093,1865,542,326306086,nan,nan,0.00
8/21/2026 6:37:43,1.17.3,LeftRight,2,3.67,nan,1,RESET,Left,1093,1865,542,326309410,nan,nan,nan
8/21/2026 7:34:28,1.17.3,LeftRight,2,3.67,nan,1,Right,Left,1093,1866,542,329713674,nan,nan,0.76
8/21/2026 7:36:01,1.17.3,LeftRight,2,3.67,nan,1,Left,Left,1094,1866,542,329807498,nan,nan,0.00
8/21/2026 7:36:03,1.17.3,LeftRight,2,3.66,nan,1,Left,Left,1095,1866,542,329809484,nan,nan,0.00
8/21/2026 7:36:06,1.17.3,LeftRight,2,3.67,nan,1,RESET,Left,1095,1866,542,329812511,nan,nan,nan
8/21/2026 7:36:10,1.17.3,LeftRight,2,3.67,nan,1,Right,Left,1095,1867,542,329816521,nan,nan,0.00
8/21/2026 7:36:14,1.17.3,LeftRight,2,3.66,nan,1,Left,Left,1096,1867,542,329820870,nan,nan,0.00
8/21/2026 7:36:16,1.17.3,LeftRight,2,3.66,nan,1,Right,Left,1096,1868,542,329822708,nan,nan,0.07
8/21/2026 7:36:17,1.17.3,LeftRight,2,3.67,nan,1,RightDuringDispense,Left,1096,1869,542,329822708,nan,nan,0.18
8/21/2026 7:36:18,1.17.3,LeftRight,2,3.67,2,1,Pellet,Left,1096,1869,543,329822708,0.06,6982,nan
8/21/2026 7:36:36,1.17.3,LeftRight,2,3.67,nan,1,Left,Left,1097,1869,543,329843005,nan,nan,0.00
8/21/2026 7:36:40,1.17.3,LeftRight,2,3.67,nan,1,RESET,Left,1097,1869,543,329846627,nan,nan,nan
8/21/2026 7:36:41,1.17.3,LeftRight,2,3.67,nan,1,Right,Left,1097,1870,543,329846771,nan,nan,0.48
8/21/2026 7:36:42,1.17.3,LeftRight,2,3.67,nan,1,Left,Left,1098,1870,543,329849095,nan,nan,0.00
8/21/2026 7:36:44,1.17.3,LeftRight,2,3.67,nan,1,Right,Left,1098,1871,543,329850635,nan,nan,0.05
8/21/2026 7:36:45,1.17.3,LeftRight,2,3.66,2,1,Pellet,Left,1098,1871,544,329850635,0.06,27,nan
8/21/2026 7:41:59,1.17.3,LeftRight,2,3.67,nan,1,Left,Left,1099,1871,544,330165165,nan,nan,0.00
8/21/2026 7:42:00,1.17.3,LeftRight,2,3.67,nan,1,Right,Left,1099,1872,544,330166551,nan,nan,0.18
8/21/2026 7:42:05,1.17.3,LeftRight,2,3.67,3,1,Pellet,Left,1099,1872,545,330166551,0.23,320,nan
8/21/2026 7:42:21,1.17.3,LeftRight,2,3.66,nan,1,Left,Left,1100,1872,545,330187624,nan,nan,0.00
8/21/2026 7:42:22,1.17.3,LeftRight,2,3.66,nan,1,Right,Left,1100,1873,545,330188865,nan,nan,0.18
8/21/2026 7:42:24,1.17.3,LeftRight,2,3.67,2,1,Pellet,Left,1100,1873,546,330188865,0.29,19,nan
8/21/2026 10:08:55,1.17.3,LeftRight,2,3.65,nan,1,Left,Left,1101,1873,546,338981944,nan,nan,0.00
8/21/2026 10:08:57,1.17.3,LeftRight,2,3.66,nan,1,Left,Left,1102,1873,546,338984324,nan,nan,0.00
8/21/2026 10:09:01,1.17.3,LeftRight,2,3.65,nan,1,RESET,Left,1102,1873,546,338987940,nan,nan,nan
8/21/2026 10:09:05,1.17.3,LeftRight,2,3.66,nan,1,Left,Left,1103,1873,546,338992022,nan,nan,0.00
8/21/2026 10:09:08,1.17.3,LeftRight,2,3.65,nan,1,RESET,Left,1103,1873,546,338994895,nan,nan,nan
8/21/2026 10:09:09,1.17.3,LeftRight,2,3.66,nan,1,Right,Left,1103,1874,546,338995487,nan,nan,0.46
8/21/2026 10:09:10,1.17.3,LeftRight,2,3.65,nan,1,Right,Left,1103,1875,546,338996887,nan,nan,0.00
8/21/2026 10:09:16,1.17.3,LeftRight,2,3.66,nan,1,Left,Left,1104,1875,546,339002989,nan,nan,0.00
8/21/2026 10:09:19,1.17.3,LeftRight,2,3.65,nan,1,Right,Left,1104,1876,546,339005564,nan,nan,0.07
8/21/2026 10:09:20,1.17.3,LeftRight,2,3.66,1,1,Pellet,Left,1104,1876,547,339005564,0.53,8816,nan
8/21/2026 10:12:17,1.17.3,LeftRight,2,3.65,nan,1,Left,Left,1105,1876,547,339183571,nan,nan,0.00
8/21/2026 10:12:18,1.17.3,LeftRight,2,3.66,nan,1,Right,Left,1105,1877,547,339184366,nan,nan,0.20
8/21/2026 10:12:19,1.17.3,LeftRight,2,3.66,1,1,Pellet,Left,1105,1877,548,339184366,0.41,179,nan
8/21/2026 10:12:55,1.17.3,LeftRight,2,3.66,nan,1,Right,Left,1105,1878,548,339221630,nan,nan,0.00
8/21/2026 10:13:24,1.17.3,LeftRight,2,3.65,nan,1,Left,Left,1106,1878,548,339251246,nan,nan,0.00
8/21/2026 10:13:28,1.17.3,LeftRight,2,3.65,nan,1,RESET,Left,1106,1878,548,339255009,nan,nan,nan
8/21/2026 10:14:24,1.17.3,LeftRight,2,3.65,nan,1,Right,Left,1106,1879,548,339310176,nan,nan,0.96
8/21/2026 10:14:28,1.17.3,LeftRight,2,3.66,nan,1,Left,Left,1107,1879,548,339314624,nan,nan,0.00
8/21/2026 10:14:29,1.17.3,LeftRight,2,3.65,nan,1,Right,Left,1107,1880,548,339315864,nan,nan,0.23
8/21/2026 10:14:30,1.17.3,LeftRight,2,3.66,1,1,Pellet,Left,1107,1880,549,339315864,0.41,131,nan
8/21/2026 10:14:47,1.17.3,LeftRight,2,3.65,nan,1,Left,Left,1108,1880,549,339333568,nan,nan,0.00
8/21/2026 10:14:48,1.17.3,LeftRight,2,3.65,nan,1,Right,Left,1108,1881,549,339334515,nan,nan,0.04
8/21/2026 10:14:49,1.17.3,LeftRight,2,3.66,1,1,Pellet,Left,1108,1881,550,339334515,0.29,19,nan
8/21/2026 10:15:01,1.17.3,LeftRight,2,3.65,nan,1,Left,Left,1109,1881,550,339348212,nan,nan,0.00
8/21/2026 10:15:05,1.17.3,LeftRight,2,3.66,nan,1,RESET,Left,1109,1881,550,339351973,nan,nan,nan
8/21/2026 10:18:37,1.17.3,LeftRight,2,3.66,nan,1,Right,Left,1109,1882,550,339563674,nan,nan,0.07
8/21/2026 10:23:45,1.17.3,LeftRight,2,3.65,nan,1,Left,Left,1110,1882,550,339872490,nan,nan,0.00
8/21/2026 10:23:48,1.17.3,LeftRight,2,3.66,nan,1,Right,Left,1110,1883,550,339875363,nan,nan,0.06
8/21/2026 10:23:50,1.17.3,LeftRight,2,3.65,1,1,Pellet,Left,1110,1883,551,339875363,0.47,541,nan
8/21/2026 10:24:14,1.17.3,LeftRight,2,3.66,nan,1,Left,Left,1111,1883,551,339900583,nan,nan,0.00
8/21/2026 10:24:16,1.17.3,LeftRight,2,3.66,nan,1,Right,Left,1111,1884,551,339902711,nan,nan,0.19
8/21/2026 10:24:17,1.17.3,LeftRight,2,3.66,2,1,Pellet,Left,1111,1884,552,339902711,0.06,27,nan
8/21/2026 10:24:35,1.17.3,LeftRight,2,3.65,nan,1,Left,Left,1112,1884,552,339921994,nan,nan,0.00
8/21/2026 10:24:36,1.17.3,LeftRight,2,3.65,nan,1,RESET,Left,1112,1884,552,339922938,nan,nan,nan
8/21/2026 10:24:37,1.17.3,LeftRight,2,3.65,nan,1,Left,Left,1113,1884,552,339924407,nan,nan,0.00
8/21/2026 10:24:40,1.17.3,LeftRight,2,3.66,nan,1,Right,Left,1113,1885,552,339926834,nan,nan,0.00
8/21/2026 10:24:43,1.17.3,LeftRight,2,3.66,2,1,Pellet,Left,1113,1885,553,339926834,0.06,26,nan
8/21/2026 10:25:00,1.17.3,LeftRight,2,3.65,nan,1,Right,Left,1113,1886,553,339947036,nan,nan,0.19
8/21/2026 10:27:03,1.17.3,LeftRight,2,3.65,nan,1,Left,Left,1114,1886,553,340069690,nan,nan,0.00
8/21/2026 10:27:03,1.17.3,LeftRight,2,3.66,nan,1,Left,Left,1115,1886,553,340070206,nan,nan,0.00
8/21/2026 10:27:07,1.17.3,LeftRight,2,3.65,nan,1,RESET,Left,1115,1886,553,340073969,nan,nan,nan
8/21/2026 11:27:13,1.17.3,LeftRight,2,3.65,nan,1,Left,Left,1116,1886,553,343680105,nan,nan,0.00
8/21/2026 11:27:16,1.17.3,LeftRight,2,3.65,nan,1,RESET,Left,1116,1886,553,343683127,nan,nan,nan
8/21/2026 11:28:06,1.17.3,LeftRight,2,3.65,nan,1,Right,Left,1116,1887,553,343733381,nan,nan,0.22
8/21/2026 11:29:51,1.17.3,LeftRight,2,3.65,nan,1,Left,Left,1117,1887,553,343837770,nan,nan,0.00
8/21/2026 11:29:54,1.17.3,LeftRight,2,3.65,nan,1,RESET,Left,1117,1887,553,343841084,nan,nan,nan
8/21/2026 11:33:33,1.17.3,LeftRight,2,3.65,nan,1,Left,Left,1118,1887,553,344060560,nan,nan,0.00
8/21/2026 11:33:37,1.17.3,LeftRight,2,3.65,nan,1,RESET,Left,1118,1887,553,344064174,nan,nan,nan
8/21/2026 11:35:47,1.17.3,LeftRight,2,3.65,nan,1,Left,Left,1119,1887,553,344193992,nan,nan,0.00
8/21/2026 11:35:50,1.17.3,LeftRight,2,3.65,nan,1,RESET,Left,1119,1887,553,344197159,nan,nan,nan
8/21/2026 11:36:32,1.17.3,LeftRight,2,3.65,nan,1,Right,Left,1119,1888,553,344238948,nan,nan,0.12
8/21/2026 11:38:56,1.17.3,LeftRight,2,3.65,nan,1,Left,Left,1120,1888,553,344383169,nan,nan,0.00
8/21/2026 11:39:00,1.17.3,LeftRight,2,3.65,nan,1,RESET,Left,1120,1888,553,344387085,nan,nan,nan
8/21/2026 11:44:39,1.17.3,LeftRight,2,3.65,nan,1,Right,Left,1120,1889,553,344725745,nan,nan,0.42
8/21/2026 12:02:14,1.17.3,LeftRight,2,3.65,nan,1,Left,Left,1121,1889,553,345781621,nan,nan,0.00
8/21/2026 12:02:16,1.17.3,LeftRight,2,3.65,nan,1,Left,Left,1122,1889,553,345783729,nan,nan,0.00
8/21/2026 12:02:19,1.17.3,LeftRight,2,3.65,nan,1,RESET,Left,1122,1889,553,345786159,nan,nan,nan
8/21/2026 12:03:39,1.17.3,LeftRight,2,3.65,nan,1,Right,Left,1122,1890,553,345866189,nan,nan,0.16
8/21/2026 12:09:00,1.17.3,LeftRight,2,3.65,nan,1,Right,Left,1122,1891,553,346187182,nan,nan,0.12
8/21/2026 12:14:38,1.17.3,LeftRight,2,3.65,nan,1,Right,Left,1122,1892,553,346525414,nan,nan,0.00
8/21/2026 12:15:48,1.17.3,LeftRight,2,3.65,nan,1,Right,Left,1122,1893,553,346595029,nan,nan,0.05
8/21/2026 12:18:26,1.17.3,LeftRight,2,3.65,nan,1,Left,Left,1123,1893,553,346752944,nan,nan,0.00
8/21/2026 12:18:29,1.17.3,LeftRight,2,3.65,nan,1,RESET,Left,1123,1893,553,346756263,nan,nan,nan
8/21/2026 12:25:03,1.17.3,LeftRight,2,3.65,nan,1,Right,Left,1123,1894,553,347148458,nan,nan,1.42
8/21/2026 12:37:40,1.17.3,LeftRight,2,3.65,nan,1,Left,Left,1124,1894,553,347907375,nan,nan,0.00
8/21/2026 12:37:43,1.17.3,LeftRight,2,3.65,nan,1,RESET,Left,1124,1894,553,347910247,nan,nan,nan
8/21/2026 12:38:57,1.17.3,LeftRight,2,3.65,nan,1,Left,Left,1125,1894,553,347984315,nan,nan,0.00
8/21/2026 12:38:59,1.17.3,LeftRight,2,3.65,nan,1,Left,Left,1126,1894,553,347986294,nan,nan,0.00
8/21/2026 12:39:02,1.17.3,LeftRight,2,3.65,nan,1,RESET,Left,1126,1894,553,347989319,nan,nan,nan
8/21/2026 12:39:03,1.17.3,LeftRight,2,3.65,nan,1,Right,Left,1126,1895,553,347989909,nan,nan,0.61
8/21/2026 12:39:08,1.17.3,LeftRight,2,3.65,nan,1,Right,Left,1126,1896,553,347995027,nan,nan,0.00
8/21/2026 12:40:06,1.17.3,LeftRight,2,3.65,nan,1,Right,Left,1126,1897,553,348052999,nan,nan,0.16
8/21/2026 12:41:09,1.17.3,LeftRight,2,3.65,nan,1,Left,Left,1127,1897,553,348116265,nan,nan,0.00
8/21/2026 12:41:12,1.17.3,LeftRight,2,3.65,nan,1,RESET,Left,1127,1897,553,348119283,nan,nan,nan
8/21/2026 12:46:25,1.17.3,LeftRight,2,3.65,nan,1,Left,Left,1128,1897,553,348432830,nan,nan,0.00
8/21/2026 12:46:28,1.17.3,LeftRight,2,3.65,nan,1,RESET,Left,1128,1897,553,348435259,nan,nan,nan
8/21/2026 12:46:30,1.17.3,LeftRight,2,3.65,nan,1,Left,Left,1129,1897,553,348437635,nan,nan,0.00
8/21/2026 12:46:33,1.17.3,LeftRight,2,3.65,nan,1,RESET,Left,1129,1897,553,348440360,nan,nan,nan
8/21/2026 12:47:04,1.17.3,LeftRight,2,3.65,nan,1,Left,Left,1130,1897,553,348471672,nan,nan,0.00
8/21/2026 12:47:06,1.17.3,LeftRight,2,3.65,nan,1,Left,Left,1131,1897,553,348473212,nan,nan,0.00
8/21/2026 12:47:07,1.17.3,LeftRight,2,3.65,nan,1,Left,Left,1132,1897,553,348474337,nan,nan,0.00
8/21/2026 12:47:10,1.17.3,LeftRight,2,3.65,nan,1,RESET,Left,1132,1897,553,348477357,nan,nan,nan
8/21/2026 12:47:11,1.17.3,LeftRight,2,3.65,nan,1,Left,Left,1133,1897,553,348478268,nan,nan,0.00
8/21/2026 12:47:14,1.17.3,LeftRight,2,3.65,nan,1,RESET,Left,1133,1897,553,348481289,nan,nan,nan
8/21/2026 12:47:24,1.17.3,LeftRight,2,3.65,nan,1,Right,Left,1133,1898,553,348490184,nan,nan,0.76
8/21/2026 12:47:27,1.17.3,LeftRight,2,3.65,nan,1,Right,Left,1133,1899,553,348493523,nan,nan,0.49
8/21/2026 12:47:27,1.17.3,LeftRight,2,3.65,nan,1,Right,Left,1133,1900,553,348494512,nan,nan,0.19
8/21/2026 12:47:32,1.17.3,LeftRight,2,3.65,nan,1,Left,Left,1134,1900,553,348499142,nan,nan,0.00
8/21/2026 12:47:35,1.17.3,LeftRight,2,3.65,nan,1,RESET,Left,1134,1900,553,348502310,nan,nan,nan
8/21/2026 12:47:39,1.17.3,LeftRight,2,3.65,nan,1,Right,Left,1134,1901,553,348506164,nan,nan,0.06
8/21/2026 12:47:40,1.17.3,LeftRight,2,3.65,nan,1,Right,Left,1134,1902,553,348506722,nan,nan,0.15
8/21/2026 12:47:41,1.17.3,LeftRight,2,3.65,nan,1,Right,Left,1134,1903,553,348507961,nan,nan,0.66
8/21/2026 12:47:43,1.17.3,LeftRight,2,3.65,nan,1,Right,Left,1134,1904,553,348509710,nan,nan,0.59
8/21/2026 12:47:45,1.17.3,LeftRight,2,3.65,nan,1,Left,Left,1135,1904,553,348512096,nan,nan,0.00
8/21/2026 12:47:46,1.17.3,LeftRight,2,3.65,nan,1,Right,Left,1135,1905,553,348513041,nan,nan,0.10
8/21/2026 12:47:56,1.17.3,LeftRight,2,3.65,2,1,Pellet,Left,1135,1905,554,348513041,8.93,8593,nan
8/21/2026 12:48:20,1.17.3,LeftRight,2,3.65,nan,1,Left,Left,1136,1905,554,348547404,nan,nan,0.00
8/21/2026 12:48:23,1.17.3,LeftRight,2,3.65,nan,1,RESET,Left,1136,1905,554,348550277,nan,nan,nan
8/21/2026 12:48:34,1.17.3,LeftRight,2,3.65,nan,1,Right,Left,1136,1906,554,348561255,nan,nan,0.34
8/21/2026 12:48:46,1.17.3,LeftRight,2,3.65,nan,1,Right,Left,1136,1907,554,348571740,nan,nan,1.53
8/21/2026 12:48:50,1.17.3,LeftRight,2,3.65,nan,1,Left,Left,1137,1907,554,348577829,nan,nan,0.00
8/21/2026 12:48:52,1.17.3,LeftRight,2,3.65,nan,1,Right,Left,1137,1908,554,348578773,nan,nan,0.17
8/21/2026 12:48:53,1.17.3,LeftRight,2,3.65,2,1,Pellet,Left,1137,1908,555,348578773,0.06,57,nan
8/21/2026 12:49:10,1.17.3,LeftRight,2,3.65,nan,1,Left,Left,1138,1908,555,348597648,nan,nan,0.00
8/21/2026 12:49:11,1.17.3,LeftRight,2,3.65,nan,1,Right,Left,1138,1909,555,348598445,nan,nan,0.02
8/21/2026 12:49:14,1.17.3,LeftRight,2,3.65,3,1,Pellet,Left,1138,1909,556,348598445,0.06,21,nan
8/21/2026 14:17:06,1.17.3,LeftRight,2,3.65,nan,1,Left,Left,1139,1909,556,353873742,nan,nan,0.00
8/21/2026 14:17:08,1.17.3,LeftRight,2,3.65,nan,1,Right,Left,1139,1910,556,353875874,nan,nan,0.09
8/21/2026 14:17:10,1.17.3,LeftRight,2,3.64,1,1,Pellet,Left,1139,1910,557,353875874,0.77,5276,nan
8/21/2026 14:28:08,1.17.3,LeftRight,2,3.64,nan,1,Left,Left,1140,1910,557,354535148,nan,nan,0.00
8/21/2026 14:28:10,1.17.3,LeftRight,2,3.64,nan,1,RESET,Left,1140,1910,557,354537584,nan,nan,nan
8/21/2026 14:31:01,1.17.3,LeftRight,2,3.65,nan,1,Left,Left,1141,1910,557,354708866,nan,nan,0.00
8/21/2026 14:31:05,1.17.3,LeftRight,2,3.65,nan,1,RESET,Left,1141,1910,557,354712623,nan,nan,nan
8/21/2026 14:33:10,1.17.3,LeftRight,2,3.64,nan,1,Left,Left,1142,1910,557,354837973,nan,nan,0.00
8/21/2026 14:33:14,1.17.3,LeftRight,2,3.65,nan,1,RESET,Left,1142,1910,557,354841587,nan,nan,nan
8/21/2026 14:35:13,1.17.3,LeftRight,2,3.65,nan,1,Right,Left,1142,1911,557,354960804,nan,nan,0.09
8/21/2026 14:40:05,1.17.3,LeftRight,2,3.64,nan,1,Left,Left,1143,1911,557,355252867,nan,nan,0.00
8/21/2026 14:40:08,1.17.3,LeftRight,2,3.64,nan,1,RESET,Left,1143,1911,557,355255587,nan,nan,nan
8/21/2026 14:40:37,1.17.3,LeftRight,2,3.64,nan,1,Left,Left,1144,1911,557,355284170,nan,nan,0.00
8/21/2026 14:40:40,1.17.3,LeftRight,2,3.65,nan,1,RESET,Left,1144,1911,557,355287632,nan,nan,nan
8/21/2026 15:44:05,1.17.3,LeftRight,2,3.65,nan,1,Left,Left,1145,1911,557,359092669,nan,nan,0.00
8/21/2026 15:44:08,1.17.3,LeftRight,2,3.64,nan,1,RESET,Left,1145,1911,557,359095839,nan,nan,nan
8/21/2026 15:44:16,1.17.3,LeftRight,2,3.64,nan,1,Left,Left,1146,1911,557,359103336,nan,nan,0.00
8/21/2026 15:44:18,1.17.3,LeftRight,2,3.64,nan,1,Right,Left,1146,1912,557,359105170,nan,nan,0.45
8/21/2026 15:44:32,1.17.3,LeftRight,2,3.64,1,1,Pellet,Left,1146,1912,558,359105170,12.90,5242,nan
